[2025-12-16T03:04:00.281+0000] {processor.py:186} INFO - Started process (PID=200) to work on /opt/airflow/dags/ETL.py
[2025-12-16T03:04:00.283+0000] {processor.py:914} INFO - Processing file /opt/airflow/dags/ETL.py for tasks to queue
[2025-12-16T03:04:00.287+0000] {logging_mixin.py:190} INFO - [2025-12-16T03:04:00.287+0000] {dagbag.py:588} INFO - Filling up the DagBag from /opt/airflow/dags/ETL.py
[2025-12-16T03:04:00.314+0000] {processor.py:925} INFO - DAG(s) 'ETL_process' retrieved from /opt/airflow/dags/ETL.py
[2025-12-16T03:04:00.442+0000] {logging_mixin.py:190} INFO - [2025-12-16T03:04:00.442+0000] {dag.py:3239} INFO - Sync 1 DAGs
[2025-12-16T03:04:00.458+0000] {logging_mixin.py:190} INFO - [2025-12-16T03:04:00.458+0000] {dag.py:4180} INFO - Setting next_dagrun for ETL_process to None, run_after=None
[2025-12-16T03:04:00.479+0000] {processor.py:208} INFO - Processing /opt/airflow/dags/ETL.py took 0.206 seconds
[2025-12-16T03:04:30.841+0000] {processor.py:186} INFO - Started process (PID=251) to work on /opt/airflow/dags/ETL.py
[2025-12-16T03:04:30.842+0000] {processor.py:914} INFO - Processing file /opt/airflow/dags/ETL.py for tasks to queue
[2025-12-16T03:04:30.853+0000] {logging_mixin.py:190} INFO - [2025-12-16T03:04:30.852+0000] {dagbag.py:588} INFO - Filling up the DagBag from /opt/airflow/dags/ETL.py
[2025-12-16T03:04:30.914+0000] {processor.py:925} INFO - DAG(s) 'ETL_process' retrieved from /opt/airflow/dags/ETL.py
[2025-12-16T03:04:31.001+0000] {logging_mixin.py:190} INFO - [2025-12-16T03:04:31.001+0000] {dag.py:3239} INFO - Sync 1 DAGs
[2025-12-16T03:04:31.105+0000] {logging_mixin.py:190} INFO - [2025-12-16T03:04:31.105+0000] {dag.py:4180} INFO - Setting next_dagrun for ETL_process to None, run_after=None
[2025-12-16T03:04:31.182+0000] {processor.py:208} INFO - Processing /opt/airflow/dags/ETL.py took 0.351 seconds
[2025-12-16T03:05:01.342+0000] {processor.py:186} INFO - Started process (PID=261) to work on /opt/airflow/dags/ETL.py
[2025-12-16T03:05:01.347+0000] {processor.py:914} INFO - Processing file /opt/airflow/dags/ETL.py for tasks to queue
[2025-12-16T03:05:01.364+0000] {logging_mixin.py:190} INFO - [2025-12-16T03:05:01.358+0000] {dagbag.py:588} INFO - Filling up the DagBag from /opt/airflow/dags/ETL.py
[2025-12-16T03:05:01.423+0000] {processor.py:925} INFO - DAG(s) 'ETL_process' retrieved from /opt/airflow/dags/ETL.py
[2025-12-16T03:05:01.538+0000] {logging_mixin.py:190} INFO - [2025-12-16T03:05:01.537+0000] {dag.py:3239} INFO - Sync 1 DAGs
[2025-12-16T03:05:01.597+0000] {logging_mixin.py:190} INFO - [2025-12-16T03:05:01.597+0000] {dag.py:4180} INFO - Setting next_dagrun for ETL_process to None, run_after=None
[2025-12-16T03:05:01.649+0000] {processor.py:208} INFO - Processing /opt/airflow/dags/ETL.py took 0.327 seconds
[2025-12-16T03:05:31.848+0000] {processor.py:186} INFO - Started process (PID=271) to work on /opt/airflow/dags/ETL.py
[2025-12-16T03:05:31.850+0000] {processor.py:914} INFO - Processing file /opt/airflow/dags/ETL.py for tasks to queue
[2025-12-16T03:05:31.855+0000] {logging_mixin.py:190} INFO - [2025-12-16T03:05:31.855+0000] {dagbag.py:588} INFO - Filling up the DagBag from /opt/airflow/dags/ETL.py
[2025-12-16T03:05:31.885+0000] {processor.py:925} INFO - DAG(s) 'ETL_process' retrieved from /opt/airflow/dags/ETL.py
[2025-12-16T03:05:31.949+0000] {logging_mixin.py:190} INFO - [2025-12-16T03:05:31.949+0000] {dag.py:3239} INFO - Sync 1 DAGs
[2025-12-16T03:05:31.981+0000] {logging_mixin.py:190} INFO - [2025-12-16T03:05:31.981+0000] {dag.py:4180} INFO - Setting next_dagrun for ETL_process to None, run_after=None
[2025-12-16T03:05:32.029+0000] {processor.py:208} INFO - Processing /opt/airflow/dags/ETL.py took 0.192 seconds
[2025-12-16T03:06:02.175+0000] {processor.py:186} INFO - Started process (PID=281) to work on /opt/airflow/dags/ETL.py
[2025-12-16T03:06:02.177+0000] {processor.py:914} INFO - Processing file /opt/airflow/dags/ETL.py for tasks to queue
[2025-12-16T03:06:02.181+0000] {logging_mixin.py:190} INFO - [2025-12-16T03:06:02.181+0000] {dagbag.py:588} INFO - Filling up the DagBag from /opt/airflow/dags/ETL.py
[2025-12-16T03:06:02.214+0000] {processor.py:925} INFO - DAG(s) 'ETL_process' retrieved from /opt/airflow/dags/ETL.py
[2025-12-16T03:06:02.307+0000] {logging_mixin.py:190} INFO - [2025-12-16T03:06:02.306+0000] {dag.py:3239} INFO - Sync 1 DAGs
[2025-12-16T03:06:02.349+0000] {logging_mixin.py:190} INFO - [2025-12-16T03:06:02.349+0000] {dag.py:4180} INFO - Setting next_dagrun for ETL_process to None, run_after=None
[2025-12-16T03:06:02.390+0000] {processor.py:208} INFO - Processing /opt/airflow/dags/ETL.py took 0.224 seconds
[2025-12-16T03:06:32.993+0000] {processor.py:186} INFO - Started process (PID=293) to work on /opt/airflow/dags/ETL.py
[2025-12-16T03:06:33.001+0000] {processor.py:914} INFO - Processing file /opt/airflow/dags/ETL.py for tasks to queue
[2025-12-16T03:06:33.009+0000] {logging_mixin.py:190} INFO - [2025-12-16T03:06:33.008+0000] {dagbag.py:588} INFO - Filling up the DagBag from /opt/airflow/dags/ETL.py
[2025-12-16T03:06:33.118+0000] {processor.py:925} INFO - DAG(s) 'ETL_process' retrieved from /opt/airflow/dags/ETL.py
[2025-12-16T03:06:33.230+0000] {logging_mixin.py:190} INFO - [2025-12-16T03:06:33.229+0000] {dag.py:3239} INFO - Sync 1 DAGs
[2025-12-16T03:06:33.288+0000] {logging_mixin.py:190} INFO - [2025-12-16T03:06:33.287+0000] {dag.py:4180} INFO - Setting next_dagrun for ETL_process to None, run_after=None
[2025-12-16T03:06:33.355+0000] {processor.py:208} INFO - Processing /opt/airflow/dags/ETL.py took 0.382 seconds
[2025-12-16T03:07:04.032+0000] {processor.py:186} INFO - Started process (PID=303) to work on /opt/airflow/dags/ETL.py
[2025-12-16T03:07:04.034+0000] {processor.py:914} INFO - Processing file /opt/airflow/dags/ETL.py for tasks to queue
[2025-12-16T03:07:04.043+0000] {logging_mixin.py:190} INFO - [2025-12-16T03:07:04.042+0000] {dagbag.py:588} INFO - Filling up the DagBag from /opt/airflow/dags/ETL.py
[2025-12-16T03:07:04.122+0000] {processor.py:925} INFO - DAG(s) 'ETL_process' retrieved from /opt/airflow/dags/ETL.py
[2025-12-16T03:07:04.224+0000] {logging_mixin.py:190} INFO - [2025-12-16T03:07:04.223+0000] {dag.py:3239} INFO - Sync 1 DAGs
[2025-12-16T03:07:04.282+0000] {logging_mixin.py:190} INFO - [2025-12-16T03:07:04.281+0000] {dag.py:4180} INFO - Setting next_dagrun for ETL_process to None, run_after=None
[2025-12-16T03:07:04.355+0000] {processor.py:208} INFO - Processing /opt/airflow/dags/ETL.py took 0.345 seconds
[2025-12-16T03:07:34.610+0000] {processor.py:186} INFO - Started process (PID=313) to work on /opt/airflow/dags/ETL.py
[2025-12-16T03:07:34.614+0000] {processor.py:914} INFO - Processing file /opt/airflow/dags/ETL.py for tasks to queue
[2025-12-16T03:07:34.629+0000] {logging_mixin.py:190} INFO - [2025-12-16T03:07:34.627+0000] {dagbag.py:588} INFO - Filling up the DagBag from /opt/airflow/dags/ETL.py
[2025-12-16T03:07:34.736+0000] {processor.py:925} INFO - DAG(s) 'ETL_process' retrieved from /opt/airflow/dags/ETL.py
[2025-12-16T03:07:34.953+0000] {logging_mixin.py:190} INFO - [2025-12-16T03:07:34.952+0000] {dag.py:3239} INFO - Sync 1 DAGs
[2025-12-16T03:07:35.021+0000] {logging_mixin.py:190} INFO - [2025-12-16T03:07:35.020+0000] {dag.py:4180} INFO - Setting next_dagrun for ETL_process to None, run_after=None
[2025-12-16T03:07:35.128+0000] {processor.py:208} INFO - Processing /opt/airflow/dags/ETL.py took 0.548 seconds
[2025-12-16T03:08:05.599+0000] {processor.py:186} INFO - Started process (PID=323) to work on /opt/airflow/dags/ETL.py
[2025-12-16T03:08:05.602+0000] {processor.py:914} INFO - Processing file /opt/airflow/dags/ETL.py for tasks to queue
[2025-12-16T03:08:05.609+0000] {logging_mixin.py:190} INFO - [2025-12-16T03:08:05.608+0000] {dagbag.py:588} INFO - Filling up the DagBag from /opt/airflow/dags/ETL.py
[2025-12-16T03:08:05.666+0000] {processor.py:925} INFO - DAG(s) 'ETL_process' retrieved from /opt/airflow/dags/ETL.py
[2025-12-16T03:08:05.744+0000] {logging_mixin.py:190} INFO - [2025-12-16T03:08:05.744+0000] {dag.py:3239} INFO - Sync 1 DAGs
[2025-12-16T03:08:05.783+0000] {logging_mixin.py:190} INFO - [2025-12-16T03:08:05.783+0000] {dag.py:4180} INFO - Setting next_dagrun for ETL_process to None, run_after=None
[2025-12-16T03:08:05.841+0000] {processor.py:208} INFO - Processing /opt/airflow/dags/ETL.py took 0.269 seconds
[2025-12-16T03:08:36.434+0000] {processor.py:186} INFO - Started process (PID=333) to work on /opt/airflow/dags/ETL.py
[2025-12-16T03:08:36.437+0000] {processor.py:914} INFO - Processing file /opt/airflow/dags/ETL.py for tasks to queue
[2025-12-16T03:08:36.453+0000] {logging_mixin.py:190} INFO - [2025-12-16T03:08:36.450+0000] {dagbag.py:588} INFO - Filling up the DagBag from /opt/airflow/dags/ETL.py
[2025-12-16T03:08:36.519+0000] {processor.py:925} INFO - DAG(s) 'ETL_process' retrieved from /opt/airflow/dags/ETL.py
[2025-12-16T03:08:36.593+0000] {logging_mixin.py:190} INFO - [2025-12-16T03:08:36.593+0000] {dag.py:3239} INFO - Sync 1 DAGs
[2025-12-16T03:08:36.635+0000] {logging_mixin.py:190} INFO - [2025-12-16T03:08:36.635+0000] {dag.py:4180} INFO - Setting next_dagrun for ETL_process to None, run_after=None
[2025-12-16T03:08:36.687+0000] {processor.py:208} INFO - Processing /opt/airflow/dags/ETL.py took 0.271 seconds
[2025-12-16T03:09:07.905+0000] {processor.py:186} INFO - Started process (PID=343) to work on /opt/airflow/dags/ETL.py
[2025-12-16T03:09:07.911+0000] {processor.py:914} INFO - Processing file /opt/airflow/dags/ETL.py for tasks to queue
[2025-12-16T03:09:07.965+0000] {logging_mixin.py:190} INFO - [2025-12-16T03:09:07.964+0000] {dagbag.py:588} INFO - Filling up the DagBag from /opt/airflow/dags/ETL.py
[2025-12-16T03:09:08.108+0000] {processor.py:925} INFO - DAG(s) 'ETL_process' retrieved from /opt/airflow/dags/ETL.py
[2025-12-16T03:09:08.305+0000] {logging_mixin.py:190} INFO - [2025-12-16T03:09:08.304+0000] {dag.py:3239} INFO - Sync 1 DAGs
[2025-12-16T03:09:08.391+0000] {logging_mixin.py:190} INFO - [2025-12-16T03:09:08.391+0000] {dag.py:4180} INFO - Setting next_dagrun for ETL_process to None, run_after=None
[2025-12-16T03:09:08.476+0000] {processor.py:208} INFO - Processing /opt/airflow/dags/ETL.py took 0.723 seconds
[2025-12-16T03:09:39.366+0000] {processor.py:186} INFO - Started process (PID=353) to work on /opt/airflow/dags/ETL.py
[2025-12-16T03:09:39.369+0000] {processor.py:914} INFO - Processing file /opt/airflow/dags/ETL.py for tasks to queue
[2025-12-16T03:09:39.384+0000] {logging_mixin.py:190} INFO - [2025-12-16T03:09:39.382+0000] {dagbag.py:588} INFO - Filling up the DagBag from /opt/airflow/dags/ETL.py
[2025-12-16T03:09:39.568+0000] {processor.py:925} INFO - DAG(s) 'ETL_process' retrieved from /opt/airflow/dags/ETL.py
[2025-12-16T03:09:39.720+0000] {logging_mixin.py:190} INFO - [2025-12-16T03:09:39.719+0000] {dag.py:3239} INFO - Sync 1 DAGs
[2025-12-16T03:09:39.897+0000] {logging_mixin.py:190} INFO - [2025-12-16T03:09:39.896+0000] {dag.py:4180} INFO - Setting next_dagrun for ETL_process to None, run_after=None
[2025-12-16T03:09:39.997+0000] {processor.py:208} INFO - Processing /opt/airflow/dags/ETL.py took 0.663 seconds
[2025-12-16T03:10:10.667+0000] {processor.py:186} INFO - Started process (PID=363) to work on /opt/airflow/dags/ETL.py
[2025-12-16T03:10:10.671+0000] {processor.py:914} INFO - Processing file /opt/airflow/dags/ETL.py for tasks to queue
[2025-12-16T03:10:10.680+0000] {logging_mixin.py:190} INFO - [2025-12-16T03:10:10.679+0000] {dagbag.py:588} INFO - Filling up the DagBag from /opt/airflow/dags/ETL.py
[2025-12-16T03:10:10.757+0000] {processor.py:925} INFO - DAG(s) 'ETL_process' retrieved from /opt/airflow/dags/ETL.py
[2025-12-16T03:10:10.856+0000] {logging_mixin.py:190} INFO - [2025-12-16T03:10:10.856+0000] {dag.py:3239} INFO - Sync 1 DAGs
[2025-12-16T03:10:10.902+0000] {logging_mixin.py:190} INFO - [2025-12-16T03:10:10.902+0000] {dag.py:4180} INFO - Setting next_dagrun for ETL_process to None, run_after=None
[2025-12-16T03:10:10.952+0000] {processor.py:208} INFO - Processing /opt/airflow/dags/ETL.py took 0.306 seconds
[2025-12-16T03:10:41.524+0000] {processor.py:186} INFO - Started process (PID=373) to work on /opt/airflow/dags/ETL.py
[2025-12-16T03:10:41.527+0000] {processor.py:914} INFO - Processing file /opt/airflow/dags/ETL.py for tasks to queue
[2025-12-16T03:10:41.540+0000] {logging_mixin.py:190} INFO - [2025-12-16T03:10:41.538+0000] {dagbag.py:588} INFO - Filling up the DagBag from /opt/airflow/dags/ETL.py
[2025-12-16T03:10:41.665+0000] {processor.py:925} INFO - DAG(s) 'ETL_process' retrieved from /opt/airflow/dags/ETL.py
[2025-12-16T03:10:41.773+0000] {logging_mixin.py:190} INFO - [2025-12-16T03:10:41.770+0000] {dag.py:3239} INFO - Sync 1 DAGs
[2025-12-16T03:10:41.838+0000] {logging_mixin.py:190} INFO - [2025-12-16T03:10:41.837+0000] {dag.py:4180} INFO - Setting next_dagrun for ETL_process to None, run_after=None
[2025-12-16T03:10:41.957+0000] {processor.py:208} INFO - Processing /opt/airflow/dags/ETL.py took 0.458 seconds
[2025-12-16T03:11:12.618+0000] {processor.py:186} INFO - Started process (PID=383) to work on /opt/airflow/dags/ETL.py
[2025-12-16T03:11:12.622+0000] {processor.py:914} INFO - Processing file /opt/airflow/dags/ETL.py for tasks to queue
[2025-12-16T03:11:12.633+0000] {logging_mixin.py:190} INFO - [2025-12-16T03:11:12.632+0000] {dagbag.py:588} INFO - Filling up the DagBag from /opt/airflow/dags/ETL.py
[2025-12-16T03:11:12.705+0000] {processor.py:925} INFO - DAG(s) 'ETL_process' retrieved from /opt/airflow/dags/ETL.py
[2025-12-16T03:11:12.817+0000] {logging_mixin.py:190} INFO - [2025-12-16T03:11:12.817+0000] {dag.py:3239} INFO - Sync 1 DAGs
[2025-12-16T03:11:12.869+0000] {logging_mixin.py:190} INFO - [2025-12-16T03:11:12.868+0000] {dag.py:4180} INFO - Setting next_dagrun for ETL_process to None, run_after=None
[2025-12-16T03:11:12.939+0000] {processor.py:208} INFO - Processing /opt/airflow/dags/ETL.py took 0.343 seconds
[2025-12-16T03:11:43.271+0000] {processor.py:186} INFO - Started process (PID=406) to work on /opt/airflow/dags/ETL.py
[2025-12-16T03:11:43.274+0000] {processor.py:914} INFO - Processing file /opt/airflow/dags/ETL.py for tasks to queue
[2025-12-16T03:11:43.288+0000] {logging_mixin.py:190} INFO - [2025-12-16T03:11:43.287+0000] {dagbag.py:588} INFO - Filling up the DagBag from /opt/airflow/dags/ETL.py
[2025-12-16T03:11:43.357+0000] {processor.py:925} INFO - DAG(s) 'ETL_process' retrieved from /opt/airflow/dags/ETL.py
[2025-12-16T03:11:43.457+0000] {logging_mixin.py:190} INFO - [2025-12-16T03:11:43.456+0000] {dag.py:3239} INFO - Sync 1 DAGs
[2025-12-16T03:11:43.516+0000] {logging_mixin.py:190} INFO - [2025-12-16T03:11:43.515+0000] {dag.py:4180} INFO - Setting next_dagrun for ETL_process to None, run_after=None
[2025-12-16T03:11:43.575+0000] {processor.py:208} INFO - Processing /opt/airflow/dags/ETL.py took 0.332 seconds
[2025-12-16T03:12:14.186+0000] {processor.py:186} INFO - Started process (PID=416) to work on /opt/airflow/dags/ETL.py
[2025-12-16T03:12:14.190+0000] {processor.py:914} INFO - Processing file /opt/airflow/dags/ETL.py for tasks to queue
[2025-12-16T03:12:14.197+0000] {logging_mixin.py:190} INFO - [2025-12-16T03:12:14.197+0000] {dagbag.py:588} INFO - Filling up the DagBag from /opt/airflow/dags/ETL.py
[2025-12-16T03:12:14.244+0000] {processor.py:925} INFO - DAG(s) 'ETL_process' retrieved from /opt/airflow/dags/ETL.py
[2025-12-16T03:12:14.309+0000] {logging_mixin.py:190} INFO - [2025-12-16T03:12:14.309+0000] {dag.py:3239} INFO - Sync 1 DAGs
[2025-12-16T03:12:14.337+0000] {logging_mixin.py:190} INFO - [2025-12-16T03:12:14.336+0000] {dag.py:4180} INFO - Setting next_dagrun for ETL_process to None, run_after=None
[2025-12-16T03:12:14.369+0000] {processor.py:208} INFO - Processing /opt/airflow/dags/ETL.py took 0.201 seconds
[2025-12-16T03:12:44.540+0000] {processor.py:186} INFO - Started process (PID=426) to work on /opt/airflow/dags/ETL.py
[2025-12-16T03:12:44.543+0000] {processor.py:914} INFO - Processing file /opt/airflow/dags/ETL.py for tasks to queue
[2025-12-16T03:12:44.557+0000] {logging_mixin.py:190} INFO - [2025-12-16T03:12:44.555+0000] {dagbag.py:588} INFO - Filling up the DagBag from /opt/airflow/dags/ETL.py
[2025-12-16T03:12:44.707+0000] {processor.py:925} INFO - DAG(s) 'ETL_process' retrieved from /opt/airflow/dags/ETL.py
[2025-12-16T03:12:44.827+0000] {logging_mixin.py:190} INFO - [2025-12-16T03:12:44.826+0000] {dag.py:3239} INFO - Sync 1 DAGs
[2025-12-16T03:12:44.896+0000] {logging_mixin.py:190} INFO - [2025-12-16T03:12:44.896+0000] {dag.py:4180} INFO - Setting next_dagrun for ETL_process to None, run_after=None
[2025-12-16T03:12:44.972+0000] {processor.py:208} INFO - Processing /opt/airflow/dags/ETL.py took 0.456 seconds
[2025-12-16T03:13:15.931+0000] {processor.py:186} INFO - Started process (PID=436) to work on /opt/airflow/dags/ETL.py
[2025-12-16T03:13:15.940+0000] {processor.py:914} INFO - Processing file /opt/airflow/dags/ETL.py for tasks to queue
[2025-12-16T03:13:15.956+0000] {logging_mixin.py:190} INFO - [2025-12-16T03:13:15.955+0000] {dagbag.py:588} INFO - Filling up the DagBag from /opt/airflow/dags/ETL.py
[2025-12-16T03:13:16.125+0000] {processor.py:925} INFO - DAG(s) 'ETL_process' retrieved from /opt/airflow/dags/ETL.py
[2025-12-16T03:13:16.290+0000] {logging_mixin.py:190} INFO - [2025-12-16T03:13:16.289+0000] {dag.py:3239} INFO - Sync 1 DAGs
[2025-12-16T03:13:16.391+0000] {logging_mixin.py:190} INFO - [2025-12-16T03:13:16.390+0000] {dag.py:4180} INFO - Setting next_dagrun for ETL_process to None, run_after=None
[2025-12-16T03:13:16.540+0000] {processor.py:208} INFO - Processing /opt/airflow/dags/ETL.py took 0.646 seconds
[2025-12-16T03:13:47.449+0000] {processor.py:186} INFO - Started process (PID=447) to work on /opt/airflow/dags/ETL.py
[2025-12-16T03:13:47.455+0000] {processor.py:914} INFO - Processing file /opt/airflow/dags/ETL.py for tasks to queue
[2025-12-16T03:13:47.468+0000] {logging_mixin.py:190} INFO - [2025-12-16T03:13:47.465+0000] {dagbag.py:588} INFO - Filling up the DagBag from /opt/airflow/dags/ETL.py
[2025-12-16T03:13:47.622+0000] {processor.py:925} INFO - DAG(s) 'ETL_process' retrieved from /opt/airflow/dags/ETL.py
[2025-12-16T03:13:47.737+0000] {logging_mixin.py:190} INFO - [2025-12-16T03:13:47.736+0000] {dag.py:3239} INFO - Sync 1 DAGs
[2025-12-16T03:13:47.801+0000] {logging_mixin.py:190} INFO - [2025-12-16T03:13:47.801+0000] {dag.py:4180} INFO - Setting next_dagrun for ETL_process to None, run_after=None
[2025-12-16T03:13:47.872+0000] {processor.py:208} INFO - Processing /opt/airflow/dags/ETL.py took 0.458 seconds
[2025-12-16T03:14:18.569+0000] {processor.py:186} INFO - Started process (PID=457) to work on /opt/airflow/dags/ETL.py
[2025-12-16T03:14:18.571+0000] {processor.py:914} INFO - Processing file /opt/airflow/dags/ETL.py for tasks to queue
[2025-12-16T03:14:18.581+0000] {logging_mixin.py:190} INFO - [2025-12-16T03:14:18.580+0000] {dagbag.py:588} INFO - Filling up the DagBag from /opt/airflow/dags/ETL.py
[2025-12-16T03:14:18.610+0000] {processor.py:925} INFO - DAG(s) 'ETL_process' retrieved from /opt/airflow/dags/ETL.py
[2025-12-16T03:14:18.649+0000] {logging_mixin.py:190} INFO - [2025-12-16T03:14:18.649+0000] {dag.py:3239} INFO - Sync 1 DAGs
[2025-12-16T03:14:18.669+0000] {logging_mixin.py:190} INFO - [2025-12-16T03:14:18.669+0000] {dag.py:4180} INFO - Setting next_dagrun for ETL_process to None, run_after=None
[2025-12-16T03:14:18.693+0000] {processor.py:208} INFO - Processing /opt/airflow/dags/ETL.py took 0.136 seconds
[2025-12-16T03:14:49.118+0000] {processor.py:186} INFO - Started process (PID=467) to work on /opt/airflow/dags/ETL.py
[2025-12-16T03:14:49.125+0000] {processor.py:914} INFO - Processing file /opt/airflow/dags/ETL.py for tasks to queue
[2025-12-16T03:14:49.144+0000] {logging_mixin.py:190} INFO - [2025-12-16T03:14:49.143+0000] {dagbag.py:588} INFO - Filling up the DagBag from /opt/airflow/dags/ETL.py
[2025-12-16T03:14:49.231+0000] {processor.py:925} INFO - DAG(s) 'ETL_process' retrieved from /opt/airflow/dags/ETL.py
[2025-12-16T03:14:49.329+0000] {logging_mixin.py:190} INFO - [2025-12-16T03:14:49.328+0000] {dag.py:3239} INFO - Sync 1 DAGs
[2025-12-16T03:14:49.405+0000] {logging_mixin.py:190} INFO - [2025-12-16T03:14:49.404+0000] {dag.py:4180} INFO - Setting next_dagrun for ETL_process to None, run_after=None
[2025-12-16T03:14:49.466+0000] {processor.py:208} INFO - Processing /opt/airflow/dags/ETL.py took 0.386 seconds
[2025-12-16T03:15:19.760+0000] {processor.py:186} INFO - Started process (PID=477) to work on /opt/airflow/dags/ETL.py
[2025-12-16T03:15:19.763+0000] {processor.py:914} INFO - Processing file /opt/airflow/dags/ETL.py for tasks to queue
[2025-12-16T03:15:19.777+0000] {logging_mixin.py:190} INFO - [2025-12-16T03:15:19.776+0000] {dagbag.py:588} INFO - Filling up the DagBag from /opt/airflow/dags/ETL.py
[2025-12-16T03:15:19.844+0000] {processor.py:925} INFO - DAG(s) 'ETL_process' retrieved from /opt/airflow/dags/ETL.py
[2025-12-16T03:15:19.942+0000] {logging_mixin.py:190} INFO - [2025-12-16T03:15:19.941+0000] {dag.py:3239} INFO - Sync 1 DAGs
[2025-12-16T03:15:19.988+0000] {logging_mixin.py:190} INFO - [2025-12-16T03:15:19.987+0000] {dag.py:4180} INFO - Setting next_dagrun for ETL_process to None, run_after=None
[2025-12-16T03:15:20.051+0000] {processor.py:208} INFO - Processing /opt/airflow/dags/ETL.py took 0.311 seconds
[2025-12-16T03:15:50.683+0000] {processor.py:186} INFO - Started process (PID=487) to work on /opt/airflow/dags/ETL.py
[2025-12-16T03:15:50.686+0000] {processor.py:914} INFO - Processing file /opt/airflow/dags/ETL.py for tasks to queue
[2025-12-16T03:15:50.693+0000] {logging_mixin.py:190} INFO - [2025-12-16T03:15:50.692+0000] {dagbag.py:588} INFO - Filling up the DagBag from /opt/airflow/dags/ETL.py
[2025-12-16T03:15:50.749+0000] {processor.py:925} INFO - DAG(s) 'ETL_process' retrieved from /opt/airflow/dags/ETL.py
[2025-12-16T03:15:50.822+0000] {logging_mixin.py:190} INFO - [2025-12-16T03:15:50.821+0000] {dag.py:3239} INFO - Sync 1 DAGs
[2025-12-16T03:15:50.858+0000] {logging_mixin.py:190} INFO - [2025-12-16T03:15:50.857+0000] {dag.py:4180} INFO - Setting next_dagrun for ETL_process to None, run_after=None
[2025-12-16T03:15:50.902+0000] {processor.py:208} INFO - Processing /opt/airflow/dags/ETL.py took 0.238 seconds
[2025-12-16T03:16:21.266+0000] {processor.py:186} INFO - Started process (PID=498) to work on /opt/airflow/dags/ETL.py
[2025-12-16T03:16:21.272+0000] {processor.py:914} INFO - Processing file /opt/airflow/dags/ETL.py for tasks to queue
[2025-12-16T03:16:21.279+0000] {logging_mixin.py:190} INFO - [2025-12-16T03:16:21.278+0000] {dagbag.py:588} INFO - Filling up the DagBag from /opt/airflow/dags/ETL.py
[2025-12-16T03:16:21.350+0000] {processor.py:925} INFO - DAG(s) 'ETL_process' retrieved from /opt/airflow/dags/ETL.py
[2025-12-16T03:16:21.432+0000] {logging_mixin.py:190} INFO - [2025-12-16T03:16:21.431+0000] {dag.py:3239} INFO - Sync 1 DAGs
[2025-12-16T03:16:21.474+0000] {logging_mixin.py:190} INFO - [2025-12-16T03:16:21.472+0000] {dag.py:4180} INFO - Setting next_dagrun for ETL_process to None, run_after=None
[2025-12-16T03:16:21.526+0000] {processor.py:208} INFO - Processing /opt/airflow/dags/ETL.py took 0.282 seconds
[2025-12-16T03:16:51.758+0000] {processor.py:186} INFO - Started process (PID=521) to work on /opt/airflow/dags/ETL.py
[2025-12-16T03:16:51.760+0000] {processor.py:914} INFO - Processing file /opt/airflow/dags/ETL.py for tasks to queue
[2025-12-16T03:16:51.766+0000] {logging_mixin.py:190} INFO - [2025-12-16T03:16:51.765+0000] {dagbag.py:588} INFO - Filling up the DagBag from /opt/airflow/dags/ETL.py
[2025-12-16T03:16:51.806+0000] {processor.py:925} INFO - DAG(s) 'ETL_process' retrieved from /opt/airflow/dags/ETL.py
[2025-12-16T03:16:51.872+0000] {logging_mixin.py:190} INFO - [2025-12-16T03:16:51.871+0000] {dag.py:3239} INFO - Sync 1 DAGs
[2025-12-16T03:16:51.904+0000] {logging_mixin.py:190} INFO - [2025-12-16T03:16:51.904+0000] {dag.py:4180} INFO - Setting next_dagrun for ETL_process to None, run_after=None
[2025-12-16T03:16:51.946+0000] {processor.py:208} INFO - Processing /opt/airflow/dags/ETL.py took 0.199 seconds
[2025-12-16T03:17:22.485+0000] {processor.py:186} INFO - Started process (PID=531) to work on /opt/airflow/dags/ETL.py
[2025-12-16T03:17:22.488+0000] {processor.py:914} INFO - Processing file /opt/airflow/dags/ETL.py for tasks to queue
[2025-12-16T03:17:22.495+0000] {logging_mixin.py:190} INFO - [2025-12-16T03:17:22.494+0000] {dagbag.py:588} INFO - Filling up the DagBag from /opt/airflow/dags/ETL.py
[2025-12-16T03:17:22.586+0000] {processor.py:925} INFO - DAG(s) 'ETL_process' retrieved from /opt/airflow/dags/ETL.py
[2025-12-16T03:17:22.664+0000] {logging_mixin.py:190} INFO - [2025-12-16T03:17:22.663+0000] {dag.py:3239} INFO - Sync 1 DAGs
[2025-12-16T03:17:22.700+0000] {logging_mixin.py:190} INFO - [2025-12-16T03:17:22.700+0000] {dag.py:4180} INFO - Setting next_dagrun for ETL_process to None, run_after=None
[2025-12-16T03:17:22.760+0000] {processor.py:208} INFO - Processing /opt/airflow/dags/ETL.py took 0.299 seconds
[2025-12-16T03:17:53.159+0000] {processor.py:186} INFO - Started process (PID=541) to work on /opt/airflow/dags/ETL.py
[2025-12-16T03:17:53.161+0000] {processor.py:914} INFO - Processing file /opt/airflow/dags/ETL.py for tasks to queue
[2025-12-16T03:17:53.166+0000] {logging_mixin.py:190} INFO - [2025-12-16T03:17:53.166+0000] {dagbag.py:588} INFO - Filling up the DagBag from /opt/airflow/dags/ETL.py
[2025-12-16T03:17:53.195+0000] {processor.py:925} INFO - DAG(s) 'ETL_process' retrieved from /opt/airflow/dags/ETL.py
[2025-12-16T03:17:53.265+0000] {logging_mixin.py:190} INFO - [2025-12-16T03:17:53.264+0000] {dag.py:3239} INFO - Sync 1 DAGs
[2025-12-16T03:17:53.285+0000] {logging_mixin.py:190} INFO - [2025-12-16T03:17:53.284+0000] {dag.py:4180} INFO - Setting next_dagrun for ETL_process to None, run_after=None
[2025-12-16T03:17:53.313+0000] {processor.py:208} INFO - Processing /opt/airflow/dags/ETL.py took 0.163 seconds
[2025-12-16T03:18:23.429+0000] {processor.py:186} INFO - Started process (PID=551) to work on /opt/airflow/dags/ETL.py
[2025-12-16T03:18:23.432+0000] {processor.py:914} INFO - Processing file /opt/airflow/dags/ETL.py for tasks to queue
[2025-12-16T03:18:23.442+0000] {logging_mixin.py:190} INFO - [2025-12-16T03:18:23.442+0000] {dagbag.py:588} INFO - Filling up the DagBag from /opt/airflow/dags/ETL.py
[2025-12-16T03:18:23.529+0000] {processor.py:925} INFO - DAG(s) 'ETL_process' retrieved from /opt/airflow/dags/ETL.py
[2025-12-16T03:18:23.742+0000] {logging_mixin.py:190} INFO - [2025-12-16T03:18:23.741+0000] {dag.py:3239} INFO - Sync 1 DAGs
[2025-12-16T03:18:23.870+0000] {logging_mixin.py:190} INFO - [2025-12-16T03:18:23.870+0000] {dag.py:4180} INFO - Setting next_dagrun for ETL_process to None, run_after=None
[2025-12-16T03:18:23.925+0000] {processor.py:208} INFO - Processing /opt/airflow/dags/ETL.py took 0.512 seconds
[2025-12-16T03:18:54.144+0000] {processor.py:186} INFO - Started process (PID=562) to work on /opt/airflow/dags/ETL.py
[2025-12-16T03:18:54.148+0000] {processor.py:914} INFO - Processing file /opt/airflow/dags/ETL.py for tasks to queue
[2025-12-16T03:18:54.159+0000] {logging_mixin.py:190} INFO - [2025-12-16T03:18:54.158+0000] {dagbag.py:588} INFO - Filling up the DagBag from /opt/airflow/dags/ETL.py
[2025-12-16T03:18:54.246+0000] {processor.py:925} INFO - DAG(s) 'ETL_process' retrieved from /opt/airflow/dags/ETL.py
[2025-12-16T03:18:54.366+0000] {logging_mixin.py:190} INFO - [2025-12-16T03:18:54.365+0000] {dag.py:3239} INFO - Sync 1 DAGs
[2025-12-16T03:18:54.445+0000] {logging_mixin.py:190} INFO - [2025-12-16T03:18:54.445+0000] {dag.py:4180} INFO - Setting next_dagrun for ETL_process to None, run_after=None
[2025-12-16T03:18:54.524+0000] {processor.py:208} INFO - Processing /opt/airflow/dags/ETL.py took 0.409 seconds
[2025-12-16T03:19:25.185+0000] {processor.py:186} INFO - Started process (PID=572) to work on /opt/airflow/dags/ETL.py
[2025-12-16T03:19:25.187+0000] {processor.py:914} INFO - Processing file /opt/airflow/dags/ETL.py for tasks to queue
[2025-12-16T03:19:25.192+0000] {logging_mixin.py:190} INFO - [2025-12-16T03:19:25.191+0000] {dagbag.py:588} INFO - Filling up the DagBag from /opt/airflow/dags/ETL.py
[2025-12-16T03:19:25.250+0000] {processor.py:925} INFO - DAG(s) 'ETL_process' retrieved from /opt/airflow/dags/ETL.py
[2025-12-16T03:19:25.335+0000] {logging_mixin.py:190} INFO - [2025-12-16T03:19:25.335+0000] {dag.py:3239} INFO - Sync 1 DAGs
[2025-12-16T03:19:25.380+0000] {logging_mixin.py:190} INFO - [2025-12-16T03:19:25.380+0000] {dag.py:4180} INFO - Setting next_dagrun for ETL_process to None, run_after=None
[2025-12-16T03:19:25.433+0000] {processor.py:208} INFO - Processing /opt/airflow/dags/ETL.py took 0.262 seconds
[2025-12-16T03:19:55.993+0000] {processor.py:186} INFO - Started process (PID=582) to work on /opt/airflow/dags/ETL.py
[2025-12-16T03:19:55.997+0000] {processor.py:914} INFO - Processing file /opt/airflow/dags/ETL.py for tasks to queue
[2025-12-16T03:19:56.004+0000] {logging_mixin.py:190} INFO - [2025-12-16T03:19:56.003+0000] {dagbag.py:588} INFO - Filling up the DagBag from /opt/airflow/dags/ETL.py
[2025-12-16T03:19:56.072+0000] {processor.py:925} INFO - DAG(s) 'ETL_process' retrieved from /opt/airflow/dags/ETL.py
[2025-12-16T03:19:56.157+0000] {logging_mixin.py:190} INFO - [2025-12-16T03:19:56.157+0000] {dag.py:3239} INFO - Sync 1 DAGs
[2025-12-16T03:19:56.204+0000] {logging_mixin.py:190} INFO - [2025-12-16T03:19:56.204+0000] {dag.py:4180} INFO - Setting next_dagrun for ETL_process to None, run_after=None
[2025-12-16T03:19:56.266+0000] {processor.py:208} INFO - Processing /opt/airflow/dags/ETL.py took 0.293 seconds
[2025-12-16T03:20:26.982+0000] {processor.py:186} INFO - Started process (PID=592) to work on /opt/airflow/dags/ETL.py
[2025-12-16T03:20:26.984+0000] {processor.py:914} INFO - Processing file /opt/airflow/dags/ETL.py for tasks to queue
[2025-12-16T03:20:26.995+0000] {logging_mixin.py:190} INFO - [2025-12-16T03:20:26.993+0000] {dagbag.py:588} INFO - Filling up the DagBag from /opt/airflow/dags/ETL.py
[2025-12-16T03:20:27.079+0000] {processor.py:925} INFO - DAG(s) 'ETL_process' retrieved from /opt/airflow/dags/ETL.py
[2025-12-16T03:20:27.186+0000] {logging_mixin.py:190} INFO - [2025-12-16T03:20:27.185+0000] {dag.py:3239} INFO - Sync 1 DAGs
[2025-12-16T03:20:27.245+0000] {logging_mixin.py:190} INFO - [2025-12-16T03:20:27.244+0000] {dag.py:4180} INFO - Setting next_dagrun for ETL_process to None, run_after=None
[2025-12-16T03:20:27.312+0000] {processor.py:208} INFO - Processing /opt/airflow/dags/ETL.py took 0.361 seconds
[2025-12-16T03:20:57.557+0000] {processor.py:186} INFO - Started process (PID=602) to work on /opt/airflow/dags/ETL.py
[2025-12-16T03:20:57.561+0000] {processor.py:914} INFO - Processing file /opt/airflow/dags/ETL.py for tasks to queue
[2025-12-16T03:20:57.575+0000] {logging_mixin.py:190} INFO - [2025-12-16T03:20:57.573+0000] {dagbag.py:588} INFO - Filling up the DagBag from /opt/airflow/dags/ETL.py
[2025-12-16T03:20:57.662+0000] {processor.py:925} INFO - DAG(s) 'ETL_process' retrieved from /opt/airflow/dags/ETL.py
[2025-12-16T03:20:57.786+0000] {logging_mixin.py:190} INFO - [2025-12-16T03:20:57.783+0000] {dag.py:3239} INFO - Sync 1 DAGs
[2025-12-16T03:20:57.846+0000] {logging_mixin.py:190} INFO - [2025-12-16T03:20:57.846+0000] {dag.py:4180} INFO - Setting next_dagrun for ETL_process to None, run_after=None
[2025-12-16T03:20:57.914+0000] {processor.py:208} INFO - Processing /opt/airflow/dags/ETL.py took 0.389 seconds
[2025-12-16T03:21:28.457+0000] {processor.py:186} INFO - Started process (PID=612) to work on /opt/airflow/dags/ETL.py
[2025-12-16T03:21:28.461+0000] {processor.py:914} INFO - Processing file /opt/airflow/dags/ETL.py for tasks to queue
[2025-12-16T03:21:28.470+0000] {logging_mixin.py:190} INFO - [2025-12-16T03:21:28.468+0000] {dagbag.py:588} INFO - Filling up the DagBag from /opt/airflow/dags/ETL.py
[2025-12-16T03:21:28.541+0000] {processor.py:925} INFO - DAG(s) 'ETL_process' retrieved from /opt/airflow/dags/ETL.py
[2025-12-16T03:21:28.657+0000] {logging_mixin.py:190} INFO - [2025-12-16T03:21:28.657+0000] {dag.py:3239} INFO - Sync 1 DAGs
[2025-12-16T03:21:28.698+0000] {logging_mixin.py:190} INFO - [2025-12-16T03:21:28.697+0000] {dag.py:4180} INFO - Setting next_dagrun for ETL_process to None, run_after=None
[2025-12-16T03:21:28.748+0000] {processor.py:208} INFO - Processing /opt/airflow/dags/ETL.py took 0.317 seconds
[2025-12-16T03:21:59.007+0000] {processor.py:186} INFO - Started process (PID=622) to work on /opt/airflow/dags/ETL.py
[2025-12-16T03:21:59.010+0000] {processor.py:914} INFO - Processing file /opt/airflow/dags/ETL.py for tasks to queue
[2025-12-16T03:21:59.043+0000] {logging_mixin.py:190} INFO - [2025-12-16T03:21:59.019+0000] {dagbag.py:588} INFO - Filling up the DagBag from /opt/airflow/dags/ETL.py
[2025-12-16T03:21:59.118+0000] {processor.py:925} INFO - DAG(s) 'ETL_process' retrieved from /opt/airflow/dags/ETL.py
[2025-12-16T03:21:59.232+0000] {logging_mixin.py:190} INFO - [2025-12-16T03:21:59.231+0000] {dag.py:3239} INFO - Sync 1 DAGs
[2025-12-16T03:21:59.277+0000] {logging_mixin.py:190} INFO - [2025-12-16T03:21:59.276+0000] {dag.py:4180} INFO - Setting next_dagrun for ETL_process to None, run_after=None
[2025-12-16T03:21:59.348+0000] {processor.py:208} INFO - Processing /opt/airflow/dags/ETL.py took 0.368 seconds
[2025-12-16T03:22:29.820+0000] {processor.py:186} INFO - Started process (PID=632) to work on /opt/airflow/dags/ETL.py
[2025-12-16T03:22:29.823+0000] {processor.py:914} INFO - Processing file /opt/airflow/dags/ETL.py for tasks to queue
[2025-12-16T03:22:29.839+0000] {logging_mixin.py:190} INFO - [2025-12-16T03:22:29.838+0000] {dagbag.py:588} INFO - Filling up the DagBag from /opt/airflow/dags/ETL.py
[2025-12-16T03:22:29.909+0000] {processor.py:925} INFO - DAG(s) 'ETL_process' retrieved from /opt/airflow/dags/ETL.py
[2025-12-16T03:22:30.033+0000] {logging_mixin.py:190} INFO - [2025-12-16T03:22:30.032+0000] {dag.py:3239} INFO - Sync 1 DAGs
[2025-12-16T03:22:30.080+0000] {logging_mixin.py:190} INFO - [2025-12-16T03:22:30.079+0000] {dag.py:4180} INFO - Setting next_dagrun for ETL_process to None, run_after=None
[2025-12-16T03:22:30.129+0000] {processor.py:208} INFO - Processing /opt/airflow/dags/ETL.py took 0.336 seconds
[2025-12-16T03:23:00.711+0000] {processor.py:186} INFO - Started process (PID=643) to work on /opt/airflow/dags/ETL.py
[2025-12-16T03:23:00.739+0000] {processor.py:914} INFO - Processing file /opt/airflow/dags/ETL.py for tasks to queue
[2025-12-16T03:23:00.794+0000] {logging_mixin.py:190} INFO - [2025-12-16T03:23:00.788+0000] {dagbag.py:588} INFO - Filling up the DagBag from /opt/airflow/dags/ETL.py
[2025-12-16T03:23:01.043+0000] {processor.py:925} INFO - DAG(s) 'ETL_process' retrieved from /opt/airflow/dags/ETL.py
[2025-12-16T03:23:01.305+0000] {logging_mixin.py:190} INFO - [2025-12-16T03:23:01.304+0000] {dag.py:3239} INFO - Sync 1 DAGs
[2025-12-16T03:23:01.407+0000] {logging_mixin.py:190} INFO - [2025-12-16T03:23:01.404+0000] {dag.py:4180} INFO - Setting next_dagrun for ETL_process to None, run_after=None
[2025-12-16T03:23:01.505+0000] {processor.py:208} INFO - Processing /opt/airflow/dags/ETL.py took 0.978 seconds
[2025-12-16T03:23:31.965+0000] {processor.py:186} INFO - Started process (PID=653) to work on /opt/airflow/dags/ETL.py
[2025-12-16T03:23:31.968+0000] {processor.py:914} INFO - Processing file /opt/airflow/dags/ETL.py for tasks to queue
[2025-12-16T03:23:31.981+0000] {logging_mixin.py:190} INFO - [2025-12-16T03:23:31.977+0000] {dagbag.py:588} INFO - Filling up the DagBag from /opt/airflow/dags/ETL.py
[2025-12-16T03:23:32.049+0000] {processor.py:925} INFO - DAG(s) 'ETL_process' retrieved from /opt/airflow/dags/ETL.py
[2025-12-16T03:23:32.162+0000] {logging_mixin.py:190} INFO - [2025-12-16T03:23:32.162+0000] {dag.py:3239} INFO - Sync 1 DAGs
[2025-12-16T03:23:32.218+0000] {logging_mixin.py:190} INFO - [2025-12-16T03:23:32.218+0000] {dag.py:4180} INFO - Setting next_dagrun for ETL_process to None, run_after=None
[2025-12-16T03:23:32.273+0000] {processor.py:208} INFO - Processing /opt/airflow/dags/ETL.py took 0.338 seconds
[2025-12-16T03:24:02.611+0000] {processor.py:186} INFO - Started process (PID=663) to work on /opt/airflow/dags/ETL.py
[2025-12-16T03:24:02.614+0000] {processor.py:914} INFO - Processing file /opt/airflow/dags/ETL.py for tasks to queue
[2025-12-16T03:24:02.626+0000] {logging_mixin.py:190} INFO - [2025-12-16T03:24:02.624+0000] {dagbag.py:588} INFO - Filling up the DagBag from /opt/airflow/dags/ETL.py
[2025-12-16T03:24:02.778+0000] {processor.py:925} INFO - DAG(s) 'ETL_process' retrieved from /opt/airflow/dags/ETL.py
[2025-12-16T03:24:02.950+0000] {logging_mixin.py:190} INFO - [2025-12-16T03:24:02.949+0000] {dag.py:3239} INFO - Sync 1 DAGs
[2025-12-16T03:24:03.099+0000] {logging_mixin.py:190} INFO - [2025-12-16T03:24:03.098+0000] {dag.py:4180} INFO - Setting next_dagrun for ETL_process to None, run_after=None
[2025-12-16T03:24:03.175+0000] {processor.py:208} INFO - Processing /opt/airflow/dags/ETL.py took 0.590 seconds
[2025-12-16T03:24:33.462+0000] {processor.py:186} INFO - Started process (PID=674) to work on /opt/airflow/dags/ETL.py
[2025-12-16T03:24:33.465+0000] {processor.py:914} INFO - Processing file /opt/airflow/dags/ETL.py for tasks to queue
[2025-12-16T03:24:33.480+0000] {logging_mixin.py:190} INFO - [2025-12-16T03:24:33.472+0000] {dagbag.py:588} INFO - Filling up the DagBag from /opt/airflow/dags/ETL.py
[2025-12-16T03:24:33.583+0000] {processor.py:925} INFO - DAG(s) 'ETL_process' retrieved from /opt/airflow/dags/ETL.py
[2025-12-16T03:24:33.682+0000] {logging_mixin.py:190} INFO - [2025-12-16T03:24:33.682+0000] {dag.py:3239} INFO - Sync 1 DAGs
[2025-12-16T03:24:33.726+0000] {logging_mixin.py:190} INFO - [2025-12-16T03:24:33.725+0000] {dag.py:4180} INFO - Setting next_dagrun for ETL_process to None, run_after=None
[2025-12-16T03:24:33.777+0000] {processor.py:208} INFO - Processing /opt/airflow/dags/ETL.py took 0.343 seconds
[2025-12-16T03:25:04.045+0000] {processor.py:186} INFO - Started process (PID=685) to work on /opt/airflow/dags/ETL.py
[2025-12-16T03:25:04.048+0000] {processor.py:914} INFO - Processing file /opt/airflow/dags/ETL.py for tasks to queue
[2025-12-16T03:25:04.052+0000] {logging_mixin.py:190} INFO - [2025-12-16T03:25:04.052+0000] {dagbag.py:588} INFO - Filling up the DagBag from /opt/airflow/dags/ETL.py
[2025-12-16T03:25:04.088+0000] {processor.py:925} INFO - DAG(s) 'ETL_process' retrieved from /opt/airflow/dags/ETL.py
[2025-12-16T03:25:04.150+0000] {logging_mixin.py:190} INFO - [2025-12-16T03:25:04.150+0000] {dag.py:3239} INFO - Sync 1 DAGs
[2025-12-16T03:25:04.170+0000] {logging_mixin.py:190} INFO - [2025-12-16T03:25:04.170+0000] {dag.py:4180} INFO - Setting next_dagrun for ETL_process to None, run_after=None
[2025-12-16T03:25:04.196+0000] {processor.py:208} INFO - Processing /opt/airflow/dags/ETL.py took 0.163 seconds
[2025-12-16T03:25:34.632+0000] {processor.py:186} INFO - Started process (PID=695) to work on /opt/airflow/dags/ETL.py
[2025-12-16T03:25:34.635+0000] {processor.py:914} INFO - Processing file /opt/airflow/dags/ETL.py for tasks to queue
[2025-12-16T03:25:34.648+0000] {logging_mixin.py:190} INFO - [2025-12-16T03:25:34.645+0000] {dagbag.py:588} INFO - Filling up the DagBag from /opt/airflow/dags/ETL.py
[2025-12-16T03:25:34.736+0000] {processor.py:925} INFO - DAG(s) 'ETL_process' retrieved from /opt/airflow/dags/ETL.py
[2025-12-16T03:25:34.877+0000] {logging_mixin.py:190} INFO - [2025-12-16T03:25:34.876+0000] {dag.py:3239} INFO - Sync 1 DAGs
[2025-12-16T03:25:34.925+0000] {logging_mixin.py:190} INFO - [2025-12-16T03:25:34.924+0000] {dag.py:4180} INFO - Setting next_dagrun for ETL_process to None, run_after=None
[2025-12-16T03:25:34.980+0000] {processor.py:208} INFO - Processing /opt/airflow/dags/ETL.py took 0.380 seconds
[2025-12-16T03:26:05.566+0000] {processor.py:186} INFO - Started process (PID=710) to work on /opt/airflow/dags/ETL.py
[2025-12-16T03:26:05.569+0000] {processor.py:914} INFO - Processing file /opt/airflow/dags/ETL.py for tasks to queue
[2025-12-16T03:26:05.580+0000] {logging_mixin.py:190} INFO - [2025-12-16T03:26:05.579+0000] {dagbag.py:588} INFO - Filling up the DagBag from /opt/airflow/dags/ETL.py
[2025-12-16T03:26:05.642+0000] {processor.py:925} INFO - DAG(s) 'ETL_process' retrieved from /opt/airflow/dags/ETL.py
[2025-12-16T03:26:05.713+0000] {logging_mixin.py:190} INFO - [2025-12-16T03:26:05.712+0000] {dag.py:3239} INFO - Sync 1 DAGs
[2025-12-16T03:26:05.759+0000] {logging_mixin.py:190} INFO - [2025-12-16T03:26:05.758+0000] {dag.py:4180} INFO - Setting next_dagrun for ETL_process to None, run_after=None
[2025-12-16T03:26:05.815+0000] {processor.py:208} INFO - Processing /opt/airflow/dags/ETL.py took 0.268 seconds
[2025-12-16T03:26:36.105+0000] {processor.py:186} INFO - Started process (PID=715) to work on /opt/airflow/dags/ETL.py
[2025-12-16T03:26:36.108+0000] {processor.py:914} INFO - Processing file /opt/airflow/dags/ETL.py for tasks to queue
[2025-12-16T03:26:36.119+0000] {logging_mixin.py:190} INFO - [2025-12-16T03:26:36.116+0000] {dagbag.py:588} INFO - Filling up the DagBag from /opt/airflow/dags/ETL.py
[2025-12-16T03:26:36.197+0000] {processor.py:925} INFO - DAG(s) 'ETL_process' retrieved from /opt/airflow/dags/ETL.py
[2025-12-16T03:26:36.299+0000] {logging_mixin.py:190} INFO - [2025-12-16T03:26:36.299+0000] {dag.py:3239} INFO - Sync 1 DAGs
[2025-12-16T03:26:36.333+0000] {logging_mixin.py:190} INFO - [2025-12-16T03:26:36.333+0000] {dag.py:4180} INFO - Setting next_dagrun for ETL_process to None, run_after=None
[2025-12-16T03:26:36.384+0000] {processor.py:208} INFO - Processing /opt/airflow/dags/ETL.py took 0.312 seconds
[2025-12-16T03:27:06.814+0000] {processor.py:186} INFO - Started process (PID=725) to work on /opt/airflow/dags/ETL.py
[2025-12-16T03:27:06.817+0000] {processor.py:914} INFO - Processing file /opt/airflow/dags/ETL.py for tasks to queue
[2025-12-16T03:27:06.826+0000] {logging_mixin.py:190} INFO - [2025-12-16T03:27:06.824+0000] {dagbag.py:588} INFO - Filling up the DagBag from /opt/airflow/dags/ETL.py
[2025-12-16T03:27:06.916+0000] {processor.py:925} INFO - DAG(s) 'ETL_process' retrieved from /opt/airflow/dags/ETL.py
[2025-12-16T03:27:07.017+0000] {logging_mixin.py:190} INFO - [2025-12-16T03:27:07.016+0000] {dag.py:3239} INFO - Sync 1 DAGs
[2025-12-16T03:27:07.063+0000] {logging_mixin.py:190} INFO - [2025-12-16T03:27:07.063+0000] {dag.py:4180} INFO - Setting next_dagrun for ETL_process to None, run_after=None
[2025-12-16T03:27:07.119+0000] {processor.py:208} INFO - Processing /opt/airflow/dags/ETL.py took 0.328 seconds
[2025-12-16T03:27:37.332+0000] {processor.py:186} INFO - Started process (PID=735) to work on /opt/airflow/dags/ETL.py
[2025-12-16T03:27:37.335+0000] {processor.py:914} INFO - Processing file /opt/airflow/dags/ETL.py for tasks to queue
[2025-12-16T03:27:37.359+0000] {logging_mixin.py:190} INFO - [2025-12-16T03:27:37.341+0000] {dagbag.py:588} INFO - Filling up the DagBag from /opt/airflow/dags/ETL.py
[2025-12-16T03:27:37.435+0000] {processor.py:925} INFO - DAG(s) 'ETL_process' retrieved from /opt/airflow/dags/ETL.py
[2025-12-16T03:27:37.546+0000] {logging_mixin.py:190} INFO - [2025-12-16T03:27:37.545+0000] {dag.py:3239} INFO - Sync 1 DAGs
[2025-12-16T03:27:37.591+0000] {logging_mixin.py:190} INFO - [2025-12-16T03:27:37.591+0000] {dag.py:4180} INFO - Setting next_dagrun for ETL_process to None, run_after=None
[2025-12-16T03:27:37.634+0000] {processor.py:208} INFO - Processing /opt/airflow/dags/ETL.py took 0.330 seconds
[2025-12-16T03:28:08.208+0000] {processor.py:186} INFO - Started process (PID=745) to work on /opt/airflow/dags/ETL.py
[2025-12-16T03:28:08.219+0000] {processor.py:914} INFO - Processing file /opt/airflow/dags/ETL.py for tasks to queue
[2025-12-16T03:28:08.231+0000] {logging_mixin.py:190} INFO - [2025-12-16T03:28:08.226+0000] {dagbag.py:588} INFO - Filling up the DagBag from /opt/airflow/dags/ETL.py
[2025-12-16T03:28:08.324+0000] {processor.py:925} INFO - DAG(s) 'ETL_process' retrieved from /opt/airflow/dags/ETL.py
[2025-12-16T03:28:08.491+0000] {logging_mixin.py:190} INFO - [2025-12-16T03:28:08.490+0000] {dag.py:3239} INFO - Sync 1 DAGs
[2025-12-16T03:28:08.544+0000] {logging_mixin.py:190} INFO - [2025-12-16T03:28:08.543+0000] {dag.py:4180} INFO - Setting next_dagrun for ETL_process to None, run_after=None
[2025-12-16T03:28:08.598+0000] {processor.py:208} INFO - Processing /opt/airflow/dags/ETL.py took 0.426 seconds
[2025-12-16T03:28:38.827+0000] {processor.py:186} INFO - Started process (PID=755) to work on /opt/airflow/dags/ETL.py
[2025-12-16T03:28:38.832+0000] {processor.py:914} INFO - Processing file /opt/airflow/dags/ETL.py for tasks to queue
[2025-12-16T03:28:38.850+0000] {logging_mixin.py:190} INFO - [2025-12-16T03:28:38.845+0000] {dagbag.py:588} INFO - Filling up the DagBag from /opt/airflow/dags/ETL.py
[2025-12-16T03:28:38.934+0000] {processor.py:925} INFO - DAG(s) 'ETL_process' retrieved from /opt/airflow/dags/ETL.py
[2025-12-16T03:28:39.027+0000] {logging_mixin.py:190} INFO - [2025-12-16T03:28:39.026+0000] {dag.py:3239} INFO - Sync 1 DAGs
[2025-12-16T03:28:39.073+0000] {logging_mixin.py:190} INFO - [2025-12-16T03:28:39.072+0000] {dag.py:4180} INFO - Setting next_dagrun for ETL_process to None, run_after=None
[2025-12-16T03:28:39.125+0000] {processor.py:208} INFO - Processing /opt/airflow/dags/ETL.py took 0.329 seconds
[2025-12-16T03:29:09.936+0000] {processor.py:186} INFO - Started process (PID=765) to work on /opt/airflow/dags/ETL.py
[2025-12-16T03:29:09.938+0000] {processor.py:914} INFO - Processing file /opt/airflow/dags/ETL.py for tasks to queue
[2025-12-16T03:29:09.949+0000] {logging_mixin.py:190} INFO - [2025-12-16T03:29:09.946+0000] {dagbag.py:588} INFO - Filling up the DagBag from /opt/airflow/dags/ETL.py
[2025-12-16T03:29:10.012+0000] {processor.py:925} INFO - DAG(s) 'ETL_process' retrieved from /opt/airflow/dags/ETL.py
[2025-12-16T03:29:10.109+0000] {logging_mixin.py:190} INFO - [2025-12-16T03:29:10.108+0000] {dag.py:3239} INFO - Sync 1 DAGs
[2025-12-16T03:29:10.145+0000] {logging_mixin.py:190} INFO - [2025-12-16T03:29:10.144+0000] {dag.py:4180} INFO - Setting next_dagrun for ETL_process to None, run_after=None
[2025-12-16T03:29:10.194+0000] {processor.py:208} INFO - Processing /opt/airflow/dags/ETL.py took 0.284 seconds
[2025-12-16T03:29:40.321+0000] {processor.py:186} INFO - Started process (PID=789) to work on /opt/airflow/dags/ETL.py
[2025-12-16T03:29:40.324+0000] {processor.py:914} INFO - Processing file /opt/airflow/dags/ETL.py for tasks to queue
[2025-12-16T03:29:40.333+0000] {logging_mixin.py:190} INFO - [2025-12-16T03:29:40.332+0000] {dagbag.py:588} INFO - Filling up the DagBag from /opt/airflow/dags/ETL.py
[2025-12-16T03:29:40.381+0000] {processor.py:925} INFO - DAG(s) 'ETL_process' retrieved from /opt/airflow/dags/ETL.py
[2025-12-16T03:29:40.462+0000] {logging_mixin.py:190} INFO - [2025-12-16T03:29:40.461+0000] {dag.py:3239} INFO - Sync 1 DAGs
[2025-12-16T03:29:40.495+0000] {logging_mixin.py:190} INFO - [2025-12-16T03:29:40.494+0000] {dag.py:4180} INFO - Setting next_dagrun for ETL_process to None, run_after=None
[2025-12-16T03:29:40.532+0000] {processor.py:208} INFO - Processing /opt/airflow/dags/ETL.py took 0.227 seconds
[2025-12-16T03:30:11.001+0000] {processor.py:186} INFO - Started process (PID=812) to work on /opt/airflow/dags/ETL.py
[2025-12-16T03:30:11.005+0000] {processor.py:914} INFO - Processing file /opt/airflow/dags/ETL.py for tasks to queue
[2025-12-16T03:30:11.012+0000] {logging_mixin.py:190} INFO - [2025-12-16T03:30:11.011+0000] {dagbag.py:588} INFO - Filling up the DagBag from /opt/airflow/dags/ETL.py
[2025-12-16T03:30:11.054+0000] {processor.py:925} INFO - DAG(s) 'ETL_process' retrieved from /opt/airflow/dags/ETL.py
[2025-12-16T03:30:11.133+0000] {logging_mixin.py:190} INFO - [2025-12-16T03:30:11.132+0000] {dag.py:3239} INFO - Sync 1 DAGs
[2025-12-16T03:30:11.171+0000] {logging_mixin.py:190} INFO - [2025-12-16T03:30:11.171+0000] {dag.py:4180} INFO - Setting next_dagrun for ETL_process to None, run_after=None
[2025-12-16T03:30:11.208+0000] {processor.py:208} INFO - Processing /opt/airflow/dags/ETL.py took 0.220 seconds
[2025-12-16T03:30:41.577+0000] {processor.py:186} INFO - Started process (PID=822) to work on /opt/airflow/dags/ETL.py
[2025-12-16T03:30:41.580+0000] {processor.py:914} INFO - Processing file /opt/airflow/dags/ETL.py for tasks to queue
[2025-12-16T03:30:41.589+0000] {logging_mixin.py:190} INFO - [2025-12-16T03:30:41.588+0000] {dagbag.py:588} INFO - Filling up the DagBag from /opt/airflow/dags/ETL.py
[2025-12-16T03:30:41.658+0000] {processor.py:925} INFO - DAG(s) 'ETL_process' retrieved from /opt/airflow/dags/ETL.py
[2025-12-16T03:30:41.747+0000] {logging_mixin.py:190} INFO - [2025-12-16T03:30:41.746+0000] {dag.py:3239} INFO - Sync 1 DAGs
[2025-12-16T03:30:41.809+0000] {logging_mixin.py:190} INFO - [2025-12-16T03:30:41.809+0000] {dag.py:4180} INFO - Setting next_dagrun for ETL_process to None, run_after=None
[2025-12-16T03:30:41.868+0000] {processor.py:208} INFO - Processing /opt/airflow/dags/ETL.py took 0.309 seconds
[2025-12-16T03:31:12.300+0000] {processor.py:186} INFO - Started process (PID=859) to work on /opt/airflow/dags/ETL.py
[2025-12-16T03:31:12.302+0000] {processor.py:914} INFO - Processing file /opt/airflow/dags/ETL.py for tasks to queue
[2025-12-16T03:31:12.309+0000] {logging_mixin.py:190} INFO - [2025-12-16T03:31:12.308+0000] {dagbag.py:588} INFO - Filling up the DagBag from /opt/airflow/dags/ETL.py
[2025-12-16T03:31:12.347+0000] {processor.py:925} INFO - DAG(s) 'ETL_process' retrieved from /opt/airflow/dags/ETL.py
[2025-12-16T03:31:12.417+0000] {logging_mixin.py:190} INFO - [2025-12-16T03:31:12.416+0000] {dag.py:3239} INFO - Sync 1 DAGs
[2025-12-16T03:31:12.458+0000] {logging_mixin.py:190} INFO - [2025-12-16T03:31:12.457+0000] {dag.py:4180} INFO - Setting next_dagrun for ETL_process to None, run_after=None
[2025-12-16T03:31:12.505+0000] {processor.py:208} INFO - Processing /opt/airflow/dags/ETL.py took 0.220 seconds
[2025-12-16T03:31:42.941+0000] {processor.py:186} INFO - Started process (PID=882) to work on /opt/airflow/dags/ETL.py
[2025-12-16T03:31:42.943+0000] {processor.py:914} INFO - Processing file /opt/airflow/dags/ETL.py for tasks to queue
[2025-12-16T03:31:42.953+0000] {logging_mixin.py:190} INFO - [2025-12-16T03:31:42.952+0000] {dagbag.py:588} INFO - Filling up the DagBag from /opt/airflow/dags/ETL.py
[2025-12-16T03:31:42.985+0000] {processor.py:925} INFO - DAG(s) 'ETL_process' retrieved from /opt/airflow/dags/ETL.py
[2025-12-16T03:31:43.049+0000] {logging_mixin.py:190} INFO - [2025-12-16T03:31:43.049+0000] {dag.py:3239} INFO - Sync 1 DAGs
[2025-12-16T03:31:43.089+0000] {logging_mixin.py:190} INFO - [2025-12-16T03:31:43.088+0000] {dag.py:4180} INFO - Setting next_dagrun for ETL_process to None, run_after=None
[2025-12-16T03:31:43.139+0000] {processor.py:208} INFO - Processing /opt/airflow/dags/ETL.py took 0.216 seconds
[2025-12-16T03:32:13.410+0000] {processor.py:186} INFO - Started process (PID=892) to work on /opt/airflow/dags/ETL.py
[2025-12-16T03:32:13.417+0000] {processor.py:914} INFO - Processing file /opt/airflow/dags/ETL.py for tasks to queue
[2025-12-16T03:32:13.427+0000] {logging_mixin.py:190} INFO - [2025-12-16T03:32:13.426+0000] {dagbag.py:588} INFO - Filling up the DagBag from /opt/airflow/dags/ETL.py
[2025-12-16T03:32:13.485+0000] {processor.py:925} INFO - DAG(s) 'ETL_process' retrieved from /opt/airflow/dags/ETL.py
[2025-12-16T03:32:13.570+0000] {logging_mixin.py:190} INFO - [2025-12-16T03:32:13.569+0000] {dag.py:3239} INFO - Sync 1 DAGs
[2025-12-16T03:32:13.630+0000] {logging_mixin.py:190} INFO - [2025-12-16T03:32:13.629+0000] {dag.py:4180} INFO - Setting next_dagrun for ETL_process to None, run_after=None
[2025-12-16T03:32:13.712+0000] {processor.py:208} INFO - Processing /opt/airflow/dags/ETL.py took 0.325 seconds
[2025-12-16T03:32:44.101+0000] {processor.py:186} INFO - Started process (PID=902) to work on /opt/airflow/dags/ETL.py
[2025-12-16T03:32:44.104+0000] {processor.py:914} INFO - Processing file /opt/airflow/dags/ETL.py for tasks to queue
[2025-12-16T03:32:44.113+0000] {logging_mixin.py:190} INFO - [2025-12-16T03:32:44.112+0000] {dagbag.py:588} INFO - Filling up the DagBag from /opt/airflow/dags/ETL.py
[2025-12-16T03:32:44.170+0000] {processor.py:925} INFO - DAG(s) 'ETL_process' retrieved from /opt/airflow/dags/ETL.py
[2025-12-16T03:32:44.270+0000] {logging_mixin.py:190} INFO - [2025-12-16T03:32:44.269+0000] {dag.py:3239} INFO - Sync 1 DAGs
[2025-12-16T03:32:44.323+0000] {logging_mixin.py:190} INFO - [2025-12-16T03:32:44.323+0000] {dag.py:4180} INFO - Setting next_dagrun for ETL_process to None, run_after=None
[2025-12-16T03:32:44.394+0000] {processor.py:208} INFO - Processing /opt/airflow/dags/ETL.py took 0.315 seconds
[2025-12-16T03:33:14.932+0000] {processor.py:186} INFO - Started process (PID=912) to work on /opt/airflow/dags/ETL.py
[2025-12-16T03:33:14.935+0000] {processor.py:914} INFO - Processing file /opt/airflow/dags/ETL.py for tasks to queue
[2025-12-16T03:33:14.943+0000] {logging_mixin.py:190} INFO - [2025-12-16T03:33:14.942+0000] {dagbag.py:588} INFO - Filling up the DagBag from /opt/airflow/dags/ETL.py
[2025-12-16T03:33:15.003+0000] {processor.py:925} INFO - DAG(s) 'ETL_process' retrieved from /opt/airflow/dags/ETL.py
[2025-12-16T03:33:15.079+0000] {logging_mixin.py:190} INFO - [2025-12-16T03:33:15.078+0000] {dag.py:3239} INFO - Sync 1 DAGs
[2025-12-16T03:33:15.115+0000] {logging_mixin.py:190} INFO - [2025-12-16T03:33:15.115+0000] {dag.py:4180} INFO - Setting next_dagrun for ETL_process to None, run_after=None
[2025-12-16T03:33:15.162+0000] {processor.py:208} INFO - Processing /opt/airflow/dags/ETL.py took 0.246 seconds
[2025-12-16T03:33:45.656+0000] {processor.py:186} INFO - Started process (PID=922) to work on /opt/airflow/dags/ETL.py
[2025-12-16T03:33:45.659+0000] {processor.py:914} INFO - Processing file /opt/airflow/dags/ETL.py for tasks to queue
[2025-12-16T03:33:45.666+0000] {logging_mixin.py:190} INFO - [2025-12-16T03:33:45.665+0000] {dagbag.py:588} INFO - Filling up the DagBag from /opt/airflow/dags/ETL.py
[2025-12-16T03:33:45.710+0000] {processor.py:925} INFO - DAG(s) 'ETL_process' retrieved from /opt/airflow/dags/ETL.py
[2025-12-16T03:33:45.790+0000] {logging_mixin.py:190} INFO - [2025-12-16T03:33:45.789+0000] {dag.py:3239} INFO - Sync 1 DAGs
[2025-12-16T03:33:45.830+0000] {logging_mixin.py:190} INFO - [2025-12-16T03:33:45.830+0000] {dag.py:4180} INFO - Setting next_dagrun for ETL_process to None, run_after=None
[2025-12-16T03:33:45.868+0000] {processor.py:208} INFO - Processing /opt/airflow/dags/ETL.py took 0.229 seconds
[2025-12-16T03:34:16.345+0000] {processor.py:186} INFO - Started process (PID=932) to work on /opt/airflow/dags/ETL.py
[2025-12-16T03:34:16.346+0000] {processor.py:914} INFO - Processing file /opt/airflow/dags/ETL.py for tasks to queue
[2025-12-16T03:34:16.350+0000] {logging_mixin.py:190} INFO - [2025-12-16T03:34:16.350+0000] {dagbag.py:588} INFO - Filling up the DagBag from /opt/airflow/dags/ETL.py
[2025-12-16T03:34:16.376+0000] {processor.py:925} INFO - DAG(s) 'ETL_process' retrieved from /opt/airflow/dags/ETL.py
[2025-12-16T03:34:16.420+0000] {logging_mixin.py:190} INFO - [2025-12-16T03:34:16.420+0000] {dag.py:3239} INFO - Sync 1 DAGs
[2025-12-16T03:34:16.440+0000] {logging_mixin.py:190} INFO - [2025-12-16T03:34:16.440+0000] {dag.py:4180} INFO - Setting next_dagrun for ETL_process to None, run_after=None
[2025-12-16T03:34:16.471+0000] {processor.py:208} INFO - Processing /opt/airflow/dags/ETL.py took 0.138 seconds
[2025-12-16T03:34:39.590+0000] {processor.py:186} INFO - Started process (PID=942) to work on /opt/airflow/dags/ETL.py
[2025-12-16T03:34:39.592+0000] {processor.py:914} INFO - Processing file /opt/airflow/dags/ETL.py for tasks to queue
[2025-12-16T03:34:39.596+0000] {logging_mixin.py:190} INFO - [2025-12-16T03:34:39.596+0000] {dagbag.py:588} INFO - Filling up the DagBag from /opt/airflow/dags/ETL.py
[2025-12-16T03:34:39.618+0000] {processor.py:925} INFO - DAG(s) 'ETL_process' retrieved from /opt/airflow/dags/ETL.py
[2025-12-16T03:34:39.651+0000] {logging_mixin.py:190} INFO - [2025-12-16T03:34:39.651+0000] {dag.py:3239} INFO - Sync 1 DAGs
[2025-12-16T03:34:39.667+0000] {logging_mixin.py:190} INFO - [2025-12-16T03:34:39.666+0000] {dag.py:4180} INFO - Setting next_dagrun for ETL_process to None, run_after=None
[2025-12-16T03:34:39.687+0000] {processor.py:208} INFO - Processing /opt/airflow/dags/ETL.py took 0.106 seconds
[2025-12-16T03:35:10.033+0000] {processor.py:186} INFO - Started process (PID=964) to work on /opt/airflow/dags/ETL.py
[2025-12-16T03:35:10.036+0000] {processor.py:914} INFO - Processing file /opt/airflow/dags/ETL.py for tasks to queue
[2025-12-16T03:35:10.043+0000] {logging_mixin.py:190} INFO - [2025-12-16T03:35:10.043+0000] {dagbag.py:588} INFO - Filling up the DagBag from /opt/airflow/dags/ETL.py
[2025-12-16T03:35:10.078+0000] {processor.py:925} INFO - DAG(s) 'ETL_process' retrieved from /opt/airflow/dags/ETL.py
[2025-12-16T03:35:10.131+0000] {logging_mixin.py:190} INFO - [2025-12-16T03:35:10.131+0000] {dag.py:3239} INFO - Sync 1 DAGs
[2025-12-16T03:35:10.157+0000] {logging_mixin.py:190} INFO - [2025-12-16T03:35:10.156+0000] {dag.py:4180} INFO - Setting next_dagrun for ETL_process to None, run_after=None
[2025-12-16T03:35:10.186+0000] {processor.py:208} INFO - Processing /opt/airflow/dags/ETL.py took 0.167 seconds
[2025-12-16T03:35:40.770+0000] {processor.py:186} INFO - Started process (PID=974) to work on /opt/airflow/dags/ETL.py
[2025-12-16T03:35:40.774+0000] {processor.py:914} INFO - Processing file /opt/airflow/dags/ETL.py for tasks to queue
[2025-12-16T03:35:40.794+0000] {logging_mixin.py:190} INFO - [2025-12-16T03:35:40.793+0000] {dagbag.py:588} INFO - Filling up the DagBag from /opt/airflow/dags/ETL.py
[2025-12-16T03:35:40.893+0000] {processor.py:925} INFO - DAG(s) 'ETL_process' retrieved from /opt/airflow/dags/ETL.py
[2025-12-16T03:35:41.012+0000] {logging_mixin.py:190} INFO - [2025-12-16T03:35:41.011+0000] {dag.py:3239} INFO - Sync 1 DAGs
[2025-12-16T03:35:41.071+0000] {logging_mixin.py:190} INFO - [2025-12-16T03:35:41.071+0000] {dag.py:4180} INFO - Setting next_dagrun for ETL_process to None, run_after=None
[2025-12-16T03:35:41.135+0000] {processor.py:208} INFO - Processing /opt/airflow/dags/ETL.py took 0.399 seconds
[2025-12-16T03:36:11.518+0000] {processor.py:186} INFO - Started process (PID=984) to work on /opt/airflow/dags/ETL.py
[2025-12-16T03:36:11.520+0000] {processor.py:914} INFO - Processing file /opt/airflow/dags/ETL.py for tasks to queue
[2025-12-16T03:36:11.523+0000] {logging_mixin.py:190} INFO - [2025-12-16T03:36:11.523+0000] {dagbag.py:588} INFO - Filling up the DagBag from /opt/airflow/dags/ETL.py
[2025-12-16T03:36:11.548+0000] {processor.py:925} INFO - DAG(s) 'ETL_process' retrieved from /opt/airflow/dags/ETL.py
[2025-12-16T03:36:11.586+0000] {logging_mixin.py:190} INFO - [2025-12-16T03:36:11.585+0000] {dag.py:3239} INFO - Sync 1 DAGs
[2025-12-16T03:36:11.605+0000] {logging_mixin.py:190} INFO - [2025-12-16T03:36:11.605+0000] {dag.py:4180} INFO - Setting next_dagrun for ETL_process to None, run_after=None
[2025-12-16T03:36:11.626+0000] {processor.py:208} INFO - Processing /opt/airflow/dags/ETL.py took 0.117 seconds
[2025-12-16T03:36:41.913+0000] {processor.py:186} INFO - Started process (PID=994) to work on /opt/airflow/dags/ETL.py
[2025-12-16T03:36:41.914+0000] {processor.py:914} INFO - Processing file /opt/airflow/dags/ETL.py for tasks to queue
[2025-12-16T03:36:41.918+0000] {logging_mixin.py:190} INFO - [2025-12-16T03:36:41.918+0000] {dagbag.py:588} INFO - Filling up the DagBag from /opt/airflow/dags/ETL.py
[2025-12-16T03:36:41.944+0000] {processor.py:925} INFO - DAG(s) 'ETL_process' retrieved from /opt/airflow/dags/ETL.py
[2025-12-16T03:36:41.988+0000] {logging_mixin.py:190} INFO - [2025-12-16T03:36:41.987+0000] {dag.py:3239} INFO - Sync 1 DAGs
[2025-12-16T03:36:42.013+0000] {logging_mixin.py:190} INFO - [2025-12-16T03:36:42.012+0000] {dag.py:4180} INFO - Setting next_dagrun for ETL_process to None, run_after=None
[2025-12-16T03:36:42.037+0000] {processor.py:208} INFO - Processing /opt/airflow/dags/ETL.py took 0.136 seconds
[2025-12-16T03:37:12.461+0000] {processor.py:186} INFO - Started process (PID=1007) to work on /opt/airflow/dags/ETL.py
[2025-12-16T03:37:12.469+0000] {processor.py:914} INFO - Processing file /opt/airflow/dags/ETL.py for tasks to queue
[2025-12-16T03:37:12.476+0000] {logging_mixin.py:190} INFO - [2025-12-16T03:37:12.475+0000] {dagbag.py:588} INFO - Filling up the DagBag from /opt/airflow/dags/ETL.py
[2025-12-16T03:37:12.529+0000] {processor.py:925} INFO - DAG(s) 'ETL_process' retrieved from /opt/airflow/dags/ETL.py
[2025-12-16T03:37:12.644+0000] {logging_mixin.py:190} INFO - [2025-12-16T03:37:12.643+0000] {dag.py:3239} INFO - Sync 1 DAGs
[2025-12-16T03:37:12.701+0000] {logging_mixin.py:190} INFO - [2025-12-16T03:37:12.700+0000] {dag.py:4180} INFO - Setting next_dagrun for ETL_process to None, run_after=None
[2025-12-16T03:37:12.768+0000] {processor.py:208} INFO - Processing /opt/airflow/dags/ETL.py took 0.328 seconds
[2025-12-16T03:37:43.420+0000] {processor.py:186} INFO - Started process (PID=1017) to work on /opt/airflow/dags/ETL.py
[2025-12-16T03:37:43.423+0000] {processor.py:914} INFO - Processing file /opt/airflow/dags/ETL.py for tasks to queue
[2025-12-16T03:37:43.431+0000] {logging_mixin.py:190} INFO - [2025-12-16T03:37:43.430+0000] {dagbag.py:588} INFO - Filling up the DagBag from /opt/airflow/dags/ETL.py
[2025-12-16T03:37:43.499+0000] {processor.py:925} INFO - DAG(s) 'ETL_process' retrieved from /opt/airflow/dags/ETL.py
[2025-12-16T03:37:43.583+0000] {logging_mixin.py:190} INFO - [2025-12-16T03:37:43.582+0000] {dag.py:3239} INFO - Sync 1 DAGs
[2025-12-16T03:37:43.623+0000] {logging_mixin.py:190} INFO - [2025-12-16T03:37:43.623+0000] {dag.py:4180} INFO - Setting next_dagrun for ETL_process to None, run_after=None
[2025-12-16T03:37:43.678+0000] {processor.py:208} INFO - Processing /opt/airflow/dags/ETL.py took 0.278 seconds
[2025-12-16T03:38:14.294+0000] {processor.py:186} INFO - Started process (PID=1027) to work on /opt/airflow/dags/ETL.py
[2025-12-16T03:38:14.296+0000] {processor.py:914} INFO - Processing file /opt/airflow/dags/ETL.py for tasks to queue
[2025-12-16T03:38:14.303+0000] {logging_mixin.py:190} INFO - [2025-12-16T03:38:14.303+0000] {dagbag.py:588} INFO - Filling up the DagBag from /opt/airflow/dags/ETL.py
[2025-12-16T03:38:14.340+0000] {processor.py:925} INFO - DAG(s) 'ETL_process' retrieved from /opt/airflow/dags/ETL.py
[2025-12-16T03:38:14.413+0000] {logging_mixin.py:190} INFO - [2025-12-16T03:38:14.413+0000] {dag.py:3239} INFO - Sync 1 DAGs
[2025-12-16T03:38:14.443+0000] {logging_mixin.py:190} INFO - [2025-12-16T03:38:14.443+0000] {dag.py:4180} INFO - Setting next_dagrun for ETL_process to None, run_after=None
[2025-12-16T03:38:14.475+0000] {processor.py:208} INFO - Processing /opt/airflow/dags/ETL.py took 0.194 seconds
[2025-12-16T03:38:45.085+0000] {processor.py:186} INFO - Started process (PID=1037) to work on /opt/airflow/dags/ETL.py
[2025-12-16T03:38:45.089+0000] {processor.py:914} INFO - Processing file /opt/airflow/dags/ETL.py for tasks to queue
[2025-12-16T03:38:45.100+0000] {logging_mixin.py:190} INFO - [2025-12-16T03:38:45.099+0000] {dagbag.py:588} INFO - Filling up the DagBag from /opt/airflow/dags/ETL.py
[2025-12-16T03:38:45.156+0000] {processor.py:925} INFO - DAG(s) 'ETL_process' retrieved from /opt/airflow/dags/ETL.py
[2025-12-16T03:38:45.260+0000] {logging_mixin.py:190} INFO - [2025-12-16T03:38:45.260+0000] {dag.py:3239} INFO - Sync 1 DAGs
[2025-12-16T03:38:45.315+0000] {logging_mixin.py:190} INFO - [2025-12-16T03:38:45.314+0000] {dag.py:4180} INFO - Setting next_dagrun for ETL_process to None, run_after=None
[2025-12-16T03:38:45.386+0000] {processor.py:208} INFO - Processing /opt/airflow/dags/ETL.py took 0.321 seconds
[2025-12-16T03:39:15.578+0000] {processor.py:186} INFO - Started process (PID=1047) to work on /opt/airflow/dags/ETL.py
[2025-12-16T03:39:15.582+0000] {processor.py:914} INFO - Processing file /opt/airflow/dags/ETL.py for tasks to queue
[2025-12-16T03:39:15.591+0000] {logging_mixin.py:190} INFO - [2025-12-16T03:39:15.590+0000] {dagbag.py:588} INFO - Filling up the DagBag from /opt/airflow/dags/ETL.py
[2025-12-16T03:39:15.673+0000] {processor.py:925} INFO - DAG(s) 'ETL_process' retrieved from /opt/airflow/dags/ETL.py
[2025-12-16T03:39:15.781+0000] {logging_mixin.py:190} INFO - [2025-12-16T03:39:15.781+0000] {dag.py:3239} INFO - Sync 1 DAGs
[2025-12-16T03:39:15.854+0000] {logging_mixin.py:190} INFO - [2025-12-16T03:39:15.853+0000] {dag.py:4180} INFO - Setting next_dagrun for ETL_process to None, run_after=None
[2025-12-16T03:39:15.921+0000] {processor.py:208} INFO - Processing /opt/airflow/dags/ETL.py took 0.366 seconds
[2025-12-16T03:39:46.547+0000] {processor.py:186} INFO - Started process (PID=1057) to work on /opt/airflow/dags/ETL.py
[2025-12-16T03:39:46.551+0000] {processor.py:914} INFO - Processing file /opt/airflow/dags/ETL.py for tasks to queue
[2025-12-16T03:39:46.561+0000] {logging_mixin.py:190} INFO - [2025-12-16T03:39:46.560+0000] {dagbag.py:588} INFO - Filling up the DagBag from /opt/airflow/dags/ETL.py
[2025-12-16T03:39:46.627+0000] {processor.py:925} INFO - DAG(s) 'ETL_process' retrieved from /opt/airflow/dags/ETL.py
[2025-12-16T03:39:46.707+0000] {logging_mixin.py:190} INFO - [2025-12-16T03:39:46.707+0000] {dag.py:3239} INFO - Sync 1 DAGs
[2025-12-16T03:39:46.752+0000] {logging_mixin.py:190} INFO - [2025-12-16T03:39:46.752+0000] {dag.py:4180} INFO - Setting next_dagrun for ETL_process to None, run_after=None
[2025-12-16T03:39:46.807+0000] {processor.py:208} INFO - Processing /opt/airflow/dags/ETL.py took 0.285 seconds
[2025-12-16T03:40:17.420+0000] {processor.py:186} INFO - Started process (PID=1067) to work on /opt/airflow/dags/ETL.py
[2025-12-16T03:40:17.423+0000] {processor.py:914} INFO - Processing file /opt/airflow/dags/ETL.py for tasks to queue
[2025-12-16T03:40:17.434+0000] {logging_mixin.py:190} INFO - [2025-12-16T03:40:17.430+0000] {dagbag.py:588} INFO - Filling up the DagBag from /opt/airflow/dags/ETL.py
[2025-12-16T03:40:17.521+0000] {processor.py:925} INFO - DAG(s) 'ETL_process' retrieved from /opt/airflow/dags/ETL.py
[2025-12-16T03:40:17.633+0000] {logging_mixin.py:190} INFO - [2025-12-16T03:40:17.632+0000] {dag.py:3239} INFO - Sync 1 DAGs
[2025-12-16T03:40:17.685+0000] {logging_mixin.py:190} INFO - [2025-12-16T03:40:17.684+0000] {dag.py:4180} INFO - Setting next_dagrun for ETL_process to None, run_after=None
[2025-12-16T03:40:17.749+0000] {processor.py:208} INFO - Processing /opt/airflow/dags/ETL.py took 0.356 seconds
[2025-12-16T03:40:48.366+0000] {processor.py:186} INFO - Started process (PID=1077) to work on /opt/airflow/dags/ETL.py
[2025-12-16T03:40:48.369+0000] {processor.py:914} INFO - Processing file /opt/airflow/dags/ETL.py for tasks to queue
[2025-12-16T03:40:48.377+0000] {logging_mixin.py:190} INFO - [2025-12-16T03:40:48.376+0000] {dagbag.py:588} INFO - Filling up the DagBag from /opt/airflow/dags/ETL.py
[2025-12-16T03:40:48.450+0000] {processor.py:925} INFO - DAG(s) 'ETL_process' retrieved from /opt/airflow/dags/ETL.py
[2025-12-16T03:40:48.537+0000] {logging_mixin.py:190} INFO - [2025-12-16T03:40:48.536+0000] {dag.py:3239} INFO - Sync 1 DAGs
[2025-12-16T03:40:48.583+0000] {logging_mixin.py:190} INFO - [2025-12-16T03:40:48.583+0000] {dag.py:4180} INFO - Setting next_dagrun for ETL_process to None, run_after=None
[2025-12-16T03:40:48.644+0000] {processor.py:208} INFO - Processing /opt/airflow/dags/ETL.py took 0.298 seconds
[2025-12-16T03:41:18.906+0000] {processor.py:186} INFO - Started process (PID=1087) to work on /opt/airflow/dags/ETL.py
[2025-12-16T03:41:18.910+0000] {processor.py:914} INFO - Processing file /opt/airflow/dags/ETL.py for tasks to queue
[2025-12-16T03:41:18.918+0000] {logging_mixin.py:190} INFO - [2025-12-16T03:41:18.917+0000] {dagbag.py:588} INFO - Filling up the DagBag from /opt/airflow/dags/ETL.py
[2025-12-16T03:41:18.981+0000] {processor.py:925} INFO - DAG(s) 'ETL_process' retrieved from /opt/airflow/dags/ETL.py
[2025-12-16T03:41:19.056+0000] {logging_mixin.py:190} INFO - [2025-12-16T03:41:19.055+0000] {dag.py:3239} INFO - Sync 1 DAGs
[2025-12-16T03:41:19.098+0000] {logging_mixin.py:190} INFO - [2025-12-16T03:41:19.097+0000] {dag.py:4180} INFO - Setting next_dagrun for ETL_process to None, run_after=None
[2025-12-16T03:41:19.151+0000] {processor.py:208} INFO - Processing /opt/airflow/dags/ETL.py took 0.270 seconds
[2025-12-16T03:41:49.791+0000] {processor.py:186} INFO - Started process (PID=1097) to work on /opt/airflow/dags/ETL.py
[2025-12-16T03:41:49.802+0000] {processor.py:914} INFO - Processing file /opt/airflow/dags/ETL.py for tasks to queue
[2025-12-16T03:41:49.812+0000] {logging_mixin.py:190} INFO - [2025-12-16T03:41:49.809+0000] {dagbag.py:588} INFO - Filling up the DagBag from /opt/airflow/dags/ETL.py
[2025-12-16T03:41:49.873+0000] {processor.py:925} INFO - DAG(s) 'ETL_process' retrieved from /opt/airflow/dags/ETL.py
[2025-12-16T03:41:49.971+0000] {logging_mixin.py:190} INFO - [2025-12-16T03:41:49.970+0000] {dag.py:3239} INFO - Sync 1 DAGs
[2025-12-16T03:41:50.014+0000] {logging_mixin.py:190} INFO - [2025-12-16T03:41:50.014+0000] {dag.py:4180} INFO - Setting next_dagrun for ETL_process to None, run_after=None
[2025-12-16T03:41:50.070+0000] {processor.py:208} INFO - Processing /opt/airflow/dags/ETL.py took 0.303 seconds
[2025-12-16T03:42:20.679+0000] {processor.py:186} INFO - Started process (PID=1107) to work on /opt/airflow/dags/ETL.py
[2025-12-16T03:42:20.681+0000] {processor.py:914} INFO - Processing file /opt/airflow/dags/ETL.py for tasks to queue
[2025-12-16T03:42:20.690+0000] {logging_mixin.py:190} INFO - [2025-12-16T03:42:20.689+0000] {dagbag.py:588} INFO - Filling up the DagBag from /opt/airflow/dags/ETL.py
[2025-12-16T03:42:20.764+0000] {processor.py:925} INFO - DAG(s) 'ETL_process' retrieved from /opt/airflow/dags/ETL.py
[2025-12-16T03:42:20.860+0000] {logging_mixin.py:190} INFO - [2025-12-16T03:42:20.859+0000] {dag.py:3239} INFO - Sync 1 DAGs
[2025-12-16T03:42:20.903+0000] {logging_mixin.py:190} INFO - [2025-12-16T03:42:20.902+0000] {dag.py:4180} INFO - Setting next_dagrun for ETL_process to None, run_after=None
[2025-12-16T03:42:20.962+0000] {processor.py:208} INFO - Processing /opt/airflow/dags/ETL.py took 0.307 seconds
[2025-12-16T03:42:51.442+0000] {processor.py:186} INFO - Started process (PID=1117) to work on /opt/airflow/dags/ETL.py
[2025-12-16T03:42:51.443+0000] {processor.py:914} INFO - Processing file /opt/airflow/dags/ETL.py for tasks to queue
[2025-12-16T03:42:51.446+0000] {logging_mixin.py:190} INFO - [2025-12-16T03:42:51.446+0000] {dagbag.py:588} INFO - Filling up the DagBag from /opt/airflow/dags/ETL.py
[2025-12-16T03:42:51.477+0000] {processor.py:925} INFO - DAG(s) 'ETL_process' retrieved from /opt/airflow/dags/ETL.py
[2025-12-16T03:42:51.519+0000] {logging_mixin.py:190} INFO - [2025-12-16T03:42:51.519+0000] {dag.py:3239} INFO - Sync 1 DAGs
[2025-12-16T03:42:51.534+0000] {logging_mixin.py:190} INFO - [2025-12-16T03:42:51.534+0000] {dag.py:4180} INFO - Setting next_dagrun for ETL_process to None, run_after=None
[2025-12-16T03:42:51.553+0000] {processor.py:208} INFO - Processing /opt/airflow/dags/ETL.py took 0.122 seconds
[2025-12-16T03:43:21.979+0000] {processor.py:186} INFO - Started process (PID=1127) to work on /opt/airflow/dags/ETL.py
[2025-12-16T03:43:21.981+0000] {processor.py:914} INFO - Processing file /opt/airflow/dags/ETL.py for tasks to queue
[2025-12-16T03:43:21.991+0000] {logging_mixin.py:190} INFO - [2025-12-16T03:43:21.990+0000] {dagbag.py:588} INFO - Filling up the DagBag from /opt/airflow/dags/ETL.py
[2025-12-16T03:43:22.070+0000] {processor.py:925} INFO - DAG(s) 'ETL_process' retrieved from /opt/airflow/dags/ETL.py
[2025-12-16T03:43:22.170+0000] {logging_mixin.py:190} INFO - [2025-12-16T03:43:22.170+0000] {dag.py:3239} INFO - Sync 1 DAGs
[2025-12-16T03:43:22.200+0000] {logging_mixin.py:190} INFO - [2025-12-16T03:43:22.200+0000] {dag.py:4180} INFO - Setting next_dagrun for ETL_process to None, run_after=None
[2025-12-16T03:43:22.253+0000] {processor.py:208} INFO - Processing /opt/airflow/dags/ETL.py took 0.297 seconds
[2025-12-16T03:43:52.817+0000] {processor.py:186} INFO - Started process (PID=1137) to work on /opt/airflow/dags/ETL.py
[2025-12-16T03:43:52.819+0000] {processor.py:914} INFO - Processing file /opt/airflow/dags/ETL.py for tasks to queue
[2025-12-16T03:43:52.827+0000] {logging_mixin.py:190} INFO - [2025-12-16T03:43:52.826+0000] {dagbag.py:588} INFO - Filling up the DagBag from /opt/airflow/dags/ETL.py
[2025-12-16T03:43:52.864+0000] {processor.py:925} INFO - DAG(s) 'ETL_process' retrieved from /opt/airflow/dags/ETL.py
[2025-12-16T03:43:52.946+0000] {logging_mixin.py:190} INFO - [2025-12-16T03:43:52.945+0000] {dag.py:3239} INFO - Sync 1 DAGs
[2025-12-16T03:43:52.993+0000] {logging_mixin.py:190} INFO - [2025-12-16T03:43:52.992+0000] {dag.py:4180} INFO - Setting next_dagrun for ETL_process to None, run_after=None
[2025-12-16T03:43:53.047+0000] {processor.py:208} INFO - Processing /opt/airflow/dags/ETL.py took 0.245 seconds
[2025-12-16T03:44:23.889+0000] {processor.py:186} INFO - Started process (PID=1147) to work on /opt/airflow/dags/ETL.py
[2025-12-16T03:44:23.893+0000] {processor.py:914} INFO - Processing file /opt/airflow/dags/ETL.py for tasks to queue
[2025-12-16T03:44:23.906+0000] {logging_mixin.py:190} INFO - [2025-12-16T03:44:23.904+0000] {dagbag.py:588} INFO - Filling up the DagBag from /opt/airflow/dags/ETL.py
[2025-12-16T03:44:23.972+0000] {processor.py:925} INFO - DAG(s) 'ETL_process' retrieved from /opt/airflow/dags/ETL.py
[2025-12-16T03:44:24.054+0000] {logging_mixin.py:190} INFO - [2025-12-16T03:44:24.053+0000] {dag.py:3239} INFO - Sync 1 DAGs
[2025-12-16T03:44:24.104+0000] {logging_mixin.py:190} INFO - [2025-12-16T03:44:24.103+0000] {dag.py:4180} INFO - Setting next_dagrun for ETL_process to None, run_after=None
[2025-12-16T03:44:24.185+0000] {processor.py:208} INFO - Processing /opt/airflow/dags/ETL.py took 0.321 seconds
[2025-12-16T03:44:54.486+0000] {processor.py:186} INFO - Started process (PID=1157) to work on /opt/airflow/dags/ETL.py
[2025-12-16T03:44:54.489+0000] {processor.py:914} INFO - Processing file /opt/airflow/dags/ETL.py for tasks to queue
[2025-12-16T03:44:54.502+0000] {logging_mixin.py:190} INFO - [2025-12-16T03:44:54.500+0000] {dagbag.py:588} INFO - Filling up the DagBag from /opt/airflow/dags/ETL.py
[2025-12-16T03:44:54.581+0000] {processor.py:925} INFO - DAG(s) 'ETL_process' retrieved from /opt/airflow/dags/ETL.py
[2025-12-16T03:44:54.684+0000] {logging_mixin.py:190} INFO - [2025-12-16T03:44:54.683+0000] {dag.py:3239} INFO - Sync 1 DAGs
[2025-12-16T03:44:54.738+0000] {logging_mixin.py:190} INFO - [2025-12-16T03:44:54.738+0000] {dag.py:4180} INFO - Setting next_dagrun for ETL_process to None, run_after=None
[2025-12-16T03:44:54.821+0000] {processor.py:208} INFO - Processing /opt/airflow/dags/ETL.py took 0.368 seconds
[2025-12-16T03:45:25.435+0000] {processor.py:186} INFO - Started process (PID=1167) to work on /opt/airflow/dags/ETL.py
[2025-12-16T03:45:25.438+0000] {processor.py:914} INFO - Processing file /opt/airflow/dags/ETL.py for tasks to queue
[2025-12-16T03:45:25.449+0000] {logging_mixin.py:190} INFO - [2025-12-16T03:45:25.445+0000] {dagbag.py:588} INFO - Filling up the DagBag from /opt/airflow/dags/ETL.py
[2025-12-16T03:45:25.522+0000] {processor.py:925} INFO - DAG(s) 'ETL_process' retrieved from /opt/airflow/dags/ETL.py
[2025-12-16T03:45:25.632+0000] {logging_mixin.py:190} INFO - [2025-12-16T03:45:25.632+0000] {dag.py:3239} INFO - Sync 1 DAGs
[2025-12-16T03:45:25.676+0000] {logging_mixin.py:190} INFO - [2025-12-16T03:45:25.676+0000] {dag.py:4180} INFO - Setting next_dagrun for ETL_process to None, run_after=None
[2025-12-16T03:45:25.727+0000] {processor.py:208} INFO - Processing /opt/airflow/dags/ETL.py took 0.316 seconds
[2025-12-16T03:45:56.382+0000] {processor.py:186} INFO - Started process (PID=1177) to work on /opt/airflow/dags/ETL.py
[2025-12-16T03:45:56.386+0000] {processor.py:914} INFO - Processing file /opt/airflow/dags/ETL.py for tasks to queue
[2025-12-16T03:45:56.396+0000] {logging_mixin.py:190} INFO - [2025-12-16T03:45:56.394+0000] {dagbag.py:588} INFO - Filling up the DagBag from /opt/airflow/dags/ETL.py
[2025-12-16T03:45:56.479+0000] {processor.py:925} INFO - DAG(s) 'ETL_process' retrieved from /opt/airflow/dags/ETL.py
[2025-12-16T03:45:56.590+0000] {logging_mixin.py:190} INFO - [2025-12-16T03:45:56.589+0000] {dag.py:3239} INFO - Sync 1 DAGs
[2025-12-16T03:45:56.682+0000] {logging_mixin.py:190} INFO - [2025-12-16T03:45:56.681+0000] {dag.py:4180} INFO - Setting next_dagrun for ETL_process to None, run_after=None
[2025-12-16T03:45:56.773+0000] {processor.py:208} INFO - Processing /opt/airflow/dags/ETL.py took 0.422 seconds
[2025-12-16T03:46:27.063+0000] {processor.py:186} INFO - Started process (PID=1187) to work on /opt/airflow/dags/ETL.py
[2025-12-16T03:46:27.066+0000] {processor.py:914} INFO - Processing file /opt/airflow/dags/ETL.py for tasks to queue
[2025-12-16T03:46:27.074+0000] {logging_mixin.py:190} INFO - [2025-12-16T03:46:27.073+0000] {dagbag.py:588} INFO - Filling up the DagBag from /opt/airflow/dags/ETL.py
[2025-12-16T03:46:27.143+0000] {processor.py:925} INFO - DAG(s) 'ETL_process' retrieved from /opt/airflow/dags/ETL.py
[2025-12-16T03:46:27.234+0000] {logging_mixin.py:190} INFO - [2025-12-16T03:46:27.233+0000] {dag.py:3239} INFO - Sync 1 DAGs
[2025-12-16T03:46:27.280+0000] {logging_mixin.py:190} INFO - [2025-12-16T03:46:27.279+0000] {dag.py:4180} INFO - Setting next_dagrun for ETL_process to None, run_after=None
[2025-12-16T03:46:27.336+0000] {processor.py:208} INFO - Processing /opt/airflow/dags/ETL.py took 0.296 seconds
[2025-12-16T03:46:57.791+0000] {processor.py:186} INFO - Started process (PID=1210) to work on /opt/airflow/dags/ETL.py
[2025-12-16T03:46:57.795+0000] {processor.py:914} INFO - Processing file /opt/airflow/dags/ETL.py for tasks to queue
[2025-12-16T03:46:57.802+0000] {logging_mixin.py:190} INFO - [2025-12-16T03:46:57.801+0000] {dagbag.py:588} INFO - Filling up the DagBag from /opt/airflow/dags/ETL.py
[2025-12-16T03:46:57.844+0000] {processor.py:925} INFO - DAG(s) 'ETL_process' retrieved from /opt/airflow/dags/ETL.py
[2025-12-16T03:46:57.907+0000] {logging_mixin.py:190} INFO - [2025-12-16T03:46:57.907+0000] {dag.py:3239} INFO - Sync 1 DAGs
[2025-12-16T03:46:57.942+0000] {logging_mixin.py:190} INFO - [2025-12-16T03:46:57.942+0000] {dag.py:4180} INFO - Setting next_dagrun for ETL_process to None, run_after=None
[2025-12-16T03:46:57.977+0000] {processor.py:208} INFO - Processing /opt/airflow/dags/ETL.py took 0.204 seconds
[2025-12-16T03:47:28.436+0000] {processor.py:186} INFO - Started process (PID=1220) to work on /opt/airflow/dags/ETL.py
[2025-12-16T03:47:28.439+0000] {processor.py:914} INFO - Processing file /opt/airflow/dags/ETL.py for tasks to queue
[2025-12-16T03:47:28.447+0000] {logging_mixin.py:190} INFO - [2025-12-16T03:47:28.446+0000] {dagbag.py:588} INFO - Filling up the DagBag from /opt/airflow/dags/ETL.py
[2025-12-16T03:47:28.486+0000] {processor.py:925} INFO - DAG(s) 'ETL_process' retrieved from /opt/airflow/dags/ETL.py
[2025-12-16T03:47:28.542+0000] {logging_mixin.py:190} INFO - [2025-12-16T03:47:28.542+0000] {dag.py:3239} INFO - Sync 1 DAGs
[2025-12-16T03:47:28.576+0000] {logging_mixin.py:190} INFO - [2025-12-16T03:47:28.575+0000] {dag.py:4180} INFO - Setting next_dagrun for ETL_process to None, run_after=None
[2025-12-16T03:47:28.605+0000] {processor.py:208} INFO - Processing /opt/airflow/dags/ETL.py took 0.186 seconds
[2025-12-16T03:47:58.965+0000] {processor.py:186} INFO - Started process (PID=1243) to work on /opt/airflow/dags/ETL.py
[2025-12-16T03:47:58.967+0000] {processor.py:914} INFO - Processing file /opt/airflow/dags/ETL.py for tasks to queue
[2025-12-16T03:47:58.972+0000] {logging_mixin.py:190} INFO - [2025-12-16T03:47:58.972+0000] {dagbag.py:588} INFO - Filling up the DagBag from /opt/airflow/dags/ETL.py
[2025-12-16T03:47:59.000+0000] {processor.py:925} INFO - DAG(s) 'ETL_process' retrieved from /opt/airflow/dags/ETL.py
[2025-12-16T03:47:59.045+0000] {logging_mixin.py:190} INFO - [2025-12-16T03:47:59.045+0000] {dag.py:3239} INFO - Sync 1 DAGs
[2025-12-16T03:47:59.069+0000] {logging_mixin.py:190} INFO - [2025-12-16T03:47:59.068+0000] {dag.py:4180} INFO - Setting next_dagrun for ETL_process to None, run_after=None
[2025-12-16T03:47:59.099+0000] {processor.py:208} INFO - Processing /opt/airflow/dags/ETL.py took 0.146 seconds
[2025-12-16T03:48:29.472+0000] {processor.py:186} INFO - Started process (PID=1267) to work on /opt/airflow/dags/ETL.py
[2025-12-16T03:48:29.474+0000] {processor.py:914} INFO - Processing file /opt/airflow/dags/ETL.py for tasks to queue
[2025-12-16T03:48:29.479+0000] {logging_mixin.py:190} INFO - [2025-12-16T03:48:29.479+0000] {dagbag.py:588} INFO - Filling up the DagBag from /opt/airflow/dags/ETL.py
[2025-12-16T03:48:29.507+0000] {processor.py:925} INFO - DAG(s) 'ETL_process' retrieved from /opt/airflow/dags/ETL.py
[2025-12-16T03:48:29.551+0000] {logging_mixin.py:190} INFO - [2025-12-16T03:48:29.550+0000] {dag.py:3239} INFO - Sync 1 DAGs
[2025-12-16T03:48:29.574+0000] {logging_mixin.py:190} INFO - [2025-12-16T03:48:29.573+0000] {dag.py:4180} INFO - Setting next_dagrun for ETL_process to None, run_after=None
[2025-12-16T03:48:29.601+0000] {processor.py:208} INFO - Processing /opt/airflow/dags/ETL.py took 0.141 seconds
[2025-12-16T03:49:00.097+0000] {processor.py:186} INFO - Started process (PID=1277) to work on /opt/airflow/dags/ETL.py
[2025-12-16T03:49:00.101+0000] {processor.py:914} INFO - Processing file /opt/airflow/dags/ETL.py for tasks to queue
[2025-12-16T03:49:00.110+0000] {logging_mixin.py:190} INFO - [2025-12-16T03:49:00.109+0000] {dagbag.py:588} INFO - Filling up the DagBag from /opt/airflow/dags/ETL.py
[2025-12-16T03:49:00.174+0000] {processor.py:925} INFO - DAG(s) 'ETL_process' retrieved from /opt/airflow/dags/ETL.py
[2025-12-16T03:49:00.247+0000] {logging_mixin.py:190} INFO - [2025-12-16T03:49:00.247+0000] {dag.py:3239} INFO - Sync 1 DAGs
[2025-12-16T03:49:00.289+0000] {logging_mixin.py:190} INFO - [2025-12-16T03:49:00.288+0000] {dag.py:4180} INFO - Setting next_dagrun for ETL_process to None, run_after=None
[2025-12-16T03:49:00.336+0000] {processor.py:208} INFO - Processing /opt/airflow/dags/ETL.py took 0.258 seconds
[2025-12-16T03:49:30.767+0000] {processor.py:186} INFO - Started process (PID=1287) to work on /opt/airflow/dags/ETL.py
[2025-12-16T03:49:30.770+0000] {processor.py:914} INFO - Processing file /opt/airflow/dags/ETL.py for tasks to queue
[2025-12-16T03:49:30.779+0000] {logging_mixin.py:190} INFO - [2025-12-16T03:49:30.777+0000] {dagbag.py:588} INFO - Filling up the DagBag from /opt/airflow/dags/ETL.py
[2025-12-16T03:49:30.859+0000] {processor.py:925} INFO - DAG(s) 'ETL_process' retrieved from /opt/airflow/dags/ETL.py
[2025-12-16T03:49:30.949+0000] {logging_mixin.py:190} INFO - [2025-12-16T03:49:30.949+0000] {dag.py:3239} INFO - Sync 1 DAGs
[2025-12-16T03:49:30.998+0000] {logging_mixin.py:190} INFO - [2025-12-16T03:49:30.998+0000] {dag.py:4180} INFO - Setting next_dagrun for ETL_process to None, run_after=None
[2025-12-16T03:49:31.048+0000] {processor.py:208} INFO - Processing /opt/airflow/dags/ETL.py took 0.304 seconds
[2025-12-16T03:50:01.504+0000] {processor.py:186} INFO - Started process (PID=1311) to work on /opt/airflow/dags/ETL.py
[2025-12-16T03:50:01.506+0000] {processor.py:914} INFO - Processing file /opt/airflow/dags/ETL.py for tasks to queue
[2025-12-16T03:50:01.511+0000] {logging_mixin.py:190} INFO - [2025-12-16T03:50:01.510+0000] {dagbag.py:588} INFO - Filling up the DagBag from /opt/airflow/dags/ETL.py
[2025-12-16T03:50:01.545+0000] {processor.py:925} INFO - DAG(s) 'ETL_process' retrieved from /opt/airflow/dags/ETL.py
[2025-12-16T03:50:01.607+0000] {logging_mixin.py:190} INFO - [2025-12-16T03:50:01.607+0000] {dag.py:3239} INFO - Sync 1 DAGs
[2025-12-16T03:50:01.635+0000] {logging_mixin.py:190} INFO - [2025-12-16T03:50:01.635+0000] {dag.py:4180} INFO - Setting next_dagrun for ETL_process to None, run_after=None
[2025-12-16T03:50:01.674+0000] {processor.py:208} INFO - Processing /opt/airflow/dags/ETL.py took 0.184 seconds
[2025-12-16T03:50:31.987+0000] {processor.py:186} INFO - Started process (PID=1321) to work on /opt/airflow/dags/ETL.py
[2025-12-16T03:50:31.990+0000] {processor.py:914} INFO - Processing file /opt/airflow/dags/ETL.py for tasks to queue
[2025-12-16T03:50:32.014+0000] {logging_mixin.py:190} INFO - [2025-12-16T03:50:32.013+0000] {dagbag.py:588} INFO - Filling up the DagBag from /opt/airflow/dags/ETL.py
[2025-12-16T03:50:32.111+0000] {processor.py:925} INFO - DAG(s) 'ETL_process' retrieved from /opt/airflow/dags/ETL.py
[2025-12-16T03:50:32.207+0000] {logging_mixin.py:190} INFO - [2025-12-16T03:50:32.207+0000] {dag.py:3239} INFO - Sync 1 DAGs
[2025-12-16T03:50:32.273+0000] {logging_mixin.py:190} INFO - [2025-12-16T03:50:32.273+0000] {dag.py:4180} INFO - Setting next_dagrun for ETL_process to None, run_after=None
[2025-12-16T03:50:32.333+0000] {processor.py:208} INFO - Processing /opt/airflow/dags/ETL.py took 0.414 seconds
[2025-12-16T03:51:02.805+0000] {processor.py:186} INFO - Started process (PID=1331) to work on /opt/airflow/dags/ETL.py
[2025-12-16T03:51:02.807+0000] {processor.py:914} INFO - Processing file /opt/airflow/dags/ETL.py for tasks to queue
[2025-12-16T03:51:02.810+0000] {logging_mixin.py:190} INFO - [2025-12-16T03:51:02.809+0000] {dagbag.py:588} INFO - Filling up the DagBag from /opt/airflow/dags/ETL.py
[2025-12-16T03:51:02.828+0000] {processor.py:925} INFO - DAG(s) 'ETL_process' retrieved from /opt/airflow/dags/ETL.py
[2025-12-16T03:51:02.857+0000] {logging_mixin.py:190} INFO - [2025-12-16T03:51:02.857+0000] {dag.py:3239} INFO - Sync 1 DAGs
[2025-12-16T03:51:02.871+0000] {logging_mixin.py:190} INFO - [2025-12-16T03:51:02.871+0000] {dag.py:4180} INFO - Setting next_dagrun for ETL_process to None, run_after=None
[2025-12-16T03:51:02.889+0000] {processor.py:208} INFO - Processing /opt/airflow/dags/ETL.py took 0.090 seconds
[2025-12-16T03:51:33.160+0000] {processor.py:186} INFO - Started process (PID=1341) to work on /opt/airflow/dags/ETL.py
[2025-12-16T03:51:33.161+0000] {processor.py:914} INFO - Processing file /opt/airflow/dags/ETL.py for tasks to queue
[2025-12-16T03:51:33.164+0000] {logging_mixin.py:190} INFO - [2025-12-16T03:51:33.164+0000] {dagbag.py:588} INFO - Filling up the DagBag from /opt/airflow/dags/ETL.py
[2025-12-16T03:51:33.184+0000] {processor.py:925} INFO - DAG(s) 'ETL_process' retrieved from /opt/airflow/dags/ETL.py
[2025-12-16T03:51:33.217+0000] {logging_mixin.py:190} INFO - [2025-12-16T03:51:33.216+0000] {dag.py:3239} INFO - Sync 1 DAGs
[2025-12-16T03:51:33.231+0000] {logging_mixin.py:190} INFO - [2025-12-16T03:51:33.231+0000] {dag.py:4180} INFO - Setting next_dagrun for ETL_process to None, run_after=None
[2025-12-16T03:51:33.252+0000] {processor.py:208} INFO - Processing /opt/airflow/dags/ETL.py took 0.099 seconds
[2025-12-16T03:52:03.516+0000] {processor.py:186} INFO - Started process (PID=1351) to work on /opt/airflow/dags/ETL.py
[2025-12-16T03:52:03.517+0000] {processor.py:914} INFO - Processing file /opt/airflow/dags/ETL.py for tasks to queue
[2025-12-16T03:52:03.520+0000] {logging_mixin.py:190} INFO - [2025-12-16T03:52:03.520+0000] {dagbag.py:588} INFO - Filling up the DagBag from /opt/airflow/dags/ETL.py
[2025-12-16T03:52:03.539+0000] {processor.py:925} INFO - DAG(s) 'ETL_process' retrieved from /opt/airflow/dags/ETL.py
[2025-12-16T03:52:03.567+0000] {logging_mixin.py:190} INFO - [2025-12-16T03:52:03.567+0000] {dag.py:3239} INFO - Sync 1 DAGs
[2025-12-16T03:52:03.582+0000] {logging_mixin.py:190} INFO - [2025-12-16T03:52:03.582+0000] {dag.py:4180} INFO - Setting next_dagrun for ETL_process to None, run_after=None
[2025-12-16T03:52:03.601+0000] {processor.py:208} INFO - Processing /opt/airflow/dags/ETL.py took 0.092 seconds
[2025-12-16T03:52:33.872+0000] {processor.py:186} INFO - Started process (PID=1361) to work on /opt/airflow/dags/ETL.py
[2025-12-16T03:52:33.873+0000] {processor.py:914} INFO - Processing file /opt/airflow/dags/ETL.py for tasks to queue
[2025-12-16T03:52:33.877+0000] {logging_mixin.py:190} INFO - [2025-12-16T03:52:33.876+0000] {dagbag.py:588} INFO - Filling up the DagBag from /opt/airflow/dags/ETL.py
[2025-12-16T03:52:33.899+0000] {processor.py:925} INFO - DAG(s) 'ETL_process' retrieved from /opt/airflow/dags/ETL.py
[2025-12-16T03:52:33.934+0000] {logging_mixin.py:190} INFO - [2025-12-16T03:52:33.933+0000] {dag.py:3239} INFO - Sync 1 DAGs
[2025-12-16T03:52:33.950+0000] {logging_mixin.py:190} INFO - [2025-12-16T03:52:33.949+0000] {dag.py:4180} INFO - Setting next_dagrun for ETL_process to None, run_after=None
[2025-12-16T03:52:33.970+0000] {processor.py:208} INFO - Processing /opt/airflow/dags/ETL.py took 0.107 seconds
[2025-12-16T03:53:04.242+0000] {processor.py:186} INFO - Started process (PID=1371) to work on /opt/airflow/dags/ETL.py
[2025-12-16T03:53:04.243+0000] {processor.py:914} INFO - Processing file /opt/airflow/dags/ETL.py for tasks to queue
[2025-12-16T03:53:04.248+0000] {logging_mixin.py:190} INFO - [2025-12-16T03:53:04.247+0000] {dagbag.py:588} INFO - Filling up the DagBag from /opt/airflow/dags/ETL.py
[2025-12-16T03:53:04.272+0000] {processor.py:925} INFO - DAG(s) 'ETL_process' retrieved from /opt/airflow/dags/ETL.py
[2025-12-16T03:53:04.307+0000] {logging_mixin.py:190} INFO - [2025-12-16T03:53:04.307+0000] {dag.py:3239} INFO - Sync 1 DAGs
[2025-12-16T03:53:04.328+0000] {logging_mixin.py:190} INFO - [2025-12-16T03:53:04.328+0000] {dag.py:4180} INFO - Setting next_dagrun for ETL_process to None, run_after=None
[2025-12-16T03:53:04.350+0000] {processor.py:208} INFO - Processing /opt/airflow/dags/ETL.py took 0.118 seconds
[2025-12-16T03:53:34.631+0000] {processor.py:186} INFO - Started process (PID=1381) to work on /opt/airflow/dags/ETL.py
[2025-12-16T03:53:34.633+0000] {processor.py:914} INFO - Processing file /opt/airflow/dags/ETL.py for tasks to queue
[2025-12-16T03:53:34.637+0000] {logging_mixin.py:190} INFO - [2025-12-16T03:53:34.637+0000] {dagbag.py:588} INFO - Filling up the DagBag from /opt/airflow/dags/ETL.py
[2025-12-16T03:53:34.668+0000] {processor.py:925} INFO - DAG(s) 'ETL_process' retrieved from /opt/airflow/dags/ETL.py
[2025-12-16T03:53:34.711+0000] {logging_mixin.py:190} INFO - [2025-12-16T03:53:34.711+0000] {dag.py:3239} INFO - Sync 1 DAGs
[2025-12-16T03:53:34.730+0000] {logging_mixin.py:190} INFO - [2025-12-16T03:53:34.730+0000] {dag.py:4180} INFO - Setting next_dagrun for ETL_process to None, run_after=None
[2025-12-16T03:53:34.752+0000] {processor.py:208} INFO - Processing /opt/airflow/dags/ETL.py took 0.129 seconds
[2025-12-16T03:54:05.116+0000] {processor.py:186} INFO - Started process (PID=1391) to work on /opt/airflow/dags/ETL.py
[2025-12-16T03:54:05.117+0000] {processor.py:914} INFO - Processing file /opt/airflow/dags/ETL.py for tasks to queue
[2025-12-16T03:54:05.121+0000] {logging_mixin.py:190} INFO - [2025-12-16T03:54:05.120+0000] {dagbag.py:588} INFO - Filling up the DagBag from /opt/airflow/dags/ETL.py
[2025-12-16T03:54:05.149+0000] {processor.py:925} INFO - DAG(s) 'ETL_process' retrieved from /opt/airflow/dags/ETL.py
[2025-12-16T03:54:05.191+0000] {logging_mixin.py:190} INFO - [2025-12-16T03:54:05.191+0000] {dag.py:3239} INFO - Sync 1 DAGs
[2025-12-16T03:54:05.214+0000] {logging_mixin.py:190} INFO - [2025-12-16T03:54:05.213+0000] {dag.py:4180} INFO - Setting next_dagrun for ETL_process to None, run_after=None
[2025-12-16T03:54:05.241+0000] {processor.py:208} INFO - Processing /opt/airflow/dags/ETL.py took 0.134 seconds
[2025-12-16T03:54:35.553+0000] {processor.py:186} INFO - Started process (PID=1401) to work on /opt/airflow/dags/ETL.py
[2025-12-16T03:54:35.555+0000] {processor.py:914} INFO - Processing file /opt/airflow/dags/ETL.py for tasks to queue
[2025-12-16T03:54:35.560+0000] {logging_mixin.py:190} INFO - [2025-12-16T03:54:35.559+0000] {dagbag.py:588} INFO - Filling up the DagBag from /opt/airflow/dags/ETL.py
[2025-12-16T03:54:35.585+0000] {processor.py:925} INFO - DAG(s) 'ETL_process' retrieved from /opt/airflow/dags/ETL.py
[2025-12-16T03:54:35.625+0000] {logging_mixin.py:190} INFO - [2025-12-16T03:54:35.624+0000] {dag.py:3239} INFO - Sync 1 DAGs
[2025-12-16T03:54:35.644+0000] {logging_mixin.py:190} INFO - [2025-12-16T03:54:35.643+0000] {dag.py:4180} INFO - Setting next_dagrun for ETL_process to None, run_after=None
[2025-12-16T03:54:35.684+0000] {processor.py:208} INFO - Processing /opt/airflow/dags/ETL.py took 0.141 seconds
[2025-12-16T03:55:06.000+0000] {processor.py:186} INFO - Started process (PID=1411) to work on /opt/airflow/dags/ETL.py
[2025-12-16T03:55:06.002+0000] {processor.py:914} INFO - Processing file /opt/airflow/dags/ETL.py for tasks to queue
[2025-12-16T03:55:06.007+0000] {logging_mixin.py:190} INFO - [2025-12-16T03:55:06.007+0000] {dagbag.py:588} INFO - Filling up the DagBag from /opt/airflow/dags/ETL.py
[2025-12-16T03:55:06.036+0000] {processor.py:925} INFO - DAG(s) 'ETL_process' retrieved from /opt/airflow/dags/ETL.py
[2025-12-16T03:55:06.081+0000] {logging_mixin.py:190} INFO - [2025-12-16T03:55:06.080+0000] {dag.py:3239} INFO - Sync 1 DAGs
[2025-12-16T03:55:06.102+0000] {logging_mixin.py:190} INFO - [2025-12-16T03:55:06.102+0000] {dag.py:4180} INFO - Setting next_dagrun for ETL_process to None, run_after=None
[2025-12-16T03:55:06.128+0000] {processor.py:208} INFO - Processing /opt/airflow/dags/ETL.py took 0.139 seconds
[2025-12-16T03:55:36.437+0000] {processor.py:186} INFO - Started process (PID=1421) to work on /opt/airflow/dags/ETL.py
[2025-12-16T03:55:36.438+0000] {processor.py:914} INFO - Processing file /opt/airflow/dags/ETL.py for tasks to queue
[2025-12-16T03:55:36.441+0000] {logging_mixin.py:190} INFO - [2025-12-16T03:55:36.441+0000] {dagbag.py:588} INFO - Filling up the DagBag from /opt/airflow/dags/ETL.py
[2025-12-16T03:55:36.463+0000] {processor.py:925} INFO - DAG(s) 'ETL_process' retrieved from /opt/airflow/dags/ETL.py
[2025-12-16T03:55:36.494+0000] {logging_mixin.py:190} INFO - [2025-12-16T03:55:36.494+0000] {dag.py:3239} INFO - Sync 1 DAGs
[2025-12-16T03:55:36.511+0000] {logging_mixin.py:190} INFO - [2025-12-16T03:55:36.511+0000] {dag.py:4180} INFO - Setting next_dagrun for ETL_process to None, run_after=None
[2025-12-16T03:55:36.532+0000] {processor.py:208} INFO - Processing /opt/airflow/dags/ETL.py took 0.102 seconds
[2025-12-16T03:56:06.818+0000] {processor.py:186} INFO - Started process (PID=1431) to work on /opt/airflow/dags/ETL.py
[2025-12-16T03:56:06.819+0000] {processor.py:914} INFO - Processing file /opt/airflow/dags/ETL.py for tasks to queue
[2025-12-16T03:56:06.824+0000] {logging_mixin.py:190} INFO - [2025-12-16T03:56:06.823+0000] {dagbag.py:588} INFO - Filling up the DagBag from /opt/airflow/dags/ETL.py
[2025-12-16T03:56:06.849+0000] {processor.py:925} INFO - DAG(s) 'ETL_process' retrieved from /opt/airflow/dags/ETL.py
[2025-12-16T03:56:06.885+0000] {logging_mixin.py:190} INFO - [2025-12-16T03:56:06.884+0000] {dag.py:3239} INFO - Sync 1 DAGs
[2025-12-16T03:56:06.901+0000] {logging_mixin.py:190} INFO - [2025-12-16T03:56:06.901+0000] {dag.py:4180} INFO - Setting next_dagrun for ETL_process to None, run_after=None
[2025-12-16T03:56:06.924+0000] {processor.py:208} INFO - Processing /opt/airflow/dags/ETL.py took 0.116 seconds
[2025-12-16T03:56:37.059+0000] {processor.py:186} INFO - Started process (PID=1441) to work on /opt/airflow/dags/ETL.py
[2025-12-16T03:56:37.060+0000] {processor.py:914} INFO - Processing file /opt/airflow/dags/ETL.py for tasks to queue
[2025-12-16T03:56:37.063+0000] {logging_mixin.py:190} INFO - [2025-12-16T03:56:37.062+0000] {dagbag.py:588} INFO - Filling up the DagBag from /opt/airflow/dags/ETL.py
[2025-12-16T03:56:37.083+0000] {processor.py:925} INFO - DAG(s) 'ETL_process' retrieved from /opt/airflow/dags/ETL.py
[2025-12-16T03:56:37.113+0000] {logging_mixin.py:190} INFO - [2025-12-16T03:56:37.113+0000] {dag.py:3239} INFO - Sync 1 DAGs
[2025-12-16T03:56:37.128+0000] {logging_mixin.py:190} INFO - [2025-12-16T03:56:37.128+0000] {dag.py:4180} INFO - Setting next_dagrun for ETL_process to None, run_after=None
[2025-12-16T03:56:37.146+0000] {processor.py:208} INFO - Processing /opt/airflow/dags/ETL.py took 0.094 seconds
[2025-12-16T03:57:07.456+0000] {processor.py:186} INFO - Started process (PID=1451) to work on /opt/airflow/dags/ETL.py
[2025-12-16T03:57:07.458+0000] {processor.py:914} INFO - Processing file /opt/airflow/dags/ETL.py for tasks to queue
[2025-12-16T03:57:07.464+0000] {logging_mixin.py:190} INFO - [2025-12-16T03:57:07.463+0000] {dagbag.py:588} INFO - Filling up the DagBag from /opt/airflow/dags/ETL.py
[2025-12-16T03:57:07.497+0000] {processor.py:925} INFO - DAG(s) 'ETL_process' retrieved from /opt/airflow/dags/ETL.py
[2025-12-16T03:57:07.555+0000] {logging_mixin.py:190} INFO - [2025-12-16T03:57:07.555+0000] {dag.py:3239} INFO - Sync 1 DAGs
[2025-12-16T03:57:07.578+0000] {logging_mixin.py:190} INFO - [2025-12-16T03:57:07.578+0000] {dag.py:4180} INFO - Setting next_dagrun for ETL_process to None, run_after=None
[2025-12-16T03:57:07.607+0000] {processor.py:208} INFO - Processing /opt/airflow/dags/ETL.py took 0.166 seconds
[2025-12-16T03:57:37.878+0000] {processor.py:186} INFO - Started process (PID=1461) to work on /opt/airflow/dags/ETL.py
[2025-12-16T03:57:37.879+0000] {processor.py:914} INFO - Processing file /opt/airflow/dags/ETL.py for tasks to queue
[2025-12-16T03:57:37.882+0000] {logging_mixin.py:190} INFO - [2025-12-16T03:57:37.882+0000] {dagbag.py:588} INFO - Filling up the DagBag from /opt/airflow/dags/ETL.py
[2025-12-16T03:57:37.900+0000] {processor.py:925} INFO - DAG(s) 'ETL_process' retrieved from /opt/airflow/dags/ETL.py
[2025-12-16T03:57:37.931+0000] {logging_mixin.py:190} INFO - [2025-12-16T03:57:37.931+0000] {dag.py:3239} INFO - Sync 1 DAGs
[2025-12-16T03:57:37.946+0000] {logging_mixin.py:190} INFO - [2025-12-16T03:57:37.945+0000] {dag.py:4180} INFO - Setting next_dagrun for ETL_process to None, run_after=None
[2025-12-16T03:57:37.963+0000] {processor.py:208} INFO - Processing /opt/airflow/dags/ETL.py took 0.092 seconds
[2025-12-16T03:58:08.220+0000] {processor.py:186} INFO - Started process (PID=1471) to work on /opt/airflow/dags/ETL.py
[2025-12-16T03:58:08.221+0000] {processor.py:914} INFO - Processing file /opt/airflow/dags/ETL.py for tasks to queue
[2025-12-16T03:58:08.224+0000] {logging_mixin.py:190} INFO - [2025-12-16T03:58:08.223+0000] {dagbag.py:588} INFO - Filling up the DagBag from /opt/airflow/dags/ETL.py
[2025-12-16T03:58:08.242+0000] {processor.py:925} INFO - DAG(s) 'ETL_process' retrieved from /opt/airflow/dags/ETL.py
[2025-12-16T03:58:08.273+0000] {logging_mixin.py:190} INFO - [2025-12-16T03:58:08.273+0000] {dag.py:3239} INFO - Sync 1 DAGs
[2025-12-16T03:58:08.288+0000] {logging_mixin.py:190} INFO - [2025-12-16T03:58:08.288+0000] {dag.py:4180} INFO - Setting next_dagrun for ETL_process to None, run_after=None
[2025-12-16T03:58:08.306+0000] {processor.py:208} INFO - Processing /opt/airflow/dags/ETL.py took 0.092 seconds
[2025-12-16T03:58:38.577+0000] {processor.py:186} INFO - Started process (PID=1481) to work on /opt/airflow/dags/ETL.py
[2025-12-16T03:58:38.578+0000] {processor.py:914} INFO - Processing file /opt/airflow/dags/ETL.py for tasks to queue
[2025-12-16T03:58:38.582+0000] {logging_mixin.py:190} INFO - [2025-12-16T03:58:38.581+0000] {dagbag.py:588} INFO - Filling up the DagBag from /opt/airflow/dags/ETL.py
[2025-12-16T03:58:38.603+0000] {processor.py:925} INFO - DAG(s) 'ETL_process' retrieved from /opt/airflow/dags/ETL.py
[2025-12-16T03:58:38.635+0000] {logging_mixin.py:190} INFO - [2025-12-16T03:58:38.634+0000] {dag.py:3239} INFO - Sync 1 DAGs
[2025-12-16T03:58:38.649+0000] {logging_mixin.py:190} INFO - [2025-12-16T03:58:38.649+0000] {dag.py:4180} INFO - Setting next_dagrun for ETL_process to None, run_after=None
[2025-12-16T03:58:38.668+0000] {processor.py:208} INFO - Processing /opt/airflow/dags/ETL.py took 0.098 seconds
[2025-12-16T03:59:08.988+0000] {processor.py:186} INFO - Started process (PID=1491) to work on /opt/airflow/dags/ETL.py
[2025-12-16T03:59:08.989+0000] {processor.py:914} INFO - Processing file /opt/airflow/dags/ETL.py for tasks to queue
[2025-12-16T03:59:08.992+0000] {logging_mixin.py:190} INFO - [2025-12-16T03:59:08.992+0000] {dagbag.py:588} INFO - Filling up the DagBag from /opt/airflow/dags/ETL.py
[2025-12-16T03:59:09.015+0000] {processor.py:925} INFO - DAG(s) 'ETL_process' retrieved from /opt/airflow/dags/ETL.py
[2025-12-16T03:59:09.045+0000] {logging_mixin.py:190} INFO - [2025-12-16T03:59:09.045+0000] {dag.py:3239} INFO - Sync 1 DAGs
[2025-12-16T03:59:09.060+0000] {logging_mixin.py:190} INFO - [2025-12-16T03:59:09.060+0000] {dag.py:4180} INFO - Setting next_dagrun for ETL_process to None, run_after=None
[2025-12-16T03:59:09.097+0000] {processor.py:208} INFO - Processing /opt/airflow/dags/ETL.py took 0.116 seconds
[2025-12-16T03:59:39.384+0000] {processor.py:186} INFO - Started process (PID=1501) to work on /opt/airflow/dags/ETL.py
[2025-12-16T03:59:39.385+0000] {processor.py:914} INFO - Processing file /opt/airflow/dags/ETL.py for tasks to queue
[2025-12-16T03:59:39.389+0000] {logging_mixin.py:190} INFO - [2025-12-16T03:59:39.388+0000] {dagbag.py:588} INFO - Filling up the DagBag from /opt/airflow/dags/ETL.py
[2025-12-16T03:59:39.409+0000] {processor.py:925} INFO - DAG(s) 'ETL_process' retrieved from /opt/airflow/dags/ETL.py
[2025-12-16T03:59:39.441+0000] {logging_mixin.py:190} INFO - [2025-12-16T03:59:39.441+0000] {dag.py:3239} INFO - Sync 1 DAGs
[2025-12-16T03:59:39.456+0000] {logging_mixin.py:190} INFO - [2025-12-16T03:59:39.456+0000] {dag.py:4180} INFO - Setting next_dagrun for ETL_process to None, run_after=None
[2025-12-16T03:59:39.476+0000] {processor.py:208} INFO - Processing /opt/airflow/dags/ETL.py took 0.099 seconds
[2025-12-16T04:00:09.770+0000] {processor.py:186} INFO - Started process (PID=1511) to work on /opt/airflow/dags/ETL.py
[2025-12-16T04:00:09.771+0000] {processor.py:914} INFO - Processing file /opt/airflow/dags/ETL.py for tasks to queue
[2025-12-16T04:00:09.776+0000] {logging_mixin.py:190} INFO - [2025-12-16T04:00:09.776+0000] {dagbag.py:588} INFO - Filling up the DagBag from /opt/airflow/dags/ETL.py
[2025-12-16T04:00:09.811+0000] {processor.py:925} INFO - DAG(s) 'ETL_process' retrieved from /opt/airflow/dags/ETL.py
[2025-12-16T04:00:09.865+0000] {logging_mixin.py:190} INFO - [2025-12-16T04:00:09.865+0000] {dag.py:3239} INFO - Sync 1 DAGs
[2025-12-16T04:00:09.892+0000] {logging_mixin.py:190} INFO - [2025-12-16T04:00:09.892+0000] {dag.py:4180} INFO - Setting next_dagrun for ETL_process to None, run_after=None
[2025-12-16T04:00:09.928+0000] {processor.py:208} INFO - Processing /opt/airflow/dags/ETL.py took 0.169 seconds
[2025-12-16T04:00:40.048+0000] {processor.py:186} INFO - Started process (PID=1521) to work on /opt/airflow/dags/ETL.py
[2025-12-16T04:00:40.050+0000] {processor.py:914} INFO - Processing file /opt/airflow/dags/ETL.py for tasks to queue
[2025-12-16T04:00:40.057+0000] {logging_mixin.py:190} INFO - [2025-12-16T04:00:40.056+0000] {dagbag.py:588} INFO - Filling up the DagBag from /opt/airflow/dags/ETL.py
[2025-12-16T04:00:40.094+0000] {processor.py:925} INFO - DAG(s) 'ETL_process' retrieved from /opt/airflow/dags/ETL.py
[2025-12-16T04:00:40.155+0000] {logging_mixin.py:190} INFO - [2025-12-16T04:00:40.155+0000] {dag.py:3239} INFO - Sync 1 DAGs
[2025-12-16T04:00:40.183+0000] {logging_mixin.py:190} INFO - [2025-12-16T04:00:40.182+0000] {dag.py:4180} INFO - Setting next_dagrun for ETL_process to None, run_after=None
[2025-12-16T04:00:40.216+0000] {processor.py:208} INFO - Processing /opt/airflow/dags/ETL.py took 0.180 seconds
[2025-12-16T04:01:10.502+0000] {processor.py:186} INFO - Started process (PID=1531) to work on /opt/airflow/dags/ETL.py
[2025-12-16T04:01:10.504+0000] {processor.py:914} INFO - Processing file /opt/airflow/dags/ETL.py for tasks to queue
[2025-12-16T04:01:10.508+0000] {logging_mixin.py:190} INFO - [2025-12-16T04:01:10.507+0000] {dagbag.py:588} INFO - Filling up the DagBag from /opt/airflow/dags/ETL.py
[2025-12-16T04:01:10.532+0000] {processor.py:925} INFO - DAG(s) 'ETL_process' retrieved from /opt/airflow/dags/ETL.py
[2025-12-16T04:01:10.569+0000] {logging_mixin.py:190} INFO - [2025-12-16T04:01:10.568+0000] {dag.py:3239} INFO - Sync 1 DAGs
[2025-12-16T04:01:10.587+0000] {logging_mixin.py:190} INFO - [2025-12-16T04:01:10.586+0000] {dag.py:4180} INFO - Setting next_dagrun for ETL_process to None, run_after=None
[2025-12-16T04:01:10.608+0000] {processor.py:208} INFO - Processing /opt/airflow/dags/ETL.py took 0.116 seconds
[2025-12-16T04:01:40.896+0000] {processor.py:186} INFO - Started process (PID=1541) to work on /opt/airflow/dags/ETL.py
[2025-12-16T04:01:40.898+0000] {processor.py:914} INFO - Processing file /opt/airflow/dags/ETL.py for tasks to queue
[2025-12-16T04:01:40.902+0000] {logging_mixin.py:190} INFO - [2025-12-16T04:01:40.902+0000] {dagbag.py:588} INFO - Filling up the DagBag from /opt/airflow/dags/ETL.py
[2025-12-16T04:01:40.927+0000] {processor.py:925} INFO - DAG(s) 'ETL_process' retrieved from /opt/airflow/dags/ETL.py
[2025-12-16T04:01:40.967+0000] {logging_mixin.py:190} INFO - [2025-12-16T04:01:40.966+0000] {dag.py:3239} INFO - Sync 1 DAGs
[2025-12-16T04:01:40.987+0000] {logging_mixin.py:190} INFO - [2025-12-16T04:01:40.987+0000] {dag.py:4180} INFO - Setting next_dagrun for ETL_process to None, run_after=None
[2025-12-16T04:01:41.014+0000] {processor.py:208} INFO - Processing /opt/airflow/dags/ETL.py took 0.128 seconds
[2025-12-16T04:02:11.287+0000] {processor.py:186} INFO - Started process (PID=1551) to work on /opt/airflow/dags/ETL.py
[2025-12-16T04:02:11.288+0000] {processor.py:914} INFO - Processing file /opt/airflow/dags/ETL.py for tasks to queue
[2025-12-16T04:02:11.292+0000] {logging_mixin.py:190} INFO - [2025-12-16T04:02:11.292+0000] {dagbag.py:588} INFO - Filling up the DagBag from /opt/airflow/dags/ETL.py
[2025-12-16T04:02:11.314+0000] {processor.py:925} INFO - DAG(s) 'ETL_process' retrieved from /opt/airflow/dags/ETL.py
[2025-12-16T04:02:11.350+0000] {logging_mixin.py:190} INFO - [2025-12-16T04:02:11.350+0000] {dag.py:3239} INFO - Sync 1 DAGs
[2025-12-16T04:02:11.367+0000] {logging_mixin.py:190} INFO - [2025-12-16T04:02:11.367+0000] {dag.py:4180} INFO - Setting next_dagrun for ETL_process to None, run_after=None
[2025-12-16T04:02:11.386+0000] {processor.py:208} INFO - Processing /opt/airflow/dags/ETL.py took 0.107 seconds
[2025-12-16T04:02:41.675+0000] {processor.py:186} INFO - Started process (PID=1561) to work on /opt/airflow/dags/ETL.py
[2025-12-16T04:02:41.676+0000] {processor.py:914} INFO - Processing file /opt/airflow/dags/ETL.py for tasks to queue
[2025-12-16T04:02:41.680+0000] {logging_mixin.py:190} INFO - [2025-12-16T04:02:41.679+0000] {dagbag.py:588} INFO - Filling up the DagBag from /opt/airflow/dags/ETL.py
[2025-12-16T04:02:41.704+0000] {processor.py:925} INFO - DAG(s) 'ETL_process' retrieved from /opt/airflow/dags/ETL.py
[2025-12-16T04:02:41.739+0000] {logging_mixin.py:190} INFO - [2025-12-16T04:02:41.739+0000] {dag.py:3239} INFO - Sync 1 DAGs
[2025-12-16T04:02:41.756+0000] {logging_mixin.py:190} INFO - [2025-12-16T04:02:41.756+0000] {dag.py:4180} INFO - Setting next_dagrun for ETL_process to None, run_after=None
[2025-12-16T04:02:41.775+0000] {processor.py:208} INFO - Processing /opt/airflow/dags/ETL.py took 0.109 seconds
[2025-12-16T04:03:12.047+0000] {processor.py:186} INFO - Started process (PID=1571) to work on /opt/airflow/dags/ETL.py
[2025-12-16T04:03:12.049+0000] {processor.py:914} INFO - Processing file /opt/airflow/dags/ETL.py for tasks to queue
[2025-12-16T04:03:12.052+0000] {logging_mixin.py:190} INFO - [2025-12-16T04:03:12.052+0000] {dagbag.py:588} INFO - Filling up the DagBag from /opt/airflow/dags/ETL.py
[2025-12-16T04:03:12.073+0000] {processor.py:925} INFO - DAG(s) 'ETL_process' retrieved from /opt/airflow/dags/ETL.py
[2025-12-16T04:03:12.107+0000] {logging_mixin.py:190} INFO - [2025-12-16T04:03:12.107+0000] {dag.py:3239} INFO - Sync 1 DAGs
[2025-12-16T04:03:12.123+0000] {logging_mixin.py:190} INFO - [2025-12-16T04:03:12.123+0000] {dag.py:4180} INFO - Setting next_dagrun for ETL_process to None, run_after=None
[2025-12-16T04:03:12.142+0000] {processor.py:208} INFO - Processing /opt/airflow/dags/ETL.py took 0.103 seconds
[2025-12-16T04:03:42.409+0000] {processor.py:186} INFO - Started process (PID=1581) to work on /opt/airflow/dags/ETL.py
[2025-12-16T04:03:42.411+0000] {processor.py:914} INFO - Processing file /opt/airflow/dags/ETL.py for tasks to queue
[2025-12-16T04:03:42.414+0000] {logging_mixin.py:190} INFO - [2025-12-16T04:03:42.414+0000] {dagbag.py:588} INFO - Filling up the DagBag from /opt/airflow/dags/ETL.py
[2025-12-16T04:03:42.435+0000] {processor.py:925} INFO - DAG(s) 'ETL_process' retrieved from /opt/airflow/dags/ETL.py
[2025-12-16T04:03:42.467+0000] {logging_mixin.py:190} INFO - [2025-12-16T04:03:42.467+0000] {dag.py:3239} INFO - Sync 1 DAGs
[2025-12-16T04:03:42.483+0000] {logging_mixin.py:190} INFO - [2025-12-16T04:03:42.483+0000] {dag.py:4180} INFO - Setting next_dagrun for ETL_process to None, run_after=None
[2025-12-16T04:03:42.502+0000] {processor.py:208} INFO - Processing /opt/airflow/dags/ETL.py took 0.101 seconds
[2025-12-16T04:04:12.848+0000] {processor.py:186} INFO - Started process (PID=1591) to work on /opt/airflow/dags/ETL.py
[2025-12-16T04:04:12.849+0000] {processor.py:914} INFO - Processing file /opt/airflow/dags/ETL.py for tasks to queue
[2025-12-16T04:04:12.854+0000] {logging_mixin.py:190} INFO - [2025-12-16T04:04:12.853+0000] {dagbag.py:588} INFO - Filling up the DagBag from /opt/airflow/dags/ETL.py
[2025-12-16T04:04:12.875+0000] {processor.py:925} INFO - DAG(s) 'ETL_process' retrieved from /opt/airflow/dags/ETL.py
[2025-12-16T04:04:12.916+0000] {logging_mixin.py:190} INFO - [2025-12-16T04:04:12.916+0000] {dag.py:3239} INFO - Sync 1 DAGs
[2025-12-16T04:04:12.933+0000] {logging_mixin.py:190} INFO - [2025-12-16T04:04:12.933+0000] {dag.py:4180} INFO - Setting next_dagrun for ETL_process to None, run_after=None
[2025-12-16T04:04:12.955+0000] {processor.py:208} INFO - Processing /opt/airflow/dags/ETL.py took 0.115 seconds
[2025-12-16T04:04:43.244+0000] {processor.py:186} INFO - Started process (PID=1601) to work on /opt/airflow/dags/ETL.py
[2025-12-16T04:04:43.245+0000] {processor.py:914} INFO - Processing file /opt/airflow/dags/ETL.py for tasks to queue
[2025-12-16T04:04:43.249+0000] {logging_mixin.py:190} INFO - [2025-12-16T04:04:43.249+0000] {dagbag.py:588} INFO - Filling up the DagBag from /opt/airflow/dags/ETL.py
[2025-12-16T04:04:43.271+0000] {processor.py:925} INFO - DAG(s) 'ETL_process' retrieved from /opt/airflow/dags/ETL.py
[2025-12-16T04:04:43.304+0000] {logging_mixin.py:190} INFO - [2025-12-16T04:04:43.304+0000] {dag.py:3239} INFO - Sync 1 DAGs
[2025-12-16T04:04:43.322+0000] {logging_mixin.py:190} INFO - [2025-12-16T04:04:43.321+0000] {dag.py:4180} INFO - Setting next_dagrun for ETL_process to None, run_after=None
[2025-12-16T04:04:43.342+0000] {processor.py:208} INFO - Processing /opt/airflow/dags/ETL.py took 0.106 seconds
[2025-12-16T04:05:13.632+0000] {processor.py:186} INFO - Started process (PID=1611) to work on /opt/airflow/dags/ETL.py
[2025-12-16T04:05:13.633+0000] {processor.py:914} INFO - Processing file /opt/airflow/dags/ETL.py for tasks to queue
[2025-12-16T04:05:13.636+0000] {logging_mixin.py:190} INFO - [2025-12-16T04:05:13.636+0000] {dagbag.py:588} INFO - Filling up the DagBag from /opt/airflow/dags/ETL.py
[2025-12-16T04:05:13.658+0000] {processor.py:925} INFO - DAG(s) 'ETL_process' retrieved from /opt/airflow/dags/ETL.py
[2025-12-16T04:05:13.693+0000] {logging_mixin.py:190} INFO - [2025-12-16T04:05:13.692+0000] {dag.py:3239} INFO - Sync 1 DAGs
[2025-12-16T04:05:13.710+0000] {logging_mixin.py:190} INFO - [2025-12-16T04:05:13.709+0000] {dag.py:4180} INFO - Setting next_dagrun for ETL_process to None, run_after=None
[2025-12-16T04:05:13.727+0000] {processor.py:208} INFO - Processing /opt/airflow/dags/ETL.py took 0.105 seconds
[2025-12-16T04:05:44.026+0000] {processor.py:186} INFO - Started process (PID=1621) to work on /opt/airflow/dags/ETL.py
[2025-12-16T04:05:44.027+0000] {processor.py:914} INFO - Processing file /opt/airflow/dags/ETL.py for tasks to queue
[2025-12-16T04:05:44.030+0000] {logging_mixin.py:190} INFO - [2025-12-16T04:05:44.030+0000] {dagbag.py:588} INFO - Filling up the DagBag from /opt/airflow/dags/ETL.py
[2025-12-16T04:05:44.051+0000] {processor.py:925} INFO - DAG(s) 'ETL_process' retrieved from /opt/airflow/dags/ETL.py
[2025-12-16T04:05:44.086+0000] {logging_mixin.py:190} INFO - [2025-12-16T04:05:44.085+0000] {dag.py:3239} INFO - Sync 1 DAGs
[2025-12-16T04:05:44.102+0000] {logging_mixin.py:190} INFO - [2025-12-16T04:05:44.102+0000] {dag.py:4180} INFO - Setting next_dagrun for ETL_process to None, run_after=None
[2025-12-16T04:05:44.124+0000] {processor.py:208} INFO - Processing /opt/airflow/dags/ETL.py took 0.105 seconds
[2025-12-16T04:06:14.418+0000] {processor.py:186} INFO - Started process (PID=1631) to work on /opt/airflow/dags/ETL.py
[2025-12-16T04:06:14.419+0000] {processor.py:914} INFO - Processing file /opt/airflow/dags/ETL.py for tasks to queue
[2025-12-16T04:06:14.422+0000] {logging_mixin.py:190} INFO - [2025-12-16T04:06:14.422+0000] {dagbag.py:588} INFO - Filling up the DagBag from /opt/airflow/dags/ETL.py
[2025-12-16T04:06:14.452+0000] {processor.py:925} INFO - DAG(s) 'ETL_process' retrieved from /opt/airflow/dags/ETL.py
[2025-12-16T04:06:14.503+0000] {logging_mixin.py:190} INFO - [2025-12-16T04:06:14.503+0000] {dag.py:3239} INFO - Sync 1 DAGs
[2025-12-16T04:06:14.520+0000] {logging_mixin.py:190} INFO - [2025-12-16T04:06:14.520+0000] {dag.py:4180} INFO - Setting next_dagrun for ETL_process to None, run_after=None
[2025-12-16T04:06:14.542+0000] {processor.py:208} INFO - Processing /opt/airflow/dags/ETL.py took 0.134 seconds
[2025-12-16T04:06:44.849+0000] {processor.py:186} INFO - Started process (PID=1641) to work on /opt/airflow/dags/ETL.py
[2025-12-16T04:06:44.851+0000] {processor.py:914} INFO - Processing file /opt/airflow/dags/ETL.py for tasks to queue
[2025-12-16T04:06:44.856+0000] {logging_mixin.py:190} INFO - [2025-12-16T04:06:44.856+0000] {dagbag.py:588} INFO - Filling up the DagBag from /opt/airflow/dags/ETL.py
[2025-12-16T04:06:44.885+0000] {processor.py:925} INFO - DAG(s) 'ETL_process' retrieved from /opt/airflow/dags/ETL.py
[2025-12-16T04:06:44.928+0000] {logging_mixin.py:190} INFO - [2025-12-16T04:06:44.927+0000] {dag.py:3239} INFO - Sync 1 DAGs
[2025-12-16T04:06:44.950+0000] {logging_mixin.py:190} INFO - [2025-12-16T04:06:44.949+0000] {dag.py:4180} INFO - Setting next_dagrun for ETL_process to None, run_after=None
[2025-12-16T04:06:44.976+0000] {processor.py:208} INFO - Processing /opt/airflow/dags/ETL.py took 0.139 seconds
[2025-12-16T04:07:15.114+0000] {processor.py:186} INFO - Started process (PID=1651) to work on /opt/airflow/dags/ETL.py
[2025-12-16T04:07:15.115+0000] {processor.py:914} INFO - Processing file /opt/airflow/dags/ETL.py for tasks to queue
[2025-12-16T04:07:15.119+0000] {logging_mixin.py:190} INFO - [2025-12-16T04:07:15.118+0000] {dagbag.py:588} INFO - Filling up the DagBag from /opt/airflow/dags/ETL.py
[2025-12-16T04:07:15.142+0000] {processor.py:925} INFO - DAG(s) 'ETL_process' retrieved from /opt/airflow/dags/ETL.py
[2025-12-16T04:07:15.177+0000] {logging_mixin.py:190} INFO - [2025-12-16T04:07:15.176+0000] {dag.py:3239} INFO - Sync 1 DAGs
[2025-12-16T04:07:15.197+0000] {logging_mixin.py:190} INFO - [2025-12-16T04:07:15.197+0000] {dag.py:4180} INFO - Setting next_dagrun for ETL_process to None, run_after=None
[2025-12-16T04:07:15.219+0000] {processor.py:208} INFO - Processing /opt/airflow/dags/ETL.py took 0.112 seconds
[2025-12-16T04:07:45.498+0000] {processor.py:186} INFO - Started process (PID=1661) to work on /opt/airflow/dags/ETL.py
[2025-12-16T04:07:45.499+0000] {processor.py:914} INFO - Processing file /opt/airflow/dags/ETL.py for tasks to queue
[2025-12-16T04:07:45.503+0000] {logging_mixin.py:190} INFO - [2025-12-16T04:07:45.502+0000] {dagbag.py:588} INFO - Filling up the DagBag from /opt/airflow/dags/ETL.py
[2025-12-16T04:07:45.526+0000] {processor.py:925} INFO - DAG(s) 'ETL_process' retrieved from /opt/airflow/dags/ETL.py
[2025-12-16T04:07:45.562+0000] {logging_mixin.py:190} INFO - [2025-12-16T04:07:45.561+0000] {dag.py:3239} INFO - Sync 1 DAGs
[2025-12-16T04:07:45.578+0000] {logging_mixin.py:190} INFO - [2025-12-16T04:07:45.578+0000] {dag.py:4180} INFO - Setting next_dagrun for ETL_process to None, run_after=None
[2025-12-16T04:07:45.597+0000] {processor.py:208} INFO - Processing /opt/airflow/dags/ETL.py took 0.109 seconds
[2025-12-16T04:08:15.886+0000] {processor.py:186} INFO - Started process (PID=1671) to work on /opt/airflow/dags/ETL.py
[2025-12-16T04:08:15.888+0000] {processor.py:914} INFO - Processing file /opt/airflow/dags/ETL.py for tasks to queue
[2025-12-16T04:08:15.892+0000] {logging_mixin.py:190} INFO - [2025-12-16T04:08:15.891+0000] {dagbag.py:588} INFO - Filling up the DagBag from /opt/airflow/dags/ETL.py
[2025-12-16T04:08:15.916+0000] {processor.py:925} INFO - DAG(s) 'ETL_process' retrieved from /opt/airflow/dags/ETL.py
[2025-12-16T04:08:15.950+0000] {logging_mixin.py:190} INFO - [2025-12-16T04:08:15.950+0000] {dag.py:3239} INFO - Sync 1 DAGs
[2025-12-16T04:08:15.966+0000] {logging_mixin.py:190} INFO - [2025-12-16T04:08:15.965+0000] {dag.py:4180} INFO - Setting next_dagrun for ETL_process to None, run_after=None
[2025-12-16T04:08:15.987+0000] {processor.py:208} INFO - Processing /opt/airflow/dags/ETL.py took 0.109 seconds
[2025-12-16T04:08:46.275+0000] {processor.py:186} INFO - Started process (PID=1681) to work on /opt/airflow/dags/ETL.py
[2025-12-16T04:08:46.277+0000] {processor.py:914} INFO - Processing file /opt/airflow/dags/ETL.py for tasks to queue
[2025-12-16T04:08:46.280+0000] {logging_mixin.py:190} INFO - [2025-12-16T04:08:46.280+0000] {dagbag.py:588} INFO - Filling up the DagBag from /opt/airflow/dags/ETL.py
[2025-12-16T04:08:46.302+0000] {processor.py:925} INFO - DAG(s) 'ETL_process' retrieved from /opt/airflow/dags/ETL.py
[2025-12-16T04:08:46.333+0000] {logging_mixin.py:190} INFO - [2025-12-16T04:08:46.333+0000] {dag.py:3239} INFO - Sync 1 DAGs
[2025-12-16T04:08:46.348+0000] {logging_mixin.py:190} INFO - [2025-12-16T04:08:46.348+0000] {dag.py:4180} INFO - Setting next_dagrun for ETL_process to None, run_after=None
[2025-12-16T04:08:46.372+0000] {processor.py:208} INFO - Processing /opt/airflow/dags/ETL.py took 0.103 seconds
[2025-12-16T04:09:16.687+0000] {processor.py:186} INFO - Started process (PID=1691) to work on /opt/airflow/dags/ETL.py
[2025-12-16T04:09:16.688+0000] {processor.py:914} INFO - Processing file /opt/airflow/dags/ETL.py for tasks to queue
[2025-12-16T04:09:16.691+0000] {logging_mixin.py:190} INFO - [2025-12-16T04:09:16.690+0000] {dagbag.py:588} INFO - Filling up the DagBag from /opt/airflow/dags/ETL.py
[2025-12-16T04:09:16.712+0000] {processor.py:925} INFO - DAG(s) 'ETL_process' retrieved from /opt/airflow/dags/ETL.py
[2025-12-16T04:09:16.742+0000] {logging_mixin.py:190} INFO - [2025-12-16T04:09:16.741+0000] {dag.py:3239} INFO - Sync 1 DAGs
[2025-12-16T04:09:16.756+0000] {logging_mixin.py:190} INFO - [2025-12-16T04:09:16.756+0000] {dag.py:4180} INFO - Setting next_dagrun for ETL_process to None, run_after=None
[2025-12-16T04:09:16.777+0000] {processor.py:208} INFO - Processing /opt/airflow/dags/ETL.py took 0.097 seconds
[2025-12-16T04:09:47.054+0000] {processor.py:186} INFO - Started process (PID=1701) to work on /opt/airflow/dags/ETL.py
[2025-12-16T04:09:47.055+0000] {processor.py:914} INFO - Processing file /opt/airflow/dags/ETL.py for tasks to queue
[2025-12-16T04:09:47.059+0000] {logging_mixin.py:190} INFO - [2025-12-16T04:09:47.058+0000] {dagbag.py:588} INFO - Filling up the DagBag from /opt/airflow/dags/ETL.py
[2025-12-16T04:09:47.078+0000] {processor.py:925} INFO - DAG(s) 'ETL_process' retrieved from /opt/airflow/dags/ETL.py
[2025-12-16T04:09:47.109+0000] {logging_mixin.py:190} INFO - [2025-12-16T04:09:47.109+0000] {dag.py:3239} INFO - Sync 1 DAGs
[2025-12-16T04:09:47.124+0000] {logging_mixin.py:190} INFO - [2025-12-16T04:09:47.123+0000] {dag.py:4180} INFO - Setting next_dagrun for ETL_process to None, run_after=None
[2025-12-16T04:09:47.142+0000] {processor.py:208} INFO - Processing /opt/airflow/dags/ETL.py took 0.095 seconds
[2025-12-16T04:10:17.424+0000] {processor.py:186} INFO - Started process (PID=1711) to work on /opt/airflow/dags/ETL.py
[2025-12-16T04:10:17.425+0000] {processor.py:914} INFO - Processing file /opt/airflow/dags/ETL.py for tasks to queue
[2025-12-16T04:10:17.429+0000] {logging_mixin.py:190} INFO - [2025-12-16T04:10:17.429+0000] {dagbag.py:588} INFO - Filling up the DagBag from /opt/airflow/dags/ETL.py
[2025-12-16T04:10:17.448+0000] {processor.py:925} INFO - DAG(s) 'ETL_process' retrieved from /opt/airflow/dags/ETL.py
[2025-12-16T04:10:17.477+0000] {logging_mixin.py:190} INFO - [2025-12-16T04:10:17.476+0000] {dag.py:3239} INFO - Sync 1 DAGs
[2025-12-16T04:10:17.490+0000] {logging_mixin.py:190} INFO - [2025-12-16T04:10:17.490+0000] {dag.py:4180} INFO - Setting next_dagrun for ETL_process to None, run_after=None
[2025-12-16T04:10:17.509+0000] {processor.py:208} INFO - Processing /opt/airflow/dags/ETL.py took 0.093 seconds
[2025-12-16T04:10:47.784+0000] {processor.py:186} INFO - Started process (PID=1721) to work on /opt/airflow/dags/ETL.py
[2025-12-16T04:10:47.786+0000] {processor.py:914} INFO - Processing file /opt/airflow/dags/ETL.py for tasks to queue
[2025-12-16T04:10:47.788+0000] {logging_mixin.py:190} INFO - [2025-12-16T04:10:47.788+0000] {dagbag.py:588} INFO - Filling up the DagBag from /opt/airflow/dags/ETL.py
[2025-12-16T04:10:47.808+0000] {processor.py:925} INFO - DAG(s) 'ETL_process' retrieved from /opt/airflow/dags/ETL.py
[2025-12-16T04:10:47.837+0000] {logging_mixin.py:190} INFO - [2025-12-16T04:10:47.836+0000] {dag.py:3239} INFO - Sync 1 DAGs
[2025-12-16T04:10:47.850+0000] {logging_mixin.py:190} INFO - [2025-12-16T04:10:47.850+0000] {dag.py:4180} INFO - Setting next_dagrun for ETL_process to None, run_after=None
[2025-12-16T04:10:47.868+0000] {processor.py:208} INFO - Processing /opt/airflow/dags/ETL.py took 0.090 seconds
[2025-12-16T04:11:18.150+0000] {processor.py:186} INFO - Started process (PID=1731) to work on /opt/airflow/dags/ETL.py
[2025-12-16T04:11:18.151+0000] {processor.py:914} INFO - Processing file /opt/airflow/dags/ETL.py for tasks to queue
[2025-12-16T04:11:18.154+0000] {logging_mixin.py:190} INFO - [2025-12-16T04:11:18.154+0000] {dagbag.py:588} INFO - Filling up the DagBag from /opt/airflow/dags/ETL.py
[2025-12-16T04:11:18.176+0000] {processor.py:925} INFO - DAG(s) 'ETL_process' retrieved from /opt/airflow/dags/ETL.py
[2025-12-16T04:11:18.212+0000] {logging_mixin.py:190} INFO - [2025-12-16T04:11:18.212+0000] {dag.py:3239} INFO - Sync 1 DAGs
[2025-12-16T04:11:18.228+0000] {logging_mixin.py:190} INFO - [2025-12-16T04:11:18.228+0000] {dag.py:4180} INFO - Setting next_dagrun for ETL_process to None, run_after=None
[2025-12-16T04:11:18.253+0000] {processor.py:208} INFO - Processing /opt/airflow/dags/ETL.py took 0.112 seconds
[2025-12-16T04:11:48.530+0000] {processor.py:186} INFO - Started process (PID=1741) to work on /opt/airflow/dags/ETL.py
[2025-12-16T04:11:48.531+0000] {processor.py:914} INFO - Processing file /opt/airflow/dags/ETL.py for tasks to queue
[2025-12-16T04:11:48.534+0000] {logging_mixin.py:190} INFO - [2025-12-16T04:11:48.534+0000] {dagbag.py:588} INFO - Filling up the DagBag from /opt/airflow/dags/ETL.py
[2025-12-16T04:11:48.553+0000] {processor.py:925} INFO - DAG(s) 'ETL_process' retrieved from /opt/airflow/dags/ETL.py
[2025-12-16T04:11:48.582+0000] {logging_mixin.py:190} INFO - [2025-12-16T04:11:48.582+0000] {dag.py:3239} INFO - Sync 1 DAGs
[2025-12-16T04:11:48.596+0000] {logging_mixin.py:190} INFO - [2025-12-16T04:11:48.595+0000] {dag.py:4180} INFO - Setting next_dagrun for ETL_process to None, run_after=None
[2025-12-16T04:11:48.613+0000] {processor.py:208} INFO - Processing /opt/airflow/dags/ETL.py took 0.090 seconds
[2025-12-16T04:12:18.892+0000] {processor.py:186} INFO - Started process (PID=1751) to work on /opt/airflow/dags/ETL.py
[2025-12-16T04:12:18.893+0000] {processor.py:914} INFO - Processing file /opt/airflow/dags/ETL.py for tasks to queue
[2025-12-16T04:12:18.896+0000] {logging_mixin.py:190} INFO - [2025-12-16T04:12:18.895+0000] {dagbag.py:588} INFO - Filling up the DagBag from /opt/airflow/dags/ETL.py
[2025-12-16T04:12:18.918+0000] {processor.py:925} INFO - DAG(s) 'ETL_process' retrieved from /opt/airflow/dags/ETL.py
[2025-12-16T04:12:18.947+0000] {logging_mixin.py:190} INFO - [2025-12-16T04:12:18.946+0000] {dag.py:3239} INFO - Sync 1 DAGs
[2025-12-16T04:12:18.960+0000] {logging_mixin.py:190} INFO - [2025-12-16T04:12:18.960+0000] {dag.py:4180} INFO - Setting next_dagrun for ETL_process to None, run_after=None
[2025-12-16T04:12:18.979+0000] {processor.py:208} INFO - Processing /opt/airflow/dags/ETL.py took 0.093 seconds
[2025-12-16T04:12:49.262+0000] {processor.py:186} INFO - Started process (PID=1761) to work on /opt/airflow/dags/ETL.py
[2025-12-16T04:12:49.263+0000] {processor.py:914} INFO - Processing file /opt/airflow/dags/ETL.py for tasks to queue
[2025-12-16T04:12:49.266+0000] {logging_mixin.py:190} INFO - [2025-12-16T04:12:49.266+0000] {dagbag.py:588} INFO - Filling up the DagBag from /opt/airflow/dags/ETL.py
[2025-12-16T04:12:49.284+0000] {processor.py:925} INFO - DAG(s) 'ETL_process' retrieved from /opt/airflow/dags/ETL.py
[2025-12-16T04:12:49.313+0000] {logging_mixin.py:190} INFO - [2025-12-16T04:12:49.313+0000] {dag.py:3239} INFO - Sync 1 DAGs
[2025-12-16T04:12:49.327+0000] {logging_mixin.py:190} INFO - [2025-12-16T04:12:49.327+0000] {dag.py:4180} INFO - Setting next_dagrun for ETL_process to None, run_after=None
[2025-12-16T04:12:49.344+0000] {processor.py:208} INFO - Processing /opt/airflow/dags/ETL.py took 0.088 seconds
[2025-12-16T04:13:19.627+0000] {processor.py:186} INFO - Started process (PID=1771) to work on /opt/airflow/dags/ETL.py
[2025-12-16T04:13:19.628+0000] {processor.py:914} INFO - Processing file /opt/airflow/dags/ETL.py for tasks to queue
[2025-12-16T04:13:19.631+0000] {logging_mixin.py:190} INFO - [2025-12-16T04:13:19.631+0000] {dagbag.py:588} INFO - Filling up the DagBag from /opt/airflow/dags/ETL.py
[2025-12-16T04:13:19.652+0000] {processor.py:925} INFO - DAG(s) 'ETL_process' retrieved from /opt/airflow/dags/ETL.py
[2025-12-16T04:13:19.681+0000] {logging_mixin.py:190} INFO - [2025-12-16T04:13:19.681+0000] {dag.py:3239} INFO - Sync 1 DAGs
[2025-12-16T04:13:19.696+0000] {logging_mixin.py:190} INFO - [2025-12-16T04:13:19.695+0000] {dag.py:4180} INFO - Setting next_dagrun for ETL_process to None, run_after=None
[2025-12-16T04:13:19.720+0000] {processor.py:208} INFO - Processing /opt/airflow/dags/ETL.py took 0.100 seconds
[2025-12-16T04:13:49.991+0000] {processor.py:186} INFO - Started process (PID=1781) to work on /opt/airflow/dags/ETL.py
[2025-12-16T04:13:49.992+0000] {processor.py:914} INFO - Processing file /opt/airflow/dags/ETL.py for tasks to queue
[2025-12-16T04:13:49.995+0000] {logging_mixin.py:190} INFO - [2025-12-16T04:13:49.994+0000] {dagbag.py:588} INFO - Filling up the DagBag from /opt/airflow/dags/ETL.py
[2025-12-16T04:13:50.014+0000] {processor.py:925} INFO - DAG(s) 'ETL_process' retrieved from /opt/airflow/dags/ETL.py
[2025-12-16T04:13:50.043+0000] {logging_mixin.py:190} INFO - [2025-12-16T04:13:50.043+0000] {dag.py:3239} INFO - Sync 1 DAGs
[2025-12-16T04:13:50.058+0000] {logging_mixin.py:190} INFO - [2025-12-16T04:13:50.058+0000] {dag.py:4180} INFO - Setting next_dagrun for ETL_process to None, run_after=None
[2025-12-16T04:13:50.082+0000] {processor.py:208} INFO - Processing /opt/airflow/dags/ETL.py took 0.098 seconds
[2025-12-16T04:14:20.407+0000] {processor.py:186} INFO - Started process (PID=1791) to work on /opt/airflow/dags/ETL.py
[2025-12-16T04:14:20.408+0000] {processor.py:914} INFO - Processing file /opt/airflow/dags/ETL.py for tasks to queue
[2025-12-16T04:14:20.412+0000] {logging_mixin.py:190} INFO - [2025-12-16T04:14:20.411+0000] {dagbag.py:588} INFO - Filling up the DagBag from /opt/airflow/dags/ETL.py
[2025-12-16T04:14:20.436+0000] {processor.py:925} INFO - DAG(s) 'ETL_process' retrieved from /opt/airflow/dags/ETL.py
[2025-12-16T04:14:20.469+0000] {logging_mixin.py:190} INFO - [2025-12-16T04:14:20.468+0000] {dag.py:3239} INFO - Sync 1 DAGs
[2025-12-16T04:14:20.486+0000] {logging_mixin.py:190} INFO - [2025-12-16T04:14:20.486+0000] {dag.py:4180} INFO - Setting next_dagrun for ETL_process to None, run_after=None
[2025-12-16T04:14:20.508+0000] {processor.py:208} INFO - Processing /opt/airflow/dags/ETL.py took 0.108 seconds
[2025-12-16T04:14:50.784+0000] {processor.py:186} INFO - Started process (PID=1801) to work on /opt/airflow/dags/ETL.py
[2025-12-16T04:14:50.785+0000] {processor.py:914} INFO - Processing file /opt/airflow/dags/ETL.py for tasks to queue
[2025-12-16T04:14:50.788+0000] {logging_mixin.py:190} INFO - [2025-12-16T04:14:50.788+0000] {dagbag.py:588} INFO - Filling up the DagBag from /opt/airflow/dags/ETL.py
[2025-12-16T04:14:50.809+0000] {processor.py:925} INFO - DAG(s) 'ETL_process' retrieved from /opt/airflow/dags/ETL.py
[2025-12-16T04:14:50.840+0000] {logging_mixin.py:190} INFO - [2025-12-16T04:14:50.840+0000] {dag.py:3239} INFO - Sync 1 DAGs
[2025-12-16T04:14:50.855+0000] {logging_mixin.py:190} INFO - [2025-12-16T04:14:50.855+0000] {dag.py:4180} INFO - Setting next_dagrun for ETL_process to None, run_after=None
[2025-12-16T04:14:50.874+0000] {processor.py:208} INFO - Processing /opt/airflow/dags/ETL.py took 0.097 seconds
[2025-12-16T04:15:21.166+0000] {processor.py:186} INFO - Started process (PID=1811) to work on /opt/airflow/dags/ETL.py
[2025-12-16T04:15:21.167+0000] {processor.py:914} INFO - Processing file /opt/airflow/dags/ETL.py for tasks to queue
[2025-12-16T04:15:21.170+0000] {logging_mixin.py:190} INFO - [2025-12-16T04:15:21.170+0000] {dagbag.py:588} INFO - Filling up the DagBag from /opt/airflow/dags/ETL.py
[2025-12-16T04:15:21.191+0000] {processor.py:925} INFO - DAG(s) 'ETL_process' retrieved from /opt/airflow/dags/ETL.py
[2025-12-16T04:15:21.220+0000] {logging_mixin.py:190} INFO - [2025-12-16T04:15:21.220+0000] {dag.py:3239} INFO - Sync 1 DAGs
[2025-12-16T04:15:21.234+0000] {logging_mixin.py:190} INFO - [2025-12-16T04:15:21.234+0000] {dag.py:4180} INFO - Setting next_dagrun for ETL_process to None, run_after=None
[2025-12-16T04:15:21.252+0000] {processor.py:208} INFO - Processing /opt/airflow/dags/ETL.py took 0.092 seconds
[2025-12-16T04:15:51.532+0000] {processor.py:186} INFO - Started process (PID=1821) to work on /opt/airflow/dags/ETL.py
[2025-12-16T04:15:51.533+0000] {processor.py:914} INFO - Processing file /opt/airflow/dags/ETL.py for tasks to queue
[2025-12-16T04:15:51.537+0000] {logging_mixin.py:190} INFO - [2025-12-16T04:15:51.536+0000] {dagbag.py:588} INFO - Filling up the DagBag from /opt/airflow/dags/ETL.py
[2025-12-16T04:15:51.558+0000] {processor.py:925} INFO - DAG(s) 'ETL_process' retrieved from /opt/airflow/dags/ETL.py
[2025-12-16T04:15:51.593+0000] {logging_mixin.py:190} INFO - [2025-12-16T04:15:51.593+0000] {dag.py:3239} INFO - Sync 1 DAGs
[2025-12-16T04:15:51.610+0000] {logging_mixin.py:190} INFO - [2025-12-16T04:15:51.610+0000] {dag.py:4180} INFO - Setting next_dagrun for ETL_process to None, run_after=None
[2025-12-16T04:15:51.633+0000] {processor.py:208} INFO - Processing /opt/airflow/dags/ETL.py took 0.108 seconds
[2025-12-16T04:16:21.903+0000] {processor.py:186} INFO - Started process (PID=1831) to work on /opt/airflow/dags/ETL.py
[2025-12-16T04:16:21.905+0000] {processor.py:914} INFO - Processing file /opt/airflow/dags/ETL.py for tasks to queue
[2025-12-16T04:16:21.908+0000] {logging_mixin.py:190} INFO - [2025-12-16T04:16:21.908+0000] {dagbag.py:588} INFO - Filling up the DagBag from /opt/airflow/dags/ETL.py
[2025-12-16T04:16:21.930+0000] {processor.py:925} INFO - DAG(s) 'ETL_process' retrieved from /opt/airflow/dags/ETL.py
[2025-12-16T04:16:21.963+0000] {logging_mixin.py:190} INFO - [2025-12-16T04:16:21.963+0000] {dag.py:3239} INFO - Sync 1 DAGs
[2025-12-16T04:16:21.981+0000] {logging_mixin.py:190} INFO - [2025-12-16T04:16:21.980+0000] {dag.py:4180} INFO - Setting next_dagrun for ETL_process to None, run_after=None
[2025-12-16T04:16:22.001+0000] {processor.py:208} INFO - Processing /opt/airflow/dags/ETL.py took 0.105 seconds
[2025-12-16T04:16:52.290+0000] {processor.py:186} INFO - Started process (PID=1841) to work on /opt/airflow/dags/ETL.py
[2025-12-16T04:16:52.291+0000] {processor.py:914} INFO - Processing file /opt/airflow/dags/ETL.py for tasks to queue
[2025-12-16T04:16:52.295+0000] {logging_mixin.py:190} INFO - [2025-12-16T04:16:52.295+0000] {dagbag.py:588} INFO - Filling up the DagBag from /opt/airflow/dags/ETL.py
[2025-12-16T04:16:52.318+0000] {processor.py:925} INFO - DAG(s) 'ETL_process' retrieved from /opt/airflow/dags/ETL.py
[2025-12-16T04:16:52.352+0000] {logging_mixin.py:190} INFO - [2025-12-16T04:16:52.351+0000] {dag.py:3239} INFO - Sync 1 DAGs
[2025-12-16T04:16:52.367+0000] {logging_mixin.py:190} INFO - [2025-12-16T04:16:52.366+0000] {dag.py:4180} INFO - Setting next_dagrun for ETL_process to None, run_after=None
[2025-12-16T04:16:52.399+0000] {processor.py:208} INFO - Processing /opt/airflow/dags/ETL.py took 0.116 seconds
[2025-12-16T04:17:22.550+0000] {processor.py:186} INFO - Started process (PID=1851) to work on /opt/airflow/dags/ETL.py
[2025-12-16T04:17:22.551+0000] {processor.py:914} INFO - Processing file /opt/airflow/dags/ETL.py for tasks to queue
[2025-12-16T04:17:22.555+0000] {logging_mixin.py:190} INFO - [2025-12-16T04:17:22.554+0000] {dagbag.py:588} INFO - Filling up the DagBag from /opt/airflow/dags/ETL.py
[2025-12-16T04:17:22.572+0000] {processor.py:925} INFO - DAG(s) 'ETL_process' retrieved from /opt/airflow/dags/ETL.py
[2025-12-16T04:17:22.604+0000] {logging_mixin.py:190} INFO - [2025-12-16T04:17:22.604+0000] {dag.py:3239} INFO - Sync 1 DAGs
[2025-12-16T04:17:22.619+0000] {logging_mixin.py:190} INFO - [2025-12-16T04:17:22.619+0000] {dag.py:4180} INFO - Setting next_dagrun for ETL_process to None, run_after=None
[2025-12-16T04:17:22.637+0000] {processor.py:208} INFO - Processing /opt/airflow/dags/ETL.py took 0.094 seconds
[2025-12-16T04:17:52.910+0000] {processor.py:186} INFO - Started process (PID=1861) to work on /opt/airflow/dags/ETL.py
[2025-12-16T04:17:52.912+0000] {processor.py:914} INFO - Processing file /opt/airflow/dags/ETL.py for tasks to queue
[2025-12-16T04:17:52.915+0000] {logging_mixin.py:190} INFO - [2025-12-16T04:17:52.915+0000] {dagbag.py:588} INFO - Filling up the DagBag from /opt/airflow/dags/ETL.py
[2025-12-16T04:17:52.939+0000] {processor.py:925} INFO - DAG(s) 'ETL_process' retrieved from /opt/airflow/dags/ETL.py
[2025-12-16T04:17:52.974+0000] {logging_mixin.py:190} INFO - [2025-12-16T04:17:52.974+0000] {dag.py:3239} INFO - Sync 1 DAGs
[2025-12-16T04:17:52.990+0000] {logging_mixin.py:190} INFO - [2025-12-16T04:17:52.990+0000] {dag.py:4180} INFO - Setting next_dagrun for ETL_process to None, run_after=None
[2025-12-16T04:17:53.009+0000] {processor.py:208} INFO - Processing /opt/airflow/dags/ETL.py took 0.107 seconds
[2025-12-16T04:18:23.269+0000] {processor.py:186} INFO - Started process (PID=1871) to work on /opt/airflow/dags/ETL.py
[2025-12-16T04:18:23.270+0000] {processor.py:914} INFO - Processing file /opt/airflow/dags/ETL.py for tasks to queue
[2025-12-16T04:18:23.274+0000] {logging_mixin.py:190} INFO - [2025-12-16T04:18:23.273+0000] {dagbag.py:588} INFO - Filling up the DagBag from /opt/airflow/dags/ETL.py
[2025-12-16T04:18:23.295+0000] {processor.py:925} INFO - DAG(s) 'ETL_process' retrieved from /opt/airflow/dags/ETL.py
[2025-12-16T04:18:23.329+0000] {logging_mixin.py:190} INFO - [2025-12-16T04:18:23.329+0000] {dag.py:3239} INFO - Sync 1 DAGs
[2025-12-16T04:18:23.346+0000] {logging_mixin.py:190} INFO - [2025-12-16T04:18:23.345+0000] {dag.py:4180} INFO - Setting next_dagrun for ETL_process to None, run_after=None
[2025-12-16T04:18:23.367+0000] {processor.py:208} INFO - Processing /opt/airflow/dags/ETL.py took 0.107 seconds
[2025-12-16T04:18:53.663+0000] {processor.py:186} INFO - Started process (PID=1881) to work on /opt/airflow/dags/ETL.py
[2025-12-16T04:18:53.664+0000] {processor.py:914} INFO - Processing file /opt/airflow/dags/ETL.py for tasks to queue
[2025-12-16T04:18:53.668+0000] {logging_mixin.py:190} INFO - [2025-12-16T04:18:53.667+0000] {dagbag.py:588} INFO - Filling up the DagBag from /opt/airflow/dags/ETL.py
[2025-12-16T04:18:53.690+0000] {processor.py:925} INFO - DAG(s) 'ETL_process' retrieved from /opt/airflow/dags/ETL.py
[2025-12-16T04:18:53.723+0000] {logging_mixin.py:190} INFO - [2025-12-16T04:18:53.723+0000] {dag.py:3239} INFO - Sync 1 DAGs
[2025-12-16T04:18:53.740+0000] {logging_mixin.py:190} INFO - [2025-12-16T04:18:53.739+0000] {dag.py:4180} INFO - Setting next_dagrun for ETL_process to None, run_after=None
[2025-12-16T04:18:53.781+0000] {processor.py:208} INFO - Processing /opt/airflow/dags/ETL.py took 0.127 seconds
[2025-12-16T04:19:24.125+0000] {processor.py:186} INFO - Started process (PID=1891) to work on /opt/airflow/dags/ETL.py
[2025-12-16T04:19:24.130+0000] {processor.py:914} INFO - Processing file /opt/airflow/dags/ETL.py for tasks to queue
[2025-12-16T04:19:24.142+0000] {logging_mixin.py:190} INFO - [2025-12-16T04:19:24.141+0000] {dagbag.py:588} INFO - Filling up the DagBag from /opt/airflow/dags/ETL.py
[2025-12-16T04:19:24.190+0000] {processor.py:925} INFO - DAG(s) 'ETL_process' retrieved from /opt/airflow/dags/ETL.py
[2025-12-16T04:19:24.269+0000] {logging_mixin.py:190} INFO - [2025-12-16T04:19:24.269+0000] {dag.py:3239} INFO - Sync 1 DAGs
[2025-12-16T04:19:24.310+0000] {logging_mixin.py:190} INFO - [2025-12-16T04:19:24.309+0000] {dag.py:4180} INFO - Setting next_dagrun for ETL_process to None, run_after=None
[2025-12-16T04:19:24.344+0000] {processor.py:208} INFO - Processing /opt/airflow/dags/ETL.py took 0.248 seconds
[2025-12-16T04:19:54.613+0000] {processor.py:186} INFO - Started process (PID=1901) to work on /opt/airflow/dags/ETL.py
[2025-12-16T04:19:54.616+0000] {processor.py:914} INFO - Processing file /opt/airflow/dags/ETL.py for tasks to queue
[2025-12-16T04:19:54.624+0000] {logging_mixin.py:190} INFO - [2025-12-16T04:19:54.624+0000] {dagbag.py:588} INFO - Filling up the DagBag from /opt/airflow/dags/ETL.py
[2025-12-16T04:19:54.664+0000] {processor.py:925} INFO - DAG(s) 'ETL_process' retrieved from /opt/airflow/dags/ETL.py
[2025-12-16T04:19:54.753+0000] {logging_mixin.py:190} INFO - [2025-12-16T04:19:54.752+0000] {dag.py:3239} INFO - Sync 1 DAGs
[2025-12-16T04:19:54.800+0000] {logging_mixin.py:190} INFO - [2025-12-16T04:19:54.800+0000] {dag.py:4180} INFO - Setting next_dagrun for ETL_process to None, run_after=None
[2025-12-16T04:19:54.843+0000] {processor.py:208} INFO - Processing /opt/airflow/dags/ETL.py took 0.247 seconds
[2025-12-16T04:20:25.117+0000] {processor.py:186} INFO - Started process (PID=1911) to work on /opt/airflow/dags/ETL.py
[2025-12-16T04:20:25.123+0000] {processor.py:914} INFO - Processing file /opt/airflow/dags/ETL.py for tasks to queue
[2025-12-16T04:20:25.136+0000] {logging_mixin.py:190} INFO - [2025-12-16T04:20:25.135+0000] {dagbag.py:588} INFO - Filling up the DagBag from /opt/airflow/dags/ETL.py
[2025-12-16T04:20:25.176+0000] {processor.py:925} INFO - DAG(s) 'ETL_process' retrieved from /opt/airflow/dags/ETL.py
[2025-12-16T04:20:25.269+0000] {logging_mixin.py:190} INFO - [2025-12-16T04:20:25.268+0000] {dag.py:3239} INFO - Sync 1 DAGs
[2025-12-16T04:20:25.310+0000] {logging_mixin.py:190} INFO - [2025-12-16T04:20:25.309+0000] {dag.py:4180} INFO - Setting next_dagrun for ETL_process to None, run_after=None
[2025-12-16T04:20:25.353+0000] {processor.py:208} INFO - Processing /opt/airflow/dags/ETL.py took 0.267 seconds
[2025-12-16T04:20:55.607+0000] {processor.py:186} INFO - Started process (PID=1921) to work on /opt/airflow/dags/ETL.py
[2025-12-16T04:20:55.611+0000] {processor.py:914} INFO - Processing file /opt/airflow/dags/ETL.py for tasks to queue
[2025-12-16T04:20:55.615+0000] {logging_mixin.py:190} INFO - [2025-12-16T04:20:55.614+0000] {dagbag.py:588} INFO - Filling up the DagBag from /opt/airflow/dags/ETL.py
[2025-12-16T04:20:55.665+0000] {processor.py:925} INFO - DAG(s) 'ETL_process' retrieved from /opt/airflow/dags/ETL.py
[2025-12-16T04:20:55.738+0000] {logging_mixin.py:190} INFO - [2025-12-16T04:20:55.737+0000] {dag.py:3239} INFO - Sync 1 DAGs
[2025-12-16T04:20:55.762+0000] {logging_mixin.py:190} INFO - [2025-12-16T04:20:55.762+0000] {dag.py:4180} INFO - Setting next_dagrun for ETL_process to None, run_after=None
[2025-12-16T04:20:55.801+0000] {processor.py:208} INFO - Processing /opt/airflow/dags/ETL.py took 0.227 seconds
[2025-12-16T04:21:26.128+0000] {processor.py:186} INFO - Started process (PID=1931) to work on /opt/airflow/dags/ETL.py
[2025-12-16T04:21:26.136+0000] {processor.py:914} INFO - Processing file /opt/airflow/dags/ETL.py for tasks to queue
[2025-12-16T04:21:26.150+0000] {logging_mixin.py:190} INFO - [2025-12-16T04:21:26.149+0000] {dagbag.py:588} INFO - Filling up the DagBag from /opt/airflow/dags/ETL.py
[2025-12-16T04:21:26.220+0000] {processor.py:925} INFO - DAG(s) 'ETL_process' retrieved from /opt/airflow/dags/ETL.py
[2025-12-16T04:21:26.343+0000] {logging_mixin.py:190} INFO - [2025-12-16T04:21:26.342+0000] {dag.py:3239} INFO - Sync 1 DAGs
[2025-12-16T04:21:26.389+0000] {logging_mixin.py:190} INFO - [2025-12-16T04:21:26.389+0000] {dag.py:4180} INFO - Setting next_dagrun for ETL_process to None, run_after=None
[2025-12-16T04:21:26.418+0000] {processor.py:208} INFO - Processing /opt/airflow/dags/ETL.py took 0.319 seconds
[2025-12-16T04:21:56.628+0000] {processor.py:186} INFO - Started process (PID=1941) to work on /opt/airflow/dags/ETL.py
[2025-12-16T04:21:56.629+0000] {processor.py:914} INFO - Processing file /opt/airflow/dags/ETL.py for tasks to queue
[2025-12-16T04:21:56.633+0000] {logging_mixin.py:190} INFO - [2025-12-16T04:21:56.632+0000] {dagbag.py:588} INFO - Filling up the DagBag from /opt/airflow/dags/ETL.py
[2025-12-16T04:21:56.661+0000] {processor.py:925} INFO - DAG(s) 'ETL_process' retrieved from /opt/airflow/dags/ETL.py
[2025-12-16T04:21:56.761+0000] {logging_mixin.py:190} INFO - [2025-12-16T04:21:56.761+0000] {dag.py:3239} INFO - Sync 1 DAGs
[2025-12-16T04:21:56.810+0000] {logging_mixin.py:190} INFO - [2025-12-16T04:21:56.810+0000] {dag.py:4180} INFO - Setting next_dagrun for ETL_process to None, run_after=None
[2025-12-16T04:21:56.854+0000] {processor.py:208} INFO - Processing /opt/airflow/dags/ETL.py took 0.240 seconds
[2025-12-16T04:22:27.091+0000] {processor.py:186} INFO - Started process (PID=1951) to work on /opt/airflow/dags/ETL.py
[2025-12-16T04:22:27.095+0000] {processor.py:914} INFO - Processing file /opt/airflow/dags/ETL.py for tasks to queue
[2025-12-16T04:22:27.104+0000] {logging_mixin.py:190} INFO - [2025-12-16T04:22:27.103+0000] {dagbag.py:588} INFO - Filling up the DagBag from /opt/airflow/dags/ETL.py
[2025-12-16T04:22:27.152+0000] {processor.py:925} INFO - DAG(s) 'ETL_process' retrieved from /opt/airflow/dags/ETL.py
[2025-12-16T04:22:27.280+0000] {logging_mixin.py:190} INFO - [2025-12-16T04:22:27.280+0000] {dag.py:3239} INFO - Sync 1 DAGs
[2025-12-16T04:22:27.337+0000] {logging_mixin.py:190} INFO - [2025-12-16T04:22:27.336+0000] {dag.py:4180} INFO - Setting next_dagrun for ETL_process to None, run_after=None
[2025-12-16T04:22:27.385+0000] {processor.py:208} INFO - Processing /opt/airflow/dags/ETL.py took 0.309 seconds
[2025-12-16T04:22:57.559+0000] {processor.py:186} INFO - Started process (PID=1961) to work on /opt/airflow/dags/ETL.py
[2025-12-16T04:22:57.565+0000] {processor.py:914} INFO - Processing file /opt/airflow/dags/ETL.py for tasks to queue
[2025-12-16T04:22:57.580+0000] {logging_mixin.py:190} INFO - [2025-12-16T04:22:57.580+0000] {dagbag.py:588} INFO - Filling up the DagBag from /opt/airflow/dags/ETL.py
[2025-12-16T04:22:57.646+0000] {processor.py:925} INFO - DAG(s) 'ETL_process' retrieved from /opt/airflow/dags/ETL.py
[2025-12-16T04:22:57.751+0000] {logging_mixin.py:190} INFO - [2025-12-16T04:22:57.751+0000] {dag.py:3239} INFO - Sync 1 DAGs
[2025-12-16T04:22:57.778+0000] {logging_mixin.py:190} INFO - [2025-12-16T04:22:57.778+0000] {dag.py:4180} INFO - Setting next_dagrun for ETL_process to None, run_after=None
[2025-12-16T04:22:57.819+0000] {processor.py:208} INFO - Processing /opt/airflow/dags/ETL.py took 0.275 seconds
[2025-12-16T04:23:28.067+0000] {processor.py:186} INFO - Started process (PID=1971) to work on /opt/airflow/dags/ETL.py
[2025-12-16T04:23:28.074+0000] {processor.py:914} INFO - Processing file /opt/airflow/dags/ETL.py for tasks to queue
[2025-12-16T04:23:28.088+0000] {logging_mixin.py:190} INFO - [2025-12-16T04:23:28.087+0000] {dagbag.py:588} INFO - Filling up the DagBag from /opt/airflow/dags/ETL.py
[2025-12-16T04:23:28.150+0000] {processor.py:925} INFO - DAG(s) 'ETL_process' retrieved from /opt/airflow/dags/ETL.py
[2025-12-16T04:23:28.256+0000] {logging_mixin.py:190} INFO - [2025-12-16T04:23:28.255+0000] {dag.py:3239} INFO - Sync 1 DAGs
[2025-12-16T04:23:28.302+0000] {logging_mixin.py:190} INFO - [2025-12-16T04:23:28.302+0000] {dag.py:4180} INFO - Setting next_dagrun for ETL_process to None, run_after=None
[2025-12-16T04:23:28.336+0000] {processor.py:208} INFO - Processing /opt/airflow/dags/ETL.py took 0.301 seconds
[2025-12-16T04:23:58.536+0000] {processor.py:186} INFO - Started process (PID=1981) to work on /opt/airflow/dags/ETL.py
[2025-12-16T04:23:58.537+0000] {processor.py:914} INFO - Processing file /opt/airflow/dags/ETL.py for tasks to queue
[2025-12-16T04:23:58.542+0000] {logging_mixin.py:190} INFO - [2025-12-16T04:23:58.541+0000] {dagbag.py:588} INFO - Filling up the DagBag from /opt/airflow/dags/ETL.py
[2025-12-16T04:23:58.574+0000] {processor.py:925} INFO - DAG(s) 'ETL_process' retrieved from /opt/airflow/dags/ETL.py
[2025-12-16T04:23:58.674+0000] {logging_mixin.py:190} INFO - [2025-12-16T04:23:58.674+0000] {dag.py:3239} INFO - Sync 1 DAGs
[2025-12-16T04:23:58.724+0000] {logging_mixin.py:190} INFO - [2025-12-16T04:23:58.724+0000] {dag.py:4180} INFO - Setting next_dagrun for ETL_process to None, run_after=None
[2025-12-16T04:23:58.769+0000] {processor.py:208} INFO - Processing /opt/airflow/dags/ETL.py took 0.241 seconds
[2025-12-16T04:24:29.069+0000] {processor.py:186} INFO - Started process (PID=1991) to work on /opt/airflow/dags/ETL.py
[2025-12-16T04:24:29.071+0000] {processor.py:914} INFO - Processing file /opt/airflow/dags/ETL.py for tasks to queue
[2025-12-16T04:24:29.074+0000] {logging_mixin.py:190} INFO - [2025-12-16T04:24:29.074+0000] {dagbag.py:588} INFO - Filling up the DagBag from /opt/airflow/dags/ETL.py
[2025-12-16T04:24:29.098+0000] {processor.py:925} INFO - DAG(s) 'ETL_process' retrieved from /opt/airflow/dags/ETL.py
[2025-12-16T04:24:29.189+0000] {logging_mixin.py:190} INFO - [2025-12-16T04:24:29.189+0000] {dag.py:3239} INFO - Sync 1 DAGs
[2025-12-16T04:24:29.232+0000] {logging_mixin.py:190} INFO - [2025-12-16T04:24:29.231+0000] {dag.py:4180} INFO - Setting next_dagrun for ETL_process to None, run_after=None
[2025-12-16T04:24:29.271+0000] {processor.py:208} INFO - Processing /opt/airflow/dags/ETL.py took 0.225 seconds
[2025-12-16T04:24:59.505+0000] {processor.py:186} INFO - Started process (PID=2001) to work on /opt/airflow/dags/ETL.py
[2025-12-16T04:24:59.511+0000] {processor.py:914} INFO - Processing file /opt/airflow/dags/ETL.py for tasks to queue
[2025-12-16T04:24:59.524+0000] {logging_mixin.py:190} INFO - [2025-12-16T04:24:59.523+0000] {dagbag.py:588} INFO - Filling up the DagBag from /opt/airflow/dags/ETL.py
[2025-12-16T04:24:59.583+0000] {processor.py:925} INFO - DAG(s) 'ETL_process' retrieved from /opt/airflow/dags/ETL.py
[2025-12-16T04:24:59.677+0000] {logging_mixin.py:190} INFO - [2025-12-16T04:24:59.676+0000] {dag.py:3239} INFO - Sync 1 DAGs
[2025-12-16T04:24:59.706+0000] {logging_mixin.py:190} INFO - [2025-12-16T04:24:59.706+0000] {dag.py:4180} INFO - Setting next_dagrun for ETL_process to None, run_after=None
[2025-12-16T04:24:59.732+0000] {processor.py:208} INFO - Processing /opt/airflow/dags/ETL.py took 0.238 seconds
[2025-12-16T04:25:29.963+0000] {processor.py:186} INFO - Started process (PID=2011) to work on /opt/airflow/dags/ETL.py
[2025-12-16T04:25:29.965+0000] {processor.py:914} INFO - Processing file /opt/airflow/dags/ETL.py for tasks to queue
[2025-12-16T04:25:29.968+0000] {logging_mixin.py:190} INFO - [2025-12-16T04:25:29.968+0000] {dagbag.py:588} INFO - Filling up the DagBag from /opt/airflow/dags/ETL.py
[2025-12-16T04:25:29.991+0000] {processor.py:925} INFO - DAG(s) 'ETL_process' retrieved from /opt/airflow/dags/ETL.py
[2025-12-16T04:25:30.053+0000] {logging_mixin.py:190} INFO - [2025-12-16T04:25:30.052+0000] {dag.py:3239} INFO - Sync 1 DAGs
[2025-12-16T04:25:30.098+0000] {logging_mixin.py:190} INFO - [2025-12-16T04:25:30.098+0000] {dag.py:4180} INFO - Setting next_dagrun for ETL_process to None, run_after=None
[2025-12-16T04:25:30.142+0000] {processor.py:208} INFO - Processing /opt/airflow/dags/ETL.py took 0.188 seconds
[2025-12-16T04:26:00.217+0000] {processor.py:186} INFO - Started process (PID=2021) to work on /opt/airflow/dags/ETL.py
[2025-12-16T04:26:00.219+0000] {processor.py:914} INFO - Processing file /opt/airflow/dags/ETL.py for tasks to queue
[2025-12-16T04:26:00.226+0000] {logging_mixin.py:190} INFO - [2025-12-16T04:26:00.225+0000] {dagbag.py:588} INFO - Filling up the DagBag from /opt/airflow/dags/ETL.py
[2025-12-16T04:26:00.274+0000] {processor.py:925} INFO - DAG(s) 'ETL_process' retrieved from /opt/airflow/dags/ETL.py
[2025-12-16T04:26:00.363+0000] {logging_mixin.py:190} INFO - [2025-12-16T04:26:00.362+0000] {dag.py:3239} INFO - Sync 1 DAGs
[2025-12-16T04:26:00.408+0000] {logging_mixin.py:190} INFO - [2025-12-16T04:26:00.408+0000] {dag.py:4180} INFO - Setting next_dagrun for ETL_process to None, run_after=None
[2025-12-16T04:26:00.445+0000] {processor.py:208} INFO - Processing /opt/airflow/dags/ETL.py took 0.236 seconds
[2025-12-16T04:26:30.758+0000] {processor.py:186} INFO - Started process (PID=2031) to work on /opt/airflow/dags/ETL.py
[2025-12-16T04:26:30.759+0000] {processor.py:914} INFO - Processing file /opt/airflow/dags/ETL.py for tasks to queue
[2025-12-16T04:26:30.763+0000] {logging_mixin.py:190} INFO - [2025-12-16T04:26:30.762+0000] {dagbag.py:588} INFO - Filling up the DagBag from /opt/airflow/dags/ETL.py
[2025-12-16T04:26:30.785+0000] {processor.py:925} INFO - DAG(s) 'ETL_process' retrieved from /opt/airflow/dags/ETL.py
[2025-12-16T04:26:30.838+0000] {logging_mixin.py:190} INFO - [2025-12-16T04:26:30.837+0000] {dag.py:3239} INFO - Sync 1 DAGs
[2025-12-16T04:26:30.878+0000] {logging_mixin.py:190} INFO - [2025-12-16T04:26:30.878+0000] {dag.py:4180} INFO - Setting next_dagrun for ETL_process to None, run_after=None
[2025-12-16T04:26:30.913+0000] {processor.py:208} INFO - Processing /opt/airflow/dags/ETL.py took 0.164 seconds
[2025-12-16T04:27:01.238+0000] {processor.py:186} INFO - Started process (PID=2041) to work on /opt/airflow/dags/ETL.py
[2025-12-16T04:27:01.240+0000] {processor.py:914} INFO - Processing file /opt/airflow/dags/ETL.py for tasks to queue
[2025-12-16T04:27:01.246+0000] {logging_mixin.py:190} INFO - [2025-12-16T04:27:01.245+0000] {dagbag.py:588} INFO - Filling up the DagBag from /opt/airflow/dags/ETL.py
[2025-12-16T04:27:01.317+0000] {processor.py:925} INFO - DAG(s) 'ETL_process' retrieved from /opt/airflow/dags/ETL.py
[2025-12-16T04:27:01.408+0000] {logging_mixin.py:190} INFO - [2025-12-16T04:27:01.408+0000] {dag.py:3239} INFO - Sync 1 DAGs
[2025-12-16T04:27:01.456+0000] {logging_mixin.py:190} INFO - [2025-12-16T04:27:01.456+0000] {dag.py:4180} INFO - Setting next_dagrun for ETL_process to None, run_after=None
[2025-12-16T04:27:01.495+0000] {processor.py:208} INFO - Processing /opt/airflow/dags/ETL.py took 0.267 seconds
[2025-12-16T04:27:31.566+0000] {processor.py:186} INFO - Started process (PID=2051) to work on /opt/airflow/dags/ETL.py
[2025-12-16T04:27:31.568+0000] {processor.py:914} INFO - Processing file /opt/airflow/dags/ETL.py for tasks to queue
[2025-12-16T04:27:31.572+0000] {logging_mixin.py:190} INFO - [2025-12-16T04:27:31.571+0000] {dagbag.py:588} INFO - Filling up the DagBag from /opt/airflow/dags/ETL.py
[2025-12-16T04:27:31.592+0000] {processor.py:925} INFO - DAG(s) 'ETL_process' retrieved from /opt/airflow/dags/ETL.py
[2025-12-16T04:27:31.664+0000] {logging_mixin.py:190} INFO - [2025-12-16T04:27:31.664+0000] {dag.py:3239} INFO - Sync 1 DAGs
[2025-12-16T04:27:31.709+0000] {logging_mixin.py:190} INFO - [2025-12-16T04:27:31.708+0000] {dag.py:4180} INFO - Setting next_dagrun for ETL_process to None, run_after=None
[2025-12-16T04:27:31.746+0000] {processor.py:208} INFO - Processing /opt/airflow/dags/ETL.py took 0.194 seconds
[2025-12-16T04:28:02.030+0000] {processor.py:186} INFO - Started process (PID=2061) to work on /opt/airflow/dags/ETL.py
[2025-12-16T04:28:02.032+0000] {processor.py:914} INFO - Processing file /opt/airflow/dags/ETL.py for tasks to queue
[2025-12-16T04:28:02.037+0000] {logging_mixin.py:190} INFO - [2025-12-16T04:28:02.036+0000] {dagbag.py:588} INFO - Filling up the DagBag from /opt/airflow/dags/ETL.py
[2025-12-16T04:28:02.075+0000] {processor.py:925} INFO - DAG(s) 'ETL_process' retrieved from /opt/airflow/dags/ETL.py
[2025-12-16T04:28:02.155+0000] {logging_mixin.py:190} INFO - [2025-12-16T04:28:02.155+0000] {dag.py:3239} INFO - Sync 1 DAGs
[2025-12-16T04:28:02.195+0000] {logging_mixin.py:190} INFO - [2025-12-16T04:28:02.195+0000] {dag.py:4180} INFO - Setting next_dagrun for ETL_process to None, run_after=None
[2025-12-16T04:28:02.233+0000] {processor.py:208} INFO - Processing /opt/airflow/dags/ETL.py took 0.209 seconds
[2025-12-16T04:28:32.519+0000] {processor.py:186} INFO - Started process (PID=2071) to work on /opt/airflow/dags/ETL.py
[2025-12-16T04:28:32.520+0000] {processor.py:914} INFO - Processing file /opt/airflow/dags/ETL.py for tasks to queue
[2025-12-16T04:28:32.524+0000] {logging_mixin.py:190} INFO - [2025-12-16T04:28:32.524+0000] {dagbag.py:588} INFO - Filling up the DagBag from /opt/airflow/dags/ETL.py
[2025-12-16T04:28:32.547+0000] {processor.py:925} INFO - DAG(s) 'ETL_process' retrieved from /opt/airflow/dags/ETL.py
[2025-12-16T04:28:32.585+0000] {logging_mixin.py:190} INFO - [2025-12-16T04:28:32.585+0000] {dag.py:3239} INFO - Sync 1 DAGs
[2025-12-16T04:28:32.603+0000] {logging_mixin.py:190} INFO - [2025-12-16T04:28:32.602+0000] {dag.py:4180} INFO - Setting next_dagrun for ETL_process to None, run_after=None
[2025-12-16T04:28:32.623+0000] {processor.py:208} INFO - Processing /opt/airflow/dags/ETL.py took 0.114 seconds
[2025-12-16T04:29:02.948+0000] {processor.py:186} INFO - Started process (PID=2081) to work on /opt/airflow/dags/ETL.py
[2025-12-16T04:29:02.952+0000] {processor.py:914} INFO - Processing file /opt/airflow/dags/ETL.py for tasks to queue
[2025-12-16T04:29:02.962+0000] {logging_mixin.py:190} INFO - [2025-12-16T04:29:02.961+0000] {dagbag.py:588} INFO - Filling up the DagBag from /opt/airflow/dags/ETL.py
[2025-12-16T04:29:03.005+0000] {processor.py:925} INFO - DAG(s) 'ETL_process' retrieved from /opt/airflow/dags/ETL.py
[2025-12-16T04:29:03.072+0000] {logging_mixin.py:190} INFO - [2025-12-16T04:29:03.072+0000] {dag.py:3239} INFO - Sync 1 DAGs
[2025-12-16T04:29:03.119+0000] {logging_mixin.py:190} INFO - [2025-12-16T04:29:03.119+0000] {dag.py:4180} INFO - Setting next_dagrun for ETL_process to None, run_after=None
[2025-12-16T04:29:03.157+0000] {processor.py:208} INFO - Processing /opt/airflow/dags/ETL.py took 0.235 seconds
[2025-12-16T04:29:33.303+0000] {processor.py:186} INFO - Started process (PID=2091) to work on /opt/airflow/dags/ETL.py
[2025-12-16T04:29:33.305+0000] {processor.py:914} INFO - Processing file /opt/airflow/dags/ETL.py for tasks to queue
[2025-12-16T04:29:33.308+0000] {logging_mixin.py:190} INFO - [2025-12-16T04:29:33.308+0000] {dagbag.py:588} INFO - Filling up the DagBag from /opt/airflow/dags/ETL.py
[2025-12-16T04:29:33.331+0000] {processor.py:925} INFO - DAG(s) 'ETL_process' retrieved from /opt/airflow/dags/ETL.py
[2025-12-16T04:29:33.365+0000] {logging_mixin.py:190} INFO - [2025-12-16T04:29:33.365+0000] {dag.py:3239} INFO - Sync 1 DAGs
[2025-12-16T04:29:33.391+0000] {logging_mixin.py:190} INFO - [2025-12-16T04:29:33.391+0000] {dag.py:4180} INFO - Setting next_dagrun for ETL_process to None, run_after=None
[2025-12-16T04:29:33.429+0000] {processor.py:208} INFO - Processing /opt/airflow/dags/ETL.py took 0.137 seconds
[2025-12-16T04:30:03.765+0000] {processor.py:186} INFO - Started process (PID=2101) to work on /opt/airflow/dags/ETL.py
[2025-12-16T04:30:03.770+0000] {processor.py:914} INFO - Processing file /opt/airflow/dags/ETL.py for tasks to queue
[2025-12-16T04:30:03.782+0000] {logging_mixin.py:190} INFO - [2025-12-16T04:30:03.780+0000] {dagbag.py:588} INFO - Filling up the DagBag from /opt/airflow/dags/ETL.py
[2025-12-16T04:30:03.833+0000] {processor.py:925} INFO - DAG(s) 'ETL_process' retrieved from /opt/airflow/dags/ETL.py
[2025-12-16T04:30:03.894+0000] {logging_mixin.py:190} INFO - [2025-12-16T04:30:03.894+0000] {dag.py:3239} INFO - Sync 1 DAGs
[2025-12-16T04:30:03.928+0000] {logging_mixin.py:190} INFO - [2025-12-16T04:30:03.927+0000] {dag.py:4180} INFO - Setting next_dagrun for ETL_process to None, run_after=None
[2025-12-16T04:30:03.967+0000] {processor.py:208} INFO - Processing /opt/airflow/dags/ETL.py took 0.221 seconds
[2025-12-16T04:30:34.074+0000] {processor.py:186} INFO - Started process (PID=2111) to work on /opt/airflow/dags/ETL.py
[2025-12-16T04:30:34.075+0000] {processor.py:914} INFO - Processing file /opt/airflow/dags/ETL.py for tasks to queue
[2025-12-16T04:30:34.079+0000] {logging_mixin.py:190} INFO - [2025-12-16T04:30:34.079+0000] {dagbag.py:588} INFO - Filling up the DagBag from /opt/airflow/dags/ETL.py
[2025-12-16T04:30:34.099+0000] {processor.py:925} INFO - DAG(s) 'ETL_process' retrieved from /opt/airflow/dags/ETL.py
[2025-12-16T04:30:34.163+0000] {logging_mixin.py:190} INFO - [2025-12-16T04:30:34.162+0000] {dag.py:3239} INFO - Sync 1 DAGs
[2025-12-16T04:30:34.197+0000] {logging_mixin.py:190} INFO - [2025-12-16T04:30:34.196+0000] {dag.py:4180} INFO - Setting next_dagrun for ETL_process to None, run_after=None
[2025-12-16T04:30:34.233+0000] {processor.py:208} INFO - Processing /opt/airflow/dags/ETL.py took 0.166 seconds
[2025-12-16T04:31:04.538+0000] {processor.py:186} INFO - Started process (PID=2121) to work on /opt/airflow/dags/ETL.py
[2025-12-16T04:31:04.543+0000] {processor.py:914} INFO - Processing file /opt/airflow/dags/ETL.py for tasks to queue
[2025-12-16T04:31:04.553+0000] {logging_mixin.py:190} INFO - [2025-12-16T04:31:04.552+0000] {dagbag.py:588} INFO - Filling up the DagBag from /opt/airflow/dags/ETL.py
[2025-12-16T04:31:04.607+0000] {processor.py:925} INFO - DAG(s) 'ETL_process' retrieved from /opt/airflow/dags/ETL.py
[2025-12-16T04:31:04.692+0000] {logging_mixin.py:190} INFO - [2025-12-16T04:31:04.691+0000] {dag.py:3239} INFO - Sync 1 DAGs
[2025-12-16T04:31:04.724+0000] {logging_mixin.py:190} INFO - [2025-12-16T04:31:04.724+0000] {dag.py:4180} INFO - Setting next_dagrun for ETL_process to None, run_after=None
[2025-12-16T04:31:04.745+0000] {processor.py:208} INFO - Processing /opt/airflow/dags/ETL.py took 0.240 seconds
[2025-12-16T04:31:34.849+0000] {processor.py:186} INFO - Started process (PID=2131) to work on /opt/airflow/dags/ETL.py
[2025-12-16T04:31:34.851+0000] {processor.py:914} INFO - Processing file /opt/airflow/dags/ETL.py for tasks to queue
[2025-12-16T04:31:34.855+0000] {logging_mixin.py:190} INFO - [2025-12-16T04:31:34.854+0000] {dagbag.py:588} INFO - Filling up the DagBag from /opt/airflow/dags/ETL.py
[2025-12-16T04:31:34.877+0000] {processor.py:925} INFO - DAG(s) 'ETL_process' retrieved from /opt/airflow/dags/ETL.py
[2025-12-16T04:31:34.963+0000] {logging_mixin.py:190} INFO - [2025-12-16T04:31:34.962+0000] {dag.py:3239} INFO - Sync 1 DAGs
[2025-12-16T04:31:35.007+0000] {logging_mixin.py:190} INFO - [2025-12-16T04:31:35.007+0000] {dag.py:4180} INFO - Setting next_dagrun for ETL_process to None, run_after=None
[2025-12-16T04:31:35.043+0000] {processor.py:208} INFO - Processing /opt/airflow/dags/ETL.py took 0.202 seconds
[2025-12-16T04:32:05.316+0000] {processor.py:186} INFO - Started process (PID=2141) to work on /opt/airflow/dags/ETL.py
[2025-12-16T04:32:05.318+0000] {processor.py:914} INFO - Processing file /opt/airflow/dags/ETL.py for tasks to queue
[2025-12-16T04:32:05.321+0000] {logging_mixin.py:190} INFO - [2025-12-16T04:32:05.320+0000] {dagbag.py:588} INFO - Filling up the DagBag from /opt/airflow/dags/ETL.py
[2025-12-16T04:32:05.359+0000] {processor.py:925} INFO - DAG(s) 'ETL_process' retrieved from /opt/airflow/dags/ETL.py
[2025-12-16T04:32:05.435+0000] {logging_mixin.py:190} INFO - [2025-12-16T04:32:05.435+0000] {dag.py:3239} INFO - Sync 1 DAGs
[2025-12-16T04:32:05.478+0000] {logging_mixin.py:190} INFO - [2025-12-16T04:32:05.477+0000] {dag.py:4180} INFO - Setting next_dagrun for ETL_process to None, run_after=None
[2025-12-16T04:32:05.514+0000] {processor.py:208} INFO - Processing /opt/airflow/dags/ETL.py took 0.204 seconds
[2025-12-16T04:32:35.671+0000] {processor.py:186} INFO - Started process (PID=2151) to work on /opt/airflow/dags/ETL.py
[2025-12-16T04:32:35.673+0000] {processor.py:914} INFO - Processing file /opt/airflow/dags/ETL.py for tasks to queue
[2025-12-16T04:32:35.680+0000] {logging_mixin.py:190} INFO - [2025-12-16T04:32:35.679+0000] {dagbag.py:588} INFO - Filling up the DagBag from /opt/airflow/dags/ETL.py
[2025-12-16T04:32:35.711+0000] {processor.py:925} INFO - DAG(s) 'ETL_process' retrieved from /opt/airflow/dags/ETL.py
[2025-12-16T04:32:35.747+0000] {logging_mixin.py:190} INFO - [2025-12-16T04:32:35.747+0000] {dag.py:3239} INFO - Sync 1 DAGs
[2025-12-16T04:32:35.762+0000] {logging_mixin.py:190} INFO - [2025-12-16T04:32:35.762+0000] {dag.py:4180} INFO - Setting next_dagrun for ETL_process to None, run_after=None
[2025-12-16T04:32:35.780+0000] {processor.py:208} INFO - Processing /opt/airflow/dags/ETL.py took 0.126 seconds
[2025-12-16T04:33:06.119+0000] {processor.py:186} INFO - Started process (PID=2161) to work on /opt/airflow/dags/ETL.py
[2025-12-16T04:33:06.121+0000] {processor.py:914} INFO - Processing file /opt/airflow/dags/ETL.py for tasks to queue
[2025-12-16T04:33:06.130+0000] {logging_mixin.py:190} INFO - [2025-12-16T04:33:06.129+0000] {dagbag.py:588} INFO - Filling up the DagBag from /opt/airflow/dags/ETL.py
[2025-12-16T04:33:06.154+0000] {processor.py:925} INFO - DAG(s) 'ETL_process' retrieved from /opt/airflow/dags/ETL.py
[2025-12-16T04:33:06.225+0000] {logging_mixin.py:190} INFO - [2025-12-16T04:33:06.224+0000] {dag.py:3239} INFO - Sync 1 DAGs
[2025-12-16T04:33:06.270+0000] {logging_mixin.py:190} INFO - [2025-12-16T04:33:06.269+0000] {dag.py:4180} INFO - Setting next_dagrun for ETL_process to None, run_after=None
[2025-12-16T04:33:06.315+0000] {processor.py:208} INFO - Processing /opt/airflow/dags/ETL.py took 0.221 seconds
[2025-12-16T04:33:36.617+0000] {processor.py:186} INFO - Started process (PID=2171) to work on /opt/airflow/dags/ETL.py
[2025-12-16T04:33:36.619+0000] {processor.py:914} INFO - Processing file /opt/airflow/dags/ETL.py for tasks to queue
[2025-12-16T04:33:36.623+0000] {logging_mixin.py:190} INFO - [2025-12-16T04:33:36.623+0000] {dagbag.py:588} INFO - Filling up the DagBag from /opt/airflow/dags/ETL.py
[2025-12-16T04:33:36.645+0000] {processor.py:925} INFO - DAG(s) 'ETL_process' retrieved from /opt/airflow/dags/ETL.py
[2025-12-16T04:33:36.704+0000] {logging_mixin.py:190} INFO - [2025-12-16T04:33:36.704+0000] {dag.py:3239} INFO - Sync 1 DAGs
[2025-12-16T04:33:36.745+0000] {logging_mixin.py:190} INFO - [2025-12-16T04:33:36.744+0000] {dag.py:4180} INFO - Setting next_dagrun for ETL_process to None, run_after=None
[2025-12-16T04:33:36.768+0000] {processor.py:208} INFO - Processing /opt/airflow/dags/ETL.py took 0.164 seconds
[2025-12-16T04:34:07.104+0000] {processor.py:186} INFO - Started process (PID=2181) to work on /opt/airflow/dags/ETL.py
[2025-12-16T04:34:07.106+0000] {processor.py:914} INFO - Processing file /opt/airflow/dags/ETL.py for tasks to queue
[2025-12-16T04:34:07.117+0000] {logging_mixin.py:190} INFO - [2025-12-16T04:34:07.116+0000] {dagbag.py:588} INFO - Filling up the DagBag from /opt/airflow/dags/ETL.py
[2025-12-16T04:34:07.169+0000] {processor.py:925} INFO - DAG(s) 'ETL_process' retrieved from /opt/airflow/dags/ETL.py
[2025-12-16T04:34:07.261+0000] {logging_mixin.py:190} INFO - [2025-12-16T04:34:07.260+0000] {dag.py:3239} INFO - Sync 1 DAGs
[2025-12-16T04:34:07.310+0000] {logging_mixin.py:190} INFO - [2025-12-16T04:34:07.309+0000] {dag.py:4180} INFO - Setting next_dagrun for ETL_process to None, run_after=None
[2025-12-16T04:34:07.338+0000] {processor.py:208} INFO - Processing /opt/airflow/dags/ETL.py took 0.242 seconds
[2025-12-16T04:34:37.493+0000] {processor.py:186} INFO - Started process (PID=2191) to work on /opt/airflow/dags/ETL.py
[2025-12-16T04:34:37.495+0000] {processor.py:914} INFO - Processing file /opt/airflow/dags/ETL.py for tasks to queue
[2025-12-16T04:34:37.499+0000] {logging_mixin.py:190} INFO - [2025-12-16T04:34:37.499+0000] {dagbag.py:588} INFO - Filling up the DagBag from /opt/airflow/dags/ETL.py
[2025-12-16T04:34:37.540+0000] {processor.py:925} INFO - DAG(s) 'ETL_process' retrieved from /opt/airflow/dags/ETL.py
[2025-12-16T04:34:37.630+0000] {logging_mixin.py:190} INFO - [2025-12-16T04:34:37.630+0000] {dag.py:3239} INFO - Sync 1 DAGs
[2025-12-16T04:34:37.668+0000] {logging_mixin.py:190} INFO - [2025-12-16T04:34:37.667+0000] {dag.py:4180} INFO - Setting next_dagrun for ETL_process to None, run_after=None
[2025-12-16T04:34:37.702+0000] {processor.py:208} INFO - Processing /opt/airflow/dags/ETL.py took 0.216 seconds
[2025-12-16T04:35:07.987+0000] {processor.py:186} INFO - Started process (PID=2201) to work on /opt/airflow/dags/ETL.py
[2025-12-16T04:35:07.989+0000] {processor.py:914} INFO - Processing file /opt/airflow/dags/ETL.py for tasks to queue
[2025-12-16T04:35:07.992+0000] {logging_mixin.py:190} INFO - [2025-12-16T04:35:07.992+0000] {dagbag.py:588} INFO - Filling up the DagBag from /opt/airflow/dags/ETL.py
[2025-12-16T04:35:08.039+0000] {processor.py:925} INFO - DAG(s) 'ETL_process' retrieved from /opt/airflow/dags/ETL.py
[2025-12-16T04:35:08.076+0000] {logging_mixin.py:190} INFO - [2025-12-16T04:35:08.076+0000] {dag.py:3239} INFO - Sync 1 DAGs
[2025-12-16T04:35:08.101+0000] {logging_mixin.py:190} INFO - [2025-12-16T04:35:08.101+0000] {dag.py:4180} INFO - Setting next_dagrun for ETL_process to None, run_after=None
[2025-12-16T04:35:08.121+0000] {processor.py:208} INFO - Processing /opt/airflow/dags/ETL.py took 0.146 seconds
[2025-12-16T04:35:38.412+0000] {processor.py:186} INFO - Started process (PID=2211) to work on /opt/airflow/dags/ETL.py
[2025-12-16T04:35:38.413+0000] {processor.py:914} INFO - Processing file /opt/airflow/dags/ETL.py for tasks to queue
[2025-12-16T04:35:38.417+0000] {logging_mixin.py:190} INFO - [2025-12-16T04:35:38.416+0000] {dagbag.py:588} INFO - Filling up the DagBag from /opt/airflow/dags/ETL.py
[2025-12-16T04:35:38.444+0000] {processor.py:925} INFO - DAG(s) 'ETL_process' retrieved from /opt/airflow/dags/ETL.py
[2025-12-16T04:35:38.494+0000] {logging_mixin.py:190} INFO - [2025-12-16T04:35:38.494+0000] {dag.py:3239} INFO - Sync 1 DAGs
[2025-12-16T04:35:38.523+0000] {logging_mixin.py:190} INFO - [2025-12-16T04:35:38.522+0000] {dag.py:4180} INFO - Setting next_dagrun for ETL_process to None, run_after=None
[2025-12-16T04:35:38.548+0000] {processor.py:208} INFO - Processing /opt/airflow/dags/ETL.py took 0.149 seconds
[2025-12-16T04:36:08.683+0000] {processor.py:186} INFO - Started process (PID=2221) to work on /opt/airflow/dags/ETL.py
[2025-12-16T04:36:08.685+0000] {processor.py:914} INFO - Processing file /opt/airflow/dags/ETL.py for tasks to queue
[2025-12-16T04:36:08.691+0000] {logging_mixin.py:190} INFO - [2025-12-16T04:36:08.691+0000] {dagbag.py:588} INFO - Filling up the DagBag from /opt/airflow/dags/ETL.py
[2025-12-16T04:36:08.721+0000] {processor.py:925} INFO - DAG(s) 'ETL_process' retrieved from /opt/airflow/dags/ETL.py
[2025-12-16T04:36:08.770+0000] {logging_mixin.py:190} INFO - [2025-12-16T04:36:08.770+0000] {dag.py:3239} INFO - Sync 1 DAGs
[2025-12-16T04:36:08.809+0000] {logging_mixin.py:190} INFO - [2025-12-16T04:36:08.809+0000] {dag.py:4180} INFO - Setting next_dagrun for ETL_process to None, run_after=None
[2025-12-16T04:36:08.842+0000] {processor.py:208} INFO - Processing /opt/airflow/dags/ETL.py took 0.172 seconds
[2025-12-16T04:36:39.152+0000] {processor.py:186} INFO - Started process (PID=2231) to work on /opt/airflow/dags/ETL.py
[2025-12-16T04:36:39.155+0000] {processor.py:914} INFO - Processing file /opt/airflow/dags/ETL.py for tasks to queue
[2025-12-16T04:36:39.166+0000] {logging_mixin.py:190} INFO - [2025-12-16T04:36:39.165+0000] {dagbag.py:588} INFO - Filling up the DagBag from /opt/airflow/dags/ETL.py
[2025-12-16T04:36:39.201+0000] {processor.py:925} INFO - DAG(s) 'ETL_process' retrieved from /opt/airflow/dags/ETL.py
[2025-12-16T04:36:39.261+0000] {logging_mixin.py:190} INFO - [2025-12-16T04:36:39.260+0000] {dag.py:3239} INFO - Sync 1 DAGs
[2025-12-16T04:36:39.301+0000] {logging_mixin.py:190} INFO - [2025-12-16T04:36:39.301+0000] {dag.py:4180} INFO - Setting next_dagrun for ETL_process to None, run_after=None
[2025-12-16T04:36:39.335+0000] {processor.py:208} INFO - Processing /opt/airflow/dags/ETL.py took 0.203 seconds
[2025-12-16T04:37:09.432+0000] {processor.py:186} INFO - Started process (PID=2241) to work on /opt/airflow/dags/ETL.py
[2025-12-16T04:37:09.434+0000] {processor.py:914} INFO - Processing file /opt/airflow/dags/ETL.py for tasks to queue
[2025-12-16T04:37:09.440+0000] {logging_mixin.py:190} INFO - [2025-12-16T04:37:09.439+0000] {dagbag.py:588} INFO - Filling up the DagBag from /opt/airflow/dags/ETL.py
[2025-12-16T04:37:09.474+0000] {processor.py:925} INFO - DAG(s) 'ETL_process' retrieved from /opt/airflow/dags/ETL.py
[2025-12-16T04:37:09.513+0000] {logging_mixin.py:190} INFO - [2025-12-16T04:37:09.513+0000] {dag.py:3239} INFO - Sync 1 DAGs
[2025-12-16T04:37:09.538+0000] {logging_mixin.py:190} INFO - [2025-12-16T04:37:09.538+0000] {dag.py:4180} INFO - Setting next_dagrun for ETL_process to None, run_after=None
[2025-12-16T04:37:09.571+0000] {processor.py:208} INFO - Processing /opt/airflow/dags/ETL.py took 0.151 seconds
[2025-12-16T04:37:39.897+0000] {processor.py:186} INFO - Started process (PID=2251) to work on /opt/airflow/dags/ETL.py
[2025-12-16T04:37:39.898+0000] {processor.py:914} INFO - Processing file /opt/airflow/dags/ETL.py for tasks to queue
[2025-12-16T04:37:39.902+0000] {logging_mixin.py:190} INFO - [2025-12-16T04:37:39.901+0000] {dagbag.py:588} INFO - Filling up the DagBag from /opt/airflow/dags/ETL.py
[2025-12-16T04:37:39.922+0000] {processor.py:925} INFO - DAG(s) 'ETL_process' retrieved from /opt/airflow/dags/ETL.py
[2025-12-16T04:37:39.960+0000] {logging_mixin.py:190} INFO - [2025-12-16T04:37:39.959+0000] {dag.py:3239} INFO - Sync 1 DAGs
[2025-12-16T04:37:39.975+0000] {logging_mixin.py:190} INFO - [2025-12-16T04:37:39.974+0000] {dag.py:4180} INFO - Setting next_dagrun for ETL_process to None, run_after=None
[2025-12-16T04:37:39.997+0000] {processor.py:208} INFO - Processing /opt/airflow/dags/ETL.py took 0.109 seconds
[2025-12-16T04:38:10.304+0000] {processor.py:186} INFO - Started process (PID=2261) to work on /opt/airflow/dags/ETL.py
[2025-12-16T04:38:10.305+0000] {processor.py:914} INFO - Processing file /opt/airflow/dags/ETL.py for tasks to queue
[2025-12-16T04:38:10.309+0000] {logging_mixin.py:190} INFO - [2025-12-16T04:38:10.309+0000] {dagbag.py:588} INFO - Filling up the DagBag from /opt/airflow/dags/ETL.py
[2025-12-16T04:38:10.330+0000] {processor.py:925} INFO - DAG(s) 'ETL_process' retrieved from /opt/airflow/dags/ETL.py
[2025-12-16T04:38:10.361+0000] {logging_mixin.py:190} INFO - [2025-12-16T04:38:10.360+0000] {dag.py:3239} INFO - Sync 1 DAGs
[2025-12-16T04:38:10.375+0000] {logging_mixin.py:190} INFO - [2025-12-16T04:38:10.374+0000] {dag.py:4180} INFO - Setting next_dagrun for ETL_process to None, run_after=None
[2025-12-16T04:38:10.393+0000] {processor.py:208} INFO - Processing /opt/airflow/dags/ETL.py took 0.097 seconds
[2025-12-16T04:38:40.695+0000] {processor.py:186} INFO - Started process (PID=2271) to work on /opt/airflow/dags/ETL.py
[2025-12-16T04:38:40.697+0000] {processor.py:914} INFO - Processing file /opt/airflow/dags/ETL.py for tasks to queue
[2025-12-16T04:38:40.700+0000] {logging_mixin.py:190} INFO - [2025-12-16T04:38:40.700+0000] {dagbag.py:588} INFO - Filling up the DagBag from /opt/airflow/dags/ETL.py
[2025-12-16T04:38:40.720+0000] {processor.py:925} INFO - DAG(s) 'ETL_process' retrieved from /opt/airflow/dags/ETL.py
[2025-12-16T04:38:40.756+0000] {logging_mixin.py:190} INFO - [2025-12-16T04:38:40.756+0000] {dag.py:3239} INFO - Sync 1 DAGs
[2025-12-16T04:38:40.771+0000] {logging_mixin.py:190} INFO - [2025-12-16T04:38:40.770+0000] {dag.py:4180} INFO - Setting next_dagrun for ETL_process to None, run_after=None
[2025-12-16T04:38:40.789+0000] {processor.py:208} INFO - Processing /opt/airflow/dags/ETL.py took 0.104 seconds
[2025-12-16T04:39:11.086+0000] {processor.py:186} INFO - Started process (PID=2281) to work on /opt/airflow/dags/ETL.py
[2025-12-16T04:39:11.088+0000] {processor.py:914} INFO - Processing file /opt/airflow/dags/ETL.py for tasks to queue
[2025-12-16T04:39:11.091+0000] {logging_mixin.py:190} INFO - [2025-12-16T04:39:11.091+0000] {dagbag.py:588} INFO - Filling up the DagBag from /opt/airflow/dags/ETL.py
[2025-12-16T04:39:11.114+0000] {processor.py:925} INFO - DAG(s) 'ETL_process' retrieved from /opt/airflow/dags/ETL.py
[2025-12-16T04:39:11.148+0000] {logging_mixin.py:190} INFO - [2025-12-16T04:39:11.147+0000] {dag.py:3239} INFO - Sync 1 DAGs
[2025-12-16T04:39:11.164+0000] {logging_mixin.py:190} INFO - [2025-12-16T04:39:11.164+0000] {dag.py:4180} INFO - Setting next_dagrun for ETL_process to None, run_after=None
[2025-12-16T04:39:11.184+0000] {processor.py:208} INFO - Processing /opt/airflow/dags/ETL.py took 0.107 seconds
[2025-12-16T04:39:41.500+0000] {processor.py:186} INFO - Started process (PID=2291) to work on /opt/airflow/dags/ETL.py
[2025-12-16T04:39:41.503+0000] {processor.py:914} INFO - Processing file /opt/airflow/dags/ETL.py for tasks to queue
[2025-12-16T04:39:41.509+0000] {logging_mixin.py:190} INFO - [2025-12-16T04:39:41.509+0000] {dagbag.py:588} INFO - Filling up the DagBag from /opt/airflow/dags/ETL.py
[2025-12-16T04:39:41.542+0000] {processor.py:925} INFO - DAG(s) 'ETL_process' retrieved from /opt/airflow/dags/ETL.py
[2025-12-16T04:39:41.579+0000] {logging_mixin.py:190} INFO - [2025-12-16T04:39:41.578+0000] {dag.py:3239} INFO - Sync 1 DAGs
[2025-12-16T04:39:41.596+0000] {logging_mixin.py:190} INFO - [2025-12-16T04:39:41.595+0000] {dag.py:4180} INFO - Setting next_dagrun for ETL_process to None, run_after=None
[2025-12-16T04:39:41.615+0000] {processor.py:208} INFO - Processing /opt/airflow/dags/ETL.py took 0.127 seconds
[2025-12-16T04:40:11.902+0000] {processor.py:186} INFO - Started process (PID=2301) to work on /opt/airflow/dags/ETL.py
[2025-12-16T04:40:11.904+0000] {processor.py:914} INFO - Processing file /opt/airflow/dags/ETL.py for tasks to queue
[2025-12-16T04:40:11.907+0000] {logging_mixin.py:190} INFO - [2025-12-16T04:40:11.907+0000] {dagbag.py:588} INFO - Filling up the DagBag from /opt/airflow/dags/ETL.py
[2025-12-16T04:40:11.931+0000] {processor.py:925} INFO - DAG(s) 'ETL_process' retrieved from /opt/airflow/dags/ETL.py
[2025-12-16T04:40:11.967+0000] {logging_mixin.py:190} INFO - [2025-12-16T04:40:11.966+0000] {dag.py:3239} INFO - Sync 1 DAGs
[2025-12-16T04:40:11.985+0000] {logging_mixin.py:190} INFO - [2025-12-16T04:40:11.985+0000] {dag.py:4180} INFO - Setting next_dagrun for ETL_process to None, run_after=None
[2025-12-16T04:40:12.007+0000] {processor.py:208} INFO - Processing /opt/airflow/dags/ETL.py took 0.113 seconds
[2025-12-16T04:40:42.292+0000] {processor.py:186} INFO - Started process (PID=2311) to work on /opt/airflow/dags/ETL.py
[2025-12-16T04:40:42.294+0000] {processor.py:914} INFO - Processing file /opt/airflow/dags/ETL.py for tasks to queue
[2025-12-16T04:40:42.298+0000] {logging_mixin.py:190} INFO - [2025-12-16T04:40:42.298+0000] {dagbag.py:588} INFO - Filling up the DagBag from /opt/airflow/dags/ETL.py
[2025-12-16T04:40:42.319+0000] {processor.py:925} INFO - DAG(s) 'ETL_process' retrieved from /opt/airflow/dags/ETL.py
[2025-12-16T04:40:42.353+0000] {logging_mixin.py:190} INFO - [2025-12-16T04:40:42.353+0000] {dag.py:3239} INFO - Sync 1 DAGs
[2025-12-16T04:40:42.370+0000] {logging_mixin.py:190} INFO - [2025-12-16T04:40:42.370+0000] {dag.py:4180} INFO - Setting next_dagrun for ETL_process to None, run_after=None
[2025-12-16T04:40:42.397+0000] {processor.py:208} INFO - Processing /opt/airflow/dags/ETL.py took 0.113 seconds
[2025-12-16T04:41:12.705+0000] {processor.py:186} INFO - Started process (PID=2321) to work on /opt/airflow/dags/ETL.py
[2025-12-16T04:41:12.707+0000] {processor.py:914} INFO - Processing file /opt/airflow/dags/ETL.py for tasks to queue
[2025-12-16T04:41:12.711+0000] {logging_mixin.py:190} INFO - [2025-12-16T04:41:12.711+0000] {dagbag.py:588} INFO - Filling up the DagBag from /opt/airflow/dags/ETL.py
[2025-12-16T04:41:12.733+0000] {processor.py:925} INFO - DAG(s) 'ETL_process' retrieved from /opt/airflow/dags/ETL.py
[2025-12-16T04:41:12.771+0000] {logging_mixin.py:190} INFO - [2025-12-16T04:41:12.771+0000] {dag.py:3239} INFO - Sync 1 DAGs
[2025-12-16T04:41:12.789+0000] {logging_mixin.py:190} INFO - [2025-12-16T04:41:12.788+0000] {dag.py:4180} INFO - Setting next_dagrun for ETL_process to None, run_after=None
[2025-12-16T04:41:12.809+0000] {processor.py:208} INFO - Processing /opt/airflow/dags/ETL.py took 0.111 seconds
[2025-12-16T04:41:43.099+0000] {processor.py:186} INFO - Started process (PID=2331) to work on /opt/airflow/dags/ETL.py
[2025-12-16T04:41:43.101+0000] {processor.py:914} INFO - Processing file /opt/airflow/dags/ETL.py for tasks to queue
[2025-12-16T04:41:43.105+0000] {logging_mixin.py:190} INFO - [2025-12-16T04:41:43.105+0000] {dagbag.py:588} INFO - Filling up the DagBag from /opt/airflow/dags/ETL.py
[2025-12-16T04:41:43.127+0000] {processor.py:925} INFO - DAG(s) 'ETL_process' retrieved from /opt/airflow/dags/ETL.py
[2025-12-16T04:41:43.162+0000] {logging_mixin.py:190} INFO - [2025-12-16T04:41:43.162+0000] {dag.py:3239} INFO - Sync 1 DAGs
[2025-12-16T04:41:43.182+0000] {logging_mixin.py:190} INFO - [2025-12-16T04:41:43.182+0000] {dag.py:4180} INFO - Setting next_dagrun for ETL_process to None, run_after=None
[2025-12-16T04:41:43.205+0000] {processor.py:208} INFO - Processing /opt/airflow/dags/ETL.py took 0.115 seconds
[2025-12-16T04:42:13.496+0000] {processor.py:186} INFO - Started process (PID=2341) to work on /opt/airflow/dags/ETL.py
[2025-12-16T04:42:13.497+0000] {processor.py:914} INFO - Processing file /opt/airflow/dags/ETL.py for tasks to queue
[2025-12-16T04:42:13.501+0000] {logging_mixin.py:190} INFO - [2025-12-16T04:42:13.500+0000] {dagbag.py:588} INFO - Filling up the DagBag from /opt/airflow/dags/ETL.py
[2025-12-16T04:42:13.522+0000] {processor.py:925} INFO - DAG(s) 'ETL_process' retrieved from /opt/airflow/dags/ETL.py
[2025-12-16T04:42:13.561+0000] {logging_mixin.py:190} INFO - [2025-12-16T04:42:13.561+0000] {dag.py:3239} INFO - Sync 1 DAGs
[2025-12-16T04:42:13.582+0000] {logging_mixin.py:190} INFO - [2025-12-16T04:42:13.582+0000] {dag.py:4180} INFO - Setting next_dagrun for ETL_process to None, run_after=None
[2025-12-16T04:42:13.603+0000] {processor.py:208} INFO - Processing /opt/airflow/dags/ETL.py took 0.116 seconds
[2025-12-16T04:42:43.765+0000] {processor.py:186} INFO - Started process (PID=2351) to work on /opt/airflow/dags/ETL.py
[2025-12-16T04:42:43.767+0000] {processor.py:914} INFO - Processing file /opt/airflow/dags/ETL.py for tasks to queue
[2025-12-16T04:42:43.770+0000] {logging_mixin.py:190} INFO - [2025-12-16T04:42:43.770+0000] {dagbag.py:588} INFO - Filling up the DagBag from /opt/airflow/dags/ETL.py
[2025-12-16T04:42:43.792+0000] {processor.py:925} INFO - DAG(s) 'ETL_process' retrieved from /opt/airflow/dags/ETL.py
[2025-12-16T04:42:43.822+0000] {logging_mixin.py:190} INFO - [2025-12-16T04:42:43.822+0000] {dag.py:3239} INFO - Sync 1 DAGs
[2025-12-16T04:42:43.841+0000] {logging_mixin.py:190} INFO - [2025-12-16T04:42:43.841+0000] {dag.py:4180} INFO - Setting next_dagrun for ETL_process to None, run_after=None
[2025-12-16T04:42:43.860+0000] {processor.py:208} INFO - Processing /opt/airflow/dags/ETL.py took 0.107 seconds
[2025-12-16T04:43:14.158+0000] {processor.py:186} INFO - Started process (PID=2361) to work on /opt/airflow/dags/ETL.py
[2025-12-16T04:43:14.159+0000] {processor.py:914} INFO - Processing file /opt/airflow/dags/ETL.py for tasks to queue
[2025-12-16T04:43:14.162+0000] {logging_mixin.py:190} INFO - [2025-12-16T04:43:14.162+0000] {dagbag.py:588} INFO - Filling up the DagBag from /opt/airflow/dags/ETL.py
[2025-12-16T04:43:14.183+0000] {processor.py:925} INFO - DAG(s) 'ETL_process' retrieved from /opt/airflow/dags/ETL.py
[2025-12-16T04:43:14.213+0000] {logging_mixin.py:190} INFO - [2025-12-16T04:43:14.212+0000] {dag.py:3239} INFO - Sync 1 DAGs
[2025-12-16T04:43:14.234+0000] {logging_mixin.py:190} INFO - [2025-12-16T04:43:14.234+0000] {dag.py:4180} INFO - Setting next_dagrun for ETL_process to None, run_after=None
[2025-12-16T04:43:14.259+0000] {processor.py:208} INFO - Processing /opt/airflow/dags/ETL.py took 0.109 seconds
[2025-12-16T04:43:44.571+0000] {processor.py:186} INFO - Started process (PID=2371) to work on /opt/airflow/dags/ETL.py
[2025-12-16T04:43:44.574+0000] {processor.py:914} INFO - Processing file /opt/airflow/dags/ETL.py for tasks to queue
[2025-12-16T04:43:44.581+0000] {logging_mixin.py:190} INFO - [2025-12-16T04:43:44.580+0000] {dagbag.py:588} INFO - Filling up the DagBag from /opt/airflow/dags/ETL.py
[2025-12-16T04:43:44.616+0000] {processor.py:925} INFO - DAG(s) 'ETL_process' retrieved from /opt/airflow/dags/ETL.py
[2025-12-16T04:43:44.669+0000] {logging_mixin.py:190} INFO - [2025-12-16T04:43:44.669+0000] {dag.py:3239} INFO - Sync 1 DAGs
[2025-12-16T04:43:44.691+0000] {logging_mixin.py:190} INFO - [2025-12-16T04:43:44.690+0000] {dag.py:4180} INFO - Setting next_dagrun for ETL_process to None, run_after=None
[2025-12-16T04:43:44.718+0000] {processor.py:208} INFO - Processing /opt/airflow/dags/ETL.py took 0.161 seconds
[2025-12-16T04:44:14.897+0000] {processor.py:186} INFO - Started process (PID=2382) to work on /opt/airflow/dags/ETL.py
[2025-12-16T04:44:14.900+0000] {processor.py:914} INFO - Processing file /opt/airflow/dags/ETL.py for tasks to queue
[2025-12-16T04:44:14.905+0000] {logging_mixin.py:190} INFO - [2025-12-16T04:44:14.904+0000] {dagbag.py:588} INFO - Filling up the DagBag from /opt/airflow/dags/ETL.py
[2025-12-16T04:44:14.935+0000] {processor.py:925} INFO - DAG(s) 'ETL_process' retrieved from /opt/airflow/dags/ETL.py
[2025-12-16T04:44:14.978+0000] {logging_mixin.py:190} INFO - [2025-12-16T04:44:14.978+0000] {dag.py:3239} INFO - Sync 1 DAGs
[2025-12-16T04:44:15.002+0000] {logging_mixin.py:190} INFO - [2025-12-16T04:44:15.002+0000] {dag.py:4180} INFO - Setting next_dagrun for ETL_process to None, run_after=None
[2025-12-16T04:44:15.032+0000] {processor.py:208} INFO - Processing /opt/airflow/dags/ETL.py took 0.149 seconds
[2025-12-16T04:44:45.305+0000] {processor.py:186} INFO - Started process (PID=2392) to work on /opt/airflow/dags/ETL.py
[2025-12-16T04:44:45.306+0000] {processor.py:914} INFO - Processing file /opt/airflow/dags/ETL.py for tasks to queue
[2025-12-16T04:44:45.309+0000] {logging_mixin.py:190} INFO - [2025-12-16T04:44:45.308+0000] {dagbag.py:588} INFO - Filling up the DagBag from /opt/airflow/dags/ETL.py
[2025-12-16T04:44:45.329+0000] {processor.py:925} INFO - DAG(s) 'ETL_process' retrieved from /opt/airflow/dags/ETL.py
[2025-12-16T04:44:45.358+0000] {logging_mixin.py:190} INFO - [2025-12-16T04:44:45.358+0000] {dag.py:3239} INFO - Sync 1 DAGs
[2025-12-16T04:44:45.382+0000] {logging_mixin.py:190} INFO - [2025-12-16T04:44:45.382+0000] {dag.py:4180} INFO - Setting next_dagrun for ETL_process to None, run_after=None
[2025-12-16T04:44:45.410+0000] {processor.py:208} INFO - Processing /opt/airflow/dags/ETL.py took 0.112 seconds
[2025-12-16T04:45:15.711+0000] {processor.py:186} INFO - Started process (PID=2402) to work on /opt/airflow/dags/ETL.py
[2025-12-16T04:45:15.712+0000] {processor.py:914} INFO - Processing file /opt/airflow/dags/ETL.py for tasks to queue
[2025-12-16T04:45:15.716+0000] {logging_mixin.py:190} INFO - [2025-12-16T04:45:15.716+0000] {dagbag.py:588} INFO - Filling up the DagBag from /opt/airflow/dags/ETL.py
[2025-12-16T04:45:15.738+0000] {processor.py:925} INFO - DAG(s) 'ETL_process' retrieved from /opt/airflow/dags/ETL.py
[2025-12-16T04:45:15.773+0000] {logging_mixin.py:190} INFO - [2025-12-16T04:45:15.773+0000] {dag.py:3239} INFO - Sync 1 DAGs
[2025-12-16T04:45:15.793+0000] {logging_mixin.py:190} INFO - [2025-12-16T04:45:15.793+0000] {dag.py:4180} INFO - Setting next_dagrun for ETL_process to None, run_after=None
[2025-12-16T04:45:15.817+0000] {processor.py:208} INFO - Processing /opt/airflow/dags/ETL.py took 0.115 seconds
[2025-12-16T04:45:46.106+0000] {processor.py:186} INFO - Started process (PID=2412) to work on /opt/airflow/dags/ETL.py
[2025-12-16T04:45:46.107+0000] {processor.py:914} INFO - Processing file /opt/airflow/dags/ETL.py for tasks to queue
[2025-12-16T04:45:46.110+0000] {logging_mixin.py:190} INFO - [2025-12-16T04:45:46.110+0000] {dagbag.py:588} INFO - Filling up the DagBag from /opt/airflow/dags/ETL.py
[2025-12-16T04:45:46.129+0000] {processor.py:925} INFO - DAG(s) 'ETL_process' retrieved from /opt/airflow/dags/ETL.py
[2025-12-16T04:45:46.161+0000] {logging_mixin.py:190} INFO - [2025-12-16T04:45:46.160+0000] {dag.py:3239} INFO - Sync 1 DAGs
[2025-12-16T04:45:46.176+0000] {logging_mixin.py:190} INFO - [2025-12-16T04:45:46.176+0000] {dag.py:4180} INFO - Setting next_dagrun for ETL_process to None, run_after=None
[2025-12-16T04:45:46.203+0000] {processor.py:208} INFO - Processing /opt/airflow/dags/ETL.py took 0.103 seconds
[2025-12-16T04:46:16.518+0000] {processor.py:186} INFO - Started process (PID=2422) to work on /opt/airflow/dags/ETL.py
[2025-12-16T04:46:16.520+0000] {processor.py:914} INFO - Processing file /opt/airflow/dags/ETL.py for tasks to queue
[2025-12-16T04:46:16.523+0000] {logging_mixin.py:190} INFO - [2025-12-16T04:46:16.522+0000] {dagbag.py:588} INFO - Filling up the DagBag from /opt/airflow/dags/ETL.py
[2025-12-16T04:46:16.544+0000] {processor.py:925} INFO - DAG(s) 'ETL_process' retrieved from /opt/airflow/dags/ETL.py
[2025-12-16T04:46:16.575+0000] {logging_mixin.py:190} INFO - [2025-12-16T04:46:16.575+0000] {dag.py:3239} INFO - Sync 1 DAGs
[2025-12-16T04:46:16.590+0000] {logging_mixin.py:190} INFO - [2025-12-16T04:46:16.590+0000] {dag.py:4180} INFO - Setting next_dagrun for ETL_process to None, run_after=None
[2025-12-16T04:46:16.614+0000] {processor.py:208} INFO - Processing /opt/airflow/dags/ETL.py took 0.103 seconds
[2025-12-16T04:46:46.898+0000] {processor.py:186} INFO - Started process (PID=2432) to work on /opt/airflow/dags/ETL.py
[2025-12-16T04:46:46.899+0000] {processor.py:914} INFO - Processing file /opt/airflow/dags/ETL.py for tasks to queue
[2025-12-16T04:46:46.903+0000] {logging_mixin.py:190} INFO - [2025-12-16T04:46:46.903+0000] {dagbag.py:588} INFO - Filling up the DagBag from /opt/airflow/dags/ETL.py
[2025-12-16T04:46:46.923+0000] {processor.py:925} INFO - DAG(s) 'ETL_process' retrieved from /opt/airflow/dags/ETL.py
[2025-12-16T04:46:46.954+0000] {logging_mixin.py:190} INFO - [2025-12-16T04:46:46.953+0000] {dag.py:3239} INFO - Sync 1 DAGs
[2025-12-16T04:46:46.968+0000] {logging_mixin.py:190} INFO - [2025-12-16T04:46:46.968+0000] {dag.py:4180} INFO - Setting next_dagrun for ETL_process to None, run_after=None
[2025-12-16T04:46:46.994+0000] {processor.py:208} INFO - Processing /opt/airflow/dags/ETL.py took 0.102 seconds
[2025-12-16T04:47:17.278+0000] {processor.py:186} INFO - Started process (PID=2442) to work on /opt/airflow/dags/ETL.py
[2025-12-16T04:47:17.279+0000] {processor.py:914} INFO - Processing file /opt/airflow/dags/ETL.py for tasks to queue
[2025-12-16T04:47:17.282+0000] {logging_mixin.py:190} INFO - [2025-12-16T04:47:17.282+0000] {dagbag.py:588} INFO - Filling up the DagBag from /opt/airflow/dags/ETL.py
[2025-12-16T04:47:17.303+0000] {processor.py:925} INFO - DAG(s) 'ETL_process' retrieved from /opt/airflow/dags/ETL.py
[2025-12-16T04:47:17.333+0000] {logging_mixin.py:190} INFO - [2025-12-16T04:47:17.333+0000] {dag.py:3239} INFO - Sync 1 DAGs
[2025-12-16T04:47:17.351+0000] {logging_mixin.py:190} INFO - [2025-12-16T04:47:17.351+0000] {dag.py:4180} INFO - Setting next_dagrun for ETL_process to None, run_after=None
[2025-12-16T04:47:17.378+0000] {processor.py:208} INFO - Processing /opt/airflow/dags/ETL.py took 0.106 seconds
[2025-12-16T04:47:47.669+0000] {processor.py:186} INFO - Started process (PID=2452) to work on /opt/airflow/dags/ETL.py
[2025-12-16T04:47:47.670+0000] {processor.py:914} INFO - Processing file /opt/airflow/dags/ETL.py for tasks to queue
[2025-12-16T04:47:47.674+0000] {logging_mixin.py:190} INFO - [2025-12-16T04:47:47.673+0000] {dagbag.py:588} INFO - Filling up the DagBag from /opt/airflow/dags/ETL.py
[2025-12-16T04:47:47.693+0000] {processor.py:925} INFO - DAG(s) 'ETL_process' retrieved from /opt/airflow/dags/ETL.py
[2025-12-16T04:47:47.722+0000] {logging_mixin.py:190} INFO - [2025-12-16T04:47:47.722+0000] {dag.py:3239} INFO - Sync 1 DAGs
[2025-12-16T04:47:47.736+0000] {logging_mixin.py:190} INFO - [2025-12-16T04:47:47.736+0000] {dag.py:4180} INFO - Setting next_dagrun for ETL_process to None, run_after=None
[2025-12-16T04:47:47.754+0000] {processor.py:208} INFO - Processing /opt/airflow/dags/ETL.py took 0.093 seconds
[2025-12-16T04:48:18.035+0000] {processor.py:186} INFO - Started process (PID=2462) to work on /opt/airflow/dags/ETL.py
[2025-12-16T04:48:18.036+0000] {processor.py:914} INFO - Processing file /opt/airflow/dags/ETL.py for tasks to queue
[2025-12-16T04:48:18.039+0000] {logging_mixin.py:190} INFO - [2025-12-16T04:48:18.039+0000] {dagbag.py:588} INFO - Filling up the DagBag from /opt/airflow/dags/ETL.py
[2025-12-16T04:48:18.058+0000] {processor.py:925} INFO - DAG(s) 'ETL_process' retrieved from /opt/airflow/dags/ETL.py
[2025-12-16T04:48:18.086+0000] {logging_mixin.py:190} INFO - [2025-12-16T04:48:18.086+0000] {dag.py:3239} INFO - Sync 1 DAGs
[2025-12-16T04:48:18.100+0000] {logging_mixin.py:190} INFO - [2025-12-16T04:48:18.100+0000] {dag.py:4180} INFO - Setting next_dagrun for ETL_process to None, run_after=None
[2025-12-16T04:48:18.121+0000] {processor.py:208} INFO - Processing /opt/airflow/dags/ETL.py took 0.092 seconds
[2025-12-16T04:48:48.410+0000] {processor.py:186} INFO - Started process (PID=2472) to work on /opt/airflow/dags/ETL.py
[2025-12-16T04:48:48.411+0000] {processor.py:914} INFO - Processing file /opt/airflow/dags/ETL.py for tasks to queue
[2025-12-16T04:48:48.414+0000] {logging_mixin.py:190} INFO - [2025-12-16T04:48:48.413+0000] {dagbag.py:588} INFO - Filling up the DagBag from /opt/airflow/dags/ETL.py
[2025-12-16T04:48:48.433+0000] {processor.py:925} INFO - DAG(s) 'ETL_process' retrieved from /opt/airflow/dags/ETL.py
[2025-12-16T04:48:48.462+0000] {logging_mixin.py:190} INFO - [2025-12-16T04:48:48.462+0000] {dag.py:3239} INFO - Sync 1 DAGs
[2025-12-16T04:48:48.477+0000] {logging_mixin.py:190} INFO - [2025-12-16T04:48:48.477+0000] {dag.py:4180} INFO - Setting next_dagrun for ETL_process to None, run_after=None
[2025-12-16T04:48:48.501+0000] {processor.py:208} INFO - Processing /opt/airflow/dags/ETL.py took 0.098 seconds
[2025-12-16T04:49:18.818+0000] {processor.py:186} INFO - Started process (PID=2482) to work on /opt/airflow/dags/ETL.py
[2025-12-16T04:49:18.819+0000] {processor.py:914} INFO - Processing file /opt/airflow/dags/ETL.py for tasks to queue
[2025-12-16T04:49:18.823+0000] {logging_mixin.py:190} INFO - [2025-12-16T04:49:18.822+0000] {dagbag.py:588} INFO - Filling up the DagBag from /opt/airflow/dags/ETL.py
[2025-12-16T04:49:18.844+0000] {processor.py:925} INFO - DAG(s) 'ETL_process' retrieved from /opt/airflow/dags/ETL.py
[2025-12-16T04:49:18.880+0000] {logging_mixin.py:190} INFO - [2025-12-16T04:49:18.880+0000] {dag.py:3239} INFO - Sync 1 DAGs
[2025-12-16T04:49:18.898+0000] {logging_mixin.py:190} INFO - [2025-12-16T04:49:18.898+0000] {dag.py:4180} INFO - Setting next_dagrun for ETL_process to None, run_after=None
[2025-12-16T04:49:18.920+0000] {processor.py:208} INFO - Processing /opt/airflow/dags/ETL.py took 0.108 seconds
[2025-12-16T04:49:49.200+0000] {processor.py:186} INFO - Started process (PID=2492) to work on /opt/airflow/dags/ETL.py
[2025-12-16T04:49:49.201+0000] {processor.py:914} INFO - Processing file /opt/airflow/dags/ETL.py for tasks to queue
[2025-12-16T04:49:49.204+0000] {logging_mixin.py:190} INFO - [2025-12-16T04:49:49.204+0000] {dagbag.py:588} INFO - Filling up the DagBag from /opt/airflow/dags/ETL.py
[2025-12-16T04:49:49.223+0000] {processor.py:925} INFO - DAG(s) 'ETL_process' retrieved from /opt/airflow/dags/ETL.py
[2025-12-16T04:49:49.252+0000] {logging_mixin.py:190} INFO - [2025-12-16T04:49:49.252+0000] {dag.py:3239} INFO - Sync 1 DAGs
[2025-12-16T04:49:49.269+0000] {logging_mixin.py:190} INFO - [2025-12-16T04:49:49.268+0000] {dag.py:4180} INFO - Setting next_dagrun for ETL_process to None, run_after=None
[2025-12-16T04:49:49.292+0000] {processor.py:208} INFO - Processing /opt/airflow/dags/ETL.py took 0.098 seconds
[2025-12-16T04:50:19.568+0000] {processor.py:186} INFO - Started process (PID=2502) to work on /opt/airflow/dags/ETL.py
[2025-12-16T04:50:19.570+0000] {processor.py:914} INFO - Processing file /opt/airflow/dags/ETL.py for tasks to queue
[2025-12-16T04:50:19.574+0000] {logging_mixin.py:190} INFO - [2025-12-16T04:50:19.574+0000] {dagbag.py:588} INFO - Filling up the DagBag from /opt/airflow/dags/ETL.py
[2025-12-16T04:50:19.598+0000] {processor.py:925} INFO - DAG(s) 'ETL_process' retrieved from /opt/airflow/dags/ETL.py
[2025-12-16T04:50:19.635+0000] {logging_mixin.py:190} INFO - [2025-12-16T04:50:19.635+0000] {dag.py:3239} INFO - Sync 1 DAGs
[2025-12-16T04:50:19.652+0000] {logging_mixin.py:190} INFO - [2025-12-16T04:50:19.652+0000] {dag.py:4180} INFO - Setting next_dagrun for ETL_process to None, run_after=None
[2025-12-16T04:50:19.674+0000] {processor.py:208} INFO - Processing /opt/airflow/dags/ETL.py took 0.113 seconds
[2025-12-16T04:50:49.958+0000] {processor.py:186} INFO - Started process (PID=2512) to work on /opt/airflow/dags/ETL.py
[2025-12-16T04:50:49.959+0000] {processor.py:914} INFO - Processing file /opt/airflow/dags/ETL.py for tasks to queue
[2025-12-16T04:50:49.963+0000] {logging_mixin.py:190} INFO - [2025-12-16T04:50:49.963+0000] {dagbag.py:588} INFO - Filling up the DagBag from /opt/airflow/dags/ETL.py
[2025-12-16T04:50:49.983+0000] {processor.py:925} INFO - DAG(s) 'ETL_process' retrieved from /opt/airflow/dags/ETL.py
[2025-12-16T04:50:50.015+0000] {logging_mixin.py:190} INFO - [2025-12-16T04:50:50.015+0000] {dag.py:3239} INFO - Sync 1 DAGs
[2025-12-16T04:50:50.031+0000] {logging_mixin.py:190} INFO - [2025-12-16T04:50:50.031+0000] {dag.py:4180} INFO - Setting next_dagrun for ETL_process to None, run_after=None
[2025-12-16T04:50:50.050+0000] {processor.py:208} INFO - Processing /opt/airflow/dags/ETL.py took 0.099 seconds
[2025-12-16T04:51:20.326+0000] {processor.py:186} INFO - Started process (PID=2522) to work on /opt/airflow/dags/ETL.py
[2025-12-16T04:51:20.328+0000] {processor.py:914} INFO - Processing file /opt/airflow/dags/ETL.py for tasks to queue
[2025-12-16T04:51:20.331+0000] {logging_mixin.py:190} INFO - [2025-12-16T04:51:20.331+0000] {dagbag.py:588} INFO - Filling up the DagBag from /opt/airflow/dags/ETL.py
[2025-12-16T04:51:20.358+0000] {processor.py:925} INFO - DAG(s) 'ETL_process' retrieved from /opt/airflow/dags/ETL.py
[2025-12-16T04:51:20.393+0000] {logging_mixin.py:190} INFO - [2025-12-16T04:51:20.393+0000] {dag.py:3239} INFO - Sync 1 DAGs
[2025-12-16T04:51:20.416+0000] {logging_mixin.py:190} INFO - [2025-12-16T04:51:20.416+0000] {dag.py:4180} INFO - Setting next_dagrun for ETL_process to None, run_after=None
[2025-12-16T04:51:20.444+0000] {processor.py:208} INFO - Processing /opt/airflow/dags/ETL.py took 0.125 seconds
[2025-12-16T04:51:50.725+0000] {processor.py:186} INFO - Started process (PID=2532) to work on /opt/airflow/dags/ETL.py
[2025-12-16T04:51:50.726+0000] {processor.py:914} INFO - Processing file /opt/airflow/dags/ETL.py for tasks to queue
[2025-12-16T04:51:50.730+0000] {logging_mixin.py:190} INFO - [2025-12-16T04:51:50.729+0000] {dagbag.py:588} INFO - Filling up the DagBag from /opt/airflow/dags/ETL.py
[2025-12-16T04:51:50.751+0000] {processor.py:925} INFO - DAG(s) 'ETL_process' retrieved from /opt/airflow/dags/ETL.py
[2025-12-16T04:51:50.798+0000] {logging_mixin.py:190} INFO - [2025-12-16T04:51:50.798+0000] {dag.py:3239} INFO - Sync 1 DAGs
[2025-12-16T04:51:50.824+0000] {logging_mixin.py:190} INFO - [2025-12-16T04:51:50.824+0000] {dag.py:4180} INFO - Setting next_dagrun for ETL_process to None, run_after=None
[2025-12-16T04:51:50.851+0000] {processor.py:208} INFO - Processing /opt/airflow/dags/ETL.py took 0.134 seconds
[2025-12-16T04:52:20.973+0000] {processor.py:186} INFO - Started process (PID=2542) to work on /opt/airflow/dags/ETL.py
[2025-12-16T04:52:20.974+0000] {processor.py:914} INFO - Processing file /opt/airflow/dags/ETL.py for tasks to queue
[2025-12-16T04:52:20.977+0000] {logging_mixin.py:190} INFO - [2025-12-16T04:52:20.977+0000] {dagbag.py:588} INFO - Filling up the DagBag from /opt/airflow/dags/ETL.py
[2025-12-16T04:52:20.997+0000] {processor.py:925} INFO - DAG(s) 'ETL_process' retrieved from /opt/airflow/dags/ETL.py
[2025-12-16T04:52:21.027+0000] {logging_mixin.py:190} INFO - [2025-12-16T04:52:21.027+0000] {dag.py:3239} INFO - Sync 1 DAGs
[2025-12-16T04:52:21.041+0000] {logging_mixin.py:190} INFO - [2025-12-16T04:52:21.040+0000] {dag.py:4180} INFO - Setting next_dagrun for ETL_process to None, run_after=None
[2025-12-16T04:52:21.059+0000] {processor.py:208} INFO - Processing /opt/airflow/dags/ETL.py took 0.092 seconds
[2025-12-16T04:52:51.352+0000] {processor.py:186} INFO - Started process (PID=2552) to work on /opt/airflow/dags/ETL.py
[2025-12-16T04:52:51.353+0000] {processor.py:914} INFO - Processing file /opt/airflow/dags/ETL.py for tasks to queue
[2025-12-16T04:52:51.356+0000] {logging_mixin.py:190} INFO - [2025-12-16T04:52:51.356+0000] {dagbag.py:588} INFO - Filling up the DagBag from /opt/airflow/dags/ETL.py
[2025-12-16T04:52:51.376+0000] {processor.py:925} INFO - DAG(s) 'ETL_process' retrieved from /opt/airflow/dags/ETL.py
[2025-12-16T04:52:51.416+0000] {logging_mixin.py:190} INFO - [2025-12-16T04:52:51.416+0000] {dag.py:3239} INFO - Sync 1 DAGs
[2025-12-16T04:52:51.433+0000] {logging_mixin.py:190} INFO - [2025-12-16T04:52:51.432+0000] {dag.py:4180} INFO - Setting next_dagrun for ETL_process to None, run_after=None
[2025-12-16T04:52:51.454+0000] {processor.py:208} INFO - Processing /opt/airflow/dags/ETL.py took 0.112 seconds
[2025-12-16T04:53:21.722+0000] {processor.py:186} INFO - Started process (PID=2562) to work on /opt/airflow/dags/ETL.py
[2025-12-16T04:53:21.723+0000] {processor.py:914} INFO - Processing file /opt/airflow/dags/ETL.py for tasks to queue
[2025-12-16T04:53:21.727+0000] {logging_mixin.py:190} INFO - [2025-12-16T04:53:21.727+0000] {dagbag.py:588} INFO - Filling up the DagBag from /opt/airflow/dags/ETL.py
[2025-12-16T04:53:21.748+0000] {processor.py:925} INFO - DAG(s) 'ETL_process' retrieved from /opt/airflow/dags/ETL.py
[2025-12-16T04:53:21.780+0000] {logging_mixin.py:190} INFO - [2025-12-16T04:53:21.780+0000] {dag.py:3239} INFO - Sync 1 DAGs
[2025-12-16T04:53:21.796+0000] {logging_mixin.py:190} INFO - [2025-12-16T04:53:21.796+0000] {dag.py:4180} INFO - Setting next_dagrun for ETL_process to None, run_after=None
[2025-12-16T04:53:21.817+0000] {processor.py:208} INFO - Processing /opt/airflow/dags/ETL.py took 0.104 seconds
[2025-12-16T04:53:52.100+0000] {processor.py:186} INFO - Started process (PID=2572) to work on /opt/airflow/dags/ETL.py
[2025-12-16T04:53:52.101+0000] {processor.py:914} INFO - Processing file /opt/airflow/dags/ETL.py for tasks to queue
[2025-12-16T04:53:52.105+0000] {logging_mixin.py:190} INFO - [2025-12-16T04:53:52.104+0000] {dagbag.py:588} INFO - Filling up the DagBag from /opt/airflow/dags/ETL.py
[2025-12-16T04:53:52.125+0000] {processor.py:925} INFO - DAG(s) 'ETL_process' retrieved from /opt/airflow/dags/ETL.py
[2025-12-16T04:53:52.156+0000] {logging_mixin.py:190} INFO - [2025-12-16T04:53:52.156+0000] {dag.py:3239} INFO - Sync 1 DAGs
[2025-12-16T04:53:52.170+0000] {logging_mixin.py:190} INFO - [2025-12-16T04:53:52.170+0000] {dag.py:4180} INFO - Setting next_dagrun for ETL_process to None, run_after=None
[2025-12-16T04:53:52.193+0000] {processor.py:208} INFO - Processing /opt/airflow/dags/ETL.py took 0.100 seconds
[2025-12-16T04:54:22.500+0000] {processor.py:186} INFO - Started process (PID=2582) to work on /opt/airflow/dags/ETL.py
[2025-12-16T04:54:22.501+0000] {processor.py:914} INFO - Processing file /opt/airflow/dags/ETL.py for tasks to queue
[2025-12-16T04:54:22.503+0000] {logging_mixin.py:190} INFO - [2025-12-16T04:54:22.503+0000] {dagbag.py:588} INFO - Filling up the DagBag from /opt/airflow/dags/ETL.py
[2025-12-16T04:54:22.523+0000] {processor.py:925} INFO - DAG(s) 'ETL_process' retrieved from /opt/airflow/dags/ETL.py
[2025-12-16T04:54:22.555+0000] {logging_mixin.py:190} INFO - [2025-12-16T04:54:22.555+0000] {dag.py:3239} INFO - Sync 1 DAGs
[2025-12-16T04:54:22.570+0000] {logging_mixin.py:190} INFO - [2025-12-16T04:54:22.570+0000] {dag.py:4180} INFO - Setting next_dagrun for ETL_process to None, run_after=None
[2025-12-16T04:54:22.588+0000] {processor.py:208} INFO - Processing /opt/airflow/dags/ETL.py took 0.095 seconds
[2025-12-16T04:54:52.867+0000] {processor.py:186} INFO - Started process (PID=2592) to work on /opt/airflow/dags/ETL.py
[2025-12-16T04:54:52.868+0000] {processor.py:914} INFO - Processing file /opt/airflow/dags/ETL.py for tasks to queue
[2025-12-16T04:54:52.871+0000] {logging_mixin.py:190} INFO - [2025-12-16T04:54:52.871+0000] {dagbag.py:588} INFO - Filling up the DagBag from /opt/airflow/dags/ETL.py
[2025-12-16T04:54:52.891+0000] {processor.py:925} INFO - DAG(s) 'ETL_process' retrieved from /opt/airflow/dags/ETL.py
[2025-12-16T04:54:52.924+0000] {logging_mixin.py:190} INFO - [2025-12-16T04:54:52.924+0000] {dag.py:3239} INFO - Sync 1 DAGs
[2025-12-16T04:54:52.941+0000] {logging_mixin.py:190} INFO - [2025-12-16T04:54:52.940+0000] {dag.py:4180} INFO - Setting next_dagrun for ETL_process to None, run_after=None
[2025-12-16T04:54:52.962+0000] {processor.py:208} INFO - Processing /opt/airflow/dags/ETL.py took 0.102 seconds
[2025-12-16T04:55:23.246+0000] {processor.py:186} INFO - Started process (PID=2602) to work on /opt/airflow/dags/ETL.py
[2025-12-16T04:55:23.247+0000] {processor.py:914} INFO - Processing file /opt/airflow/dags/ETL.py for tasks to queue
[2025-12-16T04:55:23.250+0000] {logging_mixin.py:190} INFO - [2025-12-16T04:55:23.250+0000] {dagbag.py:588} INFO - Filling up the DagBag from /opt/airflow/dags/ETL.py
[2025-12-16T04:55:23.272+0000] {processor.py:925} INFO - DAG(s) 'ETL_process' retrieved from /opt/airflow/dags/ETL.py
[2025-12-16T04:55:23.303+0000] {logging_mixin.py:190} INFO - [2025-12-16T04:55:23.302+0000] {dag.py:3239} INFO - Sync 1 DAGs
[2025-12-16T04:55:23.317+0000] {logging_mixin.py:190} INFO - [2025-12-16T04:55:23.317+0000] {dag.py:4180} INFO - Setting next_dagrun for ETL_process to None, run_after=None
[2025-12-16T04:55:23.346+0000] {processor.py:208} INFO - Processing /opt/airflow/dags/ETL.py took 0.108 seconds
[2025-12-16T04:55:53.623+0000] {processor.py:186} INFO - Started process (PID=2612) to work on /opt/airflow/dags/ETL.py
[2025-12-16T04:55:53.624+0000] {processor.py:914} INFO - Processing file /opt/airflow/dags/ETL.py for tasks to queue
[2025-12-16T04:55:53.628+0000] {logging_mixin.py:190} INFO - [2025-12-16T04:55:53.628+0000] {dagbag.py:588} INFO - Filling up the DagBag from /opt/airflow/dags/ETL.py
[2025-12-16T04:55:53.647+0000] {processor.py:925} INFO - DAG(s) 'ETL_process' retrieved from /opt/airflow/dags/ETL.py
[2025-12-16T04:55:53.677+0000] {logging_mixin.py:190} INFO - [2025-12-16T04:55:53.677+0000] {dag.py:3239} INFO - Sync 1 DAGs
[2025-12-16T04:55:53.693+0000] {logging_mixin.py:190} INFO - [2025-12-16T04:55:53.693+0000] {dag.py:4180} INFO - Setting next_dagrun for ETL_process to None, run_after=None
[2025-12-16T04:55:53.717+0000] {processor.py:208} INFO - Processing /opt/airflow/dags/ETL.py took 0.099 seconds
[2025-12-16T04:56:23.987+0000] {processor.py:186} INFO - Started process (PID=2622) to work on /opt/airflow/dags/ETL.py
[2025-12-16T04:56:23.988+0000] {processor.py:914} INFO - Processing file /opt/airflow/dags/ETL.py for tasks to queue
[2025-12-16T04:56:23.992+0000] {logging_mixin.py:190} INFO - [2025-12-16T04:56:23.991+0000] {dagbag.py:588} INFO - Filling up the DagBag from /opt/airflow/dags/ETL.py
[2025-12-16T04:56:24.011+0000] {processor.py:925} INFO - DAG(s) 'ETL_process' retrieved from /opt/airflow/dags/ETL.py
[2025-12-16T04:56:24.041+0000] {logging_mixin.py:190} INFO - [2025-12-16T04:56:24.041+0000] {dag.py:3239} INFO - Sync 1 DAGs
[2025-12-16T04:56:24.055+0000] {logging_mixin.py:190} INFO - [2025-12-16T04:56:24.055+0000] {dag.py:4180} INFO - Setting next_dagrun for ETL_process to None, run_after=None
[2025-12-16T04:56:24.073+0000] {processor.py:208} INFO - Processing /opt/airflow/dags/ETL.py took 0.093 seconds
[2025-12-16T04:56:54.358+0000] {processor.py:186} INFO - Started process (PID=2632) to work on /opt/airflow/dags/ETL.py
[2025-12-16T04:56:54.359+0000] {processor.py:914} INFO - Processing file /opt/airflow/dags/ETL.py for tasks to queue
[2025-12-16T04:56:54.363+0000] {logging_mixin.py:190} INFO - [2025-12-16T04:56:54.362+0000] {dagbag.py:588} INFO - Filling up the DagBag from /opt/airflow/dags/ETL.py
[2025-12-16T04:56:54.385+0000] {processor.py:925} INFO - DAG(s) 'ETL_process' retrieved from /opt/airflow/dags/ETL.py
[2025-12-16T04:56:54.423+0000] {logging_mixin.py:190} INFO - [2025-12-16T04:56:54.423+0000] {dag.py:3239} INFO - Sync 1 DAGs
[2025-12-16T04:56:54.443+0000] {logging_mixin.py:190} INFO - [2025-12-16T04:56:54.443+0000] {dag.py:4180} INFO - Setting next_dagrun for ETL_process to None, run_after=None
[2025-12-16T04:56:54.467+0000] {processor.py:208} INFO - Processing /opt/airflow/dags/ETL.py took 0.118 seconds
[2025-12-16T04:57:24.763+0000] {processor.py:186} INFO - Started process (PID=2642) to work on /opt/airflow/dags/ETL.py
[2025-12-16T04:57:24.764+0000] {processor.py:914} INFO - Processing file /opt/airflow/dags/ETL.py for tasks to queue
[2025-12-16T04:57:24.767+0000] {logging_mixin.py:190} INFO - [2025-12-16T04:57:24.767+0000] {dagbag.py:588} INFO - Filling up the DagBag from /opt/airflow/dags/ETL.py
[2025-12-16T04:57:24.789+0000] {processor.py:925} INFO - DAG(s) 'ETL_process' retrieved from /opt/airflow/dags/ETL.py
[2025-12-16T04:57:24.823+0000] {logging_mixin.py:190} INFO - [2025-12-16T04:57:24.822+0000] {dag.py:3239} INFO - Sync 1 DAGs
[2025-12-16T04:57:24.840+0000] {logging_mixin.py:190} INFO - [2025-12-16T04:57:24.840+0000] {dag.py:4180} INFO - Setting next_dagrun for ETL_process to None, run_after=None
[2025-12-16T04:57:24.860+0000] {processor.py:208} INFO - Processing /opt/airflow/dags/ETL.py took 0.106 seconds
[2025-12-16T04:57:55.144+0000] {processor.py:186} INFO - Started process (PID=2652) to work on /opt/airflow/dags/ETL.py
[2025-12-16T04:57:55.145+0000] {processor.py:914} INFO - Processing file /opt/airflow/dags/ETL.py for tasks to queue
[2025-12-16T04:57:55.149+0000] {logging_mixin.py:190} INFO - [2025-12-16T04:57:55.148+0000] {dagbag.py:588} INFO - Filling up the DagBag from /opt/airflow/dags/ETL.py
[2025-12-16T04:57:55.173+0000] {processor.py:925} INFO - DAG(s) 'ETL_process' retrieved from /opt/airflow/dags/ETL.py
[2025-12-16T04:57:55.210+0000] {logging_mixin.py:190} INFO - [2025-12-16T04:57:55.209+0000] {dag.py:3239} INFO - Sync 1 DAGs
[2025-12-16T04:57:55.228+0000] {logging_mixin.py:190} INFO - [2025-12-16T04:57:55.228+0000] {dag.py:4180} INFO - Setting next_dagrun for ETL_process to None, run_after=None
[2025-12-16T04:57:55.255+0000] {processor.py:208} INFO - Processing /opt/airflow/dags/ETL.py took 0.120 seconds
[2025-12-16T04:58:25.570+0000] {processor.py:186} INFO - Started process (PID=2662) to work on /opt/airflow/dags/ETL.py
[2025-12-16T04:58:25.572+0000] {processor.py:914} INFO - Processing file /opt/airflow/dags/ETL.py for tasks to queue
[2025-12-16T04:58:25.577+0000] {logging_mixin.py:190} INFO - [2025-12-16T04:58:25.576+0000] {dagbag.py:588} INFO - Filling up the DagBag from /opt/airflow/dags/ETL.py
[2025-12-16T04:58:25.635+0000] {processor.py:925} INFO - DAG(s) 'ETL_process' retrieved from /opt/airflow/dags/ETL.py
[2025-12-16T04:58:25.691+0000] {logging_mixin.py:190} INFO - [2025-12-16T04:58:25.690+0000] {dag.py:3239} INFO - Sync 1 DAGs
[2025-12-16T04:58:25.713+0000] {logging_mixin.py:190} INFO - [2025-12-16T04:58:25.713+0000] {dag.py:4180} INFO - Setting next_dagrun for ETL_process to None, run_after=None
[2025-12-16T04:58:25.741+0000] {processor.py:208} INFO - Processing /opt/airflow/dags/ETL.py took 0.183 seconds
[2025-12-16T04:58:55.863+0000] {processor.py:186} INFO - Started process (PID=2672) to work on /opt/airflow/dags/ETL.py
[2025-12-16T04:58:55.865+0000] {processor.py:914} INFO - Processing file /opt/airflow/dags/ETL.py for tasks to queue
[2025-12-16T04:58:55.871+0000] {logging_mixin.py:190} INFO - [2025-12-16T04:58:55.870+0000] {dagbag.py:588} INFO - Filling up the DagBag from /opt/airflow/dags/ETL.py
[2025-12-16T04:58:55.911+0000] {processor.py:925} INFO - DAG(s) 'ETL_process' retrieved from /opt/airflow/dags/ETL.py
[2025-12-16T04:58:55.972+0000] {logging_mixin.py:190} INFO - [2025-12-16T04:58:55.972+0000] {dag.py:3239} INFO - Sync 1 DAGs
[2025-12-16T04:58:56.005+0000] {logging_mixin.py:190} INFO - [2025-12-16T04:58:56.005+0000] {dag.py:4180} INFO - Setting next_dagrun for ETL_process to None, run_after=None
[2025-12-16T04:58:56.047+0000] {processor.py:208} INFO - Processing /opt/airflow/dags/ETL.py took 0.196 seconds
[2025-12-16T04:59:26.385+0000] {processor.py:186} INFO - Started process (PID=2682) to work on /opt/airflow/dags/ETL.py
[2025-12-16T04:59:26.386+0000] {processor.py:914} INFO - Processing file /opt/airflow/dags/ETL.py for tasks to queue
[2025-12-16T04:59:26.390+0000] {logging_mixin.py:190} INFO - [2025-12-16T04:59:26.390+0000] {dagbag.py:588} INFO - Filling up the DagBag from /opt/airflow/dags/ETL.py
[2025-12-16T04:59:26.411+0000] {processor.py:925} INFO - DAG(s) 'ETL_process' retrieved from /opt/airflow/dags/ETL.py
[2025-12-16T04:59:26.444+0000] {logging_mixin.py:190} INFO - [2025-12-16T04:59:26.443+0000] {dag.py:3239} INFO - Sync 1 DAGs
[2025-12-16T04:59:26.462+0000] {logging_mixin.py:190} INFO - [2025-12-16T04:59:26.462+0000] {dag.py:4180} INFO - Setting next_dagrun for ETL_process to None, run_after=None
[2025-12-16T04:59:26.484+0000] {processor.py:208} INFO - Processing /opt/airflow/dags/ETL.py took 0.107 seconds
[2025-12-16T04:59:56.763+0000] {processor.py:186} INFO - Started process (PID=2692) to work on /opt/airflow/dags/ETL.py
[2025-12-16T04:59:56.764+0000] {processor.py:914} INFO - Processing file /opt/airflow/dags/ETL.py for tasks to queue
[2025-12-16T04:59:56.767+0000] {logging_mixin.py:190} INFO - [2025-12-16T04:59:56.767+0000] {dagbag.py:588} INFO - Filling up the DagBag from /opt/airflow/dags/ETL.py
[2025-12-16T04:59:56.785+0000] {processor.py:925} INFO - DAG(s) 'ETL_process' retrieved from /opt/airflow/dags/ETL.py
[2025-12-16T04:59:56.816+0000] {logging_mixin.py:190} INFO - [2025-12-16T04:59:56.816+0000] {dag.py:3239} INFO - Sync 1 DAGs
[2025-12-16T04:59:56.832+0000] {logging_mixin.py:190} INFO - [2025-12-16T04:59:56.832+0000] {dag.py:4180} INFO - Setting next_dagrun for ETL_process to None, run_after=None
[2025-12-16T04:59:56.856+0000] {processor.py:208} INFO - Processing /opt/airflow/dags/ETL.py took 0.099 seconds
[2025-12-16T05:00:27.124+0000] {processor.py:186} INFO - Started process (PID=2702) to work on /opt/airflow/dags/ETL.py
[2025-12-16T05:00:27.125+0000] {processor.py:914} INFO - Processing file /opt/airflow/dags/ETL.py for tasks to queue
[2025-12-16T05:00:27.128+0000] {logging_mixin.py:190} INFO - [2025-12-16T05:00:27.128+0000] {dagbag.py:588} INFO - Filling up the DagBag from /opt/airflow/dags/ETL.py
[2025-12-16T05:00:27.149+0000] {processor.py:925} INFO - DAG(s) 'ETL_process' retrieved from /opt/airflow/dags/ETL.py
[2025-12-16T05:00:27.183+0000] {logging_mixin.py:190} INFO - [2025-12-16T05:00:27.183+0000] {dag.py:3239} INFO - Sync 1 DAGs
[2025-12-16T05:00:27.200+0000] {logging_mixin.py:190} INFO - [2025-12-16T05:00:27.199+0000] {dag.py:4180} INFO - Setting next_dagrun for ETL_process to None, run_after=None
[2025-12-16T05:00:27.230+0000] {processor.py:208} INFO - Processing /opt/airflow/dags/ETL.py took 0.112 seconds
[2025-12-16T05:00:57.519+0000] {processor.py:186} INFO - Started process (PID=2712) to work on /opt/airflow/dags/ETL.py
[2025-12-16T05:00:57.520+0000] {processor.py:914} INFO - Processing file /opt/airflow/dags/ETL.py for tasks to queue
[2025-12-16T05:00:57.524+0000] {logging_mixin.py:190} INFO - [2025-12-16T05:00:57.524+0000] {dagbag.py:588} INFO - Filling up the DagBag from /opt/airflow/dags/ETL.py
[2025-12-16T05:00:57.551+0000] {processor.py:925} INFO - DAG(s) 'ETL_process' retrieved from /opt/airflow/dags/ETL.py
[2025-12-16T05:00:57.607+0000] {logging_mixin.py:190} INFO - [2025-12-16T05:00:57.606+0000] {dag.py:3239} INFO - Sync 1 DAGs
[2025-12-16T05:00:57.633+0000] {logging_mixin.py:190} INFO - [2025-12-16T05:00:57.632+0000] {dag.py:4180} INFO - Setting next_dagrun for ETL_process to None, run_after=None
[2025-12-16T05:00:57.666+0000] {processor.py:208} INFO - Processing /opt/airflow/dags/ETL.py took 0.157 seconds
[2025-12-16T05:01:27.803+0000] {processor.py:186} INFO - Started process (PID=2722) to work on /opt/airflow/dags/ETL.py
[2025-12-16T05:01:27.805+0000] {processor.py:914} INFO - Processing file /opt/airflow/dags/ETL.py for tasks to queue
[2025-12-16T05:01:27.809+0000] {logging_mixin.py:190} INFO - [2025-12-16T05:01:27.809+0000] {dagbag.py:588} INFO - Filling up the DagBag from /opt/airflow/dags/ETL.py
[2025-12-16T05:01:27.837+0000] {processor.py:925} INFO - DAG(s) 'ETL_process' retrieved from /opt/airflow/dags/ETL.py
[2025-12-16T05:01:27.887+0000] {logging_mixin.py:190} INFO - [2025-12-16T05:01:27.886+0000] {dag.py:3239} INFO - Sync 1 DAGs
[2025-12-16T05:01:27.911+0000] {logging_mixin.py:190} INFO - [2025-12-16T05:01:27.911+0000] {dag.py:4180} INFO - Setting next_dagrun for ETL_process to None, run_after=None
[2025-12-16T05:01:27.947+0000] {processor.py:208} INFO - Processing /opt/airflow/dags/ETL.py took 0.153 seconds
[2025-12-16T05:01:58.267+0000] {processor.py:186} INFO - Started process (PID=2732) to work on /opt/airflow/dags/ETL.py
[2025-12-16T05:01:58.268+0000] {processor.py:914} INFO - Processing file /opt/airflow/dags/ETL.py for tasks to queue
[2025-12-16T05:01:58.272+0000] {logging_mixin.py:190} INFO - [2025-12-16T05:01:58.272+0000] {dagbag.py:588} INFO - Filling up the DagBag from /opt/airflow/dags/ETL.py
[2025-12-16T05:01:58.296+0000] {processor.py:925} INFO - DAG(s) 'ETL_process' retrieved from /opt/airflow/dags/ETL.py
[2025-12-16T05:01:58.334+0000] {logging_mixin.py:190} INFO - [2025-12-16T05:01:58.333+0000] {dag.py:3239} INFO - Sync 1 DAGs
[2025-12-16T05:01:58.352+0000] {logging_mixin.py:190} INFO - [2025-12-16T05:01:58.351+0000] {dag.py:4180} INFO - Setting next_dagrun for ETL_process to None, run_after=None
[2025-12-16T05:01:58.372+0000] {processor.py:208} INFO - Processing /opt/airflow/dags/ETL.py took 0.114 seconds
[2025-12-16T05:02:28.654+0000] {processor.py:186} INFO - Started process (PID=2742) to work on /opt/airflow/dags/ETL.py
[2025-12-16T05:02:28.655+0000] {processor.py:914} INFO - Processing file /opt/airflow/dags/ETL.py for tasks to queue
[2025-12-16T05:02:28.658+0000] {logging_mixin.py:190} INFO - [2025-12-16T05:02:28.658+0000] {dagbag.py:588} INFO - Filling up the DagBag from /opt/airflow/dags/ETL.py
[2025-12-16T05:02:28.677+0000] {processor.py:925} INFO - DAG(s) 'ETL_process' retrieved from /opt/airflow/dags/ETL.py
[2025-12-16T05:02:28.708+0000] {logging_mixin.py:190} INFO - [2025-12-16T05:02:28.708+0000] {dag.py:3239} INFO - Sync 1 DAGs
[2025-12-16T05:02:28.724+0000] {logging_mixin.py:190} INFO - [2025-12-16T05:02:28.724+0000] {dag.py:4180} INFO - Setting next_dagrun for ETL_process to None, run_after=None
[2025-12-16T05:02:28.747+0000] {processor.py:208} INFO - Processing /opt/airflow/dags/ETL.py took 0.101 seconds
[2025-12-16T05:02:59.040+0000] {processor.py:186} INFO - Started process (PID=2752) to work on /opt/airflow/dags/ETL.py
[2025-12-16T05:02:59.042+0000] {processor.py:914} INFO - Processing file /opt/airflow/dags/ETL.py for tasks to queue
[2025-12-16T05:02:59.046+0000] {logging_mixin.py:190} INFO - [2025-12-16T05:02:59.045+0000] {dagbag.py:588} INFO - Filling up the DagBag from /opt/airflow/dags/ETL.py
[2025-12-16T05:02:59.070+0000] {processor.py:925} INFO - DAG(s) 'ETL_process' retrieved from /opt/airflow/dags/ETL.py
[2025-12-16T05:02:59.206+0000] {logging_mixin.py:190} INFO - [2025-12-16T05:02:59.206+0000] {dag.py:3239} INFO - Sync 1 DAGs
[2025-12-16T05:02:59.313+0000] {logging_mixin.py:190} INFO - [2025-12-16T05:02:59.312+0000] {dag.py:4180} INFO - Setting next_dagrun for ETL_process to None, run_after=None
[2025-12-16T05:02:59.395+0000] {processor.py:208} INFO - Processing /opt/airflow/dags/ETL.py took 0.363 seconds
[2025-12-16T05:03:29.662+0000] {processor.py:186} INFO - Started process (PID=2762) to work on /opt/airflow/dags/ETL.py
[2025-12-16T05:03:29.663+0000] {processor.py:914} INFO - Processing file /opt/airflow/dags/ETL.py for tasks to queue
[2025-12-16T05:03:29.667+0000] {logging_mixin.py:190} INFO - [2025-12-16T05:03:29.667+0000] {dagbag.py:588} INFO - Filling up the DagBag from /opt/airflow/dags/ETL.py
[2025-12-16T05:03:29.691+0000] {processor.py:925} INFO - DAG(s) 'ETL_process' retrieved from /opt/airflow/dags/ETL.py
[2025-12-16T05:03:29.728+0000] {logging_mixin.py:190} INFO - [2025-12-16T05:03:29.728+0000] {dag.py:3239} INFO - Sync 1 DAGs
[2025-12-16T05:03:29.745+0000] {logging_mixin.py:190} INFO - [2025-12-16T05:03:29.745+0000] {dag.py:4180} INFO - Setting next_dagrun for ETL_process to None, run_after=None
[2025-12-16T05:03:29.765+0000] {processor.py:208} INFO - Processing /opt/airflow/dags/ETL.py took 0.112 seconds
[2025-12-16T05:04:00.035+0000] {processor.py:186} INFO - Started process (PID=2772) to work on /opt/airflow/dags/ETL.py
[2025-12-16T05:04:00.036+0000] {processor.py:914} INFO - Processing file /opt/airflow/dags/ETL.py for tasks to queue
[2025-12-16T05:04:00.039+0000] {logging_mixin.py:190} INFO - [2025-12-16T05:04:00.039+0000] {dagbag.py:588} INFO - Filling up the DagBag from /opt/airflow/dags/ETL.py
[2025-12-16T05:04:00.061+0000] {processor.py:925} INFO - DAG(s) 'ETL_process' retrieved from /opt/airflow/dags/ETL.py
[2025-12-16T05:04:00.093+0000] {logging_mixin.py:190} INFO - [2025-12-16T05:04:00.093+0000] {dag.py:3239} INFO - Sync 1 DAGs
[2025-12-16T05:04:00.110+0000] {logging_mixin.py:190} INFO - [2025-12-16T05:04:00.110+0000] {dag.py:4180} INFO - Setting next_dagrun for ETL_process to None, run_after=None
[2025-12-16T05:04:00.134+0000] {processor.py:208} INFO - Processing /opt/airflow/dags/ETL.py took 0.105 seconds
[2025-12-16T05:04:30.445+0000] {processor.py:186} INFO - Started process (PID=2782) to work on /opt/airflow/dags/ETL.py
[2025-12-16T05:04:30.446+0000] {processor.py:914} INFO - Processing file /opt/airflow/dags/ETL.py for tasks to queue
[2025-12-16T05:04:30.450+0000] {logging_mixin.py:190} INFO - [2025-12-16T05:04:30.450+0000] {dagbag.py:588} INFO - Filling up the DagBag from /opt/airflow/dags/ETL.py
[2025-12-16T05:04:30.470+0000] {processor.py:925} INFO - DAG(s) 'ETL_process' retrieved from /opt/airflow/dags/ETL.py
[2025-12-16T05:04:30.500+0000] {logging_mixin.py:190} INFO - [2025-12-16T05:04:30.500+0000] {dag.py:3239} INFO - Sync 1 DAGs
[2025-12-16T05:04:30.516+0000] {logging_mixin.py:190} INFO - [2025-12-16T05:04:30.516+0000] {dag.py:4180} INFO - Setting next_dagrun for ETL_process to None, run_after=None
[2025-12-16T05:04:30.537+0000] {processor.py:208} INFO - Processing /opt/airflow/dags/ETL.py took 0.099 seconds
[2025-12-16T05:05:00.822+0000] {processor.py:186} INFO - Started process (PID=2792) to work on /opt/airflow/dags/ETL.py
[2025-12-16T05:05:00.823+0000] {processor.py:914} INFO - Processing file /opt/airflow/dags/ETL.py for tasks to queue
[2025-12-16T05:05:00.826+0000] {logging_mixin.py:190} INFO - [2025-12-16T05:05:00.826+0000] {dagbag.py:588} INFO - Filling up the DagBag from /opt/airflow/dags/ETL.py
[2025-12-16T05:05:00.846+0000] {processor.py:925} INFO - DAG(s) 'ETL_process' retrieved from /opt/airflow/dags/ETL.py
[2025-12-16T05:05:00.880+0000] {logging_mixin.py:190} INFO - [2025-12-16T05:05:00.880+0000] {dag.py:3239} INFO - Sync 1 DAGs
[2025-12-16T05:05:00.896+0000] {logging_mixin.py:190} INFO - [2025-12-16T05:05:00.896+0000] {dag.py:4180} INFO - Setting next_dagrun for ETL_process to None, run_after=None
[2025-12-16T05:05:00.915+0000] {processor.py:208} INFO - Processing /opt/airflow/dags/ETL.py took 0.100 seconds
[2025-12-16T05:05:31.202+0000] {processor.py:186} INFO - Started process (PID=2802) to work on /opt/airflow/dags/ETL.py
[2025-12-16T05:05:31.204+0000] {processor.py:914} INFO - Processing file /opt/airflow/dags/ETL.py for tasks to queue
[2025-12-16T05:05:31.209+0000] {logging_mixin.py:190} INFO - [2025-12-16T05:05:31.209+0000] {dagbag.py:588} INFO - Filling up the DagBag from /opt/airflow/dags/ETL.py
[2025-12-16T05:05:31.235+0000] {processor.py:925} INFO - DAG(s) 'ETL_process' retrieved from /opt/airflow/dags/ETL.py
[2025-12-16T05:05:31.276+0000] {logging_mixin.py:190} INFO - [2025-12-16T05:05:31.276+0000] {dag.py:3239} INFO - Sync 1 DAGs
[2025-12-16T05:05:31.338+0000] {logging_mixin.py:190} INFO - [2025-12-16T05:05:31.338+0000] {dag.py:4180} INFO - Setting next_dagrun for ETL_process to None, run_after=None
[2025-12-16T05:05:31.408+0000] {processor.py:208} INFO - Processing /opt/airflow/dags/ETL.py took 0.215 seconds
[2025-12-16T05:06:01.749+0000] {processor.py:186} INFO - Started process (PID=2812) to work on /opt/airflow/dags/ETL.py
[2025-12-16T05:06:01.750+0000] {processor.py:914} INFO - Processing file /opt/airflow/dags/ETL.py for tasks to queue
[2025-12-16T05:06:01.756+0000] {logging_mixin.py:190} INFO - [2025-12-16T05:06:01.756+0000] {dagbag.py:588} INFO - Filling up the DagBag from /opt/airflow/dags/ETL.py
[2025-12-16T05:06:01.781+0000] {processor.py:925} INFO - DAG(s) 'ETL_process' retrieved from /opt/airflow/dags/ETL.py
[2025-12-16T05:06:01.817+0000] {logging_mixin.py:190} INFO - [2025-12-16T05:06:01.816+0000] {dag.py:3239} INFO - Sync 1 DAGs
[2025-12-16T05:06:01.833+0000] {logging_mixin.py:190} INFO - [2025-12-16T05:06:01.833+0000] {dag.py:4180} INFO - Setting next_dagrun for ETL_process to None, run_after=None
[2025-12-16T05:06:01.855+0000] {processor.py:208} INFO - Processing /opt/airflow/dags/ETL.py took 0.120 seconds
[2025-12-16T05:06:32.112+0000] {processor.py:186} INFO - Started process (PID=2822) to work on /opt/airflow/dags/ETL.py
[2025-12-16T05:06:32.113+0000] {processor.py:914} INFO - Processing file /opt/airflow/dags/ETL.py for tasks to queue
[2025-12-16T05:06:32.117+0000] {logging_mixin.py:190} INFO - [2025-12-16T05:06:32.116+0000] {dagbag.py:588} INFO - Filling up the DagBag from /opt/airflow/dags/ETL.py
[2025-12-16T05:06:32.136+0000] {processor.py:925} INFO - DAG(s) 'ETL_process' retrieved from /opt/airflow/dags/ETL.py
[2025-12-16T05:06:32.168+0000] {logging_mixin.py:190} INFO - [2025-12-16T05:06:32.168+0000] {dag.py:3239} INFO - Sync 1 DAGs
[2025-12-16T05:06:32.182+0000] {logging_mixin.py:190} INFO - [2025-12-16T05:06:32.182+0000] {dag.py:4180} INFO - Setting next_dagrun for ETL_process to None, run_after=None
[2025-12-16T05:06:32.202+0000] {processor.py:208} INFO - Processing /opt/airflow/dags/ETL.py took 0.097 seconds
[2025-12-16T05:07:02.505+0000] {processor.py:186} INFO - Started process (PID=2832) to work on /opt/airflow/dags/ETL.py
[2025-12-16T05:07:02.509+0000] {processor.py:914} INFO - Processing file /opt/airflow/dags/ETL.py for tasks to queue
[2025-12-16T05:07:02.514+0000] {logging_mixin.py:190} INFO - [2025-12-16T05:07:02.513+0000] {dagbag.py:588} INFO - Filling up the DagBag from /opt/airflow/dags/ETL.py
[2025-12-16T05:07:02.538+0000] {processor.py:925} INFO - DAG(s) 'ETL_process' retrieved from /opt/airflow/dags/ETL.py
[2025-12-16T05:07:02.576+0000] {logging_mixin.py:190} INFO - [2025-12-16T05:07:02.576+0000] {dag.py:3239} INFO - Sync 1 DAGs
[2025-12-16T05:07:02.594+0000] {logging_mixin.py:190} INFO - [2025-12-16T05:07:02.594+0000] {dag.py:4180} INFO - Setting next_dagrun for ETL_process to None, run_after=None
[2025-12-16T05:07:02.623+0000] {processor.py:208} INFO - Processing /opt/airflow/dags/ETL.py took 0.128 seconds
[2025-12-16T05:07:33.003+0000] {processor.py:186} INFO - Started process (PID=2842) to work on /opt/airflow/dags/ETL.py
[2025-12-16T05:07:33.004+0000] {processor.py:914} INFO - Processing file /opt/airflow/dags/ETL.py for tasks to queue
[2025-12-16T05:07:33.010+0000] {logging_mixin.py:190} INFO - [2025-12-16T05:07:33.009+0000] {dagbag.py:588} INFO - Filling up the DagBag from /opt/airflow/dags/ETL.py
[2025-12-16T05:07:33.034+0000] {processor.py:925} INFO - DAG(s) 'ETL_process' retrieved from /opt/airflow/dags/ETL.py
[2025-12-16T05:07:33.073+0000] {logging_mixin.py:190} INFO - [2025-12-16T05:07:33.073+0000] {dag.py:3239} INFO - Sync 1 DAGs
[2025-12-16T05:07:33.089+0000] {logging_mixin.py:190} INFO - [2025-12-16T05:07:33.089+0000] {dag.py:4180} INFO - Setting next_dagrun for ETL_process to None, run_after=None
[2025-12-16T05:07:33.110+0000] {processor.py:208} INFO - Processing /opt/airflow/dags/ETL.py took 0.119 seconds
[2025-12-16T05:08:03.466+0000] {processor.py:186} INFO - Started process (PID=2852) to work on /opt/airflow/dags/ETL.py
[2025-12-16T05:08:03.468+0000] {processor.py:914} INFO - Processing file /opt/airflow/dags/ETL.py for tasks to queue
[2025-12-16T05:08:03.471+0000] {logging_mixin.py:190} INFO - [2025-12-16T05:08:03.471+0000] {dagbag.py:588} INFO - Filling up the DagBag from /opt/airflow/dags/ETL.py
[2025-12-16T05:08:03.493+0000] {processor.py:925} INFO - DAG(s) 'ETL_process' retrieved from /opt/airflow/dags/ETL.py
[2025-12-16T05:08:03.528+0000] {logging_mixin.py:190} INFO - [2025-12-16T05:08:03.528+0000] {dag.py:3239} INFO - Sync 1 DAGs
[2025-12-16T05:08:03.544+0000] {logging_mixin.py:190} INFO - [2025-12-16T05:08:03.543+0000] {dag.py:4180} INFO - Setting next_dagrun for ETL_process to None, run_after=None
[2025-12-16T05:08:03.569+0000] {processor.py:208} INFO - Processing /opt/airflow/dags/ETL.py took 0.112 seconds
[2025-12-16T05:08:33.882+0000] {processor.py:186} INFO - Started process (PID=2862) to work on /opt/airflow/dags/ETL.py
[2025-12-16T05:08:33.884+0000] {processor.py:914} INFO - Processing file /opt/airflow/dags/ETL.py for tasks to queue
[2025-12-16T05:08:33.888+0000] {logging_mixin.py:190} INFO - [2025-12-16T05:08:33.888+0000] {dagbag.py:588} INFO - Filling up the DagBag from /opt/airflow/dags/ETL.py
[2025-12-16T05:08:33.912+0000] {processor.py:925} INFO - DAG(s) 'ETL_process' retrieved from /opt/airflow/dags/ETL.py
[2025-12-16T05:08:33.948+0000] {logging_mixin.py:190} INFO - [2025-12-16T05:08:33.948+0000] {dag.py:3239} INFO - Sync 1 DAGs
[2025-12-16T05:08:33.964+0000] {logging_mixin.py:190} INFO - [2025-12-16T05:08:33.964+0000] {dag.py:4180} INFO - Setting next_dagrun for ETL_process to None, run_after=None
[2025-12-16T05:08:33.984+0000] {processor.py:208} INFO - Processing /opt/airflow/dags/ETL.py took 0.111 seconds
[2025-12-16T05:09:04.284+0000] {processor.py:186} INFO - Started process (PID=2872) to work on /opt/airflow/dags/ETL.py
[2025-12-16T05:09:04.285+0000] {processor.py:914} INFO - Processing file /opt/airflow/dags/ETL.py for tasks to queue
[2025-12-16T05:09:04.290+0000] {logging_mixin.py:190} INFO - [2025-12-16T05:09:04.289+0000] {dagbag.py:588} INFO - Filling up the DagBag from /opt/airflow/dags/ETL.py
[2025-12-16T05:09:04.311+0000] {processor.py:925} INFO - DAG(s) 'ETL_process' retrieved from /opt/airflow/dags/ETL.py
[2025-12-16T05:09:04.347+0000] {logging_mixin.py:190} INFO - [2025-12-16T05:09:04.346+0000] {dag.py:3239} INFO - Sync 1 DAGs
[2025-12-16T05:09:04.363+0000] {logging_mixin.py:190} INFO - [2025-12-16T05:09:04.363+0000] {dag.py:4180} INFO - Setting next_dagrun for ETL_process to None, run_after=None
[2025-12-16T05:09:04.389+0000] {processor.py:208} INFO - Processing /opt/airflow/dags/ETL.py took 0.113 seconds
[2025-12-16T05:09:34.725+0000] {processor.py:186} INFO - Started process (PID=2882) to work on /opt/airflow/dags/ETL.py
[2025-12-16T05:09:34.727+0000] {processor.py:914} INFO - Processing file /opt/airflow/dags/ETL.py for tasks to queue
[2025-12-16T05:09:34.731+0000] {logging_mixin.py:190} INFO - [2025-12-16T05:09:34.731+0000] {dagbag.py:588} INFO - Filling up the DagBag from /opt/airflow/dags/ETL.py
[2025-12-16T05:09:34.755+0000] {processor.py:925} INFO - DAG(s) 'ETL_process' retrieved from /opt/airflow/dags/ETL.py
[2025-12-16T05:09:34.793+0000] {logging_mixin.py:190} INFO - [2025-12-16T05:09:34.793+0000] {dag.py:3239} INFO - Sync 1 DAGs
[2025-12-16T05:09:34.811+0000] {logging_mixin.py:190} INFO - [2025-12-16T05:09:34.810+0000] {dag.py:4180} INFO - Setting next_dagrun for ETL_process to None, run_after=None
[2025-12-16T05:09:34.833+0000] {processor.py:208} INFO - Processing /opt/airflow/dags/ETL.py took 0.119 seconds
[2025-12-16T05:10:05.113+0000] {processor.py:186} INFO - Started process (PID=2892) to work on /opt/airflow/dags/ETL.py
[2025-12-16T05:10:05.114+0000] {processor.py:914} INFO - Processing file /opt/airflow/dags/ETL.py for tasks to queue
[2025-12-16T05:10:05.119+0000] {logging_mixin.py:190} INFO - [2025-12-16T05:10:05.119+0000] {dagbag.py:588} INFO - Filling up the DagBag from /opt/airflow/dags/ETL.py
[2025-12-16T05:10:05.144+0000] {processor.py:925} INFO - DAG(s) 'ETL_process' retrieved from /opt/airflow/dags/ETL.py
[2025-12-16T05:10:05.181+0000] {logging_mixin.py:190} INFO - [2025-12-16T05:10:05.181+0000] {dag.py:3239} INFO - Sync 1 DAGs
[2025-12-16T05:10:05.199+0000] {logging_mixin.py:190} INFO - [2025-12-16T05:10:05.198+0000] {dag.py:4180} INFO - Setting next_dagrun for ETL_process to None, run_after=None
[2025-12-16T05:10:05.219+0000] {processor.py:208} INFO - Processing /opt/airflow/dags/ETL.py took 0.116 seconds
[2025-12-16T05:10:35.507+0000] {processor.py:186} INFO - Started process (PID=2902) to work on /opt/airflow/dags/ETL.py
[2025-12-16T05:10:35.509+0000] {processor.py:914} INFO - Processing file /opt/airflow/dags/ETL.py for tasks to queue
[2025-12-16T05:10:35.513+0000] {logging_mixin.py:190} INFO - [2025-12-16T05:10:35.512+0000] {dagbag.py:588} INFO - Filling up the DagBag from /opt/airflow/dags/ETL.py
[2025-12-16T05:10:35.536+0000] {processor.py:925} INFO - DAG(s) 'ETL_process' retrieved from /opt/airflow/dags/ETL.py
[2025-12-16T05:10:35.580+0000] {logging_mixin.py:190} INFO - [2025-12-16T05:10:35.580+0000] {dag.py:3239} INFO - Sync 1 DAGs
[2025-12-16T05:10:35.601+0000] {logging_mixin.py:190} INFO - [2025-12-16T05:10:35.600+0000] {dag.py:4180} INFO - Setting next_dagrun for ETL_process to None, run_after=None
[2025-12-16T05:10:35.624+0000] {processor.py:208} INFO - Processing /opt/airflow/dags/ETL.py took 0.127 seconds
[2025-12-16T05:11:05.785+0000] {processor.py:186} INFO - Started process (PID=2912) to work on /opt/airflow/dags/ETL.py
[2025-12-16T05:11:05.787+0000] {processor.py:914} INFO - Processing file /opt/airflow/dags/ETL.py for tasks to queue
[2025-12-16T05:11:05.792+0000] {logging_mixin.py:190} INFO - [2025-12-16T05:11:05.791+0000] {dagbag.py:588} INFO - Filling up the DagBag from /opt/airflow/dags/ETL.py
[2025-12-16T05:11:05.817+0000] {processor.py:925} INFO - DAG(s) 'ETL_process' retrieved from /opt/airflow/dags/ETL.py
[2025-12-16T05:11:05.856+0000] {logging_mixin.py:190} INFO - [2025-12-16T05:11:05.856+0000] {dag.py:3239} INFO - Sync 1 DAGs
[2025-12-16T05:11:05.875+0000] {logging_mixin.py:190} INFO - [2025-12-16T05:11:05.875+0000] {dag.py:4180} INFO - Setting next_dagrun for ETL_process to None, run_after=None
[2025-12-16T05:11:05.902+0000] {processor.py:208} INFO - Processing /opt/airflow/dags/ETL.py took 0.127 seconds
[2025-12-16T05:11:36.207+0000] {processor.py:186} INFO - Started process (PID=2922) to work on /opt/airflow/dags/ETL.py
[2025-12-16T05:11:36.208+0000] {processor.py:914} INFO - Processing file /opt/airflow/dags/ETL.py for tasks to queue
[2025-12-16T05:11:36.212+0000] {logging_mixin.py:190} INFO - [2025-12-16T05:11:36.212+0000] {dagbag.py:588} INFO - Filling up the DagBag from /opt/airflow/dags/ETL.py
[2025-12-16T05:11:36.236+0000] {processor.py:925} INFO - DAG(s) 'ETL_process' retrieved from /opt/airflow/dags/ETL.py
[2025-12-16T05:11:36.274+0000] {logging_mixin.py:190} INFO - [2025-12-16T05:11:36.274+0000] {dag.py:3239} INFO - Sync 1 DAGs
[2025-12-16T05:11:36.292+0000] {logging_mixin.py:190} INFO - [2025-12-16T05:11:36.292+0000] {dag.py:4180} INFO - Setting next_dagrun for ETL_process to None, run_after=None
[2025-12-16T05:11:36.313+0000] {processor.py:208} INFO - Processing /opt/airflow/dags/ETL.py took 0.117 seconds
[2025-12-16T05:12:06.593+0000] {processor.py:186} INFO - Started process (PID=2932) to work on /opt/airflow/dags/ETL.py
[2025-12-16T05:12:06.594+0000] {processor.py:914} INFO - Processing file /opt/airflow/dags/ETL.py for tasks to queue
[2025-12-16T05:12:06.598+0000] {logging_mixin.py:190} INFO - [2025-12-16T05:12:06.597+0000] {dagbag.py:588} INFO - Filling up the DagBag from /opt/airflow/dags/ETL.py
[2025-12-16T05:12:06.618+0000] {processor.py:925} INFO - DAG(s) 'ETL_process' retrieved from /opt/airflow/dags/ETL.py
[2025-12-16T05:12:06.649+0000] {logging_mixin.py:190} INFO - [2025-12-16T05:12:06.649+0000] {dag.py:3239} INFO - Sync 1 DAGs
[2025-12-16T05:12:06.664+0000] {logging_mixin.py:190} INFO - [2025-12-16T05:12:06.664+0000] {dag.py:4180} INFO - Setting next_dagrun for ETL_process to None, run_after=None
[2025-12-16T05:12:06.690+0000] {processor.py:208} INFO - Processing /opt/airflow/dags/ETL.py took 0.104 seconds
[2025-12-16T05:12:36.960+0000] {processor.py:186} INFO - Started process (PID=2942) to work on /opt/airflow/dags/ETL.py
[2025-12-16T05:12:36.961+0000] {processor.py:914} INFO - Processing file /opt/airflow/dags/ETL.py for tasks to queue
[2025-12-16T05:12:36.965+0000] {logging_mixin.py:190} INFO - [2025-12-16T05:12:36.964+0000] {dagbag.py:588} INFO - Filling up the DagBag from /opt/airflow/dags/ETL.py
[2025-12-16T05:12:36.984+0000] {processor.py:925} INFO - DAG(s) 'ETL_process' retrieved from /opt/airflow/dags/ETL.py
[2025-12-16T05:12:37.014+0000] {logging_mixin.py:190} INFO - [2025-12-16T05:12:37.013+0000] {dag.py:3239} INFO - Sync 1 DAGs
[2025-12-16T05:12:37.028+0000] {logging_mixin.py:190} INFO - [2025-12-16T05:12:37.028+0000] {dag.py:4180} INFO - Setting next_dagrun for ETL_process to None, run_after=None
[2025-12-16T05:12:37.046+0000] {processor.py:208} INFO - Processing /opt/airflow/dags/ETL.py took 0.093 seconds
[2025-12-16T05:13:07.336+0000] {processor.py:186} INFO - Started process (PID=2952) to work on /opt/airflow/dags/ETL.py
[2025-12-16T05:13:07.338+0000] {processor.py:914} INFO - Processing file /opt/airflow/dags/ETL.py for tasks to queue
[2025-12-16T05:13:07.342+0000] {logging_mixin.py:190} INFO - [2025-12-16T05:13:07.341+0000] {dagbag.py:588} INFO - Filling up the DagBag from /opt/airflow/dags/ETL.py
[2025-12-16T05:13:07.366+0000] {processor.py:925} INFO - DAG(s) 'ETL_process' retrieved from /opt/airflow/dags/ETL.py
[2025-12-16T05:13:07.404+0000] {logging_mixin.py:190} INFO - [2025-12-16T05:13:07.404+0000] {dag.py:3239} INFO - Sync 1 DAGs
[2025-12-16T05:13:07.422+0000] {logging_mixin.py:190} INFO - [2025-12-16T05:13:07.421+0000] {dag.py:4180} INFO - Setting next_dagrun for ETL_process to None, run_after=None
[2025-12-16T05:13:07.444+0000] {processor.py:208} INFO - Processing /opt/airflow/dags/ETL.py took 0.118 seconds
[2025-12-16T05:13:37.752+0000] {processor.py:186} INFO - Started process (PID=2962) to work on /opt/airflow/dags/ETL.py
[2025-12-16T05:13:37.754+0000] {processor.py:914} INFO - Processing file /opt/airflow/dags/ETL.py for tasks to queue
[2025-12-16T05:13:37.759+0000] {logging_mixin.py:190} INFO - [2025-12-16T05:13:37.758+0000] {dagbag.py:588} INFO - Filling up the DagBag from /opt/airflow/dags/ETL.py
[2025-12-16T05:13:37.783+0000] {processor.py:925} INFO - DAG(s) 'ETL_process' retrieved from /opt/airflow/dags/ETL.py
[2025-12-16T05:13:37.824+0000] {logging_mixin.py:190} INFO - [2025-12-16T05:13:37.824+0000] {dag.py:3239} INFO - Sync 1 DAGs
[2025-12-16T05:13:37.845+0000] {logging_mixin.py:190} INFO - [2025-12-16T05:13:37.844+0000] {dag.py:4180} INFO - Setting next_dagrun for ETL_process to None, run_after=None
[2025-12-16T05:13:37.875+0000] {processor.py:208} INFO - Processing /opt/airflow/dags/ETL.py took 0.135 seconds
[2025-12-16T05:14:08.164+0000] {processor.py:186} INFO - Started process (PID=2972) to work on /opt/airflow/dags/ETL.py
[2025-12-16T05:14:08.165+0000] {processor.py:914} INFO - Processing file /opt/airflow/dags/ETL.py for tasks to queue
[2025-12-16T05:14:08.169+0000] {logging_mixin.py:190} INFO - [2025-12-16T05:14:08.168+0000] {dagbag.py:588} INFO - Filling up the DagBag from /opt/airflow/dags/ETL.py
[2025-12-16T05:14:08.193+0000] {processor.py:925} INFO - DAG(s) 'ETL_process' retrieved from /opt/airflow/dags/ETL.py
[2025-12-16T05:14:08.225+0000] {logging_mixin.py:190} INFO - [2025-12-16T05:14:08.225+0000] {dag.py:3239} INFO - Sync 1 DAGs
[2025-12-16T05:14:08.240+0000] {logging_mixin.py:190} INFO - [2025-12-16T05:14:08.240+0000] {dag.py:4180} INFO - Setting next_dagrun for ETL_process to None, run_after=None
[2025-12-16T05:14:08.266+0000] {processor.py:208} INFO - Processing /opt/airflow/dags/ETL.py took 0.110 seconds
[2025-12-16T05:14:38.571+0000] {processor.py:186} INFO - Started process (PID=2982) to work on /opt/airflow/dags/ETL.py
[2025-12-16T05:14:38.573+0000] {processor.py:914} INFO - Processing file /opt/airflow/dags/ETL.py for tasks to queue
[2025-12-16T05:14:38.578+0000] {logging_mixin.py:190} INFO - [2025-12-16T05:14:38.577+0000] {dagbag.py:588} INFO - Filling up the DagBag from /opt/airflow/dags/ETL.py
[2025-12-16T05:14:38.607+0000] {processor.py:925} INFO - DAG(s) 'ETL_process' retrieved from /opt/airflow/dags/ETL.py
[2025-12-16T05:14:38.648+0000] {logging_mixin.py:190} INFO - [2025-12-16T05:14:38.648+0000] {dag.py:3239} INFO - Sync 1 DAGs
[2025-12-16T05:14:38.666+0000] {logging_mixin.py:190} INFO - [2025-12-16T05:14:38.666+0000] {dag.py:4180} INFO - Setting next_dagrun for ETL_process to None, run_after=None
[2025-12-16T05:14:38.693+0000] {processor.py:208} INFO - Processing /opt/airflow/dags/ETL.py took 0.131 seconds
[2025-12-16T05:15:08.993+0000] {processor.py:186} INFO - Started process (PID=2992) to work on /opt/airflow/dags/ETL.py
[2025-12-16T05:15:08.995+0000] {processor.py:914} INFO - Processing file /opt/airflow/dags/ETL.py for tasks to queue
[2025-12-16T05:15:09.000+0000] {logging_mixin.py:190} INFO - [2025-12-16T05:15:08.999+0000] {dagbag.py:588} INFO - Filling up the DagBag from /opt/airflow/dags/ETL.py
[2025-12-16T05:15:09.027+0000] {processor.py:925} INFO - DAG(s) 'ETL_process' retrieved from /opt/airflow/dags/ETL.py
[2025-12-16T05:15:09.067+0000] {logging_mixin.py:190} INFO - [2025-12-16T05:15:09.066+0000] {dag.py:3239} INFO - Sync 1 DAGs
[2025-12-16T05:15:09.086+0000] {logging_mixin.py:190} INFO - [2025-12-16T05:15:09.085+0000] {dag.py:4180} INFO - Setting next_dagrun for ETL_process to None, run_after=None
[2025-12-16T05:15:09.109+0000] {processor.py:208} INFO - Processing /opt/airflow/dags/ETL.py took 0.126 seconds
[2025-12-16T05:15:39.419+0000] {processor.py:186} INFO - Started process (PID=3002) to work on /opt/airflow/dags/ETL.py
[2025-12-16T05:15:39.421+0000] {processor.py:914} INFO - Processing file /opt/airflow/dags/ETL.py for tasks to queue
[2025-12-16T05:15:39.425+0000] {logging_mixin.py:190} INFO - [2025-12-16T05:15:39.424+0000] {dagbag.py:588} INFO - Filling up the DagBag from /opt/airflow/dags/ETL.py
[2025-12-16T05:15:39.449+0000] {processor.py:925} INFO - DAG(s) 'ETL_process' retrieved from /opt/airflow/dags/ETL.py
[2025-12-16T05:15:39.486+0000] {logging_mixin.py:190} INFO - [2025-12-16T05:15:39.485+0000] {dag.py:3239} INFO - Sync 1 DAGs
[2025-12-16T05:15:39.503+0000] {logging_mixin.py:190} INFO - [2025-12-16T05:15:39.503+0000] {dag.py:4180} INFO - Setting next_dagrun for ETL_process to None, run_after=None
[2025-12-16T05:15:39.530+0000] {processor.py:208} INFO - Processing /opt/airflow/dags/ETL.py took 0.120 seconds
[2025-12-16T05:16:09.824+0000] {processor.py:186} INFO - Started process (PID=3012) to work on /opt/airflow/dags/ETL.py
[2025-12-16T05:16:09.826+0000] {processor.py:914} INFO - Processing file /opt/airflow/dags/ETL.py for tasks to queue
[2025-12-16T05:16:09.831+0000] {logging_mixin.py:190} INFO - [2025-12-16T05:16:09.831+0000] {dagbag.py:588} INFO - Filling up the DagBag from /opt/airflow/dags/ETL.py
[2025-12-16T05:16:09.856+0000] {processor.py:925} INFO - DAG(s) 'ETL_process' retrieved from /opt/airflow/dags/ETL.py
[2025-12-16T05:16:09.896+0000] {logging_mixin.py:190} INFO - [2025-12-16T05:16:09.895+0000] {dag.py:3239} INFO - Sync 1 DAGs
[2025-12-16T05:16:09.913+0000] {logging_mixin.py:190} INFO - [2025-12-16T05:16:09.913+0000] {dag.py:4180} INFO - Setting next_dagrun for ETL_process to None, run_after=None
[2025-12-16T05:16:09.941+0000] {processor.py:208} INFO - Processing /opt/airflow/dags/ETL.py took 0.127 seconds
[2025-12-16T05:16:40.230+0000] {processor.py:186} INFO - Started process (PID=3022) to work on /opt/airflow/dags/ETL.py
[2025-12-16T05:16:40.232+0000] {processor.py:914} INFO - Processing file /opt/airflow/dags/ETL.py for tasks to queue
[2025-12-16T05:16:40.236+0000] {logging_mixin.py:190} INFO - [2025-12-16T05:16:40.235+0000] {dagbag.py:588} INFO - Filling up the DagBag from /opt/airflow/dags/ETL.py
[2025-12-16T05:16:40.257+0000] {processor.py:925} INFO - DAG(s) 'ETL_process' retrieved from /opt/airflow/dags/ETL.py
[2025-12-16T05:16:40.290+0000] {logging_mixin.py:190} INFO - [2025-12-16T05:16:40.290+0000] {dag.py:3239} INFO - Sync 1 DAGs
[2025-12-16T05:16:40.305+0000] {logging_mixin.py:190} INFO - [2025-12-16T05:16:40.305+0000] {dag.py:4180} INFO - Setting next_dagrun for ETL_process to None, run_after=None
[2025-12-16T05:16:40.326+0000] {processor.py:208} INFO - Processing /opt/airflow/dags/ETL.py took 0.104 seconds
[2025-12-16T05:17:10.615+0000] {processor.py:186} INFO - Started process (PID=3032) to work on /opt/airflow/dags/ETL.py
[2025-12-16T05:17:10.616+0000] {processor.py:914} INFO - Processing file /opt/airflow/dags/ETL.py for tasks to queue
[2025-12-16T05:17:10.620+0000] {logging_mixin.py:190} INFO - [2025-12-16T05:17:10.619+0000] {dagbag.py:588} INFO - Filling up the DagBag from /opt/airflow/dags/ETL.py
[2025-12-16T05:17:10.644+0000] {processor.py:925} INFO - DAG(s) 'ETL_process' retrieved from /opt/airflow/dags/ETL.py
[2025-12-16T05:17:10.679+0000] {logging_mixin.py:190} INFO - [2025-12-16T05:17:10.679+0000] {dag.py:3239} INFO - Sync 1 DAGs
[2025-12-16T05:17:10.698+0000] {logging_mixin.py:190} INFO - [2025-12-16T05:17:10.697+0000] {dag.py:4180} INFO - Setting next_dagrun for ETL_process to None, run_after=None
[2025-12-16T05:17:10.725+0000] {processor.py:208} INFO - Processing /opt/airflow/dags/ETL.py took 0.118 seconds
[2025-12-16T05:17:41.011+0000] {processor.py:186} INFO - Started process (PID=3042) to work on /opt/airflow/dags/ETL.py
[2025-12-16T05:17:41.015+0000] {processor.py:914} INFO - Processing file /opt/airflow/dags/ETL.py for tasks to queue
[2025-12-16T05:17:41.019+0000] {logging_mixin.py:190} INFO - [2025-12-16T05:17:41.018+0000] {dagbag.py:588} INFO - Filling up the DagBag from /opt/airflow/dags/ETL.py
[2025-12-16T05:17:41.042+0000] {processor.py:925} INFO - DAG(s) 'ETL_process' retrieved from /opt/airflow/dags/ETL.py
[2025-12-16T05:17:41.076+0000] {logging_mixin.py:190} INFO - [2025-12-16T05:17:41.075+0000] {dag.py:3239} INFO - Sync 1 DAGs
[2025-12-16T05:17:41.091+0000] {logging_mixin.py:190} INFO - [2025-12-16T05:17:41.091+0000] {dag.py:4180} INFO - Setting next_dagrun for ETL_process to None, run_after=None
[2025-12-16T05:17:41.110+0000] {processor.py:208} INFO - Processing /opt/airflow/dags/ETL.py took 0.108 seconds
[2025-12-16T05:18:11.391+0000] {processor.py:186} INFO - Started process (PID=3052) to work on /opt/airflow/dags/ETL.py
[2025-12-16T05:18:11.392+0000] {processor.py:914} INFO - Processing file /opt/airflow/dags/ETL.py for tasks to queue
[2025-12-16T05:18:11.396+0000] {logging_mixin.py:190} INFO - [2025-12-16T05:18:11.396+0000] {dagbag.py:588} INFO - Filling up the DagBag from /opt/airflow/dags/ETL.py
[2025-12-16T05:18:11.418+0000] {processor.py:925} INFO - DAG(s) 'ETL_process' retrieved from /opt/airflow/dags/ETL.py
[2025-12-16T05:18:11.450+0000] {logging_mixin.py:190} INFO - [2025-12-16T05:18:11.449+0000] {dag.py:3239} INFO - Sync 1 DAGs
[2025-12-16T05:18:11.465+0000] {logging_mixin.py:190} INFO - [2025-12-16T05:18:11.465+0000] {dag.py:4180} INFO - Setting next_dagrun for ETL_process to None, run_after=None
[2025-12-16T05:18:11.488+0000] {processor.py:208} INFO - Processing /opt/airflow/dags/ETL.py took 0.106 seconds
[2025-12-16T05:18:41.768+0000] {processor.py:186} INFO - Started process (PID=3062) to work on /opt/airflow/dags/ETL.py
[2025-12-16T05:18:41.769+0000] {processor.py:914} INFO - Processing file /opt/airflow/dags/ETL.py for tasks to queue
[2025-12-16T05:18:41.773+0000] {logging_mixin.py:190} INFO - [2025-12-16T05:18:41.772+0000] {dagbag.py:588} INFO - Filling up the DagBag from /opt/airflow/dags/ETL.py
[2025-12-16T05:18:41.791+0000] {processor.py:925} INFO - DAG(s) 'ETL_process' retrieved from /opt/airflow/dags/ETL.py
[2025-12-16T05:18:41.820+0000] {logging_mixin.py:190} INFO - [2025-12-16T05:18:41.820+0000] {dag.py:3239} INFO - Sync 1 DAGs
[2025-12-16T05:18:41.834+0000] {logging_mixin.py:190} INFO - [2025-12-16T05:18:41.833+0000] {dag.py:4180} INFO - Setting next_dagrun for ETL_process to None, run_after=None
[2025-12-16T05:18:41.856+0000] {processor.py:208} INFO - Processing /opt/airflow/dags/ETL.py took 0.094 seconds
[2025-12-16T05:19:12.144+0000] {processor.py:186} INFO - Started process (PID=3072) to work on /opt/airflow/dags/ETL.py
[2025-12-16T05:19:12.145+0000] {processor.py:914} INFO - Processing file /opt/airflow/dags/ETL.py for tasks to queue
[2025-12-16T05:19:12.148+0000] {logging_mixin.py:190} INFO - [2025-12-16T05:19:12.148+0000] {dagbag.py:588} INFO - Filling up the DagBag from /opt/airflow/dags/ETL.py
[2025-12-16T05:19:12.166+0000] {processor.py:925} INFO - DAG(s) 'ETL_process' retrieved from /opt/airflow/dags/ETL.py
[2025-12-16T05:19:12.196+0000] {logging_mixin.py:190} INFO - [2025-12-16T05:19:12.196+0000] {dag.py:3239} INFO - Sync 1 DAGs
[2025-12-16T05:19:12.210+0000] {logging_mixin.py:190} INFO - [2025-12-16T05:19:12.210+0000] {dag.py:4180} INFO - Setting next_dagrun for ETL_process to None, run_after=None
[2025-12-16T05:19:12.230+0000] {processor.py:208} INFO - Processing /opt/airflow/dags/ETL.py took 0.093 seconds
[2025-12-16T05:19:42.432+0000] {processor.py:186} INFO - Started process (PID=3082) to work on /opt/airflow/dags/ETL.py
[2025-12-16T05:19:42.433+0000] {processor.py:914} INFO - Processing file /opt/airflow/dags/ETL.py for tasks to queue
[2025-12-16T05:19:42.437+0000] {logging_mixin.py:190} INFO - [2025-12-16T05:19:42.436+0000] {dagbag.py:588} INFO - Filling up the DagBag from /opt/airflow/dags/ETL.py
[2025-12-16T05:19:42.459+0000] {processor.py:925} INFO - DAG(s) 'ETL_process' retrieved from /opt/airflow/dags/ETL.py
[2025-12-16T05:19:42.491+0000] {logging_mixin.py:190} INFO - [2025-12-16T05:19:42.491+0000] {dag.py:3239} INFO - Sync 1 DAGs
[2025-12-16T05:19:42.507+0000] {logging_mixin.py:190} INFO - [2025-12-16T05:19:42.506+0000] {dag.py:4180} INFO - Setting next_dagrun for ETL_process to None, run_after=None
[2025-12-16T05:19:42.527+0000] {processor.py:208} INFO - Processing /opt/airflow/dags/ETL.py took 0.102 seconds
[2025-12-16T05:20:12.798+0000] {processor.py:186} INFO - Started process (PID=3092) to work on /opt/airflow/dags/ETL.py
[2025-12-16T05:20:12.799+0000] {processor.py:914} INFO - Processing file /opt/airflow/dags/ETL.py for tasks to queue
[2025-12-16T05:20:12.803+0000] {logging_mixin.py:190} INFO - [2025-12-16T05:20:12.802+0000] {dagbag.py:588} INFO - Filling up the DagBag from /opt/airflow/dags/ETL.py
[2025-12-16T05:20:12.822+0000] {processor.py:925} INFO - DAG(s) 'ETL_process' retrieved from /opt/airflow/dags/ETL.py
[2025-12-16T05:20:12.851+0000] {logging_mixin.py:190} INFO - [2025-12-16T05:20:12.851+0000] {dag.py:3239} INFO - Sync 1 DAGs
[2025-12-16T05:20:12.865+0000] {logging_mixin.py:190} INFO - [2025-12-16T05:20:12.865+0000] {dag.py:4180} INFO - Setting next_dagrun for ETL_process to None, run_after=None
[2025-12-16T05:20:12.891+0000] {processor.py:208} INFO - Processing /opt/airflow/dags/ETL.py took 0.099 seconds
[2025-12-16T05:20:43.180+0000] {processor.py:186} INFO - Started process (PID=3102) to work on /opt/airflow/dags/ETL.py
[2025-12-16T05:20:43.181+0000] {processor.py:914} INFO - Processing file /opt/airflow/dags/ETL.py for tasks to queue
[2025-12-16T05:20:43.184+0000] {logging_mixin.py:190} INFO - [2025-12-16T05:20:43.183+0000] {dagbag.py:588} INFO - Filling up the DagBag from /opt/airflow/dags/ETL.py
[2025-12-16T05:20:43.205+0000] {processor.py:925} INFO - DAG(s) 'ETL_process' retrieved from /opt/airflow/dags/ETL.py
[2025-12-16T05:20:43.236+0000] {logging_mixin.py:190} INFO - [2025-12-16T05:20:43.236+0000] {dag.py:3239} INFO - Sync 1 DAGs
[2025-12-16T05:20:43.250+0000] {logging_mixin.py:190} INFO - [2025-12-16T05:20:43.250+0000] {dag.py:4180} INFO - Setting next_dagrun for ETL_process to None, run_after=None
[2025-12-16T05:20:43.274+0000] {processor.py:208} INFO - Processing /opt/airflow/dags/ETL.py took 0.101 seconds
[2025-12-16T05:21:13.555+0000] {processor.py:186} INFO - Started process (PID=3112) to work on /opt/airflow/dags/ETL.py
[2025-12-16T05:21:13.557+0000] {processor.py:914} INFO - Processing file /opt/airflow/dags/ETL.py for tasks to queue
[2025-12-16T05:21:13.561+0000] {logging_mixin.py:190} INFO - [2025-12-16T05:21:13.560+0000] {dagbag.py:588} INFO - Filling up the DagBag from /opt/airflow/dags/ETL.py
[2025-12-16T05:21:13.584+0000] {processor.py:925} INFO - DAG(s) 'ETL_process' retrieved from /opt/airflow/dags/ETL.py
[2025-12-16T05:21:13.625+0000] {logging_mixin.py:190} INFO - [2025-12-16T05:21:13.625+0000] {dag.py:3239} INFO - Sync 1 DAGs
[2025-12-16T05:21:13.644+0000] {logging_mixin.py:190} INFO - [2025-12-16T05:21:13.643+0000] {dag.py:4180} INFO - Setting next_dagrun for ETL_process to None, run_after=None
[2025-12-16T05:21:13.667+0000] {processor.py:208} INFO - Processing /opt/airflow/dags/ETL.py took 0.120 seconds
[2025-12-16T05:21:43.953+0000] {processor.py:186} INFO - Started process (PID=3122) to work on /opt/airflow/dags/ETL.py
[2025-12-16T05:21:43.954+0000] {processor.py:914} INFO - Processing file /opt/airflow/dags/ETL.py for tasks to queue
[2025-12-16T05:21:43.958+0000] {logging_mixin.py:190} INFO - [2025-12-16T05:21:43.958+0000] {dagbag.py:588} INFO - Filling up the DagBag from /opt/airflow/dags/ETL.py
[2025-12-16T05:21:43.981+0000] {processor.py:925} INFO - DAG(s) 'ETL_process' retrieved from /opt/airflow/dags/ETL.py
[2025-12-16T05:21:44.018+0000] {logging_mixin.py:190} INFO - [2025-12-16T05:21:44.018+0000] {dag.py:3239} INFO - Sync 1 DAGs
[2025-12-16T05:21:44.040+0000] {logging_mixin.py:190} INFO - [2025-12-16T05:21:44.040+0000] {dag.py:4180} INFO - Setting next_dagrun for ETL_process to None, run_after=None
[2025-12-16T05:21:44.063+0000] {processor.py:208} INFO - Processing /opt/airflow/dags/ETL.py took 0.117 seconds
[2025-12-16T05:22:14.351+0000] {processor.py:186} INFO - Started process (PID=3132) to work on /opt/airflow/dags/ETL.py
[2025-12-16T05:22:14.352+0000] {processor.py:914} INFO - Processing file /opt/airflow/dags/ETL.py for tasks to queue
[2025-12-16T05:22:14.356+0000] {logging_mixin.py:190} INFO - [2025-12-16T05:22:14.355+0000] {dagbag.py:588} INFO - Filling up the DagBag from /opt/airflow/dags/ETL.py
[2025-12-16T05:22:14.377+0000] {processor.py:925} INFO - DAG(s) 'ETL_process' retrieved from /opt/airflow/dags/ETL.py
[2025-12-16T05:22:14.414+0000] {logging_mixin.py:190} INFO - [2025-12-16T05:22:14.413+0000] {dag.py:3239} INFO - Sync 1 DAGs
[2025-12-16T05:22:14.430+0000] {logging_mixin.py:190} INFO - [2025-12-16T05:22:14.430+0000] {dag.py:4180} INFO - Setting next_dagrun for ETL_process to None, run_after=None
[2025-12-16T05:22:14.454+0000] {processor.py:208} INFO - Processing /opt/airflow/dags/ETL.py took 0.114 seconds
[2025-12-16T05:22:44.737+0000] {processor.py:186} INFO - Started process (PID=3142) to work on /opt/airflow/dags/ETL.py
[2025-12-16T05:22:44.738+0000] {processor.py:914} INFO - Processing file /opt/airflow/dags/ETL.py for tasks to queue
[2025-12-16T05:22:44.742+0000] {logging_mixin.py:190} INFO - [2025-12-16T05:22:44.741+0000] {dagbag.py:588} INFO - Filling up the DagBag from /opt/airflow/dags/ETL.py
[2025-12-16T05:22:44.765+0000] {processor.py:925} INFO - DAG(s) 'ETL_process' retrieved from /opt/airflow/dags/ETL.py
[2025-12-16T05:22:44.798+0000] {logging_mixin.py:190} INFO - [2025-12-16T05:22:44.798+0000] {dag.py:3239} INFO - Sync 1 DAGs
[2025-12-16T05:22:44.814+0000] {logging_mixin.py:190} INFO - [2025-12-16T05:22:44.813+0000] {dag.py:4180} INFO - Setting next_dagrun for ETL_process to None, run_after=None
[2025-12-16T05:22:44.840+0000] {processor.py:208} INFO - Processing /opt/airflow/dags/ETL.py took 0.111 seconds
[2025-12-16T05:23:15.152+0000] {processor.py:186} INFO - Started process (PID=3152) to work on /opt/airflow/dags/ETL.py
[2025-12-16T05:23:15.154+0000] {processor.py:914} INFO - Processing file /opt/airflow/dags/ETL.py for tasks to queue
[2025-12-16T05:23:15.159+0000] {logging_mixin.py:190} INFO - [2025-12-16T05:23:15.159+0000] {dagbag.py:588} INFO - Filling up the DagBag from /opt/airflow/dags/ETL.py
[2025-12-16T05:23:15.189+0000] {processor.py:925} INFO - DAG(s) 'ETL_process' retrieved from /opt/airflow/dags/ETL.py
[2025-12-16T05:23:15.234+0000] {logging_mixin.py:190} INFO - [2025-12-16T05:23:15.234+0000] {dag.py:3239} INFO - Sync 1 DAGs
[2025-12-16T05:23:15.256+0000] {logging_mixin.py:190} INFO - [2025-12-16T05:23:15.255+0000] {dag.py:4180} INFO - Setting next_dagrun for ETL_process to None, run_after=None
[2025-12-16T05:23:15.281+0000] {processor.py:208} INFO - Processing /opt/airflow/dags/ETL.py took 0.142 seconds
[2025-12-16T05:23:45.568+0000] {processor.py:186} INFO - Started process (PID=3162) to work on /opt/airflow/dags/ETL.py
[2025-12-16T05:23:45.569+0000] {processor.py:914} INFO - Processing file /opt/airflow/dags/ETL.py for tasks to queue
[2025-12-16T05:23:45.573+0000] {logging_mixin.py:190} INFO - [2025-12-16T05:23:45.572+0000] {dagbag.py:588} INFO - Filling up the DagBag from /opt/airflow/dags/ETL.py
[2025-12-16T05:23:45.594+0000] {processor.py:925} INFO - DAG(s) 'ETL_process' retrieved from /opt/airflow/dags/ETL.py
[2025-12-16T05:23:45.629+0000] {logging_mixin.py:190} INFO - [2025-12-16T05:23:45.629+0000] {dag.py:3239} INFO - Sync 1 DAGs
[2025-12-16T05:23:45.647+0000] {logging_mixin.py:190} INFO - [2025-12-16T05:23:45.646+0000] {dag.py:4180} INFO - Setting next_dagrun for ETL_process to None, run_after=None
[2025-12-16T05:23:45.694+0000] {processor.py:208} INFO - Processing /opt/airflow/dags/ETL.py took 0.134 seconds
[2025-12-16T05:24:15.857+0000] {processor.py:186} INFO - Started process (PID=3172) to work on /opt/airflow/dags/ETL.py
[2025-12-16T05:24:15.858+0000] {processor.py:914} INFO - Processing file /opt/airflow/dags/ETL.py for tasks to queue
[2025-12-16T05:24:15.863+0000] {logging_mixin.py:190} INFO - [2025-12-16T05:24:15.862+0000] {dagbag.py:588} INFO - Filling up the DagBag from /opt/airflow/dags/ETL.py
[2025-12-16T05:24:15.882+0000] {processor.py:925} INFO - DAG(s) 'ETL_process' retrieved from /opt/airflow/dags/ETL.py
[2025-12-16T05:24:15.919+0000] {logging_mixin.py:190} INFO - [2025-12-16T05:24:15.919+0000] {dag.py:3239} INFO - Sync 1 DAGs
[2025-12-16T05:24:15.935+0000] {logging_mixin.py:190} INFO - [2025-12-16T05:24:15.935+0000] {dag.py:4180} INFO - Setting next_dagrun for ETL_process to None, run_after=None
[2025-12-16T05:24:15.956+0000] {processor.py:208} INFO - Processing /opt/airflow/dags/ETL.py took 0.106 seconds
[2025-12-16T05:24:46.225+0000] {processor.py:186} INFO - Started process (PID=3182) to work on /opt/airflow/dags/ETL.py
[2025-12-16T05:24:46.226+0000] {processor.py:914} INFO - Processing file /opt/airflow/dags/ETL.py for tasks to queue
[2025-12-16T05:24:46.229+0000] {logging_mixin.py:190} INFO - [2025-12-16T05:24:46.229+0000] {dagbag.py:588} INFO - Filling up the DagBag from /opt/airflow/dags/ETL.py
[2025-12-16T05:24:46.250+0000] {processor.py:925} INFO - DAG(s) 'ETL_process' retrieved from /opt/airflow/dags/ETL.py
[2025-12-16T05:24:46.285+0000] {logging_mixin.py:190} INFO - [2025-12-16T05:24:46.284+0000] {dag.py:3239} INFO - Sync 1 DAGs
[2025-12-16T05:24:46.301+0000] {logging_mixin.py:190} INFO - [2025-12-16T05:24:46.301+0000] {dag.py:4180} INFO - Setting next_dagrun for ETL_process to None, run_after=None
[2025-12-16T05:24:46.323+0000] {processor.py:208} INFO - Processing /opt/airflow/dags/ETL.py took 0.105 seconds
[2025-12-16T05:25:16.591+0000] {processor.py:186} INFO - Started process (PID=3192) to work on /opt/airflow/dags/ETL.py
[2025-12-16T05:25:16.592+0000] {processor.py:914} INFO - Processing file /opt/airflow/dags/ETL.py for tasks to queue
[2025-12-16T05:25:16.596+0000] {logging_mixin.py:190} INFO - [2025-12-16T05:25:16.595+0000] {dagbag.py:588} INFO - Filling up the DagBag from /opt/airflow/dags/ETL.py
[2025-12-16T05:25:16.617+0000] {processor.py:925} INFO - DAG(s) 'ETL_process' retrieved from /opt/airflow/dags/ETL.py
[2025-12-16T05:25:16.652+0000] {logging_mixin.py:190} INFO - [2025-12-16T05:25:16.652+0000] {dag.py:3239} INFO - Sync 1 DAGs
[2025-12-16T05:25:16.668+0000] {logging_mixin.py:190} INFO - [2025-12-16T05:25:16.667+0000] {dag.py:4180} INFO - Setting next_dagrun for ETL_process to None, run_after=None
[2025-12-16T05:25:16.694+0000] {processor.py:208} INFO - Processing /opt/airflow/dags/ETL.py took 0.110 seconds
[2025-12-16T05:25:46.973+0000] {processor.py:186} INFO - Started process (PID=3202) to work on /opt/airflow/dags/ETL.py
[2025-12-16T05:25:46.974+0000] {processor.py:914} INFO - Processing file /opt/airflow/dags/ETL.py for tasks to queue
[2025-12-16T05:25:46.978+0000] {logging_mixin.py:190} INFO - [2025-12-16T05:25:46.978+0000] {dagbag.py:588} INFO - Filling up the DagBag from /opt/airflow/dags/ETL.py
[2025-12-16T05:25:47.003+0000] {processor.py:925} INFO - DAG(s) 'ETL_process' retrieved from /opt/airflow/dags/ETL.py
[2025-12-16T05:25:47.041+0000] {logging_mixin.py:190} INFO - [2025-12-16T05:25:47.040+0000] {dag.py:3239} INFO - Sync 1 DAGs
[2025-12-16T05:25:47.058+0000] {logging_mixin.py:190} INFO - [2025-12-16T05:25:47.058+0000] {dag.py:4180} INFO - Setting next_dagrun for ETL_process to None, run_after=None
[2025-12-16T05:25:47.080+0000] {processor.py:208} INFO - Processing /opt/airflow/dags/ETL.py took 0.116 seconds
[2025-12-16T05:26:17.367+0000] {processor.py:186} INFO - Started process (PID=3212) to work on /opt/airflow/dags/ETL.py
[2025-12-16T05:26:17.368+0000] {processor.py:914} INFO - Processing file /opt/airflow/dags/ETL.py for tasks to queue
[2025-12-16T05:26:17.373+0000] {logging_mixin.py:190} INFO - [2025-12-16T05:26:17.372+0000] {dagbag.py:588} INFO - Filling up the DagBag from /opt/airflow/dags/ETL.py
[2025-12-16T05:26:17.400+0000] {processor.py:925} INFO - DAG(s) 'ETL_process' retrieved from /opt/airflow/dags/ETL.py
[2025-12-16T05:26:17.452+0000] {logging_mixin.py:190} INFO - [2025-12-16T05:26:17.451+0000] {dag.py:3239} INFO - Sync 1 DAGs
[2025-12-16T05:26:17.474+0000] {logging_mixin.py:190} INFO - [2025-12-16T05:26:17.474+0000] {dag.py:4180} INFO - Setting next_dagrun for ETL_process to None, run_after=None
[2025-12-16T05:26:17.519+0000] {processor.py:208} INFO - Processing /opt/airflow/dags/ETL.py took 0.163 seconds
[2025-12-16T05:26:47.855+0000] {processor.py:186} INFO - Started process (PID=3222) to work on /opt/airflow/dags/ETL.py
[2025-12-16T05:26:47.857+0000] {processor.py:914} INFO - Processing file /opt/airflow/dags/ETL.py for tasks to queue
[2025-12-16T05:26:47.862+0000] {logging_mixin.py:190} INFO - [2025-12-16T05:26:47.861+0000] {dagbag.py:588} INFO - Filling up the DagBag from /opt/airflow/dags/ETL.py
[2025-12-16T05:26:47.889+0000] {processor.py:925} INFO - DAG(s) 'ETL_process' retrieved from /opt/airflow/dags/ETL.py
[2025-12-16T05:26:47.937+0000] {logging_mixin.py:190} INFO - [2025-12-16T05:26:47.937+0000] {dag.py:3239} INFO - Sync 1 DAGs
[2025-12-16T05:26:47.959+0000] {logging_mixin.py:190} INFO - [2025-12-16T05:26:47.959+0000] {dag.py:4180} INFO - Setting next_dagrun for ETL_process to None, run_after=None
[2025-12-16T05:26:47.984+0000] {processor.py:208} INFO - Processing /opt/airflow/dags/ETL.py took 0.138 seconds
[2025-12-16T05:27:18.139+0000] {processor.py:186} INFO - Started process (PID=3232) to work on /opt/airflow/dags/ETL.py
[2025-12-16T05:27:18.141+0000] {processor.py:914} INFO - Processing file /opt/airflow/dags/ETL.py for tasks to queue
[2025-12-16T05:27:18.145+0000] {logging_mixin.py:190} INFO - [2025-12-16T05:27:18.144+0000] {dagbag.py:588} INFO - Filling up the DagBag from /opt/airflow/dags/ETL.py
[2025-12-16T05:27:18.168+0000] {processor.py:925} INFO - DAG(s) 'ETL_process' retrieved from /opt/airflow/dags/ETL.py
[2025-12-16T05:27:18.205+0000] {logging_mixin.py:190} INFO - [2025-12-16T05:27:18.204+0000] {dag.py:3239} INFO - Sync 1 DAGs
[2025-12-16T05:27:18.229+0000] {logging_mixin.py:190} INFO - [2025-12-16T05:27:18.229+0000] {dag.py:4180} INFO - Setting next_dagrun for ETL_process to None, run_after=None
[2025-12-16T05:27:18.257+0000] {processor.py:208} INFO - Processing /opt/airflow/dags/ETL.py took 0.127 seconds
[2025-12-16T05:27:48.589+0000] {processor.py:186} INFO - Started process (PID=3242) to work on /opt/airflow/dags/ETL.py
[2025-12-16T05:27:48.591+0000] {processor.py:914} INFO - Processing file /opt/airflow/dags/ETL.py for tasks to queue
[2025-12-16T05:27:48.596+0000] {logging_mixin.py:190} INFO - [2025-12-16T05:27:48.595+0000] {dagbag.py:588} INFO - Filling up the DagBag from /opt/airflow/dags/ETL.py
[2025-12-16T05:27:48.621+0000] {processor.py:925} INFO - DAG(s) 'ETL_process' retrieved from /opt/airflow/dags/ETL.py
[2025-12-16T05:27:48.663+0000] {logging_mixin.py:190} INFO - [2025-12-16T05:27:48.662+0000] {dag.py:3239} INFO - Sync 1 DAGs
[2025-12-16T05:27:48.686+0000] {logging_mixin.py:190} INFO - [2025-12-16T05:27:48.686+0000] {dag.py:4180} INFO - Setting next_dagrun for ETL_process to None, run_after=None
[2025-12-16T05:27:48.711+0000] {processor.py:208} INFO - Processing /opt/airflow/dags/ETL.py took 0.132 seconds
[2025-12-16T05:28:19.038+0000] {processor.py:186} INFO - Started process (PID=3252) to work on /opt/airflow/dags/ETL.py
[2025-12-16T05:28:19.040+0000] {processor.py:914} INFO - Processing file /opt/airflow/dags/ETL.py for tasks to queue
[2025-12-16T05:28:19.045+0000] {logging_mixin.py:190} INFO - [2025-12-16T05:28:19.044+0000] {dagbag.py:588} INFO - Filling up the DagBag from /opt/airflow/dags/ETL.py
[2025-12-16T05:28:19.071+0000] {processor.py:925} INFO - DAG(s) 'ETL_process' retrieved from /opt/airflow/dags/ETL.py
[2025-12-16T05:28:19.125+0000] {logging_mixin.py:190} INFO - [2025-12-16T05:28:19.124+0000] {dag.py:3239} INFO - Sync 1 DAGs
[2025-12-16T05:28:19.169+0000] {logging_mixin.py:190} INFO - [2025-12-16T05:28:19.168+0000] {dag.py:4180} INFO - Setting next_dagrun for ETL_process to None, run_after=None
[2025-12-16T05:28:19.213+0000] {processor.py:208} INFO - Processing /opt/airflow/dags/ETL.py took 0.186 seconds
[2025-12-16T05:28:49.522+0000] {processor.py:186} INFO - Started process (PID=3262) to work on /opt/airflow/dags/ETL.py
[2025-12-16T05:28:49.524+0000] {processor.py:914} INFO - Processing file /opt/airflow/dags/ETL.py for tasks to queue
[2025-12-16T05:28:49.530+0000] {logging_mixin.py:190} INFO - [2025-12-16T05:28:49.530+0000] {dagbag.py:588} INFO - Filling up the DagBag from /opt/airflow/dags/ETL.py
[2025-12-16T05:28:49.556+0000] {processor.py:925} INFO - DAG(s) 'ETL_process' retrieved from /opt/airflow/dags/ETL.py
[2025-12-16T05:28:49.600+0000] {logging_mixin.py:190} INFO - [2025-12-16T05:28:49.600+0000] {dag.py:3239} INFO - Sync 1 DAGs
[2025-12-16T05:28:49.623+0000] {logging_mixin.py:190} INFO - [2025-12-16T05:28:49.623+0000] {dag.py:4180} INFO - Setting next_dagrun for ETL_process to None, run_after=None
[2025-12-16T05:28:49.651+0000] {processor.py:208} INFO - Processing /opt/airflow/dags/ETL.py took 0.140 seconds
[2025-12-16T05:29:19.989+0000] {processor.py:186} INFO - Started process (PID=3272) to work on /opt/airflow/dags/ETL.py
[2025-12-16T05:29:19.991+0000] {processor.py:914} INFO - Processing file /opt/airflow/dags/ETL.py for tasks to queue
[2025-12-16T05:29:19.996+0000] {logging_mixin.py:190} INFO - [2025-12-16T05:29:19.995+0000] {dagbag.py:588} INFO - Filling up the DagBag from /opt/airflow/dags/ETL.py
[2025-12-16T05:29:20.023+0000] {processor.py:925} INFO - DAG(s) 'ETL_process' retrieved from /opt/airflow/dags/ETL.py
[2025-12-16T05:29:20.072+0000] {logging_mixin.py:190} INFO - [2025-12-16T05:29:20.071+0000] {dag.py:3239} INFO - Sync 1 DAGs
[2025-12-16T05:29:20.094+0000] {logging_mixin.py:190} INFO - [2025-12-16T05:29:20.093+0000] {dag.py:4180} INFO - Setting next_dagrun for ETL_process to None, run_after=None
[2025-12-16T05:29:20.122+0000] {processor.py:208} INFO - Processing /opt/airflow/dags/ETL.py took 0.143 seconds
[2025-12-16T05:29:50.260+0000] {processor.py:186} INFO - Started process (PID=3282) to work on /opt/airflow/dags/ETL.py
[2025-12-16T05:29:50.262+0000] {processor.py:914} INFO - Processing file /opt/airflow/dags/ETL.py for tasks to queue
[2025-12-16T05:29:50.265+0000] {logging_mixin.py:190} INFO - [2025-12-16T05:29:50.265+0000] {dagbag.py:588} INFO - Filling up the DagBag from /opt/airflow/dags/ETL.py
[2025-12-16T05:29:50.286+0000] {processor.py:925} INFO - DAG(s) 'ETL_process' retrieved from /opt/airflow/dags/ETL.py
[2025-12-16T05:29:50.319+0000] {logging_mixin.py:190} INFO - [2025-12-16T05:29:50.319+0000] {dag.py:3239} INFO - Sync 1 DAGs
[2025-12-16T05:29:50.336+0000] {logging_mixin.py:190} INFO - [2025-12-16T05:29:50.336+0000] {dag.py:4180} INFO - Setting next_dagrun for ETL_process to None, run_after=None
[2025-12-16T05:29:50.359+0000] {processor.py:208} INFO - Processing /opt/airflow/dags/ETL.py took 0.106 seconds
[2025-12-16T05:30:20.661+0000] {processor.py:186} INFO - Started process (PID=3292) to work on /opt/airflow/dags/ETL.py
[2025-12-16T05:30:20.662+0000] {processor.py:914} INFO - Processing file /opt/airflow/dags/ETL.py for tasks to queue
[2025-12-16T05:30:20.667+0000] {logging_mixin.py:190} INFO - [2025-12-16T05:30:20.666+0000] {dagbag.py:588} INFO - Filling up the DagBag from /opt/airflow/dags/ETL.py
[2025-12-16T05:30:20.692+0000] {processor.py:925} INFO - DAG(s) 'ETL_process' retrieved from /opt/airflow/dags/ETL.py
[2025-12-16T05:30:20.746+0000] {logging_mixin.py:190} INFO - [2025-12-16T05:30:20.746+0000] {dag.py:3239} INFO - Sync 1 DAGs
[2025-12-16T05:30:20.770+0000] {logging_mixin.py:190} INFO - [2025-12-16T05:30:20.769+0000] {dag.py:4180} INFO - Setting next_dagrun for ETL_process to None, run_after=None
[2025-12-16T05:30:20.800+0000] {processor.py:208} INFO - Processing /opt/airflow/dags/ETL.py took 0.149 seconds
[2025-12-16T05:30:51.107+0000] {processor.py:186} INFO - Started process (PID=3302) to work on /opt/airflow/dags/ETL.py
[2025-12-16T05:30:51.108+0000] {processor.py:914} INFO - Processing file /opt/airflow/dags/ETL.py for tasks to queue
[2025-12-16T05:30:51.112+0000] {logging_mixin.py:190} INFO - [2025-12-16T05:30:51.112+0000] {dagbag.py:588} INFO - Filling up the DagBag from /opt/airflow/dags/ETL.py
[2025-12-16T05:30:51.136+0000] {processor.py:925} INFO - DAG(s) 'ETL_process' retrieved from /opt/airflow/dags/ETL.py
[2025-12-16T05:30:51.182+0000] {logging_mixin.py:190} INFO - [2025-12-16T05:30:51.181+0000] {dag.py:3239} INFO - Sync 1 DAGs
[2025-12-16T05:30:51.203+0000] {logging_mixin.py:190} INFO - [2025-12-16T05:30:51.203+0000] {dag.py:4180} INFO - Setting next_dagrun for ETL_process to None, run_after=None
[2025-12-16T05:30:51.242+0000] {processor.py:208} INFO - Processing /opt/airflow/dags/ETL.py took 0.143 seconds
[2025-12-16T05:31:21.403+0000] {processor.py:186} INFO - Started process (PID=3312) to work on /opt/airflow/dags/ETL.py
[2025-12-16T05:31:21.404+0000] {processor.py:914} INFO - Processing file /opt/airflow/dags/ETL.py for tasks to queue
[2025-12-16T05:31:21.411+0000] {logging_mixin.py:190} INFO - [2025-12-16T05:31:21.410+0000] {dagbag.py:588} INFO - Filling up the DagBag from /opt/airflow/dags/ETL.py
[2025-12-16T05:31:21.438+0000] {processor.py:925} INFO - DAG(s) 'ETL_process' retrieved from /opt/airflow/dags/ETL.py
[2025-12-16T05:31:21.481+0000] {logging_mixin.py:190} INFO - [2025-12-16T05:31:21.480+0000] {dag.py:3239} INFO - Sync 1 DAGs
[2025-12-16T05:31:21.499+0000] {logging_mixin.py:190} INFO - [2025-12-16T05:31:21.499+0000] {dag.py:4180} INFO - Setting next_dagrun for ETL_process to None, run_after=None
[2025-12-16T05:31:21.534+0000] {processor.py:208} INFO - Processing /opt/airflow/dags/ETL.py took 0.144 seconds
[2025-12-16T05:31:51.840+0000] {processor.py:186} INFO - Started process (PID=3322) to work on /opt/airflow/dags/ETL.py
[2025-12-16T05:31:51.841+0000] {processor.py:914} INFO - Processing file /opt/airflow/dags/ETL.py for tasks to queue
[2025-12-16T05:31:51.846+0000] {logging_mixin.py:190} INFO - [2025-12-16T05:31:51.845+0000] {dagbag.py:588} INFO - Filling up the DagBag from /opt/airflow/dags/ETL.py
[2025-12-16T05:31:51.870+0000] {processor.py:925} INFO - DAG(s) 'ETL_process' retrieved from /opt/airflow/dags/ETL.py
[2025-12-16T05:31:51.912+0000] {logging_mixin.py:190} INFO - [2025-12-16T05:31:51.912+0000] {dag.py:3239} INFO - Sync 1 DAGs
[2025-12-16T05:31:51.932+0000] {logging_mixin.py:190} INFO - [2025-12-16T05:31:51.931+0000] {dag.py:4180} INFO - Setting next_dagrun for ETL_process to None, run_after=None
[2025-12-16T05:31:51.970+0000] {processor.py:208} INFO - Processing /opt/airflow/dags/ETL.py took 0.147 seconds
[2025-12-16T05:32:22.256+0000] {processor.py:186} INFO - Started process (PID=3332) to work on /opt/airflow/dags/ETL.py
[2025-12-16T05:32:22.258+0000] {processor.py:914} INFO - Processing file /opt/airflow/dags/ETL.py for tasks to queue
[2025-12-16T05:32:22.261+0000] {logging_mixin.py:190} INFO - [2025-12-16T05:32:22.260+0000] {dagbag.py:588} INFO - Filling up the DagBag from /opt/airflow/dags/ETL.py
[2025-12-16T05:32:22.283+0000] {processor.py:925} INFO - DAG(s) 'ETL_process' retrieved from /opt/airflow/dags/ETL.py
[2025-12-16T05:32:22.315+0000] {logging_mixin.py:190} INFO - [2025-12-16T05:32:22.315+0000] {dag.py:3239} INFO - Sync 1 DAGs
[2025-12-16T05:32:22.331+0000] {logging_mixin.py:190} INFO - [2025-12-16T05:32:22.331+0000] {dag.py:4180} INFO - Setting next_dagrun for ETL_process to None, run_after=None
[2025-12-16T05:32:22.351+0000] {processor.py:208} INFO - Processing /opt/airflow/dags/ETL.py took 0.103 seconds
[2025-12-16T05:32:52.644+0000] {processor.py:186} INFO - Started process (PID=3342) to work on /opt/airflow/dags/ETL.py
[2025-12-16T05:32:52.646+0000] {processor.py:914} INFO - Processing file /opt/airflow/dags/ETL.py for tasks to queue
[2025-12-16T05:32:52.650+0000] {logging_mixin.py:190} INFO - [2025-12-16T05:32:52.649+0000] {dagbag.py:588} INFO - Filling up the DagBag from /opt/airflow/dags/ETL.py
[2025-12-16T05:32:52.672+0000] {processor.py:925} INFO - DAG(s) 'ETL_process' retrieved from /opt/airflow/dags/ETL.py
[2025-12-16T05:32:52.710+0000] {logging_mixin.py:190} INFO - [2025-12-16T05:32:52.709+0000] {dag.py:3239} INFO - Sync 1 DAGs
[2025-12-16T05:32:52.726+0000] {logging_mixin.py:190} INFO - [2025-12-16T05:32:52.726+0000] {dag.py:4180} INFO - Setting next_dagrun for ETL_process to None, run_after=None
[2025-12-16T05:32:52.746+0000] {processor.py:208} INFO - Processing /opt/airflow/dags/ETL.py took 0.110 seconds
[2025-12-16T05:33:23.033+0000] {processor.py:186} INFO - Started process (PID=3352) to work on /opt/airflow/dags/ETL.py
[2025-12-16T05:33:23.034+0000] {processor.py:914} INFO - Processing file /opt/airflow/dags/ETL.py for tasks to queue
[2025-12-16T05:33:23.037+0000] {logging_mixin.py:190} INFO - [2025-12-16T05:33:23.037+0000] {dagbag.py:588} INFO - Filling up the DagBag from /opt/airflow/dags/ETL.py
[2025-12-16T05:33:23.058+0000] {processor.py:925} INFO - DAG(s) 'ETL_process' retrieved from /opt/airflow/dags/ETL.py
[2025-12-16T05:33:23.103+0000] {logging_mixin.py:190} INFO - [2025-12-16T05:33:23.102+0000] {dag.py:3239} INFO - Sync 1 DAGs
[2025-12-16T05:33:23.128+0000] {logging_mixin.py:190} INFO - [2025-12-16T05:33:23.127+0000] {dag.py:4180} INFO - Setting next_dagrun for ETL_process to None, run_after=None
[2025-12-16T05:33:23.163+0000] {processor.py:208} INFO - Processing /opt/airflow/dags/ETL.py took 0.139 seconds
[2025-12-16T05:33:53.430+0000] {processor.py:186} INFO - Started process (PID=3362) to work on /opt/airflow/dags/ETL.py
[2025-12-16T05:33:53.431+0000] {processor.py:914} INFO - Processing file /opt/airflow/dags/ETL.py for tasks to queue
[2025-12-16T05:33:53.435+0000] {logging_mixin.py:190} INFO - [2025-12-16T05:33:53.434+0000] {dagbag.py:588} INFO - Filling up the DagBag from /opt/airflow/dags/ETL.py
[2025-12-16T05:33:53.454+0000] {processor.py:925} INFO - DAG(s) 'ETL_process' retrieved from /opt/airflow/dags/ETL.py
[2025-12-16T05:33:53.483+0000] {logging_mixin.py:190} INFO - [2025-12-16T05:33:53.483+0000] {dag.py:3239} INFO - Sync 1 DAGs
[2025-12-16T05:33:53.499+0000] {logging_mixin.py:190} INFO - [2025-12-16T05:33:53.499+0000] {dag.py:4180} INFO - Setting next_dagrun for ETL_process to None, run_after=None
[2025-12-16T05:33:53.519+0000] {processor.py:208} INFO - Processing /opt/airflow/dags/ETL.py took 0.096 seconds
[2025-12-16T05:34:23.843+0000] {processor.py:186} INFO - Started process (PID=3372) to work on /opt/airflow/dags/ETL.py
[2025-12-16T05:34:23.844+0000] {processor.py:914} INFO - Processing file /opt/airflow/dags/ETL.py for tasks to queue
[2025-12-16T05:34:23.849+0000] {logging_mixin.py:190} INFO - [2025-12-16T05:34:23.849+0000] {dagbag.py:588} INFO - Filling up the DagBag from /opt/airflow/dags/ETL.py
[2025-12-16T05:34:23.869+0000] {processor.py:925} INFO - DAG(s) 'ETL_process' retrieved from /opt/airflow/dags/ETL.py
[2025-12-16T05:34:23.901+0000] {logging_mixin.py:190} INFO - [2025-12-16T05:34:23.901+0000] {dag.py:3239} INFO - Sync 1 DAGs
[2025-12-16T05:34:23.915+0000] {logging_mixin.py:190} INFO - [2025-12-16T05:34:23.915+0000] {dag.py:4180} INFO - Setting next_dagrun for ETL_process to None, run_after=None
[2025-12-16T05:34:23.934+0000] {processor.py:208} INFO - Processing /opt/airflow/dags/ETL.py took 0.098 seconds
[2025-12-16T05:34:54.229+0000] {processor.py:186} INFO - Started process (PID=3382) to work on /opt/airflow/dags/ETL.py
[2025-12-16T05:34:54.230+0000] {processor.py:914} INFO - Processing file /opt/airflow/dags/ETL.py for tasks to queue
[2025-12-16T05:34:54.233+0000] {logging_mixin.py:190} INFO - [2025-12-16T05:34:54.233+0000] {dagbag.py:588} INFO - Filling up the DagBag from /opt/airflow/dags/ETL.py
[2025-12-16T05:34:54.253+0000] {processor.py:925} INFO - DAG(s) 'ETL_process' retrieved from /opt/airflow/dags/ETL.py
[2025-12-16T05:34:54.285+0000] {logging_mixin.py:190} INFO - [2025-12-16T05:34:54.285+0000] {dag.py:3239} INFO - Sync 1 DAGs
[2025-12-16T05:34:54.300+0000] {logging_mixin.py:190} INFO - [2025-12-16T05:34:54.300+0000] {dag.py:4180} INFO - Setting next_dagrun for ETL_process to None, run_after=None
[2025-12-16T05:34:54.325+0000] {processor.py:208} INFO - Processing /opt/airflow/dags/ETL.py took 0.103 seconds
[2025-12-16T05:35:24.614+0000] {processor.py:186} INFO - Started process (PID=3392) to work on /opt/airflow/dags/ETL.py
[2025-12-16T05:35:24.615+0000] {processor.py:914} INFO - Processing file /opt/airflow/dags/ETL.py for tasks to queue
[2025-12-16T05:35:24.618+0000] {logging_mixin.py:190} INFO - [2025-12-16T05:35:24.618+0000] {dagbag.py:588} INFO - Filling up the DagBag from /opt/airflow/dags/ETL.py
[2025-12-16T05:35:24.643+0000] {processor.py:925} INFO - DAG(s) 'ETL_process' retrieved from /opt/airflow/dags/ETL.py
[2025-12-16T05:35:24.679+0000] {logging_mixin.py:190} INFO - [2025-12-16T05:35:24.679+0000] {dag.py:3239} INFO - Sync 1 DAGs
[2025-12-16T05:35:24.698+0000] {logging_mixin.py:190} INFO - [2025-12-16T05:35:24.697+0000] {dag.py:4180} INFO - Setting next_dagrun for ETL_process to None, run_after=None
[2025-12-16T05:35:24.721+0000] {processor.py:208} INFO - Processing /opt/airflow/dags/ETL.py took 0.116 seconds
[2025-12-16T05:35:55.034+0000] {processor.py:186} INFO - Started process (PID=3402) to work on /opt/airflow/dags/ETL.py
[2025-12-16T05:35:55.035+0000] {processor.py:914} INFO - Processing file /opt/airflow/dags/ETL.py for tasks to queue
[2025-12-16T05:35:55.038+0000] {logging_mixin.py:190} INFO - [2025-12-16T05:35:55.038+0000] {dagbag.py:588} INFO - Filling up the DagBag from /opt/airflow/dags/ETL.py
[2025-12-16T05:35:55.060+0000] {processor.py:925} INFO - DAG(s) 'ETL_process' retrieved from /opt/airflow/dags/ETL.py
[2025-12-16T05:35:55.093+0000] {logging_mixin.py:190} INFO - [2025-12-16T05:35:55.093+0000] {dag.py:3239} INFO - Sync 1 DAGs
[2025-12-16T05:35:55.108+0000] {logging_mixin.py:190} INFO - [2025-12-16T05:35:55.108+0000] {dag.py:4180} INFO - Setting next_dagrun for ETL_process to None, run_after=None
[2025-12-16T05:35:55.133+0000] {processor.py:208} INFO - Processing /opt/airflow/dags/ETL.py took 0.107 seconds
[2025-12-16T05:36:25.440+0000] {processor.py:186} INFO - Started process (PID=3412) to work on /opt/airflow/dags/ETL.py
[2025-12-16T05:36:25.441+0000] {processor.py:914} INFO - Processing file /opt/airflow/dags/ETL.py for tasks to queue
[2025-12-16T05:36:25.446+0000] {logging_mixin.py:190} INFO - [2025-12-16T05:36:25.445+0000] {dagbag.py:588} INFO - Filling up the DagBag from /opt/airflow/dags/ETL.py
[2025-12-16T05:36:25.470+0000] {processor.py:925} INFO - DAG(s) 'ETL_process' retrieved from /opt/airflow/dags/ETL.py
[2025-12-16T05:36:25.511+0000] {logging_mixin.py:190} INFO - [2025-12-16T05:36:25.510+0000] {dag.py:3239} INFO - Sync 1 DAGs
[2025-12-16T05:36:25.528+0000] {logging_mixin.py:190} INFO - [2025-12-16T05:36:25.528+0000] {dag.py:4180} INFO - Setting next_dagrun for ETL_process to None, run_after=None
[2025-12-16T05:36:25.549+0000] {processor.py:208} INFO - Processing /opt/airflow/dags/ETL.py took 0.118 seconds
[2025-12-16T05:36:55.844+0000] {processor.py:186} INFO - Started process (PID=3422) to work on /opt/airflow/dags/ETL.py
[2025-12-16T05:36:55.846+0000] {processor.py:914} INFO - Processing file /opt/airflow/dags/ETL.py for tasks to queue
[2025-12-16T05:36:55.850+0000] {logging_mixin.py:190} INFO - [2025-12-16T05:36:55.849+0000] {dagbag.py:588} INFO - Filling up the DagBag from /opt/airflow/dags/ETL.py
[2025-12-16T05:36:55.874+0000] {processor.py:925} INFO - DAG(s) 'ETL_process' retrieved from /opt/airflow/dags/ETL.py
[2025-12-16T05:36:55.911+0000] {logging_mixin.py:190} INFO - [2025-12-16T05:36:55.911+0000] {dag.py:3239} INFO - Sync 1 DAGs
[2025-12-16T05:36:55.928+0000] {logging_mixin.py:190} INFO - [2025-12-16T05:36:55.928+0000] {dag.py:4180} INFO - Setting next_dagrun for ETL_process to None, run_after=None
[2025-12-16T05:36:55.957+0000] {processor.py:208} INFO - Processing /opt/airflow/dags/ETL.py took 0.121 seconds
[2025-12-16T05:37:26.135+0000] {processor.py:186} INFO - Started process (PID=3432) to work on /opt/airflow/dags/ETL.py
[2025-12-16T05:37:26.136+0000] {processor.py:914} INFO - Processing file /opt/airflow/dags/ETL.py for tasks to queue
[2025-12-16T05:37:26.140+0000] {logging_mixin.py:190} INFO - [2025-12-16T05:37:26.139+0000] {dagbag.py:588} INFO - Filling up the DagBag from /opt/airflow/dags/ETL.py
[2025-12-16T05:37:26.162+0000] {processor.py:925} INFO - DAG(s) 'ETL_process' retrieved from /opt/airflow/dags/ETL.py
[2025-12-16T05:37:26.196+0000] {logging_mixin.py:190} INFO - [2025-12-16T05:37:26.196+0000] {dag.py:3239} INFO - Sync 1 DAGs
[2025-12-16T05:37:26.213+0000] {logging_mixin.py:190} INFO - [2025-12-16T05:37:26.213+0000] {dag.py:4180} INFO - Setting next_dagrun for ETL_process to None, run_after=None
[2025-12-16T05:37:26.237+0000] {processor.py:208} INFO - Processing /opt/airflow/dags/ETL.py took 0.112 seconds
[2025-12-16T05:37:56.541+0000] {processor.py:186} INFO - Started process (PID=3442) to work on /opt/airflow/dags/ETL.py
[2025-12-16T05:37:56.542+0000] {processor.py:914} INFO - Processing file /opt/airflow/dags/ETL.py for tasks to queue
[2025-12-16T05:37:56.546+0000] {logging_mixin.py:190} INFO - [2025-12-16T05:37:56.546+0000] {dagbag.py:588} INFO - Filling up the DagBag from /opt/airflow/dags/ETL.py
[2025-12-16T05:37:56.570+0000] {processor.py:925} INFO - DAG(s) 'ETL_process' retrieved from /opt/airflow/dags/ETL.py
[2025-12-16T05:37:56.602+0000] {logging_mixin.py:190} INFO - [2025-12-16T05:37:56.602+0000] {dag.py:3239} INFO - Sync 1 DAGs
[2025-12-16T05:37:56.617+0000] {logging_mixin.py:190} INFO - [2025-12-16T05:37:56.617+0000] {dag.py:4180} INFO - Setting next_dagrun for ETL_process to None, run_after=None
[2025-12-16T05:37:56.637+0000] {processor.py:208} INFO - Processing /opt/airflow/dags/ETL.py took 0.106 seconds
[2025-12-16T05:38:26.959+0000] {processor.py:186} INFO - Started process (PID=3452) to work on /opt/airflow/dags/ETL.py
[2025-12-16T05:38:26.960+0000] {processor.py:914} INFO - Processing file /opt/airflow/dags/ETL.py for tasks to queue
[2025-12-16T05:38:26.964+0000] {logging_mixin.py:190} INFO - [2025-12-16T05:38:26.963+0000] {dagbag.py:588} INFO - Filling up the DagBag from /opt/airflow/dags/ETL.py
[2025-12-16T05:38:26.985+0000] {processor.py:925} INFO - DAG(s) 'ETL_process' retrieved from /opt/airflow/dags/ETL.py
[2025-12-16T05:38:27.016+0000] {logging_mixin.py:190} INFO - [2025-12-16T05:38:27.016+0000] {dag.py:3239} INFO - Sync 1 DAGs
[2025-12-16T05:38:27.031+0000] {logging_mixin.py:190} INFO - [2025-12-16T05:38:27.031+0000] {dag.py:4180} INFO - Setting next_dagrun for ETL_process to None, run_after=None
[2025-12-16T05:38:27.052+0000] {processor.py:208} INFO - Processing /opt/airflow/dags/ETL.py took 0.100 seconds
[2025-12-16T05:38:57.373+0000] {processor.py:186} INFO - Started process (PID=3462) to work on /opt/airflow/dags/ETL.py
[2025-12-16T05:38:57.374+0000] {processor.py:914} INFO - Processing file /opt/airflow/dags/ETL.py for tasks to queue
[2025-12-16T05:38:57.377+0000] {logging_mixin.py:190} INFO - [2025-12-16T05:38:57.376+0000] {dagbag.py:588} INFO - Filling up the DagBag from /opt/airflow/dags/ETL.py
[2025-12-16T05:38:57.397+0000] {processor.py:925} INFO - DAG(s) 'ETL_process' retrieved from /opt/airflow/dags/ETL.py
[2025-12-16T05:38:57.426+0000] {logging_mixin.py:190} INFO - [2025-12-16T05:38:57.426+0000] {dag.py:3239} INFO - Sync 1 DAGs
[2025-12-16T05:38:57.440+0000] {logging_mixin.py:190} INFO - [2025-12-16T05:38:57.440+0000] {dag.py:4180} INFO - Setting next_dagrun for ETL_process to None, run_after=None
[2025-12-16T05:38:57.463+0000] {processor.py:208} INFO - Processing /opt/airflow/dags/ETL.py took 0.097 seconds
[2025-12-16T05:39:27.803+0000] {processor.py:186} INFO - Started process (PID=3472) to work on /opt/airflow/dags/ETL.py
[2025-12-16T05:39:27.804+0000] {processor.py:914} INFO - Processing file /opt/airflow/dags/ETL.py for tasks to queue
[2025-12-16T05:39:27.809+0000] {logging_mixin.py:190} INFO - [2025-12-16T05:39:27.808+0000] {dagbag.py:588} INFO - Filling up the DagBag from /opt/airflow/dags/ETL.py
[2025-12-16T05:39:27.831+0000] {processor.py:925} INFO - DAG(s) 'ETL_process' retrieved from /opt/airflow/dags/ETL.py
[2025-12-16T05:39:27.865+0000] {logging_mixin.py:190} INFO - [2025-12-16T05:39:27.865+0000] {dag.py:3239} INFO - Sync 1 DAGs
[2025-12-16T05:39:27.880+0000] {logging_mixin.py:190} INFO - [2025-12-16T05:39:27.880+0000] {dag.py:4180} INFO - Setting next_dagrun for ETL_process to None, run_after=None
[2025-12-16T05:39:27.903+0000] {processor.py:208} INFO - Processing /opt/airflow/dags/ETL.py took 0.110 seconds
[2025-12-16T05:39:58.238+0000] {processor.py:186} INFO - Started process (PID=3482) to work on /opt/airflow/dags/ETL.py
[2025-12-16T05:39:58.240+0000] {processor.py:914} INFO - Processing file /opt/airflow/dags/ETL.py for tasks to queue
[2025-12-16T05:39:58.244+0000] {logging_mixin.py:190} INFO - [2025-12-16T05:39:58.243+0000] {dagbag.py:588} INFO - Filling up the DagBag from /opt/airflow/dags/ETL.py
[2025-12-16T05:39:58.270+0000] {processor.py:925} INFO - DAG(s) 'ETL_process' retrieved from /opt/airflow/dags/ETL.py
[2025-12-16T05:39:58.334+0000] {logging_mixin.py:190} INFO - [2025-12-16T05:39:58.334+0000] {dag.py:3239} INFO - Sync 1 DAGs
[2025-12-16T05:39:58.428+0000] {logging_mixin.py:190} INFO - [2025-12-16T05:39:58.428+0000] {dag.py:4180} INFO - Setting next_dagrun for ETL_process to None, run_after=None
[2025-12-16T05:39:58.508+0000] {processor.py:208} INFO - Processing /opt/airflow/dags/ETL.py took 0.279 seconds
[2025-12-16T05:40:28.796+0000] {processor.py:186} INFO - Started process (PID=3492) to work on /opt/airflow/dags/ETL.py
[2025-12-16T05:40:28.797+0000] {processor.py:914} INFO - Processing file /opt/airflow/dags/ETL.py for tasks to queue
[2025-12-16T05:40:28.800+0000] {logging_mixin.py:190} INFO - [2025-12-16T05:40:28.800+0000] {dagbag.py:588} INFO - Filling up the DagBag from /opt/airflow/dags/ETL.py
[2025-12-16T05:40:28.820+0000] {processor.py:925} INFO - DAG(s) 'ETL_process' retrieved from /opt/airflow/dags/ETL.py
[2025-12-16T05:40:28.850+0000] {logging_mixin.py:190} INFO - [2025-12-16T05:40:28.850+0000] {dag.py:3239} INFO - Sync 1 DAGs
[2025-12-16T05:40:28.865+0000] {logging_mixin.py:190} INFO - [2025-12-16T05:40:28.864+0000] {dag.py:4180} INFO - Setting next_dagrun for ETL_process to None, run_after=None
[2025-12-16T05:40:28.884+0000] {processor.py:208} INFO - Processing /opt/airflow/dags/ETL.py took 0.095 seconds
[2025-12-16T05:40:59.165+0000] {processor.py:186} INFO - Started process (PID=3502) to work on /opt/airflow/dags/ETL.py
[2025-12-16T05:40:59.166+0000] {processor.py:914} INFO - Processing file /opt/airflow/dags/ETL.py for tasks to queue
[2025-12-16T05:40:59.171+0000] {logging_mixin.py:190} INFO - [2025-12-16T05:40:59.171+0000] {dagbag.py:588} INFO - Filling up the DagBag from /opt/airflow/dags/ETL.py
[2025-12-16T05:40:59.195+0000] {processor.py:925} INFO - DAG(s) 'ETL_process' retrieved from /opt/airflow/dags/ETL.py
[2025-12-16T05:40:59.239+0000] {logging_mixin.py:190} INFO - [2025-12-16T05:40:59.238+0000] {dag.py:3239} INFO - Sync 1 DAGs
[2025-12-16T05:40:59.265+0000] {logging_mixin.py:190} INFO - [2025-12-16T05:40:59.264+0000] {dag.py:4180} INFO - Setting next_dagrun for ETL_process to None, run_after=None
[2025-12-16T05:40:59.294+0000] {processor.py:208} INFO - Processing /opt/airflow/dags/ETL.py took 0.139 seconds
[2025-12-16T05:41:29.454+0000] {processor.py:186} INFO - Started process (PID=3512) to work on /opt/airflow/dags/ETL.py
[2025-12-16T05:41:29.455+0000] {processor.py:914} INFO - Processing file /opt/airflow/dags/ETL.py for tasks to queue
[2025-12-16T05:41:29.458+0000] {logging_mixin.py:190} INFO - [2025-12-16T05:41:29.458+0000] {dagbag.py:588} INFO - Filling up the DagBag from /opt/airflow/dags/ETL.py
[2025-12-16T05:41:29.477+0000] {processor.py:925} INFO - DAG(s) 'ETL_process' retrieved from /opt/airflow/dags/ETL.py
[2025-12-16T05:41:29.521+0000] {logging_mixin.py:190} INFO - [2025-12-16T05:41:29.521+0000] {dag.py:3239} INFO - Sync 1 DAGs
[2025-12-16T05:41:29.539+0000] {logging_mixin.py:190} INFO - [2025-12-16T05:41:29.538+0000] {dag.py:4180} INFO - Setting next_dagrun for ETL_process to None, run_after=None
[2025-12-16T05:41:29.565+0000] {processor.py:208} INFO - Processing /opt/airflow/dags/ETL.py took 0.117 seconds
[2025-12-16T05:41:59.855+0000] {processor.py:186} INFO - Started process (PID=3522) to work on /opt/airflow/dags/ETL.py
[2025-12-16T05:41:59.857+0000] {processor.py:914} INFO - Processing file /opt/airflow/dags/ETL.py for tasks to queue
[2025-12-16T05:41:59.861+0000] {logging_mixin.py:190} INFO - [2025-12-16T05:41:59.860+0000] {dagbag.py:588} INFO - Filling up the DagBag from /opt/airflow/dags/ETL.py
[2025-12-16T05:41:59.884+0000] {processor.py:925} INFO - DAG(s) 'ETL_process' retrieved from /opt/airflow/dags/ETL.py
[2025-12-16T05:41:59.922+0000] {logging_mixin.py:190} INFO - [2025-12-16T05:41:59.922+0000] {dag.py:3239} INFO - Sync 1 DAGs
[2025-12-16T05:41:59.941+0000] {logging_mixin.py:190} INFO - [2025-12-16T05:41:59.941+0000] {dag.py:4180} INFO - Setting next_dagrun for ETL_process to None, run_after=None
[2025-12-16T05:41:59.963+0000] {processor.py:208} INFO - Processing /opt/airflow/dags/ETL.py took 0.117 seconds
[2025-12-16T05:42:30.238+0000] {processor.py:186} INFO - Started process (PID=3532) to work on /opt/airflow/dags/ETL.py
[2025-12-16T05:42:30.239+0000] {processor.py:914} INFO - Processing file /opt/airflow/dags/ETL.py for tasks to queue
[2025-12-16T05:42:30.242+0000] {logging_mixin.py:190} INFO - [2025-12-16T05:42:30.242+0000] {dagbag.py:588} INFO - Filling up the DagBag from /opt/airflow/dags/ETL.py
[2025-12-16T05:42:30.263+0000] {processor.py:925} INFO - DAG(s) 'ETL_process' retrieved from /opt/airflow/dags/ETL.py
[2025-12-16T05:42:30.297+0000] {logging_mixin.py:190} INFO - [2025-12-16T05:42:30.297+0000] {dag.py:3239} INFO - Sync 1 DAGs
[2025-12-16T05:42:30.319+0000] {logging_mixin.py:190} INFO - [2025-12-16T05:42:30.319+0000] {dag.py:4180} INFO - Setting next_dagrun for ETL_process to None, run_after=None
[2025-12-16T05:42:30.338+0000] {processor.py:208} INFO - Processing /opt/airflow/dags/ETL.py took 0.108 seconds
[2025-12-16T05:43:00.690+0000] {processor.py:186} INFO - Started process (PID=3542) to work on /opt/airflow/dags/ETL.py
[2025-12-16T05:43:00.692+0000] {processor.py:914} INFO - Processing file /opt/airflow/dags/ETL.py for tasks to queue
[2025-12-16T05:43:00.697+0000] {logging_mixin.py:190} INFO - [2025-12-16T05:43:00.696+0000] {dagbag.py:588} INFO - Filling up the DagBag from /opt/airflow/dags/ETL.py
[2025-12-16T05:43:00.725+0000] {processor.py:925} INFO - DAG(s) 'ETL_process' retrieved from /opt/airflow/dags/ETL.py
[2025-12-16T05:43:00.762+0000] {logging_mixin.py:190} INFO - [2025-12-16T05:43:00.762+0000] {dag.py:3239} INFO - Sync 1 DAGs
[2025-12-16T05:43:00.780+0000] {logging_mixin.py:190} INFO - [2025-12-16T05:43:00.780+0000] {dag.py:4180} INFO - Setting next_dagrun for ETL_process to None, run_after=None
[2025-12-16T05:43:00.828+0000] {processor.py:208} INFO - Processing /opt/airflow/dags/ETL.py took 0.150 seconds
[2025-12-16T05:43:31.126+0000] {processor.py:186} INFO - Started process (PID=3552) to work on /opt/airflow/dags/ETL.py
[2025-12-16T05:43:31.128+0000] {processor.py:914} INFO - Processing file /opt/airflow/dags/ETL.py for tasks to queue
[2025-12-16T05:43:31.131+0000] {logging_mixin.py:190} INFO - [2025-12-16T05:43:31.130+0000] {dagbag.py:588} INFO - Filling up the DagBag from /opt/airflow/dags/ETL.py
[2025-12-16T05:43:31.153+0000] {processor.py:925} INFO - DAG(s) 'ETL_process' retrieved from /opt/airflow/dags/ETL.py
[2025-12-16T05:43:31.182+0000] {logging_mixin.py:190} INFO - [2025-12-16T05:43:31.182+0000] {dag.py:3239} INFO - Sync 1 DAGs
[2025-12-16T05:43:31.198+0000] {logging_mixin.py:190} INFO - [2025-12-16T05:43:31.197+0000] {dag.py:4180} INFO - Setting next_dagrun for ETL_process to None, run_after=None
[2025-12-16T05:43:31.227+0000] {processor.py:208} INFO - Processing /opt/airflow/dags/ETL.py took 0.108 seconds
[2025-12-16T05:44:01.523+0000] {processor.py:186} INFO - Started process (PID=3562) to work on /opt/airflow/dags/ETL.py
[2025-12-16T05:44:01.524+0000] {processor.py:914} INFO - Processing file /opt/airflow/dags/ETL.py for tasks to queue
[2025-12-16T05:44:01.530+0000] {logging_mixin.py:190} INFO - [2025-12-16T05:44:01.529+0000] {dagbag.py:588} INFO - Filling up the DagBag from /opt/airflow/dags/ETL.py
[2025-12-16T05:44:01.553+0000] {processor.py:925} INFO - DAG(s) 'ETL_process' retrieved from /opt/airflow/dags/ETL.py
[2025-12-16T05:44:01.587+0000] {logging_mixin.py:190} INFO - [2025-12-16T05:44:01.586+0000] {dag.py:3239} INFO - Sync 1 DAGs
[2025-12-16T05:44:01.604+0000] {logging_mixin.py:190} INFO - [2025-12-16T05:44:01.604+0000] {dag.py:4180} INFO - Setting next_dagrun for ETL_process to None, run_after=None
[2025-12-16T05:44:01.624+0000] {processor.py:208} INFO - Processing /opt/airflow/dags/ETL.py took 0.110 seconds
[2025-12-16T05:44:31.963+0000] {processor.py:186} INFO - Started process (PID=3572) to work on /opt/airflow/dags/ETL.py
[2025-12-16T05:44:31.964+0000] {processor.py:914} INFO - Processing file /opt/airflow/dags/ETL.py for tasks to queue
[2025-12-16T05:44:31.967+0000] {logging_mixin.py:190} INFO - [2025-12-16T05:44:31.967+0000] {dagbag.py:588} INFO - Filling up the DagBag from /opt/airflow/dags/ETL.py
[2025-12-16T05:44:31.991+0000] {processor.py:925} INFO - DAG(s) 'ETL_process' retrieved from /opt/airflow/dags/ETL.py
[2025-12-16T05:44:32.025+0000] {logging_mixin.py:190} INFO - [2025-12-16T05:44:32.025+0000] {dag.py:3239} INFO - Sync 1 DAGs
[2025-12-16T05:44:32.043+0000] {logging_mixin.py:190} INFO - [2025-12-16T05:44:32.042+0000] {dag.py:4180} INFO - Setting next_dagrun for ETL_process to None, run_after=None
[2025-12-16T05:44:32.064+0000] {processor.py:208} INFO - Processing /opt/airflow/dags/ETL.py took 0.108 seconds
[2025-12-16T05:45:02.346+0000] {processor.py:186} INFO - Started process (PID=3582) to work on /opt/airflow/dags/ETL.py
[2025-12-16T05:45:02.347+0000] {processor.py:914} INFO - Processing file /opt/airflow/dags/ETL.py for tasks to queue
[2025-12-16T05:45:02.352+0000] {logging_mixin.py:190} INFO - [2025-12-16T05:45:02.351+0000] {dagbag.py:588} INFO - Filling up the DagBag from /opt/airflow/dags/ETL.py
[2025-12-16T05:45:02.375+0000] {processor.py:925} INFO - DAG(s) 'ETL_process' retrieved from /opt/airflow/dags/ETL.py
[2025-12-16T05:45:02.411+0000] {logging_mixin.py:190} INFO - [2025-12-16T05:45:02.411+0000] {dag.py:3239} INFO - Sync 1 DAGs
[2025-12-16T05:45:02.428+0000] {logging_mixin.py:190} INFO - [2025-12-16T05:45:02.427+0000] {dag.py:4180} INFO - Setting next_dagrun for ETL_process to None, run_after=None
[2025-12-16T05:45:02.449+0000] {processor.py:208} INFO - Processing /opt/airflow/dags/ETL.py took 0.112 seconds
[2025-12-16T05:45:32.737+0000] {processor.py:186} INFO - Started process (PID=3592) to work on /opt/airflow/dags/ETL.py
[2025-12-16T05:45:32.738+0000] {processor.py:914} INFO - Processing file /opt/airflow/dags/ETL.py for tasks to queue
[2025-12-16T05:45:32.742+0000] {logging_mixin.py:190} INFO - [2025-12-16T05:45:32.742+0000] {dagbag.py:588} INFO - Filling up the DagBag from /opt/airflow/dags/ETL.py
[2025-12-16T05:45:32.763+0000] {processor.py:925} INFO - DAG(s) 'ETL_process' retrieved from /opt/airflow/dags/ETL.py
[2025-12-16T05:45:32.795+0000] {logging_mixin.py:190} INFO - [2025-12-16T05:45:32.795+0000] {dag.py:3239} INFO - Sync 1 DAGs
[2025-12-16T05:45:32.811+0000] {logging_mixin.py:190} INFO - [2025-12-16T05:45:32.811+0000] {dag.py:4180} INFO - Setting next_dagrun for ETL_process to None, run_after=None
[2025-12-16T05:45:32.837+0000] {processor.py:208} INFO - Processing /opt/airflow/dags/ETL.py took 0.107 seconds
[2025-12-16T05:46:03.126+0000] {processor.py:186} INFO - Started process (PID=3602) to work on /opt/airflow/dags/ETL.py
[2025-12-16T05:46:03.128+0000] {processor.py:914} INFO - Processing file /opt/airflow/dags/ETL.py for tasks to queue
[2025-12-16T05:46:03.131+0000] {logging_mixin.py:190} INFO - [2025-12-16T05:46:03.130+0000] {dagbag.py:588} INFO - Filling up the DagBag from /opt/airflow/dags/ETL.py
[2025-12-16T05:46:03.151+0000] {processor.py:925} INFO - DAG(s) 'ETL_process' retrieved from /opt/airflow/dags/ETL.py
[2025-12-16T05:46:03.184+0000] {logging_mixin.py:190} INFO - [2025-12-16T05:46:03.183+0000] {dag.py:3239} INFO - Sync 1 DAGs
[2025-12-16T05:46:03.200+0000] {logging_mixin.py:190} INFO - [2025-12-16T05:46:03.200+0000] {dag.py:4180} INFO - Setting next_dagrun for ETL_process to None, run_after=None
[2025-12-16T05:46:03.220+0000] {processor.py:208} INFO - Processing /opt/airflow/dags/ETL.py took 0.100 seconds
[2025-12-16T05:46:33.495+0000] {processor.py:186} INFO - Started process (PID=3612) to work on /opt/airflow/dags/ETL.py
[2025-12-16T05:46:33.496+0000] {processor.py:914} INFO - Processing file /opt/airflow/dags/ETL.py for tasks to queue
[2025-12-16T05:46:33.499+0000] {logging_mixin.py:190} INFO - [2025-12-16T05:46:33.499+0000] {dagbag.py:588} INFO - Filling up the DagBag from /opt/airflow/dags/ETL.py
[2025-12-16T05:46:33.521+0000] {processor.py:925} INFO - DAG(s) 'ETL_process' retrieved from /opt/airflow/dags/ETL.py
[2025-12-16T05:46:33.556+0000] {logging_mixin.py:190} INFO - [2025-12-16T05:46:33.556+0000] {dag.py:3239} INFO - Sync 1 DAGs
[2025-12-16T05:46:33.573+0000] {logging_mixin.py:190} INFO - [2025-12-16T05:46:33.572+0000] {dag.py:4180} INFO - Setting next_dagrun for ETL_process to None, run_after=None
[2025-12-16T05:46:33.596+0000] {processor.py:208} INFO - Processing /opt/airflow/dags/ETL.py took 0.108 seconds
[2025-12-16T05:47:03.867+0000] {processor.py:186} INFO - Started process (PID=3622) to work on /opt/airflow/dags/ETL.py
[2025-12-16T05:47:03.868+0000] {processor.py:914} INFO - Processing file /opt/airflow/dags/ETL.py for tasks to queue
[2025-12-16T05:47:03.872+0000] {logging_mixin.py:190} INFO - [2025-12-16T05:47:03.872+0000] {dagbag.py:588} INFO - Filling up the DagBag from /opt/airflow/dags/ETL.py
[2025-12-16T05:47:03.894+0000] {processor.py:925} INFO - DAG(s) 'ETL_process' retrieved from /opt/airflow/dags/ETL.py
[2025-12-16T05:47:03.926+0000] {logging_mixin.py:190} INFO - [2025-12-16T05:47:03.926+0000] {dag.py:3239} INFO - Sync 1 DAGs
[2025-12-16T05:47:03.942+0000] {logging_mixin.py:190} INFO - [2025-12-16T05:47:03.941+0000] {dag.py:4180} INFO - Setting next_dagrun for ETL_process to None, run_after=None
[2025-12-16T05:47:03.961+0000] {processor.py:208} INFO - Processing /opt/airflow/dags/ETL.py took 0.102 seconds
[2025-12-16T05:47:34.246+0000] {processor.py:186} INFO - Started process (PID=3632) to work on /opt/airflow/dags/ETL.py
[2025-12-16T05:47:34.247+0000] {processor.py:914} INFO - Processing file /opt/airflow/dags/ETL.py for tasks to queue
[2025-12-16T05:47:34.251+0000] {logging_mixin.py:190} INFO - [2025-12-16T05:47:34.250+0000] {dagbag.py:588} INFO - Filling up the DagBag from /opt/airflow/dags/ETL.py
[2025-12-16T05:47:34.270+0000] {processor.py:925} INFO - DAG(s) 'ETL_process' retrieved from /opt/airflow/dags/ETL.py
[2025-12-16T05:47:34.302+0000] {logging_mixin.py:190} INFO - [2025-12-16T05:47:34.302+0000] {dag.py:3239} INFO - Sync 1 DAGs
[2025-12-16T05:47:34.318+0000] {logging_mixin.py:190} INFO - [2025-12-16T05:47:34.318+0000] {dag.py:4180} INFO - Setting next_dagrun for ETL_process to None, run_after=None
[2025-12-16T05:47:34.338+0000] {processor.py:208} INFO - Processing /opt/airflow/dags/ETL.py took 0.099 seconds
[2025-12-16T05:48:04.622+0000] {processor.py:186} INFO - Started process (PID=3642) to work on /opt/airflow/dags/ETL.py
[2025-12-16T05:48:04.623+0000] {processor.py:914} INFO - Processing file /opt/airflow/dags/ETL.py for tasks to queue
[2025-12-16T05:48:04.625+0000] {logging_mixin.py:190} INFO - [2025-12-16T05:48:04.625+0000] {dagbag.py:588} INFO - Filling up the DagBag from /opt/airflow/dags/ETL.py
[2025-12-16T05:48:04.644+0000] {processor.py:925} INFO - DAG(s) 'ETL_process' retrieved from /opt/airflow/dags/ETL.py
[2025-12-16T05:48:04.674+0000] {logging_mixin.py:190} INFO - [2025-12-16T05:48:04.674+0000] {dag.py:3239} INFO - Sync 1 DAGs
[2025-12-16T05:48:04.690+0000] {logging_mixin.py:190} INFO - [2025-12-16T05:48:04.690+0000] {dag.py:4180} INFO - Setting next_dagrun for ETL_process to None, run_after=None
[2025-12-16T05:48:04.709+0000] {processor.py:208} INFO - Processing /opt/airflow/dags/ETL.py took 0.094 seconds
[2025-12-16T05:48:34.996+0000] {processor.py:186} INFO - Started process (PID=3652) to work on /opt/airflow/dags/ETL.py
[2025-12-16T05:48:34.997+0000] {processor.py:914} INFO - Processing file /opt/airflow/dags/ETL.py for tasks to queue
[2025-12-16T05:48:35.001+0000] {logging_mixin.py:190} INFO - [2025-12-16T05:48:35.000+0000] {dagbag.py:588} INFO - Filling up the DagBag from /opt/airflow/dags/ETL.py
[2025-12-16T05:48:35.021+0000] {processor.py:925} INFO - DAG(s) 'ETL_process' retrieved from /opt/airflow/dags/ETL.py
[2025-12-16T05:48:35.054+0000] {logging_mixin.py:190} INFO - [2025-12-16T05:48:35.053+0000] {dag.py:3239} INFO - Sync 1 DAGs
[2025-12-16T05:48:35.070+0000] {logging_mixin.py:190} INFO - [2025-12-16T05:48:35.070+0000] {dag.py:4180} INFO - Setting next_dagrun for ETL_process to None, run_after=None
[2025-12-16T05:48:35.089+0000] {processor.py:208} INFO - Processing /opt/airflow/dags/ETL.py took 0.099 seconds
[2025-12-16T05:49:05.375+0000] {processor.py:186} INFO - Started process (PID=3662) to work on /opt/airflow/dags/ETL.py
[2025-12-16T05:49:05.376+0000] {processor.py:914} INFO - Processing file /opt/airflow/dags/ETL.py for tasks to queue
[2025-12-16T05:49:05.379+0000] {logging_mixin.py:190} INFO - [2025-12-16T05:49:05.379+0000] {dagbag.py:588} INFO - Filling up the DagBag from /opt/airflow/dags/ETL.py
[2025-12-16T05:49:05.400+0000] {processor.py:925} INFO - DAG(s) 'ETL_process' retrieved from /opt/airflow/dags/ETL.py
[2025-12-16T05:49:05.433+0000] {logging_mixin.py:190} INFO - [2025-12-16T05:49:05.433+0000] {dag.py:3239} INFO - Sync 1 DAGs
[2025-12-16T05:49:05.448+0000] {logging_mixin.py:190} INFO - [2025-12-16T05:49:05.448+0000] {dag.py:4180} INFO - Setting next_dagrun for ETL_process to None, run_after=None
[2025-12-16T05:49:05.467+0000] {processor.py:208} INFO - Processing /opt/airflow/dags/ETL.py took 0.099 seconds
[2025-12-16T05:49:35.817+0000] {processor.py:186} INFO - Started process (PID=3672) to work on /opt/airflow/dags/ETL.py
[2025-12-16T05:49:35.819+0000] {processor.py:914} INFO - Processing file /opt/airflow/dags/ETL.py for tasks to queue
[2025-12-16T05:49:35.823+0000] {logging_mixin.py:190} INFO - [2025-12-16T05:49:35.823+0000] {dagbag.py:588} INFO - Filling up the DagBag from /opt/airflow/dags/ETL.py
[2025-12-16T05:49:35.845+0000] {processor.py:925} INFO - DAG(s) 'ETL_process' retrieved from /opt/airflow/dags/ETL.py
[2025-12-16T05:49:35.876+0000] {logging_mixin.py:190} INFO - [2025-12-16T05:49:35.876+0000] {dag.py:3239} INFO - Sync 1 DAGs
[2025-12-16T05:49:35.893+0000] {logging_mixin.py:190} INFO - [2025-12-16T05:49:35.893+0000] {dag.py:4180} INFO - Setting next_dagrun for ETL_process to None, run_after=None
[2025-12-16T05:49:35.923+0000] {processor.py:208} INFO - Processing /opt/airflow/dags/ETL.py took 0.114 seconds
[2025-12-16T05:50:06.200+0000] {processor.py:186} INFO - Started process (PID=3682) to work on /opt/airflow/dags/ETL.py
[2025-12-16T05:50:06.201+0000] {processor.py:914} INFO - Processing file /opt/airflow/dags/ETL.py for tasks to queue
[2025-12-16T05:50:06.205+0000] {logging_mixin.py:190} INFO - [2025-12-16T05:50:06.205+0000] {dagbag.py:588} INFO - Filling up the DagBag from /opt/airflow/dags/ETL.py
[2025-12-16T05:50:06.227+0000] {processor.py:925} INFO - DAG(s) 'ETL_process' retrieved from /opt/airflow/dags/ETL.py
[2025-12-16T05:50:06.260+0000] {logging_mixin.py:190} INFO - [2025-12-16T05:50:06.260+0000] {dag.py:3239} INFO - Sync 1 DAGs
[2025-12-16T05:50:06.277+0000] {logging_mixin.py:190} INFO - [2025-12-16T05:50:06.276+0000] {dag.py:4180} INFO - Setting next_dagrun for ETL_process to None, run_after=None
[2025-12-16T05:50:06.299+0000] {processor.py:208} INFO - Processing /opt/airflow/dags/ETL.py took 0.105 seconds
[2025-12-16T05:50:36.569+0000] {processor.py:186} INFO - Started process (PID=3692) to work on /opt/airflow/dags/ETL.py
[2025-12-16T05:50:36.570+0000] {processor.py:914} INFO - Processing file /opt/airflow/dags/ETL.py for tasks to queue
[2025-12-16T05:50:36.573+0000] {logging_mixin.py:190} INFO - [2025-12-16T05:50:36.573+0000] {dagbag.py:588} INFO - Filling up the DagBag from /opt/airflow/dags/ETL.py
[2025-12-16T05:50:36.592+0000] {processor.py:925} INFO - DAG(s) 'ETL_process' retrieved from /opt/airflow/dags/ETL.py
[2025-12-16T05:50:36.628+0000] {logging_mixin.py:190} INFO - [2025-12-16T05:50:36.628+0000] {dag.py:3239} INFO - Sync 1 DAGs
[2025-12-16T05:50:36.645+0000] {logging_mixin.py:190} INFO - [2025-12-16T05:50:36.645+0000] {dag.py:4180} INFO - Setting next_dagrun for ETL_process to None, run_after=None
[2025-12-16T05:50:36.667+0000] {processor.py:208} INFO - Processing /opt/airflow/dags/ETL.py took 0.104 seconds
[2025-12-16T05:51:06.948+0000] {processor.py:186} INFO - Started process (PID=3702) to work on /opt/airflow/dags/ETL.py
[2025-12-16T05:51:06.949+0000] {processor.py:914} INFO - Processing file /opt/airflow/dags/ETL.py for tasks to queue
[2025-12-16T05:51:06.953+0000] {logging_mixin.py:190} INFO - [2025-12-16T05:51:06.952+0000] {dagbag.py:588} INFO - Filling up the DagBag from /opt/airflow/dags/ETL.py
[2025-12-16T05:51:06.972+0000] {processor.py:925} INFO - DAG(s) 'ETL_process' retrieved from /opt/airflow/dags/ETL.py
[2025-12-16T05:51:07.005+0000] {logging_mixin.py:190} INFO - [2025-12-16T05:51:07.005+0000] {dag.py:3239} INFO - Sync 1 DAGs
[2025-12-16T05:51:07.021+0000] {logging_mixin.py:190} INFO - [2025-12-16T05:51:07.021+0000] {dag.py:4180} INFO - Setting next_dagrun for ETL_process to None, run_after=None
[2025-12-16T05:51:07.041+0000] {processor.py:208} INFO - Processing /opt/airflow/dags/ETL.py took 0.098 seconds
[2025-12-16T05:51:37.331+0000] {processor.py:186} INFO - Started process (PID=3712) to work on /opt/airflow/dags/ETL.py
[2025-12-16T05:51:37.332+0000] {processor.py:914} INFO - Processing file /opt/airflow/dags/ETL.py for tasks to queue
[2025-12-16T05:51:37.336+0000] {logging_mixin.py:190} INFO - [2025-12-16T05:51:37.335+0000] {dagbag.py:588} INFO - Filling up the DagBag from /opt/airflow/dags/ETL.py
[2025-12-16T05:51:37.360+0000] {processor.py:925} INFO - DAG(s) 'ETL_process' retrieved from /opt/airflow/dags/ETL.py
[2025-12-16T05:51:37.395+0000] {logging_mixin.py:190} INFO - [2025-12-16T05:51:37.395+0000] {dag.py:3239} INFO - Sync 1 DAGs
[2025-12-16T05:51:37.413+0000] {logging_mixin.py:190} INFO - [2025-12-16T05:51:37.413+0000] {dag.py:4180} INFO - Setting next_dagrun for ETL_process to None, run_after=None
[2025-12-16T05:51:37.436+0000] {processor.py:208} INFO - Processing /opt/airflow/dags/ETL.py took 0.114 seconds
[2025-12-16T05:52:07.714+0000] {processor.py:186} INFO - Started process (PID=3722) to work on /opt/airflow/dags/ETL.py
[2025-12-16T05:52:07.716+0000] {processor.py:914} INFO - Processing file /opt/airflow/dags/ETL.py for tasks to queue
[2025-12-16T05:52:07.721+0000] {logging_mixin.py:190} INFO - [2025-12-16T05:52:07.721+0000] {dagbag.py:588} INFO - Filling up the DagBag from /opt/airflow/dags/ETL.py
[2025-12-16T05:52:07.751+0000] {processor.py:925} INFO - DAG(s) 'ETL_process' retrieved from /opt/airflow/dags/ETL.py
[2025-12-16T05:52:07.796+0000] {logging_mixin.py:190} INFO - [2025-12-16T05:52:07.796+0000] {dag.py:3239} INFO - Sync 1 DAGs
[2025-12-16T05:52:07.816+0000] {logging_mixin.py:190} INFO - [2025-12-16T05:52:07.815+0000] {dag.py:4180} INFO - Setting next_dagrun for ETL_process to None, run_after=None
[2025-12-16T05:52:07.846+0000] {processor.py:208} INFO - Processing /opt/airflow/dags/ETL.py took 0.141 seconds
[2025-12-16T05:52:37.976+0000] {processor.py:186} INFO - Started process (PID=3732) to work on /opt/airflow/dags/ETL.py
[2025-12-16T05:52:37.978+0000] {processor.py:914} INFO - Processing file /opt/airflow/dags/ETL.py for tasks to queue
[2025-12-16T05:52:37.981+0000] {logging_mixin.py:190} INFO - [2025-12-16T05:52:37.981+0000] {dagbag.py:588} INFO - Filling up the DagBag from /opt/airflow/dags/ETL.py
[2025-12-16T05:52:38.004+0000] {processor.py:925} INFO - DAG(s) 'ETL_process' retrieved from /opt/airflow/dags/ETL.py
[2025-12-16T05:52:38.038+0000] {logging_mixin.py:190} INFO - [2025-12-16T05:52:38.037+0000] {dag.py:3239} INFO - Sync 1 DAGs
[2025-12-16T05:52:38.053+0000] {logging_mixin.py:190} INFO - [2025-12-16T05:52:38.052+0000] {dag.py:4180} INFO - Setting next_dagrun for ETL_process to None, run_after=None
[2025-12-16T05:52:38.076+0000] {processor.py:208} INFO - Processing /opt/airflow/dags/ETL.py took 0.109 seconds
[2025-12-16T05:53:08.348+0000] {processor.py:186} INFO - Started process (PID=3742) to work on /opt/airflow/dags/ETL.py
[2025-12-16T05:53:08.349+0000] {processor.py:914} INFO - Processing file /opt/airflow/dags/ETL.py for tasks to queue
[2025-12-16T05:53:08.353+0000] {logging_mixin.py:190} INFO - [2025-12-16T05:53:08.353+0000] {dagbag.py:588} INFO - Filling up the DagBag from /opt/airflow/dags/ETL.py
[2025-12-16T05:53:08.374+0000] {processor.py:925} INFO - DAG(s) 'ETL_process' retrieved from /opt/airflow/dags/ETL.py
[2025-12-16T05:53:08.405+0000] {logging_mixin.py:190} INFO - [2025-12-16T05:53:08.405+0000] {dag.py:3239} INFO - Sync 1 DAGs
[2025-12-16T05:53:08.420+0000] {logging_mixin.py:190} INFO - [2025-12-16T05:53:08.419+0000] {dag.py:4180} INFO - Setting next_dagrun for ETL_process to None, run_after=None
[2025-12-16T05:53:08.439+0000] {processor.py:208} INFO - Processing /opt/airflow/dags/ETL.py took 0.098 seconds
[2025-12-16T05:53:38.707+0000] {processor.py:186} INFO - Started process (PID=3752) to work on /opt/airflow/dags/ETL.py
[2025-12-16T05:53:38.708+0000] {processor.py:914} INFO - Processing file /opt/airflow/dags/ETL.py for tasks to queue
[2025-12-16T05:53:38.712+0000] {logging_mixin.py:190} INFO - [2025-12-16T05:53:38.711+0000] {dagbag.py:588} INFO - Filling up the DagBag from /opt/airflow/dags/ETL.py
[2025-12-16T05:53:38.732+0000] {processor.py:925} INFO - DAG(s) 'ETL_process' retrieved from /opt/airflow/dags/ETL.py
[2025-12-16T05:53:38.781+0000] {logging_mixin.py:190} INFO - [2025-12-16T05:53:38.781+0000] {dag.py:3239} INFO - Sync 1 DAGs
[2025-12-16T05:53:38.797+0000] {logging_mixin.py:190} INFO - [2025-12-16T05:53:38.796+0000] {dag.py:4180} INFO - Setting next_dagrun for ETL_process to None, run_after=None
[2025-12-16T05:53:38.821+0000] {processor.py:208} INFO - Processing /opt/airflow/dags/ETL.py took 0.122 seconds
[2025-12-16T05:54:09.091+0000] {processor.py:186} INFO - Started process (PID=3762) to work on /opt/airflow/dags/ETL.py
[2025-12-16T05:54:09.092+0000] {processor.py:914} INFO - Processing file /opt/airflow/dags/ETL.py for tasks to queue
[2025-12-16T05:54:09.096+0000] {logging_mixin.py:190} INFO - [2025-12-16T05:54:09.095+0000] {dagbag.py:588} INFO - Filling up the DagBag from /opt/airflow/dags/ETL.py
[2025-12-16T05:54:09.116+0000] {processor.py:925} INFO - DAG(s) 'ETL_process' retrieved from /opt/airflow/dags/ETL.py
[2025-12-16T05:54:09.153+0000] {logging_mixin.py:190} INFO - [2025-12-16T05:54:09.153+0000] {dag.py:3239} INFO - Sync 1 DAGs
[2025-12-16T05:54:09.168+0000] {logging_mixin.py:190} INFO - [2025-12-16T05:54:09.167+0000] {dag.py:4180} INFO - Setting next_dagrun for ETL_process to None, run_after=None
[2025-12-16T05:54:09.186+0000] {processor.py:208} INFO - Processing /opt/airflow/dags/ETL.py took 0.102 seconds
[2025-12-16T05:54:39.512+0000] {processor.py:186} INFO - Started process (PID=3772) to work on /opt/airflow/dags/ETL.py
[2025-12-16T05:54:39.513+0000] {processor.py:914} INFO - Processing file /opt/airflow/dags/ETL.py for tasks to queue
[2025-12-16T05:54:39.517+0000] {logging_mixin.py:190} INFO - [2025-12-16T05:54:39.516+0000] {dagbag.py:588} INFO - Filling up the DagBag from /opt/airflow/dags/ETL.py
[2025-12-16T05:54:39.540+0000] {processor.py:925} INFO - DAG(s) 'ETL_process' retrieved from /opt/airflow/dags/ETL.py
[2025-12-16T05:54:39.577+0000] {logging_mixin.py:190} INFO - [2025-12-16T05:54:39.577+0000] {dag.py:3239} INFO - Sync 1 DAGs
[2025-12-16T05:54:39.594+0000] {logging_mixin.py:190} INFO - [2025-12-16T05:54:39.594+0000] {dag.py:4180} INFO - Setting next_dagrun for ETL_process to None, run_after=None
[2025-12-16T05:54:39.620+0000] {processor.py:208} INFO - Processing /opt/airflow/dags/ETL.py took 0.116 seconds
[2025-12-16T05:55:09.899+0000] {processor.py:186} INFO - Started process (PID=3782) to work on /opt/airflow/dags/ETL.py
[2025-12-16T05:55:09.900+0000] {processor.py:914} INFO - Processing file /opt/airflow/dags/ETL.py for tasks to queue
[2025-12-16T05:55:09.903+0000] {logging_mixin.py:190} INFO - [2025-12-16T05:55:09.903+0000] {dagbag.py:588} INFO - Filling up the DagBag from /opt/airflow/dags/ETL.py
[2025-12-16T05:55:09.924+0000] {processor.py:925} INFO - DAG(s) 'ETL_process' retrieved from /opt/airflow/dags/ETL.py
[2025-12-16T05:55:09.954+0000] {logging_mixin.py:190} INFO - [2025-12-16T05:55:09.954+0000] {dag.py:3239} INFO - Sync 1 DAGs
[2025-12-16T05:55:09.969+0000] {logging_mixin.py:190} INFO - [2025-12-16T05:55:09.968+0000] {dag.py:4180} INFO - Setting next_dagrun for ETL_process to None, run_after=None
[2025-12-16T05:55:09.988+0000] {processor.py:208} INFO - Processing /opt/airflow/dags/ETL.py took 0.095 seconds
[2025-12-16T05:55:40.273+0000] {processor.py:186} INFO - Started process (PID=3792) to work on /opt/airflow/dags/ETL.py
[2025-12-16T05:55:40.274+0000] {processor.py:914} INFO - Processing file /opt/airflow/dags/ETL.py for tasks to queue
[2025-12-16T05:55:40.278+0000] {logging_mixin.py:190} INFO - [2025-12-16T05:55:40.277+0000] {dagbag.py:588} INFO - Filling up the DagBag from /opt/airflow/dags/ETL.py
[2025-12-16T05:55:40.303+0000] {processor.py:925} INFO - DAG(s) 'ETL_process' retrieved from /opt/airflow/dags/ETL.py
[2025-12-16T05:55:40.340+0000] {logging_mixin.py:190} INFO - [2025-12-16T05:55:40.340+0000] {dag.py:3239} INFO - Sync 1 DAGs
[2025-12-16T05:55:40.355+0000] {logging_mixin.py:190} INFO - [2025-12-16T05:55:40.355+0000] {dag.py:4180} INFO - Setting next_dagrun for ETL_process to None, run_after=None
[2025-12-16T05:55:40.376+0000] {processor.py:208} INFO - Processing /opt/airflow/dags/ETL.py took 0.111 seconds
[2025-12-16T05:56:10.655+0000] {processor.py:186} INFO - Started process (PID=3802) to work on /opt/airflow/dags/ETL.py
[2025-12-16T05:56:10.657+0000] {processor.py:914} INFO - Processing file /opt/airflow/dags/ETL.py for tasks to queue
[2025-12-16T05:56:10.661+0000] {logging_mixin.py:190} INFO - [2025-12-16T05:56:10.661+0000] {dagbag.py:588} INFO - Filling up the DagBag from /opt/airflow/dags/ETL.py
[2025-12-16T05:56:10.686+0000] {processor.py:925} INFO - DAG(s) 'ETL_process' retrieved from /opt/airflow/dags/ETL.py
[2025-12-16T05:56:10.717+0000] {logging_mixin.py:190} INFO - [2025-12-16T05:56:10.716+0000] {dag.py:3239} INFO - Sync 1 DAGs
[2025-12-16T05:56:10.732+0000] {logging_mixin.py:190} INFO - [2025-12-16T05:56:10.731+0000] {dag.py:4180} INFO - Setting next_dagrun for ETL_process to None, run_after=None
[2025-12-16T05:56:10.754+0000] {processor.py:208} INFO - Processing /opt/airflow/dags/ETL.py took 0.107 seconds
[2025-12-16T05:56:41.027+0000] {processor.py:186} INFO - Started process (PID=3812) to work on /opt/airflow/dags/ETL.py
[2025-12-16T05:56:41.028+0000] {processor.py:914} INFO - Processing file /opt/airflow/dags/ETL.py for tasks to queue
[2025-12-16T05:56:41.032+0000] {logging_mixin.py:190} INFO - [2025-12-16T05:56:41.031+0000] {dagbag.py:588} INFO - Filling up the DagBag from /opt/airflow/dags/ETL.py
[2025-12-16T05:56:41.053+0000] {processor.py:925} INFO - DAG(s) 'ETL_process' retrieved from /opt/airflow/dags/ETL.py
[2025-12-16T05:56:41.082+0000] {logging_mixin.py:190} INFO - [2025-12-16T05:56:41.082+0000] {dag.py:3239} INFO - Sync 1 DAGs
[2025-12-16T05:56:41.096+0000] {logging_mixin.py:190} INFO - [2025-12-16T05:56:41.096+0000] {dag.py:4180} INFO - Setting next_dagrun for ETL_process to None, run_after=None
[2025-12-16T05:56:41.117+0000] {processor.py:208} INFO - Processing /opt/airflow/dags/ETL.py took 0.098 seconds
[2025-12-16T05:57:11.390+0000] {processor.py:186} INFO - Started process (PID=3822) to work on /opt/airflow/dags/ETL.py
[2025-12-16T05:57:11.391+0000] {processor.py:914} INFO - Processing file /opt/airflow/dags/ETL.py for tasks to queue
[2025-12-16T05:57:11.394+0000] {logging_mixin.py:190} INFO - [2025-12-16T05:57:11.394+0000] {dagbag.py:588} INFO - Filling up the DagBag from /opt/airflow/dags/ETL.py
[2025-12-16T05:57:11.414+0000] {processor.py:925} INFO - DAG(s) 'ETL_process' retrieved from /opt/airflow/dags/ETL.py
[2025-12-16T05:57:11.445+0000] {logging_mixin.py:190} INFO - [2025-12-16T05:57:11.445+0000] {dag.py:3239} INFO - Sync 1 DAGs
[2025-12-16T05:57:11.460+0000] {logging_mixin.py:190} INFO - [2025-12-16T05:57:11.460+0000] {dag.py:4180} INFO - Setting next_dagrun for ETL_process to None, run_after=None
[2025-12-16T05:57:11.483+0000] {processor.py:208} INFO - Processing /opt/airflow/dags/ETL.py took 0.099 seconds
[2025-12-16T05:57:41.761+0000] {processor.py:186} INFO - Started process (PID=3832) to work on /opt/airflow/dags/ETL.py
[2025-12-16T05:57:41.762+0000] {processor.py:914} INFO - Processing file /opt/airflow/dags/ETL.py for tasks to queue
[2025-12-16T05:57:41.765+0000] {logging_mixin.py:190} INFO - [2025-12-16T05:57:41.765+0000] {dagbag.py:588} INFO - Filling up the DagBag from /opt/airflow/dags/ETL.py
[2025-12-16T05:57:41.787+0000] {processor.py:925} INFO - DAG(s) 'ETL_process' retrieved from /opt/airflow/dags/ETL.py
[2025-12-16T05:57:41.820+0000] {logging_mixin.py:190} INFO - [2025-12-16T05:57:41.820+0000] {dag.py:3239} INFO - Sync 1 DAGs
[2025-12-16T05:57:41.836+0000] {logging_mixin.py:190} INFO - [2025-12-16T05:57:41.836+0000] {dag.py:4180} INFO - Setting next_dagrun for ETL_process to None, run_after=None
[2025-12-16T05:57:41.865+0000] {processor.py:208} INFO - Processing /opt/airflow/dags/ETL.py took 0.113 seconds
[2025-12-16T05:58:12.150+0000] {processor.py:186} INFO - Started process (PID=3842) to work on /opt/airflow/dags/ETL.py
[2025-12-16T05:58:12.152+0000] {processor.py:914} INFO - Processing file /opt/airflow/dags/ETL.py for tasks to queue
[2025-12-16T05:58:12.155+0000] {logging_mixin.py:190} INFO - [2025-12-16T05:58:12.155+0000] {dagbag.py:588} INFO - Filling up the DagBag from /opt/airflow/dags/ETL.py
[2025-12-16T05:58:12.180+0000] {processor.py:925} INFO - DAG(s) 'ETL_process' retrieved from /opt/airflow/dags/ETL.py
[2025-12-16T05:58:12.216+0000] {logging_mixin.py:190} INFO - [2025-12-16T05:58:12.215+0000] {dag.py:3239} INFO - Sync 1 DAGs
[2025-12-16T05:58:12.234+0000] {logging_mixin.py:190} INFO - [2025-12-16T05:58:12.233+0000] {dag.py:4180} INFO - Setting next_dagrun for ETL_process to None, run_after=None
[2025-12-16T05:58:12.258+0000] {processor.py:208} INFO - Processing /opt/airflow/dags/ETL.py took 0.116 seconds
[2025-12-16T05:58:42.576+0000] {processor.py:186} INFO - Started process (PID=3852) to work on /opt/airflow/dags/ETL.py
[2025-12-16T05:58:42.578+0000] {processor.py:914} INFO - Processing file /opt/airflow/dags/ETL.py for tasks to queue
[2025-12-16T05:58:42.581+0000] {logging_mixin.py:190} INFO - [2025-12-16T05:58:42.581+0000] {dagbag.py:588} INFO - Filling up the DagBag from /opt/airflow/dags/ETL.py
[2025-12-16T05:58:42.607+0000] {processor.py:925} INFO - DAG(s) 'ETL_process' retrieved from /opt/airflow/dags/ETL.py
[2025-12-16T05:58:42.644+0000] {logging_mixin.py:190} INFO - [2025-12-16T05:58:42.643+0000] {dag.py:3239} INFO - Sync 1 DAGs
[2025-12-16T05:58:42.662+0000] {logging_mixin.py:190} INFO - [2025-12-16T05:58:42.661+0000] {dag.py:4180} INFO - Setting next_dagrun for ETL_process to None, run_after=None
[2025-12-16T05:58:42.689+0000] {processor.py:208} INFO - Processing /opt/airflow/dags/ETL.py took 0.122 seconds
[2025-12-16T05:59:13.018+0000] {processor.py:186} INFO - Started process (PID=3862) to work on /opt/airflow/dags/ETL.py
[2025-12-16T05:59:13.019+0000] {processor.py:914} INFO - Processing file /opt/airflow/dags/ETL.py for tasks to queue
[2025-12-16T05:59:13.024+0000] {logging_mixin.py:190} INFO - [2025-12-16T05:59:13.023+0000] {dagbag.py:588} INFO - Filling up the DagBag from /opt/airflow/dags/ETL.py
[2025-12-16T05:59:13.052+0000] {processor.py:925} INFO - DAG(s) 'ETL_process' retrieved from /opt/airflow/dags/ETL.py
[2025-12-16T05:59:13.114+0000] {logging_mixin.py:190} INFO - [2025-12-16T05:59:13.114+0000] {dag.py:3239} INFO - Sync 1 DAGs
[2025-12-16T05:59:13.170+0000] {logging_mixin.py:190} INFO - [2025-12-16T05:59:13.170+0000] {dag.py:4180} INFO - Setting next_dagrun for ETL_process to None, run_after=None
[2025-12-16T05:59:13.234+0000] {processor.py:208} INFO - Processing /opt/airflow/dags/ETL.py took 0.226 seconds
[2025-12-16T05:59:43.405+0000] {processor.py:186} INFO - Started process (PID=3872) to work on /opt/airflow/dags/ETL.py
[2025-12-16T05:59:43.406+0000] {processor.py:914} INFO - Processing file /opt/airflow/dags/ETL.py for tasks to queue
[2025-12-16T05:59:43.410+0000] {logging_mixin.py:190} INFO - [2025-12-16T05:59:43.410+0000] {dagbag.py:588} INFO - Filling up the DagBag from /opt/airflow/dags/ETL.py
[2025-12-16T05:59:43.434+0000] {processor.py:925} INFO - DAG(s) 'ETL_process' retrieved from /opt/airflow/dags/ETL.py
[2025-12-16T05:59:43.470+0000] {logging_mixin.py:190} INFO - [2025-12-16T05:59:43.470+0000] {dag.py:3239} INFO - Sync 1 DAGs
[2025-12-16T05:59:43.487+0000] {logging_mixin.py:190} INFO - [2025-12-16T05:59:43.486+0000] {dag.py:4180} INFO - Setting next_dagrun for ETL_process to None, run_after=None
[2025-12-16T05:59:43.512+0000] {processor.py:208} INFO - Processing /opt/airflow/dags/ETL.py took 0.115 seconds
[2025-12-16T06:00:13.813+0000] {processor.py:186} INFO - Started process (PID=3882) to work on /opt/airflow/dags/ETL.py
[2025-12-16T06:00:13.815+0000] {processor.py:914} INFO - Processing file /opt/airflow/dags/ETL.py for tasks to queue
[2025-12-16T06:00:13.819+0000] {logging_mixin.py:190} INFO - [2025-12-16T06:00:13.818+0000] {dagbag.py:588} INFO - Filling up the DagBag from /opt/airflow/dags/ETL.py
[2025-12-16T06:00:13.853+0000] {processor.py:925} INFO - DAG(s) 'ETL_process' retrieved from /opt/airflow/dags/ETL.py
[2025-12-16T06:00:13.905+0000] {logging_mixin.py:190} INFO - [2025-12-16T06:00:13.904+0000] {dag.py:3239} INFO - Sync 1 DAGs
[2025-12-16T06:00:13.939+0000] {logging_mixin.py:190} INFO - [2025-12-16T06:00:13.938+0000] {dag.py:4180} INFO - Setting next_dagrun for ETL_process to None, run_after=None
[2025-12-16T06:00:13.993+0000] {processor.py:208} INFO - Processing /opt/airflow/dags/ETL.py took 0.193 seconds
[2025-12-16T06:00:44.078+0000] {processor.py:186} INFO - Started process (PID=3892) to work on /opt/airflow/dags/ETL.py
[2025-12-16T06:00:44.081+0000] {processor.py:914} INFO - Processing file /opt/airflow/dags/ETL.py for tasks to queue
[2025-12-16T06:00:44.085+0000] {logging_mixin.py:190} INFO - [2025-12-16T06:00:44.084+0000] {dagbag.py:588} INFO - Filling up the DagBag from /opt/airflow/dags/ETL.py
[2025-12-16T06:00:44.105+0000] {processor.py:925} INFO - DAG(s) 'ETL_process' retrieved from /opt/airflow/dags/ETL.py
[2025-12-16T06:00:44.138+0000] {logging_mixin.py:190} INFO - [2025-12-16T06:00:44.138+0000] {dag.py:3239} INFO - Sync 1 DAGs
[2025-12-16T06:00:44.152+0000] {logging_mixin.py:190} INFO - [2025-12-16T06:00:44.152+0000] {dag.py:4180} INFO - Setting next_dagrun for ETL_process to None, run_after=None
[2025-12-16T06:00:44.171+0000] {processor.py:208} INFO - Processing /opt/airflow/dags/ETL.py took 0.106 seconds
[2025-12-16T06:01:14.453+0000] {processor.py:186} INFO - Started process (PID=3902) to work on /opt/airflow/dags/ETL.py
[2025-12-16T06:01:14.454+0000] {processor.py:914} INFO - Processing file /opt/airflow/dags/ETL.py for tasks to queue
[2025-12-16T06:01:14.458+0000] {logging_mixin.py:190} INFO - [2025-12-16T06:01:14.457+0000] {dagbag.py:588} INFO - Filling up the DagBag from /opt/airflow/dags/ETL.py
[2025-12-16T06:01:14.479+0000] {processor.py:925} INFO - DAG(s) 'ETL_process' retrieved from /opt/airflow/dags/ETL.py
[2025-12-16T06:01:14.514+0000] {logging_mixin.py:190} INFO - [2025-12-16T06:01:14.514+0000] {dag.py:3239} INFO - Sync 1 DAGs
[2025-12-16T06:01:14.528+0000] {logging_mixin.py:190} INFO - [2025-12-16T06:01:14.528+0000] {dag.py:4180} INFO - Setting next_dagrun for ETL_process to None, run_after=None
[2025-12-16T06:01:14.575+0000] {processor.py:208} INFO - Processing /opt/airflow/dags/ETL.py took 0.131 seconds
[2025-12-16T06:01:44.859+0000] {processor.py:186} INFO - Started process (PID=3912) to work on /opt/airflow/dags/ETL.py
[2025-12-16T06:01:44.860+0000] {processor.py:914} INFO - Processing file /opt/airflow/dags/ETL.py for tasks to queue
[2025-12-16T06:01:44.865+0000] {logging_mixin.py:190} INFO - [2025-12-16T06:01:44.865+0000] {dagbag.py:588} INFO - Filling up the DagBag from /opt/airflow/dags/ETL.py
[2025-12-16T06:01:44.924+0000] {processor.py:925} INFO - DAG(s) 'ETL_process' retrieved from /opt/airflow/dags/ETL.py
[2025-12-16T06:01:45.008+0000] {logging_mixin.py:190} INFO - [2025-12-16T06:01:45.008+0000] {dag.py:3239} INFO - Sync 1 DAGs
[2025-12-16T06:01:45.081+0000] {logging_mixin.py:190} INFO - [2025-12-16T06:01:45.080+0000] {dag.py:4180} INFO - Setting next_dagrun for ETL_process to None, run_after=None
[2025-12-16T06:01:45.134+0000] {processor.py:208} INFO - Processing /opt/airflow/dags/ETL.py took 0.283 seconds
[2025-12-16T06:02:15.446+0000] {processor.py:186} INFO - Started process (PID=3922) to work on /opt/airflow/dags/ETL.py
[2025-12-16T06:02:15.447+0000] {processor.py:914} INFO - Processing file /opt/airflow/dags/ETL.py for tasks to queue
[2025-12-16T06:02:15.451+0000] {logging_mixin.py:190} INFO - [2025-12-16T06:02:15.450+0000] {dagbag.py:588} INFO - Filling up the DagBag from /opt/airflow/dags/ETL.py
[2025-12-16T06:02:15.475+0000] {processor.py:925} INFO - DAG(s) 'ETL_process' retrieved from /opt/airflow/dags/ETL.py
[2025-12-16T06:02:15.511+0000] {logging_mixin.py:190} INFO - [2025-12-16T06:02:15.510+0000] {dag.py:3239} INFO - Sync 1 DAGs
[2025-12-16T06:02:15.526+0000] {logging_mixin.py:190} INFO - [2025-12-16T06:02:15.526+0000] {dag.py:4180} INFO - Setting next_dagrun for ETL_process to None, run_after=None
[2025-12-16T06:02:15.547+0000] {processor.py:208} INFO - Processing /opt/airflow/dags/ETL.py took 0.113 seconds
[2025-12-16T06:02:45.823+0000] {processor.py:186} INFO - Started process (PID=3932) to work on /opt/airflow/dags/ETL.py
[2025-12-16T06:02:45.824+0000] {processor.py:914} INFO - Processing file /opt/airflow/dags/ETL.py for tasks to queue
[2025-12-16T06:02:45.827+0000] {logging_mixin.py:190} INFO - [2025-12-16T06:02:45.827+0000] {dagbag.py:588} INFO - Filling up the DagBag from /opt/airflow/dags/ETL.py
[2025-12-16T06:02:45.846+0000] {processor.py:925} INFO - DAG(s) 'ETL_process' retrieved from /opt/airflow/dags/ETL.py
[2025-12-16T06:02:45.874+0000] {logging_mixin.py:190} INFO - [2025-12-16T06:02:45.874+0000] {dag.py:3239} INFO - Sync 1 DAGs
[2025-12-16T06:02:45.888+0000] {logging_mixin.py:190} INFO - [2025-12-16T06:02:45.888+0000] {dag.py:4180} INFO - Setting next_dagrun for ETL_process to None, run_after=None
[2025-12-16T06:02:45.908+0000] {processor.py:208} INFO - Processing /opt/airflow/dags/ETL.py took 0.091 seconds
[2025-12-16T06:03:16.200+0000] {processor.py:186} INFO - Started process (PID=3942) to work on /opt/airflow/dags/ETL.py
[2025-12-16T06:03:16.201+0000] {processor.py:914} INFO - Processing file /opt/airflow/dags/ETL.py for tasks to queue
[2025-12-16T06:03:16.205+0000] {logging_mixin.py:190} INFO - [2025-12-16T06:03:16.205+0000] {dagbag.py:588} INFO - Filling up the DagBag from /opt/airflow/dags/ETL.py
[2025-12-16T06:03:16.229+0000] {processor.py:925} INFO - DAG(s) 'ETL_process' retrieved from /opt/airflow/dags/ETL.py
[2025-12-16T06:03:16.262+0000] {logging_mixin.py:190} INFO - [2025-12-16T06:03:16.262+0000] {dag.py:3239} INFO - Sync 1 DAGs
[2025-12-16T06:03:16.279+0000] {logging_mixin.py:190} INFO - [2025-12-16T06:03:16.279+0000] {dag.py:4180} INFO - Setting next_dagrun for ETL_process to None, run_after=None
[2025-12-16T06:03:16.301+0000] {processor.py:208} INFO - Processing /opt/airflow/dags/ETL.py took 0.109 seconds
[2025-12-16T06:03:46.578+0000] {processor.py:186} INFO - Started process (PID=3952) to work on /opt/airflow/dags/ETL.py
[2025-12-16T06:03:46.579+0000] {processor.py:914} INFO - Processing file /opt/airflow/dags/ETL.py for tasks to queue
[2025-12-16T06:03:46.583+0000] {logging_mixin.py:190} INFO - [2025-12-16T06:03:46.582+0000] {dagbag.py:588} INFO - Filling up the DagBag from /opt/airflow/dags/ETL.py
[2025-12-16T06:03:46.604+0000] {processor.py:925} INFO - DAG(s) 'ETL_process' retrieved from /opt/airflow/dags/ETL.py
[2025-12-16T06:03:46.637+0000] {logging_mixin.py:190} INFO - [2025-12-16T06:03:46.637+0000] {dag.py:3239} INFO - Sync 1 DAGs
[2025-12-16T06:03:46.654+0000] {logging_mixin.py:190} INFO - [2025-12-16T06:03:46.653+0000] {dag.py:4180} INFO - Setting next_dagrun for ETL_process to None, run_after=None
[2025-12-16T06:03:46.673+0000] {processor.py:208} INFO - Processing /opt/airflow/dags/ETL.py took 0.103 seconds
[2025-12-16T06:04:16.976+0000] {processor.py:186} INFO - Started process (PID=3962) to work on /opt/airflow/dags/ETL.py
[2025-12-16T06:04:16.977+0000] {processor.py:914} INFO - Processing file /opt/airflow/dags/ETL.py for tasks to queue
[2025-12-16T06:04:16.980+0000] {logging_mixin.py:190} INFO - [2025-12-16T06:04:16.980+0000] {dagbag.py:588} INFO - Filling up the DagBag from /opt/airflow/dags/ETL.py
[2025-12-16T06:04:17.003+0000] {processor.py:925} INFO - DAG(s) 'ETL_process' retrieved from /opt/airflow/dags/ETL.py
[2025-12-16T06:04:17.043+0000] {logging_mixin.py:190} INFO - [2025-12-16T06:04:17.043+0000] {dag.py:3239} INFO - Sync 1 DAGs
[2025-12-16T06:04:17.060+0000] {logging_mixin.py:190} INFO - [2025-12-16T06:04:17.060+0000] {dag.py:4180} INFO - Setting next_dagrun for ETL_process to None, run_after=None
[2025-12-16T06:04:17.082+0000] {processor.py:208} INFO - Processing /opt/airflow/dags/ETL.py took 0.115 seconds
[2025-12-16T06:04:47.384+0000] {processor.py:186} INFO - Started process (PID=3972) to work on /opt/airflow/dags/ETL.py
[2025-12-16T06:04:47.386+0000] {processor.py:914} INFO - Processing file /opt/airflow/dags/ETL.py for tasks to queue
[2025-12-16T06:04:47.390+0000] {logging_mixin.py:190} INFO - [2025-12-16T06:04:47.389+0000] {dagbag.py:588} INFO - Filling up the DagBag from /opt/airflow/dags/ETL.py
[2025-12-16T06:04:47.415+0000] {processor.py:925} INFO - DAG(s) 'ETL_process' retrieved from /opt/airflow/dags/ETL.py
[2025-12-16T06:04:47.452+0000] {logging_mixin.py:190} INFO - [2025-12-16T06:04:47.452+0000] {dag.py:3239} INFO - Sync 1 DAGs
[2025-12-16T06:04:47.469+0000] {logging_mixin.py:190} INFO - [2025-12-16T06:04:47.469+0000] {dag.py:4180} INFO - Setting next_dagrun for ETL_process to None, run_after=None
[2025-12-16T06:04:47.493+0000] {processor.py:208} INFO - Processing /opt/airflow/dags/ETL.py took 0.118 seconds
[2025-12-16T06:05:17.776+0000] {processor.py:186} INFO - Started process (PID=3982) to work on /opt/airflow/dags/ETL.py
[2025-12-16T06:05:17.777+0000] {processor.py:914} INFO - Processing file /opt/airflow/dags/ETL.py for tasks to queue
[2025-12-16T06:05:17.780+0000] {logging_mixin.py:190} INFO - [2025-12-16T06:05:17.780+0000] {dagbag.py:588} INFO - Filling up the DagBag from /opt/airflow/dags/ETL.py
[2025-12-16T06:05:17.799+0000] {processor.py:925} INFO - DAG(s) 'ETL_process' retrieved from /opt/airflow/dags/ETL.py
[2025-12-16T06:05:17.830+0000] {logging_mixin.py:190} INFO - [2025-12-16T06:05:17.830+0000] {dag.py:3239} INFO - Sync 1 DAGs
[2025-12-16T06:05:17.845+0000] {logging_mixin.py:190} INFO - [2025-12-16T06:05:17.845+0000] {dag.py:4180} INFO - Setting next_dagrun for ETL_process to None, run_after=None
[2025-12-16T06:05:17.864+0000] {processor.py:208} INFO - Processing /opt/airflow/dags/ETL.py took 0.095 seconds
[2025-12-16T06:05:48.143+0000] {processor.py:186} INFO - Started process (PID=3992) to work on /opt/airflow/dags/ETL.py
[2025-12-16T06:05:48.144+0000] {processor.py:914} INFO - Processing file /opt/airflow/dags/ETL.py for tasks to queue
[2025-12-16T06:05:48.148+0000] {logging_mixin.py:190} INFO - [2025-12-16T06:05:48.147+0000] {dagbag.py:588} INFO - Filling up the DagBag from /opt/airflow/dags/ETL.py
[2025-12-16T06:05:48.167+0000] {processor.py:925} INFO - DAG(s) 'ETL_process' retrieved from /opt/airflow/dags/ETL.py
[2025-12-16T06:05:48.196+0000] {logging_mixin.py:190} INFO - [2025-12-16T06:05:48.196+0000] {dag.py:3239} INFO - Sync 1 DAGs
[2025-12-16T06:05:48.211+0000] {logging_mixin.py:190} INFO - [2025-12-16T06:05:48.211+0000] {dag.py:4180} INFO - Setting next_dagrun for ETL_process to None, run_after=None
[2025-12-16T06:05:48.235+0000] {processor.py:208} INFO - Processing /opt/airflow/dags/ETL.py took 0.098 seconds
[2025-12-16T06:06:18.507+0000] {processor.py:186} INFO - Started process (PID=4002) to work on /opt/airflow/dags/ETL.py
[2025-12-16T06:06:18.508+0000] {processor.py:914} INFO - Processing file /opt/airflow/dags/ETL.py for tasks to queue
[2025-12-16T06:06:18.511+0000] {logging_mixin.py:190} INFO - [2025-12-16T06:06:18.511+0000] {dagbag.py:588} INFO - Filling up the DagBag from /opt/airflow/dags/ETL.py
[2025-12-16T06:06:18.530+0000] {processor.py:925} INFO - DAG(s) 'ETL_process' retrieved from /opt/airflow/dags/ETL.py
[2025-12-16T06:06:18.562+0000] {logging_mixin.py:190} INFO - [2025-12-16T06:06:18.561+0000] {dag.py:3239} INFO - Sync 1 DAGs
[2025-12-16T06:06:18.577+0000] {logging_mixin.py:190} INFO - [2025-12-16T06:06:18.576+0000] {dag.py:4180} INFO - Setting next_dagrun for ETL_process to None, run_after=None
[2025-12-16T06:06:18.602+0000] {processor.py:208} INFO - Processing /opt/airflow/dags/ETL.py took 0.101 seconds
[2025-12-16T06:06:48.889+0000] {processor.py:186} INFO - Started process (PID=4012) to work on /opt/airflow/dags/ETL.py
[2025-12-16T06:06:48.891+0000] {processor.py:914} INFO - Processing file /opt/airflow/dags/ETL.py for tasks to queue
[2025-12-16T06:06:48.894+0000] {logging_mixin.py:190} INFO - [2025-12-16T06:06:48.894+0000] {dagbag.py:588} INFO - Filling up the DagBag from /opt/airflow/dags/ETL.py
[2025-12-16T06:06:48.917+0000] {processor.py:925} INFO - DAG(s) 'ETL_process' retrieved from /opt/airflow/dags/ETL.py
[2025-12-16T06:06:48.953+0000] {logging_mixin.py:190} INFO - [2025-12-16T06:06:48.953+0000] {dag.py:3239} INFO - Sync 1 DAGs
[2025-12-16T06:06:48.971+0000] {logging_mixin.py:190} INFO - [2025-12-16T06:06:48.970+0000] {dag.py:4180} INFO - Setting next_dagrun for ETL_process to None, run_after=None
[2025-12-16T06:06:48.995+0000] {processor.py:208} INFO - Processing /opt/airflow/dags/ETL.py took 0.113 seconds
[2025-12-16T06:07:19.291+0000] {processor.py:186} INFO - Started process (PID=4022) to work on /opt/airflow/dags/ETL.py
[2025-12-16T06:07:19.292+0000] {processor.py:914} INFO - Processing file /opt/airflow/dags/ETL.py for tasks to queue
[2025-12-16T06:07:19.295+0000] {logging_mixin.py:190} INFO - [2025-12-16T06:07:19.295+0000] {dagbag.py:588} INFO - Filling up the DagBag from /opt/airflow/dags/ETL.py
[2025-12-16T06:07:19.317+0000] {processor.py:925} INFO - DAG(s) 'ETL_process' retrieved from /opt/airflow/dags/ETL.py
[2025-12-16T06:07:19.350+0000] {logging_mixin.py:190} INFO - [2025-12-16T06:07:19.350+0000] {dag.py:3239} INFO - Sync 1 DAGs
[2025-12-16T06:07:19.367+0000] {logging_mixin.py:190} INFO - [2025-12-16T06:07:19.366+0000] {dag.py:4180} INFO - Setting next_dagrun for ETL_process to None, run_after=None
[2025-12-16T06:07:19.392+0000] {processor.py:208} INFO - Processing /opt/airflow/dags/ETL.py took 0.109 seconds
[2025-12-16T06:07:49.678+0000] {processor.py:186} INFO - Started process (PID=4032) to work on /opt/airflow/dags/ETL.py
[2025-12-16T06:07:49.679+0000] {processor.py:914} INFO - Processing file /opt/airflow/dags/ETL.py for tasks to queue
[2025-12-16T06:07:49.682+0000] {logging_mixin.py:190} INFO - [2025-12-16T06:07:49.682+0000] {dagbag.py:588} INFO - Filling up the DagBag from /opt/airflow/dags/ETL.py
[2025-12-16T06:07:49.704+0000] {processor.py:925} INFO - DAG(s) 'ETL_process' retrieved from /opt/airflow/dags/ETL.py
[2025-12-16T06:07:49.737+0000] {logging_mixin.py:190} INFO - [2025-12-16T06:07:49.737+0000] {dag.py:3239} INFO - Sync 1 DAGs
[2025-12-16T06:07:49.754+0000] {logging_mixin.py:190} INFO - [2025-12-16T06:07:49.753+0000] {dag.py:4180} INFO - Setting next_dagrun for ETL_process to None, run_after=None
[2025-12-16T06:07:49.775+0000] {processor.py:208} INFO - Processing /opt/airflow/dags/ETL.py took 0.105 seconds
[2025-12-16T06:08:20.070+0000] {processor.py:186} INFO - Started process (PID=4042) to work on /opt/airflow/dags/ETL.py
[2025-12-16T06:08:20.072+0000] {processor.py:914} INFO - Processing file /opt/airflow/dags/ETL.py for tasks to queue
[2025-12-16T06:08:20.077+0000] {logging_mixin.py:190} INFO - [2025-12-16T06:08:20.076+0000] {dagbag.py:588} INFO - Filling up the DagBag from /opt/airflow/dags/ETL.py
[2025-12-16T06:08:20.109+0000] {processor.py:925} INFO - DAG(s) 'ETL_process' retrieved from /opt/airflow/dags/ETL.py
[2025-12-16T06:08:20.153+0000] {logging_mixin.py:190} INFO - [2025-12-16T06:08:20.153+0000] {dag.py:3239} INFO - Sync 1 DAGs
[2025-12-16T06:08:20.217+0000] {logging_mixin.py:190} INFO - [2025-12-16T06:08:20.217+0000] {dag.py:4180} INFO - Setting next_dagrun for ETL_process to None, run_after=None
[2025-12-16T06:08:20.264+0000] {processor.py:208} INFO - Processing /opt/airflow/dags/ETL.py took 0.218 seconds
[2025-12-16T06:08:50.352+0000] {processor.py:186} INFO - Started process (PID=4052) to work on /opt/airflow/dags/ETL.py
[2025-12-16T06:08:50.354+0000] {processor.py:914} INFO - Processing file /opt/airflow/dags/ETL.py for tasks to queue
[2025-12-16T06:08:50.357+0000] {logging_mixin.py:190} INFO - [2025-12-16T06:08:50.357+0000] {dagbag.py:588} INFO - Filling up the DagBag from /opt/airflow/dags/ETL.py
[2025-12-16T06:08:50.377+0000] {processor.py:925} INFO - DAG(s) 'ETL_process' retrieved from /opt/airflow/dags/ETL.py
[2025-12-16T06:08:50.410+0000] {logging_mixin.py:190} INFO - [2025-12-16T06:08:50.410+0000] {dag.py:3239} INFO - Sync 1 DAGs
[2025-12-16T06:08:50.425+0000] {logging_mixin.py:190} INFO - [2025-12-16T06:08:50.425+0000] {dag.py:4180} INFO - Setting next_dagrun for ETL_process to None, run_after=None
[2025-12-16T06:08:50.451+0000] {processor.py:208} INFO - Processing /opt/airflow/dags/ETL.py took 0.107 seconds
[2025-12-16T06:09:20.641+0000] {processor.py:186} INFO - Started process (PID=4062) to work on /opt/airflow/dags/ETL.py
[2025-12-16T06:09:20.643+0000] {processor.py:914} INFO - Processing file /opt/airflow/dags/ETL.py for tasks to queue
[2025-12-16T06:09:20.647+0000] {logging_mixin.py:190} INFO - [2025-12-16T06:09:20.647+0000] {dagbag.py:588} INFO - Filling up the DagBag from /opt/airflow/dags/ETL.py
[2025-12-16T06:09:20.669+0000] {processor.py:925} INFO - DAG(s) 'ETL_process' retrieved from /opt/airflow/dags/ETL.py
[2025-12-16T06:09:20.702+0000] {logging_mixin.py:190} INFO - [2025-12-16T06:09:20.701+0000] {dag.py:3239} INFO - Sync 1 DAGs
[2025-12-16T06:09:20.716+0000] {logging_mixin.py:190} INFO - [2025-12-16T06:09:20.716+0000] {dag.py:4180} INFO - Setting next_dagrun for ETL_process to None, run_after=None
[2025-12-16T06:09:20.737+0000] {processor.py:208} INFO - Processing /opt/airflow/dags/ETL.py took 0.103 seconds
[2025-12-16T06:09:51.003+0000] {processor.py:186} INFO - Started process (PID=4072) to work on /opt/airflow/dags/ETL.py
[2025-12-16T06:09:51.005+0000] {processor.py:914} INFO - Processing file /opt/airflow/dags/ETL.py for tasks to queue
[2025-12-16T06:09:51.007+0000] {logging_mixin.py:190} INFO - [2025-12-16T06:09:51.007+0000] {dagbag.py:588} INFO - Filling up the DagBag from /opt/airflow/dags/ETL.py
[2025-12-16T06:09:51.027+0000] {processor.py:925} INFO - DAG(s) 'ETL_process' retrieved from /opt/airflow/dags/ETL.py
[2025-12-16T06:09:51.056+0000] {logging_mixin.py:190} INFO - [2025-12-16T06:09:51.055+0000] {dag.py:3239} INFO - Sync 1 DAGs
[2025-12-16T06:09:51.069+0000] {logging_mixin.py:190} INFO - [2025-12-16T06:09:51.069+0000] {dag.py:4180} INFO - Setting next_dagrun for ETL_process to None, run_after=None
[2025-12-16T06:09:51.088+0000] {processor.py:208} INFO - Processing /opt/airflow/dags/ETL.py took 0.092 seconds
[2025-12-16T06:10:21.369+0000] {processor.py:186} INFO - Started process (PID=4082) to work on /opt/airflow/dags/ETL.py
[2025-12-16T06:10:21.370+0000] {processor.py:914} INFO - Processing file /opt/airflow/dags/ETL.py for tasks to queue
[2025-12-16T06:10:21.373+0000] {logging_mixin.py:190} INFO - [2025-12-16T06:10:21.373+0000] {dagbag.py:588} INFO - Filling up the DagBag from /opt/airflow/dags/ETL.py
[2025-12-16T06:10:21.394+0000] {processor.py:925} INFO - DAG(s) 'ETL_process' retrieved from /opt/airflow/dags/ETL.py
[2025-12-16T06:10:21.423+0000] {logging_mixin.py:190} INFO - [2025-12-16T06:10:21.423+0000] {dag.py:3239} INFO - Sync 1 DAGs
[2025-12-16T06:10:21.437+0000] {logging_mixin.py:190} INFO - [2025-12-16T06:10:21.437+0000] {dag.py:4180} INFO - Setting next_dagrun for ETL_process to None, run_after=None
[2025-12-16T06:10:21.455+0000] {processor.py:208} INFO - Processing /opt/airflow/dags/ETL.py took 0.093 seconds
[2025-12-16T06:10:51.734+0000] {processor.py:186} INFO - Started process (PID=4092) to work on /opt/airflow/dags/ETL.py
[2025-12-16T06:10:51.735+0000] {processor.py:914} INFO - Processing file /opt/airflow/dags/ETL.py for tasks to queue
[2025-12-16T06:10:51.738+0000] {logging_mixin.py:190} INFO - [2025-12-16T06:10:51.738+0000] {dagbag.py:588} INFO - Filling up the DagBag from /opt/airflow/dags/ETL.py
[2025-12-16T06:10:51.757+0000] {processor.py:925} INFO - DAG(s) 'ETL_process' retrieved from /opt/airflow/dags/ETL.py
[2025-12-16T06:10:51.794+0000] {logging_mixin.py:190} INFO - [2025-12-16T06:10:51.794+0000] {dag.py:3239} INFO - Sync 1 DAGs
[2025-12-16T06:10:51.817+0000] {logging_mixin.py:190} INFO - [2025-12-16T06:10:51.817+0000] {dag.py:4180} INFO - Setting next_dagrun for ETL_process to None, run_after=None
[2025-12-16T06:10:51.850+0000] {processor.py:208} INFO - Processing /opt/airflow/dags/ETL.py took 0.122 seconds
[2025-12-16T06:11:22.156+0000] {processor.py:186} INFO - Started process (PID=4102) to work on /opt/airflow/dags/ETL.py
[2025-12-16T06:11:22.158+0000] {processor.py:914} INFO - Processing file /opt/airflow/dags/ETL.py for tasks to queue
[2025-12-16T06:11:22.169+0000] {logging_mixin.py:190} INFO - [2025-12-16T06:11:22.168+0000] {dagbag.py:588} INFO - Filling up the DagBag from /opt/airflow/dags/ETL.py
[2025-12-16T06:11:22.191+0000] {processor.py:925} INFO - DAG(s) 'ETL_process' retrieved from /opt/airflow/dags/ETL.py
[2025-12-16T06:11:22.225+0000] {logging_mixin.py:190} INFO - [2025-12-16T06:11:22.224+0000] {dag.py:3239} INFO - Sync 1 DAGs
[2025-12-16T06:11:22.240+0000] {logging_mixin.py:190} INFO - [2025-12-16T06:11:22.239+0000] {dag.py:4180} INFO - Setting next_dagrun for ETL_process to None, run_after=None
[2025-12-16T06:11:22.262+0000] {processor.py:208} INFO - Processing /opt/airflow/dags/ETL.py took 0.113 seconds
[2025-12-16T06:11:52.559+0000] {processor.py:186} INFO - Started process (PID=4112) to work on /opt/airflow/dags/ETL.py
[2025-12-16T06:11:52.561+0000] {processor.py:914} INFO - Processing file /opt/airflow/dags/ETL.py for tasks to queue
[2025-12-16T06:11:52.566+0000] {logging_mixin.py:190} INFO - [2025-12-16T06:11:52.565+0000] {dagbag.py:588} INFO - Filling up the DagBag from /opt/airflow/dags/ETL.py
[2025-12-16T06:11:52.589+0000] {processor.py:925} INFO - DAG(s) 'ETL_process' retrieved from /opt/airflow/dags/ETL.py
[2025-12-16T06:11:52.625+0000] {logging_mixin.py:190} INFO - [2025-12-16T06:11:52.624+0000] {dag.py:3239} INFO - Sync 1 DAGs
[2025-12-16T06:11:52.644+0000] {logging_mixin.py:190} INFO - [2025-12-16T06:11:52.643+0000] {dag.py:4180} INFO - Setting next_dagrun for ETL_process to None, run_after=None
[2025-12-16T06:11:52.665+0000] {processor.py:208} INFO - Processing /opt/airflow/dags/ETL.py took 0.114 seconds
[2025-12-16T06:12:22.948+0000] {processor.py:186} INFO - Started process (PID=4122) to work on /opt/airflow/dags/ETL.py
[2025-12-16T06:12:22.950+0000] {processor.py:914} INFO - Processing file /opt/airflow/dags/ETL.py for tasks to queue
[2025-12-16T06:12:22.953+0000] {logging_mixin.py:190} INFO - [2025-12-16T06:12:22.953+0000] {dagbag.py:588} INFO - Filling up the DagBag from /opt/airflow/dags/ETL.py
[2025-12-16T06:12:22.976+0000] {processor.py:925} INFO - DAG(s) 'ETL_process' retrieved from /opt/airflow/dags/ETL.py
[2025-12-16T06:12:23.021+0000] {logging_mixin.py:190} INFO - [2025-12-16T06:12:23.020+0000] {dag.py:3239} INFO - Sync 1 DAGs
[2025-12-16T06:12:23.042+0000] {logging_mixin.py:190} INFO - [2025-12-16T06:12:23.042+0000] {dag.py:4180} INFO - Setting next_dagrun for ETL_process to None, run_after=None
[2025-12-16T06:12:23.066+0000] {processor.py:208} INFO - Processing /opt/airflow/dags/ETL.py took 0.125 seconds
[2025-12-16T06:12:53.355+0000] {processor.py:186} INFO - Started process (PID=4132) to work on /opt/airflow/dags/ETL.py
[2025-12-16T06:12:53.356+0000] {processor.py:914} INFO - Processing file /opt/airflow/dags/ETL.py for tasks to queue
[2025-12-16T06:12:53.360+0000] {logging_mixin.py:190} INFO - [2025-12-16T06:12:53.359+0000] {dagbag.py:588} INFO - Filling up the DagBag from /opt/airflow/dags/ETL.py
[2025-12-16T06:12:53.382+0000] {processor.py:925} INFO - DAG(s) 'ETL_process' retrieved from /opt/airflow/dags/ETL.py
[2025-12-16T06:12:53.415+0000] {logging_mixin.py:190} INFO - [2025-12-16T06:12:53.415+0000] {dag.py:3239} INFO - Sync 1 DAGs
[2025-12-16T06:12:53.432+0000] {logging_mixin.py:190} INFO - [2025-12-16T06:12:53.432+0000] {dag.py:4180} INFO - Setting next_dagrun for ETL_process to None, run_after=None
[2025-12-16T06:12:53.457+0000] {processor.py:208} INFO - Processing /opt/airflow/dags/ETL.py took 0.110 seconds
[2025-12-16T06:13:23.735+0000] {processor.py:186} INFO - Started process (PID=4142) to work on /opt/airflow/dags/ETL.py
[2025-12-16T06:13:23.736+0000] {processor.py:914} INFO - Processing file /opt/airflow/dags/ETL.py for tasks to queue
[2025-12-16T06:13:23.740+0000] {logging_mixin.py:190} INFO - [2025-12-16T06:13:23.739+0000] {dagbag.py:588} INFO - Filling up the DagBag from /opt/airflow/dags/ETL.py
[2025-12-16T06:13:23.759+0000] {processor.py:925} INFO - DAG(s) 'ETL_process' retrieved from /opt/airflow/dags/ETL.py
[2025-12-16T06:13:23.789+0000] {logging_mixin.py:190} INFO - [2025-12-16T06:13:23.789+0000] {dag.py:3239} INFO - Sync 1 DAGs
[2025-12-16T06:13:23.804+0000] {logging_mixin.py:190} INFO - [2025-12-16T06:13:23.804+0000] {dag.py:4180} INFO - Setting next_dagrun for ETL_process to None, run_after=None
[2025-12-16T06:13:23.826+0000] {processor.py:208} INFO - Processing /opt/airflow/dags/ETL.py took 0.099 seconds
[2025-12-16T06:13:54.114+0000] {processor.py:186} INFO - Started process (PID=4152) to work on /opt/airflow/dags/ETL.py
[2025-12-16T06:13:54.115+0000] {processor.py:914} INFO - Processing file /opt/airflow/dags/ETL.py for tasks to queue
[2025-12-16T06:13:54.118+0000] {logging_mixin.py:190} INFO - [2025-12-16T06:13:54.118+0000] {dagbag.py:588} INFO - Filling up the DagBag from /opt/airflow/dags/ETL.py
[2025-12-16T06:13:54.140+0000] {processor.py:925} INFO - DAG(s) 'ETL_process' retrieved from /opt/airflow/dags/ETL.py
[2025-12-16T06:13:54.174+0000] {logging_mixin.py:190} INFO - [2025-12-16T06:13:54.174+0000] {dag.py:3239} INFO - Sync 1 DAGs
[2025-12-16T06:13:54.190+0000] {logging_mixin.py:190} INFO - [2025-12-16T06:13:54.190+0000] {dag.py:4180} INFO - Setting next_dagrun for ETL_process to None, run_after=None
[2025-12-16T06:13:54.208+0000] {processor.py:208} INFO - Processing /opt/airflow/dags/ETL.py took 0.101 seconds
[2025-12-16T06:14:24.529+0000] {processor.py:186} INFO - Started process (PID=4162) to work on /opt/airflow/dags/ETL.py
[2025-12-16T06:14:24.530+0000] {processor.py:914} INFO - Processing file /opt/airflow/dags/ETL.py for tasks to queue
[2025-12-16T06:14:24.534+0000] {logging_mixin.py:190} INFO - [2025-12-16T06:14:24.533+0000] {dagbag.py:588} INFO - Filling up the DagBag from /opt/airflow/dags/ETL.py
[2025-12-16T06:14:24.553+0000] {processor.py:925} INFO - DAG(s) 'ETL_process' retrieved from /opt/airflow/dags/ETL.py
[2025-12-16T06:14:24.584+0000] {logging_mixin.py:190} INFO - [2025-12-16T06:14:24.583+0000] {dag.py:3239} INFO - Sync 1 DAGs
[2025-12-16T06:14:24.598+0000] {logging_mixin.py:190} INFO - [2025-12-16T06:14:24.598+0000] {dag.py:4180} INFO - Setting next_dagrun for ETL_process to None, run_after=None
[2025-12-16T06:14:24.623+0000] {processor.py:208} INFO - Processing /opt/airflow/dags/ETL.py took 0.100 seconds
[2025-12-16T06:14:54.908+0000] {processor.py:186} INFO - Started process (PID=4172) to work on /opt/airflow/dags/ETL.py
[2025-12-16T06:14:54.909+0000] {processor.py:914} INFO - Processing file /opt/airflow/dags/ETL.py for tasks to queue
[2025-12-16T06:14:54.912+0000] {logging_mixin.py:190} INFO - [2025-12-16T06:14:54.912+0000] {dagbag.py:588} INFO - Filling up the DagBag from /opt/airflow/dags/ETL.py
[2025-12-16T06:14:54.932+0000] {processor.py:925} INFO - DAG(s) 'ETL_process' retrieved from /opt/airflow/dags/ETL.py
[2025-12-16T06:14:54.963+0000] {logging_mixin.py:190} INFO - [2025-12-16T06:14:54.963+0000] {dag.py:3239} INFO - Sync 1 DAGs
[2025-12-16T06:14:54.979+0000] {logging_mixin.py:190} INFO - [2025-12-16T06:14:54.979+0000] {dag.py:4180} INFO - Setting next_dagrun for ETL_process to None, run_after=None
[2025-12-16T06:14:55.002+0000] {processor.py:208} INFO - Processing /opt/airflow/dags/ETL.py took 0.100 seconds
[2025-12-16T06:15:25.292+0000] {processor.py:186} INFO - Started process (PID=4182) to work on /opt/airflow/dags/ETL.py
[2025-12-16T06:15:25.294+0000] {processor.py:914} INFO - Processing file /opt/airflow/dags/ETL.py for tasks to queue
[2025-12-16T06:15:25.297+0000] {logging_mixin.py:190} INFO - [2025-12-16T06:15:25.297+0000] {dagbag.py:588} INFO - Filling up the DagBag from /opt/airflow/dags/ETL.py
[2025-12-16T06:15:25.319+0000] {processor.py:925} INFO - DAG(s) 'ETL_process' retrieved from /opt/airflow/dags/ETL.py
[2025-12-16T06:15:25.351+0000] {logging_mixin.py:190} INFO - [2025-12-16T06:15:25.350+0000] {dag.py:3239} INFO - Sync 1 DAGs
[2025-12-16T06:15:25.366+0000] {logging_mixin.py:190} INFO - [2025-12-16T06:15:25.366+0000] {dag.py:4180} INFO - Setting next_dagrun for ETL_process to None, run_after=None
[2025-12-16T06:15:25.385+0000] {processor.py:208} INFO - Processing /opt/airflow/dags/ETL.py took 0.100 seconds
[2025-12-16T06:15:55.676+0000] {processor.py:186} INFO - Started process (PID=4192) to work on /opt/airflow/dags/ETL.py
[2025-12-16T06:15:55.677+0000] {processor.py:914} INFO - Processing file /opt/airflow/dags/ETL.py for tasks to queue
[2025-12-16T06:15:55.681+0000] {logging_mixin.py:190} INFO - [2025-12-16T06:15:55.680+0000] {dagbag.py:588} INFO - Filling up the DagBag from /opt/airflow/dags/ETL.py
[2025-12-16T06:15:55.702+0000] {processor.py:925} INFO - DAG(s) 'ETL_process' retrieved from /opt/airflow/dags/ETL.py
[2025-12-16T06:15:55.734+0000] {logging_mixin.py:190} INFO - [2025-12-16T06:15:55.734+0000] {dag.py:3239} INFO - Sync 1 DAGs
[2025-12-16T06:15:55.752+0000] {logging_mixin.py:190} INFO - [2025-12-16T06:15:55.752+0000] {dag.py:4180} INFO - Setting next_dagrun for ETL_process to None, run_after=None
[2025-12-16T06:15:55.773+0000] {processor.py:208} INFO - Processing /opt/airflow/dags/ETL.py took 0.105 seconds
[2025-12-16T06:16:26.060+0000] {processor.py:186} INFO - Started process (PID=4202) to work on /opt/airflow/dags/ETL.py
[2025-12-16T06:16:26.061+0000] {processor.py:914} INFO - Processing file /opt/airflow/dags/ETL.py for tasks to queue
[2025-12-16T06:16:26.064+0000] {logging_mixin.py:190} INFO - [2025-12-16T06:16:26.063+0000] {dagbag.py:588} INFO - Filling up the DagBag from /opt/airflow/dags/ETL.py
[2025-12-16T06:16:26.083+0000] {processor.py:925} INFO - DAG(s) 'ETL_process' retrieved from /opt/airflow/dags/ETL.py
[2025-12-16T06:16:26.117+0000] {logging_mixin.py:190} INFO - [2025-12-16T06:16:26.117+0000] {dag.py:3239} INFO - Sync 1 DAGs
[2025-12-16T06:16:26.137+0000] {logging_mixin.py:190} INFO - [2025-12-16T06:16:26.136+0000] {dag.py:4180} INFO - Setting next_dagrun for ETL_process to None, run_after=None
[2025-12-16T06:16:26.160+0000] {processor.py:208} INFO - Processing /opt/airflow/dags/ETL.py took 0.107 seconds
[2025-12-16T06:16:56.449+0000] {processor.py:186} INFO - Started process (PID=4212) to work on /opt/airflow/dags/ETL.py
[2025-12-16T06:16:56.451+0000] {processor.py:914} INFO - Processing file /opt/airflow/dags/ETL.py for tasks to queue
[2025-12-16T06:16:56.454+0000] {logging_mixin.py:190} INFO - [2025-12-16T06:16:56.454+0000] {dagbag.py:588} INFO - Filling up the DagBag from /opt/airflow/dags/ETL.py
[2025-12-16T06:16:56.475+0000] {processor.py:925} INFO - DAG(s) 'ETL_process' retrieved from /opt/airflow/dags/ETL.py
[2025-12-16T06:16:56.509+0000] {logging_mixin.py:190} INFO - [2025-12-16T06:16:56.509+0000] {dag.py:3239} INFO - Sync 1 DAGs
[2025-12-16T06:16:56.525+0000] {logging_mixin.py:190} INFO - [2025-12-16T06:16:56.525+0000] {dag.py:4180} INFO - Setting next_dagrun for ETL_process to None, run_after=None
[2025-12-16T06:16:56.550+0000] {processor.py:208} INFO - Processing /opt/airflow/dags/ETL.py took 0.108 seconds
[2025-12-16T06:17:26.835+0000] {processor.py:186} INFO - Started process (PID=4222) to work on /opt/airflow/dags/ETL.py
[2025-12-16T06:17:26.836+0000] {processor.py:914} INFO - Processing file /opt/airflow/dags/ETL.py for tasks to queue
[2025-12-16T06:17:26.840+0000] {logging_mixin.py:190} INFO - [2025-12-16T06:17:26.840+0000] {dagbag.py:588} INFO - Filling up the DagBag from /opt/airflow/dags/ETL.py
[2025-12-16T06:17:26.862+0000] {processor.py:925} INFO - DAG(s) 'ETL_process' retrieved from /opt/airflow/dags/ETL.py
[2025-12-16T06:17:26.897+0000] {logging_mixin.py:190} INFO - [2025-12-16T06:17:26.896+0000] {dag.py:3239} INFO - Sync 1 DAGs
[2025-12-16T06:17:26.914+0000] {logging_mixin.py:190} INFO - [2025-12-16T06:17:26.914+0000] {dag.py:4180} INFO - Setting next_dagrun for ETL_process to None, run_after=None
[2025-12-16T06:17:26.938+0000] {processor.py:208} INFO - Processing /opt/airflow/dags/ETL.py took 0.111 seconds
[2025-12-16T06:17:57.239+0000] {processor.py:186} INFO - Started process (PID=4232) to work on /opt/airflow/dags/ETL.py
[2025-12-16T06:17:57.241+0000] {processor.py:914} INFO - Processing file /opt/airflow/dags/ETL.py for tasks to queue
[2025-12-16T06:17:57.244+0000] {logging_mixin.py:190} INFO - [2025-12-16T06:17:57.244+0000] {dagbag.py:588} INFO - Filling up the DagBag from /opt/airflow/dags/ETL.py
[2025-12-16T06:17:57.265+0000] {processor.py:925} INFO - DAG(s) 'ETL_process' retrieved from /opt/airflow/dags/ETL.py
[2025-12-16T06:17:57.302+0000] {logging_mixin.py:190} INFO - [2025-12-16T06:17:57.302+0000] {dag.py:3239} INFO - Sync 1 DAGs
[2025-12-16T06:17:57.320+0000] {logging_mixin.py:190} INFO - [2025-12-16T06:17:57.320+0000] {dag.py:4180} INFO - Setting next_dagrun for ETL_process to None, run_after=None
[2025-12-16T06:17:57.343+0000] {processor.py:208} INFO - Processing /opt/airflow/dags/ETL.py took 0.112 seconds
[2025-12-16T06:18:27.627+0000] {processor.py:186} INFO - Started process (PID=4242) to work on /opt/airflow/dags/ETL.py
[2025-12-16T06:18:27.628+0000] {processor.py:914} INFO - Processing file /opt/airflow/dags/ETL.py for tasks to queue
[2025-12-16T06:18:27.631+0000] {logging_mixin.py:190} INFO - [2025-12-16T06:18:27.631+0000] {dagbag.py:588} INFO - Filling up the DagBag from /opt/airflow/dags/ETL.py
[2025-12-16T06:18:27.649+0000] {processor.py:925} INFO - DAG(s) 'ETL_process' retrieved from /opt/airflow/dags/ETL.py
[2025-12-16T06:18:27.682+0000] {logging_mixin.py:190} INFO - [2025-12-16T06:18:27.681+0000] {dag.py:3239} INFO - Sync 1 DAGs
[2025-12-16T06:18:27.696+0000] {logging_mixin.py:190} INFO - [2025-12-16T06:18:27.696+0000] {dag.py:4180} INFO - Setting next_dagrun for ETL_process to None, run_after=None
[2025-12-16T06:18:27.718+0000] {processor.py:208} INFO - Processing /opt/airflow/dags/ETL.py took 0.097 seconds
[2025-12-16T06:18:57.993+0000] {processor.py:186} INFO - Started process (PID=4252) to work on /opt/airflow/dags/ETL.py
[2025-12-16T06:18:57.994+0000] {processor.py:914} INFO - Processing file /opt/airflow/dags/ETL.py for tasks to queue
[2025-12-16T06:18:57.998+0000] {logging_mixin.py:190} INFO - [2025-12-16T06:18:57.997+0000] {dagbag.py:588} INFO - Filling up the DagBag from /opt/airflow/dags/ETL.py
[2025-12-16T06:18:58.019+0000] {processor.py:925} INFO - DAG(s) 'ETL_process' retrieved from /opt/airflow/dags/ETL.py
[2025-12-16T06:18:58.052+0000] {logging_mixin.py:190} INFO - [2025-12-16T06:18:58.052+0000] {dag.py:3239} INFO - Sync 1 DAGs
[2025-12-16T06:18:58.069+0000] {logging_mixin.py:190} INFO - [2025-12-16T06:18:58.069+0000] {dag.py:4180} INFO - Setting next_dagrun for ETL_process to None, run_after=None
[2025-12-16T06:18:58.089+0000] {processor.py:208} INFO - Processing /opt/airflow/dags/ETL.py took 0.104 seconds
[2025-12-16T06:19:28.415+0000] {processor.py:186} INFO - Started process (PID=4262) to work on /opt/airflow/dags/ETL.py
[2025-12-16T06:19:28.416+0000] {processor.py:914} INFO - Processing file /opt/airflow/dags/ETL.py for tasks to queue
[2025-12-16T06:19:28.419+0000] {logging_mixin.py:190} INFO - [2025-12-16T06:19:28.419+0000] {dagbag.py:588} INFO - Filling up the DagBag from /opt/airflow/dags/ETL.py
[2025-12-16T06:19:28.440+0000] {processor.py:925} INFO - DAG(s) 'ETL_process' retrieved from /opt/airflow/dags/ETL.py
[2025-12-16T06:19:28.475+0000] {logging_mixin.py:190} INFO - [2025-12-16T06:19:28.475+0000] {dag.py:3239} INFO - Sync 1 DAGs
[2025-12-16T06:19:28.493+0000] {logging_mixin.py:190} INFO - [2025-12-16T06:19:28.493+0000] {dag.py:4180} INFO - Setting next_dagrun for ETL_process to None, run_after=None
[2025-12-16T06:19:28.515+0000] {processor.py:208} INFO - Processing /opt/airflow/dags/ETL.py took 0.108 seconds
[2025-12-16T06:19:58.815+0000] {processor.py:186} INFO - Started process (PID=4272) to work on /opt/airflow/dags/ETL.py
[2025-12-16T06:19:58.817+0000] {processor.py:914} INFO - Processing file /opt/airflow/dags/ETL.py for tasks to queue
[2025-12-16T06:19:58.820+0000] {logging_mixin.py:190} INFO - [2025-12-16T06:19:58.820+0000] {dagbag.py:588} INFO - Filling up the DagBag from /opt/airflow/dags/ETL.py
[2025-12-16T06:19:58.841+0000] {processor.py:925} INFO - DAG(s) 'ETL_process' retrieved from /opt/airflow/dags/ETL.py
[2025-12-16T06:19:58.875+0000] {logging_mixin.py:190} INFO - [2025-12-16T06:19:58.874+0000] {dag.py:3239} INFO - Sync 1 DAGs
[2025-12-16T06:19:58.891+0000] {logging_mixin.py:190} INFO - [2025-12-16T06:19:58.891+0000] {dag.py:4180} INFO - Setting next_dagrun for ETL_process to None, run_after=None
[2025-12-16T06:19:58.939+0000] {processor.py:208} INFO - Processing /opt/airflow/dags/ETL.py took 0.131 seconds
[2025-12-16T06:20:29.221+0000] {processor.py:186} INFO - Started process (PID=4282) to work on /opt/airflow/dags/ETL.py
[2025-12-16T06:20:29.222+0000] {processor.py:914} INFO - Processing file /opt/airflow/dags/ETL.py for tasks to queue
[2025-12-16T06:20:29.226+0000] {logging_mixin.py:190} INFO - [2025-12-16T06:20:29.226+0000] {dagbag.py:588} INFO - Filling up the DagBag from /opt/airflow/dags/ETL.py
[2025-12-16T06:20:29.250+0000] {processor.py:925} INFO - DAG(s) 'ETL_process' retrieved from /opt/airflow/dags/ETL.py
[2025-12-16T06:20:29.290+0000] {logging_mixin.py:190} INFO - [2025-12-16T06:20:29.289+0000] {dag.py:3239} INFO - Sync 1 DAGs
[2025-12-16T06:20:29.312+0000] {logging_mixin.py:190} INFO - [2025-12-16T06:20:29.312+0000] {dag.py:4180} INFO - Setting next_dagrun for ETL_process to None, run_after=None
[2025-12-16T06:20:29.335+0000] {processor.py:208} INFO - Processing /opt/airflow/dags/ETL.py took 0.122 seconds
[2025-12-16T06:20:59.474+0000] {processor.py:186} INFO - Started process (PID=4292) to work on /opt/airflow/dags/ETL.py
[2025-12-16T06:20:59.476+0000] {processor.py:914} INFO - Processing file /opt/airflow/dags/ETL.py for tasks to queue
[2025-12-16T06:20:59.479+0000] {logging_mixin.py:190} INFO - [2025-12-16T06:20:59.479+0000] {dagbag.py:588} INFO - Filling up the DagBag from /opt/airflow/dags/ETL.py
[2025-12-16T06:20:59.498+0000] {processor.py:925} INFO - DAG(s) 'ETL_process' retrieved from /opt/airflow/dags/ETL.py
[2025-12-16T06:20:59.532+0000] {logging_mixin.py:190} INFO - [2025-12-16T06:20:59.532+0000] {dag.py:3239} INFO - Sync 1 DAGs
[2025-12-16T06:20:59.548+0000] {logging_mixin.py:190} INFO - [2025-12-16T06:20:59.548+0000] {dag.py:4180} INFO - Setting next_dagrun for ETL_process to None, run_after=None
[2025-12-16T06:20:59.569+0000] {processor.py:208} INFO - Processing /opt/airflow/dags/ETL.py took 0.103 seconds
[2025-12-16T06:21:29.851+0000] {processor.py:186} INFO - Started process (PID=4302) to work on /opt/airflow/dags/ETL.py
[2025-12-16T06:21:29.852+0000] {processor.py:914} INFO - Processing file /opt/airflow/dags/ETL.py for tasks to queue
[2025-12-16T06:21:29.856+0000] {logging_mixin.py:190} INFO - [2025-12-16T06:21:29.856+0000] {dagbag.py:588} INFO - Filling up the DagBag from /opt/airflow/dags/ETL.py
[2025-12-16T06:21:29.876+0000] {processor.py:925} INFO - DAG(s) 'ETL_process' retrieved from /opt/airflow/dags/ETL.py
[2025-12-16T06:21:29.909+0000] {logging_mixin.py:190} INFO - [2025-12-16T06:21:29.909+0000] {dag.py:3239} INFO - Sync 1 DAGs
[2025-12-16T06:21:29.925+0000] {logging_mixin.py:190} INFO - [2025-12-16T06:21:29.925+0000] {dag.py:4180} INFO - Setting next_dagrun for ETL_process to None, run_after=None
[2025-12-16T06:21:29.950+0000] {processor.py:208} INFO - Processing /opt/airflow/dags/ETL.py took 0.106 seconds
[2025-12-16T06:22:00.242+0000] {processor.py:186} INFO - Started process (PID=4312) to work on /opt/airflow/dags/ETL.py
[2025-12-16T06:22:00.244+0000] {processor.py:914} INFO - Processing file /opt/airflow/dags/ETL.py for tasks to queue
[2025-12-16T06:22:00.248+0000] {logging_mixin.py:190} INFO - [2025-12-16T06:22:00.248+0000] {dagbag.py:588} INFO - Filling up the DagBag from /opt/airflow/dags/ETL.py
[2025-12-16T06:22:00.271+0000] {processor.py:925} INFO - DAG(s) 'ETL_process' retrieved from /opt/airflow/dags/ETL.py
[2025-12-16T06:22:00.310+0000] {logging_mixin.py:190} INFO - [2025-12-16T06:22:00.310+0000] {dag.py:3239} INFO - Sync 1 DAGs
[2025-12-16T06:22:00.328+0000] {logging_mixin.py:190} INFO - [2025-12-16T06:22:00.328+0000] {dag.py:4180} INFO - Setting next_dagrun for ETL_process to None, run_after=None
[2025-12-16T06:22:00.351+0000] {processor.py:208} INFO - Processing /opt/airflow/dags/ETL.py took 0.117 seconds
[2025-12-16T06:22:30.643+0000] {processor.py:186} INFO - Started process (PID=4322) to work on /opt/airflow/dags/ETL.py
[2025-12-16T06:22:30.644+0000] {processor.py:914} INFO - Processing file /opt/airflow/dags/ETL.py for tasks to queue
[2025-12-16T06:22:30.648+0000] {logging_mixin.py:190} INFO - [2025-12-16T06:22:30.648+0000] {dagbag.py:588} INFO - Filling up the DagBag from /opt/airflow/dags/ETL.py
[2025-12-16T06:22:30.672+0000] {processor.py:925} INFO - DAG(s) 'ETL_process' retrieved from /opt/airflow/dags/ETL.py
[2025-12-16T06:22:30.708+0000] {logging_mixin.py:190} INFO - [2025-12-16T06:22:30.708+0000] {dag.py:3239} INFO - Sync 1 DAGs
[2025-12-16T06:22:30.725+0000] {logging_mixin.py:190} INFO - [2025-12-16T06:22:30.725+0000] {dag.py:4180} INFO - Setting next_dagrun for ETL_process to None, run_after=None
[2025-12-16T06:22:30.746+0000] {processor.py:208} INFO - Processing /opt/airflow/dags/ETL.py took 0.113 seconds
[2025-12-16T06:23:01.049+0000] {processor.py:186} INFO - Started process (PID=4332) to work on /opt/airflow/dags/ETL.py
[2025-12-16T06:23:01.051+0000] {processor.py:914} INFO - Processing file /opt/airflow/dags/ETL.py for tasks to queue
[2025-12-16T06:23:01.057+0000] {logging_mixin.py:190} INFO - [2025-12-16T06:23:01.056+0000] {dagbag.py:588} INFO - Filling up the DagBag from /opt/airflow/dags/ETL.py
[2025-12-16T06:23:01.098+0000] {processor.py:925} INFO - DAG(s) 'ETL_process' retrieved from /opt/airflow/dags/ETL.py
[2025-12-16T06:23:01.161+0000] {logging_mixin.py:190} INFO - [2025-12-16T06:23:01.161+0000] {dag.py:3239} INFO - Sync 1 DAGs
[2025-12-16T06:23:01.186+0000] {logging_mixin.py:190} INFO - [2025-12-16T06:23:01.186+0000] {dag.py:4180} INFO - Setting next_dagrun for ETL_process to None, run_after=None
[2025-12-16T06:23:01.211+0000] {processor.py:208} INFO - Processing /opt/airflow/dags/ETL.py took 0.178 seconds
[2025-12-16T06:23:31.335+0000] {processor.py:186} INFO - Started process (PID=4342) to work on /opt/airflow/dags/ETL.py
[2025-12-16T06:23:31.336+0000] {processor.py:914} INFO - Processing file /opt/airflow/dags/ETL.py for tasks to queue
[2025-12-16T06:23:31.341+0000] {logging_mixin.py:190} INFO - [2025-12-16T06:23:31.340+0000] {dagbag.py:588} INFO - Filling up the DagBag from /opt/airflow/dags/ETL.py
[2025-12-16T06:23:31.368+0000] {processor.py:925} INFO - DAG(s) 'ETL_process' retrieved from /opt/airflow/dags/ETL.py
[2025-12-16T06:23:31.411+0000] {logging_mixin.py:190} INFO - [2025-12-16T06:23:31.411+0000] {dag.py:3239} INFO - Sync 1 DAGs
[2025-12-16T06:23:31.430+0000] {logging_mixin.py:190} INFO - [2025-12-16T06:23:31.430+0000] {dag.py:4180} INFO - Setting next_dagrun for ETL_process to None, run_after=None
[2025-12-16T06:23:31.453+0000] {processor.py:208} INFO - Processing /opt/airflow/dags/ETL.py took 0.129 seconds
[2025-12-16T06:24:01.797+0000] {processor.py:186} INFO - Started process (PID=4353) to work on /opt/airflow/dags/ETL.py
[2025-12-16T06:24:01.799+0000] {processor.py:914} INFO - Processing file /opt/airflow/dags/ETL.py for tasks to queue
[2025-12-16T06:24:01.805+0000] {logging_mixin.py:190} INFO - [2025-12-16T06:24:01.804+0000] {dagbag.py:588} INFO - Filling up the DagBag from /opt/airflow/dags/ETL.py
[2025-12-16T06:24:01.837+0000] {processor.py:925} INFO - DAG(s) 'ETL_process' retrieved from /opt/airflow/dags/ETL.py
[2025-12-16T06:24:01.887+0000] {logging_mixin.py:190} INFO - [2025-12-16T06:24:01.886+0000] {dag.py:3239} INFO - Sync 1 DAGs
[2025-12-16T06:24:01.908+0000] {logging_mixin.py:190} INFO - [2025-12-16T06:24:01.908+0000] {dag.py:4180} INFO - Setting next_dagrun for ETL_process to None, run_after=None
[2025-12-16T06:24:01.931+0000] {processor.py:208} INFO - Processing /opt/airflow/dags/ETL.py took 0.160 seconds
[2025-12-16T06:24:32.347+0000] {processor.py:186} INFO - Started process (PID=4363) to work on /opt/airflow/dags/ETL.py
[2025-12-16T06:24:32.351+0000] {processor.py:914} INFO - Processing file /opt/airflow/dags/ETL.py for tasks to queue
[2025-12-16T06:24:32.360+0000] {logging_mixin.py:190} INFO - [2025-12-16T06:24:32.359+0000] {dagbag.py:588} INFO - Filling up the DagBag from /opt/airflow/dags/ETL.py
[2025-12-16T06:24:32.388+0000] {processor.py:925} INFO - DAG(s) 'ETL_process' retrieved from /opt/airflow/dags/ETL.py
[2025-12-16T06:24:32.437+0000] {logging_mixin.py:190} INFO - [2025-12-16T06:24:32.436+0000] {dag.py:3239} INFO - Sync 1 DAGs
[2025-12-16T06:24:32.457+0000] {logging_mixin.py:190} INFO - [2025-12-16T06:24:32.457+0000] {dag.py:4180} INFO - Setting next_dagrun for ETL_process to None, run_after=None
[2025-12-16T06:24:32.481+0000] {processor.py:208} INFO - Processing /opt/airflow/dags/ETL.py took 0.165 seconds
[2025-12-16T06:25:02.777+0000] {processor.py:186} INFO - Started process (PID=4373) to work on /opt/airflow/dags/ETL.py
[2025-12-16T06:25:02.779+0000] {processor.py:914} INFO - Processing file /opt/airflow/dags/ETL.py for tasks to queue
[2025-12-16T06:25:02.783+0000] {logging_mixin.py:190} INFO - [2025-12-16T06:25:02.782+0000] {dagbag.py:588} INFO - Filling up the DagBag from /opt/airflow/dags/ETL.py
[2025-12-16T06:25:02.810+0000] {processor.py:925} INFO - DAG(s) 'ETL_process' retrieved from /opt/airflow/dags/ETL.py
[2025-12-16T06:25:02.868+0000] {logging_mixin.py:190} INFO - [2025-12-16T06:25:02.867+0000] {dag.py:3239} INFO - Sync 1 DAGs
[2025-12-16T06:25:02.882+0000] {logging_mixin.py:190} INFO - [2025-12-16T06:25:02.882+0000] {dag.py:4180} INFO - Setting next_dagrun for ETL_process to None, run_after=None
[2025-12-16T06:25:02.901+0000] {processor.py:208} INFO - Processing /opt/airflow/dags/ETL.py took 0.132 seconds
[2025-12-16T06:25:33.195+0000] {processor.py:186} INFO - Started process (PID=4383) to work on /opt/airflow/dags/ETL.py
[2025-12-16T06:25:33.196+0000] {processor.py:914} INFO - Processing file /opt/airflow/dags/ETL.py for tasks to queue
[2025-12-16T06:25:33.200+0000] {logging_mixin.py:190} INFO - [2025-12-16T06:25:33.200+0000] {dagbag.py:588} INFO - Filling up the DagBag from /opt/airflow/dags/ETL.py
[2025-12-16T06:25:33.225+0000] {processor.py:925} INFO - DAG(s) 'ETL_process' retrieved from /opt/airflow/dags/ETL.py
[2025-12-16T06:25:33.271+0000] {logging_mixin.py:190} INFO - [2025-12-16T06:25:33.271+0000] {dag.py:3239} INFO - Sync 1 DAGs
[2025-12-16T06:25:33.292+0000] {logging_mixin.py:190} INFO - [2025-12-16T06:25:33.291+0000] {dag.py:4180} INFO - Setting next_dagrun for ETL_process to None, run_after=None
[2025-12-16T06:25:33.329+0000] {processor.py:208} INFO - Processing /opt/airflow/dags/ETL.py took 0.145 seconds
[2025-12-16T06:26:03.615+0000] {processor.py:186} INFO - Started process (PID=4393) to work on /opt/airflow/dags/ETL.py
[2025-12-16T06:26:03.616+0000] {processor.py:914} INFO - Processing file /opt/airflow/dags/ETL.py for tasks to queue
[2025-12-16T06:26:03.620+0000] {logging_mixin.py:190} INFO - [2025-12-16T06:26:03.619+0000] {dagbag.py:588} INFO - Filling up the DagBag from /opt/airflow/dags/ETL.py
[2025-12-16T06:26:03.641+0000] {processor.py:925} INFO - DAG(s) 'ETL_process' retrieved from /opt/airflow/dags/ETL.py
[2025-12-16T06:26:03.681+0000] {logging_mixin.py:190} INFO - [2025-12-16T06:26:03.680+0000] {dag.py:3239} INFO - Sync 1 DAGs
[2025-12-16T06:26:03.701+0000] {logging_mixin.py:190} INFO - [2025-12-16T06:26:03.701+0000] {dag.py:4180} INFO - Setting next_dagrun for ETL_process to None, run_after=None
[2025-12-16T06:26:03.727+0000] {processor.py:208} INFO - Processing /opt/airflow/dags/ETL.py took 0.120 seconds
[2025-12-16T06:26:34.011+0000] {processor.py:186} INFO - Started process (PID=4403) to work on /opt/airflow/dags/ETL.py
[2025-12-16T06:26:34.013+0000] {processor.py:914} INFO - Processing file /opt/airflow/dags/ETL.py for tasks to queue
[2025-12-16T06:26:34.017+0000] {logging_mixin.py:190} INFO - [2025-12-16T06:26:34.016+0000] {dagbag.py:588} INFO - Filling up the DagBag from /opt/airflow/dags/ETL.py
[2025-12-16T06:26:34.038+0000] {processor.py:925} INFO - DAG(s) 'ETL_process' retrieved from /opt/airflow/dags/ETL.py
[2025-12-16T06:26:34.068+0000] {logging_mixin.py:190} INFO - [2025-12-16T06:26:34.068+0000] {dag.py:3239} INFO - Sync 1 DAGs
[2025-12-16T06:26:34.087+0000] {logging_mixin.py:190} INFO - [2025-12-16T06:26:34.087+0000] {dag.py:4180} INFO - Setting next_dagrun for ETL_process to None, run_after=None
[2025-12-16T06:26:34.107+0000] {processor.py:208} INFO - Processing /opt/airflow/dags/ETL.py took 0.105 seconds
[2025-12-16T06:27:04.385+0000] {processor.py:186} INFO - Started process (PID=4413) to work on /opt/airflow/dags/ETL.py
[2025-12-16T06:27:04.387+0000] {processor.py:914} INFO - Processing file /opt/airflow/dags/ETL.py for tasks to queue
[2025-12-16T06:27:04.390+0000] {logging_mixin.py:190} INFO - [2025-12-16T06:27:04.390+0000] {dagbag.py:588} INFO - Filling up the DagBag from /opt/airflow/dags/ETL.py
[2025-12-16T06:27:04.410+0000] {processor.py:925} INFO - DAG(s) 'ETL_process' retrieved from /opt/airflow/dags/ETL.py
[2025-12-16T06:27:04.449+0000] {logging_mixin.py:190} INFO - [2025-12-16T06:27:04.448+0000] {dag.py:3239} INFO - Sync 1 DAGs
[2025-12-16T06:27:04.463+0000] {logging_mixin.py:190} INFO - [2025-12-16T06:27:04.463+0000] {dag.py:4180} INFO - Setting next_dagrun for ETL_process to None, run_after=None
[2025-12-16T06:27:04.482+0000] {processor.py:208} INFO - Processing /opt/airflow/dags/ETL.py took 0.105 seconds
[2025-12-16T06:27:34.762+0000] {processor.py:186} INFO - Started process (PID=4423) to work on /opt/airflow/dags/ETL.py
[2025-12-16T06:27:34.763+0000] {processor.py:914} INFO - Processing file /opt/airflow/dags/ETL.py for tasks to queue
[2025-12-16T06:27:34.767+0000] {logging_mixin.py:190} INFO - [2025-12-16T06:27:34.766+0000] {dagbag.py:588} INFO - Filling up the DagBag from /opt/airflow/dags/ETL.py
[2025-12-16T06:27:34.789+0000] {processor.py:925} INFO - DAG(s) 'ETL_process' retrieved from /opt/airflow/dags/ETL.py
[2025-12-16T06:27:34.824+0000] {logging_mixin.py:190} INFO - [2025-12-16T06:27:34.824+0000] {dag.py:3239} INFO - Sync 1 DAGs
[2025-12-16T06:27:34.847+0000] {logging_mixin.py:190} INFO - [2025-12-16T06:27:34.847+0000] {dag.py:4180} INFO - Setting next_dagrun for ETL_process to None, run_after=None
[2025-12-16T06:27:34.877+0000] {processor.py:208} INFO - Processing /opt/airflow/dags/ETL.py took 0.124 seconds
[2025-12-16T06:28:05.156+0000] {processor.py:186} INFO - Started process (PID=4433) to work on /opt/airflow/dags/ETL.py
[2025-12-16T06:28:05.158+0000] {processor.py:914} INFO - Processing file /opt/airflow/dags/ETL.py for tasks to queue
[2025-12-16T06:28:05.161+0000] {logging_mixin.py:190} INFO - [2025-12-16T06:28:05.160+0000] {dagbag.py:588} INFO - Filling up the DagBag from /opt/airflow/dags/ETL.py
[2025-12-16T06:28:05.180+0000] {processor.py:925} INFO - DAG(s) 'ETL_process' retrieved from /opt/airflow/dags/ETL.py
[2025-12-16T06:28:05.209+0000] {logging_mixin.py:190} INFO - [2025-12-16T06:28:05.209+0000] {dag.py:3239} INFO - Sync 1 DAGs
[2025-12-16T06:28:05.224+0000] {logging_mixin.py:190} INFO - [2025-12-16T06:28:05.224+0000] {dag.py:4180} INFO - Setting next_dagrun for ETL_process to None, run_after=None
[2025-12-16T06:28:05.248+0000] {processor.py:208} INFO - Processing /opt/airflow/dags/ETL.py took 0.098 seconds
[2025-12-16T06:28:35.521+0000] {processor.py:186} INFO - Started process (PID=4443) to work on /opt/airflow/dags/ETL.py
[2025-12-16T06:28:35.523+0000] {processor.py:914} INFO - Processing file /opt/airflow/dags/ETL.py for tasks to queue
[2025-12-16T06:28:35.527+0000] {logging_mixin.py:190} INFO - [2025-12-16T06:28:35.526+0000] {dagbag.py:588} INFO - Filling up the DagBag from /opt/airflow/dags/ETL.py
[2025-12-16T06:28:35.548+0000] {processor.py:925} INFO - DAG(s) 'ETL_process' retrieved from /opt/airflow/dags/ETL.py
[2025-12-16T06:28:35.579+0000] {logging_mixin.py:190} INFO - [2025-12-16T06:28:35.579+0000] {dag.py:3239} INFO - Sync 1 DAGs
[2025-12-16T06:28:35.594+0000] {logging_mixin.py:190} INFO - [2025-12-16T06:28:35.594+0000] {dag.py:4180} INFO - Setting next_dagrun for ETL_process to None, run_after=None
[2025-12-16T06:28:35.619+0000] {processor.py:208} INFO - Processing /opt/airflow/dags/ETL.py took 0.106 seconds
[2025-12-16T06:29:05.902+0000] {processor.py:186} INFO - Started process (PID=4453) to work on /opt/airflow/dags/ETL.py
[2025-12-16T06:29:05.903+0000] {processor.py:914} INFO - Processing file /opt/airflow/dags/ETL.py for tasks to queue
[2025-12-16T06:29:05.906+0000] {logging_mixin.py:190} INFO - [2025-12-16T06:29:05.906+0000] {dagbag.py:588} INFO - Filling up the DagBag from /opt/airflow/dags/ETL.py
[2025-12-16T06:29:05.925+0000] {processor.py:925} INFO - DAG(s) 'ETL_process' retrieved from /opt/airflow/dags/ETL.py
[2025-12-16T06:29:06.574+0000] {logging_mixin.py:190} INFO - [2025-12-16T06:29:06.574+0000] {dag.py:3239} INFO - Sync 1 DAGs
[2025-12-16T06:29:06.590+0000] {logging_mixin.py:190} INFO - [2025-12-16T06:29:06.589+0000] {dag.py:4180} INFO - Setting next_dagrun for ETL_process to None, run_after=None
[2025-12-16T06:29:06.610+0000] {processor.py:208} INFO - Processing /opt/airflow/dags/ETL.py took 0.714 seconds
[2025-12-16T06:29:37.219+0000] {processor.py:186} INFO - Started process (PID=4463) to work on /opt/airflow/dags/ETL.py
[2025-12-16T06:29:37.221+0000] {processor.py:914} INFO - Processing file /opt/airflow/dags/ETL.py for tasks to queue
[2025-12-16T06:29:37.224+0000] {logging_mixin.py:190} INFO - [2025-12-16T06:29:37.223+0000] {dagbag.py:588} INFO - Filling up the DagBag from /opt/airflow/dags/ETL.py
[2025-12-16T06:29:37.244+0000] {processor.py:925} INFO - DAG(s) 'ETL_process' retrieved from /opt/airflow/dags/ETL.py
[2025-12-16T06:29:37.315+0000] {logging_mixin.py:190} INFO - [2025-12-16T06:29:37.315+0000] {dag.py:3239} INFO - Sync 1 DAGs
[2025-12-16T06:29:37.332+0000] {logging_mixin.py:190} INFO - [2025-12-16T06:29:37.332+0000] {dag.py:4180} INFO - Setting next_dagrun for ETL_process to None, run_after=None
[2025-12-16T06:29:37.353+0000] {processor.py:208} INFO - Processing /opt/airflow/dags/ETL.py took 0.141 seconds
[2025-12-16T06:30:07.656+0000] {processor.py:186} INFO - Started process (PID=4473) to work on /opt/airflow/dags/ETL.py
[2025-12-16T06:30:07.658+0000] {processor.py:914} INFO - Processing file /opt/airflow/dags/ETL.py for tasks to queue
[2025-12-16T06:30:07.662+0000] {logging_mixin.py:190} INFO - [2025-12-16T06:30:07.662+0000] {dagbag.py:588} INFO - Filling up the DagBag from /opt/airflow/dags/ETL.py
[2025-12-16T06:30:07.685+0000] {processor.py:925} INFO - DAG(s) 'ETL_process' retrieved from /opt/airflow/dags/ETL.py
[2025-12-16T06:30:07.747+0000] {logging_mixin.py:190} INFO - [2025-12-16T06:30:07.747+0000] {dag.py:3239} INFO - Sync 1 DAGs
[2025-12-16T06:30:07.766+0000] {logging_mixin.py:190} INFO - [2025-12-16T06:30:07.766+0000] {dag.py:4180} INFO - Setting next_dagrun for ETL_process to None, run_after=None
[2025-12-16T06:30:07.796+0000] {processor.py:208} INFO - Processing /opt/airflow/dags/ETL.py took 0.148 seconds
[2025-12-16T06:30:38.084+0000] {processor.py:186} INFO - Started process (PID=4483) to work on /opt/airflow/dags/ETL.py
[2025-12-16T06:30:38.085+0000] {processor.py:914} INFO - Processing file /opt/airflow/dags/ETL.py for tasks to queue
[2025-12-16T06:30:38.089+0000] {logging_mixin.py:190} INFO - [2025-12-16T06:30:38.088+0000] {dagbag.py:588} INFO - Filling up the DagBag from /opt/airflow/dags/ETL.py
[2025-12-16T06:30:38.110+0000] {processor.py:925} INFO - DAG(s) 'ETL_process' retrieved from /opt/airflow/dags/ETL.py
[2025-12-16T06:30:38.162+0000] {logging_mixin.py:190} INFO - [2025-12-16T06:30:38.162+0000] {dag.py:3239} INFO - Sync 1 DAGs
[2025-12-16T06:30:38.178+0000] {logging_mixin.py:190} INFO - [2025-12-16T06:30:38.178+0000] {dag.py:4180} INFO - Setting next_dagrun for ETL_process to None, run_after=None
[2025-12-16T06:30:38.197+0000] {processor.py:208} INFO - Processing /opt/airflow/dags/ETL.py took 0.122 seconds
[2025-12-16T06:31:08.490+0000] {processor.py:186} INFO - Started process (PID=4493) to work on /opt/airflow/dags/ETL.py
[2025-12-16T06:31:08.491+0000] {processor.py:914} INFO - Processing file /opt/airflow/dags/ETL.py for tasks to queue
[2025-12-16T06:31:08.494+0000] {logging_mixin.py:190} INFO - [2025-12-16T06:31:08.494+0000] {dagbag.py:588} INFO - Filling up the DagBag from /opt/airflow/dags/ETL.py
[2025-12-16T06:31:08.514+0000] {processor.py:925} INFO - DAG(s) 'ETL_process' retrieved from /opt/airflow/dags/ETL.py
[2025-12-16T06:31:08.559+0000] {logging_mixin.py:190} INFO - [2025-12-16T06:31:08.559+0000] {dag.py:3239} INFO - Sync 1 DAGs
[2025-12-16T06:31:08.574+0000] {logging_mixin.py:190} INFO - [2025-12-16T06:31:08.574+0000] {dag.py:4180} INFO - Setting next_dagrun for ETL_process to None, run_after=None
[2025-12-16T06:31:08.595+0000] {processor.py:208} INFO - Processing /opt/airflow/dags/ETL.py took 0.112 seconds
[2025-12-16T06:31:38.872+0000] {processor.py:186} INFO - Started process (PID=4503) to work on /opt/airflow/dags/ETL.py
[2025-12-16T06:31:38.873+0000] {processor.py:914} INFO - Processing file /opt/airflow/dags/ETL.py for tasks to queue
[2025-12-16T06:31:38.876+0000] {logging_mixin.py:190} INFO - [2025-12-16T06:31:38.876+0000] {dagbag.py:588} INFO - Filling up the DagBag from /opt/airflow/dags/ETL.py
[2025-12-16T06:31:38.896+0000] {processor.py:925} INFO - DAG(s) 'ETL_process' retrieved from /opt/airflow/dags/ETL.py
[2025-12-16T06:31:38.939+0000] {logging_mixin.py:190} INFO - [2025-12-16T06:31:38.939+0000] {dag.py:3239} INFO - Sync 1 DAGs
[2025-12-16T06:31:38.953+0000] {logging_mixin.py:190} INFO - [2025-12-16T06:31:38.952+0000] {dag.py:4180} INFO - Setting next_dagrun for ETL_process to None, run_after=None
[2025-12-16T06:31:38.971+0000] {processor.py:208} INFO - Processing /opt/airflow/dags/ETL.py took 0.105 seconds
[2025-12-16T06:32:09.260+0000] {processor.py:186} INFO - Started process (PID=4513) to work on /opt/airflow/dags/ETL.py
[2025-12-16T06:32:09.261+0000] {processor.py:914} INFO - Processing file /opt/airflow/dags/ETL.py for tasks to queue
[2025-12-16T06:32:09.264+0000] {logging_mixin.py:190} INFO - [2025-12-16T06:32:09.264+0000] {dagbag.py:588} INFO - Filling up the DagBag from /opt/airflow/dags/ETL.py
[2025-12-16T06:32:09.287+0000] {processor.py:925} INFO - DAG(s) 'ETL_process' retrieved from /opt/airflow/dags/ETL.py
[2025-12-16T06:32:09.339+0000] {logging_mixin.py:190} INFO - [2025-12-16T06:32:09.338+0000] {dag.py:3239} INFO - Sync 1 DAGs
[2025-12-16T06:32:09.355+0000] {logging_mixin.py:190} INFO - [2025-12-16T06:32:09.355+0000] {dag.py:4180} INFO - Setting next_dagrun for ETL_process to None, run_after=None
[2025-12-16T06:32:09.380+0000] {processor.py:208} INFO - Processing /opt/airflow/dags/ETL.py took 0.128 seconds
[2025-12-16T06:32:39.672+0000] {processor.py:186} INFO - Started process (PID=4523) to work on /opt/airflow/dags/ETL.py
[2025-12-16T06:32:39.673+0000] {processor.py:914} INFO - Processing file /opt/airflow/dags/ETL.py for tasks to queue
[2025-12-16T06:32:39.676+0000] {logging_mixin.py:190} INFO - [2025-12-16T06:32:39.676+0000] {dagbag.py:588} INFO - Filling up the DagBag from /opt/airflow/dags/ETL.py
[2025-12-16T06:32:39.698+0000] {processor.py:925} INFO - DAG(s) 'ETL_process' retrieved from /opt/airflow/dags/ETL.py
[2025-12-16T06:32:39.747+0000] {logging_mixin.py:190} INFO - [2025-12-16T06:32:39.747+0000] {dag.py:3239} INFO - Sync 1 DAGs
[2025-12-16T06:32:39.762+0000] {logging_mixin.py:190} INFO - [2025-12-16T06:32:39.762+0000] {dag.py:4180} INFO - Setting next_dagrun for ETL_process to None, run_after=None
[2025-12-16T06:32:39.782+0000] {processor.py:208} INFO - Processing /opt/airflow/dags/ETL.py took 0.118 seconds
[2025-12-16T06:33:10.060+0000] {processor.py:186} INFO - Started process (PID=4533) to work on /opt/airflow/dags/ETL.py
[2025-12-16T06:33:10.061+0000] {processor.py:914} INFO - Processing file /opt/airflow/dags/ETL.py for tasks to queue
[2025-12-16T06:33:10.065+0000] {logging_mixin.py:190} INFO - [2025-12-16T06:33:10.064+0000] {dagbag.py:588} INFO - Filling up the DagBag from /opt/airflow/dags/ETL.py
[2025-12-16T06:33:10.086+0000] {processor.py:925} INFO - DAG(s) 'ETL_process' retrieved from /opt/airflow/dags/ETL.py
[2025-12-16T06:33:10.134+0000] {logging_mixin.py:190} INFO - [2025-12-16T06:33:10.134+0000] {dag.py:3239} INFO - Sync 1 DAGs
[2025-12-16T06:33:10.148+0000] {logging_mixin.py:190} INFO - [2025-12-16T06:33:10.148+0000] {dag.py:4180} INFO - Setting next_dagrun for ETL_process to None, run_after=None
[2025-12-16T06:33:10.167+0000] {processor.py:208} INFO - Processing /opt/airflow/dags/ETL.py took 0.114 seconds
[2025-12-16T06:33:40.441+0000] {processor.py:186} INFO - Started process (PID=4543) to work on /opt/airflow/dags/ETL.py
[2025-12-16T06:33:40.442+0000] {processor.py:914} INFO - Processing file /opt/airflow/dags/ETL.py for tasks to queue
[2025-12-16T06:33:40.446+0000] {logging_mixin.py:190} INFO - [2025-12-16T06:33:40.446+0000] {dagbag.py:588} INFO - Filling up the DagBag from /opt/airflow/dags/ETL.py
[2025-12-16T06:33:40.465+0000] {processor.py:925} INFO - DAG(s) 'ETL_process' retrieved from /opt/airflow/dags/ETL.py
[2025-12-16T06:33:40.509+0000] {logging_mixin.py:190} INFO - [2025-12-16T06:33:40.509+0000] {dag.py:3239} INFO - Sync 1 DAGs
[2025-12-16T06:33:40.523+0000] {logging_mixin.py:190} INFO - [2025-12-16T06:33:40.523+0000] {dag.py:4180} INFO - Setting next_dagrun for ETL_process to None, run_after=None
[2025-12-16T06:33:40.546+0000] {processor.py:208} INFO - Processing /opt/airflow/dags/ETL.py took 0.111 seconds
[2025-12-16T06:34:10.828+0000] {processor.py:186} INFO - Started process (PID=4553) to work on /opt/airflow/dags/ETL.py
[2025-12-16T06:34:10.830+0000] {processor.py:914} INFO - Processing file /opt/airflow/dags/ETL.py for tasks to queue
[2025-12-16T06:34:10.833+0000] {logging_mixin.py:190} INFO - [2025-12-16T06:34:10.833+0000] {dagbag.py:588} INFO - Filling up the DagBag from /opt/airflow/dags/ETL.py
[2025-12-16T06:34:10.854+0000] {processor.py:925} INFO - DAG(s) 'ETL_process' retrieved from /opt/airflow/dags/ETL.py
[2025-12-16T06:34:10.899+0000] {logging_mixin.py:190} INFO - [2025-12-16T06:34:10.899+0000] {dag.py:3239} INFO - Sync 1 DAGs
[2025-12-16T06:34:10.915+0000] {logging_mixin.py:190} INFO - [2025-12-16T06:34:10.914+0000] {dag.py:4180} INFO - Setting next_dagrun for ETL_process to None, run_after=None
[2025-12-16T06:34:10.934+0000] {processor.py:208} INFO - Processing /opt/airflow/dags/ETL.py took 0.112 seconds
[2025-12-16T06:34:41.245+0000] {processor.py:186} INFO - Started process (PID=4563) to work on /opt/airflow/dags/ETL.py
[2025-12-16T06:34:41.246+0000] {processor.py:914} INFO - Processing file /opt/airflow/dags/ETL.py for tasks to queue
[2025-12-16T06:34:41.249+0000] {logging_mixin.py:190} INFO - [2025-12-16T06:34:41.249+0000] {dagbag.py:588} INFO - Filling up the DagBag from /opt/airflow/dags/ETL.py
[2025-12-16T06:34:41.284+0000] {processor.py:925} INFO - DAG(s) 'ETL_process' retrieved from /opt/airflow/dags/ETL.py
[2025-12-16T06:34:41.312+0000] {logging_mixin.py:190} INFO - [2025-12-16T06:34:41.312+0000] {dag.py:3239} INFO - Sync 1 DAGs
[2025-12-16T06:34:41.326+0000] {logging_mixin.py:190} INFO - [2025-12-16T06:34:41.325+0000] {dag.py:4180} INFO - Setting next_dagrun for ETL_process to None, run_after=None
[2025-12-16T06:34:41.349+0000] {processor.py:208} INFO - Processing /opt/airflow/dags/ETL.py took 0.111 seconds
[2025-12-16T06:35:11.623+0000] {processor.py:186} INFO - Started process (PID=4573) to work on /opt/airflow/dags/ETL.py
[2025-12-16T06:35:11.624+0000] {processor.py:914} INFO - Processing file /opt/airflow/dags/ETL.py for tasks to queue
[2025-12-16T06:35:11.628+0000] {logging_mixin.py:190} INFO - [2025-12-16T06:35:11.627+0000] {dagbag.py:588} INFO - Filling up the DagBag from /opt/airflow/dags/ETL.py
[2025-12-16T06:35:11.664+0000] {processor.py:925} INFO - DAG(s) 'ETL_process' retrieved from /opt/airflow/dags/ETL.py
[2025-12-16T06:35:11.696+0000] {logging_mixin.py:190} INFO - [2025-12-16T06:35:11.695+0000] {dag.py:3239} INFO - Sync 1 DAGs
[2025-12-16T06:35:11.713+0000] {logging_mixin.py:190} INFO - [2025-12-16T06:35:11.713+0000] {dag.py:4180} INFO - Setting next_dagrun for ETL_process to None, run_after=None
[2025-12-16T06:35:11.742+0000] {processor.py:208} INFO - Processing /opt/airflow/dags/ETL.py took 0.125 seconds
[2025-12-16T06:35:42.024+0000] {processor.py:186} INFO - Started process (PID=4583) to work on /opt/airflow/dags/ETL.py
[2025-12-16T06:35:42.025+0000] {processor.py:914} INFO - Processing file /opt/airflow/dags/ETL.py for tasks to queue
[2025-12-16T06:35:42.029+0000] {logging_mixin.py:190} INFO - [2025-12-16T06:35:42.028+0000] {dagbag.py:588} INFO - Filling up the DagBag from /opt/airflow/dags/ETL.py
[2025-12-16T06:35:42.070+0000] {processor.py:925} INFO - DAG(s) 'ETL_process' retrieved from /opt/airflow/dags/ETL.py
[2025-12-16T06:35:42.111+0000] {logging_mixin.py:190} INFO - [2025-12-16T06:35:42.110+0000] {dag.py:3239} INFO - Sync 1 DAGs
[2025-12-16T06:35:42.130+0000] {logging_mixin.py:190} INFO - [2025-12-16T06:35:42.130+0000] {dag.py:4180} INFO - Setting next_dagrun for ETL_process to None, run_after=None
[2025-12-16T06:35:42.151+0000] {processor.py:208} INFO - Processing /opt/airflow/dags/ETL.py took 0.135 seconds
[2025-12-16T06:36:12.432+0000] {processor.py:186} INFO - Started process (PID=4593) to work on /opt/airflow/dags/ETL.py
[2025-12-16T06:36:12.433+0000] {processor.py:914} INFO - Processing file /opt/airflow/dags/ETL.py for tasks to queue
[2025-12-16T06:36:12.437+0000] {logging_mixin.py:190} INFO - [2025-12-16T06:36:12.436+0000] {dagbag.py:588} INFO - Filling up the DagBag from /opt/airflow/dags/ETL.py
[2025-12-16T06:36:12.480+0000] {processor.py:925} INFO - DAG(s) 'ETL_process' retrieved from /opt/airflow/dags/ETL.py
[2025-12-16T06:36:12.515+0000] {logging_mixin.py:190} INFO - [2025-12-16T06:36:12.515+0000] {dag.py:3239} INFO - Sync 1 DAGs
[2025-12-16T06:36:12.532+0000] {logging_mixin.py:190} INFO - [2025-12-16T06:36:12.532+0000] {dag.py:4180} INFO - Setting next_dagrun for ETL_process to None, run_after=None
[2025-12-16T06:36:12.559+0000] {processor.py:208} INFO - Processing /opt/airflow/dags/ETL.py took 0.135 seconds
[2025-12-16T06:36:42.843+0000] {processor.py:186} INFO - Started process (PID=4603) to work on /opt/airflow/dags/ETL.py
[2025-12-16T06:36:42.845+0000] {processor.py:914} INFO - Processing file /opt/airflow/dags/ETL.py for tasks to queue
[2025-12-16T06:36:42.848+0000] {logging_mixin.py:190} INFO - [2025-12-16T06:36:42.848+0000] {dagbag.py:588} INFO - Filling up the DagBag from /opt/airflow/dags/ETL.py
[2025-12-16T06:36:42.870+0000] {processor.py:925} INFO - DAG(s) 'ETL_process' retrieved from /opt/airflow/dags/ETL.py
[2025-12-16T06:36:42.901+0000] {logging_mixin.py:190} INFO - [2025-12-16T06:36:42.901+0000] {dag.py:3239} INFO - Sync 1 DAGs
[2025-12-16T06:36:42.917+0000] {logging_mixin.py:190} INFO - [2025-12-16T06:36:42.917+0000] {dag.py:4180} INFO - Setting next_dagrun for ETL_process to None, run_after=None
[2025-12-16T06:36:42.939+0000] {processor.py:208} INFO - Processing /opt/airflow/dags/ETL.py took 0.102 seconds
[2025-12-16T06:37:13.238+0000] {processor.py:186} INFO - Started process (PID=4613) to work on /opt/airflow/dags/ETL.py
[2025-12-16T06:37:13.240+0000] {processor.py:914} INFO - Processing file /opt/airflow/dags/ETL.py for tasks to queue
[2025-12-16T06:37:13.245+0000] {logging_mixin.py:190} INFO - [2025-12-16T06:37:13.244+0000] {dagbag.py:588} INFO - Filling up the DagBag from /opt/airflow/dags/ETL.py
[2025-12-16T06:37:13.272+0000] {processor.py:925} INFO - DAG(s) 'ETL_process' retrieved from /opt/airflow/dags/ETL.py
[2025-12-16T06:37:13.310+0000] {logging_mixin.py:190} INFO - [2025-12-16T06:37:13.310+0000] {dag.py:3239} INFO - Sync 1 DAGs
[2025-12-16T06:37:13.331+0000] {logging_mixin.py:190} INFO - [2025-12-16T06:37:13.331+0000] {dag.py:4180} INFO - Setting next_dagrun for ETL_process to None, run_after=None
[2025-12-16T06:37:13.349+0000] {processor.py:208} INFO - Processing /opt/airflow/dags/ETL.py took 0.121 seconds
[2025-12-16T06:37:43.490+0000] {processor.py:186} INFO - Started process (PID=4623) to work on /opt/airflow/dags/ETL.py
[2025-12-16T06:37:43.491+0000] {processor.py:914} INFO - Processing file /opt/airflow/dags/ETL.py for tasks to queue
[2025-12-16T06:37:43.494+0000] {logging_mixin.py:190} INFO - [2025-12-16T06:37:43.493+0000] {dagbag.py:588} INFO - Filling up the DagBag from /opt/airflow/dags/ETL.py
[2025-12-16T06:37:43.513+0000] {processor.py:925} INFO - DAG(s) 'ETL_process' retrieved from /opt/airflow/dags/ETL.py
[2025-12-16T06:37:43.547+0000] {logging_mixin.py:190} INFO - [2025-12-16T06:37:43.547+0000] {dag.py:3239} INFO - Sync 1 DAGs
[2025-12-16T06:37:43.563+0000] {logging_mixin.py:190} INFO - [2025-12-16T06:37:43.562+0000] {dag.py:4180} INFO - Setting next_dagrun for ETL_process to None, run_after=None
[2025-12-16T06:37:43.584+0000] {processor.py:208} INFO - Processing /opt/airflow/dags/ETL.py took 0.101 seconds
[2025-12-16T06:38:13.864+0000] {processor.py:186} INFO - Started process (PID=4633) to work on /opt/airflow/dags/ETL.py
[2025-12-16T06:38:13.865+0000] {processor.py:914} INFO - Processing file /opt/airflow/dags/ETL.py for tasks to queue
[2025-12-16T06:38:13.868+0000] {logging_mixin.py:190} INFO - [2025-12-16T06:38:13.868+0000] {dagbag.py:588} INFO - Filling up the DagBag from /opt/airflow/dags/ETL.py
[2025-12-16T06:38:13.889+0000] {processor.py:925} INFO - DAG(s) 'ETL_process' retrieved from /opt/airflow/dags/ETL.py
[2025-12-16T06:38:13.921+0000] {logging_mixin.py:190} INFO - [2025-12-16T06:38:13.921+0000] {dag.py:3239} INFO - Sync 1 DAGs
[2025-12-16T06:38:13.937+0000] {logging_mixin.py:190} INFO - [2025-12-16T06:38:13.937+0000] {dag.py:4180} INFO - Setting next_dagrun for ETL_process to None, run_after=None
[2025-12-16T06:38:13.959+0000] {processor.py:208} INFO - Processing /opt/airflow/dags/ETL.py took 0.102 seconds
[2025-12-16T06:38:44.251+0000] {processor.py:186} INFO - Started process (PID=4643) to work on /opt/airflow/dags/ETL.py
[2025-12-16T06:38:44.253+0000] {processor.py:914} INFO - Processing file /opt/airflow/dags/ETL.py for tasks to queue
[2025-12-16T06:38:44.257+0000] {logging_mixin.py:190} INFO - [2025-12-16T06:38:44.256+0000] {dagbag.py:588} INFO - Filling up the DagBag from /opt/airflow/dags/ETL.py
[2025-12-16T06:38:44.283+0000] {processor.py:925} INFO - DAG(s) 'ETL_process' retrieved from /opt/airflow/dags/ETL.py
[2025-12-16T06:38:44.320+0000] {logging_mixin.py:190} INFO - [2025-12-16T06:38:44.320+0000] {dag.py:3239} INFO - Sync 1 DAGs
[2025-12-16T06:38:44.340+0000] {logging_mixin.py:190} INFO - [2025-12-16T06:38:44.340+0000] {dag.py:4180} INFO - Setting next_dagrun for ETL_process to None, run_after=None
[2025-12-16T06:38:44.379+0000] {processor.py:208} INFO - Processing /opt/airflow/dags/ETL.py took 0.137 seconds
[2025-12-16T06:39:14.660+0000] {processor.py:186} INFO - Started process (PID=4653) to work on /opt/airflow/dags/ETL.py
[2025-12-16T06:39:14.661+0000] {processor.py:914} INFO - Processing file /opt/airflow/dags/ETL.py for tasks to queue
[2025-12-16T06:39:14.664+0000] {logging_mixin.py:190} INFO - [2025-12-16T06:39:14.664+0000] {dagbag.py:588} INFO - Filling up the DagBag from /opt/airflow/dags/ETL.py
[2025-12-16T06:39:14.686+0000] {processor.py:925} INFO - DAG(s) 'ETL_process' retrieved from /opt/airflow/dags/ETL.py
[2025-12-16T06:39:14.716+0000] {logging_mixin.py:190} INFO - [2025-12-16T06:39:14.716+0000] {dag.py:3239} INFO - Sync 1 DAGs
[2025-12-16T06:39:14.732+0000] {logging_mixin.py:190} INFO - [2025-12-16T06:39:14.732+0000] {dag.py:4180} INFO - Setting next_dagrun for ETL_process to None, run_after=None
[2025-12-16T06:39:14.760+0000] {processor.py:208} INFO - Processing /opt/airflow/dags/ETL.py took 0.106 seconds
[2025-12-16T06:39:45.099+0000] {processor.py:186} INFO - Started process (PID=4663) to work on /opt/airflow/dags/ETL.py
[2025-12-16T06:39:45.101+0000] {processor.py:914} INFO - Processing file /opt/airflow/dags/ETL.py for tasks to queue
[2025-12-16T06:39:45.105+0000] {logging_mixin.py:190} INFO - [2025-12-16T06:39:45.105+0000] {dagbag.py:588} INFO - Filling up the DagBag from /opt/airflow/dags/ETL.py
[2025-12-16T06:39:45.129+0000] {processor.py:925} INFO - DAG(s) 'ETL_process' retrieved from /opt/airflow/dags/ETL.py
[2025-12-16T06:39:45.163+0000] {logging_mixin.py:190} INFO - [2025-12-16T06:39:45.163+0000] {dag.py:3239} INFO - Sync 1 DAGs
[2025-12-16T06:39:45.180+0000] {logging_mixin.py:190} INFO - [2025-12-16T06:39:45.180+0000] {dag.py:4180} INFO - Setting next_dagrun for ETL_process to None, run_after=None
[2025-12-16T06:39:45.212+0000] {processor.py:208} INFO - Processing /opt/airflow/dags/ETL.py took 0.120 seconds
[2025-12-16T06:40:15.568+0000] {processor.py:186} INFO - Started process (PID=4673) to work on /opt/airflow/dags/ETL.py
[2025-12-16T06:40:15.570+0000] {processor.py:914} INFO - Processing file /opt/airflow/dags/ETL.py for tasks to queue
[2025-12-16T06:40:15.577+0000] {logging_mixin.py:190} INFO - [2025-12-16T06:40:15.576+0000] {dagbag.py:588} INFO - Filling up the DagBag from /opt/airflow/dags/ETL.py
[2025-12-16T06:40:15.608+0000] {processor.py:925} INFO - DAG(s) 'ETL_process' retrieved from /opt/airflow/dags/ETL.py
[2025-12-16T06:40:15.655+0000] {logging_mixin.py:190} INFO - [2025-12-16T06:40:15.655+0000] {dag.py:3239} INFO - Sync 1 DAGs
[2025-12-16T06:40:15.684+0000] {logging_mixin.py:190} INFO - [2025-12-16T06:40:15.683+0000] {dag.py:4180} INFO - Setting next_dagrun for ETL_process to None, run_after=None
[2025-12-16T06:40:15.715+0000] {processor.py:208} INFO - Processing /opt/airflow/dags/ETL.py took 0.158 seconds
[2025-12-16T06:40:46.031+0000] {processor.py:186} INFO - Started process (PID=4683) to work on /opt/airflow/dags/ETL.py
[2025-12-16T06:40:46.032+0000] {processor.py:914} INFO - Processing file /opt/airflow/dags/ETL.py for tasks to queue
[2025-12-16T06:40:46.035+0000] {logging_mixin.py:190} INFO - [2025-12-16T06:40:46.035+0000] {dagbag.py:588} INFO - Filling up the DagBag from /opt/airflow/dags/ETL.py
[2025-12-16T06:40:46.057+0000] {processor.py:925} INFO - DAG(s) 'ETL_process' retrieved from /opt/airflow/dags/ETL.py
[2025-12-16T06:40:46.091+0000] {logging_mixin.py:190} INFO - [2025-12-16T06:40:46.091+0000] {dag.py:3239} INFO - Sync 1 DAGs
[2025-12-16T06:40:46.112+0000] {logging_mixin.py:190} INFO - [2025-12-16T06:40:46.112+0000] {dag.py:4180} INFO - Setting next_dagrun for ETL_process to None, run_after=None
[2025-12-16T06:40:46.131+0000] {processor.py:208} INFO - Processing /opt/airflow/dags/ETL.py took 0.108 seconds
[2025-12-16T06:41:16.434+0000] {processor.py:186} INFO - Started process (PID=4693) to work on /opt/airflow/dags/ETL.py
[2025-12-16T06:41:16.435+0000] {processor.py:914} INFO - Processing file /opt/airflow/dags/ETL.py for tasks to queue
[2025-12-16T06:41:16.439+0000] {logging_mixin.py:190} INFO - [2025-12-16T06:41:16.438+0000] {dagbag.py:588} INFO - Filling up the DagBag from /opt/airflow/dags/ETL.py
[2025-12-16T06:41:16.460+0000] {processor.py:925} INFO - DAG(s) 'ETL_process' retrieved from /opt/airflow/dags/ETL.py
[2025-12-16T06:41:16.492+0000] {logging_mixin.py:190} INFO - [2025-12-16T06:41:16.492+0000] {dag.py:3239} INFO - Sync 1 DAGs
[2025-12-16T06:41:16.507+0000] {logging_mixin.py:190} INFO - [2025-12-16T06:41:16.507+0000] {dag.py:4180} INFO - Setting next_dagrun for ETL_process to None, run_after=None
[2025-12-16T06:41:16.526+0000] {processor.py:208} INFO - Processing /opt/airflow/dags/ETL.py took 0.100 seconds
[2025-12-16T06:41:46.853+0000] {processor.py:186} INFO - Started process (PID=4703) to work on /opt/airflow/dags/ETL.py
[2025-12-16T06:41:46.854+0000] {processor.py:914} INFO - Processing file /opt/airflow/dags/ETL.py for tasks to queue
[2025-12-16T06:41:46.858+0000] {logging_mixin.py:190} INFO - [2025-12-16T06:41:46.857+0000] {dagbag.py:588} INFO - Filling up the DagBag from /opt/airflow/dags/ETL.py
[2025-12-16T06:41:46.880+0000] {processor.py:925} INFO - DAG(s) 'ETL_process' retrieved from /opt/airflow/dags/ETL.py
[2025-12-16T06:41:46.913+0000] {logging_mixin.py:190} INFO - [2025-12-16T06:41:46.912+0000] {dag.py:3239} INFO - Sync 1 DAGs
[2025-12-16T06:41:46.928+0000] {logging_mixin.py:190} INFO - [2025-12-16T06:41:46.928+0000] {dag.py:4180} INFO - Setting next_dagrun for ETL_process to None, run_after=None
[2025-12-16T06:41:46.949+0000] {processor.py:208} INFO - Processing /opt/airflow/dags/ETL.py took 0.103 seconds
[2025-12-16T06:42:17.224+0000] {processor.py:186} INFO - Started process (PID=4713) to work on /opt/airflow/dags/ETL.py
[2025-12-16T06:42:17.225+0000] {processor.py:914} INFO - Processing file /opt/airflow/dags/ETL.py for tasks to queue
[2025-12-16T06:42:17.229+0000] {logging_mixin.py:190} INFO - [2025-12-16T06:42:17.228+0000] {dagbag.py:588} INFO - Filling up the DagBag from /opt/airflow/dags/ETL.py
[2025-12-16T06:42:17.247+0000] {processor.py:925} INFO - DAG(s) 'ETL_process' retrieved from /opt/airflow/dags/ETL.py
[2025-12-16T06:42:17.274+0000] {logging_mixin.py:190} INFO - [2025-12-16T06:42:17.274+0000] {dag.py:3239} INFO - Sync 1 DAGs
[2025-12-16T06:42:17.288+0000] {logging_mixin.py:190} INFO - [2025-12-16T06:42:17.288+0000] {dag.py:4180} INFO - Setting next_dagrun for ETL_process to None, run_after=None
[2025-12-16T06:42:17.307+0000] {processor.py:208} INFO - Processing /opt/airflow/dags/ETL.py took 0.088 seconds
[2025-12-16T06:42:47.588+0000] {processor.py:186} INFO - Started process (PID=4723) to work on /opt/airflow/dags/ETL.py
[2025-12-16T06:42:47.589+0000] {processor.py:914} INFO - Processing file /opt/airflow/dags/ETL.py for tasks to queue
[2025-12-16T06:42:47.592+0000] {logging_mixin.py:190} INFO - [2025-12-16T06:42:47.592+0000] {dagbag.py:588} INFO - Filling up the DagBag from /opt/airflow/dags/ETL.py
[2025-12-16T06:42:47.615+0000] {processor.py:925} INFO - DAG(s) 'ETL_process' retrieved from /opt/airflow/dags/ETL.py
[2025-12-16T06:42:47.647+0000] {logging_mixin.py:190} INFO - [2025-12-16T06:42:47.647+0000] {dag.py:3239} INFO - Sync 1 DAGs
[2025-12-16T06:42:47.664+0000] {logging_mixin.py:190} INFO - [2025-12-16T06:42:47.664+0000] {dag.py:4180} INFO - Setting next_dagrun for ETL_process to None, run_after=None
[2025-12-16T06:42:47.686+0000] {processor.py:208} INFO - Processing /opt/airflow/dags/ETL.py took 0.105 seconds
[2025-12-16T06:43:17.969+0000] {processor.py:186} INFO - Started process (PID=4733) to work on /opt/airflow/dags/ETL.py
[2025-12-16T06:43:17.970+0000] {processor.py:914} INFO - Processing file /opt/airflow/dags/ETL.py for tasks to queue
[2025-12-16T06:43:17.974+0000] {logging_mixin.py:190} INFO - [2025-12-16T06:43:17.974+0000] {dagbag.py:588} INFO - Filling up the DagBag from /opt/airflow/dags/ETL.py
[2025-12-16T06:43:17.996+0000] {processor.py:925} INFO - DAG(s) 'ETL_process' retrieved from /opt/airflow/dags/ETL.py
[2025-12-16T06:43:18.030+0000] {logging_mixin.py:190} INFO - [2025-12-16T06:43:18.030+0000] {dag.py:3239} INFO - Sync 1 DAGs
[2025-12-16T06:43:18.048+0000] {logging_mixin.py:190} INFO - [2025-12-16T06:43:18.047+0000] {dag.py:4180} INFO - Setting next_dagrun for ETL_process to None, run_after=None
[2025-12-16T06:43:18.069+0000] {processor.py:208} INFO - Processing /opt/airflow/dags/ETL.py took 0.109 seconds
[2025-12-16T06:43:48.347+0000] {processor.py:186} INFO - Started process (PID=4743) to work on /opt/airflow/dags/ETL.py
[2025-12-16T06:43:48.348+0000] {processor.py:914} INFO - Processing file /opt/airflow/dags/ETL.py for tasks to queue
[2025-12-16T06:43:48.351+0000] {logging_mixin.py:190} INFO - [2025-12-16T06:43:48.351+0000] {dagbag.py:588} INFO - Filling up the DagBag from /opt/airflow/dags/ETL.py
[2025-12-16T06:43:48.369+0000] {processor.py:925} INFO - DAG(s) 'ETL_process' retrieved from /opt/airflow/dags/ETL.py
[2025-12-16T06:43:48.398+0000] {logging_mixin.py:190} INFO - [2025-12-16T06:43:48.397+0000] {dag.py:3239} INFO - Sync 1 DAGs
[2025-12-16T06:43:48.413+0000] {logging_mixin.py:190} INFO - [2025-12-16T06:43:48.413+0000] {dag.py:4180} INFO - Setting next_dagrun for ETL_process to None, run_after=None
[2025-12-16T06:43:48.437+0000] {processor.py:208} INFO - Processing /opt/airflow/dags/ETL.py took 0.096 seconds
[2025-12-16T06:44:18.714+0000] {processor.py:186} INFO - Started process (PID=4753) to work on /opt/airflow/dags/ETL.py
[2025-12-16T06:44:18.715+0000] {processor.py:914} INFO - Processing file /opt/airflow/dags/ETL.py for tasks to queue
[2025-12-16T06:44:18.718+0000] {logging_mixin.py:190} INFO - [2025-12-16T06:44:18.718+0000] {dagbag.py:588} INFO - Filling up the DagBag from /opt/airflow/dags/ETL.py
[2025-12-16T06:44:18.740+0000] {processor.py:925} INFO - DAG(s) 'ETL_process' retrieved from /opt/airflow/dags/ETL.py
[2025-12-16T06:44:18.773+0000] {logging_mixin.py:190} INFO - [2025-12-16T06:44:18.773+0000] {dag.py:3239} INFO - Sync 1 DAGs
[2025-12-16T06:44:18.789+0000] {logging_mixin.py:190} INFO - [2025-12-16T06:44:18.789+0000] {dag.py:4180} INFO - Setting next_dagrun for ETL_process to None, run_after=None
[2025-12-16T06:44:18.814+0000] {processor.py:208} INFO - Processing /opt/airflow/dags/ETL.py took 0.106 seconds
[2025-12-16T06:44:48.985+0000] {processor.py:186} INFO - Started process (PID=4763) to work on /opt/airflow/dags/ETL.py
[2025-12-16T06:44:48.986+0000] {processor.py:914} INFO - Processing file /opt/airflow/dags/ETL.py for tasks to queue
[2025-12-16T06:44:48.990+0000] {logging_mixin.py:190} INFO - [2025-12-16T06:44:48.989+0000] {dagbag.py:588} INFO - Filling up the DagBag from /opt/airflow/dags/ETL.py
[2025-12-16T06:44:49.012+0000] {processor.py:925} INFO - DAG(s) 'ETL_process' retrieved from /opt/airflow/dags/ETL.py
[2025-12-16T06:44:49.048+0000] {logging_mixin.py:190} INFO - [2025-12-16T06:44:49.048+0000] {dag.py:3239} INFO - Sync 1 DAGs
[2025-12-16T06:44:49.065+0000] {logging_mixin.py:190} INFO - [2025-12-16T06:44:49.065+0000] {dag.py:4180} INFO - Setting next_dagrun for ETL_process to None, run_after=None
[2025-12-16T06:44:49.091+0000] {processor.py:208} INFO - Processing /opt/airflow/dags/ETL.py took 0.115 seconds
[2025-12-16T06:45:19.370+0000] {processor.py:186} INFO - Started process (PID=4773) to work on /opt/airflow/dags/ETL.py
[2025-12-16T06:45:19.371+0000] {processor.py:914} INFO - Processing file /opt/airflow/dags/ETL.py for tasks to queue
[2025-12-16T06:45:19.375+0000] {logging_mixin.py:190} INFO - [2025-12-16T06:45:19.374+0000] {dagbag.py:588} INFO - Filling up the DagBag from /opt/airflow/dags/ETL.py
[2025-12-16T06:45:19.397+0000] {processor.py:925} INFO - DAG(s) 'ETL_process' retrieved from /opt/airflow/dags/ETL.py
[2025-12-16T06:45:19.429+0000] {logging_mixin.py:190} INFO - [2025-12-16T06:45:19.429+0000] {dag.py:3239} INFO - Sync 1 DAGs
[2025-12-16T06:45:19.446+0000] {logging_mixin.py:190} INFO - [2025-12-16T06:45:19.446+0000] {dag.py:4180} INFO - Setting next_dagrun for ETL_process to None, run_after=None
[2025-12-16T06:45:19.466+0000] {processor.py:208} INFO - Processing /opt/airflow/dags/ETL.py took 0.104 seconds
[2025-12-16T06:45:49.769+0000] {processor.py:186} INFO - Started process (PID=4783) to work on /opt/airflow/dags/ETL.py
[2025-12-16T06:45:49.770+0000] {processor.py:914} INFO - Processing file /opt/airflow/dags/ETL.py for tasks to queue
[2025-12-16T06:45:49.773+0000] {logging_mixin.py:190} INFO - [2025-12-16T06:45:49.773+0000] {dagbag.py:588} INFO - Filling up the DagBag from /opt/airflow/dags/ETL.py
[2025-12-16T06:45:49.793+0000] {processor.py:925} INFO - DAG(s) 'ETL_process' retrieved from /opt/airflow/dags/ETL.py
[2025-12-16T06:45:49.826+0000] {logging_mixin.py:190} INFO - [2025-12-16T06:45:49.826+0000] {dag.py:3239} INFO - Sync 1 DAGs
[2025-12-16T06:45:49.844+0000] {logging_mixin.py:190} INFO - [2025-12-16T06:45:49.844+0000] {dag.py:4180} INFO - Setting next_dagrun for ETL_process to None, run_after=None
[2025-12-16T06:45:49.863+0000] {processor.py:208} INFO - Processing /opt/airflow/dags/ETL.py took 0.103 seconds
[2025-12-16T06:46:20.148+0000] {processor.py:186} INFO - Started process (PID=4793) to work on /opt/airflow/dags/ETL.py
[2025-12-16T06:46:20.149+0000] {processor.py:914} INFO - Processing file /opt/airflow/dags/ETL.py for tasks to queue
[2025-12-16T06:46:20.154+0000] {logging_mixin.py:190} INFO - [2025-12-16T06:46:20.153+0000] {dagbag.py:588} INFO - Filling up the DagBag from /opt/airflow/dags/ETL.py
[2025-12-16T06:46:20.180+0000] {processor.py:925} INFO - DAG(s) 'ETL_process' retrieved from /opt/airflow/dags/ETL.py
[2025-12-16T06:46:20.225+0000] {logging_mixin.py:190} INFO - [2025-12-16T06:46:20.225+0000] {dag.py:3239} INFO - Sync 1 DAGs
[2025-12-16T06:46:20.244+0000] {logging_mixin.py:190} INFO - [2025-12-16T06:46:20.244+0000] {dag.py:4180} INFO - Setting next_dagrun for ETL_process to None, run_after=None
[2025-12-16T06:46:20.272+0000] {processor.py:208} INFO - Processing /opt/airflow/dags/ETL.py took 0.132 seconds
[2025-12-16T06:46:50.568+0000] {processor.py:186} INFO - Started process (PID=4803) to work on /opt/airflow/dags/ETL.py
[2025-12-16T06:46:50.569+0000] {processor.py:914} INFO - Processing file /opt/airflow/dags/ETL.py for tasks to queue
[2025-12-16T06:46:50.573+0000] {logging_mixin.py:190} INFO - [2025-12-16T06:46:50.573+0000] {dagbag.py:588} INFO - Filling up the DagBag from /opt/airflow/dags/ETL.py
[2025-12-16T06:46:50.594+0000] {processor.py:925} INFO - DAG(s) 'ETL_process' retrieved from /opt/airflow/dags/ETL.py
[2025-12-16T06:46:50.628+0000] {logging_mixin.py:190} INFO - [2025-12-16T06:46:50.628+0000] {dag.py:3239} INFO - Sync 1 DAGs
[2025-12-16T06:46:50.643+0000] {logging_mixin.py:190} INFO - [2025-12-16T06:46:50.643+0000] {dag.py:4180} INFO - Setting next_dagrun for ETL_process to None, run_after=None
[2025-12-16T06:46:50.662+0000] {processor.py:208} INFO - Processing /opt/airflow/dags/ETL.py took 0.102 seconds
[2025-12-16T06:47:20.942+0000] {processor.py:186} INFO - Started process (PID=4813) to work on /opt/airflow/dags/ETL.py
[2025-12-16T06:47:20.943+0000] {processor.py:914} INFO - Processing file /opt/airflow/dags/ETL.py for tasks to queue
[2025-12-16T06:47:20.946+0000] {logging_mixin.py:190} INFO - [2025-12-16T06:47:20.946+0000] {dagbag.py:588} INFO - Filling up the DagBag from /opt/airflow/dags/ETL.py
[2025-12-16T06:47:20.968+0000] {processor.py:925} INFO - DAG(s) 'ETL_process' retrieved from /opt/airflow/dags/ETL.py
[2025-12-16T06:47:21.001+0000] {logging_mixin.py:190} INFO - [2025-12-16T06:47:21.001+0000] {dag.py:3239} INFO - Sync 1 DAGs
[2025-12-16T06:47:21.018+0000] {logging_mixin.py:190} INFO - [2025-12-16T06:47:21.018+0000] {dag.py:4180} INFO - Setting next_dagrun for ETL_process to None, run_after=None
[2025-12-16T06:47:21.039+0000] {processor.py:208} INFO - Processing /opt/airflow/dags/ETL.py took 0.104 seconds
[2025-12-16T06:47:51.329+0000] {processor.py:186} INFO - Started process (PID=4823) to work on /opt/airflow/dags/ETL.py
[2025-12-16T06:47:51.331+0000] {processor.py:914} INFO - Processing file /opt/airflow/dags/ETL.py for tasks to queue
[2025-12-16T06:47:51.334+0000] {logging_mixin.py:190} INFO - [2025-12-16T06:47:51.334+0000] {dagbag.py:588} INFO - Filling up the DagBag from /opt/airflow/dags/ETL.py
[2025-12-16T06:47:51.363+0000] {processor.py:925} INFO - DAG(s) 'ETL_process' retrieved from /opt/airflow/dags/ETL.py
[2025-12-16T06:47:51.398+0000] {logging_mixin.py:190} INFO - [2025-12-16T06:47:51.398+0000] {dag.py:3239} INFO - Sync 1 DAGs
[2025-12-16T06:47:51.415+0000] {logging_mixin.py:190} INFO - [2025-12-16T06:47:51.414+0000] {dag.py:4180} INFO - Setting next_dagrun for ETL_process to None, run_after=None
[2025-12-16T06:47:51.434+0000] {processor.py:208} INFO - Processing /opt/airflow/dags/ETL.py took 0.112 seconds
[2025-12-16T06:48:21.710+0000] {processor.py:186} INFO - Started process (PID=4833) to work on /opt/airflow/dags/ETL.py
[2025-12-16T06:48:21.711+0000] {processor.py:914} INFO - Processing file /opt/airflow/dags/ETL.py for tasks to queue
[2025-12-16T06:48:21.714+0000] {logging_mixin.py:190} INFO - [2025-12-16T06:48:21.713+0000] {dagbag.py:588} INFO - Filling up the DagBag from /opt/airflow/dags/ETL.py
[2025-12-16T06:48:21.732+0000] {processor.py:925} INFO - DAG(s) 'ETL_process' retrieved from /opt/airflow/dags/ETL.py
[2025-12-16T06:48:21.761+0000] {logging_mixin.py:190} INFO - [2025-12-16T06:48:21.761+0000] {dag.py:3239} INFO - Sync 1 DAGs
[2025-12-16T06:48:21.778+0000] {logging_mixin.py:190} INFO - [2025-12-16T06:48:21.777+0000] {dag.py:4180} INFO - Setting next_dagrun for ETL_process to None, run_after=None
[2025-12-16T06:48:21.802+0000] {processor.py:208} INFO - Processing /opt/airflow/dags/ETL.py took 0.098 seconds
[2025-12-16T06:48:52.084+0000] {processor.py:186} INFO - Started process (PID=4843) to work on /opt/airflow/dags/ETL.py
[2025-12-16T06:48:52.085+0000] {processor.py:914} INFO - Processing file /opt/airflow/dags/ETL.py for tasks to queue
[2025-12-16T06:48:52.089+0000] {logging_mixin.py:190} INFO - [2025-12-16T06:48:52.088+0000] {dagbag.py:588} INFO - Filling up the DagBag from /opt/airflow/dags/ETL.py
[2025-12-16T06:48:52.108+0000] {processor.py:925} INFO - DAG(s) 'ETL_process' retrieved from /opt/airflow/dags/ETL.py
[2025-12-16T06:48:52.137+0000] {logging_mixin.py:190} INFO - [2025-12-16T06:48:52.136+0000] {dag.py:3239} INFO - Sync 1 DAGs
[2025-12-16T06:48:52.153+0000] {logging_mixin.py:190} INFO - [2025-12-16T06:48:52.153+0000] {dag.py:4180} INFO - Setting next_dagrun for ETL_process to None, run_after=None
[2025-12-16T06:48:52.172+0000] {processor.py:208} INFO - Processing /opt/airflow/dags/ETL.py took 0.094 seconds
[2025-12-16T06:49:22.497+0000] {processor.py:186} INFO - Started process (PID=4853) to work on /opt/airflow/dags/ETL.py
[2025-12-16T06:49:22.498+0000] {processor.py:914} INFO - Processing file /opt/airflow/dags/ETL.py for tasks to queue
[2025-12-16T06:49:22.502+0000] {logging_mixin.py:190} INFO - [2025-12-16T06:49:22.502+0000] {dagbag.py:588} INFO - Filling up the DagBag from /opt/airflow/dags/ETL.py
[2025-12-16T06:49:22.523+0000] {processor.py:925} INFO - DAG(s) 'ETL_process' retrieved from /opt/airflow/dags/ETL.py
[2025-12-16T06:49:22.554+0000] {logging_mixin.py:190} INFO - [2025-12-16T06:49:22.553+0000] {dag.py:3239} INFO - Sync 1 DAGs
[2025-12-16T06:49:22.570+0000] {logging_mixin.py:190} INFO - [2025-12-16T06:49:22.570+0000] {dag.py:4180} INFO - Setting next_dagrun for ETL_process to None, run_after=None
[2025-12-16T06:49:22.596+0000] {processor.py:208} INFO - Processing /opt/airflow/dags/ETL.py took 0.105 seconds
[2025-12-16T06:49:52.889+0000] {processor.py:186} INFO - Started process (PID=4863) to work on /opt/airflow/dags/ETL.py
[2025-12-16T06:49:52.890+0000] {processor.py:914} INFO - Processing file /opt/airflow/dags/ETL.py for tasks to queue
[2025-12-16T06:49:52.894+0000] {logging_mixin.py:190} INFO - [2025-12-16T06:49:52.894+0000] {dagbag.py:588} INFO - Filling up the DagBag from /opt/airflow/dags/ETL.py
[2025-12-16T06:49:52.914+0000] {processor.py:925} INFO - DAG(s) 'ETL_process' retrieved from /opt/airflow/dags/ETL.py
[2025-12-16T06:49:52.947+0000] {logging_mixin.py:190} INFO - [2025-12-16T06:49:52.947+0000] {dag.py:3239} INFO - Sync 1 DAGs
[2025-12-16T06:49:52.965+0000] {logging_mixin.py:190} INFO - [2025-12-16T06:49:52.965+0000] {dag.py:4180} INFO - Setting next_dagrun for ETL_process to None, run_after=None
[2025-12-16T06:49:52.985+0000] {processor.py:208} INFO - Processing /opt/airflow/dags/ETL.py took 0.104 seconds
[2025-12-16T06:50:23.280+0000] {processor.py:186} INFO - Started process (PID=4873) to work on /opt/airflow/dags/ETL.py
[2025-12-16T06:50:23.281+0000] {processor.py:914} INFO - Processing file /opt/airflow/dags/ETL.py for tasks to queue
[2025-12-16T06:50:23.283+0000] {logging_mixin.py:190} INFO - [2025-12-16T06:50:23.283+0000] {dagbag.py:588} INFO - Filling up the DagBag from /opt/airflow/dags/ETL.py
[2025-12-16T06:50:23.302+0000] {processor.py:925} INFO - DAG(s) 'ETL_process' retrieved from /opt/airflow/dags/ETL.py
[2025-12-16T06:50:23.332+0000] {logging_mixin.py:190} INFO - [2025-12-16T06:50:23.332+0000] {dag.py:3239} INFO - Sync 1 DAGs
[2025-12-16T06:50:23.348+0000] {logging_mixin.py:190} INFO - [2025-12-16T06:50:23.348+0000] {dag.py:4180} INFO - Setting next_dagrun for ETL_process to None, run_after=None
[2025-12-16T06:50:23.368+0000] {processor.py:208} INFO - Processing /opt/airflow/dags/ETL.py took 0.094 seconds
[2025-12-16T06:50:53.666+0000] {processor.py:186} INFO - Started process (PID=4883) to work on /opt/airflow/dags/ETL.py
[2025-12-16T06:50:53.667+0000] {processor.py:914} INFO - Processing file /opt/airflow/dags/ETL.py for tasks to queue
[2025-12-16T06:50:53.671+0000] {logging_mixin.py:190} INFO - [2025-12-16T06:50:53.670+0000] {dagbag.py:588} INFO - Filling up the DagBag from /opt/airflow/dags/ETL.py
[2025-12-16T06:50:53.694+0000] {processor.py:925} INFO - DAG(s) 'ETL_process' retrieved from /opt/airflow/dags/ETL.py
[2025-12-16T06:50:53.725+0000] {logging_mixin.py:190} INFO - [2025-12-16T06:50:53.725+0000] {dag.py:3239} INFO - Sync 1 DAGs
[2025-12-16T06:50:53.741+0000] {logging_mixin.py:190} INFO - [2025-12-16T06:50:53.741+0000] {dag.py:4180} INFO - Setting next_dagrun for ETL_process to None, run_after=None
[2025-12-16T06:50:55.766+0000] {processor.py:208} INFO - Processing /opt/airflow/dags/ETL.py took 2.106 seconds
[2025-12-16T06:51:26.065+0000] {processor.py:186} INFO - Started process (PID=4893) to work on /opt/airflow/dags/ETL.py
[2025-12-16T06:51:26.066+0000] {processor.py:914} INFO - Processing file /opt/airflow/dags/ETL.py for tasks to queue
[2025-12-16T06:51:26.068+0000] {logging_mixin.py:190} INFO - [2025-12-16T06:51:26.068+0000] {dagbag.py:588} INFO - Filling up the DagBag from /opt/airflow/dags/ETL.py
[2025-12-16T06:51:26.087+0000] {processor.py:925} INFO - DAG(s) 'ETL_process' retrieved from /opt/airflow/dags/ETL.py
[2025-12-16T06:51:26.113+0000] {logging_mixin.py:190} INFO - [2025-12-16T06:51:26.113+0000] {dag.py:3239} INFO - Sync 1 DAGs
[2025-12-16T06:51:26.128+0000] {logging_mixin.py:190} INFO - [2025-12-16T06:51:26.128+0000] {dag.py:4180} INFO - Setting next_dagrun for ETL_process to None, run_after=None
[2025-12-16T06:51:26.147+0000] {processor.py:208} INFO - Processing /opt/airflow/dags/ETL.py took 0.088 seconds
[2025-12-16T06:51:56.439+0000] {processor.py:186} INFO - Started process (PID=4903) to work on /opt/airflow/dags/ETL.py
[2025-12-16T06:51:56.440+0000] {processor.py:914} INFO - Processing file /opt/airflow/dags/ETL.py for tasks to queue
[2025-12-16T06:51:56.443+0000] {logging_mixin.py:190} INFO - [2025-12-16T06:51:56.443+0000] {dagbag.py:588} INFO - Filling up the DagBag from /opt/airflow/dags/ETL.py
[2025-12-16T06:51:56.463+0000] {processor.py:925} INFO - DAG(s) 'ETL_process' retrieved from /opt/airflow/dags/ETL.py
[2025-12-16T06:51:56.494+0000] {logging_mixin.py:190} INFO - [2025-12-16T06:51:56.494+0000] {dag.py:3239} INFO - Sync 1 DAGs
[2025-12-16T06:51:56.510+0000] {logging_mixin.py:190} INFO - [2025-12-16T06:51:56.509+0000] {dag.py:4180} INFO - Setting next_dagrun for ETL_process to None, run_after=None
[2025-12-16T06:51:56.556+0000] {processor.py:208} INFO - Processing /opt/airflow/dags/ETL.py took 0.123 seconds
[2025-12-16T06:52:26.843+0000] {processor.py:186} INFO - Started process (PID=4913) to work on /opt/airflow/dags/ETL.py
[2025-12-16T06:52:26.844+0000] {processor.py:914} INFO - Processing file /opt/airflow/dags/ETL.py for tasks to queue
[2025-12-16T06:52:26.848+0000] {logging_mixin.py:190} INFO - [2025-12-16T06:52:26.847+0000] {dagbag.py:588} INFO - Filling up the DagBag from /opt/airflow/dags/ETL.py
[2025-12-16T06:52:26.869+0000] {processor.py:925} INFO - DAG(s) 'ETL_process' retrieved from /opt/airflow/dags/ETL.py
[2025-12-16T06:52:26.900+0000] {logging_mixin.py:190} INFO - [2025-12-16T06:52:26.899+0000] {dag.py:3239} INFO - Sync 1 DAGs
[2025-12-16T06:52:26.916+0000] {logging_mixin.py:190} INFO - [2025-12-16T06:52:26.915+0000] {dag.py:4180} INFO - Setting next_dagrun for ETL_process to None, run_after=None
[2025-12-16T06:52:26.934+0000] {processor.py:208} INFO - Processing /opt/airflow/dags/ETL.py took 0.097 seconds
[2025-12-16T06:52:57.210+0000] {processor.py:186} INFO - Started process (PID=4923) to work on /opt/airflow/dags/ETL.py
[2025-12-16T06:52:57.211+0000] {processor.py:914} INFO - Processing file /opt/airflow/dags/ETL.py for tasks to queue
[2025-12-16T06:52:57.214+0000] {logging_mixin.py:190} INFO - [2025-12-16T06:52:57.214+0000] {dagbag.py:588} INFO - Filling up the DagBag from /opt/airflow/dags/ETL.py
[2025-12-16T06:52:57.233+0000] {processor.py:925} INFO - DAG(s) 'ETL_process' retrieved from /opt/airflow/dags/ETL.py
[2025-12-16T06:52:57.264+0000] {logging_mixin.py:190} INFO - [2025-12-16T06:52:57.264+0000] {dag.py:3239} INFO - Sync 1 DAGs
[2025-12-16T06:52:57.280+0000] {logging_mixin.py:190} INFO - [2025-12-16T06:52:57.280+0000] {dag.py:4180} INFO - Setting next_dagrun for ETL_process to None, run_after=None
[2025-12-16T06:52:57.304+0000] {processor.py:208} INFO - Processing /opt/airflow/dags/ETL.py took 0.099 seconds
[2025-12-16T06:53:27.582+0000] {processor.py:186} INFO - Started process (PID=4933) to work on /opt/airflow/dags/ETL.py
[2025-12-16T06:53:27.583+0000] {processor.py:914} INFO - Processing file /opt/airflow/dags/ETL.py for tasks to queue
[2025-12-16T06:53:27.586+0000] {logging_mixin.py:190} INFO - [2025-12-16T06:53:27.586+0000] {dagbag.py:588} INFO - Filling up the DagBag from /opt/airflow/dags/ETL.py
[2025-12-16T06:53:27.604+0000] {processor.py:925} INFO - DAG(s) 'ETL_process' retrieved from /opt/airflow/dags/ETL.py
[2025-12-16T06:53:27.633+0000] {logging_mixin.py:190} INFO - [2025-12-16T06:53:27.633+0000] {dag.py:3239} INFO - Sync 1 DAGs
[2025-12-16T06:53:27.648+0000] {logging_mixin.py:190} INFO - [2025-12-16T06:53:27.648+0000] {dag.py:4180} INFO - Setting next_dagrun for ETL_process to None, run_after=None
[2025-12-16T06:53:27.671+0000] {processor.py:208} INFO - Processing /opt/airflow/dags/ETL.py took 0.095 seconds
[2025-12-16T06:53:57.951+0000] {processor.py:186} INFO - Started process (PID=4943) to work on /opt/airflow/dags/ETL.py
[2025-12-16T06:53:57.952+0000] {processor.py:914} INFO - Processing file /opt/airflow/dags/ETL.py for tasks to queue
[2025-12-16T06:53:57.955+0000] {logging_mixin.py:190} INFO - [2025-12-16T06:53:57.955+0000] {dagbag.py:588} INFO - Filling up the DagBag from /opt/airflow/dags/ETL.py
[2025-12-16T06:53:57.973+0000] {processor.py:925} INFO - DAG(s) 'ETL_process' retrieved from /opt/airflow/dags/ETL.py
[2025-12-16T06:53:58.000+0000] {logging_mixin.py:190} INFO - [2025-12-16T06:53:58.000+0000] {dag.py:3239} INFO - Sync 1 DAGs
[2025-12-16T06:53:58.014+0000] {logging_mixin.py:190} INFO - [2025-12-16T06:53:58.014+0000] {dag.py:4180} INFO - Setting next_dagrun for ETL_process to None, run_after=None
[2025-12-16T06:53:58.031+0000] {processor.py:208} INFO - Processing /opt/airflow/dags/ETL.py took 0.086 seconds
[2025-12-16T06:54:28.351+0000] {processor.py:186} INFO - Started process (PID=4953) to work on /opt/airflow/dags/ETL.py
[2025-12-16T06:54:28.353+0000] {processor.py:914} INFO - Processing file /opt/airflow/dags/ETL.py for tasks to queue
[2025-12-16T06:54:28.356+0000] {logging_mixin.py:190} INFO - [2025-12-16T06:54:28.356+0000] {dagbag.py:588} INFO - Filling up the DagBag from /opt/airflow/dags/ETL.py
[2025-12-16T06:54:28.374+0000] {processor.py:925} INFO - DAG(s) 'ETL_process' retrieved from /opt/airflow/dags/ETL.py
[2025-12-16T06:54:28.401+0000] {logging_mixin.py:190} INFO - [2025-12-16T06:54:28.400+0000] {dag.py:3239} INFO - Sync 1 DAGs
[2025-12-16T06:54:28.414+0000] {logging_mixin.py:190} INFO - [2025-12-16T06:54:28.414+0000] {dag.py:4180} INFO - Setting next_dagrun for ETL_process to None, run_after=None
[2025-12-16T06:54:28.437+0000] {processor.py:208} INFO - Processing /opt/airflow/dags/ETL.py took 0.091 seconds
[2025-12-16T06:54:58.710+0000] {processor.py:186} INFO - Started process (PID=4963) to work on /opt/airflow/dags/ETL.py
[2025-12-16T06:54:58.711+0000] {processor.py:914} INFO - Processing file /opt/airflow/dags/ETL.py for tasks to queue
[2025-12-16T06:54:58.714+0000] {logging_mixin.py:190} INFO - [2025-12-16T06:54:58.714+0000] {dagbag.py:588} INFO - Filling up the DagBag from /opt/airflow/dags/ETL.py
[2025-12-16T06:54:58.733+0000] {processor.py:925} INFO - DAG(s) 'ETL_process' retrieved from /opt/airflow/dags/ETL.py
[2025-12-16T06:54:58.760+0000] {logging_mixin.py:190} INFO - [2025-12-16T06:54:58.760+0000] {dag.py:3239} INFO - Sync 1 DAGs
[2025-12-16T06:54:58.774+0000] {logging_mixin.py:190} INFO - [2025-12-16T06:54:58.774+0000] {dag.py:4180} INFO - Setting next_dagrun for ETL_process to None, run_after=None
[2025-12-16T06:54:58.792+0000] {processor.py:208} INFO - Processing /opt/airflow/dags/ETL.py took 0.088 seconds
[2025-12-16T06:55:29.063+0000] {processor.py:186} INFO - Started process (PID=4973) to work on /opt/airflow/dags/ETL.py
[2025-12-16T06:55:29.064+0000] {processor.py:914} INFO - Processing file /opt/airflow/dags/ETL.py for tasks to queue
[2025-12-16T06:55:29.067+0000] {logging_mixin.py:190} INFO - [2025-12-16T06:55:29.067+0000] {dagbag.py:588} INFO - Filling up the DagBag from /opt/airflow/dags/ETL.py
[2025-12-16T06:55:29.085+0000] {processor.py:925} INFO - DAG(s) 'ETL_process' retrieved from /opt/airflow/dags/ETL.py
[2025-12-16T06:55:29.114+0000] {logging_mixin.py:190} INFO - [2025-12-16T06:55:29.113+0000] {dag.py:3239} INFO - Sync 1 DAGs
[2025-12-16T06:55:29.127+0000] {logging_mixin.py:190} INFO - [2025-12-16T06:55:29.126+0000] {dag.py:4180} INFO - Setting next_dagrun for ETL_process to None, run_after=None
[2025-12-16T06:55:29.144+0000] {processor.py:208} INFO - Processing /opt/airflow/dags/ETL.py took 0.087 seconds
[2025-12-16T06:55:59.412+0000] {processor.py:186} INFO - Started process (PID=4983) to work on /opt/airflow/dags/ETL.py
[2025-12-16T06:55:59.414+0000] {processor.py:914} INFO - Processing file /opt/airflow/dags/ETL.py for tasks to queue
[2025-12-16T06:55:59.417+0000] {logging_mixin.py:190} INFO - [2025-12-16T06:55:59.417+0000] {dagbag.py:588} INFO - Filling up the DagBag from /opt/airflow/dags/ETL.py
[2025-12-16T06:55:59.437+0000] {processor.py:925} INFO - DAG(s) 'ETL_process' retrieved from /opt/airflow/dags/ETL.py
[2025-12-16T06:55:59.475+0000] {logging_mixin.py:190} INFO - [2025-12-16T06:55:59.474+0000] {dag.py:3239} INFO - Sync 1 DAGs
[2025-12-16T06:55:59.490+0000] {logging_mixin.py:190} INFO - [2025-12-16T06:55:59.490+0000] {dag.py:4180} INFO - Setting next_dagrun for ETL_process to None, run_after=None
[2025-12-16T06:55:59.508+0000] {processor.py:208} INFO - Processing /opt/airflow/dags/ETL.py took 0.103 seconds
[2025-12-16T06:56:29.777+0000] {processor.py:186} INFO - Started process (PID=4993) to work on /opt/airflow/dags/ETL.py
[2025-12-16T06:56:29.778+0000] {processor.py:914} INFO - Processing file /opt/airflow/dags/ETL.py for tasks to queue
[2025-12-16T06:56:29.781+0000] {logging_mixin.py:190} INFO - [2025-12-16T06:56:29.780+0000] {dagbag.py:588} INFO - Filling up the DagBag from /opt/airflow/dags/ETL.py
[2025-12-16T06:56:29.799+0000] {processor.py:925} INFO - DAG(s) 'ETL_process' retrieved from /opt/airflow/dags/ETL.py
[2025-12-16T06:56:29.826+0000] {logging_mixin.py:190} INFO - [2025-12-16T06:56:29.826+0000] {dag.py:3239} INFO - Sync 1 DAGs
[2025-12-16T06:56:29.840+0000] {logging_mixin.py:190} INFO - [2025-12-16T06:56:29.839+0000] {dag.py:4180} INFO - Setting next_dagrun for ETL_process to None, run_after=None
[2025-12-16T06:56:30.082+0000] {processor.py:208} INFO - Processing /opt/airflow/dags/ETL.py took 0.311 seconds
[2025-12-16T06:57:00.361+0000] {processor.py:186} INFO - Started process (PID=5003) to work on /opt/airflow/dags/ETL.py
[2025-12-16T06:57:00.362+0000] {processor.py:914} INFO - Processing file /opt/airflow/dags/ETL.py for tasks to queue
[2025-12-16T06:57:00.365+0000] {logging_mixin.py:190} INFO - [2025-12-16T06:57:00.365+0000] {dagbag.py:588} INFO - Filling up the DagBag from /opt/airflow/dags/ETL.py
[2025-12-16T06:57:00.384+0000] {processor.py:925} INFO - DAG(s) 'ETL_process' retrieved from /opt/airflow/dags/ETL.py
[2025-12-16T06:57:00.412+0000] {logging_mixin.py:190} INFO - [2025-12-16T06:57:00.411+0000] {dag.py:3239} INFO - Sync 1 DAGs
[2025-12-16T06:57:00.426+0000] {logging_mixin.py:190} INFO - [2025-12-16T06:57:00.426+0000] {dag.py:4180} INFO - Setting next_dagrun for ETL_process to None, run_after=None
[2025-12-16T06:57:00.450+0000] {processor.py:208} INFO - Processing /opt/airflow/dags/ETL.py took 0.095 seconds
[2025-12-16T06:57:30.718+0000] {processor.py:186} INFO - Started process (PID=5013) to work on /opt/airflow/dags/ETL.py
[2025-12-16T06:57:30.719+0000] {processor.py:914} INFO - Processing file /opt/airflow/dags/ETL.py for tasks to queue
[2025-12-16T06:57:30.722+0000] {logging_mixin.py:190} INFO - [2025-12-16T06:57:30.721+0000] {dagbag.py:588} INFO - Filling up the DagBag from /opt/airflow/dags/ETL.py
[2025-12-16T06:57:30.740+0000] {processor.py:925} INFO - DAG(s) 'ETL_process' retrieved from /opt/airflow/dags/ETL.py
[2025-12-16T06:57:30.767+0000] {logging_mixin.py:190} INFO - [2025-12-16T06:57:30.767+0000] {dag.py:3239} INFO - Sync 1 DAGs
[2025-12-16T06:57:30.780+0000] {logging_mixin.py:190} INFO - [2025-12-16T06:57:30.780+0000] {dag.py:4180} INFO - Setting next_dagrun for ETL_process to None, run_after=None
[2025-12-16T06:57:30.799+0000] {processor.py:208} INFO - Processing /opt/airflow/dags/ETL.py took 0.086 seconds
[2025-12-16T06:58:01.062+0000] {processor.py:186} INFO - Started process (PID=5023) to work on /opt/airflow/dags/ETL.py
[2025-12-16T06:58:01.063+0000] {processor.py:914} INFO - Processing file /opt/airflow/dags/ETL.py for tasks to queue
[2025-12-16T06:58:01.065+0000] {logging_mixin.py:190} INFO - [2025-12-16T06:58:01.065+0000] {dagbag.py:588} INFO - Filling up the DagBag from /opt/airflow/dags/ETL.py
[2025-12-16T06:58:01.085+0000] {processor.py:925} INFO - DAG(s) 'ETL_process' retrieved from /opt/airflow/dags/ETL.py
[2025-12-16T06:58:01.113+0000] {logging_mixin.py:190} INFO - [2025-12-16T06:58:01.113+0000] {dag.py:3239} INFO - Sync 1 DAGs
[2025-12-16T06:58:01.127+0000] {logging_mixin.py:190} INFO - [2025-12-16T06:58:01.127+0000] {dag.py:4180} INFO - Setting next_dagrun for ETL_process to None, run_after=None
[2025-12-16T06:58:01.146+0000] {processor.py:208} INFO - Processing /opt/airflow/dags/ETL.py took 0.090 seconds
[2025-12-16T06:58:31.415+0000] {processor.py:186} INFO - Started process (PID=5033) to work on /opt/airflow/dags/ETL.py
[2025-12-16T06:58:31.416+0000] {processor.py:914} INFO - Processing file /opt/airflow/dags/ETL.py for tasks to queue
[2025-12-16T06:58:31.419+0000] {logging_mixin.py:190} INFO - [2025-12-16T06:58:31.419+0000] {dagbag.py:588} INFO - Filling up the DagBag from /opt/airflow/dags/ETL.py
[2025-12-16T06:58:31.442+0000] {processor.py:925} INFO - DAG(s) 'ETL_process' retrieved from /opt/airflow/dags/ETL.py
[2025-12-16T06:58:31.468+0000] {logging_mixin.py:190} INFO - [2025-12-16T06:58:31.468+0000] {dag.py:3239} INFO - Sync 1 DAGs
[2025-12-16T06:58:31.482+0000] {logging_mixin.py:190} INFO - [2025-12-16T06:58:31.482+0000] {dag.py:4180} INFO - Setting next_dagrun for ETL_process to None, run_after=None
[2025-12-16T06:58:31.501+0000] {processor.py:208} INFO - Processing /opt/airflow/dags/ETL.py took 0.092 seconds
[2025-12-16T06:59:01.774+0000] {processor.py:186} INFO - Started process (PID=5043) to work on /opt/airflow/dags/ETL.py
[2025-12-16T06:59:01.775+0000] {processor.py:914} INFO - Processing file /opt/airflow/dags/ETL.py for tasks to queue
[2025-12-16T06:59:01.778+0000] {logging_mixin.py:190} INFO - [2025-12-16T06:59:01.778+0000] {dagbag.py:588} INFO - Filling up the DagBag from /opt/airflow/dags/ETL.py
[2025-12-16T06:59:01.798+0000] {processor.py:925} INFO - DAG(s) 'ETL_process' retrieved from /opt/airflow/dags/ETL.py
[2025-12-16T06:59:01.827+0000] {logging_mixin.py:190} INFO - [2025-12-16T06:59:01.827+0000] {dag.py:3239} INFO - Sync 1 DAGs
[2025-12-16T06:59:01.841+0000] {logging_mixin.py:190} INFO - [2025-12-16T06:59:01.841+0000] {dag.py:4180} INFO - Setting next_dagrun for ETL_process to None, run_after=None
[2025-12-16T06:59:01.861+0000] {processor.py:208} INFO - Processing /opt/airflow/dags/ETL.py took 0.093 seconds
[2025-12-16T06:59:32.184+0000] {processor.py:186} INFO - Started process (PID=5053) to work on /opt/airflow/dags/ETL.py
[2025-12-16T06:59:32.185+0000] {processor.py:914} INFO - Processing file /opt/airflow/dags/ETL.py for tasks to queue
[2025-12-16T06:59:32.189+0000] {logging_mixin.py:190} INFO - [2025-12-16T06:59:32.189+0000] {dagbag.py:588} INFO - Filling up the DagBag from /opt/airflow/dags/ETL.py
[2025-12-16T06:59:32.214+0000] {processor.py:925} INFO - DAG(s) 'ETL_process' retrieved from /opt/airflow/dags/ETL.py
[2025-12-16T06:59:32.253+0000] {logging_mixin.py:190} INFO - [2025-12-16T06:59:32.252+0000] {dag.py:3239} INFO - Sync 1 DAGs
[2025-12-16T06:59:32.274+0000] {logging_mixin.py:190} INFO - [2025-12-16T06:59:32.274+0000] {dag.py:4180} INFO - Setting next_dagrun for ETL_process to None, run_after=None
[2025-12-16T06:59:32.299+0000] {processor.py:208} INFO - Processing /opt/airflow/dags/ETL.py took 0.124 seconds
