product_type,category_3_level,product_id,barcode,product_name,brand,sale_price,cost_price,stock_quantity,reserved_quantity,estimated_oos_date,min_stock_threshold,max_stock_threshold,unit_of_measure,base_unit_code,conversion_rate,attributes,related_product_code,image_urls,weight_gram,is_active,is_direct_sale,description,note_template,location,component_items,warranty_period,maintenance_cycle
Hàng hóa,PBG,TH_MAP,,PHOSPHATES MAP 12-61-0 (25KG),,35000,30400.0,0.0,0,0 ngày,0,999999999.0,kg,,1.0,,,"https://cdn2-retail-images.kiotviet.vn/2025/11/11/congtyptk/1d6f079d616c45fdaebe3b7a22e7b30f.jpg,https://cdn2-retail-images.kiotviet.vn/2025/11/11/congtyptk/01afcdbb22fd4bb99fe9952afe3c50ae.jpg",,1,1,,,,,,
Hàng hóa,PBG,TH_MAP-1,,PHOSPHATES MAP 12-61-0 (25KG),,850000,760000.0,0.0,0,0 ngày,0,39999999.96,bao,TH_MAP,25.0,,TH_MAP,,,1,1,,,,,,
Hàng hóa,PBL,BCC_COBIO,,COBIO ROOT 250ML,BCC,75000,56000.0,0.0,0,0 ngày,0,999999999.0,Chai,,1.0,,,https://cdn2-retail-images.kiotviet.vn/2025/11/06/congtyptk/e6d10ca43f4d4760914ffacdcb6e474e.jpg,,1,1,48 CHAI/ THÙNG,,,,,
Hàng hóa,PBL,BCC_TANXANH500,,SUPERTAN XANH GÓI 500GR,BCC,65000,40000.0,0.0,0,0 ngày,0,999999999.0,,,1.0,,,https://cdn2-retail-images.kiotviet.vn/2025/11/04/congtyptk/a8ce494d9ec74935bf1cb4ecfefab383.jpg,,1,1,40 GÓI/THÙNG,,,,,
Hàng hóa,PBL,BCC_CALIBO,,COFOLI CALIBO 450ML,BCC,120000,75000.0,0.0,0,0 ngày,0,999999999.0,Chai,,1.0,,,https://cdn2-retail-images.kiotviet.vn/2025/11/04/congtyptk/9509cbd617bc4cd7aea25e577612b0ae.jpg,,1,1,24 chai/thùng,,,,,
Hàng hóa,PBL,BCC_FULAMIN,,COFOLI FULAMIN 450ML,BCC,95000,65000.0,0.0,0,0 ngày,0,999999999.0,Chai,,1.0,,,https://cdn2-retail-images.kiotviet.vn/2025/11/04/congtyptk/aabcd4aee4404bf694c7bbbd67ceb99f.jpg,,1,1,24CHAI/THÙNG,,,,,
Hàng hóa,THUỐC BỆNH,APN_IBA100,,IBA 100ML,AN PHÁT NÔNG,85000,63000.0,0.0,0,0 ngày,0,999999999.0,Chai,,1.0,,,https://cdn2-retail-images.kiotviet.vn/2025/10/31/congtyptk/541090314faa4b59ab6e397398405258.jpg,,1,1,100 chai/thùng,,,,,
Hàng hóa,THUỐC BỆNH,APN_METRO,,METROTOP 600WG 400GR,AN PHÁT NÔNG,170000,140000.0,0.0,0,0 ngày,0,999999999.0,Gói,,1.0,,,https://cdn2-retail-images.kiotviet.vn/2025/10/31/congtyptk/e77f13e38c034b4c809bf387bae31d1b.jpg,,1,1,40 gói/thùng,,,,,
Hàng hóa,PBG,HH_301010bm,,BM 30-10-10 (25KG),BM,18000,14600.0,0.0,0,0 ngày,0,999999999.0,kg,,1.0,,,"https://cdn2-retail-images.kiotviet.vn/2025/10/24/congtyptk/6862dabcdb2544b98529cc3a2ce52944.jpg,https://cdn2-retail-images.kiotviet.vn/2025/10/24/congtyptk/3e05ab2da8e6425eb9eca30125446c8c.jpg",,1,1,,,,,,
Hàng hóa,PBG,HH_301010bm-1,,BM 30-10-10 (25KG),BM,435000,365000.0,0.0,0,0 ngày,0,39999999.96,Bao,HH_301010bm,25.0,,HH_301010bm,,,1,1,,,,,,
Hàng hóa,THUỐC SÂU,VT_AKULA,,SÂU-RẦY-RỆP ( AKULAGOLD ) 260EW 240ML,VIỆT TRUNG,75000,55175.04,520.0,0,145 ngày,0,999999999.0,Chai,,1.0,,,https://cdn2-retail-images.kiotviet.vn/2025/10/28/congtyptk/0d0ad39af2864376ba114c00c9c4284b.jpg,,1,1,40 CHAI/THÙNG,,,,,
Hàng hóa,THUỐC SÂU,VT_SIEUGON85,,SIEUGON 85GR 1KG,VIỆT TRUNG,55000,0.0,0.0,0,0 ngày,0,999999999.0,Túi,,1.0,,,,,1,1,25 GÓI/THÙNG,,,,,
Hàng hóa,THUỐC BỆNH,VT_ANLIA,,ANLIA 600WG 250G,VIỆT TRUNG,80000,54758.4,0.0,0,0 ngày,0,999999999.0,Gói,,1.0,,,https://cdn2-retail-images.kiotviet.vn/2025/10/22/congtyptk/dde1def0cb7e4ff883e1caa8d7d50895.jpg,,1,1,40 GÓI/THÙNG,,,,,
Hàng hóa,THUỐC BỆNH,VT_KAIDO,,TUYẾN TRÙNG 500 ( KAIDO 50SL ) 480ML,VIỆT TRUNG,125000,0.0,0.0,0,0 ngày,0,999999999.0,Chai,,1.0,,,,,1,1,40CHAI/THÙNG,,,,,
Combo - đóng gói,THUỐC BỆNH,HP_BO4TT,,BỘ ĐÔI ROT XỬ LÝ ĐẤT ( 2 TUYẾN TRÙNG B2 480ML + 2 ROMIL 500GR ),HP,650000,550495.04,0.0,0,0 ngày,0,0.0,BỘ,,1.0,,,"https://cdn2-retail-images.kiotviet.vn/2025/10/16/congtyptk/39cd81814e0c4d339bb5dc7f74083d76.jpg,https://cdn2-retail-images.kiotviet.vn/2025/10/16/congtyptk/1de461ee14da414ebd29e2b3780bd7bc.jpg,https://cdn2-retail-images.kiotviet.vn/2025/10/16/congtyptk/859152ab8a944bcda6165cc68bfc6514.jpg",2000.0,1,1,6 HỘP/THÙNG ( 2 CHAI + 2 GÓI /HỘP ),,,HP_B2:2|HP_ROMIL:2,,
Hàng hóa,PBL,NDLA_06020,,0-60-20 GÓI 1 KG,NONG DUOC LA,125000,77500.0,0.0,0,0 ngày,0,999999999.0,,,1.0,,,"https://cdn2-retail-images.kiotviet.vn/2025/09/26/congtyptk/dcbad99347b54bd99b9aec00dd01fd60.jpg,https://cdn2-retail-images.kiotviet.vn/2025/09/26/congtyptk/6269bea5a70b4c7d8a6d577f4fff6e44.jpg",,1,1,THÙNG 25 GÓI,,,,,
Hàng hóa,THUỐC BỆNH,NVT_DOSIMAX200,,DOSIMAX GOLD 200ML,NÔNG VIỆT THỊNH,185000,160000.0,0.0,0,0 ngày,0,999999999.0,Chai,,1.0,,,https://cdn2-retail-images.kiotviet.vn/2025/09/26/congtyptk/a2f917a0f8994530b49636b4a891381a.jpg,,1,1,1 THÙNG 60 CHAI,,,,,
Hàng hóa,THUỐC SÂU,HC_AOBA250,,AOBA 15EC 250ML,,275000,264000.0,0.0,0,0 ngày,0,999999999.0,,,1.0,,,"https://cdn-images.kiotviet.vn/2025/09/25/congtyptk/5945d4e88f044ca8b5f5f279fa38b39a.jpg,https://cdn-images.kiotviet.vn/2025/09/25/congtyptk/759e6ad2849f436e87b17c1a1235c9eb.jpg",,1,1,Thùng 40 chai,,,,,
Hàng hóa,THUỐC SÂU,HB_ACTADAN,,ACTADAN USA 350WP-80GR,HB -CTY HÒA BÌNH,20000,11000.0,0.0,0,0 ngày,0,999999999.0,,,1.0,,,https://cdn-images.kiotviet.vn/2025/09/19/congtyptk/4cb021373ffd480f81846a6143a8a522.jpg,,1,1,Thùng 100 gói,,,,,
Hàng hóa,THUỐC SÂU,HB_SECTOX100,,SECTOX 100WP - 100GR ( SẠCH BỌ TRĨ ),HB -CTY HÒA BÌNH,12000,9000.0,1.0,0,0 ngày,0,999999999.0,,,1.0,,,"https://cdn-images.kiotviet.vn/2025/09/19/congtyptk/d8bb40eb36f44e7f9d25fcd88f452b71.jpg,https://cdn-images.kiotviet.vn/2025/09/19/congtyptk/6f9549ed317e435d93e72a6d06441e78.jpg",,1,1,Thùng 100 gói,,,,,
Hàng hóa,THUỐC SÂU,HB_PERTOX,,PERTOX 5EC 450ML,HB -CTY HÒA BÌNH,55000,42800.0,0.0,0,0 ngày,0,999999999.0,,,1.0,,,https://cdn-images.kiotviet.vn/2025/09/19/congtyptk/6ed4e6e93bb04e86b1174b1ce9e7f949.jpg,,1,1,Thùng 30 chai,,,,,
Hàng hóa,THUỐC SÂU,HB_ASARA,,ASARA SUPER 250WG - 30GR,HB -CTY HÒA BÌNH,15000,9000.0,0.0,0,0 ngày,0,999999999.0,,,1.0,,,https://cdn-images.kiotviet.vn/2025/09/19/congtyptk/37fcaa24f7584bcfa41e7e4097294fe2.jpg,,1,1,Thùng 400 gói,,,,,
Hàng hóa,THUỐC SÂU,HB_CUNGTEN,,SADAMIR 200WP - 100GR ( CUNG TÊN ),HB -CTY HÒA BÌNH,28000,19200.0,0.0,0,0 ngày,0,999999999.0,,,1.0,,,https://cdn-images.kiotviet.vn/2025/09/19/congtyptk/4026200f22aa4412883c879886b83987.jpg,,1,1,Thùng 100 gói,,,,,
Hàng hóa,THUỐC ỐC,PT_OCOBAMA,,ỐC OBAMA 18GR (1KG),TY PHUC THINH,55000,39900.0,0.0,0,0 ngày,0,999999999.0,Gói,,1.0,,,"https://cdn-images.kiotviet.vn/2025/09/05/congtyptk/e1fa811e1ed24c8b9c093c921aef763c.jpg,https://cdn-images.kiotviet.vn/2025/09/05/congtyptk/a42d0fa5bb5b47939427c4d870db71fe.jpg",,1,1,,,,,,
Hàng hóa,THUỐC ỐC,PT_OCOBAMA-1,,ỐC OBAMA 18GR (1KG),TY PHUC THINH,1100000,798000.0,0.0,0,0 ngày,0,49999999.95,THÙNG,PT_OCOBAMA,20.0,,PT_OCOBAMA,,,1,1,,,,,,
Hàng hóa,THUỐC SÂU,VT_RUOIVANG,,RUỒI VÀNG ẤN ĐỘ (KAKASUPER) 266SC 200ML,VIỆT TRUNG,120000,79905.6,0.0,0,0 ngày,0,999999999.0,Chai,,1.0,,,https://cdn-images.kiotviet.vn/2025/08/30/congtyptk/c2fa98bd118544f4bf4c7502f18c2744.jpg,,1,1,1 THÙNG 40 CHAI,,,,,
Hàng hóa,THUỐC SÂU,VT_RUOIVANG-1,,RUỒI VÀNG ẤN ĐỘ (KAKASUPER) 266SC 200ML,VIỆT TRUNG,4800000,3196224.0,0.0,0,0 ngày,0,24999999.975,THÙNG,VT_RUOIVANG,40.0,,VT_RUOIVANG,,,1,1,1 THÙNG 40 CHAI,,,,,
Hàng hóa,THUỐC SÂU,VT_CHIMUNG,,CHIM ƯNG (VIETDAN) 29SL 450ML,VIỆT TRUNG,45000,35266.0,0.0,0,0 ngày,0,999999999.0,Chai,,1.0,,,"https://cdn-images.kiotviet.vn/2025/08/23/congtyptk/dfa9039cba014f1c9801f2be93af72d9.jpg,https://cdn-images.kiotviet.vn/2025/08/23/congtyptk/badfc355332248688c81505e3c60e21f.jpg",,1,1,,,,,,
Hàng hóa,THUỐC SÂU,VT_CHIMUNG-1,,CHIM ƯNG (VIETDAN) 29SL 450ML,VIỆT TRUNG,1350000,1057980.0,0.0,0,0 ngày,0,33333333.3,THÙNG,VT_CHIMUNG,30.0,,VT_CHIMUNG,,,1,1,,,,,,
Hàng hóa,PBL,NDLA_7544,,PTK 7-5-44 250GRAM,NONG DUOC LA,25000,18000.0,0.0,0,0 ngày,0,999999999.0,Gói,,1.0,,,"https://cdn-images.kiotviet.vn/2025/08/22/congtyptk/07157935741146e7b1889b568f65127b.jpg,https://cdn-images.kiotviet.vn/2025/08/22/congtyptk/266e0f11d95f433ab4387d9b3ae70642.jpg",,1,1,,,,,,
Hàng hóa,PBL,NDLA_7544-1,,PTK 7-5-44 250GRAM,NONG DUOC LA,2500000,1800000.0,0.0,0,0 ngày,0,9999999.99,THÙNG,NDLA_7544,100.0,,NDLA_7544,,,1,1,,,,,,
Dịch vụ,Chi phí,SP000361,,CHI PHÍ GIAO HÀNG BÌNH PHƯỚC,,20000,0.0,0.0,0,0 ngày,0,0.0,Lần,,1.0,,,,,1,1,,,,,,
Hàng hóa,THUỐC SÂU,NVT_NAPYRIM,,NAPYRIM 20SC 450ML,NÔNG VIỆT THỊNH,145000,126000.0,0.0,0,0 ngày,0,999999999.0,Chai,,1.0,,,https://cdn2-retail-images.kiotviet.vn/2025/08/12/congtyptk/83e8a9f1c0e143e2bdfe27653c58d03e.jpg,,1,1,1 THÙNG 30 CHAI,,,,,
Hàng hóa,THUỐC SÂU,NVT_NAPYRIM-1,,NAPYRIM 20SC 450ML,NÔNG VIỆT THỊNH,4350000,3780000.0,0.0,0,0 ngày,0,33333333.3,THÙNG,NVT_NAPYRIM,30.0,,NVT_NAPYRIM,,,1,1,1 THÙNG 30 CHAI,,,,,
Combo - đóng gói,PBL,PTK_COMBO5,,COMBO 5 CHAI CANXI BO KẼM 500ML TẶNG 1,PTK,540000,0.0,0.0,0,0 ngày,0,0.0,,,1.0,,,https://cdn2-retail-images.kiotviet.vn/2025/08/11/congtyptk/e8bfa666dfe64ee38c1d637c203f627c.jpg,,1,1,,,,NDLA_CANXIBO:6,,
Hàng hóa,PBG,CCV_2555,,NPK 25-5-5 FARMERS 25KG,CON CÒ VÀNG,17000,14330.0,0.0,0,0 ngày,0,999999999.0,kg,,1.0,,,"https://cdn2-retail-images.kiotviet.vn/2025/08/04/congtyptk/9d8afb277036451f8147ac6592198647.jpg,https://cdn2-retail-images.kiotviet.vn/2025/08/04/congtyptk/9cdd6c69bfa94626b1e3285ef11ae70d.jpg",,1,1,,,,,,
Hàng hóa,PBG,CCV_2555-1,,NPK 25-5-5 FARMERS 25KG,CON CÒ VÀNG,390000,358250.0,0.0,0,0 ngày,0,39999999.96,Bao,CCV_2555,25.0,,CCV_2555,,,1,1,,,,,,
Hàng hóa,THUỐC BỆNH,VT_THANY,,THẦN Y 4H TRỊ KHUẨN (SUNSHI 21WP) 25GRAM,VIỆT TRUNG,10000,6134.4,0.0,0,0 ngày,0,999999999.0,Gói,,1.0,,,https://cdn2-retail-images.kiotviet.vn/2025/07/26/congtyptk/59c96fede79641d9b0956570938a8a26.jpg,,1,1,,,,,,
Hàng hóa,THUỐC BỆNH,VT_THANY-1,,THẦN Y 4H TRỊ KHUẨN (SUNSHI 21WP) 25GRAM,VIỆT TRUNG,4000000,2453760.0,0.0,0,0 ngày,0,2499999.9975,THÙNG,VT_THANY,400.0,,VT_THANY,,,1,1,,,,,,
Hàng hóa,THUỐC BỆNH,VT_AMISU,,AMISUPERTOP 500WP 20GRAM,VIỆT TRUNG,18000,11160.0,0.0,0,0 ngày,0,999999999.0,Gói,,1.0,,,https://cdn2-retail-images.kiotviet.vn/2025/07/26/congtyptk/6aa49f2b204643f5bc4688d56208f39a.jpg,,1,1,,,,,,
Hàng hóa,THUỐC BỆNH,VT_AMISU-1,,AMISUPERTOP 500WP 20GRAM,VIỆT TRUNG,9000000,5580000.0,0.0,0,0 ngày,0,1999999.998,THÙNG,VT_AMISU,500.0,,VT_AMISU,,,1,1,,,,,,
Hàng hóa,THUỐC BỆNH,TH_MIK,,MIKSABE 100WP 25GRAM,TẤN HƯNG,15000,11000.0,0.0,0,0 ngày,0,999999999.0,Gói,,1.0,,,https://cdn2-retail-images.kiotviet.vn/2025/07/24/congtyptk/aa92dceb84bd45c89212556a56ad68dc.jpg,,1,1,,,,,,
Hàng hóa,THUỐC BỆNH,TH_MIK-1,,MIKSABE 100WP 25GRAM,TẤN HƯNG,6000000,4400000.0,0.0,0,0 ngày,0,2499999.9975,THÙNG,TH_MIK,400.0,,TH_MIK,,,1,1,,,,,,
Hàng hóa,THUỐC BỆNH,TH_META,,METALAXYL NƯỚC 100ML,TẤN HƯNG,50000,28000.0,0.0,0,0 ngày,0,999999999.0,Chai,,1.0,,,https://cdn2-retail-images.kiotviet.vn/2025/07/24/congtyptk/65cfbbbab97e46039cad905afd09ed08.jpg,,1,1,,,,,,
Hàng hóa,THUỐC BỆNH,TH_META-1,,METALAXYL NƯỚC 100ML,TẤN HƯNG,5000000,2800000.0,0.0,0,0 ngày,0,9999999.99,THÙNG,TH_META,100.0,,TH_META,,,1,1,,,,,,
Hàng hóa,PBL,NDLA_CANXIBO,,CANXI BO KẼM 500ML,NONG DUOC LA,90000,50000.0,0.0,0,0 ngày,0,999999999.0,Chai,,1.0,,,"https://cdn2-retail-images.kiotviet.vn/2025/07/24/congtyptk/b5524adc967f4a37b42f27691029d885.jpg,https://cdn2-retail-images.kiotviet.vn/2025/07/24/congtyptk/300100739a9945a7a22099588472a839.jpg",,1,1,1 THÙNG 40 CHAI,,,,,
Hàng hóa,PBL,NDLA_CANXIBO-1,,CANXI BO KẼM 500ML,NONG DUOC LA,3600000,2000000.0,0.0,0,0 ngày,0,24999999.975,THÙNG,NDLA_CANXIBO,40.0,,NDLA_CANXIBO,,,1,1,1 THÙNG 40 CHAI,,,,,
Hàng hóa,THUỐC BỆNH,DX_FOSCY,,FOSCY 35GRAM,ĐỒNG XANH,18000,12500.0,0.0,0,0 ngày,0,999999999.0,Gói,,1.0,,,https://cdn2-retail-images.kiotviet.vn/2025/07/14/congtyptk/3cd3ecd8fc3e46cf84b600d25ddce212.jpg,,1,1,1 HỘP 75 GÓI,,,,,
Hàng hóa,THUỐC BỆNH,DX_FOSCY-1,,FOSCY 35GRAM,ĐỒNG XANH,1350000,937500.0,0.0,0,0 ngày,0,13333333.32,Hộp,DX_FOSCY,75.0,,DX_FOSCY,,,1,1,1 HỘP 75 GÓI,,,,,
Hàng hóa,THUỐC BỆNH,DX_CYTHALA,,CYTHALA 30GRAM,ĐỒNG XANH,20000,11800.0,0.0,0,0 ngày,0,999999999.0,Gói,,1.0,,,https://cdn-images.kiotviet.vn/2025/07/14/congtyptk/7042a3ef88cc4adc8456f89cd9bb93dc.jpg,,1,1,1 THÙNG 400 GÓI,,,,,
Hàng hóa,THUỐC BỆNH,DX_CYTHALA-1,,CYTHALA 30GRAM,ĐỒNG XANH,8000000,4720000.0,0.0,0,0 ngày,0,2499999.9975,THÙNG,DX_CYTHALA,400.0,,DX_CYTHALA,,,1,1,1 THÙNG 400 GÓI,,,,,
Hàng hóa,THUỐC BỆNH,DX_LIBERO,,LIBERO 35GRAM,ĐỒNG XANH,25000,19000.0,0.0,0,0 ngày,0,999999999.0,Gói,,1.0,,,https://cdn2-retail-images.kiotviet.vn/2025/07/14/congtyptk/6fb8e0a6e98f4b27b93f30fd2ed6adb6.jpg,,1,1,1 THÙNG 300 GÓI,,,,,
Hàng hóa,THUỐC BỆNH,DX_LIBERO-1,,LIBERO 35GRAM,ĐỒNG XANH,7500000,5700000.0,0.0,0,0 ngày,0,3333333.33,THÙNG,DX_LIBERO,300.0,,DX_LIBERO,,,1,1,1 THÙNG 300 GÓI,,,,,
Hàng hóa,THUỐC SÂU,VPC_VISHER480,,VISHER 480ML,VIPESCO,125000,90420.0,0.0,0,0 ngày,0,999999999.0,Chai,,1.0,,,https://cdn-images.kiotviet.vn/2025/07/14/congtyptk/6c27f90c70cc4e9298c0967240f83463.jpg,,1,1,1 THÙNG 30 CHAI,,,,,
Hàng hóa,THUỐC SÂU,VPC_VISHER480-1,,VISHER 480ML,VIPESCO,3750000,2712600.0,0.0,0,0 ngày,0,33333333.3,THÙNG,VPC_VISHER480,30.0,,VPC_VISHER480,,,1,1,1 THÙNG 30 CHAI,,,,,
Hàng hóa,THUỐC SÂU,VPC_VISHER100,,VISHER 100ML,VIPESCO,30000,22500.0,0.0,0,0 ngày,0,999999999.0,Chai,,1.0,,,https://cdn-images.kiotviet.vn/2025/07/14/congtyptk/dda8ccb91e4b4d95b9784ada5ce5aa17.jpg,,1,1,1 THÙNG 100 CHAI,,,,,
Hàng hóa,THUỐC SÂU,VPC_VISHER100-1,,VISHER 100ML,VIPESCO,3000000,2250000.0,0.0,0,0 ngày,0,9999999.99,THÙNG,VPC_VISHER100,100.0,,VPC_VISHER100,,,1,1,1 THÙNG 100 CHAI,,,,,
Hàng hóa,AN PHAT NONG,APN_FLOWER,,APN FLOWER 250GRAM,AN PHÁT NÔNG,85000,69000.0,0.0,0,0 ngày,0,999999999.0,Gói,,1.0,,,https://cdn2-retail-images.kiotviet.vn/2025/07/05/congtyptk/ef3302deca544a818fc3ff2082a88528.jpg,,1,1,1 THÙNG 100 GÓI,,,,,
Hàng hóa,AN PHAT NONG,APN_FLOWER-1,,APN FLOWER 250GRAM,AN PHÁT NÔNG,8500000,6900000.0,0.0,0,0 ngày,0,9999999.99,THÙNG,APN_FLOWER,100.0,,APN_FLOWER,,,1,1,1 THÙNG 100 GÓI,,,,,
Hàng hóa,PBG,BM_AURUMA,,BM FERTIGANIC 65 OM + 3-2-2 (25KG),BM,12000,8000.0,0.0,0,0 ngày,0,999999999.0,kg,,1.0,,,https://cdn2-retail-images.kiotviet.vn/2025/07/04/congtyptk/45be3426c42b448e9cc65ef1a3049c23.jpg,,1,1,,,,,,
Hàng hóa,PBG,BM_AURUMA-1,,BM FERTIGANIC 65 OM + 3-2-2 (25KG),BM,280000,200000.0,0.0,0,0 ngày,0,39999999.96,Bao,BM_AURUMA,25.0,,BM_AURUMA,,,1,1,,,,,,
Combo - đóng gói,PBL,PTK_MATCUA,,BỘ SẢN PHẨM RƯỚC MẮT CUA,,235000,140000.0,0.0,0,0 ngày,0,0.0,Bộ,,1.0,,,https://cdn2-retail-images.kiotviet.vn/2025/07/04/congtyptk/4c9baa15fa764d3b869049e1140bb079.png,,1,1,,,,FF_P30_4:1|NIKA_:1,,
Combo - đóng gói,PBL,PTK_MIENTRANG,,BỘ SẢN PHẨM PHÁ MIÊN TRẠNG,,315000,194500.0,0.0,0,0 ngày,0,0.0,Bộ,,1.0,,,https://cdn-images.kiotviet.vn/2025/07/04/congtyptk/d5cf5b49afb548b195e28ff4665787d5.png,,1,1,,,,FF_P30_4:1|PTK_CYTOKALI:1|NDLA_13046:1,,
Combo - đóng gói,PBL,PTK_KICHBONG,,BỘ SẢN PHẨM ỨC CHẾ KÍCH BÔNG,,580000,539000.0,0.0,0,0 ngày,0,0.0,Bộ,,1.0,,,https://cdn2-retail-images.kiotviet.vn/2025/07/04/congtyptk/5f854af9bb0f4fc1b8ea306b5ecdd4d1.png,,1,1,,,,HCTOBA:1|HT BRI:1|NDLA_THAMSAU100:1,,
Combo - đóng gói,PBL,PTK_CHANDOTST,,BỘ SẢN PHẨM CHẶN ĐỌT SIÊU TỐC,,390000,229000.0,0.0,0,0 ngày,0,0.0,Bộ,,1.0,,,https://cdn2-retail-images.kiotviet.vn/2025/07/04/congtyptk/68b3f3527e68498d90374e37b42b12a5.png,,1,1,,,,FF_K1_4:1|NDLA_UNI100:1|NDLA_PK88:1,,
Combo - đóng gói,PBL,PTK_SOLA,,BỘ SẢN PHẨM SO LÁ KÉO CƠI ĐỒNG LOẠT,,210000,139000.0,0.0,0,0 ngày,0,0.0,Bộ,,1.0,,,https://cdn2-retail-images.kiotviet.vn/2025/07/04/congtyptk/54ec351aa34a4bf8a26437a96838ef59.png,,1,1,,,,FF_P17_4:1|NDLA_PK50:1,,
Combo - đóng gói,PBL,PTK_DUONGDOT,,BỘ SẢN PHẨM DƯỠNG ĐỌT,,260000,162000.0,0.0,0,0 ngày,0,0.0,Bộ,,1.0,,,https://cdn2-retail-images.kiotviet.vn/2025/07/04/congtyptk/60773274ced840adac506cb29856f62a.png,,1,1,,,,TV_MAGIE 1110:1|TV_SHINKO1L:1,,
Combo - đóng gói,PBL,PTK_CHONGRUNG,,BỘ SẢN PHẨM CHỐNG RỤNG NUÔI TRÁI,,315000,180000.0,0.0,0,0 ngày,0,0.0,Bộ,,1.0,,,https://cdn2-retail-images.kiotviet.vn/2025/07/04/congtyptk/7a4381e44e9746dc84ee378f8cb23358.png,,1,1,,,,FF_K2_4:1|NIKA_:1|VPC_BOCA:1,,
Combo - đóng gói,PBL,PTK_CHANDOT,,BỘ SẢN PHẨM CHẶN ĐỌT 24H,,290000,145000.0,0.0,0,0 ngày,0,0.0,Bộ,,1.0,,,https://cdn2-retail-images.kiotviet.vn/2025/07/04/congtyptk/c8a682f2903b4d21b25d607fcc06b8ed.png,,1,1,,,,HL_JAPAVIL:1|NDLA_13046:1,,
Combo - đóng gói,PBL,PTK_KEODOT,,BỘ SẢN PHẨM KÉO ĐỌT KÍCH CƠI ĐỒNG LOẠT,,195000,122500.0,0.0,0,0 ngày,0,0.0,Bộ,,1.0,,,https://cdn-images.kiotviet.vn/2025/07/04/congtyptk/30cdf7d8b4564ef98954f7c57bcb3b53.png,,1,1,,,,FF_N35_4:1|PTK_CASTROL:1,,
Combo - đóng gói,PBL,PTK_KICHRE,,BỘ SẢN PHẨM KÍCH RỄ BẬT CHỒI,,205000,119000.0,0.0,0,0 ngày,0,0.0,Bộ,,1.0,,,https://cdn2-retail-images.kiotviet.vn/2025/07/04/congtyptk/d4ff0e68dfad4a1e87765c98436d8c47.png,,1,1,,,,PTK_CASTROL:1|VPC_VIPAC88:1,,
Combo - đóng gói,PBL,PTK_CHINHTRAI,,BỘ SẢN PHẨM CHỈNH TRÁI CHỐNG RỤNG,,315000,213000.0,0.0,0,0 ngày,0,0.0,Bộ,,1.0,,,https://cdn2-retail-images.kiotviet.vn/2025/07/04/congtyptk/90fdf2bccfbd4575bf9b45118a1d3d4b.png,,1,1,,,,NDLA_MEPI:1|NDLA_CHONGSOC:1|VPC_BOCA:1,,
Combo - đóng gói,PBL,PTK_VOCOM,,BỘ SẢN PHẨM VÔ CƠM GAI NHÍM,,265000,155500.0,0.0,0,0 ngày,0,0.0,Bộ,,1.0,,,https://cdn2-retail-images.kiotviet.vn/2025/07/04/congtyptk/4727f7b028ca4210b0da08b31d6547d8.png,,1,1,,,,NIKA_SILIKA:1|NDLA_AMINO:1,,
Combo - đóng gói,THUỐC BỆNH,HP_BOTT,,BỘ TIÊU DIỆT TUYẾN TRÙNG NẤM BỆNH,,330000,248769.0,0.0,0,0 ngày,0,0.0,Bộ,,1.0,,,https://cdn2-retail-images.kiotviet.vn/2025/07/04/congtyptk/f27996e3ff024d399b40baf78371741d.png,,1,1,,,,HP_B2:1|HP_ROMIL:1,,
Hàng hóa,PBG,TH_SULPHATE,,SOLUBLES POTASSIUM SULPHATE (KALI TRẮNG MỚI) 25KG,,25000,19800.0,0.0,0,0 ngày,0,999999999.0,kg,,1.0,,,https://cdn-images.kiotviet.vn/2025/06/28/congtyptk/4bb8e8f8b55747c7bd362c1ca7d59827.jpg,,1,1,,,,,,
Hàng hóa,PBG,TH_SULPHATE-1,,SOLUBLES POTASSIUM SULPHATE (KALI TRẮNG MỚI) 25KG,,590000,495000.0,0.0,0,0 ngày,0,39999999.96,Bao,TH_SULPHATE,25.0,,TH_SULPHATE,,,1,1,,,,,,
Hàng hóa,PBG,TH_MAGIE,,MAGNESIUM NITRATE (MAGIE NITRATE) (25KG),,17000,10800.0,0.0,0,0 ngày,0,999999999.0,kg,,1.0,,,https://cdn-images.kiotviet.vn/2025/06/26/congtyptk/b93cb4de3a4f48d5b044b31110b87f5e.jpg,,1,1,,,,,,
Hàng hóa,PBG,TH_MAGIE-1,,MAGNESIUM NITRATE (MAGIE NITRATE) (25KG),,400000,270000.0,0.0,0,0 ngày,0,39999999.96,Bao,TH_MAGIE,25.0,,TH_MAGIE,,,1,1,,,,,,
Hàng hóa,HỮU CƠ,PTK_ACTIVE322MOI,,HỮU CƠ ACTIVE GOLD 322 - BAO MỚI (25KG ),PTK,15000,0.0,0.0,0,0 ngày,0,999999999.0,kg,,1.0,,,https://cdn-images.kiotviet.vn/2025/06/25/congtyptk/ff306bbbfc5e4e3781830639a1848900.jpg,,1,1,,,,,,
Hàng hóa,HỮU CƠ,PTK_ACTIVE322MOI-1,,HỮU CƠ ACTIVE GOLD 322 - BAO MỚI (25KG ),PTK,350000,0.0,0.0,0,0 ngày,0,39999999.96,Bao,PTK_ACTIVE322MOI,25.0,,PTK_ACTIVE322MOI,,,1,1,,,,,,
Combo - đóng gói,PBL,PTK_TAOMAM2,,BỘ SẢN PHẨM TẠO MẦM LẦN 2,PTK,330000,214500.0,0.0,0,0 ngày,0,0.0,Bộ,,1.0,,,https://cdn2-retail-images.kiotviet.vn/2025/06/19/congtyptk/a5b6429a841943afbb1099988e723548.jpg,,1,1,,,,FF_P17_4:1|PTK_CYTOKALI:1|NDLA_PK88:1,,
Combo - đóng gói,PBL,PTK_TAOMAM1,,BỘ SẢN PHẨM TẠO MẦM LẦN 1,PTK,380000,239500.0,0.0,0,0 ngày,0,0.0,Bộ,,1.0,,,https://cdn2-retail-images.kiotviet.vn/2025/07/04/congtyptk/0766efd69c4f4faebdb4844e8836cd86.png,,1,1,,,,PTK_PHOSPHITE:1|PTK_P52:1|NDLA_PK50:1,,
Hàng hóa,HỮU CƠ,PTK_GREENDEMO,,HÀNG DEMO - ACTIVE GREEN 25-5-5 + 20%OM (25KG ),PTK,0,15000.0,0.0,0,12 ngày,0,999999999.0,kg,,1.0,,,,,1,1,,,,,,
Hàng hóa,HỮU CƠ,SP000350,,HÀNG DEMO - ACTIVE GREEN 25-5-5 + 20%OM (25KG ),PTK,0,375000.0,0.0,0,12 ngày,0,39999999.96,Bao Demo,PTK_GREENDEMO,25.0,,PTK_GREENDEMO,,,1,1,,,,,,
Hàng hóa,HỮU CƠ,PTK_BLUEDEMO,,HÀNG DEMO - ACTIVE BLUE 11-11-11 + 15%OM (25KG ),,0,12000.0,0.0,0,0 ngày,0,999999999.0,kg,,1.0,,,,,1,1,,,,,,
Hàng hóa,HỮU CƠ,PTK_BLUEDEMO-1,,HÀNG DEMO - ACTIVE BLUE 11-11-11 + 15%OM (25KG ),,0,300000.0,0.0,0,0 ngày,0,39999999.96,Bao Demo,PTK_BLUEDEMO,25.0,,PTK_BLUEDEMO,,,1,1,,,,,,
Hàng hóa,HỮU CƠ,PTK_REDDEMO,,HÀNG DEMO - ACTIVE RED 10-5-20 + 20%OM (25KG ),PTK,0,13000.0,0.0,0,0 ngày,0,999999999.0,kg,,1.0,,,,,1,1,,,,,,
Hàng hóa,HỮU CƠ,PTK_REDDEMO-1,,HÀNG DEMO - ACTIVE RED 10-5-20 + 20%OM (25KG ),PTK,0,325000.0,0.0,0,0 ngày,0,39999999.96,Bao Demo,PTK_REDDEMO,25.0,,PTK_REDDEMO,,,1,1,,,,,,
Hàng hóa,HỮU CƠ,PTK_ACTIVEGOLD,,HÀNG DEMO - ACTIVE GOLD 322 (25KG),PTK,0,9000.0,0.0,0,0 ngày,0,999999999.0,kg,,1.0,,,,,1,1,,,,,,
Hàng hóa,HỮU CƠ,PTK_ACTIVEGOLD-1,,HÀNG DEMO - ACTIVE GOLD 322 (25KG),PTK,0,225000.0,0.0,0,0 ngày,0,39999999.96,Bao Demo,PTK_ACTIVEGOLD,25.0,,PTK_ACTIVEGOLD,,,1,1,,,,,,
Hàng hóa,PBG,PTK_ACTIVERED,,ACTIVE RED 10-5-20 + 20%OM (25KG ),PTK,20000,13000.0,0.0,0,0 ngày,0,999999999.0,kg,,1.0,,,https://cdn2-retail-images.kiotviet.vn/2025/06/03/congtyptk/ac4c5f8267a044b8a12bb30a33e78b7f.jpg,,1,1,,,,,,
Hàng hóa,PBG,PTK_ACTIVERED-1,,ACTIVE RED 10-5-20 + 20%OM (25KG ),PTK,475000,325000.0,0.0,0,0 ngày,0,39999999.96,Bao,PTK_ACTIVERED,25.0,,PTK_ACTIVERED,,,1,1,,,,,,
Hàng hóa,PBG,PTK_ACTIVEBLUE,,ACTIVE BLUE 11-11-11 + 15%OM (25KG ),PTK,20000,12000.0,0.0,0,0 ngày,0,999999999.0,kg,,1.0,,,https://cdn2-retail-images.kiotviet.vn/2025/06/03/congtyptk/4f991c07dae74c97a2940e6c7e207142.jpg,,1,1,,,,,,
Hàng hóa,PBG,PTK_ACTIVEBLUE-1,,ACTIVE BLUE 11-11-11 + 15%OM (25KG ),PTK,475000,300000.0,0.0,0,0 ngày,0,39999999.96,Bao,PTK_ACTIVEBLUE,25.0,,PTK_ACTIVEBLUE,,,1,1,,,,,,
Hàng hóa,PBG,PTK_ACTIVEGREEN,,ACTIVE GREEN 25-5-5 + 20%OM (25KG ),PTK,21000,15000.0,0.0,0,0 ngày,0,999999999.0,kg,,1.0,,,https://cdn2-retail-images.kiotviet.vn/2025/06/03/congtyptk/fcd19ea7a9134571aea0a5b97cd082da.jpg,,1,1,,,,,,
Hàng hóa,PBG,PTK_ACTIVEGREEN-1,,ACTIVE GREEN 25-5-5 + 20%OM (25KG ),PTK,505000,375000.0,0.0,0,0 ngày,0,39999999.96,Bao,PTK_ACTIVEGREEN,25.0,,PTK_ACTIVEGREEN,,,1,1,,,,,,
Hàng hóa,THUỐC SÂU,VT_MECTIN70,,SÁT THỦ (NEWMECTIN) 126WG 70GRAM,VIỆT TRUNG,55000,40546.0,0.0,0,0 ngày,0,999999999.0,Gói,,1.0,,,"https://cdn2-retail-images.kiotviet.vn/2025/06/02/congtyptk/f5ff0035f1c740a58054c3824ae14a78.jpg,https://cdn2-retail-images.kiotviet.vn/2025/06/02/congtyptk/0602ca068b4244f987f8efd723522c8c.jpg",,1,1,1 THÙNG 150 GÓI,,,,,
Hàng hóa,THUỐC SÂU,VT_MECTIN70-1,,SÁT THỦ (NEWMECTIN) 126WG 70GRAM,VIỆT TRUNG,8250000,6081900.0,0.0,0,0 ngày,0,6666666.66,THÙNG,VT_MECTIN70,150.0,,VT_MECTIN70,,,1,1,1 THÙNG 150 GÓI,,,,,
Hàng hóa,PBL,NIKA_LYCHCARIA,,LYCHCARIA 100 GRAM,NIKA,90000,56000.0,0.0,0,0 ngày,0,999999999.0,Gói,,1.0,,,https://cdn-images.kiotviet.vn/2025/05/27/congtyptk/07a3d5e46ce1448fb267906cbb16935f.jpg,,1,1,1 THÙNG 20 GÓI,,,,,
Hàng hóa,PBL,NIKA_LYCHCARIA-1,,LYCHCARIA 100 GRAM,NIKA,18000000,11200000.0,0.0,0,0 ngày,0,4999999.995,THÙNG,NIKA_LYCHCARIA,200.0,,NIKA_LYCHCARIA,,,1,1,1 THÙNG 20 GÓI,,,,,
Hàng hóa,PBL,TV_SHINKO20,,SHINKO 12-12-12 20 LÍT,TRE VIET,2850000,1550000.0,0.0,0,0 ngày,0,999999999.0,THÙNG,,1.0,,,https://cdn-images.kiotviet.vn/2025/05/27/congtyptk/255f1062f48e4bf089422aad5175a6ce.jpg,,1,1,,,,,,
Hàng hóa,PBL,TV_HIKARI1L,,HIKARI AMIN 1 LÍT,TRE VIET,185000,105000.0,0.0,0,0 ngày,0,999999999.0,Chai,,1.0,,,https://cdn-images.kiotviet.vn/2025/05/27/congtyptk/776ff0419e194a308d03999c31f34856.jpg,,1,1,1 THÙNG 20 CHAI,,,,,
Hàng hóa,PBL,TV_HIKARI1L-1,,HIKARI AMIN 1 LÍT,TRE VIET,3700000,2100000.0,0.0,0,0 ngày,0,49999999.95,THÙNG,TV_HIKARI1L,20.0,,TV_HIKARI1L,,,1,1,1 THÙNG 20 CHAI,,,,,
Hàng hóa,PBL,TV_SHINKO1L,,SHINKO 12-12-12 1 LÍT,TRE VIET,195000,115000.0,0.0,0,0 ngày,0,999999999.0,Chai,,1.0,,,https://cdn-images.kiotviet.vn/2025/05/27/congtyptk/0cb9dca3342049ab875cda5c417054b3.jpg,,1,1,1 THÙNG 20 CHAI,,,,,
Hàng hóa,PBL,TV_SHINKO1L-1,,SHINKO 12-12-12 1 LÍT,TRE VIET,3900000,2300000.0,0.0,0,0 ngày,0,49999999.95,THÙNG,TV_SHINKO1L,20.0,,TV_SHINKO1L,,,1,1,1 THÙNG 20 CHAI,,,,,
Hàng hóa,THUỐC SÂU,NVT_CHOPY300,,CHOPYFOS 400EC 300ML,NÔNG VIỆT THỊNH,140000,105000.0,0.0,0,0 ngày,0,999999999.0,Chai,,1.0,,,https://cdn-images.kiotviet.vn/2025/05/24/congtyptk/43b348ebb3eb4bb195cec38615fca6e1.jpg,,1,1,1 THÙNG 40 CHAI,,,,,
Hàng hóa,THUỐC SÂU,NVT_CHOPY300-1,,CHOPYFOS 400EC 300ML,NÔNG VIỆT THỊNH,5600000,4200000.0,0.0,0,0 ngày,0,24999999.975,THÙNG,NVT_CHOPY300,40.0,,NVT_CHOPY300,,,1,1,1 THÙNG 40 CHAI,,,,,
Hàng hóa,PBG,CCV_92517RUBY,,NPK 9-25-17 RUBY (25KG),CON CÒ VÀNG,23000,17600.0,0.0,0,0 ngày,0,999999999.0,kg,,1.0,,,https://cdn2-retail-images.kiotviet.vn/2025/05/20/congtyptk/d241297738d14d8d83d9987e74108bba.jpg,,1,1,,,,,,
Hàng hóa,PBG,CCV_92517RUBY-1,,NPK 9-25-17 RUBY (25KG),CON CÒ VÀNG,540000,440000.0,0.0,0,0 ngày,0,39999999.96,Bao,CCV_92517RUBY,25.0,,CCV_92517RUBY,,,1,1,,,,,,
Hàng hóa,PBG,CCV_191919,,NPK 19-19-19 RUBY (25KG),CON CÒ VÀNG,21000,17000.0,0.0,0,0 ngày,0,999999999.0,kg,,1.0,,,https://cdn-images.kiotviet.vn/2025/05/20/congtyptk/c904368e8aaa4cff82e3a35648692092.jpg,,1,1,,,,,,
Hàng hóa,PBG,CCV_191919-1,,NPK 19-19-19 RUBY (25KG),CON CÒ VÀNG,495000,425000.0,0.0,0,0 ngày,0,39999999.96,Bao,CCV_191919,25.0,,CCV_191919,,,1,1,,,,,,
Hàng hóa,PBG,CCV_15920,,NPK 15-9-20 RUSSIA (25KG),CON CÒ VÀNG,21000,18000.0,0.0,0,0 ngày,0,999999999.0,kg,,1.0,,,https://cdn2-retail-images.kiotviet.vn/2025/05/20/congtyptk/e629346f1ab1403a9a51c6f2abf24f03.jpg,,1,1,,,,,,
Hàng hóa,PBG,CCV_15920-1,,NPK 15-9-20 RUSSIA (25KG),CON CÒ VÀNG,505000,450000.0,0.0,0,0 ngày,0,39999999.96,Bao,CCV_15920,25.0,,CCV_15920,,,1,1,,,,,,
Hàng hóa,PBG,CCV_301010,,NPK 30-10-10 ENTER-ROOT (25KG),CON CÒ VÀNG,18000,14000.0,0.0,0,0 ngày,0,999999999.0,kg,,1.0,,,https://cdn-images.kiotviet.vn/2025/05/20/congtyptk/3e5316a97dd84ba68ca50982ec75052b.jpg,,1,1,,,,,,
Hàng hóa,PBG,CCV_301010-1,,NPK 30-10-10 ENTER-ROOT (25KG),CON CÒ VÀNG,430000,350000.0,0.0,0,0 ngày,0,39999999.96,Bao,CCV_301010,25.0,,CCV_301010,,,1,1,,,,,,
Hàng hóa,PBL,FF_N30,,PROFARM - N30 500GRAM,FUTURER FARM,90000,61000.0,0.0,0,0 ngày,0,999999999.0,hũ,,1.0,,,https://cdn-images.kiotviet.vn/2025/05/17/congtyptk/cde5ed5736c446f1bdfa15cb1929fb97.jpg,,1,1,1 THÙNG 50 HŨ,,,,,
Hàng hóa,PBL,FF_N30-1,,PROFARM - N30 500GRAM,FUTURER FARM,4500000,3050000.0,0.0,0,0 ngày,0,19999999.98,THÙNG,FF_N30,50.0,,FF_N30,,,1,1,1 THÙNG 50 HŨ,,,,,
Hàng hóa,PBL,NDLA_THAMSAU100,,THẤM SÂU 66 100ML,NONG DUOC LA,45000,19000.0,0.0,0,0 ngày,0,999999999.0,Chai,,1.0,,,https://cdn-images.kiotviet.vn/2025/05/17/congtyptk/4ebf09ca2e19424bb43b47f8aa05c06b.jpg,,1,1,1 THÙNG 100 CHAI,,,,,
Hàng hóa,PBL,NDLA_THAMSAU100-1,,THẤM SÂU 66 100ML,NONG DUOC LA,4500000,1900000.0,0.0,0,0 ngày,0,9999999.99,THÙNG,NDLA_THAMSAU100,100.0,,NDLA_THAMSAU100,,,1,1,1 THÙNG 100 CHAI,,,,,
Hàng hóa,THUỐC BỆNH,VT_ANIZOL,,KHẮC TINH CHÁY LÁ (ANIZOL) 430SC 240ML,VIỆT TRUNG,165000,130290.4,0.0,0,0 ngày,0,999999999.0,Chai,,1.0,,,https://cdn2-retail-images.kiotviet.vn/2025/05/14/congtyptk/a51644fbb17e41f6b48db027bcf4b3af.jpg,,1,1,"1 THÙNG 40 CHAI
Dạng sữa - Mát cây",,,,,
Hàng hóa,THUỐC BỆNH,VT_ANIZOL-1,,KHẮC TINH CHÁY LÁ (ANIZOL) 430SC 240ML,VIỆT TRUNG,6600000,5211616.0,0.0,0,0 ngày,0,24999999.975,THÙNG,VT_ANIZOL,40.0,,VT_ANIZOL,,,1,1,"1 THÙNG 40 CHAI
Dạng sữa - Mát cây",,,,,
Hàng hóa,THUỐC SÂU,VT_NEWMEC,,SÁT THỦ (NEWMECTIN) 126WG 10GRAM,VIỆT TRUNG,15000,6596.0,0.0,0,12 ngày,0,999999999.0,Gói,,1.0,,,https://cdn-images.kiotviet.vn/2025/05/14/congtyptk/3eadd82c6cbb4a8fbfaf99eef9be2ce5.jpg,,1,1,"DÒNG CỐM SINH HỌC
1 THÙNG 600 GÓI",,,,,
Hàng hóa,THUỐC SÂU,VT_NEWMEC-1,,SÁT THỦ (NEWMECTIN) 126WG 10GRAM,VIỆT TRUNG,9000000,3957600.0,0.0,0,12 ngày,0,1666666.665,THÙNG,VT_NEWMEC,600.0,,VT_NEWMEC,,,1,1,"DÒNG CỐM SINH HỌC
1 THÙNG 600 GÓI",,,,,
Hàng hóa,PBG,DAPHHD,,DAP HỒNG HÀ ĐEN (50KG),,27000,23500.0,0.0,0,0 ngày,0,999999999.0,kg,,1.0,,,https://cdn-images.kiotviet.vn/2025/05/07/congtyptk/6835261453324dd6b1b8c11fcce31f0b.jpg,,1,1,18-46-0,,,,,
Hàng hóa,PBG,DAPHHD-1,,DAP HỒNG HÀ ĐEN (50KG),,1295000,1175000.0,0.0,0,0 ngày,0,19999999.98,bao,DAPHHD,50.0,,DAPHHD,,,1,1,18-46-0,,,,,
Hàng hóa,THUỐC BỆNH,NP_MYCIN,,NAFAMYCIN (Gamycinusa 150SL-200ml),NAM PHÁT,95000,68000.0,0.0,0,0 ngày,0,999999999.0,Chai,,1.0,,,https://cdn-images.kiotviet.vn/2025/05/05/congtyptk/a93e324555634193931b2bd1f6b16b9b.jpg,,1,1,"1 thùng 40 chai
TRIỆT KHUẨN - TĂNG KHÁNG - TRỊ BỆNH",,,,,
Hàng hóa,THUỐC BỆNH,NP_MYCIN-1,,NAFAMYCIN (Gamycinusa 150SL-200ml),NAM PHÁT,3800000,2720000.0,0.0,0,0 ngày,0,24999999.975,THÙNG,NP_MYCIN,40.0,,NP_MYCIN,,,1,1,"1 thùng 40 chai
TRIỆT KHUẨN - TĂNG KHÁNG - TRỊ BỆNH",,,,,
Hàng hóa,THUỐC SÂU,NP_BOMTAN,,BOM TẤN (Bombigold 500WG -100gr),NAM PHÁT,65000,39000.0,0.0,0,0 ngày,0,999999999.0,Gói,,1.0,,,https://cdn-images.kiotviet.vn/2025/05/05/congtyptk/1adf0cf560a34dab955e6edad1ab1ac0.jpg,,1,1,"1 thùng 100 gói
SẠCH RẦY - BAY RỆP",,,,,
Hàng hóa,THUỐC SÂU,NP_BOMTAN-1,,BOM TẤN (Bombigold 500WG -100gr),NAM PHÁT,6500000,3900000.0,0.0,0,0 ngày,0,9999999.99,THÙNG,NP_BOMTAN,100.0,,NP_BOMTAN,,,1,1,"1 thùng 100 gói
SẠCH RẦY - BAY RỆP",,,,,
Hàng hóa,THUỐC BỆNH,NP_MITOPONE,,NAFATOP ONE (Mitop one 390SC -240ml),NAM PHÁT,135000,94000.0,0.0,0,0 ngày,0,999999999.0,Chai,,1.0,,,https://cdn-images.kiotviet.vn/2025/05/05/congtyptk/9507d97f5473496181d32b887ad9e866.jpg,,1,1,"1 thùng 40 chai
DẠNG SỮA - MÁT CÂY",,,,,
Hàng hóa,THUỐC BỆNH,NP_MITOPONE-1,,NAFATOP ONE (Mitop one 390SC -240ml),NAM PHÁT,5400000,3760000.0,0.0,0,0 ngày,0,24999999.975,THÙNG,NP_MITOPONE,40.0,,NP_MITOPONE,,,1,1,"1 thùng 40 chai
DẠNG SỮA - MÁT CÂY",,,,,
Hàng hóa,THUỐC BỆNH,NP_SUPERTOP,,NAFA SUPERTOP (Ditrobinusavb 40SC - 200ml),NAM PHÁT,170000,135000.0,0.0,0,0 ngày,0,999999999.0,Chai,,1.0,,,https://cdn-images.kiotviet.vn/2025/05/05/congtyptk/1bedaf86694242109a6f0e3b3d8dfcac.jpg,,1,1,"1 thùng 40 chai
DIỆT TRỪ NẤM TẬN GỐC, AN TOÀN - MÁT CÂY",,,,,
Hàng hóa,THUỐC BỆNH,NP_SUPERTOP-1,,NAFA SUPERTOP (Ditrobinusavb 40SC - 200ml),NAM PHÁT,6800000,5400000.0,0.0,0,0 ngày,0,24999999.975,THÙNG,NP_SUPERTOP,40.0,,NP_SUPERTOP,,,1,1,"1 thùng 40 chai
DIỆT TRỪ NẤM TẬN GỐC, AN TOÀN - MÁT CÂY",,,,,
Hàng hóa,THUỐC SÂU,VPC_VICARP100,,VICARP 95WP 100GRAM,VIPESCO,60000,47000.0,0.0,0,0 ngày,0,999999999.0,Gói,,1.0,,,https://cdn-images.kiotviet.vn/2025/05/03/congtyptk/e7f2d790e82b41b2aaffecae9d837189.jpg,,1,1,"1 Thùng 100 gói
Đặc trị: Sâu đục thân, sâu cuốn lá",,,,,
Hàng hóa,THUỐC SÂU,VPC_VICARP100-1,,VICARP 95WP 100GRAM,VIPESCO,6000000,4700000.0,0.0,0,0 ngày,0,9999999.99,THÙNG,VPC_VICARP100,100.0,,VPC_VICARP100,,,1,1,"1 Thùng 100 gói
Đặc trị: Sâu đục thân, sâu cuốn lá",,,,,
Hàng hóa,THUỐC SÂU,NP_TAMTHAITU,,NHỆN - TAM THÁI TỬ 240ML,NAM PHÁT,110000,79000.0,0.0,0,0 ngày,0,999999999.0,Chai,,1.0,,,https://cdn2-retail-images.kiotviet.vn/2025/04/22/congtyptk/c25d82adb4d14367832f220abc1483e1.jpg,,1,1,"Đặc trị nhện kháng thuốc
40 Chai X 240ML",,,,,
Hàng hóa,THUỐC SÂU,NP_TAMTHAITU-1,,NHỆN - TAM THÁI TỬ 240ML,NAM PHÁT,4400000,3160000.0,0.0,0,0 ngày,0,24999999.975,THÙNG,NP_TAMTHAITU,40.0,,NP_TAMTHAITU,,,1,1,"Đặc trị nhện kháng thuốc
40 Chai X 240ML",,,,,
Hàng hóa,THUỐC SÂU,NVT_BLUECAT,,BLUECAT 568WG 60GRAM,NÔNG VIỆT THỊNH,70000,58000.0,0.0,0,0 ngày,0,999999999.0,Gói,,1.0,,,https://cdn2-retail-images.kiotviet.vn/2025/04/21/congtyptk/cb6cdbd09db843d5b76a100954de1ee5.jpg,,1,1,,,,,,
Hàng hóa,THUỐC SÂU,NVT_BLUECAT-1,,BLUECAT 568WG 60GRAM,NÔNG VIỆT THỊNH,10500000,8700000.0,0.0,0,0 ngày,0,6666666.66,THÙNG,NVT_BLUECAT,150.0,,NVT_BLUECAT,,,1,1,,,,,,
Hàng hóa,PBG,DRAFERT92517,,NPK 9-25-17 DRAFERT (25KG),CÁ HEO,23000,17600.0,0.0,0,0 ngày,0,999999999.0,kg,,1.0,,,https://cdn2-retail-images.kiotviet.vn/2025/04/17/congtyptk/e7cca0762716410689a84e5ec79005a4.jpg,,1,1,,,,,,
Hàng hóa,PBG,DRAFERT92517-1,,NPK 9-25-17 DRAFERT (25KG),CÁ HEO,540000,440000.0,0.0,0,0 ngày,0,39999999.96,Bao,DRAFERT92517,25.0,,DRAFERT92517,,,1,1,,,,,,
Hàng hóa,PBG,DAP HU,,DAP HUMIC (VINACAM) (50KG),,23000,21000.0,0.0,0,0 ngày,0,999999999.0,kg,,1.0,,,https://cdn2-retail-images.kiotviet.vn/2025/04/11/congtyptk/11e22731dedf439eb909f92f1927846d.jpg,,1,1,,,,,,
Hàng hóa,PBG,DAP HU-1,,DAP HUMIC (VINACAM) (50KG),,1100000,1050000.0,0.0,0,0 ngày,0,19999999.98,BAO,DAP HU,50.0,,DAP HU,,,1,1,,,,,,
Hàng hóa,THUỐC SÂU,NVT_NOVIMOS,,DIỆT RẦY SỐ 1 NOVI MOS 650WG 80GRAM,NÔNG VIỆT THỊNH,55000,48000.0,0.0,0,12 ngày,0,999999999.0,Gói,,1.0,,,https://cdn2-retail-images.kiotviet.vn/2025/04/11/congtyptk/1a7d65d0b52e45849b41be407f0f8f63.jpg,,1,1,,,,,,
Hàng hóa,THUỐC SÂU,SP000310,,DIỆT RẦY SỐ 1 NOVI MOS 650WG 80GRAM,NÔNG VIỆT THỊNH,6600000,5760000.0,0.0,0,12 ngày,0,8333333.325,THÙNG,NVT_NOVIMOS,120.0,,NVT_NOVIMOS,,,1,1,,,,,,
Hàng hóa,THUỐC SÂU,NVT_DOFEN150,,DOFEN GOAL 50SC 150ML,NÔNG VIỆT THỊNH,110000,96000.0,0.0,0,0 ngày,0,999999999.0,Chai,,1.0,,,https://cdn2-retail-images.kiotviet.vn/2025/04/11/congtyptk/6dedd57e6e5e43d7a7022235f67da568.jpg,,1,1,60 chai X 150ML,,,,,
Hàng hóa,THUỐC SÂU,NVT_NHEN500,,DIỆT NHỆN PYRAMITE 500SC 240ML,NÔNG VIỆT THỊNH,140000,110000.0,0.0,0,0 ngày,0,999999999.0,Chai,,1.0,,,https://cdn2-retail-images.kiotviet.vn/2025/04/11/congtyptk/48c46b963d894c7abdc623176fc20082.jpg,,1,1,,,,,,
Hàng hóa,THUỐC SÂU,SP000308,,DIỆT NHỆN PYRAMITE 500SC 240ML,NÔNG VIỆT THỊNH,5600000,4400000.0,0.0,0,0 ngày,0,24999999.975,Thùng,NVT_NHEN500,40.0,,NVT_NHEN500,,,1,1,,,,,,
Hàng hóa,AN PHAT NONG,APN_AMINO,,AMINO 4.0 500ML,AN PHÁT NÔNG,0,120000.0,0.0,0,0 ngày,0,999999999.0,Chai,,1.0,,,,,1,1,,,,,,
Dịch vụ,Chi phí,CPGHBP,,CHI PHÍ GIAO HÀNG ANH NHỰT BÌNH PHƯỚC,,1800000,0.0,0.0,0,0 ngày,0,0.0,Lần,,1.0,,,,,1,1,,,,,,
Hàng hóa,THUỐC SÂU,HB_SETOX,,SECTOX 700WG 30GRAM,HB -CTY HÒA BÌNH,32000,21400.0,1.0,0,0 ngày,0,999999999.0,Gói,,1.0,,,https://cdn2-retail-images.kiotviet.vn/2025/03/27/congtyptk/405cf012d30a48b19f11aead1d124750.jpg,,1,1,,,,,,
Hàng hóa,THUỐC CỎ,HB_ALYRICE,,TRỪ CỎ ALYRICE 200WG 35GRAM,HB -CTY HÒA BÌNH,25000,12000.0,0.0,0,0 ngày,0,999999999.0,Gói,,1.0,,,https://cdn2-retail-images.kiotviet.vn/2025/03/21/congtyptk/86b8253dd61b45a697f8887cc5904343.jpg,,1,1,1 thùng 150 gói,,,,,
Hàng hóa,THUỐC CỎ,SP000320,,TRỪ CỎ ALYRICE 200WG 35GRAM,HB -CTY HÒA BÌNH,3750000,1800000.0,0.0,0,0 ngày,0,6666666.66,THÙNG,HB_ALYRICE,150.0,,HB_ALYRICE,,,1,1,1 thùng 150 gói,,,,,
Hàng hóa,THUỐC BỆNH,APN_ELI500,,ELIXIR 500GR,AN PHÁT NÔNG,145000,124000.0,0.0,0,0 ngày,0,999999999.0,Gói,,1.0,,,https://cdn2-retail-images.kiotviet.vn/2025/03/20/congtyptk/7e60f17a377e4a71981be39b4e05b12d.jpg,,1,1,,,,,,
Hàng hóa,HKM,HKM_ĐENPIN,,ĐÈN PIN ĐỘI ĐẦU HT,HỢP TRÍ,0,0.0,0.0,0,0 ngày,0,999999999.0,CÁI_KM,,1.0,,,,,1,1,,,,,,
Hàng hóa,PBG,BM_DEMO,,HỮU CƠ BMMINOTEC HÀNG DEMO - BAO 25KG,BM,0,0.0,0.0,0,0 ngày,0,999999999.0,Bao,,1.0,,,https://cdn2-retail-images.kiotviet.vn/2025/03/18/congtyptk/2d341bfad91548a9a52bf168f89ff8f3.jpg,,1,1,,,,,,
Hàng hóa,THUỐC SÂU,NVT_DOFEN,,DOFENGOAL 50SC 250ML,NÔNG VIỆT THỊNH,190000,158000.0,0.0,0,0 ngày,0,999999999.0,Chai,,1.0,,,https://cdn2-retail-images.kiotviet.vn/2025/03/14/congtyptk/25f33e20ddef453cb65b19bde8719041.png,,1,1,,,,,,
Hàng hóa,THUỐC SÂU,NVT_PYFOS,,CHOPYFOS 400EC 450ML,NÔNG VIỆT THỊNH,190000,148500.0,0.0,0,0 ngày,0,999999999.0,Chai,,1.0,,,https://cdn2-retail-images.kiotviet.vn/2025/03/12/congtyptk/c0b94e93095148e6bbc5e6b6b0b1c07a.jpg,,1,1,,,,,,
Hàng hóa,THUỐC BỆNH,HKM_NIKA,,DURI CARE 240ML,NIKA,0,60000.0,0.0,0,0 ngày,0,999999999.0,CHAI KM,,1.0,,,,,1,1,,,,,,
Hàng hóa,THUỐC BỆNH,NIKA_DURICA,,DURI CARE QUÉT SÌ MŨ 1L,NIKA,320000,220000.0,0.0,0,0 ngày,0,999999999.0,Chai,,1.0,,,https://cdn2-retail-images.kiotviet.vn/2025/03/10/congtyptk/5fba4c56ec8446e58d53a5ab1645d974.jpg,,1,1,,,,,,
Hàng hóa,THUỐC SÂU,NVT_DRAMA,,DRAMA 2 MẦM LÁ 450ML,NÔNG VIỆT THỊNH,140000,106000.0,0.0,0,0 ngày,0,999999999.0,Chai,,1.0,,,https://cdn2-retail-images.kiotviet.vn/2025/03/10/congtyptk/59247f447966454a8246e19f59a03c07.png,,1,1,1 thùng 30 chai,,,,,
Hàng hóa,THUỐC SÂU,SP000321,,DRAMA 2 MẦM LÁ 450ML,NÔNG VIỆT THỊNH,4200000,3180000.0,0.0,0,0 ngày,0,33333333.3,THÙNG,NVT_DRAMA,30.0,,NVT_DRAMA,,,1,1,1 thùng 30 chai,,,,,
Hàng hóa,THUỐC BỆNH,NVT_SIMAX,,DOSIMAX GOLD 240ML,NÔNG VIỆT THỊNH,250000,188000.0,0.0,0,0 ngày,0,999999999.0,Chai,,1.0,,,https://cdn2-retail-images.kiotviet.vn/2025/03/10/congtyptk/387ba86089b047f3ba9d5fb1b0748db9.png,,1,1,,,,,,
Hàng hóa,PBG,BM_171717,,BM POWER 17-17-17 (25KG),BM,20000,17600.0,0.0,0,0 ngày,0,999999999.0,kg,,1.0,,,https://cdn2-retail-images.kiotviet.vn/2025/03/03/congtyptk/e88b9bfcb36641c69b872a015af2260b.jpg,,1,1,,,,,,
Hàng hóa,PBG,BM_171717-1,,BM POWER 17-17-17 (25KG),BM,490000,440000.0,0.0,0,0 ngày,0,39999999.96,BAO,BM_171717,25.0,,BM_171717,,,1,1,,,,,,
Hàng hóa,HỮU CƠ,BM_MINOTEC,,HỮU CƠ MINOTEC SUPER (25KG),BM,14000,9800.0,0.0,0,0 ngày,0,999999999.0,kg,,1.0,,,https://cdn2-retail-images.kiotviet.vn/2025/03/03/congtyptk/503db6c4dac545759e2cc6ee98d56d36.jpg,,1,1,,,,,,
Hàng hóa,HỮU CƠ,BM_MINOTEC-1,,HỮU CƠ MINOTEC SUPER (25KG),BM,320000,245000.0,0.0,0,0 ngày,0,39999999.96,BAO,BM_MINOTEC,25.0,,BM_MINOTEC,,,1,1,,,,,,
Hàng hóa,PBL,APN_COMBI,,COMBI APN 30GRAM,AN PHÁT NÔNG,30000,22000.0,0.0,0,0 ngày,0,999999999.0,Gói,,1.0,,,https://cdn2-retail-images.kiotviet.vn/2025/02/26/congtyptk/5a5f4be277f24b498b577c12b7083e5a.jpg,,1,1,,,,,,
Hàng hóa,PBG,BM_TIM16520,,BM 16-5-20 TÍM BAO 25 KG,BM,30000,27200.0,0.0,0,0 ngày,0,999999999.0,kg,,1.0,,,https://cdn2-retail-images.kiotviet.vn/2025/02/20/congtyptk/0bab431174a340da8b98802d6ffc7573.jpg,,1,1,,,,,,
Hàng hóa,PBG,SP000304,,BM 16-5-20 TÍM BAO 25 KG,BM,730000,680000.0,0.0,0,0 ngày,0,39999999.96,Bao,BM_TIM16520,25.0,,BM_TIM16520,,,1,1,,,,,,
Hàng hóa,PBL,NIKA_XCROP,,NIKA XCROP CAN 20LIT,NIKA,5200000,3600000.0,1.0,0,0 ngày,0,999999999.0,can,,1.0,,,https://cdn2-retail-images.kiotviet.vn/2025/02/10/congtyptk/0375463ea09148ebbb0bf063099ad3c0.jpg,,1,1,,,,,,
Hàng hóa,PBG,BM _TIM2455,,BM 24-5-5 TÍM BAO 25KG,BM,31000,27200.0,0.0,0,0 ngày,0,999999999.0,kg,,1.0,,,https://cdn2-retail-images.kiotviet.vn/2025/01/24/congtyptk/6968c7526bd04fe8a8c1da7eb72f06bd.jpg,,1,1,,,,,,
Hàng hóa,PBG,BM _TIM2455-1,,BM 24-5-5 TÍM BAO 25KG,BM,760000,680000.0,0.0,0,0 ngày,0,39999999.96,BAO,BM _TIM2455,25.0,,BM _TIM2455,,,1,1,,,,,,
Hàng hóa,PBL,SP000303,,CASTROL AMI 20LIT,NIKA,3900000,1850000.0,0.0,0,0 ngày,0,999999999.0,can,,1.0,,,https://cdn2-retail-images.kiotviet.vn/2025/01/04/congtyptk/3371816833b74980af593e4dc15b32f9.jpg,,1,1,,,,,,
Hàng hóa,PBL,PTK_AMI5L,,CASTROL AMI 5LIT,NIKA,1050000,500000.0,0.0,0,0 ngày,0,999999999.0,can,,1.0,,,https://cdn2-retail-images.kiotviet.vn/2025/01/04/congtyptk/4c08b4d211834495a6c1e44a7e10f53b.jpg,,1,1,,,,,,
Hàng hóa,PBL,HT_HUMIC,,SUPER HUMIC BỘT - LÌ XÌ TẾT 1KG,HỢP TRÍ,75000,86000.0,0.0,0,0 ngày,0,999999999.0,Gói,,1.0,,,,,1,1,,,,,,
Hàng hóa,THUỐC SÂU,VT_PICANA,,RỆP SÁP 66 (PICANA 450EC) - 400ML,VIỆT TRUNG,160000,129991.68,570.0,0,0 ngày,0,999999999.0,Chai,,1.0,,,https://cdn2-retail-images.kiotviet.vn/2025/04/02/congtyptk/c569afed53164641a85e8a0b4782392c.jpg,,1,1,THÙNG 30 CHAI,,,,,
Hàng hóa,THUỐC SÂU,VT_SIEUGON,,SIEUGON 370WP 100GR (BỌ CẠP ĐỎ),VIỆT TRUNG,35000,20401.92,0.0,0,0 ngày,0,999999999.0,Gói,,1.0,,,https://cdn2-retail-images.kiotviet.vn/2025/04/04/congtyptk/4841468edb8e46c3a1db8732feeca704.jpg,,1,1,1 thùng 100 gói X 100gr,,,,,
Hàng hóa,THUỐC SÂU,SP000312,,SIEUGON 370WP 100GR (BỌ CẠP ĐỎ),VIỆT TRUNG,3500000,2040192.0,0.0,0,0 ngày,0,9999999.99,THÙNG,VT_SIEUGON,100.0,,VT_SIEUGON,,,1,1,1 thùng 100 gói X 100gr,,,,,
Hàng hóa,PBG,TH_301010,,30-10-10 NPK (25KG),,17000,12200.0,0.0,0,0 ngày,0,999999999.0,kg,,1.0,,,https://cdn2-retail-images.kiotviet.vn/2024/12/19/congtyptk/8da23522378a4d5888b482b087ccd798.jpg,,1,1,,,,,,
Hàng hóa,PBG,TH_301010-1,,30-10-10 NPK (25KG),,410000,305000.0,0.0,0,0 ngày,0,39999999.96,BAO,TH_301010,25.0,,TH_301010,,,1,1,,,,,,
Hàng hóa,PBG,NPK_201010,,NPK 20-10-10 BM (kg),BM,23000,19000.0,0.0,0,0 ngày,0,999999999.0,kg,,1.0,,,https://cdn-images.kiotviet.vn/2024/12/18/congtyptk/9c5103e23d244dbca5f7fc657f83e6f3.jpg,,1,1,,,,,,
Hàng hóa,PBG,SP000302,,NPK 20-10-10 BM (kg),BM,550000,475000.0,0.0,0,0 ngày,0,39999999.96,bao,NPK_201010,25.0,,NPK_201010,,,1,1,,,,,,
Hàng hóa,PBL,APN_FRUSOME,,FRUSOME 8SL 200ML,AN PHÁT NÔNG,280000,234000.0,0.0,0,0 ngày,0,999999999.0,Chai,,1.0,,,https://cdn-images.kiotviet.vn/2024/12/16/congtyptk/3ca468303771427fa633da1e7558020a.jpg,0.0,1,1,,,,,,
Hàng hóa,THUỐC SÂU,NVT_TRUNGRAY,,UNG TRỨNG RẦY 100GR,NÔNG VIỆT THỊNH,30000,17000.0,0.0,0,0 ngày,0,999999999.0,Gói,,1.0,,,https://cdn-images.kiotviet.vn/2024/12/11/congtyptk/b648ef3442d54d09b8ecc03af5a403ba.jpg,,1,1,,,,,,
Hàng hóa,THUỐC SÂU,VT_GOLD260,,SÂU RỆP 66 (AKULA GOLD 260EW) - 450ML,VIỆT TRUNG,130000,98386.0,0.0,0,0 ngày,0,999999999.0,Chai,,1.0,,,https://cdn2-retail-images.kiotviet.vn/2025/04/02/congtyptk/149f1edb6eed48929cdcbdaa4139d96a.jpg,,1,1,THÙNG 30 CHAI,,,,,
Hàng hóa,THUỐC SÂU,VT_CALICYDAN,,NHỆN 66 (CALICYDAN 150EW) - 450ML,VIỆT TRUNG,130000,100625.63,2.0,0,1 ngày,0,999999999.0,Chai,,1.0,,,https://cdn2-retail-images.kiotviet.vn/2025/04/02/congtyptk/99d4e0bb1328473a98c00efa0cddf037.jpg,,1,1,30 chai 1 thùng,,,,,
Hàng hóa,THUỐC BỆNH,VT_TITIONE,,AMIUSATOP 760WP 100GR,VIỆT TRUNG,75000,48222.0,0.0,0,0 ngày,0,999999999.0,Gói,,1.0,,,https://cdn-images.kiotviet.vn/2024/12/16/congtyptk/69caea89721b4a7fa5819a9b7b3cf81a.jpg,,1,1,1 thùng = 100 gói x 100gram,,,,,
Hàng hóa,THUỐC SÂU,VT_CHAVEZ,,CHAVEZ TIÊU RẦY 600WP 100gr,VIỆT TRUNG,60000,48840.0,0.0,0,0 ngày,0,999999999.0,GOI,,1.0,,,https://cdn-images.kiotviet.vn/2024/12/10/congtyptk/d286c4c866bd403cae98ae7e61ed5033.png,,1,1,,,,,,
Hàng hóa,THUỐC SÂU,VT_CHESONE,,RẦY THÁI (CHESONE) 100GR,VIỆT TRUNG,40000,28800.0,0.0,0,0 ngày,0,999999999.0,Gói,,1.0,,,https://cdn-images.kiotviet.vn/2024/12/10/congtyptk/5b7f218997e240948be879709a46a44e.jpg,,1,1,1 thùng 100 gói X 100gr,,,,,
Hàng hóa,THUỐC SÂU,SP000313,,RẦY THÁI (CHESONE) 100GR,VIỆT TRUNG,4000000,2880000.0,0.0,0,0 ngày,0,9999999.99,THÙNG,VT_CHESONE,100.0,,VT_CHESONE,,,1,1,1 thùng 100 gói X 100gr,,,,,
Hàng hóa,THUỐC DƯỠNG,NVT_POWDER,,HUMATE POWDER 1KG,NÔNG VIỆT THỊNH,220000,120000.0,0.0,0,0 ngày,0,999999999.0,hủ,,1.0,,,https://cdn-images.kiotviet.vn/2024/12/10/congtyptk/9a78a6862993448f96eb41d4017e4244.png,,1,1,,,,,,
Hàng hóa,THUỐC SÂU,NVT_HEROTO,,HERO-TO 300ML,NÔNG VIỆT THỊNH,145000,125000.0,0.0,0,0 ngày,0,999999999.0,Chai,,1.0,,,https://cdn-images.kiotviet.vn/2024/12/10/congtyptk/533ff1a4077744f48e4d99f979f7efa0.jpg,,1,1,,,,,,
Hàng hóa,THUỐC BỆNH,NVT_DOCTORUC,,(DOBIN 250GR + PAROSA 250GR) DOCTOR ÚC 500GR,NÔNG VIỆT THỊNH,280000,230000.0,0.0,0,0 ngày,0,999999999.0,hủ,,1.0,,,https://cdn-images.kiotviet.vn/2024/12/10/congtyptk/19d85edc0c734e129ff7b8daac6760b1.jpg,,1,1,,,,,,
Hàng hóa,THUỐC SÂU,NVT _RAYXANHPRO50,,RẦY XANH PRO 50gr,NÔNG VIỆT THỊNH,25000,16500.0,0.0,0,0 ngày,0,999999999.0,Gói,,1.0,,,https://cdn-images.kiotviet.vn/2024/12/10/congtyptk/3e96efcf56744e27b365c7a1b45fff08.jpg,,1,1,,,,,,
Hàng hóa,HKM,HKM _HT,,HẠT NÊM 170GR,,0,0.0,0.0,0,0 ngày,0,999999999.0,,,1.0,,,,,1,1,,,,,,
Hàng hóa,PBG,YARA_COMPLEX,,YARA COMPLEX (25KG ),YARA,28000,23750.0,0.0,0,0 ngày,0,999999999.0,kg,,1.0,,,,,1,1,,,,,,
Hàng hóa,PBG,YARA_COMPLEX-1,,YARA COMPLEX (25KG ),YARA,670000,593750.0,0.0,0,0 ngày,0,39999999.96,Bao,YARA_COMPLEX,25.0,,YARA_COMPLEX,,,1,1,,,,,,
Hàng hóa,PBL,UNIGREEN_15.30.15,,NPK 15-30-15 + TE 1KG,UNIGREEN,195000,0.0,0.0,0,0 ngày,0,999999999.0,Gói,,1.0,,,https://cdn2-retail-images.kiotviet.vn/2024/11/07/congtyptk/4a37be1e69bb49bf80935db36b102ada.jpg,,1,1,,,,,,
Hàng hóa,THUỐC BỆNH,SUMMIT_LUNA,,LUNA 500SC,SUMMIT,210000,195000.0,0.0,0,0 ngày,0,999999999.0,chai,,1.0,,,https://cdn2-retail-images.kiotviet.vn/2024/10/30/congtyptk/94102538c2704316b72da27136a2c84c.jpg,0.0,1,1,,,,,,
Hàng hóa,PBL,SP000300,,PTK 500 SIÊU VỌT ĐỌT 500GR,,65000,45000.0,0.0,0,0 ngày,0,999999999.0,hủ,,1.0,,,https://cdn2-retail-images.kiotviet.vn/2024/10/25/congtyptk/fb7dd9ad7f4f4d218cdedcdc9e79fbcd.jpg,0.0,1,1,,,,,,
Hàng hóa,PBG,NDLA_10600,,10-60-0 (10kg ),NONG DUOC LA,430000,350000.0,0.0,0,0 ngày,0,999999999.0,túi,,1.0,,,https://cdn2-retail-images.kiotviet.vn/2024/10/19/congtyptk/43484c9aa28b419a8df2502f55eef351.jpg,0.0,1,1,,,,,,
Hàng hóa,PBG,SP000301,,10-60-0 (10kg ),NONG DUOC LA,44000,35000.0,0.0,0,0 ngày,0,9999999990.0,kg,NDLA_10600,0.1,,NDLA_10600,,0.0,1,1,,,,,,
Hàng hóa,PBL,NDLA_CHONGSOC,,CHỐNG SỐC 250ML,NONG DUOC LA,85000,55000.0,0.0,0,12 ngày,0,999999999.0,chai,,1.0,,,https://cdn2-retail-images.kiotviet.vn/2025/05/02/congtyptk/ba2a75c3bfb14c5a887a719f85f6b6d1.png,0.0,1,1,,,,,,
Hàng hóa,HKM,HKM_BINHDAHOPTRI,,BÌNH ĐÁ HT 3L,HỢP TRÍ,0,0.0,0.0,0,0 ngày,0,999999999.0,CÁI_KM,,1.0,,,,,1,1,,,,,,
Hàng hóa,HKM,HKM_BEPDIEN,,BẾP ĐIỆN,,0,0.0,0.0,0,0 ngày,0,999999999.0,CÁI_KM,,1.0,,,,,1,0,,,,,,
Hàng hóa,PBL,NDLA_13046,,13-0-46 RA HOA CỰC MẠNH 500ml,NONG DUOC LA,120000,65000.0,2.0,0,2 ngày,0,999999999.0,chai,,1.0,,,https://cdn2-retail-images.kiotviet.vn/2025/05/02/congtyptk/0a42c8b72a1344fe84679fe02f211892.png,0.0,1,1,THÙNG 40 CHAI,,,,,
Hàng hóa,PBL,NDLA_AO1000,,AO 1000 500ML,NONG DUOC LA,95000,65000.0,0.0,0,0 ngày,0,999999999.0,chai,,1.0,,,https://cdn-images.kiotviet.vn/2025/05/02/congtyptk/f2f0a7dc23084e32b195fdf23fa1b228.png,0.0,1,1,THÙNG 40 CHAI,,,,,
Hàng hóa,THUỐC SÂU,HL_KHONGRAY,,KHONGRAY 100GR,HA LONG,32000,22000.0,0.0,0,0 ngày,0,999999999.0,gói,,1.0,,,https://cdn-images.kiotviet.vn/2025/05/02/congtyptk/6a6180e93853443b88ba2397804c7e54.png,0.0,1,1,,,,,,
Hàng hóa,THUỐC BỆNH,NIKA_DRGREEN,,DR.GREEN 800WP 1KG,HITACO,280000,180000.0,0.0,0,0 ngày,0,999999999.0,gói,,1.0,,,https://cdn2-retail-images.kiotviet.vn/2024/10/16/congtyptk/dea54aea224c4135ad4ce44463b6cd12.jpg,0.0,1,1,THÙNG 20 GÓI,,,,,
Hàng hóa,PBL,TV_GROWMAX5,,GROW MAX 5 LÍT,TRE VIET,850000,600000.0,0.0,0,0 ngày,0,999999999.0,can,,1.0,,,https://cdn2-retail-images.kiotviet.vn/2024/10/16/congtyptk/58419c98fbfa4ed6acb8885d40382864.jpg,0.0,1,1,,,,,,
Hàng hóa,THUỐC CỎ,HL_GLUFOCIDE,,GLUPHOCIDE 200SL 900ML,HA LONG,85000,60000.0,0.0,0,0 ngày,0,999999999.0,Chai,,1.0,,,https://cdn2-retail-images.kiotviet.vn/2025/05/02/congtyptk/4debf6100d7d41eaae0e51002de90fb8.png,,1,1,THÙNG 20 CHAI,,,,,
Hàng hóa,THUỐC SÂU,HL_NOSAU,,NOSAU 85WP 100GR,HA LONG,65000,45000.0,0.0,0,0 ngày,0,999999999.0,Gói,,1.0,,,https://cdn-images.kiotviet.vn/2025/05/02/congtyptk/98055d48d0994883a1d2721b7dd5d9e3.png,0.0,1,1,THÙNG 100 GÓI ,,,,,
Hàng hóa,THUỐC SÂU,HL_NOFARA,,NOFARA 3 WG CỐM (50 GR),HA LONG,25000,9000.0,0.0,0,0 ngày,0,999999999.0,Gói,,1.0,,,https://cdn2-retail-images.kiotviet.vn/2024/10/16/congtyptk/4b5980e7995547079ec1a1aa1e5dd802.jpg,0.0,1,1,"THÙNG 200 GÓI

",,,,,
Hàng hóa,PBL,TV_GROWROOT,,GROW ROOT 1 LÍT,TRE VIET,185000,105000.0,0.0,0,0 ngày,0,999999999.0,Chai,,1.0,,,https://cdn2-retail-images.kiotviet.vn/2024/10/05/congtyptk/c266e16c1c404817a6cf11fdf56b3ae0.jpg,0.0,1,1,THÙNG 20 CHAI ,,,,,
Hàng hóa,PBL,TV_GROWMAX,,GROW MAX 1 LÍT,TRE VIET,195000,115000.0,0.0,0,0 ngày,0,999999999.0,Chai,,1.0,,,https://cdn2-retail-images.kiotviet.vn/2024/10/05/congtyptk/2b9b251bdb8f45d1a59a4bcd54141c88.jpg,0.0,1,1,THÙNG 20 CHAI ,,,,,
Hàng hóa,THUỐC SÂU,HC_TAKUMI,,TAKUMI 50GR CỐM,AA,105000,102000.0,0.0,0,0 ngày,0,999999999.0,Chai,,1.0,,,,,1,1,THÙNG 64 CHAI ,,,,,
Hàng hóa,THUỐC SÂU,HL_YAPOKO,,YAPOKO 250SC 240ML (CHÀO MÀO LỬA),HA LONG,85000,30500.0,0.0,0,0 ngày,0,999999999.0,chai,,1.0,,,https://cdn2-retail-images.kiotviet.vn/2024/09/20/congtyptk/4d4c9bc6d48e48a7831aa2433f6f6f4b.jpg,0.0,1,1,THÙNG 40 CHAI ,,,,,
Hàng hóa,THUỐC SÂU,HL_CYRIN,,CYRIN SUPER 250EC 480ML,HA LONG,75000,45500.0,0.0,0,0 ngày,0,999999999.0,chai,,1.0,,,https://cdn2-retail-images.kiotviet.vn/2024/09/20/congtyptk/973ee1a1b6b24e36a67d89e131e0a645.jpg,0.0,1,1,THÙNG 42 CHAI,,,,,
Hàng hóa,THUỐC BỆNH,HL_JAPAVIL,,JAPA VIL 110SC 1 LÍT,HA LONG,170000,80000.0,0.0,0,0 ngày,0,999999999.0,chai,,1.0,,,https://cdn2-retail-images.kiotviet.vn/2025/05/02/congtyptk/4812ac9c994545a5a54101ea2017e883.png,0.0,1,1,THÙNG 20 CHAI,,,,,
Hàng hóa,PBL,NDLA_COMBI,,COMBI 5 KG,NONG DUOC LA,185000,125000.0,0.0,0,0 ngày,0,999999999.0,Túi,,1.0,,,https://cdn2-retail-images.kiotviet.vn/2024/09/17/congtyptk/868e371d6e4f4720a78eb9c50e200431.jpg,0.0,1,1,thùng 5 túi ,,,,,
Hàng hóa,PBL,APN_BOTRAC,,BOTRAC GOLD 500ML (BOR 10%),AN PHÁT NÔNG,86000,66000.0,0.0,0,0 ngày,0,999999999.0,Chai,,1.0,,,https://cdn2-retail-images.kiotviet.vn/2024/09/16/congtyptk/776ab2f6756f4d44a12955b31a44661e.jpg,0.0,1,1,thùng 24 chai,,,,,
Hàng hóa,PBL,APN_PLUS,,APN PLUS 250ML,AN PHÁT NÔNG,99000,84000.0,0.0,0,0 ngày,0,999999999.0,chai,,1.0,,,https://cdn2-retail-images.kiotviet.vn/2024/09/16/congtyptk/f62875070fb64154ac835e91e80ed2de.jpg,0.0,1,1,thùng 40 chai,,,,,
Hàng hóa,HỮU CƠ,PTK _ACTIVEGOLD,,HỮU CƠ ACTIVE GOLD 322 (25KG ),PTK,16000,9000.0,0.0,0,0 ngày,0,999999999.0,kg,,1.0,,,https://cdn2-retail-images.kiotviet.vn/2025/05/02/congtyptk/65dabe78c5cb4cfb9bf2cde82475bde2.png,0.0,1,1,,,,,,
Hàng hóa,HỮU CƠ,PTK _ACTIVEGOLD-1,,HỮU CƠ ACTIVE GOLD 322 (25KG ),PTK,375000,225000.0,0.0,0,0 ngày,0,39999999.96,Bao,PTK _ACTIVEGOLD,25.0,,PTK _ACTIVEGOLD,,0.0,1,1,,,,,,
Hàng hóa,THUỐC BỆNH,HP_AMTECH250,,AMTECH 250ML,HP,105000,67201.83,0.0,0,0 ngày,0,999999999.0,Chai,,1.0,,,,,1,1,thùng 60 chai,,,,,
Hàng hóa,PBG,PQL_9257,,NPK 9-25-17 (25 KG),,23000,19282.4,0.0,0,0 ngày,0,999999999.0,kg,,1.0,,,https://cdn2-retail-images.kiotviet.vn/2024/08/31/congtyptk/465e111972134cf7b0966914c1769e16.jpg,0.0,1,1,,,,,,
Hàng hóa,PBG,SP000299,,NPK 9-25-17 (25 KG),,540000,482060.0,0.0,0,0 ngày,0,39999999.96,bao,PQL_9257,25.0,,PQL_9257,,0.0,1,1,,,,,,
Hàng hóa,PBL,TOBA_AGRO,,AGRO TRONG 1 LÍT,TOBA,210000,0.0,0.0,0,0 ngày,0,999999999.0,Chai,,1.0,,,,,1,1,,,,,,
Hàng hóa,PBG,YARA_WINER,,YARA WINER 15-9-20 (25KG),YARA,27000,23044.07,0.0,0,0 ngày,0,999999999.0,kg,,1.0,,,https://cdn-images.kiotviet.vn/2025/05/02/congtyptk/01784d24c7224a18b7a6cb293d1d3dae.png,0.0,1,1,,,,,,
Hàng hóa,PBG,YARA_WINER-1,,YARA WINER 15-9-20 (25KG),YARA,660000,576101.75,0.0,0,0 ngày,0,39999999.96,Bao,YARA_WINER,25.0,,YARA_WINER,,0.0,1,1,,,,,,
Hàng hóa,PBL,APN_MKPI,,MKPI PHOSPHITE 450GR,AN PHÁT NÔNG,85000,68000.0,0.0,0,0 ngày,0,999999999.0,hũ,,1.0,,,https://cdn2-retail-images.kiotviet.vn/2024/08/27/congtyptk/e9f8d4c0171f4b2f9333563590c4601d.jpg,0.0,1,1,40 HỦ ,,,,,
Hàng hóa,THUỐC SÂU,NVT_DORAM100,,DORAMTO 100GR,NÔNG VIỆT THỊNH,80000,68000.0,0.0,0,0 ngày,0,999999999.0,gói,,1.0,,,https://cdn2-retail-images.kiotviet.vn/2024/08/21/congtyptk/f698a088ae7c41c2a695fa6ee9874970.jpg,0.0,1,1,,,,,,
Hàng hóa,THUỐC SÂU,NVT_FISAU,,FISAU 450ML,NÔNG VIỆT THỊNH,180000,145000.0,0.0,0,0 ngày,0,999999999.0,chai,,1.0,,,https://cdn2-retail-images.kiotviet.vn/2024/08/21/congtyptk/5cc48b1661c24a09ba570a0e1708bf6f.jpg,0.0,1,1,THÙNG 30 CHAI,,,,,
Hàng hóa,THUỐC SÂU,NVT_DOBAMPER,,DOBAMPER 100GR,NÔNG VIỆT THỊNH,60000,42500.0,0.0,0,0 ngày,0,999999999.0,gói,,1.0,,,https://cdn2-retail-images.kiotviet.vn/congtyptk/a3e60734f48d408790e506c1970547ee.jpg,0.0,1,1,,,,,,
Hàng hóa,PBL,UNIGREEN_BLOOM5,,BLOOM 500GR,UNIGREEN,99000,99000.0,0.0,0,0 ngày,0,999999999.0,hộp,,1.0,,,https://cdn2-retail-images.kiotviet.vn/congtyptk/5016aac69753478392c3bae862860645.jpg,0.0,1,1,,,,,,
Hàng hóa,PBL,UNIGREEN_MKP,,MKP PHOSKA,UNIGREEN,115000,95000.0,0.0,0,0 ngày,0,999999999.0,gói,,1.0,,,https://cdn2-retail-images.kiotviet.vn/congtyptk/7d5f2a037b7f4c708f959842780b17c6.jpg,0.0,1,1,,,,,,
Hàng hóa,PBL,UNIGREEN_63030,,NPK 6-30-30,UNIGREEN,105000,84600.0,0.0,0,0 ngày,0,999999999.0,hộp,,1.0,,,https://cdn2-retail-images.kiotviet.vn/congtyptk/3e92b44e86f741de87e739ddc282d1e6.jpg,0.0,1,1,,,,,,
Hàng hóa,PBL,UNIGREEN_153015,,NPK 15-30-15 500GR,UNIGREEN,105000,0.0,0.0,0,0 ngày,0,999999999.0,hộp,,1.0,,,https://cdn2-retail-images.kiotviet.vn/congtyptk/86c8d8d581f64428a4a4f5b40228458f.jpg,0.0,1,1,,,,,,
Hàng hóa,PBL,UNIGREEN_BLOOM1KG,,BLOOM 1KG,UNIGREEN,180000,180000.0,0.0,0,0 ngày,0,999999999.0,hộp,,1.0,,,https://cdn2-retail-images.kiotviet.vn/congtyptk/fc97fbb79a0549fa9948d2d1e622f4f1.jpg,0.0,1,1,,,,,,
Hàng hóa,PBL,UNIGREEN_202020,,NPK 20-20-20 500GR,UNIGREEN,105000,84600.0,0.0,0,0 ngày,0,999999999.0,hộp,,1.0,,,https://cdn2-retail-images.kiotviet.vn/congtyptk/462ae70858e4464d845fd3f9f373d519.jpg,0.0,1,1,,,,,,
Hàng hóa,PBL,UNIGREEN_FULVIC,,FULVIC 760 1 LÍT,UNIGREEN,130000,0.0,0.0,0,0 ngày,0,999999999.0,chai,,1.0,,,https://cdn2-retail-images.kiotviet.vn/congtyptk/627c26ab0c1f4aa59199845bc8ec10ca.jpg,0.0,1,1,,,,,,
Hàng hóa,PBL,SP000298,,MICRO TRICHO,AA,135000,95000.0,0.0,0,0 ngày,0,999999999.0,hũ,,1.0,,,https://cdn2-retail-images.kiotviet.vn/congtyptk/798c073eb29a4843b502fb334f440a34.jpg,0.0,1,1,,,,,,
Hàng hóa,THUỐC BỆNH,APN_620500,,ARIGOLD 620 500ML,AN PHÁT NÔNG,150000,133000.0,0.0,0,0 ngày,0,999999999.0,chai,,1.0,,,https://cdn2-retail-images.kiotviet.vn/congtyptk/62fb384503ec44759e26614257847858.jpg,0.0,1,1,,,,,,
Hàng hóa,PBL,NIKA_STRONG666,,STRONG 666 1 LÍT,NIKA,165000,115000.0,0.0,0,0 ngày,0,999999999.0,chai,,1.0,,,https://cdn2-retail-images.kiotviet.vn/congtyptk/f2f8559b6db84356809a175589bbbae0.jpg,0.0,1,1,,,,,,
Hàng hóa,PBL,SP000295,,STRONG 666 1 LÍT,NIKA,3300000,2300000.0,0.0,0,0 ngày,0,49999999.95,THÙNG,NIKA_STRONG666,20.0,,NIKA_STRONG666,,0.0,1,1,,,,,,
Hàng hóa,PBL,"VPC_VIPAC 2,5KG",,"VIPAC 88 2,5KG",VIPESCO,215000,128000.0,0.0,0,0 ngày,0,999999999.0,hũ,,1.0,,,https://cdn2-retail-images.kiotviet.vn/congtyptk/db38e09c40404e8b8d8b3b678d6aac1d.jpg,0.0,1,1,,,,,,
Hàng hóa,PBL,SP000296,,"VIPAC 88 2,5KG",VIPESCO,1290000,768000.0,0.0,0,0 ngày,0,166666666.5,THÙNG,"VPC_VIPAC 2,5KG",6.0,,"VPC_VIPAC 2,5KG",,0.0,1,1,,,,,,
Hàng hóa,PBG,YARA_121217,,YARA MILA SUPER 12-12-17 (25KG),YARA,27000,24400.0,0.0,0,0 ngày,0,999999999.0,kg,,1.0,,,https://cdn2-retail-images.kiotviet.vn/congtyptk/936603395eaf42b084048d7f4d960909.jpg,,1,1,,,,,,
Hàng hóa,PBG,YARA_121217-1,,YARA MILA SUPER 12-12-17 (25KG),YARA,650000,610000.0,0.0,0,0 ngày,0,39999999.96,Bao,YARA_121217,25.0,,YARA_121217,,,1,1,,,,,,
Hàng hóa,PBL,NDLA_Booster,,BOOSTER PRO (10 LÍT),NONG DUOC LA,1600000,950000.0,0.0,0,0 ngày,0,999999999.0,can,,1.0,,,https://cdn-images.kiotviet.vn/2025/04/29/congtyptk/172d76ce44c0457e9017900342426d47.png,0.0,1,1,,,,,,
Hàng hóa,THUỐC SÂU,APN_HELLO480,,HELLO ONE 480ML,AN PHÁT NÔNG,180000,145000.0,0.0,0,0 ngày,0,999999999.0,chai,,1.0,,,https://cdn-images.kiotviet.vn/congtyptk/efdc53e9967d4172bf299981829af4a5.jpg,0.0,1,1,thùng 30 chai,,,,,
Hàng hóa,PBG,NPK_103015,,NPK 10-30-15 (25KG),,25000,18278.72,0.0,0,0 ngày,0,999999999.0,kg,,1.0,,,,,1,1,,,,,,
Hàng hóa,PBG,NPK_103015-1,,NPK 10-30-15 (25KG),,610000,456968.0,0.0,0,0 ngày,0,39999999.96,Bao,NPK_103015,25.0,,NPK_103015,,,1,1,,,,,,
Hàng hóa,PBG,NPK_25255,,NPK 25-25-5 (25KG),,27000,17937.85,0.0,0,0 ngày,0,999999999.0,kg,,1.0,,,,,1,1,,,,,,
Hàng hóa,PBG,NPK_25255-1,,NPK 25-25-5 (25KG),,650000,448446.25,0.0,0,0 ngày,0,39999999.96,Bao,NPK_25255,25.0,,NPK_25255,,,1,1,,,,,,
Hàng hóa,PBG,NIKA_ULTRACROP,,ULTRA CROP,NIKA,970000,570000.0,0.0,0,12 ngày,0,999999999.0,can,,1.0,,,https://cdn-images.kiotviet.vn/2025/05/02/congtyptk/9b65ed20109d4d3d9c06663510bc7226.png,0.0,1,1,,,,,,
Hàng hóa,PBG,CAHEO_15_5_25,,NPK 15-5-25 ( BAO TÍM 25KG),CÁ HEO,19000,13100.0,0.0,0,0 ngày,0,999999999.0,kg,,1.0,,,https://cdn2-retail-images.kiotviet.vn/congtyptk/ad9a96f0d4d540efb8eca25fcec9f028.jpg,0.0,1,1,,,,,,
Hàng hóa,PBG,SP000294,,NPK 15-5-25 ( BAO TÍM 25KG),CÁ HEO,460000,327500.0,0.0,0,0 ngày,0,39999999.96,bao,CAHEO_15_5_25,25.0,,CAHEO_15_5_25,,0.0,1,1,,,,,,
Hàng hóa,PBG,CAHEO_TRUNGVILUONG,,MICRO ROOT (25KG),CÁ HEO,15000,8900.0,0.0,0,0 ngày,0,999999999.0,kg,,1.0,,,https://cdn2-retail-images.kiotviet.vn/congtyptk/c2f0c46111d240cc8b3c4838b81db272.jpg,0.0,1,1,,,,,,
Hàng hóa,PBG,SP000293,,MICRO ROOT (25KG),CÁ HEO,350000,222500.0,0.0,0,0 ngày,0,39999999.96,bao,CAHEO_TRUNGVILUONG,25.0,,CAHEO_TRUNGVILUONG,,0.0,1,1,,,,,,
Hàng hóa,PBL,NPK_3311,,NPK 33-11-11 THÁI LAN 500GR,CÁ HEO,55000,53100.0,0.0,0,0 ngày,0,999999999.0,hủ,,1.0,,,https://cdn2-retail-images.kiotviet.vn/congtyptk/16d9762f3bf14a7392c2a575a4153c92.jpg,0.0,1,1,,,,,,
Hàng hóa,HKM,MAY ĐO PH,,MÁY ĐO PH,PTK,1300000,0.0,0.0,0,0 ngày,0,999999999.0,Cái,,1.0,,,,,1,1,,,,,,
Hàng hóa,HKM,SP000297,,MÁY ĐO PH,PTK,0,0.0,0.0,0,0 ngày,0,999999999.0,CÁI_KM,MAY ĐO PH,1.0,,MAY ĐO PH,,,1,1,,,,,,
Hàng hóa,PBG,BCC_20-15-10,,ANTI ALUM 20-15-10 (BAO 50 KG),BACONCO,21000,16100.0,0.0,0,0 ngày,0,999999999.0,kg,,1.0,,,,,1,1,,,,,,
Hàng hóa,PBG,BCC_20-15-10-1,,ANTI ALUM 20-15-10 (BAO 50 KG),BACONCO,970000,805000.0,0.0,0,0 ngày,0,19999999.98,Bao,BCC_20-15-10,50.0,,BCC_20-15-10,,,1,1,,,,,,
Hàng hóa,HỮU CƠ,PQL_BM,,HỮU CƠ ĐỨC (25KG),,11000,9200.0,0.0,0,0 ngày,0,999999999.0,kg,,1.0,,,https://cdn2-retail-images.kiotviet.vn/congtyptk/fc76247f80a448ebb4b0888de398c68e.jpg,0.0,1,1,,,,,,
Hàng hóa,HỮU CƠ,SP000292,,HỮU CƠ ĐỨC (25KG),,250000,230000.0,0.0,0,0 ngày,0,39999999.96,Bao,PQL_BM,25.0,,PQL_BM,,0.0,1,1,,,,,,
Hàng hóa,HỮU CƠ,PQL_UC,,HỮU CƠ ÚC (CHUỘT TÚI ) 25 KG,,15000,12000.0,0.0,0,0 ngày,0,999999999.0,kg,,1.0,,,https://cdn2-retail-images.kiotviet.vn/congtyptk/906604f1efb14b6b9fd7ee74afea960f.jpg,0.0,1,1,,,,,,
Hàng hóa,HỮU CƠ,SP000291,,HỮU CƠ ÚC (CHUỘT TÚI ) 25 KG,,360000,300000.0,0.0,0,0 ngày,0,39999999.96,bao,PQL_UC,25.0,,PQL_UC,,0.0,1,1,,,,,,
Hàng hóa,HỮU CƠ,PQL_BMUC,,HỮU CƠ BM ÚC (BAO TRẮNG 25KG),,16000,13400.0,0.0,0,0 ngày,0,999999999.0,kg,,1.0,,,https://cdn2-retail-images.kiotviet.vn/congtyptk/534c6327eff7497cb82c2138ef8f56a4.jpg,0.0,1,1,,,,,,
Hàng hóa,HỮU CƠ,SP000290,,HỮU CƠ BM ÚC (BAO TRẮNG 25KG),,385000,335000.0,0.0,0,0 ngày,0,39999999.96,bao,PQL_BMUC,25.0,,PQL_BMUC,,0.0,1,1,,,,,,
Hàng hóa,PBL,NN_HUMK,,HUM K BIO FISH 5 LIT,,105000,90000.0,0.0,0,0 ngày,0,999999999.0,,,1.0,,,https://cdn2-retail-images.kiotviet.vn/congtyptk/1656af7a07db481bb0c100f5f8a4ec07.jpg,0.0,1,1,,,,,,
Hàng hóa,THUỐC SÂU,NN_VITHADAN,,VITHADAN 200GR,,34000,32000.0,0.0,0,0 ngày,0,999999999.0,Gói,,1.0,,,https://cdn2-retail-images.kiotviet.vn/congtyptk/c6912f4ff245483b8c1426f8b5b42086.jpg,0.0,1,1,thùng 60 gói ,,,,,
Hàng hóa,HKM,BIORICH,,PHÂN BÓN HỮU CƠ WADA (25KG),,0,0.0,0.0,0,0 ngày,0,999999999.0,BAO KM,,1.0,,,https://cdn-images.kiotviet.vn/congtyptk/b45117db99a14651b5c81fded38ae890.jpg,0.0,1,1,,,,,,
Hàng hóa,THUỐC CỎ,VPC_WEEDIE,,WEEDIE 10GR,VIPESCO,18000,18900.0,0.0,0,0 ngày,0,999999999.0,Gói,,1.0,,,https://cdn2-retail-images.kiotviet.vn/congtyptk/2c53b796c3e042fd89924dcf81ef7d80.jpg,0.0,1,1,thùng 200 gói,,,,,
Hàng hóa,PBL,NDLA_NANGPH,,PH BALANCE (5LÍT ),NONG DUOC LA,750000,600000.0,0.0,0,0 ngày,0,999999999.0,can,,1.0,,,https://cdn-images.kiotviet.vn/2025/05/02/congtyptk/7e1801517c5944e4a59a456d8b682f56.png,0.0,1,1,,,,,,
Hàng hóa,THUỐC SÂU,NVT_BÁM DÍNH 100ML,,BÁM DÍNH 102 (100ML),NÔNG VIỆT THỊNH,50000,30000.0,0.0,0,0 ngày,0,999999999.0,Chai,,1.0,,,https://cdn2-retail-images.kiotviet.vn/congtyptk/dd3495bd143e4e1cba476570f0478b3f.jpg,0.0,1,1,,,,,,
Hàng hóa,PBL,APN_OVERGREN20,,OVERGREEN GOLD 20 LÍT,AN PHÁT NÔNG,3400000,2500000.0,0.0,0,0 ngày,0,999999999.0,can,,1.0,,,https://cdn2-retail-images.kiotviet.vn/congtyptk/254a935cd6104732b30566b1f7c07213.jpg,,1,1,,,,,,
Hàng hóa,PBL,APN_7544,,APN 7-5-44 250G,AN PHÁT NÔNG,28000,20000.0,0.0,0,0 ngày,0,999999999.0,Gói,,1.0,,,https://cdn2-retail-images.kiotviet.vn/congtyptk/5bbfbae947a7402c8868770e4446a57c.jpg,,1,1,80 GÓI/THÙNG,,,,,
Hàng hóa,THUỐC SÂU,NVT_HERONOVI,,HERO NOVI,NÔNG VIỆT THỊNH,16000,13000.0,0.0,0,0 ngày,0,999999999.0,gói,,1.0,,,https://cdn2-retail-images.kiotviet.vn/congtyptk/f901dba34c5a4e21b90354eaa72052fb.jpeg,0.0,1,1,THÙNG 500 GÓI ,,,,,
Hàng hóa,THUỐC SÂU,NVT_SAURAYKC,,SÂU RẦY KIM CƯƠNG,NÔNG VIỆT THỊNH,15000,10000.0,0.0,0,0 ngày,0,999999999.0,gói,,1.0,,,https://cdn2-retail-images.kiotviet.vn/congtyptk/a20c591b6c03459d8c7290b7d73205a7.jpeg,0.0,1,1,THÙNG 500 GÓI ,,,,,
Hàng hóa,HKM,HKM_THAURP,,THAU RẢI PHÂN YARA,,0,0.0,0.0,0,0 ngày,0,999999999.0,Cái,,1.0,,,,,1,0,,,,,,
Hàng hóa,THUỐC BỆNH,APN_KHUAN,,KHUẨN APN +++ 240ML,AN PHÁT NÔNG,135000,105000.0,0.0,0,0 ngày,0,999999999.0,Chai,,1.0,,,https://cdn2-retail-images.kiotviet.vn/congtyptk/ae1fe4b4e95344a5bf69691eb001a8a2.jpeg,0.0,1,1,THÙNG 40 CHAI,,,,,
Hàng hóa,THUỐC BỆNH,APN_ELIXIR,,ELIXIR 1 KG,AN PHÁT NÔNG,280000,238000.0,0.0,0,0 ngày,0,999999999.0,Gói,,1.0,,,https://cdn2-retail-images.kiotviet.vn/congtyptk/6272fa0d4dcc4a5aacec9b1d579b22b5.jpeg,0.0,1,1,THÙNG 20 GÓI,,,,,
Hàng hóa,PBG,PQL_KALI,,KALI SULPHATE (KALI TRẮNG ) 25KG,,21000,19600.0,0.0,0,0 ngày,0,999999999.0,kg,,1.0,,,https://cdn2-retail-images.kiotviet.vn/congtyptk/f52f603d270b47dfa67ec71f3d03c5b4.jpeg,0.0,1,1,,,,,,
Hàng hóa,PBG,SP000288,,KALI SULPHATE (KALI TRẮNG ) 25KG,,510000,490000.0,0.0,0,0 ngày,0,39999999.96,Bao,PQL_KALI,25.0,,PQL_KALI,,0.0,1,1,,,,,,
Hàng hóa,THUỐC SÂU,NVT_HERO,,HERO CHESS 100GR,NÔNG VIỆT THỊNH,60000,45000.0,0.0,0,0 ngày,0,999999999.0,Gói,,1.0,,,https://cdn2-retail-images.kiotviet.vn/congtyptk/5f30677d77974d9485800bb01d2e86f3.jpeg,0.0,1,1,THÙNG 100 GÓI ,,,,,
Hàng hóa,PBL,TOBA_AGROSTRONG,,AGRO STRONG 5 LÍT,TOBA,950000,830000.0,0.0,0,0 ngày,0,999999999.0,can,,1.0,,,https://cdn2-retail-images.kiotviet.vn/congtyptk/af54be2c5f324cc89684b24a7a7fa7f2.jpeg,0.0,1,1,THÙNG 4 CAN,,,,,
Hàng hóa,PBL,TOBA_XANH,,TOBA XANH 1LÍT,TOBA,210000,175000.0,0.0,0,12 ngày,0,999999999.0,Chai,,1.0,,,https://cdn2-retail-images.kiotviet.vn/congtyptk/ee0e89917d3e422f8b6d8c7369103d91.jpeg,0.0,1,1,THÙNG 20 CHAI,,,,,
Hàng hóa,HKM,HKM_QUẠT,,QUẠT MÁY SENKO,,0,340000.0,2.0,0,0 ngày,0,999999999.0,CÁI_KM,,1.0,,,,,1,1,,,,,,
Hàng hóa,HỮU CƠ,PQL_HCDƠI,,HỮU CƠ DƠI OGRANIC VANTECH,,10000,7600.0,0.0,0,0 ngày,0,999999999.0,kg,,1.0,,,https://cdn2-retail-images.kiotviet.vn/congtyptk/933842c1686a46d2af4a15d22a431dfd.jpeg,0.0,1,1,,,,,,
Hàng hóa,HỮU CƠ,SP000286,,HỮU CƠ DƠI OGRANIC VANTECH,,250000,190000.0,0.0,0,0 ngày,0,39999999.96,Bao,PQL_HCDƠI,25.0,,PQL_HCDƠI,,0.0,1,1,,,,,,
Hàng hóa,THUỐC SÂU,VPC_VIPER1LIT,,VIPER 1 LÍT,VIPESCO,530000,483600.0,0.0,0,0 ngày,0,999999999.0,Chai,,1.0,,,,0.0,1,1,THÙNG 12 CHAI ,,,,,
Hàng hóa,HKM,HKM_AOTHUN,,ÁO THUN YARA,,0,0.0,5.0,0,0 ngày,0,999999999.0,Cái,,1.0,,,,0.0,1,1,,,,,,
Hàng hóa,THUỐC SÂU,NVT_OISHIN,,OISHIN 10GR,NÔNG VIỆT THỊNH,12000,7000.0,0.0,0,0 ngày,0,999999999.0,Gói,,1.0,,,https://cdn2-retail-images.kiotviet.vn/congtyptk/21e5d271ea1241e199356d326209fcb6.jpg,0.0,1,1,THÙNG 500 GÓI,,,,,
Hàng hóa,THUỐC SÂU,NVT_RAPROMAX,,RẦY XANH PRO MAX 50GR,NÔNG VIỆT THỊNH,50000,29808.96,0.0,0,12 ngày,0,999999999.0,gói,,1.0,,,https://cdn2-retail-images.kiotviet.vn/congtyptk/a1a304d7e5c14929a818178d94a802c7.jpg,0.0,1,1,THÙNG 100 GÓI,,,,,
Hàng hóa,THUỐC SÂU,NVT_RAYXANHPRO,,RẦY XANH PRO 100gr,NÔNG VIỆT THỊNH,45000,35000.0,0.0,0,0 ngày,0,999999999.0,gói,,1.0,,,https://cdn2-retail-images.kiotviet.vn/congtyptk/6d9400050d064d85902c9461f37f8d5e.jpg,0.0,1,1,,,,,,
Hàng hóa,THUỐC SÂU,NVT_THANSAM,,THẦN SẤM DIỆT RẦY 100GR,NÔNG VIỆT THỊNH,48000,35000.0,0.0,0,0 ngày,0,999999999.0,gói,,1.0,,,https://cdn2-retail-images.kiotviet.vn/congtyptk/aedc73ccae484658b7d29bc229d22059.jpg,0.0,1,1,,,,,,
Hàng hóa,THUỐC BỆNH,VPC_VISEN100,,VISEN 20SC 100ML,VIPESCO,55000,50000.0,0.0,0,0 ngày,0,999999999.0,Chai,,1.0,,,"https://cdn-images.kiotviet.vn/2025/08/19/congtyptk/516f0ab0dca84350877b6291144d2f1f.jpg,https://cdn-images.kiotviet.vn/2025/08/19/congtyptk/b8760ae1c44b4818b2307195d99c0a4e.jpg",,1,1,,,,,,
Hàng hóa,PBL,NIKA_,,AMINO EXTRA 500ML,NIKA,145000,84000.0,0.0,0,0 ngày,0,999999999.0,Chai,,1.0,,,https://cdn-images.kiotviet.vn/2025/05/02/congtyptk/cbf313ee22aa4991aabd0ef8b6673fda.png,,1,1,,,,,,
Hàng hóa,HKM,HKM_THAURAIPHAN,,THAU RẢI PHÂN TRE VIỆT,,0,0.0,0.0,0,0 ngày,0,999999999.0,Cái,,1.0,,,,,1,0,,,,,,
Hàng hóa,PBG,TV_202015,,TV _NPK 20-20-15 (bao 50 kg ),TRE VIET,17000,13200.0,0.0,0,0 ngày,0,999999999.0,kg,,1.0,,,,,1,1,,,,,,
Hàng hóa,PBG,SP000281,,TV _NPK 20-20-15 (bao 50 kg ),TRE VIET,820000,660000.0,0.0,0,0 ngày,0,19999999.98,bao,TV_202015,50.0,,TV_202015,,,1,1,,,,,,
Hàng hóa,HỮU CƠ,TOBA_HUUCO,,HỮU CƠ ÚC ( XANH LÁ 30KG),,19000,16500.0,0.0,0,0 ngày,0,999999999.0,kg,,1.0,,,https://cdn2-retail-images.kiotviet.vn/congtyptk/7597db422c814f4eb18069f618ac2a1e.jpg,,1,1,,,,,,
Hàng hóa,HỮU CƠ,TOBA_HUUCO-1,,HỮU CƠ ÚC ( XANH LÁ 30KG),,550000,495000.0,0.0,0,0 ngày,0,33333333.3,Bao,TOBA_HUUCO,30.0,,TOBA_HUUCO,,,1,1,,,,,,
Hàng hóa,THUỐC SÂU,HC_YAMIDA,,YAMIDA 100GR,,13000,10500.0,0.0,0,0 ngày,0,999999999.0,Gói,,1.0,,,https://cdn-images.kiotviet.vn/congtyptk/a51b131d1e5e40fabb362c89ab804e33.jpg,,1,1,THÙNG 100 GÓI,,,,,
Hàng hóa,THUỐC SÂU,SP000280,,YAMIDA 100GR,,1200000,1050000.0,0.0,0,0 ngày,0,9999999.99,THÙNG,HC_YAMIDA,100.0,,HC_YAMIDA,,,1,1,THÙNG 100 GÓI,,,,,
Hàng hóa,PBL,NDLA_AMINO,,AMINO ORGANIC,NONG DUOC LA,120000,75000.0,0.0,0,0 ngày,0,999999999.0,Chai,,1.0,,,https://cdn-images.kiotviet.vn/2025/05/02/congtyptk/2b2ecb7f001b42b09ced6777a574d76e.png,,1,1,,,,,,
Hàng hóa,PBL,NDLA_PK88,,PK 88 EXTRA,NONG DUOC LA,135000,77000.0,0.0,0,0 ngày,0,999999999.0,Chai,,1.0,,,https://cdn-images.kiotviet.vn/2025/05/02/congtyptk/0263e4c05bbb4f10867ae4748c070cab.png,,1,1,,,,,,
Hàng hóa,PBL,NDLA_PK50,,PK50 EXTRA,NONG DUOC LA,120000,75000.0,0.0,0,0 ngày,0,999999999.0,Chai,,1.0,,,https://cdn-images.kiotviet.vn/2025/05/02/congtyptk/db59a722331642b9b10dca1f5a9aa712.png,,1,1,1 THÙNG 40 CHAI X 500ML,,,,,
Hàng hóa,PBL,SP000319,,PK50 EXTRA,NONG DUOC LA,4800000,3000000.0,0.0,0,0 ngày,0,24999999.975,THÙNG,NDLA_PK50,40.0,,NDLA_PK50,,,1,1,1 THÙNG 40 CHAI X 500ML,,,,,
Hàng hóa,PBL,NDLA_MEPI,,MEPI EXTRA,NONG DUOC LA,150000,110000.0,0.0,0,0 ngày,0,999999999.0,Chai,,1.0,,,https://cdn2-retail-images.kiotviet.vn/2025/05/02/congtyptk/ea2af887730147a7b150c8ea00717775.png,,1,1,,,,,,
Hàng hóa,PBL,NDLA_MANCOZIN,,MANCOZIN M95,NONG DUOC LA,95000,70000.0,0.0,0,0 ngày,0,999999999.0,Chai,,1.0,,,https://cdn-images.kiotviet.vn/2025/05/02/congtyptk/1a93db4a27f34e8f8a4b1c2c1486414b.png,,1,1,,,,,,
Hàng hóa,PBL,NDLA_UNI100,,UNI 100 EXTRA,NONG DUOC LA,165000,100000.0,0.0,0,0 ngày,0,999999999.0,Chai,,1.0,,,https://cdn-images.kiotviet.vn/2025/05/02/congtyptk/459d22eb406d4ee58c1f7fab8f120e78.png,,1,1,,,,,,
Hàng hóa,THUỐC BỆNH,SP000279,,SPRAY PHOS 620SL (1 LÍT ),TOBA,300000,270000.0,0.0,0,0 ngày,0,999999999.0,chai,,1.0,,,https://cdn-images.kiotviet.vn/congtyptk/ac7919b4bad5497ea82813e45babd676.jpg,,1,1,THÙNG 20 CHAI,,,,,
Hàng hóa,HKM,HKM_DONGHO,,ĐỒNG HỒ TREO TƯỜNG,HỢP TRÍ,0,0.0,0.0,0,0 ngày,0,999999999.0,,,1.0,,,,,1,0,,,,,,
Hàng hóa,THUỐC SÂU,HP_MOPRIDE100,,MOPRIDE 100GR,HP,50000,35214.0,0.0,0,12 ngày,0,999999999.0,Gói,,1.0,,,,,1,1,THÙNG 100 GÓI ,,,,,
Hàng hóa,THUỐC SÂU,HP_MOPRIDE15,,MOPRIDE 15GR,HP,12000,6476.0,0.0,0,0 ngày,0,999999999.0,GOI,,1.0,,,,,1,1,THÙNG 300 GÓI,,,,,
Hàng hóa,THUỐC CỎ,HP_TIGUAN450,,TIGUAN 150SL 450ML,HP,60000,40037.06,0.0,0,0 ngày,0,999999999.0,Chai,,1.0,,,,,1,1,thùng 30 chai,,,,,
Hàng hóa,THUỐC CỎ,HP_TIGUAN450-1,,TIGUAN 150SL 450ML,HP,1800000,1201111.8,0.0,0,0 ngày,0,33333333.3,THÙNG,HP_TIGUAN450,30.0,,HP_TIGUAN450,,,1,1,thùng 30 chai,,,,,
Hàng hóa,THUỐC BỆNH,TL_HERO,,MAP HERO 100GR,,85000,74000.0,0.0,0,0 ngày,0,999999999.0,Gói,,1.0,,,https://cdn-images.kiotviet.vn/congtyptk/ab3ce413f7d64f1e9fe2fdb6643ef801.jpg,,1,1,THÙNG 100 GÓI,,,,,
Hàng hóa,THUỐC BỆNH,TL_HERO-1,,MAP HERO 100GR,,8500000,7400000.0,0.0,0,0 ngày,0,9999999.99,THÙNG,TL_HERO,100.0,,TL_HERO,,,1,1,THÙNG 100 GÓI,,,,,
Hàng hóa,THUỐC SÂU,TL_JONO,,MAP JONO 40GR,,60000,45000.0,0.0,0,0 ngày,0,999999999.0,Gói,,1.0,,,https://cdn2-retail-images.kiotviet.vn/congtyptk/b834d79dbb5b4b9fb2124de8ee99db4f.jpg,,1,1,THÙNG 100 GÓI,,,,,
Hàng hóa,THUỐC SÂU,TL_JONO-1,,MAP JONO 40GR,,6000000,4500000.0,0.0,0,0 ngày,0,9999999.99,THÙNG,TL_JONO,100.0,,TL_JONO,,,1,1,THÙNG 100 GÓI,,,,,
Hàng hóa,THUỐC SÂU,TL_MAPDONA,,MAP DONA,,220000,186000.0,0.0,0,0 ngày,0,999999999.0,Chai,,1.0,,,https://cdn2-retail-images.kiotviet.vn/congtyptk/f56f5a16d50842b18c553cdbe4896fdf.jpg,,1,1,THÙNG 20 CHAI,,,,,
Hàng hóa,THUỐC SÂU,TL_MAPDONA-1,,MAP DONA,,4400000,3720000.0,0.0,0,0 ngày,0,49999999.95,THÙNG,TL_MAPDONA,20.0,,TL_MAPDONA,,,1,1,THÙNG 20 CHAI,,,,,
Hàng hóa,PBL,TL_BONSAI,,BONSAI 25SC 500ML,,190000,165000.0,0.0,0,0 ngày,0,999999999.0,Chai,,1.0,,,https://cdn-images.kiotviet.vn/congtyptk/bacba03ae3234f1cac5531aca84c103c.jpg,,1,1,THÙNG 20 CHAI,,,,,
Hàng hóa,PBL,TL_BONSAI-1,,BONSAI 25SC 500ML,,3800000,3300000.0,0.0,0,0 ngày,0,49999999.95,THÙNG,TL_BONSAI,20.0,,TL_BONSAI,,,1,1,THÙNG 20 CHAI,,,,,
Hàng hóa,HKM,HKM_BÌNHĐUN,,BÌNH ĐUN SIÊU TỐC,,0,40000.0,3.0,0,0 ngày,0,999999999.0,CÁI_KM,,1.0,,,,,1,1,,,,,,
Hàng hóa,HKM,HKM_MAYXAY,,MÁY XAY SINH TỐ,,0,360000.0,13.0,0,0 ngày,0,999999999.0,Cái,,1.0,,,,,1,1,,,,,,
Hàng hóa,PBG,BM_2487,,BM ENTECH 24-8-7 (25KG),BM,27000,23300.0,0.0,0,0 ngày,0,999999999.0,kg,,1.0,,,,,1,1,,,,,,
Hàng hóa,PBG,BM_2487-1,,BM ENTECH 24-8-7 (25KG),BM,640000,582500.0,0.0,0,0 ngày,0,39999999.96,Bao,BM_2487,25.0,,BM_2487,,,1,1,,,,,,
Hàng hóa,PBL,PTK_P52,,P52 PRO MAX,NIKA,165000,94500.0,0.0,0,0 ngày,0,999999999.0,Chai,,1.0,,,https://cdn-images.kiotviet.vn/2025/05/02/congtyptk/03e257f52fab48a18f15339c21d047ef.png,,1,1,THÙNG 40C,,,,,
Hàng hóa,PBL,PTK_P52-1,,P52 PRO MAX,NIKA,6400000,3780000.0,0.0,0,0 ngày,0,24999999.975,THÙNG,PTK_P52,40.0,,PTK_P52,,,1,1,THÙNG 40C,,,,,
Hàng hóa,PBG,BM_151515,,BM 15-15-15 (25KG),,25000,23600.0,0.0,0,0 ngày,0,999999999.0,kg,,1.0,,,,,1,1,,,,,,
Hàng hóa,PBG,BM_151515-1,,BM 15-15-15 (25KG),,610000,590000.0,0.0,0,0 ngày,0,39999999.96,Bao,BM_151515,25.0,,BM_151515,,,1,1,,,,,,
Hàng hóa,THUỐC SÂU,VPC_TETRAZIN,,TETRAZIN 450ML,VIPESCO,200000,175000.0,0.0,0,0 ngày,0,999999999.0,chai,,1.0,,,https://cdn2-retail-images.kiotviet.vn/congtyptk/4e990bea07384a82a28076832f05652f.jpg,0.0,1,1,"Thùng 30 chai



",,,,,
Hàng hóa,THUỐC SÂU,SP000277,,TETRAZIN 450ML,VIPESCO,6000000,5250000.0,0.0,0,0 ngày,0,33333333.3,Thùng,VPC_TETRAZIN,30.0,,VPC_TETRAZIN,,0.0,1,1,"Thùng 30 chai



",,,,,
Hàng hóa,THUỐC SÂU,ADAMA_YASMINE,,YASMINE 19EC 100ML,ADAMA,45000,48700.0,0.0,0,0 ngày,0,999999999.0,CHAI,,1.0,,,,,1,1,THÙNG 100C,,,,,
Hàng hóa,THUỐC BỆNH,ADAMA_MAINEX,,MAINEX 50SC 1 LÍT,ADAMA,125000,89000.0,0.0,0,0 ngày,0,999999999.0,Chai,,1.0,,,,,1,1,THÙNG 20 CHAI,,,,,
Hàng hóa,THUỐC SÂU,HP_WILSON,,WILSON 100ML,HP,75000,50143.87,0.0,0,0 ngày,0,999999999.0,Chai,,1.0,,,,,1,1,THÙNG 150 CHAI,,,,,
Hàng hóa,THUỐC SÂU,APN_RONGLUA,,RỒNG LỬA GOLDKTE 450ML,AN PHÁT NÔNG,145000,115000.0,0.0,0,0 ngày,0,999999999.0,Chai,,1.0,,,https://cdn-images.kiotviet.vn/congtyptk/7daa148306464dddad19684f2a514fb3.jpg,,1,1,,,,,,
Hàng hóa,THUỐC SÂU,APN_RONGLUA-1,,RỒNG LỬA GOLDKTE 450ML,AN PHÁT NÔNG,4350000,3450000.0,0.0,0,0 ngày,0,33333333.3,THÙNG,APN_RONGLUA,30.0,,APN_RONGLUA,,,1,1,,,,,,
Hàng hóa,PBL,PTK_CASLUA,,CASTRO AMI LÚA,PTK,120000,66500.0,0.0,0,0 ngày,0,999999999.0,chai,,1.0,,,https://cdn2-retail-images.kiotviet.vn/congtyptk/dca81c9248434721a6fe42b241f634ec.jpg,0.0,1,1,,,,,,
Hàng hóa,PBL,SP000276,,CASTRO AMI LÚA,PTK,4800000,2660000.0,0.0,0,0 ngày,0,24999999.975,thùng,PTK_CASLUA,40.0,,PTK_CASLUA,,0.0,1,1,,,,,,
Hàng hóa,PBL,SP000278,,CASTRO AMI LÚA,PTK,0,66500.0,0.0,0,0 ngày,0,999999999.0,CHAI KM,PTK_CASLUA,1.0,,PTK_CASLUA,,0.0,1,1,,,,,,
Hàng hóa,HỮU CƠ,BM_161616,,BM Yuroka 16-16-16 (50 kg),BM,19000,16900.0,0.0,0,0 ngày,0,999999999.0,kg,,1.0,,,https://cdn2-retail-images.kiotviet.vn/congtyptk/9a7ba214b40847808c23e9b4b254c6b6.jpg,0.0,1,1,,,,,,
Hàng hóa,HỮU CƠ,BM_161616-1,,BM Yuroka 16-16-16 (50 kg),BM,875000,845000.0,0.0,0,0 ngày,0,19999999.98,Bao,BM_161616,50.0,,BM_161616,,0.0,1,1,,,,,,
Hàng hóa,THUỐC SÂU,VPC_CENTRUM,,CENTRUM 100GR,VIPESCO,85000,78204.0,0.0,0,0 ngày,0,999999999.0,Gói,,1.0,,,https://cdn2-retail-images.kiotviet.vn/congtyptk/0fdd458b27ec4b648e45f834be1c5849.jpg,,1,1,,,,,,
Hàng hóa,THUỐC SÂU,VPC_CENTRUM-1,,CENTRUM 100GR,VIPESCO,8500000,7820400.0,0.0,0,0 ngày,0,9999999.99,THÙNG,VPC_CENTRUM,100.0,,VPC_CENTRUM,,,1,1,,,,,,
Hàng hóa,PBL,TV_LONTRAI,,LỚN TRÁI CHANH TẮC 500ML,TRE VIET,80000,32000.0,0.0,0,0 ngày,0,999999999.0,Chai,,1.0,,,https://cdn-images.kiotviet.vn/congtyptk/d3edca80fa574e498dfa4f80c2d46ef6.jpg,,1,1,THÙNG 40 CHAI ,,,,,
Hàng hóa,PBL,TV_LONTRAI-1,,LỚN TRÁI CHANH TẮC 500ML,TRE VIET,3200000,1280000.0,0.0,0,0 ngày,0,24999999.975,THÙNG,TV_LONTRAI,40.0,,TV_LONTRAI,,,1,1,THÙNG 40 CHAI ,,,,,
Hàng hóa,HỮU CƠ,SENTRA,,HỮU CƠ HÀ LAN CON VOI 25KG,SENTRA,13000,7900.0,0.0,0,0 ngày,0,999999999.0,kg,,1.0,,,https://cdn2-retail-images.kiotviet.vn/congtyptk/0211cee985064ef7a219d244145e7ba9.jpg,,1,1,,,,,,
Hàng hóa,HỮU CƠ,SENTRA-1,,HỮU CƠ HÀ LAN CON VOI 25KG,SENTRA,290000,197500.0,0.0,0,0 ngày,0,39999999.96,Bao,SENTRA,25.0,,SENTRA,,,1,1,,,,,,
Hàng hóa,PBL,FF_TOP,,TOPMICRO 20G,FUTURER FARM,26000,23000.0,0.0,0,0 ngày,0,999999999.0,Gói,,1.0,,,https://cdn2-retail-images.kiotviet.vn/congtyptk/0377c90ee4634da8a7015486641909aa.jpg,,1,1,,,,,,
Hàng hóa,PBL,FF_TOP-1,,TOPMICRO 20G,FUTURER FARM,13000000,11500000.0,0.0,0,0 ngày,0,1999999.998,THÙNG,FF_TOP,500.0,,FF_TOP,,,1,1,,,,,,
Hàng hóa,PBL,FF_BO,,PROFARM BOR 50GR,FUTURER FARM,28000,13000.0,0.0,0,0 ngày,0,999999999.0,Gói,,1.0,,,https://cdn2-retail-images.kiotviet.vn/congtyptk/c236ae1575c7405ab78b6b1e3b0351fd.jpg,0.0,1,1,,,,,,
Hàng hóa,PBL,FF_BO-1,,PROFARM BOR 50GR,FUTURER FARM,5600000,2600000.0,0.0,0,0 ngày,0,4999999.995,THÙNG,FF_BO,200.0,,FF_BO,,0.0,1,1,,,,,,
Hàng hóa,PBL,FF_CANXI,,PROFARM CANXI BO KẼM (500 ML),FUTURER FARM,135000,105000.0,0.0,0,0 ngày,0,999999999.0,Chai,,1.0,,,"https://cdn2-retail-images.kiotviet.vn/congtyptk/1f5b7ced9ab24265993fb89654859fcd.jpg,https://cdn2-retail-images.kiotviet.vn/congtyptk/997b67dac6db4ddfaac13ab001d96d45.jpg",0.0,1,1,,,,,,
Hàng hóa,PBL,FF_CANXI-1,,PROFARM CANXI BO KẼM (500 ML),FUTURER FARM,5400000,4200000.0,0.0,0,0 ngày,0,24999999.975,THÙNG,FF_CANXI,40.0,,FF_CANXI,,0.0,1,1,,,,,,
Hàng hóa,HKM,HKM_BIAKEN,,BIA HENIKEN,BCC,0,0.0,0.0,0,0 ngày,0,999999999.0,thung,,1.0,,,,,1,1,,,,,,
Hàng hóa,HKM,HKM_HT,,THÙNG ĐÁ 58 LIT,BCC,0,0.0,1.0,0,0 ngày,0,999999999.0,Cái,,1.0,,,https://cdn2-retail-images.kiotviet.vn/congtyptk/acf8eed9a5ce4a98b96dd0ca075d65eb.jpg,,1,1,,,,,,
Hàng hóa,HỮU CƠ,BM_HCNHAT60,,HỮU CƠ NHẬT 60%,BA MIỀN,9000,5900.0,0.0,0,0 ngày,0,999999999.0,kg,,1.0,,,https://cdn2-retail-images.kiotviet.vn/congtyptk/5178fc44859141368fa4f079b989dca8.jpg,,1,1,,,,,,
Hàng hóa,HỮU CƠ,BM_HCNHAT60-1,,HỮU CƠ NHẬT 60%,BA MIỀN,200000,147500.0,0.0,0,0 ngày,0,39999999.96,Bao,BM_HCNHAT60,25.0,,BM_HCNHAT60,,,1,1,,,,,,
Hàng hóa,PBL,APN_OVERGOLD,,OVER GREEN GOLD 5 LÍT,AN PHÁT NÔNG,900000,670000.0,0.0,0,0 ngày,0,999999999.0,can,,1.0,,,https://cdn-images.kiotviet.vn/congtyptk/b170fb3b403b45e0ac29a58d359ee02e.jpg,,1,1,,,,,,
Hàng hóa,PBL,APN_OVERGOLD-1,,OVER GREEN GOLD 5 LÍT,AN PHÁT NÔNG,3600000,2680000.0,0.0,0,0 ngày,0,249999999.75,THÙNG,APN_OVERGOLD,4.0,,APN_OVERGOLD,,,1,1,,,,,,
Hàng hóa,PBL,TV_15XANHLA,,15-15-15 CHUYÊN SẦU RIÊNG ( 10 LÍT ),,850000,465000.0,0.0,0,0 ngày,0,999999999.0,can,,1.0,,,https://cdn2-retail-images.kiotviet.vn/congtyptk/b15743d0b06949a1927df54ed68fe17d.jpg,0.0,1,1,,,,,,
Hàng hóa,PBL,TV_151515,,CHUYÊN SẦU RIÊNG 15-15-15 (20 LÍT),PTK,1650000,930000.0,0.0,0,0 ngày,0,999999999.0,can,,1.0,,,https://cdn-images.kiotviet.vn/congtyptk/b8ea6200f3054a73b01d45bfc4fc8e4f.jpg,0.0,1,1,,,,,,
Hàng hóa,PBL,PTK_PHOSPHITE,,PHOSPHITE 58-38,NIKA,95000,70000.0,0.0,0,0 ngày,0,999999999.0,hủ,,1.0,,,https://cdn-images.kiotviet.vn/2025/05/02/congtyptk/8ffe8d2ba94745ba920a81510adf7f53.png,0.0,1,1,THÙNG 40 HỦ ,,,,,
Hàng hóa,PBL,PTK_PHOSPHITE-1,,PHOSPHITE 58-38,NIKA,3800000,2800000.0,0.0,0,0 ngày,0,24999999.975,THÙNG,PTK_PHOSPHITE,40.0,,PTK_PHOSPHITE,,0.0,1,1,THÙNG 40 HỦ ,,,,,
Hàng hóa,PBL,PTK_CYTOKALI,,CYTO KALI,NIKA,105000,73500.0,0.0,0,0 ngày,0,999999999.0,Chai,,1.0,,,https://cdn-images.kiotviet.vn/2025/05/02/congtyptk/2f033414628f40fea907df8e6f165d1a.png,0.0,1,1,THÙNG 40 CHAI,,,,,
Hàng hóa,PBL,PTK_CYTOKALI-1,,CYTO KALI,NIKA,4200000,2940000.0,0.0,0,0 ngày,0,24999999.975,THÙNG,PTK_CYTOKALI,40.0,,PTK_CYTOKALI,,0.0,1,1,THÙNG 40 CHAI,,,,,
Hàng hóa,PBL,NIKA_SILIKA,,SILIKAMAX,NIKA,120000,80500.0,0.0,0,0 ngày,0,999999999.0,Chai,,1.0,,,https://cdn-images.kiotviet.vn/2025/05/02/congtyptk/b09c6c755bec4d8983fd65e1501895c4.png,0.0,1,1,THÙNG 40 CHAI,,,,,
Hàng hóa,PBL,PTK_SILIKA-1,,SILIKAMAX,NIKA,4800000,3220000.0,0.0,0,0 ngày,0,24999999.975,THÙNG,NIKA_SILIKA,40.0,,NIKA_SILIKA,,0.0,1,1,THÙNG 40 CHAI,,,,,
Hàng hóa,PBL,PTK_CASTROL,,CASTROL AMI,NIKA,120000,66500.0,0.0,0,0 ngày,0,999999999.0,Chai,,1.0,,,https://cdn-images.kiotviet.vn/2025/05/02/congtyptk/08717e11d7c44fb9ab8d99af978c2a79.png,0.0,1,1,THÙNG 40 CHAI,,,,,
Hàng hóa,PBL,HT_HUMIC ZN,,HUMIC ZN 1 LÍT,HỢP TRÍ,120000,67400.0,0.0,0,0 ngày,0,999999999.0,Chai,,1.0,,,https://cdn2-retail-images.kiotviet.vn/2025/05/02/congtyptk/d31c137ba56f4aeaab04da5f5b7bc4e2.png,,1,1,THÙNG 20 CHAI,,,,,
Hàng hóa,PBL,HT_HUMIC ZN-1,,HUMIC ZN 1 LÍT,HỢP TRÍ,2400000,1348000.0,0.0,0,0 ngày,0,49999999.95,THÙNG,HT_HUMIC ZN,20.0,,HT_HUMIC ZN,,,1,1,THÙNG 20 CHAI,,,,,
Hàng hóa,PBG,NPK_301010USA,,30-10-10 USA (25KG ),PTK,16000,12100.0,0.0,0,0 ngày,0,999999999.0,kg,,1.0,,,https://cdn-images.kiotviet.vn/congtyptk/2b3eba06cab64a9aac23dfb3bb4e1f0c.jpg,0.0,1,1,,,,,,
Hàng hóa,PBG,SP000275,,30-10-10 USA (25KG ),PTK,380000,302500.0,0.0,0,0 ngày,0,39999999.96,Bao,NPK_301010USA,25.0,,NPK_301010USA,,0.0,1,1,,,,,,
Hàng hóa,PBG,SP000273,,GSN -CANXI NITRABOR ( 25KG ),GARSONI,15000,9600.0,0.0,0,0 ngày,0,999999999.0,kg,,1.0,,,https://cdn2-retail-images.kiotviet.vn/congtyptk/eebb017012d04cb39e6c154efb69a313.jpg,,1,1,,,,,,
Hàng hóa,PBG,SP000274,,GSN -CANXI NITRABOR ( 25KG ),GARSONI,355000,240000.0,0.0,0,0 ngày,0,39999999.96,Bao,SP000273,25.0,,SP000273,,,1,1,,,,,,
Hàng hóa,THUỐC SÂU,NVT_NOVIONE,,NOVI ONE 450ml,,190000,160000.0,0.0,0,0 ngày,0,999999999.0,chai,,1.0,,,https://cdn-images.kiotviet.vn/congtyptk/1d1a6f15b1ec4702a1e5327257e22045.jpeg,0.0,1,1,thùng 30 chai,,,,,
Hàng hóa,PBG,GSN_181818,,GSN 18-18-18 ( 50KG ),GARSONI,20000,15900.0,0.0,0,0 ngày,0,999999999.0,Kg,,1.0,,,,0.0,1,1,,,,,,
Hàng hóa,PBG,SP000272,,GSN 18-18-18 ( 50KG ),GARSONI,945000,795000.0,0.0,0,0 ngày,0,19999999.98,Bao,GSN_181818,50.0,,GSN_181818,,0.0,1,1,,,,,,
Hàng hóa,HKM,SP000271,,VOUCHER MUA HÀNG 1000.000,,0,0.0,0.0,0,0 ngày,0,999999999.0,,,1.0,,,https://cdn2-retail-images.kiotviet.vn/2024/11/06/congtyptk/d4dd7ea791cc4fd9b018a1e5922f0ae9.jpg,0.0,1,1,,,,,,
Hàng hóa,PBL,TV_MAGIE 1110,,SIÊU MAGIE 11 - 10 ( 1KG ),TRE VIET,65000,47000.0,0.0,0,0 ngày,0,999999999.0,Gói,,1.0,,,,,1,1,THÙNG 25 GÓI,,,,,
Hàng hóa,PBL,SP000315,,SIÊU MAGIE 11 - 10 ( 1KG ),TRE VIET,1625000,1175000.0,0.0,0,0 ngày,0,39999999.96,THÙNG,TV_MAGIE 1110,25.0,,TV_MAGIE 1110,,,1,1,THÙNG 25 GÓI,,,,,
Hàng hóa,PBL,TV_DAMCASR20L,,ĐẠM CÁ HỒI SẦU RIÊNG 20 LÍT,TRE VIET,1500000,930000.0,0.0,0,0 ngày,0,999999999.0,can,,1.0,,,https://cdn2-retail-images.kiotviet.vn/congtyptk/0ccdecbb07b142f2bf21f9ff4103d15b.jpg,,1,1,,,,,,
Hàng hóa,THUỐC SÂU,SUMMIT_NISSO,,NISSORUN 200ML,SUMMIT,120000,96000.0,0.0,0,0 ngày,0,999999999.0,Chai,,1.0,,,https://cdn2-retail-images.kiotviet.vn/congtyptk/57f1b5def28d4e908080b180d0ad7a89.jpg,0.0,1,1,THÙNG 40 CHAI,,,,,
Hàng hóa,THUỐC SÂU,HP_LISA,,LISARA 200SC ( 200ML ),HP,210000,169651.33,40.0,0,0 ngày,0,999999999.0,Chai,,1.0,,,,0.0,1,1,1 THÙNG 40 CHAI,,,,,
Hàng hóa,THUỐC SÂU,SP000359,,LISARA 200SC ( 200ML ),HP,8400000,6786053.2,1.0,0,0 ngày,0,24999999.975,THÙNG,HP_LISA,40.0,,HP_LISA,,0.0,1,1,1 THÙNG 40 CHAI,,,,,
Hàng hóa,PBG,TH_BIO25,,URE BIO XANH ( 25KG ),,14000,11320.0,0.0,0,0 ngày,0,999999999.0,Kg,,1.0,,,,0.0,1,1,,,,,,
Hàng hóa,PBG,SP000269,,URE BIO XANH ( 25KG ),,335000,283000.0,0.0,0,0 ngày,0,39999999.96,Bao,TH_BIO25,25.0,,TH_BIO25,,0.0,1,1,,,,,,
Hàng hóa,THUỐC SÂU,SUMMIT_SHEBA,,SHEBA 50EW ( 80ML ),SUMMIT,85000,74000.0,0.0,0,0 ngày,0,999999999.0,Chai,,1.0,,,https://cdn2-retail-images.kiotviet.vn/congtyptk/826b9a54227042809620e9787a389fd0.png,0.0,1,1,thùng 100 chai,,,,,
Hàng hóa,PBG,YARA_2116,,MIXA 21-21-16 ( 50KG ),YARA,19000,16000.0,0.0,0,0 ngày,0,999999999.0,kg,,1.0,,,https://cdn2-retail-images.kiotviet.vn/congtyptk/1f163c78aada49fb8e43a10a06750e97.jpg,0.0,1,1,,,,,,
Hàng hóa,PBG,SP000268,,MIXA 21-21-16 ( 50KG ),YARA,905000,800000.0,0.0,0,0 ngày,0,19999999.98,Bao,YARA_2116,50.0,,YARA_2116,,0.0,1,1,,,,,,
Hàng hóa,PBL,APN_NUTRIACTIVE1L,,NUTRI ACTIVE (1 LÍT),AN PHÁT NÔNG,320000,246000.0,0.0,0,0 ngày,0,999999999.0,Chai,,1.0,,,https://cdn-images.kiotviet.vn/congtyptk/a898d0fc44ea4323b89407ea14b70319.png,,1,1,,,,,,
Hàng hóa,PBL,APN_OVER,,OVER GREEN CAL 5LIT,AN PHÁT NÔNG,900000,530000.0,0.0,0,0 ngày,0,999999999.0,can,,1.0,,,https://cdn2-retail-images.kiotviet.vn/congtyptk/b908d192efbb46989535e3c7ee8af6fa.png,,1,1,,,,,,
Hàng hóa,PBL,HC_FLOWER,,"FLOWER 95 0,3SL (100ML)",,18000,15800.0,0.0,0,0 ngày,0,999999999.0,Chai,,1.0,,,https://cdn2-retail-images.kiotviet.vn/congtyptk/e406867cc2614f27a0127965db35dc85.jpg,0.0,1,1,,,,,,
Hàng hóa,PBL,LOCNONG_ATON,,ATON AZ ( 250ML ),LỘC NÔNG,85000,68000.0,0.0,0,0 ngày,0,999999999.0,Chai,,1.0,,,https://cdn-images.kiotviet.vn/congtyptk/3fad38c0a9b647e6b29da08435df27e0.jpg,0.0,1,1,,,,,,
Hàng hóa,PBL,LOCNONG_BORA,,BORAMIN CA ( 250 ML ),LỘC NÔNG,85000,68000.0,0.0,0,0 ngày,0,999999999.0,Chai,,1.0,,,https://cdn-images.kiotviet.vn/congtyptk/4f2fa4864df742cb821305f68b90e4c1.jpg,0.0,1,1,,,,,,
Hàng hóa,PBL,LOCNONG_TRADE,,TRADEBOR ( 250ML ),LỘC NÔNG,85000,72250.0,0.0,0,0 ngày,0,999999999.0,Chai,,1.0,,,https://cdn2-retail-images.kiotviet.vn/congtyptk/cb80e88f95c64c689d0dcc12d26822b7.jpg,0.0,1,1,,,,,,
Hàng hóa,PBL,NIKA_SUKA,,SUKATO 500ML,NIKA,135000,70000.0,0.0,0,0 ngày,0,999999999.0,Chai,,1.0,,,https://cdn2-retail-images.kiotviet.vn/congtyptk/84431b5ea4a64e0eba35e955fd685a94.jpg,,1,1,,,,,,
Hàng hóa,THUỐC SÂU,VPC_VIFASTNHOM,,VIFAST 10SC NHÔM ( 480ML ),VIPESCO,115000,94500.0,0.0,0,0 ngày,0,999999999.0,Chai,,1.0,,,,,1,1,,,,,,
Hàng hóa,THUỐC SÂU,APN_HELLOONE,,HELLO ONE 550EC ( 240ML ),AN PHÁT NÔNG,96000,76000.0,0.0,0,0 ngày,0,999999999.0,Chai,,1.0,,,https://cdn-images.kiotviet.vn/congtyptk/35682ea66fa947bbb94b0e4d4b2ba181.png,,1,1,THÙNG 40 CHAI ,,,,,
Hàng hóa,THUỐC BỆNH,APN_ZIPRA,,ZIPRA 80WP ( 500GR ),AN PHÁT NÔNG,155000,125000.0,0.0,0,0 ngày,0,999999999.0,Gói,,1.0,,,https://cdn2-retail-images.kiotviet.vn/congtyptk/decf4d91e36745c498dfe3962fdf77f4.png,,1,1,,,,,,
Hàng hóa,PBL,APN_CALYP,,CALYP WELL ( 500ML ),AN PHÁT NÔNG,225000,169391.37,0.0,0,0 ngày,0,999999999.0,Chai,,1.0,,,https://cdn-images.kiotviet.vn/congtyptk/7a8b4af64e7243a2b609ceaf38a098a7.png,,1,1,1 THÙNG 24 CHAI,,,,,
Hàng hóa,THUỐC SÂU,HT_ACTI100,,ACTIMAX 100GR,HỢP TRÍ,90000,90000.0,0.0,0,0 ngày,0,999999999.0,Chai,,1.0,,,https://cdn2-retail-images.kiotviet.vn/congtyptk/7b99e3ac8ca044b38915d50fdc4344f3.jpg,0.0,1,1,,,,,,
Hàng hóa,THUỐC SÂU,VPC_DAUMOI,,DẦU MỐI M4 (480ML),VIPESCO,40000,36000.0,0.0,0,0 ngày,0,999999999.0,Chai,,1.0,,,https://cdn2-retail-images.kiotviet.vn/congtyptk/9bd76e86b14c42bba1a9d2e5229fd373.jpg,0.0,1,1,,,,,,
Hàng hóa,PBG,GSN_202015,,GSN 20-20-15 (25KG),GARSONI,23000,18100.0,0.0,0,0 ngày,0,999999999.0,kg,,1.0,,,https://cdn2-retail-images.kiotviet.vn/2025/03/28/congtyptk/b2b6c1345cd54a5890a2224ea4d1f49a.jpg,0.0,1,1,,,,,,
Hàng hóa,PBG,SP000263,,GSN 20-20-15 (25KG),GARSONI,545000,452500.0,0.0,0,0 ngày,0,39999999.96,Bao,GSN_202015,25.0,,GSN_202015,,0.0,1,1,,,,,,
Hàng hóa,THUỐC SÂU,NN_CONFI50,,CONFIDOR 50ML,BAYER,75000,49000.0,0.0,0,0 ngày,0,999999999.0,Chai,,1.0,,,,,1,1,,,,,,
Hàng hóa,THUỐC SÂU,NN_ISACOP500,,"ISACOP 65,2 WP ( 500GR )",,120000,114500.0,0.0,0,0 ngày,0,999999999.0,Gói,,1.0,,,,,1,1,,,,,,
Hàng hóa,THUỐC SÂU,MEKONG_CONPHAI,,CONPHAI 50GR,,70000,52000.0,0.0,0,0 ngày,0,999999999.0,Gói,,1.0,,,https://cdn-images.kiotviet.vn/congtyptk/68106fd3b60146dda0812f82ffe1dca1.jpg,0.0,1,1,,,,,,
Hàng hóa,HKM,HKM_AOTHUNHT,,ÁO THUN HỢP TRÍ,BCC,0,0.0,0.0,0,0 ngày,0,999999999.0,Cái,,1.0,,,,,1,1,,,,,,
Hàng hóa,HỮU CƠ,YARA_SUNA,,YARA SUNA - HỮU CƠ 2-2-3 ( 25KG ),YARA,14000,9500.0,0.0,0,0 ngày,0,999999999.0,kg,,1.0,,,https://cdn2-retail-images.kiotviet.vn/2025/05/22/congtyptk/17b81ed231754b36be6e00406392680b.jpg,,1,1,,,,,,
Hàng hóa,HỮU CƠ,YARA_SUNA-1,,YARA SUNA - HỮU CƠ 2-2-3 ( 25KG ),YARA,320000,237500.0,0.0,0,0 ngày,0,39999999.96,Bao,YARA_SUNA,25.0,,YARA_SUNA,,,1,1,,,,,,
Hàng hóa,HKM,HKM_CHENADA,,BỘ CHÉN ADAMA,,0,0.0,17.0,0,0 ngày,0,999999999.0,Bộ,,1.0,,,,,1,1,,,,,,
Hàng hóa,HKM,HKM_AOTHUNADA,,ÁO THUN ADAMA,,0,0.0,0.0,0,0 ngày,0,999999999.0,Cái,,1.0,,,,,1,1,,,,,,
Hàng hóa,HKM,HKM_NONADAMA,,NÓN TAI BÈO ADAMA,,0,0.0,0.0,0,0 ngày,0,999999999.0,Cái,,1.0,,,,,1,1,,,,,,
Hàng hóa,PBG,TH_DAPTP,,DAP TƯỜNG PHONG ( 50KG ),,19000,17000.0,0.0,0,0 ngày,0,999999999.0,kg,,1.0,,,,,1,1,,,,,,
Hàng hóa,PBG,TH_DAPTP-1,,DAP TƯỜNG PHONG ( 50KG ),,900000,850000.0,0.0,0,0 ngày,0,19999999.98,Bao,TH_DAPTP,50.0,,TH_DAPTP,,,1,1,,,,,,
Hàng hóa,PBG,SP000261,,URE CÀ MAU XANH - BIO ( 40KG ),AA,15000,11500.0,0.0,0,0 ngày,0,999999999.0,kg,,1.0,,,,,1,1,,,,,,
Hàng hóa,PBG,SP000262,,URE CÀ MAU XANH - BIO ( 40KG ),AA,565000,460000.0,0.0,0,0 ngày,0,24999999.975,Bao,SP000261,40.0,,SP000261,,,1,1,,,,,,
Hàng hóa,THUỐC SÂU,APN_BOX,,BOXING - THẦN CÔNG DRONE ( 480ML ),AN PHÁT NÔNG,150000,120000.0,0.0,0,0 ngày,0,999999999.0,Chai,,1.0,,,https://cdn-images.kiotviet.vn/congtyptk/3b4c99bb88784242aa7564c1e2768cf3.png,0.0,1,1,,,,,,
Hàng hóa,THUỐC SÂU,APN_RED,,REDMINE - CÓC THẦN ( 200ML ),AN PHÁT NÔNG,146000,126000.0,0.0,0,0 ngày,0,999999999.0,Chai,,1.0,,,https://cdn-images.kiotviet.vn/congtyptk/da68b84462bf4d7ca93a29881f2af088.png,0.0,1,1,,,,,,
Hàng hóa,HKM,HKM_CANUOCDA,,CA NƯỚC ĐÁ,BCC,0,0.0,0.0,0,0 ngày,0,999999999.0,Cái,,1.0,,,,,1,1,,,,,,
Hàng hóa,PBL,HT_202020,,NPK 20-20-20 + TE 250 GR,HỢP TRÍ,55000,37200.0,0.0,0,0 ngày,0,999999999.0,hủ,,1.0,,,https://cdn-images.kiotviet.vn/congtyptk/03d41ee7e75441e9a2332c0b97839d1b.jpg,,1,1,,,,,,
Hàng hóa,PBL,HT_105510,,10-55-10 500GR,HỢP TRÍ,80000,67700.0,0.0,0,0 ngày,0,999999999.0,hủ,,1.0,,,https://cdn-images.kiotviet.vn/congtyptk/d3e13dcc90ff4564b9f4ce845abfe4be.png,,1,1,,,,,,
Hàng hóa,PBL,HT_BOROCA500,,BOROCA 500GR,HỢP TRÍ,80000,47300.0,0.0,0,0 ngày,0,999999999.0,hủ,,1.0,,,https://cdn-images.kiotviet.vn/congtyptk/da978f8107894cb48b17307f3908ca79.jpg,,1,1,,,,,,
Hàng hóa,PBL,HT_BOROCA250,,BOROCA 250GR,HỢP TRÍ,45000,26300.0,0.0,0,0 ngày,0,999999999.0,hủ,,1.0,,,https://cdn-images.kiotviet.vn/congtyptk/02c9b22ad33849d1b072206ea272ece4.jpg,,1,1,,,,,,
Hàng hóa,PBL,HT_ZNMN,,HUMIC ZN - MN 5 LÍT,HỢP TRÍ,550000,328900.0,0.0,0,0 ngày,0,999999999.0,can,,1.0,,,https://cdn-images.kiotviet.vn/congtyptk/36d5f870e2994026b6e947458795b1fb.jpg,,1,1,,,,,,
Hàng hóa,PBL,HT_1052,,NPK 10-5-2 5 LÍT,HỢP TRÍ,650000,503800.0,0.0,0,0 ngày,0,999999999.0,can,,1.0,,,https://cdn-images.kiotviet.vn/congtyptk/e3adcc912bb74c04b147a6f86c97c925.jpg,,1,1,,,,,,
Hàng hóa,THUỐC SÂU,NN_TAKUMI,,TAKUMI ( 8GR ),,18000,16750.0,0.0,0,0 ngày,0,999999999.0,Gói,,1.0,,,https://cdn-images.kiotviet.vn/congtyptk/d174dc5c52594a1db8e8c082411e2306.jpg,0.0,1,1,,,,,,
Hàng hóa,THUỐC SÂU,ADAMA_CORMO,,CORMORAN 180EC (240ML),ADAMA,190000,164000.0,0.0,0,0 ngày,0,999999999.0,Chai,,1.0,,,https://cdn2-retail-images.kiotviet.vn/congtyptk/3242ce190608474f9e0bd9177f79965f.jpg,0.0,1,1,thùng 40 chai,,,,,
Hàng hóa,THUỐC BỆNH,ADAMA_FOL,,FOLPAN 50WP ( 100GR ),ADAMA,30000,26600.0,5.0,0,0 ngày,0,999999999.0,Gói,,1.0,,,https://cdn-images.kiotviet.vn/congtyptk/a71b021454af4bfe897eb35c221b83a5.jpg,0.0,1,1,,,,,,
Hàng hóa,THUỐC SÂU,ADAMA_GALIL,,GALIL 300SC ( 100ML ),ADAMA,80000,73300.0,0.0,0,0 ngày,0,999999999.0,Chai,,1.0,,,https://cdn-images.kiotviet.vn/congtyptk/f102f9d13800447da9926c274cbff4cd.jpg,0.0,1,1,Thùng 100 chai ,,,,,
Hàng hóa,THUỐC BỆNH,ADAMA_CUSTO,,CUSTODIA 320SC ( 250ML ),ADAMA,280000,299800.0,0.0,0,0 ngày,0,999999999.0,Chai,,1.0,,,https://cdn-images.kiotviet.vn/congtyptk/f32f6030d8c149f1ac7fd85710fb8dab.jpg,0.0,1,1,,,,,,
Hàng hóa,THUỐC BỆNH,ADAMA_MASTER,,MASTERCOP 21SL (240ML),ADAMA,110000,116500.0,0.0,0,0 ngày,0,999999999.0,Chai,,1.0,,,https://cdn-images.kiotviet.vn/congtyptk/020c95e533d140c885c6e30683ab835d.jpg,0.0,1,1,,,,,,
Hàng hóa,HKM,HKM_NUOCMAM,,NƯỚC MẮM 5 LÍT,,0,0.0,0.0,0,0 ngày,0,999999999.0,Can,,1.0,,,,0.0,1,1,,,,,,
Hàng hóa,HKM,HKM_BIA,,BIA TIGER,NÔNG VIỆT THỊNH,0,0.0,19.0,0,357 ngày,0,999999999.0,Thùng,,1.0,,,,0.0,1,1,,,,,,
Hàng hóa,PBG,SP000257,,URE CÀ MAU XANH - N46 PLUS ( 50KG ),AA,16000,13000.0,0.0,0,0 ngày,0,999999999.0,kg,,1.0,,,,,1,1,,,,,,
Hàng hóa,PBG,SP000258,,URE CÀ MAU XANH - N46 PLUS ( 50KG ),AA,730000,650000.0,0.0,0,0 ngày,0,19999999.98,Bao,SP000257,50.0,,SP000257,,,1,1,,,,,,
Hàng hóa,PBL,BASF_CEVY,,CEVYA 400SC ( 100ML ).,BASF,180000,164000.0,0.0,0,0 ngày,0,999999999.0,Chai,,1.0,,,,,1,1,,,,,,
Hàng hóa,PBL,NIKA_SILIC,,KALI SILIC ( NAVI 4-14) 500ML,NIKA,120000,95000.0,0.0,0,0 ngày,0,999999999.0,Chai,,1.0,,,https://cdn2-retail-images.kiotviet.vn/congtyptk/b40d9ec76bed4c85be2c7f869d4cb12b.jpg,,1,1,,,,,,
Hàng hóa,PBG,SP000255,,20-10-10 ĐỨC XANH ( 25KG ),,25000,23600.0,0.0,0,0 ngày,0,999999999.0,kg,,1.0,,,,,1,1,,,,,,
Hàng hóa,PBG,SP000256,,20-10-10 ĐỨC XANH ( 25KG ),,610000,590000.0,0.0,0,0 ngày,0,39999999.96,Bao,SP000255,25.0,,SP000255,,,1,1,,,,,,
Hàng hóa,HKM,HKM_BINH10L,,BÌNH ĐÁ XANH 10 LÍT,,0,0.0,0.0,0,0 ngày,0,999999999.0,Cái,,1.0,,,,,1,1,,,,,,
Hàng hóa,HKM,HKM_BEPNUONG,,BẾP NƯỚNG SUNHOUSE,,0,0.0,0.0,0,0 ngày,0,999999999.0,Cái,,1.0,,,,,1,1,,,,,,
Hàng hóa,PBL,BCC_BMO,,COFOLI BMO 250ML,BACONCO,115000,80000.0,0.0,0,0 ngày,0,999999999.0,Chai,,1.0,,,https://cdn-images.kiotviet.vn/congtyptk/917797d2128c4f19983a6540b0325aa7.jpg,0.0,1,1,48CHAI/THÙNG,,,,,
Hàng hóa,THUỐC CHUỘT,VPC_VIFARATVIEN,,VIFARAT 0.0005% ( VIÊN ),VIPESCO,10000,8400.0,0.0,0,0 ngày,0,999999999.0,Gói,,1.0,,,,,1,1,,,,,,
Hàng hóa,PBG,CAHEO_KALI,,KALI TRẮNG CÁ HEO ( 25KG ).,,27000,20400.0,0.0,0,0 ngày,0,999999999.0,kg,,1.0,,,,,1,1,,,,,,
Hàng hóa,PBG,CAHEO_KALI-1,,KALI TRẮNG CÁ HEO ( 25KG ).,,650000,510000.0,0.0,0,0 ngày,0,39999999.96,Bao,CAHEO_KALI,25.0,,CAHEO_KALI,,,1,1,,,,,,
Hàng hóa,THUỐC SÂU,PT_NUOCTRONG5.0,,RESGANSUPER 5.0 EC NƯỚC TRONG ( 450ML ),TY PHUC THINH,105000,64843.37,0.0,0,0 ngày,0,999999999.0,Chai,,1.0,,,https://cdn-images.kiotviet.vn/congtyptk/e69bfa1515364be78b5dd3a6aa06c2c8.jpg,,1,1,,,,,,
Hàng hóa,THUỐC CỎ,PT_TRAURUNG,,TRÂU RỪNG ĐEN 150SL ( 900ML ),TY PHUC THINH,40000,36000.0,200.0,0,365 ngày,0,999999999.0,Chai,,1.0,,,https://cdn-images.kiotviet.vn/congtyptk/e34470479161413f92c2ac6501746166.jpg,,1,1,1 THÙNG 20 CHAI,,,,,
Hàng hóa,THUỐC CỎ,SP000365,,TRÂU RỪNG ĐEN 150SL ( 900ML ),TY PHUC THINH,800000,720000.0,10.0,0,365 ngày,0,49999999.95,THÙNG,PT_TRAURUNG,20.0,,PT_TRAURUNG,,,1,1,1 THÙNG 20 CHAI,,,,,
Hàng hóa,PBL,HC_TOBA100,,TOBAJUM 100GR,AA,25000,22000.0,0.0,0,0 ngày,0,999999999.0,Gói,,1.0,,,,0.0,1,1,,,,,,
Hàng hóa,PBL,AGRINO_FERTI,,FERTIGONIA 13-30-20 (1 KG),AGRINO,165000,88000.0,0.0,0,0 ngày,0,999999999.0,Hộp,,1.0,,,https://cdn-images.kiotviet.vn/congtyptk/44a4f04583fb42e98f806f0263492a0e.jpg,,1,1,,,,,,
Hàng hóa,PBL,AGRINO_CYTO250ML,,CYTOKING 250 ML,AGRINO,115000,54500.0,0.0,0,0 ngày,0,999999999.0,Chai,,1.0,,,https://cdn-images.kiotviet.vn/congtyptk/70c00697fd5a4f86b49dc93dbf7bdc1e.jpg,,1,1,,,,,,
Hàng hóa,PBL,AGRI_CYTO25ML,,CYTOKING 25 ML,AGRINO,15000,6550.0,0.0,0,0 ngày,0,999999999.0,Gói,,1.0,,,https://cdn-images.kiotviet.vn/congtyptk/cfd9710267f1436fb36310bdaa6182f9.jpg,,1,1,,,,,,
Hàng hóa,PBL,APN_ARMOR,,ZN ARMOR NANO ( 250ML ),AN PHÁT NÔNG,140000,110000.0,0.0,0,0 ngày,0,999999999.0,Chai,,1.0,,,https://cdn-images.kiotviet.vn/congtyptk/c8bf403d9d6042f3abc7b3d7937a7066.png,0.0,1,1,,,,,,
Hàng hóa,THUỐC BỆNH,APN_TOP,,TOP PLUS ( 400ML ),AN PHÁT NÔNG,310000,265000.0,0.0,0,0 ngày,0,999999999.0,Chai,,1.0,,,https://cdn-images.kiotviet.vn/congtyptk/da686fa1796a423c86cb453a523ea5c1.png,,1,1,,,,,,
Hàng hóa,PBL,APN_SUPER,,SUPER CAT 50GR,AN PHÁT NÔNG,72000,55000.0,0.0,0,0 ngày,0,999999999.0,GOI,,1.0,,,https://cdn-images.kiotviet.vn/congtyptk/75438ecb50904ffcbf025fec388779a0.jpg,,1,1,,,,,,
Hàng hóa,PBL,APN_NUTRI,,NUTRI ACTIVE ( 500ML ),AN PHÁT NÔNG,165000,135000.0,0.0,0,0 ngày,0,999999999.0,Chai,,1.0,,,https://cdn-images.kiotviet.vn/congtyptk/53c1460775254129bbfe80a311c33d6e.png,,1,1,,,,,,
Hàng hóa,THUỐC SÂU,NVT_EMAS,,EMA''S (100GR),NÔNG VIỆT THỊNH,50000,35000.0,0.0,0,0 ngày,0,999999999.0,Gói,,1.0,,,https://cdn-images.kiotviet.vn/congtyptk/8f22fbc7e1214e29b0cc5a098800c382.jpg,,1,1,150 GÓI/THÙNG,,,,,
Hàng hóa,THUỐC BỆNH,HP_CHIONIL500,,CHIONIL 500GR,HP,135000,92000.0,0.0,0,0 ngày,0,999999999.0,GOI,,1.0,,,https://cdn-images.kiotviet.vn/congtyptk/86e9bfe7b1a2454f918e117c39e21b21.jpg,0.0,1,1,,,,,,
Hàng hóa,THUỐC BỆNH,HP_KOZUMA250,,KOZUMA 250ML,HP,70000,57571.43,0.0,0,0 ngày,0,999999999.0,Chai,,1.0,,,https://cdn-images.kiotviet.vn/congtyptk/8f7d8c18db1642b3a9ec54401a18d6df.jpg,0.0,1,1,,,,,,
Hàng hóa,THUỐC BỆNH,HP_ LUCA100,,LUSCAR 100ML,HP,115000,60000.0,0.0,0,0 ngày,0,999999999.0,CHAI,,1.0,,,,0.0,1,1,,,,,,
Hàng hóa,THUỐC BỆNH,HP_LUCA240,,LUSCAR 325SC 240ML,HP,220000,128500.0,0.0,0,0 ngày,0,999999999.0,Chai,,1.0,,,https://cdn2-retail-images.kiotviet.vn/congtyptk/21f50546fc8e42b7b4c4225d6ac55fa1.jpg,0.0,1,1,,,,,,
Hàng hóa,PBL,NIKA_FULAMI1L,,FULAMI PRO 1L,NIKA,210000,110000.0,0.0,0,0 ngày,0,999999999.0,Chai,,1.0,,,https://cdn2-retail-images.kiotviet.vn/congtyptk/3b965b45458046e58c687a689a860b57.jpg,0.0,1,1,1 THÙNG 20 CHAI,,,,,
Hàng hóa,PBL,SP000318,,FULAMI PRO 1L,NIKA,4200000,2200000.0,0.0,0,0 ngày,0,49999999.95,THÙNG,NIKA_FULAMI1L,20.0,,NIKA_FULAMI1L,,0.0,1,1,1 THÙNG 20 CHAI,,,,,
Hàng hóa,PBL,APN_CABOPHOS,,CABOPHOS 500ML,AN PHÁT NÔNG,180000,150000.0,0.0,0,0 ngày,0,999999999.0,Chai,,1.0,,,https://cdn2-retail-images.kiotviet.vn/congtyptk/84dac1208f054ec6b88f02254346109d.png,0.0,1,1,,,,,,
Hàng hóa,PBL,NDHÂ_TRONTRAISR,,LỚN TRÁI - TRÒN TRÁI SẦU RIÊNG 500GR,NÔNG DƯỢC HOÀNG ÂN,75000,49000.0,0.0,0,0 ngày,0,999999999.0,Hủ,,1.0,,,https://cdn2-retail-images.kiotviet.vn/congtyptk/3e448adef7004effbc3829c40b995f9a.jpg,0.0,1,1,,,,,,
Hàng hóa,PBL,NDHÂ_SIEURAHOA,,SIÊU RA HOA ĐẬU TRÁI SẦU RIÊNG 500GR,NÔNG DƯỢC HOÀNG ÂN,75000,49000.0,0.0,0,0 ngày,0,999999999.0,Hủ,,1.0,,,https://cdn2-retail-images.kiotviet.vn/congtyptk/c50b7236459a4fc4b4a1385ad5c81a45.jpg,0.0,1,1,,,,,,
Hàng hóa,PBL,NDHÂ_THUCDOT,,THÚC ĐỌT SẦU RIÊNG 500GR,NÔNG DƯỢC HOÀNG ÂN,75000,49000.0,0.0,0,0 ngày,0,999999999.0,Hủ,,1.0,,,https://cdn2-retail-images.kiotviet.vn/congtyptk/f8e6741f9e5f4849983bec03885c42db.jpg,0.0,1,1,,,,,,
Hàng hóa,THUỐC BỆNH,VPC_SMARTPRO240,,SMART PRO 250SC 240ML,VIPESCO,190000,178500.0,0.0,0,0 ngày,0,999999999.0,Chai,,1.0,,,,0.0,1,1,,,,,,
Hàng hóa,THUỐC BỆNH,VPC_VIROVAL,,VIROVAL 50WP (10GR),VIPESCO,9000,7900.0,0.0,0,0 ngày,0,999999999.0,Gói,,1.0,,,,0.0,1,1,,,,,,
Hàng hóa,THUỐC SÂU,NVT_PLUS,,PADANG PLUS 85WP ( 100GR ),NÔNG VIỆT THỊNH,60000,54000.0,500.0,0,0 ngày,0,999999999.0,Gói,,1.0,,,https://cdn2-retail-images.kiotviet.vn/congtyptk/397cbb7f5d2942598f03f71730093872.jpg,,1,1,,,,,,
Hàng hóa,THUỐC SÂU,SP000363,,PADANG PLUS 85WP ( 100GR ),NÔNG VIỆT THỊNH,9000000,8100000.0,3.333,0,0 ngày,0,6666666.66,THÙNG,NVT_PLUS,150.0,,NVT_PLUS,,,1,1,,,,,,
Hàng hóa,PBL,BCC_PK500,,COFOLI PK500 ( 900ML ),BACONCO,210000,166233.33,0.0,0,12 ngày,0,999999999.0,Chai,,1.0,,,https://cdn2-retail-images.kiotviet.vn/congtyptk/aee97e5959154befb2d95a564e95b2e5.jpg,0.0,1,1,,,,,,
Hàng hóa,PBL,APN_THAMSAU,,THẤM SÂU 30 GIÂY (100ML),AN PHÁT NÔNG,53000,43000.0,0.0,0,0 ngày,0,999999999.0,Chai,,1.0,,,https://cdn2-retail-images.kiotviet.vn/congtyptk/ab22b54a591d4f16a2d37129d50aa754.png,0.0,1,1,,,,,,
Hàng hóa,PBL,APN_GA3,,GA3 SỮA 500ML,AN PHÁT NÔNG,95000,75000.0,0.0,0,0 ngày,0,999999999.0,Chai,,1.0,,,https://cdn2-retail-images.kiotviet.vn/congtyptk/fe7d084369fb4ccc990e54612beb969a.png,0.0,1,1,,,,,,
Hàng hóa,HKM,HKM_NON,,ACB_NÓN TAI BÈO,,0,0.0,25.0,0,0 ngày,0,999999999.0,Cái,,1.0,,,,0.0,1,1,,,,,,
Hàng hóa,HỮU CƠ,NIKA_FUL5LIT,,FULVA KELP 5 LÍT,NIKA,850000,300000.0,0.0,0,0 ngày,0,999999999.0,Can,,1.0,,,https://cdn2-retail-images.kiotviet.vn/2025/05/02/congtyptk/bec14f73c6264c78b0dd1783511c231f.png,0.0,1,1,,,,,,
Hàng hóa,THUỐC CỎ,BCC_GLU,,GLUPHADEX 200SL 900ML,BACONCO,85000,59650.0,0.0,0,0 ngày,0,999999999.0,Chai,,1.0,,,https://cdn2-retail-images.kiotviet.vn/congtyptk/b4ffd06f273f41c2bd9fa267df4d3085.jpg,0.0,1,1,,,,,,
Hàng hóa,PBL,APN_MEPI,,TRỤ THÉP MEPI 247 (160ML),AN PHÁT NÔNG,90000,74000.0,0.0,0,0 ngày,0,999999999.0,Chai,,1.0,,,https://cdn2-retail-images.kiotviet.vn/congtyptk/e0201e59ede74c9b831296f58fb1a627.jpg,0.0,1,1,,,,,,
Hàng hóa,THUỐC SÂU,APN_ RAYXANH,,BỌ TRĨ RẦY XANH 140WP (120GR),AN PHÁT NÔNG,45000,34500.0,0.0,0,0 ngày,0,999999999.0,Gói,,1.0,,,https://cdn2-retail-images.kiotviet.vn/congtyptk/5575e4dbf2a84752a909735473416560.jpg,0.0,1,1,,,,,,
Hàng hóa,PBL,APN_106010,,NPK 10-60-10+TE ( 1KG ),AN PHÁT NÔNG,100000,77000.0,0.0,0,0 ngày,0,999999999.0,Gói,,1.0,,,https://cdn2-retail-images.kiotviet.vn/2025/06/02/congtyptk/0736ed9bd7b64d578f4779f087c0046c.png,0.0,1,1,1 THÙNG 25 GÓI,,,,,
Hàng hóa,THUỐC BỆNH,APN_VILL10,,VILL 10 (1 LÍT),AN PHÁT NÔNG,170000,130000.0,0.0,0,0 ngày,0,999999999.0,Chai,,1.0,,,https://cdn2-retail-images.kiotviet.vn/congtyptk/c8acdcd58a9546e68a9eb655f34db667.jpg,0.0,1,1,,,,,,
Hàng hóa,PBL,APN_NANO,,KALI NANO K++ (500ML),AN PHÁT NÔNG,140000,103000.0,0.0,0,0 ngày,0,999999999.0,Chai,,1.0,,,https://cdn2-retail-images.kiotviet.vn/2025/02/27/congtyptk/8d1a0581d2aa477cbcdb6abb0944e4a1.png,0.0,1,1,,,,,,
Hàng hóa,PBL,APN_KICHBONG,,SIÊU KÍCH BÔNG ( 500GR ),AN PHÁT NÔNG,80000,55000.0,0.0,0,0 ngày,0,999999999.0,Gói,,1.0,,,https://cdn2-retail-images.kiotviet.vn/congtyptk/5169480fc76944c5b21be8272bb8ce33.jpg,0.0,1,1,,,,,,
Hàng hóa,PBL,APN_PACLO,,FARM PACLO (1 LÍT),AN PHÁT NÔNG,265000,225000.0,0.0,0,0 ngày,0,999999999.0,Chai,,1.0,,,https://cdn2-retail-images.kiotviet.vn/congtyptk/83c447efebf44910ac416988b36e9ee8.jpg,0.0,1,1,,,,,,
Hàng hóa,THUỐC BỆNH,APN_ARI,,ARIGOLD 620 ( 1 LÍT ),AN PHÁT NÔNG,285000,255000.0,0.0,0,0 ngày,0,999999999.0,Chai,,1.0,,,https://cdn2-retail-images.kiotviet.vn/congtyptk/b45cec7d229a4c118562d39cdc8a0366.png,0.0,1,1,20 CHAI/ THÙNG ,,,,,
Hàng hóa,THUỐC SÂU,YUTAKA_SAURAY,,VUA SÂU RẦY RỆP 500EC 400ML,YUTAKA NHẬT BẢN,160000,114944.37,0.0,0,12 ngày,0,999999999.0,Chai,,1.0,,,https://cdn2-retail-images.kiotviet.vn/congtyptk/a22d58783d1d4790a02b7e74c9bd8970.jpg,0.0,1,1,1 thùng 40 chai,,,,,
Hàng hóa,THUỐC SÂU,SP000322,,VUA SÂU RẦY RỆP 500EC 400ML,YUTAKA NHẬT BẢN,6400000,4597774.8,0.0,0,12 ngày,0,24999999.975,THÙNG,YUTAKA_SAURAY,40.0,,YUTAKA_SAURAY,,0.0,1,1,1 thùng 40 chai,,,,,
Hàng hóa,THUỐC BỆNH,BCC_COVIL1L,,COVIL 110SC 1 LÍT,BACONCO,200000,170000.0,0.0,0,0 ngày,0,999999999.0,Chai,,1.0,,,https://cdn2-retail-images.kiotviet.vn/congtyptk/b26b4e5fcc074ade98c2e7e8d4da5ba9.jpg,0.0,1,1,,,,,,
Hàng hóa,THUỐC BỆNH,HP_IZU240,,IZURANT 500SC - 240ML GAP,HP,185000,164504.09,0.0,0,0 ngày,0,999999999.0,Chai,,1.0,,,https://cdn2-retail-images.kiotviet.vn/congtyptk/e85cd452e2c4412d9e497d246631fe88.jpg,,1,1,,,,,,
Hàng hóa,THUỐC BỆNH,HP_IZU100,,IZURANT 500SC - 100ML GAP,HP,85000,79000.0,0.0,0,0 ngày,0,999999999.0,Chai,,1.0,,,https://cdn2-retail-images.kiotviet.vn/congtyptk/051a2aa0acb649a8b92cf5309efc2d80.jpg,,1,1,,,,,,
Hàng hóa,HỮU CƠ,SP000246,,HỮU CƠ HÀN QUỐC VÀNG ( 20KG ),LONG HẢI,10000,5099.96,0.0,0,0 ngày,0,999999999.0,kg,,1.0,,,https://cdn2-retail-images.kiotviet.vn/congtyptk/d10138d7342f4765ac0f56b2682a660c.png,0.0,1,1,,,,,,
Hàng hóa,HỮU CƠ,SP000247,,HỮU CƠ HÀN QUỐC VÀNG ( 20KG ),LONG HẢI,150000,101999.2,0.0,0,0 ngày,0,49999999.95,Bao,SP000246,20.0,,SP000246,,0.0,1,1,,,,,,
Hàng hóa,HKM,HKM_KINHBAOHO,,KÍNH BẢO HỘ,NÔNG VIỆT THỊNH,0,0.0,0.0,0,0 ngày,0,999999999.0,Cái,,1.0,,,https://cdn2-retail-images.kiotviet.vn/congtyptk/155d11fa35ad44cfb7623f2fa946fd3d.jpg,0.0,1,1,,,,,,
Hàng hóa,PBL,NIKA_OMAGRI,,OMAGRI PHOSKA 250GR,NIKA,50000,28000.0,0.0,0,0 ngày,0,999999999.0,Lọ,,1.0,,,https://cdn2-retail-images.kiotviet.vn/congtyptk/c8dd2a2fa914420793aaa03ef83f24c3.jpg,0.0,1,1,,,,,,
Hàng hóa,PBL,NIKA_OMAGRI-1,,OMAGRI PHOSKA 250GR,NIKA,0,2240000.0,0.0,0,0 ngày,0,12499999.9875,THÙNG,NIKA_OMAGRI,80.0,,NIKA_OMAGRI,,0.0,1,1,,,,,,
Hàng hóa,HKM,VPC_PHIEU,,VPC-Phiêu rút thăm,VIPESCO,0,0.0,0.0,0,0 ngày,0,999999999.0,phiếu,,1.0,,,,,1,1,,,,,,
Hàng hóa,PBG,SP000244,,URE CÀ MAU XANH_PLUS (40KG),,15000,11000.0,0.0,0,0 ngày,0,999999999.0,kg,,1.0,,,https://cdn2-retail-images.kiotviet.vn/congtyptk/34f4e930b10b418aa35f5d77e086d284.png,,1,1,,,,,,
Hàng hóa,PBG,SP000245,,URE CÀ MAU XANH_PLUS (40KG),,560000,440000.0,0.0,0,0 ngày,0,24999999.975,Bao,SP000244,40.0,,SP000244,,,1,1,,,,,,
Hàng hóa,THUỐC CỎ,BASF_BASTA500ML,,CỎ BASTA 500ML,BASF,120000,113000.0,0.0,0,0 ngày,0,999999999.0,Chai,,1.0,,,,0.0,1,1,,,,,,
Hàng hóa,PBG,SP000242,,15-3-20 ĐỨC TÍM (25kg),,30000,28400.0,0.0,0,0 ngày,0,999999999.0,kg,,1.0,,,,0.0,1,1,,,,,,
Hàng hóa,PBG,SP000243,,15-3-20 ĐỨC TÍM (25kg),,735000,710000.0,0.0,0,0 ngày,0,39999999.96,Bao,SP000242,25.0,,SP000242,,0.0,1,1,,,,,,
Hàng hóa,THUỐC BỆNH,VPC_SMART,,VPC- SMART PRO 100ml,VIPESCO,90000,84000.0,0.0,0,0 ngày,0,999999999.0,Chai,,1.0,,,https://cdn2-retail-images.kiotviet.vn/congtyptk/4fa93acf3fb54818be9df58880bbe8e5.jpg,0.0,1,1,,,,,,
Hàng hóa,PBL,NDLA_M1,,MK1,NONG DUOC LA,125000,40000.0,0.0,0,0 ngày,0,999999999.0,chai,,1.0,,,https://cdn2-retail-images.kiotviet.vn/congtyptk/08d27755810d401abe72e8a9ffc6f972.jpg,0.0,1,1,,,,,,
Hàng hóa,PBL,NDLA_SI,,SI1 - SILIC CHẶN ĐỌT,NONG DUOC LA,125000,40000.0,0.0,0,0 ngày,0,999999999.0,chai,,1.0,,,https://cdn2-retail-images.kiotviet.vn/congtyptk/993d4043ec464ad5907828e529bf2bb2.jpg,0.0,1,1,,,,,,
Hàng hóa,HKM,SP000233,,NÓN TAI BÈO VPC,VIPESCO,0,0.0,0.0,0,0 ngày,0,999999999.0,Cái,,1.0,,,,,1,1,,,,,,
Hàng hóa,HKM,HKM_CHONGDINH,,CHẢO CHỐNG DÍNH,,0,0.0,2.0,0,0 ngày,0,999999999.0,Cái,,1.0,,,,,1,1,,,,,,
Hàng hóa,HKM,SP000231,,ÁO THUN VPC,VIPESCO,0,0.0,0.0,0,0 ngày,0,999999999.0,Cái,,1.0,,,,,1,1,,,,,,
Hàng hóa,HKM,HKM_BOTNGOT,,BỘT NGỌT AJINOMOTO,,0,0.0,12.0,0,0 ngày,0,999999999.0,Gói,,1.0,,,,,1,1,,,,,,
Hàng hóa,HKM,HKM_QUAT,,QUẠT ĐỨNG,,0,0.0,1.0,0,0 ngày,0,999999999.0,Cái,,1.0,,,,,1,1,,,,,,
Hàng hóa,HKM,HKM_BINHDA,,BÌNH ĐÁ 1 LÍT,BCC,0,0.0,0.0,0,0 ngày,0,999999999.0,Cái,,1.0,,,,,1,1,,,,,,
Hàng hóa,HKM,HKM_GAS,,BÉP GAS MINI,,0,0.0,1.0,0,0 ngày,0,999999999.0,Cái,,1.0,,,,,1,1,,,,,,
Hàng hóa,HKM,HKM_LY,,BỘ LY,BCC,0,0.0,7.0,0,0 ngày,0,999999999.0,Cái,,1.0,,,,,1,1,,,,,,
Hàng hóa,HKM,HKM_ĐỒNG VÀNG,,ÁO THUN,,0,0.0,29.0,0,0 ngày,0,999999999.0,Cái,,1.0,,,,,1,1,,,,,,
Hàng hóa,HKM,HKM_AOTHUBCC,,ÁO THUN BCC,BACONCO,0,0.0,0.0,0,0 ngày,0,999999999.0,Cái,,1.0,,,,,1,1,,,,,,
Hàng hóa,HKM,HKM_AOMUABCC,,ÁO MƯA BCC,BACONCO,0,0.0,0.0,0,0 ngày,0,999999999.0,Cái,,1.0,,,,,1,1,,,,,,
Hàng hóa,HKM,HKM_AOMUAHP,,ÁO MƯA ĐỎ HP,HP,0,0.0,0.0,0,0 ngày,0,999999999.0,Cái,,1.0,,,,,1,1,,,,,,
Hàng hóa,HKM,HKM_AOTHUNYR,,ÁO THUN YARA_ XÁM,YARA,0,0.0,0.0,0,0 ngày,0,999999999.0,Cái,,1.0,,,,,1,1,,,,,,
Hàng hóa,HKM,HKM_AOMUA,,ÁO MƯA YARA,GARSONI,0,0.0,0.0,0,0 ngày,0,999999999.0,Cái,,1.0,,,,,1,1,,,,,,
Hàng hóa,PBL,NDLA_MAP,,XÔ TƯỚI MẬP CÂY XANH LÁ (20KG),NONG DUOC LA,2000000,900000.0,0.0,0,12 ngày,0,999999999.0,Xô,,1.0,,,,0.0,1,1,,,,,,
Hàng hóa,PBL,NDLA_PH,,XÔ TƯỚI NÂNG PH ĐẤT (20 KG),NONG DUOC LA,2000000,750000.0,0.0,0,0 ngày,0,999999999.0,Xô,,1.0,,,,0.0,1,1,,,,,,
Hàng hóa,HỮU CƠ,NIKA_HCUC,,HỮU CƠ LỎNG HIFA AUSTRALIA 20 LÍT,NIKA,3200000,1800000.0,0.0,0,0 ngày,0,999999999.0,can,,1.0,,,https://cdn-images.kiotviet.vn/congtyptk/c93b0fe2df564b64bdb5991cfaf97572.jpg,0.0,1,1,,,,,,
Hàng hóa,HỮU CƠ,NIKA_FULA20,,FULVA KELP 20 LÍT,NIKA,2950000,1500000.0,0.0,0,0 ngày,0,999999999.0,can,,1.0,,,https://cdn-images.kiotviet.vn/congtyptk/4a9d2d5128b2487687387edabb470e3a.jpg,0.0,1,1,,,,,,
Hàng hóa,THUỐC SÂU,NVT_LEDAN,,RẦY XANH LEDAN ULTRA 95SP,NÔNG VIỆT THỊNH,65000,57000.0,170.0,0,12 ngày,0,999999999.0,Gói,,1.0,,,https://cdn-images.kiotviet.vn/congtyptk/22f2b8afab8945189faf40adb4725e42.jpg,,1,1,,,,,,
Hàng hóa,THUỐC SÂU,SP000362,,RẦY XANH LEDAN ULTRA 95SP,NÔNG VIỆT THỊNH,9750000,8550000.0,1.133,0,12 ngày,0,6666666.66,THÙNG,NVT_LEDAN,150.0,,NVT_LEDAN,,,1,1,,,,,,
Hàng hóa,HKM,VPC_VANGSJC,,VPC - VÀNG SJC 0.5 CHỈ,VPC - THUỐC SÁT TRÙNG VN,0,0.0,0.0,0,0 ngày,0,999999999.0,Chiếc,,1.0,,,,,1,1,,,,,,
Hàng hóa,THUỐC CHUỘT,VPC_VIFARAT100,,VPC- VIFARAT 0.005%AB 100G,VPC - THUỐC SÁT TRÙNG VN,10000,6800.0,0.0,0,0 ngày,0,999999999.0,Gói,,1.0,,,https://cdn-images.kiotviet.vn/congtyptk/1a01742e33454c5f8e90fdb24fa6ab1b.jpg,,1,1,1 THÙNG 100 GÓI,,,,,
Hàng hóa,THUỐC CHUỘT,VPC_VIFARAT100-1,,VPC- VIFARAT 0.005%AB 100G,VPC - THUỐC SÁT TRÙNG VN,0,680000.0,0.0,0,0 ngày,0,9999999.99,THÙNG,VPC_VIFARAT100,100.0,,VPC_VIFARAT100,,,1,1,1 THÙNG 100 GÓI,,,,,
Hàng hóa,THUỐC SÂU,VPC_VIBAMEC100,,VPC- VIBAMEC 5.55EC 100ML,VPC - THUỐC SÁT TRÙNG VN,40000,31300.0,0.0,0,0 ngày,0,999999999.0,Chai,,1.0,,,,0.0,1,1,,,,,,
Hàng hóa,THUỐC SÂU,VPC_VIBAMEC100-1,,VPC- VIBAMEC 5.55EC 100ML,VPC - THUỐC SÁT TRÙNG VN,0,3130000.0,0.0,0,0 ngày,0,9999999.99,THÙNG,VPC_VIBAMEC100,100.0,,VPC_VIBAMEC100,,0.0,1,1,,,,,,
Hàng hóa,THUỐC SÂU,VPC_FENROL240,,FENROLE 240SC 240ML,VPC - THUỐC SÁT TRÙNG VN,165000,160500.0,0.0,0,0 ngày,0,999999999.0,Chai,,1.0,,,,0.0,1,1,thùng 40 chai,,,,,
Hàng hóa,THUỐC SÂU,VPC_FENROL240-1,,FENROLE 240SC 240ML,VPC - THUỐC SÁT TRÙNG VN,0,6420000.0,0.0,0,0 ngày,0,24999999.975,THÙNG,VPC_FENROL240,40.0,,VPC_FENROL240,,0.0,1,1,thùng 40 chai,,,,,
Hàng hóa,PBG,SP000225,,NPK 16-16-16 VG - A2 (25KG),BACONCO,19000,15800.0,0.0,0,0 ngày,0,999999999.0,kg,,1.0,,,https://cdn2-retail-images.kiotviet.vn/congtyptk/dd6555110c2d4eca9080e9626b3c3ff4.jpg,,1,1,,,,,,
Hàng hóa,PBG,SP000226,,NPK 16-16-16 VG - A2 (25KG),BACONCO,460000,395000.0,0.0,0,0 ngày,0,39999999.96,Bao,SP000225,25.0,,SP000225,,,1,1,,,,,,
Hàng hóa,PBL,NDLA_MANCO,,MANCOZIN 1 LÍT,NONG DUOC LA,150000,80000.0,0.0,0,0 ngày,0,999999999.0,Chai,,1.0,,,https://cdn2-retail-images.kiotviet.vn/congtyptk/d866858d9e824a5aa8cc3c83f590496d.jpg,,1,1,,,,,,
Hàng hóa,PBL,NDLA_DAMTOM5,,ĐẠM TÔM 5 LÍT,NONG DUOC LA,750000,400000.0,0.0,0,0 ngày,0,999999999.0,Can,,1.0,,,https://cdn-images.kiotviet.vn/congtyptk/a474dcb2ba2e4934be848ae88ded95ad.png,0.0,1,1,,,,,,
Hàng hóa,THUỐC DƯỠNG,SP000224,,SIÊU KÉO BÔNG 500ML,,90000,0.0,0.0,0,0 ngày,0,999999999.0,Chai,,1.0,,,,0.0,1,1,,,,,,
Hàng hóa,THUỐC BỆNH,NDLAKM,,COC ĐỒNG KẼM 1LIT,,0,0.0,0.0,0,0 ngày,0,999999999.0,Chai,,1.0,,,,,1,1,,,,,,
Hàng hóa,THUỐC BỆNH,NDLAKM-1,,COC ĐỒNG KẼM 1LIT,,0,0.0,0.0,0,0 ngày,0,49999999.95,THÙNG,NDLAKM,20.0,,NDLAKM,,,1,1,,,,,,
Hàng hóa,THUỐC SÂU,VPC_ZIRCON,,ZIRCON NHỆN ĐỎ 43SC 80ML,VIPESCO,105000,89296.29,0.0,0,0 ngày,0,999999999.0,Chai,,1.0,,,https://cdn2-retail-images.kiotviet.vn/congtyptk/fd29eeaa5f614020b44aa737e6032b5c.jpg,,1,1,,,,,,
Hàng hóa,PBL,BASF_HEADLINE20,,HEADLINE 20ML,BASF,35000,28000.0,0.0,0,0 ngày,0,999999999.0,Gói,,1.0,,,https://cdn-images.kiotviet.vn/congtyptk/22be2473ff5f4f2dbf9056a21b118314.jpg,,1,1,,,,,,
Hàng hóa,THUỐC SÂU,NVT_NOVI,,NOVIDAN 100GR,NÔNG VIỆT THỊNH,55000,46500.0,0.0,0,0 ngày,0,999999999.0,Gói,,1.0,,,,,1,1,,,,,,
Hàng hóa,HKM,HKM_NOILAUDIEN,,NỒI LẨU ĐIỆN,,0,0.0,2.0,0,--,0,999999999.0,Cái,,1.0,,,,,1,1,,,,,,
Hàng hóa,THUỐC SÂU,NN_PRO,,PRO GGO 440EC 450ML,VIỆT THẮNG,190000,110000.0,0.0,0,0 ngày,0,999999999.0,chai,,1.0,,,https://cdn2-retail-images.kiotviet.vn/congtyptk/5fdd457c09b94af5a5e310af7c414768.jpg,0.0,1,1,,,,,,
Hàng hóa,PBL,NDLA_DAMTOM,,ĐẠM TÔM 500ml,NONG DUOC LA,95000,42000.0,0.0,0,12 ngày,0,999999999.0,chai,,1.0,,,https://cdn-images.kiotviet.vn/congtyptk/accb0e95a282449489ebcbf5e03883e7.png,0.0,1,1,,,,,,
Hàng hóa,PBL,SP000305,,ĐẠM TÔM 500ml,NONG DUOC LA,0,42000.0,0.0,0,12 ngày,0,999999999.0,CHAI KM,NDLA_DAMTOM,1.0,,NDLA_DAMTOM,,0.0,1,1,,,,,,
Hàng hóa,THUỐC SÂU,VPC_ SENTI,,SENTINET 22.4SC 100ml,VIPESCO,95000,94500.0,0.0,0,0 ngày,0,999999999.0,chai,,1.0,,,https://cdn-images.kiotviet.vn/congtyptk/7b3b720c8d2343948d5c8103ded943af.jpg,0.0,1,1,,,,,,
Hàng hóa,PBL,SP000223,,DƯỠNG RỄ ( XANH ),,200000,110000.0,0.0,0,0 ngày,0,999999999.0,hủ,,1.0,,,,0.0,1,1,,,,,,
Hàng hóa,THUỐC BỆNH,SUMMIT_RING,,RINGO-L 20SC 100ML,SUMMIT,175000,158000.0,0.0,0,0 ngày,0,999999999.0,Chai,,1.0,,,,,1,1,,,,,,
Hàng hóa,PBL,SP000222,,DƯỠNG RỄ ( ĐỎ ),,300000,147000.0,0.0,0,0 ngày,0,999999999.0,hủ,,1.0,,,,0.0,1,1,,,,,,
Hàng hóa,HKM,PSV_TANG,,SIÊU TĂNG TRƯỞNG 40ML,PSV,0,0.0,0.0,0,0 ngày,0,999999999.0,Lọ,,1.0,,,,,1,1,,,,,,
Hàng hóa,HKM,PSV_DUONGRE,,SIÊU DƯỠNG RỄ 40ML,PSV,0,0.0,0.0,0,0 ngày,0,999999999.0,Lọ,,1.0,,,,,1,1,,,,,,
Hàng hóa,THUỐC SÂU,VPC_VIMAT100,,VIMATOX 1.9EC - 100ML,VIPESCO,35000,30660.0,0.0,0,0 ngày,0,999999999.0,Chai,,1.0,,,https://cdn-images.kiotviet.vn/congtyptk/4cc99891c6bf486993a749234fe6006b.jpg,,1,1,,,,,,
Hàng hóa,THUỐC CỎ,HP_CONIFA450,,CONIFA 200ME 450ML,HP,90000,60203.32,0.0,0,0 ngày,0,999999999.0,Chai,,1.0,,,https://cdn2-retail-images.kiotviet.vn/congtyptk/f5b2f1690d3f4498abbe134cfc965b5e.png,,1,1,,,,,,
Hàng hóa,PBL,ACB_HYD XANH,,HYDRO MỸ XANH,,850000,621128.52,0.0,0,0 ngày,0,999999999.0,can,,1.0,,,https://cdn-images.kiotviet.vn/congtyptk/0d0e61f0104a48da922f8eb9f9406a1a.jpg,0.0,1,1,,,,,,
Hàng hóa,PBL,ACB_HYD TRẮNG,,HYDRO MỸ TRẮNG,,790000,558333.4,0.0,0,0 ngày,0,999999999.0,can,,1.0,,,https://cdn2-retail-images.kiotviet.vn/congtyptk/b5b0c1e3fbad4fee8acffa648f1f7ec9.jpg,,1,1,,,,,,
Hàng hóa,PBL,ACB_HYD,,HYDRO NUÔI TRÁI,,970000,0.0,0.0,0,0 ngày,0,999999999.0,can,,1.0,,,https://cdn2-retail-images.kiotviet.vn/congtyptk/cde69670fb13443492cbdb064f21ab5a.jpg,,1,1,,,,,,
Hàng hóa,THUỐC BỆNH,HT_PHYTO_150,,PHYTOCIDE 150GR,HỢP TRÍ,128000,140000.0,0.0,0,0 ngày,0,999999999.0,Gói,,1.0,,,https://cdn-images.kiotviet.vn/congtyptk/c95a3139116f422fa9b2ed871040a95c.jpg,0.0,1,1,,,,,,
Hàng hóa,THUỐC BỆNH,HT_NOR_250,,NORSHIELD 250GR,HỢP TRÍ,135000,130000.0,0.0,0,0 ngày,0,999999999.0,Gói,,1.0,,,https://cdn-images.kiotviet.vn/2025/05/02/congtyptk/cc9dc4d2af814bdfbe4fff117deb0a20.png,0.0,1,1,,,,,,
Hàng hóa,PBL,FF_K1_4,,K1 PRO 400GR,FUTURER FARM,90000,52000.0,0.0,0,0 ngày,0,999999999.0,hủ,,1.0,,,https://cdn-images.kiotviet.vn/congtyptk/8db57ac23c5c4b9d9a414628caa49eef.jpg,,1,1,,,,,,
Hàng hóa,PBG,BCC_321010,,NPK 32-10-10 ( 25KG ),BACONCO,21000,14800.0,0.0,0,0 ngày,0,999999999.0,kg,,1.0,,,,0.0,1,1,,,,,,
Hàng hóa,PBG,BCC_321010-1,,NPK 32-10-10 ( 25KG ),BACONCO,490000,370000.0,0.0,0,0 ngày,0,39999999.96,Bao,BCC_321010,25.0,,BCC_321010,,0.0,1,1,,,,,,
Hàng hóa,HKM,HKM_AOOMUA,,ÁO MƯA HỢP TRÍ ĐỎ,BCC,0,0.0,0.0,0,0 ngày,0,999999999.0,Cái,,1.0,,,,0.0,1,1,,,,,,
Hàng hóa,PBG,GSN_16-16-16RP,,GSN 16-16-16 RP (40KG),GARSONI,21000,16200.0,0.0,0,0 ngày,0,999999999.0,kg,,1.0,,,https://cdn-images.kiotviet.vn/2024/08/23/congtyptk/a3864d2be67b47e3a1ad918280cab954.jpeg,0.0,1,1,,,,,,
Hàng hóa,PBG,SP000212,,GSN 16-16-16 RP (40KG),GARSONI,800000,648000.0,0.0,0,0 ngày,0,24999999.975,Bao,GSN_16-16-16RP,40.0,,GSN_16-16-16RP,,0.0,1,1,,,,,,
Hàng hóa,PBG,GSN_15520,,GSN 15-5-20 BAO 25 KG,GARSONI,23000,18900.0,0.0,0,0 ngày,0,999999999.0,kg,,1.0,,,https://cdn2-retail-images.kiotviet.vn/congtyptk/c3441024c465462983ccfbce29557a88.png,,1,1,,,,,,
Hàng hóa,PBG,GSN _15520-1,,GSN 15-5-20 BAO 25 KG,GARSONI,560000,472500.0,0.0,0,0 ngày,0,39999999.96,BAO,GSN_15520,25.0,,GSN_15520,,,1,1,,,,,,
Hàng hóa,THUỐC SÂU,SUMMIT_TAKUMI,,TAKUMI 20SC 50ML,SUMMIT,115000,113000.0,0.0,0,0 ngày,0,999999999.0,Chai,,1.0,,,https://cdn-images.kiotviet.vn/congtyptk/181a2520399e4557bf2cd43adec8d4a9.jpg,0.0,1,1,1 thùng 100 chai,,,,,
Hàng hóa,THUỐC SÂU,SP000324,,TAKUMI 20SC 50ML,SUMMIT,11500000,11300000.0,0.0,0,0 ngày,0,9999999.99,THÙNG,SUMMIT_TAKUMI,100.0,,SUMMIT_TAKUMI,,0.0,1,1,1 thùng 100 chai,,,,,
Hàng hóa,HKM,HKM_BHGSN,,NÓN BẢO HIỂM,,0,0.0,2.0,0,0 ngày,0,999999999.0,Cái,,1.0,,,,,1,1,,,,,,
Hàng hóa,PBG,GSN-1240,,NP 12-40 ( 50KG ),GARSONI,19000,16800.0,0.0,0,0 ngày,0,999999999.0,kg,,1.0,,,https://cdn-images.kiotviet.vn/congtyptk/2fe674cee8304ef9b7230a8ad6c3d363.jpg,0.0,1,1,,,,,,
Hàng hóa,PBG,GSN-1240-1,,NP 12-40 ( 50KG ),GARSONI,910000,840000.0,0.0,0,0 ngày,0,19999999.98,Bao,GSN-1240,50.0,,GSN-1240,,0.0,1,1,,,,,,
Hàng hóa,PBG,CAHEO_9-25-17,,9-25-17 CÁ HEO (25KG),,23000,17600.0,0.0,0,0 ngày,0,999999999.0,kg,,1.0,,,https://cdn-images.kiotviet.vn/congtyptk/008629d2183f42e5a374bc118d0015b3.jpg,,1,1,,,,,,
Hàng hóa,PBG,CAHEO-92517-1,,9-25-17 CÁ HEO (25KG),,540000,440000.0,0.0,0,0 ngày,0,39999999.96,Bao,CAHEO_9-25-17,25.0,,CAHEO_9-25-17,,,1,1,,,,,,
Hàng hóa,THUỐC SÂU,NN_BAMPER,,BAMPER 500EC 480ML,,190000,150000.0,0.0,0,0 ngày,0,999999999.0,Chai,,1.0,,,https://cdn-images.kiotviet.vn/congtyptk/4837a3aa6af04691bc29b8375bf0069e.jpg,0.0,1,1,,,,,,
Hàng hóa,HỮU CƠ,GSN_3.5-2-2,,HỮU CƠ GSN 3.5-2-2 ( 25KG ),GARSONI,18000,12373.9,0.0,0,0 ngày,0,999999999.0,kg,,1.0,,,https://cdn-images.kiotviet.vn/congtyptk/583771a1d875402fb3b439dd5b6e4358.jpg,,1,1,,,,,,
Hàng hóa,HỮU CƠ,GSN_3.5-2-2-1,,HỮU CƠ GSN 3.5-2-2 ( 25KG ),GARSONI,420000,309347.5,0.0,0,0 ngày,0,39999999.96,Bao,GSN_3.5-2-2,25.0,,GSN_3.5-2-2,,,1,1,,,,,,
Hàng hóa,THUỐC BỆNH,HT_ENVIO,,ENVIO 250SC 200ML,HỢP TRÍ,240000,230000.0,0.0,0,0 ngày,0,999999999.0,Chai,,1.0,,,https://cdn-images.kiotviet.vn/congtyptk/4d8d662b582345e7b080397d50d52016.jpg,,1,1,,,,,,
Hàng hóa,LÂN BAO,SP000210,,LÂN LÂM THAO (50KG),,6000,5000.0,0.0,0,0 ngày,0,999999999.0,kg,,1.0,,,,,1,1,,,,,,
Hàng hóa,LÂN BAO,SP000211,,LÂN LÂM THAO (50KG),,260000,250000.0,0.0,0,0 ngày,0,19999999.98,Bao,SP000210,50.0,,SP000210,,,1,1,,,,,,
Hàng hóa,THUỐC CỎ,SP000208,,GRAMAXOL 200SL 900ML,,175000,125000.0,0.0,0,0 ngày,0,999999999.0,Chai,,1.0,,,https://cdn-images.kiotviet.vn/congtyptk/e5cb6f3a7e7e4f24a5c3412b4f97fb35.jpg,,1,1,,,,,,
Hàng hóa,THUỐC SÂU,VPC_VINET100G,,VINETOX 95SP - 100GR,VIPESCO,22000,20000.0,0.0,0,0 ngày,0,999999999.0,Gói,,1.0,,,https://cdn2-retail-images.kiotviet.vn/congtyptk/1a75c3f2a5814fc78567ef94572d174d.jpg,0.0,1,1,,,,,,
Hàng hóa,THUỐC SÂU,SP000282,,VINETOX 95SP - 100GR,VIPESCO,2200000,2000000.0,0.0,0,0 ngày,0,9999999.99,THÙNG,VPC_VINET100G,100.0,,VPC_VINET100G,,0.0,1,1,,,,,,
Hàng hóa,HKM,HKMBINHĐA,,BÌNH ĐÁ XANH DƯƠNG,,0,55000.0,0.0,0,0 ngày,0,999999999.0,Cái,,1.0,,,https://cdn-images.kiotviet.vn/congtyptk/39e87efe5ab349c99e4aeeb02c81e288.png,,1,1,,,,,,
Hàng hóa,HKM,HKM_BINHDAXL,,BÌNH ĐÁ XANH LÁ,AA,0,55000.0,1.0,0,0 ngày,0,999999999.0,Cái,,1.0,,,https://cdn-images.kiotviet.vn/congtyptk/dcbbef386bd64374b156b32c34dc19e6.png,,1,1,,,,,,
Hàng hóa,THUỐC SÂU,VPC_VIFAST,,VIFAST 5EC 480ML,VPC - THUỐC SÁT TRÙNG VN,55000,48300.0,0.0,0,0 ngày,0,999999999.0,Chai,,1.0,,,https://cdn-images.kiotviet.vn/congtyptk/1a97b06c7a5a4617a3977bc8bc0958bd.jpg,0.0,1,1,thùng 30 chai,,,,,
Hàng hóa,THUỐC SÂU,VPC_VIFAST-1,,VIFAST 5EC 480ML,VPC - THUỐC SÁT TRÙNG VN,0,1449000.0,0.0,0,0 ngày,0,33333333.3,THÙNG,VPC_VIFAST,30.0,,VPC_VIFAST,,0.0,1,1,thùng 30 chai,,,,,
Hàng hóa,THUỐC SÂU,VPC_VISHER,,VISHER 25EC 1 LÍT,VIPESCO,220000,190000.0,0.0,0,0 ngày,0,999999999.0,Chai,,1.0,,,https://cdn-images.kiotviet.vn/congtyptk/5bb1a1e53b424a0a8ff65c044f5e32eb.jpg,,1,1,,,,,,
Hàng hóa,THUỐC SÂU,VPC_VIBAMEC,,VIBAMEC 5.5EC 480ML,VIPESCO,155000,148800.0,0.0,0,0 ngày,0,999999999.0,Chai,,1.0,,,https://cdn-images.kiotviet.vn/congtyptk/3ae7753d07894d02bab9d19750398607.jpg,0.0,1,1,,,,,,
Hàng hóa,PBL,FF_P3_4,,P3 PRO 400GR,FUTURER FARM,90000,48000.0,0.0,0,0 ngày,0,999999999.0,hủ,,1.0,,,https://cdn-images.kiotviet.vn/2025/05/02/congtyptk/9c6d95e72732444398d0f5628d5056ee.png,,1,1,,,,,,
Hàng hóa,PBL,FF_K2_4,,K2 PRO 400GR,FUTURER FARM,90000,48000.0,0.0,0,0 ngày,0,999999999.0,hủ,,1.0,,,https://cdn2-retail-images.kiotviet.vn/2025/05/02/congtyptk/7e5a569bc11c4ad6bd6ed6860209b4e1.png,,1,1,,,,,,
Hàng hóa,PBL,FF_K3_4,,K3 PRO 400GR,FUTURER FARM,90000,56000.0,0.0,0,0 ngày,0,999999999.0,hủ,,1.0,,,https://cdn-images.kiotviet.vn/congtyptk/e465cf57bf674426bb54547839b94426.jpg,,1,1,,,,,,
Hàng hóa,PBL,FF_P17_4,,P17 PRO 400GR,FUTURER FARM,90000,64000.0,0.0,0,0 ngày,0,999999999.0,hủ,,1.0,,,https://cdn-images.kiotviet.vn/congtyptk/16b942d51015482996609e30f1f58cb2.jpg,0.0,1,1,,,,,,
Hàng hóa,PBL,FF_P30_4,,P30 PRO 400GR,FUTURER FARM,90000,56000.0,0.0,0,0 ngày,0,999999999.0,hủ,,1.0,,,https://cdn-images.kiotviet.vn/2025/05/02/congtyptk/a63105fb24d04fa182a8f63553ba9590.png,,1,1,,,,,,
Hàng hóa,PBL,FF_N35_4,,N35 PRO 400GR,FUTURER FARM,75000,56000.0,0.0,0,0 ngày,0,999999999.0,hủ,,1.0,,,https://cdn-images.kiotviet.vn/2025/05/02/congtyptk/a7b1538435d74162aa7295784b49582b.png,,1,1,,,,,,
Hàng hóa,THUỐC BỆNH,VPC_VICARP,,VPC-VICARD 4GR 1KG,VIPESCO,50000,39200.0,0.0,0,0 ngày,0,999999999.0,Gói,,1.0,,,,,1,1,,,,,,
Hàng hóa,THUỐC BỆNH,VPC_VICARP-1,,VPC-VICARD 4GR 1KG,VIPESCO,1000000,784000.0,0.0,0,0 ngày,0,49999999.95,THÙNG,VPC_VICARP,20.0,,VPC_VICARP,,,1,1,,,,,,
Hàng hóa,THUỐC BỆNH,VPC_VIBIMZOL,,VPC- VIBIMZOL 75WP 100 GR,VPC - THUỐC SÁT TRÙNG VN,40000,31600.0,0.0,0,0 ngày,0,999999999.0,GOI,,1.0,,,,0.0,1,1,,,,,,
Hàng hóa,THUỐC SÂU,NN_OTEX,,OTOXES 200SP 100GR,,28000,15000.0,0.0,0,0 ngày,0,999999999.0,Gói,,1.0,,,https://cdn2-retail-images.kiotviet.vn/congtyptk/988a7d1ca5f64c029300d5e34fc5f4f9.jpg,0.0,1,1,,,,,,
Hàng hóa,THUỐC SÂU,NN_MALUC,,MÃ LỤC 250WP 100GR,AA,22000,16800.0,0.0,0,0 ngày,0,999999999.0,Gói,,1.0,,,https://cdn2-retail-images.kiotviet.vn/congtyptk/9e81ed48492646b988641bd4e49fe308.jpg,0.0,1,1,,,,,,
Hàng hóa,THUỐC SÂU,SP000267,,MÃ LỤC 250WP 100GR,AA,2170000,1680000.0,0.0,0,0 ngày,0,9999999.99,THÙNG,NN_MALUC,100.0,,NN_MALUC,,0.0,1,1,,,,,,
Hàng hóa,PBG,CAHEO2015,,20-20-15 CÁ HEO (25KG),,19000,15500.0,0.0,0,0 ngày,0,999999999.0,kg,,1.0,,,https://cdn2-retail-images.kiotviet.vn/congtyptk/3a74b4736fcc49b691605725a72e6f3b.jpg,,1,1,,,,,,
Hàng hóa,PBG,CAHEO2015-1,,20-20-15 CÁ HEO (25KG),,450000,387500.0,0.0,0,0 ngày,0,39999999.96,Bao,CAHEO2015,25.0,,CAHEO2015,,,1,1,,,,,,
Hàng hóa,PBG,CAHEO3010,,30-10-10 CÁ HEO (25KG),,17000,12200.0,0.0,0,0 ngày,0,999999999.0,kg,,1.0,,,https://cdn2-retail-images.kiotviet.vn/congtyptk/102f6d2b3df84317ab59dba3d75703e8.jpg,0.0,1,1,,,,,,
Hàng hóa,PBG,CAHEO3010-1,,30-10-10 CÁ HEO (25KG),,405000,305000.0,0.0,0,0 ngày,0,39999999.96,Bao,CAHEO3010,25.0,,CAHEO3010,,0.0,1,1,,,,,,
Hàng hóa,HỮU CƠ,SP000204,,HỮU CƠ ÚC (25kg),,16000,13100.0,0.0,0,0 ngày,0,999999999.0,kg,,1.0,,,https://cdn2-retail-images.kiotviet.vn/congtyptk/490cec41c01d4310a04d20565a11ab74.jpg,0.0,1,1,,,,,,
Hàng hóa,HỮU CƠ,SP000205,,HỮU CƠ ÚC (25kg),,375000,327500.0,0.0,0,0 ngày,0,39999999.96,Bao,SP000204,25.0,,SP000204,,0.0,1,1,,,,,,
Hàng hóa,PBG,BCC161616,,NPK 16-16-16 50KG,BACONCO,0,0.0,0.0,0,0 ngày,0,999999999.0,kg,,1.0,,,,,1,1,,,,,,
Hàng hóa,HỮU CƠ,GSN_SPRING,,GSN HỮU CƠ SPRING 3-2-2 ( 25KG),GARSONI,13000,8600.0,0.0,0,0 ngày,0,999999999.0,kg,,1.0,,,https://cdn2-retail-images.kiotviet.vn/congtyptk/7eab10b35e4345b38fdc074e8a3c039a.jpg,,1,1,,,,,,
Hàng hóa,HỮU CƠ,GSN_SPRING-1,,GSN HỮU CƠ SPRING 3-2-2 ( 25KG),GARSONI,285000,215000.0,0.0,0,0 ngày,0,39999999.96,BAO,GSN_SPRING,25.0,,GSN_SPRING,,,1,1,,,,,,
Hàng hóa,HỮU CƠ,SP000311,,GSN HỮU CƠ SPRING 3-2-2 ( 25KG),GARSONI,0,215000.0,0.0,0,0 ngày,0,39999999.96,BAO KM,GSN_SPRING,25.0,,GSN_SPRING,,,1,1,,,,,,
Hàng hóa,PBL,HT_BOTRAC,,HT_BOTRAC 10ML,HỢP TRÍ,5000,3256.0,0.0,0,0 ngày,0,999999999.0,Gói,,1.0,,,https://cdn2-retail-images.kiotviet.vn/congtyptk/0b183974a91c48c0ae64eeced92b757b.jpg,,1,1,,,,,,
Hàng hóa,THUỐC BỆNH,HT_AGRI 25ML,,HT_AGRI LIFE 25ML,HỢP TRÍ,22000,18480.0,0.0,0,0 ngày,0,999999999.0,Gói,,1.0,,,https://cdn2-retail-images.kiotviet.vn/congtyptk/4e2ae6fdb18143de834e6097978fb8a5.png,0.0,1,1,,,,,,
Hàng hóa,THUỐC BỆNH,HT_AGRI,,HT_AGRILIFE 200ML,HỢP TRÍ,135000,120000.0,0.0,0,0 ngày,0,999999999.0,Chai,,1.0,,,https://cdn2-retail-images.kiotviet.vn/congtyptk/8eb51e4ed1fb4c20aee588a1e046577a.png,,1,1,,,,,,
Hàng hóa,PBL,HT_MULTI,,HT_MULTIPHOLATE 250GR,HỢP TRÍ,80000,65000.0,0.0,0,0 ngày,0,999999999.0,Gói,,1.0,,,https://cdn2-retail-images.kiotviet.vn/congtyptk/5fb2eb35880249a8bfe6610d39b7f57c.jpg,,1,1,,,,,,
Hàng hóa,THUỐC SÂU,HP_MOPRIDE,,MOPRIDE 20WP 8GR,HP,6000,4950.0,0.0,0,0 ngày,0,999999999.0,Gói,,1.0,,,https://cdn2-retail-images.kiotviet.vn/congtyptk/ee9cfdc139c74b85a31226356b9312a1.jpg,,1,1,1000 GÓI/THÙNG,,,,,
Hàng hóa,THUỐC SÂU,VPC_VINETOX,,VPC_VINETOX 18SL 450ML,VIPESCO,50000,36000.0,0.0,0,0 ngày,0,999999999.0,Chai,,1.0,,,https://cdn2-retail-images.kiotviet.vn/congtyptk/0d6a477c5c15477ab76421837913b6ab.jpg,,1,1,,,,,,
Hàng hóa,THUỐC CỎ,NN_GLYXIM,,NN_GLYXIM 60G,,22000,15800.0,0.0,0,0 ngày,0,999999999.0,Gói,,1.0,,,https://cdn-images.kiotviet.vn/congtyptk/4b0d22ac30bf4131a1312d66a52bcd0d.jpg,0.0,1,1,,,,,,
Hàng hóa,THUỐC BỆNH,NN_CAMILO,,NN_CAMILO 150SC 250ML,,115000,92000.0,0.0,0,0 ngày,0,999999999.0,Chai,,1.0,,,https://cdn2-retail-images.kiotviet.vn/congtyptk/4cf6c2ced9384183bc10d2dd4d4e3cbd.png,,1,1,,,,,,
Hàng hóa,THUỐC SÂU,NN_FAFT240,,NN_FAFTAC 5EC 250ML,,28000,22500.0,0.0,0,0 ngày,0,999999999.0,Chai,,1.0,,,https://cdn2-retail-images.kiotviet.vn/congtyptk/62171d5a9fc847eb82ba0781881cfdde.jpg,,1,1,,,,,,
Hàng hóa,THUỐC SÂU,HC_BESTOX,,HC_BESTOX 5EC 450ML,,37000,32000.0,0.0,0,0 ngày,0,999999999.0,Chai,,1.0,,,https://cdn2-retail-images.kiotviet.vn/congtyptk/a62d0b46beea45f390ba99ed0fb051cf.jpg,,1,1,,,,,,
Hàng hóa,THUỐC BỆNH,HC_AMIS,,HC_AMISTARTOP 325SC XI,,285000,275000.0,0.0,0,0 ngày,0,999999999.0,Chai,,1.0,,,https://cdn2-retail-images.kiotviet.vn/congtyptk/80d4a9307574490b962f626da880d04e.jpg,,1,1,,,,,,
Hàng hóa,PBL,VPC_NU ONG VANG,,VPC - NU ONG VÀNG 480ML,VPC - THUỐC SÁT TRÙNG VN,70000,54300.0,0.0,0,12 ngày,0,999999999.0,Chai,,1.0,,,https://cdn2-retail-images.kiotviet.vn/congtyptk/cd469419bcb0449e8c0dd07d6134f503.jpg,,1,1,,,,,,
Hàng hóa,PBL,VPC_NU ONG VANG-1,,VPC - NU ONG VÀNG 480ML,VPC - THUỐC SÁT TRÙNG VN,2100000,1629000.0,0.0,0,12 ngày,0,33333333.3,THÙNG,VPC_NU ONG VANG,30.0,,VPC_NU ONG VANG,,,1,1,,,,,,
Hàng hóa,THUỐC SÂU,VPC_VIPER,,VPC- VIPER 500EC - 100ML,VPC - THUỐC SÁT TRÙNG VN,65000,55953.84,0.0,0,0 ngày,0,999999999.0,Chai,,1.0,,,https://cdn2-retail-images.kiotviet.vn/congtyptk/b2b46cc32ba84bc1a85c24e9cc214b9b.png,,1,1,,,,,,
Hàng hóa,THUỐC SÂU,VPC_VIPER-1,,VPC- VIPER 500EC - 100ML,VPC - THUỐC SÁT TRÙNG VN,6500000,5595384.0,0.0,0,0 ngày,0,9999999.99,THUNG,VPC_VIPER,100.0,,VPC_VIPER,,,1,1,,,,,,
Hàng hóa,PBG,BCC_DAP COFO,,BCC_DAP COFOLI (50KG),BACONCO,24000,21325.06,0.0,0,0 ngày,0,999999999.0,kg,,1.0,,,https://cdn2-retail-images.kiotviet.vn/congtyptk/504307857ffd4255b349a2eba20706b4.png,0.0,1,1,,,,,,
Hàng hóa,PBG,BCC_DAP COFOLI-1,,BCC_DAP COFOLI (50KG),BACONCO,1175000,1066253.0,0.0,0,0 ngày,0,19999999.98,Bao,BCC_DAP COFO,50.0,,BCC_DAP COFO,,0.0,1,1,,,,,,
Hàng hóa,THUỐC BỆNH,VPC_VIMANCOZ 1KG,,VPC -VIMANCOZ 80 WP 1KG -VÀNG,VPC - THUỐC SÁT TRÙNG VN,135000,107968.57,0.0,0,0 ngày,0,999999999.0,Gói,,1.0,,,https://cdn2-retail-images.kiotviet.vn/congtyptk/410adaa459a14f1f8f01c8c6a2906326.jpg,,1,1,,,,,,
Hàng hóa,THUỐC BỆNH,VPC_VIMANCOZ XANH,,VPC-VIMANCOZ 80WP GÓI 1KG - XANH,VPC - THUỐC SÁT TRÙNG VN,150000,106000.0,0.0,0,0 ngày,0,999999999.0,Gói,,1.0,,,https://cdn2-retail-images.kiotviet.vn/congtyptk/acf7753b473e4b9cb4cff0a7e4995550.jpg,,1,1,,,,,,
Hàng hóa,PBL,NN_ATO,,ATONIK 1.8SL 100ML,,75000,70500.0,0.0,0,0 ngày,0,999999999.0,Chai,,1.0,,,https://cdn2-retail-images.kiotviet.vn/congtyptk/ebe07fd50307473db610779d395ec0fc.jpg,,1,1,,,,,,
Hàng hóa,THUỐC SÂU,NN_ASCE,,ASCEND 200SP 200GR,,70000,59500.0,0.0,0,0 ngày,0,999999999.0,Gói,,1.0,,,https://cdn2-retail-images.kiotviet.vn/congtyptk/a90dcf9700be49e8954e4cfd113898fb.png,,1,1,,,,,,
Hàng hóa,THUỐC BỆNH,VPC_VILAX,,VPC_VILAXYL 35WP 200GR,VIPESCO,75000,62698.8,0.0,0,0 ngày,0,999999999.0,Gói,,1.0,,,https://cdn2-retail-images.kiotviet.vn/congtyptk/1351ea0ae374413184238d9d240f6feb.jpg,,1,1,,,,,,
Hàng hóa,THUỐC BỆNH,VPC_VIPAC200,,VPC_VIPAC 88 200GR,VIPESCO,20000,10200.89,0.0,0,0 ngày,0,999999999.0,Gói,,1.0,,,https://cdn2-retail-images.kiotviet.vn/congtyptk/e8a290e90f974941b5fedb230308bf23.jpg,,1,1,,,,,,
Hàng hóa,PBL,TANIXAOLI,,OLIGA MAX GOLD 25ML,TANIXA,12000,6400.0,0.0,0,0 ngày,0,999999999.0,Gói,,1.0,,,https://cdn2-retail-images.kiotviet.vn/congtyptk/654904bfd43244f09c35a65d82e79fed.jpg,,1,1,,,,,,
Hàng hóa,PBL,BCC - THUÔC,,COFOLI AMINO,BACONCO,0,0.0,0.0,0,0 ngày,0,999999999.0,Chai,,1.0,,,,,1,1,,,,,,
Hàng hóa,PBL,SP000192,,COFOLI AMINO,BACONCO,0,0.0,0.0,0,0 ngày,0,41666666.625,thung,BCC - THUÔC,24.0,,BCC - THUÔC,,,1,1,,,,,,
Hàng hóa,HKM,KMHP_CHEN,,BỘ CHÉN,HP,0,0.0,9.0,0,0 ngày,0,999999999.0,Bộ,,1.0,,,,,1,1,,,,,,
Hàng hóa,HKM,HKM_DAU AN,,HP_DẦU ĂN 1 LÍT,HP,0,0.0,0.0,0,0 ngày,0,999999999.0,Chai,,1.0,,,,,1,1,,,,,,
Hàng hóa,PBL,GSN_WEED,,GSN_ CWEED AA 500ML,GARSONI,155000,135000.0,0.0,0,0 ngày,0,999999999.0,Chai,,1.0,,,https://cdn2-retail-images.kiotviet.vn/congtyptk/f65f429c2d984b4f9dc7f268e67f4e49.jpg,0.0,1,1,,,,,,
Hàng hóa,PBL,GSN_CAR,,GSN_CARBOPLEX 500ML,GARSONI,155000,135000.0,0.0,0,0 ngày,0,999999999.0,Chai,,1.0,,,https://cdn2-retail-images.kiotviet.vn/congtyptk/90bdc861cc6c434c8f742422a17db258.jpg,,1,1,,,,,,
Hàng hóa,PBL,GSN_PROP,,GSN_PROPLEX 500ML,GARSONI,155000,135000.0,0.0,0,0 ngày,0,999999999.0,Chai,,1.0,,,https://cdn2-retail-images.kiotviet.vn/congtyptk/d145a7b81ae7424e8b1968b2349910cf.jpg,,1,1,,,,,,
Hàng hóa,THUỐC BỆNH,HP_AMTE,,AMTECH 100EW 750ML,HP,270000,250000.0,0.0,0,0 ngày,0,999999999.0,Chai,,1.0,,,https://cdn2-retail-images.kiotviet.vn/congtyptk/bc6bde74fb5b43f38a0c64850d81b487.jpg,,1,1,2O CHAI/THÙNG,,,,,
Hàng hóa,THUỐC SÂU,HP_WILS,,WILSON 240ML,HP,150000,113371.43,0.0,0,0 ngày,0,999999999.0,Chai,,1.0,,,https://cdn2-retail-images.kiotviet.vn/congtyptk/1ebdc4edc4c44468a09d3586b463c67d.png,,1,1,60 CHAI/THÙNG,,,,,
Hàng hóa,THUỐC BỆNH,HP_ROMIL,,ROMIL 72WP 500G,HP,195000,148331.39,0.0,0,0 ngày,0,999999999.0,Gói,,1.0,,,https://cdn2-retail-images.kiotviet.vn/congtyptk/5d4ef660c7724a99b9acf630545b14fe.jpg,,1,1,1 THÙNG 30 GÓI,,,,,
Hàng hóa,THUỐC BỆNH,SP000316,,ROMIL 72WP 500G,HP,5850000,4449941.7,0.0,0,0 ngày,0,33333333.3,THÙNG,HP_ROMIL,30.0,,HP_ROMIL,,,1,1,1 THÙNG 30 GÓI,,,,,
Hàng hóa,THUỐC BỆNH,HP_ACTI400,,ACTIVO SUPER 648WP 400GR,HP,205000,178000.0,0.0,0,0 ngày,0,999999999.0,Gói,,1.0,,,https://cdn2-retail-images.kiotviet.vn/congtyptk/2c41c78a87cd47b0a92beb3df8b19f88.jpg,,1,1,25 GÓI/THÙNG,,,,,
Hàng hóa,PBL,NN_ANTRACOM,,ANTRACOL 100GR DẠNG CỐM,AA,33000,30500.0,0.0,0,0 ngày,0,999999999.0,Gói,,1.0,,,,,1,1,,,,,,
Hàng hóa,THUỐC SÂU,HB-GOLDNIL,,GOLDNIL 250EC-50ML- NHÃN ( Sco HB ),HB -CTY HÒA BÌNH,0,0.0,0.0,0,0 ngày,0,999999999.0,Chai,,1.0,,,https://cdn2-retail-images.kiotviet.vn/congtyptk/0d4e55bc36ce4de59dfee1f53ae8b9a5.jpg,,1,1,,,,,,
Hàng hóa,THUỐC BỆNH,HBGOLDNIL,,GOLDNIL 250EC 50ML-NHÃN SCONIL,HB -CTY HÒA BÌNH,45000,35000.0,0.0,0,0 ngày,0,999999999.0,Chai,,1.0,,,https://cdn2-retail-images.kiotviet.vn/congtyptk/e7f4d17690f84b03b265e02a59e96af9.jpg,,1,1,,,,,,
Hàng hóa,THUỐC DƯỠNG,VPC_MAISUP,,VPC_DƯỠNG HOA MAI SUPER 10ML,VPC - THUỐC SÁT TRÙNG VN,30000,25000.0,0.0,0,0 ngày,0,999999999.0,Lọ,,1.0,,,https://cdn2-retail-images.kiotviet.vn/congtyptk/b41fbce19a65489bad37b6dfc1072ca3.jpg,,1,1,,,,,,
Hàng hóa,THUỐC SÂU,XADDAIBANG,,ĐẠI BÀNG ĐỎ 10.5GR,XUYÊN Á,12000,6800.0,0.0,0,0 ngày,0,999999999.0,Gói,,1.0,,,https://cdn2-retail-images.kiotviet.vn/congtyptk/921e3b8455bc4ad4b9322fdd855e5f02.jpg,0.0,1,1,,,,,,
Hàng hóa,THUỐC BỆNH,SP000190,,SẠCH VI KHUẨN 25GR,,15000,7300.0,0.0,0,0 ngày,0,999999999.0,Gói,,1.0,,,https://cdn2-retail-images.kiotviet.vn/congtyptk/5689eca4cd3f4901aefe51f9e29027b0.jpg,,1,1,,,,,,
Hàng hóa,THUỐC SÂU,XAK54,,SIÊU DIỆT RẦY K54 100GR,XUYÊN Á,50000,33600.0,0.0,0,0 ngày,0,999999999.0,Gói,,1.0,,,https://cdn2-retail-images.kiotviet.vn/congtyptk/f418c13542694391a29875d584420508.jpg,,1,1,,,,,,
Hàng hóa,THUỐC SÂU,SP000188,,VISEK NHÔM 250EC 450ML,,105000,83500.0,0.0,0,0 ngày,0,999999999.0,Chai,,1.0,,,,,1,1,,,,,,
Hàng hóa,THUỐC SÂU,SP000187,,RUỒI VÀNG 260EW 450ML,,175000,118000.0,0.0,0,0 ngày,0,999999999.0,Chai,,1.0,,,https://cdn2-retail-images.kiotviet.vn/congtyptk/ba0a1de0baea41fcb564c3955e8d4d98.png,,1,1,,,,,,
Hàng hóa,THUỐC SÂU,HB_GOLNITOR,,SẠCH SÂU KHÁNG (GOLNITOR) 50WG 100GR,HB -CTY HÒA BÌNH,50000,38000.0,0.0,0,0 ngày,0,999999999.0,hủ,,1.0,,,https://cdn-images.kiotviet.vn/2025/07/17/congtyptk/b9191ff098154a2baf01f59a47e46f29.jpg,,1,1,1 THÙNG 90 HỦ,,,,,
Hàng hóa,THUỐC SÂU,SP000360,,SẠCH SÂU KHÁNG (GOLNITOR) 50WG 100GR,HB -CTY HÒA BÌNH,4500000,3420000.0,0.0,0,0 ngày,0,11111111.1,THÙNG,HB_GOLNITOR,90.0,,HB_GOLNITOR,,,1,1,1 THÙNG 90 HỦ,,,,,
Hàng hóa,PBL,NDLA_LAN86,,NDLA_LÂN TẠO MẦM 86,NONG DUOC LA,105000,60000.0,0.0,0,0 ngày,0,999999999.0,Chai,,1.0,,,https://cdn2-retail-images.kiotviet.vn/congtyptk/8456706f25ee467d90011977e127b27d.jpg,,1,1,40 CHAI/THÙNG,,,,,
Hàng hóa,THUỐC BỆNH,SP000186,,ANTRACOL 500GR CỐM,AA,175000,164000.0,0.0,0,0 ngày,0,999999999.0,Gói,,1.0,,,,,1,1,20 GÓI/ THÙNG,,,,,
Hàng hóa,THUỐC BỆNH,SP000185,,FOFER-X3 200G RỤNG LÁ MAI,,32000,27000.0,0.0,0,0 ngày,0,999999999.0,Gói,,1.0,,,https://cdn2-retail-images.kiotviet.vn/congtyptk/aa60b02c22234c6686f7f8c14af01aed.jpg,,1,1,,,,,,
Hàng hóa,PBL,HT_BUD,,HT_BUD BOOSTOR 250G,HỢP TRÍ,75000,65000.0,0.0,0,0 ngày,0,999999999.0,Gói,,1.0,,,https://cdn2-retail-images.kiotviet.vn/congtyptk/01234ceb2ee24da1afd540010bd027e6.jpg,,1,1,40 GÓI/THÙNG,,,,,
Hàng hóa,PBL,HT_BUD-1,,HT_BUD BOOSTOR 250G,HỢP TRÍ,0,2600000.0,0.0,0,0 ngày,0,24999999.975,THÙNG,HT_BUD,40.0,,HT_BUD,,,1,1,40 GÓI/THÙNG,,,,,
Hàng hóa,PBL,VPC_BOCA,,VPC_ACTI BOCA 500ML,VIPESCO,80000,48000.0,0.0,0,0 ngày,0,999999999.0,Chai,,1.0,,,https://cdn2-retail-images.kiotviet.vn/congtyptk/4fdb966701414257a716cfe46a235134.jpg,,1,1,30 CHAI/THÙNG,,,,,
Hàng hóa,THUỐC SÂU,HB_RUỒI VÀNG,,HB_WOFATAC RUỒI VÀNG 200ML,AN PHÁT,85000,66000.0,0.0,0,0 ngày,0,999999999.0,Chai,,1.0,,,https://cdn2-retail-images.kiotviet.vn/congtyptk/b0e8d380dc574b7e8874c63a2d103a1a.jpg,,1,1,,,,,,
Hàng hóa,THUỐC BỆNH,VPC_VIPAC88,,VPC_VIPAC 88 - 1KG,VIPESCO,85000,52500.0,0.0,0,0 ngày,0,999999999.0,Gói,,1.0,,,https://cdn2-retail-images.kiotviet.vn/congtyptk/0ebef40bee80425884aed76643784ab1.jpg,0.0,1,1,20 GÓI/THÙNG,,,,,
Hàng hóa,PBL,HT7544,,HT_7-5-44 250GR,HỢP TRÍ,23000,24000.0,0.0,0,0 ngày,0,999999999.0,Gói,,1.0,,,https://cdn-images.kiotviet.vn/congtyptk/0438ddb5d64f42a6b80eb1bca0ff9634.jpg,0.0,1,1,80 GÓI/THÙNG,,,,,
Hàng hóa,THUỐC BỆNH,HP_XANI20,,XANIZEB 72WP 20G,HP,10000,4772.67,0.0,0,12 ngày,0,999999999.0,Gói,,1.0,,,https://cdn2-retail-images.kiotviet.vn/congtyptk/5faca88c7e704762a6f7a72082a6f21b.png,,1,1,500 GÓI/THÙNG,,,,,
Hàng hóa,THUỐC BỆNH,HC_NATIVO 10G,,HC_NATIVO/750WP/10GAM,BAYER,26000,24500.0,0.0,0,0 ngày,0,999999999.0,Gói,,1.0,,,https://cdn2-retail-images.kiotviet.vn/congtyptk/204864df44c142e7b8a09c368fdd5447.png,,1,1,,,,,,
Hàng hóa,PBG,GSN_161616OLERA,,GSN 16-16-16 OLERA ( BAO 40KG ),GARSONI,20000,19000.0,0.0,0,0 ngày,0,999999999.0,kg,,1.0,,,https://cdn2-retail-images.kiotviet.vn/congtyptk/04c009e8858e4bb189426c3ca4fb3739.jpg,0.0,1,1,,,,,,
Hàng hóa,PBG,GSN_161616 OLE-1,,GSN 16-16-16 OLERA ( BAO 40KG ),GARSONI,765000,760000.0,0.0,0,0 ngày,0,24999999.975,Bao,GSN_161616OLERA,40.0,,GSN_161616OLERA,,0.0,1,1,,,,,,
Hàng hóa,PBG,GSN 161616-OLERA,,GSN 16-16-16 OLERA ( BAO 40KG ),GARSONI,0,0.0,0.0,0,0 ngày,0,999999999.0,kg,,1.0,,,,,1,1,,,,,,
Hàng hóa,THUỐC CỎ,VPC_MAESTRO240,,MAESTRO 960EC 240ML,VIPESCO,125000,102800.0,0.0,0,0 ngày,0,999999999.0,Chai,,1.0,,,https://cdn2-retail-images.kiotviet.vn/congtyptk/897dff2dae4444b785deed588eaacdc3.jpg,,1,1,40 CHAI/THÙNG,,,,,
Hàng hóa,THUỐC BỆNH,VPC_VISUP,,VIFU-SUPER 1KG,VIPESCO,52000,48999.46,0.0,0,0 ngày,0,999999999.0,Gói,,1.0,,,https://cdn2-retail-images.kiotviet.vn/congtyptk/02390f6e229641519fb4849ff00d0ff7.png,0.0,1,1,20 GÓI/THÙNG,,,,,
Hàng hóa,HKM,VPC_OMO,,VPC_BỘT GIẶT OMO 380GR,VIPESCO,0,0.0,0.0,0,0 ngày,0,999999999.0,Gói,,1.0,,,,,1,1,,,,,,
Hàng hóa,THUỐC SÂU,VPC_BỘT PHẤN KIẾN,,BỘT PHẤN KIẾN 50GR,VIPESCO,8000,4700.0,0.0,0,0 ngày,0,999999999.0,Gói,,1.0,,,https://cdn2-retail-images.kiotviet.vn/congtyptk/0de6b13f276d45ccb82a8113ee770a03.jpg,,1,1,200 GÓI/THÙNG,,,,,
Hàng hóa,THUỐC BỆNH,VPC_TRICO900G,,TRICHODERMA 900GR,VIPESCO,75000,45800.0,0.0,0,0 ngày,0,999999999.0,Gói,,1.0,,,https://cdn2-retail-images.kiotviet.vn/congtyptk/701a024496614dc0b88ce64d798966d3.png,,1,1,20 GÓI/THÙNG,,,,,
Hàng hóa,THUỐC BỆNH,VPC_MIXPF100ML,,MIX PERFECT 525SC 100ML,VIPESCO,120000,111623.4,0.0,0,0 ngày,0,999999999.0,Chai,,1.0,,,https://cdn2-retail-images.kiotviet.vn/congtyptk/3c696f452aa742ffbb53b962f06e4746.jpg,,1,1,100 CHAI/THÙNG,,,,,
Hàng hóa,HKM,SP000196,,BÌNH PHUN THUỐC KAIZEN 1 BƠM,,0,520000.0,3.0,0,0 ngày,0,999999999.0,CÁI_KM,SP000181,1.0,,SP000181,,0.0,1,1,,,,,,
Hàng hóa,HKM,SP000181,,BÌNH PHUN THUỐC KAIZEN 1 BƠM,,650000,520000.0,3.0,0,0 ngày,0,999999999.0,Cái,,1.0,,,,0.0,1,1,,,,,,
Hàng hóa,THUỐC BỆNH,VPC_VIZINCOP,,VPC_VIZINCOP 50WP 200G,VIPESCO,50000,43000.0,0.0,0,0 ngày,0,999999999.0,Gói,,1.0,,,https://cdn2-retail-images.kiotviet.vn/congtyptk/ea796da4888348579f0aac4b74df3960.jpg,,1,1,,,,,,
Hàng hóa,THUỐC BỆNH,VPC_VIVIL LIT,,VPC_VIVIL 5SC 1 LÍT,VIPESCO,90000,64000.0,0.0,0,0 ngày,0,999999999.0,Chai,,1.0,,,https://cdn2-retail-images.kiotviet.vn/congtyptk/0665a4a1dc3943538ed00a8d5a7d2ae0.jpg,,1,1,thùng 20 chai,,,,,
Hàng hóa,THUỐC BỆNH,VPC_VIVIL 480,,VIVIL 5SC 480ML,VIPESCO,50000,36000.0,0.0,0,0 ngày,0,999999999.0,Chai,,1.0,,,https://cdn2-retail-images.kiotviet.vn/congtyptk/f7f68b21a1d3408eb57239def80e3fc6.jpg,,1,1,30 CHAI/THÙNG,,,,,
Hàng hóa,THUỐC CỎ,VPC_GLUNATE,,GLUNATE 1 LÍT,VIPESCO,85000,102000.0,0.0,0,0 ngày,0,999999999.0,Chai,,1.0,,,https://cdn2-retail-images.kiotviet.vn/congtyptk/905eb002a15d49e0a7473dd8b54c41f8.png,0.0,1,1,20 CHAI/THÙNG,,,,,
Hàng hóa,THUỐC SÂU,VPC_VICONDOR,,VICONDOR 50EC 240ML,VIPESCO,50000,42600.0,0.0,0,0 ngày,0,999999999.0,Chai,,1.0,,,https://cdn-images.kiotviet.vn/congtyptk/8fabc1b14a364706a05b32aacad6385d.jpg,,1,1,40 CHAI/THÙNG,,,,,
Hàng hóa,THUỐC SÂU,HB_SHEPATOC,,HB_ DIỆT RẦY XANH SHEPATOC 250WP,,35000,22900.0,0.0,0,0 ngày,0,999999999.0,Gói,,1.0,,,https://cdn-images.kiotviet.vn/congtyptk/6d806e53230a4add953a39cd98f6adbd.jpg,,1,1,,,,,,
Hàng hóa,HKM,HKM_DAUBEP,,KMHP _ DẦU ĂN ĐẦU BẾP 400ML,HP,0,0.0,12.0,0,217 ngày,0,999999999.0,CHAI KM,,1.0,,,,,1,1,,,,,,
Hàng hóa,THUỐC BỆNH,HB_ACATOP240ML,,ACATOP 320SC - 240ML ( CÂY ĂN TRÁI ),HB -CTY HÒA BÌNH,150000,113500.0,0.0,0,0 ngày,0,999999999.0,Chai,,1.0,,,https://cdn-images.kiotviet.vn/congtyptk/3410179d7f864458bbfa5cacf4267082.jpg,,1,1,40 CHAI/THÙNG,,,,,
Hàng hóa,THUỐC SÂU,VPC_VIBAM.1KG,,VIBAM - 1KG,VIPESCO,30000,25200.0,0.0,0,0 ngày,0,999999999.0,kg,,1.0,,,https://cdn2-retail-images.kiotviet.vn/congtyptk/db0fc55d94eb487da6ad748e9fed17bd.jpg,,1,1,20 GÓI/THÙNG,,,,,
Hàng hóa,THUỐC SÂU,VPC-VIBAM.1KG-1,,VIBAM - 1KG,VIPESCO,600000,504000.0,0.0,0,0 ngày,0,49999999.95,THÙNG,VPC_VIBAM.1KG,20.0,,VPC_VIBAM.1KG,,,1,1,20 GÓI/THÙNG,,,,,
Hàng hóa,THUỐC SÂU,VPC_VITHOXAM.100ML,,VITHOXAM 350SC - 100CC PET,VIPESCO,60000,52044.44,0.0,0,0 ngày,0,999999999.0,Chai,,1.0,,,https://cdn2-retail-images.kiotviet.vn/congtyptk/0deddc79416a437aab582dad441c5e5b.jpg,0.0,1,1,100 CHAI/THÙNG,,,,,
Hàng hóa,THUỐC BỆNH,VPC_ICTOP.KG,,IC TOP 28.1SC - 1KG,VIPESCO,110000,86005.68,0.0,0,0 ngày,0,999999999.0,kg,,1.0,,,https://cdn2-retail-images.kiotviet.vn/congtyptk/4e81b80f4b47431b9eab9208adcba0fc.jpg,,1,1,20 GÓI/THÙNG,,,,,
Hàng hóa,THUỐC BỆNH,VPC_VIVADAMY.4.5L,,VPC-VIVADAMY 5SL - 4.5L ( CAN PE ),VIPESCO,170000,152000.0,0.0,0,0 ngày,0,999999999.0,can,,1.0,,,https://cdn2-retail-images.kiotviet.vn/congtyptk/8ebc9056e086489eae0a16fb6ec35471.jpg,,1,1,,,,,,
Hàng hóa,THUỐC SÂU,VPC_CENTRUM25G,,CENTRUM 75WG 25GR,VIPESCO,30000,25091.9,0.0,0,0 ngày,0,999999999.0,Gói,,1.0,,,https://cdn2-retail-images.kiotviet.vn/congtyptk/b0d1020420094547bb84c3846c8a83eb.png,,1,1,,,,,,
Hàng hóa,THUỐC SÂU,HB_SEDOX.240ML,,SEDOX 200EC 40SL - 240ML,HB -CTY HÒA BÌNH,70000,48000.0,0.0,0,0 ngày,0,999999999.0,Chai,,1.0,,,https://cdn-images.kiotviet.vn/congtyptk/5accb13c74ac4bdabab2b6fcb423104d.jpg,,1,1,THÙNG 40 CHAI,,,,,
Hàng hóa,THUỐC BỆNH,HB_SIEUVIKHUAN 240ML,,SIÊU VI KHUẨN - 240ML,HB -CTY HÒA BÌNH,75000,46800.0,0.0,0,0 ngày,0,999999999.0,Chai,,1.0,,,https://cdn-images.kiotviet.vn/congtyptk/199606e12958428a8b6757e395285c89.jpg,,1,1,40 CHAI/THÙNG,,,,,
Hàng hóa,THUỐC SÂU,VPC_VIMATOX 480ML,,VPC-VIMATOX 1.9EC - 480CC PET,VIPESCO,130000,124200.0,0.0,0,0 ngày,0,999999999.0,Chai,,1.0,,,https://cdn2-retail-images.kiotviet.vn/congtyptk/c5c8be255baf4b8c971eb832bd628ef7.png,,1,1,,,,,,
Hàng hóa,THUỐC SÂU,VPC_VIDIFEN 480ML,,VIDIFEN 40EC - 480CC PET,VIPESCO,115000,103700.0,0.0,0,0 ngày,0,999999999.0,Chai,,1.0,,,https://cdn-images.kiotviet.vn/congtyptk/b112a3abe7be4fc5a892d47e21c60996.jpg,,1,1,30 CHAI/THÙNG,,,,,
Hàng hóa,THUỐC BỆNH,HB-CORNIL 240ML,,HB-CORNIL 500SC - 240ML,,70000,40387.26,0.0,0,0 ngày,0,999999999.0,Chai,,1.0,,,https://cdn2-retail-images.kiotviet.vn/congtyptk/8df49444503140c3b20117af0718a6b8.jpg,,1,1,,,,,,
Hàng hóa,THUỐC BỆNH,VPC_VIVADAMY.1000ML,,VIVADAMY 5SL - 1 LÍT,VPC - THUỐC SÁT TRÙNG VN,45000,38500.0,0.0,0,0 ngày,0,999999999.0,Chai,,1.0,,,https://cdn2-retail-images.kiotviet.vn/congtyptk/703673273fac45a5b90f18dcb76da5d0.png,,1,1,20 chai/thùng ,,,,,
Hàng hóa,THUỐC SÂU,HB_PANDANG70GR,,PANDANG HB - 70GR,HB -CTY HÒA BÌNH,40000,29400.0,0.0,0,0 ngày,0,999999999.0,Gói,,1.0,,,https://cdn2-retail-images.kiotviet.vn/congtyptk/8ac7a684c77940a8b6da634005beaebc.jpg,,1,1,150 GÓI/THÙNG,,,,,
Hàng hóa,THUỐC SÂU,SP000179,,POLAS BÁM DÍNH 1 LÍT,,16000,18500.0,0.0,0,0 ngày,0,999999999.0,CHAI,,1.0,,,https://cdn-images.kiotviet.vn/congtyptk/c588095dcc4442f489eca0f6a096a362.jpg,,1,1,,,,,,
Hàng hóa,THUỐC BỆNH,NN_ALIET500,,ALIETTE 800WG 500GR,BAYER,0,215000.0,0.0,0,0 ngày,0,999999999.0,Gói,,1.0,,,https://cdn2-retail-images.kiotviet.vn/congtyptk/641cda750e4347dfa8a39bb25217f7a2.jpg,,1,1,THÙNG 20 GÓI,,,,,
Hàng hóa,PBL,QN106010,,10-60-10 500G (QN),QUANG NÔNG,15000,10800.0,0.0,0,0 ngày,0,999999999.0,Gói,,1.0,,,,,1,1,,,,,,
Hàng hóa,PBL,QN106010-1,,10-60-10 500G (QN),QUANG NÔNG,125000,108000.0,0.0,0,0 ngày,0,99999999.9,hủ,QN106010,10.0,,QN106010,,,1,1,,,,,,
Hàng hóa,THUỐC BỆNH,TANICLEA,,CLEAR MAX 100ML,TANIXA,45000,38000.0,0.0,0,0 ngày,0,999999999.0,Chai,,1.0,,,https://cdn2-retail-images.kiotviet.vn/congtyptk/c6aac55c92f54367a484a03086bec01a.png,,1,1,,,,,,
Hàng hóa,PBL,HCMX2,,MX2 400G,MAI XUÂN,54000,50000.0,0.0,0,0 ngày,0,999999999.0,hủ,,1.0,,,https://cdn2-retail-images.kiotviet.vn/congtyptk/9f79fa6bbbdd49edb59056e0d7c1d1ad.jpg,,1,1,,,,,,
Hàng hóa,THUỐC SÂU,HCACTA,,ACTARA 25WG 1G,SYGENTA,5000,3550.0,0.0,0,0 ngày,0,999999999.0,Gói,,1.0,,,https://cdn-images.kiotviet.vn/congtyptk/3e4bfec186f24788ba7a4e3110deed26.jpg,0.0,1,1,,,,,,
Hàng hóa,THUỐC BỆNH,RVACPOWER,,POWER CHLORINE 70WP 300G - RỬA RONG,RVAC,32000,26000.0,0.0,0,0 ngày,0,999999999.0,hủ,,1.0,,,https://cdn-images.kiotviet.vn/congtyptk/7c352c3847c443d88d2a15b54e5ec695.jpg,0.0,1,1,,,,,,
Hàng hóa,THUỐC CỎ,VPC_GLU480,,GLUNATE 150SL 480ML,VIPESCO,60000,78831.93,0.0,0,0 ngày,0,999999999.0,Chai,,1.0,,,https://cdn2-retail-images.kiotviet.vn/congtyptk/e8981fe75c3f48e1a53a1420abdab01f.jpg,480.0,1,1,30 CHAI/THÙNG,,,,,
Hàng hóa,THUỐC BỆNH,SP000167,,VISEN 20SC 25ML,VIPESCO,15000,14000.0,0.0,0,0 ngày,0,999999999.0,Gói,,1.0,,,https://cdn2-retail-images.kiotviet.vn/congtyptk/5143eb549ffc4b098b28b6aaa763d37b.jpg,25.0,1,1,,,,,,
Hàng hóa,THUỐC BỆNH,SP000166,,NEW KASURAN 16.6WP 200GR,VIPESCO,28000,25000.0,0.0,0,0 ngày,0,999999999.0,Gói,,1.0,,,https://cdn2-retail-images.kiotviet.vn/congtyptk/9ba8844799c34bc88c0953e231007e7a.png,200.0,1,1,,,,,,
Hàng hóa,THUỐC BỆNH,VPC_CHAM100,,CHAMPION 37.5SC 100ML,VIPESCO,40000,38945.09,0.0,0,12 ngày,0,999999999.0,Chai,,1.0,,,https://cdn-images.kiotviet.vn/congtyptk/18969d32b8594ade8f9aab55d78ec8b1.jpg,,1,1,thùng 100 chai,,,,,
Hàng hóa,THUỐC BỆNH,NN_CA,,RAINBOW 500SC- THÁI,,250000,170000.0,0.0,0,0 ngày,0,999999999.0,Chai,,1.0,,,https://cdn-images.kiotviet.vn/congtyptk/2aeb2c827b7e45e58ab06c4bbd871d20.jpg,0.0,1,1,,,,,,
Hàng hóa,PBL,NN_VINCO79,,VINO 79 500ML,,140000,123000.0,0.0,0,0 ngày,0,999999999.0,Chai,,1.0,,,https://cdn-images.kiotviet.vn/congtyptk/dc25011ded2f404296664c0aca1251de.jpg,0.0,1,1,30 CHAI/THÙNG,,,,,
Hàng hóa,PBL,NN_15520,,15-5-20 1KG- Con Gấu THL,,28000,26500.0,0.0,0,0 ngày,0,999999999.0,Gói,,1.0,,,https://cdn-images.kiotviet.vn/congtyptk/df715949c8424e6a9782f6ca8545ceb9.jpg,0.0,1,1,20 GÓI/THÙNG,,,,,
Hàng hóa,PBL,NN121517,,15-12-17 1KG- Con gấu THL,,29000,27500.0,0.0,0,0 ngày,0,999999999.0,Gói,,1.0,,,https://cdn-images.kiotviet.vn/congtyptk/017459533e9543d49a1766e826095c30.jpg,0.0,1,1,,,,,,
Hàng hóa,THUỐC BỆNH,VPC_MIX240,,MIX PERFECT 525SC 240ML,VIPESCO,270000,252000.0,0.0,0,0 ngày,0,999999999.0,Chai,,1.0,,,https://cdn2-retail-images.kiotviet.vn/congtyptk/9a30e76769294f68aa361944bc7b02ed.jpg,,1,1,thùng 40 chai,,,,,
Hàng hóa,THUỐC BỆNH,VPC_VIMONYL,,VIMONYL 72WP 1KG,VIPESCO,280000,261000.0,0.0,0,0 ngày,0,999999999.0,Gói,,1.0,,,https://cdn2-retail-images.kiotviet.vn/congtyptk/533dbaf6c02f4183b2f2898237dd5660.jpg,,1,1,thùng 10 gói,,,,,
Hàng hóa,THUỐC BỆNH,VPC_VIMONY100,,VIMONYL 72WP 100G,VIPESCO,30000,27500.0,0.0,0,0 ngày,0,999999999.0,Gói,,1.0,,,https://cdn2-retail-images.kiotviet.vn/congtyptk/8361461cf5e44ae6a0f537fb15e0bc62.jpg,,1,1,thùng 100 gói,,,,,
Hàng hóa,THUỐC SÂU,VPC_FERO,,VPC_FENROLE 240SC 25ML,VIPESCO,20000,17200.0,0.0,0,0 ngày,0,999999999.0,Gói,,1.0,,,https://cdn2-retail-images.kiotviet.vn/congtyptk/3d794551bfea467fb312433cfb8b0226.jpg,,1,1,,,,,,
Hàng hóa,THUỐC SÂU,VPC_FENROLE100,,FENROLE 240SC 100ML,VIPESCO,80000,70700.0,0.0,0,0 ngày,0,999999999.0,Chai,,1.0,,,https://cdn2-retail-images.kiotviet.vn/congtyptk/daab4ee44cac432e9f53448bd17fa68a.jpg,,1,1,thùng 100 chai,,,,,
Hàng hóa,THUỐC BỆNH,VPC_CHAMPION240,,CHAMPION 37.5SC 240ML,VIPESCO,90000,88500.0,0.0,0,0 ngày,0,999999999.0,Chai,,1.0,,,https://cdn-images.kiotviet.vn/congtyptk/63df03c050294b868d76576899f72c85.jpg,,1,1,thùng 40 chai,,,,,
Hàng hóa,THUỐC BỆNH,VPC_VISEN,,VISEN 20SC 240ml,VIPESCO,130000,120000.0,0.0,0,0 ngày,0,999999999.0,Chai,,1.0,,,https://cdn2-retail-images.kiotviet.vn/congtyptk/7d05fcf740e24a13b1d51069db11f7af.png,,1,1,,,,,,
Hàng hóa,THUỐC BỆNH,BASFPRI,,PRIAXOR 500SC 80ML,BASF,170000,158500.0,0.0,0,0 ngày,0,999999999.0,Chai,,1.0,,,https://cdn2-retail-images.kiotviet.vn/congtyptk/c79f37370e3346e692750fe3d15f6622.png,0.0,1,1,THÙNG 100 CHAI,,,,,
Hàng hóa,PBL,BASFHEADLINE,,HEADLINE 250EC 100ML,BASF,150000,130000.0,0.0,0,0 ngày,0,999999999.0,Chai,,1.0,,,https://cdn2-retail-images.kiotviet.vn/congtyptk/9fb1d04aa9ee476babcc02d968aa33da.jpg,,1,1,,,,,,
Hàng hóa,PBG,GSN 16168-PRO,,GSN 16-16-8 PRO ( BAO 40KG ),GARSONI,16000,12700.0,0.0,0,0 ngày,0,999999999.0,KG,,1.0,,,https://cdn2-retail-images.kiotviet.vn/congtyptk/21330a67dbfd4ad3a3052c02d468eee4.jpg,0.0,1,1,,,,,,
Hàng hóa,PBG,SP000184,,GSN 16-16-8 PRO ( BAO 40KG ),GARSONI,620000,508000.0,0.0,0,0 ngày,0,24999999.975,bao,GSN 16168-PRO,40.0,,GSN 16168-PRO,,0.0,1,1,,,,,,
Hàng hóa,PBL,TANIXAFLO,,FLOWER MAX TÚI 1KG,TANIXA,150000,122600.0,0.0,0,0 ngày,0,999999999.0,Gói,,1.0,,,https://cdn2-retail-images.kiotviet.vn/congtyptk/c7c23ab981b0466e98e22e25cbeffc77.png,,1,1,1 THÙNG 20 GÓI,,,,,
Hàng hóa,PBL,SP000314,,FLOWER MAX TÚI 1KG,TANIXA,3000000,2452000.0,0.0,0,0 ngày,0,49999999.95,THÙNG,TANIXAFLO,20.0,,TANIXAFLO,,,1,1,1 THÙNG 20 GÓI,,,,,
Hàng hóa,PBL,TANIXACLE,,CLEAR MAX CHAI 500ML,TANIXA,180000,132000.0,0.0,0,0 ngày,0,999999999.0,Chai,,1.0,,,https://cdn2-retail-images.kiotviet.vn/congtyptk/d7b61191fe42470492cf6b60119e769b.png,,1,1,,,,,,
Hàng hóa,PBL,FFP55RE,,PROFARM- P55 RA RỄ CỰC MẠNH_BẬT CHỒI NHANH 40G,FUTURER FARM,12000,6100.0,0.0,0,0 ngày,0,999999999.0,Gói,,1.0,,,https://cdn-images.kiotviet.vn/congtyptk/002663f661bf4dbfb3e42ca13f46a6bd.jpg,0.0,1,1,,,,,,
Hàng hóa,PBL,PSVRAHOADO,,RA HOA NHÃN IDO 1KG (ĐỎ),PSV,55000,48300.0,0.0,0,0 ngày,0,999999999.0,Gói,,1.0,,,https://cdn-images.kiotviet.vn/congtyptk/a984e68386e84b70b17e023a8c320895.jpg,0.0,1,1,,,,,,
Hàng hóa,PBL,PSVRAHOAXANH,,RA HOA NHÃN 1KG (XANH),PSV,50000,41670.0,0.0,0,0 ngày,0,999999999.0,Gói,,1.0,,,https://cdn-images.kiotviet.vn/congtyptk/884b7bd8de704ac8b073af8d6770cfec.jpg,0.0,1,1,,,,,,
Hàng hóa,THUỐC BỆNH,HPTISABE,,TISABE 550SC 240ML,HP,115000,97920.96,0.0,0,0 ngày,0,999999999.0,Chai,,1.0,,,,,1,1,,,,,,
Hàng hóa,THUỐC SÂU,SP000155,,VUA SÂU RẦY 999/260EW/450,HAI,125000,96000.0,0.0,0,0 ngày,0,999999999.0,Chai,,1.0,,,https://cdn-images.kiotviet.vn/congtyptk/fddcec5aa8874cbcaf7672292225524c.jpg,0.0,1,1,,,,,,
Hàng hóa,THUỐC BỆNH,SP000154,,AGRIFOS 400/480ML,HAI,140000,134000.0,0.0,0,0 ngày,0,999999999.0,Chai,,1.0,,,https://cdn-images.kiotviet.vn/congtyptk/3c2f57afcbf645cf90952d47236e09c4.jpg,,1,1,,,,,,
Hàng hóa,PBL,TVLontrai,,LỚN TRÁI CHÔM CHÔM 500ml,TRE VIET,75000,32000.0,0.0,0,0 ngày,0,999999999.0,Chai,,1.0,,,https://cdn-images.kiotviet.vn/congtyptk/2336ec4c9942433ba210dff75ed4fa7f.jpg,,1,1,,,,,,
Hàng hóa,PBL,TVCANXICC,,CANXI BO CHÔM CHÔM 500ml,TRE VIET,60000,30000.0,0.0,0,0 ngày,0,999999999.0,Chai,,1.0,,,,,1,1,,,,,,
Hàng hóa,THUỐC SÂU,YUTAKA_SIEURAYXANH,,SIÊU RẦY XANH 100G,YUTAKA NHẬT BẢN,35000,22761.05,0.0,0,0 ngày,0,999999999.0,Gói,,1.0,,,https://cdn-images.kiotviet.vn/congtyptk/c597852fedad4147a1e0ddd8789f1e4c.jpg,0.0,1,1,thùng 100 gói,,,,,
Hàng hóa,THUỐC SÂU,SP000284,,SIÊU RẦY XANH 100G,YUTAKA NHẬT BẢN,3500000,2276105.0,0.0,0,0 ngày,0,9999999.99,THÙNG,YUTAKA_SIEURAYXANH,100.0,,YUTAKA_SIEURAYXANH,,0.0,1,1,thùng 100 gói,,,,,
Hàng hóa,PBG,YARA30205,,MIXA 30-20-5 (50KG),YARA,19000,16400.0,0.0,0,0 ngày,0,999999999.0,kg,,1.0,,,https://cdn-images.kiotviet.vn/congtyptk/41267aa03323478484aedd51a6ed92be.jpg,0.0,1,1,,,,,,
Hàng hóa,PBG,SP000150,,MIXA 30-20-5 (50KG),YARA,905000,820000.0,0.0,0,0 ngày,0,19999999.98,Bao,YARA30205,50.0,,YARA30205,,0.0,1,1,,,,,,
Hàng hóa,THUỐC SÂU,YUTAKA_CHETRAYXANH,,CHẾT RẦY XANH 300 100G,YUTAKA NHẬT BẢN,25000,15665.5,0.0,0,0 ngày,0,999999999.0,Gói,,1.0,,,https://cdn-images.kiotviet.vn/congtyptk/eb3f92a49bf74964a013597503044a21.jpg,0.0,1,1,THÙNG 100 GÓI,,,,,
Hàng hóa,THUỐC SÂU,SP000285,,CHẾT RẦY XANH 300 100G,YUTAKA NHẬT BẢN,2500000,1566550.0,0.0,0,0 ngày,0,9999999.99,THÙNG,YUTAKA_CHETRAYXANH,100.0,,YUTAKA_CHETRAYXANH,,0.0,1,1,THÙNG 100 GÓI,,,,,
Hàng hóa,THUỐC SÂU,YUTAKA_VUARAYREP,,VUA RẦY RỆP 600 80G,YUTAKA NHẬT BẢN,35000,22576.75,0.0,0,0 ngày,0,999999999.0,Gói,,1.0,,,https://cdn2-retail-images.kiotviet.vn/congtyptk/6f3d2883bc2040ccbfa6df21a25e2469.jpg,0.0,1,1,THÙNG 100 GÓI,,,,,
Hàng hóa,THUỐC SÂU,SP000283,,VUA RẦY RỆP 600 80G,YUTAKA NHẬT BẢN,3500000,2257675.0,0.0,0,0 ngày,0,9999999.99,THÙNG,YUTAKA_VUARAYREP,100.0,,YUTAKA_VUARAYREP,,0.0,1,1,THÙNG 100 GÓI,,,,,
Hàng hóa,THUỐC SÂU,YUTAHAIHAMEC,,HAIHAMEC 3.6EC 450ML,YUTAKA NHẬT BẢN,85000,52000.0,0.0,0,0 ngày,0,999999999.0,Chai,,1.0,,,,,1,1,,,,,,
Hàng hóa,PBL,SP000145,,GA3 VIÊN Á CHÂU 10G,AA,25000,20300.0,0.0,0,0 ngày,0,999999999.0,Viên,,1.0,,,https://cdn2-retail-images.kiotviet.vn/congtyptk/8aeead6255314121be8830cd19beaede.png,,1,1,,,,,,
Hàng hóa,PBG,GSN15525,,GSN 15-5-25 (25KG),GARSONI,26000,21964.73,0.0,0,0 ngày,0,0.0,kg,,1.0,,,https://cdn2-retail-images.kiotviet.vn/congtyptk/38b8e956b3ed46d09017589fcbb9c6af.jpg,,1,1,,,,,,
Hàng hóa,PBG,GSN15525-1,,GSN 15-5-25 (25KG),GARSONI,620000,549118.25,0.0,0,0 ngày,0,0.0,Bao,GSN15525,25.0,,GSN15525,,,1,1,,,,,,
Hàng hóa,HỮU CƠ,BCCORGANIC,,HỮU CƠ ORGANICONCO (25KG)- NÂU,BACONCO,14000,9800.0,0.0,0,0 ngày,0,999999999.0,KG,,1.0,,,https://cdn2-retail-images.kiotviet.vn/2025/05/02/congtyptk/c869f96d346f4dc488bfe613e6cd9b87.png,0.0,1,1,,,,,,
Hàng hóa,HỮU CƠ,SP000140,,HỮU CƠ ORGANICONCO (25KG)- NÂU,BACONCO,320000,245000.0,0.0,0,0 ngày,0,39999999.96,Bao,BCCORGANIC,25.0,,BCCORGANIC,,0.0,1,1,,,,,,
Hàng hóa,THUỐC SÂU,HP_EMA8G,,EMABEN 3.6WG 8G,HP,6000,3454.29,0.0,0,0 ngày,0,999999999.0,Gói,,1.0,,,https://cdn-images.kiotviet.vn/congtyptk/a5da797cbf8e4894b482aec4263af2dc.jpg,0.0,1,1,,,,,,
Hàng hóa,PBL,HT_CASI,,CASI 500ML,HỢP TRÍ,70000,67000.0,0.0,0,0 ngày,0,999999999.0,Chai,,1.0,,,https://cdn-images.kiotviet.vn/congtyptk/2e0d668cbeda4c049901fb995fc1c06d.jpg,0.0,1,1,THÙNG 20 CHAI,,,,,
Hàng hóa,PBL,HT_FOR250,,ORGANO FORCE 250ML,BCC,80000,70000.0,0.0,0,0 ngày,0,999999999.0,Chai,,1.0,,,https://cdn-images.kiotviet.vn/congtyptk/8476c32e5d2a49d69f488465a65ad337.jpg,0.0,1,1,THÙNG 40 CHAI,,,,,
Hàng hóa,PBL,HT_BOTRAC500,,BOTRAC 500ML,HỢP TRÍ,110000,105000.0,0.0,0,0 ngày,0,999999999.0,Chai,,1.0,,,https://cdn-images.kiotviet.vn/congtyptk/72a14fb1e49545eab6b434c565e2bf6b.jpg,0.0,1,1,THÙNG 20 CHAI,,,,,
Hàng hóa,THUỐC SÂU,HT_BRI400,,BRIGHTIN 400ML,HỢP TRÍ,180000,190000.0,0.0,0,0 ngày,0,999999999.0,CHAI,,1.0,,,https://cdn-images.kiotviet.vn/congtyptk/3de43b7d46aa41ef8fcb726b1be4e6aa.jpg,,1,1,THÙNG 40 CHAI,,,,,
Hàng hóa,PBL,ND_106010,,10-60-10 O2 hộp 10 gói,,15000,6000.0,0.0,0,0 ngày,0,999999999.0,Gói,,1.0,,,"https://cdn-images.kiotviet.vn/congtyptk/9f472c456cf04fa88bb4c8402109a163.jpg,https://cdn-images.kiotviet.vn/congtyptk/86770287b64b49b6a9bcbd17b67e8875.jpg",0.0,1,1,THÙNG 240 GÓI,,,,,
Hàng hóa,PBL,SP000136,,10-60-10 O2 hộp 10 gói,,130000,60000.0,0.0,0,0 ngày,0,99999999.9,Hộp,ND_106010,10.0,,ND_106010,,0.0,1,1,THÙNG 240 GÓI,,,,,
Hàng hóa,PBG,NDDamca,,ĐẠM CÁ HỒI BAO 20KG,NONG DUOC LA,45000,30000.0,0.0,0,0 ngày,0,999999999.0,kg,,1.0,,,https://cdn-images.kiotviet.vn/congtyptk/b3caef32e9ea42818c6884084cb81c40.jpg,0.0,1,1,,,,,,
Hàng hóa,PBG,SP000169,,ĐẠM CÁ HỒI BAO 20KG,NONG DUOC LA,870000,600000.0,0.0,0,0 ngày,0,49999999.95,Bao,NDDamca,20.0,,NDDamca,,0.0,1,1,,,,,,
Hàng hóa,PBG,ND_DAMCA10,,ĐẠM CÁ HỒI BAO 10KG,NONG DUOC LA,47000,30000.0,0.0,0,0 ngày,0,999999999.0,kg,,1.0,,,"https://cdn-images.kiotviet.vn/congtyptk/3c77e865a77b40fcae04e5aa727a239d.jpg,https://cdn2-retail-images.kiotviet.vn/congtyptk/ea976a2da8864d11844a2bc6e43ac856.jpg",0.0,1,1,,,,,,
Hàng hóa,PBG,SP000143,,ĐẠM CÁ HỒI BAO 10KG,NONG DUOC LA,460000,300000.0,0.0,0,0 ngày,0,99999999.9,Túi,ND_DAMCA10,10.0,,ND_DAMCA10,,0.0,1,1,,,,,,
Hàng hóa,PBG,ND_ROOTUSA,,ROOT USA 10KG,NONG DUOC LA,75000,54999.99,0.0,0,0 ngày,0,999999999.0,kg,,1.0,,,https://cdn2-retail-images.kiotviet.vn/congtyptk/d3a9511262b140419abb34d0345b0a6b.jpg,0.0,1,1,,,,,,
Hàng hóa,PBG,SP000142,,ROOT USA 10KG,NONG DUOC LA,715000,549999.9,0.0,0,0 ngày,0,99999999.9,Bao,ND_ROOTUSA,10.0,,ND_ROOTUSA,,0.0,1,1,,,,,,
Hàng hóa,PBG,GSN_2777,,GSN 27-7-7 25KG,GARSONI,20000,18000.0,0.0,0,0 ngày,0,999999999.0,KG,,1.0,,,https://cdn2-retail-images.kiotviet.vn/congtyptk/8845deaaddc54c869f0f60303e449bbf.jpg,0.0,1,1,,,,,,
Hàng hóa,PBG,GSN2777-1,,GSN 27-7-7 25KG,GARSONI,470000,450000.0,0.0,0,0 ngày,0,39999999.96,Bao,GSN_2777,25.0,,GSN_2777,,0.0,1,1,,,,,,
Hàng hóa,THUỐC SÂU,HTPERMECIDE,,PERMERCIDE 480ML,HỢP TRÍ,230000,230000.0,0.0,0,0 ngày,0,999999999.0,Chai,,1.0,,,https://cdn-images.kiotviet.vn/congtyptk/4d7da80647ec4fb695e3f4c75419bf56.jpg,,1,1,,,,,,
Hàng hóa,PBL,HTHUMICHAT,,SUPER HUMIC 1KG- DẠNG HẠT,HỢP TRÍ,85000,90000.0,0.0,0,0 ngày,0,999999999.0,Gói,,1.0,,,https://cdn-images.kiotviet.vn/congtyptk/9b130c16c9eb46e1a1c56b6b76391432.png,,1,1,,,,,,
Hàng hóa,THUỐC SÂU,HCHUGO,,HUGO 95SP 60G,,40000,39000.0,0.0,0,0 ngày,0,999999999.0,Gói,,1.0,,,"https://cdn2-retail-images.kiotviet.vn/congtyptk/cd9392f9cb4541b6af287d92f971805b.jpg,https://cdn2-retail-images.kiotviet.vn/congtyptk/594e214910c1436ab6d95a289700a69d.jpg",0.0,1,1,thùng 200 gói,,,,,
Hàng hóa,THUỐC SÂU,HC_MOTOX,,MOTOX 5EC 480ML,NGỌC TÙNG,60000,48000.0,0.0,0,0 ngày,0,999999999.0,Chai,,1.0,,,https://cdn2-retail-images.kiotviet.vn/congtyptk/7d181009a9e64722b9f9ec9fa68fc8c9.jpg,0.0,1,1,THÙNG 30 CHAI,,,,,
Hàng hóa,THUỐC BỆNH,HPCHIONIL,,CHIONIL 750WP 25G,HP,10000,5800.0,0.0,0,0 ngày,0,999999999.0,Gói,,1.0,,,https://cdn-images.kiotviet.vn/congtyptk/ebb9915bcce3490cb757630eaae1d537.jpg,0.0,1,1,,,,,,
Hàng hóa,THUỐC BỆNH,HPMONEY,,MONEYS 325SL 10ML,HP,16000,10985.0,0.0,0,0 ngày,0,999999999.0,Gói,,1.0,,,https://cdn-images.kiotviet.vn/congtyptk/633efc9906ac4fec917b018902243b41.jpg,0.0,1,1,,,,,,
Hàng hóa,THUỐC BỆNH,HP_KOZUMA,,KOZUMA 3SL 15ML,HP,6000,4500.0,0.0,0,0 ngày,0,999999999.0,Gói,,1.0,,,https://cdn-images.kiotviet.vn/congtyptk/947881d9cd7d4e44a11d8b62787fd69e.jpg,0.0,1,1,,,,,,
Hàng hóa,THUỐC BỆNH,NNMATAXY,,MATAXYL 50WG 100GR- DẠNG CỐM,,80000,75500.0,0.0,0,0 ngày,0,999999999.0,Gói,,1.0,,,https://cdn-images.kiotviet.vn/congtyptk/928f0b2d6a1b4cf3933c9c7444c73b3f.jpg,,1,1,,,,,,
Hàng hóa,THUỐC SÂU,NNTVG,,TVG20 565EC 480ML,,195000,163000.0,0.0,0,0 ngày,0,999999999.0,Chai,,1.0,,,https://cdn-images.kiotviet.vn/congtyptk/2ddb510cf5ba4753a6727afb2a6f2bec.jpg,0.0,1,1,,,,,,
Hàng hóa,THUỐC ỐC,ANHEAD,,ANHEAD ỐC 12G 1KG,LOC TROI,50000,41000.0,0.0,0,0 ngày,0,999999999.0,Gói,,1.0,,,https://cdn-images.kiotviet.vn/congtyptk/0755f0b846c94696ae0776cc7dfc01e0.jpg,,1,1,THÙNG 20 GÓI,,,,,
Hàng hóa,THUỐC SÂU,NN CSD,,CHIM SÂU ĐỎ 50G,,40000,26000.0,0.0,0,0 ngày,0,999999999.0,Gói,,1.0,,,,0.0,1,1,,,,,,
Hàng hóa,THUỐC SÂU,NN AL,,ALFAMITE 15EC 480ML,,80000,74000.0,0.0,0,0 ngày,0,999999999.0,Chai,,1.0,,,https://cdn-images.kiotviet.vn/congtyptk/b69e48731166486c885cb217d81a79b5.jpg,,1,1,,,,,,
Hàng hóa,THUỐC SÂU,NNPRE,,PREVATHON 5SC 150ML,FMC,130000,116000.0,0.0,0,0 ngày,0,999999999.0,Chai,,1.0,,,https://cdn-images.kiotviet.vn/congtyptk/f19a4cfa4d7741f48b11cf8b32de28ad.jpg,0.0,1,1,,,,,,
Hàng hóa,THUỐC BỆNH,NN TIL,,TILT SUPER 250ML,SYGENTA,208000,195000.0,0.0,0,0 ngày,0,999999999.0,Chai,,1.0,,,https://cdn-images.kiotviet.vn/congtyptk/d22ccd500261495d93aa6d48c7e4dc06.png,,1,1,,,,,,
Hàng hóa,PBG,BCC_15920,,NPK 15-9-20 BAO PTK (25KG),BACONCO,23000,18201.81,0.0,0,0 ngày,0,999999999.0,kg,,1.0,,,https://cdn2-retail-images.kiotviet.vn/2025/05/02/congtyptk/ef71b376089449bbab37b73125ef2b55.png,0.0,1,1,,,,,,
Hàng hóa,PBG,SP000113,,NPK 15-9-20 BAO PTK (25KG),BACONCO,540000,455045.25,0.0,0,0 ngày,0,39999999.96,bao,BCC_15920,25.0,,BCC_15920,,0.0,1,1,,,,,,
Hàng hóa,PBG,BCC_16168,,NPK 16-16-8 PTK (25KG),BACONCO,21000,15990.0,0.0,0,0 ngày,0,999999999.0,kg,,1.0,,,https://cdn2-retail-images.kiotviet.vn/2025/05/02/congtyptk/1bf517df52d041d085573c900b82d1c2.png,0.0,1,1,,,,,,
Hàng hóa,PBG,SP000111,,NPK 16-16-8 PTK (25KG),BACONCO,490000,399750.0,0.0,0,0 ngày,0,39999999.96,bao,BCC_16168,25.0,,BCC_16168,,0.0,1,1,,,,,,
Hàng hóa,PBG,BCC121118,,NPK 12-11-18 PTK (25KG),BACONCO,26000,18409.76,0.0,0,0 ngày,0,999999999.0,kg,,1.0,,,https://cdn-images.kiotviet.vn/2025/05/02/congtyptk/b939b5ab96d44f95a9f42f7664f537a6.png,0.0,1,1,,,,,,
Hàng hóa,PBG,SP000109,,NPK 12-11-18 PTK (25KG),BACONCO,615000,460244.0,0.0,0,0 ngày,0,39999999.96,Bao,BCC121118,25.0,,BCC121118,,0.0,1,1,,,,,,
Hàng hóa,PBG,BCC201510,,NPK 20-15-10 BAO PTK (25KG),BACONCO,21000,20700.0,0.0,0,0 ngày,0,0.0,kg,,1.0,,,https://cdn2-retail-images.kiotviet.vn/2025/05/02/congtyptk/0d499c22967c480db56e05ec52e6dde5.png,0.0,1,1,,,,,,
Hàng hóa,PBG,SP000105,,NPK 20-15-10 BAO PTK (25KG),BACONCO,490000,517500.0,0.0,0,0 ngày,0,0.0,bao,BCC201510,25.0,,BCC201510,,0.0,1,1,,,,,,
Hàng hóa,PBL,NDHUYETRONG,,HUYẾT RỒNG NUÔI TRÁI,NONG DUOC LA,120000,70000.0,0.0,0,0 ngày,0,999999999.0,Túi,,1.0,,,,,1,1,,,,,,
Hàng hóa,PBL,PTK ORG,,OGROPLUS ORGANIC A- XANH LÁ- 5 LÍT,PTK,450000,225000.0,0.0,0,0 ngày,0,999999999.0,CAN,,1.0,,,https://cdn2-retail-images.kiotviet.vn/congtyptk/04eb5cf62d534eb4b2673755e784c339.jpg,0.0,1,1,,,,,,
Hàng hóa,PBL,ND SUPERHUM,,SUPER HUM 1 LÍT- ND,NONG DUOC LA,95000,40000.0,0.0,0,0 ngày,0,999999999.0,Chai,,1.0,,,https://cdn-images.kiotviet.vn/congtyptk/4f7cf1c0b2fd40348f1caf38a9ac4bb1.jpg,,1,1,,,,,,
Hàng hóa,PBL,HT BRI,,BRIGHTSTAR 25SC 1 LÍT,HỢP TRÍ,370000,367000.0,0.0,0,0 ngày,0,999999999.0,Chai,,1.0,,,https://cdn-images.kiotviet.vn/congtyptk/8dd10c4c25344d1db8846cca30e2d101.jpg,0.0,1,1,,,,,,
Hàng hóa,PBL,NN MX6,,MX6 1 LÍT,MAI XUÂN,60000,59000.0,0.0,0,0 ngày,0,999999999.0,Chai,,1.0,,,https://cdn-images.kiotviet.vn/congtyptk/ad679c80e1684793b92c75908ec8daf3.png,,1,1,,,,,,
Hàng hóa,PBL,NN MX3,,MX3 400G,MAI XUÂN,54000,53000.0,0.0,0,0 ngày,0,999999999.0,Hộp,,1.0,,,https://cdn-images.kiotviet.vn/congtyptk/e9b75cbaf0684c65a4eec6c8da62eedb.jpg,,1,1,,,,,,
Hàng hóa,PBL,NN HCR,,HCR 400G,MAI XUÂN,68000,51500.0,0.0,0,0 ngày,0,999999999.0,hủ,,1.0,,,https://cdn-images.kiotviet.vn/congtyptk/973b5976efba4c9e8ece701b673d4708.png,,1,1,,,,,,
Hàng hóa,PBL,NN MXFBO,,MX FBO 400G,MAI XUÂN,55000,50000.0,0.0,0,0 ngày,0,999999999.0,Hộp,,1.0,,,https://cdn-images.kiotviet.vn/congtyptk/ae178a17128e4336856eb29f030841d1.jpg,,1,1,,,,,,
Hàng hóa,HKM,KM NONTAIBEO,,NÓN TAI BÈO,,0,0.0,142.0,0,0 ngày,0,999999999.0,Cái,,1.0,,,,,1,1,,,,,,
Hàng hóa,HKM,HKM_NUOCRUACHEN,,NƯỚC RỬA CHÉN,,0,0.0,5.0,0,0 ngày,0,999999999.0,Gói,,1.0,,,,,1,1,,,,,,
Hàng hóa,HKM,KM PHICHNUOC,,PHÍCH NƯỚC,,0,0.0,0.0,0,0 ngày,0,999999999.0,Cái,,1.0,,,,,1,1,,,,,,
Hàng hóa,HKM,KM KHAUTRANG,,KHẨU TRANG KM,,0,0.0,25.0,0,0 ngày,0,999999999.0,Hộp,,1.0,,,,,1,1,,,,,,
Hàng hóa,HKM,HKM_ AOTHUN,,ÁO THUN KM,,0,0.0,19.0,0,16 ngày,0,999999999.0,Cái,,1.0,,,https://cdn-images.kiotviet.vn/congtyptk/a198cb8e36a34fcca927c93f8041be99.jpg,0.0,1,1,,,,,,
Hàng hóa,PBL,HCTOBA,,TOBA JUM 20WP 1KG,TOBA,165000,154000.0,0.0,0,0 ngày,0,999999999.0,Gói,,1.0,,,https://cdn2-retail-images.kiotviet.vn/congtyptk/746d317ee1824c53b4cfc1d1cc79dc91.jpg,,1,1,,,,,,
Hàng hóa,PBL,HCPACLO,,PACLOR 15SC 1 LÍT,,140000,122000.0,0.0,0,0 ngày,0,999999999.0,Chai,,1.0,,,https://cdn-images.kiotviet.vn/congtyptk/73cb6ef14d144c63a175e892dacd28e5.jpg,,1,1,,,,,,
Hàng hóa,THUỐC SÂU,NN REGENT,,REGENT 100ML,BAYER,65000,51000.0,0.0,0,0 ngày,0,999999999.0,Chai,,1.0,,,,,1,1,,,,,,
Hàng hóa,THUỐC BỆNH,NN DITHANE,,DITHANE M45 250G,,48000,42500.0,0.0,0,0 ngày,0,999999999.0,Gói,,1.0,,,https://cdn-images.kiotviet.vn/congtyptk/860e37bf439a463cbf0ed791068c1407.jpg,,1,1,,,,,,
Hàng hóa,PBL,TV 301010,,30-10-10 500G- TV,TRE VIET,50000,25000.0,0.0,0,0 ngày,0,999999999.0,Hộp,,1.0,,,https://cdn-images.kiotviet.vn/congtyptk/28945e473b0948dd8c0fb76a77fb35ac.jpg,0.0,1,1,,,,,,
Hàng hóa,PBL,TV LAN86,,LÂN 86 1KG,TRE VIET,80000,52000.0,0.0,0,0 ngày,0,999999999.0,Hộp,,1.0,,,https://cdn2-retail-images.kiotviet.vn/congtyptk/a3b624e6d3674b688061442f07de8f5c.jpg,,1,1,,,,,,
Hàng hóa,PBL,TV SIEULAN,,SIÊU LÂN ROMA 500ML,TRE VIET,70000,36000.0,0.0,0,0 ngày,0,999999999.0,Chai,,1.0,,,https://cdn-images.kiotviet.vn/congtyptk/a3c82a4431dd4bd183ecb424b220a699.jpg,,1,1,,,,,,
Hàng hóa,PBL,NDLA,,PTK -BONSAI THÁI,NONG DUOC LA,0,60000.0,0.0,0,0 ngày,0,0.0,Chai,,1.0,,,,,1,1,,,,,,
Hàng hóa,PBL,NDLA-1,,PTK -BONSAI THÁI,NONG DUOC LA,0,2400000.0,0.0,0,0 ngày,0,0.0,thung,NDLA,40.0,,NDLA,,,1,1,,,,,,
Hàng hóa,PBL,TV N3M,,N3M 500G- TV,TRE VIET,55000,32000.0,0.0,0,0 ngày,0,999999999.0,Hộp,,1.0,,,https://cdn-images.kiotviet.vn/congtyptk/70dbd25584b34368be75b8e3577ac60d.jpg,0.0,1,1,thùng 30 hủ,,,,,
Hàng hóa,PBG,GSN 20260,,20-26-0 USA (40KG),GARSONI,22000,18900.0,0.0,0,0 ngày,0,999999999.0,kg,,1.0,,,https://cdn-images.kiotviet.vn/congtyptk/84b742c9928f4ad4848399c6e72e9f70.jpg,,1,1,,,,,,
Hàng hóa,PBG,GSN 20260-1,,20-26-0 USA (40KG),GARSONI,825000,756000.0,0.0,0,0 ngày,0,24999999.975,bao,GSN 20260,40.0,,GSN 20260,,,1,1,,,,,,
Hàng hóa,PBG,GSN82424,,GSN 8-24-24 USA (40KG),GARSONI,23000,16600.0,0.0,0,0 ngày,0,999999999.0,kg,,1.0,,,https://cdn-images.kiotviet.vn/congtyptk/ff8f4258b61a4d5e8a0a809af555f245.jpg,0.0,1,1,,,,,,
Hàng hóa,PBG,GSN 82424-1,,GSN 8-24-24 USA (40KG),GARSONI,875000,664000.0,0.0,0,0 ngày,0,24999999.975,bao,GSN82424,40.0,,GSN82424,,0.0,1,1,,,,,,
Hàng hóa,THUỐC BỆNH,SP000080,,RIDOMIN 1KG,SYGENTA,515000,502000.0,0.0,0,0 ngày,0,999999999.0,Gói,,1.0,,,https://cdn-images.kiotviet.vn/congtyptk/83f1c87da039486aa0e382d9e96c27d8.jpg,0.0,1,1,,,,,,
Hàng hóa,PBG,BCC KALISUNFAT,,KALI TRẮNG 25KG-PHI,BACONCO,28000,19200.0,0.0,0,0 ngày,0,999999999.0,kg,,1.0,,,https://cdn-images.kiotviet.vn/congtyptk/4a8a9115b40a489aad6201b05931e1c2.jpg,0.0,1,1,,,,,,
Hàng hóa,PBG,BCC KALISUNFAT-1,,KALI TRẮNG 25KG-PHI,BACONCO,670000,480000.0,0.0,0,0 ngày,0,39999999.96,Bao,BCC KALISUNFAT,25.0,,BCC KALISUNFAT,,0.0,1,1,,,,,,
Hàng hóa,THUỐC SÂU,BASF0012,,MALLOT 50DC 100ML,BASF,175000,150000.0,0.0,0,0 ngày,0,999999999.0,Chai,,1.0,,,https://cdn-images.kiotviet.vn/congtyptk/3df8cc8a9a354acca84fb79dafbdf466.jpg,0.0,1,1,,,,,,
Hàng hóa,PBL,HC01,,HTC ĐẠI NGÀN 500ML,,58000,53000.0,0.0,0,0 ngày,0,999999999.0,Chai,,1.0,,,https://cdn-images.kiotviet.vn/congtyptk/9558e6f129b749e09a4643d2960ec266.jpg,0.0,1,1,,,,,,
Hàng hóa,THUỐC SÂU,NN VIRTAKO,,VIRTAKO 40WG 4.5G,SYGENTA,23000,18000.0,0.0,0,0 ngày,0,999999999.0,Gói,,1.0,,,https://cdn-images.kiotviet.vn/congtyptk/521e5db5806b4ab49aa7f458c6106fec.jpg,0.0,1,1,,,,,,
Hàng hóa,PBL,NN0012,,TRICO-ĐHCT 500G,,65000,43500.0,0.0,0,0 ngày,0,999999999.0,Gói,,1.0,,,https://cdn-images.kiotviet.vn/congtyptk/acd1e6cb66d44d4aa1d85073a8418f4f.jpg,0.0,1,1,,,,,,
Hàng hóa,PBG,BM 151515,,BM 15-15-15 (BAO 50KG),,26000,23200.0,0.0,0,0 ngày,0,999999999.0,kg,,1.0,,,,0.0,1,1,,,,,,
Hàng hóa,PBG,BM 151515-1,,BM 15-15-15 (BAO 50KG),,1260000,1160000.0,0.0,0,0 ngày,0,19999999.98,BAO,BM 151515,50.0,,BM 151515,,0.0,1,1,,,,,,
Hàng hóa,PBG,DAP NP,,DAP KOREA NGUYỄN PHAN,,28000,27000.0,0.0,0,0 ngày,0,999999999.0,kg,,1.0,,,https://cdn-images.kiotviet.vn/congtyptk/dd03bd052fd441058edcabbc976815ce.png,0.0,1,1,,,,,,
Hàng hóa,PBG,DAP NP-1,,DAP KOREA NGUYỄN PHAN,,1370000,1350000.0,0.0,0,0 ngày,0,19999999.98,Bao,DAP NP,50.0,,DAP NP,,0.0,1,1,,,,,,
Hàng hóa,PBG,BM TIM,,BM 20-10-10 TÍM BAO 25 KG,BM,32000,30877.08,0.0,0,0 ngày,0,999999999.0,kg,,1.0,,,,0.0,1,1,,,,,,
Hàng hóa,PBG,BM-1,,BM 20-10-10 TÍM BAO 25 KG,BM,795000,771927.0,0.0,0,0 ngày,0,39999999.96,BAO,BM TIM,25.0,,BM TIM,,0.0,1,1,,,,,,
Hàng hóa,LÂN BAO,LÂN NB,,LÂN NINH BÌNH,NINH BÌNH,9000,7400.0,0.0,0,0 ngày,0,999999999.0,kg,,1.0,,,,0.0,1,1,,,,,,
Hàng hóa,LÂN BAO,LAN NB-bao,,LÂN NINH BÌNH,NINH BÌNH,385000,370000.0,0.0,0,0 ngày,0,19999999.98,Bao,LÂN NB,50.0,,LÂN NB,,0.0,1,1,,,,,,
Hàng hóa,PBL,HT023,,KALI-PHOS 1 LÍT,HỢP TRÍ,200000,215000.0,0.0,0,0 ngày,0,999999999.0,Chai,,1.0,,,https://cdn-images.kiotviet.vn/congtyptk/e3f312c88fb543bbb66a1c251168965d.jpg,0.0,1,1,thùng 12 chai,,,,,
Hàng hóa,PBL,HT022,,KALI-PHOS 500ML,BCC,105000,115000.0,0.0,0,0 ngày,0,999999999.0,Chai,,1.0,,,https://cdn-images.kiotviet.vn/2025/05/02/congtyptk/6fccd1128f6c43bf9f9a2bf94f8ca8d1.png,0.0,1,1,,,,,,
Hàng hóa,THUỐC SÂU,HT021,,CARBOSAN 400ML,HỢP TRÍ,120000,113000.0,0.0,0,0 ngày,0,999999999.0,Chai,,1.0,,,https://cdn-images.kiotviet.vn/congtyptk/5ec46caa264d49da8e09aebda8b5774c.jpg,0.0,1,1,,,,,,
Hàng hóa,THUỐC SÂU,HC002,,VITHADAN 95WP 100G (VÀNG),VIỆT THẮNG,18000,16900.0,0.0,0,0 ngày,0,999999999.0,Gói,,1.0,,,https://cdn-images.kiotviet.vn/congtyptk/76ac57755396418fa9dd41239ec303af.jpg,0.0,1,1,,,,,,
Hàng hóa,THUỐC SÂU,SP000101,,VITHADAN 95WP 100G (VÀNG),VIỆT THẮNG,1800000,1690000.0,0.0,0,0 ngày,0,9999999.99,THÙNG,HC002,100.0,,HC002,,0.0,1,1,,,,,,
Hàng hóa,THUỐC BỆNH,HC-001,,MEXYL MZ 72WP 100G,,24000,18300.0,0.0,0,0 ngày,0,999999999.0,Gói,,1.0,,,https://cdn2-retail-images.kiotviet.vn/congtyptk/f87ca60fdd6d4ba7ac3c22506cf5aa70.jpg,0.0,1,1,,,,,,
Hàng hóa,THUỐC BỆNH,SP000070,,MEXYL MZ 72WP 100G,,2350000,1830000.0,0.0,0,0 ngày,0,9999999.99,THÙNG,HC-001,100.0,,HC-001,,0.0,1,1,,,,,,
Hàng hóa,THUỐC BỆNH,SP000195,,MEXYL MZ 72WP 100G,,240000,183000.0,0.0,0,0 ngày,0,99999999.9,Hộp,HC-001,10.0,,HC-001,,0.0,1,1,,,,,,
Hàng hóa,THUỐC SÂU,NN0004,,ASCEND 200SP 50G,,20000,16500.0,0.0,0,0 ngày,0,999999999.0,Gói,,1.0,,,https://cdn-images.kiotviet.vn/congtyptk/a3251fb8e8294a14ada08f1ff2995d41.jpg,0.0,1,1,,,,,,
Hàng hóa,THUỐC SÂU,NN0005,,ASCEND 200SP 100G,,35000,27800.0,0.0,0,0 ngày,0,999999999.0,Gói,,1.0,,,https://cdn-images.kiotviet.vn/congtyptk/7a806a7b591d4f00bce3a7eca377ec39.jpg,0.0,1,1,,,,,,
Hàng hóa,PBL,NN0003,,N3M 100G- PL,PHÚ LÂM,20000,17800.0,0.0,0,0 ngày,0,999999999.0,hủ,,1.0,,,https://cdn-images.kiotviet.vn/congtyptk/5e8372c8007b4a7095e02ab5885016d1.jpg,,1,1,,,,,,
Hàng hóa,THUỐC BỆNH,HP_TISA100,,TISABE 550SC 100ML,HP,55000,38682.42,0.0,0,0 ngày,0,999999999.0,Chai,,1.0,,,https://cdn-images.kiotviet.vn/congtyptk/89da0591e2dd4598aece562da410f483.jpg,0.0,1,1,100 CHAI/THÙNG,,,,,
Hàng hóa,THUỐC BỆNH,HP_AMTE100,,AMTECH 100EW 100ML,HP,50000,40000.0,0.0,0,0 ngày,0,999999999.0,Chai,,1.0,,,https://cdn-images.kiotviet.vn/2025/08/19/congtyptk/c8a6f2160bf641c4a85aac203b9a17a9.jpg,0.0,1,1,100 CHAI/THÙNG,,,,,
Hàng hóa,HKM,HKM012,,NÓN BẢO HIỂM YARA,,0,0.0,1.0,0,0 ngày,0,999999999.0,Cái,,1.0,,,,,1,1,,,,,,
Hàng hóa,HKM,HKM011,,BAO TAY YARA,,0,0.0,30.0,0,0 ngày,0,999999999.0,Đôi,,1.0,,,,0.0,1,1,,,,,,
Hàng hóa,HKM,HKM010,,ÁO MƯA VPC,,0,0.0,0.0,0,0 ngày,0,999999999.0,Cái,,1.0,,,,0.0,1,1,,,,,,
Hàng hóa,THUỐC BỆNH,HP_B2,,TUYẾN TRÙNG B2 480ML,HP,135000,126813.39,0.0,0,0 ngày,0,999999999.0,Chai,,1.0,,,https://cdn2-retail-images.kiotviet.vn/congtyptk/6808b9ab4e9c4192a97d5de168a18703.png,0.0,1,1,30 CHAI/THÙNG,,,,,
Hàng hóa,THUỐC BỆNH,HP028,,TUYẾN TRÙNG B2 240ML,HP,72000,58971.43,0.0,0,0 ngày,0,999999999.0,Chai,,1.0,,,https://cdn-images.kiotviet.vn/congtyptk/7549b05130074676a22b3e675e9830f8.jpg,,1,1,,,,,,
Hàng hóa,THUỐC CỎ,HP0028,,CONIFA 200ME 900ML,HP,185000,154128.21,0.0,0,0 ngày,0,999999999.0,Chai,,1.0,,,"https://cdn-images.kiotviet.vn/congtyptk/ebbcef9d0bb14374893ab1ec24bb7b6f.jpg,https://cdn-images.kiotviet.vn/congtyptk/5099fc42b349475e9efe5854341f7abe.jpg",0.0,1,1,,,,,,
Hàng hóa,THUỐC CỎ,HP027,,TIGUAN 150SL 240ML,HP,35000,24412.84,0.0,0,0 ngày,0,999999999.0,Chai,,1.0,,,https://cdn2-retail-images.kiotviet.vn/congtyptk/968a494a3ff14bc784471da7a41d0548.jpg,,1,1,,,,,,
Hàng hóa,THUỐC CỎ,HP_TIGUAN900,,TIGUAN 150SL 900ML,HP,105000,65775.64,0.0,0,0 ngày,0,999999999.0,Chai,,1.0,,,https://cdn-images.kiotviet.vn/congtyptk/56ab302684d44b4daba46aee506e7f08.jpg,0.0,1,1,20 CHAI/THÙNG,,,,,
Hàng hóa,THUỐC BỆNH,HP025,,ROMIL 72WP 100G,HP,40000,26619.05,0.0,0,0 ngày,0,999999999.0,Gói,,1.0,,,https://cdn-images.kiotviet.vn/congtyptk/d6069aa696c349d99b76865b465b8aca.jpg,0.0,1,1,,,,,,
Hàng hóa,THUỐC SÂU,HP024,,GOLD TRESS 750WP 75G,HP,35000,25059.05,0.0,0,12 ngày,0,999999999.0,Gói,,1.0,,,https://cdn-images.kiotviet.vn/congtyptk/9d0909bbf61a47b8abe9bf9e5cb13989.jpg,0.0,1,1,,,,,,
Hàng hóa,THUỐC SÂU,HP_GOL20,,GOLD TRESS 750WP 20G,HP,12000,6956.19,0.0,0,0 ngày,0,999999999.0,Gói,,1.0,,,https://cdn-images.kiotviet.vn/congtyptk/e6d5b49a2f6746919696715eda60f7aa.jpg,0.0,1,1,500 GÓI/THÙNG,,,,,
Hàng hóa,THUỐC BỆNH,HP022,,ACTIVO SUPER 648WP 30G,HP,18000,12285.71,0.0,0,0 ngày,0,999999999.0,Gói,,1.0,,,https://cdn-images.kiotviet.vn/congtyptk/342388fff3ef4e81b36b19f9bca05169.jpg,0.0,1,1,,,,,,
Hàng hóa,THUỐC BỆNH,HP021,,ACTIVO SUPER 648WP 100G,HP,50000,46000.0,0.0,0,0 ngày,0,999999999.0,Gói,,1.0,,,https://cdn-images.kiotviet.vn/congtyptk/423a3bc5e80941db8ca87f8fd8142435.jpg,0.0,1,1,,,,,,
Hàng hóa,THUỐC SÂU,HP_ZOBIN,,ZOBIN 90WP 100G,HP,40000,31424.91,0.0,0,0 ngày,0,999999999.0,Gói,,1.0,,,https://cdn-images.kiotviet.vn/congtyptk/bdf4420271044bb5a019c43bd06a2354.jpg,0.0,1,1,100 GÓI/THÙNG,,,,,
Hàng hóa,HỮU CƠ,PM000018,,HỮU CƠ CÁ AUTUS 25KG,PHÚ MỸ,14000,8500.0,0.0,0,0 ngày,0,999999999.0,Kg,,1.0,,,https://cdn-images.kiotviet.vn/congtyptk/73f3b624ee4b4c70b70dde0f4d76b554.jpg,0.0,1,1,,,,,,
Hàng hóa,HỮU CƠ,SP000019,,HỮU CƠ CÁ AUTUS 25KG,PHÚ MỸ,320000,212500.0,0.0,0,0 ngày,0,39999999.96,bao,PM000018,25.0,,PM000018,,0.0,1,1,,,,,,
Hàng hóa,HỮU CƠ,BCC035,,HỮU CƠ CÁ ANIMA- NAUY 25KG,BACONCO,13000,9800.0,0.0,0,0 ngày,0,999999999.0,kg,,1.0,,,https://cdn-images.kiotviet.vn/congtyptk/2db268f36ecc42cca70850a1cf66c7ce.png,0.0,1,1,,,,,,
Hàng hóa,HỮU CƠ,SP000031,,HỮU CƠ CÁ ANIMA- NAUY 25KG,BACONCO,300000,245000.0,0.0,0,0 ngày,0,39999999.96,Bao,BCC035,25.0,,BCC035,,0.0,1,1,,,,,,
Hàng hóa,HKM,HKM008,,NỒI CƠM ĐIỆN,,0,0.0,0.0,0,0 ngày,0,999999999.0,Cái,,1.0,,,,0.0,1,1,,,,,,
Hàng hóa,HKM,HKM007,,XE RÙA,,650000,480000.0,1.0,0,0 ngày,0,999999999.0,Chiếc,,1.0,,,,0.0,1,1,,,,,,
Hàng hóa,HKM,SP000068,,XE RÙA,,0,480000.0,1.0,0,0 ngày,0,999999999.0,Xe KM,HKM007,1.0,,HKM007,,0.0,1,1,,,,,,
Hàng hóa,HKM,HKM006,,NÓN BẢO HIỂM PTK,,0,150000.0,0.0,0,0 ngày,0,999999999.0,Cái,,1.0,,,https://cdn-images.kiotviet.vn/congtyptk/59a249c140044f6d8eacfa570987bb71.png,0.0,1,1,,,,,,
Hàng hóa,HKM,HKM005,,ÁO MƯA XANH HP,,0,0.0,0.0,0,0 ngày,0,999999999.0,Cái,,1.0,,,https://cdn-images.kiotviet.vn/congtyptk/f0bb7385e7014687b1f85d80f787e549.png,0.0,1,1,,,,,,
Hàng hóa,HKM,HKM004,,THAU RẢI PHÂN,,0,28000.0,0.0,0,0 ngày,0,999999999.0,Cái,,1.0,,,https://cdn-images.kiotviet.vn/congtyptk/5fe552238ccf4d8c82b2daf6abf40d45.png,0.0,1,1,,,,,,
Hàng hóa,THUỐC BỆNH,NN0109,,BÁM DÍNH 1LIT,,30000,0.0,0.0,0,0 ngày,0,999999999.0,Chai,,1.0,,,https://cdn2-retail-images.kiotviet.vn/congtyptk/9f1f994b38274e42882a0e70ed53a529.jpg,0.0,1,1,,,,,,
Hàng hóa,THUỐC BỆNH,NN0108,,BÁM DÍNH 500ML,,16000,10500.0,0.0,0,0 ngày,0,999999999.0,Chai,,1.0,,,https://cdn-images.kiotviet.vn/congtyptk/03d34eabd72a4b649831e88504c9f294.jpg,0.0,1,1,,,,,,
Hàng hóa,THUỐC CỎ,SP000010,,GLYPHADEX 1 LÍT- BCC,BACONCO,160000,155000.0,0.0,0,0 ngày,0,999999999.0,Chai,,1.0,,,,0.0,1,1,,,,,,
Hàng hóa,THUỐC BỆNH,SP000008,,ENCOLETON 25WP,ALFA SÀI GÒN,6000,4200.0,0.0,0,0 ngày,0,999999999.0,Gói,,1.0,,,,0.0,1,1,,,,,,
Hàng hóa,THUỐC SÂU,SP000004,,MAP LOGIC,NK- Singabo,105000,0.0,0.0,0,0 ngày,0,999999999.0,gói,,1.0,,,,0.0,1,1,,,,,,
Hàng hóa,PBG,YARA010,,MILA UNIK 16 (25KG),YARA,23000,19008.84,0.0,0,0 ngày,0,0.0,kg,,1.0,,,https://cdn-images.kiotviet.vn/congtyptk/b487303bc6de465695cdf4dbace1b6a6.jpg,0.0,1,1,,,,,,
Hàng hóa,PBG,SP000028,,MILA UNIK 16 (25KG),YARA,560000,475221.0,0.0,0,0 ngày,0,0.0,Bao,YARA010,25.0,,YARA010,,0.0,1,1,,,,,,
Hàng hóa,PBG,YARA151515,,YARA 15-15-15 (25KG)- MILA TRISTA,YARA,23000,19500.39,0.0,0,12 ngày,0,0.0,kg,,1.0,,,https://cdn-images.kiotviet.vn/congtyptk/4fa217ccad874d0d9fe8232341a5becb.jpg,0.0,1,1,,,,,,
Hàng hóa,PBG,SP000009,,YARA 15-15-15 (25KG)- MILA TRISTA,YARA,560000,487509.75,0.0,0,12 ngày,0,0.0,bao,YARA151515,25.0,,YARA151515,,0.0,1,1,,,,,,
Hàng hóa,PBG,YARA008,,MILA RACER 21-17-3 (25KG),YARA,23000,18800.0,0.0,0,0 ngày,0,0.0,kg,,1.0,,,https://cdn2-retail-images.kiotviet.vn/2025/05/02/congtyptk/7095c3eec31a46aaafde690e0f5d3542.png,0.0,1,1,,,,,,
Hàng hóa,PBG,SP000006,,MILA RACER 21-17-3 (25KG),YARA,560000,470000.0,0.0,0,0 ngày,0,0.0,bao,YARA008,25.0,,YARA008,,0.0,1,1,,,,,,
Hàng hóa,PBG,YARA007,,MILA PLUS 20-10-10 (25KG),YARA,23000,20500.0,0.0,0,0 ngày,0,0.0,kg,,1.0,,,https://cdn-images.kiotviet.vn/2025/05/02/congtyptk/c6fb080b0ba14d1c8a61690a23dc2bb9.png,0.0,1,1,,,,,,
Hàng hóa,PBG,SP000027,,MILA PLUS 20-10-10 (25KG),YARA,560000,512500.0,0.0,0,0 ngày,0,0.0,Bao,YARA007,25.0,,YARA007,,0.0,1,1,,,,,,
Hàng hóa,PBG,YARA006,,MILA DRAGON 13-6-21 (25KG),YARA,28000,24689.51,0.0,0,0 ngày,0,0.0,kg,,1.0,,,https://cdn-images.kiotviet.vn/congtyptk/4c258b17036248a9836a4fca07eb1da1.jpg,0.0,1,1,,,,,,
Hàng hóa,PBG,SP000029,,MILA DRAGON 13-6-21 (25KG),YARA,670000,617237.75,0.0,0,0 ngày,0,0.0,Bao,YARA006,25.0,,YARA006,,0.0,1,1,,,,,,
Hàng hóa,PBG,YARA005,,COMPLEX 12-11-18 NAUY (25KG),YARA,29000,23750.0,0.0,0,0 ngày,0,0.0,kg,,1.0,,,https://cdn-images.kiotviet.vn/congtyptk/be0207628c0a45938de65f3e17e1f74d.jpg,0.0,1,1,,,,,,
Hàng hóa,PBG,SP000063,,COMPLEX 12-11-18 NAUY (25KG),YARA,690000,593750.0,0.0,0,0 ngày,0,0.0,bao,YARA005,25.0,,YARA005,,0.0,1,1,,,,,,
Hàng hóa,PBG,YARA004,,LIVA TROPICOTE (25KG),YARA,15000,13040.0,0.0,0,0 ngày,0,0.0,kg,,1.0,,,https://cdn2-retail-images.kiotviet.vn/congtyptk/fdd623026eee4e7e93c01531bff3ba24.jpg,0.0,1,1,,,,,,
Hàng hóa,PBG,SP000026,,LIVA TROPICOTE (25KG),YARA,360000,326000.0,0.0,0,0 ngày,0,0.0,Bao,YARA004,25.0,,YARA004,,0.0,1,1,,,,,,
Hàng hóa,PBG,YARA003,,LIVA NITRABOR 25KG,YARA,17000,14500.0,0.0,0,0 ngày,0,0.0,kg,,1.0,,,https://cdn-images.kiotviet.vn/congtyptk/a114b64d46fc4e268298e14452268288.jpg,0.0,1,1,,,,,,
Hàng hóa,PBG,SP000025,,LIVA NITRABOR 25KG,YARA,400000,362500.0,0.0,0,0 ngày,0,0.0,bao,YARA003,25.0,,YARA003,,0.0,1,1,,,,,,
Hàng hóa,PBG,YARA002,,LIVA NATRIBOR (25KG),YARA,5,0.0,0.0,0,0 ngày,0,0.0,kg,,1.0,,,,0.0,1,1,,,,,,
Hàng hóa,PBG,YARA2577,,YARA 25-7-7 FASTER (25KG),YARA,22000,17800.0,0.0,0,0 ngày,0,0.0,kg,,1.0,,,https://cdn2-retail-images.kiotviet.vn/2025/05/02/congtyptk/fbbc7cf4d35e48ecbf0d44190e646319.png,0.0,1,1,,,,,,
Hàng hóa,PBG,SP000102,,YARA 25-7-7 FASTER (25KG),YARA,520000,445000.0,0.0,0,0 ngày,0,0.0,Bao,YARA2577,25.0,,YARA2577,,0.0,1,1,,,,,,
Hàng hóa,PBL,TV010,,SIÊU LÂN 1LIT,TRE VIET,120000,60000.0,0.0,0,0 ngày,0,0.0,Chai,,1.0,,,https://cdn2-retail-images.kiotviet.vn/congtyptk/0f3bb6c6224e4a4baccba5edf42e7306.jpg,0.0,1,1,,,,,,
Hàng hóa,PBL,TV009,,ROOT 1&2 ORGANIC 5LIT,TRE VIET,155000,105000.0,0.0,0,0 ngày,0,0.0,can,,1.0,,,,0.0,1,1,,,,,,
Hàng hóa,PBL,TV008,,RA RỄ CỰC MẠNH ROOTS 10LIT,TRE VIET,450000,250000.0,0.0,0,0 ngày,0,0.0,can,,1.0,,,,0.0,1,1,,,,,,
Hàng hóa,PBL,TV006,,LỚN TRÁI DỪA 500ML,TRE VIET,70000,32000.0,0.0,0,0 ngày,0,0.0,Chai,,1.0,,,,0.0,1,1,,,,,,
Hàng hóa,PBL,TV004,,CANXI BO DỪA 500ML,TRE VIET,70000,30000.0,0.0,0,0 ngày,0,0.0,Chai,,1.0,,,,0.0,1,1,,,,,,
Hàng hóa,PBL,TV003,,SIÊU VỌT ĐỌT 500ML,TRE VIET,60000,28999.99,0.0,0,0 ngày,0,0.0,Chai,,1.0,,,,0.0,1,1,,,,,,
Hàng hóa,PBL,TV001,,CANXI BO VÀNG 500ML,TRE VIET,60000,30000.0,0.0,0,0 ngày,0,0.0,Chai,,1.0,,,,0.0,1,1,,,,,,
Hàng hóa,PBL,PTK011,,VỌT ĐỌT THẦN TỐC,NONG DUOC LA,100000,55000.0,0.0,0,0 ngày,0,0.0,Túi,,1.0,,,"https://cdn2-retail-images.kiotviet.vn/congtyptk/c53fac95085541f9a4a035fbbc18742f.jpg,https://cdn2-retail-images.kiotviet.vn/congtyptk/83d2866113ac4e94a33dfd9aa9aea3f9.jpg",0.0,1,1,,,,,,
Hàng hóa,PBL,SP000067,,VỌT ĐỌT THẦN TỐC,NONG DUOC LA,950000,550000.0,0.0,0,0 ngày,0,0.0,xô,PTK011,10.0,,PTK011,,0.0,1,1,,,,,,
Hàng hóa,PBG,PTK010,,ROOT 2 (10KG),NONG DUOC LA,55000,20500.0,0.0,0,0 ngày,0,0.0,kg,,1.0,,,https://cdn-images.kiotviet.vn/congtyptk/6893e539028c42019978de62666816c9.jpg,0.0,1,1,,,,,,
Hàng hóa,PBG,SP000033,,ROOT 2 (10KG),NONG DUOC LA,530000,205000.0,0.0,0,0 ngày,0,0.0,Túi,PTK010,10.0,,PTK010,,0.0,1,1,,,,,,
Hàng hóa,PBL,PTK009,,NANO ROOT,PTK,85000,35000.0,0.0,0,0 ngày,0,0.0,chai,,1.0,,,"https://cdn-images.kiotviet.vn/congtyptk/c6582fde9caa4b988d3dbccd1cc4985d.jpg,https://cdn-images.kiotviet.vn/congtyptk/7d721d20aba447278bbfa8fbad4ce4b9.jpg,https://cdn-images.kiotviet.vn/congtyptk/1a8167850fe54cf0be9bd5a9db406603.jpg",0.0,1,1,,,,,,
Hàng hóa,PBL,PTK008,,HUMIC VIÊN 1KG,NONG DUOC LA,65000,22000.0,0.0,0,12 ngày,0,0.0,gói,,1.0,,,"https://cdn-images.kiotviet.vn/congtyptk/3b17cea94eaf426e8c1b36d9eee32103.jpg,https://cdn-images.kiotviet.vn/congtyptk/5e0dbb92452e4ec084e5c92ebbadd7cf.jpg",0.0,1,1,,,,,,
Hàng hóa,PBL,SP000093,,HUMIC VIÊN 1KG,NONG DUOC LA,0,550000.0,0.0,0,12 ngày,0,0.0,THÙNG,PTK008,25.0,,PTK008,,0.0,1,1,,,,,,
Hàng hóa,PBL,PTK007,,HUMIC VẢY TÔM,NONG DUOC LA,105000,45000.0,0.0,0,0 ngày,0,0.0,gói,,1.0,,,"https://cdn-images.kiotviet.vn/congtyptk/98c8d37abf164c29902587ae4dbce890.jpg,https://cdn-images.kiotviet.vn/congtyptk/7d55206e07864c7a894dad5430bb81a6.jpg,https://cdn-images.kiotviet.vn/congtyptk/69609ada16a24ad5b5f30a32dd95e518.jpg",0.0,1,1,1 THÙNG 25 GÓI,,,,,
Hàng hóa,PBL,SP000317,,HUMIC VẢY TÔM,NONG DUOC LA,2625000,1125000.0,0.0,0,0 ngày,0,0.0,THÙNG,PTK007,25.0,,PTK007,,0.0,1,1,1 THÙNG 25 GÓI,,,,,
Hàng hóa,PBL,PTK006,,HUMIC BỘT 1KG,PTK,65000,0.0,0.0,0,0 ngày,0,0.0,gói,,1.0,,,,0.0,1,1,,,,,,
Hàng hóa,PBL,PTK002,,AGROPLUS ORGANIC A ( CÁ HỒI NAUY ) 5LIT,PTK,350000,280000.0,0.0,0,0 ngày,0,0.0,can,,1.0,,,"https://cdn2-retail-images.kiotviet.vn/congtyptk/d672298e7c974c4f899b1351f6d4af86.jpg,https://cdn2-retail-images.kiotviet.vn/congtyptk/cd357e7e36654375a08c617227c39fa7.jpg",0.0,1,1,,,,,,
Hàng hóa,THUỐC BỆNH,PT017,,ANDOBYDOMING 100G,TY PHUC THINH,22000,17000.0,0.0,0,0 ngày,0,0.0,Gói,,1.0,,,https://cdn-images.kiotviet.vn/congtyptk/d777690d312945bb8955ba53c01284ee.jpg,0.0,1,1,,,,,,
Hàng hóa,THUỐC BỆNH,PT014,,SIÊU NẤM BỆNH VÀNG 500G,TY PHUC THINH,65000,44000.0,0.0,0,0 ngày,0,0.0,Gói,,1.0,,,https://cdn-images.kiotviet.vn/congtyptk/dba26674e31d4fae920ece4b120a26a7.png,0.0,1,1,,,,,,
Hàng hóa,THUỐC BỆNH,PT013,,SIÊU NẤM BỆNH ẤN ĐỘ XANH 80WP 1KG,TY PHUC THINH,120000,96575.0,0.0,0,0 ngày,0,0.0,Gói,,1.0,,,https://cdn-images.kiotviet.vn/congtyptk/61ea1e7106ca456f8eb90bca83c07fe3.png,0.0,1,1,,,,,,
Hàng hóa,THUỐC BỆNH,PT012,,SIÊU NẤM BỆNH XANH 500G,TY PHUC THINH,65000,48199.52,0.0,0,0 ngày,0,0.0,Gói,,1.0,,,https://cdn-images.kiotviet.vn/congtyptk/bdc1d95318f8454d91c03b39985d9938.png,0.0,1,1,,,,,,
Hàng hóa,THUỐC SÂU,PT010,,RESGANKAMEC 3.6EC NƯỚC TRONG,TY PHUC THINH,80000,40740.0,0.0,0,0 ngày,0,0.0,Chai,,1.0,,,https://cdn-images.kiotviet.vn/congtyptk/f3c14a3a366f4820908ced34a03c8552.png,0.0,1,1,,,,,,
Hàng hóa,THUỐC SÂU,PT009,,RESGANGSUPER 5.0 EC 450ml (SÂU) NƯỚC ĐỎ,TY PHUC THINH,90000,64000.0,0.0,0,0 ngày,0,0.0,Chai,,1.0,,,https://cdn-images.kiotviet.vn/congtyptk/7655d9b76f3b401291dec3b53e65947e.png,0.0,1,1,,,,,,
Hàng hóa,THUỐC SÂU,PT005,,FORSAN 60EC 450ML,TY PHUC THINH,125000,87400.0,0.0,0,0 ngày,0,0.0,Chai,,1.0,,,https://cdn-images.kiotviet.vn/congtyptk/4a7c4b3984694571a22ab321b59e82a9.png,0.0,1,1,1 THÙNG 40 CHAI,,,,,
Hàng hóa,THUỐC SÂU,SP000364,,FORSAN 60EC 450ML,TY PHUC THINH,5000000,3496000.0,0.0,0,0 ngày,0,0.0,THÙNG,PT005,40.0,,PT005,,0.0,1,1,1 THÙNG 40 CHAI,,,,,
Hàng hóa,THUỐC SÂU,PT003,,ALATOX 100EC 450ML,TY PHUC THINH,65000,46000.0,0.0,0,0 ngày,0,0.0,Chai,,1.0,,,https://cdn-images.kiotviet.vn/congtyptk/4b580fb8fca347539bc1d42daac773a8.jpg,0.0,1,1,,,,,,
Hàng hóa,PBL,PSV004,,SIÊU MAGIE BO KẼM 1KG,PSV,35000,25561.57,0.0,0,0 ngày,0,0.0,Gói,,1.0,,,https://cdn-images.kiotviet.vn/congtyptk/f56f67c3fe5d4082a85549d06a1d0582.png,0.0,1,1,,,,,,
Hàng hóa,PBL,PSV003,,SÂM ĐẤT TRẮNG 5L,PSV,145000,93092.47,0.0,0,0 ngày,0,0.0,can,,1.0,,,,0.0,1,1,,,,,,
Hàng hóa,PBL,PSV002,,SÂM ĐẤT XANH 5L_CÂY CÓ MÚI,PSV,185000,121590.16,0.0,0,0 ngày,0,0.0,can,,1.0,,,,0.0,1,1,,,,,,
Hàng hóa,PBL,PSV001,,MANHE SIÊU HẤP THỤ 1KG,PSV,28000,21277.0,0.0,0,0 ngày,0,0.0,Gói,,1.0,,,,0.0,1,1,,,,,,
Hàng hóa,PBL,NY002,,NYRO 0.01SL 10ML,NGOC YEN,15000,9600.0,0.0,0,0 ngày,0,0.0,Gói,,1.0,,,,0.0,1,1,,,,,,
Hàng hóa,THUỐC SÂU,NY001,,CHLORFERAN 240SC 15ML,NGOC YEN,18000,13800.0,0.0,0,0 ngày,0,0.0,Gói,,1.0,,,"https://cdn-images.kiotviet.vn/congtyptk/0bdd09e8bbc5413ca265cc3b9cde6fd3.jpg,https://cdn-images.kiotviet.vn/congtyptk/b08e81a3914448c98342aeed86c5b0c5.jpg",0.0,1,1,,,,,,
Hàng hóa,PBL,NN110,,BIOTED 603 1LIT,VĨNH LONG,68000,65000.0,0.0,0,0 ngày,0,0.0,Chai,,1.0,,,https://cdn-images.kiotviet.vn/congtyptk/f6a52affec8a4f7881956bc71e5b59a3.jpg,0.0,1,1,,,,,,
Hàng hóa,PBL,NN109,,BIOTED 602 1LIT,VĨNH LONG,60000,53000.0,0.0,0,0 ngày,0,0.0,Chai,,1.0,,,https://cdn-images.kiotviet.vn/congtyptk/5bf89307e9da47af8ba8ead749b72f00.png,0.0,1,1,,,,,,
Hàng hóa,THUỐC SÂU,NN108,,BASA 50EC,VIỆT THẮNG,45000,43000.0,0.0,0,0 ngày,0,0.0,Chai,,1.0,,,https://cdn-images.kiotviet.vn/congtyptk/eae15b99eaae49e290dd5048d673d1e3.jpg,0.0,1,1,THÙNG 32,,,,,
Hàng hóa,THUỐC SÂU,SP000218,,BASA 50EC,VIỆT THẮNG,1340000,1290000.0,0.0,0,0 ngày,0,0.0,THÙNG,NN108,30.0,,NN108,,0.0,1,1,THÙNG 32,,,,,
Hàng hóa,THUỐC BỆNH,NN107,,SCORE 250EC 50ML,SYGENTA,68000,0.0,0.0,0,0 ngày,0,0.0,Chai,,1.0,,,https://cdn-images.kiotviet.vn/congtyptk/d334d5940d3d42e0b483bbdf9483c893.jpg,0.0,1,1,,,,,,
Hàng hóa,THUỐC SÂU,NN106,,SELECRON 100ML,SYGENTA,55000,53300.0,0.0,0,0 ngày,0,0.0,Chai,,1.0,,,https://cdn-images.kiotviet.vn/congtyptk/74e19171882448d1a58ccb0857af7e4f.jpg,0.0,1,1,,,,,,
Hàng hóa,THUỐC BỆNH,NN105,,TILT SUPER 100ML,SYGENTA,85000,82000.0,0.0,0,0 ngày,0,0.0,Chai,,1.0,,,https://cdn-images.kiotviet.vn/congtyptk/64700bce79c144bbb263243c20ce69ff.jpg,0.0,1,1,,,,,,
Hàng hóa,THUỐC BỆNH,NN104,,RIDOMILGOLD 100,SYGENTA,53000,51500.0,0.0,0,0 ngày,0,0.0,Gói,,1.0,,,https://cdn-images.kiotviet.vn/congtyptk/c9a163472887443e81cac4f4824b8705.jpg,0.0,1,1,,,,,,
Hàng hóa,THUỐC BỆNH,NN103,,ANVIL 5SC 1 LÍT,SYGENTA,270000,262000.0,0.0,0,0 ngày,0,0.0,Chai,,1.0,,,https://cdn-images.kiotviet.vn/2025/05/02/congtyptk/d24918d24d80415892520ca874ff36fd.png,0.0,1,1,thùng 12 chai,,,,,
Hàng hóa,THUỐC BỆNH,NN102,,ANVIL 250ML,SYGENTA,75000,70000.0,0.0,0,0 ngày,0,0.0,Chai,,1.0,,,https://cdn-images.kiotviet.vn/congtyptk/bf474b99e7e74487985940f1b4543572.jpg,0.0,1,1,,,,,,
Hàng hóa,THUỐC BỆNH,NN101,,ANVIL 100ML,SYGENTA,30000,30000.0,0.0,0,0 ngày,0,0.0,Chai,,1.0,,,https://cdn-images.kiotviet.vn/congtyptk/9bf12a2026d94817a837b3b13ad5681d.jpg,0.0,1,1,,,,,,
Hàng hóa,PBL,NN100,,PROGIBB 40% SG 2.5G,SUMITOMO,36000,28000.0,0.0,0,0 ngày,0,0.0,Gói,,1.0,,,https://cdn-images.kiotviet.vn/congtyptk/cf46fff7a3304c08b772d0ffc4401038.jpg,0.0,1,1,,,,,,
Hàng hóa,THUỐC SÂU,NN099,,BORNEO 11SC 100ML,SUMITOMO,150000,0.0,0.0,0,0 ngày,0,0.0,Chai,,1.0,,,https://cdn-images.kiotviet.vn/congtyptk/675bb411181740c99dfbbb30510e2284.jpg,0.0,1,1,,,,,,
Hàng hóa,PBL,NN098,,COMCAT 150 P,LUA VANG,13000,10800.0,0.0,0,0 ngày,0,0.0,Gói,,1.0,,,https://cdn-images.kiotviet.vn/congtyptk/e05864c207e14e0cb17c1999ca83826c.jpg,0.0,1,1,,,,,,
Hàng hóa,THUỐC BỆNH,NN097,,ISACOP 65.2 WP 100GR,LOC TROI,27000,23500.0,0.0,0,0 ngày,0,0.0,Gói,,1.0,,,https://cdn-images.kiotviet.vn/congtyptk/0d957895a8a64d65a31d16a54c08e052.jpg,0.0,1,1,,,,,,
Hàng hóa,THUỐC BỆNH,NN096,,VALI 5TSC 1 LÍT,LION,55000,34500.0,0.0,0,0 ngày,0,0.0,Chai,,1.0,,,,0.0,1,1,,,,,,
Hàng hóa,THUỐC BỆNH,NN095,,VALI 5TSC 5 LÍT,LION,180000,0.0,0.0,0,0 ngày,0,0.0,can,,1.0,,,,0.0,1,1,,,,,,
Hàng hóa,THUỐC SÂU,NN094,,RONADO 420ML 500EC,I FARM,150000,0.0,0.0,0,0 ngày,0,0.0,Chai,,1.0,,,,0.0,1,1,,,,,,
Hàng hóa,PBL,NN093,,GABACYTO 500 ML,I FARM,15000,0.0,0.0,0,0 ngày,0,0.0,Chai,,1.0,,,,0.0,1,1,,,,,,
Hàng hóa,PBL,NN092,,LITOSEN,I FARM,55000,47000.0,0.0,0,0 ngày,0,0.0,Chai,,1.0,,,https://cdn2-retail-images.kiotviet.vn/congtyptk/113fa10edd194f6fa0fbbb0592caa719.jpg,0.0,1,1,,,,,,
Hàng hóa,THUỐC SÂU,NN090,,ALTACH 5EC 250ML,HAI,35000,0.0,0.0,0,0 ngày,0,0.0,Chai,,1.0,,,https://cdn-images.kiotviet.vn/congtyptk/b69a30ef27ad4815b4c962ad2d2a0162.jpg,0.0,1,1,,,,,,
Hàng hóa,THUỐC BỆNH,NN089,,FLINT PRO 648WG 100G,FMC,48000,37676.47,0.0,0,0 ngày,0,0.0,Gói,,1.0,,,https://cdn-images.kiotviet.vn/congtyptk/7126b77c6a81427db4216afd7e2100f3.jpg,0.0,1,1,,,,,,
Hàng hóa,THUỐC BỆNH,NN088,,ANTRACOL LOẠI 1 KÍ,BAYER,295000,286000.0,0.0,0,0 ngày,0,0.0,Gói,,1.0,,,https://cdn-images.kiotviet.vn/congtyptk/ae9ae4305a984e0392a6a962c165cea7.jpg,0.0,1,1,,,,,,
Hàng hóa,THUỐC SÂU,NN087,,REGENT 1.6G(BY),BAYER,15000,11800.0,0.0,0,0 ngày,0,0.0,Gói,,1.0,,,https://cdn-images.kiotviet.vn/congtyptk/a321327147e3477ba67446229b437d66.jpg,0.0,1,1,,,,,,
Hàng hóa,THUỐC CHUỘT,NN086,,RACUMIN 20G CHUỘT BỘT,BAYER,20000,14300.0,0.0,0,0 ngày,0,0.0,Gói,,1.0,,,https://cdn-images.kiotviet.vn/congtyptk/540a3b0793944c93950cb9884e7fb42b.jpg,0.0,1,1,,,,,,
Hàng hóa,THUỐC BỆNH,NN085,,PROFILER 711.1WG,BAYER,51000,47500.0,0.0,0,0 ngày,0,0.0,Gói,,1.0,,,https://cdn-images.kiotviet.vn/congtyptk/3a08085214a744f0895232339948ea54.jpg,0.0,1,1,,,,,,
Hàng hóa,THUỐC BỆNH,NN084,,NATIVO 750WG 8G,BAYER,18000,17200.0,0.0,0,0 ngày,0,0.0,Gói,,1.0,,,https://cdn-images.kiotviet.vn/congtyptk/9afe179526514234a626f9ae6fbd56bf.png,0.0,1,1,,,,,,
Hàng hóa,THUỐC SÂU,NN083,,MOVENTO 100ML,BAYER,100000,78000.0,0.0,0,0 ngày,0,0.0,Chai,,1.0,,,https://cdn-images.kiotviet.vn/congtyptk/6cf9b39e5c8042eaae107c3d01af9995.png,0.0,1,1,,,,,,
Hàng hóa,THUỐC BỆNH,NN082,,MOCEREN 250SC 240ML,BAYER,72000,71500.0,0.0,0,0 ngày,0,0.0,Chai,,1.0,,,https://cdn-images.kiotviet.vn/congtyptk/9e429d67f736451d997fc04fb9e744ce.jpg,0.0,1,1,,,,,,
Hàng hóa,THUỐC BỆNH,NN081,,MELODY 66.75WP 100G,BAYER,36000,34171.79,0.0,0,0 ngày,0,0.0,Gói,,1.0,,,https://cdn-images.kiotviet.vn/congtyptk/643209e96f59478a8d48f96248ee99ea.jpg,0.0,1,1,,,,,,
Hàng hóa,THUỐC SÂU,NN080,,CONFIDOR 100ML,BAYER,122000,94500.0,0.0,0,0 ngày,0,0.0,Chai,,1.0,,,https://cdn-images.kiotviet.vn/congtyptk/3905c72b3c9b4d049f029ffc01c86e9d.png,0.0,1,1,,,,,,
Hàng hóa,THUỐC BỆNH,NN079,,ANTRACOL 100GR,BAYER,33000,30300.0,0.0,0,0 ngày,0,0.0,Gói,,1.0,,,https://cdn-images.kiotviet.vn/congtyptk/0a90e6c26cd349859d744c8cdac350ae.jpg,0.0,1,1,,,,,,
Hàng hóa,THUỐC BỆNH,NN078,,ALIETLE 800WG 100G,BAYER,52000,49996.27,0.0,0,0 ngày,0,0.0,Gói,,1.0,,,https://cdn-images.kiotviet.vn/congtyptk/cad7585b8c0d47e39bc230f5c50990c5.jpg,0.0,1,1,,,,,,
Hàng hóa,THUỐC SÂU,NN077,,CONFIDOR LỌ 20ML,BAYER,28000,25500.0,0.0,0,0 ngày,0,0.0,Lọ,,1.0,,,https://cdn-images.kiotviet.vn/congtyptk/57ab82b547614abfb09e61617353ae73.jpg,0.0,1,1,,,,,,
Hàng hóa,THUỐC BỆNH,NN076,,CADILAC 80WP 1KG,VĨNH THẠNH,168000,141000.0,0.0,0,0 ngày,0,0.0,Gói,,1.0,,,https://cdn-images.kiotviet.vn/congtyptk/bb9d790799d94cacbb4f615d0bf1d705.jpg,0.0,1,1,,,,,,
Hàng hóa,THUỐC SÂU,NN074,,VBC SÁT TRÙNG 1KG,,150000,190000.0,0.0,0,0 ngày,0,0.0,Gói,,1.0,,,,0.0,1,1,,,,,,
Hàng hóa,THUỐC SÂU,NN073,,CYPER ALPHA 500ML,THANH SƠN,60000,58000.0,0.0,0,0 ngày,0,0.0,Chai,,1.0,,,,0.0,1,1,,,,,,
Hàng hóa,PBL,NN072,,KEO MỸ TIẾN 100G,,22000,21000.0,0.0,0,0 ngày,0,0.0,Chai,,1.0,,,https://cdn-images.kiotviet.vn/congtyptk/e823803a2e854a88a226a86062c6e900.jpg,0.0,1,1,,,,,,
Hàng hóa,THUỐC SÂU,NN071,,VIZUBON,,22000,20800.0,0.0,0,0 ngày,0,0.0,Hộp,,1.0,,,https://cdn-images.kiotviet.vn/congtyptk/cab1e928a01e42fcb7740317126527fa.jpg,0.0,1,1,,,,,,
Hàng hóa,THUỐC BỆNH,NN070,,HEXATHAI 1LIT,BIO CHEMICAL,95000,60000.0,0.0,0,0 ngày,0,0.0,Chai,,1.0,,,,0.0,1,1,,,,,,
Hàng hóa,THUỐC SÂU,NN069,,BAKARI CHẾT SẠCH RUÔI,,45000,41500.0,0.0,0,0 ngày,0,0.0,Chai,,1.0,,,,0.0,1,1,,,,,,
Hàng hóa,THUỐC ỐC,NN068,,PILOT 15AB (RÃI ỐC),,5,35500.0,0.0,0,0 ngày,0,0.0,Gói,,1.0,,,,0.0,1,1,,,,,,
Hàng hóa,THUỐC BỆNH,NN067,,KASU THÁI 450ML,TY PHUC THINH,60000,35000.0,0.0,0,0 ngày,0,0.0,Chai,,1.0,,,,0.0,1,1,,,,,,
Hàng hóa,THUỐC SÂU,NN066,,INMANDA 100WP 100G (SIÊU CHÍCH HÚT),,30000,15000.0,0.0,0,0 ngày,0,0.0,Gói,,1.0,,,,0.0,1,1,,,,,,
Hàng hóa,PBL,NN065,,ROOT 2 100 ML,THIÊN ĐỨC,36000,32000.0,0.0,0,0 ngày,0,0.0,Chai,,1.0,,,https://cdn-images.kiotviet.vn/congtyptk/821d038caf9c42188427e435efb668c9.jpg,0.0,1,1,,,,,,
Hàng hóa,THUỐC SÂU,NN064,,DINO -SIÊU RẦY RỆP 300WP 200G,,25000,0.0,0.0,0,0 ngày,0,0.0,Gói,,1.0,,,,0.0,1,1,,,,,,
Hàng hóa,PBG,NN063,,URE PHÚ MỸ (50KG),,15000,13000.0,0.0,0,0 ngày,0,0.0,kg,,1.0,,,https://cdn-images.kiotviet.vn/congtyptk/6504160a5e3342dfbe9efeb29bdb9e63.jpg,0.0,1,1,,,,,,
Hàng hóa,PBG,SP000037,,URE PHÚ MỸ (50KG),,690000,650000.0,0.0,0,0 ngày,0,0.0,Bao,NN063,50.0,,NN063,,0.0,1,1,,,,,,
Hàng hóa,THUỐC BỆNH,NN061,,DACOMIL 75WP 15G NHỎ,VIỆT THẮNG,10000,6487.8,0.0,0,0 ngày,0,0.0,Gói,,1.0,,,https://cdn-images.kiotviet.vn/congtyptk/e50d2d9445344789a065573427430133.jpg,0.0,1,1,,,,,,
Hàng hóa,THUỐC SÂU,NN059,,ARRIVO 25EC 1LIT (NHÔM)- WAMTOX,VIỆT THẮNG,170000,142000.0,0.0,0,0 ngày,0,0.0,Chai,,1.0,,,,0.0,1,1,,,,,,
Hàng hóa,THUỐC SÂU,NN058,,VITHADAN 95WP 100G (XANH),VIỆT THẮNG,17000,13600.0,0.0,0,0 ngày,0,0.0,Gói,,1.0,,,"https://cdn2-retail-images.kiotviet.vn/congtyptk/dcfbe7e95f5d43a7b31e53dd89a14f23.jpg,https://cdn2-retail-images.kiotviet.vn/congtyptk/dce04b245f9c452387856a55f281e5e4.jpg",0.0,1,1,,,,,,
Hàng hóa,THUỐC SÂU,SP000156,,VITHADAN 95WP 100G (XANH),VIỆT THẮNG,1700000,1360000.0,0.0,0,0 ngày,0,0.0,THÙNG,NN058,100.0,,NN058,,0.0,1,1,,,,,,
Hàng hóa,THUỐC BỆNH,NN057,,VALIVITHACO 5SL 5 LÍT,VIỆT THẮNG,180000,170000.0,0.0,0,0 ngày,0,0.0,can,,1.0,,,,0.0,1,1,,,,,,
Hàng hóa,THUỐC BỆNH,NN056,,VALIVITHACO 5SC 450ML,VIỆT THẮNG,25000,25000.0,0.0,0,0 ngày,0,0.0,Chai,,1.0,,,,0.0,1,1,,,,,,
Hàng hóa,THUỐC BỆNH,NN055,,VALIVITHACO 5SC 1L,VIỆT THẮNG,38000,36000.0,0.0,0,0 ngày,0,0.0,Chai,,1.0,,,,0.0,1,1,,,,,,
Hàng hóa,THUỐC SÂU,NN053,,TASIEU 1.9 450ML,VIỆT THẮNG,48000,44500.0,0.0,0,0 ngày,0,0.0,Chai,,1.0,,,https://cdn2-retail-images.kiotviet.vn/congtyptk/8e6eeb74ee6a487a84ed70a398320e2c.jpg,0.0,1,1,thùng 32 chai,,,,,
Hàng hóa,THUỐC SÂU,SP000219,,TASIEU 1.9 450ML,VIỆT THẮNG,1536000,1424000.0,0.0,0,0 ngày,0,0.0,THÙNG,NN053,32.0,,NN053,,0.0,1,1,thùng 32 chai,,,,,
Hàng hóa,THUỐC CHUỘT,NN052,,RAT K 2%DP CHUỘT BỘT,THANH SƠN,5000,3200.0,0.0,0,0 ngày,0,0.0,Gói,,1.0,,,,0.0,1,1,,,,,,
Hàng hóa,THUỐC BỆNH,NN051,,MATAXYL 500WP 100GR (BỘT),MAPPACIFIC,85000,82500.0,0.0,0,0 ngày,0,0.0,Gói,,1.0,,,,0.0,1,1,,,,,,
Hàng hóa,THUỐC ỐC,NN050,,HELIX 15G ỐC,,5,0.0,0.0,0,0 ngày,0,0.0,Gói,,1.0,,,,0.0,1,1,,,,,,
Hàng hóa,THUỐC SÂU,NN049,,CYRUX 25EC 500ML,HAI,130000,0.0,0.0,0,0 ngày,0,0.0,Chai,,1.0,,,,0.0,1,1,,,,,,
Hàng hóa,THUỐC CỎ,NN047,,BM PROMAX,BM,5,0.0,0.0,0,0 ngày,0,0.0,Gói,,1.0,,,,0.0,1,1,,,,,,
Hàng hóa,THUỐC SÂU,NN046,,BIPERIN GOLD 250EC 1 LÍT,HAI,225000,195598.68,0.0,0,0 ngày,0,0.0,Chai,,1.0,,,,0.0,1,1,,,,,,
Hàng hóa,THUỐC BỆNH,NN045,,ANNONG VIN 1 LÍT,AN NÔNG,65000,43000.0,0.0,0,0 ngày,0,0.0,Chai,,1.0,,,,0.0,1,1,,,,,,
Hàng hóa,THUỐC SÂU,NN042,,ALFAMITE 1LIT (NHỆN LỚN),VIỆT THẮNG,150000,142000.0,0.0,0,0 ngày,0,0.0,Chai,,1.0,,,,0.0,1,1,,,,,,
Hàng hóa,PBL,NN041,,N3M (500g)- PL,PHÚ LÂM,85000,83000.0,0.0,0,0 ngày,0,0.0,Hộp,,1.0,,,,0.0,1,1,,,,,,
Hàng hóa,PBL,NN040,,N3M 1KG,PHÚ LÂM,5,0.0,0.0,0,0 ngày,0,0.0,Hộp,,1.0,,,,0.0,1,1,,,,,,
Hàng hóa,THUỐC SÂU,NN039,,TATA 25W 30G,NGỌC TÙNG,18000,0.0,0.0,0,0 ngày,0,0.0,Gói,,1.0,,,,0.0,1,1,,,,,,
Hàng hóa,THUỐC SÂU,NN038,,RB 100G,NHẬT VIỆT,30000,9800.0,0.0,0,0 ngày,0,0.0,Gói,,1.0,,,,0.0,1,1,,,,,,
Hàng hóa,THUỐC SÂU,NN037,,PROFOS 750EC 400ML,,150000,115000.0,0.0,0,0 ngày,0,0.0,Chai,,1.0,,,,0.0,1,1,,,,,,
Hàng hóa,THUỐC SÂU,NN036,,PADAN 95SP 100G,SUMITOMO,93000,91500.0,0.0,0,0 ngày,0,0.0,Gói,,1.0,,,,0.0,1,1,,,,,,
Hàng hóa,THUỐC SÂU,SP000099,,PADAN 95SP 100G,SUMITOMO,13950000,13725000.0,0.0,0,0 ngày,0,0.0,THÙNG,NN036,150.0,,NN036,,0.0,1,1,,,,,,
Hàng hóa,THUỐC CỎ,NN035,,ONE CIDE 15EC 90ML,,40000,0.0,0.0,0,0 ngày,0,0.0,Chai,,1.0,,,,0.0,1,1,,,,,,
Hàng hóa,THUỐC SÂU,NN034,,MAP JONO 70WP 4G,,10000,4800.0,0.0,0,0 ngày,0,0.0,Gói,,1.0,,,,0.0,1,1,,,,,,
Hàng hóa,THUỐC BỆNH,NN032,,KUMULUS 80WG 100G,,15000,8000.0,0.0,0,0 ngày,0,0.0,Gói,,1.0,,,,0.0,1,1,,,,,,
Hàng hóa,THUỐC SÂU,NN031,,CONPHAI 5G,ĐỒNG XANH,10000,0.0,0.0,0,0 ngày,0,0.0,Gói,,1.0,,,,0.0,1,1,,,,,,
Hàng hóa,THUỐC BỆNH,NN029,,ANTACO 500EC 450ML,VIỆT THẮNG,45000,0.0,0.0,0,0 ngày,0,0.0,Chai,,1.0,,,,0.0,1,1,,,,,,
Hàng hóa,THUỐC BỆNH,NN028,,AGRIFOS 400 1LIT,,265000,257000.0,0.0,0,0 ngày,0,0.0,Chai,,1.0,,,https://cdn-images.kiotviet.vn/congtyptk/924b6619c6424825abdacaf2d5d34abf.jpg,0.0,1,1,,,,,,
Hàng hóa,PBL,NN027,,T90 15G,,90000,78000.0,0.0,0,0 ngày,0,0.0,Lọ,,1.0,,,,0.0,1,1,,,,,,
Hàng hóa,THUỐC SÂU,NN026,,SAPEN ALPHA 5EC,SÀI GÒN,45000,38000.0,0.0,0,0 ngày,0,0.0,Chai,,1.0,,,https://cdn2-retail-images.kiotviet.vn/congtyptk/4dba8b13f2b04e87a661fedc4b8d02e1.jpg,0.0,1,1,,,,,,
Hàng hóa,PBL,NN025,,ROOTS A9 25ML,BIÌNH CHÁNH,12000,7800.0,0.0,0,0 ngày,0,0.0,Gói,,1.0,,,,0.0,1,1,,,,,,
Hàng hóa,THUỐC SÂU,NN023,,PREVATHON 0.4GR 2KG,BAYER,105000,92500.0,0.0,0,0 ngày,0,0.0,Gói,,1.0,,,,0.0,1,1,,,,,,
Hàng hóa,THUỐC ỐC,NN022,,ỐC TATOO 800G,LION,50000,0.0,0.0,0,0 ngày,0,0.0,Gói,,1.0,,,,0.0,1,1,,,,,,
Hàng hóa,THUỐC ỐC,NN021,,ỐC BƯU VÀNG 15GR 800G,,50000,0.0,0.0,0,0 ngày,0,0.0,Gói,,1.0,,,https://cdn-images.kiotviet.vn/congtyptk/27751d7620974d688518a1fbf82b5e73.jpg,0.0,1,1,,,,,,
Hàng hóa,PBL,NN020,,MX TƯỚI 1 700G,MAI XUÂN,45000,41500.0,0.0,0,0 ngày,0,0.0,Gói,,1.0,,,,0.0,1,1,,,,,,
Hàng hóa,PBL,NN018,,GA3 AC GABACYTO 50TB 4GR,,5000,2800.0,0.0,0,0 ngày,0,0.0,Viên,,1.0,,,,0.0,1,1,,,,,,
Hàng hóa,THUỐC SÂU,NN017,,FEROLY 125WP 10G,NHẬT VIỆT,15000,9886.21,0.0,0,0 ngày,0,0.0,Gói,,1.0,,,,0.0,1,1,,,,,,
Hàng hóa,THUỐC SÂU,NN016,,DẦU KHOÁNG 1LIT,,95000,74500.0,0.0,0,0 ngày,0,0.0,Chai,,1.0,,,,0.0,1,1,,,,,,
Hàng hóa,THUỐC SÂU,NN015,,DÁN RUỒI VÀNG AN PHÁT,AN PHÁT,12000,8000.0,0.0,0,0 ngày,0,0.0,miếng,,1.0,,,https://cdn2-retail-images.kiotviet.vn/congtyptk/34bedc65f7734fdc913e283bf59e3a34.jpg,0.0,1,1,,,,,,
Hàng hóa,THUỐC SÂU,NN014,,CONPHAI 100GR,ĐỒNG XANH,13000,11500.0,0.0,0,0 ngày,0,0.0,Gói,,1.0,,,https://cdn-images.kiotviet.vn/congtyptk/59d2c507367146338d71f55dba457648.jpg,0.0,1,1,,,,,,
Hàng hóa,THUỐC SÂU,SP000220,,CONPHAI 100GR,ĐỒNG XANH,1300000,1150000.0,0.0,0,0 ngày,0,0.0,THÙNG,NN014,100.0,,NN014,,0.0,1,1,,,,,,
Hàng hóa,THUỐC BỆNH,NN013,,COC 85 20G,NGỌC ANH,10000,8400.0,0.0,0,0 ngày,0,0.0,Gói,,1.0,,,https://cdn2-retail-images.kiotviet.vn/2024/11/02/congtyptk/7bb92b1ab9c24793bab4d873847f67bd.jpg,0.0,1,1,,,,,,
Hàng hóa,THUỐC BỆNH,NN012,,COC 85 1KG,NGỌC ANH,280000,274000.0,0.0,0,0 ngày,0,0.0,Gói,,1.0,,,,0.0,1,1,1 thùng 20 gói,,,,,
Hàng hóa,THUỐC BỆNH,NN011,,COC 85 (100G),NGỌC ANH,34000,31800.0,0.0,0,0 ngày,0,0.0,Gói,,1.0,,,https://cdn-images.kiotviet.vn/congtyptk/a29e70af0c074bbd98c9fb4822526dac.jpg,0.0,1,1,,,,,,
Hàng hóa,THUỐC BỆNH,NN010,,MAPLOGIC 900WP 1KG,,120000,0.0,0.0,0,0 ngày,0,0.0,Gói,,1.0,,,,0.0,1,1,,,,,,
Hàng hóa,PBL,NN009,,MANTUS 100ML,,115000,95000.0,0.0,0,0 ngày,0,0.0,Chai,,1.0,,,,0.0,1,1,,,,,,
Hàng hóa,THUỐC CỎ,NN008,,DUAL GOLD 96EC 50ML- DIỆT MẦM,SYGENTA,35000,34500.0,0.0,0,0 ngày,0,0.0,Chai,,1.0,,,https://cdn-images.kiotviet.vn/congtyptk/d52db4fb55ec45ddbc65ae48575f6825.jpg,0.0,1,1,,,,,,
Hàng hóa,THUỐC BỆNH,NN006,,KASUMIN 2 SL 425ML,ARYSTA,55000,45000.0,0.0,0,0 ngày,0,0.0,Chai,,1.0,,,https://cdn2-retail-images.kiotviet.vn/congtyptk/9a59adcaf8f142cabe12e9c22a705537.jpg,0.0,1,1,,,,,,
Hàng hóa,THUỐC BỆNH,NN005,,CUPROXAT 345SC 500ML,,92000,84000.0,0.0,0,0 ngày,0,0.0,Chai,,1.0,,,https://cdn-images.kiotviet.vn/congtyptk/f22aaca0748741a7982175802965b454.jpg,0.0,1,1,,,,,,
Hàng hóa,THUỐC SÂU,NN004,,SU PHU 10 GR 1KG,,58000,0.0,0.0,0,0 ngày,0,0.0,Gói,,1.0,,,,0.0,1,1,,,,,,
Hàng hóa,THUỐC BỆNH,NN003,,CUPROXAT 345SC 100ML,,25000,0.0,0.0,0,0 ngày,0,0.0,Chai,,1.0,,,https://cdn-images.kiotviet.vn/congtyptk/1e9157bf20884b0fa70803391fc88b38.jpg,0.0,1,1,,,,,,
Hàng hóa,THUỐC BỆNH,NN002,,CHAMPION,,35000,30600.0,0.0,0,0 ngày,0,0.0,Gói,,1.0,,,https://cdn-images.kiotviet.vn/congtyptk/37f3f88f9241484cadb4c7a60ce980db.jpg,0.0,1,1,,,,,,
Hàng hóa,PBL,NN001,,ATONIK 1.8 SC 10ML,,8000,7150.0,0.0,0,0 ngày,0,0.0,Gói,,1.0,,,https://cdn-images.kiotviet.vn/congtyptk/9b4c725b4d7b45c9b635285d5f8fd1a9.jpg,0.0,1,1,,,,,,
Hàng hóa,PBL,SP000075,,ATONIK 1.8 SC 10ML,,75000,71500.0,0.0,0,0 ngày,0,0.0,Hộp,NN001,10.0,,NN001,,0.0,1,1,,,,,,
Hàng hóa,THUỐC SÂU,NICOTEX012,,SÁT TRÙNG ĐAN 1KG,NICOTEX,35000,30500.0,0.0,0,0 ngày,0,0.0,Gói,,1.0,,,,0.0,1,1,,,,,,
Hàng hóa,THUỐC SÂU,NICOTEX011,,SÁT TRÙNG ĐAN 100G,NICOTEX,17000,16406.97,0.0,0,0 ngày,0,0.0,Gói,,1.0,,,,0.0,1,1,,,,,,
Hàng hóa,THUỐC SÂU,SP000121,,SÁT TRÙNG ĐAN 100G,NICOTEX,1700000,1640697.0,0.0,0,0 ngày,0,0.0,THÙNG,NICOTEX011,100.0,,NICOTEX011,,0.0,1,1,,,,,,
Hàng hóa,THUỐC SÂU,NICOTEX010,,MIDAN 10WP 100G,NICOTEX,25000,14100.0,0.0,0,0 ngày,0,0.0,Gói,,1.0,,,,0.0,1,1,,,,,,
Hàng hóa,THUỐC BỆNH,NICOTEX009,,VALI 5 -5LIT,NICOTEX,5,0.0,0.0,0,0 ngày,0,0.0,can,,1.0,,,,0.0,1,1,,,,,,
Hàng hóa,THUỐC BỆNH,NICOTEX008,,JINGANGMESU 1L,NICOTEX,42000,0.0,0.0,0,0 ngày,0,0.0,Chai,,1.0,,,,0.0,1,1,,,,,,
Hàng hóa,THUỐC SÂU,NICOTEX007,,SÂU AJUNI 16G,NICOTEX,15000,10000.0,0.0,0,0 ngày,0,0.0,Gói,,1.0,,,https://cdn-images.kiotviet.vn/congtyptk/66b2d33f9010419681959d0d2d06ef8d.jpg,0.0,1,1,,,,,,
Hàng hóa,THUỐC SÂU,NICOTEX006,,NITOX 450ML,NICOTEX,95000,74142.86,0.0,0,0 ngày,0,0.0,Chai,,1.0,,,,0.0,1,1,,,,,,
Hàng hóa,THUỐC SÂU,NICOTEX005,,NIED 240ML,NICOTEX,50000,0.0,0.0,0,0 ngày,0,0.0,Chai,,1.0,,,,0.0,1,1,,,,,,
Hàng hóa,THUỐC SÂU,NICOTEX004,,METOX 450ML,NICOTEX,60000,40300.0,0.0,0,0 ngày,0,0.0,Chai,,1.0,,,,0.0,1,1,,,,,,
Hàng hóa,THUỐC SÂU,NICOTEX003,,DETECT 100G,NICOTEX,70000,55400.0,0.0,0,0 ngày,0,0.0,Gói,,1.0,,,,0.0,1,1,,,,,,
Hàng hóa,THUỐC BỆNH,NICOTEX002,,CHEVIN 5 NANO 1L,NICOTEX,160000,76000.0,0.0,0,0 ngày,0,0.0,Chai,,1.0,,,,0.0,1,1,,,,,,
Hàng hóa,THUỐC BỆNH,NICOTEX001,,CHEVIN 5 1L,NICOTEX,114000,65000.0,0.0,0,0 ngày,0,0.0,Chai,,1.0,,,,0.0,1,1,,,,,,
Hàng hóa,PBL,ND011,,XÔ PHỤC HỒI 20LIT,NONG DUOC LA,90000,0.0,0.0,0,0 ngày,0,0.0,Túi,,1.0,,,,0.0,1,1,,,,,,
Hàng hóa,PBL,ND010,,BLOOD & bONE,NONG DUOC LA,125000,75000.0,0.0,0,0 ngày,0,0.0,Chai,,1.0,,,,0.0,1,1,1 THÙNG 24 CHAI,,,,,
Hàng hóa,PBL,NDLA _TRICO,,NDLA -TRICHODERMA 1KG,NONG DUOC LA,95000,43500.0,0.0,0,0 ngày,0,0.0,Gói,,1.0,,,,0.0,1,1,,,,,,
Hàng hóa,PBL,ND008,,SIÊU LÂN ĐỎ 500ML,NONG DUOC LA,70000,40000.0,0.0,0,0 ngày,0,0.0,Chai,,1.0,,,,0.0,1,1,,,,,,
Hàng hóa,PBL,NDLA _MKP,,NDLA -MKP SWISS 0-54-32 1KG,NONG DUOC LA,125000,70000.0,0.0,0,0 ngày,0,0.0,Gói,,1.0,,,,0.0,1,1,,,,,,
Hàng hóa,PBL,ND006,,FULVIC RONG BIỂN 5LIT,NONG DUOC LA,250000,150000.0,0.0,0,0 ngày,0,0.0,can,,1.0,,,,0.0,1,1,,,,,,
Hàng hóa,PBL,ND005,,ĐẠM CÁ 1LIT,NONG DUOC LA,95000,45000.0,0.0,0,0 ngày,0,0.0,Chai,,1.0,,,https://cdn2-retail-images.kiotviet.vn/congtyptk/43d132529424479e8c9096638e989c47.jpg,0.0,1,1,,,,,,
Hàng hóa,THUỐC BỆNH,ND004,,ĐỒNG ĐỎ 500ML,NONG DUOC LA,80000,35000.0,0.0,0,0 ngày,0,0.0,Chai,,1.0,,,https://cdn-images.kiotviet.vn/congtyptk/6fdcc85c2ab4430d95eab290bd6776d5.jpg,0.0,1,1,,,,,,
Hàng hóa,THUỐC BỆNH,ND003,,COZEB M95,NONG DUOC LA,125000,70000.0,0.0,0,0 ngày,0,0.0,Chai,,1.0,,,https://cdn-images.kiotviet.vn/congtyptk/bd4ea6c3c3ff444aa03549cf4784125f.jpg,0.0,1,1,,,,,,
Hàng hóa,PBL,NDLA 33-11-11,,NDLA 33-11-11 500G,NONG DUOC LA,65000,40000.0,0.0,0,0 ngày,0,0.0,hủ,,1.0,,,,0.0,1,1,,,,,,
Hàng hóa,PBL,ND001,,10-60-10 (ND) LÀM BÔNG,NONG DUOC LA,65000,35000.0,0.0,0,0 ngày,0,0.0,hủ,,1.0,,,,0.0,1,1,,,,,,
Hàng hóa,PBL,MV001,,NAPOLI HỢP CHẤT DƯỠNG RỄ 100ML,MAI VÀNG,15000,11000.0,0.0,0,0 ngày,0,0.0,Chai,,1.0,,,https://cdn2-retail-images.kiotviet.vn/congtyptk/97f81c4b95714fc3b23aa1c8baa7293c.jpg,0.0,1,1,,,,,,
Hàng hóa,THUỐC BỆNH,JP005,,NUZOLE 40EC 200ML,JAPEC,300000,266500.0,0.0,0,0 ngày,0,0.0,Chai,,1.0,,,,0.0,1,1,,,,,,
Hàng hóa,THUỐC SÂU,JP004,,FORTARAS 25WG 30 GR,JAPEC,25000,15800.0,0.0,0,0 ngày,0,0.0,Gói,,1.0,,,https://cdn2-retail-images.kiotviet.vn/congtyptk/fe5d3a406ebd42969aa4d7f15044a823.jpg,0.0,1,1,,,,,,
Hàng hóa,THUỐC BỆNH,JP003,,FORTAMIN 6WP 30 GR,JAPEC,13000,9800.0,0.0,0,0 ngày,0,0.0,Gói,,1.0,,,,0.0,1,1,,,,,,
Hàng hóa,THUỐC SÂU,JP002,,FAN EXTRA 350SC 100ML,JAPEC,102000,83640.0,0.0,0,0 ngày,0,0.0,Chai,,1.0,,,,0.0,1,1,,,,,,
Hàng hóa,THUỐC SÂU,JP001,,ABATOX 3.6 EC 400ML,JAPEC,76000,46500.0,0.0,0,0 ngày,0,0.0,Chai,,1.0,,,,0.0,1,1,,,,,,
Hàng hóa,THUỐC SÂU,HT017,,THIAMAX 20G,HỢP TRÍ,28000,24000.0,0.0,0,0 ngày,0,0.0,Gói,,1.0,,,https://cdn-images.kiotviet.vn/congtyptk/624e3cffde4a4b45a4c5ea0ff622f9b8.jpg,0.0,1,1,,,,,,
Hàng hóa,PBL,HT016,,SUPER HUMIC BỘT 1KG,HỢP TRÍ,78000,73000.0,0.0,0,0 ngày,0,0.0,Gói,,1.0,,,https://cdn-images.kiotviet.vn/congtyptk/36be02b42b984d16b61d3c1c851a09b4.jpg,0.0,1,1,,,,,,
Hàng hóa,PBL,SP000194,,SUPER HUMIC BỘT 1KG,HỢP TRÍ,1500000,1460000.0,0.0,0,0 ngày,0,0.0,THÙNG,HT016,20.0,,HT016,,0.0,1,1,,,,,,
Hàng hóa,THUỐC CHUỘT,HT015,,STORM CHUỘT VIÊN,BCC,20000,20500.0,0.0,0,0 ngày,0,0.0,Gói,,1.0,,,https://cdn-images.kiotviet.vn/congtyptk/f16e4e53391743aba16d7581b4e458ad.jpg,0.0,1,1,,,,,,
Hàng hóa,THUỐC BỆNH,HT014,,PHYTOCIDE 15G,BCC,16000,15800.0,0.0,0,0 ngày,0,0.0,Gói,,1.0,,,,0.0,1,1,,,,,,
Hàng hóa,THUỐC SÂU,HT013,,PERMECIDE 100ML,BCC,50000,52000.0,0.0,0,0 ngày,0,0.0,Chai,,1.0,,,,0.0,1,1,,,,,,
Hàng hóa,PBL,HT012,,ORGANO FORCE 25ML,BCC,12000,11000.0,0.0,0,0 ngày,0,0.0,Gói,,1.0,,,https://cdn2-retail-images.kiotviet.vn/congtyptk/d1b82d6456c948128e926b479de251f0.jpg,0.0,1,1,1 THÙNG 400 GÓI,,,,,
Hàng hóa,THUỐC BỆNH,HT011,,NORSHIELD (ĐỎ 50G),HỢP TRÍ,29000,27200.0,0.0,0,0 ngày,0,0.0,Gói,,1.0,,,https://cdn2-retail-images.kiotviet.vn/2025/05/02/congtyptk/86142600dc5342c1aea3e5babf45175d.png,0.0,1,1,,,,,,
Hàng hóa,THUỐC SÂU,HT010,,NILMITE 10ML,HỢP TRÍ,15000,13000.0,0.0,0,0 ngày,0,0.0,Gói,,1.0,,,,0.0,1,1,,,,,,
Hàng hóa,THUỐC SÂU,HT009,,NILMITE 100ML,HỢP TRÍ,110000,96430.46,0.0,0,0 ngày,0,0.0,Chai,,1.0,,,https://cdn-images.kiotviet.vn/congtyptk/ecb6e95f0bf14af0804e526517a3a4ff.jpg,0.0,1,1,,,,,,
Hàng hóa,PBL,HT008,,HYDROPHOS 0.5L,BCC,140000,119000.0,0.0,0,0 ngày,0,0.0,Chai,,1.0,,,https://cdn-images.kiotviet.vn/congtyptk/3370388c216543c7a0339cbe16e9997c.jpg,0.0,1,1,,,,,,
Hàng hóa,PBL,HT007,,HYDROFOS -ZN ( 100ML ),HỢP TRÍ,36000,36805.43,0.0,0,12 ngày,0,0.0,Chai,,1.0,,,,0.0,1,1,100 CHAI/THÙNG,,,,,
Hàng hóa,THUỐC BỆNH,HT006,,EDDY 72WP (50G),HỢP TRÍ,32000,29500.0,0.0,0,0 ngày,0,0.0,Gói,,1.0,,,https://cdn2-retail-images.kiotviet.vn/2025/05/02/congtyptk/e36ae15fd8d74cb2a1092c8c37fd9666.png,0.0,1,1,,,,,,
Hàng hóa,THUỐC BỆNH,HT005,,EDDY 300G,BCC,170000,161000.0,0.0,0,0 ngày,0,0.0,Gói,,1.0,,,https://cdn-images.kiotviet.vn/2025/05/02/congtyptk/2b72910f3ef54d089475a009a131c84e.png,0.0,1,1,,,,,,
Hàng hóa,THUỐC SÂU,HT004,,CARBOSAN 100ML,BCC,35000,37000.0,0.0,0,0 ngày,0,0.0,Chai,,1.0,,,,0.0,1,1,,,,,,
Hàng hóa,PBL,HT003,,BRIGHTSTAR 25SC 500ML,HỢP TRÍ,195000,190000.0,0.0,0,0 ngày,0,0.0,Chai,,1.0,,,https://cdn-images.kiotviet.vn/congtyptk/7f26155e3d3b47048f50fd419287ff29.jpg,0.0,1,1,,,,,,
Hàng hóa,THUỐC SÂU,HT002,,BRIGHTIN 15 ML,HỢP TRÍ,10000,7896.1,0.0,0,0 ngày,0,0.0,Gói,,1.0,,,https://cdn-images.kiotviet.vn/congtyptk/73779de01bb547949cbe9640cc771356.jpg,0.0,1,1,,,,,,
Hàng hóa,THUỐC SÂU,HT001,,ACTIMAX GÓI,BCC,10000,9200.0,0.0,0,0 ngày,0,0.0,Gói,,1.0,,,https://cdn-images.kiotviet.vn/congtyptk/e3658622ab9843a1b0574643b53538d8.jpg,0.0,1,1,,,,,,
Hàng hóa,THUỐC BỆNH,HP011,,XANIZED 72WP 500G,HP,155000,122433.39,0.0,0,0 ngày,0,0.0,Gói,,1.0,,,https://cdn-images.kiotviet.vn/congtyptk/38db4fd181ec4d54b0c4a9fc0c535e10.jpg,0.0,1,1,20 GÓI ,,,,,
Hàng hóa,THUỐC BỆNH,SP000122,,XANIZED 72WP 500G,HP,3100000,2448667.8,0.0,0,0 ngày,0,0.0,thung,HP011,20.0,,HP011,,0.0,1,1,20 GÓI ,,,,,
Hàng hóa,THUỐC BỆNH,HP010,,XANIZED 72WP 100G,HP,40000,22933.33,0.0,0,0 ngày,0,0.0,Gói,,1.0,,,https://cdn-images.kiotviet.vn/congtyptk/b3c7781d5aba4ab4bf9d3dd5bc0b12d2.jpg,0.0,1,1,1 thùng 100 gói,,,,,
Hàng hóa,THUỐC BỆNH,SP000323,,XANIZED 72WP 100G,HP,4000000,2293333.0,0.0,0,0 ngày,0,0.0,THÙNG,HP010,100.0,,HP010,,0.0,1,1,1 thùng 100 gói,,,,,
Hàng hóa,THUỐC BỆNH,HP009,,TISABE 550SC 450ML,HP,210000,167382.23,0.0,0,0 ngày,0,0.0,Chai,,1.0,,,https://cdn-images.kiotviet.vn/congtyptk/065e4d4ac64544e6b8d40af8b9dacf11.jpg,0.0,1,1,,,,,,
Hàng hóa,THUỐC BỆNH,HP007,,MONEY 325SC 240ML,HOANG PHUC,250000,233562.13,0.0,0,0 ngày,0,0.0,Chai,,1.0,,,https://cdn-images.kiotviet.vn/congtyptk/05dc74dacf08465986b5fe67d15a997e.jpg,0.0,1,1,,,,,,
Hàng hóa,THUỐC SÂU,HP_JOJO,,JOJOTINO 350WP 12G,HP,25000,16500.0,0.0,0,0 ngày,0,0.0,Gói,,1.0,,,https://cdn-images.kiotviet.vn/congtyptk/dd9eb0b08a524bceab9355b06148a409.jpg,0.0,1,1,600 GÓI/THÙNG,,,,,
Hàng hóa,THUỐC BỆNH,HP005,,HANOVIL 10SC 1LIT,HOANG PHUC,170000,128867.51,0.0,0,0 ngày,0,0.0,Chai,,1.0,,,https://cdn-images.kiotviet.vn/congtyptk/f04b185983d24dd18aaec281c8f5134b.jpg,0.0,1,1,,,,,,
Hàng hóa,THUỐC SÂU,HP_EMA10,,EMABEN 60SG 10G,HP,13000,6642.86,0.0,0,0 ngày,0,0.0,Gói,,1.0,,,https://cdn-images.kiotviet.vn/congtyptk/4e69e861582f4024a7166dd39b86191e.jpg,0.0,1,1,600 GÓI/THÙNG,,,,,
Hàng hóa,THUỐC SÂU,HP003,,EMABEN 2.0EC 400ML,HP,105000,84142.86,0.0,0,0 ngày,0,0.0,Chai,,1.0,,,"https://cdn-images.kiotviet.vn/congtyptk/d81f523bef06493d86d4bfcb08223059.jpg,https://cdn-images.kiotviet.vn/congtyptk/f18747a8dec147858d1f096e1dfa8d33.jpg,https://cdn-images.kiotviet.vn/congtyptk/d462988dc1e94b95a028c381437788c8.jpg",0.0,1,1,,,,,,
Hàng hóa,THUỐC SÂU,HP_EMA100,,EMABEN 2.0EC 100ML,HP,40000,28832.22,0.0,0,0 ngày,0,0.0,Chai,,1.0,,,https://cdn-images.kiotviet.vn/congtyptk/6b52566f04c342de916537532d6b9a24.jpg,0.0,1,1,150 CHAI/THÙNG,,,,,
Hàng hóa,PBL,HOANGPHUC06,,NEPTUNRE 20ML,HOANG PHUC,10000,0.0,0.0,0,0 ngày,0,0.0,Gói,,1.0,,,,0.0,1,1,,,,,,
Hàng hóa,PBL,HOANGPHUC05,,HUMIC CHAI 200ML (ORGANIC NEPTUNE'S),HOANG PHUC,105000,65000.0,0.0,0,0 ngày,0,0.0,Chai,,1.0,,,https://cdn-images.kiotviet.vn/congtyptk/e73831b59d6d4072983803f72117b623.jpg,0.0,1,1,,,,,,
Hàng hóa,PBL,HOANGPHUC04,,HUMIC 99 2 KÍ,HOANG PHUC,5,0.0,0.0,0,0 ngày,0,0.0,Túi,,1.0,,,,0.0,1,1,,,,,,
Hàng hóa,PBL,HOANGPHUC03,,HUMIC 99 ( 5 KÍ),HOANG PHUC,600000,0.0,0.0,0,0 ngày,0,0.0,Túi,,1.0,,,,0.0,1,1,,,,,,
Hàng hóa,PBL,HOANGPHUC02,,HUMIC 95 1 KÍ,HOANG PHUC,140000,110000.0,0.0,0,0 ngày,0,0.0,Túi,,1.0,,,,0.0,1,1,,,,,,
Hàng hóa,PBL,HOANGPHUC01,,HUMIC 95 (20G),HOANG PHUC,12000,6500.0,0.0,0,0 ngày,0,0.0,Gói,,1.0,,,,0.0,1,1,,,,,,
Hàng hóa,HỮU CƠ,HH038,,HỮU CƠ BƯỚM 25KG,VĨNH THẠNH,10000,9400.0,0.0,0,0 ngày,0,0.0,kg,,1.0,,,,0.0,1,1,,,,,,
Hàng hóa,HỮU CƠ,SP000054,,HỮU CƠ BƯỚM 25KG,VĨNH THẠNH,250000,235000.0,0.0,0,0 ngày,0,0.0,BAO,HH038,25.0,,HH038,,0.0,1,1,,,,,,
Hàng hóa,PBG,HH037,,VÔI NÓNG 30KG,,80000,58000.0,0.0,0,0 ngày,0,0.0,Bao,,1.0,,,,0.0,1,1,,,,,,
Hàng hóa,PBG,HH033,,DAP TQ HỒNG HÀ (50KG),,27000,25300.0,0.0,0,0 ngày,0,0.0,kg,,1.0,,,https://cdn-images.kiotviet.vn/congtyptk/119c8ef504d442bfa76a2c49b11eb20c.jpg,0.0,1,1,,,,,,
Hàng hóa,PBG,SP000036,,DAP TQ HỒNG HÀ (50KG),,1280000,1265000.0,0.0,0,0 ngày,0,0.0,Bao,HH033,50.0,,HH033,,0.0,1,1,,,,,,
Hàng hóa,PBL,HH030,,SUPER HUM 1LIT,PHÚ HẢO,112000,100000.0,0.0,0,0 ngày,0,0.0,Chai,,1.0,,,,0.0,1,1,,,,,,
Hàng hóa,PBL,HH029,,SIÊU VI LƯỢNG 3G,PTK,5000,0.0,0.0,0,0 ngày,0,0.0,Gói,,1.0,,,,0.0,1,1,,,,,,
Hàng hóa,PBL,HH028,,SIÊU LÂN 5G,PTK,10000,0.0,0.0,0,0 ngày,0,0.0,Gói,,1.0,,,,0.0,1,1,,,,,,
Hàng hóa,THUỐC BỆNH,HH027,,RAZOCIDE 721Wb 35g,NHẬT VIỆT,13000,8300.0,0.0,0,0 ngày,0,0.0,Gói,,1.0,,,,0.0,1,1,,,,,,
Hàng hóa,THUỐC BỆNH,HH026,,RAZOCIDE 720Wb 100g,NHẬT VIỆT,25000,0.0,0.0,0,0 ngày,0,0.0,Gói,,1.0,,,,0.0,1,1,,,,,,
Hàng hóa,PBL,HH024,,BI A 15ML,PHƯƠNG ĐÔNG,16000,13500.0,0.0,0,0 ngày,0,0.0,Gói,,1.0,,,,0.0,1,1,,,,,,
Hàng hóa,PBL,HH023,,PACLO,,120000,0.0,0.0,0,0 ngày,0,0.0,Xô,,1.0,,,,0.0,1,1,,,,,,
Hàng hóa,THUỐC SÂU,HH022,,ONCOL 450ML,ARYSTA,105000,0.0,0.0,0,0 ngày,0,0.0,Chai,,1.0,,,,0.0,1,1,,,,,,
Hàng hóa,HỮU CƠ,HH019,,HỮU CƠ HÀN QUỐC BAO TRẮNG 20KG,LONG HẢI,9000,5100.0,0.0,0,0 ngày,0,0.0,kg,,1.0,,,https://cdn-images.kiotviet.vn/congtyptk/c55087b1799d4cf0847e0e271c347502.jpg,0.0,1,1,,,,,,
Hàng hóa,HỮU CƠ,SP000044,,HỮU CƠ HÀN QUỐC BAO TRẮNG 20KG,LONG HẢI,150000,102000.0,0.0,0,0 ngày,0,0.0,BAO,HH019,20.0,,HH019,,0.0,1,1,,,,,,
Hàng hóa,LÂN BAO,HH018,,LÂN LONG THÀNH (50KG),LONG THÀNH,7000,6200.0,0.0,0,0 ngày,0,0.0,kg,,1.0,,,,0.0,1,1,,,,,,
Hàng hóa,LÂN BAO,SP000014,,LÂN LONG THÀNH (50KG),LONG THÀNH,325000,310000.0,0.0,0,0 ngày,0,0.0,bao,HH018,50.0,,HH018,,0.0,1,1,,,,,,
Hàng hóa,PBL,HH016,,HUM-K 5LIT,,135000,129000.0,0.0,0,0 ngày,0,0.0,can,,1.0,,,https://cdn2-retail-images.kiotviet.vn/2025/04/14/congtyptk/82e681fc4f214362b0974cfd239e4f22.jpg,0.0,1,1,,,,,,
Hàng hóa,THUỐC SÂU,HH012,,ANVADO ( VUA TRỊ RẦY )100G,VIỆT THẮNG,8000,6100.0,0.0,0,0 ngày,0,0.0,Gói,,1.0,,,https://cdn-images.kiotviet.vn/congtyptk/ad58edd652314dc0a0bce67a9380e5ab.jpg,0.0,1,1,,,,,,
Hàng hóa,THUỐC SÂU,SP000213,,ANVADO ( VUA TRỊ RẦY )100G,VIỆT THẮNG,770000,610000.0,0.0,0,0 ngày,0,0.0,THÙNG,HH012,100.0,,HH012,,0.0,1,1,,,,,,
Hàng hóa,THUỐC BỆNH,HH011,,AGOFAST 100G,ĐỒNG XANH,30000,24000.0,0.0,0,0 ngày,0,0.0,Gói,,1.0,,,,0.0,1,1,,,,,,
Hàng hóa,THUỐC SÂU,HH010,,RADIANT 60SC15ML,LOC TROI,32000,29900.0,0.0,0,0 ngày,0,0.0,Gói,,1.0,,,https://cdn-images.kiotviet.vn/congtyptk/cd4fcff4f64b484b829f09f852049e41.jpg,0.0,1,1,,,,,,
Hàng hóa,THUỐC CỎ,HH008,,GLYPHOSAN 1LIT,LOC TROI,165000,0.0,0.0,0,0 ngày,0,0.0,Chai,,1.0,,,,0.0,1,1,,,,,,
Hàng hóa,PBL,HH007,,COMBI BM 25G,BM,28000,23200.0,0.0,0,0 ngày,0,0.0,Gói,,1.0,,,https://cdn2-retail-images.kiotviet.vn/2025/06/02/congtyptk/86afd3aece98466ca62be63bc7b13d3d.png,0.0,1,1,,,,,,
Hàng hóa,PBG,HH006,,BM 20-10-10 XANH (50KG),BM,26000,23200.0,0.0,0,0 ngày,0,0.0,kg,,1.0,,,,0.0,1,1,,,,,,
Hàng hóa,PBG,SP000073,,BM 20-10-10 XANH (50KG),BM,1250000,1160000.0,0.0,0,0 ngày,0,0.0,Bao,HH006,50.0,,HH006,,0.0,1,1,,,,,,
Hàng hóa,HỮU CƠ,HH001,,HỮU CƠ ĐẦU TRÂU (50KG),BINHDIEN,7000,0.0,0.0,0,0 ngày,0,0.0,kg,,1.0,,,,0.0,1,1,,,,,,
Hàng hóa,HỮU CƠ,SP000207,,HỮU CƠ ĐẦU TRÂU (50KG),BINHDIEN,285000,0.0,0.0,0,0 ngày,0,0.0,Bao,HH001,50.0,,HH001,,0.0,1,1,,,,,,
Hàng hóa,PBG,GSN2668RP,,GSN 26-6-8 RP 25KG,GARSONI,18000,14600.0,0.0,0,0 ngày,0,0.0,kg,,1.0,,,https://cdn2-retail-images.kiotviet.vn/congtyptk/ee0c6a16ab004f9bb6e2aea5e367a4d7.png,0.0,1,1,,,,,,
Hàng hóa,PBG,SP000040,,GSN 26-6-8 RP 25KG,GARSONI,425000,365000.0,0.0,0,0 ngày,0,0.0,Bao,GSN2668RP,25.0,,GSN2668RP,,0.0,1,1,,,,,,
Hàng hóa,PBG,GSN3099,,GSN 30-9-9 USA (25KG)-ROOT POWER,GARSONI,19000,16201.36,0.0,0,0 ngày,0,0.0,kg,,1.0,,,https://cdn-images.kiotviet.vn/congtyptk/6a4b5d3b76ec4c04937f968cbbd2ab2a.jpg,0.0,1,1,,,,,,
Hàng hóa,PBG,SP000023,,GSN 30-9-9 USA (25KG)-ROOT POWER,GARSONI,440000,405034.0,0.0,0,0 ngày,0,0.0,Bao,GSN3099,25.0,,GSN3099,,0.0,1,1,,,,,,
Hàng hóa,PBL,FF014,,PROFARM N35 BẬT CHỒI XANH LÁ 200G,FUTURER FARM,40000,29000.0,0.0,0,0 ngày,0,0.0,GOI,,1.0,,,https://cdn2-retail-images.kiotviet.vn/congtyptk/3d1a53b191104de98301ed319be49dd6.jpg,0.0,1,1,,,,,,
Hàng hóa,PBL,SP000217,,PROFARM N35 BẬT CHỒI XANH LÁ 200G,FUTURER FARM,5000000,3625000.0,0.0,0,0 ngày,0,0.0,THÙNG,FF014,125.0,,FF014,,0.0,1,1,,,,,,
Hàng hóa,PBL,FF013,,TOPMICRO 2.5G,FUTURER FARM,5000,3100.0,1.0,0,0 ngày,0,0.0,Gói,,1.0,,,https://cdn2-retail-images.kiotviet.vn/congtyptk/81792d0a74a84a72bc309bff369c9489.jpg,0.0,1,1,,,,,,
Hàng hóa,PBL,FF012,,PROFARM P55 BẬT MẦM HOA 40G HOA KIỂNG,FUTURER FARM,12000,6739.38,0.0,0,0 ngày,0,0.0,Gói,,1.0,,,https://cdn2-retail-images.kiotviet.vn/congtyptk/eb26b7dbc07b451586b8ecc109a842f3.jpg,0.0,1,1,,,,,,
Hàng hóa,PBL,FF011,,PROFARM P30 RƯỚC MẮT CUA 200G,FUTURER FARM,45000,30000.0,0.0,0,0 ngày,0,0.0,Gói,,1.0,,,https://cdn2-retail-images.kiotviet.vn/congtyptk/f71563bd77a34d1f94431005a0489aa1.jpg,0.0,1,1,,,,,,
Hàng hóa,PBL,FF010,,PROFARM P17 RA HOA SẦU RIÊNG XANH 200G,FUTURER FARM,45000,33500.0,0.0,0,0 ngày,0,0.0,Gói,,1.0,,,https://cdn2-retail-images.kiotviet.vn/congtyptk/2cad880fd39141569bd8e3ad45b5d9c3.jpg,0.0,1,1,,,,,,
Hàng hóa,PBL,FF009,,PROFARM N35 SIÊU XANH SIÊU DƯỠNG 1KG,FUTURER FARM,30000,26984.42,0.0,0,12 ngày,0,0.0,Gói,,1.0,,,,0.0,1,1,,,,,,
Hàng hóa,PBL,SP000163,,PROFARM N35 SIÊU XANH SIÊU DƯỠNG 1KG,FUTURER FARM,150000,134922.1,0.0,0,12 ngày,0,0.0,Hộp,FF009,5.0,,FF009,,0.0,1,1,,,,,,
Hàng hóa,PBL,FF008,,PROFARM KALISOL LỚN TRÁI LÊN GAI 200G,FUTURER FARM,45000,29500.0,0.0,0,0 ngày,0,0.0,Gói,,1.0,,,https://cdn2-retail-images.kiotviet.vn/congtyptk/d9fbace739c74477849991d0dbe7f11c.jpg,0.0,1,1,,,,,,
Hàng hóa,PBL,FF007,,NPK 6-32-32 KPT RA HOA SẦU RIÊNG 250G,FUTURER FARM,45000,33000.0,0.0,0,0 ngày,0,0.0,Gói,,1.0,,,https://cdn2-retail-images.kiotviet.vn/congtyptk/dbdc25e0ffb74a09b3c7c170472e3a0a.jpg,0.0,1,1,,,,,,
Hàng hóa,PBL,FF006,,NPK 6-32-32 KPT HOA KIỂNG 40G,FUTURER FARM,12000,7000.0,0.0,0,0 ngày,0,0.0,Gói,,1.0,,,https://cdn2-retail-images.kiotviet.vn/congtyptk/38ed9db3295d4df284a6f9cb2c2de11e.jpg,0.0,1,1,,,,,,
Hàng hóa,PBL,FF005,,NPK 33-11-11 KPT SIÊU VỌT ĐỌT 450G,FUTURER FARM,65000,50000.0,0.0,0,0 ngày,0,0.0,Chai,,1.0,,,,0.0,1,1,,,,,,
Hàng hóa,PBL,FF004,,NPK 21-21-21 KPT 40G HOA KIỂNG,FUTURER FARM,12000,6900.0,0.0,0,0 ngày,0,0.0,Gói,,1.0,,,https://cdn2-retail-images.kiotviet.vn/congtyptk/5c8e90012266400c90ed80afef05871c.jpg,0.0,1,1,,,,,,
Hàng hóa,PBL,FF003,,NPK 21-21-21 KPT DƯỠNG BÔNG SẦU RIÊNG 200G,FUTURER FARM,45000,25000.0,0.0,0,0 ngày,0,0.0,Gói,,1.0,,,https://cdn2-retail-images.kiotviet.vn/congtyptk/06581c8b0d1f4778a2649c80848f1655.jpg,0.0,1,1,,,,,,
Hàng hóa,PBL,FF002,,NOVIFERT NIMAG SIÊU XANH 50G,FUTURER FARM,12000,5093.83,0.0,0,0 ngày,0,0.0,Gói,,1.0,,,https://cdn2-retail-images.kiotviet.vn/congtyptk/b36cc2b1f69a456493febd4d91317a41.jpg,0.0,1,1,,,,,,
Hàng hóa,PBL,FF001,,PROFAM N35 DƯỠNG CÂY 40G,FUTURER FARM,12000,6900.0,0.0,0,0 ngày,0,0.0,Gói,,1.0,,,https://cdn2-retail-images.kiotviet.vn/congtyptk/4367944e6d2c46ea8dbee452516ee419.jpg,0.0,1,1,,,,,,
Hàng hóa,LÂN BAO,BM019,,LÂN HẠ PHÈN VIÊN (50KG),BA MIỀN,6000,2900.0,0.0,0,0 ngày,0,0.0,kg,,1.0,,,,0.0,1,1,,,,,,
Hàng hóa,LÂN BAO,SP000096,,LÂN HẠ PHÈN VIÊN (50KG),BA MIỀN,245000,145000.0,0.0,0,0 ngày,0,0.0,Bao,BM019,50.0,,BM019,,0.0,1,1,,,,,,
Hàng hóa,LÂN BAO,BM018,,LÂN HẠ PHÈN BỘT (50KG),BA MIỀN,5000,3484.16,0.0,0,0 ngày,0,0.0,kg,,1.0,,,,0.0,1,1,,,,,,
Hàng hóa,LÂN BAO,SP000032,,LÂN HẠ PHÈN BỘT (50KG),BA MIỀN,235000,174208.0,0.0,0,0 ngày,0,0.0,Bao,BM018,50.0,,BM018,,0.0,1,1,,,,,,
Hàng hóa,LÂN BAO,BM017,,LÂN ĐEN HUMIC VIÊN (50KG),BA MIỀN,7000,4050.0,0.0,0,0 ngày,0,0.0,kg,,1.0,,,,0.0,1,1,,,,,,
Hàng hóa,LÂN BAO,SP000047,,LÂN ĐEN HUMIC VIÊN (50KG),BA MIỀN,315000,202500.0,0.0,0,0 ngày,0,0.0,Bao,BM017,50.0,,BM017,,0.0,1,1,,,,,,
Hàng hóa,LÂN BAO,BM016,,LÂN ĐEN HUMIC BỘT (50KG),BA MIỀN,7000,3850.0,0.0,0,0 ngày,0,0.0,kg,,1.0,,,,0.0,1,1,,,,,,
Hàng hóa,LÂN BAO,SP000039,,LÂN ĐEN HUMIC BỘT (50KG),BA MIỀN,285000,192500.0,0.0,0,0 ngày,0,0.0,Bao,BM016,50.0,,BM016,,0.0,1,1,,,,,,
Hàng hóa,PBG,BM015,,HC TỔNG HỢP (50KG),TÊ GIÁC,5,0.0,0.0,0,0 ngày,0,0.0,kg,,1.0,,,,0.0,1,1,,,,,,
Hàng hóa,HỮU CƠ,BM013,,HC 4 TRONG 1 (50KG),BA MIỀN,6000,3750.0,0.0,0,0 ngày,0,0.0,kg,,1.0,,,,0.0,1,1,,,,,,
Hàng hóa,HỮU CƠ,SP000016,,HC 4 TRONG 1 (50KG),BA MIỀN,265000,187500.0,0.0,0,0 ngày,0,0.0,bao,BM013,50.0,,BM013,,0.0,1,1,,,,,,
Hàng hóa,PBG,BM012,,30-30-0 Hoa Kỳ (50KG),BA MIỀN,20000,15500.0,0.0,0,0 ngày,0,0.0,kg,,1.0,,,,0.0,1,1,,,,,,
Hàng hóa,PBG,SP000050,,30-30-0 Hoa Kỳ (50KG),BA MIỀN,970000,775000.0,0.0,0,0 ngày,0,0.0,BAO,BM012,50.0,,BM012,,0.0,1,1,,,,,,
Hàng hóa,PBG,BM301010,,30-10-10 Hoa Kỳ(25KG)- XANH,BA MIỀN,18000,14300.0,0.0,0,0 ngày,0,0.0,kg,,1.0,,,https://cdn2-retail-images.kiotviet.vn/2025/06/02/congtyptk/97867d0a6dea41f7a0d28ea99153b484.jpg,0.0,1,1,,,,,,
Hàng hóa,PBG,SP000082,,30-10-10 Hoa Kỳ(25KG)- XANH,BA MIỀN,430000,357500.0,0.0,0,0 ngày,0,0.0,bao,BM301010,25.0,,BM301010,,0.0,1,1,,,,,,
Hàng hóa,THUỐC BỆNH,BCC062,,SUPER ARMOR 100G,BACONCO,25000,19800.0,0.0,0,0 ngày,0,0.0,Gói,,1.0,,,,0.0,1,1,,,,,,
Hàng hóa,THUỐC BỆNH,BCC061,,PENCOZEB XANH 1KG,BACONCO,155000,119499.98,0.0,0,0 ngày,0,0.0,Gói,,1.0,,,,0.0,1,1,,,,,,
Hàng hóa,THUỐC BỆNH,BCC060,,PENCOZEB VÀNG 1KG,BACONCO,135000,109663.08,0.0,0,0 ngày,0,0.0,Gói,,1.0,,,,0.0,1,1,,,,,,
Hàng hóa,THUỐC BỆNH,BCC059,,COTRIHEX 480 ML,BACONCO,105000,85000.0,0.0,0,0 ngày,0,0.0,Chai,,1.0,,,https://cdn2-retail-images.kiotviet.vn/2025/11/04/congtyptk/246ca56516dc4181a50bd9f22b820763.jpg,0.0,1,1,40CHAI/THÙNG,,,,,
Hàng hóa,THUỐC SÂU,BCC058,,COCYFOS 450ML,BACONCO,125000,0.0,0.0,0,0 ngày,0,0.0,Chai,,1.0,,,,0.0,1,1,,,,,,
Hàng hóa,THUỐC BỆNH,BCC057,,CLEAR FUNGI 100G,BACONCO,45000,36951.15,0.0,0,0 ngày,0,0.0,Gói,,1.0,,,,0.0,1,1,,,,,,
Hàng hóa,PBG,BCC056,,ANTYSALITY (50KG),BACONCO,19000,15700.0,0.0,0,0 ngày,0,0.0,kg,,1.0,,,https://cdn2-retail-images.kiotviet.vn/congtyptk/541184be1c5546bfb70f42725b13cb9e.jpg,0.0,1,1,,,,,,
Hàng hóa,PBG,SP000065,,ANTYSALITY (50KG),BACONCO,950000,785000.0,0.0,0,0 ngày,0,0.0,BAO,BCC056,50.0,,BCC056,,0.0,1,1,,,,,,
Hàng hóa,PBL,BCC053,,19-19-19 PHÁP 5KG,BACONCO,300000,201000.0,0.0,0,0 ngày,0,0.0,Gói,,1.0,,,,0.0,1,1,,,,,,
Hàng hóa,PBL,BCC052,,19-19-19 PHÁP 1KG,BACONCO,65000,41000.0,0.0,0,0 ngày,0,0.0,Gói,,1.0,,,,0.0,1,1,,,,,,
Hàng hóa,PBG,BCC051,,URE PRILLED TRẮNG 50KG,BACONCO,12000,18000.0,0.0,0,0 ngày,0,0.0,kg,,1.0,,,,0.0,1,1,,,,,,
Hàng hóa,PBG,SP000074,,URE PRILLED TRẮNG 50KG,BACONCO,570000,900000.0,0.0,0,0 ngày,0,0.0,bao,BCC051,50.0,,BCC051,,0.0,1,1,,,,,,
Hàng hóa,PBL,BCC049,,SUPERTAN XANH HỘP,BACONCO,85000,43562.5,0.0,0,0 ngày,0,0.0,Hộp,,1.0,,,,0.0,1,1,,,,,,
Hàng hóa,PBL,SP000095,,SUPERTAN XANH HỘP,BACONCO,1700000,871250.0,0.0,0,0 ngày,0,0.0,THÙNG,BCC049,20.0,,BCC049,,0.0,1,1,,,,,,
Hàng hóa,PBL,BCC048,,SUPERTAN XANH GÓI,BACONCO,10000,3700.0,0.0,0,0 ngày,0,0.0,Gói,,1.0,,,https://cdn-images.kiotviet.vn/congtyptk/132f636ad5454264852818bfa5082460.jpg,0.0,1,1,,,,,,
Hàng hóa,PBL,BCC047,,SUPERTAN VÀNG HỘP,BACONCO,85000,53000.0,0.0,0,0 ngày,0,0.0,Hộp,,1.0,,,,0.0,1,1,,,,,,
Hàng hóa,PBL,SP000090,,SUPERTAN VÀNG HỘP,BACONCO,1700000,1060000.0,0.0,0,0 ngày,0,0.0,THÙNG,BCC047,20.0,,BCC047,,0.0,1,1,,,,,,
Hàng hóa,PBL,BCC046,,SUPERTAN VÀNG GÓI,BACONCO,10000,3700.0,0.0,0,0 ngày,0,0.0,Gói,,1.0,,,https://cdn2-retail-images.kiotviet.vn/congtyptk/7ae4330a4cff4d298d51b718effc0e50.jpg,0.0,1,1,,,,,,
Hàng hóa,PBL,SP000088,,SUPERTAN VÀNG GÓI,BACONCO,3000000,1110000.0,0.0,0,0 ngày,0,0.0,thung,BCC046,300.0,,BCC046,,0.0,1,1,,,,,,
Hàng hóa,PBL,BCC045,,SUPERTAN ĐỎ HỘP,BACONCO,85000,46829.56,0.0,0,0 ngày,0,0.0,Hộp,,1.0,,,,0.0,1,1,,,,,,
Hàng hóa,PBL,SP000085,,SUPERTAN ĐỎ HỘP,BACONCO,1200000,936591.2,0.0,0,0 ngày,0,0.0,THÙNG,BCC045,20.0,,BCC045,,0.0,1,1,,,,,,
Hàng hóa,PBL,BCC044,,SUPERTAN ĐỎ GÓI,BACONCO,10000,3700.0,0.0,0,0 ngày,0,0.0,Gói,,1.0,,,https://cdn-images.kiotviet.vn/congtyptk/2039a0b41ae641eabc92cf48d16c5dbd.jpg,0.0,1,1,,,,,,
Hàng hóa,PBL,SP000120,,SUPERTAN ĐỎ GÓI,BACONCO,3000000,1110000.0,0.0,0,0 ngày,0,0.0,thung,BCC044,300.0,,BCC044,,0.0,1,1,,,,,,
Hàng hóa,THUỐC BỆNH,BCC043,,SUPER KOSTIN 250ML,BACONCO,180000,116000.0,0.0,0,0 ngày,0,0.0,Chai,,1.0,,,,0.0,1,1,,,,,,
Hàng hóa,THUỐC BỆNH,BCC042,,SUPER KOSTIN 100ML,BACONCO,75000,55121.11,0.0,0,0 ngày,0,0.0,Chai,,1.0,,,,0.0,1,1,,,,,,
Hàng hóa,THUỐC BỆNH,BCC040,,MICROTHIOL 250G,BACONCO,22000,15000.0,0.0,0,0 ngày,0,0.0,Gói,,1.0,,,,0.0,1,1,,,,,,
Hàng hóa,THUỐC BỆNH,BCC039,,MICROTHIOL 1KG,BACONCO,68000,61000.0,0.0,0,0 ngày,0,0.0,Gói,,1.0,,,https://cdn2-retail-images.kiotviet.vn/congtyptk/42cb9a74043346cda8accd3bec2ea399.png,0.0,1,1,,,,,,
Hàng hóa,PBL,BCC038,,KALIBO,BACONCO,60000,56000.0,0.0,0,0 ngày,0,0.0,Hộp,,1.0,,,https://cdn2-retail-images.kiotviet.vn/congtyptk/6dc17b4b557e47e9b390ddb15a0f3651.jpg,0.0,1,1,,,,,,
Hàng hóa,PBG,BCC037,,KALI MIỄNG (50KG),BACONCO,20000,13800.0,0.0,0,0 ngày,0,0.0,kg,,1.0,,,,0.0,1,1,,,,,,
Hàng hóa,PBG,SP000151,,KALI MIỄNG (50KG),BACONCO,0,13800.0,0.0,0,0 ngày,0,0.0,bao,BCC037,1.0,,BCC037,,0.0,1,1,,,,,,
Hàng hóa,HỮU CƠ,BCC036,,HỮU CƠ PHÁP (25KG),BACONCO,12000,8200.0,0.0,0,0 ngày,0,0.0,kg,,1.0,,,https://cdn-images.kiotviet.vn/congtyptk/4dd9bbe41bc647a3b838001aee5a8ba7.jpg,0.0,1,1,,,,,,
Hàng hóa,HỮU CƠ,SP000024,,HỮU CƠ PHÁP (25KG),BACONCO,280000,205000.0,0.0,0,0 ngày,0,0.0,Bao,BCC036,25.0,,BCC036,,0.0,1,1,,,,,,
Hàng hóa,THUỐC CỎ,BCC034,,GLUPHADEX 900ML- CHÁY,BACONCO,85000,0.0,0.0,0,0 ngày,0,0.0,Chai,,1.0,,,,0.0,1,1,,,,,,
Hàng hóa,THUỐC CỎ,BCC033,,GLUPHADEX 500 ML,BACONCO,80000,69500.0,0.0,0,0 ngày,0,0.0,Chai,,1.0,,,,0.0,1,1,,,,,,
Hàng hóa,THUỐC CỎ,BCC032,,GLUPHADEX 1L,BACONCO,150000,134900.0,0.0,0,0 ngày,0,0.0,Chai,,1.0,,,https://cdn-images.kiotviet.vn/congtyptk/d0ad6688863d4feaa2cc3dff11ea4926.jpg,0.0,1,1,,,,,,
Hàng hóa,PBG,BCC031,,DAP FRANCE 50KG,BACONCO,29000,16569.88,0.0,0,0 ngày,0,0.0,kg,,1.0,,,,0.0,1,1,,,,,,
Hàng hóa,PBG,SP000072,,DAP FRANCE 50KG,BACONCO,1450000,828494.0,0.0,0,0 ngày,0,0.0,Bao,BCC031,50.0,,BCC031,,0.0,1,1,,,,,,
Hàng hóa,THUỐC BỆNH,BCC030,,COMANCY 500g,BACONCO,155000,115000.0,0.0,0,0 ngày,0,0.0,Gói,,1.0,,,,0.0,1,1,1 THÙNG 20 GÓI,,,,,
Hàng hóa,PBL,BCC029,,COFOLI ZIN 50,BACONCO,115000,79045.81,0.0,0,0 ngày,0,0.0,Chai,,1.0,,,https://cdn2-retail-images.kiotviet.vn/congtyptk/6a6532838be74833952d51e567a5acc8.jpg,0.0,1,1,,,,,,
Hàng hóa,PBL,BCC028,,COFOLI PK 500,BACONCO,130000,93000.0,0.0,0,0 ngày,0,0.0,Chai,,1.0,,,https://cdn2-retail-images.kiotviet.vn/congtyptk/d11456820334434a82b152ffff4b3db6.jpg,0.0,1,1,,,,,,
Hàng hóa,PBL,BCC027,,COFOLI MAX 36,BACONCO,115000,73500.0,0.0,0,0 ngày,0,0.0,Chai,,1.0,,,https://cdn2-retail-images.kiotviet.vn/congtyptk/e9a5d6308134411d929cb2561fab8aa4.jpg,0.0,1,1,,,,,,
Hàng hóa,PBL,BCC026,,COFOLI K300 PTK,BACONCO,120000,77136.34,0.0,0,0 ngày,0,0.0,Chai,,1.0,,,"https://cdn-images.kiotviet.vn/congtyptk/ba42963f8a7b44139dd0dce57b57c434.jpg,https://cdn-images.kiotviet.vn/congtyptk/9b9bd06f21214cb4a32faa339a3016e6.jpg",0.0,1,1,,,,,,
Hàng hóa,PBL,SP000092,,COFOLI K300 PTK,BACONCO,2760000,1851272.16,0.0,0,0 ngày,0,0.0,thung,BCC026,24.0,,BCC026,,0.0,1,1,,,,,,
Hàng hóa,PBL,BCC025,,COFOLI K300 CON CÒ,BACONCO,115000,65000.0,0.0,0,0 ngày,0,0.0,Chai,,1.0,,,,0.0,1,1,,,,,,
Hàng hóa,PBL,BCC024,,COFOLI HUMIC,BACONCO,80000,475763.44,0.0,0,0 ngày,0,0.0,Chai,,1.0,,,,0.0,1,1,,,,,,
Hàng hóa,PBL,BCC023,,COFOLI FULVIC PTK,BACONCO,95000,53500.0,0.0,0,0 ngày,0,0.0,Chai,,1.0,,,https://cdn-images.kiotviet.vn/congtyptk/3d24e9f9e0694b58b62742aedfa05189.jpg,0.0,1,1,thùng 24 chai,,,,,
Hàng hóa,PBL,SP000091,,COFOLI FULVIC PTK,BACONCO,0,1284000.0,0.0,0,0 ngày,0,0.0,thung,BCC023,24.0,,BCC023,,0.0,1,1,thùng 24 chai,,,,,
Hàng hóa,PBL,BCC022,,COFOLI COBIO ROOT,BACONCO,125000,81592.86,0.0,0,0 ngày,0,0.0,Chai,,1.0,,,https://cdn2-retail-images.kiotviet.vn/congtyptk/29b43ae99a7b411a85d29ab0d7a41c12.jpg,0.0,1,1,,,,,,
Hàng hóa,PBL,BCC021,,COFOLI CALIMAG,BACONCO,120000,76000.0,0.0,0,0 ngày,0,0.0,Chai,,1.0,,,https://cdn2-retail-images.kiotviet.vn/2025/11/04/congtyptk/54e4bb3ac01647e1a3929a90575d55d9.jpg,0.0,1,1,,,,,,
Hàng hóa,PBL,BCC020,,COFOLI AMINO,BACONCO,130000,93000.0,0.0,0,0 ngày,0,0.0,Chai,,1.0,,,https://cdn2-retail-images.kiotviet.vn/congtyptk/c4afa4448be74e1b997ea77649f5f2dc.jpg,0.0,1,1,,,,,,
Hàng hóa,PBL,BCC019,,CÒ TƯỚI 3 PHÁP ( 1KG ),BACONCO,35000,28842.38,0.0,0,0 ngày,0,0.0,Gói,,1.0,,,,0.0,1,1,,,,,,
Hàng hóa,PBL,BCC018,,CÒ TƯỚI 1 PHÁP(1KG ),BACONCO,35000,24000.0,0.0,0,0 ngày,0,0.0,Gói,,1.0,,,,0.0,1,1,,,,,,
Hàng hóa,PBG,BCC016,,BASEOS 1KG,BACONCO,145000,128000.0,0.0,0,0 ngày,0,0.0,kg,,1.0,,,,0.0,1,1,,,,,,
Hàng hóa,PBG,BCC015,,30-20-5 PHÁP (50kg),BACONCO,21000,19200.0,0.0,0,0 ngày,0,0.0,kg,,1.0,,,"https://cdn-images.kiotviet.vn/congtyptk/933b76eede1e48bca229940213c08d61.jpg,https://cdn-images.kiotviet.vn/congtyptk/d708840e8a7b4949b6c66e1d20980a8f.jpg",0.0,1,1,,,,,,
Hàng hóa,PBG,SP000030,,30-20-5 PHÁP (50kg),BACONCO,980000,960000.0,0.0,0,0 ngày,0,0.0,Bao,BCC015,50.0,,BCC015,,0.0,1,1,,,,,,
Hàng hóa,PBG,BCC013,,25-15-5 AVS (50kg),BACONCO,0,0.0,0.0,0,0 ngày,0,0.0,kg,,1.0,,,,0.0,1,1,,,,,,
Hàng hóa,PBG,SP000083,,25-15-5 AVS (50kg),BACONCO,0,0.0,0.0,0,0 ngày,0,0.0,BAO,BCC013,50.0,,BCC013,,0.0,1,1,,,,,,
Hàng hóa,PBG,BCC012,,24-13-5 PHÁP (50kg),BACONCO,19000,15630.0,0.0,0,0 ngày,0,0.0,kg,,1.0,,,,0.0,1,1,,,,,,
Hàng hóa,PBG,SP000048,,24-13-5 PHÁP (50kg),BACONCO,880000,781500.0,0.0,0,0 ngày,0,0.0,bao,BCC012,50.0,,BCC012,,0.0,1,1,,,,,,
Hàng hóa,PBG,BCC011,,20-20-15 CÒ VÀNG (50kg),BACONCO,21000,19400.0,0.0,0,0 ngày,0,0.0,kg,,1.0,,,"https://cdn-images.kiotviet.vn/congtyptk/d619be86a8a346a4881722610185a1e1.jpg,https://cdn-images.kiotviet.vn/congtyptk/0bbd6589897c4c0192b3f91866eab8c0.jpg",0.0,1,1,,,,,,
Hàng hóa,PBG,SP000022,,20-20-15 CÒ VÀNG (50kg),BACONCO,980000,970000.0,0.0,0,0 ngày,0,0.0,Bao,BCC011,50.0,,BCC011,,0.0,1,1,,,,,,
Hàng hóa,PBG,BCC008,,20-10-10 BASEO (25kg),BACONCO,21000,16800.0,0.0,0,0 ngày,0,0.0,kg,,1.0,,,"https://cdn-images.kiotviet.vn/congtyptk/5cfed43e6acc4f60a4bb6c2688720b09.png,https://cdn-images.kiotviet.vn/congtyptk/8a32cf5f066f48789965c4bfc9cd568e.jpg",0.0,1,1,,,,,,
Hàng hóa,PBG,SP000015,,20-10-10 BASEO (25kg),BACONCO,490000,420000.0,0.0,0,0 ngày,0,0.0,bao,BCC008,25.0,,BCC008,,0.0,1,1,,,,,,
Hàng hóa,PBG,BCC006,,17-17-17 PHÁP (25KG),BACONCO,21000,17565.0,0.0,0,0 ngày,0,0.0,kg,,1.0,,,https://cdn-images.kiotviet.vn/congtyptk/28664f23a4774d33bf56085403cebe5a.png,0.0,1,1,,,,,,
Hàng hóa,PBG,SP000021,,17-17-17 PHÁP (25KG),BACONCO,510000,439125.0,0.0,0,0 ngày,0,0.0,bao,BCC006,25.0,,BCC006,,0.0,1,1,,,,,,
Hàng hóa,PBG,BCC005,,16-16-8 PHÁP BAO XANH (50KG),BACONCO,16000,13500.0,0.0,0,0 ngày,0,0.0,kg,,1.0,,,,0.0,1,1,,,,,,
Hàng hóa,PBG,SP000355,,16-16-8 PHÁP BAO XANH (50KG),BACONCO,755000,675000.0,0.0,0,0 ngày,0,0.0,Bao,BCC005,50.0,,BCC005,,0.0,1,1,,,,,,
Hàng hóa,PBG,BCC004,,15-15-15 PHÁP (50KG),BACONCO,21000,19400.0,0.0,0,0 ngày,0,0.0,kg,,1.0,,,"https://cdn-images.kiotviet.vn/congtyptk/73be18d3e1454554a733d9640891887f.jpg,https://cdn-images.kiotviet.vn/congtyptk/cb4b87dc3e3b44449bee500c2ab0301c.jpg",0.0,1,1,,,,,,
Hàng hóa,PBG,SP000038,,15-15-15 PHÁP (50KG),BACONCO,980000,970000.0,0.0,0,0 ngày,0,0.0,Bao,BCC004,50.0,,BCC004,,0.0,1,1,,,,,,
Hàng hóa,PBL,BCC001,,COFOLI BOR 150,BACONCO,105000,72000.0,0.0,0,0 ngày,0,0.0,Chai,,1.0,,,https://cdn2-retail-images.kiotviet.vn/congtyptk/ca9337b1a7154737823abf02efb049d6.jpg,0.0,1,1,,,,,,
Hàng hóa,THUỐC SÂU,BASF007,,VERISMO 240SC 200ML,BASF,145000,130000.0,0.0,0,12 ngày,0,0.0,Chai,,1.0,,,,0.0,1,1,,,,,,
Hàng hóa,THUỐC BỆNH,BASF006,,POLYRAM 80WG 100G,BASF,35000,28318.36,0.0,0,0 ngày,0,0.0,Gói,,1.0,,,,0.0,1,1,,,,,,
Hàng hóa,THUỐC BỆNH,BASF005,,KUMULUS 1KG,BASF,72000,70500.0,0.0,0,0 ngày,0,0.0,Gói,,1.0,,,https://cdn2-retail-images.kiotviet.vn/congtyptk/87a9c604b2564278833e01304bd046cb.jpg,0.0,1,1,,,,,,
Hàng hóa,THUỐC BỆNH,SP000066,,KUMULUS 1KG,BASF,1440000,1410000.0,0.0,0,0 ngày,0,0.0,THÙNG,BASF005,20.0,,BASF005,,0.0,1,1,,,,,,
Hàng hóa,THUỐC BỆNH,BASF004,,CABRIO TOP 600WG 100G,BASF,64000,58000.0,0.0,0,12 ngày,0,0.0,Gói,,1.0,,,,0.0,1,1,,,,,,
Hàng hóa,THUỐC CỎ,BASF002,,THUỐC CỎ BASTA 15SL 1 LÍT,BASF,205000,221793.97,0.0,0,0 ngày,0,0.0,Chai,,1.0,,,https://cdn2-retail-images.kiotviet.vn/congtyptk/489f9f76c1ce4cd185e57cb10592476f.png,0.0,1,1,,,,,,
Hàng hóa,THUỐC CỎ,SP000157,,THUỐC CỎ BASTA 15SL 1 LÍT,BASF,4100000,4435879.4,0.0,0,0 ngày,0,0.0,THÙNG,BASF002,20.0,,BASF002,,0.0,1,1,,,,,,
Hàng hóa,THUỐC BỆNH,BASF001,,ACGRO BAT MZ 100G,BASF,45000,38999.99,0.0,0,0 ngày,0,0.0,Gói,,1.0,,,,0.0,1,1,,,,,,
Hàng hóa,THUỐC BỆNH,SP000052,,ACGRO BAT MZ 100G,BASF,3800000,3899999.0,0.0,0,0 ngày,0,0.0,THÙNG,BASF001,100.0,,BASF001,,0.0,1,1,,,,,,
