product_type,category_level_3,product_code,product_name,product_brand,selling_price,cost_price,inventory_quantity,customer_reserved_quantity,D? ki?n h?t hàng,max_inventory,unit,base_unit_code,conversion_rate,product_attributes,related_product_codes,image_urls,weight,is_active,is_direct_sale,description,note_template,warehouse_location,component_items
Hàng hóa,PBL,NDLA_06020,0-60-20 GÓI 1 KG,NONG DUOC LA,"125,000.0","77,500.0",0.0,0.0,0 ngày,"999,999,999.00",,,1,,,"https://cdn2-retail-images.kiotviet.vn/2025/09/26/congtyptk/dcbad99347b54bd99b9aec00dd01fd60.jpg,https://cdn2-retail-images.kiotviet.vn/2025/09/26/congtyptk/6269bea5a70b4c7d8a6d577f4fff6e44.jpg",,1,1,TH?NG 25 G?I,,,
Hàng hóa,THU?C B?NH,NVT_DOSIMAX200,DOSIMAX GOLD 200ML,NÔNG VI?T TH?NH,"185,000.0","160,000.0",0.0,0.0,0 ngày,"999,999,999.00",Chai,,1,,,https://cdn2-retail-images.kiotviet.vn/2025/09/26/congtyptk/a2f917a0f8994530b49636b4a891381a.jpg,,1,1,1 TH?NG 60 CHAI,,,
Hàng hóa,THU?C SÂU,HC_AOBA250,AOBA 15EC 250ML,,"265,000.0","264,000.0",0.0,0.0,0 ngày,"999,999,999.00",,,1,,,"https://cdn-images.kiotviet.vn/2025/09/25/congtyptk/5945d4e88f044ca8b5f5f279fa38b39a.jpg,https://cdn-images.kiotviet.vn/2025/09/25/congtyptk/759e6ad2849f436e87b17c1a1235c9eb.jpg",,1,1,Thï¿½ng 40 chai,,,
Hàng hóa,THU?C SÂU,HB_ACTADAN,ACTADAN USA 350WP-80GR,HB -CTY HÒA BÌNH,"20,000.0","11,000.0",0.0,0.0,0 ngày,"999,999,999.00",,,1,,,https://cdn-images.kiotviet.vn/2025/09/19/congtyptk/4cb021373ffd480f81846a6143a8a522.jpg,,1,1,Thï¿½ng 100 gï¿½i,,,
Hàng hóa,THU?C SÂU,HB_SECTOX100,SECTOX 100WP - 100GR ( S?CH B? TR? ),HB -CTY HÒA BÌNH,"12,000.0","9,000.0",0.0,0.0,0 ngày,"999,999,999.00",,,1,,,"https://cdn-images.kiotviet.vn/2025/09/19/congtyptk/d8bb40eb36f44e7f9d25fcd88f452b71.jpg,https://cdn-images.kiotviet.vn/2025/09/19/congtyptk/6f9549ed317e435d93e72a6d06441e78.jpg",,1,1,Thï¿½ng 100 gï¿½i,,,
Hàng hóa,THU?C SÂU,HB_PERTOX,PERTOX 5EC 450ML,HB -CTY HÒA BÌNH,"55,000.0","42,800.0",0.0,0.0,0 ngày,"999,999,999.00",,,1,,,https://cdn-images.kiotviet.vn/2025/09/19/congtyptk/6ed4e6e93bb04e86b1174b1ce9e7f949.jpg,,1,1,Thï¿½ng 30 chai,,,
Hàng hóa,THU?C SÂU,HB_ASARA,ASARA SUPER 250WG - 30GR,HB -CTY HÒA BÌNH,"15,000.0","9,000.0",0.0,0.0,0 ngày,"999,999,999.00",,,1,,,https://cdn-images.kiotviet.vn/2025/09/19/congtyptk/37fcaa24f7584bcfa41e7e4097294fe2.jpg,,1,1,Thï¿½ng 400 gï¿½i,,,
Hàng hóa,THU?C SÂU,HB_CUNGTEN,SADAMIR 200WP - 100GR ( CUNG TÊN ),HB -CTY HÒA BÌNH,"28,000.0","19,200.0",0.0,0.0,0 ngày,"999,999,999.00",,,1,,,https://cdn-images.kiotviet.vn/2025/09/19/congtyptk/4026200f22aa4412883c879886b83987.jpg,,1,1,Thï¿½ng 100 gï¿½i,,,
Hàng hóa,THU?C ?C,PT_OCOBAMA,?C OBAMA 18GR (1KG),TY PHUC THINH,"55,000.0","39,900.0",0.0,0.0,0 ngày,"999,999,999.00",Gï¿½i,,1,,,"https://cdn-images.kiotviet.vn/2025/09/05/congtyptk/e1fa811e1ed24c8b9c093c921aef763c.jpg,https://cdn-images.kiotviet.vn/2025/09/05/congtyptk/a42d0fa5bb5b47939427c4d870db71fe.jpg",,1,1,,,,
Hàng hóa,THU?C ?C,PT_OCOBAMA-1,?C OBAMA 18GR (1KG),TY PHUC THINH,"1,100,000.0","798,000.0",0.0,0.0,0 ngày,"49,999,999.95",TH?NG,PT_OCOBAMA,20,,PT_OCOBAMA,,,1,1,,,,
Hàng hóa,THU?C SÂU,VT_RUOIVANG,RU?I VÀNG ?N ?? (KAKASUPER) 266SC 200ML,VI?T TRUNG,"120,000.0","83,235.0",0.0,0.0,0 ngày,"999,999,999.00",Chai,,1,,,https://cdn-images.kiotviet.vn/2025/08/30/congtyptk/c2fa98bd118544f4bf4c7502f18c2744.jpg,,1,1,1 TH?NG 40 CHAI,,,
Hàng hóa,THU?C SÂU,VT_RUOIVANG-1,RU?I VÀNG ?N ?? (KAKASUPER) 266SC 200ML,VI?T TRUNG,"4,800,000.0","3,329,400.0",0.0,0.0,0 ngày,"24,999,999.98",TH?NG,VT_RUOIVANG,40,,VT_RUOIVANG,,,1,1,1 TH?NG 40 CHAI,,,
Hàng hóa,THU?C SÂU,VT_CHIMUNG,CHIM ?NG (VIETDAN) 29SL 450ML,VI?T TRUNG,"45,000.0","35,266.0",0.0,0.0,0 ngày,"999,999,999.00",Chai,,1,,,"https://cdn-images.kiotviet.vn/2025/08/23/congtyptk/dfa9039cba014f1c9801f2be93af72d9.jpg,https://cdn-images.kiotviet.vn/2025/08/23/congtyptk/badfc355332248688c81505e3c60e21f.jpg",,1,1,,,,
Hàng hóa,THU?C SÂU,VT_CHIMUNG-1,CHIM ?NG (VIETDAN) 29SL 450ML,VI?T TRUNG,"1,350,000.0","1,057,980.0",0.0,0.0,0 ngày,"33,333,333.30",TH?NG,VT_CHIMUNG,30,,VT_CHIMUNG,,,1,1,,,,
Hàng hóa,PBL,NDLA_7544,PTK 7-5-44 250GRAM,NONG DUOC LA,"25,000.0","18,000.0",0.0,0.0,0 ngày,"999,999,999.00",Gï¿½i,,1,,,"https://cdn-images.kiotviet.vn/2025/08/22/congtyptk/07157935741146e7b1889b568f65127b.jpg,https://cdn-images.kiotviet.vn/2025/08/22/congtyptk/266e0f11d95f433ab4387d9b3ae70642.jpg",,1,1,,,,
Hàng hóa,PBL,NDLA_7544-1,PTK 7-5-44 250GRAM,NONG DUOC LA,"2,500,000.0","1,800,000.0",0.0,0.0,0 ngày,"9,999,999.99",TH?NG,NDLA_7544,100,,NDLA_7544,,,1,1,,,,
D?ch v?,Chi phí,SP000361,CHI PHÍ GIAO HÀNG BÌNH PH??C,,"20,000.0",0.0,0.0,0.0,0 ngày,0,L?n,,1,,,,,1,1,,,,
Hàng hóa,THU?C SÂU,NVT_NAPYRIM,NAPYRIM 20SC 450ML,NÔNG VI?T TH?NH,"145,000.0","126,000.0",0.0,0.0,0 ngày,"999,999,999.00",Chai,,1,,,https://cdn2-retail-images.kiotviet.vn/2025/08/12/congtyptk/83e8a9f1c0e143e2bdfe27653c58d03e.jpg,,1,1,1 TH?NG 30 CHAI,,,
Hàng hóa,THU?C SÂU,NVT_NAPYRIM-1,NAPYRIM 20SC 450ML,NÔNG VI?T TH?NH,"4,350,000.0","3,780,000.0",0.0,0.0,0 ngày,"33,333,333.30",TH?NG,NVT_NAPYRIM,30,,NVT_NAPYRIM,,,1,1,1 TH?NG 30 CHAI,,,
Combo - ?óng gói,PBL,PTK_COMBO5,COMBO 5 CHAI CANXI BO K?M 500ML T?NG 1,PTK,"540,000.0",0.0,0.0,0.0,0 ngày,0,,,1,,,https://cdn2-retail-images.kiotviet.vn/2025/08/11/congtyptk/e8bfa666dfe64ee38c1d637c203f627c.jpg,,1,1,,,,NDLA_CANXIBO:6
Hàng hóa,PBG,CCV_2555,NPK 25-5-5 FARMERS 25KG,CON CÒ VÀNG,"17,000.0","14,330.0",0.0,0.0,0 ngày,"999,999,999.00",kg,,1,,,"https://cdn2-retail-images.kiotviet.vn/2025/08/04/congtyptk/9d8afb277036451f8147ac6592198647.jpg,https://cdn2-retail-images.kiotviet.vn/2025/08/04/congtyptk/9cdd6c69bfa94626b1e3285ef11ae70d.jpg",,1,1,,,,
Hàng hóa,PBG,CCV_2555-1,NPK 25-5-5 FARMERS 25KG,CON CÒ VÀNG,"415,000.0","358,250.0",0.0,0.0,0 ngày,"39,999,999.96",Bao,CCV_2555,25,,CCV_2555,,,1,1,,,,
Hàng hóa,THU?C B?NH,VT_THANY,TH?N Y 4H TR? KHU?N (SUNSHI 21WP) 25GRAM,VI?T TRUNG,"10,000.0","6,134.40",0.0,0.0,0 ngày,"999,999,999.00",Gï¿½i,,1,,,https://cdn2-retail-images.kiotviet.vn/2025/07/26/congtyptk/59c96fede79641d9b0956570938a8a26.jpg,,1,1,,,,
Hàng hóa,THU?C B?NH,VT_THANY-1,TH?N Y 4H TR? KHU?N (SUNSHI 21WP) 25GRAM,VI?T TRUNG,"4,000,000.0","2,453,760.0",0.0,0.0,0 ngày,"2,500,000.00",TH?NG,VT_THANY,400,,VT_THANY,,,1,1,,,,
Hàng hóa,THU?C B?NH,VT_AMISU,AMISUPERTOP 500WP 20GRAM,VI?T TRUNG,"18,000.0","11,160.0",0.0,0.0,0 ngày,"999,999,999.00",Gï¿½i,,1,,,https://cdn2-retail-images.kiotviet.vn/2025/07/26/congtyptk/6aa49f2b204643f5bc4688d56208f39a.jpg,,1,1,,,,
Hàng hóa,THU?C B?NH,VT_AMISU-1,AMISUPERTOP 500WP 20GRAM,VI?T TRUNG,"9,000,000.0","5,580,000.0",0.0,0.0,0 ngày,"2,000,000.00",TH?NG,VT_AMISU,500,,VT_AMISU,,,1,1,,,,
Hàng hóa,THU?C B?NH,TH_MIK,MIKSABE 100WP 25GRAM,T?N H?NG,"15,000.0","11,000.0",0.0,0.0,0 ngày,"999,999,999.00",Gï¿½i,,1,,,https://cdn2-retail-images.kiotviet.vn/2025/07/24/congtyptk/aa92dceb84bd45c89212556a56ad68dc.jpg,,1,1,,,,
Hàng hóa,THU?C B?NH,TH_MIK-1,MIKSABE 100WP 25GRAM,T?N H?NG,"6,000,000.0","4,400,000.0",0.0,0.0,0 ngày,"2,500,000.00",TH?NG,TH_MIK,400,,TH_MIK,,,1,1,,,,
Hàng hóa,THU?C B?NH,TH_META,METALAXYL N??C 100ML,T?N H?NG,"50,000.0","28,000.0",0.0,0.0,0 ngày,"999,999,999.00",Chai,,1,,,https://cdn2-retail-images.kiotviet.vn/2025/07/24/congtyptk/65cfbbbab97e46039cad905afd09ed08.jpg,,1,1,,,,
Hàng hóa,THU?C B?NH,TH_META-1,METALAXYL N??C 100ML,T?N H?NG,"5,000,000.0","2,800,000.0",0.0,0.0,0 ngày,"9,999,999.99",TH?NG,TH_META,100,,TH_META,,,1,1,,,,
Hàng hóa,PBL,NDLA_CANXIBO,CANXI BO K?M 500ML,NONG DUOC LA,"90,000.0","50,000.0",0.0,0.0,0 ngày,"999,999,999.00",Chai,,1,,,"https://cdn2-retail-images.kiotviet.vn/2025/07/24/congtyptk/b5524adc967f4a37b42f27691029d885.jpg,https://cdn2-retail-images.kiotviet.vn/2025/07/24/congtyptk/300100739a9945a7a22099588472a839.jpg",,1,1,1 TH?NG 40 CHAI,,,
Hàng hóa,PBL,NDLA_CANXIBO-1,CANXI BO K?M 500ML,NONG DUOC LA,"3,600,000.0","2,000,000.0",0.0,0.0,0 ngày,"24,999,999.98",TH?NG,NDLA_CANXIBO,40,,NDLA_CANXIBO,,,1,1,1 TH?NG 40 CHAI,,,
Hàng hóa,THU?C B?NH,DX_FOSCY,FOSCY 35GRAM,??NG XANH,"18,000.0","12,500.0",0.0,0.0,0 ngày,"999,999,999.00",Gï¿½i,,1,,,https://cdn2-retail-images.kiotviet.vn/2025/07/14/congtyptk/3cd3ecd8fc3e46cf84b600d25ddce212.jpg,,1,1,1 H?P 75 G?I,,,
Hàng hóa,THU?C B?NH,DX_FOSCY-1,FOSCY 35GRAM,??NG XANH,"1,350,000.0","937,500.0",0.0,0.0,0 ngày,"13,333,333.32",H?p,DX_FOSCY,75,,DX_FOSCY,,,1,1,1 H?P 75 G?I,,,
Hàng hóa,THU?C B?NH,DX_CYTHALA,CYTHALA 30GRAM,??NG XANH,"20,000.0","11,800.0",0.0,0.0,0 ngày,"999,999,999.00",Gï¿½i,,1,,,https://cdn-images.kiotviet.vn/2025/07/14/congtyptk/7042a3ef88cc4adc8456f89cd9bb93dc.jpg,,1,1,1 TH?NG 400 G?I,,,
Hàng hóa,THU?C B?NH,DX_CYTHALA-1,CYTHALA 30GRAM,??NG XANH,"8,000,000.0","4,720,000.0",0.0,0.0,0 ngày,"2,500,000.00",TH?NG,DX_CYTHALA,400,,DX_CYTHALA,,,1,1,1 TH?NG 400 G?I,,,
Hàng hóa,THU?C B?NH,DX_LIBERO,LIBERO 35GRAM,??NG XANH,"25,000.0","19,000.0",0.0,0.0,0 ngày,"999,999,999.00",Gï¿½i,,1,,,https://cdn2-retail-images.kiotviet.vn/2025/07/14/congtyptk/6fb8e0a6e98f4b27b93f30fd2ed6adb6.jpg,,1,1,1 TH?NG 300 G?I,,,
Hàng hóa,THU?C B?NH,DX_LIBERO-1,LIBERO 35GRAM,??NG XANH,"7,500,000.0","5,700,000.0",0.0,0.0,0 ngày,"3,333,333.33",TH?NG,DX_LIBERO,300,,DX_LIBERO,,,1,1,1 TH?NG 300 G?I,,,
Hàng hóa,THU?C SÂU,VPC_VISHER480,VISHER 480ML,VIPESCO,"125,000.0","90,420.0",0.0,0.0,0 ngày,"999,999,999.00",Chai,,1,,,https://cdn-images.kiotviet.vn/2025/07/14/congtyptk/6c27f90c70cc4e9298c0967240f83463.jpg,,1,1,1 TH?NG 30 CHAI,,,
Hàng hóa,THU?C SÂU,VPC_VISHER480-1,VISHER 480ML,VIPESCO,"3,750,000.0","2,712,600.0",0.0,0.0,0 ngày,"33,333,333.30",TH?NG,VPC_VISHER480,30,,VPC_VISHER480,,,1,1,1 TH?NG 30 CHAI,,,
Hàng hóa,THU?C SÂU,VPC_VISHER100,VISHER 100ML,VIPESCO,"30,000.0","22,500.0",0.0,0.0,0 ngày,"999,999,999.00",Chai,,1,,,https://cdn-images.kiotviet.vn/2025/07/14/congtyptk/dda8ccb91e4b4d95b9784ada5ce5aa17.jpg,,1,1,1 TH?NG 100 CHAI,,,
Hàng hóa,THU?C SÂU,VPC_VISHER100-1,VISHER 100ML,VIPESCO,"3,000,000.0","2,250,000.0",0.0,0.0,0 ngày,"9,999,999.99",TH?NG,VPC_VISHER100,100,,VPC_VISHER100,,,1,1,1 TH?NG 100 CHAI,,,
Hàng hóa,AN PHAT NONG,APN_FLOWER,APN FLOWER 250GRAM,AN PHÁT NÔNG,"85,000.0","69,000.0",0.0,0.0,0 ngày,"999,999,999.00",Gï¿½i,,1,,,https://cdn2-retail-images.kiotviet.vn/2025/07/05/congtyptk/ef3302deca544a818fc3ff2082a88528.jpg,,1,1,1 TH?NG 100 G?I,,,
Hàng hóa,AN PHAT NONG,APN_FLOWER-1,APN FLOWER 250GRAM,AN PHÁT NÔNG,"8,500,000.0","6,900,000.0",0.0,0.0,0 ngày,"9,999,999.99",TH?NG,APN_FLOWER,100,,APN_FLOWER,,,1,1,1 TH?NG 100 G?I,,,
Hàng hóa,PBG,BM_AURUMA,BM FERTIGANIC 65 OM + 3-2-2 (25KG),BM,"12,000.0","8,000.0",0.0,0.0,0 ngày,"999,999,999.00",kg,,1,,,https://cdn2-retail-images.kiotviet.vn/2025/07/04/congtyptk/45be3426c42b448e9cc65ef1a3049c23.jpg,,1,1,,,,
Hàng hóa,PBG,BM_AURUMA-1,BM FERTIGANIC 65 OM + 3-2-2 (25KG),BM,"280,000.0","200,000.0",0.0,0.0,0 ngày,"39,999,999.96",Bao,BM_AURUMA,25,,BM_AURUMA,,,1,1,,,,
Combo - ?óng gói,PBL,PTK_MATCUA,B? S?N PH?M R??C M?T CUA,,"235,000.0","140,000.0",0.0,0.0,0 ngày,0,B?,,1,,,https://cdn2-retail-images.kiotviet.vn/2025/07/04/congtyptk/4c9baa15fa764d3b869049e1140bb079.png,,1,1,,,,FF_P30_4:1|NIKA_:1
Combo - ?óng gói,PBL,PTK_MIENTRANG,B? S?N PH?M PHÁ MIÊN TR?NG,,"315,000.0","194,500.0",0.0,0.0,0 ngày,0,B?,,1,,,https://cdn-images.kiotviet.vn/2025/07/04/congtyptk/d5cf5b49afb548b195e28ff4665787d5.png,,1,1,,,,FF_P30_4:1|PTK_CYTOKALI:1|NDLA_13046:1
Combo - ?óng gói,PBL,PTK_KICHBONG,B? S?N PH?M ?C CH? KÍCH BÔNG,,"580,000.0","539,000.0",0.0,0.0,0 ngày,0,B?,,1,,,https://cdn2-retail-images.kiotviet.vn/2025/07/04/congtyptk/5f854af9bb0f4fc1b8ea306b5ecdd4d1.png,,1,1,,,,HCTOBA:1|HT BRI:1|NDLA_THAMSAU100:1
Combo - ?óng gói,PBL,PTK_CHANDOTST,B? S?N PH?M CH?N ??T SIÊU T?C,,"390,000.0","229,000.0",0.0,0.0,0 ngày,0,B?,,1,,,https://cdn2-retail-images.kiotviet.vn/2025/07/04/congtyptk/68b3f3527e68498d90374e37b42b12a5.png,,1,1,,,,FF_K1_4:1|NDLA_UNI100:1|NDLA_PK88:1
Combo - ?óng gói,PBL,PTK_SOLA,B? S?N PH?M SO LÁ KÉO C?I ??NG LO?T,,"210,000.0","139,000.0",0.0,0.0,0 ngày,0,B?,,1,,,https://cdn2-retail-images.kiotviet.vn/2025/07/04/congtyptk/54ec351aa34a4bf8a26437a96838ef59.png,,1,1,,,,FF_P17_4:1|NDLA_PK50:1
Combo - ?óng gói,PBL,PTK_DUONGDOT,B? S?N PH?M D??NG ??T,,"260,000.0","162,000.0",0.0,0.0,0 ngày,0,B?,,1,,,https://cdn2-retail-images.kiotviet.vn/2025/07/04/congtyptk/60773274ced840adac506cb29856f62a.png,,1,1,,,,TV_MAGIE 1110:1|TV_SHINKO1L:1
Combo - ?óng gói,PBL,PTK_CHONGRUNG,B? S?N PH?M CH?NG R?NG NUÔI TRÁI,,"315,000.0","180,000.0",0.0,0.0,0 ngày,0,B?,,1,,,https://cdn2-retail-images.kiotviet.vn/2025/07/04/congtyptk/7a4381e44e9746dc84ee378f8cb23358.png,,1,1,,,,FF_K2_4:1|NIKA_:1|VPC_BOCA:1
Combo - ?óng gói,PBL,PTK_CHANDOT,B? S?N PH?M CH?N ??T 24H,,"290,000.0","145,000.0",0.0,0.0,0 ngày,0,B?,,1,,,https://cdn2-retail-images.kiotviet.vn/2025/07/04/congtyptk/c8a682f2903b4d21b25d607fcc06b8ed.png,,1,1,,,,HL_JAPAVIL:1|NDLA_13046:1
Combo - ?óng gói,PBL,PTK_KEODOT,B? S?N PH?M KÉO ??T KÍCH C?I ??NG LO?T,,"195,000.0","122,500.0",0.0,0.0,0 ngày,0,B?,,1,,,https://cdn-images.kiotviet.vn/2025/07/04/congtyptk/30cdf7d8b4564ef98954f7c57bcb3b53.png,,1,1,,,,FF_N35_4:1|PTK_CASTROL:1
Combo - ?óng gói,PBL,PTK_KICHRE,B? S?N PH?M KÍCH R? B?T CH?I,,"205,000.0","119,000.0",0.0,0.0,0 ngày,0,B?,,1,,,https://cdn2-retail-images.kiotviet.vn/2025/07/04/congtyptk/d4ff0e68dfad4a1e87765c98436d8c47.png,,1,1,,,,PTK_CASTROL:1|VPC_VIPAC88:1
Combo - ?óng gói,PBL,PTK_CHINHTRAI,B? S?N PH?M CH?NH TRÁI CH?NG R?NG,,"315,000.0","213,000.0",0.0,0.0,0 ngày,0,B?,,1,,,https://cdn2-retail-images.kiotviet.vn/2025/07/04/congtyptk/90fdf2bccfbd4575bf9b45118a1d3d4b.png,,1,1,,,,NDLA_MEPI:1|NDLA_CHONGSOC:1|VPC_BOCA:1
Combo - ?óng gói,PBL,PTK_VOCOM,B? S?N PH?M VÔ C?M GAI NHÍM,,"265,000.0","155,500.0",0.0,0.0,0 ngày,0,B?,,1,,,https://cdn2-retail-images.kiotviet.vn/2025/07/04/congtyptk/4727f7b028ca4210b0da08b31d6547d8.png,,1,1,,,,NIKA_SILIKA:1|NDLA_AMINO:1
Combo - ?óng gói,THU?C B?NH,HP_BOTT,B? TIÊU DI?T TUY?N TRÙNG N?M B?NH,,"330,000.0","248,769.0",0.0,0.0,0 ngày,0,B?,,1,,,https://cdn2-retail-images.kiotviet.vn/2025/07/04/congtyptk/f27996e3ff024d399b40baf78371741d.png,,1,1,,,,HP_B2:1|HP_ROMIL:1
Hàng hóa,PBG,TH_SULPHATE,SOLUBLES POTASSIUM SULPHATE (KALI TR?NG M?I) 25KG,,"25,000.0","19,800.0",0.0,0.0,0 ngày,"999,999,999.00",kg,,1,,,https://cdn-images.kiotviet.vn/2025/06/28/congtyptk/4bb8e8f8b55747c7bd362c1ca7d59827.jpg,,1,1,,,,
Hàng hóa,PBG,TH_SULPHATE-1,SOLUBLES POTASSIUM SULPHATE (KALI TR?NG M?I) 25KG,,"590,000.0","495,000.0",0.0,0.0,0 ngày,"39,999,999.96",Bao,TH_SULPHATE,25,,TH_SULPHATE,,,1,1,,,,
Hàng hóa,PBG,TH_MAGIE,MAGNESIUM NITRATE (MAGIE NITRATE) (25KG),,"17,000.0","10,800.0",0.0,0.0,0 ngày,"999,999,999.00",kg,,1,,,https://cdn-images.kiotviet.vn/2025/06/26/congtyptk/b93cb4de3a4f48d5b044b31110b87f5e.jpg,,1,1,,,,
Hàng hóa,PBG,TH_MAGIE-1,MAGNESIUM NITRATE (MAGIE NITRATE) (25KG),,"400,000.0","270,000.0",0.0,0.0,0 ngày,"39,999,999.96",Bao,TH_MAGIE,25,,TH_MAGIE,,,1,1,,,,
Hàng hóa,H?U C?,PTK_ACTIVE322MOI,H?U C? ACTIVE GOLD 322 - BAO M?I (25KG ),PTK,"14,000.0",0.0,0.0,0.0,0 ngày,"999,999,999.00",kg,,1,,,https://cdn-images.kiotviet.vn/2025/06/25/congtyptk/ff306bbbfc5e4e3781830639a1848900.jpg,,1,1,,,,
Hàng hóa,H?U C?,PTK_ACTIVE322MOI-1,H?U C? ACTIVE GOLD 322 - BAO M?I (25KG ),PTK,"320,000.0",0.0,0.0,0.0,0 ngày,"39,999,999.96",Bao,PTK_ACTIVE322MOI,25,,PTK_ACTIVE322MOI,,,1,1,,,,
Combo - ?óng gói,PBL,PTK_TAOMAM2,B? S?N PH?M T?O M?M L?N 2,PTK,"330,000.0","214,500.0",0.0,0.0,0 ngày,0,B?,,1,,,https://cdn2-retail-images.kiotviet.vn/2025/06/19/congtyptk/a5b6429a841943afbb1099988e723548.jpg,,1,1,,,,FF_P17_4:1|PTK_CYTOKALI:1|NDLA_PK88:1
Combo - ?óng gói,PBL,PTK_TAOMAM1,B? S?N PH?M T?O M?M L?N 1,PTK,"380,000.0","239,500.0",0.0,0.0,0 ngày,0,B?,,1,,,https://cdn2-retail-images.kiotviet.vn/2025/07/04/congtyptk/0766efd69c4f4faebdb4844e8836cd86.png,,1,1,,,,PTK_PHOSPHITE:1|PTK_P52:1|NDLA_PK50:1
Hàng hóa,H?U C?,PTK_GREENDEMO,HÀNG DEMO - ACTIVE GREEN 25-5-5 + 20%OM (25KG ),PTK,0.0,"15,000.0",0.0,0.0,12 ngày,"999,999,999.00",kg,,1,,,,,1,1,,,,
Hàng hóa,H?U C?,SP000350,HÀNG DEMO - ACTIVE GREEN 25-5-5 + 20%OM (25KG ),PTK,0.0,"375,000.0",0.0,0.0,12 ngày,"39,999,999.96",Bao Demo,PTK_GREENDEMO,25,,PTK_GREENDEMO,,,1,1,,,,
Hàng hóa,H?U C?,PTK_BLUEDEMO,HÀNG DEMO - ACTIVE BLUE 11-11-11 + 15%OM (25KG ),,0.0,"12,000.0",0.0,0.0,0 ngày,"999,999,999.00",kg,,1,,,,,1,1,,,,
Hàng hóa,H?U C?,PTK_BLUEDEMO-1,HÀNG DEMO - ACTIVE BLUE 11-11-11 + 15%OM (25KG ),,0.0,"300,000.0",0.0,0.0,0 ngày,"39,999,999.96",Bao Demo,PTK_BLUEDEMO,25,,PTK_BLUEDEMO,,,1,1,,,,
Hàng hóa,H?U C?,PTK_REDDEMO,HÀNG DEMO - ACTIVE RED 10-5-20 + 20%OM (25KG ),PTK,0.0,"13,000.0",0.0,0.0,0 ngày,"999,999,999.00",kg,,1,,,,,1,1,,,,
Hàng hóa,H?U C?,PTK_REDDEMO-1,HÀNG DEMO - ACTIVE RED 10-5-20 + 20%OM (25KG ),PTK,0.0,"325,000.0",0.0,0.0,0 ngày,"39,999,999.96",Bao Demo,PTK_REDDEMO,25,,PTK_REDDEMO,,,1,1,,,,
Hàng hóa,H?U C?,PTK_ACTIVEGOLD,HÀNG DEMO - ACTIVE GOLD 322 (25KG),PTK,0.0,"9,000.0",0.0,0.0,0 ngày,"999,999,999.00",kg,,1,,,,,1,1,,,,
Hàng hóa,H?U C?,PTK_ACTIVEGOLD-1,HÀNG DEMO - ACTIVE GOLD 322 (25KG),PTK,0.0,"225,000.0",0.0,0.0,0 ngày,"39,999,999.96",Bao Demo,PTK_ACTIVEGOLD,25,,PTK_ACTIVEGOLD,,,1,1,,,,
Hàng hóa,PBG,PTK_ACTIVERED,ACTIVE RED 10-5-20 + 20%OM (25KG ),PTK,"20,000.0","13,000.0",0.0,0.0,0 ngày,"999,999,999.00",kg,,1,,,https://cdn2-retail-images.kiotviet.vn/2025/06/03/congtyptk/ac4c5f8267a044b8a12bb30a33e78b7f.jpg,,1,1,,,,
Hàng hóa,PBG,PTK_ACTIVERED-1,ACTIVE RED 10-5-20 + 20%OM (25KG ),PTK,"475,000.0","325,000.0",0.0,0.0,0 ngày,"39,999,999.96",Bao,PTK_ACTIVERED,25,,PTK_ACTIVERED,,,1,1,,,,
Hàng hóa,PBG,PTK_ACTIVEBLUE,ACTIVE BLUE 11-11-11 + 15%OM (25KG ),PTK,"20,000.0","12,000.0",0.0,0.0,12 ngày,"999,999,999.00",kg,,1,,,https://cdn2-retail-images.kiotviet.vn/2025/06/03/congtyptk/4f991c07dae74c97a2940e6c7e207142.jpg,,1,1,,,,
Hàng hóa,PBG,PTK_ACTIVEBLUE-1,ACTIVE BLUE 11-11-11 + 15%OM (25KG ),PTK,"475,000.0","300,000.0",0.0,0.0,12 ngày,"39,999,999.96",Bao,PTK_ACTIVEBLUE,25,,PTK_ACTIVEBLUE,,,1,1,,,,
Hàng hóa,PBG,PTK_ACTIVEGREEN,ACTIVE GREEN 25-5-5 + 20%OM (25KG ),PTK,"21,000.0","15,000.0",0.0,0.0,0 ngày,"999,999,999.00",kg,,1,,,https://cdn2-retail-images.kiotviet.vn/2025/06/03/congtyptk/fcd19ea7a9134571aea0a5b97cd082da.jpg,,1,1,,,,
Hàng hóa,PBG,PTK_ACTIVEGREEN-1,ACTIVE GREEN 25-5-5 + 20%OM (25KG ),PTK,"505,000.0","375,000.0",0.0,0.0,0 ngày,"39,999,999.96",Bao,PTK_ACTIVEGREEN,25,,PTK_ACTIVEGREEN,,,1,1,,,,
Hàng hóa,THU?C SÂU,VT_MECTIN70,SÁT TH? (NEWMECTIN) 126WG 70GRAM,VI?T TRUNG,"55,000.0","40,546.0",0.0,0.0,0 ngày,"999,999,999.00",Gï¿½i,,1,,,"https://cdn2-retail-images.kiotviet.vn/2025/06/02/congtyptk/f5ff0035f1c740a58054c3824ae14a78.jpg,https://cdn2-retail-images.kiotviet.vn/2025/06/02/congtyptk/0602ca068b4244f987f8efd723522c8c.jpg",,1,1,1 TH?NG 150 G?I,,,
Hàng hóa,THU?C SÂU,VT_MECTIN70-1,SÁT TH? (NEWMECTIN) 126WG 70GRAM,VI?T TRUNG,"8,250,000.0","6,081,900.0",0.0,0.0,0 ngày,"6,666,666.66",TH?NG,VT_MECTIN70,150,,VT_MECTIN70,,,1,1,1 TH?NG 150 G?I,,,
Hàng hóa,PBL,NIKA_LYCHCARIA,LYCHCARIA 100 GRAM,NIKA,"90,000.0","56,000.0",0.0,0.0,0 ngày,"999,999,999.00",Gï¿½i,,1,,,https://cdn-images.kiotviet.vn/2025/05/27/congtyptk/07a3d5e46ce1448fb267906cbb16935f.jpg,,1,1,1 TH?NG 20 G?I,,,
Hàng hóa,PBL,NIKA_LYCHCARIA-1,LYCHCARIA 100 GRAM,NIKA,"18,000,000.0","11,200,000.0",0.0,0.0,0 ngày,"5,000,000.00",TH?NG,NIKA_LYCHCARIA,200,,NIKA_LYCHCARIA,,,1,1,1 TH?NG 20 G?I,,,
Hàng hóa,PBL,TV_SHINKO20,SHINKO 12-12-12 20 LÍT,TRE VIET,"2,850,000.0","1,550,000.0",0.0,0.0,0 ngày,"999,999,999.00",TH?NG,,1,,,https://cdn-images.kiotviet.vn/2025/05/27/congtyptk/255f1062f48e4bf089422aad5175a6ce.jpg,,1,1,,,,
Hàng hóa,PBL,TV_HIKARI1L,HIKARI AMIN 1 LÍT,TRE VIET,"185,000.0","105,000.0",0.0,0.0,0 ngày,"999,999,999.00",Chai,,1,,,https://cdn-images.kiotviet.vn/2025/05/27/congtyptk/776ff0419e194a308d03999c31f34856.jpg,,1,1,1 TH?NG 20 CHAI,,,
Hàng hóa,PBL,TV_HIKARI1L-1,HIKARI AMIN 1 LÍT,TRE VIET,"3,700,000.0","2,100,000.0",0.0,0.0,0 ngày,"49,999,999.95",TH?NG,TV_HIKARI1L,20,,TV_HIKARI1L,,,1,1,1 TH?NG 20 CHAI,,,
Hàng hóa,PBL,TV_SHINKO1L,SHINKO 12-12-12 1 LÍT,TRE VIET,"195,000.0","115,000.0",0.0,0.0,0 ngày,"999,999,999.00",Chai,,1,,,https://cdn-images.kiotviet.vn/2025/05/27/congtyptk/0cb9dca3342049ab875cda5c417054b3.jpg,,1,1,1 TH?NG 20 CHAI,,,
Hàng hóa,PBL,TV_SHINKO1L-1,SHINKO 12-12-12 1 LÍT,TRE VIET,"3,900,000.0","2,300,000.0",0.0,0.0,0 ngày,"49,999,999.95",TH?NG,TV_SHINKO1L,20,,TV_SHINKO1L,,,1,1,1 TH?NG 20 CHAI,,,
Hàng hóa,THU?C SÂU,NVT_CHOPY300,CHOPYFOS 400EC 300ML,NÔNG VI?T TH?NH,"140,000.0","105,000.0",0.0,0.0,0 ngày,"999,999,999.00",Chai,,1,,,https://cdn-images.kiotviet.vn/2025/05/24/congtyptk/43b348ebb3eb4bb195cec38615fca6e1.jpg,,1,1,1 TH?NG 40 CHAI,,,
Hàng hóa,THU?C SÂU,NVT_CHOPY300-1,CHOPYFOS 400EC 300ML,NÔNG VI?T TH?NH,"5,600,000.0","4,200,000.0",0.0,0.0,0 ngày,"24,999,999.98",TH?NG,NVT_CHOPY300,40,,NVT_CHOPY300,,,1,1,1 TH?NG 40 CHAI,,,
Hàng hóa,PBG,CCV_92517RUBY,NPK 9-25-17 RUBY (25KG),CON CÒ VÀNG,"23,000.0","17,600.0",0.0,0.0,0 ngày,"999,999,999.00",kg,,1,,,https://cdn2-retail-images.kiotviet.vn/2025/05/20/congtyptk/d241297738d14d8d83d9987e74108bba.jpg,,1,1,,,,
Hàng hóa,PBG,CCV_92517RUBY-1,NPK 9-25-17 RUBY (25KG),CON CÒ VÀNG,"540,000.0","440,000.0",0.0,0.0,0 ngày,"39,999,999.96",Bao,CCV_92517RUBY,25,,CCV_92517RUBY,,,1,1,,,,
Hàng hóa,PBG,CCV_191919,NPK 19-19-19 RUBY (25KG),CON CÒ VÀNG,"21,000.0","17,000.0",0.0,0.0,0 ngày,"999,999,999.00",kg,,1,,,https://cdn-images.kiotviet.vn/2025/05/20/congtyptk/c904368e8aaa4cff82e3a35648692092.jpg,,1,1,,,,
Hàng hóa,PBG,CCV_191919-1,NPK 19-19-19 RUBY (25KG),CON CÒ VÀNG,"495,000.0","425,000.0",0.0,0.0,0 ngày,"39,999,999.96",Bao,CCV_191919,25,,CCV_191919,,,1,1,,,,
Hàng hóa,PBG,CCV_15920,NPK 15-9-20 RUSSIA (25KG),CON CÒ VÀNG,"21,000.0","18,000.0",0.0,0.0,0 ngày,"999,999,999.00",kg,,1,,,https://cdn2-retail-images.kiotviet.vn/2025/05/20/congtyptk/e629346f1ab1403a9a51c6f2abf24f03.jpg,,1,1,,,,
Hàng hóa,PBG,CCV_15920-1,NPK 15-9-20 RUSSIA (25KG),CON CÒ VÀNG,"505,000.0","450,000.0",0.0,0.0,0 ngày,"39,999,999.96",Bao,CCV_15920,25,,CCV_15920,,,1,1,,,,
Hàng hóa,PBG,CCV_301010,NPK 30-10-10 ENTER-ROOT (25KG),CON CÒ VÀNG,"18,000.0","14,000.0",0.0,0.0,0 ngày,"999,999,999.00",kg,,1,,,https://cdn-images.kiotviet.vn/2025/05/20/congtyptk/3e5316a97dd84ba68ca50982ec75052b.jpg,,1,1,,,,
Hàng hóa,PBG,CCV_301010-1,NPK 30-10-10 ENTER-ROOT (25KG),CON CÒ VÀNG,"430,000.0","350,000.0",0.0,0.0,0 ngày,"39,999,999.96",Bao,CCV_301010,25,,CCV_301010,,,1,1,,,,
Hàng hóa,PBL,FF_N30,PROFARM - N30 500GRAM,FUTURER FARM,"90,000.0","61,000.0",0.0,0.0,0 ngày,"999,999,999.00",h?,,1,,,https://cdn-images.kiotviet.vn/2025/05/17/congtyptk/cde5ed5736c446f1bdfa15cb1929fb97.jpg,,1,1,1 TH?NG 50 H?,,,
Hàng hóa,PBL,FF_N30-1,PROFARM - N30 500GRAM,FUTURER FARM,"4,500,000.0","3,050,000.0",0.0,0.0,0 ngày,"19,999,999.98",TH?NG,FF_N30,50,,FF_N30,,,1,1,1 TH?NG 50 H?,,,
Hàng hóa,PBL,NDLA_THAMSAU100,TH?M SÂU 66 100ML,NONG DUOC LA,"45,000.0","19,000.0",0.0,0.0,0 ngày,"999,999,999.00",Chai,,1,,,https://cdn-images.kiotviet.vn/2025/05/17/congtyptk/4ebf09ca2e19424bb43b47f8aa05c06b.jpg,,1,1,1 TH?NG 100 CHAI,,,
Hàng hóa,PBL,NDLA_THAMSAU100-1,TH?M SÂU 66 100ML,NONG DUOC LA,"4,500,000.0","1,900,000.0",0.0,0.0,0 ngày,"9,999,999.99",TH?NG,NDLA_THAMSAU100,100,,NDLA_THAMSAU100,,,1,1,1 TH?NG 100 CHAI,,,
Hàng hóa,THU?C B?NH,VT_ANIZOL,KH?C TINH CHÁY LÁ (ANIZOL) 430SC 240ML,VI?T TRUNG,"165,000.0","130,290.40",0.0,0.0,0 ngày,"999,999,999.00",Chai,,1,,,https://cdn2-retail-images.kiotviet.vn/2025/05/14/congtyptk/a51644fbb17e41f6b48db027bcf4b3af.jpg,,1,1,"1 TH?NG 40 CHAI
D?ng s?a - Mï¿½t cï¿½y",,,
Hàng hóa,THU?C B?NH,VT_ANIZOL-1,KH?C TINH CHÁY LÁ (ANIZOL) 430SC 240ML,VI?T TRUNG,"6,600,000.0","5,211,616.0",0.0,0.0,0 ngày,"24,999,999.98",TH?NG,VT_ANIZOL,40,,VT_ANIZOL,,,1,1,"1 TH?NG 40 CHAI
D?ng s?a - Mï¿½t cï¿½y",,,
Hàng hóa,THU?C SÂU,VT_NEWMEC,SÁT TH? (NEWMECTIN) 126WG 10GRAM,VI?T TRUNG,"15,000.0","6,596.0",0.0,0.0,12 ngày,"999,999,999.00",Gï¿½i,,1,,,https://cdn-images.kiotviet.vn/2025/05/14/congtyptk/3eadd82c6cbb4a8fbfaf99eef9be2ce5.jpg,,1,1,"D?NG C?M SINH H?C
1 TH?NG 600 G?I",,,
Hàng hóa,THU?C SÂU,VT_NEWMEC-1,SÁT TH? (NEWMECTIN) 126WG 10GRAM,VI?T TRUNG,"9,000,000.0","3,957,600.0",0.0,0.0,12 ngày,"1,666,666.67",TH?NG,VT_NEWMEC,600,,VT_NEWMEC,,,1,1,"D?NG C?M SINH H?C
1 TH?NG 600 G?I",,,
Hàng hóa,PBG,DAPHHD,DAP H?NG HÀ ?EN (50KG),,"27,000.0","23,500.0",0.0,0.0,0 ngày,"999,999,999.00",kg,,1,,,https://cdn-images.kiotviet.vn/2025/05/07/congtyptk/6835261453324dd6b1b8c11fcce31f0b.jpg,,1,1,18-46-0,,,
Hàng hóa,PBG,DAPHHD-1,DAP H?NG HÀ ?EN (50KG),,"1,295,000.0","1,175,000.0",0.0,0.0,0 ngày,"19,999,999.98",bao,DAPHHD,50,,DAPHHD,,,1,1,18-46-0,,,
Hàng hóa,THU?C B?NH,NP_MYCIN,NAFAMYCIN (Gamycinusa 150SL-200ml),NAM PHÁT,"95,000.0","68,000.0",0.0,0.0,0 ngày,"999,999,999.00",Chai,,1,,,https://cdn-images.kiotviet.vn/2025/05/05/congtyptk/a93e324555634193931b2bd1f6b16b9b.jpg,,1,1,"1 thï¿½ng 40 chai
TRI?T KHU?N - T?NG KH?NG - TR? B?NH",,,
Hàng hóa,THU?C B?NH,NP_MYCIN-1,NAFAMYCIN (Gamycinusa 150SL-200ml),NAM PHÁT,"3,800,000.0","2,720,000.0",0.0,0.0,0 ngày,"24,999,999.98",TH?NG,NP_MYCIN,40,,NP_MYCIN,,,1,1,"1 thï¿½ng 40 chai
TRI?T KHU?N - T?NG KH?NG - TR? B?NH",,,
Hàng hóa,THU?C SÂU,NP_BOMTAN,BOM T?N (Bombigold 500WG -100gr),NAM PHÁT,"65,000.0","39,000.0",0.0,0.0,0 ngày,"999,999,999.00",Gï¿½i,,1,,,https://cdn-images.kiotviet.vn/2025/05/05/congtyptk/1adf0cf560a34dab955e6edad1ab1ac0.jpg,,1,1,"1 thï¿½ng 100 gï¿½i
S?CH R?Y - BAY R?P",,,
Hàng hóa,THU?C SÂU,NP_BOMTAN-1,BOM T?N (Bombigold 500WG -100gr),NAM PHÁT,"6,500,000.0","3,900,000.0",0.0,0.0,0 ngày,"9,999,999.99",TH?NG,NP_BOMTAN,100,,NP_BOMTAN,,,1,1,"1 thï¿½ng 100 gï¿½i
S?CH R?Y - BAY R?P",,,
Hàng hóa,THU?C B?NH,NP_MITOPONE,NAFATOP ONE (Mitop one 390SC -240ml),NAM PHÁT,"135,000.0","94,000.0",0.0,0.0,0 ngày,"999,999,999.00",Chai,,1,,,https://cdn-images.kiotviet.vn/2025/05/05/congtyptk/9507d97f5473496181d32b887ad9e866.jpg,,1,1,"1 thï¿½ng 40 chai
D?NG S?A - M?T C?Y",,,
Hàng hóa,THU?C B?NH,NP_MITOPONE-1,NAFATOP ONE (Mitop one 390SC -240ml),NAM PHÁT,"5,400,000.0","3,760,000.0",0.0,0.0,0 ngày,"24,999,999.98",TH?NG,NP_MITOPONE,40,,NP_MITOPONE,,,1,1,"1 thï¿½ng 40 chai
D?NG S?A - M?T C?Y",,,
Hàng hóa,THU?C B?NH,NP_SUPERTOP,NAFA SUPERTOP (Ditrobinusavb 40SC - 200ml),NAM PHÁT,"170,000.0","135,000.0",0.0,0.0,0 ngày,"999,999,999.00",Chai,,1,,,https://cdn-images.kiotviet.vn/2025/05/05/congtyptk/1bedaf86694242109a6f0e3b3d8dfcac.jpg,,1,1,"1 thï¿½ng 40 chai
DI?T TR? N?M T?N G?C, AN TO?N - M?T C?Y",,,
Hàng hóa,THU?C B?NH,NP_SUPERTOP-1,NAFA SUPERTOP (Ditrobinusavb 40SC - 200ml),NAM PHÁT,"6,800,000.0","5,400,000.0",0.0,0.0,0 ngày,"24,999,999.98",TH?NG,NP_SUPERTOP,40,,NP_SUPERTOP,,,1,1,"1 thï¿½ng 40 chai
DI?T TR? N?M T?N G?C, AN TO?N - M?T C?Y",,,
Hàng hóa,THU?C SÂU,VPC_VICARP100,VICARP 95WP 100GRAM,VIPESCO,"60,000.0","47,000.0",0.0,0.0,0 ngày,"999,999,999.00",Gï¿½i,,1,,,https://cdn-images.kiotviet.vn/2025/05/03/congtyptk/e7f2d790e82b41b2aaffecae9d837189.jpg,,1,1,"1 Thï¿½ng 100 gï¿½i
??c tr?: Sï¿½u ??c thï¿½n, sï¿½u cu?n lï¿½",,,
Hàng hóa,THU?C SÂU,VPC_VICARP100-1,VICARP 95WP 100GRAM,VIPESCO,"6,000,000.0","4,700,000.0",0.0,0.0,0 ngày,"9,999,999.99",TH?NG,VPC_VICARP100,100,,VPC_VICARP100,,,1,1,"1 Thï¿½ng 100 gï¿½i
??c tr?: Sï¿½u ??c thï¿½n, sï¿½u cu?n lï¿½",,,
Hàng hóa,THU?C SÂU,NP_TAMTHAITU,NH?N - TAM THÁI T? 240ML,NAM PHÁT,"110,000.0","79,000.0",0.0,0.0,0 ngày,"999,999,999.00",Chai,,1,,,https://cdn2-retail-images.kiotviet.vn/2025/04/22/congtyptk/c25d82adb4d14367832f220abc1483e1.jpg,,1,1,"??c tr? nh?n khï¿½ng thu?c
40 Chai X 240ML",,,
Hàng hóa,THU?C SÂU,NP_TAMTHAITU-1,NH?N - TAM THÁI T? 240ML,NAM PHÁT,"4,400,000.0","3,160,000.0",0.0,0.0,0 ngày,"24,999,999.98",TH?NG,NP_TAMTHAITU,40,,NP_TAMTHAITU,,,1,1,"??c tr? nh?n khï¿½ng thu?c
40 Chai X 240ML",,,
Hàng hóa,THU?C SÂU,NVT_BLUECAT,BLUECAT 568WG 60GRAM,NÔNG VI?T TH?NH,"70,000.0","58,000.0",0.0,0.0,0 ngày,"999,999,999.00",Gï¿½i,,1,,,https://cdn2-retail-images.kiotviet.vn/2025/04/21/congtyptk/cb6cdbd09db843d5b76a100954de1ee5.jpg,,1,1,,,,
Hàng hóa,THU?C SÂU,NVT_BLUECAT-1,BLUECAT 568WG 60GRAM,NÔNG VI?T TH?NH,"10,500,000.0","8,700,000.0",0.0,0.0,0 ngày,"6,666,666.66",TH?NG,NVT_BLUECAT,150,,NVT_BLUECAT,,,1,1,,,,
Hàng hóa,PBG,DRAFERT92517,NPK 9-25-17 DRAFERT (25KG),CÁ HEO,"23,000.0","17,600.0",0.0,0.0,0 ngày,"999,999,999.00",kg,,1,,,https://cdn2-retail-images.kiotviet.vn/2025/04/17/congtyptk/e7cca0762716410689a84e5ec79005a4.jpg,,1,1,,,,
Hàng hóa,PBG,DRAFERT92517-1,NPK 9-25-17 DRAFERT (25KG),CÁ HEO,"540,000.0","440,000.0",0.0,0.0,0 ngày,"39,999,999.96",Bao,DRAFERT92517,25,,DRAFERT92517,,,1,1,,,,
Hàng hóa,PBG,DAP HU,DAP HUMIC (VINACAM) (50KG),,"23,000.0","21,000.0",0.0,0.0,0 ngày,"999,999,999.00",kg,,1,,,https://cdn2-retail-images.kiotviet.vn/2025/04/11/congtyptk/11e22731dedf439eb909f92f1927846d.jpg,,1,1,,,,
Hàng hóa,PBG,DAP HU-1,DAP HUMIC (VINACAM) (50KG),,"1,100,000.0","1,050,000.0",0.0,0.0,0 ngày,"19,999,999.98",BAO,DAP HU,50,,DAP HU,,,1,1,,,,
Hàng hóa,THU?C SÂU,NVT_NOVIMOS,DI?T R?Y S? 1 NOVI MOS 650WG 80GRAM,NÔNG VI?T TH?NH,"55,000.0","48,000.0",0.0,0.0,12 ngày,"999,999,999.00",Gï¿½i,,1,,,https://cdn2-retail-images.kiotviet.vn/2025/04/11/congtyptk/1a7d65d0b52e45849b41be407f0f8f63.jpg,,1,1,,,,
Hàng hóa,THU?C SÂU,SP000310,DI?T R?Y S? 1 NOVI MOS 650WG 80GRAM,NÔNG VI?T TH?NH,"6,600,000.0","5,760,000.0",0.0,0.0,12 ngày,"8,333,333.33",TH?NG,NVT_NOVIMOS,120,,NVT_NOVIMOS,,,1,1,,,,
Hàng hóa,THU?C SÂU,NVT_DOFEN150,DOFEN GOAL 50SC 150ML,NÔNG VI?T TH?NH,"110,000.0","96,000.0",0.0,0.0,0 ngày,"999,999,999.00",Chai,,1,,,https://cdn2-retail-images.kiotviet.vn/2025/04/11/congtyptk/6dedd57e6e5e43d7a7022235f67da568.jpg,,1,1,60 chai X 150ML,,,
Hàng hóa,THU?C SÂU,NVT_NHEN500,DI?T NH?N PYRAMITE 500SC 240ML,NÔNG VI?T TH?NH,"140,000.0","110,000.0",0.0,0.0,0 ngày,"999,999,999.00",Chai,,1,,,https://cdn2-retail-images.kiotviet.vn/2025/04/11/congtyptk/48c46b963d894c7abdc623176fc20082.jpg,,1,1,,,,
Hàng hóa,THU?C SÂU,SP000308,DI?T NH?N PYRAMITE 500SC 240ML,NÔNG VI?T TH?NH,"5,600,000.0","4,400,000.0",0.0,0.0,0 ngày,"24,999,999.98",Thï¿½ng,NVT_NHEN500,40,,NVT_NHEN500,,,1,1,,,,
Hàng hóa,AN PHAT NONG,APN_AMINO,AMINO 4.0 500ML,AN PHÁT NÔNG,0.0,"120,000.0",0.0,0.0,0 ngày,"999,999,999.00",Chai,,1,,,,,1,1,,,,
D?ch v?,Chi phí,CPGHBP,CHI PHÍ GIAO HÀNG ANH NH?T BÌNH PH??C,,"1,800,000.0",0.0,0.0,0.0,0 ngày,0,L?n,,1,,,,,1,1,,,,
Hàng hóa,THU?C SÂU,HB_SETOX,SECTOX 700WG 30GRAM,HB -CTY HÒA BÌNH,"32,000.0","21,400.0",0.0,0.0,0 ngày,"999,999,999.00",Gï¿½i,,1,,,https://cdn2-retail-images.kiotviet.vn/2025/03/27/congtyptk/405cf012d30a48b19f11aead1d124750.jpg,,1,1,,,,
Hàng hóa,THU?C C?,HB_ALYRICE,TR? C? ALYRICE 200WG 35GRAM,HB -CTY HÒA BÌNH,"25,000.0","12,000.0",0.0,0.0,0 ngày,"999,999,999.00",Gï¿½i,,1,,,https://cdn2-retail-images.kiotviet.vn/2025/03/21/congtyptk/86b8253dd61b45a697f8887cc5904343.jpg,,1,1,1 thï¿½ng 150 gï¿½i,,,
Hàng hóa,THU?C C?,SP000320,TR? C? ALYRICE 200WG 35GRAM,HB -CTY HÒA BÌNH,"3,750,000.0","1,800,000.0",0.0,0.0,0 ngày,"6,666,666.66",TH?NG,HB_ALYRICE,150,,HB_ALYRICE,,,1,1,1 thï¿½ng 150 gï¿½i,,,
Hàng hóa,THU?C B?NH,APN_ELI500,ELIXIR 500GR,AN PHÁT NÔNG,"145,000.0","124,000.0",0.0,0.0,0 ngày,"999,999,999.00",Gï¿½i,,1,,,https://cdn2-retail-images.kiotviet.vn/2025/03/20/congtyptk/7e60f17a377e4a71981be39b4e05b12d.jpg,,1,1,,,,
Hàng hóa,HKM,HKM_?ENPIN,?ÈN PIN ??I ??U HT,H?P TRÍ,0.0,0.0,0.0,0.0,0 ngày,"999,999,999.00",C?I_KM,,1,,,,,1,1,,,,
Hàng hóa,PBG,BM_DEMO,H?U C? BMMINOTEC HÀNG DEMO - BAO 25KG,BM,0.0,0.0,0.0,0.0,0 ngày,"999,999,999.00",Bao,,1,,,https://cdn2-retail-images.kiotviet.vn/2025/03/18/congtyptk/2d341bfad91548a9a52bf168f89ff8f3.jpg,,1,1,,,,
Hàng hóa,THU?C SÂU,NVT_DOFEN,DOFENGOAL 50SC 250ML,NÔNG VI?T TH?NH,"190,000.0","158,000.0",0.0,0.0,0 ngày,"999,999,999.00",Chai,,1,,,https://cdn2-retail-images.kiotviet.vn/2025/03/14/congtyptk/25f33e20ddef453cb65b19bde8719041.png,,1,1,,,,
Hàng hóa,THU?C SÂU,NVT_PYFOS,CHOPYFOS 400EC 450ML,NÔNG VI?T TH?NH,"190,000.0","148,500.0",0.0,0.0,0 ngày,"999,999,999.00",Chai,,1,,,https://cdn2-retail-images.kiotviet.vn/2025/03/12/congtyptk/c0b94e93095148e6bbc5e6b6b0b1c07a.jpg,,1,1,,,,
Hàng hóa,THU?C B?NH,HKM_NIKA,DURI CARE 240ML,NIKA,0.0,"60,000.0",0.0,0.0,0 ngày,"999,999,999.00",CHAI KM,,1,,,,,1,1,,,,
Hàng hóa,THU?C B?NH,NIKA_DURICA,DURI CARE QUÉT SÌ M? 1L,NIKA,"320,000.0","220,000.0",0.0,0.0,0 ngày,"999,999,999.00",Chai,,1,,,https://cdn2-retail-images.kiotviet.vn/2025/03/10/congtyptk/5fba4c56ec8446e58d53a5ab1645d974.jpg,,1,1,,,,
Hàng hóa,THU?C SÂU,NVT_DRAMA,DRAMA 2 M?M LÁ 450ML,NÔNG VI?T TH?NH,"140,000.0","106,000.0",0.0,0.0,0 ngày,"999,999,999.00",Chai,,1,,,https://cdn2-retail-images.kiotviet.vn/2025/03/10/congtyptk/59247f447966454a8246e19f59a03c07.png,,1,1,1 thï¿½ng 30 chai,,,
Hàng hóa,THU?C SÂU,SP000321,DRAMA 2 M?M LÁ 450ML,NÔNG VI?T TH?NH,"4,200,000.0","3,180,000.0",0.0,0.0,0 ngày,"33,333,333.30",TH?NG,NVT_DRAMA,30,,NVT_DRAMA,,,1,1,1 thï¿½ng 30 chai,,,
Hàng hóa,THU?C B?NH,NVT_SIMAX,DOSIMAX GOLD 240ML,NÔNG VI?T TH?NH,"250,000.0","188,000.0",0.0,0.0,0 ngày,"999,999,999.00",Chai,,1,,,https://cdn2-retail-images.kiotviet.vn/2025/03/10/congtyptk/387ba86089b047f3ba9d5fb1b0748db9.png,,1,1,,,,
Hàng hóa,PBG,BM_171717,BM POWER 17-17-17 (25KG),BM,"20,000.0","17,600.0",0.0,0.0,0 ngày,"999,999,999.00",kg,,1,,,https://cdn2-retail-images.kiotviet.vn/2025/03/03/congtyptk/e88b9bfcb36641c69b872a015af2260b.jpg,,1,1,,,,
Hàng hóa,PBG,BM_171717-1,BM POWER 17-17-17 (25KG),BM,"490,000.0","440,000.0",0.0,0.0,0 ngày,"39,999,999.96",BAO,BM_171717,25,,BM_171717,,,1,1,,,,
Hàng hóa,H?U C?,BM_MINOTEC,H?U C? MINOTEC SUPER (25KG),BM,"14,000.0","9,800.0",0.0,0.0,0 ngày,"999,999,999.00",kg,,1,,,https://cdn2-retail-images.kiotviet.vn/2025/03/03/congtyptk/503db6c4dac545759e2cc6ee98d56d36.jpg,,1,1,,,,
Hàng hóa,H?U C?,BM_MINOTEC-1,H?U C? MINOTEC SUPER (25KG),BM,"320,000.0","245,000.0",0.0,0.0,0 ngày,"39,999,999.96",BAO,BM_MINOTEC,25,,BM_MINOTEC,,,1,1,,,,
Hàng hóa,PBL,APN_COMBI,COMBI APN 30GRAM,AN PHÁT NÔNG,"30,000.0","22,000.0",0.0,0.0,0 ngày,"999,999,999.00",Gï¿½i,,1,,,https://cdn2-retail-images.kiotviet.vn/2025/02/26/congtyptk/5a5f4be277f24b498b577c12b7083e5a.jpg,,1,1,,,,
Hàng hóa,PBG,BM_TIM16520,BM 16-5-20 TÍM BAO 25 KG,BM,"30,000.0","27,200.0",0.0,0.0,0 ngày,"999,999,999.00",kg,,1,,,https://cdn2-retail-images.kiotviet.vn/2025/02/20/congtyptk/0bab431174a340da8b98802d6ffc7573.jpg,,1,1,,,,
Hàng hóa,PBG,SP000304,BM 16-5-20 TÍM BAO 25 KG,BM,"730,000.0","680,000.0",0.0,0.0,0 ngày,"39,999,999.96",Bao,BM_TIM16520,25,,BM_TIM16520,,,1,1,,,,
Hàng hóa,PBL,NIKA_XCROP,NIKA XCROP CAN 20LIT,NIKA,"5,200,000.0","3,600,000.0",1.0,0.0,0 ngày,"999,999,999.00",can,,1,,,https://cdn2-retail-images.kiotviet.vn/2025/02/10/congtyptk/0375463ea09148ebbb0bf063099ad3c0.jpg,,1,1,,,,
Hàng hóa,PBG,BM _TIM2455,BM 24-5-5 TÍM BAO 25KG,BM,"31,000.0","27,200.0",0.0,0.0,0 ngày,"999,999,999.00",kg,,1,,,https://cdn2-retail-images.kiotviet.vn/2025/01/24/congtyptk/6968c7526bd04fe8a8c1da7eb72f06bd.jpg,,1,1,,,,
Hàng hóa,PBG,BM _TIM2455-1,BM 24-5-5 TÍM BAO 25KG,BM,"760,000.0","680,000.0",0.0,0.0,0 ngày,"39,999,999.96",BAO,BM _TIM2455,25,,BM _TIM2455,,,1,1,,,,
Hàng hóa,PBL,SP000303,CASTROL AMI 20LIT,NIKA,"3,900,000.0","1,850,000.0",0.0,0.0,0 ngày,"999,999,999.00",can,,1,,,https://cdn2-retail-images.kiotviet.vn/2025/01/04/congtyptk/3371816833b74980af593e4dc15b32f9.jpg,,1,1,,,,
Hàng hóa,PBL,PTK_AMI5L,CASTROL AMI 5LIT,NIKA,"1,050,000.0","500,000.0",0.0,0.0,0 ngày,"999,999,999.00",can,,1,,,https://cdn2-retail-images.kiotviet.vn/2025/01/04/congtyptk/4c08b4d211834495a6c1e44a7e10f53b.jpg,,1,1,,,,
Hàng hóa,PBL,HT_HUMIC,SUPER HUMIC B?T - LÌ XÌ T?T 1KG,H?P TRÍ,"75,000.0","86,000.0",0.0,0.0,0 ngày,"999,999,999.00",Gï¿½i,,1,,,,,1,1,,,,
Hàng hóa,THU?C SÂU,VT_PICANA,R?P SÁP 66 (PICANA 450EC) - 400ML,VI?T TRUNG,"160,000.0","129,991.68",0.0,0.0,0 ngày,"999,999,999.00",Chai,,1,,,https://cdn2-retail-images.kiotviet.vn/2025/04/02/congtyptk/c569afed53164641a85e8a0b4782392c.jpg,,1,1,TH?NG 30 CHAI,,,
Hàng hóa,THU?C SÂU,VT_SIEUGON,SIEUGON 370WP 100GR (B? C?P ??),VI?T TRUNG,"35,000.0","20,401.92",0.0,0.0,0 ngày,"999,999,999.00",Gï¿½i,,1,,,https://cdn2-retail-images.kiotviet.vn/2025/04/04/congtyptk/4841468edb8e46c3a1db8732feeca704.jpg,,1,1,1 thï¿½ng 100 gï¿½i X 100gr,,,
Hàng hóa,THU?C SÂU,SP000312,SIEUGON 370WP 100GR (B? C?P ??),VI?T TRUNG,"3,500,000.0","2,040,192.0",0.0,0.0,0 ngày,"9,999,999.99",TH?NG,VT_SIEUGON,100,,VT_SIEUGON,,,1,1,1 thï¿½ng 100 gï¿½i X 100gr,,,
Hàng hóa,PBG,TH_301010,30-10-10 NPK (25KG),,"17,000.0","12,200.0",0.0,0.0,0 ngày,"999,999,999.00",kg,,1,,,https://cdn2-retail-images.kiotviet.vn/2024/12/19/congtyptk/8da23522378a4d5888b482b087ccd798.jpg,,1,1,,,,
Hàng hóa,PBG,TH_301010-1,30-10-10 NPK (25KG),,"410,000.0","305,000.0",0.0,0.0,0 ngày,"39,999,999.96",BAO,TH_301010,25,,TH_301010,,,1,1,,,,
Hàng hóa,PBG,NPK_201010,NPK 20-10-10 BM (kg),BM,"23,000.0","19,000.0",0.0,0.0,0 ngày,"999,999,999.00",kg,,1,,,https://cdn-images.kiotviet.vn/2024/12/18/congtyptk/9c5103e23d244dbca5f7fc657f83e6f3.jpg,,1,1,,,,
Hàng hóa,PBG,SP000302,NPK 20-10-10 BM (kg),BM,"550,000.0","475,000.0",0.0,0.0,0 ngày,"39,999,999.96",bao,NPK_201010,25,,NPK_201010,,,1,1,,,,
Hàng hóa,PBL,APN_FRUSOME,FRUSOME 8SL 200ML,AN PHÁT NÔNG,"300,000.0","260,000.0",0.0,0.0,0 ngày,"999,999,999.00",Chai,,1,,,https://cdn-images.kiotviet.vn/2024/12/16/congtyptk/3ca468303771427fa633da1e7558020a.jpg,,1,1,,,,
Hàng hóa,THU?C SÂU,NVT_TRUNGRAY,UNG TR?NG R?Y 100GR,NÔNG VI?T TH?NH,"30,000.0","17,000.0",0.0,0.0,0 ngày,"999,999,999.00",Gï¿½i,,1,,,https://cdn-images.kiotviet.vn/2024/12/11/congtyptk/b648ef3442d54d09b8ecc03af5a403ba.jpg,,1,1,,,,
Hàng hóa,THU?C SÂU,VT_GOLD260,SÂU R?P 66 (AKULA GOLD 260EW) - 450ML,VI?T TRUNG,"130,000.0","98,386.0",0.0,0.0,0 ngày,"999,999,999.00",Chai,,1,,,https://cdn2-retail-images.kiotviet.vn/2025/04/02/congtyptk/149f1edb6eed48929cdcbdaa4139d96a.jpg,,1,1,TH?NG 30 CHAI,,,
Hàng hóa,THU?C SÂU,VT_CALICYDAN,NH?N 66 (CALICYDAN 150EW) - 450ML,VI?T TRUNG,"120,000.0","96,600.96",0.0,0.0,12 ngày,"999,999,999.00",Chai,,1,,,https://cdn2-retail-images.kiotviet.vn/2025/04/02/congtyptk/99d4e0bb1328473a98c00efa0cddf037.jpg,,1,1,30 chai 1 thï¿½ng,,,
Hàng hóa,THU?C B?NH,VT_TITIONE,AMIUSATOP 760WP 100GR,VI?T TRUNG,"75,000.0","48,222.0",0.0,0.0,0 ngày,"999,999,999.00",Gï¿½i,,1,,,https://cdn-images.kiotviet.vn/2024/12/16/congtyptk/69caea89721b4a7fa5819a9b7b3cf81a.jpg,,1,1,,,,
Hàng hóa,THU?C SÂU,VT_CHAVEZ,CHAVEZ TIÊU R?Y 600WP 100gr,VI?T TRUNG,"60,000.0","48,840.0",0.0,0.0,0 ngày,"999,999,999.00",GOI,,1,,,https://cdn-images.kiotviet.vn/2024/12/10/congtyptk/d286c4c866bd403cae98ae7e61ed5033.png,,1,1,,,,
Hàng hóa,THU?C SÂU,VT_CHESONE,R?Y THÁI (CHESONE) 100GR,VI?T TRUNG,"40,000.0","28,800.0",0.0,0.0,0 ngày,"999,999,999.00",Gï¿½i,,1,,,https://cdn-images.kiotviet.vn/2024/12/10/congtyptk/5b7f218997e240948be879709a46a44e.jpg,,1,1,1 thï¿½ng 100 gï¿½i X 100gr,,,
Hàng hóa,THU?C SÂU,SP000313,R?Y THÁI (CHESONE) 100GR,VI?T TRUNG,"4,000,000.0","2,880,000.0",0.0,0.0,0 ngày,"9,999,999.99",TH?NG,VT_CHESONE,100,,VT_CHESONE,,,1,1,1 thï¿½ng 100 gï¿½i X 100gr,,,
Hàng hóa,THU?C D??NG,NVT_POWDER,HUMATE POWDER 1KG,NÔNG VI?T TH?NH,"220,000.0","120,000.0",0.0,0.0,0 ngày,"999,999,999.00",h?,,1,,,https://cdn-images.kiotviet.vn/2024/12/10/congtyptk/9a78a6862993448f96eb41d4017e4244.png,,1,1,,,,
Hàng hóa,THU?C SÂU,NVT_HEROTO,HERO-TO 300ML,NÔNG VI?T TH?NH,"145,000.0","125,000.0",0.0,0.0,0 ngày,"999,999,999.00",Chai,,1,,,https://cdn-images.kiotviet.vn/2024/12/10/congtyptk/533ff1a4077744f48e4d99f979f7efa0.jpg,,1,1,,,,
Hàng hóa,THU?C B?NH,NVT_DOCTORUC,(DOBIN 250GR + PAROSA 250GR) DOCTOR ÚC 500GR,NÔNG VI?T TH?NH,"280,000.0","230,000.0",0.0,0.0,0 ngày,"999,999,999.00",h?,,1,,,https://cdn-images.kiotviet.vn/2024/12/10/congtyptk/19d85edc0c734e129ff7b8daac6760b1.jpg,,1,1,,,,
Hàng hóa,THU?C SÂU,NVT _RAYXANHPRO50,R?Y XANH PRO 50gr,NÔNG VI?T TH?NH,"25,000.0","16,500.0",0.0,0.0,0 ngày,"999,999,999.00",Gï¿½i,,1,,,https://cdn-images.kiotviet.vn/2024/12/10/congtyptk/3e96efcf56744e27b365c7a1b45fff08.jpg,,1,1,,,,
Hàng hóa,HKM,HKM _HT,H?T NÊM 170GR,,0.0,0.0,0.0,0.0,0 ngày,"999,999,999.00",,,1,,,,,1,1,,,,
Hàng hóa,PBG,YARA_COMPLEX,YARA COMPLEX (25KG ),YARA,"28,000.0","23,750.0",0.0,0.0,0 ngày,"999,999,999.00",kg,,1,,,,,1,1,,,,
Hàng hóa,PBG,YARA_COMPLEX-1,YARA COMPLEX (25KG ),YARA,"670,000.0","593,750.0",0.0,0.0,0 ngày,"39,999,999.96",Bao,YARA_COMPLEX,25,,YARA_COMPLEX,,,1,1,,,,
Hàng hóa,PBL,UNIGREEN_15.30.15,NPK 15-30-15 + TE 1KG,UNIGREEN,"195,000.0",0.0,0.0,0.0,0 ngày,"999,999,999.00",Gï¿½i,,1,,,https://cdn2-retail-images.kiotviet.vn/2024/11/07/congtyptk/4a37be1e69bb49bf80935db36b102ada.jpg,,1,1,,,,
Hàng hóa,THU?C B?NH,SUMMIT_LUNA,LUNA 500SC,SUMMIT,"210,000.0","195,000.0",0.0,0.0,0 ngày,"999,999,999.00",chai,,1,,,https://cdn2-retail-images.kiotviet.vn/2024/10/30/congtyptk/94102538c2704316b72da27136a2c84c.jpg,0,1,1,,,,
Hàng hóa,PBL,SP000300,PTK 500 SIÊU V?T ??T 500GR,,"65,000.0","45,000.0",0.0,0.0,0 ngày,"999,999,999.00",h?,,1,,,https://cdn2-retail-images.kiotviet.vn/2024/10/25/congtyptk/fb7dd9ad7f4f4d218cdedcdc9e79fbcd.jpg,0,1,1,,,,
Hàng hóa,PBG,NDLA_10600,10-60-0 (10kg ),NONG DUOC LA,"400,000.0","350,000.0",0.0,0.0,0 ngày,"999,999,999.00",tï¿½i,,1,,,https://cdn2-retail-images.kiotviet.vn/2024/10/19/congtyptk/43484c9aa28b419a8df2502f55eef351.jpg,0,1,1,,,,
Hàng hóa,PBG,SP000301,10-60-0 (10kg ),NONG DUOC LA,"41,000.0","35,000.0",0.0,0.0,0 ngày,"9,999,999,990.00",kg,NDLA_10600,0.1,,NDLA_10600,,0,1,1,,,,
Hàng hóa,PBL,NDLA_CHONGSOC,CH?NG S?C 250ML,NONG DUOC LA,"85,000.0","55,000.0",0.0,0.0,12 ngày,"999,999,999.00",chai,,1,,,https://cdn2-retail-images.kiotviet.vn/2025/05/02/congtyptk/ba2a75c3bfb14c5a887a719f85f6b6d1.png,0,1,1,,,,
Hàng hóa,HKM,HKM_BINHDAHOPTRI,BÌNH ?Á HT 3L,H?P TRÍ,0.0,0.0,0.0,0.0,0 ngày,"999,999,999.00",C?I_KM,,1,,,,,1,1,,,,
Hàng hóa,HKM,HKM_BEPDIEN,B?P ?I?N,,0.0,0.0,0.0,0.0,0 ngày,"999,999,999.00",C?I_KM,,1,,,,,1,0,,,,
Hàng hóa,PBL,NDLA_13046,13-0-46 RA HOA C?C M?NH 500ml,NONG DUOC LA,"120,000.0","65,000.0",0.0,0.0,0 ngày,"999,999,999.00",chai,,1,,,https://cdn2-retail-images.kiotviet.vn/2025/05/02/congtyptk/0a42c8b72a1344fe84679fe02f211892.png,0,1,1,TH?NG 40 CHAI,,,
Hàng hóa,PBL,NDLA_AO1000,AO 1000 500ML,NONG DUOC LA,"95,000.0","65,000.0",0.0,0.0,0 ngày,"999,999,999.00",chai,,1,,,https://cdn-images.kiotviet.vn/2025/05/02/congtyptk/f2f0a7dc23084e32b195fdf23fa1b228.png,0,1,1,TH?NG 40 CHAI,,,
Hàng hóa,THU?C SÂU,HL_KHONGRAY,KHONGRAY 100GR,HA LONG,"35,000.0","22,000.0",0.0,0.0,0 ngày,"999,999,999.00",gï¿½i,,1,,,https://cdn-images.kiotviet.vn/2025/05/02/congtyptk/6a6180e93853443b88ba2397804c7e54.png,0,1,1,,,,
Hàng hóa,THU?C B?NH,NIKA_DRGREEN,DR.GREEN 800WP 1KG,HITACO,"280,000.0","180,000.0",0.0,0.0,0 ngày,"999,999,999.00",gï¿½i,,1,,,https://cdn2-retail-images.kiotviet.vn/2024/10/16/congtyptk/dea54aea224c4135ad4ce44463b6cd12.jpg,0,1,1,TH?NG 20 G?I,,,
Hàng hóa,PBL,TV_GROWMAX5,GROW MAX 5 LÍT,TRE VIET,"850,000.0","600,000.0",0.0,0.0,0 ngày,"999,999,999.00",can,,1,,,https://cdn2-retail-images.kiotviet.vn/2024/10/16/congtyptk/58419c98fbfa4ed6acb8885d40382864.jpg,0,1,1,,,,
Hàng hóa,THU?C C?,HL_GLUFOCIDE,GLUPHOCIDE 200SL 900ML,HA LONG,"85,000.0","60,000.0",0.0,0.0,0 ngày,"999,999,999.00",Chai,,1,,,https://cdn2-retail-images.kiotviet.vn/2025/05/02/congtyptk/4debf6100d7d41eaae0e51002de90fb8.png,,1,1,TH?NG 20 CHAI,,,
Hàng hóa,THU?C SÂU,HL_NOSAU,NOSAU 85WP 100GR,HA LONG,"65,000.0","45,000.0",0.0,0.0,0 ngày,"999,999,999.00",Gï¿½i,,1,,,https://cdn-images.kiotviet.vn/2025/05/02/congtyptk/98055d48d0994883a1d2721b7dd5d9e3.png,0,1,1,TH?NG 100 G?Iï¿½,,,
Hàng hóa,THU?C SÂU,HL_NOFARA,NOFARA 3 WG C?M (50 GR),HA LONG,"25,000.0","9,000.0",0.0,0.0,0 ngày,"999,999,999.00",Gï¿½i,,1,,,https://cdn2-retail-images.kiotviet.vn/2024/10/16/congtyptk/4b5980e7995547079ec1a1aa1e5dd802.jpg,0,1,1,"TH?NG 200 G?I

",,,
Hàng hóa,PBL,TV_GROWROOT,GROW ROOT 1 LÍT,TRE VIET,"185,000.0","105,000.0",0.0,0.0,0 ngày,"999,999,999.00",Chai,,1,,,https://cdn2-retail-images.kiotviet.vn/2024/10/05/congtyptk/c266e16c1c404817a6cf11fdf56b3ae0.jpg,0,1,1,TH?NG 20 CHAIï¿½,,,
Hàng hóa,PBL,TV_GROWMAX,GROW MAX 1 LÍT,TRE VIET,"195,000.0","115,000.0",0.0,0.0,12 ngày,"999,999,999.00",Chai,,1,,,https://cdn2-retail-images.kiotviet.vn/2024/10/05/congtyptk/2b9b251bdb8f45d1a59a4bcd54141c88.jpg,0,1,1,TH?NG 20 CHAIï¿½,,,
Hàng hóa,THU?C SÂU,HC_TAKUMI,TAKUMI 50GR C?M,AA,"105,000.0","102,000.0",0.0,0.0,0 ngày,"999,999,999.00",Chai,,1,,,,,1,1,TH?NG 64 CHAIï¿½,,,
Hàng hóa,THU?C SÂU,HL_YAPOKO,YAPOKO 250SC 240ML (CHÀO MÀO L?A),HA LONG,"85,000.0","30,500.0",0.0,0.0,0 ngày,"999,999,999.00",chai,,1,,,https://cdn2-retail-images.kiotviet.vn/2024/09/20/congtyptk/4d4c9bc6d48e48a7831aa2433f6f6f4b.jpg,0,1,1,TH?NG 40 CHAIï¿½,,,
Hàng hóa,THU?C SÂU,HL_CYRIN,CYRIN SUPER 250EC 480ML,HA LONG,"75,000.0","45,500.0",0.0,0.0,0 ngày,"999,999,999.00",chai,,1,,,https://cdn2-retail-images.kiotviet.vn/2024/09/20/congtyptk/973ee1a1b6b24e36a67d89e131e0a645.jpg,0,1,1,TH?NG 42 CHAI,,,
Hàng hóa,THU?C B?NH,HL_JAPAVIL,JAPA VIL 110SC 1 LÍT,HA LONG,"170,000.0","80,000.0",0.0,0.0,0 ngày,"999,999,999.00",chai,,1,,,https://cdn2-retail-images.kiotviet.vn/2025/05/02/congtyptk/4812ac9c994545a5a54101ea2017e883.png,0,1,1,TH?NG 20 CHAI,,,
Hàng hóa,PBL,NDLA_COMBI,COMBI 5 KG,NONG DUOC LA,"185,000.0","125,000.0",0.0,0.0,0 ngày,"999,999,999.00",Tï¿½i,,1,,,https://cdn2-retail-images.kiotviet.vn/2024/09/17/congtyptk/868e371d6e4f4720a78eb9c50e200431.jpg,0,1,1,thï¿½ng 5 tï¿½iï¿½,,,
Hàng hóa,PBL,APN_BOTRAC,BOTRAC GOLD 500ML (BOR 10%),AN PHÁT NÔNG,"86,000.0","66,000.0",0.0,0.0,0 ngày,"999,999,999.00",Chai,,1,,,https://cdn2-retail-images.kiotviet.vn/2024/09/16/congtyptk/776ab2f6756f4d44a12955b31a44661e.jpg,0,1,1,thï¿½ng 24 chai,,,
Hàng hóa,PBL,APN_PLUS,APN PLUS 250ML,AN PHÁT NÔNG,"90,000.0","80,000.0",0.0,0.0,0 ngày,"999,999,999.00",chai,,1,,,https://cdn2-retail-images.kiotviet.vn/2024/09/16/congtyptk/f62875070fb64154ac835e91e80ed2de.jpg,0,1,1,thï¿½ng 40 chai,,,
Hàng hóa,H?U C?,PTK _ACTIVEGOLD,H?U C? ACTIVE GOLD 322 (25KG ),PTK,"16,000.0","9,000.0",0.0,0.0,0 ngày,"999,999,999.00",kg,,1,,,https://cdn2-retail-images.kiotviet.vn/2025/05/02/congtyptk/65dabe78c5cb4cfb9bf2cde82475bde2.png,0,1,1,,,,
Hàng hóa,H?U C?,PTK _ACTIVEGOLD-1,H?U C? ACTIVE GOLD 322 (25KG ),PTK,"375,000.0","225,000.0",0.0,0.0,0 ngày,"39,999,999.96",Bao,PTK _ACTIVEGOLD,25,,PTK _ACTIVEGOLD,,0,1,1,,,,
Hàng hóa,THU?C B?NH,HP_AMTECH250,AMTECH 250ML,HP,"105,000.0","82,810.0",0.0,0.0,12 ngày,"999,999,999.00",Chai,,1,,,,,1,1,thï¿½ng 60 chai,,,
Hàng hóa,PBG,PQL_9257,NPK 9-25-17 (25 KG),,"23,000.0","19,282.40",0.0,0.0,0 ngày,"999,999,999.00",kg,,1,,,https://cdn2-retail-images.kiotviet.vn/2024/08/31/congtyptk/465e111972134cf7b0966914c1769e16.jpg,0,1,1,,,,
Hàng hóa,PBG,SP000299,NPK 9-25-17 (25 KG),,"540,000.0","482,060.0",0.0,0.0,0 ngày,"39,999,999.96",bao,PQL_9257,25,,PQL_9257,,0,1,1,,,,
Hàng hóa,PBL,TOBA_AGRO,AGRO TRONG 1 LÍT,TOBA,"210,000.0",0.0,0.0,0.0,0 ngày,"999,999,999.00",Chai,,1,,,,,1,1,,,,
Hàng hóa,PBG,YARA_WINER,YARA WINER 15-9-20 (25KG),YARA,"27,000.0","23,044.07",0.0,0.0,0 ngày,"999,999,999.00",kg,,1,,,https://cdn-images.kiotviet.vn/2025/05/02/congtyptk/01784d24c7224a18b7a6cb293d1d3dae.png,0,1,1,,,,
Hàng hóa,PBG,YARA_WINER-1,YARA WINER 15-9-20 (25KG),YARA,"660,000.0","576,101.75",0.0,0.0,0 ngày,"39,999,999.96",Bao,YARA_WINER,25,,YARA_WINER,,0,1,1,,,,
Hàng hóa,PBL,APN_MKPI,MKPI PHOSPHITE 450GR,AN PHÁT NÔNG,"85,000.0","68,000.0",0.0,0.0,0 ngày,"999,999,999.00",h?,,1,,,https://cdn2-retail-images.kiotviet.vn/2024/08/27/congtyptk/e9f8d4c0171f4b2f9333563590c4601d.jpg,0,1,1,40 H?ï¿½,,,
Hàng hóa,THU?C SÂU,NVT_DORAM100,DORAMTO 100GR,NÔNG VI?T TH?NH,"80,000.0","68,000.0",0.0,0.0,0 ngày,"999,999,999.00",gï¿½i,,1,,,https://cdn2-retail-images.kiotviet.vn/2024/08/21/congtyptk/f698a088ae7c41c2a695fa6ee9874970.jpg,0,1,1,,,,
Hàng hóa,THU?C SÂU,NVT_FISAU,FISAU 450ML,NÔNG VI?T TH?NH,"180,000.0","145,000.0",0.0,0.0,0 ngày,"999,999,999.00",chai,,1,,,https://cdn2-retail-images.kiotviet.vn/2024/08/21/congtyptk/5cc48b1661c24a09ba570a0e1708bf6f.jpg,0,1,1,TH?NG 30 CHAI,,,
Hàng hóa,THU?C SÂU,NVT_DOBAMPER,DOBAMPER 100GR,NÔNG VI?T TH?NH,"60,000.0","42,500.0",0.0,0.0,0 ngày,"999,999,999.00",gï¿½i,,1,,,https://cdn2-retail-images.kiotviet.vn/congtyptk/a3e60734f48d408790e506c1970547ee.jpg,0,1,1,,,,
Hàng hóa,PBL,UNIGREEN_BLOOM5,BLOOM 500GR,UNIGREEN,"99,000.0","99,000.0",0.0,0.0,0 ngày,"999,999,999.00",h?p,,1,,,https://cdn2-retail-images.kiotviet.vn/congtyptk/5016aac69753478392c3bae862860645.jpg,0,1,1,,,,
Hàng hóa,PBL,UNIGREEN_MKP,MKP PHOSKA,UNIGREEN,"115,000.0","95,000.0",0.0,0.0,0 ngày,"999,999,999.00",gï¿½i,,1,,,https://cdn2-retail-images.kiotviet.vn/congtyptk/7d5f2a037b7f4c708f959842780b17c6.jpg,0,1,1,,,,
Hàng hóa,PBL,UNIGREEN_63030,NPK 6-30-30,UNIGREEN,"105,000.0","84,600.0",0.0,0.0,0 ngày,"999,999,999.00",h?p,,1,,,https://cdn2-retail-images.kiotviet.vn/congtyptk/3e92b44e86f741de87e739ddc282d1e6.jpg,0,1,1,,,,
Hàng hóa,PBL,UNIGREEN_153015,NPK 15-30-15 500GR,UNIGREEN,"105,000.0",0.0,0.0,0.0,0 ngày,"999,999,999.00",h?p,,1,,,https://cdn2-retail-images.kiotviet.vn/congtyptk/86c8d8d581f64428a4a4f5b40228458f.jpg,0,1,1,,,,
Hàng hóa,PBL,UNIGREEN_BLOOM1KG,BLOOM 1KG,UNIGREEN,"180,000.0","180,000.0",0.0,0.0,0 ngày,"999,999,999.00",h?p,,1,,,https://cdn2-retail-images.kiotviet.vn/congtyptk/fc97fbb79a0549fa9948d2d1e622f4f1.jpg,0,1,1,,,,
Hàng hóa,PBL,UNIGREEN_202020,NPK 20-20-20 500GR,UNIGREEN,"105,000.0","84,600.0",0.0,0.0,0 ngày,"999,999,999.00",h?p,,1,,,https://cdn2-retail-images.kiotviet.vn/congtyptk/462ae70858e4464d845fd3f9f373d519.jpg,0,1,1,,,,
Hàng hóa,PBL,UNIGREEN_FULVIC,FULVIC 760 1 LÍT,UNIGREEN,"130,000.0",0.0,0.0,0.0,0 ngày,"999,999,999.00",chai,,1,,,https://cdn2-retail-images.kiotviet.vn/congtyptk/627c26ab0c1f4aa59199845bc8ec10ca.jpg,0,1,1,,,,
Hàng hóa,PBL,SP000298,MICRO TRICHO,AA,"135,000.0","95,000.0",0.0,0.0,0 ngày,"999,999,999.00",h?,,1,,,https://cdn2-retail-images.kiotviet.vn/congtyptk/798c073eb29a4843b502fb334f440a34.jpg,0,1,1,,,,
Hàng hóa,THU?C B?NH,APN_620500,ARIGOLD 620 500ML,AN PHÁT NÔNG,"150,000.0","133,000.0",0.0,0.0,0 ngày,"999,999,999.00",chai,,1,,,https://cdn2-retail-images.kiotviet.vn/congtyptk/62fb384503ec44759e26614257847858.jpg,0,1,1,,,,
Hàng hóa,PBL,NIKA_STRONG666,STRONG 666 1 LÍT,NIKA,"165,000.0","115,000.0",0.0,0.0,0 ngày,"999,999,999.00",chai,,1,,,https://cdn2-retail-images.kiotviet.vn/congtyptk/f2f8559b6db84356809a175589bbbae0.jpg,0,1,1,,,,
Hàng hóa,PBL,SP000295,STRONG 666 1 LÍT,NIKA,"3,300,000.0","2,300,000.0",0.0,0.0,0 ngày,"49,999,999.95",TH?NG,NIKA_STRONG666,20,,NIKA_STRONG666,,0,1,1,,,,
Hàng hóa,PBL,"VPC_VIPAC 2,5KG","VIPAC 88 2,5KG",VIPESCO,"215,000.0","128,000.0",0.0,0.0,0 ngày,"999,999,999.00",h?,,1,,,https://cdn2-retail-images.kiotviet.vn/congtyptk/db38e09c40404e8b8d8b3b678d6aac1d.jpg,0,1,1,,,,
Hàng hóa,PBL,SP000296,"VIPAC 88 2,5KG",VIPESCO,"1,290,000.0","768,000.0",0.0,0.0,0 ngày,"166,666,666.50",TH?NG,"VPC_VIPAC 2,5KG",6,,"VPC_VIPAC 2,5KG",,0,1,1,,,,
Hàng hóa,PBG,YARA_121217,YARA MILA SUPER 12-12-17 (25KG),YARA,"27,000.0","24,400.0",0.0,0.0,0 ngày,"999,999,999.00",kg,,1,,,https://cdn2-retail-images.kiotviet.vn/congtyptk/936603395eaf42b084048d7f4d960909.jpg,,1,1,,,,
Hàng hóa,PBG,YARA_121217-1,YARA MILA SUPER 12-12-17 (25KG),YARA,"650,000.0","610,000.0",0.0,0.0,0 ngày,"39,999,999.96",Bao,YARA_121217,25,,YARA_121217,,,1,1,,,,
Hàng hóa,PBL,NDLA_Booster,BOOSTER PRO (10 LÍT),NONG DUOC LA,"1,600,000.0","950,000.0",0.0,0.0,0 ngày,"999,999,999.00",can,,1,,,https://cdn-images.kiotviet.vn/2025/04/29/congtyptk/172d76ce44c0457e9017900342426d47.png,0,1,1,,,,
Hàng hóa,THU?C SÂU,APN_HELLO480,HELLO ONE 480ML,AN PHÁT NÔNG,"180,000.0","145,000.0",0.0,0.0,0 ngày,"999,999,999.00",chai,,1,,,https://cdn-images.kiotviet.vn/congtyptk/efdc53e9967d4172bf299981829af4a5.jpg,0,1,1,thï¿½ng 30 chai,,,
Hàng hóa,PBG,NPK_103015,NPK 10-30-15 (25KG),,"25,000.0","18,278.72",0.0,0.0,0 ngày,"999,999,999.00",kg,,1,,,,,1,1,,,,
Hàng hóa,PBG,NPK_103015-1,NPK 10-30-15 (25KG),,"610,000.0","456,968.0",0.0,0.0,0 ngày,"39,999,999.96",Bao,NPK_103015,25,,NPK_103015,,,1,1,,,,
Hàng hóa,PBG,NPK_25255,NPK 25-25-5 (25KG),,"27,000.0","17,937.85",0.0,0.0,0 ngày,"999,999,999.00",kg,,1,,,,,1,1,,,,
Hàng hóa,PBG,NPK_25255-1,NPK 25-25-5 (25KG),,"650,000.0","448,446.25",0.0,0.0,0 ngày,"39,999,999.96",Bao,NPK_25255,25,,NPK_25255,,,1,1,,,,
Hàng hóa,PBG,NIKA_ULTRACROP,ULTRA CROP,NIKA,"970,000.0","570,000.0",0.0,0.0,0 ngày,"999,999,999.00",can,,1,,,https://cdn-images.kiotviet.vn/2025/05/02/congtyptk/9b65ed20109d4d3d9c06663510bc7226.png,0,1,1,,,,
Hàng hóa,PBG,CAHEO_15_5_25,NPK 15-5-25 ( BAO TÍM 25KG),CÁ HEO,"19,000.0","13,100.0",0.0,0.0,0 ngày,"999,999,999.00",kg,,1,,,https://cdn2-retail-images.kiotviet.vn/congtyptk/ad9a96f0d4d540efb8eca25fcec9f028.jpg,0,1,1,,,,
Hàng hóa,PBG,SP000294,NPK 15-5-25 ( BAO TÍM 25KG),CÁ HEO,"460,000.0","327,500.0",0.0,0.0,0 ngày,"39,999,999.96",bao,CAHEO_15_5_25,25,,CAHEO_15_5_25,,0,1,1,,,,
Hàng hóa,PBG,CAHEO_TRUNGVILUONG,MICRO ROOT (25KG),CÁ HEO,"15,000.0","8,900.0",0.0,0.0,0 ngày,"999,999,999.00",kg,,1,,,https://cdn2-retail-images.kiotviet.vn/congtyptk/c2f0c46111d240cc8b3c4838b81db272.jpg,0,1,1,,,,
Hàng hóa,PBG,SP000293,MICRO ROOT (25KG),CÁ HEO,"350,000.0","222,500.0",0.0,0.0,0 ngày,"39,999,999.96",bao,CAHEO_TRUNGVILUONG,25,,CAHEO_TRUNGVILUONG,,0,1,1,,,,
Hàng hóa,PBL,NPK_3311,NPK 33-11-11 THÁI LAN 500GR,CÁ HEO,"55,000.0","53,100.0",0.0,0.0,0 ngày,"999,999,999.00",h?,,1,,,https://cdn2-retail-images.kiotviet.vn/congtyptk/16d9762f3bf14a7392c2a575a4153c92.jpg,0,1,1,,,,
Hàng hóa,HKM,MAY ?O PH,MÁY ?O PH,PTK,"1,300,000.0","1,100,000.0",0.0,0.0,0 ngày,"999,999,999.00",Cï¿½i,,1,,,,,1,1,,,,
Hàng hóa,HKM,SP000297,MÁY ?O PH,PTK,0.0,"1,100,000.0",0.0,0.0,0 ngày,"999,999,999.00",C?I_KM,MAY ?O PH,1,,MAY ?O PH,,,1,1,,,,
Hàng hóa,PBG,BCC_20-15-10,ANTI ALUM 20-15-10 (BAO 50 KG),BACONCO,"21,000.0","16,100.0",0.0,0.0,0 ngày,"999,999,999.00",kg,,1,,,,,1,1,,,,
Hàng hóa,PBG,BCC_20-15-10-1,ANTI ALUM 20-15-10 (BAO 50 KG),BACONCO,"970,000.0","805,000.0",0.0,0.0,0 ngày,"19,999,999.98",Bao,BCC_20-15-10,50,,BCC_20-15-10,,,1,1,,,,
Hàng hóa,H?U C?,PQL_BM,H?U C? ??C (25KG),,"11,000.0","9,200.0",0.0,0.0,0 ngày,"999,999,999.00",kg,,1,,,https://cdn2-retail-images.kiotviet.vn/congtyptk/fc76247f80a448ebb4b0888de398c68e.jpg,0,1,1,,,,
Hàng hóa,H?U C?,SP000292,H?U C? ??C (25KG),,"250,000.0","230,000.0",0.0,0.0,0 ngày,"39,999,999.96",Bao,PQL_BM,25,,PQL_BM,,0,1,1,,,,
Hàng hóa,H?U C?,PQL_UC,H?U C? ÚC (CHU?T TÚI ) 25 KG,,"15,000.0","12,000.0",0.0,0.0,0 ngày,"999,999,999.00",kg,,1,,,https://cdn2-retail-images.kiotviet.vn/congtyptk/906604f1efb14b6b9fd7ee74afea960f.jpg,0,1,1,,,,
Hàng hóa,H?U C?,SP000291,H?U C? ÚC (CHU?T TÚI ) 25 KG,,"360,000.0","300,000.0",0.0,0.0,0 ngày,"39,999,999.96",bao,PQL_UC,25,,PQL_UC,,0,1,1,,,,
Hàng hóa,H?U C?,PQL_BMUC,H?U C? BM ÚC (BAO TR?NG 25KG),,"16,000.0","13,400.0",0.0,0.0,0 ngày,"999,999,999.00",kg,,1,,,https://cdn2-retail-images.kiotviet.vn/congtyptk/534c6327eff7497cb82c2138ef8f56a4.jpg,0,1,1,,,,
Hàng hóa,H?U C?,SP000290,H?U C? BM ÚC (BAO TR?NG 25KG),,"385,000.0","335,000.0",0.0,0.0,0 ngày,"39,999,999.96",bao,PQL_BMUC,25,,PQL_BMUC,,0,1,1,,,,
Hàng hóa,PBL,NN_HUMK,HUM K BIO FISH 5 LIT,,"105,000.0","90,000.0",0.0,0.0,0 ngày,"999,999,999.00",,,1,,,https://cdn2-retail-images.kiotviet.vn/congtyptk/1656af7a07db481bb0c100f5f8a4ec07.jpg,0,1,1,,,,
Hàng hóa,THU?C SÂU,NN_VITHADAN,VITHADAN 200GR,,"34,000.0","32,000.0",0.0,0.0,0 ngày,"999,999,999.00",Gï¿½i,,1,,,https://cdn2-retail-images.kiotviet.vn/congtyptk/c6912f4ff245483b8c1426f8b5b42086.jpg,0,1,1,thï¿½ng 60 gï¿½iï¿½,,,
Hàng hóa,HKM,BIORICH,PHÂN BÓN H?U C? WADA (25KG),,0.0,0.0,0.0,0.0,0 ngày,"999,999,999.00",BAO KM,,1,,,https://cdn-images.kiotviet.vn/congtyptk/b45117db99a14651b5c81fded38ae890.jpg,0,1,1,,,,
Hàng hóa,THU?C C?,VPC_WEEDIE,WEEDIE 10GR,VIPESCO,"18,000.0","18,900.0",0.0,0.0,0 ngày,"999,999,999.00",Gï¿½i,,1,,,https://cdn2-retail-images.kiotviet.vn/congtyptk/2c53b796c3e042fd89924dcf81ef7d80.jpg,0,1,1,thï¿½ng 200 gï¿½i,,,
Hàng hóa,PBL,NDLA_NANGPH,PH BALANCE (5LÍT ),NONG DUOC LA,"750,000.0","600,000.0",0.0,0.0,0 ngày,"999,999,999.00",can,,1,,,https://cdn-images.kiotviet.vn/2025/05/02/congtyptk/7e1801517c5944e4a59a456d8b682f56.png,0,1,1,,,,
Hàng hóa,THU?C SÂU,NVT_BÁM DÍNH 100ML,BÁM DÍNH 102 (100ML),NÔNG VI?T TH?NH,"50,000.0","30,000.0",0.0,0.0,0 ngày,"999,999,999.00",Chai,,1,,,https://cdn2-retail-images.kiotviet.vn/congtyptk/dd3495bd143e4e1cba476570f0478b3f.jpg,0,1,1,,,,
Hàng hóa,PBL,APN_OVERGREN20,OVERGREEN GOLD 20 LÍT,AN PHÁT NÔNG,"3,400,000.0","2,500,000.0",0.0,0.0,0 ngày,"999,999,999.00",can,,1,,,https://cdn2-retail-images.kiotviet.vn/congtyptk/254a935cd6104732b30566b1f7c07213.jpg,,1,1,,,,
Hàng hóa,PBL,APN_7544,APN 7-5-44 250G,AN PHÁT NÔNG,"28,000.0","20,000.0",0.0,0.0,0 ngày,"999,999,999.00",Gï¿½i,,1,,,https://cdn2-retail-images.kiotviet.vn/congtyptk/5bbfbae947a7402c8868770e4446a57c.jpg,,1,1,80 G?I/TH?NG,,,
Hàng hóa,THU?C SÂU,NVT_HERONOVI,HERO NOVI,NÔNG VI?T TH?NH,"16,000.0","13,000.0",0.0,0.0,0 ngày,"999,999,999.00",gï¿½i,,1,,,https://cdn2-retail-images.kiotviet.vn/congtyptk/f901dba34c5a4e21b90354eaa72052fb.jpeg,0,1,1,TH?NG 500 G?Iï¿½,,,
Hàng hóa,THU?C SÂU,NVT_SAURAYKC,SÂU R?Y KIM C??NG,NÔNG VI?T TH?NH,"15,000.0","10,000.0",0.0,0.0,0 ngày,"999,999,999.00",gï¿½i,,1,,,https://cdn2-retail-images.kiotviet.vn/congtyptk/a20c591b6c03459d8c7290b7d73205a7.jpeg,0,1,1,TH?NG 500 G?Iï¿½,,,
Hàng hóa,HKM,HKM_THAURP,THAU R?I PHÂN YARA,,0.0,0.0,0.0,0.0,0 ngày,"999,999,999.00",Cï¿½i,,1,,,,,1,0,,,,
Hàng hóa,THU?C B?NH,APN_KHUAN,KHU?N APN +++ 240ML,AN PHÁT NÔNG,"135,000.0","105,000.0",0.0,0.0,0 ngày,"999,999,999.00",Chai,,1,,,https://cdn2-retail-images.kiotviet.vn/congtyptk/ae1fe4b4e95344a5bf69691eb001a8a2.jpeg,0,1,1,TH?NG 40 CHAI,,,
Hàng hóa,THU?C B?NH,APN_ELIXIR,ELIXIR 1 KG,AN PHÁT NÔNG,"280,000.0","238,000.0",0.0,0.0,0 ngày,"999,999,999.00",Gï¿½i,,1,,,https://cdn2-retail-images.kiotviet.vn/congtyptk/6272fa0d4dcc4a5aacec9b1d579b22b5.jpeg,0,1,1,TH?NG 20 G?I,,,
Hàng hóa,PBG,PQL_KALI,KALI SULPHATE (KALI TR?NG ) 25KG,,"21,000.0","19,600.0",0.0,0.0,0 ngày,"999,999,999.00",kg,,1,,,https://cdn2-retail-images.kiotviet.vn/congtyptk/f52f603d270b47dfa67ec71f3d03c5b4.jpeg,0,1,1,,,,
Hàng hóa,PBG,SP000288,KALI SULPHATE (KALI TR?NG ) 25KG,,"510,000.0","490,000.0",0.0,0.0,0 ngày,"39,999,999.96",Bao,PQL_KALI,25,,PQL_KALI,,0,1,1,,,,
Hàng hóa,THU?C SÂU,NVT_HERO,HERO CHESS 100GR,NÔNG VI?T TH?NH,"60,000.0","45,000.0",0.0,0.0,0 ngày,"999,999,999.00",Gï¿½i,,1,,,https://cdn2-retail-images.kiotviet.vn/congtyptk/5f30677d77974d9485800bb01d2e86f3.jpeg,0,1,1,TH?NG 100 G?Iï¿½,,,
Hàng hóa,PBL,TOBA_AGROSTRONG,AGRO STRONG 5 LÍT,TOBA,"950,000.0","830,000.0",0.0,0.0,0 ngày,"999,999,999.00",can,,1,,,https://cdn2-retail-images.kiotviet.vn/congtyptk/af54be2c5f324cc89684b24a7a7fa7f2.jpeg,0,1,1,TH?NG 4 CAN,,,
Hàng hóa,PBL,TOBA_XANH,TOBA XANH 1LÍT,TOBA,"210,000.0","175,000.0",0.0,0.0,12 ngày,"999,999,999.00",Chai,,1,,,https://cdn2-retail-images.kiotviet.vn/congtyptk/ee0e89917d3e422f8b6d8c7369103d91.jpeg,0,1,1,TH?NG 20 CHAI,,,
Hàng hóa,HKM,HKM_QU?T,QU?T MÁY SENKO,,0.0,"340,000.0",2.0,0.0,0 ngày,"999,999,999.00",C?I_KM,,1,,,,,1,1,,,,
Hàng hóa,H?U C?,PQL_HCD?I,H?U C? D?I OGRANIC VANTECH,,"10,000.0","7,600.0",0.0,0.0,0 ngày,"999,999,999.00",kg,,1,,,https://cdn2-retail-images.kiotviet.vn/congtyptk/933842c1686a46d2af4a15d22a431dfd.jpeg,0,1,1,,,,
Hàng hóa,H?U C?,SP000286,H?U C? D?I OGRANIC VANTECH,,"250,000.0","190,000.0",0.0,0.0,0 ngày,"39,999,999.96",Bao,PQL_HCD?I,25,,PQL_HCD?I,,0,1,1,,,,
Hàng hóa,THU?C SÂU,VPC_VIPER1LIT,VIPER 1 LÍT,VIPESCO,"530,000.0","483,600.0",0.0,0.0,0 ngày,"999,999,999.00",Chai,,1,,,,0,1,1,TH?NG 12 CHAIï¿½,,,
Hàng hóa,HKM,HKM_AOTHUN,ÁO THUN YARA,,0.0,0.0,25.0,0.0,0 ngày,"999,999,999.00",Cï¿½i,,1,,,,0,1,1,,,,
Hàng hóa,THU?C SÂU,NVT_OISHIN,OISHIN 10GR,NÔNG VI?T TH?NH,"12,000.0","7,000.0",0.0,0.0,0 ngày,"999,999,999.00",Gï¿½i,,1,,,https://cdn2-retail-images.kiotviet.vn/congtyptk/21e5d271ea1241e199356d326209fcb6.jpg,0,1,1,TH?NG 500 G?I,,,
Hàng hóa,THU?C SÂU,NVT_RAPROMAX,R?Y XANH PRO MAX 50GR,NÔNG VI?T TH?NH,"50,000.0","29,808.96",0.0,0.0,12 ngày,"999,999,999.00",gï¿½i,,1,,,https://cdn2-retail-images.kiotviet.vn/congtyptk/a1a304d7e5c14929a818178d94a802c7.jpg,0,1,1,TH?NG 100 G?I,,,
Hàng hóa,THU?C SÂU,NVT_RAYXANHPRO,R?Y XANH PRO 100gr,NÔNG VI?T TH?NH,"45,000.0","35,000.0",0.0,0.0,0 ngày,"999,999,999.00",gï¿½i,,1,,,https://cdn2-retail-images.kiotviet.vn/congtyptk/6d9400050d064d85902c9461f37f8d5e.jpg,0,1,1,,,,
Hàng hóa,THU?C SÂU,NVT_THANSAM,TH?N S?M DI?T R?Y 100GR,NÔNG VI?T TH?NH,"48,000.0","35,000.0",0.0,0.0,0 ngày,"999,999,999.00",gï¿½i,,1,,,https://cdn2-retail-images.kiotviet.vn/congtyptk/aedc73ccae484658b7d29bc229d22059.jpg,0,1,1,,,,
Hàng hóa,THU?C B?NH,VPC_VISEN100,VISEN 20SC 100ML,VIPESCO,"55,000.0","50,000.0",0.0,0.0,0 ngày,"999,999,999.00",Chai,,1,,,"https://cdn-images.kiotviet.vn/2025/08/19/congtyptk/516f0ab0dca84350877b6291144d2f1f.jpg,https://cdn-images.kiotviet.vn/2025/08/19/congtyptk/b8760ae1c44b4818b2307195d99c0a4e.jpg",,1,1,,,,
Hàng hóa,PBL,NIKA_,AMINO EXTRA 500ML,NIKA,"145,000.0","84,000.0",0.0,0.0,0 ngày,"999,999,999.00",Chai,,1,,,https://cdn-images.kiotviet.vn/2025/05/02/congtyptk/cbf313ee22aa4991aabd0ef8b6673fda.png,,1,1,,,,
Hàng hóa,HKM,HKM_THAURAIPHAN,THAU R?I PHÂN TRE VI?T,,0.0,0.0,0.0,0.0,0 ngày,"999,999,999.00",Cï¿½i,,1,,,,,1,0,,,,
Hàng hóa,PBG,TV_202015,TV _NPK 20-20-15 (bao 50 kg ),TRE VIET,"17,000.0","13,200.0",0.0,0.0,0 ngày,"999,999,999.00",kg,,1,,,,,1,1,,,,
Hàng hóa,PBG,SP000281,TV _NPK 20-20-15 (bao 50 kg ),TRE VIET,"820,000.0","660,000.0",0.0,0.0,0 ngày,"19,999,999.98",bao,TV_202015,50,,TV_202015,,,1,1,,,,
Hàng hóa,H?U C?,TOBA_HUUCO,H?U C? ÚC ( XANH LÁ 30KG),,"19,000.0","16,500.0",0.0,0.0,0 ngày,"999,999,999.00",kg,,1,,,https://cdn2-retail-images.kiotviet.vn/congtyptk/7597db422c814f4eb18069f618ac2a1e.jpg,,1,1,,,,
Hàng hóa,H?U C?,TOBA_HUUCO-1,H?U C? ÚC ( XANH LÁ 30KG),,"550,000.0","495,000.0",0.0,0.0,0 ngày,"33,333,333.30",Bao,TOBA_HUUCO,30,,TOBA_HUUCO,,,1,1,,,,
Hàng hóa,THU?C SÂU,HC_YAMIDA,YAMIDA 100GR,,"13,000.0","10,500.0",0.0,0.0,0 ngày,"999,999,999.00",Gï¿½i,,1,,,https://cdn-images.kiotviet.vn/congtyptk/a51b131d1e5e40fabb362c89ab804e33.jpg,,1,1,TH?NG 100 G?I,,,
Hàng hóa,THU?C SÂU,SP000280,YAMIDA 100GR,,"1,200,000.0","1,050,000.0",0.0,0.0,0 ngày,"9,999,999.99",TH?NG,HC_YAMIDA,100,,HC_YAMIDA,,,1,1,TH?NG 100 G?I,,,
Hàng hóa,PBL,NDLA_AMINO,AMINO ORGANIC,NONG DUOC LA,"120,000.0","75,000.0",0.0,0.0,0 ngày,"999,999,999.00",Chai,,1,,,https://cdn-images.kiotviet.vn/2025/05/02/congtyptk/2b2ecb7f001b42b09ced6777a574d76e.png,,1,1,,,,
Hàng hóa,PBL,NDLA_PK88,PK 88 EXTRA,NONG DUOC LA,"135,000.0","77,000.0",0.0,0.0,0 ngày,"999,999,999.00",Chai,,1,,,https://cdn-images.kiotviet.vn/2025/05/02/congtyptk/0263e4c05bbb4f10867ae4748c070cab.png,,1,1,,,,
Hàng hóa,PBL,NDLA_PK50,PK50 EXTRA,NONG DUOC LA,"120,000.0","75,000.0",0.0,0.0,0 ngày,"999,999,999.00",Chai,,1,,,https://cdn-images.kiotviet.vn/2025/05/02/congtyptk/db59a722331642b9b10dca1f5a9aa712.png,,1,1,1 TH?NG 40 CHAI X 500ML,,,
Hàng hóa,PBL,SP000319,PK50 EXTRA,NONG DUOC LA,"4,800,000.0","3,000,000.0",0.0,0.0,0 ngày,"24,999,999.98",TH?NG,NDLA_PK50,40,,NDLA_PK50,,,1,1,1 TH?NG 40 CHAI X 500ML,,,
Hàng hóa,PBL,NDLA_MEPI,MEPI EXTRA,NONG DUOC LA,"150,000.0","110,000.0",0.0,0.0,0 ngày,"999,999,999.00",Chai,,1,,,https://cdn2-retail-images.kiotviet.vn/2025/05/02/congtyptk/ea2af887730147a7b150c8ea00717775.png,,1,1,,,,
Hàng hóa,PBL,NDLA_MANCOZIN,MANCOZIN M95,NONG DUOC LA,"95,000.0","70,000.0",0.0,0.0,0 ngày,"999,999,999.00",Chai,,1,,,https://cdn-images.kiotviet.vn/2025/05/02/congtyptk/1a93db4a27f34e8f8a4b1c2c1486414b.png,,1,1,,,,
Hàng hóa,PBL,NDLA_UNI100,UNI 100 EXTRA,NONG DUOC LA,"165,000.0","100,000.0",0.0,0.0,0 ngày,"999,999,999.00",Chai,,1,,,https://cdn-images.kiotviet.vn/2025/05/02/congtyptk/459d22eb406d4ee58c1f7fab8f120e78.png,,1,1,,,,
Hàng hóa,THU?C B?NH,SP000279,SPRAY PHOS 620SL (1 LÍT ),TOBA,"300,000.0","270,000.0",0.0,0.0,0 ngày,"999,999,999.00",chai,,1,,,https://cdn-images.kiotviet.vn/congtyptk/ac7919b4bad5497ea82813e45babd676.jpg,,1,1,TH?NG 20 CHAI,,,
Hàng hóa,HKM,HKM_DONGHO,??NG H? TREO T??NG,H?P TRÍ,0.0,0.0,0.0,0.0,0 ngày,"999,999,999.00",,,1,,,,,1,0,,,,
Hàng hóa,THU?C SÂU,HP_MOPRIDE100,MOPRIDE 100GR,HP,"50,000.0","35,214.0",0.0,0.0,12 ngày,"999,999,999.00",Gï¿½i,,1,,,,,1,1,TH?NG 100 G?Iï¿½,,,
Hàng hóa,THU?C SÂU,HP_MOPRIDE15,MOPRIDE 15GR,HP,"12,000.0","6,476.0",0.0,0.0,0 ngày,"999,999,999.00",GOI,,1,,,,,1,1,TH?NG 300 G?I,,,
Hàng hóa,THU?C C?,HP_TIGUAN450,TIGUAN 150SL 450ML,HP,"60,000.0","40,037.06",0.0,0.0,0 ngày,"999,999,999.00",Chai,,1,,,,,1,1,thï¿½ng 30 chai,,,
Hàng hóa,THU?C C?,HP_TIGUAN450-1,TIGUAN 150SL 450ML,HP,"1,800,000.0","1,201,111.80",0.0,0.0,0 ngày,"33,333,333.30",TH?NG,HP_TIGUAN450,30,,HP_TIGUAN450,,,1,1,thï¿½ng 30 chai,,,
Hàng hóa,THU?C B?NH,TL_HERO,MAP HERO 100GR,,"85,000.0","74,000.0",0.0,0.0,0 ngày,"999,999,999.00",Gï¿½i,,1,,,https://cdn-images.kiotviet.vn/congtyptk/ab3ce413f7d64f1e9fe2fdb6643ef801.jpg,,1,1,TH?NG 100 G?I,,,
Hàng hóa,THU?C B?NH,TL_HERO-1,MAP HERO 100GR,,"8,500,000.0","7,400,000.0",0.0,0.0,0 ngày,"9,999,999.99",TH?NG,TL_HERO,100,,TL_HERO,,,1,1,TH?NG 100 G?I,,,
Hàng hóa,THU?C SÂU,TL_JONO,MAP JONO 40GR,,"60,000.0","45,000.0",0.0,0.0,0 ngày,"999,999,999.00",Gï¿½i,,1,,,https://cdn2-retail-images.kiotviet.vn/congtyptk/b834d79dbb5b4b9fb2124de8ee99db4f.jpg,,1,1,TH?NG 100 G?I,,,
Hàng hóa,THU?C SÂU,TL_JONO-1,MAP JONO 40GR,,"6,000,000.0","4,500,000.0",0.0,0.0,0 ngày,"9,999,999.99",TH?NG,TL_JONO,100,,TL_JONO,,,1,1,TH?NG 100 G?I,,,
Hàng hóa,THU?C SÂU,TL_MAPDONA,MAP DONA,,"220,000.0","186,000.0",0.0,0.0,0 ngày,"999,999,999.00",Chai,,1,,,https://cdn2-retail-images.kiotviet.vn/congtyptk/f56f5a16d50842b18c553cdbe4896fdf.jpg,,1,1,TH?NG 20 CHAI,,,
Hàng hóa,THU?C SÂU,TL_MAPDONA-1,MAP DONA,,"4,400,000.0","3,720,000.0",0.0,0.0,0 ngày,"49,999,999.95",TH?NG,TL_MAPDONA,20,,TL_MAPDONA,,,1,1,TH?NG 20 CHAI,,,
Hàng hóa,PBL,TL_BONSAI,BONSAI 25SC 500ML,,"190,000.0","165,000.0",0.0,0.0,0 ngày,"999,999,999.00",Chai,,1,,,https://cdn-images.kiotviet.vn/congtyptk/bacba03ae3234f1cac5531aca84c103c.jpg,,1,1,TH?NG 20 CHAI,,,
Hàng hóa,PBL,TL_BONSAI-1,BONSAI 25SC 500ML,,"3,800,000.0","3,300,000.0",0.0,0.0,0 ngày,"49,999,999.95",TH?NG,TL_BONSAI,20,,TL_BONSAI,,,1,1,TH?NG 20 CHAI,,,
Hàng hóa,HKM,HKM_BÌNH?UN,BÌNH ?UN SIÊU T?C,,0.0,"40,000.0",3.0,0.0,0 ngày,"999,999,999.00",C?I_KM,,1,,,,,1,1,,,,
Hàng hóa,HKM,HKM_MAYXAY,MÁY XAY SINH T?,,0.0,"360,000.0",13.0,0.0,0 ngày,"999,999,999.00",Cï¿½i,,1,,,,,1,1,,,,
Hàng hóa,PBG,BM_2487,BM ENTECH 24-8-7 (25KG),BM,"27,000.0","23,300.0",0.0,0.0,0 ngày,"999,999,999.00",kg,,1,,,,,1,1,,,,
Hàng hóa,PBG,BM_2487-1,BM ENTECH 24-8-7 (25KG),BM,"640,000.0","582,500.0",0.0,0.0,0 ngày,"39,999,999.96",Bao,BM_2487,25,,BM_2487,,,1,1,,,,
Hàng hóa,PBL,PTK_P52,P52 PRO MAX,NIKA,"165,000.0","94,500.0",0.0,0.0,0 ngày,"999,999,999.00",Chai,,1,,,https://cdn-images.kiotviet.vn/2025/05/02/congtyptk/03e257f52fab48a18f15339c21d047ef.png,,1,1,TH?NG 40C,,,
Hàng hóa,PBL,PTK_P52-1,P52 PRO MAX,NIKA,"6,400,000.0","3,780,000.0",0.0,0.0,0 ngày,"24,999,999.98",TH?NG,PTK_P52,40,,PTK_P52,,,1,1,TH?NG 40C,,,
Hàng hóa,PBG,BM_151515,BM 15-15-15 (25KG),,"25,000.0","24,000.0",0.0,0.0,0 ngày,"999,999,999.00",kg,,1,,,,,1,1,,,,
Hàng hóa,PBG,BM_151515-1,BM 15-15-15 (25KG),,"605,000.0","600,000.0",0.0,0.0,0 ngày,"39,999,999.96",Bao,BM_151515,25,,BM_151515,,,1,1,,,,
Hàng hóa,THU?C SÂU,VPC_TETRAZIN,TETRAZIN 450ML,VIPESCO,"200,000.0","175,000.0",0.0,0.0,0 ngày,"999,999,999.00",chai,,1,,,https://cdn2-retail-images.kiotviet.vn/congtyptk/4e990bea07384a82a28076832f05652f.jpg,0,1,1,"Thï¿½ng 30 chai



",,,
Hàng hóa,THU?C SÂU,SP000277,TETRAZIN 450ML,VIPESCO,"6,000,000.0","5,250,000.0",0.0,0.0,0 ngày,"33,333,333.30",Thï¿½ng,VPC_TETRAZIN,30,,VPC_TETRAZIN,,0,1,1,"Thï¿½ng 30 chai



",,,
Hàng hóa,THU?C SÂU,ADAMA_YASMINE,YASMINE 19EC 100ML,ADAMA,"45,000.0","48,700.0",0.0,0.0,0 ngày,"999,999,999.00",CHAI,,1,,,,,1,1,TH?NG 100C,,,
Hàng hóa,THU?C B?NH,ADAMA_MAINEX,MAINEX 50SC 1 LÍT,ADAMA,"125,000.0","89,000.0",0.0,0.0,0 ngày,"999,999,999.00",Chai,,1,,,,,1,1,TH?NG 20 CHAI,,,
Hàng hóa,THU?C SÂU,HP_WILSON,WILSON 100ML,HP,"75,000.0","50,143.87",0.0,0.0,0 ngày,"999,999,999.00",Chai,,1,,,,,1,1,TH?NG 150 CHAI,,,
Hàng hóa,THU?C SÂU,APN_RONGLUA,R?NG L?A GOLDKTE 450ML,AN PHÁT NÔNG,"145,000.0","115,000.0",0.0,0.0,0 ngày,"999,999,999.00",Chai,,1,,,https://cdn-images.kiotviet.vn/congtyptk/7daa148306464dddad19684f2a514fb3.jpg,,1,1,,,,
Hàng hóa,THU?C SÂU,APN_RONGLUA-1,R?NG L?A GOLDKTE 450ML,AN PHÁT NÔNG,"4,350,000.0","3,450,000.0",0.0,0.0,0 ngày,"33,333,333.30",TH?NG,APN_RONGLUA,30,,APN_RONGLUA,,,1,1,,,,
Hàng hóa,PBL,PTK_CASLUA,CASTRO AMI LÚA,PTK,"120,000.0","66,500.0",0.0,0.0,0 ngày,"999,999,999.00",chai,,1,,,https://cdn2-retail-images.kiotviet.vn/congtyptk/dca81c9248434721a6fe42b241f634ec.jpg,0,1,1,,,,
Hàng hóa,PBL,SP000276,CASTRO AMI LÚA,PTK,"4,800,000.0","2,660,000.0",0.0,0.0,0 ngày,"24,999,999.98",thï¿½ng,PTK_CASLUA,40,,PTK_CASLUA,,0,1,1,,,,
Hàng hóa,PBL,SP000278,CASTRO AMI LÚA,PTK,0.0,"66,500.0",0.0,0.0,0 ngày,"999,999,999.00",CHAI KM,PTK_CASLUA,1,,PTK_CASLUA,,0,1,1,,,,
Hàng hóa,H?U C?,BM_161616,BM Yuroka 16-16-16 (50 kg),BM,"19,000.0","16,900.0",0.0,0.0,0 ngày,"999,999,999.00",kg,,1,,,https://cdn2-retail-images.kiotviet.vn/congtyptk/9a7ba214b40847808c23e9b4b254c6b6.jpg,0,1,1,,,,
Hàng hóa,H?U C?,BM_161616-1,BM Yuroka 16-16-16 (50 kg),BM,"875,000.0","845,000.0",0.0,0.0,0 ngày,"19,999,999.98",Bao,BM_161616,50,,BM_161616,,0,1,1,,,,
Hàng hóa,THU?C SÂU,VPC_CENTRUM,CENTRUM 100GR,VIPESCO,"85,000.0","78,204.0",0.0,0.0,0 ngày,"999,999,999.00",Gï¿½i,,1,,,https://cdn2-retail-images.kiotviet.vn/congtyptk/0fdd458b27ec4b648e45f834be1c5849.jpg,,1,1,,,,
Hàng hóa,THU?C SÂU,VPC_CENTRUM-1,CENTRUM 100GR,VIPESCO,"8,500,000.0","7,820,400.0",0.0,0.0,0 ngày,"9,999,999.99",TH?NG,VPC_CENTRUM,100,,VPC_CENTRUM,,,1,1,,,,
Hàng hóa,PBL,TV_LONTRAI,L?N TRÁI CHANH T?C 500ML,TRE VIET,"80,000.0","32,000.0",0.0,0.0,0 ngày,"999,999,999.00",Chai,,1,,,https://cdn-images.kiotviet.vn/congtyptk/d3edca80fa574e498dfa4f80c2d46ef6.jpg,,1,1,TH?NG 40 CHAIï¿½,,,
Hàng hóa,PBL,TV_LONTRAI-1,L?N TRÁI CHANH T?C 500ML,TRE VIET,"3,200,000.0","1,280,000.0",0.0,0.0,0 ngày,"24,999,999.98",TH?NG,TV_LONTRAI,40,,TV_LONTRAI,,,1,1,TH?NG 40 CHAIï¿½,,,
Hàng hóa,H?U C?,SENTRA,H?U C? HÀ LAN CON VOI 25KG,SENTRA,"13,000.0","7,900.0",0.0,0.0,0 ngày,"999,999,999.00",kg,,1,,,https://cdn2-retail-images.kiotviet.vn/congtyptk/0211cee985064ef7a219d244145e7ba9.jpg,,1,1,,,,
Hàng hóa,H?U C?,SENTRA-1,H?U C? HÀ LAN CON VOI 25KG,SENTRA,"290,000.0","197,500.0",0.0,0.0,0 ngày,"39,999,999.96",Bao,SENTRA,25,,SENTRA,,,1,1,,,,
Hàng hóa,PBL,FF_TOP,TOPMICRO 20G,FUTURER FARM,"26,000.0","23,000.0",0.0,0.0,0 ngày,"999,999,999.00",Gï¿½i,,1,,,https://cdn2-retail-images.kiotviet.vn/congtyptk/0377c90ee4634da8a7015486641909aa.jpg,,1,1,,,,
Hàng hóa,PBL,FF_TOP-1,TOPMICRO 20G,FUTURER FARM,"13,000,000.0","11,500,000.0",0.0,0.0,0 ngày,"2,000,000.00",TH?NG,FF_TOP,500,,FF_TOP,,,1,1,,,,
Hàng hóa,PBL,FF_BO,PROFARM BOR 50GR,FUTURER FARM,"28,000.0","13,000.0",0.0,0.0,0 ngày,"999,999,999.00",Gï¿½i,,1,,,https://cdn2-retail-images.kiotviet.vn/congtyptk/c236ae1575c7405ab78b6b1e3b0351fd.jpg,0,1,1,,,,
Hàng hóa,PBL,FF_BO-1,PROFARM BOR 50GR,FUTURER FARM,"5,600,000.0","2,600,000.0",0.0,0.0,0 ngày,"5,000,000.00",TH?NG,FF_BO,200,,FF_BO,,0,1,1,,,,
Hàng hóa,PBL,FF_CANXI,PROFARM CANXI BO K?M (500 ML),FUTURER FARM,"135,000.0","105,000.0",0.0,0.0,0 ngày,"999,999,999.00",Chai,,1,,,"https://cdn2-retail-images.kiotviet.vn/congtyptk/1f5b7ced9ab24265993fb89654859fcd.jpg,https://cdn2-retail-images.kiotviet.vn/congtyptk/997b67dac6db4ddfaac13ab001d96d45.jpg",0,1,1,,,,
Hàng hóa,PBL,FF_CANXI-1,PROFARM CANXI BO K?M (500 ML),FUTURER FARM,"5,400,000.0","4,200,000.0",0.0,0.0,0 ngày,"24,999,999.98",TH?NG,FF_CANXI,40,,FF_CANXI,,0,1,1,,,,
Hàng hóa,HKM,HKM_BIAKEN,BIA HENIKEN,BCC,0.0,0.0,0.0,0.0,0 ngày,"999,999,999.00",thung,,1,,,,,1,1,,,,
Hàng hóa,HKM,HKM_HT,THÙNG ?Á 58 LIT,BCC,0.0,0.0,1.0,0.0,0 ngày,"999,999,999.00",Cï¿½i,,1,,,https://cdn2-retail-images.kiotviet.vn/congtyptk/acf8eed9a5ce4a98b96dd0ca075d65eb.jpg,,1,1,,,,
Hàng hóa,H?U C?,BM_HCNHAT60,H?U C? NH?T 60%,BA MI?N,"9,000.0","5,900.0",0.0,0.0,0 ngày,"999,999,999.00",kg,,1,,,https://cdn2-retail-images.kiotviet.vn/congtyptk/5178fc44859141368fa4f079b989dca8.jpg,,1,1,,,,
Hàng hóa,H?U C?,BM_HCNHAT60-1,H?U C? NH?T 60%,BA MI?N,"200,000.0","147,500.0",0.0,0.0,0 ngày,"39,999,999.96",Bao,BM_HCNHAT60,25,,BM_HCNHAT60,,,1,1,,,,
Hàng hóa,PBL,APN_OVERGOLD,OVER GREEN GOLD 5 LÍT,AN PHÁT NÔNG,"900,000.0","670,000.0",0.0,0.0,0 ngày,"999,999,999.00",can,,1,,,https://cdn-images.kiotviet.vn/congtyptk/b170fb3b403b45e0ac29a58d359ee02e.jpg,,1,1,,,,
Hàng hóa,PBL,APN_OVERGOLD-1,OVER GREEN GOLD 5 LÍT,AN PHÁT NÔNG,"3,600,000.0","2,680,000.0",0.0,0.0,0 ngày,"249,999,999.75",TH?NG,APN_OVERGOLD,4,,APN_OVERGOLD,,,1,1,,,,
Hàng hóa,PBL,TV_15XANHLA,15-15-15 CHUYÊN S?U RIÊNG ( 10 LÍT ),,"850,000.0","465,000.0",0.0,0.0,0 ngày,"999,999,999.00",can,,1,,,https://cdn2-retail-images.kiotviet.vn/congtyptk/b15743d0b06949a1927df54ed68fe17d.jpg,0,1,1,,,,
Hàng hóa,PBL,TV_151515,CHUYÊN S?U RIÊNG 15-15-15 (20 LÍT),PTK,"1,650,000.0","930,000.0",0.0,0.0,0 ngày,"999,999,999.00",can,,1,,,https://cdn-images.kiotviet.vn/congtyptk/b8ea6200f3054a73b01d45bfc4fc8e4f.jpg,0,1,1,,,,
Hàng hóa,PBL,PTK_PHOSPHITE,PHOSPHITE 58-38,NIKA,"95,000.0","70,000.0",0.0,0.0,0 ngày,"999,999,999.00",h?,,1,,,https://cdn-images.kiotviet.vn/2025/05/02/congtyptk/8ffe8d2ba94745ba920a81510adf7f53.png,0,1,1,TH?NG 40 H?ï¿½,,,
Hàng hóa,PBL,PTK_PHOSPHITE-1,PHOSPHITE 58-38,NIKA,"3,800,000.0","2,800,000.0",0.0,0.0,0 ngày,"24,999,999.98",TH?NG,PTK_PHOSPHITE,40,,PTK_PHOSPHITE,,0,1,1,TH?NG 40 H?ï¿½,,,
Hàng hóa,PBL,PTK_CYTOKALI,CYTO KALI,NIKA,"105,000.0","73,500.0",0.0,0.0,14 ngày,"999,999,999.00",Chai,,1,,,https://cdn-images.kiotviet.vn/2025/05/02/congtyptk/2f033414628f40fea907df8e6f165d1a.png,0,1,1,TH?NG 40 CHAI,,,
Hàng hóa,PBL,PTK_CYTOKALI-1,CYTO KALI,NIKA,"4,200,000.0","2,940,000.0",0.0,0.0,14 ngày,"24,999,999.98",TH?NG,PTK_CYTOKALI,40,,PTK_CYTOKALI,,0,1,1,TH?NG 40 CHAI,,,
Hàng hóa,PBL,NIKA_SILIKA,SILIKAMAX,NIKA,"120,000.0","80,500.0",0.0,0.0,0 ngày,"999,999,999.00",Chai,,1,,,https://cdn-images.kiotviet.vn/2025/05/02/congtyptk/b09c6c755bec4d8983fd65e1501895c4.png,0,1,1,TH?NG 40 CHAI,,,
Hàng hóa,PBL,PTK_SILIKA-1,SILIKAMAX,NIKA,"4,800,000.0","3,220,000.0",0.0,0.0,0 ngày,"24,999,999.98",TH?NG,NIKA_SILIKA,40,,NIKA_SILIKA,,0,1,1,TH?NG 40 CHAI,,,
Hàng hóa,PBL,PTK_CASTROL,CASTROL AMI,NIKA,"120,000.0","66,500.0",0.0,0.0,0 ngày,"999,999,999.00",Chai,,1,,,https://cdn-images.kiotviet.vn/2025/05/02/congtyptk/08717e11d7c44fb9ab8d99af978c2a79.png,0,1,1,TH?NG 40 CHAI,,,
Hàng hóa,PBL,HT_HUMIC ZN,HUMIC ZN 1 LÍT,H?P TRÍ,"120,000.0","67,400.0",0.0,0.0,0 ngày,"999,999,999.00",Chai,,1,,,https://cdn2-retail-images.kiotviet.vn/2025/05/02/congtyptk/d31c137ba56f4aeaab04da5f5b7bc4e2.png,,1,1,TH?NG 20 CHAI,,,
Hàng hóa,PBL,HT_HUMIC ZN-1,HUMIC ZN 1 LÍT,H?P TRÍ,"2,400,000.0","1,348,000.0",0.0,0.0,0 ngày,"49,999,999.95",TH?NG,HT_HUMIC ZN,20,,HT_HUMIC ZN,,,1,1,TH?NG 20 CHAI,,,
Hàng hóa,PBG,NPK_301010USA,30-10-10 USA (25KG ),PTK,"16,000.0","12,100.0",0.0,0.0,0 ngày,"999,999,999.00",kg,,1,,,https://cdn-images.kiotviet.vn/congtyptk/2b3eba06cab64a9aac23dfb3bb4e1f0c.jpg,0,1,1,,,,
Hàng hóa,PBG,SP000275,30-10-10 USA (25KG ),PTK,"380,000.0","302,500.0",0.0,0.0,0 ngày,"39,999,999.96",Bao,NPK_301010USA,25,,NPK_301010USA,,0,1,1,,,,
Hàng hóa,PBG,SP000273,GSN -CANXI NITRABOR ( 25KG ),GARSONI,"14,000.0","9,600.0",0.0,0.0,0 ngày,"999,999,999.00",kg,,1,,,https://cdn2-retail-images.kiotviet.vn/congtyptk/eebb017012d04cb39e6c154efb69a313.jpg,,1,1,,,,
Hàng hóa,PBG,SP000274,GSN -CANXI NITRABOR ( 25KG ),GARSONI,"325,000.0","240,000.0",0.0,0.0,0 ngày,"39,999,999.96",Bao,SP000273,25,,SP000273,,,1,1,,,,
Hàng hóa,THU?C SÂU,NVT_NOVIONE,NOVI ONE 450ml,,"190,000.0","160,000.0",0.0,0.0,0 ngày,"999,999,999.00",chai,,1,,,https://cdn-images.kiotviet.vn/congtyptk/1d1a6f15b1ec4702a1e5327257e22045.jpeg,0,1,1,thï¿½ng 30 chai,,,
Hàng hóa,PBG,GSN_181818,GSN 18-18-18 ( 50KG ),GARSONI,"20,000.0","15,900.0",0.0,0.0,0 ngày,"999,999,999.00",Kg,,1,,,,0,1,1,,,,
Hàng hóa,PBG,SP000272,GSN 18-18-18 ( 50KG ),GARSONI,"945,000.0","795,000.0",0.0,0.0,0 ngày,"19,999,999.98",Bao,GSN_181818,50,,GSN_181818,,0,1,1,,,,
Hàng hóa,HKM,SP000271,VOUCHER MUA HÀNG 1000.000,,0.0,0.0,0.0,0.0,0 ngày,"999,999,999.00",,,1,,,https://cdn2-retail-images.kiotviet.vn/2024/11/06/congtyptk/d4dd7ea791cc4fd9b018a1e5922f0ae9.jpg,0,1,1,,,,
Hàng hóa,PBL,TV_MAGIE 1110,SIÊU MAGIE 11 - 10 ( 1KG ),TRE VIET,"65,000.0","47,000.0",0.0,0.0,0 ngày,"999,999,999.00",Gï¿½i,,1,,,,,1,1,TH?NG 25 G?I,,,
Hàng hóa,PBL,SP000315,SIÊU MAGIE 11 - 10 ( 1KG ),TRE VIET,"1,625,000.0","1,175,000.0",0.0,0.0,0 ngày,"39,999,999.96",TH?NG,TV_MAGIE 1110,25,,TV_MAGIE 1110,,,1,1,TH?NG 25 G?I,,,
Hàng hóa,PBL,TV_DAMCASR20L,??M CÁ H?I S?U RIÊNG 20 LÍT,TRE VIET,"1,500,000.0","930,000.0",0.0,0.0,0 ngày,"999,999,999.00",can,,1,,,https://cdn2-retail-images.kiotviet.vn/congtyptk/0ccdecbb07b142f2bf21f9ff4103d15b.jpg,,1,1,,,,
Hàng hóa,THU?C SÂU,SUMMIT_NISSO,NISSORUN 200ML,SUMMIT,"120,000.0","96,000.0",0.0,0.0,0 ngày,"999,999,999.00",Chai,,1,,,https://cdn2-retail-images.kiotviet.vn/congtyptk/57f1b5def28d4e908080b180d0ad7a89.jpg,0,1,1,TH?NG 40 CHAI,,,
Hàng hóa,THU?C SÂU,HP_LISA,LISARA 200SC ( 200ML ),HP,"210,000.0","170,255.61",0.0,0.0,0 ngày,"999,999,999.00",Chai,,1,,,,0,1,1,1 TH?NG 40 CHAI,,,
Hàng hóa,THU?C SÂU,SP000359,LISARA 200SC ( 200ML ),HP,"8,400,000.0","6,810,224.40",0.0,0.0,0 ngày,"24,999,999.98",TH?NG,HP_LISA,40,,HP_LISA,,0,1,1,1 TH?NG 40 CHAI,,,
Hàng hóa,PBG,TH_BIO25,URE BIO XANH ( 25KG ),,"14,000.0","11,320.0",0.0,0.0,0 ngày,"999,999,999.00",Kg,,1,,,,0,1,1,,,,
Hàng hóa,PBG,SP000269,URE BIO XANH ( 25KG ),,"335,000.0","283,000.0",0.0,0.0,0 ngày,"39,999,999.96",Bao,TH_BIO25,25,,TH_BIO25,,0,1,1,,,,
Hàng hóa,THU?C SÂU,SUMMIT_SHEBA,SHEBA 50EW ( 80ML ),SUMMIT,"85,000.0","74,000.0",0.0,0.0,0 ngày,"999,999,999.00",Chai,,1,,,https://cdn2-retail-images.kiotviet.vn/congtyptk/826b9a54227042809620e9787a389fd0.png,0,1,1,thï¿½ng 100 chai,,,
Hàng hóa,PBG,YARA_2116,MIXA 21-21-16 ( 50KG ),YARA,"19,000.0","16,000.0",0.0,0.0,0 ngày,"999,999,999.00",kg,,1,,,https://cdn2-retail-images.kiotviet.vn/congtyptk/1f163c78aada49fb8e43a10a06750e97.jpg,0,1,1,,,,
Hàng hóa,PBG,SP000268,MIXA 21-21-16 ( 50KG ),YARA,"905,000.0","800,000.0",0.0,0.0,0 ngày,"19,999,999.98",Bao,YARA_2116,50,,YARA_2116,,0,1,1,,,,
Hàng hóa,PBL,APN_NUTRIACTIVE1L,NUTRI ACTIVE (1 LÍT),AN PHÁT NÔNG,"320,000.0","246,000.0",0.0,0.0,0 ngày,"999,999,999.00",Chai,,1,,,https://cdn-images.kiotviet.vn/congtyptk/a898d0fc44ea4323b89407ea14b70319.png,,1,1,,,,
Hàng hóa,PBL,APN_OVER,OVER GREEN CAL 5LIT,AN PHÁT NÔNG,"900,000.0","530,000.0",0.0,0.0,0 ngày,"999,999,999.00",can,,1,,,https://cdn2-retail-images.kiotviet.vn/congtyptk/b908d192efbb46989535e3c7ee8af6fa.png,,1,1,,,,
Hàng hóa,PBL,HC_FLOWER,"FLOWER 95 0,3SL (100ML)",,"18,000.0","15,800.0",0.0,0.0,0 ngày,"999,999,999.00",Chai,,1,,,https://cdn2-retail-images.kiotviet.vn/congtyptk/e406867cc2614f27a0127965db35dc85.jpg,0,1,1,,,,
Hàng hóa,PBL,LOCNONG_ATON,ATON AZ ( 250ML ),L?C NÔNG,"85,000.0","68,000.0",0.0,0.0,0 ngày,"999,999,999.00",Chai,,1,,,https://cdn-images.kiotviet.vn/congtyptk/3fad38c0a9b647e6b29da08435df27e0.jpg,0,1,1,,,,
Hàng hóa,PBL,LOCNONG_BORA,BORAMIN CA ( 250 ML ),L?C NÔNG,"85,000.0","68,000.0",0.0,0.0,0 ngày,"999,999,999.00",Chai,,1,,,https://cdn-images.kiotviet.vn/congtyptk/4f2fa4864df742cb821305f68b90e4c1.jpg,0,1,1,,,,
Hàng hóa,PBL,LOCNONG_TRADE,TRADEBOR ( 250ML ),L?C NÔNG,"85,000.0","72,250.0",0.0,0.0,0 ngày,"999,999,999.00",Chai,,1,,,https://cdn2-retail-images.kiotviet.vn/congtyptk/cb80e88f95c64c689d0dcc12d26822b7.jpg,0,1,1,,,,
Hàng hóa,PBL,NIKA_SUKA,SUKATO 500ML,NIKA,"135,000.0","70,000.0",0.0,0.0,0 ngày,"999,999,999.00",Chai,,1,,,https://cdn2-retail-images.kiotviet.vn/congtyptk/84431b5ea4a64e0eba35e955fd685a94.jpg,,1,1,,,,
Hàng hóa,THU?C SÂU,VPC_VIFASTNHOM,VIFAST 10SC NHÔM ( 480ML ),VIPESCO,"115,000.0","94,500.0",0.0,0.0,0 ngày,"999,999,999.00",Chai,,1,,,,,1,1,,,,
Hàng hóa,THU?C SÂU,APN_HELLOONE,HELLO ONE 550EC ( 240ML ),AN PHÁT NÔNG,"96,000.0","76,000.0",0.0,0.0,0 ngày,"999,999,999.00",Chai,,1,,,https://cdn-images.kiotviet.vn/congtyptk/35682ea66fa947bbb94b0e4d4b2ba181.png,,1,1,TH?NG 40 CHAIï¿½,,,
Hàng hóa,THU?C B?NH,APN_ZIPRA,ZIPRA 80WP ( 500GR ),AN PHÁT NÔNG,"155,000.0","125,000.0",0.0,0.0,0 ngày,"999,999,999.00",Gï¿½i,,1,,,https://cdn2-retail-images.kiotviet.vn/congtyptk/decf4d91e36745c498dfe3962fdf77f4.png,,1,1,,,,
Hàng hóa,PBL,APN_CALYP,CALYP WELL ( 500ML ),AN PHÁT NÔNG,"225,000.0","169,391.37",0.0,0.0,0 ngày,"999,999,999.00",Chai,,1,,,https://cdn-images.kiotviet.vn/congtyptk/7a8b4af64e7243a2b609ceaf38a098a7.png,,1,1,1 TH?NG 24 CHAI,,,
Hàng hóa,THU?C SÂU,HT_ACTI100,ACTIMAX 100GR,H?P TRÍ,"90,000.0","90,000.0",0.0,0.0,0 ngày,"999,999,999.00",Chai,,1,,,https://cdn2-retail-images.kiotviet.vn/congtyptk/7b99e3ac8ca044b38915d50fdc4344f3.jpg,0,1,1,,,,
Hàng hóa,THU?C SÂU,VPC_DAUMOI,D?U M?I M4 (480ML),VIPESCO,"40,000.0","36,000.0",0.0,0.0,0 ngày,"999,999,999.00",Chai,,1,,,https://cdn2-retail-images.kiotviet.vn/congtyptk/9bd76e86b14c42bba1a9d2e5229fd373.jpg,0,1,1,,,,
Hàng hóa,PBG,GSN_202015,GSN 20-20-15 (25KG),GARSONI,"22,000.0","18,100.0",0.0,0.0,0 ngày,"999,999,999.00",kg,,1,,,https://cdn2-retail-images.kiotviet.vn/2025/03/28/congtyptk/b2b6c1345cd54a5890a2224ea4d1f49a.jpg,0,1,1,,,,
Hàng hóa,PBG,SP000263,GSN 20-20-15 (25KG),GARSONI,"520,000.0","452,500.0",0.0,0.0,0 ngày,"39,999,999.96",Bao,GSN_202015,25,,GSN_202015,,0,1,1,,,,
Hàng hóa,THU?C SÂU,NN_CONFI50,CONFIDOR 50ML,BAYER,"75,000.0","49,000.0",0.0,0.0,0 ngày,"999,999,999.00",Chai,,1,,,,,1,1,,,,
Hàng hóa,THU?C SÂU,NN_ISACOP500,"ISACOP 65,2 WP ( 500GR )",,"120,000.0","114,500.0",0.0,0.0,0 ngày,"999,999,999.00",Gï¿½i,,1,,,,,1,1,,,,
Hàng hóa,THU?C SÂU,MEKONG_CONPHAI,CONPHAI 50GR,,"70,000.0","52,000.0",0.0,0.0,0 ngày,"999,999,999.00",Gï¿½i,,1,,,https://cdn-images.kiotviet.vn/congtyptk/68106fd3b60146dda0812f82ffe1dca1.jpg,0,1,1,,,,
Hàng hóa,HKM,HKM_AOTHUNHT,ÁO THUN H?P TRÍ,BCC,0.0,0.0,0.0,0.0,0 ngày,"999,999,999.00",Cï¿½i,,1,,,,,1,1,,,,
Hàng hóa,H?U C?,YARA_SUNA,YARA SUNA - H?U C? 2-2-3 ( 25KG ),YARA,"14,000.0","9,500.0",0.0,0.0,0 ngày,"999,999,999.00",kg,,1,,,https://cdn2-retail-images.kiotviet.vn/2025/05/22/congtyptk/17b81ed231754b36be6e00406392680b.jpg,,1,1,,,,
Hàng hóa,H?U C?,YARA_SUNA-1,YARA SUNA - H?U C? 2-2-3 ( 25KG ),YARA,"320,000.0","237,500.0",0.0,0.0,0 ngày,"39,999,999.96",Bao,YARA_SUNA,25,,YARA_SUNA,,,1,1,,,,
Hàng hóa,HKM,HKM_CHENADA,B? CHÉN ADAMA,,0.0,0.0,17.0,0.0,0 ngày,"999,999,999.00",B?,,1,,,,,1,1,,,,
Hàng hóa,HKM,HKM_AOTHUNADA,ÁO THUN ADAMA,,0.0,0.0,0.0,0.0,0 ngày,"999,999,999.00",Cï¿½i,,1,,,,,1,1,,,,
Hàng hóa,HKM,HKM_NONADAMA,NÓN TAI BÈO ADAMA,,0.0,0.0,0.0,0.0,0 ngày,"999,999,999.00",Cï¿½i,,1,,,,,1,1,,,,
Hàng hóa,PBG,TH_DAPTP,DAP T??NG PHONG ( 50KG ),,"19,000.0","17,000.0",0.0,0.0,0 ngày,"999,999,999.00",kg,,1,,,,,1,1,,,,
Hàng hóa,PBG,TH_DAPTP-1,DAP T??NG PHONG ( 50KG ),,"900,000.0","850,000.0",0.0,0.0,0 ngày,"19,999,999.98",Bao,TH_DAPTP,50,,TH_DAPTP,,,1,1,,,,
Hàng hóa,PBG,SP000261,URE CÀ MAU XANH - BIO ( 40KG ),AA,"15,000.0","11,500.0",0.0,0.0,0 ngày,"999,999,999.00",kg,,1,,,,,1,1,,,,
Hàng hóa,PBG,SP000262,URE CÀ MAU XANH - BIO ( 40KG ),AA,"565,000.0","460,000.0",0.0,0.0,0 ngày,"24,999,999.98",Bao,SP000261,40,,SP000261,,,1,1,,,,
Hàng hóa,THU?C SÂU,APN_BOX,BOXING - TH?N CÔNG DRONE ( 480ML ),AN PHÁT NÔNG,"150,000.0","120,000.0",0.0,0.0,0 ngày,"999,999,999.00",Chai,,1,,,https://cdn-images.kiotviet.vn/congtyptk/3b4c99bb88784242aa7564c1e2768cf3.png,0,1,1,,,,
Hàng hóa,THU?C SÂU,APN_RED,REDMINE - CÓC TH?N ( 200ML ),AN PHÁT NÔNG,"146,000.0","126,000.0",0.0,0.0,0 ngày,"999,999,999.00",Chai,,1,,,https://cdn-images.kiotviet.vn/congtyptk/da68b84462bf4d7ca93a29881f2af088.png,0,1,1,,,,
Hàng hóa,HKM,HKM_CANUOCDA,CA N??C ?Á,BCC,0.0,0.0,0.0,0.0,0 ngày,"999,999,999.00",Cï¿½i,,1,,,,,1,1,,,,
Hàng hóa,PBL,HT_202020,NPK 20-20-20 + TE 250 GR,H?P TRÍ,"55,000.0","37,200.0",0.0,0.0,0 ngày,"999,999,999.00",h?,,1,,,https://cdn-images.kiotviet.vn/congtyptk/03d41ee7e75441e9a2332c0b97839d1b.jpg,,1,1,,,,
Hàng hóa,PBL,HT_105510,10-55-10 500GR,H?P TRÍ,"80,000.0","67,700.0",0.0,0.0,0 ngày,"999,999,999.00",h?,,1,,,https://cdn-images.kiotviet.vn/congtyptk/d3e13dcc90ff4564b9f4ce845abfe4be.png,,1,1,,,,
Hàng hóa,PBL,HT_BOROCA500,BOROCA 500GR,H?P TRÍ,"80,000.0","47,300.0",0.0,0.0,0 ngày,"999,999,999.00",h?,,1,,,https://cdn-images.kiotviet.vn/congtyptk/da978f8107894cb48b17307f3908ca79.jpg,,1,1,,,,
Hàng hóa,PBL,HT_BOROCA250,BOROCA 250GR,H?P TRÍ,"45,000.0","26,300.0",0.0,0.0,0 ngày,"999,999,999.00",h?,,1,,,https://cdn-images.kiotviet.vn/congtyptk/02c9b22ad33849d1b072206ea272ece4.jpg,,1,1,,,,
Hàng hóa,PBL,HT_ZNMN,HUMIC ZN - MN 5 LÍT,H?P TRÍ,"550,000.0","328,900.0",0.0,0.0,0 ngày,"999,999,999.00",can,,1,,,https://cdn-images.kiotviet.vn/congtyptk/36d5f870e2994026b6e947458795b1fb.jpg,,1,1,,,,
Hàng hóa,PBL,HT_1052,NPK 10-5-2 5 LÍT,H?P TRÍ,"650,000.0","503,800.0",0.0,0.0,0 ngày,"999,999,999.00",can,,1,,,https://cdn-images.kiotviet.vn/congtyptk/e3adcc912bb74c04b147a6f86c97c925.jpg,,1,1,,,,
Hàng hóa,THU?C SÂU,NN_TAKUMI,TAKUMI ( 8GR ),,"18,000.0","16,800.0",0.0,0.0,0 ngày,"999,999,999.00",Gï¿½i,,1,,,https://cdn-images.kiotviet.vn/congtyptk/d174dc5c52594a1db8e8c082411e2306.jpg,0,1,1,,,,
Hàng hóa,THU?C SÂU,ADAMA_CORMO,CORMORAN 180EC (240ML),ADAMA,"190,000.0","164,000.0",0.0,0.0,0 ngày,"999,999,999.00",Chai,,1,,,https://cdn2-retail-images.kiotviet.vn/congtyptk/3242ce190608474f9e0bd9177f79965f.jpg,0,1,1,thï¿½ng 40 chai,,,
Hàng hóa,THU?C B?NH,ADAMA_FOL,FOLPAN 50WP ( 100GR ),ADAMA,"30,000.0","26,600.0",5.0,0.0,0 ngày,"999,999,999.00",Gï¿½i,,1,,,https://cdn-images.kiotviet.vn/congtyptk/a71b021454af4bfe897eb35c221b83a5.jpg,0,1,1,,,,
Hàng hóa,THU?C SÂU,ADAMA_GALIL,GALIL 300SC ( 100ML ),ADAMA,"80,000.0","73,300.0",0.0,0.0,0 ngày,"999,999,999.00",Chai,,1,,,https://cdn-images.kiotviet.vn/congtyptk/f102f9d13800447da9926c274cbff4cd.jpg,0,1,1,Thï¿½ng 100 chaiï¿½,,,
Hàng hóa,THU?C B?NH,ADAMA_CUSTO,CUSTODIA 320SC ( 250ML ),ADAMA,"280,000.0","299,800.0",0.0,0.0,0 ngày,"999,999,999.00",Chai,,1,,,https://cdn-images.kiotviet.vn/congtyptk/f32f6030d8c149f1ac7fd85710fb8dab.jpg,0,1,1,,,,
Hàng hóa,THU?C B?NH,ADAMA_MASTER,MASTERCOP 21SL (240ML),ADAMA,"110,000.0","116,500.0",0.0,0.0,0 ngày,"999,999,999.00",Chai,,1,,,https://cdn-images.kiotviet.vn/congtyptk/020c95e533d140c885c6e30683ab835d.jpg,0,1,1,,,,
Hàng hóa,HKM,HKM_NUOCMAM,N??C M?M 5 LÍT,,0.0,0.0,0.0,0.0,0 ngày,"999,999,999.00",Can,,1,,,,0,1,1,,,,
Hàng hóa,HKM,HKM_BIA,BIA TIGER,NÔNG VI?T TH?NH,0.0,0.0,19.0,0.0,357 ngày,"999,999,999.00",Thï¿½ng,,1,,,,0,1,1,,,,
Hàng hóa,PBG,SP000257,URE CÀ MAU XANH - N46 PLUS ( 50KG ),AA,"16,000.0","13,000.0",0.0,0.0,0 ngày,"999,999,999.00",kg,,1,,,,,1,1,,,,
Hàng hóa,PBG,SP000258,URE CÀ MAU XANH - N46 PLUS ( 50KG ),AA,"730,000.0","650,000.0",0.0,0.0,0 ngày,"19,999,999.98",Bao,SP000257,50,,SP000257,,,1,1,,,,
Hàng hóa,PBL,BASF_CEVY,CEVYA 400SC ( 100ML ).,BASF,"180,000.0","164,000.0",0.0,0.0,0 ngày,"999,999,999.00",Chai,,1,,,,,1,1,,,,
Hàng hóa,PBL,NIKA_SILIC,KALI SILIC ( NAVI 4-14) 500ML,NIKA,"120,000.0","95,000.0",0.0,0.0,0 ngày,"999,999,999.00",Chai,,1,,,https://cdn2-retail-images.kiotviet.vn/congtyptk/b40d9ec76bed4c85be2c7f869d4cb12b.jpg,,1,1,,,,
Hàng hóa,PBG,SP000255,20-10-10 ??C XANH ( 25KG ),,"25,000.0","23,600.0",0.0,0.0,0 ngày,"999,999,999.00",kg,,1,,,,,1,1,,,,
Hàng hóa,PBG,SP000256,20-10-10 ??C XANH ( 25KG ),,"605,000.0","590,000.0",0.0,0.0,0 ngày,"39,999,999.96",Bao,SP000255,25,,SP000255,,,1,1,,,,
Hàng hóa,HKM,HKM_BINH10L,BÌNH ?Á XANH 10 LÍT,,0.0,0.0,0.0,0.0,0 ngày,"999,999,999.00",Cï¿½i,,1,,,,,1,1,,,,
Hàng hóa,HKM,HKM_BEPNUONG,B?P N??NG SUNHOUSE,,0.0,0.0,0.0,0.0,0 ngày,"999,999,999.00",Cï¿½i,,1,,,,,1,1,,,,
Hàng hóa,PBL,BCC_BMO,COFOLI BMO 250ML,BACONCO,"105,000.0","77,500.0",0.0,0.0,0 ngày,"999,999,999.00",Chai,,1,,,https://cdn-images.kiotviet.vn/congtyptk/917797d2128c4f19983a6540b0325aa7.jpg,0,1,1,,,,
Hàng hóa,THU?C CHU?T,VPC_VIFARATVIEN,VIFARAT 0.0005% ( VIÊN ),VIPESCO,"10,000.0","8,400.0",0.0,0.0,0 ngày,"999,999,999.00",Gï¿½i,,1,,,,,1,1,,,,
Hàng hóa,PBG,CAHEO_KALI,KALI TR?NG CÁ HEO ( 25KG ).,,"27,000.0","20,400.0",0.0,0.0,0 ngày,"999,999,999.00",kg,,1,,,,,1,1,,,,
Hàng hóa,PBG,CAHEO_KALI-1,KALI TR?NG CÁ HEO ( 25KG ).,,"650,000.0","510,000.0",0.0,0.0,0 ngày,"39,999,999.96",Bao,CAHEO_KALI,25,,CAHEO_KALI,,,1,1,,,,
Hàng hóa,THU?C SÂU,PT_NUOCTRONG5.0,RESGANSUPER 5.0 EC N??C TRONG ( 450ML ),TY PHUC THINH,"105,000.0","64,843.37",0.0,0.0,0 ngày,"999,999,999.00",Chai,,1,,,https://cdn-images.kiotviet.vn/congtyptk/e69bfa1515364be78b5dd3a6aa06c2c8.jpg,,1,1,,,,
Hàng hóa,THU?C C?,PT_TRAURUNG,TRÂU R?NG ?EN 150SL ( 900ML ),TY PHUC THINH,"40,000.0","34,920.0",0.0,0.0,0 ngày,"999,999,999.00",Chai,,1,,,https://cdn-images.kiotviet.vn/congtyptk/e34470479161413f92c2ac6501746166.jpg,,1,1,1 TH?NG 20 CHAI,,,
Hàng hóa,THU?C C?,SP000365,TRÂU R?NG ?EN 150SL ( 900ML ),TY PHUC THINH,"800,000.0","698,400.0",0.0,0.0,0 ngày,"49,999,999.95",TH?NG,PT_TRAURUNG,20,,PT_TRAURUNG,,,1,1,1 TH?NG 20 CHAI,,,
Hàng hóa,PBL,HC_TOBA100,TOBAJUM 100GR,AA,"25,000.0","22,000.0",0.0,0.0,0 ngày,"999,999,999.00",Gï¿½i,,1,,,,0,1,1,,,,
Hàng hóa,PBL,AGRINO_FERTI,FERTIGONIA 13-30-20 (1 KG),AGRINO,"165,000.0","88,000.0",0.0,0.0,0 ngày,"999,999,999.00",H?p,,1,,,https://cdn-images.kiotviet.vn/congtyptk/44a4f04583fb42e98f806f0263492a0e.jpg,,1,1,,,,
Hàng hóa,PBL,AGRINO_CYTO250ML,CYTOKING 250 ML,AGRINO,"115,000.0","54,500.0",0.0,0.0,0 ngày,"999,999,999.00",Chai,,1,,,https://cdn-images.kiotviet.vn/congtyptk/70c00697fd5a4f86b49dc93dbf7bdc1e.jpg,,1,1,,,,
Hàng hóa,PBL,AGRI_CYTO25ML,CYTOKING 25 ML,AGRINO,"15,000.0","6,550.0",0.0,0.0,0 ngày,"999,999,999.00",Gï¿½i,,1,,,https://cdn-images.kiotviet.vn/congtyptk/cfd9710267f1436fb36310bdaa6182f9.jpg,,1,1,,,,
Hàng hóa,PBL,APN_ARMOR,ZN ARMOR NANO ( 250ML ),AN PHÁT NÔNG,"140,000.0","110,000.0",0.0,0.0,0 ngày,"999,999,999.00",Chai,,1,,,https://cdn-images.kiotviet.vn/congtyptk/c8bf403d9d6042f3abc7b3d7937a7066.png,0,1,1,,,,
Hàng hóa,THU?C B?NH,APN_TOP,TOP PLUS ( 400ML ),AN PHÁT NÔNG,"310,000.0","265,000.0",0.0,0.0,0 ngày,"999,999,999.00",Chai,,1,,,https://cdn-images.kiotviet.vn/congtyptk/da686fa1796a423c86cb453a523ea5c1.png,,1,1,,,,
Hàng hóa,PBL,APN_SUPER,SUPER CAT 50GR,AN PHÁT NÔNG,"72,000.0","55,000.0",0.0,0.0,0 ngày,"999,999,999.00",GOI,,1,,,https://cdn-images.kiotviet.vn/congtyptk/75438ecb50904ffcbf025fec388779a0.jpg,,1,1,,,,
Hàng hóa,PBL,APN_NUTRI,NUTRI ACTIVE ( 500ML ),AN PHÁT NÔNG,"165,000.0","135,000.0",0.0,0.0,0 ngày,"999,999,999.00",Chai,,1,,,https://cdn-images.kiotviet.vn/congtyptk/53c1460775254129bbfe80a311c33d6e.png,,1,1,,,,
Hàng hóa,THU?C SÂU,NVT_EMAS,EMA''S (100GR),NÔNG VI?T TH?NH,"50,000.0","35,000.0",0.0,0.0,0 ngày,"999,999,999.00",Gï¿½i,,1,,,https://cdn-images.kiotviet.vn/congtyptk/8f22fbc7e1214e29b0cc5a098800c382.jpg,,1,1,150 G?I/TH?NG,,,
Hàng hóa,THU?C B?NH,HP_CHIONIL500,CHIONIL 500GR,HP,"135,000.0","92,000.0",0.0,0.0,0 ngày,"999,999,999.00",GOI,,1,,,https://cdn-images.kiotviet.vn/congtyptk/86e9bfe7b1a2454f918e117c39e21b21.jpg,0,1,1,,,,
Hàng hóa,THU?C B?NH,HP_KOZUMA250,KOZUMA 250ML,HP,"70,000.0","57,571.43",0.0,0.0,0 ngày,"999,999,999.00",Chai,,1,,,https://cdn-images.kiotviet.vn/congtyptk/8f7d8c18db1642b3a9ec54401a18d6df.jpg,0,1,1,,,,
Hàng hóa,THU?C B?NH,HP_ LUCA100,LUSCAR 100ML,HP,"115,000.0","60,000.0",0.0,0.0,0 ngày,"999,999,999.00",CHAI,,1,,,,0,1,1,,,,
Hàng hóa,THU?C B?NH,HP_LUCA240,LUSCAR 325SC 240ML,HP,"220,000.0","128,500.0",0.0,0.0,0 ngày,"999,999,999.00",Chai,,1,,,https://cdn2-retail-images.kiotviet.vn/congtyptk/21f50546fc8e42b7b4c4225d6ac55fa1.jpg,0,1,1,,,,
Hàng hóa,PBL,NIKA_FULAMI1L,FULAMI PRO 1L,NIKA,"210,000.0","110,000.0",0.0,0.0,0 ngày,"999,999,999.00",Chai,,1,,,https://cdn2-retail-images.kiotviet.vn/congtyptk/3b965b45458046e58c687a689a860b57.jpg,0,1,1,1 TH?NG 20 CHAI,,,
Hàng hóa,PBL,SP000318,FULAMI PRO 1L,NIKA,"4,200,000.0","2,200,000.0",0.0,0.0,0 ngày,"49,999,999.95",TH?NG,NIKA_FULAMI1L,20,,NIKA_FULAMI1L,,0,1,1,1 TH?NG 20 CHAI,,,
Hàng hóa,PBL,APN_CABOPHOS,CABOPHOS 500ML,AN PHÁT NÔNG,"170,000.0","140,000.0",0.0,0.0,0 ngày,"999,999,999.00",Chai,,1,,,https://cdn2-retail-images.kiotviet.vn/congtyptk/84dac1208f054ec6b88f02254346109d.png,0,1,1,,,,
Hàng hóa,PBL,NDHÂ_TRONTRAISR,L?N TRÁI - TRÒN TRÁI S?U RIÊNG 500GR,NÔNG D??C HOÀNG ÂN,"75,000.0","49,000.0",0.0,0.0,0 ngày,"999,999,999.00",H?,,1,,,https://cdn2-retail-images.kiotviet.vn/congtyptk/3e448adef7004effbc3829c40b995f9a.jpg,0,1,1,,,,
Hàng hóa,PBL,NDHÂ_SIEURAHOA,SIÊU RA HOA ??U TRÁI S?U RIÊNG 500GR,NÔNG D??C HOÀNG ÂN,"75,000.0","49,000.0",0.0,0.0,0 ngày,"999,999,999.00",H?,,1,,,https://cdn2-retail-images.kiotviet.vn/congtyptk/c50b7236459a4fc4b4a1385ad5c81a45.jpg,0,1,1,,,,
Hàng hóa,PBL,NDHÂ_THUCDOT,THÚC ??T S?U RIÊNG 500GR,NÔNG D??C HOÀNG ÂN,"75,000.0","49,000.0",0.0,0.0,0 ngày,"999,999,999.00",H?,,1,,,https://cdn2-retail-images.kiotviet.vn/congtyptk/f8e6741f9e5f4849983bec03885c42db.jpg,0,1,1,,,,
Hàng hóa,THU?C B?NH,VPC_SMARTPRO240,SMART PRO 250SC 240ML,VIPESCO,"190,000.0","178,500.0",0.0,0.0,12 ngày,"999,999,999.00",Chai,,1,,,,0,1,1,,,,
Hàng hóa,THU?C B?NH,VPC_VIROVAL,VIROVAL 50WP (10GR),VIPESCO,"9,000.0","7,900.0",0.0,0.0,0 ngày,"999,999,999.00",Gï¿½i,,1,,,,0,1,1,,,,
Hàng hóa,THU?C SÂU,NVT_PLUS,PADANG PLUS 85WP ( 100GR ),NÔNG VI?T TH?NH,"60,000.0","54,000.0",0.0,0.0,0 ngày,"999,999,999.00",Gï¿½i,,1,,,https://cdn2-retail-images.kiotviet.vn/congtyptk/397cbb7f5d2942598f03f71730093872.jpg,,1,1,,,,
Hàng hóa,THU?C SÂU,SP000363,PADANG PLUS 85WP ( 100GR ),NÔNG VI?T TH?NH,"9,000,000.0","8,100,000.0",0.0,0.0,0 ngày,"6,666,666.66",TH?NG,NVT_PLUS,150,,NVT_PLUS,,,1,1,,,,
Hàng hóa,PBL,BCC_PK500,COFOLI PK500 ( 900ML ),BACONCO,"210,000.0","166,233.33",0.0,0.0,12 ngày,"999,999,999.00",Chai,,1,,,https://cdn2-retail-images.kiotviet.vn/congtyptk/aee97e5959154befb2d95a564e95b2e5.jpg,0,1,1,,,,
Hàng hóa,PBL,APN_THAMSAU,TH?M SÂU 30 GIÂY (100ML),AN PHÁT NÔNG,"53,000.0","43,000.0",0.0,0.0,0 ngày,"999,999,999.00",Chai,,1,,,https://cdn2-retail-images.kiotviet.vn/congtyptk/ab22b54a591d4f16a2d37129d50aa754.png,0,1,1,,,,
Hàng hóa,PBL,APN_GA3,GA3 S?A 500ML,AN PHÁT NÔNG,"95,000.0","75,000.0",0.0,0.0,0 ngày,"999,999,999.00",Chai,,1,,,https://cdn2-retail-images.kiotviet.vn/congtyptk/fe7d084369fb4ccc990e54612beb969a.png,0,1,1,,,,
Hàng hóa,HKM,HKM_NON,ACB_NÓN TAI BÈO,,0.0,0.0,25.0,0.0,0 ngày,"999,999,999.00",Cï¿½i,,1,,,,0,1,1,,,,
Hàng hóa,H?U C?,NIKA_FUL5LIT,FULVA KELP 5 LÍT,NIKA,"850,000.0","300,000.0",0.0,0.0,0 ngày,"999,999,999.00",Can,,1,,,https://cdn2-retail-images.kiotviet.vn/2025/05/02/congtyptk/bec14f73c6264c78b0dd1783511c231f.png,0,1,1,,,,
Hàng hóa,THU?C C?,BCC_GLU,GLUPHADEX 200SL 900ML,BACONCO,"120,000.0","97,200.0",0.0,0.0,0 ngày,"999,999,999.00",Chai,,1,,,https://cdn2-retail-images.kiotviet.vn/congtyptk/b4ffd06f273f41c2bd9fa267df4d3085.jpg,0,1,1,,,,
Hàng hóa,PBL,APN_MEPI,TR? THÉP MEPI 247 (160ML),AN PHÁT NÔNG,"90,000.0","74,000.0",0.0,0.0,0 ngày,"999,999,999.00",Chai,,1,,,https://cdn2-retail-images.kiotviet.vn/congtyptk/e0201e59ede74c9b831296f58fb1a627.jpg,0,1,1,,,,
Hàng hóa,THU?C SÂU,APN_ RAYXANH,B? TR? R?Y XANH 140WP (120GR),AN PHÁT NÔNG,"45,000.0","34,500.0",0.0,0.0,0 ngày,"999,999,999.00",Gï¿½i,,1,,,https://cdn2-retail-images.kiotviet.vn/congtyptk/5575e4dbf2a84752a909735473416560.jpg,0,1,1,,,,
Hàng hóa,PBL,APN_106010,NPK 10-60-10+TE ( 1KG ),AN PHÁT NÔNG,"100,000.0","77,000.0",0.0,0.0,0 ngày,"999,999,999.00",Gï¿½i,,1,,,https://cdn2-retail-images.kiotviet.vn/2025/06/02/congtyptk/0736ed9bd7b64d578f4779f087c0046c.png,0,1,1,1 TH?NG 25 G?I,,,
Hàng hóa,THU?C B?NH,APN_VILL10,VILL 10 (1 LÍT),AN PHÁT NÔNG,"170,000.0","130,000.0",0.0,0.0,0 ngày,"999,999,999.00",Chai,,1,,,https://cdn2-retail-images.kiotviet.vn/congtyptk/c8acdcd58a9546e68a9eb655f34db667.jpg,0,1,1,,,,
Hàng hóa,PBL,APN_NANO,KALI NANO K++ (500ML),AN PHÁT NÔNG,"140,000.0","103,000.0",0.0,0.0,0 ngày,"999,999,999.00",Chai,,1,,,https://cdn2-retail-images.kiotviet.vn/2025/02/27/congtyptk/8d1a0581d2aa477cbcdb6abb0944e4a1.png,0,1,1,,,,
Hàng hóa,PBL,APN_KICHBONG,SIÊU KÍCH BÔNG ( 500GR ),AN PHÁT NÔNG,"80,000.0","55,000.0",0.0,0.0,0 ngày,"999,999,999.00",Gï¿½i,,1,,,https://cdn2-retail-images.kiotviet.vn/congtyptk/5169480fc76944c5b21be8272bb8ce33.jpg,0,1,1,,,,
Hàng hóa,PBL,APN_PACLO,FARM PACLO (1 LÍT),AN PHÁT NÔNG,"265,000.0","225,000.0",0.0,0.0,0 ngày,"999,999,999.00",Chai,,1,,,https://cdn2-retail-images.kiotviet.vn/congtyptk/83c447efebf44910ac416988b36e9ee8.jpg,0,1,1,,,,
Hàng hóa,THU?C B?NH,APN_ARI,ARIGOLD 620 ( 1 LÍT ),AN PHÁT NÔNG,"285,000.0","255,000.0",0.0,0.0,0 ngày,"999,999,999.00",Chai,,1,,,https://cdn2-retail-images.kiotviet.vn/congtyptk/b45cec7d229a4c118562d39cdc8a0366.png,0,1,1,20 CHAI/ TH?NGï¿½,,,
Hàng hóa,THU?C SÂU,YUTAKA_SAURAY,VUA SÂU R?Y R?P 500EC 400ML,YUTAKA NH?T B?N,"160,000.0","114,944.37",0.0,0.0,12 ngày,"999,999,999.00",Chai,,1,,,https://cdn2-retail-images.kiotviet.vn/congtyptk/a22d58783d1d4790a02b7e74c9bd8970.jpg,0,1,1,1 thï¿½ng 40 chai,,,
Hàng hóa,THU?C SÂU,SP000322,VUA SÂU R?Y R?P 500EC 400ML,YUTAKA NH?T B?N,"6,400,000.0","4,597,774.80",0.0,0.0,12 ngày,"24,999,999.98",TH?NG,YUTAKA_SAURAY,40,,YUTAKA_SAURAY,,0,1,1,1 thï¿½ng 40 chai,,,
Hàng hóa,THU?C B?NH,BCC_COVIL1L,COVIL 110SC 1 LÍT,BACONCO,"200,000.0","170,000.0",0.0,0.0,0 ngày,"999,999,999.00",Chai,,1,,,https://cdn2-retail-images.kiotviet.vn/congtyptk/b26b4e5fcc074ade98c2e7e8d4da5ba9.jpg,0,1,1,,,,
Hàng hóa,THU?C B?NH,HP_IZU240,IZURANT 500SC - 240ML GAP,HP,"185,000.0","163,809.52",0.0,0.0,0 ngày,"999,999,999.00",Chai,,1,,,https://cdn2-retail-images.kiotviet.vn/congtyptk/e85cd452e2c4412d9e497d246631fe88.jpg,,1,1,,,,
Hàng hóa,THU?C B?NH,HP_IZU100,IZURANT 500SC - 100ML GAP,HP,"85,000.0","79,000.0",0.0,0.0,0 ngày,"999,999,999.00",Chai,,1,,,https://cdn2-retail-images.kiotviet.vn/congtyptk/051a2aa0acb649a8b92cf5309efc2d80.jpg,,1,1,,,,
Hàng hóa,H?U C?,SP000246,H?U C? HÀN QU?C VÀNG ( 20KG ),LONG H?I,"10,000.0","5,099.96",0.0,0.0,0 ngày,"999,999,999.00",kg,,1,,,https://cdn2-retail-images.kiotviet.vn/congtyptk/d10138d7342f4765ac0f56b2682a660c.png,0,1,1,,,,
Hàng hóa,H?U C?,SP000247,H?U C? HÀN QU?C VÀNG ( 20KG ),LONG H?I,"150,000.0","101,999.20",0.0,0.0,0 ngày,"49,999,999.95",Bao,SP000246,20,,SP000246,,0,1,1,,,,
Hàng hóa,HKM,HKM_KINHBAOHO,KÍNH B?O H?,NÔNG VI?T TH?NH,0.0,0.0,0.0,0.0,0 ngày,"999,999,999.00",Cï¿½i,,1,,,https://cdn2-retail-images.kiotviet.vn/congtyptk/155d11fa35ad44cfb7623f2fa946fd3d.jpg,0,1,1,,,,
Hàng hóa,PBL,NIKA_OMAGRI,OMAGRI PHOSKA 250GR,NIKA,"50,000.0","28,000.0",0.0,0.0,0 ngày,"999,999,999.00",L?,,1,,,https://cdn2-retail-images.kiotviet.vn/congtyptk/c8dd2a2fa914420793aaa03ef83f24c3.jpg,0,1,1,,,,
Hàng hóa,PBL,NIKA_OMAGRI-1,OMAGRI PHOSKA 250GR,NIKA,0.0,"2,240,000.0",0.0,0.0,0 ngày,"12,499,999.99",TH?NG,NIKA_OMAGRI,80,,NIKA_OMAGRI,,0,1,1,,,,
Hàng hóa,HKM,VPC_PHIEU,VPC-Phiêu rút th?m,VIPESCO,0.0,0.0,0.0,0.0,0 ngày,"999,999,999.00",phi?u,,1,,,,,1,1,,,,
Hàng hóa,PBG,SP000244,URE CÀ MAU XANH_PLUS (40KG),,"15,000.0","11,000.0",0.0,0.0,0 ngày,"999,999,999.00",kg,,1,,,https://cdn2-retail-images.kiotviet.vn/congtyptk/34f4e930b10b418aa35f5d77e086d284.png,,1,1,,,,
Hàng hóa,PBG,SP000245,URE CÀ MAU XANH_PLUS (40KG),,"560,000.0","440,000.0",0.0,0.0,0 ngày,"24,999,999.98",Bao,SP000244,40,,SP000244,,,1,1,,,,
Hàng hóa,THU?C C?,BASF_BASTA500ML,C? BASTA 500ML,BASF,"120,000.0","113,000.0",0.0,0.0,0 ngày,"999,999,999.00",Chai,,1,,,,0,1,1,,,,
Hàng hóa,PBG,SP000242,15-3-20 ??C TÍM (25kg),,"30,000.0","28,400.0",0.0,0.0,0 ngày,"999,999,999.00",kg,,1,,,,0,1,1,,,,
Hàng hóa,PBG,SP000243,15-3-20 ??C TÍM (25kg),,"735,000.0","710,000.0",0.0,0.0,0 ngày,"39,999,999.96",Bao,SP000242,25,,SP000242,,0,1,1,,,,
Hàng hóa,THU?C B?NH,VPC_SMART,VPC- SMART PRO 100ml,VIPESCO,"90,000.0","84,000.0",0.0,0.0,0 ngày,"999,999,999.00",Chai,,1,,,https://cdn2-retail-images.kiotviet.vn/congtyptk/4fa93acf3fb54818be9df58880bbe8e5.jpg,0,1,1,,,,
Hàng hóa,PBL,NDLA_M1,MK1,NONG DUOC LA,"125,000.0","40,000.0",0.0,0.0,0 ngày,"999,999,999.00",chai,,1,,,https://cdn2-retail-images.kiotviet.vn/congtyptk/08d27755810d401abe72e8a9ffc6f972.jpg,0,1,1,,,,
Hàng hóa,PBL,NDLA_SI,SI1 - SILIC CH?N ??T,NONG DUOC LA,"125,000.0","40,000.0",0.0,0.0,0 ngày,"999,999,999.00",chai,,1,,,https://cdn2-retail-images.kiotviet.vn/congtyptk/993d4043ec464ad5907828e529bf2bb2.jpg,0,1,1,,,,
Hàng hóa,HKM,SP000233,NÓN TAI BÈO VPC,VIPESCO,0.0,0.0,0.0,0.0,0 ngày,"999,999,999.00",Cï¿½i,,1,,,,,1,1,,,,
Hàng hóa,HKM,HKM_CHONGDINH,CH?O CH?NG DÍNH,,0.0,0.0,2.0,0.0,0 ngày,"999,999,999.00",Cï¿½i,,1,,,,,1,1,,,,
Hàng hóa,HKM,SP000231,ÁO THUN VPC,VIPESCO,0.0,0.0,0.0,0.0,0 ngày,"999,999,999.00",Cï¿½i,,1,,,,,1,1,,,,
Hàng hóa,HKM,HKM_BOTNGOT,B?T NG?T AJINOMOTO,,0.0,0.0,12.0,0.0,0 ngày,"999,999,999.00",Gï¿½i,,1,,,,,1,1,,,,
Hàng hóa,HKM,HKM_QUAT,QU?T ??NG,,0.0,0.0,1.0,0.0,0 ngày,"999,999,999.00",Cï¿½i,,1,,,,,1,1,,,,
Hàng hóa,HKM,HKM_BINHDA,BÌNH ?Á 1 LÍT,BCC,0.0,0.0,0.0,0.0,0 ngày,"999,999,999.00",Cï¿½i,,1,,,,,1,1,,,,
Hàng hóa,HKM,HKM_GAS,BÉP GAS MINI,,0.0,0.0,1.0,0.0,0 ngày,"999,999,999.00",Cï¿½i,,1,,,,,1,1,,,,
Hàng hóa,HKM,HKM_LY,B? LY,BCC,0.0,0.0,7.0,0.0,0 ngày,"999,999,999.00",Cï¿½i,,1,,,,,1,1,,,,
Hàng hóa,HKM,HKM_??NG VÀNG,ÁO THUN,,0.0,0.0,29.0,0.0,0 ngày,"999,999,999.00",Cï¿½i,,1,,,,,1,1,,,,
Hàng hóa,HKM,HKM_AOTHUBCC,ÁO THUN BCC,BACONCO,0.0,0.0,0.0,0.0,0 ngày,"999,999,999.00",Cï¿½i,,1,,,,,1,1,,,,
Hàng hóa,HKM,HKM_AOMUABCC,ÁO M?A BCC,BACONCO,0.0,0.0,0.0,0.0,0 ngày,"999,999,999.00",Cï¿½i,,1,,,,,1,1,,,,
Hàng hóa,HKM,HKM_AOMUAHP,ÁO M?A ?? HP,HP,0.0,0.0,0.0,0.0,0 ngày,"999,999,999.00",Cï¿½i,,1,,,,,1,1,,,,
Hàng hóa,HKM,HKM_AOTHUNYR,ÁO THUN YARA_ XÁM,YARA,0.0,0.0,0.0,0.0,0 ngày,"999,999,999.00",Cï¿½i,,1,,,,,1,1,,,,
Hàng hóa,HKM,HKM_AOMUA,ÁO M?A YARA,GARSONI,0.0,0.0,0.0,0.0,0 ngày,"999,999,999.00",Cï¿½i,,1,,,,,1,1,,,,
Hàng hóa,PBL,NDLA_MAP,XÔ T??I M?P CÂY XANH LÁ (20KG),NONG DUOC LA,"2,000,000.0","900,000.0",0.0,0.0,12 ngày,"999,999,999.00",Xï¿½,,1,,,,0,1,1,,,,
Hàng hóa,PBL,NDLA_PH,XÔ T??I NÂNG PH ??T (20 KG),NONG DUOC LA,"2,000,000.0","750,000.0",0.0,0.0,0 ngày,"999,999,999.00",Xï¿½,,1,,,,0,1,1,,,,
Hàng hóa,H?U C?,NIKA_HCUC,H?U C? L?NG HIFA AUSTRALIA 20 LÍT,NIKA,"3,200,000.0","1,800,000.0",0.0,0.0,0 ngày,"999,999,999.00",can,,1,,,https://cdn-images.kiotviet.vn/congtyptk/c93b0fe2df564b64bdb5991cfaf97572.jpg,0,1,1,,,,
Hàng hóa,H?U C?,NIKA_FULA20,FULVA KELP 20 LÍT,NIKA,"2,950,000.0","1,500,000.0",0.0,0.0,0 ngày,"999,999,999.00",can,,1,,,https://cdn-images.kiotviet.vn/congtyptk/4a9d2d5128b2487687387edabb470e3a.jpg,0,1,1,,,,
Hàng hóa,THU?C SÂU,NVT_LEDAN,R?Y XANH LEDAN ULTRA 95SP,NÔNG VI?T TH?NH,"65,000.0","57,000.0",0.0,0.0,12 ngày,"999,999,999.00",Gï¿½i,,1,,,https://cdn-images.kiotviet.vn/congtyptk/22f2b8afab8945189faf40adb4725e42.jpg,,1,1,,,,
Hàng hóa,THU?C SÂU,SP000362,R?Y XANH LEDAN ULTRA 95SP,NÔNG VI?T TH?NH,"9,750,000.0","8,550,000.0",0.0,0.0,12 ngày,"6,666,666.66",TH?NG,NVT_LEDAN,150,,NVT_LEDAN,,,1,1,,,,
Hàng hóa,HKM,VPC_VANGSJC,VPC - VÀNG SJC 0.5 CH?,VPC - THU?C SÁT TRÙNG VN,0.0,0.0,0.0,0.0,0 ngày,"999,999,999.00",Chi?c,,1,,,,,1,1,,,,
Hàng hóa,THU?C CHU?T,VPC_VIFARAT100,VPC- VIFARAT 0.005%AB 100G,VPC - THU?C SÁT TRÙNG VN,"10,000.0","6,800.0",0.0,0.0,0 ngày,"999,999,999.00",Gï¿½i,,1,,,https://cdn-images.kiotviet.vn/congtyptk/1a01742e33454c5f8e90fdb24fa6ab1b.jpg,,1,1,1 TH?NG 100 G?I,,,
Hàng hóa,THU?C CHU?T,VPC_VIFARAT100-1,VPC- VIFARAT 0.005%AB 100G,VPC - THU?C SÁT TRÙNG VN,0.0,"680,000.0",0.0,0.0,0 ngày,"9,999,999.99",TH?NG,VPC_VIFARAT100,100,,VPC_VIFARAT100,,,1,1,1 TH?NG 100 G?I,,,
Hàng hóa,THU?C SÂU,VPC_VIBAMEC100,VPC- VIBAMEC 5.55EC 100ML,VPC - THU?C SÁT TRÙNG VN,"40,000.0","31,300.0",0.0,0.0,0 ngày,"999,999,999.00",Chai,,1,,,,0,1,1,,,,
Hàng hóa,THU?C SÂU,VPC_VIBAMEC100-1,VPC- VIBAMEC 5.55EC 100ML,VPC - THU?C SÁT TRÙNG VN,0.0,"3,130,000.0",0.0,0.0,0 ngày,"9,999,999.99",TH?NG,VPC_VIBAMEC100,100,,VPC_VIBAMEC100,,0,1,1,,,,
Hàng hóa,THU?C SÂU,VPC_FENROL240,FENROLE 240SC 240ML,VPC - THU?C SÁT TRÙNG VN,"165,000.0","160,500.0",0.0,0.0,0 ngày,"999,999,999.00",Chai,,1,,,,0,1,1,thï¿½ng 40 chai,,,
Hàng hóa,THU?C SÂU,VPC_FENROL240-1,FENROLE 240SC 240ML,VPC - THU?C SÁT TRÙNG VN,0.0,"6,420,000.0",0.0,0.0,0 ngày,"24,999,999.98",TH?NG,VPC_FENROL240,40,,VPC_FENROL240,,0,1,1,thï¿½ng 40 chai,,,
Hàng hóa,PBG,SP000225,NPK 16-16-16 VG - A2 (25KG),BACONCO,"19,000.0","15,800.0",0.0,0.0,0 ngày,"999,999,999.00",kg,,1,,,https://cdn2-retail-images.kiotviet.vn/congtyptk/dd6555110c2d4eca9080e9626b3c3ff4.jpg,,1,1,,,,
Hàng hóa,PBG,SP000226,NPK 16-16-16 VG - A2 (25KG),BACONCO,"460,000.0","395,000.0",0.0,0.0,0 ngày,"39,999,999.96",Bao,SP000225,25,,SP000225,,,1,1,,,,
Hàng hóa,PBL,NDLA_MANCO,MANCOZIN 1 LÍT,NONG DUOC LA,"150,000.0","80,000.0",0.0,0.0,0 ngày,"999,999,999.00",Chai,,1,,,https://cdn2-retail-images.kiotviet.vn/congtyptk/d866858d9e824a5aa8cc3c83f590496d.jpg,,1,1,,,,
Hàng hóa,PBL,NDLA_DAMTOM5,??M TÔM 5 LÍT,NONG DUOC LA,"750,000.0","400,000.0",0.0,0.0,0 ngày,"999,999,999.00",Can,,1,,,https://cdn-images.kiotviet.vn/congtyptk/a474dcb2ba2e4934be848ae88ded95ad.png,0,1,1,,,,
Hàng hóa,THU?C D??NG,SP000224,SIÊU KÉO BÔNG 500ML,,"90,000.0",0.0,0.0,0.0,0 ngày,"999,999,999.00",Chai,,1,,,,0,1,1,,,,
Hàng hóa,THU?C B?NH,NDLAKM,COC ??NG K?M 1LIT,,0.0,0.0,0.0,0.0,0 ngày,"999,999,999.00",Chai,,1,,,,,1,1,,,,
Hàng hóa,THU?C B?NH,NDLAKM-1,COC ??NG K?M 1LIT,,0.0,0.0,0.0,0.0,0 ngày,"49,999,999.95",TH?NG,NDLAKM,20,,NDLAKM,,,1,1,,,,
Hàng hóa,THU?C SÂU,VPC_ZIRCON,ZIRCON NH?N ?? 43SC 80ML,VIPESCO,"105,000.0","89,300.0",0.0,0.0,0 ngày,"999,999,999.00",Chai,,1,,,https://cdn2-retail-images.kiotviet.vn/congtyptk/fd29eeaa5f614020b44aa737e6032b5c.jpg,,1,1,,,,
Hàng hóa,PBL,BASF_HEADLINE20,HEADLINE 20ML,BASF,"35,000.0","28,000.0",0.0,0.0,0 ngày,"999,999,999.00",Gï¿½i,,1,,,https://cdn-images.kiotviet.vn/congtyptk/22be2473ff5f4f2dbf9056a21b118314.jpg,,1,1,,,,
Hàng hóa,THU?C SÂU,NVT_NOVI,NOVIDAN 100GR,NÔNG VI?T TH?NH,"55,000.0","46,500.0",0.0,0.0,0 ngày,"999,999,999.00",Gï¿½i,,1,,,,,1,1,,,,
Hàng hóa,HKM,HKM_NOILAUDIEN,N?I L?U ?I?N,,0.0,0.0,2.0,0.0,--,"999,999,999.00",Cï¿½i,,1,,,,,1,1,,,,
Hàng hóa,THU?C SÂU,NN_PRO,PRO GGO 440EC 450ML,VI?T TH?NG,"190,000.0","110,000.0",0.0,0.0,0 ngày,"999,999,999.00",chai,,1,,,https://cdn2-retail-images.kiotviet.vn/congtyptk/5fdd457c09b94af5a5e310af7c414768.jpg,0,1,1,,,,
Hàng hóa,PBL,NDLA_DAMTOM,??M TÔM 500ml,NONG DUOC LA,"95,000.0","42,000.0",0.0,0.0,0 ngày,"999,999,999.00",chai,,1,,,https://cdn-images.kiotviet.vn/congtyptk/accb0e95a282449489ebcbf5e03883e7.png,0,1,1,,,,
Hàng hóa,PBL,SP000305,??M TÔM 500ml,NONG DUOC LA,0.0,"42,000.0",0.0,0.0,0 ngày,"999,999,999.00",CHAI KM,NDLA_DAMTOM,1,,NDLA_DAMTOM,,0,1,1,,,,
Hàng hóa,THU?C SÂU,VPC_ SENTI,SENTINET 22.4SC 100ml,VIPESCO,"95,000.0","94,500.0",0.0,0.0,0 ngày,"999,999,999.00",chai,,1,,,https://cdn-images.kiotviet.vn/congtyptk/7b3b720c8d2343948d5c8103ded943af.jpg,0,1,1,,,,
Hàng hóa,PBL,SP000223,D??NG R? ( XANH ),,"200,000.0","110,000.0",0.0,0.0,0 ngày,"999,999,999.00",h?,,1,,,,0,1,1,,,,
Hàng hóa,THU?C B?NH,SUMMIT_RING,RINGO-L 20SC 100ML,SUMMIT,"175,000.0","158,000.0",0.0,0.0,0 ngày,"999,999,999.00",Chai,,1,,,,,1,1,,,,
Hàng hóa,PBL,SP000222,D??NG R? ( ?? ),,"300,000.0","147,000.0",0.0,0.0,0 ngày,"999,999,999.00",h?,,1,,,,0,1,1,,,,
Hàng hóa,HKM,PSV_TANG,SIÊU T?NG TR??NG 40ML,PSV,0.0,0.0,0.0,0.0,0 ngày,"999,999,999.00",L?,,1,,,,,1,1,,,,
Hàng hóa,HKM,PSV_DUONGRE,SIÊU D??NG R? 40ML,PSV,0.0,0.0,0.0,0.0,0 ngày,"999,999,999.00",L?,,1,,,,,1,1,,,,
Hàng hóa,THU?C SÂU,VPC_VIMAT100,VIMATOX 1.9EC - 100ML,VIPESCO,"35,000.0","30,660.0",0.0,0.0,0 ngày,"999,999,999.00",Chai,,1,,,https://cdn-images.kiotviet.vn/congtyptk/4cc99891c6bf486993a749234fe6006b.jpg,,1,1,,,,
Hàng hóa,THU?C C?,HP_CONIFA450,CONIFA 200ME 450ML,HP,"90,000.0","60,203.32",0.0,0.0,0 ngày,"999,999,999.00",Chai,,1,,,https://cdn2-retail-images.kiotviet.vn/congtyptk/f5b2f1690d3f4498abbe134cfc965b5e.png,,1,1,,,,
Hàng hóa,PBL,ACB_HYD XANH,HYDRO M? XANH,,"850,000.0","621,128.52",0.0,0.0,0 ngày,"999,999,999.00",can,,1,,,https://cdn-images.kiotviet.vn/congtyptk/0d0e61f0104a48da922f8eb9f9406a1a.jpg,0,1,1,,,,
Hàng hóa,PBL,ACB_HYD TR?NG,HYDRO M? TR?NG,,"790,000.0","558,333.40",0.0,0.0,0 ngày,"999,999,999.00",can,,1,,,https://cdn2-retail-images.kiotviet.vn/congtyptk/b5b0c1e3fbad4fee8acffa648f1f7ec9.jpg,,1,1,,,,
Hàng hóa,PBL,ACB_HYD,HYDRO NUÔI TRÁI,,"970,000.0",0.0,0.0,0.0,0 ngày,"999,999,999.00",can,,1,,,https://cdn2-retail-images.kiotviet.vn/congtyptk/cde69670fb13443492cbdb064f21ab5a.jpg,,1,1,,,,
Hàng hóa,THU?C B?NH,HT_PHYTO_150,PHYTOCIDE 150GR,H?P TRÍ,"128,000.0","140,000.0",0.0,0.0,0 ngày,"999,999,999.00",Gï¿½i,,1,,,https://cdn-images.kiotviet.vn/congtyptk/c95a3139116f422fa9b2ed871040a95c.jpg,0,1,1,,,,
Hàng hóa,THU?C B?NH,HT_NOR_250,NORSHIELD 250GR,H?P TRÍ,"130,000.0","125,000.0",0.0,0.0,0 ngày,"999,999,999.00",Gï¿½i,,1,,,https://cdn-images.kiotviet.vn/2025/05/02/congtyptk/cc9dc4d2af814bdfbe4fff117deb0a20.png,0,1,1,,,,
Hàng hóa,PBL,FF_K1_4,K1 PRO 400GR,FUTURER FARM,"90,000.0","52,000.0",0.0,0.0,0 ngày,"999,999,999.00",h?,,1,,,https://cdn-images.kiotviet.vn/congtyptk/8db57ac23c5c4b9d9a414628caa49eef.jpg,,1,1,,,,
Hàng hóa,PBG,BCC_321010,NPK 32-10-10 ( 25KG ),BACONCO,"21,000.0","14,800.0",0.0,0.0,0 ngày,"999,999,999.00",kg,,1,,,,0,1,1,,,,
Hàng hóa,PBG,BCC_321010-1,NPK 32-10-10 ( 25KG ),BACONCO,"490,000.0","370,000.0",0.0,0.0,0 ngày,"39,999,999.96",Bao,BCC_321010,25,,BCC_321010,,0,1,1,,,,
Hàng hóa,HKM,HKM_AOOMUA,ÁO M?A H?P TRÍ ??,BCC,0.0,0.0,0.0,0.0,0 ngày,"999,999,999.00",Cï¿½i,,1,,,,0,1,1,,,,
Hàng hóa,PBG,GSN_16-16-16RP,GSN 16-16-16 RP (40KG),GARSONI,"20,000.0","16,200.0",0.0,0.0,0 ngày,"999,999,999.00",kg,,1,,,https://cdn-images.kiotviet.vn/2024/08/23/congtyptk/a3864d2be67b47e3a1ad918280cab954.jpeg,0,1,1,,,,
Hàng hóa,PBG,SP000212,GSN 16-16-16 RP (40KG),GARSONI,"770,000.0","648,000.0",0.0,0.0,0 ngày,"24,999,999.98",Bao,GSN_16-16-16RP,40,,GSN_16-16-16RP,,0,1,1,,,,
Hàng hóa,PBG,GSN_15520,GSN 15-5-20 BAO 25 KG,GARSONI,"22,000.0","18,900.0",0.0,0.0,0 ngày,"999,999,999.00",kg,,1,,,https://cdn2-retail-images.kiotviet.vn/congtyptk/c3441024c465462983ccfbce29557a88.png,,1,1,,,,
Hàng hóa,PBG,GSN _15520-1,GSN 15-5-20 BAO 25 KG,GARSONI,"535,000.0","472,500.0",0.0,0.0,0 ngày,"39,999,999.96",BAO,GSN_15520,25,,GSN_15520,,,1,1,,,,
Hàng hóa,THU?C SÂU,SUMMIT_TAKUMI,TAKUMI 20SC 50ML,SUMMIT,"115,000.0","113,000.0",0.0,0.0,0 ngày,"999,999,999.00",Chai,,1,,,https://cdn-images.kiotviet.vn/congtyptk/181a2520399e4557bf2cd43adec8d4a9.jpg,0,1,1,1 thï¿½ng 100 chai,,,
Hàng hóa,THU?C SÂU,SP000324,TAKUMI 20SC 50ML,SUMMIT,"11,500,000.0","11,300,000.0",0.0,0.0,0 ngày,"9,999,999.99",TH?NG,SUMMIT_TAKUMI,100,,SUMMIT_TAKUMI,,0,1,1,1 thï¿½ng 100 chai,,,
Hàng hóa,HKM,HKM_BHGSN,NÓN B?O HI?M,,0.0,0.0,2.0,0.0,0 ngày,"999,999,999.00",Cï¿½i,,1,,,,,1,1,,,,
Hàng hóa,PBG,GSN-1240,NP 12-40 ( 50KG ),GARSONI,"19,000.0","16,800.0",0.0,0.0,0 ngày,"999,999,999.00",kg,,1,,,https://cdn-images.kiotviet.vn/congtyptk/2fe674cee8304ef9b7230a8ad6c3d363.jpg,0,1,1,,,,
Hàng hóa,PBG,GSN-1240-1,NP 12-40 ( 50KG ),GARSONI,"910,000.0","840,000.0",0.0,0.0,0 ngày,"19,999,999.98",Bao,GSN-1240,50,,GSN-1240,,0,1,1,,,,
Hàng hóa,PBG,CAHEO_9-25-17,9-25-17 CÁ HEO (25KG),,"23,000.0","17,600.0",0.0,0.0,0 ngày,"999,999,999.00",kg,,1,,,https://cdn-images.kiotviet.vn/congtyptk/008629d2183f42e5a374bc118d0015b3.jpg,,1,1,,,,
Hàng hóa,PBG,CAHEO-92517-1,9-25-17 CÁ HEO (25KG),,"540,000.0","440,000.0",0.0,0.0,0 ngày,"39,999,999.96",Bao,CAHEO_9-25-17,25,,CAHEO_9-25-17,,,1,1,,,,
Hàng hóa,THU?C SÂU,NN_BAMPER,BAMPER 500EC 480ML,,"190,000.0","150,000.0",0.0,0.0,0 ngày,"999,999,999.00",Chai,,1,,,https://cdn-images.kiotviet.vn/congtyptk/4837a3aa6af04691bc29b8375bf0069e.jpg,0,1,1,,,,
Hàng hóa,H?U C?,GSN_3.5-2-2,H?U C? GSN 3.5-2-2 ( 25KG ),GARSONI,"18,000.0","12,373.90",0.0,0.0,0 ngày,"999,999,999.00",kg,,1,,,https://cdn-images.kiotviet.vn/congtyptk/583771a1d875402fb3b439dd5b6e4358.jpg,,1,1,,,,
Hàng hóa,H?U C?,GSN_3.5-2-2-1,H?U C? GSN 3.5-2-2 ( 25KG ),GARSONI,"420,000.0","309,347.50",0.0,0.0,0 ngày,"39,999,999.96",Bao,GSN_3.5-2-2,25,,GSN_3.5-2-2,,,1,1,,,,
Hàng hóa,THU?C B?NH,HT_ENVIO,ENVIO 250SC 200ML,H?P TRÍ,"240,000.0","230,000.0",0.0,0.0,0 ngày,"999,999,999.00",Chai,,1,,,https://cdn-images.kiotviet.vn/congtyptk/4d8d662b582345e7b080397d50d52016.jpg,,1,1,,,,
Hàng hóa,LÂN BAO,SP000210,LÂN LÂM THAO (50KG),,"6,000.0","5,000.0",0.0,0.0,0 ngày,"999,999,999.00",kg,,1,,,,,1,1,,,,
Hàng hóa,LÂN BAO,SP000211,LÂN LÂM THAO (50KG),,"260,000.0","250,000.0",0.0,0.0,0 ngày,"19,999,999.98",Bao,SP000210,50,,SP000210,,,1,1,,,,
Hàng hóa,THU?C C?,SP000208,GRAMAXOL 200SL 900ML,,"175,000.0","125,000.0",0.0,0.0,0 ngày,"999,999,999.00",Chai,,1,,,https://cdn-images.kiotviet.vn/congtyptk/e5cb6f3a7e7e4f24a5c3412b4f97fb35.jpg,,1,1,,,,
Hàng hóa,THU?C SÂU,VPC_VINET100G,VINETOX 95SP - 100GR,VIPESCO,"22,000.0","20,000.0",0.0,0.0,12 ngày,"999,999,999.00",Gï¿½i,,1,,,https://cdn2-retail-images.kiotviet.vn/congtyptk/1a75c3f2a5814fc78567ef94572d174d.jpg,0,1,1,,,,
Hàng hóa,THU?C SÂU,SP000282,VINETOX 95SP - 100GR,VIPESCO,"2,200,000.0","2,000,000.0",0.0,0.0,12 ngày,"9,999,999.99",TH?NG,VPC_VINET100G,100,,VPC_VINET100G,,0,1,1,,,,
Hàng hóa,HKM,HKMBINH?A,BÌNH ?Á XANH D??NG,,0.0,"55,000.0",0.0,0.0,0 ngày,"999,999,999.00",Cï¿½i,,1,,,https://cdn-images.kiotviet.vn/congtyptk/39e87efe5ab349c99e4aeeb02c81e288.png,,1,1,,,,
Hàng hóa,HKM,HKM_BINHDAXL,BÌNH ?Á XANH LÁ,AA,0.0,"55,000.0",1.0,0.0,0 ngày,"999,999,999.00",Cï¿½i,,1,,,https://cdn-images.kiotviet.vn/congtyptk/dcbbef386bd64374b156b32c34dc19e6.png,,1,1,,,,
Hàng hóa,THU?C SÂU,VPC_VIFAST,VIFAST 5EC 480ML,VPC - THU?C SÁT TRÙNG VN,"55,000.0","48,300.0",0.0,0.0,0 ngày,"999,999,999.00",Chai,,1,,,https://cdn-images.kiotviet.vn/congtyptk/1a97b06c7a5a4617a3977bc8bc0958bd.jpg,0,1,1,thï¿½ng 30 chai,,,
Hàng hóa,THU?C SÂU,VPC_VIFAST-1,VIFAST 5EC 480ML,VPC - THU?C SÁT TRÙNG VN,0.0,"1,449,000.0",0.0,0.0,0 ngày,"33,333,333.30",TH?NG,VPC_VIFAST,30,,VPC_VIFAST,,0,1,1,thï¿½ng 30 chai,,,
Hàng hóa,THU?C SÂU,VPC_VISHER,VISHER 25EC 1 LÍT,VIPESCO,"220,000.0","190,000.0",0.0,0.0,12 ngày,"999,999,999.00",Chai,,1,,,https://cdn-images.kiotviet.vn/congtyptk/5bb1a1e53b424a0a8ff65c044f5e32eb.jpg,,1,1,,,,
Hàng hóa,THU?C SÂU,VPC_VIBAMEC,VIBAMEC 5.5EC 480ML,VIPESCO,"155,000.0","148,800.0",0.0,0.0,0 ngày,"999,999,999.00",Chai,,1,,,https://cdn-images.kiotviet.vn/congtyptk/3ae7753d07894d02bab9d19750398607.jpg,0,1,1,,,,
Hàng hóa,PBL,FF_P3_4,P3 PRO 400GR,FUTURER FARM,"90,000.0","48,000.0",0.0,0.0,0 ngày,"999,999,999.00",h?,,1,,,https://cdn-images.kiotviet.vn/2025/05/02/congtyptk/9c6d95e72732444398d0f5628d5056ee.png,,1,1,,,,
Hàng hóa,PBL,FF_K2_4,K2 PRO 400GR,FUTURER FARM,"90,000.0","48,000.0",0.0,0.0,0 ngày,"999,999,999.00",h?,,1,,,https://cdn2-retail-images.kiotviet.vn/2025/05/02/congtyptk/7e5a569bc11c4ad6bd6ed6860209b4e1.png,,1,1,,,,
Hàng hóa,PBL,FF_K3_4,K3 PRO 400GR,FUTURER FARM,"90,000.0","56,000.0",0.0,0.0,0 ngày,"999,999,999.00",h?,,1,,,https://cdn-images.kiotviet.vn/congtyptk/e465cf57bf674426bb54547839b94426.jpg,,1,1,,,,
Hàng hóa,PBL,FF_P17_4,P17 PRO 400GR,FUTURER FARM,"90,000.0","64,000.0",0.0,0.0,0 ngày,"999,999,999.00",h?,,1,,,https://cdn-images.kiotviet.vn/congtyptk/16b942d51015482996609e30f1f58cb2.jpg,0,1,1,,,,
Hàng hóa,PBL,FF_P30_4,P30 PRO 400GR,FUTURER FARM,"90,000.0","56,000.0",0.0,0.0,0 ngày,"999,999,999.00",h?,,1,,,https://cdn-images.kiotviet.vn/2025/05/02/congtyptk/a63105fb24d04fa182a8f63553ba9590.png,,1,1,,,,
Hàng hóa,PBL,FF_N35_4,N35 PRO 400GR,FUTURER FARM,"75,000.0","56,000.0",0.0,0.0,0 ngày,"999,999,999.00",h?,,1,,,https://cdn-images.kiotviet.vn/2025/05/02/congtyptk/a7b1538435d74162aa7295784b49582b.png,,1,1,,,,
Hàng hóa,THU?C B?NH,VPC_VICARP,VPC-VICARD 4GR 1KG,VIPESCO,"50,000.0","39,200.0",0.0,0.0,0 ngày,"999,999,999.00",Gï¿½i,,1,,,,,1,1,,,,
Hàng hóa,THU?C B?NH,VPC_VICARP-1,VPC-VICARD 4GR 1KG,VIPESCO,"1,000,000.0","784,000.0",0.0,0.0,0 ngày,"49,999,999.95",TH?NG,VPC_VICARP,20,,VPC_VICARP,,,1,1,,,,
Hàng hóa,THU?C B?NH,VPC_VIBIMZOL,VPC- VIBIMZOL 75WP 100 GR,VPC - THU?C SÁT TRÙNG VN,"40,000.0","31,600.0",0.0,0.0,0 ngày,"999,999,999.00",GOI,,1,,,,0,1,1,,,,
Hàng hóa,THU?C SÂU,NN_OTEX,OTOXES 200SP 100GR,,"28,000.0","15,000.0",0.0,0.0,0 ngày,"999,999,999.00",Gï¿½i,,1,,,https://cdn2-retail-images.kiotviet.vn/congtyptk/988a7d1ca5f64c029300d5e34fc5f4f9.jpg,0,1,1,,,,
Hàng hóa,THU?C SÂU,NN_MALUC,MÃ L?C 250WP 100GR,AA,"22,000.0","16,800.0",0.0,0.0,0 ngày,"999,999,999.00",Gï¿½i,,1,,,https://cdn2-retail-images.kiotviet.vn/congtyptk/9e81ed48492646b988641bd4e49fe308.jpg,0,1,1,,,,
Hàng hóa,THU?C SÂU,SP000267,MÃ L?C 250WP 100GR,AA,"2,170,000.0","1,680,000.0",0.0,0.0,0 ngày,"9,999,999.99",TH?NG,NN_MALUC,100,,NN_MALUC,,0,1,1,,,,
Hàng hóa,PBG,CAHEO2015,20-20-15 CÁ HEO (25KG),,"19,000.0","15,500.0",0.0,0.0,0 ngày,"999,999,999.00",kg,,1,,,https://cdn2-retail-images.kiotviet.vn/congtyptk/3a74b4736fcc49b691605725a72e6f3b.jpg,,1,1,,,,
Hàng hóa,PBG,CAHEO2015-1,20-20-15 CÁ HEO (25KG),,"450,000.0","387,500.0",0.0,0.0,0 ngày,"39,999,999.96",Bao,CAHEO2015,25,,CAHEO2015,,,1,1,,,,
Hàng hóa,PBG,CAHEO3010,30-10-10 CÁ HEO (25KG),,"17,000.0","12,200.0",0.0,0.0,0 ngày,"999,999,999.00",kg,,1,,,https://cdn2-retail-images.kiotviet.vn/congtyptk/102f6d2b3df84317ab59dba3d75703e8.jpg,0,1,1,,,,
Hàng hóa,PBG,CAHEO3010-1,30-10-10 CÁ HEO (25KG),,"405,000.0","305,000.0",0.0,0.0,0 ngày,"39,999,999.96",Bao,CAHEO3010,25,,CAHEO3010,,0,1,1,,,,
Hàng hóa,H?U C?,SP000204,H?U C? ÚC (25kg),,"16,000.0","13,100.0",0.0,0.0,0 ngày,"999,999,999.00",kg,,1,,,https://cdn2-retail-images.kiotviet.vn/congtyptk/490cec41c01d4310a04d20565a11ab74.jpg,0,1,1,,,,
Hàng hóa,H?U C?,SP000205,H?U C? ÚC (25kg),,"375,000.0","327,500.0",0.0,0.0,0 ngày,"39,999,999.96",Bao,SP000204,25,,SP000204,,0,1,1,,,,
Hàng hóa,PBG,BCC161616,NPK 16-16-16 50KG,BACONCO,0.0,0.0,0.0,0.0,0 ngày,"999,999,999.00",kg,,1,,,,,1,1,,,,
Hàng hóa,H?U C?,GSN_SPRING,GSN H?U C? SPRING 3-2-2 ( 25KG),GARSONI,"13,000.0","8,600.0",0.0,0.0,0 ngày,"999,999,999.00",kg,,1,,,https://cdn2-retail-images.kiotviet.vn/congtyptk/7eab10b35e4345b38fdc074e8a3c039a.jpg,,1,1,,,,
Hàng hóa,H?U C?,GSN_SPRING-1,GSN H?U C? SPRING 3-2-2 ( 25KG),GARSONI,"285,000.0","215,000.0",0.0,0.0,0 ngày,"39,999,999.96",BAO,GSN_SPRING,25,,GSN_SPRING,,,1,1,,,,
Hàng hóa,H?U C?,SP000311,GSN H?U C? SPRING 3-2-2 ( 25KG),GARSONI,0.0,"215,000.0",0.0,0.0,0 ngày,"39,999,999.96",BAO KM,GSN_SPRING,25,,GSN_SPRING,,,1,1,,,,
Hàng hóa,PBL,HT_BOTRAC,HT_BOTRAC 10ML,H?P TRÍ,"5,000.0","3,256.0",0.0,0.0,0 ngày,"999,999,999.00",Gï¿½i,,1,,,https://cdn2-retail-images.kiotviet.vn/congtyptk/0b183974a91c48c0ae64eeced92b757b.jpg,,1,1,,,,
Hàng hóa,THU?C B?NH,HT_AGRI 25ML,HT_AGRI LIFE 25ML,H?P TRÍ,"22,000.0","18,480.0",0.0,0.0,0 ngày,"999,999,999.00",Gï¿½i,,1,,,https://cdn2-retail-images.kiotviet.vn/congtyptk/4e2ae6fdb18143de834e6097978fb8a5.png,0,1,1,,,,
Hàng hóa,THU?C B?NH,HT_AGRI,HT_AGRILIFE 200ML,H?P TRÍ,"135,000.0","120,000.0",0.0,0.0,0 ngày,"999,999,999.00",Chai,,1,,,https://cdn2-retail-images.kiotviet.vn/congtyptk/8eb51e4ed1fb4c20aee588a1e046577a.png,,1,1,,,,
Hàng hóa,PBL,HT_MULTI,HT_MULTIPHOLATE 250GR,H?P TRÍ,"80,000.0","65,000.0",0.0,0.0,0 ngày,"999,999,999.00",Gï¿½i,,1,,,https://cdn2-retail-images.kiotviet.vn/congtyptk/5fb2eb35880249a8bfe6610d39b7f57c.jpg,,1,1,,,,
Hàng hóa,THU?C SÂU,HP_MOPRIDE,MOPRIDE 20WP 8GR,HP,"6,000.0","4,950.0",0.0,0.0,0 ngày,"999,999,999.00",Gï¿½i,,1,,,https://cdn2-retail-images.kiotviet.vn/congtyptk/ee9cfdc139c74b85a31226356b9312a1.jpg,,1,1,1000 G?I/TH?NG,,,
Hàng hóa,THU?C SÂU,VPC_VINETOX,VPC_VINETOX 18SL 450ML,VIPESCO,"50,000.0","36,000.0",0.0,0.0,0 ngày,"999,999,999.00",Chai,,1,,,https://cdn2-retail-images.kiotviet.vn/congtyptk/0d6a477c5c15477ab76421837913b6ab.jpg,,1,1,,,,
Hàng hóa,THU?C C?,NN_GLYXIM,NN_GLYXIM 60G,,"22,000.0","15,800.0",0.0,0.0,0 ngày,"999,999,999.00",Gï¿½i,,1,,,https://cdn-images.kiotviet.vn/congtyptk/4b0d22ac30bf4131a1312d66a52bcd0d.jpg,0,1,1,,,,
Hàng hóa,THU?C B?NH,NN_CAMILO,NN_CAMILO 150SC 250ML,,"115,000.0","92,000.0",0.0,0.0,0 ngày,"999,999,999.00",Chai,,1,,,https://cdn2-retail-images.kiotviet.vn/congtyptk/4cf6c2ced9384183bc10d2dd4d4e3cbd.png,,1,1,,,,
Hàng hóa,THU?C SÂU,NN_FAFT240,NN_FAFTAC 5EC 250ML,,"28,000.0","22,500.0",0.0,0.0,0 ngày,"999,999,999.00",Chai,,1,,,https://cdn2-retail-images.kiotviet.vn/congtyptk/62171d5a9fc847eb82ba0781881cfdde.jpg,,1,1,,,,
Hàng hóa,THU?C SÂU,HC_BESTOX,HC_BESTOX 5EC 450ML,,"37,000.0","32,000.0",0.0,0.0,0 ngày,"999,999,999.00",Chai,,1,,,https://cdn2-retail-images.kiotviet.vn/congtyptk/a62d0b46beea45f390ba99ed0fb051cf.jpg,,1,1,,,,
Hàng hóa,THU?C B?NH,HC_AMIS,HC_AMISTARTOP 325SC XI,,"285,000.0","275,000.0",0.0,0.0,0 ngày,"999,999,999.00",Chai,,1,,,https://cdn2-retail-images.kiotviet.vn/congtyptk/80d4a9307574490b962f626da880d04e.jpg,,1,1,,,,
Hàng hóa,PBL,VPC_NU ONG VANG,VPC - NU ONG VÀNG 480ML,VPC - THU?C SÁT TRÙNG VN,"70,000.0","54,300.0",0.0,0.0,0 ngày,"999,999,999.00",Chai,,1,,,https://cdn2-retail-images.kiotviet.vn/congtyptk/cd469419bcb0449e8c0dd07d6134f503.jpg,,1,1,,,,
Hàng hóa,PBL,VPC_NU ONG VANG-1,VPC - NU ONG VÀNG 480ML,VPC - THU?C SÁT TRÙNG VN,"2,100,000.0","1,629,000.0",0.0,0.0,0 ngày,"33,333,333.30",TH?NG,VPC_NU ONG VANG,30,,VPC_NU ONG VANG,,,1,1,,,,
Hàng hóa,THU?C SÂU,VPC_VIPER,VPC- VIPER 500EC - 100ML,VPC - THU?C SÁT TRÙNG VN,"65,000.0","55,953.84",0.0,0.0,0 ngày,"999,999,999.00",Chai,,1,,,https://cdn2-retail-images.kiotviet.vn/congtyptk/b2b46cc32ba84bc1a85c24e9cc214b9b.png,,1,1,,,,
Hàng hóa,THU?C SÂU,VPC_VIPER-1,VPC- VIPER 500EC - 100ML,VPC - THU?C SÁT TRÙNG VN,"6,500,000.0","5,595,384.0",0.0,0.0,0 ngày,"9,999,999.99",THUNG,VPC_VIPER,100,,VPC_VIPER,,,1,1,,,,
Hàng hóa,PBG,BCC_DAP COFO,BCC_DAP COFOLI (50KG),BACONCO,"24,000.0","21,325.06",0.0,0.0,0 ngày,"999,999,999.00",kg,,1,,,https://cdn2-retail-images.kiotviet.vn/congtyptk/504307857ffd4255b349a2eba20706b4.png,0,1,1,,,,
Hàng hóa,PBG,BCC_DAP COFOLI-1,BCC_DAP COFOLI (50KG),BACONCO,"1,175,000.0","1,066,253.0",0.0,0.0,0 ngày,"19,999,999.98",Bao,BCC_DAP COFO,50,,BCC_DAP COFO,,0,1,1,,,,
Hàng hóa,THU?C B?NH,VPC_VIMANCOZ 1KG,VPC -VIMANCOZ 80 WP 1KG -VÀNG,VPC - THU?C SÁT TRÙNG VN,"135,000.0","107,968.57",0.0,0.0,0 ngày,"999,999,999.00",Gï¿½i,,1,,,https://cdn2-retail-images.kiotviet.vn/congtyptk/410adaa459a14f1f8f01c8c6a2906326.jpg,,1,1,,,,
Hàng hóa,THU?C B?NH,VPC_VIMANCOZ XANH,VPC-VIMANCOZ 80WP GÓI 1KG - XANH,VPC - THU?C SÁT TRÙNG VN,"150,000.0","106,000.0",0.0,0.0,0 ngày,"999,999,999.00",Gï¿½i,,1,,,https://cdn2-retail-images.kiotviet.vn/congtyptk/acf7753b473e4b9cb4cff0a7e4995550.jpg,,1,1,,,,
Hàng hóa,PBL,NN_ATO,ATONIK 1.8SL 100ML,,"75,000.0","70,500.0",0.0,0.0,0 ngày,"999,999,999.00",Chai,,1,,,https://cdn2-retail-images.kiotviet.vn/congtyptk/ebe07fd50307473db610779d395ec0fc.jpg,,1,1,,,,
Hàng hóa,THU?C SÂU,NN_ASCE,ASCEND 200SP 200GR,,"70,000.0","59,500.0",0.0,0.0,0 ngày,"999,999,999.00",Gï¿½i,,1,,,https://cdn2-retail-images.kiotviet.vn/congtyptk/a90dcf9700be49e8954e4cfd113898fb.png,,1,1,,,,
Hàng hóa,THU?C B?NH,VPC_VILAX,VPC_VILAXYL 35WP 200GR,VIPESCO,"75,000.0","62,698.80",0.0,0.0,0 ngày,"999,999,999.00",Gï¿½i,,1,,,https://cdn2-retail-images.kiotviet.vn/congtyptk/1351ea0ae374413184238d9d240f6feb.jpg,,1,1,,,,
Hàng hóa,THU?C B?NH,VPC_VIPAC200,VPC_VIPAC 88 200GR,VIPESCO,"20,000.0","10,200.0",0.0,0.0,0 ngày,"999,999,999.00",Gï¿½i,,1,,,https://cdn2-retail-images.kiotviet.vn/congtyptk/e8a290e90f974941b5fedb230308bf23.jpg,,1,1,,,,
Hàng hóa,PBL,TANIXAOLI,OLIGA MAX GOLD 25ML,TANIXA,"12,000.0","6,400.0",0.0,0.0,0 ngày,"999,999,999.00",Gï¿½i,,1,,,https://cdn2-retail-images.kiotviet.vn/congtyptk/654904bfd43244f09c35a65d82e79fed.jpg,,1,1,,,,
Hàng hóa,PBL,BCC - THUÔC,COFOLI AMINO,BACONCO,0.0,0.0,0.0,0.0,0 ngày,"999,999,999.00",Chai,,1,,,,,1,1,,,,
Hàng hóa,PBL,SP000192,COFOLI AMINO,BACONCO,0.0,0.0,0.0,0.0,0 ngày,"41,666,666.63",thung,BCC - THU?C,24,,BCC - THU?C,,,1,1,,,,
Hàng hóa,HKM,KMHP_CHEN,B? CHÉN,HP,0.0,0.0,9.0,0.0,0 ngày,"999,999,999.00",B?,,1,,,,,1,1,,,,
Hàng hóa,HKM,HKM_DAU AN,HP_D?U ?N 1 LÍT,HP,0.0,0.0,0.0,0.0,0 ngày,"999,999,999.00",Chai,,1,,,,,1,1,,,,
Hàng hóa,PBL,GSN_WEED,GSN_ CWEED AA 500ML,GARSONI,"155,000.0","135,000.0",0.0,0.0,0 ngày,"999,999,999.00",Chai,,1,,,https://cdn2-retail-images.kiotviet.vn/congtyptk/f65f429c2d984b4f9dc7f268e67f4e49.jpg,0,1,1,,,,
Hàng hóa,PBL,GSN_CAR,GSN_CARBOPLEX 500ML,GARSONI,"155,000.0","135,000.0",0.0,0.0,0 ngày,"999,999,999.00",Chai,,1,,,https://cdn2-retail-images.kiotviet.vn/congtyptk/90bdc861cc6c434c8f742422a17db258.jpg,,1,1,,,,
Hàng hóa,PBL,GSN_PROP,GSN_PROPLEX 500ML,GARSONI,"155,000.0","135,000.0",0.0,0.0,0 ngày,"999,999,999.00",Chai,,1,,,https://cdn2-retail-images.kiotviet.vn/congtyptk/d145a7b81ae7424e8b1968b2349910cf.jpg,,1,1,,,,
Hàng hóa,THU?C B?NH,HP_AMTE,AMTECH 100EW 750ML,HP,"270,000.0","250,000.0",0.0,0.0,0 ngày,"999,999,999.00",Chai,,1,,,https://cdn2-retail-images.kiotviet.vn/congtyptk/bc6bde74fb5b43f38a0c64850d81b487.jpg,,1,1,2O CHAI/TH?NG,,,
Hàng hóa,THU?C SÂU,HP_WILS,WILSON 240ML,HP,"150,000.0","113,371.43",0.0,0.0,0 ngày,"999,999,999.00",Chai,,1,,,https://cdn2-retail-images.kiotviet.vn/congtyptk/1ebdc4edc4c44468a09d3586b463c67d.png,,1,1,60 CHAI/TH?NG,,,
Hàng hóa,THU?C B?NH,HP_ROMIL,ROMIL 72WP 500G,HP,"195,000.0","143,928.42",0.0,0.0,0 ngày,"999,999,999.00",Gï¿½i,,1,,,https://cdn2-retail-images.kiotviet.vn/congtyptk/5d4ef660c7724a99b9acf630545b14fe.jpg,,1,1,1 TH?NG 30 G?I,,,
Hàng hóa,THU?C B?NH,SP000316,ROMIL 72WP 500G,HP,"5,850,000.0","4,317,852.60",0.0,0.0,0 ngày,"33,333,333.30",TH?NG,HP_ROMIL,30,,HP_ROMIL,,,1,1,1 TH?NG 30 G?I,,,
Hàng hóa,THU?C B?NH,HP_ACTI400,ACTIVO SUPER 648WP 400GR,HP,"205,000.0","178,000.0",0.0,0.0,0 ngày,"999,999,999.00",Gï¿½i,,1,,,https://cdn2-retail-images.kiotviet.vn/congtyptk/2c41c78a87cd47b0a92beb3df8b19f88.jpg,,1,1,25 G?I/TH?NG,,,
Hàng hóa,PBL,NN_ANTRACOM,ANTRACOL 100GR D?NG C?M,AA,"33,000.0","30,500.0",0.0,0.0,0 ngày,"999,999,999.00",Gï¿½i,,1,,,,,1,1,,,,
Hàng hóa,THU?C SÂU,HB-GOLDNIL,GOLDNIL 250EC-50ML- NHÃN ( Sco HB ),HB -CTY HÒA BÌNH,0.0,0.0,0.0,0.0,0 ngày,"999,999,999.00",Chai,,1,,,https://cdn2-retail-images.kiotviet.vn/congtyptk/0d4e55bc36ce4de59dfee1f53ae8b9a5.jpg,,1,1,,,,
Hàng hóa,THU?C B?NH,HBGOLDNIL,GOLDNIL 250EC 50ML-NHÃN SCONIL,HB -CTY HÒA BÌNH,"45,000.0","35,000.0",0.0,0.0,0 ngày,"999,999,999.00",Chai,,1,,,https://cdn2-retail-images.kiotviet.vn/congtyptk/e7f4d17690f84b03b265e02a59e96af9.jpg,,1,1,,,,
Hàng hóa,THU?C D??NG,VPC_MAISUP,VPC_D??NG HOA MAI SUPER 10ML,VPC - THU?C SÁT TRÙNG VN,"30,000.0","25,000.0",0.0,0.0,0 ngày,"999,999,999.00",L?,,1,,,https://cdn2-retail-images.kiotviet.vn/congtyptk/b41fbce19a65489bad37b6dfc1072ca3.jpg,,1,1,,,,
Hàng hóa,THU?C SÂU,XADDAIBANG,??I BÀNG ?? 10.5GR,XUYÊN Á,"12,000.0","6,800.0",0.0,0.0,0 ngày,"999,999,999.00",Gï¿½i,,1,,,https://cdn2-retail-images.kiotviet.vn/congtyptk/921e3b8455bc4ad4b9322fdd855e5f02.jpg,0,1,1,,,,
Hàng hóa,THU?C B?NH,SP000190,S?CH VI KHU?N 25GR,,"15,000.0","7,300.0",0.0,0.0,0 ngày,"999,999,999.00",Gï¿½i,,1,,,https://cdn2-retail-images.kiotviet.vn/congtyptk/5689eca4cd3f4901aefe51f9e29027b0.jpg,,1,1,,,,
Hàng hóa,THU?C SÂU,XAK54,SIÊU DI?T R?Y K54 100GR,XUYÊN Á,"50,000.0","33,600.0",0.0,0.0,0 ngày,"999,999,999.00",Gï¿½i,,1,,,https://cdn2-retail-images.kiotviet.vn/congtyptk/f418c13542694391a29875d584420508.jpg,,1,1,,,,
Hàng hóa,THU?C SÂU,SP000188,VISEK NHÔM 250EC 450ML,,"105,000.0","83,500.0",0.0,0.0,0 ngày,"999,999,999.00",Chai,,1,,,,,1,1,,,,
Hàng hóa,THU?C SÂU,SP000187,RU?I VÀNG 260EW 450ML,,"175,000.0","118,000.0",0.0,0.0,0 ngày,"999,999,999.00",Chai,,1,,,https://cdn2-retail-images.kiotviet.vn/congtyptk/ba0a1de0baea41fcb564c3955e8d4d98.png,,1,1,,,,
Hàng hóa,THU?C SÂU,HB_GOLNITOR,S?CH SÂU KHÁNG (GOLNITOR) 50WG 100GR,HB -CTY HÒA BÌNH,"50,000.0","38,000.0",0.0,0.0,0 ngày,"999,999,999.00",h?,,1,,,https://cdn-images.kiotviet.vn/2025/07/17/congtyptk/b9191ff098154a2baf01f59a47e46f29.jpg,,1,1,1 TH?NG 90 H?,,,
Hàng hóa,THU?C SÂU,SP000360,S?CH SÂU KHÁNG (GOLNITOR) 50WG 100GR,HB -CTY HÒA BÌNH,"4,500,000.0","3,420,000.0",0.0,0.0,0 ngày,"11,111,111.10",TH?NG,HB_GOLNITOR,90,,HB_GOLNITOR,,,1,1,1 TH?NG 90 H?,,,
Hàng hóa,PBL,NDLA_LAN86,NDLA_LÂN T?O M?M 86,NONG DUOC LA,"105,000.0","60,000.0",0.0,0.0,0 ngày,"999,999,999.00",Chai,,1,,,https://cdn2-retail-images.kiotviet.vn/congtyptk/8456706f25ee467d90011977e127b27d.jpg,,1,1,40 CHAI/TH?NG,,,
Hàng hóa,THU?C B?NH,SP000186,ANTRACOL 500GR C?M,AA,"175,000.0","164,000.0",0.0,0.0,0 ngày,"999,999,999.00",Gï¿½i,,1,,,,,1,1,20 G?I/ TH?NG,,,
Hàng hóa,THU?C B?NH,SP000185,FOFER-X3 200G R?NG LÁ MAI,,"32,000.0","27,000.0",0.0,0.0,0 ngày,"999,999,999.00",Gï¿½i,,1,,,https://cdn2-retail-images.kiotviet.vn/congtyptk/aa60b02c22234c6686f7f8c14af01aed.jpg,,1,1,,,,
Hàng hóa,PBL,HT_BUD,HT_BUD BOOSTOR 250G,H?P TRÍ,"75,000.0","65,000.0",0.0,0.0,0 ngày,"999,999,999.00",Gï¿½i,,1,,,https://cdn2-retail-images.kiotviet.vn/congtyptk/01234ceb2ee24da1afd540010bd027e6.jpg,,1,1,40 G?I/TH?NG,,,
Hàng hóa,PBL,HT_BUD-1,HT_BUD BOOSTOR 250G,H?P TRÍ,0.0,"2,600,000.0",0.0,0.0,0 ngày,"24,999,999.98",TH?NG,HT_BUD,40,,HT_BUD,,,1,1,40 G?I/TH?NG,,,
Hàng hóa,PBL,VPC_BOCA,VPC_ACTI BOCA 500ML,VIPESCO,"80,000.0","48,000.0",0.0,0.0,0 ngày,"999,999,999.00",Chai,,1,,,https://cdn2-retail-images.kiotviet.vn/congtyptk/4fdb966701414257a716cfe46a235134.jpg,,1,1,30 CHAI/TH?NG,,,
Hàng hóa,THU?C SÂU,HB_RU?I VÀNG,HB_WOFATAC RU?I VÀNG 200ML,AN PHÁT,"85,000.0","66,000.0",0.0,0.0,0 ngày,"999,999,999.00",Chai,,1,,,https://cdn2-retail-images.kiotviet.vn/congtyptk/b0e8d380dc574b7e8874c63a2d103a1a.jpg,,1,1,,,,
Hàng hóa,THU?C B?NH,VPC_VIPAC88,VPC_VIPAC 88 - 1KG,VIPESCO,"85,000.0","52,500.0",0.0,0.0,0 ngày,"999,999,999.00",Gï¿½i,,1,,,https://cdn2-retail-images.kiotviet.vn/congtyptk/0ebef40bee80425884aed76643784ab1.jpg,0,1,1,20 G?I/TH?NG,,,
Hàng hóa,PBL,HT7544,HT_7-5-44 250GR,H?P TRÍ,"23,000.0","24,000.0",0.0,0.0,0 ngày,"999,999,999.00",Gï¿½i,,1,,,https://cdn-images.kiotviet.vn/congtyptk/0438ddb5d64f42a6b80eb1bca0ff9634.jpg,0,1,1,80 G?I/TH?NG,,,
Hàng hóa,THU?C B?NH,HP_XANI20,XANIZEB 72WP 20G,HP,"10,000.0","4,772.67",0.0,0.0,12 ngày,"999,999,999.00",Gï¿½i,,1,,,https://cdn2-retail-images.kiotviet.vn/congtyptk/5faca88c7e704762a6f7a72082a6f21b.png,,1,1,500 G?I/TH?NG,,,
Hàng hóa,THU?C B?NH,HC_NATIVO 10G,HC_NATIVO/750WP/10GAM,BAYER,"26,000.0","24,500.0",0.0,0.0,0 ngày,"999,999,999.00",Gï¿½i,,1,,,https://cdn2-retail-images.kiotviet.vn/congtyptk/204864df44c142e7b8a09c368fdd5447.png,,1,1,,,,
Hàng hóa,PBG,GSN_161616OLERA,GSN 16-16-16 OLERA ( BAO 40KG ),GARSONI,"20,000.0","19,000.0",0.0,0.0,0 ngày,"999,999,999.00",kg,,1,,,https://cdn2-retail-images.kiotviet.vn/congtyptk/04c009e8858e4bb189426c3ca4fb3739.jpg,0,1,1,,,,
Hàng hóa,PBG,GSN_161616 OLE-1,GSN 16-16-16 OLERA ( BAO 40KG ),GARSONI,"765,000.0","760,000.0",0.0,0.0,0 ngày,"24,999,999.98",Bao,GSN_161616OLERA,40,,GSN_161616OLERA,,0,1,1,,,,
Hàng hóa,PBG,GSN 161616-OLERA,GSN 16-16-16 OLERA ( BAO 40KG ),GARSONI,0.0,0.0,0.0,0.0,0 ngày,"999,999,999.00",kg,,1,,,,,1,1,,,,
Hàng hóa,THU?C C?,VPC_MAESTRO240,MAESTRO 960EC 240ML,VIPESCO,"125,000.0","102,800.0",0.0,0.0,0 ngày,"999,999,999.00",Chai,,1,,,https://cdn2-retail-images.kiotviet.vn/congtyptk/897dff2dae4444b785deed588eaacdc3.jpg,,1,1,40 CHAI/TH?NG,,,
Hàng hóa,THU?C B?NH,VPC_VISUP,VIFU-SUPER 1KG,VIPESCO,"52,000.0","49,000.0",0.0,0.0,0 ngày,"999,999,999.00",Gï¿½i,,1,,,https://cdn2-retail-images.kiotviet.vn/congtyptk/02390f6e229641519fb4849ff00d0ff7.png,0,1,1,20 G?I/TH?NG,,,
Hàng hóa,HKM,VPC_OMO,VPC_B?T GI?T OMO 380GR,VIPESCO,0.0,0.0,0.0,0.0,0 ngày,"999,999,999.00",Gï¿½i,,1,,,,,1,1,,,,
Hàng hóa,THU?C SÂU,VPC_B?T PH?N KI?N,B?T PH?N KI?N 50GR,VIPESCO,"8,000.0","4,700.0",0.0,0.0,0 ngày,"999,999,999.00",Gï¿½i,,1,,,https://cdn2-retail-images.kiotviet.vn/congtyptk/0de6b13f276d45ccb82a8113ee770a03.jpg,,1,1,200 G?I/TH?NG,,,
Hàng hóa,THU?C B?NH,VPC_TRICO900G,TRICHODERMA 900GR,VIPESCO,"75,000.0","45,800.0",0.0,0.0,0 ngày,"999,999,999.00",Gï¿½i,,1,,,https://cdn2-retail-images.kiotviet.vn/congtyptk/701a024496614dc0b88ce64d798966d3.png,,1,1,20 G?I/TH?NG,,,
Hàng hóa,THU?C B?NH,VPC_MIXPF100ML,MIX PERFECT 525SC 100ML,VIPESCO,"120,000.0","111,623.40",0.0,0.0,0 ngày,"999,999,999.00",Chai,,1,,,https://cdn2-retail-images.kiotviet.vn/congtyptk/3c696f452aa742ffbb53b962f06e4746.jpg,,1,1,100 CHAI/TH?NG,,,
Hàng hóa,HKM,SP000196,BÌNH PHUN THU?C KAIZEN 1 B?M,,0.0,"520,000.0",3.0,0.0,0 ngày,"999,999,999.00",C?I_KM,SP000181,1,,SP000181,,0,1,1,,,,
Hàng hóa,HKM,SP000181,BÌNH PHUN THU?C KAIZEN 1 B?M,,"650,000.0","520,000.0",3.0,0.0,0 ngày,"999,999,999.00",Cï¿½i,,1,,,,0,1,1,,,,
Hàng hóa,THU?C B?NH,VPC_VIZINCOP,VPC_VIZINCOP 50WP 200G,VIPESCO,"50,000.0","43,000.0",0.0,0.0,0 ngày,"999,999,999.00",Gï¿½i,,1,,,https://cdn2-retail-images.kiotviet.vn/congtyptk/ea796da4888348579f0aac4b74df3960.jpg,,1,1,,,,
Hàng hóa,THU?C B?NH,VPC_VIVIL LIT,VPC_VIVIL 5SC 1 LÍT,VIPESCO,"90,000.0","64,000.0",0.0,0.0,0 ngày,"999,999,999.00",Chai,,1,,,https://cdn2-retail-images.kiotviet.vn/congtyptk/0665a4a1dc3943538ed00a8d5a7d2ae0.jpg,,1,1,thï¿½ng 20 chai,,,
Hàng hóa,THU?C B?NH,VPC_VIVIL 480,VIVIL 5SC 480ML,VIPESCO,"50,000.0","36,000.0",0.0,0.0,0 ngày,"999,999,999.00",Chai,,1,,,https://cdn2-retail-images.kiotviet.vn/congtyptk/f7f68b21a1d3408eb57239def80e3fc6.jpg,,1,1,30 CHAI/TH?NG,,,
Hàng hóa,THU?C C?,VPC_GLUNATE,GLUNATE 1 LÍT,VIPESCO,"85,000.0","102,000.0",0.0,0.0,0 ngày,"999,999,999.00",Chai,,1,,,https://cdn2-retail-images.kiotviet.vn/congtyptk/905eb002a15d49e0a7473dd8b54c41f8.png,0,1,1,20 CHAI/TH?NG,,,
Hàng hóa,THU?C SÂU,VPC_VICONDOR,VICONDOR 50EC 240ML,VIPESCO,"50,000.0","42,600.0",0.0,0.0,0 ngày,"999,999,999.00",Chai,,1,,,https://cdn-images.kiotviet.vn/congtyptk/8fabc1b14a364706a05b32aacad6385d.jpg,,1,1,40 CHAI/TH?NG,,,
Hàng hóa,THU?C SÂU,HB_SHEPATOC,HB_ DI?T R?Y XANH SHEPATOC 250WP,,"35,000.0","22,900.0",0.0,0.0,0 ngày,"999,999,999.00",Gï¿½i,,1,,,https://cdn-images.kiotviet.vn/congtyptk/6d806e53230a4add953a39cd98f6adbd.jpg,,1,1,,,,
Hàng hóa,HKM,HKM_DAUBEP,KMHP _ D?U ?N ??U B?P 400ML,HP,0.0,0.0,12.0,0.0,217 ngày,"999,999,999.00",CHAI KM,,1,,,,,1,1,,,,
Hàng hóa,THU?C B?NH,HB_ACATOP240ML,ACATOP 320SC - 240ML ( CÂY ?N TRÁI ),HB -CTY HÒA BÌNH,"150,000.0","113,500.0",0.0,0.0,0 ngày,"999,999,999.00",Chai,,1,,,https://cdn-images.kiotviet.vn/congtyptk/3410179d7f864458bbfa5cacf4267082.jpg,,1,1,40 CHAI/TH?NG,,,
Hàng hóa,THU?C SÂU,VPC_VIBAM.1KG,VIBAM - 1KG,VIPESCO,"30,000.0","25,200.0",0.0,0.0,0 ngày,"999,999,999.00",kg,,1,,,https://cdn2-retail-images.kiotviet.vn/congtyptk/db0fc55d94eb487da6ad748e9fed17bd.jpg,,1,1,20 G?I/TH?NG,,,
Hàng hóa,THU?C SÂU,VPC-VIBAM.1KG-1,VIBAM - 1KG,VIPESCO,"600,000.0","504,000.0",0.0,0.0,0 ngày,"49,999,999.95",TH?NG,VPC_VIBAM.1KG,20,,VPC_VIBAM.1KG,,,1,1,20 G?I/TH?NG,,,
Hàng hóa,THU?C SÂU,VPC_VITHOXAM.100ML,VITHOXAM 350SC - 100CC PET,VIPESCO,"60,000.0","52,044.44",0.0,0.0,12 ngày,"999,999,999.00",Chai,,1,,,https://cdn2-retail-images.kiotviet.vn/congtyptk/0deddc79416a437aab582dad441c5e5b.jpg,0,1,1,100 CHAI/TH?NG,,,
Hàng hóa,THU?C B?NH,VPC_ICTOP.KG,IC TOP 28.1SC - 1KG,VIPESCO,"110,000.0","86,005.68",0.0,0.0,0 ngày,"999,999,999.00",kg,,1,,,https://cdn2-retail-images.kiotviet.vn/congtyptk/4e81b80f4b47431b9eab9208adcba0fc.jpg,,1,1,20 G?I/TH?NG,,,
Hàng hóa,THU?C B?NH,VPC_VIVADAMY.4.5L,VPC-VIVADAMY 5SL - 4.5L ( CAN PE ),VIPESCO,"170,000.0","152,000.0",0.0,0.0,0 ngày,"999,999,999.00",can,,1,,,https://cdn2-retail-images.kiotviet.vn/congtyptk/8ebc9056e086489eae0a16fb6ec35471.jpg,,1,1,,,,
Hàng hóa,THU?C SÂU,VPC_CENTRUM25G,CENTRUM 75WG 25GR,VIPESCO,"30,000.0","25,091.90",0.0,0.0,0 ngày,"999,999,999.00",Gï¿½i,,1,,,https://cdn2-retail-images.kiotviet.vn/congtyptk/b0d1020420094547bb84c3846c8a83eb.png,,1,1,,,,
Hàng hóa,THU?C SÂU,HB_SEDOX.240ML,SEDOX 200EC 40SL - 240ML,HB -CTY HÒA BÌNH,"70,000.0","48,000.0",0.0,0.0,0 ngày,"999,999,999.00",Chai,,1,,,https://cdn-images.kiotviet.vn/congtyptk/5accb13c74ac4bdabab2b6fcb423104d.jpg,,1,1,TH?NG 40 CHAI,,,
Hàng hóa,THU?C B?NH,HB_SIEUVIKHUAN 240ML,SIÊU VI KHU?N - 240ML,HB -CTY HÒA BÌNH,"75,000.0","46,800.0",0.0,0.0,0 ngày,"999,999,999.00",Chai,,1,,,https://cdn-images.kiotviet.vn/congtyptk/199606e12958428a8b6757e395285c89.jpg,,1,1,40 CHAI/TH?NG,,,
Hàng hóa,THU?C SÂU,VPC_VIMATOX 480ML,VPC-VIMATOX 1.9EC - 480CC PET,VIPESCO,"130,000.0","124,200.0",0.0,0.0,0 ngày,"999,999,999.00",Chai,,1,,,https://cdn2-retail-images.kiotviet.vn/congtyptk/c5c8be255baf4b8c971eb832bd628ef7.png,,1,1,,,,
Hàng hóa,THU?C SÂU,VPC_VIDIFEN 480ML,VIDIFEN 40EC - 480CC PET,VIPESCO,"115,000.0","103,700.0",0.0,0.0,0 ngày,"999,999,999.00",Chai,,1,,,https://cdn-images.kiotviet.vn/congtyptk/b112a3abe7be4fc5a892d47e21c60996.jpg,,1,1,30 CHAI/TH?NG,,,
Hàng hóa,THU?C B?NH,HB-CORNIL 240ML,HB-CORNIL 500SC - 240ML,,"70,000.0","40,387.26",0.0,0.0,0 ngày,"999,999,999.00",Chai,,1,,,https://cdn2-retail-images.kiotviet.vn/congtyptk/8df49444503140c3b20117af0718a6b8.jpg,,1,1,,,,
Hàng hóa,THU?C B?NH,VPC_VIVADAMY.1000ML,VIVADAMY 5SL - 1 LÍT,VPC - THU?C SÁT TRÙNG VN,"45,000.0","38,500.0",0.0,0.0,0 ngày,"999,999,999.00",Chai,,1,,,https://cdn2-retail-images.kiotviet.vn/congtyptk/703673273fac45a5b90f18dcb76da5d0.png,,1,1,20 chai/thï¿½ngï¿½,,,
Hàng hóa,THU?C SÂU,HB_PANDANG70GR,PANDANG HB - 70GR,HB -CTY HÒA BÌNH,"40,000.0","29,400.0",0.0,0.0,0 ngày,"999,999,999.00",Gï¿½i,,1,,,https://cdn2-retail-images.kiotviet.vn/congtyptk/8ac7a684c77940a8b6da634005beaebc.jpg,,1,1,150 G?I/TH?NG,,,
Hàng hóa,THU?C SÂU,SP000179,POLAS BÁM DÍNH 1 LÍT,,"16,000.0","18,500.0",0.0,0.0,0 ngày,"999,999,999.00",CHAI,,1,,,https://cdn-images.kiotviet.vn/congtyptk/c588095dcc4442f489eca0f6a096a362.jpg,,1,1,,,,
Hàng hóa,THU?C B?NH,NN_ALIET500,ALIETTE 800WG 500GR,BAYER,0.0,"215,000.0",0.0,0.0,0 ngày,"999,999,999.00",Gï¿½i,,1,,,https://cdn2-retail-images.kiotviet.vn/congtyptk/641cda750e4347dfa8a39bb25217f7a2.jpg,,1,1,TH?NG 20 G?I,,,
Hàng hóa,PBL,QN106010,10-60-10 500G (QN),QUANG NÔNG,"15,000.0","10,800.0",0.0,0.0,0 ngày,"999,999,999.00",Gï¿½i,,1,,,,,1,1,,,,
Hàng hóa,PBL,QN106010-1,10-60-10 500G (QN),QUANG NÔNG,"125,000.0","108,000.0",0.0,0.0,0 ngày,"99,999,999.90",h?,QN106010,10,,QN106010,,,1,1,,,,
Hàng hóa,THU?C B?NH,TANICLEA,CLEAR MAX 100ML,TANIXA,"45,000.0","38,000.0",0.0,0.0,0 ngày,"999,999,999.00",Chai,,1,,,https://cdn2-retail-images.kiotviet.vn/congtyptk/c6aac55c92f54367a484a03086bec01a.png,,1,1,,,,
Hàng hóa,PBL,HCMX2,MX2 400G,MAI XUÂN,"54,000.0","50,000.0",0.0,0.0,0 ngày,"999,999,999.00",h?,,1,,,https://cdn2-retail-images.kiotviet.vn/congtyptk/9f79fa6bbbdd49edb59056e0d7c1d1ad.jpg,,1,1,,,,
Hàng hóa,THU?C SÂU,HCACTA,ACTARA 25WG 1G,SYGENTA,"5,000.0","3,550.0",0.0,0.0,0 ngày,"999,999,999.00",Gï¿½i,,1,,,https://cdn-images.kiotviet.vn/congtyptk/3e4bfec186f24788ba7a4e3110deed26.jpg,0,1,1,,,,
Hàng hóa,THU?C B?NH,RVACPOWER,POWER CHLORINE 70WP 300G - R?A RONG,RVAC,"32,000.0","26,000.0",0.0,0.0,0 ngày,"999,999,999.00",h?,,1,,,https://cdn-images.kiotviet.vn/congtyptk/7c352c3847c443d88d2a15b54e5ec695.jpg,0,1,1,,,,
Hàng hóa,THU?C C?,VPC_GLU480,GLUNATE 150SL 480ML,VIPESCO,"60,000.0","78,831.93",0.0,0.0,0 ngày,"999,999,999.00",Chai,,1,,,https://cdn2-retail-images.kiotviet.vn/congtyptk/e8981fe75c3f48e1a53a1420abdab01f.jpg,480,1,1,30 CHAI/TH?NG,,,
Hàng hóa,THU?C B?NH,SP000167,VISEN 20SC 25ML,VIPESCO,"15,000.0","14,000.0",0.0,0.0,0 ngày,"999,999,999.00",Gï¿½i,,1,,,https://cdn2-retail-images.kiotviet.vn/congtyptk/5143eb549ffc4b098b28b6aaa763d37b.jpg,25,1,1,,,,
Hàng hóa,THU?C B?NH,SP000166,NEW KASURAN 16.6WP 200GR,VIPESCO,"28,000.0","25,000.0",0.0,0.0,0 ngày,"999,999,999.00",Gï¿½i,,1,,,https://cdn2-retail-images.kiotviet.vn/congtyptk/9ba8844799c34bc88c0953e231007e7a.png,200,1,1,,,,
Hàng hóa,THU?C B?NH,VPC_CHAM100,CHAMPION 37.5SC 100ML,VIPESCO,"40,000.0","38,945.09",0.0,0.0,0 ngày,"999,999,999.00",Chai,,1,,,https://cdn-images.kiotviet.vn/congtyptk/18969d32b8594ade8f9aab55d78ec8b1.jpg,,1,1,thï¿½ng 100 chai,,,
Hàng hóa,THU?C B?NH,NN_CA,RAINBOW 500SC- THÁI,,"250,000.0","170,000.0",0.0,0.0,0 ngày,"999,999,999.00",Chai,,1,,,https://cdn-images.kiotviet.vn/congtyptk/2aeb2c827b7e45e58ab06c4bbd871d20.jpg,0,1,1,,,,
Hàng hóa,PBL,NN_VINCO79,VINO 79 500ML,,"140,000.0","123,000.0",0.0,0.0,0 ngày,"999,999,999.00",Chai,,1,,,https://cdn-images.kiotviet.vn/congtyptk/dc25011ded2f404296664c0aca1251de.jpg,0,1,1,30 CHAI/TH?NG,,,
Hàng hóa,PBL,NN_15520,15-5-20 1KG- Con G?u THL,,"28,000.0","26,500.0",0.0,0.0,0 ngày,"999,999,999.00",Gï¿½i,,1,,,https://cdn-images.kiotviet.vn/congtyptk/df715949c8424e6a9782f6ca8545ceb9.jpg,0,1,1,20 G?I/TH?NG,,,
Hàng hóa,PBL,NN121517,15-12-17 1KG- Con g?u THL,,"29,000.0","27,500.0",0.0,0.0,0 ngày,"999,999,999.00",Gï¿½i,,1,,,https://cdn-images.kiotviet.vn/congtyptk/017459533e9543d49a1766e826095c30.jpg,0,1,1,,,,
Hàng hóa,THU?C B?NH,VPC_MIX240,MIX PERFECT 525SC 240ML,VIPESCO,"270,000.0","252,000.0",0.0,0.0,0 ngày,"999,999,999.00",Chai,,1,,,https://cdn2-retail-images.kiotviet.vn/congtyptk/9a30e76769294f68aa361944bc7b02ed.jpg,,1,1,thï¿½ng 40 chai,,,
Hàng hóa,THU?C B?NH,VPC_VIMONYL,VIMONYL 72WP 1KG,VIPESCO,"280,000.0","261,000.0",0.0,0.0,0 ngày,"999,999,999.00",Gï¿½i,,1,,,https://cdn2-retail-images.kiotviet.vn/congtyptk/533dbaf6c02f4183b2f2898237dd5660.jpg,,1,1,thï¿½ng 10 gï¿½i,,,
Hàng hóa,THU?C B?NH,VPC_VIMONY100,VIMONYL 72WP 100G,VIPESCO,"30,000.0","27,500.0",0.0,0.0,0 ngày,"999,999,999.00",Gï¿½i,,1,,,https://cdn2-retail-images.kiotviet.vn/congtyptk/8361461cf5e44ae6a0f537fb15e0bc62.jpg,,1,1,thï¿½ng 100 gï¿½i,,,
Hàng hóa,THU?C SÂU,VPC_FERO,VPC_FENROLE 240SC 25ML,VIPESCO,"20,000.0","17,200.0",0.0,0.0,0 ngày,"999,999,999.00",Gï¿½i,,1,,,https://cdn2-retail-images.kiotviet.vn/congtyptk/3d794551bfea467fb312433cfb8b0226.jpg,,1,1,,,,
Hàng hóa,THU?C SÂU,VPC_FENROLE100,FENROLE 240SC 100ML,VIPESCO,"80,000.0","70,700.0",0.0,0.0,0 ngày,"999,999,999.00",Chai,,1,,,https://cdn2-retail-images.kiotviet.vn/congtyptk/daab4ee44cac432e9f53448bd17fa68a.jpg,,1,1,thï¿½ng 100 chai,,,
Hàng hóa,THU?C B?NH,VPC_CHAMPION240,CHAMPION 37.5SC 240ML,VIPESCO,"90,000.0","88,500.0",0.0,0.0,0 ngày,"999,999,999.00",Chai,,1,,,https://cdn-images.kiotviet.vn/congtyptk/63df03c050294b868d76576899f72c85.jpg,,1,1,thï¿½ng 40 chai,,,
Hàng hóa,THU?C B?NH,VPC_VISEN,VISEN 20SC 240ml,VIPESCO,"130,000.0","120,000.0",0.0,0.0,0 ngày,"999,999,999.00",Chai,,1,,,https://cdn2-retail-images.kiotviet.vn/congtyptk/7d05fcf740e24a13b1d51069db11f7af.png,,1,1,,,,
Hàng hóa,THU?C B?NH,BASFPRI,PRIAXOR 500SC 80ML,BASF,"170,000.0","158,500.0",0.0,0.0,0 ngày,"999,999,999.00",Chai,,1,,,https://cdn2-retail-images.kiotviet.vn/congtyptk/c79f37370e3346e692750fe3d15f6622.png,0,1,1,TH?NG 100 CHAI,,,
Hàng hóa,PBL,BASFHEADLINE,HEADLINE 250EC 100ML,BASF,"150,000.0","130,000.0",0.0,0.0,0 ngày,"999,999,999.00",Chai,,1,,,https://cdn2-retail-images.kiotviet.vn/congtyptk/9fb1d04aa9ee476babcc02d968aa33da.jpg,,1,1,,,,
Hàng hóa,PBG,GSN 16168-PRO,GSN 16-16-8 PRO ( BAO 40KG ),GARSONI,"16,000.0","12,700.0",0.0,0.0,0 ngày,"999,999,999.00",KG,,1,,,https://cdn2-retail-images.kiotviet.vn/congtyptk/21330a67dbfd4ad3a3052c02d468eee4.jpg,0,1,1,,,,
Hàng hóa,PBG,SP000184,GSN 16-16-8 PRO ( BAO 40KG ),GARSONI,"620,000.0","508,000.0",0.0,0.0,0 ngày,"24,999,999.98",bao,GSN 16168-PRO,40,,GSN 16168-PRO,,0,1,1,,,,
Hàng hóa,PBL,TANIXAFLO,FLOWER MAX TÚI 1KG,TANIXA,"150,000.0","122,600.0",0.0,0.0,0 ngày,"999,999,999.00",Gï¿½i,,1,,,https://cdn2-retail-images.kiotviet.vn/congtyptk/c7c23ab981b0466e98e22e25cbeffc77.png,,1,1,1 TH?NG 20 G?I,,,
Hàng hóa,PBL,SP000314,FLOWER MAX TÚI 1KG,TANIXA,"3,000,000.0","2,452,000.0",0.0,0.0,0 ngày,"49,999,999.95",TH?NG,TANIXAFLO,20,,TANIXAFLO,,,1,1,1 TH?NG 20 G?I,,,
Hàng hóa,PBL,TANIXACLE,CLEAR MAX CHAI 500ML,TANIXA,"180,000.0","132,000.0",0.0,0.0,0 ngày,"999,999,999.00",Chai,,1,,,https://cdn2-retail-images.kiotviet.vn/congtyptk/d7b61191fe42470492cf6b60119e769b.png,,1,1,,,,
Hàng hóa,PBL,FFP55RE,PROFARM- P55 RA R? C?C M?NH_B?T CH?I NHANH 40G,FUTURER FARM,"12,000.0","6,100.0",0.0,0.0,0 ngày,"999,999,999.00",Gï¿½i,,1,,,https://cdn-images.kiotviet.vn/congtyptk/002663f661bf4dbfb3e42ca13f46a6bd.jpg,0,1,1,,,,
Hàng hóa,PBL,PSVRAHOADO,RA HOA NHÃN IDO 1KG (??),PSV,"55,000.0","48,300.0",0.0,0.0,0 ngày,"999,999,999.00",Gï¿½i,,1,,,https://cdn-images.kiotviet.vn/congtyptk/a984e68386e84b70b17e023a8c320895.jpg,0,1,1,,,,
Hàng hóa,PBL,PSVRAHOAXANH,RA HOA NHÃN 1KG (XANH),PSV,"50,000.0","41,670.0",0.0,0.0,0 ngày,"999,999,999.00",Gï¿½i,,1,,,https://cdn-images.kiotviet.vn/congtyptk/884b7bd8de704ac8b073af8d6770cfec.jpg,0,1,1,,,,
Hàng hóa,THU?C B?NH,HPTISABE,TISABE 550SC 240ML,HP,"115,000.0","97,920.96",0.0,0.0,0 ngày,"999,999,999.00",Chai,,1,,,,,1,1,,,,
Hàng hóa,THU?C SÂU,SP000155,VUA SÂU R?Y 999/260EW/450,HAI,"125,000.0","96,000.0",0.0,0.0,0 ngày,"999,999,999.00",Chai,,1,,,https://cdn-images.kiotviet.vn/congtyptk/fddcec5aa8874cbcaf7672292225524c.jpg,0,1,1,,,,
Hàng hóa,THU?C B?NH,SP000154,AGRIFOS 400/480ML,HAI,"140,000.0","134,000.0",0.0,0.0,0 ngày,"999,999,999.00",Chai,,1,,,https://cdn-images.kiotviet.vn/congtyptk/3c2f57afcbf645cf90952d47236e09c4.jpg,,1,1,,,,
Hàng hóa,PBL,TVLontrai,L?N TRÁI CHÔM CHÔM 500ml,TRE VIET,"75,000.0","32,000.0",0.0,0.0,0 ngày,"999,999,999.00",Chai,,1,,,https://cdn-images.kiotviet.vn/congtyptk/2336ec4c9942433ba210dff75ed4fa7f.jpg,,1,1,,,,
Hàng hóa,PBL,TVCANXICC,CANXI BO CHÔM CHÔM 500ml,TRE VIET,"60,000.0","30,000.0",0.0,0.0,0 ngày,"999,999,999.00",Chai,,1,,,,,1,1,,,,
Hàng hóa,THU?C SÂU,YUTAKA_SIEURAYXANH,SIÊU R?Y XANH 100G,YUTAKA NH?T B?N,"35,000.0","22,761.05","1,000.0",0.0,0 ngày,"999,999,999.00",Gï¿½i,,1,,,https://cdn-images.kiotviet.vn/congtyptk/c597852fedad4147a1e0ddd8789f1e4c.jpg,0,1,1,thï¿½ng 100 gï¿½i,,,
Hàng hóa,THU?C SÂU,SP000284,SIÊU R?Y XANH 100G,YUTAKA NH?T B?N,"3,500,000.0","2,276,105.0",10.0,0.0,0 ngày,"9,999,999.99",TH?NG,YUTAKA_SIEURAYXANH,100,,YUTAKA_SIEURAYXANH,,0,1,1,thï¿½ng 100 gï¿½i,,,
Hàng hóa,PBG,YARA30205,MIXA 30-20-5 (50KG),YARA,"19,000.0","16,400.0",0.0,0.0,0 ngày,"999,999,999.00",kg,,1,,,https://cdn-images.kiotviet.vn/congtyptk/41267aa03323478484aedd51a6ed92be.jpg,0,1,1,,,,
Hàng hóa,PBG,SP000150,MIXA 30-20-5 (50KG),YARA,"905,000.0","820,000.0",0.0,0.0,0 ngày,"19,999,999.98",Bao,YARA30205,50,,YARA30205,,0,1,1,,,,
Hàng hóa,THU?C SÂU,YUTAKA_CHETRAYXANH,CH?T R?Y XANH 300 100G,YUTAKA NH?T B?N,"25,000.0","15,665.50","1,000.0",0.0,0 ngày,"999,999,999.00",Gï¿½i,,1,,,https://cdn-images.kiotviet.vn/congtyptk/eb3f92a49bf74964a013597503044a21.jpg,0,1,1,TH?NG 100 G?I,,,
Hàng hóa,THU?C SÂU,SP000285,CH?T R?Y XANH 300 100G,YUTAKA NH?T B?N,"2,500,000.0","1,566,550.0",10.0,0.0,0 ngày,"9,999,999.99",TH?NG,YUTAKA_CHETRAYXANH,100,,YUTAKA_CHETRAYXANH,,0,1,1,TH?NG 100 G?I,,,
Hàng hóa,THU?C SÂU,YUTAKA_VUARAYREP,VUA R?Y R?P 600 80G,YUTAKA NH?T B?N,"35,000.0","22,576.75",0.0,0.0,0 ngày,"999,999,999.00",Gï¿½i,,1,,,https://cdn2-retail-images.kiotviet.vn/congtyptk/6f3d2883bc2040ccbfa6df21a25e2469.jpg,0,1,1,TH?NG 100 G?I,,,
Hàng hóa,THU?C SÂU,SP000283,VUA R?Y R?P 600 80G,YUTAKA NH?T B?N,"3,500,000.0","2,257,675.0",0.0,0.0,0 ngày,"9,999,999.99",TH?NG,YUTAKA_VUARAYREP,100,,YUTAKA_VUARAYREP,,0,1,1,TH?NG 100 G?I,,,
Hàng hóa,THU?C SÂU,YUTAHAIHAMEC,HAIHAMEC 3.6EC 450ML,YUTAKA NH?T B?N,"85,000.0","52,000.0",0.0,0.0,8 ngày,"999,999,999.00",Chai,,1,,,,,1,1,,,,
Hàng hóa,PBL,SP000145,GA3 VIÊN Á CHÂU 10G,AA,"25,000.0","20,000.0",0.0,0.0,0 ngày,"999,999,999.00",Viï¿½n,,1,,,https://cdn2-retail-images.kiotviet.vn/congtyptk/8aeead6255314121be8830cd19beaede.png,,1,1,,,,
Hàng hóa,PBG,GSN15525,GSN 15-5-25 (25KG),GARSONI,"26,000.0","21,964.73",0.0,0.0,0 ngày,0,kg,,1,,,https://cdn2-retail-images.kiotviet.vn/congtyptk/38b8e956b3ed46d09017589fcbb9c6af.jpg,,1,1,,,,
Hàng hóa,PBG,GSN15525-1,GSN 15-5-25 (25KG),GARSONI,"620,000.0","549,118.25",0.0,0.0,0 ngày,0,Bao,GSN15525,25,,GSN15525,,,1,1,,,,
Hàng hóa,H?U C?,BCCORGANIC,H?U C? ORGANICONCO (25KG)- NÂU,BACONCO,"14,000.0","9,800.0",0.0,0.0,0 ngày,"999,999,999.00",KG,,1,,,https://cdn2-retail-images.kiotviet.vn/2025/05/02/congtyptk/c869f96d346f4dc488bfe613e6cd9b87.png,0,1,1,,,,
Hàng hóa,H?U C?,SP000140,H?U C? ORGANICONCO (25KG)- NÂU,BACONCO,"320,000.0","245,000.0",0.0,0.0,0 ngày,"39,999,999.96",Bao,BCCORGANIC,25,,BCCORGANIC,,0,1,1,,,,
Hàng hóa,THU?C SÂU,HP_EMA8G,EMABEN 3.6WG 8G,HP,"6,000.0","3,454.29",0.0,0.0,0 ngày,"999,999,999.00",Gï¿½i,,1,,,https://cdn-images.kiotviet.vn/congtyptk/a5da797cbf8e4894b482aec4263af2dc.jpg,0,1,1,,,,
Hàng hóa,PBL,HT_CASI,CASI 500ML,H?P TRÍ,"70,000.0","66,000.0",0.0,0.0,0 ngày,"999,999,999.00",Chai,,1,,,https://cdn-images.kiotviet.vn/congtyptk/2e0d668cbeda4c049901fb995fc1c06d.jpg,0,1,1,TH?NG 20 CHAI,,,
Hàng hóa,PBL,HT_FOR250,ORGANO FORCE 250ML,BCC,"80,000.0","70,000.0",0.0,0.0,0 ngày,"999,999,999.00",Chai,,1,,,https://cdn-images.kiotviet.vn/congtyptk/8476c32e5d2a49d69f488465a65ad337.jpg,0,1,1,TH?NG 40 CHAI,,,
Hàng hóa,PBL,HT_BOTRAC500,BOTRAC 500ML,H?P TRÍ,"105,000.0","101,000.0",0.0,0.0,0 ngày,"999,999,999.00",Chai,,1,,,https://cdn-images.kiotviet.vn/congtyptk/72a14fb1e49545eab6b434c565e2bf6b.jpg,0,1,1,TH?NG 20 CHAI,,,
Hàng hóa,THU?C SÂU,HT_BRI400,BRIGHTIN 400ML,H?P TRÍ,"180,000.0","190,000.0",0.0,0.0,0 ngày,"999,999,999.00",CHAI,,1,,,https://cdn-images.kiotviet.vn/congtyptk/3de43b7d46aa41ef8fcb726b1be4e6aa.jpg,,1,1,TH?NG 40 CHAI,,,
Hàng hóa,PBL,ND_106010,10-60-10 O2 h?p 10 gói,,"15,000.0","6,000.0",0.0,0.0,0 ngày,"999,999,999.00",Gï¿½i,,1,,,"https://cdn-images.kiotviet.vn/congtyptk/9f472c456cf04fa88bb4c8402109a163.jpg,https://cdn-images.kiotviet.vn/congtyptk/86770287b64b49b6a9bcbd17b67e8875.jpg",0,1,1,TH?NG 240 G?I,,,
Hàng hóa,PBL,SP000136,10-60-10 O2 h?p 10 gói,,"130,000.0","60,000.0",0.0,0.0,0 ngày,"99,999,999.90",H?p,ND_106010,10,,ND_106010,,0,1,1,TH?NG 240 G?I,,,
Hàng hóa,PBG,NDDamca,??M CÁ H?I BAO 20KG,NONG DUOC LA,"45,000.0","30,000.0",0.0,0.0,0 ngày,"999,999,999.00",kg,,1,,,https://cdn-images.kiotviet.vn/congtyptk/b3caef32e9ea42818c6884084cb81c40.jpg,0,1,1,,,,
Hàng hóa,PBG,SP000169,??M CÁ H?I BAO 20KG,NONG DUOC LA,"870,000.0","600,000.0",0.0,0.0,0 ngày,"49,999,999.95",Bao,NDDamca,20,,NDDamca,,0,1,1,,,,
Hàng hóa,PBG,ND_DAMCA10,??M CÁ H?I BAO 10KG,NONG DUOC LA,"47,000.0","30,000.0",0.0,0.0,0 ngày,"999,999,999.00",kg,,1,,,"https://cdn-images.kiotviet.vn/congtyptk/3c77e865a77b40fcae04e5aa727a239d.jpg,https://cdn2-retail-images.kiotviet.vn/congtyptk/ea976a2da8864d11844a2bc6e43ac856.jpg",0,1,1,,,,
Hàng hóa,PBG,SP000143,??M CÁ H?I BAO 10KG,NONG DUOC LA,"460,000.0","300,000.0",0.0,0.0,0 ngày,"99,999,999.90",Tï¿½i,ND_DAMCA10,10,,ND_DAMCA10,,0,1,1,,,,
Hàng hóa,PBG,ND_ROOTUSA,ROOT USA 10KG,NONG DUOC LA,"75,000.0","54,999.99",0.0,0.0,0 ngày,"999,999,999.00",kg,,1,,,https://cdn2-retail-images.kiotviet.vn/congtyptk/d3a9511262b140419abb34d0345b0a6b.jpg,0,1,1,,,,
Hàng hóa,PBG,SP000142,ROOT USA 10KG,NONG DUOC LA,"715,000.0","549,999.90",0.0,0.0,0 ngày,"99,999,999.90",Bao,ND_ROOTUSA,10,,ND_ROOTUSA,,0,1,1,,,,
Hàng hóa,PBG,GSN_2777,GSN 27-7-7 25KG,GARSONI,"20,000.0","18,000.0",0.0,0.0,0 ngày,"999,999,999.00",KG,,1,,,https://cdn2-retail-images.kiotviet.vn/congtyptk/8845deaaddc54c869f0f60303e449bbf.jpg,0,1,1,,,,
Hàng hóa,PBG,GSN2777-1,GSN 27-7-7 25KG,GARSONI,"470,000.0","450,000.0",0.0,0.0,0 ngày,"39,999,999.96",Bao,GSN_2777,25,,GSN_2777,,0,1,1,,,,
Hàng hóa,THU?C SÂU,HTPERMECIDE,PERMERCIDE 480ML,H?P TRÍ,"230,000.0","230,000.0",0.0,0.0,0 ngày,"999,999,999.00",Chai,,1,,,https://cdn-images.kiotviet.vn/congtyptk/4d7da80647ec4fb695e3f4c75419bf56.jpg,,1,1,,,,
Hàng hóa,PBL,HTHUMICHAT,SUPER HUMIC 1KG- D?NG H?T,H?P TRÍ,"85,000.0","90,000.0",0.0,0.0,0 ngày,"999,999,999.00",Gï¿½i,,1,,,https://cdn-images.kiotviet.vn/congtyptk/9b130c16c9eb46e1a1c56b6b76391432.png,,1,1,,,,
Hàng hóa,THU?C SÂU,HCHUGO,HUGO 95SP 60G,,"40,000.0","39,000.0",0.0,0.0,0 ngày,"999,999,999.00",Gï¿½i,,1,,,"https://cdn2-retail-images.kiotviet.vn/congtyptk/cd9392f9cb4541b6af287d92f971805b.jpg,https://cdn2-retail-images.kiotviet.vn/congtyptk/594e214910c1436ab6d95a289700a69d.jpg",0,1,1,thï¿½ng 200 gï¿½i,,,
Hàng hóa,THU?C SÂU,HC_MOTOX,MOTOX 5EC 480ML,NG?C TÙNG,"60,000.0","48,000.0",0.0,0.0,0 ngày,"999,999,999.00",Chai,,1,,,https://cdn2-retail-images.kiotviet.vn/congtyptk/7d181009a9e64722b9f9ec9fa68fc8c9.jpg,0,1,1,TH?NG 30 CHAI,,,
Hàng hóa,THU?C B?NH,HPCHIONIL,CHIONIL 750WP 25G,HP,"10,000.0","5,800.0",0.0,0.0,0 ngày,"999,999,999.00",Gï¿½i,,1,,,https://cdn-images.kiotviet.vn/congtyptk/ebb9915bcce3490cb757630eaae1d537.jpg,0,1,1,,,,
Hàng hóa,THU?C B?NH,HPMONEY,MONEYS 325SL 10ML,HP,"16,000.0","10,985.0",0.0,0.0,0 ngày,"999,999,999.00",Gï¿½i,,1,,,https://cdn-images.kiotviet.vn/congtyptk/633efc9906ac4fec917b018902243b41.jpg,0,1,1,,,,
Hàng hóa,THU?C B?NH,HP_KOZUMA,KOZUMA 3SL 15ML,HP,"6,000.0","4,500.0",0.0,0.0,0 ngày,"999,999,999.00",Gï¿½i,,1,,,https://cdn-images.kiotviet.vn/congtyptk/947881d9cd7d4e44a11d8b62787fd69e.jpg,0,1,1,,,,
Hàng hóa,THU?C B?NH,NNMATAXY,MATAXYL 50WG 100GR- D?NG C?M,,"80,000.0","75,500.0",0.0,0.0,0 ngày,"999,999,999.00",Gï¿½i,,1,,,https://cdn-images.kiotviet.vn/congtyptk/928f0b2d6a1b4cf3933c9c7444c73b3f.jpg,,1,1,,,,
Hàng hóa,THU?C SÂU,NNTVG,TVG20 565EC 480ML,,"195,000.0","163,000.0",0.0,0.0,0 ngày,"999,999,999.00",Chai,,1,,,https://cdn-images.kiotviet.vn/congtyptk/2ddb510cf5ba4753a6727afb2a6f2bec.jpg,0,1,1,,,,
Hàng hóa,THU?C ?C,ANHEAD,ANHEAD ?C 12G 1KG,LOC TROI,"50,000.0","41,000.0",0.0,0.0,0 ngày,"999,999,999.00",Gï¿½i,,1,,,https://cdn-images.kiotviet.vn/congtyptk/0755f0b846c94696ae0776cc7dfc01e0.jpg,,1,1,TH?NG 20 G?I,,,
Hàng hóa,THU?C SÂU,NN CSD,CHIM SÂU ?? 50G,,"40,000.0","26,000.0",0.0,0.0,0 ngày,"999,999,999.00",Gï¿½i,,1,,,,0,1,1,,,,
Hàng hóa,THU?C SÂU,NN AL,ALFAMITE 15EC 480ML,,"80,000.0","74,000.0",0.0,0.0,0 ngày,"999,999,999.00",Chai,,1,,,https://cdn-images.kiotviet.vn/congtyptk/b69e48731166486c885cb217d81a79b5.jpg,,1,1,,,,
Hàng hóa,THU?C SÂU,NNPRE,PREVATHON 5SC 150ML,FMC,"130,000.0","116,000.0",0.0,0.0,0 ngày,"999,999,999.00",Chai,,1,,,https://cdn-images.kiotviet.vn/congtyptk/f19a4cfa4d7741f48b11cf8b32de28ad.jpg,0,1,1,,,,
Hàng hóa,THU?C B?NH,NN TIL,TILT SUPER 250ML,SYGENTA,"208,000.0","171,000.0",0.0,0.0,0 ngày,"999,999,999.00",Chai,,1,,,https://cdn-images.kiotviet.vn/congtyptk/d22ccd500261495d93aa6d48c7e4dc06.png,,1,1,,,,
Hàng hóa,PBG,BCC_15920,NPK 15-9-20 BAO PTK (25KG),BACONCO,"23,000.0","18,201.81",0.0,0.0,0 ngày,"999,999,999.00",kg,,1,,,https://cdn2-retail-images.kiotviet.vn/2025/05/02/congtyptk/ef71b376089449bbab37b73125ef2b55.png,0,1,1,,,,
Hàng hóa,PBG,SP000113,NPK 15-9-20 BAO PTK (25KG),BACONCO,"540,000.0","455,045.25",0.0,0.0,0 ngày,"39,999,999.96",bao,BCC_15920,25,,BCC_15920,,0,1,1,,,,
Hàng hóa,PBG,BCC_16168,NPK 16-16-8 PTK (25KG),BACONCO,"20,000.0","15,990.0",0.0,0.0,0 ngày,"999,999,999.00",kg,,1,,,https://cdn2-retail-images.kiotviet.vn/2025/05/02/congtyptk/1bf517df52d041d085573c900b82d1c2.png,0,1,1,,,,
Hàng hóa,PBG,SP000111,NPK 16-16-8 PTK (25KG),BACONCO,"470,000.0","399,750.0",0.0,0.0,0 ngày,"39,999,999.96",bao,BCC_16168,25,,BCC_16168,,0,1,1,,,,
Hàng hóa,PBG,BCC121118,NPK 12-11-18 PTK (25KG),BACONCO,"25,000.0","17,999.83",0.0,0.0,0 ngày,"999,999,999.00",kg,,1,,,https://cdn-images.kiotviet.vn/2025/05/02/congtyptk/b939b5ab96d44f95a9f42f7664f537a6.png,0,1,1,,,,
Hàng hóa,PBG,SP000109,NPK 12-11-18 PTK (25KG),BACONCO,"600,000.0","449,995.75",0.0,0.0,0 ngày,"39,999,999.96",Bao,BCC121118,25,,BCC121118,,0,1,1,,,,
Hàng hóa,PBG,BCC201510,NPK 20-15-10 BAO PTK (25KG),BACONCO,"21,000.0","20,700.0",0.0,0.0,0 ngày,0,kg,,1,,,https://cdn2-retail-images.kiotviet.vn/2025/05/02/congtyptk/0d499c22967c480db56e05ec52e6dde5.png,0,1,1,,,,
Hàng hóa,PBG,SP000105,NPK 20-15-10 BAO PTK (25KG),BACONCO,"490,000.0","517,500.0",0.0,0.0,0 ngày,0,bao,BCC201510,25,,BCC201510,,0,1,1,,,,
Hàng hóa,PBL,NDHUYETRONG,HUY?T R?NG NUÔI TRÁI,NONG DUOC LA,"120,000.0","70,000.0",0.0,0.0,0 ngày,"999,999,999.00",Tï¿½i,,1,,,,,1,1,,,,
Hàng hóa,PBL,PTK ORG,OGROPLUS ORGANIC A- XANH LÁ- 5 LÍT,PTK,"450,000.0","225,000.0",0.0,0.0,0 ngày,"999,999,999.00",CAN,,1,,,https://cdn2-retail-images.kiotviet.vn/congtyptk/04eb5cf62d534eb4b2673755e784c339.jpg,0,1,1,,,,
Hàng hóa,PBL,ND SUPERHUM,SUPER HUM 1 LÍT- ND,NONG DUOC LA,"95,000.0","40,000.0",0.0,0.0,0 ngày,"999,999,999.00",Chai,,1,,,https://cdn-images.kiotviet.vn/congtyptk/4f7cf1c0b2fd40348f1caf38a9ac4bb1.jpg,,1,1,,,,
Hàng hóa,PBL,HT BRI,BRIGHTSTAR 25SC 1 LÍT,H?P TRÍ,"370,000.0","365,000.0",0.0,0.0,0 ngày,"999,999,999.00",Chai,,1,,,https://cdn-images.kiotviet.vn/congtyptk/8dd10c4c25344d1db8846cca30e2d101.jpg,0,1,1,,,,
Hàng hóa,PBL,NN MX6,MX6 1 LÍT,MAI XUÂN,"59,000.0","58,000.0",0.0,0.0,0 ngày,"999,999,999.00",Chai,,1,,,https://cdn-images.kiotviet.vn/congtyptk/ad679c80e1684793b92c75908ec8daf3.png,,1,1,,,,
Hàng hóa,PBL,NN MX3,MX3 400G,MAI XUÂN,"54,000.0","53,000.0",0.0,0.0,0 ngày,"999,999,999.00",H?p,,1,,,https://cdn-images.kiotviet.vn/congtyptk/e9b75cbaf0684c65a4eec6c8da62eedb.jpg,,1,1,,,,
Hàng hóa,PBL,NN HCR,HCR 400G,MAI XUÂN,"68,000.0","51,500.0",0.0,0.0,0 ngày,"999,999,999.00",h?,,1,,,https://cdn-images.kiotviet.vn/congtyptk/973b5976efba4c9e8ece701b673d4708.png,,1,1,,,,
Hàng hóa,PBL,NN MXFBO,MX FBO 400G,MAI XUÂN,"55,000.0","50,000.0",0.0,0.0,0 ngày,"999,999,999.00",H?p,,1,,,https://cdn-images.kiotviet.vn/congtyptk/ae178a17128e4336856eb29f030841d1.jpg,,1,1,,,,
Hàng hóa,HKM,KM NONTAIBEO,NÓN TAI BÈO,,0.0,0.0,142.0,0.0,0 ngày,"999,999,999.00",Cï¿½i,,1,,,,,1,1,,,,
Hàng hóa,HKM,HKM_NUOCRUACHEN,N??C R?A CHÉN,,0.0,0.0,5.0,0.0,0 ngày,"999,999,999.00",Gï¿½i,,1,,,,,1,1,,,,
Hàng hóa,HKM,KM PHICHNUOC,PHÍCH N??C,,0.0,0.0,0.0,0.0,0 ngày,"999,999,999.00",Cï¿½i,,1,,,,,1,1,,,,
Hàng hóa,HKM,KM KHAUTRANG,KH?U TRANG KM,,0.0,0.0,25.0,0.0,0 ngày,"999,999,999.00",H?p,,1,,,,,1,1,,,,
Hàng hóa,HKM,HKM_ AOTHUN,ÁO THUN KM,,0.0,0.0,39.0,0.0,16 ngày,"999,999,999.00",Cï¿½i,,1,,,https://cdn-images.kiotviet.vn/congtyptk/a198cb8e36a34fcca927c93f8041be99.jpg,0,1,1,,,,
Hàng hóa,PBL,HCTOBA,TOBA JUM 20WP 1KG,TOBA,"165,000.0","154,000.0",0.0,0.0,0 ngày,"999,999,999.00",Gï¿½i,,1,,,https://cdn2-retail-images.kiotviet.vn/congtyptk/746d317ee1824c53b4cfc1d1cc79dc91.jpg,,1,1,,,,
Hàng hóa,PBL,HCPACLO,PACLOR 15SC 1 LÍT,,"140,000.0","122,000.0",0.0,0.0,0 ngày,"999,999,999.00",Chai,,1,,,https://cdn-images.kiotviet.vn/congtyptk/73cb6ef14d144c63a175e892dacd28e5.jpg,,1,1,,,,
Hàng hóa,THU?C SÂU,NN REGENT,REGENT 100ML,BAYER,"65,000.0","51,000.0",0.0,0.0,0 ngày,"999,999,999.00",Chai,,1,,,,,1,1,,,,
Hàng hóa,THU?C B?NH,NN DITHANE,DITHANE M45 250G,,"48,000.0","42,500.0",0.0,0.0,0 ngày,"999,999,999.00",Gï¿½i,,1,,,https://cdn-images.kiotviet.vn/congtyptk/860e37bf439a463cbf0ed791068c1407.jpg,,1,1,,,,
Hàng hóa,PBL,TV 301010,30-10-10 500G- TV,TRE VIET,"50,000.0","25,000.0",0.0,0.0,0 ngày,"999,999,999.00",H?p,,1,,,https://cdn-images.kiotviet.vn/congtyptk/28945e473b0948dd8c0fb76a77fb35ac.jpg,0,1,1,,,,
Hàng hóa,PBL,TV LAN86,LÂN 86 1KG,TRE VIET,"80,000.0","52,000.0",0.0,0.0,0 ngày,"999,999,999.00",H?p,,1,,,https://cdn2-retail-images.kiotviet.vn/congtyptk/a3b624e6d3674b688061442f07de8f5c.jpg,,1,1,,,,
Hàng hóa,PBL,TV SIEULAN,SIÊU LÂN ROMA 500ML,TRE VIET,"70,000.0","36,000.0",0.0,0.0,0 ngày,"999,999,999.00",Chai,,1,,,https://cdn-images.kiotviet.vn/congtyptk/a3c82a4431dd4bd183ecb424b220a699.jpg,,1,1,,,,
Hàng hóa,PBL,NDLA,PTK -BONSAI THÁI,NONG DUOC LA,0.0,"60,000.0",0.0,0.0,0 ngày,0,Chai,,1,,,,,1,1,,,,
Hàng hóa,PBL,NDLA-1,PTK -BONSAI THÁI,NONG DUOC LA,0.0,"2,400,000.0",0.0,0.0,0 ngày,0,thung,NDLA,40,,NDLA,,,1,1,,,,
Hàng hóa,PBL,TV N3M,N3M 500G- TV,TRE VIET,"55,000.0","32,000.0",0.0,0.0,0 ngày,"999,999,999.00",H?p,,1,,,https://cdn-images.kiotviet.vn/congtyptk/70dbd25584b34368be75b8e3577ac60d.jpg,0,1,1,thï¿½ng 30 h?,,,
Hàng hóa,PBG,GSN 20260,20-26-0 USA (40KG),GARSONI,"21,000.0","18,900.0",0.0,0.0,0 ngày,"999,999,999.00",kg,,1,,,https://cdn-images.kiotviet.vn/congtyptk/84b742c9928f4ad4848399c6e72e9f70.jpg,,1,1,,,,
Hàng hóa,PBG,GSN 20260-1,20-26-0 USA (40KG),GARSONI,"780,000.0","756,000.0",0.0,0.0,0 ngày,"24,999,999.98",bao,GSN 20260,40,,GSN 20260,,,1,1,,,,
Hàng hóa,PBG,GSN82424,GSN 8-24-24 USA (40KG),GARSONI,"21,000.0","16,600.0",0.0,0.0,0 ngày,"999,999,999.00",kg,,1,,,https://cdn-images.kiotviet.vn/congtyptk/ff8f4258b61a4d5e8a0a809af555f245.jpg,0,1,1,,,,
Hàng hóa,PBG,GSN 82424-1,GSN 8-24-24 USA (40KG),GARSONI,"800,000.0","664,000.0",0.0,0.0,0 ngày,"24,999,999.98",bao,GSN82424,40,,GSN82424,,0,1,1,,,,
Hàng hóa,THU?C B?NH,SP000080,RIDOMIN 1KG,SYGENTA,"515,000.0","501,000.0",0.0,0.0,0 ngày,"999,999,999.00",Gï¿½i,,1,,,https://cdn-images.kiotviet.vn/congtyptk/83f1c87da039486aa0e382d9e96c27d8.jpg,0,1,1,,,,
Hàng hóa,PBG,BCC KALISUNFAT,KALI TR?NG 25KG-PHI,BACONCO,"28,000.0","19,200.0",0.0,0.0,0 ngày,"999,999,999.00",kg,,1,,,https://cdn-images.kiotviet.vn/congtyptk/4a8a9115b40a489aad6201b05931e1c2.jpg,0,1,1,,,,
Hàng hóa,PBG,BCC KALISUNFAT-1,KALI TR?NG 25KG-PHI,BACONCO,"670,000.0","480,000.0",0.0,0.0,0 ngày,"39,999,999.96",Bao,BCC KALISUNFAT,25,,BCC KALISUNFAT,,0,1,1,,,,
Hàng hóa,THU?C SÂU,BASF0012,MALLOT 50DC 100ML,BASF,"175,000.0","150,000.0",0.0,0.0,0 ngày,"999,999,999.00",Chai,,1,,,https://cdn-images.kiotviet.vn/congtyptk/3df8cc8a9a354acca84fb79dafbdf466.jpg,0,1,1,,,,
Hàng hóa,PBL,HC01,HTC ??I NGÀN 500ML,,"58,000.0","53,000.0",0.0,0.0,0 ngày,"999,999,999.00",Chai,,1,,,https://cdn-images.kiotviet.vn/congtyptk/9558e6f129b749e09a4643d2960ec266.jpg,0,1,1,,,,
Hàng hóa,THU?C SÂU,NN VIRTAKO,VIRTAKO 40WG 4.5G,SYGENTA,"23,000.0","18,000.0",0.0,0.0,0 ngày,"999,999,999.00",Gï¿½i,,1,,,https://cdn-images.kiotviet.vn/congtyptk/521e5db5806b4ab49aa7f458c6106fec.jpg,0,1,1,,,,
Hàng hóa,PBL,NN0012,TRICO-?HCT 500G,,"65,000.0","43,500.0",0.0,0.0,0 ngày,"999,999,999.00",Gï¿½i,,1,,,https://cdn-images.kiotviet.vn/congtyptk/acd1e6cb66d44d4aa1d85073a8418f4f.jpg,0,1,1,,,,
Hàng hóa,PBG,BM 151515,BM 15-15-15 (BAO 50KG),,"26,000.0","23,200.0",0.0,0.0,0 ngày,"999,999,999.00",kg,,1,,,,0,1,1,,,,
Hàng hóa,PBG,BM 151515-1,BM 15-15-15 (BAO 50KG),,"1,260,000.0","1,160,000.0",0.0,0.0,0 ngày,"19,999,999.98",BAO,BM 151515,50,,BM 151515,,0,1,1,,,,
Hàng hóa,PBG,DAP NP,DAP KOREA NGUY?N PHAN,,"28,000.0","27,000.0",0.0,0.0,0 ngày,"999,999,999.00",kg,,1,,,https://cdn-images.kiotviet.vn/congtyptk/dd03bd052fd441058edcabbc976815ce.png,0,1,1,,,,
Hàng hóa,PBG,DAP NP-1,DAP KOREA NGUY?N PHAN,,"1,360,000.0","1,350,000.0",0.0,0.0,0 ngày,"19,999,999.98",Bao,DAP NP,50,,DAP NP,,0,1,1,,,,
Hàng hóa,PBG,BM TIM,BM 20-10-10 TÍM BAO 25 KG,BM,"32,000.0","30,950.0",0.0,0.0,0 ngày,"999,999,999.00",kg,,1,,,,0,1,1,,,,
Hàng hóa,PBG,BM-1,BM 20-10-10 TÍM BAO 25 KG,BM,"795,000.0","773,750.0",0.0,0.0,0 ngày,"39,999,999.96",BAO,BM TIM,25,,BM TIM,,0,1,1,,,,
Hàng hóa,LÂN BAO,LÂN NB,LÂN NINH BÌNH,NINH BÌNH,"9,000.0","7,400.0",0.0,0.0,0 ngày,"999,999,999.00",kg,,1,,,,0,1,1,,,,
Hàng hóa,LÂN BAO,LAN NB-bao,LÂN NINH BÌNH,NINH BÌNH,"380,000.0","370,000.0",0.0,0.0,0 ngày,"19,999,999.98",Bao,L?N NB,50,,L?N NB,,0,1,1,,,,
Hàng hóa,PBL,HT023,KALI-PHOS 1 LÍT,H?P TRÍ,"200,000.0","215,000.0",0.0,0.0,0 ngày,"999,999,999.00",Chai,,1,,,https://cdn-images.kiotviet.vn/congtyptk/e3f312c88fb543bbb66a1c251168965d.jpg,0,1,1,thï¿½ng 12 chai,,,
Hàng hóa,PBL,HT022,KALI-PHOS 500ML,BCC,"105,000.0","115,000.0",0.0,0.0,0 ngày,"999,999,999.00",Chai,,1,,,https://cdn-images.kiotviet.vn/2025/05/02/congtyptk/6fccd1128f6c43bf9f9a2bf94f8ca8d1.png,0,1,1,,,,
Hàng hóa,THU?C SÂU,HT021,CARBOSAN 400ML,H?P TRÍ,"120,000.0","113,000.0",0.0,0.0,0 ngày,"999,999,999.00",Chai,,1,,,https://cdn-images.kiotviet.vn/congtyptk/5ec46caa264d49da8e09aebda8b5774c.jpg,0,1,1,,,,
Hàng hóa,THU?C SÂU,HC002,VITHADAN 95WP 100G (VÀNG),VI?T TH?NG,"18,000.0","16,900.0",0.0,0.0,0 ngày,"999,999,999.00",Gï¿½i,,1,,,https://cdn-images.kiotviet.vn/congtyptk/76ac57755396418fa9dd41239ec303af.jpg,0,1,1,,,,
Hàng hóa,THU?C SÂU,SP000101,VITHADAN 95WP 100G (VÀNG),VI?T TH?NG,"1,800,000.0","1,690,000.0",0.0,0.0,0 ngày,"9,999,999.99",TH?NG,HC002,100,,HC002,,0,1,1,,,,
Hàng hóa,THU?C B?NH,HC-001,MEXYL MZ 72WP 100G,,"24,000.0","18,300.0",0.0,0.0,0 ngày,"999,999,999.00",Gï¿½i,,1,,,https://cdn2-retail-images.kiotviet.vn/congtyptk/f87ca60fdd6d4ba7ac3c22506cf5aa70.jpg,0,1,1,,,,
Hàng hóa,THU?C B?NH,SP000070,MEXYL MZ 72WP 100G,,"2,350,000.0","1,830,000.0",0.0,0.0,0 ngày,"9,999,999.99",TH?NG,HC-001,100,,HC-001,,0,1,1,,,,
Hàng hóa,THU?C B?NH,SP000195,MEXYL MZ 72WP 100G,,"240,000.0","183,000.0",0.0,0.0,0 ngày,"99,999,999.90",H?p,HC-001,10,,HC-001,,0,1,1,,,,
Hàng hóa,THU?C SÂU,NN0004,ASCEND 200SP 50G,,"20,000.0","16,500.0",0.0,0.0,0 ngày,"999,999,999.00",Gï¿½i,,1,,,https://cdn-images.kiotviet.vn/congtyptk/a3251fb8e8294a14ada08f1ff2995d41.jpg,0,1,1,,,,
Hàng hóa,THU?C SÂU,NN0005,ASCEND 200SP 100G,,"35,000.0","27,800.0",0.0,0.0,0 ngày,"999,999,999.00",Gï¿½i,,1,,,https://cdn-images.kiotviet.vn/congtyptk/7a806a7b591d4f00bce3a7eca377ec39.jpg,0,1,1,,,,
Hàng hóa,PBL,NN0003,N3M 100G- PL,PHÚ LÂM,"20,000.0","17,800.0",0.0,0.0,0 ngày,"999,999,999.00",h?,,1,,,https://cdn-images.kiotviet.vn/congtyptk/5e8372c8007b4a7095e02ab5885016d1.jpg,,1,1,,,,
Hàng hóa,THU?C B?NH,HP_TISA100,TISABE 550SC 100ML,HP,"55,000.0","38,682.42",0.0,0.0,0 ngày,"999,999,999.00",Chai,,1,,,https://cdn-images.kiotviet.vn/congtyptk/89da0591e2dd4598aece562da410f483.jpg,0,1,1,100 CHAI/TH?NG,,,
Hàng hóa,THU?C B?NH,HP_AMTE100,AMTECH 100EW 100ML,HP,"50,000.0","40,000.0",0.0,0.0,0 ngày,"999,999,999.00",Chai,,1,,,https://cdn-images.kiotviet.vn/2025/08/19/congtyptk/c8a6f2160bf641c4a85aac203b9a17a9.jpg,0,1,1,100 CHAI/TH?NG,,,
Hàng hóa,HKM,HKM012,NÓN B?O HI?M YARA,,0.0,0.0,1.0,0.0,0 ngày,"999,999,999.00",Cï¿½i,,1,,,,,1,1,,,,
Hàng hóa,HKM,HKM011,BAO TAY YARA,,0.0,0.0,30.0,0.0,0 ngày,"999,999,999.00",?ï¿½i,,1,,,,0,1,1,,,,
Hàng hóa,HKM,HKM010,ÁO M?A VPC,,0.0,0.0,0.0,0.0,0 ngày,"999,999,999.00",Cï¿½i,,1,,,,0,1,1,,,,
Hàng hóa,THU?C B?NH,HP_B2,TUY?N TRÙNG B2 480ML,HP,"135,000.0","128,000.0",0.0,0.0,0 ngày,"999,999,999.00",Chai,,1,,,https://cdn2-retail-images.kiotviet.vn/congtyptk/6808b9ab4e9c4192a97d5de168a18703.png,0,1,1,30 CHAI/TH?NG,,,
Hàng hóa,THU?C B?NH,HP028,TUY?N TRÙNG B2 240ML,HP,"72,000.0","58,971.43",0.0,0.0,0 ngày,"999,999,999.00",Chai,,1,,,https://cdn-images.kiotviet.vn/congtyptk/7549b05130074676a22b3e675e9830f8.jpg,,1,1,,,,
Hàng hóa,THU?C C?,HP0028,CONIFA 200ME 900ML,HP,"185,000.0","154,128.21",0.0,0.0,0 ngày,"999,999,999.00",Chai,,1,,,"https://cdn-images.kiotviet.vn/congtyptk/ebbcef9d0bb14374893ab1ec24bb7b6f.jpg,https://cdn-images.kiotviet.vn/congtyptk/5099fc42b349475e9efe5854341f7abe.jpg",0,1,1,,,,
Hàng hóa,THU?C C?,HP027,TIGUAN 150SL 240ML,HP,"35,000.0","24,412.84",0.0,0.0,0 ngày,"999,999,999.00",Chai,,1,,,https://cdn2-retail-images.kiotviet.vn/congtyptk/968a494a3ff14bc784471da7a41d0548.jpg,,1,1,,,,
Hàng hóa,THU?C C?,HP_TIGUAN900,TIGUAN 150SL 900ML,HP,"105,000.0","65,775.64",0.0,0.0,0 ngày,"999,999,999.00",Chai,,1,,,https://cdn-images.kiotviet.vn/congtyptk/56ab302684d44b4daba46aee506e7f08.jpg,0,1,1,20 CHAI/TH?NG,,,
Hàng hóa,THU?C B?NH,HP025,ROMIL 72WP 100G,HP,"40,000.0","26,619.05",0.0,0.0,0 ngày,"999,999,999.00",Gï¿½i,,1,,,https://cdn-images.kiotviet.vn/congtyptk/d6069aa696c349d99b76865b465b8aca.jpg,0,1,1,,,,
Hàng hóa,THU?C SÂU,HP024,GOLD TRESS 750WP 75G,HP,"35,000.0","25,059.05",0.0,0.0,12 ngày,"999,999,999.00",Gï¿½i,,1,,,https://cdn-images.kiotviet.vn/congtyptk/9d0909bbf61a47b8abe9bf9e5cb13989.jpg,0,1,1,,,,
Hàng hóa,THU?C SÂU,HP_GOL20,GOLD TRESS 750WP 20G,HP,"12,000.0","6,956.19",0.0,0.0,0 ngày,"999,999,999.00",Gï¿½i,,1,,,https://cdn-images.kiotviet.vn/congtyptk/e6d5b49a2f6746919696715eda60f7aa.jpg,0,1,1,500 G?I/TH?NG,,,
Hàng hóa,THU?C B?NH,HP022,ACTIVO SUPER 648WP 30G,HP,"18,000.0","12,285.71",0.0,0.0,0 ngày,"999,999,999.00",Gï¿½i,,1,,,https://cdn-images.kiotviet.vn/congtyptk/342388fff3ef4e81b36b19f9bca05169.jpg,0,1,1,,,,
Hàng hóa,THU?C B?NH,HP021,ACTIVO SUPER 648WP 100G,HP,"50,000.0","46,000.0",0.0,0.0,0 ngày,"999,999,999.00",Gï¿½i,,1,,,https://cdn-images.kiotviet.vn/congtyptk/423a3bc5e80941db8ca87f8fd8142435.jpg,0,1,1,,,,
Hàng hóa,THU?C SÂU,HP_ZOBIN,ZOBIN 90WP 100G,HP,"40,000.0","31,424.91",0.0,0.0,0 ngày,"999,999,999.00",Gï¿½i,,1,,,https://cdn-images.kiotviet.vn/congtyptk/bdf4420271044bb5a019c43bd06a2354.jpg,0,1,1,100 G?I/TH?NG,,,
Hàng hóa,H?U C?,PM000018,H?U C? CÁ AUTUS 25KG,PHÚ M?,"14,000.0","8,500.0",0.0,0.0,0 ngày,"999,999,999.00",Kg,,1,,,https://cdn-images.kiotviet.vn/congtyptk/73f3b624ee4b4c70b70dde0f4d76b554.jpg,0,1,1,,,,
Hàng hóa,H?U C?,SP000019,H?U C? CÁ AUTUS 25KG,PHÚ M?,"320,000.0","212,500.0",0.0,0.0,0 ngày,"39,999,999.96",bao,PM000018,25,,PM000018,,0,1,1,,,,
Hàng hóa,H?U C?,BCC035,H?U C? CÁ ANIMA- NAUY 25KG,BACONCO,"13,000.0","9,800.0",0.0,0.0,0 ngày,"999,999,999.00",kg,,1,,,https://cdn-images.kiotviet.vn/congtyptk/2db268f36ecc42cca70850a1cf66c7ce.png,0,1,1,,,,
Hàng hóa,H?U C?,SP000031,H?U C? CÁ ANIMA- NAUY 25KG,BACONCO,"300,000.0","245,000.0",0.0,0.0,0 ngày,"39,999,999.96",Bao,BCC035,25,,BCC035,,0,1,1,,,,
Hàng hóa,HKM,HKM008,N?I C?M ?I?N,,0.0,0.0,0.0,0.0,0 ngày,"999,999,999.00",Cï¿½i,,1,,,,0,1,1,,,,
Hàng hóa,HKM,HKM007,XE RÙA,,"650,000.0","480,000.0",1.0,0.0,0 ngày,"999,999,999.00",Chi?c,,1,,,,0,1,1,,,,
Hàng hóa,HKM,SP000068,XE RÙA,,0.0,"480,000.0",1.0,0.0,0 ngày,"999,999,999.00",Xe KM,HKM007,1,,HKM007,,0,1,1,,,,
Hàng hóa,HKM,HKM006,NÓN B?O HI?M PTK,,0.0,"150,000.0",0.0,0.0,0 ngày,"999,999,999.00",Cï¿½i,,1,,,https://cdn-images.kiotviet.vn/congtyptk/59a249c140044f6d8eacfa570987bb71.png,0,1,1,,,,
Hàng hóa,HKM,HKM005,ÁO M?A XANH HP,,0.0,0.0,0.0,0.0,0 ngày,"999,999,999.00",Cï¿½i,,1,,,https://cdn-images.kiotviet.vn/congtyptk/f0bb7385e7014687b1f85d80f787e549.png,0,1,1,,,,
Hàng hóa,HKM,HKM004,THAU R?I PHÂN,,0.0,0.0,0.0,0.0,0 ngày,"999,999,999.00",Cï¿½i,,1,,,https://cdn-images.kiotviet.vn/congtyptk/5fe552238ccf4d8c82b2daf6abf40d45.png,0,1,1,,,,
Hàng hóa,THU?C B?NH,NN0109,BÁM DÍNH 1LIT,,"30,000.0",0.0,0.0,0.0,0 ngày,"999,999,999.00",Chai,,1,,,https://cdn2-retail-images.kiotviet.vn/congtyptk/9f1f994b38274e42882a0e70ed53a529.jpg,0,1,1,,,,
Hàng hóa,THU?C B?NH,NN0108,BÁM DÍNH 500ML,,"16,000.0","10,500.0",0.0,0.0,0 ngày,"999,999,999.00",Chai,,1,,,https://cdn-images.kiotviet.vn/congtyptk/03d34eabd72a4b649831e88504c9f294.jpg,0,1,1,,,,
Hàng hóa,THU?C C?,SP000010,GLYPHADEX 1 LÍT- BCC,BACONCO,"160,000.0","155,000.0",0.0,0.0,0 ngày,"999,999,999.00",Chai,,1,,,,0,1,1,,,,
Hàng hóa,THU?C B?NH,SP000008,ENCOLETON 25WP,ALFA SÀI GÒN,"6,000.0","4,200.0",0.0,0.0,0 ngày,"999,999,999.00",Gï¿½i,,1,,,,0,1,1,,,,
Hàng hóa,THU?C SÂU,SP000004,MAP LOGIC,NK- Singabo,"105,000.0",0.0,0.0,0.0,0 ngày,"999,999,999.00",gï¿½i,,1,,,,0,1,1,,,,
Hàng hóa,PBG,YARA010,MILA UNIK 16 (25KG),YARA,"23,000.0","18,726.22",0.0,0.0,0 ngày,0,kg,,1,,,https://cdn-images.kiotviet.vn/congtyptk/b487303bc6de465695cdf4dbace1b6a6.jpg,0,1,1,,,,
Hàng hóa,PBG,SP000028,MILA UNIK 16 (25KG),YARA,"540,000.0","468,155.50",0.0,0.0,0 ngày,0,Bao,YARA010,25,,YARA010,,0,1,1,,,,
Hàng hóa,PBG,YARA151515,YARA 15-15-15 (25KG)- MILA TRISTA,YARA,"23,000.0","19,500.39",0.0,0.0,12 ngày,0,kg,,1,,,https://cdn-images.kiotviet.vn/congtyptk/4fa217ccad874d0d9fe8232341a5becb.jpg,0,1,1,,,,
Hàng hóa,PBG,SP000009,YARA 15-15-15 (25KG)- MILA TRISTA,YARA,"540,000.0","487,509.75",0.0,0.0,12 ngày,0,bao,YARA151515,25,,YARA151515,,0,1,1,,,,
Hàng hóa,PBG,YARA008,MILA RACER 21-17-3 (25KG),YARA,"23,000.0","18,800.0",0.0,0.0,0 ngày,0,kg,,1,,,https://cdn2-retail-images.kiotviet.vn/2025/05/02/congtyptk/7095c3eec31a46aaafde690e0f5d3542.png,0,1,1,,,,
Hàng hóa,PBG,SP000006,MILA RACER 21-17-3 (25KG),YARA,"560,000.0","470,000.0",0.0,0.0,0 ngày,0,bao,YARA008,25,,YARA008,,0,1,1,,,,
Hàng hóa,PBG,YARA007,MILA PLUS 20-10-10 (25KG),YARA,"23,000.0","20,500.0",0.0,0.0,0 ngày,0,kg,,1,,,https://cdn-images.kiotviet.vn/2025/05/02/congtyptk/c6fb080b0ba14d1c8a61690a23dc2bb9.png,0,1,1,,,,
Hàng hóa,PBG,SP000027,MILA PLUS 20-10-10 (25KG),YARA,"560,000.0","512,500.0",0.0,0.0,0 ngày,0,Bao,YARA007,25,,YARA007,,0,1,1,,,,
Hàng hóa,PBG,YARA006,MILA DRAGON 13-6-21 (25KG),YARA,"28,000.0","25,555.35",0.0,0.0,0 ngày,0,kg,,1,,,https://cdn-images.kiotviet.vn/congtyptk/4c258b17036248a9836a4fca07eb1da1.jpg,0,1,1,,,,
Hàng hóa,PBG,SP000029,MILA DRAGON 13-6-21 (25KG),YARA,"670,000.0","638,883.75",0.0,0.0,0 ngày,0,Bao,YARA006,25,,YARA006,,0,1,1,,,,
Hàng hóa,PBG,YARA005,COMPLEX 12-11-18 NAUY (25KG),YARA,"28,000.0","23,750.0",0.0,0.0,0 ngày,0,kg,,1,,,https://cdn-images.kiotviet.vn/congtyptk/be0207628c0a45938de65f3e17e1f74d.jpg,0,1,1,,,,
Hàng hóa,PBG,SP000063,COMPLEX 12-11-18 NAUY (25KG),YARA,"675,000.0","593,750.0",0.0,0.0,0 ngày,0,bao,YARA005,25,,YARA005,,0,1,1,,,,
Hàng hóa,PBG,YARA004,LIVA TROPICOTE (25KG),YARA,"15,000.0","13,040.0",0.0,0.0,0 ngày,0,kg,,1,,,https://cdn2-retail-images.kiotviet.vn/congtyptk/fdd623026eee4e7e93c01531bff3ba24.jpg,0,1,1,,,,
Hàng hóa,PBG,SP000026,LIVA TROPICOTE (25KG),YARA,"360,000.0","326,000.0",0.0,0.0,0 ngày,0,Bao,YARA004,25,,YARA004,,0,1,1,,,,
Hàng hóa,PBG,YARA003,LIVA NITRABOR 25KG,YARA,"17,000.0","14,500.0",0.0,0.0,0 ngày,0,kg,,1,,,https://cdn-images.kiotviet.vn/congtyptk/a114b64d46fc4e268298e14452268288.jpg,0,1,1,,,,
Hàng hóa,PBG,SP000025,LIVA NITRABOR 25KG,YARA,"400,000.0","362,500.0",0.0,0.0,0 ngày,0,bao,YARA003,25,,YARA003,,0,1,1,,,,
Hàng hóa,PBG,YARA002,LIVA NATRIBOR (25KG),YARA,5.0,0.0,0.0,0.0,0 ngày,0,kg,,1,,,,0,1,1,,,,
Hàng hóa,PBG,YARA2577,YARA 25-7-7 FASTER (25KG),YARA,"22,000.0","17,800.0",0.0,0.0,0 ngày,0,kg,,1,,,https://cdn2-retail-images.kiotviet.vn/2025/05/02/congtyptk/fbbc7cf4d35e48ecbf0d44190e646319.png,0,1,1,,,,
Hàng hóa,PBG,SP000102,YARA 25-7-7 FASTER (25KG),YARA,"520,000.0","445,000.0",0.0,0.0,0 ngày,0,Bao,YARA2577,25,,YARA2577,,0,1,1,,,,
Hàng hóa,PBL,TV010,SIÊU LÂN 1LIT,TRE VIET,"120,000.0","60,000.0",0.0,0.0,0 ngày,0,Chai,,1,,,https://cdn2-retail-images.kiotviet.vn/congtyptk/0f3bb6c6224e4a4baccba5edf42e7306.jpg,0,1,1,,,,
Hàng hóa,PBL,TV009,ROOT 1&2 ORGANIC 5LIT,TRE VIET,"155,000.0","105,000.0",0.0,0.0,0 ngày,0,can,,1,,,,0,1,1,,,,
Hàng hóa,PBL,TV008,RA R? C?C M?NH ROOTS 10LIT,TRE VIET,"450,000.0","250,000.0",0.0,0.0,0 ngày,0,can,,1,,,,0,1,1,,,,
Hàng hóa,PBL,TV006,L?N TRÁI D?A 500ML,TRE VIET,"70,000.0","32,000.0",0.0,0.0,0 ngày,0,Chai,,1,,,,0,1,1,,,,
Hàng hóa,PBL,TV004,CANXI BO D?A 500ML,TRE VIET,"70,000.0","30,000.0",0.0,0.0,0 ngày,0,Chai,,1,,,,0,1,1,,,,
Hàng hóa,PBL,TV003,SIÊU V?T ??T 500ML,TRE VIET,"60,000.0","28,999.99",0.0,0.0,0 ngày,0,Chai,,1,,,,0,1,1,,,,
Hàng hóa,PBL,TV001,CANXI BO VÀNG 500ML,TRE VIET,"60,000.0","30,000.0",0.0,0.0,0 ngày,0,Chai,,1,,,,0,1,1,,,,
Hàng hóa,PBL,PTK011,V?T ??T TH?N T?C,NONG DUOC LA,"100,000.0","55,000.0",0.0,0.0,0 ngày,0,Tï¿½i,,1,,,"https://cdn2-retail-images.kiotviet.vn/congtyptk/c53fac95085541f9a4a035fbbc18742f.jpg,https://cdn2-retail-images.kiotviet.vn/congtyptk/83d2866113ac4e94a33dfd9aa9aea3f9.jpg",0,1,1,,,,
Hàng hóa,PBL,SP000067,V?T ??T TH?N T?C,NONG DUOC LA,"950,000.0","550,000.0",0.0,0.0,0 ngày,0,xï¿½,PTK011,10,,PTK011,,0,1,1,,,,
Hàng hóa,PBG,PTK010,ROOT 2 (10KG),NONG DUOC LA,"55,000.0","20,500.0",0.0,0.0,0 ngày,0,kg,,1,,,https://cdn-images.kiotviet.vn/congtyptk/6893e539028c42019978de62666816c9.jpg,0,1,1,,,,
Hàng hóa,PBG,SP000033,ROOT 2 (10KG),NONG DUOC LA,"530,000.0","205,000.0",0.0,0.0,0 ngày,0,Tï¿½i,PTK010,10,,PTK010,,0,1,1,,,,
Hàng hóa,PBL,PTK009,NANO ROOT,PTK,"85,000.0","35,000.0",0.0,0.0,0 ngày,0,chai,,1,,,"https://cdn-images.kiotviet.vn/congtyptk/c6582fde9caa4b988d3dbccd1cc4985d.jpg,https://cdn-images.kiotviet.vn/congtyptk/7d721d20aba447278bbfa8fbad4ce4b9.jpg,https://cdn-images.kiotviet.vn/congtyptk/1a8167850fe54cf0be9bd5a9db406603.jpg",0,1,1,,,,
Hàng hóa,PBL,PTK008,HUMIC VIÊN 1KG,NONG DUOC LA,"65,000.0","22,000.0",1.0,0.0,0 ngày,0,gï¿½i,,1,,,"https://cdn-images.kiotviet.vn/congtyptk/3b17cea94eaf426e8c1b36d9eee32103.jpg,https://cdn-images.kiotviet.vn/congtyptk/5e0dbb92452e4ec084e5c92ebbadd7cf.jpg",0,1,1,,,,
Hàng hóa,PBL,SP000093,HUMIC VIÊN 1KG,NONG DUOC LA,0.0,"550,000.0",0.040,0.0,0 ngày,0,TH?NG,PTK008,25,,PTK008,,0,1,1,,,,
Hàng hóa,PBL,PTK007,HUMIC V?Y TÔM,NONG DUOC LA,"105,000.0","45,000.0",0.0,0.0,0 ngày,0,gï¿½i,,1,,,"https://cdn-images.kiotviet.vn/congtyptk/98c8d37abf164c29902587ae4dbce890.jpg,https://cdn-images.kiotviet.vn/congtyptk/7d55206e07864c7a894dad5430bb81a6.jpg,https://cdn-images.kiotviet.vn/congtyptk/69609ada16a24ad5b5f30a32dd95e518.jpg",0,1,1,1 TH?NG 25 G?I,,,
Hàng hóa,PBL,SP000317,HUMIC V?Y TÔM,NONG DUOC LA,"2,625,000.0","1,125,000.0",0.0,0.0,0 ngày,0,TH?NG,PTK007,25,,PTK007,,0,1,1,1 TH?NG 25 G?I,,,
Hàng hóa,PBL,PTK006,HUMIC B?T 1KG,PTK,"65,000.0",0.0,0.0,0.0,0 ngày,0,gï¿½i,,1,,,,0,1,1,,,,
Hàng hóa,PBL,PTK002,AGROPLUS ORGANIC A ( CÁ H?I NAUY ) 5LIT,PTK,"350,000.0","280,000.0",0.0,0.0,0 ngày,0,can,,1,,,"https://cdn2-retail-images.kiotviet.vn/congtyptk/d672298e7c974c4f899b1351f6d4af86.jpg,https://cdn2-retail-images.kiotviet.vn/congtyptk/cd357e7e36654375a08c617227c39fa7.jpg",0,1,1,,,,
Hàng hóa,THU?C B?NH,PT017,ANDOBYDOMING 100G,TY PHUC THINH,"22,000.0","17,000.0",0.0,0.0,0 ngày,0,Gï¿½i,,1,,,https://cdn-images.kiotviet.vn/congtyptk/d777690d312945bb8955ba53c01284ee.jpg,0,1,1,,,,
Hàng hóa,THU?C B?NH,PT014,SIÊU N?M B?NH VÀNG 500G,TY PHUC THINH,"65,000.0","44,000.0",0.0,0.0,0 ngày,0,Gï¿½i,,1,,,https://cdn-images.kiotviet.vn/congtyptk/dba26674e31d4fae920ece4b120a26a7.png,0,1,1,,,,
Hàng hóa,THU?C B?NH,PT013,SIÊU N?M B?NH ?N ?? XANH 80WP 1KG,TY PHUC THINH,"120,000.0","96,575.0",0.0,0.0,0 ngày,0,Gï¿½i,,1,,,https://cdn-images.kiotviet.vn/congtyptk/61ea1e7106ca456f8eb90bca83c07fe3.png,0,1,1,,,,
Hàng hóa,THU?C B?NH,PT012,SIÊU N?M B?NH XANH 500G,TY PHUC THINH,"65,000.0","48,199.52",0.0,0.0,0 ngày,0,Gï¿½i,,1,,,https://cdn-images.kiotviet.vn/congtyptk/bdc1d95318f8454d91c03b39985d9938.png,0,1,1,,,,
Hàng hóa,THU?C SÂU,PT010,RESGANKAMEC 3.6EC N??C TRONG,TY PHUC THINH,"80,000.0","40,740.0",0.0,0.0,0 ngày,0,Chai,,1,,,https://cdn-images.kiotviet.vn/congtyptk/f3c14a3a366f4820908ced34a03c8552.png,0,1,1,,,,
Hàng hóa,THU?C SÂU,PT009,RESGANGSUPER 5.0 EC 450ml (SÂU) N??C ??,TY PHUC THINH,"90,000.0","64,000.0",0.0,0.0,0 ngày,0,Chai,,1,,,https://cdn-images.kiotviet.vn/congtyptk/7655d9b76f3b401291dec3b53e65947e.png,0,1,1,,,,
Hàng hóa,THU?C SÂU,PT005,FORSAN 60EC 450ML,TY PHUC THINH,"125,000.0","87,400.0",0.0,0.0,0 ngày,0,Chai,,1,,,https://cdn-images.kiotviet.vn/congtyptk/4a7c4b3984694571a22ab321b59e82a9.png,0,1,1,1 TH?NG 40 CHAI,,,
Hàng hóa,THU?C SÂU,SP000364,FORSAN 60EC 450ML,TY PHUC THINH,"5,000,000.0","3,496,000.0",0.0,0.0,0 ngày,0,TH?NG,PT005,40,,PT005,,0,1,1,1 TH?NG 40 CHAI,,,
Hàng hóa,THU?C SÂU,PT003,ALATOX 100EC 450ML,TY PHUC THINH,"65,000.0","46,000.0",0.0,0.0,0 ngày,0,Chai,,1,,,https://cdn-images.kiotviet.vn/congtyptk/4b580fb8fca347539bc1d42daac773a8.jpg,0,1,1,,,,
Hàng hóa,PBL,PSV004,SIÊU MAGIE BO K?M 1KG,PSV,"35,000.0","25,561.57",0.0,0.0,0 ngày,0,Gï¿½i,,1,,,https://cdn-images.kiotviet.vn/congtyptk/f56f67c3fe5d4082a85549d06a1d0582.png,0,1,1,,,,
Hàng hóa,PBL,PSV003,SÂM ??T TR?NG 5L,PSV,"145,000.0","93,092.47",0.0,0.0,0 ngày,0,can,,1,,,,0,1,1,,,,
Hàng hóa,PBL,PSV002,SÂM ??T XANH 5L_CÂY CÓ MÚI,PSV,"185,000.0","121,590.16",0.0,0.0,0 ngày,0,can,,1,,,,0,1,1,,,,
Hàng hóa,PBL,PSV001,MANHE SIÊU H?P TH? 1KG,PSV,"28,000.0","21,277.0",0.0,0.0,0 ngày,0,Gï¿½i,,1,,,,0,1,1,,,,
Hàng hóa,PBL,NY002,NYRO 0.01SL 10ML,NGOC YEN,"15,000.0","9,600.0",0.0,0.0,0 ngày,0,Gï¿½i,,1,,,,0,1,1,,,,
Hàng hóa,THU?C SÂU,NY001,CHLORFERAN 240SC 15ML,NGOC YEN,"18,000.0","13,800.0",0.0,0.0,0 ngày,0,Gï¿½i,,1,,,"https://cdn-images.kiotviet.vn/congtyptk/0bdd09e8bbc5413ca265cc3b9cde6fd3.jpg,https://cdn-images.kiotviet.vn/congtyptk/b08e81a3914448c98342aeed86c5b0c5.jpg",0,1,1,,,,
Hàng hóa,PBL,NN110,BIOTED 603 1LIT,V?NH LONG,"68,000.0","65,000.0",0.0,0.0,0 ngày,0,Chai,,1,,,https://cdn-images.kiotviet.vn/congtyptk/f6a52affec8a4f7881956bc71e5b59a3.jpg,0,1,1,,,,
Hàng hóa,PBL,NN109,BIOTED 602 1LIT,V?NH LONG,"60,000.0","53,000.0",0.0,0.0,0 ngày,0,Chai,,1,,,https://cdn-images.kiotviet.vn/congtyptk/5bf89307e9da47af8ba8ead749b72f00.png,0,1,1,,,,
Hàng hóa,THU?C SÂU,NN108,BASA 50EC,VI?T TH?NG,"45,000.0","43,000.0",0.0,0.0,0 ngày,0,Chai,,1,,,https://cdn-images.kiotviet.vn/congtyptk/eae15b99eaae49e290dd5048d673d1e3.jpg,0,1,1,TH?NG 32,,,
Hàng hóa,THU?C SÂU,SP000218,BASA 50EC,VI?T TH?NG,"1,340,000.0","1,290,000.0",0.0,0.0,0 ngày,0,TH?NG,NN108,30,,NN108,,0,1,1,TH?NG 32,,,
Hàng hóa,THU?C B?NH,NN107,SCORE 250EC 50ML,SYGENTA,"68,000.0",0.0,0.0,0.0,0 ngày,0,Chai,,1,,,https://cdn-images.kiotviet.vn/congtyptk/d334d5940d3d42e0b483bbdf9483c893.jpg,0,1,1,,,,
Hàng hóa,THU?C SÂU,NN106,SELECRON 100ML,SYGENTA,"55,000.0","52,800.0",0.0,0.0,0 ngày,0,Chai,,1,,,https://cdn-images.kiotviet.vn/congtyptk/74e19171882448d1a58ccb0857af7e4f.jpg,0,1,1,,,,
Hàng hóa,THU?C B?NH,NN105,TILT SUPER 100ML,SYGENTA,"85,000.0","70,800.0",0.0,0.0,0 ngày,0,Chai,,1,,,https://cdn-images.kiotviet.vn/congtyptk/64700bce79c144bbb263243c20ce69ff.jpg,0,1,1,,,,
Hàng hóa,THU?C B?NH,NN104,RIDOMILGOLD 100,SYGENTA,"53,000.0","51,500.0",0.0,0.0,0 ngày,0,Gï¿½i,,1,,,https://cdn-images.kiotviet.vn/congtyptk/c9a163472887443e81cac4f4824b8705.jpg,0,1,1,,,,
Hàng hóa,THU?C B?NH,NN103,ANVIL 5SC 1 LÍT,SYGENTA,"275,000.0","262,000.0",0.0,0.0,0 ngày,0,Chai,,1,,,https://cdn-images.kiotviet.vn/2025/05/02/congtyptk/d24918d24d80415892520ca874ff36fd.png,0,1,1,thï¿½ng 12 chai,,,
Hàng hóa,THU?C B?NH,NN102,ANVIL 250ML,SYGENTA,"75,000.0","70,000.0",0.0,0.0,0 ngày,0,Chai,,1,,,https://cdn-images.kiotviet.vn/congtyptk/bf474b99e7e74487985940f1b4543572.jpg,0,1,1,,,,
Hàng hóa,THU?C B?NH,NN101,ANVIL 100ML,SYGENTA,"30,000.0","30,000.0",0.0,0.0,0 ngày,0,Chai,,1,,,https://cdn-images.kiotviet.vn/congtyptk/9bf12a2026d94817a837b3b13ad5681d.jpg,0,1,1,,,,
Hàng hóa,PBL,NN100,PROGIBB 40% SG 2.5G,SUMITOMO,"36,000.0","28,000.0",0.0,0.0,0 ngày,0,Gï¿½i,,1,,,https://cdn-images.kiotviet.vn/congtyptk/cf46fff7a3304c08b772d0ffc4401038.jpg,0,1,1,,,,
Hàng hóa,THU?C SÂU,NN099,BORNEO 11SC 100ML,SUMITOMO,"150,000.0",0.0,0.0,0.0,0 ngày,0,Chai,,1,,,https://cdn-images.kiotviet.vn/congtyptk/675bb411181740c99dfbbb30510e2284.jpg,0,1,1,,,,
Hàng hóa,PBL,NN098,COMCAT 150 P,LUA VANG,"13,000.0","10,800.0",0.0,0.0,0 ngày,0,Gï¿½i,,1,,,https://cdn-images.kiotviet.vn/congtyptk/e05864c207e14e0cb17c1999ca83826c.jpg,0,1,1,,,,
Hàng hóa,THU?C B?NH,NN097,ISACOP 65.2 WP 100GR,LOC TROI,"27,000.0","23,500.0",0.0,0.0,0 ngày,0,Gï¿½i,,1,,,https://cdn-images.kiotviet.vn/congtyptk/0d957895a8a64d65a31d16a54c08e052.jpg,0,1,1,,,,
Hàng hóa,THU?C B?NH,NN096,VALI 5TSC 1 LÍT,LION,"55,000.0","34,500.0",0.0,0.0,0 ngày,0,Chai,,1,,,,0,1,1,,,,
Hàng hóa,THU?C B?NH,NN095,VALI 5TSC 5 LÍT,LION,"180,000.0",0.0,0.0,0.0,0 ngày,0,can,,1,,,,0,1,1,,,,
Hàng hóa,THU?C SÂU,NN094,RONADO 420ML 500EC,I FARM,"150,000.0",0.0,0.0,0.0,0 ngày,0,Chai,,1,,,,0,1,1,,,,
Hàng hóa,PBL,NN093,GABACYTO 500 ML,I FARM,"15,000.0",0.0,0.0,0.0,0 ngày,0,Chai,,1,,,,0,1,1,,,,
Hàng hóa,PBL,NN092,LITOSEN,I FARM,"55,000.0","47,000.0",0.0,0.0,0 ngày,0,Chai,,1,,,https://cdn2-retail-images.kiotviet.vn/congtyptk/113fa10edd194f6fa0fbbb0592caa719.jpg,0,1,1,,,,
Hàng hóa,THU?C SÂU,NN090,ALTACH 5EC 250ML,HAI,"35,000.0",0.0,0.0,0.0,0 ngày,0,Chai,,1,,,https://cdn-images.kiotviet.vn/congtyptk/b69a30ef27ad4815b4c962ad2d2a0162.jpg,0,1,1,,,,
Hàng hóa,THU?C B?NH,NN089,FLINT PRO 648WG 100G,FMC,"48,000.0","37,676.47",0.0,0.0,0 ngày,0,Gï¿½i,,1,,,https://cdn-images.kiotviet.vn/congtyptk/7126b77c6a81427db4216afd7e2100f3.jpg,0,1,1,,,,
Hàng hóa,THU?C B?NH,NN088,ANTRACOL LO?I 1 KÍ,BAYER,"295,000.0","286,000.0",0.0,0.0,0 ngày,0,Gï¿½i,,1,,,https://cdn-images.kiotviet.vn/congtyptk/ae9ae4305a984e0392a6a962c165cea7.jpg,0,1,1,,,,
Hàng hóa,THU?C SÂU,NN087,REGENT 1.6G(BY),BAYER,"15,000.0","11,800.0",0.0,0.0,0 ngày,0,Gï¿½i,,1,,,https://cdn-images.kiotviet.vn/congtyptk/a321327147e3477ba67446229b437d66.jpg,0,1,1,,,,
Hàng hóa,THU?C CHU?T,NN086,RACUMIN 20G CHU?T B?T,BAYER,"20,000.0","14,300.0",0.0,0.0,0 ngày,0,Gï¿½i,,1,,,https://cdn-images.kiotviet.vn/congtyptk/540a3b0793944c93950cb9884e7fb42b.jpg,0,1,1,,,,
Hàng hóa,THU?C B?NH,NN085,PROFILER 711.1WG,BAYER,"51,000.0","47,500.0",0.0,0.0,0 ngày,0,Gï¿½i,,1,,,https://cdn-images.kiotviet.vn/congtyptk/3a08085214a744f0895232339948ea54.jpg,0,1,1,,,,
Hàng hóa,THU?C B?NH,NN084,NATIVO 750WG 8G,BAYER,"18,000.0","17,200.0",0.0,0.0,0 ngày,0,Gï¿½i,,1,,,https://cdn-images.kiotviet.vn/congtyptk/9afe179526514234a626f9ae6fbd56bf.png,0,1,1,,,,
Hàng hóa,THU?C SÂU,NN083,MOVENTO 100ML,BAYER,"100,000.0","78,000.0",0.0,0.0,0 ngày,0,Chai,,1,,,https://cdn-images.kiotviet.vn/congtyptk/6cf9b39e5c8042eaae107c3d01af9995.png,0,1,1,,,,
Hàng hóa,THU?C B?NH,NN082,MOCEREN 250SC 240ML,BAYER,"72,000.0","71,500.0",0.0,0.0,0 ngày,0,Chai,,1,,,https://cdn-images.kiotviet.vn/congtyptk/9e429d67f736451d997fc04fb9e744ce.jpg,0,1,1,,,,
Hàng hóa,THU?C B?NH,NN081,MELODY 66.75WP 100G,BAYER,"36,000.0","34,171.79",0.0,0.0,0 ngày,0,Gï¿½i,,1,,,https://cdn-images.kiotviet.vn/congtyptk/643209e96f59478a8d48f96248ee99ea.jpg,0,1,1,,,,
Hàng hóa,THU?C SÂU,NN080,CONFIDOR 100ML,BAYER,"122,000.0","94,500.0",0.0,0.0,0 ngày,0,Chai,,1,,,https://cdn-images.kiotviet.vn/congtyptk/3905c72b3c9b4d049f029ffc01c86e9d.png,0,1,1,,,,
Hàng hóa,THU?C B?NH,NN079,ANTRACOL 100GR,BAYER,"33,000.0","30,300.0",0.0,0.0,0 ngày,0,Gï¿½i,,1,,,https://cdn-images.kiotviet.vn/congtyptk/0a90e6c26cd349859d744c8cdac350ae.jpg,0,1,1,,,,
Hàng hóa,THU?C B?NH,NN078,ALIETLE 800WG 100G,BAYER,"52,000.0","49,996.27",0.0,0.0,0 ngày,0,Gï¿½i,,1,,,https://cdn-images.kiotviet.vn/congtyptk/cad7585b8c0d47e39bc230f5c50990c5.jpg,0,1,1,,,,
Hàng hóa,THU?C SÂU,NN077,CONFIDOR L? 20ML,BAYER,"28,000.0","25,500.0",0.0,0.0,0 ngày,0,L?,,1,,,https://cdn-images.kiotviet.vn/congtyptk/57ab82b547614abfb09e61617353ae73.jpg,0,1,1,,,,
Hàng hóa,THU?C B?NH,NN076,CADILAC 80WP 1KG,V?NH TH?NH,"168,000.0","141,000.0",0.0,0.0,0 ngày,0,Gï¿½i,,1,,,https://cdn-images.kiotviet.vn/congtyptk/bb9d790799d94cacbb4f615d0bf1d705.jpg,0,1,1,,,,
Hàng hóa,THU?C SÂU,NN074,VBC SÁT TRÙNG 1KG,,"150,000.0","190,000.0",0.0,0.0,0 ngày,0,Gï¿½i,,1,,,,0,1,1,,,,
Hàng hóa,THU?C SÂU,NN073,CYPER ALPHA 500ML,THANH S?N,"60,000.0","58,000.0",0.0,0.0,0 ngày,0,Chai,,1,,,,0,1,1,,,,
Hàng hóa,PBL,NN072,KEO M? TI?N 100G,,"22,000.0","21,000.0",0.0,0.0,0 ngày,0,Chai,,1,,,https://cdn-images.kiotviet.vn/congtyptk/e823803a2e854a88a226a86062c6e900.jpg,0,1,1,,,,
Hàng hóa,THU?C SÂU,NN071,VIZUBON,,"22,000.0","20,800.0",0.0,0.0,0 ngày,0,H?p,,1,,,https://cdn-images.kiotviet.vn/congtyptk/cab1e928a01e42fcb7740317126527fa.jpg,0,1,1,,,,
Hàng hóa,THU?C B?NH,NN070,HEXATHAI 1LIT,BIO CHEMICAL,"95,000.0","60,000.0",0.0,0.0,0 ngày,0,Chai,,1,,,,0,1,1,,,,
Hàng hóa,THU?C SÂU,NN069,BAKARI CH?T S?CH RUÔI,,"45,000.0","41,500.0",0.0,0.0,0 ngày,0,Chai,,1,,,,0,1,1,,,,
Hàng hóa,THU?C ?C,NN068,PILOT 15AB (RÃI ?C),,5.0,"35,500.0",0.0,0.0,0 ngày,0,Gï¿½i,,1,,,,0,1,1,,,,
Hàng hóa,THU?C B?NH,NN067,KASU THÁI 450ML,TY PHUC THINH,"60,000.0","35,000.0",0.0,0.0,0 ngày,0,Chai,,1,,,,0,1,1,,,,
Hàng hóa,THU?C SÂU,NN066,INMANDA 100WP 100G (SIÊU CHÍCH HÚT),,"30,000.0","15,000.0",0.0,0.0,0 ngày,0,Gï¿½i,,1,,,,0,1,1,,,,
Hàng hóa,PBL,NN065,ROOT 2 100 ML,THIÊN ??C,"36,000.0","32,000.0",0.0,0.0,0 ngày,0,Chai,,1,,,https://cdn-images.kiotviet.vn/congtyptk/821d038caf9c42188427e435efb668c9.jpg,0,1,1,,,,
Hàng hóa,THU?C SÂU,NN064,DINO -SIÊU R?Y R?P 300WP 200G,,"25,000.0",0.0,0.0,0.0,0 ngày,0,Gï¿½i,,1,,,,0,1,1,,,,
Hàng hóa,PBG,NN063,URE PHÚ M? (50KG),,"15,000.0","13,300.0",0.0,0.0,0 ngày,0,kg,,1,,,https://cdn-images.kiotviet.vn/congtyptk/6504160a5e3342dfbe9efeb29bdb9e63.jpg,0,1,1,,,,
Hàng hóa,PBG,SP000037,URE PHÚ M? (50KG),,"690,000.0","665,000.0",0.0,0.0,0 ngày,0,Bao,NN063,50,,NN063,,0,1,1,,,,
Hàng hóa,THU?C B?NH,NN061,DACOMIL 75WP 15G NH?,VI?T TH?NG,"10,000.0","6,487.80",0.0,0.0,0 ngày,0,Gï¿½i,,1,,,https://cdn-images.kiotviet.vn/congtyptk/e50d2d9445344789a065573427430133.jpg,0,1,1,,,,
Hàng hóa,THU?C SÂU,NN059,ARRIVO 25EC 1LIT (NHÔM)- WAMTOX,VI?T TH?NG,"170,000.0","142,000.0",0.0,0.0,0 ngày,0,Chai,,1,,,,0,1,1,,,,
Hàng hóa,THU?C SÂU,NN058,VITHADAN 95WP 100G (XANH),VI?T TH?NG,"17,000.0","13,600.0",0.0,0.0,0 ngày,0,Gï¿½i,,1,,,"https://cdn2-retail-images.kiotviet.vn/congtyptk/dcfbe7e95f5d43a7b31e53dd89a14f23.jpg,https://cdn2-retail-images.kiotviet.vn/congtyptk/dce04b245f9c452387856a55f281e5e4.jpg",0,1,1,,,,
Hàng hóa,THU?C SÂU,SP000156,VITHADAN 95WP 100G (XANH),VI?T TH?NG,"1,700,000.0","1,360,000.0",0.0,0.0,0 ngày,0,TH?NG,NN058,100,,NN058,,0,1,1,,,,
Hàng hóa,THU?C B?NH,NN057,VALIVITHACO 5SL 5 LÍT,VI?T TH?NG,"180,000.0","170,000.0",0.0,0.0,0 ngày,0,can,,1,,,,0,1,1,,,,
Hàng hóa,THU?C B?NH,NN056,VALIVITHACO 5SC 450ML,VI?T TH?NG,"25,000.0","25,000.0",0.0,0.0,0 ngày,0,Chai,,1,,,,0,1,1,,,,
Hàng hóa,THU?C B?NH,NN055,VALIVITHACO 5SC 1L,VI?T TH?NG,"38,000.0","36,000.0",0.0,0.0,0 ngày,0,Chai,,1,,,,0,1,1,,,,
Hàng hóa,THU?C SÂU,NN053,TASIEU 1.9 450ML,VI?T TH?NG,"48,000.0","44,500.0",0.0,0.0,0 ngày,0,Chai,,1,,,https://cdn2-retail-images.kiotviet.vn/congtyptk/8e6eeb74ee6a487a84ed70a398320e2c.jpg,0,1,1,thï¿½ng 32 chai,,,
Hàng hóa,THU?C SÂU,SP000219,TASIEU 1.9 450ML,VI?T TH?NG,"1,536,000.0","1,424,000.0",0.0,0.0,0 ngày,0,TH?NG,NN053,32,,NN053,,0,1,1,thï¿½ng 32 chai,,,
Hàng hóa,THU?C CHU?T,NN052,RAT K 2%DP CHU?T B?T,THANH S?N,"5,000.0","3,200.0",0.0,0.0,0 ngày,0,Gï¿½i,,1,,,,0,1,1,,,,
Hàng hóa,THU?C B?NH,NN051,MATAXYL 500WP 100GR (B?T),MAPPACIFIC,"85,000.0","82,500.0",0.0,0.0,0 ngày,0,Gï¿½i,,1,,,,0,1,1,,,,
Hàng hóa,THU?C ?C,NN050,HELIX 15G ?C,,5.0,0.0,0.0,0.0,0 ngày,0,Gï¿½i,,1,,,,0,1,1,,,,
Hàng hóa,THU?C SÂU,NN049,CYRUX 25EC 500ML,HAI,"130,000.0",0.0,0.0,0.0,0 ngày,0,Chai,,1,,,,0,1,1,,,,
Hàng hóa,THU?C C?,NN047,BM PROMAX,BM,5.0,0.0,0.0,0.0,0 ngày,0,Gï¿½i,,1,,,,0,1,1,,,,
Hàng hóa,THU?C SÂU,NN046,BIPERIN GOLD 250EC 1 LÍT,HAI,"225,000.0","195,598.68",0.0,0.0,0 ngày,0,Chai,,1,,,,0,1,1,,,,
Hàng hóa,THU?C B?NH,NN045,ANNONG VIN 1 LÍT,AN NÔNG,"65,000.0","42,000.0",0.0,0.0,0 ngày,0,Chai,,1,,,,0,1,1,,,,
Hàng hóa,THU?C SÂU,NN042,ALFAMITE 1LIT (NH?N L?N),VI?T TH?NG,"150,000.0","142,000.0",0.0,0.0,0 ngày,0,Chai,,1,,,,0,1,1,,,,
Hàng hóa,PBL,NN041,N3M (500g)- PL,PHÚ LÂM,"85,000.0","83,000.0",0.0,0.0,0 ngày,0,H?p,,1,,,,0,1,1,,,,
Hàng hóa,PBL,NN040,N3M 1KG,PHÚ LÂM,5.0,0.0,0.0,0.0,0 ngày,0,H?p,,1,,,,0,1,1,,,,
Hàng hóa,THU?C SÂU,NN039,TATA 25W 30G,NG?C TÙNG,"18,000.0",0.0,0.0,0.0,0 ngày,0,Gï¿½i,,1,,,,0,1,1,,,,
Hàng hóa,THU?C SÂU,NN038,RB 100G,NH?T VI?T,"30,000.0","9,800.0",0.0,0.0,0 ngày,0,Gï¿½i,,1,,,,0,1,1,,,,
Hàng hóa,THU?C SÂU,NN037,PROFOS 750EC 400ML,,"150,000.0","115,000.0",0.0,0.0,0 ngày,0,Chai,,1,,,,0,1,1,,,,
Hàng hóa,THU?C SÂU,NN036,PADAN 95SP 100G,SUMITOMO,"93,000.0","91,500.0",0.0,0.0,0 ngày,0,Gï¿½i,,1,,,,0,1,1,,,,
Hàng hóa,THU?C SÂU,SP000099,PADAN 95SP 100G,SUMITOMO,"13,950,000.0","13,725,000.0",0.0,0.0,0 ngày,0,TH?NG,NN036,150,,NN036,,0,1,1,,,,
Hàng hóa,THU?C C?,NN035,ONE CIDE 15EC 90ML,,"40,000.0",0.0,0.0,0.0,0 ngày,0,Chai,,1,,,,0,1,1,,,,
Hàng hóa,THU?C SÂU,NN034,MAP JONO 70WP 4G,,"10,000.0","4,800.0",0.0,0.0,0 ngày,0,Gï¿½i,,1,,,,0,1,1,,,,
Hàng hóa,THU?C B?NH,NN032,KUMULUS 80WG 100G,,"15,000.0","8,000.0",0.0,0.0,0 ngày,0,Gï¿½i,,1,,,,0,1,1,,,,
Hàng hóa,THU?C SÂU,NN031,CONPHAI 5G,??NG XANH,"10,000.0",0.0,0.0,0.0,0 ngày,0,Gï¿½i,,1,,,,0,1,1,,,,
Hàng hóa,THU?C B?NH,NN029,ANTACO 500EC 450ML,VI?T TH?NG,"45,000.0",0.0,0.0,0.0,0 ngày,0,Chai,,1,,,,0,1,1,,,,
Hàng hóa,THU?C B?NH,NN028,AGRIFOS 400 1LIT,,"265,000.0","257,000.0",0.0,0.0,0 ngày,0,Chai,,1,,,https://cdn-images.kiotviet.vn/congtyptk/924b6619c6424825abdacaf2d5d34abf.jpg,0,1,1,,,,
Hàng hóa,PBL,NN027,T90 15G,,"90,000.0","78,000.0",0.0,0.0,0 ngày,0,L?,,1,,,,0,1,1,,,,
Hàng hóa,THU?C SÂU,NN026,SAPEN ALPHA 5EC,SÀI GÒN,"45,000.0","38,000.0",0.0,0.0,0 ngày,0,Chai,,1,,,https://cdn2-retail-images.kiotviet.vn/congtyptk/4dba8b13f2b04e87a661fedc4b8d02e1.jpg,0,1,1,,,,
Hàng hóa,PBL,NN025,ROOTS A9 25ML,BIÌNH CHÁNH,"12,000.0","7,800.0",0.0,0.0,0 ngày,0,Gï¿½i,,1,,,,0,1,1,,,,
Hàng hóa,THU?C SÂU,NN023,PREVATHON 0.4GR 2KG,BAYER,"105,000.0","92,500.0",0.0,0.0,0 ngày,0,Gï¿½i,,1,,,,0,1,1,,,,
Hàng hóa,THU?C ?C,NN022,?C TATOO 800G,LION,"50,000.0",0.0,0.0,0.0,0 ngày,0,Gï¿½i,,1,,,,0,1,1,,,,
Hàng hóa,THU?C ?C,NN021,?C B?U VÀNG 15GR 800G,,"50,000.0",0.0,0.0,0.0,0 ngày,0,Gï¿½i,,1,,,https://cdn-images.kiotviet.vn/congtyptk/27751d7620974d688518a1fbf82b5e73.jpg,0,1,1,,,,
Hàng hóa,PBL,NN020,MX T??I 1 700G,MAI XUÂN,"45,000.0","41,500.0",0.0,0.0,0 ngày,0,Gï¿½i,,1,,,,0,1,1,,,,
Hàng hóa,PBL,NN018,GA3 AC GABACYTO 50TB 4GR,,"5,000.0","2,800.0",0.0,0.0,0 ngày,0,Viï¿½n,,1,,,,0,1,1,,,,
Hàng hóa,THU?C SÂU,NN017,FEROLY 125WP 10G,NH?T VI?T,"15,000.0","9,886.21",0.0,0.0,0 ngày,0,Gï¿½i,,1,,,,0,1,1,,,,
Hàng hóa,THU?C SÂU,NN016,D?U KHOÁNG 1LIT,,"95,000.0","74,500.0",0.0,0.0,0 ngày,0,Chai,,1,,,,0,1,1,,,,
Hàng hóa,THU?C SÂU,NN015,DÁN RU?I VÀNG AN PHÁT,AN PHÁT,"12,000.0","8,000.0",0.0,0.0,0 ngày,0,mi?ng,,1,,,https://cdn2-retail-images.kiotviet.vn/congtyptk/34bedc65f7734fdc913e283bf59e3a34.jpg,0,1,1,,,,
Hàng hóa,THU?C SÂU,NN014,CONPHAI 100GR,??NG XANH,"13,000.0","11,500.0",0.0,0.0,0 ngày,0,Gï¿½i,,1,,,https://cdn-images.kiotviet.vn/congtyptk/59d2c507367146338d71f55dba457648.jpg,0,1,1,,,,
Hàng hóa,THU?C SÂU,SP000220,CONPHAI 100GR,??NG XANH,"1,300,000.0","1,150,000.0",0.0,0.0,0 ngày,0,TH?NG,NN014,100,,NN014,,0,1,1,,,,
Hàng hóa,THU?C B?NH,NN013,COC 85 20G,NG?C ANH,"10,000.0","8,300.0",0.0,0.0,0 ngày,0,Gï¿½i,,1,,,https://cdn2-retail-images.kiotviet.vn/2024/11/02/congtyptk/7bb92b1ab9c24793bab4d873847f67bd.jpg,0,1,1,,,,
Hàng hóa,THU?C B?NH,NN012,COC 85 1KG,NG?C ANH,"280,000.0","274,000.0",0.0,0.0,0 ngày,0,Gï¿½i,,1,,,,0,1,1,1 thï¿½ng 20 gï¿½i,,,
Hàng hóa,THU?C B?NH,NN011,COC 85 (100G),NG?C ANH,"34,000.0","31,800.0",0.0,0.0,0 ngày,0,Gï¿½i,,1,,,https://cdn-images.kiotviet.vn/congtyptk/a29e70af0c074bbd98c9fb4822526dac.jpg,0,1,1,,,,
Hàng hóa,THU?C B?NH,NN010,MAPLOGIC 900WP 1KG,,"120,000.0",0.0,0.0,0.0,0 ngày,0,Gï¿½i,,1,,,,0,1,1,,,,
Hàng hóa,PBL,NN009,MANTUS 100ML,,"115,000.0","95,000.0",0.0,0.0,0 ngày,0,Chai,,1,,,,0,1,1,,,,
Hàng hóa,THU?C C?,NN008,DUAL GOLD 96EC 50ML- DI?T M?M,SYGENTA,"35,000.0","34,500.0",0.0,0.0,0 ngày,0,Chai,,1,,,https://cdn-images.kiotviet.vn/congtyptk/d52db4fb55ec45ddbc65ae48575f6825.jpg,0,1,1,,,,
Hàng hóa,THU?C B?NH,NN006,KASUMIN 2 SL 425ML,ARYSTA,"55,000.0","46,000.0",0.0,0.0,0 ngày,0,Chai,,1,,,https://cdn2-retail-images.kiotviet.vn/congtyptk/9a59adcaf8f142cabe12e9c22a705537.jpg,0,1,1,,,,
Hàng hóa,THU?C B?NH,NN005,CUPROXAT 345SC 500ML,,"92,000.0","84,000.0",0.0,0.0,0 ngày,0,Chai,,1,,,https://cdn-images.kiotviet.vn/congtyptk/f22aaca0748741a7982175802965b454.jpg,0,1,1,,,,
Hàng hóa,THU?C SÂU,NN004,SU PHU 10 GR 1KG,,"58,000.0",0.0,0.0,0.0,0 ngày,0,Gï¿½i,,1,,,,0,1,1,,,,
Hàng hóa,THU?C B?NH,NN003,CUPROXAT 345SC 100ML,,"25,000.0",0.0,0.0,0.0,0 ngày,0,Chai,,1,,,https://cdn-images.kiotviet.vn/congtyptk/1e9157bf20884b0fa70803391fc88b38.jpg,0,1,1,,,,
Hàng hóa,THU?C B?NH,NN002,CHAMPION,,"35,000.0","30,600.0",0.0,0.0,0 ngày,0,Gï¿½i,,1,,,https://cdn-images.kiotviet.vn/congtyptk/37f3f88f9241484cadb4c7a60ce980db.jpg,0,1,1,,,,
Hàng hóa,PBL,NN001,ATONIK 1.8 SC 10ML,,"8,000.0","7,050.0",0.0,0.0,0 ngày,0,Gï¿½i,,1,,,https://cdn-images.kiotviet.vn/congtyptk/9b4c725b4d7b45c9b635285d5f8fd1a9.jpg,0,1,1,,,,
Hàng hóa,PBL,SP000075,ATONIK 1.8 SC 10ML,,"75,000.0","70,500.0",0.0,0.0,0 ngày,0,H?p,NN001,10,,NN001,,0,1,1,,,,
Hàng hóa,THU?C SÂU,NICOTEX012,SÁT TRÙNG ?AN 1KG,NICOTEX,"35,000.0","30,500.0",0.0,0.0,0 ngày,0,Gï¿½i,,1,,,,0,1,1,,,,
Hàng hóa,THU?C SÂU,NICOTEX011,SÁT TRÙNG ?AN 100G,NICOTEX,"17,000.0","16,400.0",0.0,0.0,0 ngày,0,Gï¿½i,,1,,,,0,1,1,,,,
Hàng hóa,THU?C SÂU,SP000121,SÁT TRÙNG ?AN 100G,NICOTEX,"1,700,000.0","1,640,000.0",0.0,0.0,0 ngày,0,TH?NG,NICOTEX011,100,,NICOTEX011,,0,1,1,,,,
Hàng hóa,THU?C SÂU,NICOTEX010,MIDAN 10WP 100G,NICOTEX,"25,000.0","14,100.0",0.0,0.0,0 ngày,0,Gï¿½i,,1,,,,0,1,1,,,,
Hàng hóa,THU?C B?NH,NICOTEX009,VALI 5 -5LIT,NICOTEX,5.0,0.0,0.0,0.0,0 ngày,0,can,,1,,,,0,1,1,,,,
Hàng hóa,THU?C B?NH,NICOTEX008,JINGANGMESU 1L,NICOTEX,"42,000.0",0.0,0.0,0.0,0 ngày,0,Chai,,1,,,,0,1,1,,,,
Hàng hóa,THU?C SÂU,NICOTEX007,SÂU AJUNI 16G,NICOTEX,"15,000.0","10,000.0",0.0,0.0,0 ngày,0,Gï¿½i,,1,,,https://cdn-images.kiotviet.vn/congtyptk/66b2d33f9010419681959d0d2d06ef8d.jpg,0,1,1,,,,
Hàng hóa,THU?C SÂU,NICOTEX006,NITOX 450ML,NICOTEX,"95,000.0","74,142.86",0.0,0.0,0 ngày,0,Chai,,1,,,,0,1,1,,,,
Hàng hóa,THU?C SÂU,NICOTEX005,NIED 240ML,NICOTEX,"50,000.0",0.0,0.0,0.0,0 ngày,0,Chai,,1,,,,0,1,1,,,,
Hàng hóa,THU?C SÂU,NICOTEX004,METOX 450ML,NICOTEX,"60,000.0","40,300.0",0.0,0.0,0 ngày,0,Chai,,1,,,,0,1,1,,,,
Hàng hóa,THU?C SÂU,NICOTEX003,DETECT 100G,NICOTEX,"70,000.0","55,400.0",0.0,0.0,0 ngày,0,Gï¿½i,,1,,,,0,1,1,,,,
Hàng hóa,THU?C B?NH,NICOTEX002,CHEVIN 5 NANO 1L,NICOTEX,"160,000.0","76,000.0",0.0,0.0,0 ngày,0,Chai,,1,,,,0,1,1,,,,
Hàng hóa,THU?C B?NH,NICOTEX001,CHEVIN 5 1L,NICOTEX,"114,000.0","65,000.0",0.0,0.0,0 ngày,0,Chai,,1,,,,0,1,1,,,,
Hàng hóa,PBL,ND011,XÔ PH?C H?I 20LIT,NONG DUOC LA,"90,000.0",0.0,0.0,0.0,0 ngày,0,Tï¿½i,,1,,,,0,1,1,,,,
Hàng hóa,PBL,ND010,BLOOD & bONE,NONG DUOC LA,"125,000.0","75,000.0",0.0,0.0,0 ngày,0,Chai,,1,,,,0,1,1,1 TH?NG 24 CHAI,,,
Hàng hóa,PBL,NDLA _TRICO,NDLA -TRICHODERMA 1KG,NONG DUOC LA,"95,000.0","43,500.0",0.0,0.0,0 ngày,0,Gï¿½i,,1,,,,0,1,1,,,,
Hàng hóa,PBL,ND008,SIÊU LÂN ?? 500ML,NONG DUOC LA,"70,000.0","40,000.0",0.0,0.0,0 ngày,0,Chai,,1,,,,0,1,1,,,,
Hàng hóa,PBL,NDLA _MKP,NDLA -MKP SWISS 0-54-32 1KG,NONG DUOC LA,"125,000.0","70,000.0",0.0,0.0,0 ngày,0,Gï¿½i,,1,,,,0,1,1,,,,
Hàng hóa,PBL,ND006,FULVIC RONG BI?N 5LIT,NONG DUOC LA,"250,000.0","150,000.0",0.0,0.0,0 ngày,0,can,,1,,,,0,1,1,,,,
Hàng hóa,PBL,ND005,??M CÁ 1LIT,NONG DUOC LA,"95,000.0","45,000.0",0.0,0.0,0 ngày,0,Chai,,1,,,https://cdn2-retail-images.kiotviet.vn/congtyptk/43d132529424479e8c9096638e989c47.jpg,0,1,1,,,,
Hàng hóa,THU?C B?NH,ND004,??NG ?? 500ML,NONG DUOC LA,"80,000.0","35,000.0",0.0,0.0,0 ngày,0,Chai,,1,,,https://cdn-images.kiotviet.vn/congtyptk/6fdcc85c2ab4430d95eab290bd6776d5.jpg,0,1,1,,,,
Hàng hóa,THU?C B?NH,ND003,COZEB M95,NONG DUOC LA,"125,000.0","70,000.0",0.0,0.0,0 ngày,0,Chai,,1,,,https://cdn-images.kiotviet.vn/congtyptk/bd4ea6c3c3ff444aa03549cf4784125f.jpg,0,1,1,,,,
Hàng hóa,PBL,NDLA 33-11-11,NDLA 33-11-11 500G,NONG DUOC LA,"65,000.0","40,000.0",0.0,0.0,0 ngày,0,h?,,1,,,,0,1,1,,,,
Hàng hóa,PBL,ND001,10-60-10 (ND) LÀM BÔNG,NONG DUOC LA,"65,000.0","35,000.0",0.0,0.0,0 ngày,0,h?,,1,,,,0,1,1,,,,
Hàng hóa,PBL,MV001,NAPOLI H?P CH?T D??NG R? 100ML,MAI VÀNG,"15,000.0","11,000.0",0.0,0.0,0 ngày,0,Chai,,1,,,https://cdn2-retail-images.kiotviet.vn/congtyptk/97f81c4b95714fc3b23aa1c8baa7293c.jpg,0,1,1,,,,
Hàng hóa,THU?C B?NH,JP005,NUZOLE 40EC 200ML,JAPEC,"300,000.0","266,500.0",0.0,0.0,0 ngày,0,Chai,,1,,,,0,1,1,,,,
Hàng hóa,THU?C SÂU,JP004,FORTARAS 25WG 30 GR,JAPEC,"25,000.0","15,800.0",0.0,0.0,0 ngày,0,Gï¿½i,,1,,,https://cdn2-retail-images.kiotviet.vn/congtyptk/fe5d3a406ebd42969aa4d7f15044a823.jpg,0,1,1,,,,
Hàng hóa,THU?C B?NH,JP003,FORTAMIN 6WP 30 GR,JAPEC,"13,000.0","9,800.0",0.0,0.0,0 ngày,0,Gï¿½i,,1,,,,0,1,1,,,,
Hàng hóa,THU?C SÂU,JP002,FAN EXTRA 350SC 100ML,JAPEC,"102,000.0","83,640.0",0.0,0.0,0 ngày,0,Chai,,1,,,,0,1,1,,,,
Hàng hóa,THU?C SÂU,JP001,ABATOX 3.6 EC 400ML,JAPEC,"76,000.0","46,500.0",0.0,0.0,0 ngày,0,Chai,,1,,,,0,1,1,,,,
Hàng hóa,THU?C SÂU,HT017,THIAMAX 20G,H?P TRÍ,"28,000.0","24,000.0",0.0,0.0,0 ngày,0,Gï¿½i,,1,,,https://cdn-images.kiotviet.vn/congtyptk/624e3cffde4a4b45a4c5ea0ff622f9b8.jpg,0,1,1,,,,
Hàng hóa,PBL,HT016,SUPER HUMIC B?T 1KG,H?P TRÍ,"72,000.0","71,000.0",0.0,0.0,0 ngày,0,Gï¿½i,,1,,,https://cdn-images.kiotviet.vn/congtyptk/36be02b42b984d16b61d3c1c851a09b4.jpg,0,1,1,,,,
Hàng hóa,PBL,SP000194,SUPER HUMIC B?T 1KG,H?P TRÍ,"1,440,000.0","1,420,000.0",0.0,0.0,0 ngày,0,TH?NG,HT016,20,,HT016,,0,1,1,,,,
Hàng hóa,THU?C CHU?T,HT015,STORM CHU?T VIÊN,BCC,"20,000.0","20,500.0",0.0,0.0,0 ngày,0,Gï¿½i,,1,,,https://cdn-images.kiotviet.vn/congtyptk/f16e4e53391743aba16d7581b4e458ad.jpg,0,1,1,,,,
Hàng hóa,THU?C B?NH,HT014,PHYTOCIDE 15G,BCC,"16,000.0","15,800.0",0.0,0.0,0 ngày,0,Gï¿½i,,1,,,,0,1,1,,,,
Hàng hóa,THU?C SÂU,HT013,PERMECIDE 100ML,BCC,"50,000.0","52,000.0",0.0,0.0,0 ngày,0,Chai,,1,,,,0,1,1,,,,
Hàng hóa,PBL,HT012,ORGANO FORCE 25ML,BCC,"12,000.0","11,000.0",0.0,0.0,0 ngày,0,Gï¿½i,,1,,,https://cdn2-retail-images.kiotviet.vn/congtyptk/d1b82d6456c948128e926b479de251f0.jpg,0,1,1,1 TH?NG 400 G?I,,,
Hàng hóa,THU?C B?NH,HT011,NORSHIELD (?? 50G),H?P TRÍ,"28,000.0","27,200.0",0.0,0.0,0 ngày,0,Gï¿½i,,1,,,https://cdn2-retail-images.kiotviet.vn/2025/05/02/congtyptk/86142600dc5342c1aea3e5babf45175d.png,0,1,1,,,,
Hàng hóa,THU?C SÂU,HT010,NILMITE 10ML,H?P TRÍ,"15,000.0","13,000.0",0.0,0.0,0 ngày,0,Gï¿½i,,1,,,,0,1,1,,,,
Hàng hóa,THU?C SÂU,HT009,NILMITE 100ML,H?P TRÍ,"110,000.0","96,430.46",0.0,0.0,0 ngày,0,Chai,,1,,,https://cdn-images.kiotviet.vn/congtyptk/ecb6e95f0bf14af0804e526517a3a4ff.jpg,0,1,1,,,,
Hàng hóa,PBL,HT008,HYDROPHOS 0.5L,BCC,"140,000.0",0.0,0.0,0.0,0 ngày,0,Chai,,1,,,https://cdn-images.kiotviet.vn/congtyptk/3370388c216543c7a0339cbe16e9997c.jpg,0,1,1,,,,
Hàng hóa,PBL,HT007,HYDROFOS -ZN ( 100ML ),H?P TRÍ,"36,000.0","36,805.43",0.0,0.0,12 ngày,0,Chai,,1,,,,0,1,1,100 CHAI/TH?NG,,,
Hàng hóa,THU?C B?NH,HT006,EDDY 72WP (50G),H?P TRÍ,"32,000.0","29,500.0",0.0,0.0,0 ngày,0,Gï¿½i,,1,,,https://cdn2-retail-images.kiotviet.vn/2025/05/02/congtyptk/e36ae15fd8d74cb2a1092c8c37fd9666.png,0,1,1,,,,
Hàng hóa,THU?C B?NH,HT005,EDDY 300G,BCC,"170,000.0","160,000.0",0.0,0.0,0 ngày,0,Gï¿½i,,1,,,https://cdn-images.kiotviet.vn/2025/05/02/congtyptk/2b72910f3ef54d089475a009a131c84e.png,0,1,1,,,,
Hàng hóa,THU?C SÂU,HT004,CARBOSAN 100ML,BCC,"35,000.0","37,000.0",0.0,0.0,0 ngày,0,Chai,,1,,,,0,1,1,,,,
Hàng hóa,PBL,HT003,BRIGHTSTAR 25SC 500ML,H?P TRÍ,"190,000.0","187,000.0",0.0,0.0,0 ngày,0,Chai,,1,,,https://cdn-images.kiotviet.vn/congtyptk/7f26155e3d3b47048f50fd419287ff29.jpg,0,1,1,,,,
Hàng hóa,THU?C SÂU,HT002,BRIGHTIN 15 ML,H?P TRÍ,"10,000.0","7,896.10",0.0,0.0,0 ngày,0,Gï¿½i,,1,,,https://cdn-images.kiotviet.vn/congtyptk/73779de01bb547949cbe9640cc771356.jpg,0,1,1,,,,
Hàng hóa,THU?C SÂU,HT001,ACTIMAX GÓI,BCC,"10,000.0","9,200.0",0.0,0.0,0 ngày,0,Gï¿½i,,1,,,https://cdn-images.kiotviet.vn/congtyptk/e3658622ab9843a1b0574643b53538d8.jpg,0,1,1,,,,
Hàng hóa,THU?C B?NH,HP011,XANIZED 72WP 500G,HP,"155,000.0","122,433.39",0.0,0.0,0 ngày,0,Gï¿½i,,1,,,https://cdn-images.kiotviet.vn/congtyptk/38db4fd181ec4d54b0c4a9fc0c535e10.jpg,0,1,1,20 G?Iï¿½,,,
Hàng hóa,THU?C B?NH,SP000122,XANIZED 72WP 500G,HP,"3,100,000.0","2,448,667.80",0.0,0.0,0 ngày,0,thung,HP011,20,,HP011,,0,1,1,20 G?Iï¿½,,,
Hàng hóa,THU?C B?NH,HP010,XANIZED 72WP 100G,HP,"40,000.0","22,933.33",0.0,0.0,0 ngày,0,Gï¿½i,,1,,,https://cdn-images.kiotviet.vn/congtyptk/b3c7781d5aba4ab4bf9d3dd5bc0b12d2.jpg,0,1,1,1 thï¿½ng 100 gï¿½i,,,
Hàng hóa,THU?C B?NH,SP000323,XANIZED 72WP 100G,HP,"4,000,000.0","2,293,333.0",0.0,0.0,0 ngày,0,TH?NG,HP010,100,,HP010,,0,1,1,1 thï¿½ng 100 gï¿½i,,,
Hàng hóa,THU?C B?NH,HP009,TISABE 550SC 450ML,HP,"210,000.0","167,382.23",0.0,0.0,0 ngày,0,Chai,,1,,,https://cdn-images.kiotviet.vn/congtyptk/065e4d4ac64544e6b8d40af8b9dacf11.jpg,0,1,1,,,,
Hàng hóa,THU?C B?NH,HP007,MONEY 325SC 240ML,HOANG PHUC,"250,000.0","233,562.13",0.0,0.0,0 ngày,0,Chai,,1,,,https://cdn-images.kiotviet.vn/congtyptk/05dc74dacf08465986b5fe67d15a997e.jpg,0,1,1,,,,
Hàng hóa,THU?C SÂU,HP_JOJO,JOJOTINO 350WP 12G,HP,"25,000.0","16,500.0",0.0,0.0,0 ngày,0,Gï¿½i,,1,,,https://cdn-images.kiotviet.vn/congtyptk/dd9eb0b08a524bceab9355b06148a409.jpg,0,1,1,600 G?I/TH?NG,,,
Hàng hóa,THU?C B?NH,HP005,HANOVIL 10SC 1LIT,HOANG PHUC,"170,000.0","128,867.51",0.0,0.0,0 ngày,0,Chai,,1,,,https://cdn-images.kiotviet.vn/congtyptk/f04b185983d24dd18aaec281c8f5134b.jpg,0,1,1,,,,
Hàng hóa,THU?C SÂU,HP_EMA10,EMABEN 60SG 10G,HP,"13,000.0","6,642.86",0.0,0.0,0 ngày,0,Gï¿½i,,1,,,https://cdn-images.kiotviet.vn/congtyptk/4e69e861582f4024a7166dd39b86191e.jpg,0,1,1,600 G?I/TH?NG,,,
Hàng hóa,THU?C SÂU,HP003,EMABEN 2.0EC 400ML,HP,"105,000.0","84,142.86",0.0,0.0,0 ngày,0,Chai,,1,,,"https://cdn-images.kiotviet.vn/congtyptk/d81f523bef06493d86d4bfcb08223059.jpg,https://cdn-images.kiotviet.vn/congtyptk/f18747a8dec147858d1f096e1dfa8d33.jpg,https://cdn-images.kiotviet.vn/congtyptk/d462988dc1e94b95a028c381437788c8.jpg",0,1,1,,,,
Hàng hóa,THU?C SÂU,HP_EMA100,EMABEN 2.0EC 100ML,HP,"40,000.0","28,832.22",0.0,0.0,0 ngày,0,Chai,,1,,,https://cdn-images.kiotviet.vn/congtyptk/6b52566f04c342de916537532d6b9a24.jpg,0,1,1,150 CHAI/TH?NG,,,
Hàng hóa,THU?C SÂU,HP001,B? tuy?n trùng 2 món Romil + Tuy?n trùng B2,HOANG PHUC,"72,000.0",0.0,0.0,0.0,0 ngày,0,B?,,1,,,,0,1,1,,,,
Hàng hóa,THU?C SÂU,SP000146,B? tuy?n trùng 2 món Romil + Tuy?n trùng B2,HOANG PHUC,"40,000.0",0.0,0.0,0.0,0 ngày,0,G?I,HP001,1,,HP001,,0,1,1,,,,
Hàng hóa,THU?C SÂU,SP000147,B? tuy?n trùng 2 món Romil + Tuy?n trùng B2,HOANG PHUC,"37,000.0",0.0,0.0,0.0,0 ngày,0,CHAI,HP001,1,,HP001,,0,1,1,,,,
Hàng hóa,PBL,HOANGPHUC06,NEPTUNRE 20ML,HOANG PHUC,"10,000.0",0.0,0.0,0.0,0 ngày,0,Gï¿½i,,1,,,,0,1,1,,,,
Hàng hóa,PBL,HOANGPHUC05,HUMIC CHAI 200ML (ORGANIC NEPTUNE'S),HOANG PHUC,"105,000.0","65,000.0",0.0,0.0,0 ngày,0,Chai,,1,,,https://cdn-images.kiotviet.vn/congtyptk/e73831b59d6d4072983803f72117b623.jpg,0,1,1,,,,
Hàng hóa,PBL,HOANGPHUC04,HUMIC 99 2 KÍ,HOANG PHUC,5.0,0.0,0.0,0.0,0 ngày,0,Tï¿½i,,1,,,,0,1,1,,,,
Hàng hóa,PBL,HOANGPHUC03,HUMIC 99 ( 5 KÍ),HOANG PHUC,"600,000.0",0.0,0.0,0.0,0 ngày,0,Tï¿½i,,1,,,,0,1,1,,,,
Hàng hóa,PBL,HOANGPHUC02,HUMIC 95 1 KÍ,HOANG PHUC,"140,000.0","110,000.0",0.0,0.0,0 ngày,0,Tï¿½i,,1,,,,0,1,1,,,,
Hàng hóa,PBL,HOANGPHUC01,HUMIC 95 (20G),HOANG PHUC,"12,000.0","6,500.0",0.0,0.0,0 ngày,0,Gï¿½i,,1,,,,0,1,1,,,,
Hàng hóa,H?U C?,HH038,H?U C? B??M 25KG,V?NH TH?NH,"10,000.0","9,400.0",0.0,0.0,0 ngày,0,kg,,1,,,,0,1,1,,,,
Hàng hóa,H?U C?,SP000054,H?U C? B??M 25KG,V?NH TH?NH,"250,000.0","235,000.0",0.0,0.0,0 ngày,0,BAO,HH038,25,,HH038,,0,1,1,,,,
Hàng hóa,PBG,HH037,VÔI NÓNG 30KG,,"80,000.0","58,000.0",0.0,0.0,0 ngày,0,Bao,,1,,,,0,1,1,,,,
Hàng hóa,PBG,HH033,DAP TQ H?NG HÀ (50KG),,"27,000.0","25,300.0",0.0,0.0,0 ngày,0,kg,,1,,,https://cdn-images.kiotviet.vn/congtyptk/119c8ef504d442bfa76a2c49b11eb20c.jpg,0,1,1,,,,
Hàng hóa,PBG,SP000036,DAP TQ H?NG HÀ (50KG),,"1,280,000.0","1,265,000.0",0.0,0.0,0 ngày,0,Bao,HH033,50,,HH033,,0,1,1,,,,
Hàng hóa,PBL,HH030,SUPER HUM 1LIT,PHÚ H?O,"112,000.0","100,000.0",0.0,0.0,0 ngày,0,Chai,,1,,,,0,1,1,,,,
Hàng hóa,PBL,HH029,SIÊU VI L??NG 3G,PTK,"5,000.0",0.0,0.0,0.0,0 ngày,0,Gï¿½i,,1,,,,0,1,1,,,,
Hàng hóa,PBL,HH028,SIÊU LÂN 5G,PTK,"10,000.0",0.0,0.0,0.0,0 ngày,0,Gï¿½i,,1,,,,0,1,1,,,,
Hàng hóa,THU?C B?NH,HH027,RAZOCIDE 721Wb 35g,NH?T VI?T,"13,000.0","8,300.0",0.0,0.0,0 ngày,0,Gï¿½i,,1,,,,0,1,1,,,,
Hàng hóa,THU?C B?NH,HH026,RAZOCIDE 720Wb 100g,NH?T VI?T,"25,000.0",0.0,0.0,0.0,0 ngày,0,Gï¿½i,,1,,,,0,1,1,,,,
Hàng hóa,PBL,HH024,BI A 15ML,PH??NG ?ÔNG,"16,000.0","13,500.0",0.0,0.0,0 ngày,0,Gï¿½i,,1,,,,0,1,1,,,,
Hàng hóa,PBL,HH023,PACLO,,"120,000.0",0.0,0.0,0.0,0 ngày,0,Xï¿½,,1,,,,0,1,1,,,,
Hàng hóa,THU?C SÂU,HH022,ONCOL 450ML,ARYSTA,"105,000.0",0.0,0.0,0.0,0 ngày,0,Chai,,1,,,,0,1,1,,,,
Hàng hóa,H?U C?,HH019,H?U C? HÀN QU?C BAO TR?NG 20KG,LONG H?I,"10,000.0","5,100.0",0.0,0.0,0 ngày,0,kg,,1,,,https://cdn-images.kiotviet.vn/congtyptk/c55087b1799d4cf0847e0e271c347502.jpg,0,1,1,,,,
Hàng hóa,H?U C?,SP000044,H?U C? HÀN QU?C BAO TR?NG 20KG,LONG H?I,"180,000.0","102,000.0",0.0,0.0,0 ngày,0,BAO,HH019,20,,HH019,,0,1,1,,,,
Hàng hóa,LÂN BAO,HH018,LÂN LONG THÀNH (50KG),LONG THÀNH,"7,000.0","6,200.0",0.0,0.0,0 ngày,0,kg,,1,,,,0,1,1,,,,
Hàng hóa,LÂN BAO,SP000014,LÂN LONG THÀNH (50KG),LONG THÀNH,"320,000.0","310,000.0",0.0,0.0,0 ngày,0,bao,HH018,50,,HH018,,0,1,1,,,,
Hàng hóa,PBL,HH016,HUM-K 5LIT,,"135,000.0","129,000.0",0.0,0.0,0 ngày,0,can,,1,,,https://cdn2-retail-images.kiotviet.vn/2025/04/14/congtyptk/82e681fc4f214362b0974cfd239e4f22.jpg,0,1,1,,,,
Hàng hóa,THU?C SÂU,HH012,ANVADO ( VUA TR? R?Y )100G,VI?T TH?NG,"8,000.0","6,100.0",0.0,0.0,0 ngày,0,Gï¿½i,,1,,,https://cdn-images.kiotviet.vn/congtyptk/ad58edd652314dc0a0bce67a9380e5ab.jpg,0,1,1,,,,
Hàng hóa,THU?C SÂU,SP000213,ANVADO ( VUA TR? R?Y )100G,VI?T TH?NG,"770,000.0","610,000.0",0.0,0.0,0 ngày,0,TH?NG,HH012,100,,HH012,,0,1,1,,,,
Hàng hóa,THU?C B?NH,HH011,AGOFAST 100G,??NG XANH,"30,000.0","24,000.0",0.0,0.0,0 ngày,0,Gï¿½i,,1,,,,0,1,1,,,,
Hàng hóa,THU?C SÂU,HH010,RADIANT 60SC15ML,LOC TROI,"32,000.0","29,900.0",0.0,0.0,0 ngày,0,Gï¿½i,,1,,,https://cdn-images.kiotviet.vn/congtyptk/cd4fcff4f64b484b829f09f852049e41.jpg,0,1,1,,,,
Hàng hóa,THU?C C?,HH008,GLYPHOSAN 1LIT,LOC TROI,"165,000.0",0.0,0.0,0.0,0 ngày,0,Chai,,1,,,,0,1,1,,,,
Hàng hóa,PBL,HH007,COMBI BM 25G,BM,"28,000.0","23,200.0",0.0,0.0,0 ngày,0,Gï¿½i,,1,,,https://cdn2-retail-images.kiotviet.vn/2025/06/02/congtyptk/86afd3aece98466ca62be63bc7b13d3d.png,0,1,1,,,,
Hàng hóa,PBG,HH006,BM 20-10-10 XANH (50KG),BM,"26,000.0","23,200.0",0.0,0.0,0 ngày,0,kg,,1,,,,0,1,1,,,,
Hàng hóa,PBG,SP000073,BM 20-10-10 XANH (50KG),BM,"1,250,000.0","1,160,000.0",0.0,0.0,0 ngày,0,Bao,HH006,50,,HH006,,0,1,1,,,,
Hàng hóa,H?U C?,HH001,H?U C? ??U TRÂU (50KG),BINHDIEN,"7,000.0",0.0,0.0,0.0,0 ngày,0,kg,,1,,,,0,1,1,,,,
Hàng hóa,H?U C?,SP000207,H?U C? ??U TRÂU (50KG),BINHDIEN,"285,000.0",0.0,0.0,0.0,0 ngày,0,Bao,HH001,50,,HH001,,0,1,1,,,,
Hàng hóa,PBG,GSN2668RP,GSN 26-6-8 RP 25KG,GARSONI,"17,000.0","14,600.0",0.0,0.0,0 ngày,0,kg,,1,,,https://cdn2-retail-images.kiotviet.vn/congtyptk/ee0c6a16ab004f9bb6e2aea5e367a4d7.png,0,1,1,,,,
Hàng hóa,PBG,SP000040,GSN 26-6-8 RP 25KG,GARSONI,"390,000.0","365,000.0",0.0,0.0,0 ngày,0,Bao,GSN2668RP,25,,GSN2668RP,,0,1,1,,,,
Hàng hóa,PBG,GSN3099,GSN 30-9-9 USA (25KG)-ROOT POWER,GARSONI,"19,000.0","16,201.36",0.0,0.0,0 ngày,0,kg,,1,,,https://cdn-images.kiotviet.vn/congtyptk/6a4b5d3b76ec4c04937f968cbbd2ab2a.jpg,0,1,1,,,,
Hàng hóa,PBG,SP000023,GSN 30-9-9 USA (25KG)-ROOT POWER,GARSONI,"440,000.0","405,034.0",0.0,0.0,0 ngày,0,Bao,GSN3099,25,,GSN3099,,0,1,1,,,,
Hàng hóa,PBL,FF014,PROFARM N35 B?T CH?I XANH LÁ 200G,FUTURER FARM,"40,000.0","29,000.0",0.0,0.0,0 ngày,0,GOI,,1,,,https://cdn2-retail-images.kiotviet.vn/congtyptk/3d1a53b191104de98301ed319be49dd6.jpg,0,1,1,,,,
Hàng hóa,PBL,SP000217,PROFARM N35 B?T CH?I XANH LÁ 200G,FUTURER FARM,"5,000,000.0","3,625,000.0",0.0,0.0,0 ngày,0,TH?NG,FF014,125,,FF014,,0,1,1,,,,
Hàng hóa,PBL,FF013,TOPMICRO 2.5G,FUTURER FARM,"5,000.0","3,100.0",1.0,0.0,0 ngày,0,Gï¿½i,,1,,,https://cdn2-retail-images.kiotviet.vn/congtyptk/81792d0a74a84a72bc309bff369c9489.jpg,0,1,1,,,,
Hàng hóa,PBL,FF012,PROFARM P55 B?T M?M HOA 40G HOA KI?NG,FUTURER FARM,"12,000.0","6,739.38",0.0,0.0,0 ngày,0,Gï¿½i,,1,,,https://cdn2-retail-images.kiotviet.vn/congtyptk/eb26b7dbc07b451586b8ecc109a842f3.jpg,0,1,1,,,,
Hàng hóa,PBL,FF011,PROFARM P30 R??C M?T CUA 200G,FUTURER FARM,"45,000.0","30,000.0",0.0,0.0,0 ngày,0,Gï¿½i,,1,,,https://cdn2-retail-images.kiotviet.vn/congtyptk/f71563bd77a34d1f94431005a0489aa1.jpg,0,1,1,,,,
Hàng hóa,PBL,FF010,PROFARM P17 RA HOA S?U RIÊNG XANH 200G,FUTURER FARM,"45,000.0","33,500.0",0.0,0.0,0 ngày,0,Gï¿½i,,1,,,https://cdn2-retail-images.kiotviet.vn/congtyptk/2cad880fd39141569bd8e3ad45b5d9c3.jpg,0,1,1,,,,
Hàng hóa,PBL,FF009,PROFARM N35 SIÊU XANH SIÊU D??NG 1KG,FUTURER FARM,"30,000.0","27,000.0",0.0,0.0,0 ngày,0,Gï¿½i,,1,,,,0,1,1,,,,
Hàng hóa,PBL,SP000163,PROFARM N35 SIÊU XANH SIÊU D??NG 1KG,FUTURER FARM,"150,000.0","135,000.0",0.0,0.0,0 ngày,0,H?p,FF009,5,,FF009,,0,1,1,,,,
Hàng hóa,PBL,FF008,PROFARM KALISOL L?N TRÁI LÊN GAI 200G,FUTURER FARM,"45,000.0","29,500.0",0.0,0.0,0 ngày,0,Gï¿½i,,1,,,https://cdn2-retail-images.kiotviet.vn/congtyptk/d9fbace739c74477849991d0dbe7f11c.jpg,0,1,1,,,,
Hàng hóa,PBL,FF007,NPK 6-32-32 KPT RA HOA S?U RIÊNG 250G,FUTURER FARM,"45,000.0","33,000.0",0.0,0.0,0 ngày,0,Gï¿½i,,1,,,https://cdn2-retail-images.kiotviet.vn/congtyptk/dbdc25e0ffb74a09b3c7c170472e3a0a.jpg,0,1,1,,,,
Hàng hóa,PBL,FF006,NPK 6-32-32 KPT HOA KI?NG 40G,FUTURER FARM,"12,000.0","7,000.0",0.0,0.0,0 ngày,0,Gï¿½i,,1,,,https://cdn2-retail-images.kiotviet.vn/congtyptk/38ed9db3295d4df284a6f9cb2c2de11e.jpg,0,1,1,,,,
Hàng hóa,PBL,FF005,NPK 33-11-11 KPT SIÊU V?T ??T 450G,FUTURER FARM,"65,000.0","50,000.0",0.0,0.0,0 ngày,0,Chai,,1,,,,0,1,1,,,,
Hàng hóa,PBL,FF004,NPK 21-21-21 KPT 40G HOA KI?NG,FUTURER FARM,"12,000.0","6,900.0",0.0,0.0,0 ngày,0,Gï¿½i,,1,,,https://cdn2-retail-images.kiotviet.vn/congtyptk/5c8e90012266400c90ed80afef05871c.jpg,0,1,1,,,,
Hàng hóa,PBL,FF003,NPK 21-21-21 KPT D??NG BÔNG S?U RIÊNG 200G,FUTURER FARM,"45,000.0","25,000.0",0.0,0.0,0 ngày,0,Gï¿½i,,1,,,https://cdn2-retail-images.kiotviet.vn/congtyptk/06581c8b0d1f4778a2649c80848f1655.jpg,0,1,1,,,,
Hàng hóa,PBL,FF002,NOVIFERT NIMAG SIÊU XANH 50G,FUTURER FARM,"12,000.0","5,093.83",0.0,0.0,0 ngày,0,Gï¿½i,,1,,,https://cdn2-retail-images.kiotviet.vn/congtyptk/b36cc2b1f69a456493febd4d91317a41.jpg,0,1,1,,,,
Hàng hóa,PBL,FF001,PROFAM N35 D??NG CÂY 40G,FUTURER FARM,"12,000.0","6,900.0",0.0,0.0,0 ngày,0,Gï¿½i,,1,,,https://cdn2-retail-images.kiotviet.vn/congtyptk/4367944e6d2c46ea8dbee452516ee419.jpg,0,1,1,,,,
Hàng hóa,LÂN BAO,BM019,LÂN H? PHÈN VIÊN (50KG),BA MI?N,"6,000.0","2,900.0",0.0,0.0,0 ngày,0,kg,,1,,,,0,1,1,,,,
Hàng hóa,LÂN BAO,SP000096,LÂN H? PHÈN VIÊN (50KG),BA MI?N,"245,000.0","145,000.0",0.0,0.0,0 ngày,0,Bao,BM019,50,,BM019,,0,1,1,,,,
Hàng hóa,LÂN BAO,BM018,LÂN H? PHÈN B?T (50KG),BA MI?N,"5,000.0","3,484.16",0.0,0.0,0 ngày,0,kg,,1,,,,0,1,1,,,,
Hàng hóa,LÂN BAO,SP000032,LÂN H? PHÈN B?T (50KG),BA MI?N,"235,000.0","174,208.0",0.0,0.0,0 ngày,0,Bao,BM018,50,,BM018,,0,1,1,,,,
Hàng hóa,LÂN BAO,BM017,LÂN ?EN HUMIC VIÊN (50KG),BA MI?N,"7,000.0","4,080.0",0.0,0.0,0 ngày,0,kg,,1,,,,0,1,1,,,,
Hàng hóa,LÂN BAO,SP000047,LÂN ?EN HUMIC VIÊN (50KG),BA MI?N,"315,000.0","204,000.0",0.0,0.0,0 ngày,0,Bao,BM017,50,,BM017,,0,1,1,,,,
Hàng hóa,LÂN BAO,BM016,LÂN ?EN HUMIC B?T (50KG),BA MI?N,"6,000.0","3,000.0",0.0,0.0,0 ngày,0,kg,,1,,,,0,1,1,,,,
Hàng hóa,LÂN BAO,SP000039,LÂN ?EN HUMIC B?T (50KG),BA MI?N,"255,000.0","150,000.0",0.0,0.0,0 ngày,0,Bao,BM016,50,,BM016,,0,1,1,,,,
Hàng hóa,PBG,BM015,HC T?NG H?P (50KG),TÊ GIÁC,5.0,0.0,0.0,0.0,0 ngày,0,kg,,1,,,,0,1,1,,,,
Hàng hóa,H?U C?,BM013,HC 4 TRONG 1 (50KG),BA MI?N,"6,000.0","3,780.0",0.0,0.0,0 ngày,0,kg,,1,,,,0,1,1,,,,
Hàng hóa,H?U C?,SP000016,HC 4 TRONG 1 (50KG),BA MI?N,"265,000.0","189,000.0",0.0,0.0,0 ngày,0,bao,BM013,50,,BM013,,0,1,1,,,,
Hàng hóa,PBG,BM012,30-30-0 Hoa K? (50KG),BA MI?N,"20,000.0","15,500.0",0.0,0.0,0 ngày,0,kg,,1,,,,0,1,1,,,,
Hàng hóa,PBG,SP000050,30-30-0 Hoa K? (50KG),BA MI?N,"970,000.0","775,000.0",0.0,0.0,0 ngày,0,BAO,BM012,50,,BM012,,0,1,1,,,,
Hàng hóa,PBG,BM301010,30-10-10 Hoa K?(25KG)- XANH,BA MI?N,"18,000.0","14,300.0",0.0,0.0,0 ngày,0,kg,,1,,,https://cdn2-retail-images.kiotviet.vn/2025/06/02/congtyptk/97867d0a6dea41f7a0d28ea99153b484.jpg,0,1,1,,,,
Hàng hóa,PBG,SP000082,30-10-10 Hoa K?(25KG)- XANH,BA MI?N,"430,000.0","357,500.0",0.0,0.0,0 ngày,0,bao,BM301010,25,,BM301010,,0,1,1,,,,
Hàng hóa,THU?C B?NH,BCC062,SUPER ARMOR 100G,BACONCO,"25,000.0","19,800.0",0.0,0.0,0 ngày,0,Gï¿½i,,1,,,,0,1,1,,,,
Hàng hóa,THU?C B?NH,BCC061,PENCOZEB XANH 1KG,BACONCO,"155,000.0","119,499.98",0.0,0.0,0 ngày,0,Gï¿½i,,1,,,,0,1,1,,,,
Hàng hóa,THU?C B?NH,BCC060,PENCOZEB VÀNG 1KG,BACONCO,"135,000.0","109,663.08",0.0,0.0,0 ngày,0,Gï¿½i,,1,,,,0,1,1,,,,
Hàng hóa,THU?C B?NH,BCC059,COTRIHEX 480 ML,BACONCO,"105,000.0","82,721.31",0.0,0.0,0 ngày,0,Chai,,1,,,,0,1,1,,,,
Hàng hóa,THU?C SÂU,BCC058,COCYFOS 450ML,BACONCO,"125,000.0",0.0,0.0,0.0,0 ngày,0,Chai,,1,,,,0,1,1,,,,
Hàng hóa,THU?C B?NH,BCC057,CLEAR FUNGI 100G,BACONCO,"45,000.0","36,951.15",0.0,0.0,0 ngày,0,Gï¿½i,,1,,,,0,1,1,,,,
Hàng hóa,PBG,BCC056,ANTYSALITY (50KG),BACONCO,"19,000.0","15,700.0",0.0,0.0,0 ngày,0,kg,,1,,,https://cdn2-retail-images.kiotviet.vn/congtyptk/541184be1c5546bfb70f42725b13cb9e.jpg,0,1,1,,,,
Hàng hóa,PBG,SP000065,ANTYSALITY (50KG),BACONCO,"950,000.0","785,000.0",0.0,0.0,0 ngày,0,BAO,BCC056,50,,BCC056,,0,1,1,,,,
Hàng hóa,PBL,BCC053,19-19-19 PHÁP 5KG,BACONCO,"300,000.0","201,000.0",0.0,0.0,0 ngày,0,Gï¿½i,,1,,,,0,1,1,,,,
Hàng hóa,PBL,BCC052,19-19-19 PHÁP 1KG,BACONCO,"65,000.0","41,000.0",0.0,0.0,0 ngày,0,Gï¿½i,,1,,,,0,1,1,,,,
Hàng hóa,PBG,BCC051,URE PRILLED TR?NG 50KG,BACONCO,"12,000.0","18,000.0",0.0,0.0,0 ngày,0,kg,,1,,,,0,1,1,,,,
Hàng hóa,PBG,SP000074,URE PRILLED TR?NG 50KG,BACONCO,"570,000.0","900,000.0",0.0,0.0,0 ngày,0,bao,BCC051,50,,BCC051,,0,1,1,,,,
Hàng hóa,PBL,BCC049,SUPERTAN XANH H?P,BACONCO,"65,000.0","43,562.50",0.0,0.0,0 ngày,0,H?p,,1,,,,0,1,1,,,,
Hàng hóa,PBL,SP000095,SUPERTAN XANH H?P,BACONCO,"1,300,000.0","871,250.0",0.0,0.0,0 ngày,0,TH?NG,BCC049,20,,BCC049,,0,1,1,,,,
Hàng hóa,PBL,BCC048,SUPERTAN XANH GÓI,BACONCO,"10,000.0","3,700.0",0.0,0.0,0 ngày,0,Gï¿½i,,1,,,https://cdn-images.kiotviet.vn/congtyptk/132f636ad5454264852818bfa5082460.jpg,0,1,1,,,,
Hàng hóa,PBL,BCC047,SUPERTAN VÀNG H?P,BACONCO,"65,000.0","55,590.54",0.0,0.0,0 ngày,0,H?p,,1,,,,0,1,1,,,,
Hàng hóa,PBL,SP000090,SUPERTAN VÀNG H?P,BACONCO,"1,300,000.0","1,111,810.80",0.0,0.0,0 ngày,0,TH?NG,BCC047,20,,BCC047,,0,1,1,,,,
Hàng hóa,PBL,BCC046,SUPERTAN VÀNG GÓI,BACONCO,"10,000.0","3,700.0",0.0,0.0,0 ngày,0,Gï¿½i,,1,,,https://cdn2-retail-images.kiotviet.vn/congtyptk/7ae4330a4cff4d298d51b718effc0e50.jpg,0,1,1,,,,
Hàng hóa,PBL,SP000088,SUPERTAN VÀNG GÓI,BACONCO,"3,000,000.0","1,110,000.0",0.0,0.0,0 ngày,0,thung,BCC046,300,,BCC046,,0,1,1,,,,
Hàng hóa,PBL,BCC045,SUPERTAN ?? H?P,BACONCO,"65,000.0","46,829.56",0.0,0.0,0 ngày,0,H?p,,1,,,,0,1,1,,,,
Hàng hóa,PBL,SP000085,SUPERTAN ?? H?P,BACONCO,"1,200,000.0","936,591.20",0.0,0.0,0 ngày,0,TH?NG,BCC045,20,,BCC045,,0,1,1,,,,
Hàng hóa,PBL,BCC044,SUPERTAN ?? GÓI,BACONCO,"10,000.0","3,700.0",0.0,0.0,0 ngày,0,Gï¿½i,,1,,,https://cdn-images.kiotviet.vn/congtyptk/2039a0b41ae641eabc92cf48d16c5dbd.jpg,0,1,1,,,,
Hàng hóa,PBL,SP000120,SUPERTAN ?? GÓI,BACONCO,"3,000,000.0","1,110,000.0",0.0,0.0,0 ngày,0,thung,BCC044,300,,BCC044,,0,1,1,,,,
Hàng hóa,THU?C B?NH,BCC043,SUPER KOSTIN 250ML,BACONCO,"180,000.0","116,000.0",0.0,0.0,0 ngày,0,Chai,,1,,,,0,1,1,,,,
Hàng hóa,THU?C B?NH,BCC042,SUPER KOSTIN 100ML,BACONCO,"75,000.0","55,121.11",0.0,0.0,0 ngày,0,Chai,,1,,,,0,1,1,,,,
Hàng hóa,THU?C B?NH,BCC040,MICROTHIOL 250G,BACONCO,"22,000.0","15,000.0",0.0,0.0,0 ngày,0,Gï¿½i,,1,,,,0,1,1,,,,
Hàng hóa,THU?C B?NH,BCC039,MICROTHIOL 1KG,BACONCO,"68,000.0","61,000.0",0.0,0.0,0 ngày,0,Gï¿½i,,1,,,https://cdn2-retail-images.kiotviet.vn/congtyptk/42cb9a74043346cda8accd3bec2ea399.png,0,1,1,,,,
Hàng hóa,PBL,BCC038,KALIBO,BACONCO,"60,000.0","56,000.0",0.0,0.0,0 ngày,0,H?p,,1,,,https://cdn2-retail-images.kiotviet.vn/congtyptk/6dc17b4b557e47e9b390ddb15a0f3651.jpg,0,1,1,,,,
Hàng hóa,PBG,BCC037,KALI MI?NG (50KG),BACONCO,"20,000.0","13,800.0",0.0,0.0,0 ngày,0,kg,,1,,,,0,1,1,,,,
Hàng hóa,PBG,SP000151,KALI MI?NG (50KG),BACONCO,0.0,"13,800.0",0.0,0.0,0 ngày,0,bao,BCC037,1,,BCC037,,0,1,1,,,,
Hàng hóa,H?U C?,BCC036,H?U C? PHÁP (25KG),BACONCO,"12,000.0","8,200.0",0.0,0.0,0 ngày,0,kg,,1,,,https://cdn-images.kiotviet.vn/congtyptk/4dd9bbe41bc647a3b838001aee5a8ba7.jpg,0,1,1,,,,
Hàng hóa,H?U C?,SP000024,H?U C? PHÁP (25KG),BACONCO,"280,000.0","205,000.0",0.0,0.0,0 ngày,0,Bao,BCC036,25,,BCC036,,0,1,1,,,,
Hàng hóa,THU?C C?,BCC034,GLUPHADEX 900ML- CHÁY,BACONCO,"210,000.0",0.0,0.0,0.0,0 ngày,0,Chai,,1,,,,0,1,1,,,,
Hàng hóa,THU?C C?,BCC033,GLUPHADEX 500 ML,BACONCO,"80,000.0","69,500.0",0.0,0.0,0 ngày,0,Chai,,1,,,,0,1,1,,,,
Hàng hóa,THU?C C?,BCC032,GLUPHADEX 1L,BACONCO,"150,000.0","134,900.0",0.0,0.0,0 ngày,0,Chai,,1,,,https://cdn-images.kiotviet.vn/congtyptk/d0ad6688863d4feaa2cc3dff11ea4926.jpg,0,1,1,,,,
Hàng hóa,PBG,BCC031,DAP FRANCE 50KG,BACONCO,"29,000.0","16,569.88",0.0,0.0,0 ngày,0,kg,,1,,,,0,1,1,,,,
Hàng hóa,PBG,SP000072,DAP FRANCE 50KG,BACONCO,"1,450,000.0","828,494.0",0.0,0.0,0 ngày,0,Bao,BCC031,50,,BCC031,,0,1,1,,,,
Hàng hóa,THU?C B?NH,BCC030,COMANCY 500g,BACONCO,"155,000.0","115,000.0",0.0,0.0,0 ngày,0,Gï¿½i,,1,,,,0,1,1,1 TH?NG 20 G?I,,,
Hàng hóa,PBL,BCC029,COFOLI ZIN 50,BACONCO,"115,000.0","79,045.81",0.0,0.0,0 ngày,0,Chai,,1,,,https://cdn2-retail-images.kiotviet.vn/congtyptk/6a6532838be74833952d51e567a5acc8.jpg,0,1,1,,,,
Hàng hóa,PBL,BCC028,COFOLI PK 500,BACONCO,"120,000.0","88,763.49",0.0,0.0,0 ngày,0,Chai,,1,,,https://cdn2-retail-images.kiotviet.vn/congtyptk/d11456820334434a82b152ffff4b3db6.jpg,0,1,1,,,,
Hàng hóa,PBL,BCC027,COFOLI MAX 36,BACONCO,"115,000.0","73,500.0",0.0,0.0,0 ngày,0,Chai,,1,,,https://cdn2-retail-images.kiotviet.vn/congtyptk/e9a5d6308134411d929cb2561fab8aa4.jpg,0,1,1,,,,
Hàng hóa,PBL,BCC026,COFOLI K300 PTK,BACONCO,"125,000.0","77,124.72",21.0,0.0,0 ngày,0,Chai,,1,,,"https://cdn-images.kiotviet.vn/congtyptk/ba42963f8a7b44139dd0dce57b57c434.jpg,https://cdn-images.kiotviet.vn/congtyptk/9b9bd06f21214cb4a32faa339a3016e6.jpg",0,1,1,,,,
Hàng hóa,PBL,SP000092,COFOLI K300 PTK,BACONCO,"2,760,000.0","1,850,993.28",0.875,0.0,0 ngày,0,thung,BCC026,24,,BCC026,,0,1,1,,,,
Hàng hóa,PBL,BCC025,COFOLI K300 CON CÒ,BACONCO,"115,000.0","65,000.0",0.0,0.0,0 ngày,0,Chai,,1,,,,0,1,1,,,,
Hàng hóa,PBL,BCC024,COFOLI HUMIC,BACONCO,"80,000.0","475,763.44",0.0,0.0,0 ngày,0,Chai,,1,,,,0,1,1,,,,
Hàng hóa,PBL,BCC023,COFOLI FULVIC PTK,BACONCO,"95,000.0","40,997.34",0.0,0.0,0 ngày,0,Chai,,1,,,https://cdn-images.kiotviet.vn/congtyptk/3d24e9f9e0694b58b62742aedfa05189.jpg,0,1,1,thï¿½ng 24 chai,,,
Hàng hóa,PBL,SP000091,COFOLI FULVIC PTK,BACONCO,0.0,"983,936.16",0.0,0.0,0 ngày,0,thung,BCC023,24,,BCC023,,0,1,1,thï¿½ng 24 chai,,,
Hàng hóa,PBL,BCC022,COFOLI COBIO ROOT,BACONCO,"115,000.0","81,592.86",0.0,0.0,0 ngày,0,Chai,,1,,,https://cdn2-retail-images.kiotviet.vn/congtyptk/29b43ae99a7b411a85d29ab0d7a41c12.jpg,0,1,1,,,,
Hàng hóa,PBL,BCC021,COFOLI CALIMAG,BACONCO,"115,000.0","63,000.0",0.0,0.0,0 ngày,0,Chai,,1,,,https://cdn2-retail-images.kiotviet.vn/congtyptk/f70395d3ec734120b36377057bae7bd6.jpg,0,1,1,,,,
Hàng hóa,PBL,BCC020,COFOLI AMINO,BACONCO,"120,000.0","87,363.53",0.0,0.0,0 ngày,0,Chai,,1,,,https://cdn2-retail-images.kiotviet.vn/congtyptk/c4afa4448be74e1b997ea77649f5f2dc.jpg,0,1,1,,,,
Hàng hóa,PBL,BCC019,CÒ T??I 3 PHÁP ( 1KG ),BACONCO,"35,000.0","28,842.38",0.0,0.0,0 ngày,0,Gï¿½i,,1,,,,0,1,1,,,,
Hàng hóa,PBL,BCC018,CÒ T??I 1 PHÁP(1KG ),BACONCO,"35,000.0","24,000.0",0.0,0.0,0 ngày,0,Gï¿½i,,1,,,,0,1,1,,,,
Hàng hóa,PBG,BCC016,BASEOS 1KG,BACONCO,"145,000.0","128,000.0",0.0,0.0,0 ngày,0,kg,,1,,,,0,1,1,,,,
Hàng hóa,PBG,BCC015,30-20-5 PHÁP (50kg),BACONCO,"20,000.0","19,000.0",0.0,0.0,0 ngày,0,kg,,1,,,"https://cdn-images.kiotviet.vn/congtyptk/933b76eede1e48bca229940213c08d61.jpg,https://cdn-images.kiotviet.vn/congtyptk/d708840e8a7b4949b6c66e1d20980a8f.jpg",0,1,1,,,,
Hàng hóa,PBG,SP000030,30-20-5 PHÁP (50kg),BACONCO,"955,000.0","950,000.0",0.0,0.0,0 ngày,0,Bao,BCC015,50,,BCC015,,0,1,1,,,,
Hàng hóa,PBG,BCC013,25-15-5 AVS (50kg),BACONCO,0.0,0.0,0.0,0.0,0 ngày,0,kg,,1,,,,0,1,1,,,,
Hàng hóa,PBG,SP000083,25-15-5 AVS (50kg),BACONCO,0.0,0.0,0.0,0.0,0 ngày,0,BAO,BCC013,50,,BCC013,,0,1,1,,,,
Hàng hóa,PBG,BCC012,24-13-5 PHÁP (50kg),BACONCO,"18,000.0","15,630.0",0.0,0.0,0 ngày,0,kg,,1,,,,0,1,1,,,,
Hàng hóa,PBG,SP000048,24-13-5 PHÁP (50kg),BACONCO,"860,000.0","781,500.0",0.0,0.0,0 ngày,0,bao,BCC012,50,,BCC012,,0,1,1,,,,
Hàng hóa,PBG,BCC011,20-20-15 CÒ VÀNG (50kg),BACONCO,"20,000.0","18,564.16",0.0,0.0,12 ngày,0,kg,,1,,,"https://cdn-images.kiotviet.vn/congtyptk/d619be86a8a346a4881722610185a1e1.jpg,https://cdn-images.kiotviet.vn/congtyptk/0bbd6589897c4c0192b3f91866eab8c0.jpg",0,1,1,,,,
Hàng hóa,PBG,SP000022,20-20-15 CÒ VÀNG (50kg),BACONCO,"975,000.0","928,208.0",0.0,0.0,12 ngày,0,Bao,BCC011,50,,BCC011,,0,1,1,,,,
Hàng hóa,PBG,BCC008,20-10-10 BASEO (25kg),BACONCO,"21,000.0","16,800.0",0.0,0.0,0 ngày,0,kg,,1,,,"https://cdn-images.kiotviet.vn/congtyptk/5cfed43e6acc4f60a4bb6c2688720b09.png,https://cdn-images.kiotviet.vn/congtyptk/8a32cf5f066f48789965c4bfc9cd568e.jpg",0,1,1,,,,
Hàng hóa,PBG,SP000015,20-10-10 BASEO (25kg),BACONCO,"490,000.0","420,000.0",0.0,0.0,0 ngày,0,bao,BCC008,25,,BCC008,,0,1,1,,,,
Hàng hóa,PBG,BCC006,17-17-17 PHÁP (25KG),BACONCO,"21,000.0","17,565.0",0.0,0.0,0 ngày,0,kg,,1,,,https://cdn-images.kiotviet.vn/congtyptk/28664f23a4774d33bf56085403cebe5a.png,0,1,1,,,,
Hàng hóa,PBG,SP000021,17-17-17 PHÁP (25KG),BACONCO,"510,000.0","439,125.0",0.0,0.0,0 ngày,0,bao,BCC006,25,,BCC006,,0,1,1,,,,
Hàng hóa,PBG,BCC005,16-16-8 PHÁP BAO XANH (50KG),BACONCO,"16,000.0","13,500.0",0.0,0.0,0 ngày,0,kg,,1,,,,0,1,1,,,,
Hàng hóa,PBG,SP000355,16-16-8 PHÁP BAO XANH (50KG),BACONCO,"755,000.0","675,000.0",0.0,0.0,0 ngày,0,Bao,BCC005,50,,BCC005,,0,1,1,,,,
Hàng hóa,PBG,BCC004,15-15-15 PHÁP (50KG),BACONCO,"21,000.0","19,400.0",0.0,0.0,0 ngày,0,kg,,1,,,"https://cdn-images.kiotviet.vn/congtyptk/73be18d3e1454554a733d9640891887f.jpg,https://cdn-images.kiotviet.vn/congtyptk/cb4b87dc3e3b44449bee500c2ab0301c.jpg",0,1,1,,,,
Hàng hóa,PBG,SP000038,15-15-15 PHÁP (50KG),BACONCO,"980,000.0","970,000.0",0.0,0.0,0 ngày,0,Bao,BCC004,50,,BCC004,,0,1,1,,,,
Hàng hóa,PBL,BCC001,COFOLI BOR 150,BACONCO,"95,000.0","69,688.16",0.0,0.0,0 ngày,0,Chai,,1,,,https://cdn2-retail-images.kiotviet.vn/congtyptk/ca9337b1a7154737823abf02efb049d6.jpg,0,1,1,,,,
Hàng hóa,THU?C SÂU,BASF007,VERISMO 240SC 200ML,BASF,"145,000.0","130,000.0",0.0,0.0,0 ngày,0,Chai,,1,,,,0,1,1,,,,
Hàng hóa,THU?C B?NH,BASF006,POLYRAM 80WG 100G,BASF,"35,000.0","29,000.0",0.0,0.0,0 ngày,0,Gï¿½i,,1,,,,0,1,1,,,,
Hàng hóa,THU?C B?NH,BASF005,KUMULUS 1KG,BASF,"72,000.0","69,000.0",0.0,0.0,0 ngày,0,Gï¿½i,,1,,,https://cdn2-retail-images.kiotviet.vn/congtyptk/87a9c604b2564278833e01304bd046cb.jpg,0,1,1,,,,
Hàng hóa,THU?C B?NH,SP000066,KUMULUS 1KG,BASF,"1,440,000.0","1,380,000.0",0.0,0.0,0 ngày,0,TH?NG,BASF005,20,,BASF005,,0,1,1,,,,
Hàng hóa,THU?C B?NH,BASF004,CABRIO TOP 600WG 100G,BASF,"64,000.0","61,000.0",0.0,0.0,0 ngày,0,Gï¿½i,,1,,,,0,1,1,,,,
Hàng hóa,THU?C C?,BASF002,THU?C C? BASTA 15SL 1 LÍT,BASF,"205,000.0","221,793.97",0.0,0.0,0 ngày,0,Chai,,1,,,https://cdn2-retail-images.kiotviet.vn/congtyptk/489f9f76c1ce4cd185e57cb10592476f.png,0,1,1,,,,
Hàng hóa,THU?C C?,SP000157,THU?C C? BASTA 15SL 1 LÍT,BASF,"4,100,000.0","4,435,879.40",0.0,0.0,0 ngày,0,TH?NG,BASF002,20,,BASF002,,0,1,1,,,,
Hàng hóa,THU?C B?NH,BASF001,ACGRO BAT MZ 100G,BASF,"45,000.0","39,000.0",0.0,0.0,0 ngày,0,Gï¿½i,,1,,,,0,1,1,,,,
Hàng hóa,THU?C B?NH,SP000052,ACGRO BAT MZ 100G,BASF,"3,800,000.0","3,900,000.0",0.0,0.0,0 ngày,0,TH?NG,BASF001,100,,BASF001,,0,1,1,,,,
