[2025-12-16T03:29:17.390+0000] {local_task_job_runner.py:123} INFO - ::group::Pre task execution logs
[2025-12-16T03:29:17.449+0000] {taskinstance.py:2631} INFO - Dependencies all met for dep_context=non-requeueable deps ti=<TaskInstance: ETL_process.Silver_to_Gold_Dimensions manual__2025-12-16T03:11:21.775359+00:00 [queued]>
[2025-12-16T03:29:17.472+0000] {taskinstance.py:2631} INFO - Dependencies all met for dep_context=requeueable deps ti=<TaskInstance: ETL_process.Silver_to_Gold_Dimensions manual__2025-12-16T03:11:21.775359+00:00 [queued]>
[2025-12-16T03:29:17.472+0000] {taskinstance.py:2884} INFO - Starting attempt 1 of 3
[2025-12-16T03:29:17.505+0000] {taskinstance.py:2907} INFO - Executing <Task(BashOperator): Silver_to_Gold_Dimensions> on 2025-12-16 03:11:21.775359+00:00
[2025-12-16T03:29:17.522+0000] {logging_mixin.py:190} WARNING - /home/airflow/.local/lib/python3.12/site-packages/airflow/task/task_runner/standard_task_runner.py:70 DeprecationWarning: This process (pid=775) is multi-threaded, use of fork() may lead to deadlocks in the child.
[2025-12-16T03:29:17.522+0000] {standard_task_runner.py:104} INFO - Running: ['airflow', 'tasks', 'run', 'ETL_process', 'Silver_to_Gold_Dimensions', 'manual__2025-12-16T03:11:21.775359+00:00', '--job-id', '22', '--raw', '--subdir', 'DAGS_FOLDER/ETL.py', '--cfg-path', '/tmp/tmpnekeyba5']
[2025-12-16T03:29:17.525+0000] {standard_task_runner.py:72} INFO - Started process 776 to run task
[2025-12-16T03:29:17.526+0000] {standard_task_runner.py:105} INFO - Job 22: Subtask Silver_to_Gold_Dimensions
[2025-12-16T03:29:17.624+0000] {task_command.py:467} INFO - Running <TaskInstance: ETL_process.Silver_to_Gold_Dimensions manual__2025-12-16T03:11:21.775359+00:00 [running]> on host 2a50f1bacb3c
[2025-12-16T03:29:17.779+0000] {taskinstance.py:3157} INFO - Exporting env vars: AIRFLOW_CTX_DAG_OWNER='airflow' AIRFLOW_CTX_DAG_ID='ETL_process' AIRFLOW_CTX_TASK_ID='Silver_to_Gold_Dimensions' AIRFLOW_CTX_EXECUTION_DATE='2025-12-16T03:11:21.775359+00:00' AIRFLOW_CTX_TRY_NUMBER='1' AIRFLOW_CTX_DAG_RUN_ID='manual__2025-12-16T03:11:21.775359+00:00'
[2025-12-16T03:29:17.781+0000] {taskinstance.py:740} INFO - ::endgroup::
[2025-12-16T03:29:17.843+0000] {subprocess.py:78} INFO - Tmp dir root location: /tmp
[2025-12-16T03:29:17.846+0000] {subprocess.py:88} INFO - Running command: ['/usr/bin/bash', '-c', '\n            docker exec spark-master bash -c \'\n            export PYTHONPATH=/opt/spark/work-dir/batch-etl && \n            /opt/spark/bin/spark-submit                 --master spark://spark-master:7077                 --packages io.delta:delta-core_2.12:2.4.0,org.apache.hadoop:hadoop-aws:3.3.4                 --conf "spark.sql.extensions=io.delta.sql.DeltaSparkSessionExtension"                 --conf "spark.sql.catalog.spark_catalog=org.apache.spark.sql.delta.catalog.DeltaCatalog"                 /opt/spark/work-dir/batch-etl/silver_to_gold/etl_dimensions.py\n            \'\n        ']
[2025-12-16T03:29:17.875+0000] {subprocess.py:99} INFO - Output:
[2025-12-16T03:29:20.932+0000] {subprocess.py:106} INFO - :: loading settings :: url = jar:file:/opt/spark/jars/ivy-2.5.1.jar!/org/apache/ivy/core/settings/ivysettings.xml
[2025-12-16T03:29:21.179+0000] {subprocess.py:106} INFO - Ivy Default Cache set to: /root/.ivy2/cache
[2025-12-16T03:29:21.180+0000] {subprocess.py:106} INFO - The jars for the packages stored in: /root/.ivy2/jars
[2025-12-16T03:29:21.189+0000] {subprocess.py:106} INFO - io.delta#delta-core_2.12 added as a dependency
[2025-12-16T03:29:21.190+0000] {subprocess.py:106} INFO - org.apache.hadoop#hadoop-aws added as a dependency
[2025-12-16T03:29:21.191+0000] {subprocess.py:106} INFO - :: resolving dependencies :: org.apache.spark#spark-submit-parent-950346ac-afc5-40fd-a631-71ef0c59c643;1.0
[2025-12-16T03:29:21.192+0000] {subprocess.py:106} INFO - 	confs: [default]
[2025-12-16T03:29:21.377+0000] {subprocess.py:106} INFO - 	found io.delta#delta-core_2.12;2.4.0 in central
[2025-12-16T03:29:21.419+0000] {subprocess.py:106} INFO - 	found io.delta#delta-storage;2.4.0 in central
[2025-12-16T03:29:21.455+0000] {subprocess.py:106} INFO - 	found org.antlr#antlr4-runtime;4.9.3 in central
[2025-12-16T03:29:21.533+0000] {subprocess.py:106} INFO - 	found org.apache.hadoop#hadoop-aws;3.3.4 in central
[2025-12-16T03:29:21.565+0000] {subprocess.py:106} INFO - 	found com.amazonaws#aws-java-sdk-bundle;1.12.262 in central
[2025-12-16T03:29:21.619+0000] {subprocess.py:106} INFO - 	found org.wildfly.openssl#wildfly-openssl;1.0.7.Final in central
[2025-12-16T03:29:21.690+0000] {subprocess.py:106} INFO - :: resolution report :: resolve 448ms :: artifacts dl 51ms
[2025-12-16T03:29:21.691+0000] {subprocess.py:106} INFO - 	:: modules in use:
[2025-12-16T03:29:21.692+0000] {subprocess.py:106} INFO - 	com.amazonaws#aws-java-sdk-bundle;1.12.262 from central in [default]
[2025-12-16T03:29:21.693+0000] {subprocess.py:106} INFO - 	io.delta#delta-core_2.12;2.4.0 from central in [default]
[2025-12-16T03:29:21.694+0000] {subprocess.py:106} INFO - 	io.delta#delta-storage;2.4.0 from central in [default]
[2025-12-16T03:29:21.695+0000] {subprocess.py:106} INFO - 	org.antlr#antlr4-runtime;4.9.3 from central in [default]
[2025-12-16T03:29:21.695+0000] {subprocess.py:106} INFO - 	org.apache.hadoop#hadoop-aws;3.3.4 from central in [default]
[2025-12-16T03:29:21.696+0000] {subprocess.py:106} INFO - 	org.wildfly.openssl#wildfly-openssl;1.0.7.Final from central in [default]
[2025-12-16T03:29:21.697+0000] {subprocess.py:106} INFO - 	---------------------------------------------------------------------
[2025-12-16T03:29:21.697+0000] {subprocess.py:106} INFO - 	|                  |            modules            ||   artifacts   |
[2025-12-16T03:29:21.698+0000] {subprocess.py:106} INFO - 	|       conf       | number| search|dwnlded|evicted|| number|dwnlded|
[2025-12-16T03:29:21.698+0000] {subprocess.py:106} INFO - 	---------------------------------------------------------------------
[2025-12-16T03:29:21.699+0000] {subprocess.py:106} INFO - 	|      default     |   6   |   0   |   0   |   0   ||   6   |   0   |
[2025-12-16T03:29:21.700+0000] {subprocess.py:106} INFO - 	---------------------------------------------------------------------
[2025-12-16T03:29:21.700+0000] {subprocess.py:106} INFO - :: retrieving :: org.apache.spark#spark-submit-parent-950346ac-afc5-40fd-a631-71ef0c59c643
[2025-12-16T03:29:21.701+0000] {subprocess.py:106} INFO - 	confs: [default]
[2025-12-16T03:29:21.711+0000] {subprocess.py:106} INFO - 	0 artifacts copied, 6 already retrieved (0kB/12ms)
[2025-12-16T03:29:21.966+0000] {subprocess.py:106} INFO - 25/12/16 03:29:21 WARN NativeCodeLoader: Unable to load native-hadoop library for your platform... using builtin-java classes where applicable
[2025-12-16T03:29:23.472+0000] {subprocess.py:106} INFO - 25/12/16 03:29:23 INFO SparkContext: Running Spark version 3.4.0
[2025-12-16T03:29:23.515+0000] {subprocess.py:106} INFO - 25/12/16 03:29:23 INFO ResourceUtils: ==============================================================
[2025-12-16T03:29:23.516+0000] {subprocess.py:106} INFO - 25/12/16 03:29:23 INFO ResourceUtils: No custom resources configured for spark.driver.
[2025-12-16T03:29:23.517+0000] {subprocess.py:106} INFO - 25/12/16 03:29:23 INFO ResourceUtils: ==============================================================
[2025-12-16T03:29:23.518+0000] {subprocess.py:106} INFO - 25/12/16 03:29:23 INFO SparkContext: Submitted application: Gold_Dimensions_ETL
[2025-12-16T03:29:23.567+0000] {subprocess.py:106} INFO - 25/12/16 03:29:23 INFO ResourceProfile: Default ResourceProfile created, executor resources: Map(memory -> name: memory, amount: 1024, script: , vendor: , offHeap -> name: offHeap, amount: 0, script: , vendor: ), task resources: Map(cpus -> name: cpus, amount: 1.0)
[2025-12-16T03:29:23.594+0000] {subprocess.py:106} INFO - 25/12/16 03:29:23 INFO ResourceProfile: Limiting resource is cpu
[2025-12-16T03:29:23.596+0000] {subprocess.py:106} INFO - 25/12/16 03:29:23 INFO ResourceProfileManager: Added ResourceProfile id: 0
[2025-12-16T03:29:23.755+0000] {subprocess.py:106} INFO - 25/12/16 03:29:23 INFO SecurityManager: Changing view acls to: root
[2025-12-16T03:29:23.757+0000] {subprocess.py:106} INFO - 25/12/16 03:29:23 INFO SecurityManager: Changing modify acls to: root
[2025-12-16T03:29:23.758+0000] {subprocess.py:106} INFO - 25/12/16 03:29:23 INFO SecurityManager: Changing view acls groups to:
[2025-12-16T03:29:23.759+0000] {subprocess.py:106} INFO - 25/12/16 03:29:23 INFO SecurityManager: Changing modify acls groups to:
[2025-12-16T03:29:23.760+0000] {subprocess.py:106} INFO - 25/12/16 03:29:23 INFO SecurityManager: SecurityManager: authentication disabled; ui acls disabled; users with view permissions: root; groups with view permissions: EMPTY; users with modify permissions: root; groups with modify permissions: EMPTY
[2025-12-16T03:29:24.215+0000] {subprocess.py:106} INFO - 25/12/16 03:29:24 INFO Utils: Successfully started service 'sparkDriver' on port 45191.
[2025-12-16T03:29:24.258+0000] {subprocess.py:106} INFO - 25/12/16 03:29:24 INFO SparkEnv: Registering MapOutputTracker
[2025-12-16T03:29:24.306+0000] {subprocess.py:106} INFO - 25/12/16 03:29:24 INFO SparkEnv: Registering BlockManagerMaster
[2025-12-16T03:29:24.339+0000] {subprocess.py:106} INFO - 25/12/16 03:29:24 INFO BlockManagerMasterEndpoint: Using org.apache.spark.storage.DefaultTopologyMapper for getting topology information
[2025-12-16T03:29:24.340+0000] {subprocess.py:106} INFO - 25/12/16 03:29:24 INFO BlockManagerMasterEndpoint: BlockManagerMasterEndpoint up
[2025-12-16T03:29:24.347+0000] {subprocess.py:106} INFO - 25/12/16 03:29:24 INFO SparkEnv: Registering BlockManagerMasterHeartbeat
[2025-12-16T03:29:24.375+0000] {subprocess.py:106} INFO - 25/12/16 03:29:24 INFO DiskBlockManager: Created local directory at /tmp/blockmgr-65f190ca-d239-4a02-a072-f4ba002cb51c
[2025-12-16T03:29:24.399+0000] {subprocess.py:106} INFO - 25/12/16 03:29:24 INFO MemoryStore: MemoryStore started with capacity 434.4 MiB
[2025-12-16T03:29:24.423+0000] {subprocess.py:106} INFO - 25/12/16 03:29:24 INFO SparkEnv: Registering OutputCommitCoordinator
[2025-12-16T03:29:24.620+0000] {subprocess.py:106} INFO - 25/12/16 03:29:24 INFO JettyUtils: Start Jetty 0.0.0.0:4040 for SparkUI
[2025-12-16T03:29:24.709+0000] {subprocess.py:106} INFO - 25/12/16 03:29:24 WARN Utils: Service 'SparkUI' could not bind on port 4040. Attempting port 4041.
[2025-12-16T03:29:24.725+0000] {subprocess.py:106} INFO - 25/12/16 03:29:24 INFO Utils: Successfully started service 'SparkUI' on port 4041.
[2025-12-16T03:29:24.770+0000] {subprocess.py:106} INFO - 25/12/16 03:29:24 INFO SparkContext: Added JAR file:///root/.ivy2/jars/io.delta_delta-core_2.12-2.4.0.jar at spark://3ad9a82189be:45191/jars/io.delta_delta-core_2.12-2.4.0.jar with timestamp 1765855763453
[2025-12-16T03:29:24.771+0000] {subprocess.py:106} INFO - 25/12/16 03:29:24 INFO SparkContext: Added JAR file:///root/.ivy2/jars/org.apache.hadoop_hadoop-aws-3.3.4.jar at spark://3ad9a82189be:45191/jars/org.apache.hadoop_hadoop-aws-3.3.4.jar with timestamp 1765855763453
[2025-12-16T03:29:24.772+0000] {subprocess.py:106} INFO - 25/12/16 03:29:24 INFO SparkContext: Added JAR file:///root/.ivy2/jars/io.delta_delta-storage-2.4.0.jar at spark://3ad9a82189be:45191/jars/io.delta_delta-storage-2.4.0.jar with timestamp 1765855763453
[2025-12-16T03:29:24.773+0000] {subprocess.py:106} INFO - 25/12/16 03:29:24 INFO SparkContext: Added JAR file:///root/.ivy2/jars/org.antlr_antlr4-runtime-4.9.3.jar at spark://3ad9a82189be:45191/jars/org.antlr_antlr4-runtime-4.9.3.jar with timestamp 1765855763453
[2025-12-16T03:29:24.773+0000] {subprocess.py:106} INFO - 25/12/16 03:29:24 INFO SparkContext: Added JAR file:///root/.ivy2/jars/com.amazonaws_aws-java-sdk-bundle-1.12.262.jar at spark://3ad9a82189be:45191/jars/com.amazonaws_aws-java-sdk-bundle-1.12.262.jar with timestamp 1765855763453
[2025-12-16T03:29:24.774+0000] {subprocess.py:106} INFO - 25/12/16 03:29:24 INFO SparkContext: Added JAR file:///root/.ivy2/jars/org.wildfly.openssl_wildfly-openssl-1.0.7.Final.jar at spark://3ad9a82189be:45191/jars/org.wildfly.openssl_wildfly-openssl-1.0.7.Final.jar with timestamp 1765855763453
[2025-12-16T03:29:24.777+0000] {subprocess.py:106} INFO - 25/12/16 03:29:24 INFO SparkContext: Added file file:///root/.ivy2/jars/io.delta_delta-core_2.12-2.4.0.jar at spark://3ad9a82189be:45191/files/io.delta_delta-core_2.12-2.4.0.jar with timestamp 1765855763453
[2025-12-16T03:29:24.778+0000] {subprocess.py:106} INFO - 25/12/16 03:29:24 INFO Utils: Copying /root/.ivy2/jars/io.delta_delta-core_2.12-2.4.0.jar to /tmp/spark-6faf0948-46f0-454e-9832-f5e3dc928a75/userFiles-37024da8-77f7-4173-94d3-2e54c8dbf099/io.delta_delta-core_2.12-2.4.0.jar
[2025-12-16T03:29:24.804+0000] {subprocess.py:106} INFO - 25/12/16 03:29:24 INFO SparkContext: Added file file:///root/.ivy2/jars/org.apache.hadoop_hadoop-aws-3.3.4.jar at spark://3ad9a82189be:45191/files/org.apache.hadoop_hadoop-aws-3.3.4.jar with timestamp 1765855763453
[2025-12-16T03:29:24.805+0000] {subprocess.py:106} INFO - 25/12/16 03:29:24 INFO Utils: Copying /root/.ivy2/jars/org.apache.hadoop_hadoop-aws-3.3.4.jar to /tmp/spark-6faf0948-46f0-454e-9832-f5e3dc928a75/userFiles-37024da8-77f7-4173-94d3-2e54c8dbf099/org.apache.hadoop_hadoop-aws-3.3.4.jar
[2025-12-16T03:29:24.815+0000] {subprocess.py:106} INFO - 25/12/16 03:29:24 INFO SparkContext: Added file file:///root/.ivy2/jars/io.delta_delta-storage-2.4.0.jar at spark://3ad9a82189be:45191/files/io.delta_delta-storage-2.4.0.jar with timestamp 1765855763453
[2025-12-16T03:29:24.816+0000] {subprocess.py:106} INFO - 25/12/16 03:29:24 INFO Utils: Copying /root/.ivy2/jars/io.delta_delta-storage-2.4.0.jar to /tmp/spark-6faf0948-46f0-454e-9832-f5e3dc928a75/userFiles-37024da8-77f7-4173-94d3-2e54c8dbf099/io.delta_delta-storage-2.4.0.jar
[2025-12-16T03:29:24.823+0000] {subprocess.py:106} INFO - 25/12/16 03:29:24 INFO SparkContext: Added file file:///root/.ivy2/jars/org.antlr_antlr4-runtime-4.9.3.jar at spark://3ad9a82189be:45191/files/org.antlr_antlr4-runtime-4.9.3.jar with timestamp 1765855763453
[2025-12-16T03:29:24.824+0000] {subprocess.py:106} INFO - 25/12/16 03:29:24 INFO Utils: Copying /root/.ivy2/jars/org.antlr_antlr4-runtime-4.9.3.jar to /tmp/spark-6faf0948-46f0-454e-9832-f5e3dc928a75/userFiles-37024da8-77f7-4173-94d3-2e54c8dbf099/org.antlr_antlr4-runtime-4.9.3.jar
[2025-12-16T03:29:24.833+0000] {subprocess.py:106} INFO - 25/12/16 03:29:24 INFO SparkContext: Added file file:///root/.ivy2/jars/com.amazonaws_aws-java-sdk-bundle-1.12.262.jar at spark://3ad9a82189be:45191/files/com.amazonaws_aws-java-sdk-bundle-1.12.262.jar with timestamp 1765855763453
[2025-12-16T03:29:24.834+0000] {subprocess.py:106} INFO - 25/12/16 03:29:24 INFO Utils: Copying /root/.ivy2/jars/com.amazonaws_aws-java-sdk-bundle-1.12.262.jar to /tmp/spark-6faf0948-46f0-454e-9832-f5e3dc928a75/userFiles-37024da8-77f7-4173-94d3-2e54c8dbf099/com.amazonaws_aws-java-sdk-bundle-1.12.262.jar
[2025-12-16T03:29:25.514+0000] {subprocess.py:106} INFO - 25/12/16 03:29:25 INFO SparkContext: Added file file:///root/.ivy2/jars/org.wildfly.openssl_wildfly-openssl-1.0.7.Final.jar at spark://3ad9a82189be:45191/files/org.wildfly.openssl_wildfly-openssl-1.0.7.Final.jar with timestamp 1765855763453
[2025-12-16T03:29:25.515+0000] {subprocess.py:106} INFO - 25/12/16 03:29:25 INFO Utils: Copying /root/.ivy2/jars/org.wildfly.openssl_wildfly-openssl-1.0.7.Final.jar to /tmp/spark-6faf0948-46f0-454e-9832-f5e3dc928a75/userFiles-37024da8-77f7-4173-94d3-2e54c8dbf099/org.wildfly.openssl_wildfly-openssl-1.0.7.Final.jar
[2025-12-16T03:29:25.642+0000] {subprocess.py:106} INFO - 25/12/16 03:29:25 INFO StandaloneAppClient$ClientEndpoint: Connecting to master spark://spark-master:7077...
[2025-12-16T03:29:25.728+0000] {subprocess.py:106} INFO - 25/12/16 03:29:25 INFO TransportClientFactory: Successfully created connection to spark-master/172.18.0.5:7077 after 51 ms (0 ms spent in bootstraps)
[2025-12-16T03:29:25.904+0000] {subprocess.py:106} INFO - 25/12/16 03:29:25 INFO StandaloneSchedulerBackend: Connected to Spark cluster with app ID app-20251216032925-0003
[2025-12-16T03:29:25.918+0000] {subprocess.py:106} INFO - 25/12/16 03:29:25 INFO Utils: Successfully started service 'org.apache.spark.network.netty.NettyBlockTransferService' on port 39783.
[2025-12-16T03:29:25.919+0000] {subprocess.py:106} INFO - 25/12/16 03:29:25 INFO NettyBlockTransferService: Server created on 3ad9a82189be:39783
[2025-12-16T03:29:25.922+0000] {subprocess.py:106} INFO - 25/12/16 03:29:25 INFO BlockManager: Using org.apache.spark.storage.RandomBlockReplicationPolicy for block replication policy
[2025-12-16T03:29:25.936+0000] {subprocess.py:106} INFO - 25/12/16 03:29:25 INFO BlockManagerMaster: Registering BlockManager BlockManagerId(driver, 3ad9a82189be, 39783, None)
[2025-12-16T03:29:25.943+0000] {subprocess.py:106} INFO - 25/12/16 03:29:25 INFO BlockManagerMasterEndpoint: Registering block manager 3ad9a82189be:39783 with 434.4 MiB RAM, BlockManagerId(driver, 3ad9a82189be, 39783, None)
[2025-12-16T03:29:25.948+0000] {subprocess.py:106} INFO - 25/12/16 03:29:25 INFO BlockManagerMaster: Registered BlockManager BlockManagerId(driver, 3ad9a82189be, 39783, None)
[2025-12-16T03:29:25.950+0000] {subprocess.py:106} INFO - 25/12/16 03:29:25 INFO BlockManager: Initialized BlockManager: BlockManagerId(driver, 3ad9a82189be, 39783, None)
[2025-12-16T03:29:26.230+0000] {subprocess.py:106} INFO - 25/12/16 03:29:26 INFO StandaloneSchedulerBackend: SchedulerBackend is ready for scheduling beginning after reached minRegisteredResourcesRatio: 0.0
[2025-12-16T03:29:26.908+0000] {subprocess.py:106} INFO - Processing Dim Products...
[2025-12-16T03:29:26.925+0000] {subprocess.py:106} INFO - 25/12/16 03:29:26 INFO SharedState: Setting hive.metastore.warehouse.dir ('null') to the value of spark.sql.warehouse.dir.
[2025-12-16T03:29:26.930+0000] {subprocess.py:106} INFO - 25/12/16 03:29:26 INFO SharedState: Warehouse path is 'file:/opt/spark/work-dir/spark-warehouse'.
[2025-12-16T03:29:29.439+0000] {subprocess.py:106} INFO - 25/12/16 03:29:29 WARN MetricsConfig: Cannot locate configuration: tried hadoop-metrics2-s3a-file-system.properties,hadoop-metrics2.properties
[2025-12-16T03:29:29.465+0000] {subprocess.py:106} INFO - 25/12/16 03:29:29 INFO MetricsSystemImpl: Scheduled Metric snapshot period at 10 second(s).
[2025-12-16T03:29:29.466+0000] {subprocess.py:106} INFO - 25/12/16 03:29:29 INFO MetricsSystemImpl: s3a-file-system metrics system started
[2025-12-16T03:29:32.350+0000] {subprocess.py:106} INFO - 25/12/16 03:29:32 INFO DelegatingLogStore: LogStore `LogStoreAdapter(io.delta.storage.S3SingleDriverLogStore)` is used for scheme `s3a`
[2025-12-16T03:29:32.512+0000] {subprocess.py:106} INFO - 25/12/16 03:29:32 INFO DeltaLog: Loading version 1.
[2025-12-16T03:29:36.300+0000] {subprocess.py:106} INFO - 25/12/16 03:29:36 INFO DeltaLogFileIndex: Created DeltaLogFileIndex(JSON, numFilesInSegment: 2, totalFileSize: 3452)
[2025-12-16T03:29:38.405+0000] {subprocess.py:106} INFO - 25/12/16 03:29:38 INFO FileSourceStrategy: Pushed Filters:
[2025-12-16T03:29:38.412+0000] {subprocess.py:106} INFO - 25/12/16 03:29:38 INFO FileSourceStrategy: Post-Scan Filters:
[2025-12-16T03:29:39.558+0000] {subprocess.py:106} INFO - 25/12/16 03:29:39 INFO CodeGenerator: Code generated in 510.048135 ms
[2025-12-16T03:29:39.693+0000] {subprocess.py:106} INFO - 25/12/16 03:29:39 INFO MemoryStore: Block broadcast_0 stored as values in memory (estimated size 212.7 KiB, free 434.2 MiB)
[2025-12-16T03:29:39.823+0000] {subprocess.py:106} INFO - 25/12/16 03:29:39 INFO MemoryStore: Block broadcast_0_piece0 stored as bytes in memory (estimated size 36.3 KiB, free 434.2 MiB)
[2025-12-16T03:29:39.873+0000] {subprocess.py:106} INFO - 25/12/16 03:29:39 INFO BlockManagerInfo: Added broadcast_0_piece0 in memory on 3ad9a82189be:39783 (size: 36.3 KiB, free: 434.4 MiB)
[2025-12-16T03:29:39.881+0000] {subprocess.py:106} INFO - 25/12/16 03:29:39 INFO SparkContext: Created broadcast 0 from toString at <unknown>:0
[2025-12-16T03:29:39.962+0000] {subprocess.py:106} INFO - 25/12/16 03:29:39 INFO FileSourceScanExec: Planning scan with bin packing, max size: 4196030 bytes, open cost is considered as scanning 4194304 bytes.
[2025-12-16T03:29:40.264+0000] {subprocess.py:106} INFO - 25/12/16 03:29:40 INFO SparkContext: Starting job: toString at <unknown>:0
[2025-12-16T03:29:40.296+0000] {subprocess.py:106} INFO - 25/12/16 03:29:40 INFO DAGScheduler: Got job 0 (toString at <unknown>:0) with 2 output partitions
[2025-12-16T03:29:40.298+0000] {subprocess.py:106} INFO - 25/12/16 03:29:40 INFO DAGScheduler: Final stage: ResultStage 0 (toString at <unknown>:0)
[2025-12-16T03:29:40.298+0000] {subprocess.py:106} INFO - 25/12/16 03:29:40 INFO DAGScheduler: Parents of final stage: List()
[2025-12-16T03:29:40.300+0000] {subprocess.py:106} INFO - 25/12/16 03:29:40 INFO DAGScheduler: Missing parents: List()
[2025-12-16T03:29:40.309+0000] {subprocess.py:106} INFO - 25/12/16 03:29:40 INFO DAGScheduler: Submitting ResultStage 0 (MapPartitionsRDD[3] at toString at <unknown>:0), which has no missing parents
[2025-12-16T03:29:40.356+0000] {subprocess.py:106} INFO - 25/12/16 03:29:40 INFO MemoryStore: Block broadcast_1 stored as values in memory (estimated size 50.4 KiB, free 434.1 MiB)
[2025-12-16T03:29:40.372+0000] {subprocess.py:106} INFO - 25/12/16 03:29:40 INFO MemoryStore: Block broadcast_1_piece0 stored as bytes in memory (estimated size 15.5 KiB, free 434.1 MiB)
[2025-12-16T03:29:40.374+0000] {subprocess.py:106} INFO - 25/12/16 03:29:40 INFO BlockManagerInfo: Added broadcast_1_piece0 in memory on 3ad9a82189be:39783 (size: 15.5 KiB, free: 434.3 MiB)
[2025-12-16T03:29:40.378+0000] {subprocess.py:106} INFO - 25/12/16 03:29:40 INFO SparkContext: Created broadcast 1 from broadcast at DAGScheduler.scala:1535
[2025-12-16T03:29:40.409+0000] {subprocess.py:106} INFO - 25/12/16 03:29:40 INFO DAGScheduler: Submitting 2 missing tasks from ResultStage 0 (MapPartitionsRDD[3] at toString at <unknown>:0) (first 15 tasks are for partitions Vector(0, 1))
[2025-12-16T03:29:40.426+0000] {subprocess.py:106} INFO - 25/12/16 03:29:40 INFO TaskSchedulerImpl: Adding task set 0.0 with 2 tasks resource profile 0
[2025-12-16T03:29:55.468+0000] {subprocess.py:106} INFO - 25/12/16 03:29:55 WARN TaskSchedulerImpl: Initial job has not accepted any resources; check your cluster UI to ensure that workers are registered and have sufficient resources
[2025-12-16T03:29:58.726+0000] {subprocess.py:106} INFO - 25/12/16 03:29:58 INFO StandaloneAppClient$ClientEndpoint: Executor added: app-20251216032925-0003/0 on worker-20251216030335-172.18.0.7-41979 (172.18.0.7:41979) with 16 core(s)
[2025-12-16T03:29:58.729+0000] {subprocess.py:106} INFO - 25/12/16 03:29:58 INFO StandaloneSchedulerBackend: Granted executor ID app-20251216032925-0003/0 on hostPort 172.18.0.7:41979 with 16 core(s), 1024.0 MiB RAM
[2025-12-16T03:29:58.866+0000] {subprocess.py:106} INFO - 25/12/16 03:29:58 INFO StandaloneAppClient$ClientEndpoint: Executor updated: app-20251216032925-0003/0 is now RUNNING
[2025-12-16T03:30:01.912+0000] {subprocess.py:106} INFO - 25/12/16 03:30:01 INFO StandaloneSchedulerBackend$StandaloneDriverEndpoint: Registered executor NettyRpcEndpointRef(spark-client://Executor) (172.18.0.7:43148) with ID 0,  ResourceProfileId 0
[2025-12-16T03:30:02.003+0000] {subprocess.py:106} INFO - 25/12/16 03:30:02 INFO BlockManagerMasterEndpoint: Registering block manager 172.18.0.7:36801 with 434.4 MiB RAM, BlockManagerId(0, 172.18.0.7, 36801, None)
[2025-12-16T03:30:06.372+0000] {subprocess.py:106} INFO - 25/12/16 03:30:06 INFO TaskSetManager: Starting task 0.0 in stage 0.0 (TID 0) (172.18.0.7, executor 0, partition 0, PROCESS_LOCAL, 7942 bytes)
[2025-12-16T03:30:06.380+0000] {subprocess.py:106} INFO - 25/12/16 03:30:06 INFO TaskSetManager: Starting task 1.0 in stage 0.0 (TID 1) (172.18.0.7, executor 0, partition 1, PROCESS_LOCAL, 7942 bytes)
[2025-12-16T03:30:06.681+0000] {subprocess.py:106} INFO - 25/12/16 03:30:06 INFO BlockManagerInfo: Added broadcast_1_piece0 in memory on 172.18.0.7:36801 (size: 15.5 KiB, free: 434.4 MiB)
[2025-12-16T03:30:08.101+0000] {subprocess.py:106} INFO - 25/12/16 03:30:08 INFO BlockManagerInfo: Added broadcast_0_piece0 in memory on 172.18.0.7:36801 (size: 36.3 KiB, free: 434.3 MiB)
[2025-12-16T03:30:10.055+0000] {subprocess.py:106} INFO - 25/12/16 03:30:10 INFO TaskSetManager: Finished task 0.0 in stage 0.0 (TID 0) in 3696 ms on 172.18.0.7 (executor 0) (1/2)
[2025-12-16T03:30:10.058+0000] {subprocess.py:106} INFO - 25/12/16 03:30:10 INFO TaskSetManager: Finished task 1.0 in stage 0.0 (TID 1) in 3678 ms on 172.18.0.7 (executor 0) (2/2)
[2025-12-16T03:30:10.060+0000] {subprocess.py:106} INFO - 25/12/16 03:30:10 INFO TaskSchedulerImpl: Removed TaskSet 0.0, whose tasks have all completed, from pool
[2025-12-16T03:30:10.071+0000] {subprocess.py:106} INFO - 25/12/16 03:30:10 INFO DAGScheduler: ResultStage 0 (toString at <unknown>:0) finished in 29.729 s
[2025-12-16T03:30:10.077+0000] {subprocess.py:106} INFO - 25/12/16 03:30:10 INFO DAGScheduler: Job 0 is finished. Cancelling potential speculative or zombie tasks for this job
[2025-12-16T03:30:10.078+0000] {subprocess.py:106} INFO - 25/12/16 03:30:10 INFO TaskSchedulerImpl: Killing all running tasks in stage 0: Stage finished
[2025-12-16T03:30:10.080+0000] {subprocess.py:106} INFO - 25/12/16 03:30:10 INFO DAGScheduler: Job 0 finished: toString at <unknown>:0, took 29.822962 s
[2025-12-16T03:30:10.186+0000] {subprocess.py:106} INFO - 25/12/16 03:30:10 INFO BlockManagerInfo: Removed broadcast_1_piece0 on 3ad9a82189be:39783 in memory (size: 15.5 KiB, free: 434.4 MiB)
[2025-12-16T03:30:10.198+0000] {subprocess.py:106} INFO - 25/12/16 03:30:10 INFO BlockManagerInfo: Removed broadcast_1_piece0 on 172.18.0.7:36801 in memory (size: 15.5 KiB, free: 434.4 MiB)
[2025-12-16T03:30:10.201+0000] {subprocess.py:106} INFO - 25/12/16 03:30:10 INFO CodeGenerator: Code generated in 77.82094 ms
[2025-12-16T03:30:10.215+0000] {subprocess.py:106} INFO - 25/12/16 03:30:10 INFO Snapshot: [tableId=6fb56dcb-2cd6-4a79-918c-a881a9577109] Created snapshot Snapshot(path=s3a://silver/products/_delta_log, version=1, metadata=Metadata(ea7f9373-3abb-435f-88d8-2fe489252926,null,null,Format(parquet,Map()),{"type":"struct","fields":[{"name":"product_id","type":"string","nullable":true,"metadata":{}},{"name":"product_name","type":"string","nullable":true,"metadata":{}},{"name":"brand","type":"string","nullable":true,"metadata":{}},{"name":"sale_price","type":"decimal(18,2)","nullable":true,"metadata":{}},{"name":"cost_price","type":"decimal(18,2)","nullable":true,"metadata":{}},{"name":"unit_of_measure","type":"string","nullable":true,"metadata":{}},{"name":"etl_loaded_at","type":"timestamp","nullable":true,"metadata":{}}]},List(),Map(),Some(1765854984687)), logSegment=LogSegment(s3a://silver/products/_delta_log,1,WrappedArray(S3AFileStatus{path=s3a://silver/products/_delta_log/00000000000000000000.json; isDirectory=false; length=2048; replication=1; blocksize=33554432; modification_time=1765854986635; access_time=0; owner=root; group=root; permission=rw-rw-rw-; isSymlink=false; hasAcl=false; isEncrypted=true; isErasureCoded=false} isEmptyDirectory=FALSE eTag=3173ce61b93b6436ec4e1907266e713d versionId=null, S3AFileStatus{path=s3a://silver/products/_delta_log/00000000000000000001.json; isDirectory=false; length=1404; replication=1; blocksize=33554432; modification_time=1765855747665; access_time=0; owner=root; group=root; permission=rw-rw-rw-; isSymlink=false; hasAcl=false; isEncrypted=true; isErasureCoded=false} isEmptyDirectory=FALSE eTag=c73becf99cbf17f621c39aea3d517b77 versionId=null),None,1765855747665), checksumOpt=None)
[2025-12-16T03:30:10.613+0000] {subprocess.py:106} INFO - 25/12/16 03:30:10 INFO DelegatingLogStore: LogStore `LogStoreAdapter(io.delta.storage.S3SingleDriverLogStore)` is used for scheme `s3a`
[2025-12-16T03:30:10.651+0000] {subprocess.py:106} INFO - 25/12/16 03:30:10 INFO DeltaLog: Loading version 0.
[2025-12-16T03:30:10.659+0000] {subprocess.py:106} INFO - 25/12/16 03:30:10 INFO DeltaLogFileIndex: Created DeltaLogFileIndex(JSON, numFilesInSegment: 1, totalFileSize: 2272)
[2025-12-16T03:30:10.751+0000] {subprocess.py:106} INFO - 25/12/16 03:30:10 INFO FileSourceStrategy: Pushed Filters:
[2025-12-16T03:30:10.752+0000] {subprocess.py:106} INFO - 25/12/16 03:30:10 INFO FileSourceStrategy: Post-Scan Filters:
[2025-12-16T03:30:10.787+0000] {subprocess.py:106} INFO - 25/12/16 03:30:10 INFO MemoryStore: Block broadcast_2 stored as values in memory (estimated size 212.7 KiB, free 433.9 MiB)
[2025-12-16T03:30:10.809+0000] {subprocess.py:106} INFO - 25/12/16 03:30:10 INFO MemoryStore: Block broadcast_2_piece0 stored as bytes in memory (estimated size 36.3 KiB, free 433.9 MiB)
[2025-12-16T03:30:10.812+0000] {subprocess.py:106} INFO - 25/12/16 03:30:10 INFO BlockManagerInfo: Added broadcast_2_piece0 in memory on 3ad9a82189be:39783 (size: 36.3 KiB, free: 434.3 MiB)
[2025-12-16T03:30:10.814+0000] {subprocess.py:106} INFO - 25/12/16 03:30:10 INFO SparkContext: Created broadcast 2 from toString at <unknown>:0
[2025-12-16T03:30:10.817+0000] {subprocess.py:106} INFO - 25/12/16 03:30:10 INFO FileSourceScanExec: Planning scan with bin packing, max size: 4194304 bytes, open cost is considered as scanning 4194304 bytes.
[2025-12-16T03:30:10.853+0000] {subprocess.py:106} INFO - 25/12/16 03:30:10 INFO BlockManagerInfo: Removed broadcast_0_piece0 on 3ad9a82189be:39783 in memory (size: 36.3 KiB, free: 434.4 MiB)
[2025-12-16T03:30:10.860+0000] {subprocess.py:106} INFO - 25/12/16 03:30:10 INFO BlockManagerInfo: Removed broadcast_0_piece0 on 172.18.0.7:36801 in memory (size: 36.3 KiB, free: 434.4 MiB)
[2025-12-16T03:30:10.863+0000] {subprocess.py:106} INFO - 25/12/16 03:30:10 INFO SparkContext: Starting job: toString at <unknown>:0
[2025-12-16T03:30:10.865+0000] {subprocess.py:106} INFO - 25/12/16 03:30:10 INFO DAGScheduler: Got job 1 (toString at <unknown>:0) with 1 output partitions
[2025-12-16T03:30:10.866+0000] {subprocess.py:106} INFO - 25/12/16 03:30:10 INFO DAGScheduler: Final stage: ResultStage 1 (toString at <unknown>:0)
[2025-12-16T03:30:10.867+0000] {subprocess.py:106} INFO - 25/12/16 03:30:10 INFO DAGScheduler: Parents of final stage: List()
[2025-12-16T03:30:10.868+0000] {subprocess.py:106} INFO - 25/12/16 03:30:10 INFO DAGScheduler: Missing parents: List()
[2025-12-16T03:30:10.870+0000] {subprocess.py:106} INFO - 25/12/16 03:30:10 INFO DAGScheduler: Submitting ResultStage 1 (MapPartitionsRDD[7] at toString at <unknown>:0), which has no missing parents
[2025-12-16T03:30:10.874+0000] {subprocess.py:106} INFO - 25/12/16 03:30:10 INFO MemoryStore: Block broadcast_3 stored as values in memory (estimated size 50.4 KiB, free 434.1 MiB)
[2025-12-16T03:30:10.884+0000] {subprocess.py:106} INFO - 25/12/16 03:30:10 INFO MemoryStore: Block broadcast_3_piece0 stored as bytes in memory (estimated size 15.5 KiB, free 434.1 MiB)
[2025-12-16T03:30:10.885+0000] {subprocess.py:106} INFO - 25/12/16 03:30:10 INFO BlockManagerInfo: Added broadcast_3_piece0 in memory on 3ad9a82189be:39783 (size: 15.5 KiB, free: 434.3 MiB)
[2025-12-16T03:30:10.886+0000] {subprocess.py:106} INFO - 25/12/16 03:30:10 INFO SparkContext: Created broadcast 3 from broadcast at DAGScheduler.scala:1535
[2025-12-16T03:30:10.888+0000] {subprocess.py:106} INFO - 25/12/16 03:30:10 INFO DAGScheduler: Submitting 1 missing tasks from ResultStage 1 (MapPartitionsRDD[7] at toString at <unknown>:0) (first 15 tasks are for partitions Vector(0))
[2025-12-16T03:30:10.888+0000] {subprocess.py:106} INFO - 25/12/16 03:30:10 INFO TaskSchedulerImpl: Adding task set 1.0 with 1 tasks resource profile 0
[2025-12-16T03:30:10.892+0000] {subprocess.py:106} INFO - 25/12/16 03:30:10 INFO TaskSetManager: Starting task 0.0 in stage 1.0 (TID 2) (172.18.0.7, executor 0, partition 0, PROCESS_LOCAL, 7944 bytes)
[2025-12-16T03:30:10.963+0000] {subprocess.py:106} INFO - 25/12/16 03:30:10 INFO BlockManagerInfo: Added broadcast_3_piece0 in memory on 172.18.0.7:36801 (size: 15.5 KiB, free: 434.4 MiB)
[2025-12-16T03:30:11.023+0000] {subprocess.py:106} INFO - 25/12/16 03:30:11 INFO BlockManagerInfo: Added broadcast_2_piece0 in memory on 172.18.0.7:36801 (size: 36.3 KiB, free: 434.3 MiB)
[2025-12-16T03:30:11.129+0000] {subprocess.py:106} INFO - 25/12/16 03:30:11 INFO TaskSetManager: Finished task 0.0 in stage 1.0 (TID 2) in 237 ms on 172.18.0.7 (executor 0) (1/1)
[2025-12-16T03:30:11.138+0000] {subprocess.py:106} INFO - 25/12/16 03:30:11 INFO TaskSchedulerImpl: Removed TaskSet 1.0, whose tasks have all completed, from pool
[2025-12-16T03:30:11.139+0000] {subprocess.py:106} INFO - 25/12/16 03:30:11 INFO DAGScheduler: ResultStage 1 (toString at <unknown>:0) finished in 0.258 s
[2025-12-16T03:30:11.141+0000] {subprocess.py:106} INFO - 25/12/16 03:30:11 INFO DAGScheduler: Job 1 is finished. Cancelling potential speculative or zombie tasks for this job
[2025-12-16T03:30:11.142+0000] {subprocess.py:106} INFO - 25/12/16 03:30:11 INFO TaskSchedulerImpl: Killing all running tasks in stage 1: Stage finished
[2025-12-16T03:30:11.142+0000] {subprocess.py:106} INFO - 25/12/16 03:30:11 INFO DAGScheduler: Job 1 finished: toString at <unknown>:0, took 0.269397 s
[2025-12-16T03:30:11.168+0000] {subprocess.py:106} INFO - 25/12/16 03:30:11 INFO Snapshot: [tableId=64112d9b-cd14-4d9f-820c-064d39f42968] Created snapshot Snapshot(path=s3a://gold/dim_products/_delta_log, version=0, metadata=Metadata(0e262853-9824-48c4-a6ca-dea8afceb846,null,null,Format(parquet,Map()),{"type":"struct","fields":[{"name":"product_key","type":"string","nullable":true,"metadata":{}},{"name":"product_id","type":"string","nullable":true,"metadata":{}},{"name":"product_name","type":"string","nullable":true,"metadata":{}},{"name":"brand","type":"string","nullable":true,"metadata":{}},{"name":"unit_of_measure","type":"string","nullable":true,"metadata":{}},{"name":"current_list_price","type":"decimal(18,2)","nullable":true,"metadata":{}},{"name":"current_cost_price","type":"decimal(18,2)","nullable":true,"metadata":{}},{"name":"last_updated","type":"timestamp","nullable":true,"metadata":{}}]},List(),Map(),Some(1765855770519)), logSegment=LogSegment(s3a://gold/dim_products/_delta_log,0,WrappedArray(S3AFileStatus{path=s3a://gold/dim_products/_delta_log/00000000000000000000.json; isDirectory=false; length=2272; replication=1; blocksize=33554432; modification_time=1765855785930; access_time=0; owner=root; group=root; permission=rw-rw-rw-; isSymlink=false; hasAcl=false; isEncrypted=true; isErasureCoded=false} isEmptyDirectory=FALSE eTag=42b3f70e8ddc6e93e3b01caf980c78d4 versionId=null),None,1765855785930), checksumOpt=None)
[2025-12-16T03:30:11.483+0000] {subprocess.py:106} INFO - 25/12/16 03:30:11 INFO BlockManagerInfo: Removed broadcast_3_piece0 on 3ad9a82189be:39783 in memory (size: 15.5 KiB, free: 434.4 MiB)
[2025-12-16T03:30:11.489+0000] {subprocess.py:106} INFO - 25/12/16 03:30:11 INFO BlockManagerInfo: Removed broadcast_3_piece0 on 172.18.0.7:36801 in memory (size: 15.5 KiB, free: 434.4 MiB)
[2025-12-16T03:30:11.689+0000] {subprocess.py:106} INFO - 25/12/16 03:30:11 INFO PrepareDeltaScan: DELTA: Filtering files for query
[2025-12-16T03:30:11.694+0000] {subprocess.py:106} INFO - 25/12/16 03:30:11 INFO Snapshot: [tableId=ea7f9373-3abb-435f-88d8-2fe489252926] DELTA: Compute snapshot for version: 1
[2025-12-16T03:30:11.711+0000] {subprocess.py:106} INFO - 25/12/16 03:30:11 INFO MemoryStore: Block broadcast_4 stored as values in memory (estimated size 212.2 KiB, free 433.9 MiB)
[2025-12-16T03:30:11.726+0000] {subprocess.py:106} INFO - 25/12/16 03:30:11 INFO MemoryStore: Block broadcast_4_piece0 stored as bytes in memory (estimated size 36.2 KiB, free 433.9 MiB)
[2025-12-16T03:30:11.729+0000] {subprocess.py:106} INFO - 25/12/16 03:30:11 INFO BlockManagerInfo: Added broadcast_4_piece0 in memory on 3ad9a82189be:39783 (size: 36.2 KiB, free: 434.3 MiB)
[2025-12-16T03:30:11.730+0000] {subprocess.py:106} INFO - 25/12/16 03:30:11 INFO SparkContext: Created broadcast 4 from $anonfun$recordDeltaOperationInternal$1 at DatabricksLogging.scala:128
[2025-12-16T03:30:12.138+0000] {subprocess.py:106} INFO - 25/12/16 03:30:12 INFO BlockManagerInfo: Removed broadcast_2_piece0 on 3ad9a82189be:39783 in memory (size: 36.3 KiB, free: 434.4 MiB)
[2025-12-16T03:30:12.142+0000] {subprocess.py:106} INFO - 25/12/16 03:30:12 INFO BlockManagerInfo: Removed broadcast_2_piece0 on 172.18.0.7:36801 in memory (size: 36.3 KiB, free: 434.4 MiB)
[2025-12-16T03:30:12.495+0000] {subprocess.py:106} INFO - 25/12/16 03:30:12 INFO FileSourceStrategy: Pushed Filters:
[2025-12-16T03:30:12.496+0000] {subprocess.py:106} INFO - 25/12/16 03:30:12 INFO FileSourceStrategy: Post-Scan Filters:
[2025-12-16T03:30:12.566+0000] {subprocess.py:106} INFO - 25/12/16 03:30:12 WARN package: Truncated the string representation of a plan since it was too large. This behavior can be adjusted by setting 'spark.sql.debug.maxToStringFields'.
[2025-12-16T03:30:12.830+0000] {subprocess.py:106} INFO - 25/12/16 03:30:12 INFO CodeGenerator: Code generated in 157.008923 ms
[2025-12-16T03:30:12.835+0000] {subprocess.py:106} INFO - 25/12/16 03:30:12 INFO MemoryStore: Block broadcast_5 stored as values in memory (estimated size 212.7 KiB, free 433.9 MiB)
[2025-12-16T03:30:12.850+0000] {subprocess.py:106} INFO - 25/12/16 03:30:12 INFO MemoryStore: Block broadcast_5_piece0 stored as bytes in memory (estimated size 36.3 KiB, free 433.9 MiB)
[2025-12-16T03:30:12.852+0000] {subprocess.py:106} INFO - 25/12/16 03:30:12 INFO BlockManagerInfo: Added broadcast_5_piece0 in memory on 3ad9a82189be:39783 (size: 36.3 KiB, free: 434.3 MiB)
[2025-12-16T03:30:12.858+0000] {subprocess.py:106} INFO - 25/12/16 03:30:12 INFO SparkContext: Created broadcast 5 from $anonfun$recordDeltaOperationInternal$1 at DatabricksLogging.scala:128
[2025-12-16T03:30:12.858+0000] {subprocess.py:106} INFO - 25/12/16 03:30:12 INFO FileSourceScanExec: Planning scan with bin packing, max size: 4194304 bytes, open cost is considered as scanning 4194304 bytes.
[2025-12-16T03:30:12.963+0000] {subprocess.py:106} INFO - 25/12/16 03:30:12 INFO DAGScheduler: Registering RDD 11 ($anonfun$recordDeltaOperationInternal$1 at DatabricksLogging.scala:128) as input to shuffle 0
[2025-12-16T03:30:12.969+0000] {subprocess.py:106} INFO - 25/12/16 03:30:12 INFO DAGScheduler: Got map stage job 2 ($anonfun$recordDeltaOperationInternal$1 at DatabricksLogging.scala:128) with 2 output partitions
[2025-12-16T03:30:12.970+0000] {subprocess.py:106} INFO - 25/12/16 03:30:12 INFO DAGScheduler: Final stage: ShuffleMapStage 2 ($anonfun$recordDeltaOperationInternal$1 at DatabricksLogging.scala:128)
[2025-12-16T03:30:12.971+0000] {subprocess.py:106} INFO - 25/12/16 03:30:12 INFO DAGScheduler: Parents of final stage: List()
[2025-12-16T03:30:12.971+0000] {subprocess.py:106} INFO - 25/12/16 03:30:12 INFO DAGScheduler: Missing parents: List()
[2025-12-16T03:30:12.973+0000] {subprocess.py:106} INFO - 25/12/16 03:30:12 INFO DAGScheduler: Submitting ShuffleMapStage 2 (MapPartitionsRDD[11] at $anonfun$recordDeltaOperationInternal$1 at DatabricksLogging.scala:128), which has no missing parents
[2025-12-16T03:30:13.004+0000] {subprocess.py:106} INFO - 25/12/16 03:30:13 INFO MemoryStore: Block broadcast_6 stored as values in memory (estimated size 138.3 KiB, free 433.8 MiB)
[2025-12-16T03:30:13.014+0000] {subprocess.py:106} INFO - 25/12/16 03:30:13 INFO MemoryStore: Block broadcast_6_piece0 stored as bytes in memory (estimated size 39.0 KiB, free 433.7 MiB)
[2025-12-16T03:30:13.015+0000] {subprocess.py:106} INFO - 25/12/16 03:30:13 INFO BlockManagerInfo: Added broadcast_6_piece0 in memory on 3ad9a82189be:39783 (size: 39.0 KiB, free: 434.3 MiB)
[2025-12-16T03:30:13.016+0000] {subprocess.py:106} INFO - 25/12/16 03:30:13 INFO SparkContext: Created broadcast 6 from broadcast at DAGScheduler.scala:1535
[2025-12-16T03:30:13.020+0000] {subprocess.py:106} INFO - 25/12/16 03:30:13 INFO DAGScheduler: Submitting 2 missing tasks from ShuffleMapStage 2 (MapPartitionsRDD[11] at $anonfun$recordDeltaOperationInternal$1 at DatabricksLogging.scala:128) (first 15 tasks are for partitions Vector(0, 1))
[2025-12-16T03:30:13.020+0000] {subprocess.py:106} INFO - 25/12/16 03:30:13 INFO TaskSchedulerImpl: Adding task set 2.0 with 2 tasks resource profile 0
[2025-12-16T03:30:13.024+0000] {subprocess.py:106} INFO - 25/12/16 03:30:13 INFO TaskSetManager: Starting task 0.0 in stage 2.0 (TID 3) (172.18.0.7, executor 0, partition 0, PROCESS_LOCAL, 7931 bytes)
[2025-12-16T03:30:13.025+0000] {subprocess.py:106} INFO - 25/12/16 03:30:13 INFO TaskSetManager: Starting task 1.0 in stage 2.0 (TID 4) (172.18.0.7, executor 0, partition 1, PROCESS_LOCAL, 7931 bytes)
[2025-12-16T03:30:13.061+0000] {subprocess.py:106} INFO - 25/12/16 03:30:13 INFO BlockManagerInfo: Added broadcast_6_piece0 in memory on 172.18.0.7:36801 (size: 39.0 KiB, free: 434.4 MiB)
[2025-12-16T03:30:13.796+0000] {subprocess.py:106} INFO - 25/12/16 03:30:13 INFO BlockManagerInfo: Added broadcast_5_piece0 in memory on 172.18.0.7:36801 (size: 36.3 KiB, free: 434.3 MiB)
[2025-12-16T03:30:15.088+0000] {subprocess.py:106} INFO - 25/12/16 03:30:15 INFO TaskSetManager: Finished task 1.0 in stage 2.0 (TID 4) in 2062 ms on 172.18.0.7 (executor 0) (1/2)
[2025-12-16T03:30:15.091+0000] {subprocess.py:106} INFO - 25/12/16 03:30:15 INFO TaskSetManager: Finished task 0.0 in stage 2.0 (TID 3) in 2066 ms on 172.18.0.7 (executor 0) (2/2)
[2025-12-16T03:30:15.092+0000] {subprocess.py:106} INFO - 25/12/16 03:30:15 INFO TaskSchedulerImpl: Removed TaskSet 2.0, whose tasks have all completed, from pool
[2025-12-16T03:30:15.092+0000] {subprocess.py:106} INFO - 25/12/16 03:30:15 INFO DAGScheduler: ShuffleMapStage 2 ($anonfun$recordDeltaOperationInternal$1 at DatabricksLogging.scala:128) finished in 2.115 s
[2025-12-16T03:30:15.093+0000] {subprocess.py:106} INFO - 25/12/16 03:30:15 INFO DAGScheduler: looking for newly runnable stages
[2025-12-16T03:30:15.094+0000] {subprocess.py:106} INFO - 25/12/16 03:30:15 INFO DAGScheduler: running: Set()
[2025-12-16T03:30:15.095+0000] {subprocess.py:106} INFO - 25/12/16 03:30:15 INFO DAGScheduler: waiting: Set()
[2025-12-16T03:30:15.096+0000] {subprocess.py:106} INFO - 25/12/16 03:30:15 INFO DAGScheduler: failed: Set()
[2025-12-16T03:30:15.194+0000] {subprocess.py:106} INFO - 25/12/16 03:30:15 INFO BlockManagerInfo: Removed broadcast_6_piece0 on 3ad9a82189be:39783 in memory (size: 39.0 KiB, free: 434.3 MiB)
[2025-12-16T03:30:15.199+0000] {subprocess.py:106} INFO - 25/12/16 03:30:15 INFO BlockManagerInfo: Removed broadcast_6_piece0 on 172.18.0.7:36801 in memory (size: 39.0 KiB, free: 434.4 MiB)
[2025-12-16T03:30:15.643+0000] {subprocess.py:106} INFO - 25/12/16 03:30:15 INFO CodeGenerator: Generated method too long to be JIT compiled: org.apache.spark.sql.catalyst.expressions.GeneratedClass$GeneratedIteratorForCodegenStage3.serializefromobject_doConsume_0$ is 19938 bytes
[2025-12-16T03:30:15.645+0000] {subprocess.py:106} INFO - 25/12/16 03:30:15 INFO CodeGenerator: Code generated in 299.254475 ms
[2025-12-16T03:30:15.815+0000] {subprocess.py:106} INFO - 25/12/16 03:30:15 INFO CodeGenerator: Code generated in 126.172914 ms
[2025-12-16T03:30:16.520+0000] {subprocess.py:106} INFO - 25/12/16 03:30:16 INFO CodeGenerator: Code generated in 98.342822 ms
[2025-12-16T03:30:16.539+0000] {subprocess.py:106} INFO - 25/12/16 03:30:16 INFO DAGScheduler: Registering RDD 21 ($anonfun$recordDeltaOperationInternal$1 at DatabricksLogging.scala:128) as input to shuffle 1
[2025-12-16T03:30:16.540+0000] {subprocess.py:106} INFO - 25/12/16 03:30:16 INFO DAGScheduler: Got map stage job 3 ($anonfun$recordDeltaOperationInternal$1 at DatabricksLogging.scala:128) with 50 output partitions
[2025-12-16T03:30:16.541+0000] {subprocess.py:106} INFO - 25/12/16 03:30:16 INFO DAGScheduler: Final stage: ShuffleMapStage 4 ($anonfun$recordDeltaOperationInternal$1 at DatabricksLogging.scala:128)
[2025-12-16T03:30:16.541+0000] {subprocess.py:106} INFO - 25/12/16 03:30:16 INFO DAGScheduler: Parents of final stage: List(ShuffleMapStage 3)
[2025-12-16T03:30:16.545+0000] {subprocess.py:106} INFO - 25/12/16 03:30:16 INFO DAGScheduler: Missing parents: List()
[2025-12-16T03:30:16.547+0000] {subprocess.py:106} INFO - 25/12/16 03:30:16 INFO DAGScheduler: Submitting ShuffleMapStage 4 (MapPartitionsRDD[21] at $anonfun$recordDeltaOperationInternal$1 at DatabricksLogging.scala:128), which has no missing parents
[2025-12-16T03:30:16.725+0000] {subprocess.py:106} INFO - 25/12/16 03:30:16 INFO MemoryStore: Block broadcast_7 stored as values in memory (estimated size 517.2 KiB, free 433.4 MiB)
[2025-12-16T03:30:16.730+0000] {subprocess.py:106} INFO - 25/12/16 03:30:16 INFO MemoryStore: Block broadcast_7_piece0 stored as bytes in memory (estimated size 123.2 KiB, free 433.3 MiB)
[2025-12-16T03:30:16.733+0000] {subprocess.py:106} INFO - 25/12/16 03:30:16 INFO BlockManagerInfo: Added broadcast_7_piece0 in memory on 3ad9a82189be:39783 (size: 123.2 KiB, free: 434.2 MiB)
[2025-12-16T03:30:16.734+0000] {subprocess.py:106} INFO - 25/12/16 03:30:16 INFO SparkContext: Created broadcast 7 from broadcast at DAGScheduler.scala:1535
[2025-12-16T03:30:16.735+0000] {subprocess.py:106} INFO - 25/12/16 03:30:16 INFO DAGScheduler: Submitting 50 missing tasks from ShuffleMapStage 4 (MapPartitionsRDD[21] at $anonfun$recordDeltaOperationInternal$1 at DatabricksLogging.scala:128) (first 15 tasks are for partitions Vector(0, 1, 2, 3, 4, 5, 6, 7, 8, 9, 10, 11, 12, 13, 14))
[2025-12-16T03:30:16.736+0000] {subprocess.py:106} INFO - 25/12/16 03:30:16 INFO TaskSchedulerImpl: Adding task set 4.0 with 50 tasks resource profile 0
[2025-12-16T03:30:16.745+0000] {subprocess.py:106} INFO - 25/12/16 03:30:16 INFO TaskSetManager: Starting task 18.0 in stage 4.0 (TID 5) (172.18.0.7, executor 0, partition 18, NODE_LOCAL, 7356 bytes)
[2025-12-16T03:30:16.747+0000] {subprocess.py:106} INFO - 25/12/16 03:30:16 INFO TaskSetManager: Starting task 32.0 in stage 4.0 (TID 6) (172.18.0.7, executor 0, partition 32, NODE_LOCAL, 7356 bytes)
[2025-12-16T03:30:16.747+0000] {subprocess.py:106} INFO - 25/12/16 03:30:16 INFO TaskSetManager: Starting task 42.0 in stage 4.0 (TID 7) (172.18.0.7, executor 0, partition 42, NODE_LOCAL, 7356 bytes)
[2025-12-16T03:30:16.749+0000] {subprocess.py:106} INFO - 25/12/16 03:30:16 INFO TaskSetManager: Starting task 0.0 in stage 4.0 (TID 8) (172.18.0.7, executor 0, partition 0, PROCESS_LOCAL, 7356 bytes)
[2025-12-16T03:30:16.750+0000] {subprocess.py:106} INFO - 25/12/16 03:30:16 INFO TaskSetManager: Starting task 1.0 in stage 4.0 (TID 9) (172.18.0.7, executor 0, partition 1, PROCESS_LOCAL, 7356 bytes)
[2025-12-16T03:30:16.751+0000] {subprocess.py:106} INFO - 25/12/16 03:30:16 INFO TaskSetManager: Starting task 2.0 in stage 4.0 (TID 10) (172.18.0.7, executor 0, partition 2, PROCESS_LOCAL, 7356 bytes)
[2025-12-16T03:30:16.752+0000] {subprocess.py:106} INFO - 25/12/16 03:30:16 INFO TaskSetManager: Starting task 3.0 in stage 4.0 (TID 11) (172.18.0.7, executor 0, partition 3, PROCESS_LOCAL, 7356 bytes)
[2025-12-16T03:30:16.753+0000] {subprocess.py:106} INFO - 25/12/16 03:30:16 INFO TaskSetManager: Starting task 4.0 in stage 4.0 (TID 12) (172.18.0.7, executor 0, partition 4, PROCESS_LOCAL, 7356 bytes)
[2025-12-16T03:30:16.754+0000] {subprocess.py:106} INFO - 25/12/16 03:30:16 INFO TaskSetManager: Starting task 5.0 in stage 4.0 (TID 13) (172.18.0.7, executor 0, partition 5, PROCESS_LOCAL, 7356 bytes)
[2025-12-16T03:30:16.755+0000] {subprocess.py:106} INFO - 25/12/16 03:30:16 INFO TaskSetManager: Starting task 6.0 in stage 4.0 (TID 14) (172.18.0.7, executor 0, partition 6, PROCESS_LOCAL, 7356 bytes)
[2025-12-16T03:30:16.756+0000] {subprocess.py:106} INFO - 25/12/16 03:30:16 INFO TaskSetManager: Starting task 7.0 in stage 4.0 (TID 15) (172.18.0.7, executor 0, partition 7, PROCESS_LOCAL, 7356 bytes)
[2025-12-16T03:30:16.757+0000] {subprocess.py:106} INFO - 25/12/16 03:30:16 INFO TaskSetManager: Starting task 8.0 in stage 4.0 (TID 16) (172.18.0.7, executor 0, partition 8, PROCESS_LOCAL, 7356 bytes)
[2025-12-16T03:30:16.758+0000] {subprocess.py:106} INFO - 25/12/16 03:30:16 INFO TaskSetManager: Starting task 9.0 in stage 4.0 (TID 17) (172.18.0.7, executor 0, partition 9, PROCESS_LOCAL, 7356 bytes)
[2025-12-16T03:30:16.759+0000] {subprocess.py:106} INFO - 25/12/16 03:30:16 INFO TaskSetManager: Starting task 10.0 in stage 4.0 (TID 18) (172.18.0.7, executor 0, partition 10, PROCESS_LOCAL, 7356 bytes)
[2025-12-16T03:30:16.760+0000] {subprocess.py:106} INFO - 25/12/16 03:30:16 INFO TaskSetManager: Starting task 11.0 in stage 4.0 (TID 19) (172.18.0.7, executor 0, partition 11, PROCESS_LOCAL, 7356 bytes)
[2025-12-16T03:30:16.761+0000] {subprocess.py:106} INFO - 25/12/16 03:30:16 INFO TaskSetManager: Starting task 12.0 in stage 4.0 (TID 20) (172.18.0.7, executor 0, partition 12, PROCESS_LOCAL, 7356 bytes)
[2025-12-16T03:30:16.808+0000] {subprocess.py:106} INFO - 25/12/16 03:30:16 INFO BlockManagerInfo: Added broadcast_7_piece0 in memory on 172.18.0.7:36801 (size: 123.2 KiB, free: 434.2 MiB)
[2025-12-16T03:30:17.453+0000] {subprocess.py:106} INFO - 25/12/16 03:30:17 INFO MapOutputTrackerMasterEndpoint: Asked to send map output locations for shuffle 0 to 172.18.0.7:43148
[2025-12-16T03:30:18.895+0000] {subprocess.py:106} INFO - 25/12/16 03:30:18 INFO BlockManagerInfo: Added rdd_18_11 in memory on 172.18.0.7:36801 (size: 46.0 B, free: 434.2 MiB)
[2025-12-16T03:30:18.896+0000] {subprocess.py:106} INFO - 25/12/16 03:30:18 INFO BlockManagerInfo: Added rdd_18_12 in memory on 172.18.0.7:36801 (size: 46.0 B, free: 434.2 MiB)
[2025-12-16T03:30:18.897+0000] {subprocess.py:106} INFO - 25/12/16 03:30:18 INFO BlockManagerInfo: Added rdd_18_6 in memory on 172.18.0.7:36801 (size: 46.0 B, free: 434.2 MiB)
[2025-12-16T03:30:18.899+0000] {subprocess.py:106} INFO - 25/12/16 03:30:18 INFO BlockManagerInfo: Added rdd_18_0 in memory on 172.18.0.7:36801 (size: 46.0 B, free: 434.2 MiB)
[2025-12-16T03:30:18.899+0000] {subprocess.py:106} INFO - 25/12/16 03:30:18 INFO BlockManagerInfo: Added rdd_18_4 in memory on 172.18.0.7:36801 (size: 46.0 B, free: 434.2 MiB)
[2025-12-16T03:30:18.900+0000] {subprocess.py:106} INFO - 25/12/16 03:30:18 INFO BlockManagerInfo: Added rdd_18_1 in memory on 172.18.0.7:36801 (size: 46.0 B, free: 434.2 MiB)
[2025-12-16T03:30:18.901+0000] {subprocess.py:106} INFO - 25/12/16 03:30:18 INFO BlockManagerInfo: Added rdd_18_10 in memory on 172.18.0.7:36801 (size: 46.0 B, free: 434.2 MiB)
[2025-12-16T03:30:18.903+0000] {subprocess.py:106} INFO - 25/12/16 03:30:18 INFO BlockManagerInfo: Added rdd_18_9 in memory on 172.18.0.7:36801 (size: 46.0 B, free: 434.2 MiB)
[2025-12-16T03:30:18.904+0000] {subprocess.py:106} INFO - 25/12/16 03:30:18 INFO BlockManagerInfo: Added rdd_18_8 in memory on 172.18.0.7:36801 (size: 46.0 B, free: 434.2 MiB)
[2025-12-16T03:30:18.907+0000] {subprocess.py:106} INFO - 25/12/16 03:30:18 INFO BlockManagerInfo: Added rdd_18_7 in memory on 172.18.0.7:36801 (size: 46.0 B, free: 434.2 MiB)
[2025-12-16T03:30:18.909+0000] {subprocess.py:106} INFO - 25/12/16 03:30:18 INFO BlockManagerInfo: Added rdd_18_5 in memory on 172.18.0.7:36801 (size: 46.0 B, free: 434.2 MiB)
[2025-12-16T03:30:18.910+0000] {subprocess.py:106} INFO - 25/12/16 03:30:18 INFO BlockManagerInfo: Added rdd_18_18 in memory on 172.18.0.7:36801 (size: 300.0 B, free: 434.2 MiB)
[2025-12-16T03:30:18.914+0000] {subprocess.py:106} INFO - 25/12/16 03:30:18 INFO BlockManagerInfo: Added rdd_18_3 in memory on 172.18.0.7:36801 (size: 46.0 B, free: 434.2 MiB)
[2025-12-16T03:30:18.919+0000] {subprocess.py:106} INFO - 25/12/16 03:30:18 INFO BlockManagerInfo: Added rdd_18_2 in memory on 172.18.0.7:36801 (size: 46.0 B, free: 434.2 MiB)
[2025-12-16T03:30:18.921+0000] {subprocess.py:106} INFO - 25/12/16 03:30:18 INFO BlockManagerInfo: Added rdd_18_32 in memory on 172.18.0.7:36801 (size: 648.0 B, free: 434.2 MiB)
[2025-12-16T03:30:18.974+0000] {subprocess.py:106} INFO - 25/12/16 03:30:18 INFO BlockManagerInfo: Added rdd_18_42 in memory on 172.18.0.7:36801 (size: 553.0 B, free: 434.2 MiB)
[2025-12-16T03:30:19.807+0000] {subprocess.py:106} INFO - 25/12/16 03:30:19 INFO TaskSetManager: Starting task 13.0 in stage 4.0 (TID 21) (172.18.0.7, executor 0, partition 13, PROCESS_LOCAL, 7356 bytes)
[2025-12-16T03:30:19.811+0000] {subprocess.py:106} INFO - 25/12/16 03:30:19 INFO TaskSetManager: Finished task 42.0 in stage 4.0 (TID 7) in 3057 ms on 172.18.0.7 (executor 0) (1/50)
[2025-12-16T03:30:19.812+0000] {subprocess.py:106} INFO - 25/12/16 03:30:19 INFO TaskSetManager: Starting task 14.0 in stage 4.0 (TID 22) (172.18.0.7, executor 0, partition 14, PROCESS_LOCAL, 7356 bytes)
[2025-12-16T03:30:19.813+0000] {subprocess.py:106} INFO - 25/12/16 03:30:19 INFO TaskSetManager: Finished task 4.0 in stage 4.0 (TID 12) in 3055 ms on 172.18.0.7 (executor 0) (2/50)
[2025-12-16T03:30:19.814+0000] {subprocess.py:106} INFO - 25/12/16 03:30:19 INFO TaskSetManager: Starting task 15.0 in stage 4.0 (TID 23) (172.18.0.7, executor 0, partition 15, PROCESS_LOCAL, 7356 bytes)
[2025-12-16T03:30:19.816+0000] {subprocess.py:106} INFO - 25/12/16 03:30:19 INFO TaskSetManager: Finished task 0.0 in stage 4.0 (TID 8) in 3063 ms on 172.18.0.7 (executor 0) (3/50)
[2025-12-16T03:30:19.818+0000] {subprocess.py:106} INFO - 25/12/16 03:30:19 INFO TaskSetManager: Starting task 16.0 in stage 4.0 (TID 24) (172.18.0.7, executor 0, partition 16, PROCESS_LOCAL, 7356 bytes)
[2025-12-16T03:30:19.819+0000] {subprocess.py:106} INFO - 25/12/16 03:30:19 INFO TaskSetManager: Finished task 2.0 in stage 4.0 (TID 10) in 3065 ms on 172.18.0.7 (executor 0) (4/50)
[2025-12-16T03:30:19.820+0000] {subprocess.py:106} INFO - 25/12/16 03:30:19 INFO TaskSetManager: Starting task 17.0 in stage 4.0 (TID 25) (172.18.0.7, executor 0, partition 17, PROCESS_LOCAL, 7356 bytes)
[2025-12-16T03:30:19.821+0000] {subprocess.py:106} INFO - 25/12/16 03:30:19 INFO TaskSetManager: Finished task 7.0 in stage 4.0 (TID 15) in 3064 ms on 172.18.0.7 (executor 0) (5/50)
[2025-12-16T03:30:19.822+0000] {subprocess.py:106} INFO - 25/12/16 03:30:19 INFO TaskSetManager: Starting task 19.0 in stage 4.0 (TID 26) (172.18.0.7, executor 0, partition 19, PROCESS_LOCAL, 7356 bytes)
[2025-12-16T03:30:19.823+0000] {subprocess.py:106} INFO - 25/12/16 03:30:19 INFO TaskSetManager: Finished task 12.0 in stage 4.0 (TID 20) in 3063 ms on 172.18.0.7 (executor 0) (6/50)
[2025-12-16T03:30:19.824+0000] {subprocess.py:106} INFO - 25/12/16 03:30:19 INFO TaskSetManager: Starting task 20.0 in stage 4.0 (TID 27) (172.18.0.7, executor 0, partition 20, PROCESS_LOCAL, 7356 bytes)
[2025-12-16T03:30:19.825+0000] {subprocess.py:106} INFO - 25/12/16 03:30:19 INFO TaskSetManager: Finished task 10.0 in stage 4.0 (TID 18) in 3069 ms on 172.18.0.7 (executor 0) (7/50)
[2025-12-16T03:30:19.828+0000] {subprocess.py:106} INFO - 25/12/16 03:30:19 INFO TaskSetManager: Starting task 21.0 in stage 4.0 (TID 28) (172.18.0.7, executor 0, partition 21, PROCESS_LOCAL, 7356 bytes)
[2025-12-16T03:30:19.829+0000] {subprocess.py:106} INFO - 25/12/16 03:30:19 INFO TaskSetManager: Finished task 11.0 in stage 4.0 (TID 19) in 3070 ms on 172.18.0.7 (executor 0) (8/50)
[2025-12-16T03:30:19.830+0000] {subprocess.py:106} INFO - 25/12/16 03:30:19 INFO TaskSetManager: Starting task 22.0 in stage 4.0 (TID 29) (172.18.0.7, executor 0, partition 22, PROCESS_LOCAL, 7356 bytes)
[2025-12-16T03:30:19.832+0000] {subprocess.py:106} INFO - 25/12/16 03:30:19 INFO TaskSetManager: Finished task 5.0 in stage 4.0 (TID 13) in 3077 ms on 172.18.0.7 (executor 0) (9/50)
[2025-12-16T03:30:19.833+0000] {subprocess.py:106} INFO - 25/12/16 03:30:19 INFO TaskSetManager: Starting task 23.0 in stage 4.0 (TID 30) (172.18.0.7, executor 0, partition 23, PROCESS_LOCAL, 7356 bytes)
[2025-12-16T03:30:19.834+0000] {subprocess.py:106} INFO - 25/12/16 03:30:19 INFO TaskSetManager: Starting task 24.0 in stage 4.0 (TID 31) (172.18.0.7, executor 0, partition 24, PROCESS_LOCAL, 7356 bytes)
[2025-12-16T03:30:19.837+0000] {subprocess.py:106} INFO - 25/12/16 03:30:19 INFO TaskSetManager: Finished task 18.0 in stage 4.0 (TID 5) in 3092 ms on 172.18.0.7 (executor 0) (10/50)
[2025-12-16T03:30:19.838+0000] {subprocess.py:106} INFO - 25/12/16 03:30:19 INFO TaskSetManager: Starting task 25.0 in stage 4.0 (TID 32) (172.18.0.7, executor 0, partition 25, PROCESS_LOCAL, 7356 bytes)
[2025-12-16T03:30:19.841+0000] {subprocess.py:106} INFO - 25/12/16 03:30:19 INFO TaskSetManager: Finished task 8.0 in stage 4.0 (TID 16) in 3081 ms on 172.18.0.7 (executor 0) (11/50)
[2025-12-16T03:30:19.842+0000] {subprocess.py:106} INFO - 25/12/16 03:30:19 INFO TaskSetManager: Starting task 26.0 in stage 4.0 (TID 33) (172.18.0.7, executor 0, partition 26, PROCESS_LOCAL, 7356 bytes)
[2025-12-16T03:30:19.844+0000] {subprocess.py:106} INFO - 25/12/16 03:30:19 INFO TaskSetManager: Finished task 32.0 in stage 4.0 (TID 6) in 3094 ms on 172.18.0.7 (executor 0) (12/50)
[2025-12-16T03:30:19.845+0000] {subprocess.py:106} INFO - 25/12/16 03:30:19 INFO TaskSetManager: Starting task 27.0 in stage 4.0 (TID 34) (172.18.0.7, executor 0, partition 27, PROCESS_LOCAL, 7356 bytes)
[2025-12-16T03:30:19.847+0000] {subprocess.py:106} INFO - 25/12/16 03:30:19 INFO TaskSetManager: Starting task 28.0 in stage 4.0 (TID 35) (172.18.0.7, executor 0, partition 28, PROCESS_LOCAL, 7356 bytes)
[2025-12-16T03:30:19.849+0000] {subprocess.py:106} INFO - 25/12/16 03:30:19 INFO TaskSetManager: Finished task 9.0 in stage 4.0 (TID 17) in 3091 ms on 172.18.0.7 (executor 0) (13/50)
[2025-12-16T03:30:19.850+0000] {subprocess.py:106} INFO - 25/12/16 03:30:19 INFO TaskSetManager: Finished task 1.0 in stage 4.0 (TID 9) in 3098 ms on 172.18.0.7 (executor 0) (14/50)
[2025-12-16T03:30:19.851+0000] {subprocess.py:106} INFO - 25/12/16 03:30:19 INFO TaskSetManager: Finished task 3.0 in stage 4.0 (TID 11) in 3097 ms on 172.18.0.7 (executor 0) (15/50)
[2025-12-16T03:30:19.852+0000] {subprocess.py:106} INFO - 25/12/16 03:30:19 INFO TaskSetManager: Starting task 29.0 in stage 4.0 (TID 36) (172.18.0.7, executor 0, partition 29, PROCESS_LOCAL, 7356 bytes)
[2025-12-16T03:30:19.852+0000] {subprocess.py:106} INFO - 25/12/16 03:30:19 INFO TaskSetManager: Finished task 6.0 in stage 4.0 (TID 14) in 3097 ms on 172.18.0.7 (executor 0) (16/50)
[2025-12-16T03:30:20.057+0000] {subprocess.py:106} INFO - 25/12/16 03:30:20 INFO BlockManagerInfo: Added rdd_18_19 in memory on 172.18.0.7:36801 (size: 46.0 B, free: 434.2 MiB)
[2025-12-16T03:30:20.059+0000] {subprocess.py:106} INFO - 25/12/16 03:30:20 INFO BlockManagerInfo: Added rdd_18_17 in memory on 172.18.0.7:36801 (size: 46.0 B, free: 434.2 MiB)
[2025-12-16T03:30:20.063+0000] {subprocess.py:106} INFO - 25/12/16 03:30:20 INFO BlockManagerInfo: Added rdd_18_16 in memory on 172.18.0.7:36801 (size: 46.0 B, free: 434.2 MiB)
[2025-12-16T03:30:20.067+0000] {subprocess.py:106} INFO - 25/12/16 03:30:20 INFO BlockManagerInfo: Added rdd_18_28 in memory on 172.18.0.7:36801 (size: 46.0 B, free: 434.2 MiB)
[2025-12-16T03:30:20.074+0000] {subprocess.py:106} INFO - 25/12/16 03:30:20 INFO BlockManagerInfo: Added rdd_18_29 in memory on 172.18.0.7:36801 (size: 46.0 B, free: 434.2 MiB)
[2025-12-16T03:30:20.079+0000] {subprocess.py:106} INFO - 25/12/16 03:30:20 INFO BlockManagerInfo: Added rdd_18_25 in memory on 172.18.0.7:36801 (size: 46.0 B, free: 434.2 MiB)
[2025-12-16T03:30:20.081+0000] {subprocess.py:106} INFO - 25/12/16 03:30:20 INFO BlockManagerInfo: Added rdd_18_22 in memory on 172.18.0.7:36801 (size: 46.0 B, free: 434.2 MiB)
[2025-12-16T03:30:20.102+0000] {subprocess.py:106} INFO - 25/12/16 03:30:20 INFO BlockManagerInfo: Added rdd_18_20 in memory on 172.18.0.7:36801 (size: 46.0 B, free: 434.2 MiB)
[2025-12-16T03:30:20.103+0000] {subprocess.py:106} INFO - 25/12/16 03:30:20 INFO BlockManagerInfo: Added rdd_18_26 in memory on 172.18.0.7:36801 (size: 46.0 B, free: 434.2 MiB)
[2025-12-16T03:30:20.106+0000] {subprocess.py:106} INFO - 25/12/16 03:30:20 INFO BlockManagerInfo: Added rdd_18_27 in memory on 172.18.0.7:36801 (size: 46.0 B, free: 434.2 MiB)
[2025-12-16T03:30:20.109+0000] {subprocess.py:106} INFO - 25/12/16 03:30:20 INFO BlockManagerInfo: Added rdd_18_13 in memory on 172.18.0.7:36801 (size: 46.0 B, free: 434.2 MiB)
[2025-12-16T03:30:20.115+0000] {subprocess.py:106} INFO - 25/12/16 03:30:20 INFO BlockManagerInfo: Added rdd_18_21 in memory on 172.18.0.7:36801 (size: 46.0 B, free: 434.2 MiB)
[2025-12-16T03:30:20.117+0000] {subprocess.py:106} INFO - 25/12/16 03:30:20 INFO BlockManagerInfo: Added rdd_18_23 in memory on 172.18.0.7:36801 (size: 46.0 B, free: 434.2 MiB)
[2025-12-16T03:30:20.119+0000] {subprocess.py:106} INFO - 25/12/16 03:30:20 INFO BlockManagerInfo: Added rdd_18_14 in memory on 172.18.0.7:36801 (size: 46.0 B, free: 434.2 MiB)
[2025-12-16T03:30:20.121+0000] {subprocess.py:106} INFO - 25/12/16 03:30:20 INFO BlockManagerInfo: Added rdd_18_24 in memory on 172.18.0.7:36801 (size: 46.0 B, free: 434.2 MiB)
[2025-12-16T03:30:20.126+0000] {subprocess.py:106} INFO - 25/12/16 03:30:20 INFO BlockManagerInfo: Added rdd_18_15 in memory on 172.18.0.7:36801 (size: 46.0 B, free: 434.2 MiB)
[2025-12-16T03:30:20.137+0000] {subprocess.py:106} INFO - 25/12/16 03:30:20 INFO TaskSetManager: Starting task 30.0 in stage 4.0 (TID 37) (172.18.0.7, executor 0, partition 30, PROCESS_LOCAL, 7356 bytes)
[2025-12-16T03:30:20.139+0000] {subprocess.py:106} INFO - 25/12/16 03:30:20 INFO TaskSetManager: Finished task 28.0 in stage 4.0 (TID 35) in 291 ms on 172.18.0.7 (executor 0) (17/50)
[2025-12-16T03:30:20.141+0000] {subprocess.py:106} INFO - 25/12/16 03:30:20 INFO TaskSetManager: Starting task 31.0 in stage 4.0 (TID 38) (172.18.0.7, executor 0, partition 31, PROCESS_LOCAL, 7356 bytes)
[2025-12-16T03:30:20.144+0000] {subprocess.py:106} INFO - 25/12/16 03:30:20 INFO TaskSetManager: Starting task 33.0 in stage 4.0 (TID 39) (172.18.0.7, executor 0, partition 33, PROCESS_LOCAL, 7356 bytes)
[2025-12-16T03:30:20.146+0000] {subprocess.py:106} INFO - 25/12/16 03:30:20 INFO TaskSetManager: Finished task 29.0 in stage 4.0 (TID 36) in 295 ms on 172.18.0.7 (executor 0) (18/50)
[2025-12-16T03:30:20.147+0000] {subprocess.py:106} INFO - 25/12/16 03:30:20 INFO TaskSetManager: Finished task 19.0 in stage 4.0 (TID 26) in 327 ms on 172.18.0.7 (executor 0) (19/50)
[2025-12-16T03:30:20.152+0000] {subprocess.py:106} INFO - 25/12/16 03:30:20 INFO TaskSetManager: Starting task 34.0 in stage 4.0 (TID 40) (172.18.0.7, executor 0, partition 34, PROCESS_LOCAL, 7356 bytes)
[2025-12-16T03:30:20.160+0000] {subprocess.py:106} INFO - 25/12/16 03:30:20 INFO TaskSetManager: Starting task 35.0 in stage 4.0 (TID 41) (172.18.0.7, executor 0, partition 35, PROCESS_LOCAL, 7356 bytes)
[2025-12-16T03:30:20.164+0000] {subprocess.py:106} INFO - 25/12/16 03:30:20 INFO TaskSetManager: Finished task 17.0 in stage 4.0 (TID 25) in 336 ms on 172.18.0.7 (executor 0) (20/50)
[2025-12-16T03:30:20.165+0000] {subprocess.py:106} INFO - 25/12/16 03:30:20 INFO TaskSetManager: Finished task 16.0 in stage 4.0 (TID 24) in 342 ms on 172.18.0.7 (executor 0) (21/50)
[2025-12-16T03:30:20.179+0000] {subprocess.py:106} INFO - 25/12/16 03:30:20 INFO TaskSetManager: Starting task 36.0 in stage 4.0 (TID 42) (172.18.0.7, executor 0, partition 36, PROCESS_LOCAL, 7356 bytes)
[2025-12-16T03:30:20.191+0000] {subprocess.py:106} INFO - 25/12/16 03:30:20 INFO TaskSetManager: Starting task 37.0 in stage 4.0 (TID 43) (172.18.0.7, executor 0, partition 37, PROCESS_LOCAL, 7356 bytes)
[2025-12-16T03:30:20.195+0000] {subprocess.py:106} INFO - 25/12/16 03:30:20 INFO TaskSetManager: Finished task 22.0 in stage 4.0 (TID 29) in 362 ms on 172.18.0.7 (executor 0) (22/50)
[2025-12-16T03:30:20.199+0000] {subprocess.py:106} INFO - 25/12/16 03:30:20 INFO TaskSetManager: Finished task 25.0 in stage 4.0 (TID 32) in 361 ms on 172.18.0.7 (executor 0) (23/50)
[2025-12-16T03:30:20.203+0000] {subprocess.py:106} INFO - 25/12/16 03:30:20 INFO TaskSetManager: Starting task 38.0 in stage 4.0 (TID 44) (172.18.0.7, executor 0, partition 38, PROCESS_LOCAL, 7356 bytes)
[2025-12-16T03:30:20.211+0000] {subprocess.py:106} INFO - 25/12/16 03:30:20 INFO TaskSetManager: Finished task 20.0 in stage 4.0 (TID 27) in 381 ms on 172.18.0.7 (executor 0) (24/50)
[2025-12-16T03:30:20.217+0000] {subprocess.py:106} INFO - 25/12/16 03:30:20 INFO TaskSetManager: Starting task 39.0 in stage 4.0 (TID 45) (172.18.0.7, executor 0, partition 39, PROCESS_LOCAL, 7356 bytes)
[2025-12-16T03:30:20.227+0000] {subprocess.py:106} INFO - 25/12/16 03:30:20 INFO TaskSetManager: Finished task 13.0 in stage 4.0 (TID 21) in 414 ms on 172.18.0.7 (executor 0) (25/50)
[2025-12-16T03:30:20.228+0000] {subprocess.py:106} INFO - 25/12/16 03:30:20 INFO TaskSetManager: Starting task 40.0 in stage 4.0 (TID 46) (172.18.0.7, executor 0, partition 40, PROCESS_LOCAL, 7356 bytes)
[2025-12-16T03:30:20.235+0000] {subprocess.py:106} INFO - 25/12/16 03:30:20 INFO TaskSetManager: Finished task 23.0 in stage 4.0 (TID 30) in 390 ms on 172.18.0.7 (executor 0) (26/50)
[2025-12-16T03:30:20.243+0000] {subprocess.py:106} INFO - 25/12/16 03:30:20 INFO TaskSetManager: Starting task 41.0 in stage 4.0 (TID 47) (172.18.0.7, executor 0, partition 41, PROCESS_LOCAL, 7356 bytes)
[2025-12-16T03:30:20.244+0000] {subprocess.py:106} INFO - 25/12/16 03:30:20 INFO TaskSetManager: Starting task 43.0 in stage 4.0 (TID 48) (172.18.0.7, executor 0, partition 43, PROCESS_LOCAL, 7356 bytes)
[2025-12-16T03:30:20.245+0000] {subprocess.py:106} INFO - 25/12/16 03:30:20 INFO TaskSetManager: Starting task 44.0 in stage 4.0 (TID 49) (172.18.0.7, executor 0, partition 44, PROCESS_LOCAL, 7356 bytes)
[2025-12-16T03:30:20.247+0000] {subprocess.py:106} INFO - 25/12/16 03:30:20 INFO TaskSetManager: Finished task 26.0 in stage 4.0 (TID 33) in 395 ms on 172.18.0.7 (executor 0) (27/50)
[2025-12-16T03:30:20.248+0000] {subprocess.py:106} INFO - 25/12/16 03:30:20 INFO TaskSetManager: Finished task 27.0 in stage 4.0 (TID 34) in 392 ms on 172.18.0.7 (executor 0) (28/50)
[2025-12-16T03:30:20.249+0000] {subprocess.py:106} INFO - 25/12/16 03:30:20 INFO TaskSetManager: Finished task 15.0 in stage 4.0 (TID 23) in 424 ms on 172.18.0.7 (executor 0) (29/50)
[2025-12-16T03:30:20.251+0000] {subprocess.py:106} INFO - 25/12/16 03:30:20 INFO TaskSetManager: Starting task 45.0 in stage 4.0 (TID 50) (172.18.0.7, executor 0, partition 45, PROCESS_LOCAL, 7356 bytes)
[2025-12-16T03:30:20.252+0000] {subprocess.py:106} INFO - 25/12/16 03:30:20 INFO TaskSetManager: Starting task 46.0 in stage 4.0 (TID 51) (172.18.0.7, executor 0, partition 46, PROCESS_LOCAL, 7356 bytes)
[2025-12-16T03:30:20.253+0000] {subprocess.py:106} INFO - 25/12/16 03:30:20 INFO TaskSetManager: Starting task 47.0 in stage 4.0 (TID 52) (172.18.0.7, executor 0, partition 47, PROCESS_LOCAL, 7356 bytes)
[2025-12-16T03:30:20.254+0000] {subprocess.py:106} INFO - 25/12/16 03:30:20 INFO TaskSetManager: Finished task 21.0 in stage 4.0 (TID 28) in 421 ms on 172.18.0.7 (executor 0) (30/50)
[2025-12-16T03:30:20.257+0000] {subprocess.py:106} INFO - 25/12/16 03:30:20 INFO TaskSetManager: Finished task 24.0 in stage 4.0 (TID 31) in 416 ms on 172.18.0.7 (executor 0) (31/50)
[2025-12-16T03:30:20.260+0000] {subprocess.py:106} INFO - 25/12/16 03:30:20 INFO TaskSetManager: Finished task 14.0 in stage 4.0 (TID 22) in 443 ms on 172.18.0.7 (executor 0) (32/50)
[2025-12-16T03:30:20.305+0000] {subprocess.py:106} INFO - 25/12/16 03:30:20 INFO BlockManagerInfo: Added rdd_18_31 in memory on 172.18.0.7:36801 (size: 46.0 B, free: 434.2 MiB)
[2025-12-16T03:30:20.307+0000] {subprocess.py:106} INFO - 25/12/16 03:30:20 INFO BlockManagerInfo: Added rdd_18_34 in memory on 172.18.0.7:36801 (size: 46.0 B, free: 434.2 MiB)
[2025-12-16T03:30:20.312+0000] {subprocess.py:106} INFO - 25/12/16 03:30:20 INFO BlockManagerInfo: Added rdd_18_30 in memory on 172.18.0.7:36801 (size: 46.0 B, free: 434.2 MiB)
[2025-12-16T03:30:20.327+0000] {subprocess.py:106} INFO - 25/12/16 03:30:20 INFO BlockManagerInfo: Added rdd_18_33 in memory on 172.18.0.7:36801 (size: 46.0 B, free: 434.2 MiB)
[2025-12-16T03:30:20.371+0000] {subprocess.py:106} INFO - 25/12/16 03:30:20 INFO BlockManagerInfo: Added rdd_18_35 in memory on 172.18.0.7:36801 (size: 46.0 B, free: 434.2 MiB)
[2025-12-16T03:30:20.375+0000] {subprocess.py:106} INFO - 25/12/16 03:30:20 INFO BlockManagerInfo: Added rdd_18_37 in memory on 172.18.0.7:36801 (size: 46.0 B, free: 434.2 MiB)
[2025-12-16T03:30:20.377+0000] {subprocess.py:106} INFO - 25/12/16 03:30:20 INFO BlockManagerInfo: Added rdd_18_40 in memory on 172.18.0.7:36801 (size: 46.0 B, free: 434.2 MiB)
[2025-12-16T03:30:20.403+0000] {subprocess.py:106} INFO - 25/12/16 03:30:20 INFO BlockManagerInfo: Added rdd_18_44 in memory on 172.18.0.7:36801 (size: 46.0 B, free: 434.2 MiB)
[2025-12-16T03:30:20.416+0000] {subprocess.py:106} INFO - 25/12/16 03:30:20 INFO BlockManagerInfo: Added rdd_18_36 in memory on 172.18.0.7:36801 (size: 46.0 B, free: 434.2 MiB)
[2025-12-16T03:30:20.418+0000] {subprocess.py:106} INFO - 25/12/16 03:30:20 INFO BlockManagerInfo: Added rdd_18_38 in memory on 172.18.0.7:36801 (size: 46.0 B, free: 434.2 MiB)
[2025-12-16T03:30:20.422+0000] {subprocess.py:106} INFO - 25/12/16 03:30:20 INFO BlockManagerInfo: Added rdd_18_41 in memory on 172.18.0.7:36801 (size: 46.0 B, free: 434.2 MiB)
[2025-12-16T03:30:20.424+0000] {subprocess.py:106} INFO - 25/12/16 03:30:20 INFO BlockManagerInfo: Added rdd_18_39 in memory on 172.18.0.7:36801 (size: 46.0 B, free: 434.2 MiB)
[2025-12-16T03:30:20.439+0000] {subprocess.py:106} INFO - 25/12/16 03:30:20 INFO TaskSetManager: Starting task 48.0 in stage 4.0 (TID 53) (172.18.0.7, executor 0, partition 48, PROCESS_LOCAL, 7356 bytes)
[2025-12-16T03:30:20.440+0000] {subprocess.py:106} INFO - 25/12/16 03:30:20 INFO TaskSetManager: Finished task 34.0 in stage 4.0 (TID 40) in 287 ms on 172.18.0.7 (executor 0) (33/50)
[2025-12-16T03:30:20.441+0000] {subprocess.py:106} INFO - 25/12/16 03:30:20 INFO TaskSetManager: Starting task 49.0 in stage 4.0 (TID 54) (172.18.0.7, executor 0, partition 49, PROCESS_LOCAL, 7356 bytes)
[2025-12-16T03:30:20.447+0000] {subprocess.py:106} INFO - 25/12/16 03:30:20 INFO TaskSetManager: Finished task 30.0 in stage 4.0 (TID 37) in 307 ms on 172.18.0.7 (executor 0) (34/50)
[2025-12-16T03:30:20.469+0000] {subprocess.py:106} INFO - 25/12/16 03:30:20 INFO TaskSetManager: Finished task 37.0 in stage 4.0 (TID 43) in 279 ms on 172.18.0.7 (executor 0) (35/50)
[2025-12-16T03:30:20.470+0000] {subprocess.py:106} INFO - 25/12/16 03:30:20 INFO TaskSetManager: Finished task 33.0 in stage 4.0 (TID 39) in 324 ms on 172.18.0.7 (executor 0) (36/50)
[2025-12-16T03:30:20.471+0000] {subprocess.py:106} INFO - 25/12/16 03:30:20 INFO BlockManagerInfo: Added rdd_18_47 in memory on 172.18.0.7:36801 (size: 46.0 B, free: 434.2 MiB)
[2025-12-16T03:30:20.472+0000] {subprocess.py:106} INFO - 25/12/16 03:30:20 INFO BlockManagerInfo: Added rdd_18_45 in memory on 172.18.0.7:36801 (size: 46.0 B, free: 434.2 MiB)
[2025-12-16T03:30:20.479+0000] {subprocess.py:106} INFO - 25/12/16 03:30:20 INFO TaskSetManager: Finished task 35.0 in stage 4.0 (TID 41) in 325 ms on 172.18.0.7 (executor 0) (37/50)
[2025-12-16T03:30:20.482+0000] {subprocess.py:106} INFO - 25/12/16 03:30:20 INFO TaskSetManager: Finished task 40.0 in stage 4.0 (TID 46) in 258 ms on 172.18.0.7 (executor 0) (38/50)
[2025-12-16T03:30:20.484+0000] {subprocess.py:106} INFO - 25/12/16 03:30:20 INFO TaskSetManager: Finished task 31.0 in stage 4.0 (TID 38) in 341 ms on 172.18.0.7 (executor 0) (39/50)
[2025-12-16T03:30:20.488+0000] {subprocess.py:106} INFO - 25/12/16 03:30:20 INFO TaskSetManager: Finished task 44.0 in stage 4.0 (TID 49) in 251 ms on 172.18.0.7 (executor 0) (40/50)
[2025-12-16T03:30:20.489+0000] {subprocess.py:106} INFO - 25/12/16 03:30:20 INFO BlockManagerInfo: Added rdd_18_43 in memory on 172.18.0.7:36801 (size: 46.0 B, free: 434.2 MiB)
[2025-12-16T03:30:20.490+0000] {subprocess.py:106} INFO - 25/12/16 03:30:20 INFO TaskSetManager: Finished task 36.0 in stage 4.0 (TID 42) in 313 ms on 172.18.0.7 (executor 0) (41/50)
[2025-12-16T03:30:20.495+0000] {subprocess.py:106} INFO - 25/12/16 03:30:20 INFO TaskSetManager: Finished task 38.0 in stage 4.0 (TID 44) in 291 ms on 172.18.0.7 (executor 0) (42/50)
[2025-12-16T03:30:20.496+0000] {subprocess.py:106} INFO - 25/12/16 03:30:20 INFO TaskSetManager: Finished task 39.0 in stage 4.0 (TID 45) in 277 ms on 172.18.0.7 (executor 0) (43/50)
[2025-12-16T03:30:20.506+0000] {subprocess.py:106} INFO - 25/12/16 03:30:20 INFO TaskSetManager: Finished task 41.0 in stage 4.0 (TID 47) in 277 ms on 172.18.0.7 (executor 0) (44/50)
[2025-12-16T03:30:20.508+0000] {subprocess.py:106} INFO - 25/12/16 03:30:20 INFO BlockManagerInfo: Added rdd_18_46 in memory on 172.18.0.7:36801 (size: 46.0 B, free: 434.2 MiB)
[2025-12-16T03:30:20.532+0000] {subprocess.py:106} INFO - 25/12/16 03:30:20 INFO TaskSetManager: Finished task 45.0 in stage 4.0 (TID 50) in 292 ms on 172.18.0.7 (executor 0) (45/50)
[2025-12-16T03:30:20.537+0000] {subprocess.py:106} INFO - 25/12/16 03:30:20 INFO TaskSetManager: Finished task 47.0 in stage 4.0 (TID 52) in 293 ms on 172.18.0.7 (executor 0) (46/50)
[2025-12-16T03:30:20.538+0000] {subprocess.py:106} INFO - 25/12/16 03:30:20 INFO TaskSetManager: Finished task 43.0 in stage 4.0 (TID 48) in 311 ms on 172.18.0.7 (executor 0) (47/50)
[2025-12-16T03:30:20.546+0000] {subprocess.py:106} INFO - 25/12/16 03:30:20 INFO BlockManagerInfo: Added rdd_18_48 in memory on 172.18.0.7:36801 (size: 46.0 B, free: 434.2 MiB)
[2025-12-16T03:30:20.551+0000] {subprocess.py:106} INFO - 25/12/16 03:30:20 INFO TaskSetManager: Finished task 46.0 in stage 4.0 (TID 51) in 310 ms on 172.18.0.7 (executor 0) (48/50)
[2025-12-16T03:30:20.552+0000] {subprocess.py:106} INFO - 25/12/16 03:30:20 INFO BlockManagerInfo: Added rdd_18_49 in memory on 172.18.0.7:36801 (size: 46.0 B, free: 434.2 MiB)
[2025-12-16T03:30:20.578+0000] {subprocess.py:106} INFO - 25/12/16 03:30:20 INFO TaskSetManager: Finished task 48.0 in stage 4.0 (TID 53) in 144 ms on 172.18.0.7 (executor 0) (49/50)
[2025-12-16T03:30:20.579+0000] {subprocess.py:106} INFO - 25/12/16 03:30:20 INFO TaskSetManager: Finished task 49.0 in stage 4.0 (TID 54) in 141 ms on 172.18.0.7 (executor 0) (50/50)
[2025-12-16T03:30:20.580+0000] {subprocess.py:106} INFO - 25/12/16 03:30:20 INFO TaskSchedulerImpl: Removed TaskSet 4.0, whose tasks have all completed, from pool
[2025-12-16T03:30:20.580+0000] {subprocess.py:106} INFO - 25/12/16 03:30:20 INFO DAGScheduler: ShuffleMapStage 4 ($anonfun$recordDeltaOperationInternal$1 at DatabricksLogging.scala:128) finished in 4.017 s
[2025-12-16T03:30:20.581+0000] {subprocess.py:106} INFO - 25/12/16 03:30:20 INFO DAGScheduler: looking for newly runnable stages
[2025-12-16T03:30:20.582+0000] {subprocess.py:106} INFO - 25/12/16 03:30:20 INFO DAGScheduler: running: Set()
[2025-12-16T03:30:20.583+0000] {subprocess.py:106} INFO - 25/12/16 03:30:20 INFO DAGScheduler: waiting: Set()
[2025-12-16T03:30:20.583+0000] {subprocess.py:106} INFO - 25/12/16 03:30:20 INFO DAGScheduler: failed: Set()
[2025-12-16T03:30:20.639+0000] {subprocess.py:106} INFO - 25/12/16 03:30:20 INFO SparkContext: Starting job: $anonfun$recordDeltaOperationInternal$1 at DatabricksLogging.scala:128
[2025-12-16T03:30:20.641+0000] {subprocess.py:106} INFO - 25/12/16 03:30:20 INFO DAGScheduler: Got job 4 ($anonfun$recordDeltaOperationInternal$1 at DatabricksLogging.scala:128) with 1 output partitions
[2025-12-16T03:30:20.642+0000] {subprocess.py:106} INFO - 25/12/16 03:30:20 INFO DAGScheduler: Final stage: ResultStage 7 ($anonfun$recordDeltaOperationInternal$1 at DatabricksLogging.scala:128)
[2025-12-16T03:30:20.643+0000] {subprocess.py:106} INFO - 25/12/16 03:30:20 INFO DAGScheduler: Parents of final stage: List(ShuffleMapStage 6)
[2025-12-16T03:30:20.643+0000] {subprocess.py:106} INFO - 25/12/16 03:30:20 INFO DAGScheduler: Missing parents: List()
[2025-12-16T03:30:20.644+0000] {subprocess.py:106} INFO - 25/12/16 03:30:20 INFO DAGScheduler: Submitting ResultStage 7 (MapPartitionsRDD[24] at $anonfun$recordDeltaOperationInternal$1 at DatabricksLogging.scala:128), which has no missing parents
[2025-12-16T03:30:20.652+0000] {subprocess.py:106} INFO - 25/12/16 03:30:20 INFO MemoryStore: Block broadcast_8 stored as values in memory (estimated size 452.3 KiB, free 432.8 MiB)
[2025-12-16T03:30:20.655+0000] {subprocess.py:106} INFO - 25/12/16 03:30:20 INFO MemoryStore: Block broadcast_8_piece0 stored as bytes in memory (estimated size 108.1 KiB, free 432.7 MiB)
[2025-12-16T03:30:20.657+0000] {subprocess.py:106} INFO - 25/12/16 03:30:20 INFO BlockManagerInfo: Added broadcast_8_piece0 in memory on 3ad9a82189be:39783 (size: 108.1 KiB, free: 434.1 MiB)
[2025-12-16T03:30:20.657+0000] {subprocess.py:106} INFO - 25/12/16 03:30:20 INFO SparkContext: Created broadcast 8 from broadcast at DAGScheduler.scala:1535
[2025-12-16T03:30:20.658+0000] {subprocess.py:106} INFO - 25/12/16 03:30:20 INFO DAGScheduler: Submitting 1 missing tasks from ResultStage 7 (MapPartitionsRDD[24] at $anonfun$recordDeltaOperationInternal$1 at DatabricksLogging.scala:128) (first 15 tasks are for partitions Vector(0))
[2025-12-16T03:30:20.659+0000] {subprocess.py:106} INFO - 25/12/16 03:30:20 INFO TaskSchedulerImpl: Adding task set 7.0 with 1 tasks resource profile 0
[2025-12-16T03:30:20.661+0000] {subprocess.py:106} INFO - 25/12/16 03:30:20 INFO TaskSetManager: Starting task 0.0 in stage 7.0 (TID 55) (172.18.0.7, executor 0, partition 0, NODE_LOCAL, 7367 bytes)
[2025-12-16T03:30:20.675+0000] {subprocess.py:106} INFO - 25/12/16 03:30:20 INFO BlockManagerInfo: Added broadcast_8_piece0 in memory on 172.18.0.7:36801 (size: 108.1 KiB, free: 434.1 MiB)
[2025-12-16T03:30:20.692+0000] {subprocess.py:106} INFO - 25/12/16 03:30:20 INFO MapOutputTrackerMasterEndpoint: Asked to send map output locations for shuffle 1 to 172.18.0.7:43148
[2025-12-16T03:30:20.774+0000] {subprocess.py:106} INFO - 25/12/16 03:30:20 INFO TaskSetManager: Finished task 0.0 in stage 7.0 (TID 55) in 113 ms on 172.18.0.7 (executor 0) (1/1)
[2025-12-16T03:30:20.776+0000] {subprocess.py:106} INFO - 25/12/16 03:30:20 INFO TaskSchedulerImpl: Removed TaskSet 7.0, whose tasks have all completed, from pool
[2025-12-16T03:30:20.776+0000] {subprocess.py:106} INFO - 25/12/16 03:30:20 INFO DAGScheduler: ResultStage 7 ($anonfun$recordDeltaOperationInternal$1 at DatabricksLogging.scala:128) finished in 0.130 s
[2025-12-16T03:30:20.777+0000] {subprocess.py:106} INFO - 25/12/16 03:30:20 INFO DAGScheduler: Job 4 is finished. Cancelling potential speculative or zombie tasks for this job
[2025-12-16T03:30:20.777+0000] {subprocess.py:106} INFO - 25/12/16 03:30:20 INFO TaskSchedulerImpl: Killing all running tasks in stage 7: Stage finished
[2025-12-16T03:30:20.778+0000] {subprocess.py:106} INFO - 25/12/16 03:30:20 INFO DAGScheduler: Job 4 finished: $anonfun$recordDeltaOperationInternal$1 at DatabricksLogging.scala:128, took 0.136702 s
[2025-12-16T03:30:20.841+0000] {subprocess.py:106} INFO - 25/12/16 03:30:20 INFO CodeGenerator: Code generated in 46.630357 ms
[2025-12-16T03:30:20.845+0000] {subprocess.py:106} INFO - 25/12/16 03:30:20 INFO Snapshot: [tableId=ea7f9373-3abb-435f-88d8-2fe489252926] DELTA: Done
[2025-12-16T03:30:21.160+0000] {subprocess.py:106} INFO - 25/12/16 03:30:21 INFO BlockManagerInfo: Removed broadcast_8_piece0 on 3ad9a82189be:39783 in memory (size: 108.1 KiB, free: 434.2 MiB)
[2025-12-16T03:30:21.164+0000] {subprocess.py:106} INFO - 25/12/16 03:30:21 INFO BlockManagerInfo: Removed broadcast_8_piece0 on 172.18.0.7:36801 in memory (size: 108.1 KiB, free: 434.2 MiB)
[2025-12-16T03:30:21.174+0000] {subprocess.py:106} INFO - 25/12/16 03:30:21 INFO BlockManagerInfo: Removed broadcast_7_piece0 on 3ad9a82189be:39783 in memory (size: 123.2 KiB, free: 434.3 MiB)
[2025-12-16T03:30:21.178+0000] {subprocess.py:106} INFO - 25/12/16 03:30:21 INFO BlockManagerInfo: Removed broadcast_7_piece0 on 172.18.0.7:36801 in memory (size: 123.2 KiB, free: 434.4 MiB)
[2025-12-16T03:30:21.266+0000] {subprocess.py:106} INFO - 25/12/16 03:30:21 INFO CodeGenerator: Code generated in 169.217441 ms
[2025-12-16T03:30:21.290+0000] {subprocess.py:106} INFO - 25/12/16 03:30:21 INFO SparkContext: Starting job: $anonfun$recordDeltaOperationInternal$1 at DatabricksLogging.scala:128
[2025-12-16T03:30:21.291+0000] {subprocess.py:106} INFO - 25/12/16 03:30:21 INFO DAGScheduler: Got job 5 ($anonfun$recordDeltaOperationInternal$1 at DatabricksLogging.scala:128) with 50 output partitions
[2025-12-16T03:30:21.292+0000] {subprocess.py:106} INFO - 25/12/16 03:30:21 INFO DAGScheduler: Final stage: ResultStage 9 ($anonfun$recordDeltaOperationInternal$1 at DatabricksLogging.scala:128)
[2025-12-16T03:30:21.293+0000] {subprocess.py:106} INFO - 25/12/16 03:30:21 INFO DAGScheduler: Parents of final stage: List(ShuffleMapStage 8)
[2025-12-16T03:30:21.294+0000] {subprocess.py:106} INFO - 25/12/16 03:30:21 INFO DAGScheduler: Missing parents: List()
[2025-12-16T03:30:21.295+0000] {subprocess.py:106} INFO - 25/12/16 03:30:21 INFO DAGScheduler: Submitting ResultStage 9 (MapPartitionsRDD[26] at $anonfun$recordDeltaOperationInternal$1 at DatabricksLogging.scala:128), which has no missing parents
[2025-12-16T03:30:21.304+0000] {subprocess.py:106} INFO - 25/12/16 03:30:21 INFO MemoryStore: Block broadcast_9 stored as values in memory (estimated size 592.3 KiB, free 433.3 MiB)
[2025-12-16T03:30:21.307+0000] {subprocess.py:106} INFO - 25/12/16 03:30:21 INFO MemoryStore: Block broadcast_9_piece0 stored as bytes in memory (estimated size 138.5 KiB, free 433.2 MiB)
[2025-12-16T03:30:21.309+0000] {subprocess.py:106} INFO - 25/12/16 03:30:21 INFO BlockManagerInfo: Added broadcast_9_piece0 in memory on 3ad9a82189be:39783 (size: 138.5 KiB, free: 434.2 MiB)
[2025-12-16T03:30:21.310+0000] {subprocess.py:106} INFO - 25/12/16 03:30:21 INFO SparkContext: Created broadcast 9 from broadcast at DAGScheduler.scala:1535
[2025-12-16T03:30:21.311+0000] {subprocess.py:106} INFO - 25/12/16 03:30:21 INFO DAGScheduler: Submitting 50 missing tasks from ResultStage 9 (MapPartitionsRDD[26] at $anonfun$recordDeltaOperationInternal$1 at DatabricksLogging.scala:128) (first 15 tasks are for partitions Vector(0, 1, 2, 3, 4, 5, 6, 7, 8, 9, 10, 11, 12, 13, 14))
[2025-12-16T03:30:21.312+0000] {subprocess.py:106} INFO - 25/12/16 03:30:21 INFO TaskSchedulerImpl: Adding task set 9.0 with 50 tasks resource profile 0
[2025-12-16T03:30:21.315+0000] {subprocess.py:106} INFO - 25/12/16 03:30:21 INFO TaskSetManager: Starting task 0.0 in stage 9.0 (TID 56) (172.18.0.7, executor 0, partition 0, PROCESS_LOCAL, 7367 bytes)
[2025-12-16T03:30:21.316+0000] {subprocess.py:106} INFO - 25/12/16 03:30:21 INFO TaskSetManager: Starting task 1.0 in stage 9.0 (TID 57) (172.18.0.7, executor 0, partition 1, PROCESS_LOCAL, 7367 bytes)
[2025-12-16T03:30:21.317+0000] {subprocess.py:106} INFO - 25/12/16 03:30:21 INFO TaskSetManager: Starting task 2.0 in stage 9.0 (TID 58) (172.18.0.7, executor 0, partition 2, PROCESS_LOCAL, 7367 bytes)
[2025-12-16T03:30:21.318+0000] {subprocess.py:106} INFO - 25/12/16 03:30:21 INFO TaskSetManager: Starting task 3.0 in stage 9.0 (TID 59) (172.18.0.7, executor 0, partition 3, PROCESS_LOCAL, 7367 bytes)
[2025-12-16T03:30:21.319+0000] {subprocess.py:106} INFO - 25/12/16 03:30:21 INFO TaskSetManager: Starting task 4.0 in stage 9.0 (TID 60) (172.18.0.7, executor 0, partition 4, PROCESS_LOCAL, 7367 bytes)
[2025-12-16T03:30:21.320+0000] {subprocess.py:106} INFO - 25/12/16 03:30:21 INFO TaskSetManager: Starting task 5.0 in stage 9.0 (TID 61) (172.18.0.7, executor 0, partition 5, PROCESS_LOCAL, 7367 bytes)
[2025-12-16T03:30:21.320+0000] {subprocess.py:106} INFO - 25/12/16 03:30:21 INFO TaskSetManager: Starting task 6.0 in stage 9.0 (TID 62) (172.18.0.7, executor 0, partition 6, PROCESS_LOCAL, 7367 bytes)
[2025-12-16T03:30:21.321+0000] {subprocess.py:106} INFO - 25/12/16 03:30:21 INFO TaskSetManager: Starting task 7.0 in stage 9.0 (TID 63) (172.18.0.7, executor 0, partition 7, PROCESS_LOCAL, 7367 bytes)
[2025-12-16T03:30:21.322+0000] {subprocess.py:106} INFO - 25/12/16 03:30:21 INFO TaskSetManager: Starting task 8.0 in stage 9.0 (TID 64) (172.18.0.7, executor 0, partition 8, PROCESS_LOCAL, 7367 bytes)
[2025-12-16T03:30:21.322+0000] {subprocess.py:106} INFO - 25/12/16 03:30:21 INFO TaskSetManager: Starting task 9.0 in stage 9.0 (TID 65) (172.18.0.7, executor 0, partition 9, PROCESS_LOCAL, 7367 bytes)
[2025-12-16T03:30:21.323+0000] {subprocess.py:106} INFO - 25/12/16 03:30:21 INFO TaskSetManager: Starting task 10.0 in stage 9.0 (TID 66) (172.18.0.7, executor 0, partition 10, PROCESS_LOCAL, 7367 bytes)
[2025-12-16T03:30:21.323+0000] {subprocess.py:106} INFO - 25/12/16 03:30:21 INFO TaskSetManager: Starting task 11.0 in stage 9.0 (TID 67) (172.18.0.7, executor 0, partition 11, PROCESS_LOCAL, 7367 bytes)
[2025-12-16T03:30:21.324+0000] {subprocess.py:106} INFO - 25/12/16 03:30:21 INFO TaskSetManager: Starting task 12.0 in stage 9.0 (TID 68) (172.18.0.7, executor 0, partition 12, PROCESS_LOCAL, 7367 bytes)
[2025-12-16T03:30:21.324+0000] {subprocess.py:106} INFO - 25/12/16 03:30:21 INFO TaskSetManager: Starting task 13.0 in stage 9.0 (TID 69) (172.18.0.7, executor 0, partition 13, PROCESS_LOCAL, 7367 bytes)
[2025-12-16T03:30:21.325+0000] {subprocess.py:106} INFO - 25/12/16 03:30:21 INFO TaskSetManager: Starting task 14.0 in stage 9.0 (TID 70) (172.18.0.7, executor 0, partition 14, PROCESS_LOCAL, 7367 bytes)
[2025-12-16T03:30:21.326+0000] {subprocess.py:106} INFO - 25/12/16 03:30:21 INFO TaskSetManager: Starting task 15.0 in stage 9.0 (TID 71) (172.18.0.7, executor 0, partition 15, PROCESS_LOCAL, 7367 bytes)
[2025-12-16T03:30:21.349+0000] {subprocess.py:106} INFO - 25/12/16 03:30:21 INFO BlockManagerInfo: Added broadcast_9_piece0 in memory on 172.18.0.7:36801 (size: 138.5 KiB, free: 434.2 MiB)
[2025-12-16T03:30:21.594+0000] {subprocess.py:106} INFO - 25/12/16 03:30:21 INFO TaskSetManager: Starting task 16.0 in stage 9.0 (TID 72) (172.18.0.7, executor 0, partition 16, PROCESS_LOCAL, 7367 bytes)
[2025-12-16T03:30:21.596+0000] {subprocess.py:106} INFO - 25/12/16 03:30:21 INFO TaskSetManager: Starting task 17.0 in stage 9.0 (TID 73) (172.18.0.7, executor 0, partition 17, PROCESS_LOCAL, 7367 bytes)
[2025-12-16T03:30:21.597+0000] {subprocess.py:106} INFO - 25/12/16 03:30:21 INFO TaskSetManager: Finished task 0.0 in stage 9.0 (TID 56) in 281 ms on 172.18.0.7 (executor 0) (1/50)
[2025-12-16T03:30:21.603+0000] {subprocess.py:106} INFO - 25/12/16 03:30:21 INFO TaskSetManager: Finished task 7.0 in stage 9.0 (TID 63) in 277 ms on 172.18.0.7 (executor 0) (2/50)
[2025-12-16T03:30:21.605+0000] {subprocess.py:106} INFO - 25/12/16 03:30:21 INFO TaskSetManager: Starting task 18.0 in stage 9.0 (TID 74) (172.18.0.7, executor 0, partition 18, PROCESS_LOCAL, 7367 bytes)
[2025-12-16T03:30:21.606+0000] {subprocess.py:106} INFO - 25/12/16 03:30:21 INFO TaskSetManager: Starting task 19.0 in stage 9.0 (TID 75) (172.18.0.7, executor 0, partition 19, PROCESS_LOCAL, 7367 bytes)
[2025-12-16T03:30:21.606+0000] {subprocess.py:106} INFO - 25/12/16 03:30:21 INFO TaskSetManager: Finished task 1.0 in stage 9.0 (TID 57) in 285 ms on 172.18.0.7 (executor 0) (3/50)
[2025-12-16T03:30:21.607+0000] {subprocess.py:106} INFO - 25/12/16 03:30:21 INFO TaskSetManager: Finished task 12.0 in stage 9.0 (TID 68) in 280 ms on 172.18.0.7 (executor 0) (4/50)
[2025-12-16T03:30:21.608+0000] {subprocess.py:106} INFO - 25/12/16 03:30:21 INFO TaskSetManager: Starting task 20.0 in stage 9.0 (TID 76) (172.18.0.7, executor 0, partition 20, PROCESS_LOCAL, 7367 bytes)
[2025-12-16T03:30:21.608+0000] {subprocess.py:106} INFO - 25/12/16 03:30:21 INFO TaskSetManager: Starting task 21.0 in stage 9.0 (TID 77) (172.18.0.7, executor 0, partition 21, PROCESS_LOCAL, 7367 bytes)
[2025-12-16T03:30:21.611+0000] {subprocess.py:106} INFO - 25/12/16 03:30:21 INFO TaskSetManager: Starting task 22.0 in stage 9.0 (TID 78) (172.18.0.7, executor 0, partition 22, PROCESS_LOCAL, 7367 bytes)
[2025-12-16T03:30:21.613+0000] {subprocess.py:106} INFO - 25/12/16 03:30:21 INFO TaskSetManager: Finished task 11.0 in stage 9.0 (TID 67) in 289 ms on 172.18.0.7 (executor 0) (5/50)
[2025-12-16T03:30:21.617+0000] {subprocess.py:106} INFO - 25/12/16 03:30:21 INFO TaskSetManager: Finished task 9.0 in stage 9.0 (TID 65) in 290 ms on 172.18.0.7 (executor 0) (6/50)
[2025-12-16T03:30:21.619+0000] {subprocess.py:106} INFO - 25/12/16 03:30:21 INFO TaskSetManager: Starting task 23.0 in stage 9.0 (TID 79) (172.18.0.7, executor 0, partition 23, PROCESS_LOCAL, 7367 bytes)
[2025-12-16T03:30:21.620+0000] {subprocess.py:106} INFO - 25/12/16 03:30:21 INFO TaskSetManager: Finished task 15.0 in stage 9.0 (TID 71) in 294 ms on 172.18.0.7 (executor 0) (7/50)
[2025-12-16T03:30:21.621+0000] {subprocess.py:106} INFO - 25/12/16 03:30:21 INFO TaskSetManager: Starting task 24.0 in stage 9.0 (TID 80) (172.18.0.7, executor 0, partition 24, PROCESS_LOCAL, 7367 bytes)
[2025-12-16T03:30:21.623+0000] {subprocess.py:106} INFO - 25/12/16 03:30:21 INFO TaskSetManager: Starting task 25.0 in stage 9.0 (TID 81) (172.18.0.7, executor 0, partition 25, PROCESS_LOCAL, 7367 bytes)
[2025-12-16T03:30:21.627+0000] {subprocess.py:106} INFO - 25/12/16 03:30:21 INFO TaskSetManager: Finished task 8.0 in stage 9.0 (TID 64) in 307 ms on 172.18.0.7 (executor 0) (8/50)
[2025-12-16T03:30:21.628+0000] {subprocess.py:106} INFO - 25/12/16 03:30:21 INFO TaskSetManager: Finished task 3.0 in stage 9.0 (TID 59) in 310 ms on 172.18.0.7 (executor 0) (9/50)
[2025-12-16T03:30:21.629+0000] {subprocess.py:106} INFO - 25/12/16 03:30:21 INFO TaskSetManager: Starting task 26.0 in stage 9.0 (TID 82) (172.18.0.7, executor 0, partition 26, PROCESS_LOCAL, 7367 bytes)
[2025-12-16T03:30:21.630+0000] {subprocess.py:106} INFO - 25/12/16 03:30:21 INFO TaskSetManager: Finished task 6.0 in stage 9.0 (TID 62) in 311 ms on 172.18.0.7 (executor 0) (10/50)
[2025-12-16T03:30:21.631+0000] {subprocess.py:106} INFO - 25/12/16 03:30:21 INFO TaskSetManager: Starting task 27.0 in stage 9.0 (TID 83) (172.18.0.7, executor 0, partition 27, PROCESS_LOCAL, 7367 bytes)
[2025-12-16T03:30:21.632+0000] {subprocess.py:106} INFO - 25/12/16 03:30:21 INFO TaskSetManager: Finished task 4.0 in stage 9.0 (TID 60) in 314 ms on 172.18.0.7 (executor 0) (11/50)
[2025-12-16T03:30:21.633+0000] {subprocess.py:106} INFO - 25/12/16 03:30:21 INFO TaskSetManager: Finished task 14.0 in stage 9.0 (TID 70) in 309 ms on 172.18.0.7 (executor 0) (12/50)
[2025-12-16T03:30:21.639+0000] {subprocess.py:106} INFO - 25/12/16 03:30:21 INFO TaskSetManager: Starting task 28.0 in stage 9.0 (TID 84) (172.18.0.7, executor 0, partition 28, PROCESS_LOCAL, 7367 bytes)
[2025-12-16T03:30:21.641+0000] {subprocess.py:106} INFO - 25/12/16 03:30:21 INFO TaskSetManager: Starting task 29.0 in stage 9.0 (TID 85) (172.18.0.7, executor 0, partition 29, PROCESS_LOCAL, 7367 bytes)
[2025-12-16T03:30:21.642+0000] {subprocess.py:106} INFO - 25/12/16 03:30:21 INFO TaskSetManager: Starting task 30.0 in stage 9.0 (TID 86) (172.18.0.7, executor 0, partition 30, PROCESS_LOCAL, 7367 bytes)
[2025-12-16T03:30:21.643+0000] {subprocess.py:106} INFO - 25/12/16 03:30:21 INFO TaskSetManager: Finished task 13.0 in stage 9.0 (TID 69) in 317 ms on 172.18.0.7 (executor 0) (13/50)
[2025-12-16T03:30:21.644+0000] {subprocess.py:106} INFO - 25/12/16 03:30:21 INFO TaskSetManager: Finished task 10.0 in stage 9.0 (TID 66) in 318 ms on 172.18.0.7 (executor 0) (14/50)
[2025-12-16T03:30:21.645+0000] {subprocess.py:106} INFO - 25/12/16 03:30:21 INFO TaskSetManager: Finished task 2.0 in stage 9.0 (TID 58) in 323 ms on 172.18.0.7 (executor 0) (15/50)
[2025-12-16T03:30:21.645+0000] {subprocess.py:106} INFO - 25/12/16 03:30:21 INFO TaskSetManager: Starting task 31.0 in stage 9.0 (TID 87) (172.18.0.7, executor 0, partition 31, PROCESS_LOCAL, 7367 bytes)
[2025-12-16T03:30:21.646+0000] {subprocess.py:106} INFO - 25/12/16 03:30:21 INFO TaskSetManager: Finished task 5.0 in stage 9.0 (TID 61) in 325 ms on 172.18.0.7 (executor 0) (16/50)
[2025-12-16T03:30:21.683+0000] {subprocess.py:106} INFO - 25/12/16 03:30:21 INFO TaskSetManager: Starting task 32.0 in stage 9.0 (TID 88) (172.18.0.7, executor 0, partition 32, PROCESS_LOCAL, 7367 bytes)
[2025-12-16T03:30:21.685+0000] {subprocess.py:106} INFO - 25/12/16 03:30:21 INFO TaskSetManager: Finished task 17.0 in stage 9.0 (TID 73) in 80 ms on 172.18.0.7 (executor 0) (17/50)
[2025-12-16T03:30:21.686+0000] {subprocess.py:106} INFO - 25/12/16 03:30:21 INFO TaskSetManager: Starting task 33.0 in stage 9.0 (TID 89) (172.18.0.7, executor 0, partition 33, PROCESS_LOCAL, 7367 bytes)
[2025-12-16T03:30:21.689+0000] {subprocess.py:106} INFO - 25/12/16 03:30:21 INFO TaskSetManager: Starting task 34.0 in stage 9.0 (TID 90) (172.18.0.7, executor 0, partition 34, PROCESS_LOCAL, 7367 bytes)
[2025-12-16T03:30:21.690+0000] {subprocess.py:106} INFO - 25/12/16 03:30:21 INFO TaskSetManager: Finished task 16.0 in stage 9.0 (TID 72) in 87 ms on 172.18.0.7 (executor 0) (18/50)
[2025-12-16T03:30:21.691+0000] {subprocess.py:106} INFO - 25/12/16 03:30:21 INFO TaskSetManager: Starting task 35.0 in stage 9.0 (TID 91) (172.18.0.7, executor 0, partition 35, PROCESS_LOCAL, 7367 bytes)
[2025-12-16T03:30:21.693+0000] {subprocess.py:106} INFO - 25/12/16 03:30:21 INFO TaskSetManager: Starting task 36.0 in stage 9.0 (TID 92) (172.18.0.7, executor 0, partition 36, PROCESS_LOCAL, 7367 bytes)
[2025-12-16T03:30:21.699+0000] {subprocess.py:106} INFO - 25/12/16 03:30:21 INFO TaskSetManager: Finished task 18.0 in stage 9.0 (TID 74) in 87 ms on 172.18.0.7 (executor 0) (19/50)
[2025-12-16T03:30:21.700+0000] {subprocess.py:106} INFO - 25/12/16 03:30:21 INFO TaskSetManager: Starting task 37.0 in stage 9.0 (TID 93) (172.18.0.7, executor 0, partition 37, PROCESS_LOCAL, 7367 bytes)
[2025-12-16T03:30:21.701+0000] {subprocess.py:106} INFO - 25/12/16 03:30:21 INFO TaskSetManager: Finished task 20.0 in stage 9.0 (TID 76) in 87 ms on 172.18.0.7 (executor 0) (20/50)
[2025-12-16T03:30:21.703+0000] {subprocess.py:106} INFO - 25/12/16 03:30:21 INFO TaskSetManager: Finished task 21.0 in stage 9.0 (TID 77) in 86 ms on 172.18.0.7 (executor 0) (21/50)
[2025-12-16T03:30:21.704+0000] {subprocess.py:106} INFO - 25/12/16 03:30:21 INFO TaskSetManager: Finished task 19.0 in stage 9.0 (TID 75) in 93 ms on 172.18.0.7 (executor 0) (22/50)
[2025-12-16T03:30:21.707+0000] {subprocess.py:106} INFO - 25/12/16 03:30:21 INFO TaskSetManager: Starting task 38.0 in stage 9.0 (TID 94) (172.18.0.7, executor 0, partition 38, PROCESS_LOCAL, 7367 bytes)
[2025-12-16T03:30:21.708+0000] {subprocess.py:106} INFO - 25/12/16 03:30:21 INFO TaskSetManager: Finished task 22.0 in stage 9.0 (TID 78) in 87 ms on 172.18.0.7 (executor 0) (23/50)
[2025-12-16T03:30:21.713+0000] {subprocess.py:106} INFO - 25/12/16 03:30:21 INFO TaskSetManager: Finished task 28.0 in stage 9.0 (TID 84) in 76 ms on 172.18.0.7 (executor 0) (24/50)
[2025-12-16T03:30:21.715+0000] {subprocess.py:106} INFO - 25/12/16 03:30:21 INFO TaskSetManager: Starting task 39.0 in stage 9.0 (TID 95) (172.18.0.7, executor 0, partition 39, PROCESS_LOCAL, 7367 bytes)
[2025-12-16T03:30:21.717+0000] {subprocess.py:106} INFO - 25/12/16 03:30:21 INFO TaskSetManager: Starting task 40.0 in stage 9.0 (TID 96) (172.18.0.7, executor 0, partition 40, PROCESS_LOCAL, 7367 bytes)
[2025-12-16T03:30:21.729+0000] {subprocess.py:106} INFO - 25/12/16 03:30:21 INFO TaskSetManager: Starting task 41.0 in stage 9.0 (TID 97) (172.18.0.7, executor 0, partition 41, PROCESS_LOCAL, 7367 bytes)
[2025-12-16T03:30:21.731+0000] {subprocess.py:106} INFO - 25/12/16 03:30:21 INFO TaskSetManager: Starting task 42.0 in stage 9.0 (TID 98) (172.18.0.7, executor 0, partition 42, PROCESS_LOCAL, 7367 bytes)
[2025-12-16T03:30:21.733+0000] {subprocess.py:106} INFO - 25/12/16 03:30:21 INFO TaskSetManager: Finished task 24.0 in stage 9.0 (TID 80) in 106 ms on 172.18.0.7 (executor 0) (25/50)
[2025-12-16T03:30:21.735+0000] {subprocess.py:106} INFO - 25/12/16 03:30:21 INFO TaskSetManager: Starting task 43.0 in stage 9.0 (TID 99) (172.18.0.7, executor 0, partition 43, PROCESS_LOCAL, 7367 bytes)
[2025-12-16T03:30:21.736+0000] {subprocess.py:106} INFO - 25/12/16 03:30:21 INFO TaskSetManager: Starting task 44.0 in stage 9.0 (TID 100) (172.18.0.7, executor 0, partition 44, PROCESS_LOCAL, 7367 bytes)
[2025-12-16T03:30:21.737+0000] {subprocess.py:106} INFO - 25/12/16 03:30:21 INFO TaskSetManager: Finished task 23.0 in stage 9.0 (TID 79) in 112 ms on 172.18.0.7 (executor 0) (26/50)
[2025-12-16T03:30:21.738+0000] {subprocess.py:106} INFO - 25/12/16 03:30:21 INFO TaskSetManager: Finished task 31.0 in stage 9.0 (TID 87) in 89 ms on 172.18.0.7 (executor 0) (27/50)
[2025-12-16T03:30:21.739+0000] {subprocess.py:106} INFO - 25/12/16 03:30:21 INFO TaskSetManager: Finished task 30.0 in stage 9.0 (TID 86) in 94 ms on 172.18.0.7 (executor 0) (28/50)
[2025-12-16T03:30:21.739+0000] {subprocess.py:106} INFO - 25/12/16 03:30:21 INFO TaskSetManager: Finished task 26.0 in stage 9.0 (TID 82) in 105 ms on 172.18.0.7 (executor 0) (29/50)
[2025-12-16T03:30:21.740+0000] {subprocess.py:106} INFO - 25/12/16 03:30:21 INFO TaskSetManager: Finished task 27.0 in stage 9.0 (TID 83) in 104 ms on 172.18.0.7 (executor 0) (30/50)
[2025-12-16T03:30:21.741+0000] {subprocess.py:106} INFO - 25/12/16 03:30:21 INFO TaskSetManager: Starting task 45.0 in stage 9.0 (TID 101) (172.18.0.7, executor 0, partition 45, PROCESS_LOCAL, 7367 bytes)
[2025-12-16T03:30:21.742+0000] {subprocess.py:106} INFO - 25/12/16 03:30:21 INFO TaskSetManager: Starting task 46.0 in stage 9.0 (TID 102) (172.18.0.7, executor 0, partition 46, PROCESS_LOCAL, 7367 bytes)
[2025-12-16T03:30:21.743+0000] {subprocess.py:106} INFO - 25/12/16 03:30:21 INFO TaskSetManager: Starting task 47.0 in stage 9.0 (TID 103) (172.18.0.7, executor 0, partition 47, PROCESS_LOCAL, 7367 bytes)
[2025-12-16T03:30:21.744+0000] {subprocess.py:106} INFO - 25/12/16 03:30:21 INFO TaskSetManager: Starting task 48.0 in stage 9.0 (TID 104) (172.18.0.7, executor 0, partition 48, PROCESS_LOCAL, 7367 bytes)
[2025-12-16T03:30:21.745+0000] {subprocess.py:106} INFO - 25/12/16 03:30:21 INFO TaskSetManager: Finished task 32.0 in stage 9.0 (TID 88) in 68 ms on 172.18.0.7 (executor 0) (31/50)
[2025-12-16T03:30:21.746+0000] {subprocess.py:106} INFO - 25/12/16 03:30:21 INFO TaskSetManager: Starting task 49.0 in stage 9.0 (TID 105) (172.18.0.7, executor 0, partition 49, PROCESS_LOCAL, 7367 bytes)
[2025-12-16T03:30:21.747+0000] {subprocess.py:106} INFO - 25/12/16 03:30:21 INFO TaskSetManager: Finished task 25.0 in stage 9.0 (TID 81) in 120 ms on 172.18.0.7 (executor 0) (32/50)
[2025-12-16T03:30:21.748+0000] {subprocess.py:106} INFO - 25/12/16 03:30:21 INFO TaskSetManager: Finished task 29.0 in stage 9.0 (TID 85) in 108 ms on 172.18.0.7 (executor 0) (33/50)
[2025-12-16T03:30:21.749+0000] {subprocess.py:106} INFO - 25/12/16 03:30:21 INFO TaskSetManager: Finished task 33.0 in stage 9.0 (TID 89) in 68 ms on 172.18.0.7 (executor 0) (34/50)
[2025-12-16T03:30:21.750+0000] {subprocess.py:106} INFO - 25/12/16 03:30:21 INFO TaskSetManager: Finished task 36.0 in stage 9.0 (TID 92) in 62 ms on 172.18.0.7 (executor 0) (35/50)
[2025-12-16T03:30:21.754+0000] {subprocess.py:106} INFO - 25/12/16 03:30:21 INFO TaskSetManager: Finished task 35.0 in stage 9.0 (TID 91) in 64 ms on 172.18.0.7 (executor 0) (36/50)
[2025-12-16T03:30:21.755+0000] {subprocess.py:106} INFO - 25/12/16 03:30:21 INFO TaskSetManager: Finished task 37.0 in stage 9.0 (TID 93) in 60 ms on 172.18.0.7 (executor 0) (37/50)
[2025-12-16T03:30:21.764+0000] {subprocess.py:106} INFO - 25/12/16 03:30:21 INFO TaskSetManager: Finished task 34.0 in stage 9.0 (TID 90) in 84 ms on 172.18.0.7 (executor 0) (38/50)
[2025-12-16T03:30:21.765+0000] {subprocess.py:106} INFO - 25/12/16 03:30:21 INFO TaskSetManager: Finished task 38.0 in stage 9.0 (TID 94) in 69 ms on 172.18.0.7 (executor 0) (39/50)
[2025-12-16T03:30:21.768+0000] {subprocess.py:106} INFO - 25/12/16 03:30:21 INFO TaskSetManager: Finished task 40.0 in stage 9.0 (TID 96) in 52 ms on 172.18.0.7 (executor 0) (40/50)
[2025-12-16T03:30:21.787+0000] {subprocess.py:106} INFO - 25/12/16 03:30:21 INFO TaskSetManager: Finished task 43.0 in stage 9.0 (TID 99) in 57 ms on 172.18.0.7 (executor 0) (41/50)
[2025-12-16T03:30:21.788+0000] {subprocess.py:106} INFO - 25/12/16 03:30:21 INFO TaskSetManager: Finished task 39.0 in stage 9.0 (TID 95) in 70 ms on 172.18.0.7 (executor 0) (42/50)
[2025-12-16T03:30:21.789+0000] {subprocess.py:106} INFO - 25/12/16 03:30:21 INFO TaskSetManager: Finished task 42.0 in stage 9.0 (TID 98) in 65 ms on 172.18.0.7 (executor 0) (43/50)
[2025-12-16T03:30:21.792+0000] {subprocess.py:106} INFO - 25/12/16 03:30:21 INFO TaskSetManager: Finished task 47.0 in stage 9.0 (TID 103) in 53 ms on 172.18.0.7 (executor 0) (44/50)
[2025-12-16T03:30:21.793+0000] {subprocess.py:106} INFO - 25/12/16 03:30:21 INFO TaskSetManager: Finished task 49.0 in stage 9.0 (TID 105) in 51 ms on 172.18.0.7 (executor 0) (45/50)
[2025-12-16T03:30:21.794+0000] {subprocess.py:106} INFO - 25/12/16 03:30:21 INFO TaskSetManager: Finished task 45.0 in stage 9.0 (TID 101) in 58 ms on 172.18.0.7 (executor 0) (46/50)
[2025-12-16T03:30:21.796+0000] {subprocess.py:106} INFO - 25/12/16 03:30:21 INFO TaskSetManager: Finished task 46.0 in stage 9.0 (TID 102) in 58 ms on 172.18.0.7 (executor 0) (47/50)
[2025-12-16T03:30:21.796+0000] {subprocess.py:106} INFO - 25/12/16 03:30:21 INFO TaskSetManager: Finished task 48.0 in stage 9.0 (TID 104) in 55 ms on 172.18.0.7 (executor 0) (48/50)
[2025-12-16T03:30:21.797+0000] {subprocess.py:106} INFO - 25/12/16 03:30:21 INFO TaskSetManager: Finished task 41.0 in stage 9.0 (TID 97) in 75 ms on 172.18.0.7 (executor 0) (49/50)
[2025-12-16T03:30:21.798+0000] {subprocess.py:106} INFO - 25/12/16 03:30:21 INFO TaskSetManager: Finished task 44.0 in stage 9.0 (TID 100) in 68 ms on 172.18.0.7 (executor 0) (50/50)
[2025-12-16T03:30:21.799+0000] {subprocess.py:106} INFO - 25/12/16 03:30:21 INFO TaskSchedulerImpl: Removed TaskSet 9.0, whose tasks have all completed, from pool
[2025-12-16T03:30:21.800+0000] {subprocess.py:106} INFO - 25/12/16 03:30:21 INFO DAGScheduler: ResultStage 9 ($anonfun$recordDeltaOperationInternal$1 at DatabricksLogging.scala:128) finished in 0.501 s
[2025-12-16T03:30:21.800+0000] {subprocess.py:106} INFO - 25/12/16 03:30:21 INFO DAGScheduler: Job 5 is finished. Cancelling potential speculative or zombie tasks for this job
[2025-12-16T03:30:21.801+0000] {subprocess.py:106} INFO - 25/12/16 03:30:21 INFO TaskSchedulerImpl: Killing all running tasks in stage 9: Stage finished
[2025-12-16T03:30:21.802+0000] {subprocess.py:106} INFO - 25/12/16 03:30:21 INFO DAGScheduler: Job 5 finished: $anonfun$recordDeltaOperationInternal$1 at DatabricksLogging.scala:128, took 0.509297 s
[2025-12-16T03:30:21.840+0000] {subprocess.py:106} INFO - 25/12/16 03:30:21 INFO CodeGenerator: Code generated in 28.095382 ms
[2025-12-16T03:30:21.844+0000] {subprocess.py:106} INFO - 25/12/16 03:30:21 INFO PrepareDeltaScan: DELTA: Done
[2025-12-16T03:30:21.859+0000] {subprocess.py:106} INFO - 25/12/16 03:30:21 INFO FileSourceStrategy: Pushed Filters:
[2025-12-16T03:30:21.860+0000] {subprocess.py:106} INFO - 25/12/16 03:30:21 INFO FileSourceStrategy: Post-Scan Filters:
[2025-12-16T03:30:21.946+0000] {subprocess.py:106} INFO - 25/12/16 03:30:21 INFO ParquetUtils: Using default output committer for Parquet: org.apache.parquet.hadoop.ParquetOutputCommitter
[2025-12-16T03:30:22.000+0000] {subprocess.py:106} INFO - 25/12/16 03:30:21 INFO CodeGenerator: Code generated in 15.098237 ms
[2025-12-16T03:30:22.011+0000] {subprocess.py:106} INFO - 25/12/16 03:30:22 INFO MemoryStore: Block broadcast_10 stored as values in memory (estimated size 214.6 KiB, free 433.0 MiB)
[2025-12-16T03:30:22.020+0000] {subprocess.py:106} INFO - 25/12/16 03:30:22 INFO MemoryStore: Block broadcast_10_piece0 stored as bytes in memory (estimated size 37.0 KiB, free 433.0 MiB)
[2025-12-16T03:30:22.022+0000] {subprocess.py:106} INFO - 25/12/16 03:30:22 INFO BlockManagerInfo: Added broadcast_10_piece0 in memory on 3ad9a82189be:39783 (size: 37.0 KiB, free: 434.2 MiB)
[2025-12-16T03:30:22.023+0000] {subprocess.py:106} INFO - 25/12/16 03:30:22 INFO SparkContext: Created broadcast 10 from save at <unknown>:0
[2025-12-16T03:30:22.033+0000] {subprocess.py:106} INFO - 25/12/16 03:30:22 INFO FileSourceScanExec: Planning scan with bin packing, max size: 4194304 bytes, open cost is considered as scanning 4194304 bytes.
[2025-12-16T03:30:22.093+0000] {subprocess.py:106} INFO - 25/12/16 03:30:22 INFO SparkContext: Starting job: save at <unknown>:0
[2025-12-16T03:30:22.094+0000] {subprocess.py:106} INFO - 25/12/16 03:30:22 INFO DAGScheduler: Got job 6 (save at <unknown>:0) with 1 output partitions
[2025-12-16T03:30:22.095+0000] {subprocess.py:106} INFO - 25/12/16 03:30:22 INFO DAGScheduler: Final stage: ResultStage 10 (save at <unknown>:0)
[2025-12-16T03:30:22.096+0000] {subprocess.py:106} INFO - 25/12/16 03:30:22 INFO DAGScheduler: Parents of final stage: List()
[2025-12-16T03:30:22.096+0000] {subprocess.py:106} INFO - 25/12/16 03:30:22 INFO DAGScheduler: Missing parents: List()
[2025-12-16T03:30:22.097+0000] {subprocess.py:106} INFO - 25/12/16 03:30:22 INFO DAGScheduler: Submitting ResultStage 10 (MapPartitionsRDD[29] at save at <unknown>:0), which has no missing parents
[2025-12-16T03:30:22.144+0000] {subprocess.py:106} INFO - 25/12/16 03:30:22 INFO MemoryStore: Block broadcast_11 stored as values in memory (estimated size 358.8 KiB, free 432.6 MiB)
[2025-12-16T03:30:22.150+0000] {subprocess.py:106} INFO - 25/12/16 03:30:22 INFO MemoryStore: Block broadcast_11_piece0 stored as bytes in memory (estimated size 127.9 KiB, free 432.5 MiB)
[2025-12-16T03:30:22.151+0000] {subprocess.py:106} INFO - 25/12/16 03:30:22 INFO BlockManagerInfo: Added broadcast_11_piece0 in memory on 3ad9a82189be:39783 (size: 127.9 KiB, free: 434.0 MiB)
[2025-12-16T03:30:22.151+0000] {subprocess.py:106} INFO - 25/12/16 03:30:22 INFO SparkContext: Created broadcast 11 from broadcast at DAGScheduler.scala:1535
[2025-12-16T03:30:22.152+0000] {subprocess.py:106} INFO - 25/12/16 03:30:22 INFO DAGScheduler: Submitting 1 missing tasks from ResultStage 10 (MapPartitionsRDD[29] at save at <unknown>:0) (first 15 tasks are for partitions Vector(0))
[2025-12-16T03:30:22.153+0000] {subprocess.py:106} INFO - 25/12/16 03:30:22 INFO TaskSchedulerImpl: Adding task set 10.0 with 1 tasks resource profile 0
[2025-12-16T03:30:22.154+0000] {subprocess.py:106} INFO - 25/12/16 03:30:22 INFO TaskSetManager: Starting task 0.0 in stage 10.0 (TID 106) (172.18.0.7, executor 0, partition 0, PROCESS_LOCAL, 7973 bytes)
[2025-12-16T03:30:22.167+0000] {subprocess.py:106} INFO - 25/12/16 03:30:22 INFO BlockManagerInfo: Added broadcast_11_piece0 in memory on 172.18.0.7:36801 (size: 127.9 KiB, free: 434.1 MiB)
[2025-12-16T03:30:22.859+0000] {subprocess.py:106} INFO - 25/12/16 03:30:22 INFO BlockManagerInfo: Added broadcast_10_piece0 in memory on 172.18.0.7:36801 (size: 37.0 KiB, free: 434.1 MiB)
[2025-12-16T03:30:23.497+0000] {subprocess.py:106} INFO - 25/12/16 03:30:23 INFO TaskSetManager: Finished task 0.0 in stage 10.0 (TID 106) in 1343 ms on 172.18.0.7 (executor 0) (1/1)
[2025-12-16T03:30:23.498+0000] {subprocess.py:106} INFO - 25/12/16 03:30:23 INFO TaskSchedulerImpl: Removed TaskSet 10.0, whose tasks have all completed, from pool
[2025-12-16T03:30:23.498+0000] {subprocess.py:106} INFO - 25/12/16 03:30:23 INFO DAGScheduler: ResultStage 10 (save at <unknown>:0) finished in 1.400 s
[2025-12-16T03:30:23.499+0000] {subprocess.py:106} INFO - 25/12/16 03:30:23 INFO DAGScheduler: Job 6 is finished. Cancelling potential speculative or zombie tasks for this job
[2025-12-16T03:30:23.499+0000] {subprocess.py:106} INFO - 25/12/16 03:30:23 INFO TaskSchedulerImpl: Killing all running tasks in stage 10: Stage finished
[2025-12-16T03:30:23.500+0000] {subprocess.py:106} INFO - 25/12/16 03:30:23 INFO DAGScheduler: Job 6 finished: save at <unknown>:0, took 1.405560 s
[2025-12-16T03:30:23.500+0000] {subprocess.py:106} INFO - 25/12/16 03:30:23 INFO FileFormatWriter: Start to commit write Job 914f9301-d80d-492d-94f9-7cf4205c66d1.
[2025-12-16T03:30:23.503+0000] {subprocess.py:106} INFO - 25/12/16 03:30:23 INFO FileFormatWriter: Write Job 914f9301-d80d-492d-94f9-7cf4205c66d1 committed. Elapsed time: 1 ms.
[2025-12-16T03:30:23.508+0000] {subprocess.py:106} INFO - 25/12/16 03:30:23 INFO FileFormatWriter: Finished processing stats for write job 914f9301-d80d-492d-94f9-7cf4205c66d1.
[2025-12-16T03:30:23.523+0000] {subprocess.py:106} INFO - 25/12/16 03:30:23 INFO Snapshot: [tableId=0e262853-9824-48c4-a6ca-dea8afceb846] DELTA: Compute snapshot for version: 0
[2025-12-16T03:30:23.527+0000] {subprocess.py:106} INFO - 25/12/16 03:30:23 INFO MemoryStore: Block broadcast_12 stored as values in memory (estimated size 212.2 KiB, free 432.3 MiB)
[2025-12-16T03:30:23.542+0000] {subprocess.py:106} INFO - 25/12/16 03:30:23 INFO MemoryStore: Block broadcast_12_piece0 stored as bytes in memory (estimated size 36.2 KiB, free 432.2 MiB)
[2025-12-16T03:30:23.544+0000] {subprocess.py:106} INFO - 25/12/16 03:30:23 INFO BlockManagerInfo: Added broadcast_12_piece0 in memory on 3ad9a82189be:39783 (size: 36.2 KiB, free: 434.0 MiB)
[2025-12-16T03:30:23.545+0000] {subprocess.py:106} INFO - 25/12/16 03:30:23 INFO SparkContext: Created broadcast 12 from $anonfun$recordDeltaOperationInternal$1 at DatabricksLogging.scala:128
[2025-12-16T03:30:23.726+0000] {subprocess.py:106} INFO - 25/12/16 03:30:23 INFO BlockManagerInfo: Removed broadcast_11_piece0 on 3ad9a82189be:39783 in memory (size: 127.9 KiB, free: 434.1 MiB)
[2025-12-16T03:30:23.729+0000] {subprocess.py:106} INFO - 25/12/16 03:30:23 INFO BlockManagerInfo: Removed broadcast_11_piece0 on 172.18.0.7:36801 in memory (size: 127.9 KiB, free: 434.2 MiB)
[2025-12-16T03:30:23.740+0000] {subprocess.py:106} INFO - 25/12/16 03:30:23 INFO BlockManagerInfo: Removed broadcast_9_piece0 on 3ad9a82189be:39783 in memory (size: 138.5 KiB, free: 434.3 MiB)
[2025-12-16T03:30:23.742+0000] {subprocess.py:106} INFO - 25/12/16 03:30:23 INFO BlockManagerInfo: Removed broadcast_9_piece0 on 172.18.0.7:36801 in memory (size: 138.5 KiB, free: 434.3 MiB)
[2025-12-16T03:30:23.854+0000] {subprocess.py:106} INFO - 25/12/16 03:30:23 INFO FileSourceStrategy: Pushed Filters:
[2025-12-16T03:30:23.855+0000] {subprocess.py:106} INFO - 25/12/16 03:30:23 INFO FileSourceStrategy: Post-Scan Filters:
[2025-12-16T03:30:23.916+0000] {subprocess.py:106} INFO - 25/12/16 03:30:23 INFO MemoryStore: Block broadcast_13 stored as values in memory (estimated size 212.7 KiB, free 433.2 MiB)
[2025-12-16T03:30:23.926+0000] {subprocess.py:106} INFO - 25/12/16 03:30:23 INFO MemoryStore: Block broadcast_13_piece0 stored as bytes in memory (estimated size 36.3 KiB, free 433.2 MiB)
[2025-12-16T03:30:23.927+0000] {subprocess.py:106} INFO - 25/12/16 03:30:23 INFO BlockManagerInfo: Added broadcast_13_piece0 in memory on 3ad9a82189be:39783 (size: 36.3 KiB, free: 434.2 MiB)
[2025-12-16T03:30:23.929+0000] {subprocess.py:106} INFO - 25/12/16 03:30:23 INFO SparkContext: Created broadcast 13 from $anonfun$recordDeltaOperationInternal$1 at DatabricksLogging.scala:128
[2025-12-16T03:30:23.930+0000] {subprocess.py:106} INFO - 25/12/16 03:30:23 INFO FileSourceScanExec: Planning scan with bin packing, max size: 4194304 bytes, open cost is considered as scanning 4194304 bytes.
[2025-12-16T03:30:23.941+0000] {subprocess.py:106} INFO - 25/12/16 03:30:23 INFO DAGScheduler: Registering RDD 33 ($anonfun$recordDeltaOperationInternal$1 at DatabricksLogging.scala:128) as input to shuffle 2
[2025-12-16T03:30:23.942+0000] {subprocess.py:106} INFO - 25/12/16 03:30:23 INFO DAGScheduler: Got map stage job 7 ($anonfun$recordDeltaOperationInternal$1 at DatabricksLogging.scala:128) with 1 output partitions
[2025-12-16T03:30:23.943+0000] {subprocess.py:106} INFO - 25/12/16 03:30:23 INFO DAGScheduler: Final stage: ShuffleMapStage 11 ($anonfun$recordDeltaOperationInternal$1 at DatabricksLogging.scala:128)
[2025-12-16T03:30:23.944+0000] {subprocess.py:106} INFO - 25/12/16 03:30:23 INFO DAGScheduler: Parents of final stage: List()
[2025-12-16T03:30:23.944+0000] {subprocess.py:106} INFO - 25/12/16 03:30:23 INFO DAGScheduler: Missing parents: List()
[2025-12-16T03:30:23.945+0000] {subprocess.py:106} INFO - 25/12/16 03:30:23 INFO DAGScheduler: Submitting ShuffleMapStage 11 (MapPartitionsRDD[33] at $anonfun$recordDeltaOperationInternal$1 at DatabricksLogging.scala:128), which has no missing parents
[2025-12-16T03:30:23.958+0000] {subprocess.py:106} INFO - 25/12/16 03:30:23 INFO MemoryStore: Block broadcast_14 stored as values in memory (estimated size 138.3 KiB, free 433.0 MiB)
[2025-12-16T03:30:23.960+0000] {subprocess.py:106} INFO - 25/12/16 03:30:23 INFO MemoryStore: Block broadcast_14_piece0 stored as bytes in memory (estimated size 39.0 KiB, free 433.0 MiB)
[2025-12-16T03:30:23.961+0000] {subprocess.py:106} INFO - 25/12/16 03:30:23 INFO BlockManagerInfo: Added broadcast_14_piece0 in memory on 3ad9a82189be:39783 (size: 39.0 KiB, free: 434.2 MiB)
[2025-12-16T03:30:23.961+0000] {subprocess.py:106} INFO - 25/12/16 03:30:23 INFO SparkContext: Created broadcast 14 from broadcast at DAGScheduler.scala:1535
[2025-12-16T03:30:23.962+0000] {subprocess.py:106} INFO - 25/12/16 03:30:23 INFO DAGScheduler: Submitting 1 missing tasks from ShuffleMapStage 11 (MapPartitionsRDD[33] at $anonfun$recordDeltaOperationInternal$1 at DatabricksLogging.scala:128) (first 15 tasks are for partitions Vector(0))
[2025-12-16T03:30:23.963+0000] {subprocess.py:106} INFO - 25/12/16 03:30:23 INFO TaskSchedulerImpl: Adding task set 11.0 with 1 tasks resource profile 0
[2025-12-16T03:30:23.963+0000] {subprocess.py:106} INFO - 25/12/16 03:30:23 INFO TaskSetManager: Starting task 0.0 in stage 11.0 (TID 107) (172.18.0.7, executor 0, partition 0, PROCESS_LOCAL, 7933 bytes)
[2025-12-16T03:30:23.978+0000] {subprocess.py:106} INFO - 25/12/16 03:30:23 INFO BlockManagerInfo: Added broadcast_14_piece0 in memory on 172.18.0.7:36801 (size: 39.0 KiB, free: 434.3 MiB)
[2025-12-16T03:30:24.008+0000] {subprocess.py:106} INFO - 25/12/16 03:30:24 INFO BlockManagerInfo: Added broadcast_13_piece0 in memory on 172.18.0.7:36801 (size: 36.3 KiB, free: 434.3 MiB)
[2025-12-16T03:30:24.051+0000] {subprocess.py:106} INFO - 25/12/16 03:30:24 INFO TaskSetManager: Finished task 0.0 in stage 11.0 (TID 107) in 87 ms on 172.18.0.7 (executor 0) (1/1)
[2025-12-16T03:30:24.052+0000] {subprocess.py:106} INFO - 25/12/16 03:30:24 INFO TaskSchedulerImpl: Removed TaskSet 11.0, whose tasks have all completed, from pool
[2025-12-16T03:30:24.053+0000] {subprocess.py:106} INFO - 25/12/16 03:30:24 INFO DAGScheduler: ShuffleMapStage 11 ($anonfun$recordDeltaOperationInternal$1 at DatabricksLogging.scala:128) finished in 0.108 s
[2025-12-16T03:30:24.053+0000] {subprocess.py:106} INFO - 25/12/16 03:30:24 INFO DAGScheduler: looking for newly runnable stages
[2025-12-16T03:30:24.054+0000] {subprocess.py:106} INFO - 25/12/16 03:30:24 INFO DAGScheduler: running: Set()
[2025-12-16T03:30:24.054+0000] {subprocess.py:106} INFO - 25/12/16 03:30:24 INFO DAGScheduler: waiting: Set()
[2025-12-16T03:30:24.055+0000] {subprocess.py:106} INFO - 25/12/16 03:30:24 INFO DAGScheduler: failed: Set()
[2025-12-16T03:30:24.155+0000] {subprocess.py:106} INFO - 25/12/16 03:30:24 INFO BlockManagerInfo: Removed broadcast_14_piece0 on 3ad9a82189be:39783 in memory (size: 39.0 KiB, free: 434.2 MiB)
[2025-12-16T03:30:24.159+0000] {subprocess.py:106} INFO - 25/12/16 03:30:24 INFO BlockManagerInfo: Removed broadcast_14_piece0 on 172.18.0.7:36801 in memory (size: 39.0 KiB, free: 434.3 MiB)
[2025-12-16T03:30:24.314+0000] {subprocess.py:106} INFO - 25/12/16 03:30:24 INFO DAGScheduler: Registering RDD 43 ($anonfun$recordDeltaOperationInternal$1 at DatabricksLogging.scala:128) as input to shuffle 3
[2025-12-16T03:30:24.315+0000] {subprocess.py:106} INFO - 25/12/16 03:30:24 INFO DAGScheduler: Got map stage job 8 ($anonfun$recordDeltaOperationInternal$1 at DatabricksLogging.scala:128) with 50 output partitions
[2025-12-16T03:30:24.316+0000] {subprocess.py:106} INFO - 25/12/16 03:30:24 INFO DAGScheduler: Final stage: ShuffleMapStage 13 ($anonfun$recordDeltaOperationInternal$1 at DatabricksLogging.scala:128)
[2025-12-16T03:30:24.317+0000] {subprocess.py:106} INFO - 25/12/16 03:30:24 INFO DAGScheduler: Parents of final stage: List(ShuffleMapStage 12)
[2025-12-16T03:30:24.318+0000] {subprocess.py:106} INFO - 25/12/16 03:30:24 INFO DAGScheduler: Missing parents: List()
[2025-12-16T03:30:24.318+0000] {subprocess.py:106} INFO - 25/12/16 03:30:24 INFO DAGScheduler: Submitting ShuffleMapStage 13 (MapPartitionsRDD[43] at $anonfun$recordDeltaOperationInternal$1 at DatabricksLogging.scala:128), which has no missing parents
[2025-12-16T03:30:24.395+0000] {subprocess.py:106} INFO - 25/12/16 03:30:24 INFO MemoryStore: Block broadcast_15 stored as values in memory (estimated size 517.1 KiB, free 432.7 MiB)
[2025-12-16T03:30:24.397+0000] {subprocess.py:106} INFO - 25/12/16 03:30:24 INFO MemoryStore: Block broadcast_15_piece0 stored as bytes in memory (estimated size 123.3 KiB, free 432.6 MiB)
[2025-12-16T03:30:24.398+0000] {subprocess.py:106} INFO - 25/12/16 03:30:24 INFO BlockManagerInfo: Added broadcast_15_piece0 in memory on 3ad9a82189be:39783 (size: 123.3 KiB, free: 434.1 MiB)
[2025-12-16T03:30:24.398+0000] {subprocess.py:106} INFO - 25/12/16 03:30:24 INFO SparkContext: Created broadcast 15 from broadcast at DAGScheduler.scala:1535
[2025-12-16T03:30:24.399+0000] {subprocess.py:106} INFO - 25/12/16 03:30:24 INFO DAGScheduler: Submitting 50 missing tasks from ShuffleMapStage 13 (MapPartitionsRDD[43] at $anonfun$recordDeltaOperationInternal$1 at DatabricksLogging.scala:128) (first 15 tasks are for partitions Vector(0, 1, 2, 3, 4, 5, 6, 7, 8, 9, 10, 11, 12, 13, 14))
[2025-12-16T03:30:24.400+0000] {subprocess.py:106} INFO - 25/12/16 03:30:24 INFO TaskSchedulerImpl: Adding task set 13.0 with 50 tasks resource profile 0
[2025-12-16T03:30:24.402+0000] {subprocess.py:106} INFO - 25/12/16 03:30:24 INFO TaskSetManager: Starting task 13.0 in stage 13.0 (TID 108) (172.18.0.7, executor 0, partition 13, NODE_LOCAL, 7356 bytes)
[2025-12-16T03:30:24.403+0000] {subprocess.py:106} INFO - 25/12/16 03:30:24 INFO TaskSetManager: Starting task 42.0 in stage 13.0 (TID 109) (172.18.0.7, executor 0, partition 42, NODE_LOCAL, 7356 bytes)
[2025-12-16T03:30:24.404+0000] {subprocess.py:106} INFO - 25/12/16 03:30:24 INFO TaskSetManager: Starting task 0.0 in stage 13.0 (TID 110) (172.18.0.7, executor 0, partition 0, PROCESS_LOCAL, 7356 bytes)
[2025-12-16T03:30:24.404+0000] {subprocess.py:106} INFO - 25/12/16 03:30:24 INFO TaskSetManager: Starting task 1.0 in stage 13.0 (TID 111) (172.18.0.7, executor 0, partition 1, PROCESS_LOCAL, 7356 bytes)
[2025-12-16T03:30:24.405+0000] {subprocess.py:106} INFO - 25/12/16 03:30:24 INFO TaskSetManager: Starting task 2.0 in stage 13.0 (TID 112) (172.18.0.7, executor 0, partition 2, PROCESS_LOCAL, 7356 bytes)
[2025-12-16T03:30:24.406+0000] {subprocess.py:106} INFO - 25/12/16 03:30:24 INFO TaskSetManager: Starting task 3.0 in stage 13.0 (TID 113) (172.18.0.7, executor 0, partition 3, PROCESS_LOCAL, 7356 bytes)
[2025-12-16T03:30:24.407+0000] {subprocess.py:106} INFO - 25/12/16 03:30:24 INFO TaskSetManager: Starting task 4.0 in stage 13.0 (TID 114) (172.18.0.7, executor 0, partition 4, PROCESS_LOCAL, 7356 bytes)
[2025-12-16T03:30:24.409+0000] {subprocess.py:106} INFO - 25/12/16 03:30:24 INFO TaskSetManager: Starting task 5.0 in stage 13.0 (TID 115) (172.18.0.7, executor 0, partition 5, PROCESS_LOCAL, 7356 bytes)
[2025-12-16T03:30:24.410+0000] {subprocess.py:106} INFO - 25/12/16 03:30:24 INFO TaskSetManager: Starting task 6.0 in stage 13.0 (TID 116) (172.18.0.7, executor 0, partition 6, PROCESS_LOCAL, 7356 bytes)
[2025-12-16T03:30:24.411+0000] {subprocess.py:106} INFO - 25/12/16 03:30:24 INFO TaskSetManager: Starting task 7.0 in stage 13.0 (TID 117) (172.18.0.7, executor 0, partition 7, PROCESS_LOCAL, 7356 bytes)
[2025-12-16T03:30:24.412+0000] {subprocess.py:106} INFO - 25/12/16 03:30:24 INFO TaskSetManager: Starting task 8.0 in stage 13.0 (TID 118) (172.18.0.7, executor 0, partition 8, PROCESS_LOCAL, 7356 bytes)
[2025-12-16T03:30:24.413+0000] {subprocess.py:106} INFO - 25/12/16 03:30:24 INFO TaskSetManager: Starting task 9.0 in stage 13.0 (TID 119) (172.18.0.7, executor 0, partition 9, PROCESS_LOCAL, 7356 bytes)
[2025-12-16T03:30:24.413+0000] {subprocess.py:106} INFO - 25/12/16 03:30:24 INFO TaskSetManager: Starting task 10.0 in stage 13.0 (TID 120) (172.18.0.7, executor 0, partition 10, PROCESS_LOCAL, 7356 bytes)
[2025-12-16T03:30:24.414+0000] {subprocess.py:106} INFO - 25/12/16 03:30:24 INFO TaskSetManager: Starting task 11.0 in stage 13.0 (TID 121) (172.18.0.7, executor 0, partition 11, PROCESS_LOCAL, 7356 bytes)
[2025-12-16T03:30:24.415+0000] {subprocess.py:106} INFO - 25/12/16 03:30:24 INFO TaskSetManager: Starting task 12.0 in stage 13.0 (TID 122) (172.18.0.7, executor 0, partition 12, PROCESS_LOCAL, 7356 bytes)
[2025-12-16T03:30:24.416+0000] {subprocess.py:106} INFO - 25/12/16 03:30:24 INFO TaskSetManager: Starting task 14.0 in stage 13.0 (TID 123) (172.18.0.7, executor 0, partition 14, PROCESS_LOCAL, 7356 bytes)
[2025-12-16T03:30:24.428+0000] {subprocess.py:106} INFO - 25/12/16 03:30:24 INFO BlockManagerInfo: Added broadcast_15_piece0 in memory on 172.18.0.7:36801 (size: 123.3 KiB, free: 434.2 MiB)
[2025-12-16T03:30:24.452+0000] {subprocess.py:106} INFO - 25/12/16 03:30:24 INFO MapOutputTrackerMasterEndpoint: Asked to send map output locations for shuffle 2 to 172.18.0.7:43148
[2025-12-16T03:30:24.520+0000] {subprocess.py:106} INFO - 25/12/16 03:30:24 INFO BlockManagerInfo: Added rdd_40_5 in memory on 172.18.0.7:36801 (size: 46.0 B, free: 434.2 MiB)
[2025-12-16T03:30:24.522+0000] {subprocess.py:106} INFO - 25/12/16 03:30:24 INFO BlockManagerInfo: Added rdd_40_0 in memory on 172.18.0.7:36801 (size: 46.0 B, free: 434.2 MiB)
[2025-12-16T03:30:24.527+0000] {subprocess.py:106} INFO - 25/12/16 03:30:24 INFO BlockManagerInfo: Added rdd_40_13 in memory on 172.18.0.7:36801 (size: 678.0 B, free: 434.2 MiB)
[2025-12-16T03:30:24.530+0000] {subprocess.py:106} INFO - 25/12/16 03:30:24 INFO BlockManagerInfo: Added rdd_40_6 in memory on 172.18.0.7:36801 (size: 46.0 B, free: 434.2 MiB)
[2025-12-16T03:30:24.534+0000] {subprocess.py:106} INFO - 25/12/16 03:30:24 INFO BlockManagerInfo: Added rdd_40_14 in memory on 172.18.0.7:36801 (size: 46.0 B, free: 434.2 MiB)
[2025-12-16T03:30:24.535+0000] {subprocess.py:106} INFO - 25/12/16 03:30:24 INFO BlockManagerInfo: Added rdd_40_8 in memory on 172.18.0.7:36801 (size: 46.0 B, free: 434.2 MiB)
[2025-12-16T03:30:24.536+0000] {subprocess.py:106} INFO - 25/12/16 03:30:24 INFO BlockManagerInfo: Added rdd_40_11 in memory on 172.18.0.7:36801 (size: 46.0 B, free: 434.2 MiB)
[2025-12-16T03:30:24.540+0000] {subprocess.py:106} INFO - 25/12/16 03:30:24 INFO BlockManagerInfo: Added rdd_40_9 in memory on 172.18.0.7:36801 (size: 46.0 B, free: 434.2 MiB)
[2025-12-16T03:30:24.541+0000] {subprocess.py:106} INFO - 25/12/16 03:30:24 INFO BlockManagerInfo: Added rdd_40_10 in memory on 172.18.0.7:36801 (size: 46.0 B, free: 434.2 MiB)
[2025-12-16T03:30:24.547+0000] {subprocess.py:106} INFO - 25/12/16 03:30:24 INFO BlockManagerInfo: Added rdd_40_4 in memory on 172.18.0.7:36801 (size: 46.0 B, free: 434.2 MiB)
[2025-12-16T03:30:24.559+0000] {subprocess.py:106} INFO - 25/12/16 03:30:24 INFO BlockManagerInfo: Added rdd_40_3 in memory on 172.18.0.7:36801 (size: 46.0 B, free: 434.2 MiB)
[2025-12-16T03:30:24.563+0000] {subprocess.py:106} INFO - 25/12/16 03:30:24 INFO BlockManagerInfo: Added rdd_40_1 in memory on 172.18.0.7:36801 (size: 46.0 B, free: 434.2 MiB)
[2025-12-16T03:30:24.565+0000] {subprocess.py:106} INFO - 25/12/16 03:30:24 INFO BlockManagerInfo: Added rdd_40_7 in memory on 172.18.0.7:36801 (size: 46.0 B, free: 434.2 MiB)
[2025-12-16T03:30:24.568+0000] {subprocess.py:106} INFO - 25/12/16 03:30:24 INFO BlockManagerInfo: Added rdd_40_12 in memory on 172.18.0.7:36801 (size: 46.0 B, free: 434.2 MiB)
[2025-12-16T03:30:24.571+0000] {subprocess.py:106} INFO - 25/12/16 03:30:24 INFO BlockManagerInfo: Added rdd_40_2 in memory on 172.18.0.7:36801 (size: 46.0 B, free: 434.2 MiB)
[2025-12-16T03:30:24.575+0000] {subprocess.py:106} INFO - 25/12/16 03:30:24 INFO BlockManagerInfo: Added rdd_40_42 in memory on 172.18.0.7:36801 (size: 562.0 B, free: 434.2 MiB)
[2025-12-16T03:30:24.576+0000] {subprocess.py:106} INFO - 25/12/16 03:30:24 INFO TaskSetManager: Starting task 15.0 in stage 13.0 (TID 124) (172.18.0.7, executor 0, partition 15, PROCESS_LOCAL, 7356 bytes)
[2025-12-16T03:30:24.578+0000] {subprocess.py:106} INFO - 25/12/16 03:30:24 INFO TaskSetManager: Finished task 13.0 in stage 13.0 (TID 108) in 166 ms on 172.18.0.7 (executor 0) (1/50)
[2025-12-16T03:30:24.579+0000] {subprocess.py:106} INFO - 25/12/16 03:30:24 INFO TaskSetManager: Starting task 16.0 in stage 13.0 (TID 125) (172.18.0.7, executor 0, partition 16, PROCESS_LOCAL, 7356 bytes)
[2025-12-16T03:30:24.580+0000] {subprocess.py:106} INFO - 25/12/16 03:30:24 INFO TaskSetManager: Finished task 5.0 in stage 13.0 (TID 115) in 175 ms on 172.18.0.7 (executor 0) (2/50)
[2025-12-16T03:30:24.581+0000] {subprocess.py:106} INFO - 25/12/16 03:30:24 INFO TaskSetManager: Starting task 17.0 in stage 13.0 (TID 126) (172.18.0.7, executor 0, partition 17, PROCESS_LOCAL, 7356 bytes)
[2025-12-16T03:30:24.587+0000] {subprocess.py:106} INFO - 25/12/16 03:30:24 INFO TaskSetManager: Starting task 18.0 in stage 13.0 (TID 127) (172.18.0.7, executor 0, partition 18, PROCESS_LOCAL, 7356 bytes)
[2025-12-16T03:30:24.589+0000] {subprocess.py:106} INFO - 25/12/16 03:30:24 INFO TaskSetManager: Starting task 19.0 in stage 13.0 (TID 128) (172.18.0.7, executor 0, partition 19, PROCESS_LOCAL, 7356 bytes)
[2025-12-16T03:30:24.595+0000] {subprocess.py:106} INFO - 25/12/16 03:30:24 INFO TaskSetManager: Finished task 6.0 in stage 13.0 (TID 116) in 185 ms on 172.18.0.7 (executor 0) (3/50)
[2025-12-16T03:30:24.597+0000] {subprocess.py:106} INFO - 25/12/16 03:30:24 INFO TaskSetManager: Starting task 20.0 in stage 13.0 (TID 129) (172.18.0.7, executor 0, partition 20, PROCESS_LOCAL, 7356 bytes)
[2025-12-16T03:30:24.599+0000] {subprocess.py:106} INFO - 25/12/16 03:30:24 INFO TaskSetManager: Finished task 0.0 in stage 13.0 (TID 110) in 188 ms on 172.18.0.7 (executor 0) (4/50)
[2025-12-16T03:30:24.600+0000] {subprocess.py:106} INFO - 25/12/16 03:30:24 INFO TaskSetManager: Starting task 21.0 in stage 13.0 (TID 130) (172.18.0.7, executor 0, partition 21, PROCESS_LOCAL, 7356 bytes)
[2025-12-16T03:30:24.602+0000] {subprocess.py:106} INFO - 25/12/16 03:30:24 INFO TaskSetManager: Finished task 11.0 in stage 13.0 (TID 121) in 186 ms on 172.18.0.7 (executor 0) (5/50)
[2025-12-16T03:30:24.603+0000] {subprocess.py:106} INFO - 25/12/16 03:30:24 INFO TaskSetManager: Finished task 8.0 in stage 13.0 (TID 118) in 188 ms on 172.18.0.7 (executor 0) (6/50)
[2025-12-16T03:30:24.603+0000] {subprocess.py:106} INFO - 25/12/16 03:30:24 INFO TaskSetManager: Finished task 14.0 in stage 13.0 (TID 123) in 187 ms on 172.18.0.7 (executor 0) (7/50)
[2025-12-16T03:30:24.604+0000] {subprocess.py:106} INFO - 25/12/16 03:30:24 INFO TaskSetManager: Starting task 22.0 in stage 13.0 (TID 131) (172.18.0.7, executor 0, partition 22, PROCESS_LOCAL, 7356 bytes)
[2025-12-16T03:30:24.605+0000] {subprocess.py:106} INFO - 25/12/16 03:30:24 INFO TaskSetManager: Starting task 23.0 in stage 13.0 (TID 132) (172.18.0.7, executor 0, partition 23, PROCESS_LOCAL, 7356 bytes)
[2025-12-16T03:30:24.606+0000] {subprocess.py:106} INFO - 25/12/16 03:30:24 INFO TaskSetManager: Starting task 24.0 in stage 13.0 (TID 133) (172.18.0.7, executor 0, partition 24, PROCESS_LOCAL, 7356 bytes)
[2025-12-16T03:30:24.607+0000] {subprocess.py:106} INFO - 25/12/16 03:30:24 INFO TaskSetManager: Finished task 9.0 in stage 13.0 (TID 119) in 195 ms on 172.18.0.7 (executor 0) (8/50)
[2025-12-16T03:30:24.611+0000] {subprocess.py:106} INFO - 25/12/16 03:30:24 INFO TaskSetManager: Finished task 10.0 in stage 13.0 (TID 120) in 195 ms on 172.18.0.7 (executor 0) (9/50)
[2025-12-16T03:30:24.612+0000] {subprocess.py:106} INFO - 25/12/16 03:30:24 INFO TaskSetManager: Finished task 4.0 in stage 13.0 (TID 114) in 197 ms on 172.18.0.7 (executor 0) (10/50)
[2025-12-16T03:30:24.624+0000] {subprocess.py:106} INFO - 25/12/16 03:30:24 INFO TaskSetManager: Starting task 25.0 in stage 13.0 (TID 134) (172.18.0.7, executor 0, partition 25, PROCESS_LOCAL, 7356 bytes)
[2025-12-16T03:30:24.628+0000] {subprocess.py:106} INFO - 25/12/16 03:30:24 INFO TaskSetManager: Finished task 3.0 in stage 13.0 (TID 113) in 216 ms on 172.18.0.7 (executor 0) (11/50)
[2025-12-16T03:30:24.634+0000] {subprocess.py:106} INFO - 25/12/16 03:30:24 INFO TaskSetManager: Starting task 26.0 in stage 13.0 (TID 135) (172.18.0.7, executor 0, partition 26, PROCESS_LOCAL, 7356 bytes)
[2025-12-16T03:30:24.636+0000] {subprocess.py:106} INFO - 25/12/16 03:30:24 INFO TaskSetManager: Starting task 27.0 in stage 13.0 (TID 136) (172.18.0.7, executor 0, partition 27, PROCESS_LOCAL, 7356 bytes)
[2025-12-16T03:30:24.638+0000] {subprocess.py:106} INFO - 25/12/16 03:30:24 INFO TaskSetManager: Starting task 28.0 in stage 13.0 (TID 137) (172.18.0.7, executor 0, partition 28, PROCESS_LOCAL, 7356 bytes)
[2025-12-16T03:30:24.640+0000] {subprocess.py:106} INFO - 25/12/16 03:30:24 INFO TaskSetManager: Finished task 1.0 in stage 13.0 (TID 111) in 236 ms on 172.18.0.7 (executor 0) (12/50)
[2025-12-16T03:30:24.647+0000] {subprocess.py:106} INFO - 25/12/16 03:30:24 INFO TaskSetManager: Finished task 7.0 in stage 13.0 (TID 117) in 235 ms on 172.18.0.7 (executor 0) (13/50)
[2025-12-16T03:30:24.649+0000] {subprocess.py:106} INFO - 25/12/16 03:30:24 INFO TaskSetManager: Starting task 29.0 in stage 13.0 (TID 138) (172.18.0.7, executor 0, partition 29, PROCESS_LOCAL, 7356 bytes)
[2025-12-16T03:30:24.650+0000] {subprocess.py:106} INFO - 25/12/16 03:30:24 INFO TaskSetManager: Starting task 30.0 in stage 13.0 (TID 139) (172.18.0.7, executor 0, partition 30, PROCESS_LOCAL, 7356 bytes)
[2025-12-16T03:30:24.651+0000] {subprocess.py:106} INFO - 25/12/16 03:30:24 INFO TaskSetManager: Finished task 2.0 in stage 13.0 (TID 112) in 242 ms on 172.18.0.7 (executor 0) (14/50)
[2025-12-16T03:30:24.652+0000] {subprocess.py:106} INFO - 25/12/16 03:30:24 INFO TaskSetManager: Finished task 42.0 in stage 13.0 (TID 109) in 244 ms on 172.18.0.7 (executor 0) (15/50)
[2025-12-16T03:30:24.653+0000] {subprocess.py:106} INFO - 25/12/16 03:30:24 INFO TaskSetManager: Finished task 12.0 in stage 13.0 (TID 122) in 240 ms on 172.18.0.7 (executor 0) (16/50)
[2025-12-16T03:30:24.763+0000] {subprocess.py:106} INFO - 25/12/16 03:30:24 INFO BlockManagerInfo: Added rdd_40_15 in memory on 172.18.0.7:36801 (size: 46.0 B, free: 434.2 MiB)
[2025-12-16T03:30:24.767+0000] {subprocess.py:106} INFO - 25/12/16 03:30:24 INFO BlockManagerInfo: Added rdd_40_20 in memory on 172.18.0.7:36801 (size: 46.0 B, free: 434.2 MiB)
[2025-12-16T03:30:24.768+0000] {subprocess.py:106} INFO - 25/12/16 03:30:24 INFO BlockManagerInfo: Added rdd_40_19 in memory on 172.18.0.7:36801 (size: 46.0 B, free: 434.2 MiB)
[2025-12-16T03:30:24.769+0000] {subprocess.py:106} INFO - 25/12/16 03:30:24 INFO BlockManagerInfo: Added rdd_40_18 in memory on 172.18.0.7:36801 (size: 46.0 B, free: 434.2 MiB)
[2025-12-16T03:30:24.770+0000] {subprocess.py:106} INFO - 25/12/16 03:30:24 INFO BlockManagerInfo: Added rdd_40_21 in memory on 172.18.0.7:36801 (size: 46.0 B, free: 434.2 MiB)
[2025-12-16T03:30:24.771+0000] {subprocess.py:106} INFO - 25/12/16 03:30:24 INFO BlockManagerInfo: Added rdd_40_23 in memory on 172.18.0.7:36801 (size: 46.0 B, free: 434.2 MiB)
[2025-12-16T03:30:24.771+0000] {subprocess.py:106} INFO - 25/12/16 03:30:24 INFO BlockManagerInfo: Added rdd_40_17 in memory on 172.18.0.7:36801 (size: 46.0 B, free: 434.2 MiB)
[2025-12-16T03:30:24.772+0000] {subprocess.py:106} INFO - 25/12/16 03:30:24 INFO BlockManagerInfo: Added rdd_40_16 in memory on 172.18.0.7:36801 (size: 46.0 B, free: 434.2 MiB)
[2025-12-16T03:30:24.773+0000] {subprocess.py:106} INFO - 25/12/16 03:30:24 INFO BlockManagerInfo: Added rdd_40_22 in memory on 172.18.0.7:36801 (size: 46.0 B, free: 434.2 MiB)
[2025-12-16T03:30:24.777+0000] {subprocess.py:106} INFO - 25/12/16 03:30:24 INFO BlockManagerInfo: Added rdd_40_25 in memory on 172.18.0.7:36801 (size: 46.0 B, free: 434.2 MiB)
[2025-12-16T03:30:24.810+0000] {subprocess.py:106} INFO - 25/12/16 03:30:24 INFO TaskSetManager: Starting task 31.0 in stage 13.0 (TID 140) (172.18.0.7, executor 0, partition 31, PROCESS_LOCAL, 7356 bytes)
[2025-12-16T03:30:24.811+0000] {subprocess.py:106} INFO - 25/12/16 03:30:24 INFO TaskSetManager: Finished task 18.0 in stage 13.0 (TID 127) in 228 ms on 172.18.0.7 (executor 0) (17/50)
[2025-12-16T03:30:24.813+0000] {subprocess.py:106} INFO - 25/12/16 03:30:24 INFO TaskSetManager: Starting task 32.0 in stage 13.0 (TID 141) (172.18.0.7, executor 0, partition 32, PROCESS_LOCAL, 7356 bytes)
[2025-12-16T03:30:24.813+0000] {subprocess.py:106} INFO - 25/12/16 03:30:24 INFO TaskSetManager: Finished task 17.0 in stage 13.0 (TID 126) in 233 ms on 172.18.0.7 (executor 0) (18/50)
[2025-12-16T03:30:24.832+0000] {subprocess.py:106} INFO - 25/12/16 03:30:24 INFO TaskSetManager: Starting task 33.0 in stage 13.0 (TID 142) (172.18.0.7, executor 0, partition 33, PROCESS_LOCAL, 7356 bytes)
[2025-12-16T03:30:24.835+0000] {subprocess.py:106} INFO - 25/12/16 03:30:24 INFO BlockManagerInfo: Added rdd_40_30 in memory on 172.18.0.7:36801 (size: 46.0 B, free: 434.2 MiB)
[2025-12-16T03:30:24.837+0000] {subprocess.py:106} INFO - 25/12/16 03:30:24 INFO TaskSetManager: Starting task 34.0 in stage 13.0 (TID 143) (172.18.0.7, executor 0, partition 34, PROCESS_LOCAL, 7356 bytes)
[2025-12-16T03:30:24.839+0000] {subprocess.py:106} INFO - 25/12/16 03:30:24 INFO TaskSetManager: Finished task 20.0 in stage 13.0 (TID 129) in 246 ms on 172.18.0.7 (executor 0) (19/50)
[2025-12-16T03:30:24.840+0000] {subprocess.py:106} INFO - 25/12/16 03:30:24 INFO BlockManagerInfo: Added rdd_40_27 in memory on 172.18.0.7:36801 (size: 46.0 B, free: 434.2 MiB)
[2025-12-16T03:30:24.845+0000] {subprocess.py:106} INFO - 25/12/16 03:30:24 INFO TaskSetManager: Starting task 35.0 in stage 13.0 (TID 144) (172.18.0.7, executor 0, partition 35, PROCESS_LOCAL, 7356 bytes)
[2025-12-16T03:30:24.846+0000] {subprocess.py:106} INFO - 25/12/16 03:30:24 INFO TaskSetManager: Finished task 21.0 in stage 13.0 (TID 130) in 247 ms on 172.18.0.7 (executor 0) (20/50)
[2025-12-16T03:30:24.847+0000] {subprocess.py:106} INFO - 25/12/16 03:30:24 INFO BlockManagerInfo: Added rdd_40_28 in memory on 172.18.0.7:36801 (size: 46.0 B, free: 434.2 MiB)
[2025-12-16T03:30:24.849+0000] {subprocess.py:106} INFO - 25/12/16 03:30:24 INFO TaskSetManager: Starting task 36.0 in stage 13.0 (TID 145) (172.18.0.7, executor 0, partition 36, PROCESS_LOCAL, 7356 bytes)
[2025-12-16T03:30:24.852+0000] {subprocess.py:106} INFO - 25/12/16 03:30:24 INFO BlockManagerInfo: Added rdd_40_29 in memory on 172.18.0.7:36801 (size: 46.0 B, free: 434.2 MiB)
[2025-12-16T03:30:24.853+0000] {subprocess.py:106} INFO - 25/12/16 03:30:24 INFO TaskSetManager: Finished task 19.0 in stage 13.0 (TID 128) in 257 ms on 172.18.0.7 (executor 0) (21/50)
[2025-12-16T03:30:24.859+0000] {subprocess.py:106} INFO - 25/12/16 03:30:24 INFO BlockManagerInfo: Added rdd_40_26 in memory on 172.18.0.7:36801 (size: 46.0 B, free: 434.2 MiB)
[2025-12-16T03:30:24.860+0000] {subprocess.py:106} INFO - 25/12/16 03:30:24 INFO TaskSetManager: Starting task 37.0 in stage 13.0 (TID 146) (172.18.0.7, executor 0, partition 37, PROCESS_LOCAL, 7356 bytes)
[2025-12-16T03:30:24.862+0000] {subprocess.py:106} INFO - 25/12/16 03:30:24 INFO TaskSetManager: Finished task 23.0 in stage 13.0 (TID 132) in 247 ms on 172.18.0.7 (executor 0) (22/50)
[2025-12-16T03:30:24.863+0000] {subprocess.py:106} INFO - 25/12/16 03:30:24 INFO TaskSetManager: Finished task 25.0 in stage 13.0 (TID 134) in 228 ms on 172.18.0.7 (executor 0) (23/50)
[2025-12-16T03:30:24.864+0000] {subprocess.py:106} INFO - 25/12/16 03:30:24 INFO TaskSetManager: Starting task 38.0 in stage 13.0 (TID 147) (172.18.0.7, executor 0, partition 38, PROCESS_LOCAL, 7356 bytes)
[2025-12-16T03:30:24.865+0000] {subprocess.py:106} INFO - 25/12/16 03:30:24 INFO TaskSetManager: Starting task 39.0 in stage 13.0 (TID 148) (172.18.0.7, executor 0, partition 39, PROCESS_LOCAL, 7356 bytes)
[2025-12-16T03:30:24.866+0000] {subprocess.py:106} INFO - 25/12/16 03:30:24 INFO BlockManagerInfo: Added rdd_40_24 in memory on 172.18.0.7:36801 (size: 46.0 B, free: 434.2 MiB)
[2025-12-16T03:30:24.868+0000] {subprocess.py:106} INFO - 25/12/16 03:30:24 INFO TaskSetManager: Starting task 40.0 in stage 13.0 (TID 149) (172.18.0.7, executor 0, partition 40, PROCESS_LOCAL, 7356 bytes)
[2025-12-16T03:30:24.870+0000] {subprocess.py:106} INFO - 25/12/16 03:30:24 INFO TaskSetManager: Finished task 22.0 in stage 13.0 (TID 131) in 262 ms on 172.18.0.7 (executor 0) (24/50)
[2025-12-16T03:30:24.871+0000] {subprocess.py:106} INFO - 25/12/16 03:30:24 INFO TaskSetManager: Finished task 15.0 in stage 13.0 (TID 124) in 290 ms on 172.18.0.7 (executor 0) (25/50)
[2025-12-16T03:30:24.872+0000] {subprocess.py:106} INFO - 25/12/16 03:30:24 INFO TaskSetManager: Finished task 16.0 in stage 13.0 (TID 125) in 293 ms on 172.18.0.7 (executor 0) (26/50)
[2025-12-16T03:30:24.894+0000] {subprocess.py:106} INFO - 25/12/16 03:30:24 INFO TaskSetManager: Starting task 41.0 in stage 13.0 (TID 150) (172.18.0.7, executor 0, partition 41, PROCESS_LOCAL, 7356 bytes)
[2025-12-16T03:30:24.895+0000] {subprocess.py:106} INFO - 25/12/16 03:30:24 INFO TaskSetManager: Starting task 43.0 in stage 13.0 (TID 151) (172.18.0.7, executor 0, partition 43, PROCESS_LOCAL, 7356 bytes)
[2025-12-16T03:30:24.896+0000] {subprocess.py:106} INFO - 25/12/16 03:30:24 INFO TaskSetManager: Starting task 44.0 in stage 13.0 (TID 152) (172.18.0.7, executor 0, partition 44, PROCESS_LOCAL, 7356 bytes)
[2025-12-16T03:30:24.897+0000] {subprocess.py:106} INFO - 25/12/16 03:30:24 INFO TaskSetManager: Finished task 30.0 in stage 13.0 (TID 139) in 254 ms on 172.18.0.7 (executor 0) (27/50)
[2025-12-16T03:30:24.898+0000] {subprocess.py:106} INFO - 25/12/16 03:30:24 INFO TaskSetManager: Finished task 29.0 in stage 13.0 (TID 138) in 255 ms on 172.18.0.7 (executor 0) (28/50)
[2025-12-16T03:30:24.899+0000] {subprocess.py:106} INFO - 25/12/16 03:30:24 INFO TaskSetManager: Finished task 28.0 in stage 13.0 (TID 137) in 260 ms on 172.18.0.7 (executor 0) (29/50)
[2025-12-16T03:30:24.911+0000] {subprocess.py:106} INFO - 25/12/16 03:30:24 INFO TaskSetManager: Starting task 45.0 in stage 13.0 (TID 153) (172.18.0.7, executor 0, partition 45, PROCESS_LOCAL, 7356 bytes)
[2025-12-16T03:30:24.912+0000] {subprocess.py:106} INFO - 25/12/16 03:30:24 INFO TaskSetManager: Finished task 24.0 in stage 13.0 (TID 133) in 313 ms on 172.18.0.7 (executor 0) (30/50)
[2025-12-16T03:30:24.920+0000] {subprocess.py:106} INFO - 25/12/16 03:30:24 INFO TaskSetManager: Starting task 46.0 in stage 13.0 (TID 154) (172.18.0.7, executor 0, partition 46, PROCESS_LOCAL, 7356 bytes)
[2025-12-16T03:30:24.921+0000] {subprocess.py:106} INFO - 25/12/16 03:30:24 INFO TaskSetManager: Finished task 27.0 in stage 13.0 (TID 136) in 285 ms on 172.18.0.7 (executor 0) (31/50)
[2025-12-16T03:30:24.922+0000] {subprocess.py:106} INFO - 25/12/16 03:30:24 INFO TaskSetManager: Starting task 47.0 in stage 13.0 (TID 155) (172.18.0.7, executor 0, partition 47, PROCESS_LOCAL, 7356 bytes)
[2025-12-16T03:30:24.923+0000] {subprocess.py:106} INFO - 25/12/16 03:30:24 INFO TaskSetManager: Finished task 26.0 in stage 13.0 (TID 135) in 290 ms on 172.18.0.7 (executor 0) (32/50)
[2025-12-16T03:30:24.931+0000] {subprocess.py:106} INFO - 25/12/16 03:30:24 INFO BlockManagerInfo: Added rdd_40_32 in memory on 172.18.0.7:36801 (size: 46.0 B, free: 434.2 MiB)
[2025-12-16T03:30:24.944+0000] {subprocess.py:106} INFO - 25/12/16 03:30:24 INFO BlockManagerInfo: Added rdd_40_31 in memory on 172.18.0.7:36801 (size: 46.0 B, free: 434.2 MiB)
[2025-12-16T03:30:24.947+0000] {subprocess.py:106} INFO - 25/12/16 03:30:24 INFO BlockManagerInfo: Added rdd_40_33 in memory on 172.18.0.7:36801 (size: 46.0 B, free: 434.2 MiB)
[2025-12-16T03:30:24.955+0000] {subprocess.py:106} INFO - 25/12/16 03:30:24 INFO BlockManagerInfo: Added rdd_40_36 in memory on 172.18.0.7:36801 (size: 46.0 B, free: 434.2 MiB)
[2025-12-16T03:30:24.956+0000] {subprocess.py:106} INFO - 25/12/16 03:30:24 INFO BlockManagerInfo: Added rdd_40_37 in memory on 172.18.0.7:36801 (size: 46.0 B, free: 434.2 MiB)
[2025-12-16T03:30:24.957+0000] {subprocess.py:106} INFO - 25/12/16 03:30:24 INFO BlockManagerInfo: Added rdd_40_35 in memory on 172.18.0.7:36801 (size: 46.0 B, free: 434.2 MiB)
[2025-12-16T03:30:24.959+0000] {subprocess.py:106} INFO - 25/12/16 03:30:24 INFO BlockManagerInfo: Added rdd_40_40 in memory on 172.18.0.7:36801 (size: 46.0 B, free: 434.2 MiB)
[2025-12-16T03:30:24.963+0000] {subprocess.py:106} INFO - 25/12/16 03:30:24 INFO BlockManagerInfo: Added rdd_40_34 in memory on 172.18.0.7:36801 (size: 46.0 B, free: 434.2 MiB)
[2025-12-16T03:30:24.969+0000] {subprocess.py:106} INFO - 25/12/16 03:30:24 INFO BlockManagerInfo: Added rdd_40_38 in memory on 172.18.0.7:36801 (size: 46.0 B, free: 434.2 MiB)
[2025-12-16T03:30:24.971+0000] {subprocess.py:106} INFO - 25/12/16 03:30:24 INFO BlockManagerInfo: Added rdd_40_39 in memory on 172.18.0.7:36801 (size: 46.0 B, free: 434.2 MiB)
[2025-12-16T03:30:24.976+0000] {subprocess.py:106} INFO - 25/12/16 03:30:24 INFO TaskSetManager: Starting task 48.0 in stage 13.0 (TID 156) (172.18.0.7, executor 0, partition 48, PROCESS_LOCAL, 7356 bytes)
[2025-12-16T03:30:24.978+0000] {subprocess.py:106} INFO - 25/12/16 03:30:24 INFO TaskSetManager: Starting task 49.0 in stage 13.0 (TID 157) (172.18.0.7, executor 0, partition 49, PROCESS_LOCAL, 7356 bytes)
[2025-12-16T03:30:24.983+0000] {subprocess.py:106} INFO - 25/12/16 03:30:24 INFO TaskSetManager: Finished task 31.0 in stage 13.0 (TID 140) in 171 ms on 172.18.0.7 (executor 0) (33/50)
[2025-12-16T03:30:24.985+0000] {subprocess.py:106} INFO - 25/12/16 03:30:24 INFO TaskSetManager: Finished task 33.0 in stage 13.0 (TID 142) in 151 ms on 172.18.0.7 (executor 0) (34/50)
[2025-12-16T03:30:24.987+0000] {subprocess.py:106} INFO - 25/12/16 03:30:24 INFO TaskSetManager: Finished task 32.0 in stage 13.0 (TID 141) in 175 ms on 172.18.0.7 (executor 0) (35/50)
[2025-12-16T03:30:24.988+0000] {subprocess.py:106} INFO - 25/12/16 03:30:24 INFO TaskSetManager: Finished task 35.0 in stage 13.0 (TID 144) in 150 ms on 172.18.0.7 (executor 0) (36/50)
[2025-12-16T03:30:25.011+0000] {subprocess.py:106} INFO - 25/12/16 03:30:24 INFO TaskSetManager: Finished task 36.0 in stage 13.0 (TID 145) in 161 ms on 172.18.0.7 (executor 0) (37/50)
[2025-12-16T03:30:25.015+0000] {subprocess.py:106} INFO - 25/12/16 03:30:25 INFO TaskSetManager: Finished task 37.0 in stage 13.0 (TID 146) in 161 ms on 172.18.0.7 (executor 0) (38/50)
[2025-12-16T03:30:25.017+0000] {subprocess.py:106} INFO - 25/12/16 03:30:25 INFO BlockManagerInfo: Added rdd_40_44 in memory on 172.18.0.7:36801 (size: 46.0 B, free: 434.2 MiB)
[2025-12-16T03:30:25.029+0000] {subprocess.py:106} INFO - 25/12/16 03:30:25 INFO TaskSetManager: Finished task 40.0 in stage 13.0 (TID 149) in 169 ms on 172.18.0.7 (executor 0) (39/50)
[2025-12-16T03:30:25.031+0000] {subprocess.py:106} INFO - 25/12/16 03:30:25 INFO TaskSetManager: Finished task 34.0 in stage 13.0 (TID 143) in 198 ms on 172.18.0.7 (executor 0) (40/50)
[2025-12-16T03:30:25.032+0000] {subprocess.py:106} INFO - 25/12/16 03:30:25 INFO TaskSetManager: Finished task 38.0 in stage 13.0 (TID 147) in 179 ms on 172.18.0.7 (executor 0) (41/50)
[2025-12-16T03:30:25.034+0000] {subprocess.py:106} INFO - 25/12/16 03:30:25 INFO TaskSetManager: Finished task 39.0 in stage 13.0 (TID 148) in 176 ms on 172.18.0.7 (executor 0) (42/50)
[2025-12-16T03:30:25.038+0000] {subprocess.py:106} INFO - 25/12/16 03:30:25 INFO BlockManagerInfo: Added rdd_40_43 in memory on 172.18.0.7:36801 (size: 46.0 B, free: 434.2 MiB)
[2025-12-16T03:30:25.043+0000] {subprocess.py:106} INFO - 25/12/16 03:30:25 INFO BlockManagerInfo: Added rdd_40_41 in memory on 172.18.0.7:36801 (size: 46.0 B, free: 434.2 MiB)
[2025-12-16T03:30:25.049+0000] {subprocess.py:106} INFO - 25/12/16 03:30:25 INFO BlockManagerInfo: Added rdd_40_47 in memory on 172.18.0.7:36801 (size: 46.0 B, free: 434.2 MiB)
[2025-12-16T03:30:25.051+0000] {subprocess.py:106} INFO - 25/12/16 03:30:25 INFO TaskSetManager: Finished task 44.0 in stage 13.0 (TID 152) in 155 ms on 172.18.0.7 (executor 0) (43/50)
[2025-12-16T03:30:25.077+0000] {subprocess.py:106} INFO - 25/12/16 03:30:25 INFO BlockManagerInfo: Added rdd_40_48 in memory on 172.18.0.7:36801 (size: 46.0 B, free: 434.2 MiB)
[2025-12-16T03:30:25.083+0000] {subprocess.py:106} INFO - 25/12/16 03:30:25 INFO BlockManagerInfo: Added rdd_40_45 in memory on 172.18.0.7:36801 (size: 46.0 B, free: 434.2 MiB)
[2025-12-16T03:30:25.084+0000] {subprocess.py:106} INFO - 25/12/16 03:30:25 INFO BlockManagerInfo: Added rdd_40_46 in memory on 172.18.0.7:36801 (size: 46.0 B, free: 434.2 MiB)
[2025-12-16T03:30:25.085+0000] {subprocess.py:106} INFO - 25/12/16 03:30:25 INFO TaskSetManager: Finished task 41.0 in stage 13.0 (TID 150) in 192 ms on 172.18.0.7 (executor 0) (44/50)
[2025-12-16T03:30:25.086+0000] {subprocess.py:106} INFO - 25/12/16 03:30:25 INFO TaskSetManager: Finished task 43.0 in stage 13.0 (TID 151) in 191 ms on 172.18.0.7 (executor 0) (45/50)
[2025-12-16T03:30:25.095+0000] {subprocess.py:106} INFO - 25/12/16 03:30:25 INFO BlockManagerInfo: Added rdd_40_49 in memory on 172.18.0.7:36801 (size: 46.0 B, free: 434.2 MiB)
[2025-12-16T03:30:25.097+0000] {subprocess.py:106} INFO - 25/12/16 03:30:25 INFO TaskSetManager: Finished task 47.0 in stage 13.0 (TID 155) in 176 ms on 172.18.0.7 (executor 0) (46/50)
[2025-12-16T03:30:25.114+0000] {subprocess.py:106} INFO - 25/12/16 03:30:25 INFO TaskSetManager: Finished task 48.0 in stage 13.0 (TID 156) in 138 ms on 172.18.0.7 (executor 0) (47/50)
[2025-12-16T03:30:25.115+0000] {subprocess.py:106} INFO - 25/12/16 03:30:25 INFO TaskSetManager: Finished task 45.0 in stage 13.0 (TID 153) in 204 ms on 172.18.0.7 (executor 0) (48/50)
[2025-12-16T03:30:25.115+0000] {subprocess.py:106} INFO - 25/12/16 03:30:25 INFO TaskSetManager: Finished task 46.0 in stage 13.0 (TID 154) in 195 ms on 172.18.0.7 (executor 0) (49/50)
[2025-12-16T03:30:25.124+0000] {subprocess.py:106} INFO - 25/12/16 03:30:25 INFO TaskSetManager: Finished task 49.0 in stage 13.0 (TID 157) in 146 ms on 172.18.0.7 (executor 0) (50/50)
[2025-12-16T03:30:25.125+0000] {subprocess.py:106} INFO - 25/12/16 03:30:25 INFO TaskSchedulerImpl: Removed TaskSet 13.0, whose tasks have all completed, from pool
[2025-12-16T03:30:25.126+0000] {subprocess.py:106} INFO - 25/12/16 03:30:25 INFO DAGScheduler: ShuffleMapStage 13 ($anonfun$recordDeltaOperationInternal$1 at DatabricksLogging.scala:128) finished in 0.804 s
[2025-12-16T03:30:25.127+0000] {subprocess.py:106} INFO - 25/12/16 03:30:25 INFO DAGScheduler: looking for newly runnable stages
[2025-12-16T03:30:25.127+0000] {subprocess.py:106} INFO - 25/12/16 03:30:25 INFO DAGScheduler: running: Set()
[2025-12-16T03:30:25.128+0000] {subprocess.py:106} INFO - 25/12/16 03:30:25 INFO DAGScheduler: waiting: Set()
[2025-12-16T03:30:25.128+0000] {subprocess.py:106} INFO - 25/12/16 03:30:25 INFO DAGScheduler: failed: Set()
[2025-12-16T03:30:25.168+0000] {subprocess.py:106} INFO - 25/12/16 03:30:25 INFO SparkContext: Starting job: $anonfun$recordDeltaOperationInternal$1 at DatabricksLogging.scala:128
[2025-12-16T03:30:25.170+0000] {subprocess.py:106} INFO - 25/12/16 03:30:25 INFO DAGScheduler: Got job 9 ($anonfun$recordDeltaOperationInternal$1 at DatabricksLogging.scala:128) with 1 output partitions
[2025-12-16T03:30:25.171+0000] {subprocess.py:106} INFO - 25/12/16 03:30:25 INFO DAGScheduler: Final stage: ResultStage 16 ($anonfun$recordDeltaOperationInternal$1 at DatabricksLogging.scala:128)
[2025-12-16T03:30:25.171+0000] {subprocess.py:106} INFO - 25/12/16 03:30:25 INFO DAGScheduler: Parents of final stage: List(ShuffleMapStage 15)
[2025-12-16T03:30:25.172+0000] {subprocess.py:106} INFO - 25/12/16 03:30:25 INFO DAGScheduler: Missing parents: List()
[2025-12-16T03:30:25.173+0000] {subprocess.py:106} INFO - 25/12/16 03:30:25 INFO DAGScheduler: Submitting ResultStage 16 (MapPartitionsRDD[46] at $anonfun$recordDeltaOperationInternal$1 at DatabricksLogging.scala:128), which has no missing parents
[2025-12-16T03:30:25.177+0000] {subprocess.py:106} INFO - 25/12/16 03:30:25 INFO MemoryStore: Block broadcast_16 stored as values in memory (estimated size 452.3 KiB, free 432.1 MiB)
[2025-12-16T03:30:25.180+0000] {subprocess.py:106} INFO - 25/12/16 03:30:25 INFO MemoryStore: Block broadcast_16_piece0 stored as bytes in memory (estimated size 108.0 KiB, free 432.0 MiB)
[2025-12-16T03:30:25.181+0000] {subprocess.py:106} INFO - 25/12/16 03:30:25 INFO BlockManagerInfo: Added broadcast_16_piece0 in memory on 3ad9a82189be:39783 (size: 108.0 KiB, free: 434.0 MiB)
[2025-12-16T03:30:25.182+0000] {subprocess.py:106} INFO - 25/12/16 03:30:25 INFO SparkContext: Created broadcast 16 from broadcast at DAGScheduler.scala:1535
[2025-12-16T03:30:25.182+0000] {subprocess.py:106} INFO - 25/12/16 03:30:25 INFO DAGScheduler: Submitting 1 missing tasks from ResultStage 16 (MapPartitionsRDD[46] at $anonfun$recordDeltaOperationInternal$1 at DatabricksLogging.scala:128) (first 15 tasks are for partitions Vector(0))
[2025-12-16T03:30:25.183+0000] {subprocess.py:106} INFO - 25/12/16 03:30:25 INFO TaskSchedulerImpl: Adding task set 16.0 with 1 tasks resource profile 0
[2025-12-16T03:30:25.184+0000] {subprocess.py:106} INFO - 25/12/16 03:30:25 INFO TaskSetManager: Starting task 0.0 in stage 16.0 (TID 158) (172.18.0.7, executor 0, partition 0, NODE_LOCAL, 7367 bytes)
[2025-12-16T03:30:25.196+0000] {subprocess.py:106} INFO - 25/12/16 03:30:25 INFO BlockManagerInfo: Added broadcast_16_piece0 in memory on 172.18.0.7:36801 (size: 108.0 KiB, free: 434.1 MiB)
[2025-12-16T03:30:25.208+0000] {subprocess.py:106} INFO - 25/12/16 03:30:25 INFO MapOutputTrackerMasterEndpoint: Asked to send map output locations for shuffle 3 to 172.18.0.7:43148
[2025-12-16T03:30:25.239+0000] {subprocess.py:106} INFO - 25/12/16 03:30:25 INFO TaskSetManager: Finished task 0.0 in stage 16.0 (TID 158) in 55 ms on 172.18.0.7 (executor 0) (1/1)
[2025-12-16T03:30:25.240+0000] {subprocess.py:106} INFO - 25/12/16 03:30:25 INFO TaskSchedulerImpl: Removed TaskSet 16.0, whose tasks have all completed, from pool
[2025-12-16T03:30:25.241+0000] {subprocess.py:106} INFO - 25/12/16 03:30:25 INFO DAGScheduler: ResultStage 16 ($anonfun$recordDeltaOperationInternal$1 at DatabricksLogging.scala:128) finished in 0.068 s
[2025-12-16T03:30:25.241+0000] {subprocess.py:106} INFO - 25/12/16 03:30:25 INFO DAGScheduler: Job 9 is finished. Cancelling potential speculative or zombie tasks for this job
[2025-12-16T03:30:25.241+0000] {subprocess.py:106} INFO - 25/12/16 03:30:25 INFO TaskSchedulerImpl: Killing all running tasks in stage 16: Stage finished
[2025-12-16T03:30:25.242+0000] {subprocess.py:106} INFO - 25/12/16 03:30:25 INFO DAGScheduler: Job 9 finished: $anonfun$recordDeltaOperationInternal$1 at DatabricksLogging.scala:128, took 0.072712 s
[2025-12-16T03:30:25.252+0000] {subprocess.py:106} INFO - 25/12/16 03:30:25 INFO Snapshot: [tableId=0e262853-9824-48c4-a6ca-dea8afceb846] DELTA: Done
[2025-12-16T03:30:25.383+0000] {subprocess.py:106} INFO - 25/12/16 03:30:25 INFO BlockManagerInfo: Removed broadcast_16_piece0 on 3ad9a82189be:39783 in memory (size: 108.0 KiB, free: 434.1 MiB)
[2025-12-16T03:30:25.386+0000] {subprocess.py:106} INFO - 25/12/16 03:30:25 INFO BlockManagerInfo: Removed broadcast_16_piece0 on 172.18.0.7:36801 in memory (size: 108.0 KiB, free: 434.2 MiB)
[2025-12-16T03:30:25.394+0000] {subprocess.py:106} INFO - 25/12/16 03:30:25 INFO BlockManagerInfo: Removed broadcast_15_piece0 on 3ad9a82189be:39783 in memory (size: 123.3 KiB, free: 434.2 MiB)
[2025-12-16T03:30:25.397+0000] {subprocess.py:106} INFO - 25/12/16 03:30:25 INFO BlockManagerInfo: Removed broadcast_15_piece0 on 172.18.0.7:36801 in memory (size: 123.3 KiB, free: 434.3 MiB)
[2025-12-16T03:30:25.399+0000] {subprocess.py:106} INFO - 25/12/16 03:30:25 INFO SparkContext: Starting job: $anonfun$recordDeltaOperationInternal$1 at DatabricksLogging.scala:128
[2025-12-16T03:30:25.401+0000] {subprocess.py:106} INFO - 25/12/16 03:30:25 INFO DAGScheduler: Got job 10 ($anonfun$recordDeltaOperationInternal$1 at DatabricksLogging.scala:128) with 50 output partitions
[2025-12-16T03:30:25.402+0000] {subprocess.py:106} INFO - 25/12/16 03:30:25 INFO DAGScheduler: Final stage: ResultStage 18 ($anonfun$recordDeltaOperationInternal$1 at DatabricksLogging.scala:128)
[2025-12-16T03:30:25.402+0000] {subprocess.py:106} INFO - 25/12/16 03:30:25 INFO DAGScheduler: Parents of final stage: List(ShuffleMapStage 17)
[2025-12-16T03:30:25.403+0000] {subprocess.py:106} INFO - 25/12/16 03:30:25 INFO DAGScheduler: Missing parents: List()
[2025-12-16T03:30:25.404+0000] {subprocess.py:106} INFO - 25/12/16 03:30:25 INFO DAGScheduler: Submitting ResultStage 18 (MapPartitionsRDD[48] at $anonfun$recordDeltaOperationInternal$1 at DatabricksLogging.scala:128), which has no missing parents
[2025-12-16T03:30:25.411+0000] {subprocess.py:106} INFO - 25/12/16 03:30:25 INFO MemoryStore: Block broadcast_17 stored as values in memory (estimated size 592.2 KiB, free 432.6 MiB)
[2025-12-16T03:30:25.413+0000] {subprocess.py:106} INFO - 25/12/16 03:30:25 INFO MemoryStore: Block broadcast_17_piece0 stored as bytes in memory (estimated size 138.5 KiB, free 432.5 MiB)
[2025-12-16T03:30:25.414+0000] {subprocess.py:106} INFO - 25/12/16 03:30:25 INFO BlockManagerInfo: Added broadcast_17_piece0 in memory on 3ad9a82189be:39783 (size: 138.5 KiB, free: 434.1 MiB)
[2025-12-16T03:30:25.415+0000] {subprocess.py:106} INFO - 25/12/16 03:30:25 INFO SparkContext: Created broadcast 17 from broadcast at DAGScheduler.scala:1535
[2025-12-16T03:30:25.415+0000] {subprocess.py:106} INFO - 25/12/16 03:30:25 INFO DAGScheduler: Submitting 50 missing tasks from ResultStage 18 (MapPartitionsRDD[48] at $anonfun$recordDeltaOperationInternal$1 at DatabricksLogging.scala:128) (first 15 tasks are for partitions Vector(0, 1, 2, 3, 4, 5, 6, 7, 8, 9, 10, 11, 12, 13, 14))
[2025-12-16T03:30:25.416+0000] {subprocess.py:106} INFO - 25/12/16 03:30:25 INFO TaskSchedulerImpl: Adding task set 18.0 with 50 tasks resource profile 0
[2025-12-16T03:30:25.417+0000] {subprocess.py:106} INFO - 25/12/16 03:30:25 INFO TaskSetManager: Starting task 0.0 in stage 18.0 (TID 159) (172.18.0.7, executor 0, partition 0, PROCESS_LOCAL, 7367 bytes)
[2025-12-16T03:30:25.419+0000] {subprocess.py:106} INFO - 25/12/16 03:30:25 INFO TaskSetManager: Starting task 1.0 in stage 18.0 (TID 160) (172.18.0.7, executor 0, partition 1, PROCESS_LOCAL, 7367 bytes)
[2025-12-16T03:30:25.419+0000] {subprocess.py:106} INFO - 25/12/16 03:30:25 INFO TaskSetManager: Starting task 2.0 in stage 18.0 (TID 161) (172.18.0.7, executor 0, partition 2, PROCESS_LOCAL, 7367 bytes)
[2025-12-16T03:30:25.420+0000] {subprocess.py:106} INFO - 25/12/16 03:30:25 INFO TaskSetManager: Starting task 3.0 in stage 18.0 (TID 162) (172.18.0.7, executor 0, partition 3, PROCESS_LOCAL, 7367 bytes)
[2025-12-16T03:30:25.421+0000] {subprocess.py:106} INFO - 25/12/16 03:30:25 INFO TaskSetManager: Starting task 4.0 in stage 18.0 (TID 163) (172.18.0.7, executor 0, partition 4, PROCESS_LOCAL, 7367 bytes)
[2025-12-16T03:30:25.421+0000] {subprocess.py:106} INFO - 25/12/16 03:30:25 INFO TaskSetManager: Starting task 5.0 in stage 18.0 (TID 164) (172.18.0.7, executor 0, partition 5, PROCESS_LOCAL, 7367 bytes)
[2025-12-16T03:30:25.422+0000] {subprocess.py:106} INFO - 25/12/16 03:30:25 INFO TaskSetManager: Starting task 6.0 in stage 18.0 (TID 165) (172.18.0.7, executor 0, partition 6, PROCESS_LOCAL, 7367 bytes)
[2025-12-16T03:30:25.423+0000] {subprocess.py:106} INFO - 25/12/16 03:30:25 INFO TaskSetManager: Starting task 7.0 in stage 18.0 (TID 166) (172.18.0.7, executor 0, partition 7, PROCESS_LOCAL, 7367 bytes)
[2025-12-16T03:30:25.423+0000] {subprocess.py:106} INFO - 25/12/16 03:30:25 INFO TaskSetManager: Starting task 8.0 in stage 18.0 (TID 167) (172.18.0.7, executor 0, partition 8, PROCESS_LOCAL, 7367 bytes)
[2025-12-16T03:30:25.424+0000] {subprocess.py:106} INFO - 25/12/16 03:30:25 INFO TaskSetManager: Starting task 9.0 in stage 18.0 (TID 168) (172.18.0.7, executor 0, partition 9, PROCESS_LOCAL, 7367 bytes)
[2025-12-16T03:30:25.425+0000] {subprocess.py:106} INFO - 25/12/16 03:30:25 INFO TaskSetManager: Starting task 10.0 in stage 18.0 (TID 169) (172.18.0.7, executor 0, partition 10, PROCESS_LOCAL, 7367 bytes)
[2025-12-16T03:30:25.425+0000] {subprocess.py:106} INFO - 25/12/16 03:30:25 INFO TaskSetManager: Starting task 11.0 in stage 18.0 (TID 170) (172.18.0.7, executor 0, partition 11, PROCESS_LOCAL, 7367 bytes)
[2025-12-16T03:30:25.426+0000] {subprocess.py:106} INFO - 25/12/16 03:30:25 INFO TaskSetManager: Starting task 12.0 in stage 18.0 (TID 171) (172.18.0.7, executor 0, partition 12, PROCESS_LOCAL, 7367 bytes)
[2025-12-16T03:30:25.426+0000] {subprocess.py:106} INFO - 25/12/16 03:30:25 INFO TaskSetManager: Starting task 13.0 in stage 18.0 (TID 172) (172.18.0.7, executor 0, partition 13, PROCESS_LOCAL, 7367 bytes)
[2025-12-16T03:30:25.427+0000] {subprocess.py:106} INFO - 25/12/16 03:30:25 INFO TaskSetManager: Starting task 14.0 in stage 18.0 (TID 173) (172.18.0.7, executor 0, partition 14, PROCESS_LOCAL, 7367 bytes)
[2025-12-16T03:30:25.427+0000] {subprocess.py:106} INFO - 25/12/16 03:30:25 INFO TaskSetManager: Starting task 15.0 in stage 18.0 (TID 174) (172.18.0.7, executor 0, partition 15, PROCESS_LOCAL, 7367 bytes)
[2025-12-16T03:30:25.446+0000] {subprocess.py:106} INFO - 25/12/16 03:30:25 INFO BlockManagerInfo: Added broadcast_17_piece0 in memory on 172.18.0.7:36801 (size: 138.5 KiB, free: 434.2 MiB)
[2025-12-16T03:30:25.467+0000] {subprocess.py:106} INFO - 25/12/16 03:30:25 INFO TaskSetManager: Starting task 16.0 in stage 18.0 (TID 175) (172.18.0.7, executor 0, partition 16, PROCESS_LOCAL, 7367 bytes)
[2025-12-16T03:30:25.471+0000] {subprocess.py:106} INFO - 25/12/16 03:30:25 INFO TaskSetManager: Finished task 11.0 in stage 18.0 (TID 170) in 47 ms on 172.18.0.7 (executor 0) (1/50)
[2025-12-16T03:30:25.472+0000] {subprocess.py:106} INFO - 25/12/16 03:30:25 INFO TaskSetManager: Starting task 17.0 in stage 18.0 (TID 176) (172.18.0.7, executor 0, partition 17, PROCESS_LOCAL, 7367 bytes)
[2025-12-16T03:30:25.473+0000] {subprocess.py:106} INFO - 25/12/16 03:30:25 INFO TaskSetManager: Finished task 6.0 in stage 18.0 (TID 165) in 51 ms on 172.18.0.7 (executor 0) (2/50)
[2025-12-16T03:30:25.474+0000] {subprocess.py:106} INFO - 25/12/16 03:30:25 INFO TaskSetManager: Starting task 18.0 in stage 18.0 (TID 177) (172.18.0.7, executor 0, partition 18, PROCESS_LOCAL, 7367 bytes)
[2025-12-16T03:30:25.475+0000] {subprocess.py:106} INFO - 25/12/16 03:30:25 INFO TaskSetManager: Starting task 19.0 in stage 18.0 (TID 178) (172.18.0.7, executor 0, partition 19, PROCESS_LOCAL, 7367 bytes)
[2025-12-16T03:30:25.476+0000] {subprocess.py:106} INFO - 25/12/16 03:30:25 INFO TaskSetManager: Starting task 20.0 in stage 18.0 (TID 179) (172.18.0.7, executor 0, partition 20, PROCESS_LOCAL, 7367 bytes)
[2025-12-16T03:30:25.477+0000] {subprocess.py:106} INFO - 25/12/16 03:30:25 INFO TaskSetManager: Starting task 21.0 in stage 18.0 (TID 180) (172.18.0.7, executor 0, partition 21, PROCESS_LOCAL, 7367 bytes)
[2025-12-16T03:30:25.478+0000] {subprocess.py:106} INFO - 25/12/16 03:30:25 INFO TaskSetManager: Finished task 8.0 in stage 18.0 (TID 167) in 56 ms on 172.18.0.7 (executor 0) (3/50)
[2025-12-16T03:30:25.479+0000] {subprocess.py:106} INFO - 25/12/16 03:30:25 INFO TaskSetManager: Finished task 3.0 in stage 18.0 (TID 162) in 58 ms on 172.18.0.7 (executor 0) (4/50)
[2025-12-16T03:30:25.480+0000] {subprocess.py:106} INFO - 25/12/16 03:30:25 INFO TaskSetManager: Finished task 9.0 in stage 18.0 (TID 168) in 56 ms on 172.18.0.7 (executor 0) (5/50)
[2025-12-16T03:30:25.481+0000] {subprocess.py:106} INFO - 25/12/16 03:30:25 INFO TaskSetManager: Finished task 0.0 in stage 18.0 (TID 159) in 60 ms on 172.18.0.7 (executor 0) (6/50)
[2025-12-16T03:30:25.482+0000] {subprocess.py:106} INFO - 25/12/16 03:30:25 INFO TaskSetManager: Starting task 22.0 in stage 18.0 (TID 181) (172.18.0.7, executor 0, partition 22, PROCESS_LOCAL, 7367 bytes)
[2025-12-16T03:30:25.484+0000] {subprocess.py:106} INFO - 25/12/16 03:30:25 INFO TaskSetManager: Starting task 23.0 in stage 18.0 (TID 182) (172.18.0.7, executor 0, partition 23, PROCESS_LOCAL, 7367 bytes)
[2025-12-16T03:30:25.485+0000] {subprocess.py:106} INFO - 25/12/16 03:30:25 INFO TaskSetManager: Finished task 14.0 in stage 18.0 (TID 173) in 60 ms on 172.18.0.7 (executor 0) (7/50)
[2025-12-16T03:30:25.486+0000] {subprocess.py:106} INFO - 25/12/16 03:30:25 INFO TaskSetManager: Starting task 24.0 in stage 18.0 (TID 183) (172.18.0.7, executor 0, partition 24, PROCESS_LOCAL, 7367 bytes)
[2025-12-16T03:30:25.487+0000] {subprocess.py:106} INFO - 25/12/16 03:30:25 INFO TaskSetManager: Finished task 7.0 in stage 18.0 (TID 166) in 64 ms on 172.18.0.7 (executor 0) (8/50)
[2025-12-16T03:30:25.488+0000] {subprocess.py:106} INFO - 25/12/16 03:30:25 INFO TaskSetManager: Starting task 25.0 in stage 18.0 (TID 184) (172.18.0.7, executor 0, partition 25, PROCESS_LOCAL, 7367 bytes)
[2025-12-16T03:30:25.493+0000] {subprocess.py:106} INFO - 25/12/16 03:30:25 INFO TaskSetManager: Finished task 2.0 in stage 18.0 (TID 161) in 71 ms on 172.18.0.7 (executor 0) (9/50)
[2025-12-16T03:30:25.494+0000] {subprocess.py:106} INFO - 25/12/16 03:30:25 INFO TaskSetManager: Starting task 26.0 in stage 18.0 (TID 185) (172.18.0.7, executor 0, partition 26, PROCESS_LOCAL, 7367 bytes)
[2025-12-16T03:30:25.495+0000] {subprocess.py:106} INFO - 25/12/16 03:30:25 INFO TaskSetManager: Starting task 27.0 in stage 18.0 (TID 186) (172.18.0.7, executor 0, partition 27, PROCESS_LOCAL, 7367 bytes)
[2025-12-16T03:30:25.497+0000] {subprocess.py:106} INFO - 25/12/16 03:30:25 INFO TaskSetManager: Starting task 28.0 in stage 18.0 (TID 187) (172.18.0.7, executor 0, partition 28, PROCESS_LOCAL, 7367 bytes)
[2025-12-16T03:30:25.498+0000] {subprocess.py:106} INFO - 25/12/16 03:30:25 INFO TaskSetManager: Finished task 4.0 in stage 18.0 (TID 163) in 78 ms on 172.18.0.7 (executor 0) (10/50)
[2025-12-16T03:30:25.500+0000] {subprocess.py:106} INFO - 25/12/16 03:30:25 INFO TaskSetManager: Starting task 29.0 in stage 18.0 (TID 188) (172.18.0.7, executor 0, partition 29, PROCESS_LOCAL, 7367 bytes)
[2025-12-16T03:30:25.501+0000] {subprocess.py:106} INFO - 25/12/16 03:30:25 INFO TaskSetManager: Starting task 30.0 in stage 18.0 (TID 189) (172.18.0.7, executor 0, partition 30, PROCESS_LOCAL, 7367 bytes)
[2025-12-16T03:30:25.503+0000] {subprocess.py:106} INFO - 25/12/16 03:30:25 INFO TaskSetManager: Starting task 31.0 in stage 18.0 (TID 190) (172.18.0.7, executor 0, partition 31, PROCESS_LOCAL, 7367 bytes)
[2025-12-16T03:30:25.505+0000] {subprocess.py:106} INFO - 25/12/16 03:30:25 INFO TaskSetManager: Starting task 32.0 in stage 18.0 (TID 191) (172.18.0.7, executor 0, partition 32, PROCESS_LOCAL, 7367 bytes)
[2025-12-16T03:30:25.507+0000] {subprocess.py:106} INFO - 25/12/16 03:30:25 INFO TaskSetManager: Starting task 33.0 in stage 18.0 (TID 192) (172.18.0.7, executor 0, partition 33, PROCESS_LOCAL, 7367 bytes)
[2025-12-16T03:30:25.508+0000] {subprocess.py:106} INFO - 25/12/16 03:30:25 INFO TaskSetManager: Finished task 12.0 in stage 18.0 (TID 171) in 86 ms on 172.18.0.7 (executor 0) (11/50)
[2025-12-16T03:30:25.509+0000] {subprocess.py:106} INFO - 25/12/16 03:30:25 INFO TaskSetManager: Finished task 1.0 in stage 18.0 (TID 160) in 90 ms on 172.18.0.7 (executor 0) (12/50)
[2025-12-16T03:30:25.510+0000] {subprocess.py:106} INFO - 25/12/16 03:30:25 INFO TaskSetManager: Finished task 5.0 in stage 18.0 (TID 164) in 90 ms on 172.18.0.7 (executor 0) (13/50)
[2025-12-16T03:30:25.512+0000] {subprocess.py:106} INFO - 25/12/16 03:30:25 INFO TaskSetManager: Finished task 10.0 in stage 18.0 (TID 169) in 89 ms on 172.18.0.7 (executor 0) (14/50)
[2025-12-16T03:30:25.513+0000] {subprocess.py:106} INFO - 25/12/16 03:30:25 INFO TaskSetManager: Finished task 17.0 in stage 18.0 (TID 176) in 41 ms on 172.18.0.7 (executor 0) (15/50)
[2025-12-16T03:30:25.514+0000] {subprocess.py:106} INFO - 25/12/16 03:30:25 INFO TaskSetManager: Finished task 13.0 in stage 18.0 (TID 172) in 89 ms on 172.18.0.7 (executor 0) (16/50)
[2025-12-16T03:30:25.515+0000] {subprocess.py:106} INFO - 25/12/16 03:30:25 INFO TaskSetManager: Finished task 18.0 in stage 18.0 (TID 177) in 41 ms on 172.18.0.7 (executor 0) (17/50)
[2025-12-16T03:30:25.516+0000] {subprocess.py:106} INFO - 25/12/16 03:30:25 INFO TaskSetManager: Starting task 34.0 in stage 18.0 (TID 193) (172.18.0.7, executor 0, partition 34, PROCESS_LOCAL, 7367 bytes)
[2025-12-16T03:30:25.517+0000] {subprocess.py:106} INFO - 25/12/16 03:30:25 INFO TaskSetManager: Finished task 15.0 in stage 18.0 (TID 174) in 92 ms on 172.18.0.7 (executor 0) (18/50)
[2025-12-16T03:30:25.519+0000] {subprocess.py:106} INFO - 25/12/16 03:30:25 INFO TaskSetManager: Starting task 35.0 in stage 18.0 (TID 194) (172.18.0.7, executor 0, partition 35, PROCESS_LOCAL, 7367 bytes)
[2025-12-16T03:30:25.520+0000] {subprocess.py:106} INFO - 25/12/16 03:30:25 INFO TaskSetManager: Finished task 16.0 in stage 18.0 (TID 175) in 49 ms on 172.18.0.7 (executor 0) (19/50)
[2025-12-16T03:30:25.521+0000] {subprocess.py:106} INFO - 25/12/16 03:30:25 INFO TaskSetManager: Starting task 36.0 in stage 18.0 (TID 195) (172.18.0.7, executor 0, partition 36, PROCESS_LOCAL, 7367 bytes)
[2025-12-16T03:30:25.521+0000] {subprocess.py:106} INFO - 25/12/16 03:30:25 INFO TaskSetManager: Starting task 37.0 in stage 18.0 (TID 196) (172.18.0.7, executor 0, partition 37, PROCESS_LOCAL, 7367 bytes)
[2025-12-16T03:30:25.522+0000] {subprocess.py:106} INFO - 25/12/16 03:30:25 INFO TaskSetManager: Finished task 19.0 in stage 18.0 (TID 178) in 46 ms on 172.18.0.7 (executor 0) (20/50)
[2025-12-16T03:30:25.523+0000] {subprocess.py:106} INFO - 25/12/16 03:30:25 INFO TaskSetManager: Starting task 38.0 in stage 18.0 (TID 197) (172.18.0.7, executor 0, partition 38, PROCESS_LOCAL, 7367 bytes)
[2025-12-16T03:30:25.524+0000] {subprocess.py:106} INFO - 25/12/16 03:30:25 INFO TaskSetManager: Finished task 20.0 in stage 18.0 (TID 179) in 46 ms on 172.18.0.7 (executor 0) (21/50)
[2025-12-16T03:30:25.526+0000] {subprocess.py:106} INFO - 25/12/16 03:30:25 INFO TaskSetManager: Finished task 22.0 in stage 18.0 (TID 181) in 41 ms on 172.18.0.7 (executor 0) (22/50)
[2025-12-16T03:30:25.527+0000] {subprocess.py:106} INFO - 25/12/16 03:30:25 INFO TaskSetManager: Starting task 39.0 in stage 18.0 (TID 198) (172.18.0.7, executor 0, partition 39, PROCESS_LOCAL, 7367 bytes)
[2025-12-16T03:30:25.528+0000] {subprocess.py:106} INFO - 25/12/16 03:30:25 INFO TaskSetManager: Finished task 21.0 in stage 18.0 (TID 180) in 47 ms on 172.18.0.7 (executor 0) (23/50)
[2025-12-16T03:30:25.529+0000] {subprocess.py:106} INFO - 25/12/16 03:30:25 INFO TaskSetManager: Starting task 40.0 in stage 18.0 (TID 199) (172.18.0.7, executor 0, partition 40, PROCESS_LOCAL, 7367 bytes)
[2025-12-16T03:30:25.530+0000] {subprocess.py:106} INFO - 25/12/16 03:30:25 INFO TaskSetManager: Finished task 23.0 in stage 18.0 (TID 182) in 42 ms on 172.18.0.7 (executor 0) (24/50)
[2025-12-16T03:30:25.535+0000] {subprocess.py:106} INFO - 25/12/16 03:30:25 INFO TaskSetManager: Finished task 25.0 in stage 18.0 (TID 184) in 41 ms on 172.18.0.7 (executor 0) (25/50)
[2025-12-16T03:30:25.536+0000] {subprocess.py:106} INFO - 25/12/16 03:30:25 INFO TaskSetManager: Starting task 41.0 in stage 18.0 (TID 200) (172.18.0.7, executor 0, partition 41, PROCESS_LOCAL, 7367 bytes)
[2025-12-16T03:30:25.539+0000] {subprocess.py:106} INFO - 25/12/16 03:30:25 INFO TaskSetManager: Finished task 24.0 in stage 18.0 (TID 183) in 45 ms on 172.18.0.7 (executor 0) (26/50)
[2025-12-16T03:30:25.541+0000] {subprocess.py:106} INFO - 25/12/16 03:30:25 INFO TaskSetManager: Starting task 42.0 in stage 18.0 (TID 201) (172.18.0.7, executor 0, partition 42, PROCESS_LOCAL, 7367 bytes)
[2025-12-16T03:30:25.543+0000] {subprocess.py:106} INFO - 25/12/16 03:30:25 INFO TaskSetManager: Starting task 43.0 in stage 18.0 (TID 202) (172.18.0.7, executor 0, partition 43, PROCESS_LOCAL, 7367 bytes)
[2025-12-16T03:30:25.545+0000] {subprocess.py:106} INFO - 25/12/16 03:30:25 INFO TaskSetManager: Finished task 27.0 in stage 18.0 (TID 186) in 44 ms on 172.18.0.7 (executor 0) (27/50)
[2025-12-16T03:30:25.546+0000] {subprocess.py:106} INFO - 25/12/16 03:30:25 INFO TaskSetManager: Finished task 26.0 in stage 18.0 (TID 185) in 51 ms on 172.18.0.7 (executor 0) (28/50)
[2025-12-16T03:30:25.547+0000] {subprocess.py:106} INFO - 25/12/16 03:30:25 INFO TaskSetManager: Starting task 44.0 in stage 18.0 (TID 203) (172.18.0.7, executor 0, partition 44, PROCESS_LOCAL, 7367 bytes)
[2025-12-16T03:30:25.548+0000] {subprocess.py:106} INFO - 25/12/16 03:30:25 INFO TaskSetManager: Finished task 29.0 in stage 18.0 (TID 188) in 46 ms on 172.18.0.7 (executor 0) (29/50)
[2025-12-16T03:30:25.549+0000] {subprocess.py:106} INFO - 25/12/16 03:30:25 INFO TaskSetManager: Starting task 45.0 in stage 18.0 (TID 204) (172.18.0.7, executor 0, partition 45, PROCESS_LOCAL, 7367 bytes)
[2025-12-16T03:30:25.550+0000] {subprocess.py:106} INFO - 25/12/16 03:30:25 INFO TaskSetManager: Finished task 28.0 in stage 18.0 (TID 187) in 57 ms on 172.18.0.7 (executor 0) (30/50)
[2025-12-16T03:30:25.552+0000] {subprocess.py:106} INFO - 25/12/16 03:30:25 INFO TaskSetManager: Starting task 46.0 in stage 18.0 (TID 205) (172.18.0.7, executor 0, partition 46, PROCESS_LOCAL, 7367 bytes)
[2025-12-16T03:30:25.553+0000] {subprocess.py:106} INFO - 25/12/16 03:30:25 INFO TaskSetManager: Finished task 31.0 in stage 18.0 (TID 190) in 48 ms on 172.18.0.7 (executor 0) (31/50)
[2025-12-16T03:30:25.554+0000] {subprocess.py:106} INFO - 25/12/16 03:30:25 INFO TaskSetManager: Starting task 47.0 in stage 18.0 (TID 206) (172.18.0.7, executor 0, partition 47, PROCESS_LOCAL, 7367 bytes)
[2025-12-16T03:30:25.555+0000] {subprocess.py:106} INFO - 25/12/16 03:30:25 INFO TaskSetManager: Finished task 30.0 in stage 18.0 (TID 189) in 53 ms on 172.18.0.7 (executor 0) (32/50)
[2025-12-16T03:30:25.559+0000] {subprocess.py:106} INFO - 25/12/16 03:30:25 INFO TaskSetManager: Starting task 48.0 in stage 18.0 (TID 207) (172.18.0.7, executor 0, partition 48, PROCESS_LOCAL, 7367 bytes)
[2025-12-16T03:30:25.561+0000] {subprocess.py:106} INFO - 25/12/16 03:30:25 INFO TaskSetManager: Finished task 33.0 in stage 18.0 (TID 192) in 50 ms on 172.18.0.7 (executor 0) (33/50)
[2025-12-16T03:30:25.571+0000] {subprocess.py:106} INFO - 25/12/16 03:30:25 INFO TaskSetManager: Starting task 49.0 in stage 18.0 (TID 208) (172.18.0.7, executor 0, partition 49, PROCESS_LOCAL, 7367 bytes)
[2025-12-16T03:30:25.575+0000] {subprocess.py:106} INFO - 25/12/16 03:30:25 INFO TaskSetManager: Finished task 32.0 in stage 18.0 (TID 191) in 70 ms on 172.18.0.7 (executor 0) (34/50)
[2025-12-16T03:30:25.577+0000] {subprocess.py:106} INFO - 25/12/16 03:30:25 INFO TaskSetManager: Finished task 34.0 in stage 18.0 (TID 193) in 61 ms on 172.18.0.7 (executor 0) (35/50)
[2025-12-16T03:30:25.578+0000] {subprocess.py:106} INFO - 25/12/16 03:30:25 INFO TaskSetManager: Finished task 42.0 in stage 18.0 (TID 201) in 44 ms on 172.18.0.7 (executor 0) (36/50)
[2025-12-16T03:30:25.582+0000] {subprocess.py:106} INFO - 25/12/16 03:30:25 INFO TaskSetManager: Finished task 35.0 in stage 18.0 (TID 194) in 60 ms on 172.18.0.7 (executor 0) (37/50)
[2025-12-16T03:30:25.583+0000] {subprocess.py:106} INFO - 25/12/16 03:30:25 INFO TaskSetManager: Finished task 41.0 in stage 18.0 (TID 200) in 50 ms on 172.18.0.7 (executor 0) (38/50)
[2025-12-16T03:30:25.585+0000] {subprocess.py:106} INFO - 25/12/16 03:30:25 INFO TaskSetManager: Finished task 36.0 in stage 18.0 (TID 195) in 66 ms on 172.18.0.7 (executor 0) (39/50)
[2025-12-16T03:30:25.586+0000] {subprocess.py:106} INFO - 25/12/16 03:30:25 INFO TaskSetManager: Finished task 39.0 in stage 18.0 (TID 198) in 64 ms on 172.18.0.7 (executor 0) (40/50)
[2025-12-16T03:30:25.589+0000] {subprocess.py:106} INFO - 25/12/16 03:30:25 INFO TaskSetManager: Finished task 37.0 in stage 18.0 (TID 196) in 67 ms on 172.18.0.7 (executor 0) (41/50)
[2025-12-16T03:30:25.590+0000] {subprocess.py:106} INFO - 25/12/16 03:30:25 INFO TaskSetManager: Finished task 43.0 in stage 18.0 (TID 202) in 52 ms on 172.18.0.7 (executor 0) (42/50)
[2025-12-16T03:30:25.591+0000] {subprocess.py:106} INFO - 25/12/16 03:30:25 INFO TaskSetManager: Finished task 45.0 in stage 18.0 (TID 204) in 43 ms on 172.18.0.7 (executor 0) (43/50)
[2025-12-16T03:30:25.593+0000] {subprocess.py:106} INFO - 25/12/16 03:30:25 INFO TaskSetManager: Finished task 44.0 in stage 18.0 (TID 203) in 48 ms on 172.18.0.7 (executor 0) (44/50)
[2025-12-16T03:30:25.599+0000] {subprocess.py:106} INFO - 25/12/16 03:30:25 INFO TaskSetManager: Finished task 38.0 in stage 18.0 (TID 197) in 77 ms on 172.18.0.7 (executor 0) (45/50)
[2025-12-16T03:30:25.600+0000] {subprocess.py:106} INFO - 25/12/16 03:30:25 INFO TaskSetManager: Finished task 40.0 in stage 18.0 (TID 199) in 75 ms on 172.18.0.7 (executor 0) (46/50)
[2025-12-16T03:30:25.601+0000] {subprocess.py:106} INFO - 25/12/16 03:30:25 INFO TaskSetManager: Finished task 48.0 in stage 18.0 (TID 207) in 43 ms on 172.18.0.7 (executor 0) (47/50)
[2025-12-16T03:30:25.602+0000] {subprocess.py:106} INFO - 25/12/16 03:30:25 INFO TaskSetManager: Finished task 46.0 in stage 18.0 (TID 205) in 50 ms on 172.18.0.7 (executor 0) (48/50)
[2025-12-16T03:30:25.603+0000] {subprocess.py:106} INFO - 25/12/16 03:30:25 INFO TaskSetManager: Finished task 47.0 in stage 18.0 (TID 206) in 48 ms on 172.18.0.7 (executor 0) (49/50)
[2025-12-16T03:30:25.605+0000] {subprocess.py:106} INFO - 25/12/16 03:30:25 INFO TaskSetManager: Finished task 49.0 in stage 18.0 (TID 208) in 35 ms on 172.18.0.7 (executor 0) (50/50)
[2025-12-16T03:30:25.606+0000] {subprocess.py:106} INFO - 25/12/16 03:30:25 INFO TaskSchedulerImpl: Removed TaskSet 18.0, whose tasks have all completed, from pool
[2025-12-16T03:30:25.607+0000] {subprocess.py:106} INFO - 25/12/16 03:30:25 INFO DAGScheduler: ResultStage 18 ($anonfun$recordDeltaOperationInternal$1 at DatabricksLogging.scala:128) finished in 0.201 s
[2025-12-16T03:30:25.608+0000] {subprocess.py:106} INFO - 25/12/16 03:30:25 INFO DAGScheduler: Job 10 is finished. Cancelling potential speculative or zombie tasks for this job
[2025-12-16T03:30:25.608+0000] {subprocess.py:106} INFO - 25/12/16 03:30:25 INFO TaskSchedulerImpl: Killing all running tasks in stage 18: Stage finished
[2025-12-16T03:30:25.609+0000] {subprocess.py:106} INFO - 25/12/16 03:30:25 INFO DAGScheduler: Job 10 finished: $anonfun$recordDeltaOperationInternal$1 at DatabricksLogging.scala:128, took 0.207617 s
[2025-12-16T03:30:25.667+0000] {subprocess.py:106} INFO - 25/12/16 03:30:25 INFO OptimisticTransaction: [tableId=0e262853,txnId=4809fb61] Attempting to commit version 1 with 3 actions with Serializable isolation level
[2025-12-16T03:30:26.012+0000] {subprocess.py:106} INFO - 25/12/16 03:30:26 INFO DeltaLog: Creating a new snapshot v1 for commit version 1
[2025-12-16T03:30:26.013+0000] {subprocess.py:106} INFO - 25/12/16 03:30:26 INFO DeltaLog: Loading version 1.
[2025-12-16T03:30:26.018+0000] {subprocess.py:106} INFO - 25/12/16 03:30:26 INFO DeltaLogFileIndex: Created DeltaLogFileIndex(JSON, numFilesInSegment: 2, totalFileSize: 3804)
[2025-12-16T03:30:26.054+0000] {subprocess.py:106} INFO - 25/12/16 03:30:26 INFO FileSourceStrategy: Pushed Filters:
[2025-12-16T03:30:26.055+0000] {subprocess.py:106} INFO - 25/12/16 03:30:26 INFO FileSourceStrategy: Post-Scan Filters:
[2025-12-16T03:30:26.073+0000] {subprocess.py:106} INFO - 25/12/16 03:30:26 INFO MemoryStore: Block broadcast_18 stored as values in memory (estimated size 212.9 KiB, free 432.3 MiB)
[2025-12-16T03:30:26.084+0000] {subprocess.py:106} INFO - 25/12/16 03:30:26 INFO MemoryStore: Block broadcast_18_piece0 stored as bytes in memory (estimated size 36.3 KiB, free 432.2 MiB)
[2025-12-16T03:30:26.085+0000] {subprocess.py:106} INFO - 25/12/16 03:30:26 INFO BlockManagerInfo: Added broadcast_18_piece0 in memory on 3ad9a82189be:39783 (size: 36.3 KiB, free: 434.1 MiB)
[2025-12-16T03:30:26.086+0000] {subprocess.py:106} INFO - 25/12/16 03:30:26 INFO SparkContext: Created broadcast 18 from toString at <unknown>:0
[2025-12-16T03:30:26.086+0000] {subprocess.py:106} INFO - 25/12/16 03:30:26 INFO FileSourceScanExec: Planning scan with bin packing, max size: 4194304 bytes, open cost is considered as scanning 4194304 bytes.
[2025-12-16T03:30:26.103+0000] {subprocess.py:106} INFO - 25/12/16 03:30:26 INFO SparkContext: Starting job: toString at <unknown>:0
[2025-12-16T03:30:26.104+0000] {subprocess.py:106} INFO - 25/12/16 03:30:26 INFO DAGScheduler: Got job 11 (toString at <unknown>:0) with 2 output partitions
[2025-12-16T03:30:26.105+0000] {subprocess.py:106} INFO - 25/12/16 03:30:26 INFO DAGScheduler: Final stage: ResultStage 19 (toString at <unknown>:0)
[2025-12-16T03:30:26.105+0000] {subprocess.py:106} INFO - 25/12/16 03:30:26 INFO DAGScheduler: Parents of final stage: List()
[2025-12-16T03:30:26.106+0000] {subprocess.py:106} INFO - 25/12/16 03:30:26 INFO DAGScheduler: Missing parents: List()
[2025-12-16T03:30:26.106+0000] {subprocess.py:106} INFO - 25/12/16 03:30:26 INFO DAGScheduler: Submitting ResultStage 19 (MapPartitionsRDD[52] at toString at <unknown>:0), which has no missing parents
[2025-12-16T03:30:26.107+0000] {subprocess.py:106} INFO - 25/12/16 03:30:26 INFO MemoryStore: Block broadcast_19 stored as values in memory (estimated size 50.4 KiB, free 432.2 MiB)
[2025-12-16T03:30:26.110+0000] {subprocess.py:106} INFO - 25/12/16 03:30:26 INFO MemoryStore: Block broadcast_19_piece0 stored as bytes in memory (estimated size 15.6 KiB, free 432.2 MiB)
[2025-12-16T03:30:26.112+0000] {subprocess.py:106} INFO - 25/12/16 03:30:26 INFO BlockManagerInfo: Added broadcast_19_piece0 in memory on 3ad9a82189be:39783 (size: 15.6 KiB, free: 434.0 MiB)
[2025-12-16T03:30:26.112+0000] {subprocess.py:106} INFO - 25/12/16 03:30:26 INFO SparkContext: Created broadcast 19 from broadcast at DAGScheduler.scala:1535
[2025-12-16T03:30:26.114+0000] {subprocess.py:106} INFO - 25/12/16 03:30:26 INFO DAGScheduler: Submitting 2 missing tasks from ResultStage 19 (MapPartitionsRDD[52] at toString at <unknown>:0) (first 15 tasks are for partitions Vector(0, 1))
[2025-12-16T03:30:26.115+0000] {subprocess.py:106} INFO - 25/12/16 03:30:26 INFO TaskSchedulerImpl: Adding task set 19.0 with 2 tasks resource profile 0
[2025-12-16T03:30:26.116+0000] {subprocess.py:106} INFO - 25/12/16 03:30:26 INFO TaskSetManager: Starting task 0.0 in stage 19.0 (TID 209) (172.18.0.7, executor 0, partition 0, PROCESS_LOCAL, 7944 bytes)
[2025-12-16T03:30:26.116+0000] {subprocess.py:106} INFO - 25/12/16 03:30:26 INFO TaskSetManager: Starting task 1.0 in stage 19.0 (TID 210) (172.18.0.7, executor 0, partition 1, PROCESS_LOCAL, 7944 bytes)
[2025-12-16T03:30:26.127+0000] {subprocess.py:106} INFO - 25/12/16 03:30:26 INFO BlockManagerInfo: Added broadcast_19_piece0 in memory on 172.18.0.7:36801 (size: 15.6 KiB, free: 434.1 MiB)
[2025-12-16T03:30:26.142+0000] {subprocess.py:106} INFO - 25/12/16 03:30:26 INFO BlockManagerInfo: Added broadcast_18_piece0 in memory on 172.18.0.7:36801 (size: 36.3 KiB, free: 434.1 MiB)
[2025-12-16T03:30:26.179+0000] {subprocess.py:106} INFO - 25/12/16 03:30:26 INFO TaskSetManager: Finished task 1.0 in stage 19.0 (TID 210) in 64 ms on 172.18.0.7 (executor 0) (1/2)
[2025-12-16T03:30:26.179+0000] {subprocess.py:106} INFO - 25/12/16 03:30:26 INFO TaskSetManager: Finished task 0.0 in stage 19.0 (TID 209) in 64 ms on 172.18.0.7 (executor 0) (2/2)
[2025-12-16T03:30:26.180+0000] {subprocess.py:106} INFO - 25/12/16 03:30:26 INFO TaskSchedulerImpl: Removed TaskSet 19.0, whose tasks have all completed, from pool
[2025-12-16T03:30:26.181+0000] {subprocess.py:106} INFO - 25/12/16 03:30:26 INFO DAGScheduler: ResultStage 19 (toString at <unknown>:0) finished in 0.074 s
[2025-12-16T03:30:26.181+0000] {subprocess.py:106} INFO - 25/12/16 03:30:26 INFO DAGScheduler: Job 11 is finished. Cancelling potential speculative or zombie tasks for this job
[2025-12-16T03:30:26.182+0000] {subprocess.py:106} INFO - 25/12/16 03:30:26 INFO TaskSchedulerImpl: Killing all running tasks in stage 19: Stage finished
[2025-12-16T03:30:26.182+0000] {subprocess.py:106} INFO - 25/12/16 03:30:26 INFO DAGScheduler: Job 11 finished: toString at <unknown>:0, took 0.078041 s
[2025-12-16T03:30:26.189+0000] {subprocess.py:106} INFO - 25/12/16 03:30:26 INFO Snapshot: [tableId=0e262853-9824-48c4-a6ca-dea8afceb846] Created snapshot Snapshot(path=s3a://gold/dim_products/_delta_log, version=1, metadata=Metadata(0e262853-9824-48c4-a6ca-dea8afceb846,null,null,Format(parquet,Map()),{"type":"struct","fields":[{"name":"product_key","type":"string","nullable":true,"metadata":{}},{"name":"product_id","type":"string","nullable":true,"metadata":{}},{"name":"product_name","type":"string","nullable":true,"metadata":{}},{"name":"brand","type":"string","nullable":true,"metadata":{}},{"name":"unit_of_measure","type":"string","nullable":true,"metadata":{}},{"name":"current_list_price","type":"decimal(18,2)","nullable":true,"metadata":{}},{"name":"current_cost_price","type":"decimal(18,2)","nullable":true,"metadata":{}},{"name":"last_updated","type":"timestamp","nullable":true,"metadata":{}}]},List(),Map(),Some(1765855770519)), logSegment=LogSegment(s3a://gold/dim_products/_delta_log,1,WrappedArray(S3AFileStatus{path=s3a://gold/dim_products/_delta_log/00000000000000000000.json; isDirectory=false; length=2272; replication=1; blocksize=33554432; modification_time=1765855785930; access_time=0; owner=root; group=root; permission=rw-rw-rw-; isSymlink=false; hasAcl=false; isEncrypted=true; isErasureCoded=false} isEmptyDirectory=FALSE eTag=42b3f70e8ddc6e93e3b01caf980c78d4 versionId=null, S3AFileStatus{path=s3a://gold/dim_products/_delta_log/00000000000000000001.json; isDirectory=false; length=1532; replication=1; blocksize=33554432; modification_time=1765855825947; access_time=0; owner=root; group=root; permission=rw-rw-rw-; isSymlink=false; hasAcl=false; isEncrypted=true; isErasureCoded=false} isEmptyDirectory=FALSE eTag=6d572117e33c8d32560fbfec772e60ca versionId=null),None,1765855825947), checksumOpt=None)
[2025-12-16T03:30:26.190+0000] {subprocess.py:106} INFO - 25/12/16 03:30:26 INFO DeltaLog: Updated snapshot to Snapshot(path=s3a://gold/dim_products/_delta_log, version=1, metadata=Metadata(0e262853-9824-48c4-a6ca-dea8afceb846,null,null,Format(parquet,Map()),{"type":"struct","fields":[{"name":"product_key","type":"string","nullable":true,"metadata":{}},{"name":"product_id","type":"string","nullable":true,"metadata":{}},{"name":"product_name","type":"string","nullable":true,"metadata":{}},{"name":"brand","type":"string","nullable":true,"metadata":{}},{"name":"unit_of_measure","type":"string","nullable":true,"metadata":{}},{"name":"current_list_price","type":"decimal(18,2)","nullable":true,"metadata":{}},{"name":"current_cost_price","type":"decimal(18,2)","nullable":true,"metadata":{}},{"name":"last_updated","type":"timestamp","nullable":true,"metadata":{}}]},List(),Map(),Some(1765855770519)), logSegment=LogSegment(s3a://gold/dim_products/_delta_log,1,WrappedArray(S3AFileStatus{path=s3a://gold/dim_products/_delta_log/00000000000000000000.json; isDirectory=false; length=2272; replication=1; blocksize=33554432; modification_time=1765855785930; access_time=0; owner=root; group=root; permission=rw-rw-rw-; isSymlink=false; hasAcl=false; isEncrypted=true; isErasureCoded=false} isEmptyDirectory=FALSE eTag=42b3f70e8ddc6e93e3b01caf980c78d4 versionId=null, S3AFileStatus{path=s3a://gold/dim_products/_delta_log/00000000000000000001.json; isDirectory=false; length=1532; replication=1; blocksize=33554432; modification_time=1765855825947; access_time=0; owner=root; group=root; permission=rw-rw-rw-; isSymlink=false; hasAcl=false; isEncrypted=true; isErasureCoded=false} isEmptyDirectory=FALSE eTag=6d572117e33c8d32560fbfec772e60ca versionId=null),None,1765855825947), checksumOpt=None)
[2025-12-16T03:30:26.192+0000] {subprocess.py:106} INFO - 25/12/16 03:30:26 INFO MapPartitionsRDD: Removing RDD 40 from persistence list
[2025-12-16T03:30:26.200+0000] {subprocess.py:106} INFO - 25/12/16 03:30:26 INFO BlockManager: Removing RDD 40
[2025-12-16T03:30:26.203+0000] {subprocess.py:106} INFO - 25/12/16 03:30:26 INFO Snapshot: [tableId=0e262853-9824-48c4-a6ca-dea8afceb846] DELTA: Compute snapshot for version: 1
[2025-12-16T03:30:26.208+0000] {subprocess.py:106} INFO - 25/12/16 03:30:26 INFO MemoryStore: Block broadcast_20 stored as values in memory (estimated size 212.3 KiB, free 432.0 MiB)
[2025-12-16T03:30:26.220+0000] {subprocess.py:106} INFO - 25/12/16 03:30:26 INFO MemoryStore: Block broadcast_20_piece0 stored as bytes in memory (estimated size 36.2 KiB, free 431.9 MiB)
[2025-12-16T03:30:26.222+0000] {subprocess.py:106} INFO - 25/12/16 03:30:26 INFO BlockManagerInfo: Added broadcast_20_piece0 in memory on 3ad9a82189be:39783 (size: 36.2 KiB, free: 434.0 MiB)
[2025-12-16T03:30:26.223+0000] {subprocess.py:106} INFO - 25/12/16 03:30:26 INFO SparkContext: Created broadcast 20 from $anonfun$recordDeltaOperationInternal$1 at DatabricksLogging.scala:128
[2025-12-16T03:30:26.406+0000] {subprocess.py:106} INFO - 25/12/16 03:30:26 INFO FileSourceStrategy: Pushed Filters:
[2025-12-16T03:30:26.407+0000] {subprocess.py:106} INFO - 25/12/16 03:30:26 INFO FileSourceStrategy: Post-Scan Filters:
[2025-12-16T03:30:26.461+0000] {subprocess.py:106} INFO - 25/12/16 03:30:26 INFO BlockManagerInfo: Removed broadcast_18_piece0 on 3ad9a82189be:39783 in memory (size: 36.3 KiB, free: 434.0 MiB)
[2025-12-16T03:30:26.463+0000] {subprocess.py:106} INFO - 25/12/16 03:30:26 INFO BlockManagerInfo: Removed broadcast_18_piece0 on 172.18.0.7:36801 in memory (size: 36.3 KiB, free: 434.1 MiB)
[2025-12-16T03:30:26.471+0000] {subprocess.py:106} INFO - 25/12/16 03:30:26 INFO BlockManagerInfo: Removed broadcast_19_piece0 on 3ad9a82189be:39783 in memory (size: 15.6 KiB, free: 434.1 MiB)
[2025-12-16T03:30:26.473+0000] {subprocess.py:106} INFO - 25/12/16 03:30:26 INFO BlockManagerInfo: Removed broadcast_19_piece0 on 172.18.0.7:36801 in memory (size: 15.6 KiB, free: 434.2 MiB)
[2025-12-16T03:30:26.482+0000] {subprocess.py:106} INFO - 25/12/16 03:30:26 INFO BlockManagerInfo: Removed broadcast_17_piece0 on 3ad9a82189be:39783 in memory (size: 138.5 KiB, free: 434.2 MiB)
[2025-12-16T03:30:26.484+0000] {subprocess.py:106} INFO - 25/12/16 03:30:26 INFO BlockManagerInfo: Removed broadcast_17_piece0 on 172.18.0.7:36801 in memory (size: 138.5 KiB, free: 434.3 MiB)
[2025-12-16T03:30:26.493+0000] {subprocess.py:106} INFO - 25/12/16 03:30:26 INFO MemoryStore: Block broadcast_21 stored as values in memory (estimated size 212.9 KiB, free 432.7 MiB)
[2025-12-16T03:30:26.503+0000] {subprocess.py:106} INFO - 25/12/16 03:30:26 INFO MemoryStore: Block broadcast_21_piece0 stored as bytes in memory (estimated size 36.3 KiB, free 432.7 MiB)
[2025-12-16T03:30:26.505+0000] {subprocess.py:106} INFO - 25/12/16 03:30:26 INFO BlockManagerInfo: Added broadcast_21_piece0 in memory on 3ad9a82189be:39783 (size: 36.3 KiB, free: 434.2 MiB)
[2025-12-16T03:30:26.506+0000] {subprocess.py:106} INFO - 25/12/16 03:30:26 INFO SparkContext: Created broadcast 21 from $anonfun$recordDeltaOperationInternal$1 at DatabricksLogging.scala:128
[2025-12-16T03:30:26.507+0000] {subprocess.py:106} INFO - 25/12/16 03:30:26 INFO FileSourceScanExec: Planning scan with bin packing, max size: 4194304 bytes, open cost is considered as scanning 4194304 bytes.
[2025-12-16T03:30:26.518+0000] {subprocess.py:106} INFO - 25/12/16 03:30:26 INFO DAGScheduler: Registering RDD 56 ($anonfun$recordDeltaOperationInternal$1 at DatabricksLogging.scala:128) as input to shuffle 4
[2025-12-16T03:30:26.520+0000] {subprocess.py:106} INFO - 25/12/16 03:30:26 INFO DAGScheduler: Got map stage job 12 ($anonfun$recordDeltaOperationInternal$1 at DatabricksLogging.scala:128) with 2 output partitions
[2025-12-16T03:30:26.520+0000] {subprocess.py:106} INFO - 25/12/16 03:30:26 INFO DAGScheduler: Final stage: ShuffleMapStage 20 ($anonfun$recordDeltaOperationInternal$1 at DatabricksLogging.scala:128)
[2025-12-16T03:30:26.521+0000] {subprocess.py:106} INFO - 25/12/16 03:30:26 INFO DAGScheduler: Parents of final stage: List()
[2025-12-16T03:30:26.522+0000] {subprocess.py:106} INFO - 25/12/16 03:30:26 INFO DAGScheduler: Missing parents: List()
[2025-12-16T03:30:26.522+0000] {subprocess.py:106} INFO - 25/12/16 03:30:26 INFO DAGScheduler: Submitting ShuffleMapStage 20 (MapPartitionsRDD[56] at $anonfun$recordDeltaOperationInternal$1 at DatabricksLogging.scala:128), which has no missing parents
[2025-12-16T03:30:26.526+0000] {subprocess.py:106} INFO - 25/12/16 03:30:26 INFO MemoryStore: Block broadcast_22 stored as values in memory (estimated size 138.3 KiB, free 432.6 MiB)
[2025-12-16T03:30:26.529+0000] {subprocess.py:106} INFO - 25/12/16 03:30:26 INFO MemoryStore: Block broadcast_22_piece0 stored as bytes in memory (estimated size 39.0 KiB, free 432.5 MiB)
[2025-12-16T03:30:26.530+0000] {subprocess.py:106} INFO - 25/12/16 03:30:26 INFO BlockManagerInfo: Added broadcast_22_piece0 in memory on 3ad9a82189be:39783 (size: 39.0 KiB, free: 434.1 MiB)
[2025-12-16T03:30:26.531+0000] {subprocess.py:106} INFO - 25/12/16 03:30:26 INFO SparkContext: Created broadcast 22 from broadcast at DAGScheduler.scala:1535
[2025-12-16T03:30:26.532+0000] {subprocess.py:106} INFO - 25/12/16 03:30:26 INFO DAGScheduler: Submitting 2 missing tasks from ShuffleMapStage 20 (MapPartitionsRDD[56] at $anonfun$recordDeltaOperationInternal$1 at DatabricksLogging.scala:128) (first 15 tasks are for partitions Vector(0, 1))
[2025-12-16T03:30:26.532+0000] {subprocess.py:106} INFO - 25/12/16 03:30:26 INFO TaskSchedulerImpl: Adding task set 20.0 with 2 tasks resource profile 0
[2025-12-16T03:30:26.533+0000] {subprocess.py:106} INFO - 25/12/16 03:30:26 INFO TaskSetManager: Starting task 0.0 in stage 20.0 (TID 211) (172.18.0.7, executor 0, partition 0, PROCESS_LOCAL, 7933 bytes)
[2025-12-16T03:30:26.534+0000] {subprocess.py:106} INFO - 25/12/16 03:30:26 INFO TaskSetManager: Starting task 1.0 in stage 20.0 (TID 212) (172.18.0.7, executor 0, partition 1, PROCESS_LOCAL, 7933 bytes)
[2025-12-16T03:30:26.545+0000] {subprocess.py:106} INFO - 25/12/16 03:30:26 INFO BlockManagerInfo: Added broadcast_22_piece0 in memory on 172.18.0.7:36801 (size: 39.0 KiB, free: 434.3 MiB)
[2025-12-16T03:30:26.571+0000] {subprocess.py:106} INFO - 25/12/16 03:30:26 INFO BlockManagerInfo: Added broadcast_21_piece0 in memory on 172.18.0.7:36801 (size: 36.3 KiB, free: 434.2 MiB)
[2025-12-16T03:30:26.617+0000] {subprocess.py:106} INFO - 25/12/16 03:30:26 INFO TaskSetManager: Finished task 0.0 in stage 20.0 (TID 211) in 84 ms on 172.18.0.7 (executor 0) (1/2)
[2025-12-16T03:30:26.619+0000] {subprocess.py:106} INFO - 25/12/16 03:30:26 INFO TaskSetManager: Finished task 1.0 in stage 20.0 (TID 212) in 85 ms on 172.18.0.7 (executor 0) (2/2)
[2025-12-16T03:30:26.620+0000] {subprocess.py:106} INFO - 25/12/16 03:30:26 INFO TaskSchedulerImpl: Removed TaskSet 20.0, whose tasks have all completed, from pool
[2025-12-16T03:30:26.621+0000] {subprocess.py:106} INFO - 25/12/16 03:30:26 INFO DAGScheduler: ShuffleMapStage 20 ($anonfun$recordDeltaOperationInternal$1 at DatabricksLogging.scala:128) finished in 0.099 s
[2025-12-16T03:30:26.622+0000] {subprocess.py:106} INFO - 25/12/16 03:30:26 INFO DAGScheduler: looking for newly runnable stages
[2025-12-16T03:30:26.622+0000] {subprocess.py:106} INFO - 25/12/16 03:30:26 INFO DAGScheduler: running: Set()
[2025-12-16T03:30:26.623+0000] {subprocess.py:106} INFO - 25/12/16 03:30:26 INFO DAGScheduler: waiting: Set()
[2025-12-16T03:30:26.624+0000] {subprocess.py:106} INFO - 25/12/16 03:30:26 INFO DAGScheduler: failed: Set()
[2025-12-16T03:30:26.834+0000] {subprocess.py:106} INFO - 25/12/16 03:30:26 INFO BlockManagerInfo: Removed broadcast_22_piece0 on 3ad9a82189be:39783 in memory (size: 39.0 KiB, free: 434.2 MiB)
[2025-12-16T03:30:26.836+0000] {subprocess.py:106} INFO - 25/12/16 03:30:26 INFO BlockManagerInfo: Removed broadcast_22_piece0 on 172.18.0.7:36801 in memory (size: 39.0 KiB, free: 434.3 MiB)
[2025-12-16T03:30:26.840+0000] {subprocess.py:106} INFO - 25/12/16 03:30:26 INFO DAGScheduler: Registering RDD 66 ($anonfun$recordDeltaOperationInternal$1 at DatabricksLogging.scala:128) as input to shuffle 5
[2025-12-16T03:30:26.841+0000] {subprocess.py:106} INFO - 25/12/16 03:30:26 INFO DAGScheduler: Got map stage job 13 ($anonfun$recordDeltaOperationInternal$1 at DatabricksLogging.scala:128) with 50 output partitions
[2025-12-16T03:30:26.841+0000] {subprocess.py:106} INFO - 25/12/16 03:30:26 INFO DAGScheduler: Final stage: ShuffleMapStage 22 ($anonfun$recordDeltaOperationInternal$1 at DatabricksLogging.scala:128)
[2025-12-16T03:30:26.842+0000] {subprocess.py:106} INFO - 25/12/16 03:30:26 INFO DAGScheduler: Parents of final stage: List(ShuffleMapStage 21)
[2025-12-16T03:30:26.843+0000] {subprocess.py:106} INFO - 25/12/16 03:30:26 INFO DAGScheduler: Missing parents: List()
[2025-12-16T03:30:26.843+0000] {subprocess.py:106} INFO - 25/12/16 03:30:26 INFO DAGScheduler: Submitting ShuffleMapStage 22 (MapPartitionsRDD[66] at $anonfun$recordDeltaOperationInternal$1 at DatabricksLogging.scala:128), which has no missing parents
[2025-12-16T03:30:26.887+0000] {subprocess.py:106} INFO - 25/12/16 03:30:26 INFO MemoryStore: Block broadcast_23 stored as values in memory (estimated size 517.2 KiB, free 432.2 MiB)
[2025-12-16T03:30:26.889+0000] {subprocess.py:106} INFO - 25/12/16 03:30:26 INFO MemoryStore: Block broadcast_23_piece0 stored as bytes in memory (estimated size 123.3 KiB, free 432.1 MiB)
[2025-12-16T03:30:26.891+0000] {subprocess.py:106} INFO - 25/12/16 03:30:26 INFO BlockManagerInfo: Added broadcast_23_piece0 in memory on 3ad9a82189be:39783 (size: 123.3 KiB, free: 434.0 MiB)
[2025-12-16T03:30:26.891+0000] {subprocess.py:106} INFO - 25/12/16 03:30:26 INFO SparkContext: Created broadcast 23 from broadcast at DAGScheduler.scala:1535
[2025-12-16T03:30:26.892+0000] {subprocess.py:106} INFO - 25/12/16 03:30:26 INFO DAGScheduler: Submitting 50 missing tasks from ShuffleMapStage 22 (MapPartitionsRDD[66] at $anonfun$recordDeltaOperationInternal$1 at DatabricksLogging.scala:128) (first 15 tasks are for partitions Vector(0, 1, 2, 3, 4, 5, 6, 7, 8, 9, 10, 11, 12, 13, 14))
[2025-12-16T03:30:26.899+0000] {subprocess.py:106} INFO - 25/12/16 03:30:26 INFO TaskSchedulerImpl: Adding task set 22.0 with 50 tasks resource profile 0
[2025-12-16T03:30:26.900+0000] {subprocess.py:106} INFO - 25/12/16 03:30:26 INFO TaskSetManager: Starting task 13.0 in stage 22.0 (TID 213) (172.18.0.7, executor 0, partition 13, NODE_LOCAL, 7356 bytes)
[2025-12-16T03:30:26.900+0000] {subprocess.py:106} INFO - 25/12/16 03:30:26 INFO TaskSetManager: Starting task 39.0 in stage 22.0 (TID 214) (172.18.0.7, executor 0, partition 39, NODE_LOCAL, 7356 bytes)
[2025-12-16T03:30:26.901+0000] {subprocess.py:106} INFO - 25/12/16 03:30:26 INFO TaskSetManager: Starting task 42.0 in stage 22.0 (TID 215) (172.18.0.7, executor 0, partition 42, NODE_LOCAL, 7356 bytes)
[2025-12-16T03:30:26.902+0000] {subprocess.py:106} INFO - 25/12/16 03:30:26 INFO TaskSetManager: Starting task 0.0 in stage 22.0 (TID 216) (172.18.0.7, executor 0, partition 0, PROCESS_LOCAL, 7356 bytes)
[2025-12-16T03:30:26.903+0000] {subprocess.py:106} INFO - 25/12/16 03:30:26 INFO TaskSetManager: Starting task 1.0 in stage 22.0 (TID 217) (172.18.0.7, executor 0, partition 1, PROCESS_LOCAL, 7356 bytes)
[2025-12-16T03:30:26.903+0000] {subprocess.py:106} INFO - 25/12/16 03:30:26 INFO TaskSetManager: Starting task 2.0 in stage 22.0 (TID 218) (172.18.0.7, executor 0, partition 2, PROCESS_LOCAL, 7356 bytes)
[2025-12-16T03:30:26.904+0000] {subprocess.py:106} INFO - 25/12/16 03:30:26 INFO TaskSetManager: Starting task 3.0 in stage 22.0 (TID 219) (172.18.0.7, executor 0, partition 3, PROCESS_LOCAL, 7356 bytes)
[2025-12-16T03:30:26.905+0000] {subprocess.py:106} INFO - 25/12/16 03:30:26 INFO TaskSetManager: Starting task 4.0 in stage 22.0 (TID 220) (172.18.0.7, executor 0, partition 4, PROCESS_LOCAL, 7356 bytes)
[2025-12-16T03:30:26.906+0000] {subprocess.py:106} INFO - 25/12/16 03:30:26 INFO TaskSetManager: Starting task 5.0 in stage 22.0 (TID 221) (172.18.0.7, executor 0, partition 5, PROCESS_LOCAL, 7356 bytes)
[2025-12-16T03:30:26.907+0000] {subprocess.py:106} INFO - 25/12/16 03:30:26 INFO TaskSetManager: Starting task 6.0 in stage 22.0 (TID 222) (172.18.0.7, executor 0, partition 6, PROCESS_LOCAL, 7356 bytes)
[2025-12-16T03:30:26.907+0000] {subprocess.py:106} INFO - 25/12/16 03:30:26 INFO TaskSetManager: Starting task 7.0 in stage 22.0 (TID 223) (172.18.0.7, executor 0, partition 7, PROCESS_LOCAL, 7356 bytes)
[2025-12-16T03:30:26.908+0000] {subprocess.py:106} INFO - 25/12/16 03:30:26 INFO TaskSetManager: Starting task 8.0 in stage 22.0 (TID 224) (172.18.0.7, executor 0, partition 8, PROCESS_LOCAL, 7356 bytes)
[2025-12-16T03:30:26.909+0000] {subprocess.py:106} INFO - 25/12/16 03:30:26 INFO TaskSetManager: Starting task 9.0 in stage 22.0 (TID 225) (172.18.0.7, executor 0, partition 9, PROCESS_LOCAL, 7356 bytes)
[2025-12-16T03:30:26.909+0000] {subprocess.py:106} INFO - 25/12/16 03:30:26 INFO TaskSetManager: Starting task 10.0 in stage 22.0 (TID 226) (172.18.0.7, executor 0, partition 10, PROCESS_LOCAL, 7356 bytes)
[2025-12-16T03:30:26.910+0000] {subprocess.py:106} INFO - 25/12/16 03:30:26 INFO TaskSetManager: Starting task 11.0 in stage 22.0 (TID 227) (172.18.0.7, executor 0, partition 11, PROCESS_LOCAL, 7356 bytes)
[2025-12-16T03:30:26.911+0000] {subprocess.py:106} INFO - 25/12/16 03:30:26 INFO TaskSetManager: Starting task 12.0 in stage 22.0 (TID 228) (172.18.0.7, executor 0, partition 12, PROCESS_LOCAL, 7356 bytes)
[2025-12-16T03:30:26.917+0000] {subprocess.py:106} INFO - 25/12/16 03:30:26 INFO BlockManagerInfo: Added broadcast_23_piece0 in memory on 172.18.0.7:36801 (size: 123.3 KiB, free: 434.1 MiB)
[2025-12-16T03:30:26.937+0000] {subprocess.py:106} INFO - 25/12/16 03:30:26 INFO MapOutputTrackerMasterEndpoint: Asked to send map output locations for shuffle 4 to 172.18.0.7:43148
[2025-12-16T03:30:27.013+0000] {subprocess.py:106} INFO - 25/12/16 03:30:27 INFO BlockManagerInfo: Added rdd_63_5 in memory on 172.18.0.7:36801 (size: 46.0 B, free: 434.1 MiB)
[2025-12-16T03:30:27.014+0000] {subprocess.py:106} INFO - 25/12/16 03:30:27 INFO BlockManagerInfo: Added rdd_63_42 in memory on 172.18.0.7:36801 (size: 562.0 B, free: 434.1 MiB)
[2025-12-16T03:30:27.028+0000] {subprocess.py:106} INFO - 25/12/16 03:30:27 INFO BlockManagerInfo: Added rdd_63_0 in memory on 172.18.0.7:36801 (size: 46.0 B, free: 434.1 MiB)
[2025-12-16T03:30:27.031+0000] {subprocess.py:106} INFO - 25/12/16 03:30:27 INFO BlockManagerInfo: Added rdd_63_10 in memory on 172.18.0.7:36801 (size: 46.0 B, free: 434.1 MiB)
[2025-12-16T03:30:27.033+0000] {subprocess.py:106} INFO - 25/12/16 03:30:27 INFO BlockManagerInfo: Added rdd_63_6 in memory on 172.18.0.7:36801 (size: 46.0 B, free: 434.1 MiB)
[2025-12-16T03:30:27.034+0000] {subprocess.py:106} INFO - 25/12/16 03:30:27 INFO BlockManagerInfo: Added rdd_63_4 in memory on 172.18.0.7:36801 (size: 46.0 B, free: 434.1 MiB)
[2025-12-16T03:30:27.040+0000] {subprocess.py:106} INFO - 25/12/16 03:30:27 INFO BlockManagerInfo: Added rdd_63_12 in memory on 172.18.0.7:36801 (size: 46.0 B, free: 434.1 MiB)
[2025-12-16T03:30:27.042+0000] {subprocess.py:106} INFO - 25/12/16 03:30:27 INFO BlockManagerInfo: Added rdd_63_2 in memory on 172.18.0.7:36801 (size: 46.0 B, free: 434.1 MiB)
[2025-12-16T03:30:27.043+0000] {subprocess.py:106} INFO - 25/12/16 03:30:27 INFO BlockManagerInfo: Added rdd_63_13 in memory on 172.18.0.7:36801 (size: 300.0 B, free: 434.1 MiB)
[2025-12-16T03:30:27.044+0000] {subprocess.py:106} INFO - 25/12/16 03:30:27 INFO BlockManagerInfo: Added rdd_63_8 in memory on 172.18.0.7:36801 (size: 46.0 B, free: 434.1 MiB)
[2025-12-16T03:30:27.046+0000] {subprocess.py:106} INFO - 25/12/16 03:30:27 INFO BlockManagerInfo: Added rdd_63_7 in memory on 172.18.0.7:36801 (size: 46.0 B, free: 434.1 MiB)
[2025-12-16T03:30:27.048+0000] {subprocess.py:106} INFO - 25/12/16 03:30:27 INFO BlockManagerInfo: Added rdd_63_1 in memory on 172.18.0.7:36801 (size: 46.0 B, free: 434.1 MiB)
[2025-12-16T03:30:27.048+0000] {subprocess.py:106} INFO - 25/12/16 03:30:27 INFO BlockManagerInfo: Added rdd_63_9 in memory on 172.18.0.7:36801 (size: 46.0 B, free: 434.1 MiB)
[2025-12-16T03:30:27.049+0000] {subprocess.py:106} INFO - 25/12/16 03:30:27 INFO BlockManagerInfo: Added rdd_63_39 in memory on 172.18.0.7:36801 (size: 678.0 B, free: 434.1 MiB)
[2025-12-16T03:30:27.050+0000] {subprocess.py:106} INFO - 25/12/16 03:30:27 INFO BlockManagerInfo: Added rdd_63_3 in memory on 172.18.0.7:36801 (size: 46.0 B, free: 434.1 MiB)
[2025-12-16T03:30:27.055+0000] {subprocess.py:106} INFO - 25/12/16 03:30:27 INFO BlockManagerInfo: Added rdd_63_11 in memory on 172.18.0.7:36801 (size: 46.0 B, free: 434.1 MiB)
[2025-12-16T03:30:27.057+0000] {subprocess.py:106} INFO - 25/12/16 03:30:27 INFO TaskSetManager: Starting task 14.0 in stage 22.0 (TID 229) (172.18.0.7, executor 0, partition 14, PROCESS_LOCAL, 7356 bytes)
[2025-12-16T03:30:27.058+0000] {subprocess.py:106} INFO - 25/12/16 03:30:27 INFO TaskSetManager: Finished task 5.0 in stage 22.0 (TID 221) in 159 ms on 172.18.0.7 (executor 0) (1/50)
[2025-12-16T03:30:27.059+0000] {subprocess.py:106} INFO - 25/12/16 03:30:27 INFO TaskSetManager: Starting task 15.0 in stage 22.0 (TID 230) (172.18.0.7, executor 0, partition 15, PROCESS_LOCAL, 7356 bytes)
[2025-12-16T03:30:27.060+0000] {subprocess.py:106} INFO - 25/12/16 03:30:27 INFO TaskSetManager: Finished task 42.0 in stage 22.0 (TID 215) in 163 ms on 172.18.0.7 (executor 0) (2/50)
[2025-12-16T03:30:27.060+0000] {subprocess.py:106} INFO - 25/12/16 03:30:27 INFO TaskSetManager: Starting task 16.0 in stage 22.0 (TID 231) (172.18.0.7, executor 0, partition 16, PROCESS_LOCAL, 7356 bytes)
[2025-12-16T03:30:27.061+0000] {subprocess.py:106} INFO - 25/12/16 03:30:27 INFO TaskSetManager: Finished task 10.0 in stage 22.0 (TID 226) in 161 ms on 172.18.0.7 (executor 0) (3/50)
[2025-12-16T03:30:27.071+0000] {subprocess.py:106} INFO - 25/12/16 03:30:27 INFO TaskSetManager: Starting task 17.0 in stage 22.0 (TID 232) (172.18.0.7, executor 0, partition 17, PROCESS_LOCAL, 7356 bytes)
[2025-12-16T03:30:27.075+0000] {subprocess.py:106} INFO - 25/12/16 03:30:27 INFO TaskSetManager: Finished task 6.0 in stage 22.0 (TID 222) in 172 ms on 172.18.0.7 (executor 0) (4/50)
[2025-12-16T03:30:27.091+0000] {subprocess.py:106} INFO - 25/12/16 03:30:27 INFO TaskSetManager: Starting task 18.0 in stage 22.0 (TID 233) (172.18.0.7, executor 0, partition 18, PROCESS_LOCAL, 7356 bytes)
[2025-12-16T03:30:27.092+0000] {subprocess.py:106} INFO - 25/12/16 03:30:27 INFO TaskSetManager: Finished task 0.0 in stage 22.0 (TID 216) in 190 ms on 172.18.0.7 (executor 0) (5/50)
[2025-12-16T03:30:27.093+0000] {subprocess.py:106} INFO - 25/12/16 03:30:27 INFO TaskSetManager: Starting task 19.0 in stage 22.0 (TID 234) (172.18.0.7, executor 0, partition 19, PROCESS_LOCAL, 7356 bytes)
[2025-12-16T03:30:27.096+0000] {subprocess.py:106} INFO - 25/12/16 03:30:27 INFO TaskSetManager: Finished task 12.0 in stage 22.0 (TID 228) in 191 ms on 172.18.0.7 (executor 0) (6/50)
[2025-12-16T03:30:27.103+0000] {subprocess.py:106} INFO - 25/12/16 03:30:27 INFO TaskSetManager: Starting task 20.0 in stage 22.0 (TID 235) (172.18.0.7, executor 0, partition 20, PROCESS_LOCAL, 7356 bytes)
[2025-12-16T03:30:27.106+0000] {subprocess.py:106} INFO - 25/12/16 03:30:27 INFO TaskSetManager: Finished task 4.0 in stage 22.0 (TID 220) in 203 ms on 172.18.0.7 (executor 0) (7/50)
[2025-12-16T03:30:27.107+0000] {subprocess.py:106} INFO - 25/12/16 03:30:27 INFO TaskSetManager: Starting task 21.0 in stage 22.0 (TID 236) (172.18.0.7, executor 0, partition 21, PROCESS_LOCAL, 7356 bytes)
[2025-12-16T03:30:27.109+0000] {subprocess.py:106} INFO - 25/12/16 03:30:27 INFO TaskSetManager: Finished task 13.0 in stage 22.0 (TID 213) in 209 ms on 172.18.0.7 (executor 0) (8/50)
[2025-12-16T03:30:27.110+0000] {subprocess.py:106} INFO - 25/12/16 03:30:27 INFO TaskSetManager: Starting task 22.0 in stage 22.0 (TID 237) (172.18.0.7, executor 0, partition 22, PROCESS_LOCAL, 7356 bytes)
[2025-12-16T03:30:27.112+0000] {subprocess.py:106} INFO - 25/12/16 03:30:27 INFO TaskSetManager: Starting task 23.0 in stage 22.0 (TID 238) (172.18.0.7, executor 0, partition 23, PROCESS_LOCAL, 7356 bytes)
[2025-12-16T03:30:27.113+0000] {subprocess.py:106} INFO - 25/12/16 03:30:27 INFO TaskSetManager: Starting task 24.0 in stage 22.0 (TID 239) (172.18.0.7, executor 0, partition 24, PROCESS_LOCAL, 7356 bytes)
[2025-12-16T03:30:27.114+0000] {subprocess.py:106} INFO - 25/12/16 03:30:27 INFO TaskSetManager: Starting task 25.0 in stage 22.0 (TID 240) (172.18.0.7, executor 0, partition 25, PROCESS_LOCAL, 7356 bytes)
[2025-12-16T03:30:27.116+0000] {subprocess.py:106} INFO - 25/12/16 03:30:27 INFO TaskSetManager: Finished task 2.0 in stage 22.0 (TID 218) in 218 ms on 172.18.0.7 (executor 0) (9/50)
[2025-12-16T03:30:27.118+0000] {subprocess.py:106} INFO - 25/12/16 03:30:27 INFO TaskSetManager: Finished task 39.0 in stage 22.0 (TID 214) in 221 ms on 172.18.0.7 (executor 0) (10/50)
[2025-12-16T03:30:27.120+0000] {subprocess.py:106} INFO - 25/12/16 03:30:27 INFO TaskSetManager: Finished task 1.0 in stage 22.0 (TID 217) in 222 ms on 172.18.0.7 (executor 0) (11/50)
[2025-12-16T03:30:27.122+0000] {subprocess.py:106} INFO - 25/12/16 03:30:27 INFO TaskSetManager: Finished task 7.0 in stage 22.0 (TID 223) in 223 ms on 172.18.0.7 (executor 0) (12/50)
[2025-12-16T03:30:27.127+0000] {subprocess.py:106} INFO - 25/12/16 03:30:27 INFO TaskSetManager: Starting task 26.0 in stage 22.0 (TID 241) (172.18.0.7, executor 0, partition 26, PROCESS_LOCAL, 7356 bytes)
[2025-12-16T03:30:27.129+0000] {subprocess.py:106} INFO - 25/12/16 03:30:27 INFO TaskSetManager: Finished task 9.0 in stage 22.0 (TID 225) in 230 ms on 172.18.0.7 (executor 0) (13/50)
[2025-12-16T03:30:27.132+0000] {subprocess.py:106} INFO - 25/12/16 03:30:27 INFO TaskSetManager: Starting task 27.0 in stage 22.0 (TID 242) (172.18.0.7, executor 0, partition 27, PROCESS_LOCAL, 7356 bytes)
[2025-12-16T03:30:27.134+0000] {subprocess.py:106} INFO - 25/12/16 03:30:27 INFO TaskSetManager: Finished task 8.0 in stage 22.0 (TID 224) in 235 ms on 172.18.0.7 (executor 0) (14/50)
[2025-12-16T03:30:27.137+0000] {subprocess.py:106} INFO - 25/12/16 03:30:27 INFO TaskSetManager: Starting task 28.0 in stage 22.0 (TID 243) (172.18.0.7, executor 0, partition 28, PROCESS_LOCAL, 7356 bytes)
[2025-12-16T03:30:27.139+0000] {subprocess.py:106} INFO - 25/12/16 03:30:27 INFO TaskSetManager: Starting task 29.0 in stage 22.0 (TID 244) (172.18.0.7, executor 0, partition 29, PROCESS_LOCAL, 7356 bytes)
[2025-12-16T03:30:27.140+0000] {subprocess.py:106} INFO - 25/12/16 03:30:27 INFO TaskSetManager: Finished task 11.0 in stage 22.0 (TID 227) in 239 ms on 172.18.0.7 (executor 0) (15/50)
[2025-12-16T03:30:27.140+0000] {subprocess.py:106} INFO - 25/12/16 03:30:27 INFO TaskSetManager: Finished task 3.0 in stage 22.0 (TID 219) in 242 ms on 172.18.0.7 (executor 0) (16/50)
[2025-12-16T03:30:27.163+0000] {subprocess.py:106} INFO - 25/12/16 03:30:27 INFO BlockManagerInfo: Added rdd_63_15 in memory on 172.18.0.7:36801 (size: 46.0 B, free: 434.1 MiB)
[2025-12-16T03:30:27.165+0000] {subprocess.py:106} INFO - 25/12/16 03:30:27 INFO BlockManagerInfo: Added rdd_63_17 in memory on 172.18.0.7:36801 (size: 46.0 B, free: 434.1 MiB)
[2025-12-16T03:30:27.171+0000] {subprocess.py:106} INFO - 25/12/16 03:30:27 INFO BlockManagerInfo: Added rdd_63_16 in memory on 172.18.0.7:36801 (size: 46.0 B, free: 434.1 MiB)
[2025-12-16T03:30:27.187+0000] {subprocess.py:106} INFO - 25/12/16 03:30:27 INFO BlockManagerInfo: Added rdd_63_14 in memory on 172.18.0.7:36801 (size: 46.0 B, free: 434.1 MiB)
[2025-12-16T03:30:27.203+0000] {subprocess.py:106} INFO - 25/12/16 03:30:27 INFO BlockManagerInfo: Added rdd_63_24 in memory on 172.18.0.7:36801 (size: 46.0 B, free: 434.1 MiB)
[2025-12-16T03:30:27.207+0000] {subprocess.py:106} INFO - 25/12/16 03:30:27 INFO TaskSetManager: Starting task 30.0 in stage 22.0 (TID 245) (172.18.0.7, executor 0, partition 30, PROCESS_LOCAL, 7356 bytes)
[2025-12-16T03:30:27.209+0000] {subprocess.py:106} INFO - 25/12/16 03:30:27 INFO TaskSetManager: Finished task 15.0 in stage 22.0 (TID 230) in 151 ms on 172.18.0.7 (executor 0) (17/50)
[2025-12-16T03:30:27.210+0000] {subprocess.py:106} INFO - 25/12/16 03:30:27 INFO BlockManagerInfo: Added rdd_63_18 in memory on 172.18.0.7:36801 (size: 46.0 B, free: 434.1 MiB)
[2025-12-16T03:30:27.217+0000] {subprocess.py:106} INFO - 25/12/16 03:30:27 INFO TaskSetManager: Starting task 31.0 in stage 22.0 (TID 246) (172.18.0.7, executor 0, partition 31, PROCESS_LOCAL, 7356 bytes)
[2025-12-16T03:30:27.219+0000] {subprocess.py:106} INFO - 25/12/16 03:30:27 INFO TaskSetManager: Finished task 17.0 in stage 22.0 (TID 232) in 144 ms on 172.18.0.7 (executor 0) (18/50)
[2025-12-16T03:30:27.220+0000] {subprocess.py:106} INFO - 25/12/16 03:30:27 INFO BlockManagerInfo: Added rdd_63_19 in memory on 172.18.0.7:36801 (size: 46.0 B, free: 434.1 MiB)
[2025-12-16T03:30:27.221+0000] {subprocess.py:106} INFO - 25/12/16 03:30:27 INFO TaskSetManager: Starting task 32.0 in stage 22.0 (TID 247) (172.18.0.7, executor 0, partition 32, PROCESS_LOCAL, 7356 bytes)
[2025-12-16T03:30:27.227+0000] {subprocess.py:106} INFO - 25/12/16 03:30:27 INFO TaskSetManager: Finished task 16.0 in stage 22.0 (TID 231) in 167 ms on 172.18.0.7 (executor 0) (19/50)
[2025-12-16T03:30:27.232+0000] {subprocess.py:106} INFO - 25/12/16 03:30:27 INFO BlockManagerInfo: Added rdd_63_23 in memory on 172.18.0.7:36801 (size: 46.0 B, free: 434.1 MiB)
[2025-12-16T03:30:27.234+0000] {subprocess.py:106} INFO - 25/12/16 03:30:27 INFO BlockManagerInfo: Added rdd_63_28 in memory on 172.18.0.7:36801 (size: 46.0 B, free: 434.1 MiB)
[2025-12-16T03:30:27.235+0000] {subprocess.py:106} INFO - 25/12/16 03:30:27 INFO BlockManagerInfo: Added rdd_63_22 in memory on 172.18.0.7:36801 (size: 46.0 B, free: 434.1 MiB)
[2025-12-16T03:30:27.237+0000] {subprocess.py:106} INFO - 25/12/16 03:30:27 INFO BlockManagerInfo: Added rdd_63_21 in memory on 172.18.0.7:36801 (size: 46.0 B, free: 434.1 MiB)
[2025-12-16T03:30:27.238+0000] {subprocess.py:106} INFO - 25/12/16 03:30:27 INFO TaskSetManager: Starting task 33.0 in stage 22.0 (TID 248) (172.18.0.7, executor 0, partition 33, PROCESS_LOCAL, 7356 bytes)
[2025-12-16T03:30:27.238+0000] {subprocess.py:106} INFO - 25/12/16 03:30:27 INFO BlockManagerInfo: Added rdd_63_20 in memory on 172.18.0.7:36801 (size: 46.0 B, free: 434.1 MiB)
[2025-12-16T03:30:27.239+0000] {subprocess.py:106} INFO - 25/12/16 03:30:27 INFO TaskSetManager: Finished task 14.0 in stage 22.0 (TID 229) in 179 ms on 172.18.0.7 (executor 0) (20/50)
[2025-12-16T03:30:27.249+0000] {subprocess.py:106} INFO - 25/12/16 03:30:27 INFO BlockManagerInfo: Added rdd_63_25 in memory on 172.18.0.7:36801 (size: 46.0 B, free: 434.1 MiB)
[2025-12-16T03:30:27.250+0000] {subprocess.py:106} INFO - 25/12/16 03:30:27 INFO BlockManagerInfo: Added rdd_63_26 in memory on 172.18.0.7:36801 (size: 46.0 B, free: 434.1 MiB)
[2025-12-16T03:30:27.251+0000] {subprocess.py:106} INFO - 25/12/16 03:30:27 INFO BlockManagerInfo: Added rdd_63_27 in memory on 172.18.0.7:36801 (size: 46.0 B, free: 434.1 MiB)
[2025-12-16T03:30:27.267+0000] {subprocess.py:106} INFO - 25/12/16 03:30:27 INFO TaskSetManager: Starting task 34.0 in stage 22.0 (TID 249) (172.18.0.7, executor 0, partition 34, PROCESS_LOCAL, 7356 bytes)
[2025-12-16T03:30:27.269+0000] {subprocess.py:106} INFO - 25/12/16 03:30:27 INFO BlockManagerInfo: Added rdd_63_29 in memory on 172.18.0.7:36801 (size: 46.0 B, free: 434.1 MiB)
[2025-12-16T03:30:27.270+0000] {subprocess.py:106} INFO - 25/12/16 03:30:27 INFO TaskSetManager: Finished task 24.0 in stage 22.0 (TID 239) in 159 ms on 172.18.0.7 (executor 0) (21/50)
[2025-12-16T03:30:27.273+0000] {subprocess.py:106} INFO - 25/12/16 03:30:27 INFO TaskSetManager: Starting task 35.0 in stage 22.0 (TID 250) (172.18.0.7, executor 0, partition 35, PROCESS_LOCAL, 7356 bytes)
[2025-12-16T03:30:27.275+0000] {subprocess.py:106} INFO - 25/12/16 03:30:27 INFO TaskSetManager: Finished task 18.0 in stage 22.0 (TID 233) in 190 ms on 172.18.0.7 (executor 0) (22/50)
[2025-12-16T03:30:27.284+0000] {subprocess.py:106} INFO - 25/12/16 03:30:27 INFO TaskSetManager: Starting task 36.0 in stage 22.0 (TID 251) (172.18.0.7, executor 0, partition 36, PROCESS_LOCAL, 7356 bytes)
[2025-12-16T03:30:27.285+0000] {subprocess.py:106} INFO - 25/12/16 03:30:27 INFO TaskSetManager: Finished task 19.0 in stage 22.0 (TID 234) in 196 ms on 172.18.0.7 (executor 0) (23/50)
[2025-12-16T03:30:27.286+0000] {subprocess.py:106} INFO - 25/12/16 03:30:27 INFO TaskSetManager: Starting task 37.0 in stage 22.0 (TID 252) (172.18.0.7, executor 0, partition 37, PROCESS_LOCAL, 7356 bytes)
[2025-12-16T03:30:27.291+0000] {subprocess.py:106} INFO - 25/12/16 03:30:27 INFO TaskSetManager: Starting task 38.0 in stage 22.0 (TID 253) (172.18.0.7, executor 0, partition 38, PROCESS_LOCAL, 7356 bytes)
[2025-12-16T03:30:27.292+0000] {subprocess.py:106} INFO - 25/12/16 03:30:27 INFO TaskSetManager: Finished task 23.0 in stage 22.0 (TID 238) in 180 ms on 172.18.0.7 (executor 0) (24/50)
[2025-12-16T03:30:27.294+0000] {subprocess.py:106} INFO - 25/12/16 03:30:27 INFO TaskSetManager: Finished task 25.0 in stage 22.0 (TID 240) in 179 ms on 172.18.0.7 (executor 0) (25/50)
[2025-12-16T03:30:27.296+0000] {subprocess.py:106} INFO - 25/12/16 03:30:27 INFO TaskSetManager: Starting task 40.0 in stage 22.0 (TID 254) (172.18.0.7, executor 0, partition 40, PROCESS_LOCAL, 7356 bytes)
[2025-12-16T03:30:27.298+0000] {subprocess.py:106} INFO - 25/12/16 03:30:27 INFO TaskSetManager: Starting task 41.0 in stage 22.0 (TID 255) (172.18.0.7, executor 0, partition 41, PROCESS_LOCAL, 7356 bytes)
[2025-12-16T03:30:27.299+0000] {subprocess.py:106} INFO - 25/12/16 03:30:27 INFO TaskSetManager: Finished task 26.0 in stage 22.0 (TID 241) in 169 ms on 172.18.0.7 (executor 0) (26/50)
[2025-12-16T03:30:27.300+0000] {subprocess.py:106} INFO - 25/12/16 03:30:27 INFO TaskSetManager: Finished task 22.0 in stage 22.0 (TID 237) in 189 ms on 172.18.0.7 (executor 0) (27/50)
[2025-12-16T03:30:27.306+0000] {subprocess.py:106} INFO - 25/12/16 03:30:27 INFO TaskSetManager: Starting task 43.0 in stage 22.0 (TID 256) (172.18.0.7, executor 0, partition 43, PROCESS_LOCAL, 7356 bytes)
[2025-12-16T03:30:27.308+0000] {subprocess.py:106} INFO - 25/12/16 03:30:27 INFO TaskSetManager: Starting task 44.0 in stage 22.0 (TID 257) (172.18.0.7, executor 0, partition 44, PROCESS_LOCAL, 7356 bytes)
[2025-12-16T03:30:27.309+0000] {subprocess.py:106} INFO - 25/12/16 03:30:27 INFO TaskSetManager: Finished task 27.0 in stage 22.0 (TID 242) in 171 ms on 172.18.0.7 (executor 0) (28/50)
[2025-12-16T03:30:27.310+0000] {subprocess.py:106} INFO - 25/12/16 03:30:27 INFO TaskSetManager: Finished task 21.0 in stage 22.0 (TID 236) in 202 ms on 172.18.0.7 (executor 0) (29/50)
[2025-12-16T03:30:27.312+0000] {subprocess.py:106} INFO - 25/12/16 03:30:27 INFO TaskSetManager: Starting task 45.0 in stage 22.0 (TID 258) (172.18.0.7, executor 0, partition 45, PROCESS_LOCAL, 7356 bytes)
[2025-12-16T03:30:27.314+0000] {subprocess.py:106} INFO - 25/12/16 03:30:27 INFO TaskSetManager: Finished task 20.0 in stage 22.0 (TID 235) in 209 ms on 172.18.0.7 (executor 0) (30/50)
[2025-12-16T03:30:27.316+0000] {subprocess.py:106} INFO - 25/12/16 03:30:27 INFO BlockManagerInfo: Added rdd_63_32 in memory on 172.18.0.7:36801 (size: 46.0 B, free: 434.1 MiB)
[2025-12-16T03:30:27.320+0000] {subprocess.py:106} INFO - 25/12/16 03:30:27 INFO TaskSetManager: Starting task 46.0 in stage 22.0 (TID 259) (172.18.0.7, executor 0, partition 46, PROCESS_LOCAL, 7356 bytes)
[2025-12-16T03:30:27.322+0000] {subprocess.py:106} INFO - 25/12/16 03:30:27 INFO TaskSetManager: Finished task 28.0 in stage 22.0 (TID 243) in 185 ms on 172.18.0.7 (executor 0) (31/50)
[2025-12-16T03:30:27.324+0000] {subprocess.py:106} INFO - 25/12/16 03:30:27 INFO BlockManagerInfo: Added rdd_63_31 in memory on 172.18.0.7:36801 (size: 46.0 B, free: 434.1 MiB)
[2025-12-16T03:30:27.328+0000] {subprocess.py:106} INFO - 25/12/16 03:30:27 INFO TaskSetManager: Starting task 47.0 in stage 22.0 (TID 260) (172.18.0.7, executor 0, partition 47, PROCESS_LOCAL, 7356 bytes)
[2025-12-16T03:30:27.329+0000] {subprocess.py:106} INFO - 25/12/16 03:30:27 INFO BlockManagerInfo: Added rdd_63_30 in memory on 172.18.0.7:36801 (size: 46.0 B, free: 434.1 MiB)
[2025-12-16T03:30:27.331+0000] {subprocess.py:106} INFO - 25/12/16 03:30:27 INFO BlockManagerInfo: Added rdd_63_33 in memory on 172.18.0.7:36801 (size: 46.0 B, free: 434.1 MiB)
[2025-12-16T03:30:27.332+0000] {subprocess.py:106} INFO - 25/12/16 03:30:27 INFO TaskSetManager: Finished task 29.0 in stage 22.0 (TID 244) in 193 ms on 172.18.0.7 (executor 0) (32/50)
[2025-12-16T03:30:27.354+0000] {subprocess.py:106} INFO - 25/12/16 03:30:27 INFO TaskSetManager: Starting task 48.0 in stage 22.0 (TID 261) (172.18.0.7, executor 0, partition 48, PROCESS_LOCAL, 7356 bytes)
[2025-12-16T03:30:27.355+0000] {subprocess.py:106} INFO - 25/12/16 03:30:27 INFO TaskSetManager: Finished task 32.0 in stage 22.0 (TID 247) in 136 ms on 172.18.0.7 (executor 0) (33/50)
[2025-12-16T03:30:27.367+0000] {subprocess.py:106} INFO - 25/12/16 03:30:27 INFO BlockManagerInfo: Added rdd_63_35 in memory on 172.18.0.7:36801 (size: 46.0 B, free: 434.1 MiB)
[2025-12-16T03:30:27.368+0000] {subprocess.py:106} INFO - 25/12/16 03:30:27 INFO BlockManagerInfo: Added rdd_63_34 in memory on 172.18.0.7:36801 (size: 46.0 B, free: 434.1 MiB)
[2025-12-16T03:30:27.369+0000] {subprocess.py:106} INFO - 25/12/16 03:30:27 INFO TaskSetManager: Starting task 49.0 in stage 22.0 (TID 262) (172.18.0.7, executor 0, partition 49, PROCESS_LOCAL, 7356 bytes)
[2025-12-16T03:30:27.373+0000] {subprocess.py:106} INFO - 25/12/16 03:30:27 INFO TaskSetManager: Finished task 31.0 in stage 22.0 (TID 246) in 161 ms on 172.18.0.7 (executor 0) (34/50)
[2025-12-16T03:30:27.380+0000] {subprocess.py:106} INFO - 25/12/16 03:30:27 INFO TaskSetManager: Finished task 33.0 in stage 22.0 (TID 248) in 140 ms on 172.18.0.7 (executor 0) (35/50)
[2025-12-16T03:30:27.383+0000] {subprocess.py:106} INFO - 25/12/16 03:30:27 INFO TaskSetManager: Finished task 30.0 in stage 22.0 (TID 245) in 169 ms on 172.18.0.7 (executor 0) (36/50)
[2025-12-16T03:30:27.384+0000] {subprocess.py:106} INFO - 25/12/16 03:30:27 INFO BlockManagerInfo: Added rdd_63_36 in memory on 172.18.0.7:36801 (size: 46.0 B, free: 434.1 MiB)
[2025-12-16T03:30:27.394+0000] {subprocess.py:106} INFO - 25/12/16 03:30:27 INFO BlockManagerInfo: Added rdd_63_40 in memory on 172.18.0.7:36801 (size: 46.0 B, free: 434.1 MiB)
[2025-12-16T03:30:27.395+0000] {subprocess.py:106} INFO - 25/12/16 03:30:27 INFO BlockManagerInfo: Added rdd_63_43 in memory on 172.18.0.7:36801 (size: 46.0 B, free: 434.1 MiB)
[2025-12-16T03:30:27.408+0000] {subprocess.py:106} INFO - 25/12/16 03:30:27 INFO BlockManagerInfo: Added rdd_63_45 in memory on 172.18.0.7:36801 (size: 46.0 B, free: 434.1 MiB)
[2025-12-16T03:30:27.410+0000] {subprocess.py:106} INFO - 25/12/16 03:30:27 INFO BlockManagerInfo: Added rdd_63_37 in memory on 172.18.0.7:36801 (size: 46.0 B, free: 434.1 MiB)
[2025-12-16T03:30:27.415+0000] {subprocess.py:106} INFO - 25/12/16 03:30:27 INFO BlockManagerInfo: Added rdd_63_41 in memory on 172.18.0.7:36801 (size: 46.0 B, free: 434.1 MiB)
[2025-12-16T03:30:27.416+0000] {subprocess.py:106} INFO - 25/12/16 03:30:27 INFO TaskSetManager: Finished task 34.0 in stage 22.0 (TID 249) in 146 ms on 172.18.0.7 (executor 0) (37/50)
[2025-12-16T03:30:27.420+0000] {subprocess.py:106} INFO - 25/12/16 03:30:27 INFO BlockManagerInfo: Added rdd_63_38 in memory on 172.18.0.7:36801 (size: 46.0 B, free: 434.1 MiB)
[2025-12-16T03:30:27.422+0000] {subprocess.py:106} INFO - 25/12/16 03:30:27 INFO BlockManagerInfo: Added rdd_63_46 in memory on 172.18.0.7:36801 (size: 46.0 B, free: 434.1 MiB)
[2025-12-16T03:30:27.427+0000] {subprocess.py:106} INFO - 25/12/16 03:30:27 INFO BlockManagerInfo: Added rdd_63_44 in memory on 172.18.0.7:36801 (size: 46.0 B, free: 434.1 MiB)
[2025-12-16T03:30:27.436+0000] {subprocess.py:106} INFO - 25/12/16 03:30:27 INFO BlockManagerInfo: Added rdd_63_47 in memory on 172.18.0.7:36801 (size: 46.0 B, free: 434.1 MiB)
[2025-12-16T03:30:27.438+0000] {subprocess.py:106} INFO - 25/12/16 03:30:27 INFO TaskSetManager: Finished task 35.0 in stage 22.0 (TID 250) in 161 ms on 172.18.0.7 (executor 0) (38/50)
[2025-12-16T03:30:27.447+0000] {subprocess.py:106} INFO - 25/12/16 03:30:27 INFO BlockManagerInfo: Added rdd_63_48 in memory on 172.18.0.7:36801 (size: 46.0 B, free: 434.1 MiB)
[2025-12-16T03:30:27.448+0000] {subprocess.py:106} INFO - 25/12/16 03:30:27 INFO TaskSetManager: Finished task 36.0 in stage 22.0 (TID 251) in 165 ms on 172.18.0.7 (executor 0) (39/50)
[2025-12-16T03:30:27.450+0000] {subprocess.py:106} INFO - 25/12/16 03:30:27 INFO TaskSetManager: Finished task 41.0 in stage 22.0 (TID 255) in 154 ms on 172.18.0.7 (executor 0) (40/50)
[2025-12-16T03:30:27.451+0000] {subprocess.py:106} INFO - 25/12/16 03:30:27 INFO TaskSetManager: Finished task 40.0 in stage 22.0 (TID 254) in 156 ms on 172.18.0.7 (executor 0) (41/50)
[2025-12-16T03:30:27.452+0000] {subprocess.py:106} INFO - 25/12/16 03:30:27 INFO TaskSetManager: Finished task 38.0 in stage 22.0 (TID 253) in 164 ms on 172.18.0.7 (executor 0) (42/50)
[2025-12-16T03:30:27.456+0000] {subprocess.py:106} INFO - 25/12/16 03:30:27 INFO BlockManagerInfo: Added rdd_63_49 in memory on 172.18.0.7:36801 (size: 46.0 B, free: 434.1 MiB)
[2025-12-16T03:30:27.457+0000] {subprocess.py:106} INFO - 25/12/16 03:30:27 INFO TaskSetManager: Finished task 37.0 in stage 22.0 (TID 252) in 170 ms on 172.18.0.7 (executor 0) (43/50)
[2025-12-16T03:30:27.458+0000] {subprocess.py:106} INFO - 25/12/16 03:30:27 INFO TaskSetManager: Finished task 45.0 in stage 22.0 (TID 258) in 152 ms on 172.18.0.7 (executor 0) (44/50)
[2025-12-16T03:30:27.459+0000] {subprocess.py:106} INFO - 25/12/16 03:30:27 INFO TaskSetManager: Finished task 43.0 in stage 22.0 (TID 256) in 158 ms on 172.18.0.7 (executor 0) (45/50)
[2025-12-16T03:30:27.459+0000] {subprocess.py:106} INFO - 25/12/16 03:30:27 INFO TaskSetManager: Finished task 44.0 in stage 22.0 (TID 257) in 156 ms on 172.18.0.7 (executor 0) (46/50)
[2025-12-16T03:30:27.468+0000] {subprocess.py:106} INFO - 25/12/16 03:30:27 INFO TaskSetManager: Finished task 47.0 in stage 22.0 (TID 260) in 141 ms on 172.18.0.7 (executor 0) (47/50)
[2025-12-16T03:30:27.485+0000] {subprocess.py:106} INFO - 25/12/16 03:30:27 INFO TaskSetManager: Finished task 46.0 in stage 22.0 (TID 259) in 164 ms on 172.18.0.7 (executor 0) (48/50)
[2025-12-16T03:30:27.487+0000] {subprocess.py:106} INFO - 25/12/16 03:30:27 INFO TaskSetManager: Finished task 48.0 in stage 22.0 (TID 261) in 135 ms on 172.18.0.7 (executor 0) (49/50)
[2025-12-16T03:30:27.496+0000] {subprocess.py:106} INFO - 25/12/16 03:30:27 INFO TaskSetManager: Finished task 49.0 in stage 22.0 (TID 262) in 126 ms on 172.18.0.7 (executor 0) (50/50)
[2025-12-16T03:30:27.497+0000] {subprocess.py:106} INFO - 25/12/16 03:30:27 INFO TaskSchedulerImpl: Removed TaskSet 22.0, whose tasks have all completed, from pool
[2025-12-16T03:30:27.498+0000] {subprocess.py:106} INFO - 25/12/16 03:30:27 INFO DAGScheduler: ShuffleMapStage 22 ($anonfun$recordDeltaOperationInternal$1 at DatabricksLogging.scala:128) finished in 0.651 s
[2025-12-16T03:30:27.498+0000] {subprocess.py:106} INFO - 25/12/16 03:30:27 INFO DAGScheduler: looking for newly runnable stages
[2025-12-16T03:30:27.499+0000] {subprocess.py:106} INFO - 25/12/16 03:30:27 INFO DAGScheduler: running: Set()
[2025-12-16T03:30:27.499+0000] {subprocess.py:106} INFO - 25/12/16 03:30:27 INFO DAGScheduler: waiting: Set()
[2025-12-16T03:30:27.500+0000] {subprocess.py:106} INFO - 25/12/16 03:30:27 INFO DAGScheduler: failed: Set()
[2025-12-16T03:30:27.526+0000] {subprocess.py:106} INFO - 25/12/16 03:30:27 INFO SparkContext: Starting job: $anonfun$recordDeltaOperationInternal$1 at DatabricksLogging.scala:128
[2025-12-16T03:30:27.527+0000] {subprocess.py:106} INFO - 25/12/16 03:30:27 INFO DAGScheduler: Got job 14 ($anonfun$recordDeltaOperationInternal$1 at DatabricksLogging.scala:128) with 1 output partitions
[2025-12-16T03:30:27.528+0000] {subprocess.py:106} INFO - 25/12/16 03:30:27 INFO DAGScheduler: Final stage: ResultStage 25 ($anonfun$recordDeltaOperationInternal$1 at DatabricksLogging.scala:128)
[2025-12-16T03:30:27.529+0000] {subprocess.py:106} INFO - 25/12/16 03:30:27 INFO DAGScheduler: Parents of final stage: List(ShuffleMapStage 24)
[2025-12-16T03:30:27.530+0000] {subprocess.py:106} INFO - 25/12/16 03:30:27 INFO DAGScheduler: Missing parents: List()
[2025-12-16T03:30:27.531+0000] {subprocess.py:106} INFO - 25/12/16 03:30:27 INFO DAGScheduler: Submitting ResultStage 25 (MapPartitionsRDD[69] at $anonfun$recordDeltaOperationInternal$1 at DatabricksLogging.scala:128), which has no missing parents
[2025-12-16T03:30:27.535+0000] {subprocess.py:106} INFO - 25/12/16 03:30:27 INFO MemoryStore: Block broadcast_24 stored as values in memory (estimated size 452.4 KiB, free 431.6 MiB)
[2025-12-16T03:30:27.539+0000] {subprocess.py:106} INFO - 25/12/16 03:30:27 INFO MemoryStore: Block broadcast_24_piece0 stored as bytes in memory (estimated size 108.2 KiB, free 431.5 MiB)
[2025-12-16T03:30:27.540+0000] {subprocess.py:106} INFO - 25/12/16 03:30:27 INFO BlockManagerInfo: Added broadcast_24_piece0 in memory on 3ad9a82189be:39783 (size: 108.2 KiB, free: 433.9 MiB)
[2025-12-16T03:30:27.541+0000] {subprocess.py:106} INFO - 25/12/16 03:30:27 INFO SparkContext: Created broadcast 24 from broadcast at DAGScheduler.scala:1535
[2025-12-16T03:30:27.542+0000] {subprocess.py:106} INFO - 25/12/16 03:30:27 INFO DAGScheduler: Submitting 1 missing tasks from ResultStage 25 (MapPartitionsRDD[69] at $anonfun$recordDeltaOperationInternal$1 at DatabricksLogging.scala:128) (first 15 tasks are for partitions Vector(0))
[2025-12-16T03:30:27.542+0000] {subprocess.py:106} INFO - 25/12/16 03:30:27 INFO TaskSchedulerImpl: Adding task set 25.0 with 1 tasks resource profile 0
[2025-12-16T03:30:27.543+0000] {subprocess.py:106} INFO - 25/12/16 03:30:27 INFO TaskSetManager: Starting task 0.0 in stage 25.0 (TID 263) (172.18.0.7, executor 0, partition 0, NODE_LOCAL, 7367 bytes)
[2025-12-16T03:30:27.553+0000] {subprocess.py:106} INFO - 25/12/16 03:30:27 INFO BlockManagerInfo: Added broadcast_24_piece0 in memory on 172.18.0.7:36801 (size: 108.2 KiB, free: 434.0 MiB)
[2025-12-16T03:30:27.564+0000] {subprocess.py:106} INFO - 25/12/16 03:30:27 INFO MapOutputTrackerMasterEndpoint: Asked to send map output locations for shuffle 5 to 172.18.0.7:43148
[2025-12-16T03:30:27.594+0000] {subprocess.py:106} INFO - 25/12/16 03:30:27 INFO TaskSetManager: Finished task 0.0 in stage 25.0 (TID 263) in 52 ms on 172.18.0.7 (executor 0) (1/1)
[2025-12-16T03:30:27.595+0000] {subprocess.py:106} INFO - 25/12/16 03:30:27 INFO TaskSchedulerImpl: Removed TaskSet 25.0, whose tasks have all completed, from pool
[2025-12-16T03:30:27.597+0000] {subprocess.py:106} INFO - 25/12/16 03:30:27 INFO DAGScheduler: ResultStage 25 ($anonfun$recordDeltaOperationInternal$1 at DatabricksLogging.scala:128) finished in 0.065 s
[2025-12-16T03:30:27.598+0000] {subprocess.py:106} INFO - 25/12/16 03:30:27 INFO DAGScheduler: Job 14 is finished. Cancelling potential speculative or zombie tasks for this job
[2025-12-16T03:30:27.598+0000] {subprocess.py:106} INFO - 25/12/16 03:30:27 INFO TaskSchedulerImpl: Killing all running tasks in stage 25: Stage finished
[2025-12-16T03:30:27.599+0000] {subprocess.py:106} INFO - 25/12/16 03:30:27 INFO DAGScheduler: Job 14 finished: $anonfun$recordDeltaOperationInternal$1 at DatabricksLogging.scala:128, took 0.069059 s
[2025-12-16T03:30:27.605+0000] {subprocess.py:106} INFO - 25/12/16 03:30:27 INFO Snapshot: [tableId=0e262853-9824-48c4-a6ca-dea8afceb846] DELTA: Done
[2025-12-16T03:30:27.650+0000] {subprocess.py:106} INFO - 25/12/16 03:30:27 INFO OptimisticTransaction: [tableId=0e262853,txnId=4809fb61] Committed delta #1 to s3a://gold/dim_products/_delta_log
[2025-12-16T03:30:27.654+0000] {subprocess.py:106} INFO - --> [SUCCESS] Written dim_products to s3a://gold/dim_products
[2025-12-16T03:30:27.655+0000] {subprocess.py:106} INFO - Processing Dim Customers...
[2025-12-16T03:30:27.674+0000] {subprocess.py:106} INFO - 25/12/16 03:30:27 INFO DelegatingLogStore: LogStore `LogStoreAdapter(io.delta.storage.S3SingleDriverLogStore)` is used for scheme `s3a`
[2025-12-16T03:30:27.699+0000] {subprocess.py:106} INFO - 25/12/16 03:30:27 INFO DeltaLog: Loading version 0.
[2025-12-16T03:30:27.704+0000] {subprocess.py:106} INFO - 25/12/16 03:30:27 INFO DeltaLogFileIndex: Created DeltaLogFileIndex(JSON, numFilesInSegment: 1, totalFileSize: 2263)
[2025-12-16T03:30:27.734+0000] {subprocess.py:106} INFO - 25/12/16 03:30:27 INFO FileSourceStrategy: Pushed Filters:
[2025-12-16T03:30:27.735+0000] {subprocess.py:106} INFO - 25/12/16 03:30:27 INFO FileSourceStrategy: Post-Scan Filters:
[2025-12-16T03:30:27.750+0000] {subprocess.py:106} INFO - 25/12/16 03:30:27 INFO MemoryStore: Block broadcast_25 stored as values in memory (estimated size 212.9 KiB, free 431.3 MiB)
[2025-12-16T03:30:27.759+0000] {subprocess.py:106} INFO - 25/12/16 03:30:27 INFO MemoryStore: Block broadcast_25_piece0 stored as bytes in memory (estimated size 36.3 KiB, free 431.3 MiB)
[2025-12-16T03:30:27.760+0000] {subprocess.py:106} INFO - 25/12/16 03:30:27 INFO BlockManagerInfo: Added broadcast_25_piece0 in memory on 3ad9a82189be:39783 (size: 36.3 KiB, free: 433.9 MiB)
[2025-12-16T03:30:27.761+0000] {subprocess.py:106} INFO - 25/12/16 03:30:27 INFO SparkContext: Created broadcast 25 from toString at <unknown>:0
[2025-12-16T03:30:27.761+0000] {subprocess.py:106} INFO - 25/12/16 03:30:27 INFO FileSourceScanExec: Planning scan with bin packing, max size: 4194304 bytes, open cost is considered as scanning 4194304 bytes.
[2025-12-16T03:30:27.773+0000] {subprocess.py:106} INFO - 25/12/16 03:30:27 INFO SparkContext: Starting job: toString at <unknown>:0
[2025-12-16T03:30:27.774+0000] {subprocess.py:106} INFO - 25/12/16 03:30:27 INFO DAGScheduler: Got job 15 (toString at <unknown>:0) with 1 output partitions
[2025-12-16T03:30:27.775+0000] {subprocess.py:106} INFO - 25/12/16 03:30:27 INFO DAGScheduler: Final stage: ResultStage 26 (toString at <unknown>:0)
[2025-12-16T03:30:27.775+0000] {subprocess.py:106} INFO - 25/12/16 03:30:27 INFO DAGScheduler: Parents of final stage: List()
[2025-12-16T03:30:27.776+0000] {subprocess.py:106} INFO - 25/12/16 03:30:27 INFO DAGScheduler: Missing parents: List()
[2025-12-16T03:30:27.776+0000] {subprocess.py:106} INFO - 25/12/16 03:30:27 INFO DAGScheduler: Submitting ResultStage 26 (MapPartitionsRDD[73] at toString at <unknown>:0), which has no missing parents
[2025-12-16T03:30:27.777+0000] {subprocess.py:106} INFO - 25/12/16 03:30:27 INFO MemoryStore: Block broadcast_26 stored as values in memory (estimated size 50.4 KiB, free 431.2 MiB)
[2025-12-16T03:30:27.780+0000] {subprocess.py:106} INFO - 25/12/16 03:30:27 INFO MemoryStore: Block broadcast_26_piece0 stored as bytes in memory (estimated size 15.5 KiB, free 431.2 MiB)
[2025-12-16T03:30:27.781+0000] {subprocess.py:106} INFO - 25/12/16 03:30:27 INFO BlockManagerInfo: Added broadcast_26_piece0 in memory on 3ad9a82189be:39783 (size: 15.5 KiB, free: 433.9 MiB)
[2025-12-16T03:30:27.782+0000] {subprocess.py:106} INFO - 25/12/16 03:30:27 INFO SparkContext: Created broadcast 26 from broadcast at DAGScheduler.scala:1535
[2025-12-16T03:30:27.783+0000] {subprocess.py:106} INFO - 25/12/16 03:30:27 INFO DAGScheduler: Submitting 1 missing tasks from ResultStage 26 (MapPartitionsRDD[73] at toString at <unknown>:0) (first 15 tasks are for partitions Vector(0))
[2025-12-16T03:30:27.783+0000] {subprocess.py:106} INFO - 25/12/16 03:30:27 INFO TaskSchedulerImpl: Adding task set 26.0 with 1 tasks resource profile 0
[2025-12-16T03:30:27.784+0000] {subprocess.py:106} INFO - 25/12/16 03:30:27 INFO TaskSetManager: Starting task 0.0 in stage 26.0 (TID 264) (172.18.0.7, executor 0, partition 0, PROCESS_LOCAL, 7943 bytes)
[2025-12-16T03:30:27.795+0000] {subprocess.py:106} INFO - 25/12/16 03:30:27 INFO BlockManagerInfo: Added broadcast_26_piece0 in memory on 172.18.0.7:36801 (size: 15.5 KiB, free: 434.0 MiB)
[2025-12-16T03:30:27.809+0000] {subprocess.py:106} INFO - 25/12/16 03:30:27 INFO BlockManagerInfo: Added broadcast_25_piece0 in memory on 172.18.0.7:36801 (size: 36.3 KiB, free: 434.0 MiB)
[2025-12-16T03:30:27.839+0000] {subprocess.py:106} INFO - 25/12/16 03:30:27 INFO TaskSetManager: Finished task 0.0 in stage 26.0 (TID 264) in 55 ms on 172.18.0.7 (executor 0) (1/1)
[2025-12-16T03:30:27.840+0000] {subprocess.py:106} INFO - 25/12/16 03:30:27 INFO TaskSchedulerImpl: Removed TaskSet 26.0, whose tasks have all completed, from pool
[2025-12-16T03:30:27.841+0000] {subprocess.py:106} INFO - 25/12/16 03:30:27 INFO DAGScheduler: ResultStage 26 (toString at <unknown>:0) finished in 0.064 s
[2025-12-16T03:30:27.841+0000] {subprocess.py:106} INFO - 25/12/16 03:30:27 INFO DAGScheduler: Job 15 is finished. Cancelling potential speculative or zombie tasks for this job
[2025-12-16T03:30:27.842+0000] {subprocess.py:106} INFO - 25/12/16 03:30:27 INFO TaskSchedulerImpl: Killing all running tasks in stage 26: Stage finished
[2025-12-16T03:30:27.842+0000] {subprocess.py:106} INFO - 25/12/16 03:30:27 INFO DAGScheduler: Job 15 finished: toString at <unknown>:0, took 0.067035 s
[2025-12-16T03:30:27.848+0000] {subprocess.py:106} INFO - 25/12/16 03:30:27 INFO Snapshot: [tableId=f8c2c082-6041-4b34-a86d-5c4e373c5685] Created snapshot Snapshot(path=s3a://silver/customers/_delta_log, version=0, metadata=Metadata(2a6b006e-f64b-4180-be07-82b7baeafd0e,null,null,Format(parquet,Map()),{"type":"struct","fields":[{"name":"customer_id","type":"string","nullable":true,"metadata":{}},{"name":"customer_name","type":"string","nullable":true,"metadata":{}},{"name":"phone","type":"string","nullable":true,"metadata":{}},{"name":"address","type":"string","nullable":true,"metadata":{}},{"name":"customer_group","type":"string","nullable":true,"metadata":{}},{"name":"current_debt","type":"decimal(18,2)","nullable":true,"metadata":{}},{"name":"status","type":"integer","nullable":true,"metadata":{}},{"name":"etl_loaded_at","type":"timestamp","nullable":true,"metadata":{}}]},List(),Map(),Some(1765855048397)), logSegment=LogSegment(s3a://silver/customers/_delta_log,0,WrappedArray(S3AFileStatus{path=s3a://silver/customers/_delta_log/00000000000000000000.json; isDirectory=false; length=2263; replication=1; blocksize=33554432; modification_time=1765855051914; access_time=0; owner=root; group=root; permission=rw-rw-rw-; isSymlink=false; hasAcl=false; isEncrypted=true; isErasureCoded=false} isEmptyDirectory=FALSE eTag=c5e78a0eb1e56e79931108a549a312e8 versionId=null),None,1765855051914), checksumOpt=None)
[2025-12-16T03:30:27.905+0000] {subprocess.py:106} INFO - 25/12/16 03:30:27 INFO DelegatingLogStore: LogStore `LogStoreAdapter(io.delta.storage.S3SingleDriverLogStore)` is used for scheme `s3a`
[2025-12-16T03:30:27.927+0000] {subprocess.py:106} INFO - 25/12/16 03:30:27 INFO DeltaLog: Loading version 0.
[2025-12-16T03:30:27.934+0000] {subprocess.py:106} INFO - 25/12/16 03:30:27 INFO DeltaLogFileIndex: Created DeltaLogFileIndex(JSON, numFilesInSegment: 1, totalFileSize: 2245)
[2025-12-16T03:30:27.964+0000] {subprocess.py:106} INFO - 25/12/16 03:30:27 INFO FileSourceStrategy: Pushed Filters:
[2025-12-16T03:30:27.965+0000] {subprocess.py:106} INFO - 25/12/16 03:30:27 INFO FileSourceStrategy: Post-Scan Filters:
[2025-12-16T03:30:27.982+0000] {subprocess.py:106} INFO - 25/12/16 03:30:27 INFO MemoryStore: Block broadcast_27 stored as values in memory (estimated size 212.9 KiB, free 431.0 MiB)
[2025-12-16T03:30:27.998+0000] {subprocess.py:106} INFO - 25/12/16 03:30:27 INFO BlockManagerInfo: Removed broadcast_25_piece0 on 3ad9a82189be:39783 in memory (size: 36.3 KiB, free: 433.9 MiB)
[2025-12-16T03:30:27.999+0000] {subprocess.py:106} INFO - 25/12/16 03:30:27 INFO BlockManagerInfo: Removed broadcast_25_piece0 on 172.18.0.7:36801 in memory (size: 36.3 KiB, free: 434.0 MiB)
[2025-12-16T03:30:28.002+0000] {subprocess.py:106} INFO - 25/12/16 03:30:28 INFO MemoryStore: Block broadcast_27_piece0 stored as bytes in memory (estimated size 36.3 KiB, free 431.2 MiB)
[2025-12-16T03:30:28.003+0000] {subprocess.py:106} INFO - 25/12/16 03:30:28 INFO BlockManagerInfo: Added broadcast_27_piece0 in memory on 3ad9a82189be:39783 (size: 36.3 KiB, free: 433.9 MiB)
[2025-12-16T03:30:28.004+0000] {subprocess.py:106} INFO - 25/12/16 03:30:28 INFO SparkContext: Created broadcast 27 from toString at <unknown>:0
[2025-12-16T03:30:28.005+0000] {subprocess.py:106} INFO - 25/12/16 03:30:28 INFO FileSourceScanExec: Planning scan with bin packing, max size: 4194304 bytes, open cost is considered as scanning 4194304 bytes.
[2025-12-16T03:30:28.007+0000] {subprocess.py:106} INFO - 25/12/16 03:30:28 INFO BlockManagerInfo: Removed broadcast_24_piece0 on 3ad9a82189be:39783 in memory (size: 108.2 KiB, free: 434.0 MiB)
[2025-12-16T03:30:28.009+0000] {subprocess.py:106} INFO - 25/12/16 03:30:28 INFO BlockManagerInfo: Removed broadcast_24_piece0 on 172.18.0.7:36801 in memory (size: 108.2 KiB, free: 434.1 MiB)
[2025-12-16T03:30:28.017+0000] {subprocess.py:106} INFO - 25/12/16 03:30:28 INFO BlockManagerInfo: Removed broadcast_26_piece0 on 3ad9a82189be:39783 in memory (size: 15.5 KiB, free: 434.0 MiB)
[2025-12-16T03:30:28.019+0000] {subprocess.py:106} INFO - 25/12/16 03:30:28 INFO BlockManagerInfo: Removed broadcast_26_piece0 on 172.18.0.7:36801 in memory (size: 15.5 KiB, free: 434.1 MiB)
[2025-12-16T03:30:28.023+0000] {subprocess.py:106} INFO - 25/12/16 03:30:28 INFO SparkContext: Starting job: toString at <unknown>:0
[2025-12-16T03:30:28.024+0000] {subprocess.py:106} INFO - 25/12/16 03:30:28 INFO DAGScheduler: Got job 16 (toString at <unknown>:0) with 1 output partitions
[2025-12-16T03:30:28.024+0000] {subprocess.py:106} INFO - 25/12/16 03:30:28 INFO DAGScheduler: Final stage: ResultStage 27 (toString at <unknown>:0)
[2025-12-16T03:30:28.025+0000] {subprocess.py:106} INFO - 25/12/16 03:30:28 INFO DAGScheduler: Parents of final stage: List()
[2025-12-16T03:30:28.026+0000] {subprocess.py:106} INFO - 25/12/16 03:30:28 INFO DAGScheduler: Missing parents: List()
[2025-12-16T03:30:28.026+0000] {subprocess.py:106} INFO - 25/12/16 03:30:28 INFO DAGScheduler: Submitting ResultStage 27 (MapPartitionsRDD[77] at toString at <unknown>:0), which has no missing parents
[2025-12-16T03:30:28.027+0000] {subprocess.py:106} INFO - 25/12/16 03:30:28 INFO MemoryStore: Block broadcast_28 stored as values in memory (estimated size 50.4 KiB, free 431.8 MiB)
[2025-12-16T03:30:28.029+0000] {subprocess.py:106} INFO - 25/12/16 03:30:28 INFO MemoryStore: Block broadcast_28_piece0 stored as bytes in memory (estimated size 15.5 KiB, free 431.8 MiB)
[2025-12-16T03:30:28.032+0000] {subprocess.py:106} INFO - 25/12/16 03:30:28 INFO BlockManagerInfo: Added broadcast_28_piece0 in memory on 3ad9a82189be:39783 (size: 15.5 KiB, free: 434.0 MiB)
[2025-12-16T03:30:28.033+0000] {subprocess.py:106} INFO - 25/12/16 03:30:28 INFO SparkContext: Created broadcast 28 from broadcast at DAGScheduler.scala:1535
[2025-12-16T03:30:28.034+0000] {subprocess.py:106} INFO - 25/12/16 03:30:28 INFO BlockManagerInfo: Removed broadcast_23_piece0 on 3ad9a82189be:39783 in memory (size: 123.3 KiB, free: 434.1 MiB)
[2025-12-16T03:30:28.035+0000] {subprocess.py:106} INFO - 25/12/16 03:30:28 INFO DAGScheduler: Submitting 1 missing tasks from ResultStage 27 (MapPartitionsRDD[77] at toString at <unknown>:0) (first 15 tasks are for partitions Vector(0))
[2025-12-16T03:30:28.036+0000] {subprocess.py:106} INFO - 25/12/16 03:30:28 INFO TaskSchedulerImpl: Adding task set 27.0 with 1 tasks resource profile 0
[2025-12-16T03:30:28.037+0000] {subprocess.py:106} INFO - 25/12/16 03:30:28 INFO BlockManagerInfo: Removed broadcast_23_piece0 on 172.18.0.7:36801 in memory (size: 123.3 KiB, free: 434.3 MiB)
[2025-12-16T03:30:28.037+0000] {subprocess.py:106} INFO - 25/12/16 03:30:28 INFO TaskSetManager: Starting task 0.0 in stage 27.0 (TID 265) (172.18.0.7, executor 0, partition 0, PROCESS_LOCAL, 7945 bytes)
[2025-12-16T03:30:28.064+0000] {subprocess.py:106} INFO - 25/12/16 03:30:28 INFO BlockManagerInfo: Removed broadcast_10_piece0 on 3ad9a82189be:39783 in memory (size: 37.0 KiB, free: 434.1 MiB)
[2025-12-16T03:30:28.066+0000] {subprocess.py:106} INFO - 25/12/16 03:30:28 INFO BlockManagerInfo: Added broadcast_28_piece0 in memory on 172.18.0.7:36801 (size: 15.5 KiB, free: 434.2 MiB)
[2025-12-16T03:30:28.068+0000] {subprocess.py:106} INFO - 25/12/16 03:30:28 INFO BlockManagerInfo: Removed broadcast_10_piece0 on 172.18.0.7:36801 in memory (size: 37.0 KiB, free: 434.3 MiB)
[2025-12-16T03:30:28.089+0000] {subprocess.py:106} INFO - 25/12/16 03:30:28 INFO BlockManagerInfo: Added broadcast_27_piece0 in memory on 172.18.0.7:36801 (size: 36.3 KiB, free: 434.2 MiB)
[2025-12-16T03:30:28.122+0000] {subprocess.py:106} INFO - 25/12/16 03:30:28 INFO TaskSetManager: Finished task 0.0 in stage 27.0 (TID 265) in 86 ms on 172.18.0.7 (executor 0) (1/1)
[2025-12-16T03:30:28.123+0000] {subprocess.py:106} INFO - 25/12/16 03:30:28 INFO TaskSchedulerImpl: Removed TaskSet 27.0, whose tasks have all completed, from pool
[2025-12-16T03:30:28.124+0000] {subprocess.py:106} INFO - 25/12/16 03:30:28 INFO DAGScheduler: ResultStage 27 (toString at <unknown>:0) finished in 0.097 s
[2025-12-16T03:30:28.125+0000] {subprocess.py:106} INFO - 25/12/16 03:30:28 INFO DAGScheduler: Job 16 is finished. Cancelling potential speculative or zombie tasks for this job
[2025-12-16T03:30:28.125+0000] {subprocess.py:106} INFO - 25/12/16 03:30:28 INFO TaskSchedulerImpl: Killing all running tasks in stage 27: Stage finished
[2025-12-16T03:30:28.126+0000] {subprocess.py:106} INFO - 25/12/16 03:30:28 INFO DAGScheduler: Job 16 finished: toString at <unknown>:0, took 0.100401 s
[2025-12-16T03:30:28.131+0000] {subprocess.py:106} INFO - 25/12/16 03:30:28 INFO Snapshot: [tableId=3194ccb4-6e2a-43a8-a97f-27a368f04787] Created snapshot Snapshot(path=s3a://gold/dim_customers/_delta_log, version=0, metadata=Metadata(16e4fe15-0e59-48b6-867e-459a77d1dfd5,null,null,Format(parquet,Map()),{"type":"struct","fields":[{"name":"customer_key","type":"string","nullable":true,"metadata":{}},{"name":"customer_id","type":"string","nullable":true,"metadata":{}},{"name":"customer_name","type":"string","nullable":true,"metadata":{}},{"name":"phone","type":"string","nullable":true,"metadata":{}},{"name":"address","type":"string","nullable":true,"metadata":{}},{"name":"customer_group","type":"string","nullable":true,"metadata":{}},{"name":"status","type":"integer","nullable":true,"metadata":{}},{"name":"last_updated","type":"timestamp","nullable":true,"metadata":{}}]},List(),Map(),Some(1765855787975)), logSegment=LogSegment(s3a://gold/dim_customers/_delta_log,0,WrappedArray(S3AFileStatus{path=s3a://gold/dim_customers/_delta_log/00000000000000000000.json; isDirectory=false; length=2245; replication=1; blocksize=33554432; modification_time=1765855790405; access_time=0; owner=root; group=root; permission=rw-rw-rw-; isSymlink=false; hasAcl=false; isEncrypted=true; isErasureCoded=false} isEmptyDirectory=FALSE eTag=3b2cc986ad5951874a66a6398e527692 versionId=null),None,1765855790405), checksumOpt=None)
[2025-12-16T03:30:28.219+0000] {subprocess.py:106} INFO - 25/12/16 03:30:28 INFO PrepareDeltaScan: DELTA: Filtering files for query
[2025-12-16T03:30:28.220+0000] {subprocess.py:106} INFO - 25/12/16 03:30:28 INFO Snapshot: [tableId=2a6b006e-f64b-4180-be07-82b7baeafd0e] DELTA: Compute snapshot for version: 0
[2025-12-16T03:30:28.221+0000] {subprocess.py:106} INFO - 25/12/16 03:30:28 INFO MemoryStore: Block broadcast_29 stored as values in memory (estimated size 212.3 KiB, free 432.4 MiB)
[2025-12-16T03:30:28.229+0000] {subprocess.py:106} INFO - 25/12/16 03:30:28 INFO MemoryStore: Block broadcast_29_piece0 stored as bytes in memory (estimated size 36.2 KiB, free 432.4 MiB)
[2025-12-16T03:30:28.229+0000] {subprocess.py:106} INFO - 25/12/16 03:30:28 INFO BlockManagerInfo: Added broadcast_29_piece0 in memory on 3ad9a82189be:39783 (size: 36.2 KiB, free: 434.1 MiB)
[2025-12-16T03:30:28.230+0000] {subprocess.py:106} INFO - 25/12/16 03:30:28 INFO SparkContext: Created broadcast 29 from $anonfun$recordDeltaOperationInternal$1 at DatabricksLogging.scala:128
[2025-12-16T03:30:28.371+0000] {subprocess.py:106} INFO - 25/12/16 03:30:28 INFO FileSourceStrategy: Pushed Filters:
[2025-12-16T03:30:28.372+0000] {subprocess.py:106} INFO - 25/12/16 03:30:28 INFO FileSourceStrategy: Post-Scan Filters:
[2025-12-16T03:30:28.411+0000] {subprocess.py:106} INFO - 25/12/16 03:30:28 INFO MemoryStore: Block broadcast_30 stored as values in memory (estimated size 212.9 KiB, free 432.2 MiB)
[2025-12-16T03:30:28.418+0000] {subprocess.py:106} INFO - 25/12/16 03:30:28 INFO MemoryStore: Block broadcast_30_piece0 stored as bytes in memory (estimated size 36.3 KiB, free 432.1 MiB)
[2025-12-16T03:30:28.419+0000] {subprocess.py:106} INFO - 25/12/16 03:30:28 INFO BlockManagerInfo: Added broadcast_30_piece0 in memory on 3ad9a82189be:39783 (size: 36.3 KiB, free: 434.1 MiB)
[2025-12-16T03:30:28.420+0000] {subprocess.py:106} INFO - 25/12/16 03:30:28 INFO SparkContext: Created broadcast 30 from $anonfun$recordDeltaOperationInternal$1 at DatabricksLogging.scala:128
[2025-12-16T03:30:28.421+0000] {subprocess.py:106} INFO - 25/12/16 03:30:28 INFO FileSourceScanExec: Planning scan with bin packing, max size: 4194304 bytes, open cost is considered as scanning 4194304 bytes.
[2025-12-16T03:30:28.433+0000] {subprocess.py:106} INFO - 25/12/16 03:30:28 INFO DAGScheduler: Registering RDD 81 ($anonfun$recordDeltaOperationInternal$1 at DatabricksLogging.scala:128) as input to shuffle 6
[2025-12-16T03:30:28.435+0000] {subprocess.py:106} INFO - 25/12/16 03:30:28 INFO DAGScheduler: Got map stage job 17 ($anonfun$recordDeltaOperationInternal$1 at DatabricksLogging.scala:128) with 1 output partitions
[2025-12-16T03:30:28.436+0000] {subprocess.py:106} INFO - 25/12/16 03:30:28 INFO DAGScheduler: Final stage: ShuffleMapStage 28 ($anonfun$recordDeltaOperationInternal$1 at DatabricksLogging.scala:128)
[2025-12-16T03:30:28.436+0000] {subprocess.py:106} INFO - 25/12/16 03:30:28 INFO DAGScheduler: Parents of final stage: List()
[2025-12-16T03:30:28.437+0000] {subprocess.py:106} INFO - 25/12/16 03:30:28 INFO DAGScheduler: Missing parents: List()
[2025-12-16T03:30:28.437+0000] {subprocess.py:106} INFO - 25/12/16 03:30:28 INFO DAGScheduler: Submitting ShuffleMapStage 28 (MapPartitionsRDD[81] at $anonfun$recordDeltaOperationInternal$1 at DatabricksLogging.scala:128), which has no missing parents
[2025-12-16T03:30:28.440+0000] {subprocess.py:106} INFO - 25/12/16 03:30:28 INFO MemoryStore: Block broadcast_31 stored as values in memory (estimated size 138.3 KiB, free 432.0 MiB)
[2025-12-16T03:30:28.443+0000] {subprocess.py:106} INFO - 25/12/16 03:30:28 INFO MemoryStore: Block broadcast_31_piece0 stored as bytes in memory (estimated size 39.0 KiB, free 432.0 MiB)
[2025-12-16T03:30:28.443+0000] {subprocess.py:106} INFO - 25/12/16 03:30:28 INFO BlockManagerInfo: Added broadcast_31_piece0 in memory on 3ad9a82189be:39783 (size: 39.0 KiB, free: 434.0 MiB)
[2025-12-16T03:30:28.444+0000] {subprocess.py:106} INFO - 25/12/16 03:30:28 INFO SparkContext: Created broadcast 31 from broadcast at DAGScheduler.scala:1535
[2025-12-16T03:30:28.445+0000] {subprocess.py:106} INFO - 25/12/16 03:30:28 INFO DAGScheduler: Submitting 1 missing tasks from ShuffleMapStage 28 (MapPartitionsRDD[81] at $anonfun$recordDeltaOperationInternal$1 at DatabricksLogging.scala:128) (first 15 tasks are for partitions Vector(0))
[2025-12-16T03:30:28.446+0000] {subprocess.py:106} INFO - 25/12/16 03:30:28 INFO TaskSchedulerImpl: Adding task set 28.0 with 1 tasks resource profile 0
[2025-12-16T03:30:28.446+0000] {subprocess.py:106} INFO - 25/12/16 03:30:28 INFO TaskSetManager: Starting task 0.0 in stage 28.0 (TID 266) (172.18.0.7, executor 0, partition 0, PROCESS_LOCAL, 7932 bytes)
[2025-12-16T03:30:28.455+0000] {subprocess.py:106} INFO - 25/12/16 03:30:28 INFO BlockManagerInfo: Added broadcast_31_piece0 in memory on 172.18.0.7:36801 (size: 39.0 KiB, free: 434.2 MiB)
[2025-12-16T03:30:28.474+0000] {subprocess.py:106} INFO - 25/12/16 03:30:28 INFO BlockManagerInfo: Added broadcast_30_piece0 in memory on 172.18.0.7:36801 (size: 36.3 KiB, free: 434.2 MiB)
[2025-12-16T03:30:28.507+0000] {subprocess.py:106} INFO - 25/12/16 03:30:28 INFO TaskSetManager: Finished task 0.0 in stage 28.0 (TID 266) in 61 ms on 172.18.0.7 (executor 0) (1/1)
[2025-12-16T03:30:28.508+0000] {subprocess.py:106} INFO - 25/12/16 03:30:28 INFO TaskSchedulerImpl: Removed TaskSet 28.0, whose tasks have all completed, from pool
[2025-12-16T03:30:28.509+0000] {subprocess.py:106} INFO - 25/12/16 03:30:28 INFO DAGScheduler: ShuffleMapStage 28 ($anonfun$recordDeltaOperationInternal$1 at DatabricksLogging.scala:128) finished in 0.072 s
[2025-12-16T03:30:28.509+0000] {subprocess.py:106} INFO - 25/12/16 03:30:28 INFO DAGScheduler: looking for newly runnable stages
[2025-12-16T03:30:28.510+0000] {subprocess.py:106} INFO - 25/12/16 03:30:28 INFO DAGScheduler: running: Set()
[2025-12-16T03:30:28.510+0000] {subprocess.py:106} INFO - 25/12/16 03:30:28 INFO DAGScheduler: waiting: Set()
[2025-12-16T03:30:28.511+0000] {subprocess.py:106} INFO - 25/12/16 03:30:28 INFO DAGScheduler: failed: Set()
[2025-12-16T03:30:28.562+0000] {subprocess.py:106} INFO - 25/12/16 03:30:28 INFO BlockManagerInfo: Removed broadcast_28_piece0 on 3ad9a82189be:39783 in memory (size: 15.5 KiB, free: 434.0 MiB)
[2025-12-16T03:30:28.564+0000] {subprocess.py:106} INFO - 25/12/16 03:30:28 INFO BlockManagerInfo: Removed broadcast_28_piece0 on 172.18.0.7:36801 in memory (size: 15.5 KiB, free: 434.2 MiB)
[2025-12-16T03:30:28.571+0000] {subprocess.py:106} INFO - 25/12/16 03:30:28 INFO BlockManagerInfo: Removed broadcast_31_piece0 on 3ad9a82189be:39783 in memory (size: 39.0 KiB, free: 434.1 MiB)
[2025-12-16T03:30:28.572+0000] {subprocess.py:106} INFO - 25/12/16 03:30:28 INFO BlockManagerInfo: Removed broadcast_31_piece0 on 172.18.0.7:36801 in memory (size: 39.0 KiB, free: 434.2 MiB)
[2025-12-16T03:30:28.577+0000] {subprocess.py:106} INFO - 25/12/16 03:30:28 INFO BlockManagerInfo: Removed broadcast_27_piece0 on 3ad9a82189be:39783 in memory (size: 36.3 KiB, free: 434.1 MiB)
[2025-12-16T03:30:28.579+0000] {subprocess.py:106} INFO - 25/12/16 03:30:28 INFO BlockManagerInfo: Removed broadcast_27_piece0 on 172.18.0.7:36801 in memory (size: 36.3 KiB, free: 434.3 MiB)
[2025-12-16T03:30:28.691+0000] {subprocess.py:106} INFO - 25/12/16 03:30:28 INFO DAGScheduler: Registering RDD 91 ($anonfun$recordDeltaOperationInternal$1 at DatabricksLogging.scala:128) as input to shuffle 7
[2025-12-16T03:30:28.691+0000] {subprocess.py:106} INFO - 25/12/16 03:30:28 INFO DAGScheduler: Got map stage job 18 ($anonfun$recordDeltaOperationInternal$1 at DatabricksLogging.scala:128) with 50 output partitions
[2025-12-16T03:30:28.692+0000] {subprocess.py:106} INFO - 25/12/16 03:30:28 INFO DAGScheduler: Final stage: ShuffleMapStage 30 ($anonfun$recordDeltaOperationInternal$1 at DatabricksLogging.scala:128)
[2025-12-16T03:30:28.692+0000] {subprocess.py:106} INFO - 25/12/16 03:30:28 INFO DAGScheduler: Parents of final stage: List(ShuffleMapStage 29)
[2025-12-16T03:30:28.693+0000] {subprocess.py:106} INFO - 25/12/16 03:30:28 INFO DAGScheduler: Missing parents: List()
[2025-12-16T03:30:28.693+0000] {subprocess.py:106} INFO - 25/12/16 03:30:28 INFO DAGScheduler: Submitting ShuffleMapStage 30 (MapPartitionsRDD[91] at $anonfun$recordDeltaOperationInternal$1 at DatabricksLogging.scala:128), which has no missing parents
[2025-12-16T03:30:28.728+0000] {subprocess.py:106} INFO - 25/12/16 03:30:28 INFO MemoryStore: Block broadcast_32 stored as values in memory (estimated size 517.2 KiB, free 432.0 MiB)
[2025-12-16T03:30:28.729+0000] {subprocess.py:106} INFO - 25/12/16 03:30:28 INFO MemoryStore: Block broadcast_32_piece0 stored as bytes in memory (estimated size 123.3 KiB, free 431.8 MiB)
[2025-12-16T03:30:28.730+0000] {subprocess.py:106} INFO - 25/12/16 03:30:28 INFO BlockManagerInfo: Added broadcast_32_piece0 in memory on 3ad9a82189be:39783 (size: 123.3 KiB, free: 434.0 MiB)
[2025-12-16T03:30:28.731+0000] {subprocess.py:106} INFO - 25/12/16 03:30:28 INFO SparkContext: Created broadcast 32 from broadcast at DAGScheduler.scala:1535
[2025-12-16T03:30:28.731+0000] {subprocess.py:106} INFO - 25/12/16 03:30:28 INFO DAGScheduler: Submitting 50 missing tasks from ShuffleMapStage 30 (MapPartitionsRDD[91] at $anonfun$recordDeltaOperationInternal$1 at DatabricksLogging.scala:128) (first 15 tasks are for partitions Vector(0, 1, 2, 3, 4, 5, 6, 7, 8, 9, 10, 11, 12, 13, 14))
[2025-12-16T03:30:28.732+0000] {subprocess.py:106} INFO - 25/12/16 03:30:28 INFO TaskSchedulerImpl: Adding task set 30.0 with 50 tasks resource profile 0
[2025-12-16T03:30:28.732+0000] {subprocess.py:106} INFO - 25/12/16 03:30:28 INFO TaskSetManager: Starting task 14.0 in stage 30.0 (TID 267) (172.18.0.7, executor 0, partition 14, NODE_LOCAL, 7356 bytes)
[2025-12-16T03:30:28.733+0000] {subprocess.py:106} INFO - 25/12/16 03:30:28 INFO TaskSetManager: Starting task 42.0 in stage 30.0 (TID 268) (172.18.0.7, executor 0, partition 42, NODE_LOCAL, 7356 bytes)
[2025-12-16T03:30:28.734+0000] {subprocess.py:106} INFO - 25/12/16 03:30:28 INFO TaskSetManager: Starting task 0.0 in stage 30.0 (TID 269) (172.18.0.7, executor 0, partition 0, PROCESS_LOCAL, 7356 bytes)
[2025-12-16T03:30:28.734+0000] {subprocess.py:106} INFO - 25/12/16 03:30:28 INFO TaskSetManager: Starting task 1.0 in stage 30.0 (TID 270) (172.18.0.7, executor 0, partition 1, PROCESS_LOCAL, 7356 bytes)
[2025-12-16T03:30:28.735+0000] {subprocess.py:106} INFO - 25/12/16 03:30:28 INFO TaskSetManager: Starting task 2.0 in stage 30.0 (TID 271) (172.18.0.7, executor 0, partition 2, PROCESS_LOCAL, 7356 bytes)
[2025-12-16T03:30:28.735+0000] {subprocess.py:106} INFO - 25/12/16 03:30:28 INFO TaskSetManager: Starting task 3.0 in stage 30.0 (TID 272) (172.18.0.7, executor 0, partition 3, PROCESS_LOCAL, 7356 bytes)
[2025-12-16T03:30:28.735+0000] {subprocess.py:106} INFO - 25/12/16 03:30:28 INFO TaskSetManager: Starting task 4.0 in stage 30.0 (TID 273) (172.18.0.7, executor 0, partition 4, PROCESS_LOCAL, 7356 bytes)
[2025-12-16T03:30:28.737+0000] {subprocess.py:106} INFO - 25/12/16 03:30:28 INFO TaskSetManager: Starting task 5.0 in stage 30.0 (TID 274) (172.18.0.7, executor 0, partition 5, PROCESS_LOCAL, 7356 bytes)
[2025-12-16T03:30:28.738+0000] {subprocess.py:106} INFO - 25/12/16 03:30:28 INFO TaskSetManager: Starting task 6.0 in stage 30.0 (TID 275) (172.18.0.7, executor 0, partition 6, PROCESS_LOCAL, 7356 bytes)
[2025-12-16T03:30:28.739+0000] {subprocess.py:106} INFO - 25/12/16 03:30:28 INFO TaskSetManager: Starting task 7.0 in stage 30.0 (TID 276) (172.18.0.7, executor 0, partition 7, PROCESS_LOCAL, 7356 bytes)
[2025-12-16T03:30:28.740+0000] {subprocess.py:106} INFO - 25/12/16 03:30:28 INFO TaskSetManager: Starting task 8.0 in stage 30.0 (TID 277) (172.18.0.7, executor 0, partition 8, PROCESS_LOCAL, 7356 bytes)
[2025-12-16T03:30:28.741+0000] {subprocess.py:106} INFO - 25/12/16 03:30:28 INFO TaskSetManager: Starting task 9.0 in stage 30.0 (TID 278) (172.18.0.7, executor 0, partition 9, PROCESS_LOCAL, 7356 bytes)
[2025-12-16T03:30:28.741+0000] {subprocess.py:106} INFO - 25/12/16 03:30:28 INFO TaskSetManager: Starting task 10.0 in stage 30.0 (TID 279) (172.18.0.7, executor 0, partition 10, PROCESS_LOCAL, 7356 bytes)
[2025-12-16T03:30:28.742+0000] {subprocess.py:106} INFO - 25/12/16 03:30:28 INFO TaskSetManager: Starting task 11.0 in stage 30.0 (TID 280) (172.18.0.7, executor 0, partition 11, PROCESS_LOCAL, 7356 bytes)
[2025-12-16T03:30:28.743+0000] {subprocess.py:106} INFO - 25/12/16 03:30:28 INFO TaskSetManager: Starting task 12.0 in stage 30.0 (TID 281) (172.18.0.7, executor 0, partition 12, PROCESS_LOCAL, 7356 bytes)
[2025-12-16T03:30:28.743+0000] {subprocess.py:106} INFO - 25/12/16 03:30:28 INFO TaskSetManager: Starting task 13.0 in stage 30.0 (TID 282) (172.18.0.7, executor 0, partition 13, PROCESS_LOCAL, 7356 bytes)
[2025-12-16T03:30:28.748+0000] {subprocess.py:106} INFO - 25/12/16 03:30:28 INFO BlockManagerInfo: Added broadcast_32_piece0 in memory on 172.18.0.7:36801 (size: 123.3 KiB, free: 434.1 MiB)
[2025-12-16T03:30:28.775+0000] {subprocess.py:106} INFO - 25/12/16 03:30:28 INFO MapOutputTrackerMasterEndpoint: Asked to send map output locations for shuffle 6 to 172.18.0.7:43148
[2025-12-16T03:30:28.822+0000] {subprocess.py:106} INFO - 25/12/16 03:30:28 INFO BlockManagerInfo: Added rdd_88_1 in memory on 172.18.0.7:36801 (size: 46.0 B, free: 434.1 MiB)
[2025-12-16T03:30:28.825+0000] {subprocess.py:106} INFO - 25/12/16 03:30:28 INFO BlockManagerInfo: Added rdd_88_0 in memory on 172.18.0.7:36801 (size: 46.0 B, free: 434.1 MiB)
[2025-12-16T03:30:28.827+0000] {subprocess.py:106} INFO - 25/12/16 03:30:28 INFO BlockManagerInfo: Added rdd_88_42 in memory on 172.18.0.7:36801 (size: 566.0 B, free: 434.1 MiB)
[2025-12-16T03:30:28.828+0000] {subprocess.py:106} INFO - 25/12/16 03:30:28 INFO BlockManagerInfo: Added rdd_88_14 in memory on 172.18.0.7:36801 (size: 767.0 B, free: 434.1 MiB)
[2025-12-16T03:30:28.829+0000] {subprocess.py:106} INFO - 25/12/16 03:30:28 INFO BlockManagerInfo: Added rdd_88_10 in memory on 172.18.0.7:36801 (size: 46.0 B, free: 434.1 MiB)
[2025-12-16T03:30:28.830+0000] {subprocess.py:106} INFO - 25/12/16 03:30:28 INFO BlockManagerInfo: Added rdd_88_2 in memory on 172.18.0.7:36801 (size: 46.0 B, free: 434.1 MiB)
[2025-12-16T03:30:28.831+0000] {subprocess.py:106} INFO - 25/12/16 03:30:28 INFO BlockManagerInfo: Added rdd_88_7 in memory on 172.18.0.7:36801 (size: 46.0 B, free: 434.1 MiB)
[2025-12-16T03:30:28.832+0000] {subprocess.py:106} INFO - 25/12/16 03:30:28 INFO BlockManagerInfo: Added rdd_88_5 in memory on 172.18.0.7:36801 (size: 46.0 B, free: 434.1 MiB)
[2025-12-16T03:30:28.832+0000] {subprocess.py:106} INFO - 25/12/16 03:30:28 INFO BlockManagerInfo: Added rdd_88_13 in memory on 172.18.0.7:36801 (size: 46.0 B, free: 434.1 MiB)
[2025-12-16T03:30:28.850+0000] {subprocess.py:106} INFO - 25/12/16 03:30:28 INFO BlockManagerInfo: Added rdd_88_9 in memory on 172.18.0.7:36801 (size: 46.0 B, free: 434.1 MiB)
[2025-12-16T03:30:28.855+0000] {subprocess.py:106} INFO - 25/12/16 03:30:28 INFO BlockManagerInfo: Added rdd_88_4 in memory on 172.18.0.7:36801 (size: 46.0 B, free: 434.1 MiB)
[2025-12-16T03:30:28.859+0000] {subprocess.py:106} INFO - 25/12/16 03:30:28 INFO BlockManagerInfo: Added rdd_88_12 in memory on 172.18.0.7:36801 (size: 46.0 B, free: 434.1 MiB)
[2025-12-16T03:30:28.860+0000] {subprocess.py:106} INFO - 25/12/16 03:30:28 INFO BlockManagerInfo: Added rdd_88_3 in memory on 172.18.0.7:36801 (size: 46.0 B, free: 434.1 MiB)
[2025-12-16T03:30:28.861+0000] {subprocess.py:106} INFO - 25/12/16 03:30:28 INFO BlockManagerInfo: Added rdd_88_6 in memory on 172.18.0.7:36801 (size: 46.0 B, free: 434.1 MiB)
[2025-12-16T03:30:28.862+0000] {subprocess.py:106} INFO - 25/12/16 03:30:28 INFO BlockManagerInfo: Added rdd_88_8 in memory on 172.18.0.7:36801 (size: 46.0 B, free: 434.1 MiB)
[2025-12-16T03:30:28.863+0000] {subprocess.py:106} INFO - 25/12/16 03:30:28 INFO BlockManagerInfo: Added rdd_88_11 in memory on 172.18.0.7:36801 (size: 46.0 B, free: 434.1 MiB)
[2025-12-16T03:30:28.869+0000] {subprocess.py:106} INFO - 25/12/16 03:30:28 INFO TaskSetManager: Starting task 15.0 in stage 30.0 (TID 283) (172.18.0.7, executor 0, partition 15, PROCESS_LOCAL, 7356 bytes)
[2025-12-16T03:30:28.871+0000] {subprocess.py:106} INFO - 25/12/16 03:30:28 INFO TaskSetManager: Finished task 10.0 in stage 30.0 (TID 279) in 135 ms on 172.18.0.7 (executor 0) (1/50)
[2025-12-16T03:30:28.872+0000] {subprocess.py:106} INFO - 25/12/16 03:30:28 INFO TaskSetManager: Starting task 16.0 in stage 30.0 (TID 284) (172.18.0.7, executor 0, partition 16, PROCESS_LOCAL, 7356 bytes)
[2025-12-16T03:30:28.873+0000] {subprocess.py:106} INFO - 25/12/16 03:30:28 INFO TaskSetManager: Starting task 17.0 in stage 30.0 (TID 285) (172.18.0.7, executor 0, partition 17, PROCESS_LOCAL, 7356 bytes)
[2025-12-16T03:30:28.875+0000] {subprocess.py:106} INFO - 25/12/16 03:30:28 INFO TaskSetManager: Starting task 18.0 in stage 30.0 (TID 286) (172.18.0.7, executor 0, partition 18, PROCESS_LOCAL, 7356 bytes)
[2025-12-16T03:30:28.875+0000] {subprocess.py:106} INFO - 25/12/16 03:30:28 INFO TaskSetManager: Starting task 19.0 in stage 30.0 (TID 287) (172.18.0.7, executor 0, partition 19, PROCESS_LOCAL, 7356 bytes)
[2025-12-16T03:30:28.892+0000] {subprocess.py:106} INFO - 25/12/16 03:30:28 INFO TaskSetManager: Finished task 7.0 in stage 30.0 (TID 276) in 142 ms on 172.18.0.7 (executor 0) (2/50)
[2025-12-16T03:30:28.896+0000] {subprocess.py:106} INFO - 25/12/16 03:30:28 INFO TaskSetManager: Finished task 42.0 in stage 30.0 (TID 268) in 145 ms on 172.18.0.7 (executor 0) (3/50)
[2025-12-16T03:30:28.897+0000] {subprocess.py:106} INFO - 25/12/16 03:30:28 INFO TaskSetManager: Finished task 2.0 in stage 30.0 (TID 271) in 145 ms on 172.18.0.7 (executor 0) (4/50)
[2025-12-16T03:30:28.898+0000] {subprocess.py:106} INFO - 25/12/16 03:30:28 INFO TaskSetManager: Starting task 20.0 in stage 30.0 (TID 288) (172.18.0.7, executor 0, partition 20, PROCESS_LOCAL, 7356 bytes)
[2025-12-16T03:30:28.900+0000] {subprocess.py:106} INFO - 25/12/16 03:30:28 INFO TaskSetManager: Finished task 13.0 in stage 30.0 (TID 282) in 145 ms on 172.18.0.7 (executor 0) (5/50)
[2025-12-16T03:30:28.900+0000] {subprocess.py:106} INFO - 25/12/16 03:30:28 INFO TaskSetManager: Finished task 5.0 in stage 30.0 (TID 274) in 148 ms on 172.18.0.7 (executor 0) (6/50)
[2025-12-16T03:30:28.901+0000] {subprocess.py:106} INFO - 25/12/16 03:30:28 INFO TaskSetManager: Starting task 21.0 in stage 30.0 (TID 289) (172.18.0.7, executor 0, partition 21, PROCESS_LOCAL, 7356 bytes)
[2025-12-16T03:30:28.902+0000] {subprocess.py:106} INFO - 25/12/16 03:30:28 INFO TaskSetManager: Finished task 14.0 in stage 30.0 (TID 267) in 151 ms on 172.18.0.7 (executor 0) (7/50)
[2025-12-16T03:30:28.904+0000] {subprocess.py:106} INFO - 25/12/16 03:30:28 INFO TaskSetManager: Starting task 22.0 in stage 30.0 (TID 290) (172.18.0.7, executor 0, partition 22, PROCESS_LOCAL, 7356 bytes)
[2025-12-16T03:30:28.905+0000] {subprocess.py:106} INFO - 25/12/16 03:30:28 INFO TaskSetManager: Starting task 23.0 in stage 30.0 (TID 291) (172.18.0.7, executor 0, partition 23, PROCESS_LOCAL, 7356 bytes)
[2025-12-16T03:30:28.906+0000] {subprocess.py:106} INFO - 25/12/16 03:30:28 INFO TaskSetManager: Finished task 0.0 in stage 30.0 (TID 269) in 157 ms on 172.18.0.7 (executor 0) (8/50)
[2025-12-16T03:30:28.908+0000] {subprocess.py:106} INFO - 25/12/16 03:30:28 INFO TaskSetManager: Starting task 24.0 in stage 30.0 (TID 292) (172.18.0.7, executor 0, partition 24, PROCESS_LOCAL, 7356 bytes)
[2025-12-16T03:30:28.909+0000] {subprocess.py:106} INFO - 25/12/16 03:30:28 INFO TaskSetManager: Finished task 1.0 in stage 30.0 (TID 270) in 160 ms on 172.18.0.7 (executor 0) (9/50)
[2025-12-16T03:30:28.910+0000] {subprocess.py:106} INFO - 25/12/16 03:30:28 INFO TaskSetManager: Starting task 25.0 in stage 30.0 (TID 293) (172.18.0.7, executor 0, partition 25, PROCESS_LOCAL, 7356 bytes)
[2025-12-16T03:30:28.911+0000] {subprocess.py:106} INFO - 25/12/16 03:30:28 INFO TaskSetManager: Finished task 11.0 in stage 30.0 (TID 280) in 161 ms on 172.18.0.7 (executor 0) (10/50)
[2025-12-16T03:30:28.912+0000] {subprocess.py:106} INFO - 25/12/16 03:30:28 INFO TaskSetManager: Finished task 4.0 in stage 30.0 (TID 273) in 162 ms on 172.18.0.7 (executor 0) (11/50)
[2025-12-16T03:30:28.912+0000] {subprocess.py:106} INFO - 25/12/16 03:30:28 INFO TaskSetManager: Starting task 26.0 in stage 30.0 (TID 294) (172.18.0.7, executor 0, partition 26, PROCESS_LOCAL, 7356 bytes)
[2025-12-16T03:30:28.919+0000] {subprocess.py:106} INFO - 25/12/16 03:30:28 INFO TaskSetManager: Finished task 12.0 in stage 30.0 (TID 281) in 164 ms on 172.18.0.7 (executor 0) (12/50)
[2025-12-16T03:30:28.920+0000] {subprocess.py:106} INFO - 25/12/16 03:30:28 INFO TaskSetManager: Starting task 27.0 in stage 30.0 (TID 295) (172.18.0.7, executor 0, partition 27, PROCESS_LOCAL, 7356 bytes)
[2025-12-16T03:30:28.921+0000] {subprocess.py:106} INFO - 25/12/16 03:30:28 INFO TaskSetManager: Finished task 9.0 in stage 30.0 (TID 278) in 170 ms on 172.18.0.7 (executor 0) (13/50)
[2025-12-16T03:30:28.921+0000] {subprocess.py:106} INFO - 25/12/16 03:30:28 INFO TaskSetManager: Starting task 28.0 in stage 30.0 (TID 296) (172.18.0.7, executor 0, partition 28, PROCESS_LOCAL, 7356 bytes)
[2025-12-16T03:30:28.922+0000] {subprocess.py:106} INFO - 25/12/16 03:30:28 INFO TaskSetManager: Finished task 3.0 in stage 30.0 (TID 272) in 174 ms on 172.18.0.7 (executor 0) (14/50)
[2025-12-16T03:30:28.923+0000] {subprocess.py:106} INFO - 25/12/16 03:30:28 INFO TaskSetManager: Starting task 29.0 in stage 30.0 (TID 297) (172.18.0.7, executor 0, partition 29, PROCESS_LOCAL, 7356 bytes)
[2025-12-16T03:30:28.927+0000] {subprocess.py:106} INFO - 25/12/16 03:30:28 INFO TaskSetManager: Finished task 6.0 in stage 30.0 (TID 275) in 175 ms on 172.18.0.7 (executor 0) (15/50)
[2025-12-16T03:30:28.937+0000] {subprocess.py:106} INFO - 25/12/16 03:30:28 INFO TaskSetManager: Starting task 30.0 in stage 30.0 (TID 298) (172.18.0.7, executor 0, partition 30, PROCESS_LOCAL, 7356 bytes)
[2025-12-16T03:30:28.938+0000] {subprocess.py:106} INFO - 25/12/16 03:30:28 INFO TaskSetManager: Finished task 8.0 in stage 30.0 (TID 277) in 200 ms on 172.18.0.7 (executor 0) (16/50)
[2025-12-16T03:30:28.973+0000] {subprocess.py:106} INFO - 25/12/16 03:30:28 INFO BlockManagerInfo: Added rdd_88_15 in memory on 172.18.0.7:36801 (size: 46.0 B, free: 434.1 MiB)
[2025-12-16T03:30:28.992+0000] {subprocess.py:106} INFO - 25/12/16 03:30:28 INFO BlockManagerInfo: Added rdd_88_16 in memory on 172.18.0.7:36801 (size: 46.0 B, free: 434.1 MiB)
[2025-12-16T03:30:28.997+0000] {subprocess.py:106} INFO - 25/12/16 03:30:28 INFO BlockManagerInfo: Added rdd_88_22 in memory on 172.18.0.7:36801 (size: 46.0 B, free: 434.1 MiB)
[2025-12-16T03:30:29.004+0000] {subprocess.py:106} INFO - 25/12/16 03:30:28 INFO BlockManagerInfo: Added rdd_88_24 in memory on 172.18.0.7:36801 (size: 46.0 B, free: 434.1 MiB)
[2025-12-16T03:30:29.005+0000] {subprocess.py:106} INFO - 25/12/16 03:30:28 INFO BlockManagerInfo: Added rdd_88_17 in memory on 172.18.0.7:36801 (size: 46.0 B, free: 434.1 MiB)
[2025-12-16T03:30:29.006+0000] {subprocess.py:106} INFO - 25/12/16 03:30:28 INFO BlockManagerInfo: Added rdd_88_18 in memory on 172.18.0.7:36801 (size: 46.0 B, free: 434.1 MiB)
[2025-12-16T03:30:29.008+0000] {subprocess.py:106} INFO - 25/12/16 03:30:28 INFO BlockManagerInfo: Added rdd_88_27 in memory on 172.18.0.7:36801 (size: 46.0 B, free: 434.1 MiB)
[2025-12-16T03:30:29.009+0000] {subprocess.py:106} INFO - 25/12/16 03:30:29 INFO BlockManagerInfo: Added rdd_88_23 in memory on 172.18.0.7:36801 (size: 46.0 B, free: 434.1 MiB)
[2025-12-16T03:30:29.009+0000] {subprocess.py:106} INFO - 25/12/16 03:30:29 INFO BlockManagerInfo: Added rdd_88_19 in memory on 172.18.0.7:36801 (size: 46.0 B, free: 434.1 MiB)
[2025-12-16T03:30:29.031+0000] {subprocess.py:106} INFO - 25/12/16 03:30:29 INFO BlockManagerInfo: Added rdd_88_21 in memory on 172.18.0.7:36801 (size: 46.0 B, free: 434.1 MiB)
[2025-12-16T03:30:29.033+0000] {subprocess.py:106} INFO - 25/12/16 03:30:29 INFO BlockManagerInfo: Added rdd_88_29 in memory on 172.18.0.7:36801 (size: 46.0 B, free: 434.1 MiB)
[2025-12-16T03:30:29.035+0000] {subprocess.py:106} INFO - 25/12/16 03:30:29 INFO BlockManagerInfo: Added rdd_88_26 in memory on 172.18.0.7:36801 (size: 46.0 B, free: 434.1 MiB)
[2025-12-16T03:30:29.042+0000] {subprocess.py:106} INFO - 25/12/16 03:30:29 INFO TaskSetManager: Starting task 31.0 in stage 30.0 (TID 299) (172.18.0.7, executor 0, partition 31, PROCESS_LOCAL, 7356 bytes)
[2025-12-16T03:30:29.046+0000] {subprocess.py:106} INFO - 25/12/16 03:30:29 INFO TaskSetManager: Finished task 15.0 in stage 30.0 (TID 283) in 167 ms on 172.18.0.7 (executor 0) (17/50)
[2025-12-16T03:30:29.047+0000] {subprocess.py:106} INFO - 25/12/16 03:30:29 INFO BlockManagerInfo: Added rdd_88_20 in memory on 172.18.0.7:36801 (size: 46.0 B, free: 434.1 MiB)
[2025-12-16T03:30:29.049+0000] {subprocess.py:106} INFO - 25/12/16 03:30:29 INFO TaskSetManager: Starting task 32.0 in stage 30.0 (TID 300) (172.18.0.7, executor 0, partition 32, PROCESS_LOCAL, 7356 bytes)
[2025-12-16T03:30:29.051+0000] {subprocess.py:106} INFO - 25/12/16 03:30:29 INFO TaskSetManager: Finished task 17.0 in stage 30.0 (TID 285) in 176 ms on 172.18.0.7 (executor 0) (18/50)
[2025-12-16T03:30:29.053+0000] {subprocess.py:106} INFO - 25/12/16 03:30:29 INFO TaskSetManager: Starting task 33.0 in stage 30.0 (TID 301) (172.18.0.7, executor 0, partition 33, PROCESS_LOCAL, 7356 bytes)
[2025-12-16T03:30:29.054+0000] {subprocess.py:106} INFO - 25/12/16 03:30:29 INFO TaskSetManager: Starting task 34.0 in stage 30.0 (TID 302) (172.18.0.7, executor 0, partition 34, PROCESS_LOCAL, 7356 bytes)
[2025-12-16T03:30:29.055+0000] {subprocess.py:106} INFO - 25/12/16 03:30:29 INFO TaskSetManager: Finished task 16.0 in stage 30.0 (TID 284) in 182 ms on 172.18.0.7 (executor 0) (19/50)
[2025-12-16T03:30:29.056+0000] {subprocess.py:106} INFO - 25/12/16 03:30:29 INFO TaskSetManager: Finished task 27.0 in stage 30.0 (TID 295) in 149 ms on 172.18.0.7 (executor 0) (20/50)
[2025-12-16T03:30:29.058+0000] {subprocess.py:106} INFO - 25/12/16 03:30:29 INFO TaskSetManager: Starting task 35.0 in stage 30.0 (TID 303) (172.18.0.7, executor 0, partition 35, PROCESS_LOCAL, 7356 bytes)
[2025-12-16T03:30:29.059+0000] {subprocess.py:106} INFO - 25/12/16 03:30:29 INFO TaskSetManager: Finished task 18.0 in stage 30.0 (TID 286) in 183 ms on 172.18.0.7 (executor 0) (21/50)
[2025-12-16T03:30:29.060+0000] {subprocess.py:106} INFO - 25/12/16 03:30:29 INFO TaskSetManager: Starting task 36.0 in stage 30.0 (TID 304) (172.18.0.7, executor 0, partition 36, PROCESS_LOCAL, 7356 bytes)
[2025-12-16T03:30:29.061+0000] {subprocess.py:106} INFO - 25/12/16 03:30:29 INFO TaskSetManager: Finished task 24.0 in stage 30.0 (TID 292) in 167 ms on 172.18.0.7 (executor 0) (22/50)
[2025-12-16T03:30:29.068+0000] {subprocess.py:106} INFO - 25/12/16 03:30:29 INFO TaskSetManager: Starting task 37.0 in stage 30.0 (TID 305) (172.18.0.7, executor 0, partition 37, PROCESS_LOCAL, 7356 bytes)
[2025-12-16T03:30:29.071+0000] {subprocess.py:106} INFO - 25/12/16 03:30:29 INFO TaskSetManager: Finished task 23.0 in stage 30.0 (TID 291) in 177 ms on 172.18.0.7 (executor 0) (23/50)
[2025-12-16T03:30:29.079+0000] {subprocess.py:106} INFO - 25/12/16 03:30:29 INFO BlockManagerInfo: Added rdd_88_25 in memory on 172.18.0.7:36801 (size: 46.0 B, free: 434.1 MiB)
[2025-12-16T03:30:29.083+0000] {subprocess.py:106} INFO - 25/12/16 03:30:29 INFO TaskSetManager: Starting task 38.0 in stage 30.0 (TID 306) (172.18.0.7, executor 0, partition 38, PROCESS_LOCAL, 7356 bytes)
[2025-12-16T03:30:29.084+0000] {subprocess.py:106} INFO - 25/12/16 03:30:29 INFO BlockManagerInfo: Added rdd_88_28 in memory on 172.18.0.7:36801 (size: 46.0 B, free: 434.1 MiB)
[2025-12-16T03:30:29.086+0000] {subprocess.py:106} INFO - 25/12/16 03:30:29 INFO TaskSetManager: Starting task 39.0 in stage 30.0 (TID 307) (172.18.0.7, executor 0, partition 39, PROCESS_LOCAL, 7356 bytes)
[2025-12-16T03:30:29.087+0000] {subprocess.py:106} INFO - 25/12/16 03:30:29 INFO BlockManagerInfo: Added rdd_88_30 in memory on 172.18.0.7:36801 (size: 46.0 B, free: 434.1 MiB)
[2025-12-16T03:30:29.088+0000] {subprocess.py:106} INFO - 25/12/16 03:30:29 INFO TaskSetManager: Starting task 40.0 in stage 30.0 (TID 308) (172.18.0.7, executor 0, partition 40, PROCESS_LOCAL, 7356 bytes)
[2025-12-16T03:30:29.089+0000] {subprocess.py:106} INFO - 25/12/16 03:30:29 INFO TaskSetManager: Starting task 41.0 in stage 30.0 (TID 309) (172.18.0.7, executor 0, partition 41, PROCESS_LOCAL, 7356 bytes)
[2025-12-16T03:30:29.092+0000] {subprocess.py:106} INFO - 25/12/16 03:30:29 INFO TaskSetManager: Finished task 22.0 in stage 30.0 (TID 290) in 186 ms on 172.18.0.7 (executor 0) (24/50)
[2025-12-16T03:30:29.093+0000] {subprocess.py:106} INFO - 25/12/16 03:30:29 INFO TaskSetManager: Finished task 26.0 in stage 30.0 (TID 294) in 172 ms on 172.18.0.7 (executor 0) (25/50)
[2025-12-16T03:30:29.094+0000] {subprocess.py:106} INFO - 25/12/16 03:30:29 INFO TaskSetManager: Finished task 21.0 in stage 30.0 (TID 289) in 187 ms on 172.18.0.7 (executor 0) (26/50)
[2025-12-16T03:30:29.095+0000] {subprocess.py:106} INFO - 25/12/16 03:30:29 INFO TaskSetManager: Starting task 43.0 in stage 30.0 (TID 310) (172.18.0.7, executor 0, partition 43, PROCESS_LOCAL, 7356 bytes)
[2025-12-16T03:30:29.096+0000] {subprocess.py:106} INFO - 25/12/16 03:30:29 INFO TaskSetManager: Finished task 29.0 in stage 30.0 (TID 297) in 166 ms on 172.18.0.7 (executor 0) (27/50)
[2025-12-16T03:30:29.098+0000] {subprocess.py:106} INFO - 25/12/16 03:30:29 INFO TaskSetManager: Finished task 19.0 in stage 30.0 (TID 287) in 200 ms on 172.18.0.7 (executor 0) (28/50)
[2025-12-16T03:30:29.099+0000] {subprocess.py:106} INFO - 25/12/16 03:30:29 INFO TaskSetManager: Starting task 44.0 in stage 30.0 (TID 311) (172.18.0.7, executor 0, partition 44, PROCESS_LOCAL, 7356 bytes)
[2025-12-16T03:30:29.100+0000] {subprocess.py:106} INFO - 25/12/16 03:30:29 INFO TaskSetManager: Finished task 20.0 in stage 30.0 (TID 288) in 211 ms on 172.18.0.7 (executor 0) (29/50)
[2025-12-16T03:30:29.102+0000] {subprocess.py:106} INFO - 25/12/16 03:30:29 INFO TaskSetManager: Starting task 45.0 in stage 30.0 (TID 312) (172.18.0.7, executor 0, partition 45, PROCESS_LOCAL, 7356 bytes)
[2025-12-16T03:30:29.104+0000] {subprocess.py:106} INFO - 25/12/16 03:30:29 INFO TaskSetManager: Finished task 28.0 in stage 30.0 (TID 296) in 197 ms on 172.18.0.7 (executor 0) (30/50)
[2025-12-16T03:30:29.151+0000] {subprocess.py:106} INFO - 25/12/16 03:30:29 INFO TaskSetManager: Starting task 46.0 in stage 30.0 (TID 313) (172.18.0.7, executor 0, partition 46, PROCESS_LOCAL, 7356 bytes)
[2025-12-16T03:30:29.152+0000] {subprocess.py:106} INFO - 25/12/16 03:30:29 INFO TaskSetManager: Finished task 25.0 in stage 30.0 (TID 293) in 254 ms on 172.18.0.7 (executor 0) (31/50)
[2025-12-16T03:30:29.155+0000] {subprocess.py:106} INFO - 25/12/16 03:30:29 INFO TaskSetManager: Starting task 47.0 in stage 30.0 (TID 314) (172.18.0.7, executor 0, partition 47, PROCESS_LOCAL, 7356 bytes)
[2025-12-16T03:30:29.156+0000] {subprocess.py:106} INFO - 25/12/16 03:30:29 INFO TaskSetManager: Finished task 30.0 in stage 30.0 (TID 298) in 220 ms on 172.18.0.7 (executor 0) (32/50)
[2025-12-16T03:30:29.157+0000] {subprocess.py:106} INFO - 25/12/16 03:30:29 INFO BlockManagerInfo: Added rdd_88_35 in memory on 172.18.0.7:36801 (size: 46.0 B, free: 434.1 MiB)
[2025-12-16T03:30:29.158+0000] {subprocess.py:106} INFO - 25/12/16 03:30:29 INFO BlockManagerInfo: Added rdd_88_33 in memory on 172.18.0.7:36801 (size: 46.0 B, free: 434.1 MiB)
[2025-12-16T03:30:29.159+0000] {subprocess.py:106} INFO - 25/12/16 03:30:29 INFO BlockManagerInfo: Added rdd_88_32 in memory on 172.18.0.7:36801 (size: 46.0 B, free: 434.1 MiB)
[2025-12-16T03:30:29.160+0000] {subprocess.py:106} INFO - 25/12/16 03:30:29 INFO BlockManagerInfo: Added rdd_88_34 in memory on 172.18.0.7:36801 (size: 46.0 B, free: 434.1 MiB)
[2025-12-16T03:30:29.161+0000] {subprocess.py:106} INFO - 25/12/16 03:30:29 INFO BlockManagerInfo: Added rdd_88_31 in memory on 172.18.0.7:36801 (size: 46.0 B, free: 434.1 MiB)
[2025-12-16T03:30:29.167+0000] {subprocess.py:106} INFO - 25/12/16 03:30:29 INFO BlockManagerInfo: Added rdd_88_37 in memory on 172.18.0.7:36801 (size: 46.0 B, free: 434.1 MiB)
[2025-12-16T03:30:29.168+0000] {subprocess.py:106} INFO - 25/12/16 03:30:29 INFO BlockManagerInfo: Added rdd_88_40 in memory on 172.18.0.7:36801 (size: 46.0 B, free: 434.1 MiB)
[2025-12-16T03:30:29.172+0000] {subprocess.py:106} INFO - 25/12/16 03:30:29 INFO BlockManagerInfo: Added rdd_88_36 in memory on 172.18.0.7:36801 (size: 46.0 B, free: 434.1 MiB)
[2025-12-16T03:30:29.215+0000] {subprocess.py:106} INFO - 25/12/16 03:30:29 INFO BlockManagerInfo: Added rdd_88_39 in memory on 172.18.0.7:36801 (size: 46.0 B, free: 434.1 MiB)
[2025-12-16T03:30:29.223+0000] {subprocess.py:106} INFO - 25/12/16 03:30:29 INFO BlockManagerInfo: Added rdd_88_41 in memory on 172.18.0.7:36801 (size: 46.0 B, free: 434.1 MiB)
[2025-12-16T03:30:29.226+0000] {subprocess.py:106} INFO - 25/12/16 03:30:29 INFO BlockManagerInfo: Added rdd_88_38 in memory on 172.18.0.7:36801 (size: 46.0 B, free: 434.1 MiB)
[2025-12-16T03:30:29.227+0000] {subprocess.py:106} INFO - 25/12/16 03:30:29 INFO TaskSetManager: Starting task 48.0 in stage 30.0 (TID 315) (172.18.0.7, executor 0, partition 48, PROCESS_LOCAL, 7356 bytes)
[2025-12-16T03:30:29.231+0000] {subprocess.py:106} INFO - 25/12/16 03:30:29 INFO TaskSetManager: Finished task 40.0 in stage 30.0 (TID 308) in 155 ms on 172.18.0.7 (executor 0) (33/50)
[2025-12-16T03:30:29.233+0000] {subprocess.py:106} INFO - 25/12/16 03:30:29 INFO TaskSetManager: Starting task 49.0 in stage 30.0 (TID 316) (172.18.0.7, executor 0, partition 49, PROCESS_LOCAL, 7356 bytes)
[2025-12-16T03:30:29.234+0000] {subprocess.py:106} INFO - 25/12/16 03:30:29 INFO BlockManagerInfo: Added rdd_88_44 in memory on 172.18.0.7:36801 (size: 46.0 B, free: 434.1 MiB)
[2025-12-16T03:30:29.235+0000] {subprocess.py:106} INFO - 25/12/16 03:30:29 INFO TaskSetManager: Finished task 35.0 in stage 30.0 (TID 303) in 171 ms on 172.18.0.7 (executor 0) (34/50)
[2025-12-16T03:30:29.235+0000] {subprocess.py:106} INFO - 25/12/16 03:30:29 INFO TaskSetManager: Finished task 34.0 in stage 30.0 (TID 302) in 177 ms on 172.18.0.7 (executor 0) (35/50)
[2025-12-16T03:30:29.236+0000] {subprocess.py:106} INFO - 25/12/16 03:30:29 INFO TaskSetManager: Finished task 37.0 in stage 30.0 (TID 305) in 167 ms on 172.18.0.7 (executor 0) (36/50)
[2025-12-16T03:30:29.237+0000] {subprocess.py:106} INFO - 25/12/16 03:30:29 INFO TaskSetManager: Finished task 33.0 in stage 30.0 (TID 301) in 181 ms on 172.18.0.7 (executor 0) (37/50)
[2025-12-16T03:30:29.238+0000] {subprocess.py:106} INFO - 25/12/16 03:30:29 INFO BlockManagerInfo: Added rdd_88_43 in memory on 172.18.0.7:36801 (size: 46.0 B, free: 434.1 MiB)
[2025-12-16T03:30:29.243+0000] {subprocess.py:106} INFO - 25/12/16 03:30:29 INFO BlockManagerInfo: Added rdd_88_45 in memory on 172.18.0.7:36801 (size: 46.0 B, free: 434.1 MiB)
[2025-12-16T03:30:29.247+0000] {subprocess.py:106} INFO - 25/12/16 03:30:29 INFO TaskSetManager: Finished task 31.0 in stage 30.0 (TID 299) in 208 ms on 172.18.0.7 (executor 0) (38/50)
[2025-12-16T03:30:29.249+0000] {subprocess.py:106} INFO - 25/12/16 03:30:29 INFO TaskSetManager: Finished task 32.0 in stage 30.0 (TID 300) in 202 ms on 172.18.0.7 (executor 0) (39/50)
[2025-12-16T03:30:29.252+0000] {subprocess.py:106} INFO - 25/12/16 03:30:29 INFO TaskSetManager: Finished task 38.0 in stage 30.0 (TID 306) in 185 ms on 172.18.0.7 (executor 0) (40/50)
[2025-12-16T03:30:29.253+0000] {subprocess.py:106} INFO - 25/12/16 03:30:29 INFO BlockManagerInfo: Added rdd_88_46 in memory on 172.18.0.7:36801 (size: 46.0 B, free: 434.1 MiB)
[2025-12-16T03:30:29.255+0000] {subprocess.py:106} INFO - 25/12/16 03:30:29 INFO TaskSetManager: Finished task 39.0 in stage 30.0 (TID 307) in 189 ms on 172.18.0.7 (executor 0) (41/50)
[2025-12-16T03:30:29.257+0000] {subprocess.py:106} INFO - 25/12/16 03:30:29 INFO TaskSetManager: Finished task 36.0 in stage 30.0 (TID 304) in 200 ms on 172.18.0.7 (executor 0) (42/50)
[2025-12-16T03:30:29.265+0000] {subprocess.py:106} INFO - 25/12/16 03:30:29 INFO TaskSetManager: Finished task 41.0 in stage 30.0 (TID 309) in 197 ms on 172.18.0.7 (executor 0) (43/50)
[2025-12-16T03:30:29.267+0000] {subprocess.py:106} INFO - 25/12/16 03:30:29 INFO TaskSetManager: Finished task 44.0 in stage 30.0 (TID 311) in 178 ms on 172.18.0.7 (executor 0) (44/50)
[2025-12-16T03:30:29.277+0000] {subprocess.py:106} INFO - 25/12/16 03:30:29 INFO BlockManagerInfo: Added rdd_88_47 in memory on 172.18.0.7:36801 (size: 46.0 B, free: 434.1 MiB)
[2025-12-16T03:30:29.287+0000] {subprocess.py:106} INFO - 25/12/16 03:30:29 INFO TaskSetManager: Finished task 43.0 in stage 30.0 (TID 310) in 216 ms on 172.18.0.7 (executor 0) (45/50)
[2025-12-16T03:30:29.288+0000] {subprocess.py:106} INFO - 25/12/16 03:30:29 INFO TaskSetManager: Finished task 46.0 in stage 30.0 (TID 313) in 140 ms on 172.18.0.7 (executor 0) (46/50)
[2025-12-16T03:30:29.291+0000] {subprocess.py:106} INFO - 25/12/16 03:30:29 INFO TaskSetManager: Finished task 45.0 in stage 30.0 (TID 312) in 187 ms on 172.18.0.7 (executor 0) (47/50)
[2025-12-16T03:30:29.295+0000] {subprocess.py:106} INFO - 25/12/16 03:30:29 INFO BlockManagerInfo: Added rdd_88_49 in memory on 172.18.0.7:36801 (size: 46.0 B, free: 434.1 MiB)
[2025-12-16T03:30:29.297+0000] {subprocess.py:106} INFO - 25/12/16 03:30:29 INFO BlockManagerInfo: Added rdd_88_48 in memory on 172.18.0.7:36801 (size: 46.0 B, free: 434.1 MiB)
[2025-12-16T03:30:29.308+0000] {subprocess.py:106} INFO - 25/12/16 03:30:29 INFO TaskSetManager: Finished task 47.0 in stage 30.0 (TID 314) in 158 ms on 172.18.0.7 (executor 0) (48/50)
[2025-12-16T03:30:29.314+0000] {subprocess.py:106} INFO - 25/12/16 03:30:29 INFO TaskSetManager: Finished task 48.0 in stage 30.0 (TID 315) in 93 ms on 172.18.0.7 (executor 0) (49/50)
[2025-12-16T03:30:29.319+0000] {subprocess.py:106} INFO - 25/12/16 03:30:29 INFO TaskSetManager: Finished task 49.0 in stage 30.0 (TID 316) in 96 ms on 172.18.0.7 (executor 0) (50/50)
[2025-12-16T03:30:29.320+0000] {subprocess.py:106} INFO - 25/12/16 03:30:29 INFO TaskSchedulerImpl: Removed TaskSet 30.0, whose tasks have all completed, from pool
[2025-12-16T03:30:29.321+0000] {subprocess.py:106} INFO - 25/12/16 03:30:29 INFO DAGScheduler: ShuffleMapStage 30 ($anonfun$recordDeltaOperationInternal$1 at DatabricksLogging.scala:128) finished in 0.626 s
[2025-12-16T03:30:29.321+0000] {subprocess.py:106} INFO - 25/12/16 03:30:29 INFO DAGScheduler: looking for newly runnable stages
[2025-12-16T03:30:29.321+0000] {subprocess.py:106} INFO - 25/12/16 03:30:29 INFO DAGScheduler: running: Set()
[2025-12-16T03:30:29.322+0000] {subprocess.py:106} INFO - 25/12/16 03:30:29 INFO DAGScheduler: waiting: Set()
[2025-12-16T03:30:29.322+0000] {subprocess.py:106} INFO - 25/12/16 03:30:29 INFO DAGScheduler: failed: Set()
[2025-12-16T03:30:29.349+0000] {subprocess.py:106} INFO - 25/12/16 03:30:29 INFO SparkContext: Starting job: $anonfun$recordDeltaOperationInternal$1 at DatabricksLogging.scala:128
[2025-12-16T03:30:29.351+0000] {subprocess.py:106} INFO - 25/12/16 03:30:29 INFO DAGScheduler: Got job 19 ($anonfun$recordDeltaOperationInternal$1 at DatabricksLogging.scala:128) with 1 output partitions
[2025-12-16T03:30:29.352+0000] {subprocess.py:106} INFO - 25/12/16 03:30:29 INFO DAGScheduler: Final stage: ResultStage 33 ($anonfun$recordDeltaOperationInternal$1 at DatabricksLogging.scala:128)
[2025-12-16T03:30:29.352+0000] {subprocess.py:106} INFO - 25/12/16 03:30:29 INFO DAGScheduler: Parents of final stage: List(ShuffleMapStage 32)
[2025-12-16T03:30:29.353+0000] {subprocess.py:106} INFO - 25/12/16 03:30:29 INFO DAGScheduler: Missing parents: List()
[2025-12-16T03:30:29.353+0000] {subprocess.py:106} INFO - 25/12/16 03:30:29 INFO DAGScheduler: Submitting ResultStage 33 (MapPartitionsRDD[94] at $anonfun$recordDeltaOperationInternal$1 at DatabricksLogging.scala:128), which has no missing parents
[2025-12-16T03:30:29.357+0000] {subprocess.py:106} INFO - 25/12/16 03:30:29 INFO MemoryStore: Block broadcast_33 stored as values in memory (estimated size 452.3 KiB, free 431.4 MiB)
[2025-12-16T03:30:29.359+0000] {subprocess.py:106} INFO - 25/12/16 03:30:29 INFO MemoryStore: Block broadcast_33_piece0 stored as bytes in memory (estimated size 108.1 KiB, free 431.3 MiB)
[2025-12-16T03:30:29.360+0000] {subprocess.py:106} INFO - 25/12/16 03:30:29 INFO BlockManagerInfo: Added broadcast_33_piece0 in memory on 3ad9a82189be:39783 (size: 108.1 KiB, free: 433.9 MiB)
[2025-12-16T03:30:29.361+0000] {subprocess.py:106} INFO - 25/12/16 03:30:29 INFO SparkContext: Created broadcast 33 from broadcast at DAGScheduler.scala:1535
[2025-12-16T03:30:29.367+0000] {subprocess.py:106} INFO - 25/12/16 03:30:29 INFO DAGScheduler: Submitting 1 missing tasks from ResultStage 33 (MapPartitionsRDD[94] at $anonfun$recordDeltaOperationInternal$1 at DatabricksLogging.scala:128) (first 15 tasks are for partitions Vector(0))
[2025-12-16T03:30:29.368+0000] {subprocess.py:106} INFO - 25/12/16 03:30:29 INFO TaskSchedulerImpl: Adding task set 33.0 with 1 tasks resource profile 0
[2025-12-16T03:30:29.369+0000] {subprocess.py:106} INFO - 25/12/16 03:30:29 INFO TaskSetManager: Starting task 0.0 in stage 33.0 (TID 317) (172.18.0.7, executor 0, partition 0, NODE_LOCAL, 7367 bytes)
[2025-12-16T03:30:29.379+0000] {subprocess.py:106} INFO - 25/12/16 03:30:29 INFO BlockManagerInfo: Added broadcast_33_piece0 in memory on 172.18.0.7:36801 (size: 108.1 KiB, free: 434.0 MiB)
[2025-12-16T03:30:29.388+0000] {subprocess.py:106} INFO - 25/12/16 03:30:29 INFO MapOutputTrackerMasterEndpoint: Asked to send map output locations for shuffle 7 to 172.18.0.7:43148
[2025-12-16T03:30:29.415+0000] {subprocess.py:106} INFO - 25/12/16 03:30:29 INFO TaskSetManager: Finished task 0.0 in stage 33.0 (TID 317) in 46 ms on 172.18.0.7 (executor 0) (1/1)
[2025-12-16T03:30:29.417+0000] {subprocess.py:106} INFO - 25/12/16 03:30:29 INFO TaskSchedulerImpl: Removed TaskSet 33.0, whose tasks have all completed, from pool
[2025-12-16T03:30:29.417+0000] {subprocess.py:106} INFO - 25/12/16 03:30:29 INFO DAGScheduler: ResultStage 33 ($anonfun$recordDeltaOperationInternal$1 at DatabricksLogging.scala:128) finished in 0.063 s
[2025-12-16T03:30:29.418+0000] {subprocess.py:106} INFO - 25/12/16 03:30:29 INFO DAGScheduler: Job 19 is finished. Cancelling potential speculative or zombie tasks for this job
[2025-12-16T03:30:29.419+0000] {subprocess.py:106} INFO - 25/12/16 03:30:29 INFO TaskSchedulerImpl: Killing all running tasks in stage 33: Stage finished
[2025-12-16T03:30:29.419+0000] {subprocess.py:106} INFO - 25/12/16 03:30:29 INFO DAGScheduler: Job 19 finished: $anonfun$recordDeltaOperationInternal$1 at DatabricksLogging.scala:128, took 0.066890 s
[2025-12-16T03:30:29.426+0000] {subprocess.py:106} INFO - 25/12/16 03:30:29 INFO Snapshot: [tableId=2a6b006e-f64b-4180-be07-82b7baeafd0e] DELTA: Done
[2025-12-16T03:30:29.504+0000] {subprocess.py:106} INFO - 25/12/16 03:30:29 INFO BlockManagerInfo: Removed broadcast_33_piece0 on 3ad9a82189be:39783 in memory (size: 108.1 KiB, free: 434.0 MiB)
[2025-12-16T03:30:29.505+0000] {subprocess.py:106} INFO - 25/12/16 03:30:29 INFO BlockManagerInfo: Removed broadcast_33_piece0 on 172.18.0.7:36801 in memory (size: 108.1 KiB, free: 434.1 MiB)
[2025-12-16T03:30:29.512+0000] {subprocess.py:106} INFO - 25/12/16 03:30:29 INFO BlockManagerInfo: Removed broadcast_32_piece0 on 3ad9a82189be:39783 in memory (size: 123.3 KiB, free: 434.1 MiB)
[2025-12-16T03:30:29.513+0000] {subprocess.py:106} INFO - 25/12/16 03:30:29 INFO BlockManagerInfo: Removed broadcast_32_piece0 on 172.18.0.7:36801 in memory (size: 123.3 KiB, free: 434.2 MiB)
[2025-12-16T03:30:29.546+0000] {subprocess.py:106} INFO - 25/12/16 03:30:29 INFO SparkContext: Starting job: $anonfun$recordDeltaOperationInternal$1 at DatabricksLogging.scala:128
[2025-12-16T03:30:29.547+0000] {subprocess.py:106} INFO - 25/12/16 03:30:29 INFO DAGScheduler: Got job 20 ($anonfun$recordDeltaOperationInternal$1 at DatabricksLogging.scala:128) with 50 output partitions
[2025-12-16T03:30:29.548+0000] {subprocess.py:106} INFO - 25/12/16 03:30:29 INFO DAGScheduler: Final stage: ResultStage 35 ($anonfun$recordDeltaOperationInternal$1 at DatabricksLogging.scala:128)
[2025-12-16T03:30:29.549+0000] {subprocess.py:106} INFO - 25/12/16 03:30:29 INFO DAGScheduler: Parents of final stage: List(ShuffleMapStage 34)
[2025-12-16T03:30:29.549+0000] {subprocess.py:106} INFO - 25/12/16 03:30:29 INFO DAGScheduler: Missing parents: List()
[2025-12-16T03:30:29.550+0000] {subprocess.py:106} INFO - 25/12/16 03:30:29 INFO DAGScheduler: Submitting ResultStage 35 (MapPartitionsRDD[96] at $anonfun$recordDeltaOperationInternal$1 at DatabricksLogging.scala:128), which has no missing parents
[2025-12-16T03:30:29.554+0000] {subprocess.py:106} INFO - 25/12/16 03:30:29 INFO MemoryStore: Block broadcast_34 stored as values in memory (estimated size 592.2 KiB, free 431.9 MiB)
[2025-12-16T03:30:29.556+0000] {subprocess.py:106} INFO - 25/12/16 03:30:29 INFO MemoryStore: Block broadcast_34_piece0 stored as bytes in memory (estimated size 138.6 KiB, free 431.7 MiB)
[2025-12-16T03:30:29.556+0000] {subprocess.py:106} INFO - 25/12/16 03:30:29 INFO BlockManagerInfo: Added broadcast_34_piece0 in memory on 3ad9a82189be:39783 (size: 138.6 KiB, free: 434.0 MiB)
[2025-12-16T03:30:29.557+0000] {subprocess.py:106} INFO - 25/12/16 03:30:29 INFO SparkContext: Created broadcast 34 from broadcast at DAGScheduler.scala:1535
[2025-12-16T03:30:29.557+0000] {subprocess.py:106} INFO - 25/12/16 03:30:29 INFO DAGScheduler: Submitting 50 missing tasks from ResultStage 35 (MapPartitionsRDD[96] at $anonfun$recordDeltaOperationInternal$1 at DatabricksLogging.scala:128) (first 15 tasks are for partitions Vector(0, 1, 2, 3, 4, 5, 6, 7, 8, 9, 10, 11, 12, 13, 14))
[2025-12-16T03:30:29.558+0000] {subprocess.py:106} INFO - 25/12/16 03:30:29 INFO TaskSchedulerImpl: Adding task set 35.0 with 50 tasks resource profile 0
[2025-12-16T03:30:29.559+0000] {subprocess.py:106} INFO - 25/12/16 03:30:29 INFO TaskSetManager: Starting task 0.0 in stage 35.0 (TID 318) (172.18.0.7, executor 0, partition 0, PROCESS_LOCAL, 7367 bytes)
[2025-12-16T03:30:29.560+0000] {subprocess.py:106} INFO - 25/12/16 03:30:29 INFO TaskSetManager: Starting task 1.0 in stage 35.0 (TID 319) (172.18.0.7, executor 0, partition 1, PROCESS_LOCAL, 7367 bytes)
[2025-12-16T03:30:29.561+0000] {subprocess.py:106} INFO - 25/12/16 03:30:29 INFO TaskSetManager: Starting task 2.0 in stage 35.0 (TID 320) (172.18.0.7, executor 0, partition 2, PROCESS_LOCAL, 7367 bytes)
[2025-12-16T03:30:29.561+0000] {subprocess.py:106} INFO - 25/12/16 03:30:29 INFO TaskSetManager: Starting task 3.0 in stage 35.0 (TID 321) (172.18.0.7, executor 0, partition 3, PROCESS_LOCAL, 7367 bytes)
[2025-12-16T03:30:29.562+0000] {subprocess.py:106} INFO - 25/12/16 03:30:29 INFO TaskSetManager: Starting task 4.0 in stage 35.0 (TID 322) (172.18.0.7, executor 0, partition 4, PROCESS_LOCAL, 7367 bytes)
[2025-12-16T03:30:29.563+0000] {subprocess.py:106} INFO - 25/12/16 03:30:29 INFO TaskSetManager: Starting task 5.0 in stage 35.0 (TID 323) (172.18.0.7, executor 0, partition 5, PROCESS_LOCAL, 7367 bytes)
[2025-12-16T03:30:29.564+0000] {subprocess.py:106} INFO - 25/12/16 03:30:29 INFO TaskSetManager: Starting task 6.0 in stage 35.0 (TID 324) (172.18.0.7, executor 0, partition 6, PROCESS_LOCAL, 7367 bytes)
[2025-12-16T03:30:29.566+0000] {subprocess.py:106} INFO - 25/12/16 03:30:29 INFO TaskSetManager: Starting task 7.0 in stage 35.0 (TID 325) (172.18.0.7, executor 0, partition 7, PROCESS_LOCAL, 7367 bytes)
[2025-12-16T03:30:29.567+0000] {subprocess.py:106} INFO - 25/12/16 03:30:29 INFO TaskSetManager: Starting task 8.0 in stage 35.0 (TID 326) (172.18.0.7, executor 0, partition 8, PROCESS_LOCAL, 7367 bytes)
[2025-12-16T03:30:29.568+0000] {subprocess.py:106} INFO - 25/12/16 03:30:29 INFO TaskSetManager: Starting task 9.0 in stage 35.0 (TID 327) (172.18.0.7, executor 0, partition 9, PROCESS_LOCAL, 7367 bytes)
[2025-12-16T03:30:29.568+0000] {subprocess.py:106} INFO - 25/12/16 03:30:29 INFO TaskSetManager: Starting task 10.0 in stage 35.0 (TID 328) (172.18.0.7, executor 0, partition 10, PROCESS_LOCAL, 7367 bytes)
[2025-12-16T03:30:29.569+0000] {subprocess.py:106} INFO - 25/12/16 03:30:29 INFO TaskSetManager: Starting task 11.0 in stage 35.0 (TID 329) (172.18.0.7, executor 0, partition 11, PROCESS_LOCAL, 7367 bytes)
[2025-12-16T03:30:29.569+0000] {subprocess.py:106} INFO - 25/12/16 03:30:29 INFO TaskSetManager: Starting task 12.0 in stage 35.0 (TID 330) (172.18.0.7, executor 0, partition 12, PROCESS_LOCAL, 7367 bytes)
[2025-12-16T03:30:29.570+0000] {subprocess.py:106} INFO - 25/12/16 03:30:29 INFO TaskSetManager: Starting task 13.0 in stage 35.0 (TID 331) (172.18.0.7, executor 0, partition 13, PROCESS_LOCAL, 7367 bytes)
[2025-12-16T03:30:29.570+0000] {subprocess.py:106} INFO - 25/12/16 03:30:29 INFO TaskSetManager: Starting task 14.0 in stage 35.0 (TID 332) (172.18.0.7, executor 0, partition 14, PROCESS_LOCAL, 7367 bytes)
[2025-12-16T03:30:29.571+0000] {subprocess.py:106} INFO - 25/12/16 03:30:29 INFO TaskSetManager: Starting task 15.0 in stage 35.0 (TID 333) (172.18.0.7, executor 0, partition 15, PROCESS_LOCAL, 7367 bytes)
[2025-12-16T03:30:29.576+0000] {subprocess.py:106} INFO - 25/12/16 03:30:29 INFO BlockManagerInfo: Added broadcast_34_piece0 in memory on 172.18.0.7:36801 (size: 138.6 KiB, free: 434.1 MiB)
[2025-12-16T03:30:29.593+0000] {subprocess.py:106} INFO - 25/12/16 03:30:29 INFO TaskSetManager: Starting task 16.0 in stage 35.0 (TID 334) (172.18.0.7, executor 0, partition 16, PROCESS_LOCAL, 7367 bytes)
[2025-12-16T03:30:29.599+0000] {subprocess.py:106} INFO - 25/12/16 03:30:29 INFO TaskSetManager: Finished task 6.0 in stage 35.0 (TID 324) in 32 ms on 172.18.0.7 (executor 0) (1/50)
[2025-12-16T03:30:29.603+0000] {subprocess.py:106} INFO - 25/12/16 03:30:29 INFO TaskSetManager: Starting task 17.0 in stage 35.0 (TID 335) (172.18.0.7, executor 0, partition 17, PROCESS_LOCAL, 7367 bytes)
[2025-12-16T03:30:29.604+0000] {subprocess.py:106} INFO - 25/12/16 03:30:29 INFO TaskSetManager: Finished task 8.0 in stage 35.0 (TID 326) in 34 ms on 172.18.0.7 (executor 0) (2/50)
[2025-12-16T03:30:29.605+0000] {subprocess.py:106} INFO - 25/12/16 03:30:29 INFO TaskSetManager: Starting task 18.0 in stage 35.0 (TID 336) (172.18.0.7, executor 0, partition 18, PROCESS_LOCAL, 7367 bytes)
[2025-12-16T03:30:29.606+0000] {subprocess.py:106} INFO - 25/12/16 03:30:29 INFO TaskSetManager: Finished task 10.0 in stage 35.0 (TID 328) in 34 ms on 172.18.0.7 (executor 0) (3/50)
[2025-12-16T03:30:29.607+0000] {subprocess.py:106} INFO - 25/12/16 03:30:29 INFO TaskSetManager: Starting task 19.0 in stage 35.0 (TID 337) (172.18.0.7, executor 0, partition 19, PROCESS_LOCAL, 7367 bytes)
[2025-12-16T03:30:29.608+0000] {subprocess.py:106} INFO - 25/12/16 03:30:29 INFO TaskSetManager: Finished task 2.0 in stage 35.0 (TID 320) in 38 ms on 172.18.0.7 (executor 0) (4/50)
[2025-12-16T03:30:29.609+0000] {subprocess.py:106} INFO - 25/12/16 03:30:29 INFO TaskSetManager: Starting task 20.0 in stage 35.0 (TID 338) (172.18.0.7, executor 0, partition 20, PROCESS_LOCAL, 7367 bytes)
[2025-12-16T03:30:29.610+0000] {subprocess.py:106} INFO - 25/12/16 03:30:29 INFO TaskSetManager: Starting task 21.0 in stage 35.0 (TID 339) (172.18.0.7, executor 0, partition 21, PROCESS_LOCAL, 7367 bytes)
[2025-12-16T03:30:29.612+0000] {subprocess.py:106} INFO - 25/12/16 03:30:29 INFO TaskSetManager: Finished task 14.0 in stage 35.0 (TID 332) in 36 ms on 172.18.0.7 (executor 0) (5/50)
[2025-12-16T03:30:29.614+0000] {subprocess.py:106} INFO - 25/12/16 03:30:29 INFO TaskSetManager: Finished task 11.0 in stage 35.0 (TID 329) in 38 ms on 172.18.0.7 (executor 0) (6/50)
[2025-12-16T03:30:29.615+0000] {subprocess.py:106} INFO - 25/12/16 03:30:29 INFO TaskSetManager: Starting task 22.0 in stage 35.0 (TID 340) (172.18.0.7, executor 0, partition 22, PROCESS_LOCAL, 7367 bytes)
[2025-12-16T03:30:29.615+0000] {subprocess.py:106} INFO - 25/12/16 03:30:29 INFO TaskSetManager: Starting task 23.0 in stage 35.0 (TID 341) (172.18.0.7, executor 0, partition 23, PROCESS_LOCAL, 7367 bytes)
[2025-12-16T03:30:29.616+0000] {subprocess.py:106} INFO - 25/12/16 03:30:29 INFO TaskSetManager: Finished task 3.0 in stage 35.0 (TID 321) in 43 ms on 172.18.0.7 (executor 0) (7/50)
[2025-12-16T03:30:29.617+0000] {subprocess.py:106} INFO - 25/12/16 03:30:29 INFO TaskSetManager: Finished task 4.0 in stage 35.0 (TID 322) in 42 ms on 172.18.0.7 (executor 0) (8/50)
[2025-12-16T03:30:29.618+0000] {subprocess.py:106} INFO - 25/12/16 03:30:29 INFO TaskSetManager: Starting task 24.0 in stage 35.0 (TID 342) (172.18.0.7, executor 0, partition 24, PROCESS_LOCAL, 7367 bytes)
[2025-12-16T03:30:29.619+0000] {subprocess.py:106} INFO - 25/12/16 03:30:29 INFO TaskSetManager: Starting task 25.0 in stage 35.0 (TID 343) (172.18.0.7, executor 0, partition 25, PROCESS_LOCAL, 7367 bytes)
[2025-12-16T03:30:29.620+0000] {subprocess.py:106} INFO - 25/12/16 03:30:29 INFO TaskSetManager: Starting task 26.0 in stage 35.0 (TID 344) (172.18.0.7, executor 0, partition 26, PROCESS_LOCAL, 7367 bytes)
[2025-12-16T03:30:29.621+0000] {subprocess.py:106} INFO - 25/12/16 03:30:29 INFO TaskSetManager: Starting task 27.0 in stage 35.0 (TID 345) (172.18.0.7, executor 0, partition 27, PROCESS_LOCAL, 7367 bytes)
[2025-12-16T03:30:29.621+0000] {subprocess.py:106} INFO - 25/12/16 03:30:29 INFO TaskSetManager: Starting task 28.0 in stage 35.0 (TID 346) (172.18.0.7, executor 0, partition 28, PROCESS_LOCAL, 7367 bytes)
[2025-12-16T03:30:29.622+0000] {subprocess.py:106} INFO - 25/12/16 03:30:29 INFO TaskSetManager: Starting task 29.0 in stage 35.0 (TID 347) (172.18.0.7, executor 0, partition 29, PROCESS_LOCAL, 7367 bytes)
[2025-12-16T03:30:29.623+0000] {subprocess.py:106} INFO - 25/12/16 03:30:29 INFO TaskSetManager: Finished task 15.0 in stage 35.0 (TID 333) in 46 ms on 172.18.0.7 (executor 0) (9/50)
[2025-12-16T03:30:29.623+0000] {subprocess.py:106} INFO - 25/12/16 03:30:29 INFO TaskSetManager: Starting task 30.0 in stage 35.0 (TID 348) (172.18.0.7, executor 0, partition 30, PROCESS_LOCAL, 7367 bytes)
[2025-12-16T03:30:29.624+0000] {subprocess.py:106} INFO - 25/12/16 03:30:29 INFO TaskSetManager: Starting task 31.0 in stage 35.0 (TID 349) (172.18.0.7, executor 0, partition 31, PROCESS_LOCAL, 7367 bytes)
[2025-12-16T03:30:29.625+0000] {subprocess.py:106} INFO - 25/12/16 03:30:29 INFO TaskSetManager: Finished task 12.0 in stage 35.0 (TID 330) in 51 ms on 172.18.0.7 (executor 0) (10/50)
[2025-12-16T03:30:29.626+0000] {subprocess.py:106} INFO - 25/12/16 03:30:29 INFO TaskSetManager: Finished task 13.0 in stage 35.0 (TID 331) in 52 ms on 172.18.0.7 (executor 0) (11/50)
[2025-12-16T03:30:29.627+0000] {subprocess.py:106} INFO - 25/12/16 03:30:29 INFO TaskSetManager: Finished task 1.0 in stage 35.0 (TID 319) in 54 ms on 172.18.0.7 (executor 0) (12/50)
[2025-12-16T03:30:29.631+0000] {subprocess.py:106} INFO - 25/12/16 03:30:29 INFO TaskSetManager: Finished task 0.0 in stage 35.0 (TID 318) in 55 ms on 172.18.0.7 (executor 0) (13/50)
[2025-12-16T03:30:29.632+0000] {subprocess.py:106} INFO - 25/12/16 03:30:29 INFO TaskSetManager: Finished task 5.0 in stage 35.0 (TID 323) in 54 ms on 172.18.0.7 (executor 0) (14/50)
[2025-12-16T03:30:29.633+0000] {subprocess.py:106} INFO - 25/12/16 03:30:29 INFO TaskSetManager: Finished task 7.0 in stage 35.0 (TID 325) in 54 ms on 172.18.0.7 (executor 0) (15/50)
[2025-12-16T03:30:29.634+0000] {subprocess.py:106} INFO - 25/12/16 03:30:29 INFO TaskSetManager: Finished task 9.0 in stage 35.0 (TID 327) in 53 ms on 172.18.0.7 (executor 0) (16/50)
[2025-12-16T03:30:29.635+0000] {subprocess.py:106} INFO - 25/12/16 03:30:29 INFO TaskSetManager: Starting task 32.0 in stage 35.0 (TID 350) (172.18.0.7, executor 0, partition 32, PROCESS_LOCAL, 7367 bytes)
[2025-12-16T03:30:29.636+0000] {subprocess.py:106} INFO - 25/12/16 03:30:29 INFO TaskSetManager: Finished task 17.0 in stage 35.0 (TID 335) in 25 ms on 172.18.0.7 (executor 0) (17/50)
[2025-12-16T03:30:29.637+0000] {subprocess.py:106} INFO - 25/12/16 03:30:29 INFO TaskSetManager: Starting task 33.0 in stage 35.0 (TID 351) (172.18.0.7, executor 0, partition 33, PROCESS_LOCAL, 7367 bytes)
[2025-12-16T03:30:29.637+0000] {subprocess.py:106} INFO - 25/12/16 03:30:29 INFO TaskSetManager: Finished task 20.0 in stage 35.0 (TID 338) in 22 ms on 172.18.0.7 (executor 0) (18/50)
[2025-12-16T03:30:29.638+0000] {subprocess.py:106} INFO - 25/12/16 03:30:29 INFO TaskSetManager: Starting task 34.0 in stage 35.0 (TID 352) (172.18.0.7, executor 0, partition 34, PROCESS_LOCAL, 7367 bytes)
[2025-12-16T03:30:29.639+0000] {subprocess.py:106} INFO - 25/12/16 03:30:29 INFO TaskSetManager: Finished task 19.0 in stage 35.0 (TID 337) in 25 ms on 172.18.0.7 (executor 0) (19/50)
[2025-12-16T03:30:29.639+0000] {subprocess.py:106} INFO - 25/12/16 03:30:29 INFO TaskSetManager: Starting task 35.0 in stage 35.0 (TID 353) (172.18.0.7, executor 0, partition 35, PROCESS_LOCAL, 7367 bytes)
[2025-12-16T03:30:29.643+0000] {subprocess.py:106} INFO - 25/12/16 03:30:29 INFO TaskSetManager: Finished task 18.0 in stage 35.0 (TID 336) in 28 ms on 172.18.0.7 (executor 0) (20/50)
[2025-12-16T03:30:29.645+0000] {subprocess.py:106} INFO - 25/12/16 03:30:29 INFO TaskSetManager: Starting task 36.0 in stage 35.0 (TID 354) (172.18.0.7, executor 0, partition 36, PROCESS_LOCAL, 7367 bytes)
[2025-12-16T03:30:29.646+0000] {subprocess.py:106} INFO - 25/12/16 03:30:29 INFO TaskSetManager: Starting task 37.0 in stage 35.0 (TID 355) (172.18.0.7, executor 0, partition 37, PROCESS_LOCAL, 7367 bytes)
[2025-12-16T03:30:29.647+0000] {subprocess.py:106} INFO - 25/12/16 03:30:29 INFO TaskSetManager: Finished task 21.0 in stage 35.0 (TID 339) in 32 ms on 172.18.0.7 (executor 0) (21/50)
[2025-12-16T03:30:29.648+0000] {subprocess.py:106} INFO - 25/12/16 03:30:29 INFO TaskSetManager: Finished task 16.0 in stage 35.0 (TID 334) in 41 ms on 172.18.0.7 (executor 0) (22/50)
[2025-12-16T03:30:29.655+0000] {subprocess.py:106} INFO - 25/12/16 03:30:29 INFO TaskSetManager: Starting task 38.0 in stage 35.0 (TID 356) (172.18.0.7, executor 0, partition 38, PROCESS_LOCAL, 7367 bytes)
[2025-12-16T03:30:29.659+0000] {subprocess.py:106} INFO - 25/12/16 03:30:29 INFO TaskSetManager: Starting task 39.0 in stage 35.0 (TID 357) (172.18.0.7, executor 0, partition 39, PROCESS_LOCAL, 7367 bytes)
[2025-12-16T03:30:29.662+0000] {subprocess.py:106} INFO - 25/12/16 03:30:29 INFO TaskSetManager: Finished task 24.0 in stage 35.0 (TID 342) in 52 ms on 172.18.0.7 (executor 0) (23/50)
[2025-12-16T03:30:29.663+0000] {subprocess.py:106} INFO - 25/12/16 03:30:29 INFO TaskSetManager: Starting task 40.0 in stage 35.0 (TID 358) (172.18.0.7, executor 0, partition 40, PROCESS_LOCAL, 7367 bytes)
[2025-12-16T03:30:29.664+0000] {subprocess.py:106} INFO - 25/12/16 03:30:29 INFO TaskSetManager: Starting task 41.0 in stage 35.0 (TID 359) (172.18.0.7, executor 0, partition 41, PROCESS_LOCAL, 7367 bytes)
[2025-12-16T03:30:29.668+0000] {subprocess.py:106} INFO - 25/12/16 03:30:29 INFO TaskSetManager: Starting task 42.0 in stage 35.0 (TID 360) (172.18.0.7, executor 0, partition 42, PROCESS_LOCAL, 7367 bytes)
[2025-12-16T03:30:29.669+0000] {subprocess.py:106} INFO - 25/12/16 03:30:29 INFO TaskSetManager: Starting task 43.0 in stage 35.0 (TID 361) (172.18.0.7, executor 0, partition 43, PROCESS_LOCAL, 7367 bytes)
[2025-12-16T03:30:29.671+0000] {subprocess.py:106} INFO - 25/12/16 03:30:29 INFO TaskSetManager: Finished task 23.0 in stage 35.0 (TID 341) in 59 ms on 172.18.0.7 (executor 0) (24/50)
[2025-12-16T03:30:29.672+0000] {subprocess.py:106} INFO - 25/12/16 03:30:29 INFO TaskSetManager: Starting task 44.0 in stage 35.0 (TID 362) (172.18.0.7, executor 0, partition 44, PROCESS_LOCAL, 7367 bytes)
[2025-12-16T03:30:29.673+0000] {subprocess.py:106} INFO - 25/12/16 03:30:29 INFO TaskSetManager: Finished task 26.0 in stage 35.0 (TID 344) in 58 ms on 172.18.0.7 (executor 0) (25/50)
[2025-12-16T03:30:29.674+0000] {subprocess.py:106} INFO - 25/12/16 03:30:29 INFO TaskSetManager: Starting task 45.0 in stage 35.0 (TID 363) (172.18.0.7, executor 0, partition 45, PROCESS_LOCAL, 7367 bytes)
[2025-12-16T03:30:29.679+0000] {subprocess.py:106} INFO - 25/12/16 03:30:29 INFO TaskSetManager: Starting task 46.0 in stage 35.0 (TID 364) (172.18.0.7, executor 0, partition 46, PROCESS_LOCAL, 7367 bytes)
[2025-12-16T03:30:29.680+0000] {subprocess.py:106} INFO - 25/12/16 03:30:29 INFO TaskSetManager: Starting task 47.0 in stage 35.0 (TID 365) (172.18.0.7, executor 0, partition 47, PROCESS_LOCAL, 7367 bytes)
[2025-12-16T03:30:29.681+0000] {subprocess.py:106} INFO - 25/12/16 03:30:29 INFO TaskSetManager: Starting task 48.0 in stage 35.0 (TID 366) (172.18.0.7, executor 0, partition 48, PROCESS_LOCAL, 7367 bytes)
[2025-12-16T03:30:29.682+0000] {subprocess.py:106} INFO - 25/12/16 03:30:29 INFO TaskSetManager: Finished task 30.0 in stage 35.0 (TID 348) in 56 ms on 172.18.0.7 (executor 0) (26/50)
[2025-12-16T03:30:29.683+0000] {subprocess.py:106} INFO - 25/12/16 03:30:29 INFO TaskSetManager: Starting task 49.0 in stage 35.0 (TID 367) (172.18.0.7, executor 0, partition 49, PROCESS_LOCAL, 7367 bytes)
[2025-12-16T03:30:29.684+0000] {subprocess.py:106} INFO - 25/12/16 03:30:29 INFO TaskSetManager: Finished task 28.0 in stage 35.0 (TID 346) in 60 ms on 172.18.0.7 (executor 0) (27/50)
[2025-12-16T03:30:29.685+0000] {subprocess.py:106} INFO - 25/12/16 03:30:29 INFO TaskSetManager: Finished task 29.0 in stage 35.0 (TID 347) in 60 ms on 172.18.0.7 (executor 0) (28/50)
[2025-12-16T03:30:29.686+0000] {subprocess.py:106} INFO - 25/12/16 03:30:29 INFO TaskSetManager: Finished task 31.0 in stage 35.0 (TID 349) in 56 ms on 172.18.0.7 (executor 0) (29/50)
[2025-12-16T03:30:29.687+0000] {subprocess.py:106} INFO - 25/12/16 03:30:29 INFO TaskSetManager: Finished task 35.0 in stage 35.0 (TID 353) in 46 ms on 172.18.0.7 (executor 0) (30/50)
[2025-12-16T03:30:29.688+0000] {subprocess.py:106} INFO - 25/12/16 03:30:29 INFO TaskSetManager: Finished task 33.0 in stage 35.0 (TID 351) in 50 ms on 172.18.0.7 (executor 0) (31/50)
[2025-12-16T03:30:29.689+0000] {subprocess.py:106} INFO - 25/12/16 03:30:29 INFO TaskSetManager: Finished task 22.0 in stage 35.0 (TID 340) in 70 ms on 172.18.0.7 (executor 0) (32/50)
[2025-12-16T03:30:29.690+0000] {subprocess.py:106} INFO - 25/12/16 03:30:29 INFO TaskSetManager: Finished task 27.0 in stage 35.0 (TID 345) in 67 ms on 172.18.0.7 (executor 0) (33/50)
[2025-12-16T03:30:29.690+0000] {subprocess.py:106} INFO - 25/12/16 03:30:29 INFO TaskSetManager: Finished task 25.0 in stage 35.0 (TID 343) in 70 ms on 172.18.0.7 (executor 0) (34/50)
[2025-12-16T03:30:29.695+0000] {subprocess.py:106} INFO - 25/12/16 03:30:29 INFO TaskSetManager: Finished task 32.0 in stage 35.0 (TID 350) in 57 ms on 172.18.0.7 (executor 0) (35/50)
[2025-12-16T03:30:29.696+0000] {subprocess.py:106} INFO - 25/12/16 03:30:29 INFO TaskSetManager: Finished task 34.0 in stage 35.0 (TID 352) in 54 ms on 172.18.0.7 (executor 0) (36/50)
[2025-12-16T03:30:29.697+0000] {subprocess.py:106} INFO - 25/12/16 03:30:29 INFO TaskSetManager: Finished task 37.0 in stage 35.0 (TID 355) in 48 ms on 172.18.0.7 (executor 0) (37/50)
[2025-12-16T03:30:29.698+0000] {subprocess.py:106} INFO - 25/12/16 03:30:29 INFO TaskSetManager: Finished task 36.0 in stage 35.0 (TID 354) in 50 ms on 172.18.0.7 (executor 0) (38/50)
[2025-12-16T03:30:29.698+0000] {subprocess.py:106} INFO - 25/12/16 03:30:29 INFO TaskSetManager: Finished task 38.0 in stage 35.0 (TID 356) in 28 ms on 172.18.0.7 (executor 0) (39/50)
[2025-12-16T03:30:29.699+0000] {subprocess.py:106} INFO - 25/12/16 03:30:29 INFO TaskSetManager: Finished task 39.0 in stage 35.0 (TID 357) in 29 ms on 172.18.0.7 (executor 0) (40/50)
[2025-12-16T03:30:29.701+0000] {subprocess.py:106} INFO - 25/12/16 03:30:29 INFO TaskSetManager: Finished task 42.0 in stage 35.0 (TID 360) in 26 ms on 172.18.0.7 (executor 0) (41/50)
[2025-12-16T03:30:29.702+0000] {subprocess.py:106} INFO - 25/12/16 03:30:29 INFO TaskSetManager: Finished task 44.0 in stage 35.0 (TID 362) in 24 ms on 172.18.0.7 (executor 0) (42/50)
[2025-12-16T03:30:29.702+0000] {subprocess.py:106} INFO - 25/12/16 03:30:29 INFO TaskSetManager: Finished task 45.0 in stage 35.0 (TID 363) in 24 ms on 172.18.0.7 (executor 0) (43/50)
[2025-12-16T03:30:29.707+0000] {subprocess.py:106} INFO - 25/12/16 03:30:29 INFO TaskSetManager: Finished task 46.0 in stage 35.0 (TID 364) in 24 ms on 172.18.0.7 (executor 0) (44/50)
[2025-12-16T03:30:29.708+0000] {subprocess.py:106} INFO - 25/12/16 03:30:29 INFO TaskSetManager: Finished task 40.0 in stage 35.0 (TID 358) in 34 ms on 172.18.0.7 (executor 0) (45/50)
[2025-12-16T03:30:29.709+0000] {subprocess.py:106} INFO - 25/12/16 03:30:29 INFO TaskSetManager: Finished task 47.0 in stage 35.0 (TID 365) in 25 ms on 172.18.0.7 (executor 0) (46/50)
[2025-12-16T03:30:29.710+0000] {subprocess.py:106} INFO - 25/12/16 03:30:29 INFO TaskSetManager: Finished task 43.0 in stage 35.0 (TID 361) in 31 ms on 172.18.0.7 (executor 0) (47/50)
[2025-12-16T03:30:29.711+0000] {subprocess.py:106} INFO - 25/12/16 03:30:29 INFO TaskSetManager: Finished task 41.0 in stage 35.0 (TID 359) in 37 ms on 172.18.0.7 (executor 0) (48/50)
[2025-12-16T03:30:29.712+0000] {subprocess.py:106} INFO - 25/12/16 03:30:29 INFO TaskSetManager: Finished task 48.0 in stage 35.0 (TID 366) in 33 ms on 172.18.0.7 (executor 0) (49/50)
[2025-12-16T03:30:29.712+0000] {subprocess.py:106} INFO - 25/12/16 03:30:29 INFO TaskSetManager: Finished task 49.0 in stage 35.0 (TID 367) in 34 ms on 172.18.0.7 (executor 0) (50/50)
[2025-12-16T03:30:29.713+0000] {subprocess.py:106} INFO - 25/12/16 03:30:29 INFO TaskSchedulerImpl: Removed TaskSet 35.0, whose tasks have all completed, from pool
[2025-12-16T03:30:29.714+0000] {subprocess.py:106} INFO - 25/12/16 03:30:29 INFO DAGScheduler: ResultStage 35 ($anonfun$recordDeltaOperationInternal$1 at DatabricksLogging.scala:128) finished in 0.150 s
[2025-12-16T03:30:29.715+0000] {subprocess.py:106} INFO - 25/12/16 03:30:29 INFO DAGScheduler: Job 20 is finished. Cancelling potential speculative or zombie tasks for this job
[2025-12-16T03:30:29.715+0000] {subprocess.py:106} INFO - 25/12/16 03:30:29 INFO TaskSchedulerImpl: Killing all running tasks in stage 35: Stage finished
[2025-12-16T03:30:29.716+0000] {subprocess.py:106} INFO - 25/12/16 03:30:29 INFO DAGScheduler: Job 20 finished: $anonfun$recordDeltaOperationInternal$1 at DatabricksLogging.scala:128, took 0.155035 s
[2025-12-16T03:30:29.717+0000] {subprocess.py:106} INFO - 25/12/16 03:30:29 INFO PrepareDeltaScan: DELTA: Done
[2025-12-16T03:30:29.718+0000] {subprocess.py:106} INFO - 25/12/16 03:30:29 INFO FileSourceStrategy: Pushed Filters:
[2025-12-16T03:30:29.719+0000] {subprocess.py:106} INFO - 25/12/16 03:30:29 INFO FileSourceStrategy: Post-Scan Filters:
[2025-12-16T03:30:29.722+0000] {subprocess.py:106} INFO - 25/12/16 03:30:29 INFO ParquetUtils: Using default output committer for Parquet: org.apache.parquet.hadoop.ParquetOutputCommitter
[2025-12-16T03:30:29.742+0000] {subprocess.py:106} INFO - 25/12/16 03:30:29 INFO CodeGenerator: Code generated in 13.362633 ms
[2025-12-16T03:30:29.747+0000] {subprocess.py:106} INFO - 25/12/16 03:30:29 INFO MemoryStore: Block broadcast_35 stored as values in memory (estimated size 214.8 KiB, free 431.5 MiB)
[2025-12-16T03:30:29.755+0000] {subprocess.py:106} INFO - 25/12/16 03:30:29 INFO MemoryStore: Block broadcast_35_piece0 stored as bytes in memory (estimated size 37.0 KiB, free 431.5 MiB)
[2025-12-16T03:30:29.756+0000] {subprocess.py:106} INFO - 25/12/16 03:30:29 INFO BlockManagerInfo: Added broadcast_35_piece0 in memory on 3ad9a82189be:39783 (size: 37.0 KiB, free: 433.9 MiB)
[2025-12-16T03:30:29.756+0000] {subprocess.py:106} INFO - 25/12/16 03:30:29 INFO SparkContext: Created broadcast 35 from save at <unknown>:0
[2025-12-16T03:30:29.757+0000] {subprocess.py:106} INFO - 25/12/16 03:30:29 INFO FileSourceScanExec: Planning scan with bin packing, max size: 4194304 bytes, open cost is considered as scanning 4194304 bytes.
[2025-12-16T03:30:29.793+0000] {subprocess.py:106} INFO - 25/12/16 03:30:29 INFO SparkContext: Starting job: save at <unknown>:0
[2025-12-16T03:30:29.794+0000] {subprocess.py:106} INFO - 25/12/16 03:30:29 INFO DAGScheduler: Got job 21 (save at <unknown>:0) with 1 output partitions
[2025-12-16T03:30:29.795+0000] {subprocess.py:106} INFO - 25/12/16 03:30:29 INFO DAGScheduler: Final stage: ResultStage 36 (save at <unknown>:0)
[2025-12-16T03:30:29.796+0000] {subprocess.py:106} INFO - 25/12/16 03:30:29 INFO DAGScheduler: Parents of final stage: List()
[2025-12-16T03:30:29.796+0000] {subprocess.py:106} INFO - 25/12/16 03:30:29 INFO DAGScheduler: Missing parents: List()
[2025-12-16T03:30:29.797+0000] {subprocess.py:106} INFO - 25/12/16 03:30:29 INFO DAGScheduler: Submitting ResultStage 36 (MapPartitionsRDD[99] at save at <unknown>:0), which has no missing parents
[2025-12-16T03:30:29.815+0000] {subprocess.py:106} INFO - 25/12/16 03:30:29 INFO MemoryStore: Block broadcast_36 stored as values in memory (estimated size 359.6 KiB, free 431.1 MiB)
[2025-12-16T03:30:29.817+0000] {subprocess.py:106} INFO - 25/12/16 03:30:29 INFO MemoryStore: Block broadcast_36_piece0 stored as bytes in memory (estimated size 128.1 KiB, free 431.0 MiB)
[2025-12-16T03:30:29.819+0000] {subprocess.py:106} INFO - 25/12/16 03:30:29 INFO BlockManagerInfo: Added broadcast_36_piece0 in memory on 3ad9a82189be:39783 (size: 128.1 KiB, free: 433.8 MiB)
[2025-12-16T03:30:29.819+0000] {subprocess.py:106} INFO - 25/12/16 03:30:29 INFO SparkContext: Created broadcast 36 from broadcast at DAGScheduler.scala:1535
[2025-12-16T03:30:29.820+0000] {subprocess.py:106} INFO - 25/12/16 03:30:29 INFO DAGScheduler: Submitting 1 missing tasks from ResultStage 36 (MapPartitionsRDD[99] at save at <unknown>:0) (first 15 tasks are for partitions Vector(0))
[2025-12-16T03:30:29.821+0000] {subprocess.py:106} INFO - 25/12/16 03:30:29 INFO TaskSchedulerImpl: Adding task set 36.0 with 1 tasks resource profile 0
[2025-12-16T03:30:29.821+0000] {subprocess.py:106} INFO - 25/12/16 03:30:29 INFO TaskSetManager: Starting task 0.0 in stage 36.0 (TID 368) (172.18.0.7, executor 0, partition 0, PROCESS_LOCAL, 7974 bytes)
[2025-12-16T03:30:29.830+0000] {subprocess.py:106} INFO - 25/12/16 03:30:29 INFO BlockManagerInfo: Added broadcast_36_piece0 in memory on 172.18.0.7:36801 (size: 128.1 KiB, free: 434.0 MiB)
[2025-12-16T03:30:29.947+0000] {subprocess.py:106} INFO - 25/12/16 03:30:29 INFO BlockManagerInfo: Added broadcast_35_piece0 in memory on 172.18.0.7:36801 (size: 37.0 KiB, free: 434.0 MiB)
[2025-12-16T03:30:30.175+0000] {subprocess.py:106} INFO - 25/12/16 03:30:30 INFO TaskSetManager: Finished task 0.0 in stage 36.0 (TID 368) in 354 ms on 172.18.0.7 (executor 0) (1/1)
[2025-12-16T03:30:30.176+0000] {subprocess.py:106} INFO - 25/12/16 03:30:30 INFO TaskSchedulerImpl: Removed TaskSet 36.0, whose tasks have all completed, from pool
[2025-12-16T03:30:30.177+0000] {subprocess.py:106} INFO - 25/12/16 03:30:30 INFO DAGScheduler: ResultStage 36 (save at <unknown>:0) finished in 0.381 s
[2025-12-16T03:30:30.178+0000] {subprocess.py:106} INFO - 25/12/16 03:30:30 INFO DAGScheduler: Job 21 is finished. Cancelling potential speculative or zombie tasks for this job
[2025-12-16T03:30:30.179+0000] {subprocess.py:106} INFO - 25/12/16 03:30:30 INFO TaskSchedulerImpl: Killing all running tasks in stage 36: Stage finished
[2025-12-16T03:30:30.179+0000] {subprocess.py:106} INFO - 25/12/16 03:30:30 INFO DAGScheduler: Job 21 finished: save at <unknown>:0, took 0.383904 s
[2025-12-16T03:30:30.179+0000] {subprocess.py:106} INFO - 25/12/16 03:30:30 INFO FileFormatWriter: Start to commit write Job 57a0e574-10b6-4744-a5cb-16351605f8a4.
[2025-12-16T03:30:30.180+0000] {subprocess.py:106} INFO - 25/12/16 03:30:30 INFO FileFormatWriter: Write Job 57a0e574-10b6-4744-a5cb-16351605f8a4 committed. Elapsed time: 0 ms.
[2025-12-16T03:30:30.180+0000] {subprocess.py:106} INFO - 25/12/16 03:30:30 INFO FileFormatWriter: Finished processing stats for write job 57a0e574-10b6-4744-a5cb-16351605f8a4.
[2025-12-16T03:30:30.181+0000] {subprocess.py:106} INFO - 25/12/16 03:30:30 INFO Snapshot: [tableId=16e4fe15-0e59-48b6-867e-459a77d1dfd5] DELTA: Compute snapshot for version: 0
[2025-12-16T03:30:30.183+0000] {subprocess.py:106} INFO - 25/12/16 03:30:30 INFO MemoryStore: Block broadcast_37 stored as values in memory (estimated size 212.3 KiB, free 430.8 MiB)
[2025-12-16T03:30:30.200+0000] {subprocess.py:106} INFO - 25/12/16 03:30:30 INFO BlockManagerInfo: Removed broadcast_34_piece0 on 3ad9a82189be:39783 in memory (size: 138.6 KiB, free: 434.0 MiB)
[2025-12-16T03:30:30.201+0000] {subprocess.py:106} INFO - 25/12/16 03:30:30 INFO BlockManagerInfo: Removed broadcast_34_piece0 on 172.18.0.7:36801 in memory (size: 138.6 KiB, free: 434.1 MiB)
[2025-12-16T03:30:30.203+0000] {subprocess.py:106} INFO - 25/12/16 03:30:30 INFO MemoryStore: Block broadcast_37_piece0 stored as bytes in memory (estimated size 36.2 KiB, free 431.5 MiB)
[2025-12-16T03:30:30.205+0000] {subprocess.py:106} INFO - 25/12/16 03:30:30 INFO BlockManagerInfo: Added broadcast_37_piece0 in memory on 3ad9a82189be:39783 (size: 36.2 KiB, free: 433.9 MiB)
[2025-12-16T03:30:30.205+0000] {subprocess.py:106} INFO - 25/12/16 03:30:30 INFO SparkContext: Created broadcast 37 from $anonfun$recordDeltaOperationInternal$1 at DatabricksLogging.scala:128
[2025-12-16T03:30:30.209+0000] {subprocess.py:106} INFO - 25/12/16 03:30:30 INFO BlockManagerInfo: Removed broadcast_36_piece0 on 3ad9a82189be:39783 in memory (size: 128.1 KiB, free: 434.0 MiB)
[2025-12-16T03:30:30.210+0000] {subprocess.py:106} INFO - 25/12/16 03:30:30 INFO BlockManagerInfo: Removed broadcast_36_piece0 on 172.18.0.7:36801 in memory (size: 128.1 KiB, free: 434.2 MiB)
[2025-12-16T03:30:30.260+0000] {subprocess.py:106} INFO - 25/12/16 03:30:30 INFO BlockManagerInfo: Removed broadcast_12_piece0 on 3ad9a82189be:39783 in memory (size: 36.2 KiB, free: 434.1 MiB)
[2025-12-16T03:30:30.264+0000] {subprocess.py:106} INFO - 25/12/16 03:30:30 INFO BlockManagerInfo: Removed broadcast_13_piece0 on 3ad9a82189be:39783 in memory (size: 36.3 KiB, free: 434.1 MiB)
[2025-12-16T03:30:30.265+0000] {subprocess.py:106} INFO - 25/12/16 03:30:30 INFO BlockManagerInfo: Removed broadcast_13_piece0 on 172.18.0.7:36801 in memory (size: 36.3 KiB, free: 434.2 MiB)
[2025-12-16T03:30:30.270+0000] {subprocess.py:106} INFO - 25/12/16 03:30:30 INFO BlockManager: Removing RDD 40
[2025-12-16T03:30:30.435+0000] {subprocess.py:106} INFO - 25/12/16 03:30:30 INFO FileSourceStrategy: Pushed Filters:
[2025-12-16T03:30:30.436+0000] {subprocess.py:106} INFO - 25/12/16 03:30:30 INFO FileSourceStrategy: Post-Scan Filters:
[2025-12-16T03:30:30.496+0000] {subprocess.py:106} INFO - 25/12/16 03:30:30 INFO MemoryStore: Block broadcast_38 stored as values in memory (estimated size 212.9 KiB, free 432.2 MiB)
[2025-12-16T03:30:30.502+0000] {subprocess.py:106} INFO - 25/12/16 03:30:30 INFO MemoryStore: Block broadcast_38_piece0 stored as bytes in memory (estimated size 36.3 KiB, free 432.2 MiB)
[2025-12-16T03:30:30.503+0000] {subprocess.py:106} INFO - 25/12/16 03:30:30 INFO BlockManagerInfo: Added broadcast_38_piece0 in memory on 3ad9a82189be:39783 (size: 36.3 KiB, free: 434.1 MiB)
[2025-12-16T03:30:30.503+0000] {subprocess.py:106} INFO - 25/12/16 03:30:30 INFO SparkContext: Created broadcast 38 from $anonfun$recordDeltaOperationInternal$1 at DatabricksLogging.scala:128
[2025-12-16T03:30:30.504+0000] {subprocess.py:106} INFO - 25/12/16 03:30:30 INFO FileSourceScanExec: Planning scan with bin packing, max size: 4194304 bytes, open cost is considered as scanning 4194304 bytes.
[2025-12-16T03:30:30.512+0000] {subprocess.py:106} INFO - 25/12/16 03:30:30 INFO DAGScheduler: Registering RDD 103 ($anonfun$recordDeltaOperationInternal$1 at DatabricksLogging.scala:128) as input to shuffle 8
[2025-12-16T03:30:30.513+0000] {subprocess.py:106} INFO - 25/12/16 03:30:30 INFO DAGScheduler: Got map stage job 22 ($anonfun$recordDeltaOperationInternal$1 at DatabricksLogging.scala:128) with 1 output partitions
[2025-12-16T03:30:30.514+0000] {subprocess.py:106} INFO - 25/12/16 03:30:30 INFO DAGScheduler: Final stage: ShuffleMapStage 37 ($anonfun$recordDeltaOperationInternal$1 at DatabricksLogging.scala:128)
[2025-12-16T03:30:30.514+0000] {subprocess.py:106} INFO - 25/12/16 03:30:30 INFO DAGScheduler: Parents of final stage: List()
[2025-12-16T03:30:30.515+0000] {subprocess.py:106} INFO - 25/12/16 03:30:30 INFO DAGScheduler: Missing parents: List()
[2025-12-16T03:30:30.515+0000] {subprocess.py:106} INFO - 25/12/16 03:30:30 INFO DAGScheduler: Submitting ShuffleMapStage 37 (MapPartitionsRDD[103] at $anonfun$recordDeltaOperationInternal$1 at DatabricksLogging.scala:128), which has no missing parents
[2025-12-16T03:30:30.516+0000] {subprocess.py:106} INFO - 25/12/16 03:30:30 INFO MemoryStore: Block broadcast_39 stored as values in memory (estimated size 138.3 KiB, free 432.1 MiB)
[2025-12-16T03:30:30.518+0000] {subprocess.py:106} INFO - 25/12/16 03:30:30 INFO MemoryStore: Block broadcast_39_piece0 stored as bytes in memory (estimated size 39.0 KiB, free 432.0 MiB)
[2025-12-16T03:30:30.518+0000] {subprocess.py:106} INFO - 25/12/16 03:30:30 INFO BlockManagerInfo: Added broadcast_39_piece0 in memory on 3ad9a82189be:39783 (size: 39.0 KiB, free: 434.0 MiB)
[2025-12-16T03:30:30.519+0000] {subprocess.py:106} INFO - 25/12/16 03:30:30 INFO SparkContext: Created broadcast 39 from broadcast at DAGScheduler.scala:1535
[2025-12-16T03:30:30.520+0000] {subprocess.py:106} INFO - 25/12/16 03:30:30 INFO DAGScheduler: Submitting 1 missing tasks from ShuffleMapStage 37 (MapPartitionsRDD[103] at $anonfun$recordDeltaOperationInternal$1 at DatabricksLogging.scala:128) (first 15 tasks are for partitions Vector(0))
[2025-12-16T03:30:30.520+0000] {subprocess.py:106} INFO - 25/12/16 03:30:30 INFO TaskSchedulerImpl: Adding task set 37.0 with 1 tasks resource profile 0
[2025-12-16T03:30:30.521+0000] {subprocess.py:106} INFO - 25/12/16 03:30:30 INFO TaskSetManager: Starting task 0.0 in stage 37.0 (TID 369) (172.18.0.7, executor 0, partition 0, PROCESS_LOCAL, 7934 bytes)
[2025-12-16T03:30:30.530+0000] {subprocess.py:106} INFO - 25/12/16 03:30:30 INFO BlockManagerInfo: Added broadcast_39_piece0 in memory on 172.18.0.7:36801 (size: 39.0 KiB, free: 434.2 MiB)
[2025-12-16T03:30:30.548+0000] {subprocess.py:106} INFO - 25/12/16 03:30:30 INFO BlockManagerInfo: Added broadcast_38_piece0 in memory on 172.18.0.7:36801 (size: 36.3 KiB, free: 434.2 MiB)
[2025-12-16T03:30:30.578+0000] {subprocess.py:106} INFO - 25/12/16 03:30:30 INFO TaskSetManager: Finished task 0.0 in stage 37.0 (TID 369) in 57 ms on 172.18.0.7 (executor 0) (1/1)
[2025-12-16T03:30:30.579+0000] {subprocess.py:106} INFO - 25/12/16 03:30:30 INFO TaskSchedulerImpl: Removed TaskSet 37.0, whose tasks have all completed, from pool
[2025-12-16T03:30:30.580+0000] {subprocess.py:106} INFO - 25/12/16 03:30:30 INFO DAGScheduler: ShuffleMapStage 37 ($anonfun$recordDeltaOperationInternal$1 at DatabricksLogging.scala:128) finished in 0.066 s
[2025-12-16T03:30:30.580+0000] {subprocess.py:106} INFO - 25/12/16 03:30:30 INFO DAGScheduler: looking for newly runnable stages
[2025-12-16T03:30:30.580+0000] {subprocess.py:106} INFO - 25/12/16 03:30:30 INFO DAGScheduler: running: Set()
[2025-12-16T03:30:30.581+0000] {subprocess.py:106} INFO - 25/12/16 03:30:30 INFO DAGScheduler: waiting: Set()
[2025-12-16T03:30:30.581+0000] {subprocess.py:106} INFO - 25/12/16 03:30:30 INFO DAGScheduler: failed: Set()
[2025-12-16T03:30:30.630+0000] {subprocess.py:106} INFO - 25/12/16 03:30:30 INFO BlockManagerInfo: Removed broadcast_39_piece0 on 3ad9a82189be:39783 in memory (size: 39.0 KiB, free: 434.1 MiB)
[2025-12-16T03:30:30.637+0000] {subprocess.py:106} INFO - 25/12/16 03:30:30 INFO BlockManagerInfo: Removed broadcast_39_piece0 on 172.18.0.7:36801 in memory (size: 39.0 KiB, free: 434.2 MiB)
[2025-12-16T03:30:30.738+0000] {subprocess.py:106} INFO - 25/12/16 03:30:30 INFO DAGScheduler: Registering RDD 113 ($anonfun$recordDeltaOperationInternal$1 at DatabricksLogging.scala:128) as input to shuffle 9
[2025-12-16T03:30:30.739+0000] {subprocess.py:106} INFO - 25/12/16 03:30:30 INFO DAGScheduler: Got map stage job 23 ($anonfun$recordDeltaOperationInternal$1 at DatabricksLogging.scala:128) with 50 output partitions
[2025-12-16T03:30:30.740+0000] {subprocess.py:106} INFO - 25/12/16 03:30:30 INFO DAGScheduler: Final stage: ShuffleMapStage 39 ($anonfun$recordDeltaOperationInternal$1 at DatabricksLogging.scala:128)
[2025-12-16T03:30:30.740+0000] {subprocess.py:106} INFO - 25/12/16 03:30:30 INFO DAGScheduler: Parents of final stage: List(ShuffleMapStage 38)
[2025-12-16T03:30:30.741+0000] {subprocess.py:106} INFO - 25/12/16 03:30:30 INFO DAGScheduler: Missing parents: List()
[2025-12-16T03:30:30.741+0000] {subprocess.py:106} INFO - 25/12/16 03:30:30 INFO DAGScheduler: Submitting ShuffleMapStage 39 (MapPartitionsRDD[113] at $anonfun$recordDeltaOperationInternal$1 at DatabricksLogging.scala:128), which has no missing parents
[2025-12-16T03:30:30.754+0000] {subprocess.py:106} INFO - 25/12/16 03:30:30 INFO MemoryStore: Block broadcast_40 stored as values in memory (estimated size 517.2 KiB, free 431.7 MiB)
[2025-12-16T03:30:30.756+0000] {subprocess.py:106} INFO - 25/12/16 03:30:30 INFO MemoryStore: Block broadcast_40_piece0 stored as bytes in memory (estimated size 123.3 KiB, free 431.6 MiB)
[2025-12-16T03:30:30.763+0000] {subprocess.py:106} INFO - 25/12/16 03:30:30 INFO BlockManagerInfo: Added broadcast_40_piece0 in memory on 3ad9a82189be:39783 (size: 123.3 KiB, free: 434.0 MiB)
[2025-12-16T03:30:30.764+0000] {subprocess.py:106} INFO - 25/12/16 03:30:30 INFO SparkContext: Created broadcast 40 from broadcast at DAGScheduler.scala:1535
[2025-12-16T03:30:30.769+0000] {subprocess.py:106} INFO - 25/12/16 03:30:30 INFO DAGScheduler: Submitting 50 missing tasks from ShuffleMapStage 39 (MapPartitionsRDD[113] at $anonfun$recordDeltaOperationInternal$1 at DatabricksLogging.scala:128) (first 15 tasks are for partitions Vector(0, 1, 2, 3, 4, 5, 6, 7, 8, 9, 10, 11, 12, 13, 14))
[2025-12-16T03:30:30.770+0000] {subprocess.py:106} INFO - 25/12/16 03:30:30 INFO TaskSchedulerImpl: Adding task set 39.0 with 50 tasks resource profile 0
[2025-12-16T03:30:30.770+0000] {subprocess.py:106} INFO - 25/12/16 03:30:30 INFO TaskSetManager: Starting task 19.0 in stage 39.0 (TID 370) (172.18.0.7, executor 0, partition 19, NODE_LOCAL, 7356 bytes)
[2025-12-16T03:30:30.771+0000] {subprocess.py:106} INFO - 25/12/16 03:30:30 INFO TaskSetManager: Starting task 42.0 in stage 39.0 (TID 371) (172.18.0.7, executor 0, partition 42, NODE_LOCAL, 7356 bytes)
[2025-12-16T03:30:30.771+0000] {subprocess.py:106} INFO - 25/12/16 03:30:30 INFO TaskSetManager: Starting task 0.0 in stage 39.0 (TID 372) (172.18.0.7, executor 0, partition 0, PROCESS_LOCAL, 7356 bytes)
[2025-12-16T03:30:30.772+0000] {subprocess.py:106} INFO - 25/12/16 03:30:30 INFO TaskSetManager: Starting task 1.0 in stage 39.0 (TID 373) (172.18.0.7, executor 0, partition 1, PROCESS_LOCAL, 7356 bytes)
[2025-12-16T03:30:30.773+0000] {subprocess.py:106} INFO - 25/12/16 03:30:30 INFO TaskSetManager: Starting task 2.0 in stage 39.0 (TID 374) (172.18.0.7, executor 0, partition 2, PROCESS_LOCAL, 7356 bytes)
[2025-12-16T03:30:30.773+0000] {subprocess.py:106} INFO - 25/12/16 03:30:30 INFO TaskSetManager: Starting task 3.0 in stage 39.0 (TID 375) (172.18.0.7, executor 0, partition 3, PROCESS_LOCAL, 7356 bytes)
[2025-12-16T03:30:30.774+0000] {subprocess.py:106} INFO - 25/12/16 03:30:30 INFO TaskSetManager: Starting task 4.0 in stage 39.0 (TID 376) (172.18.0.7, executor 0, partition 4, PROCESS_LOCAL, 7356 bytes)
[2025-12-16T03:30:30.774+0000] {subprocess.py:106} INFO - 25/12/16 03:30:30 INFO TaskSetManager: Starting task 5.0 in stage 39.0 (TID 377) (172.18.0.7, executor 0, partition 5, PROCESS_LOCAL, 7356 bytes)
[2025-12-16T03:30:30.775+0000] {subprocess.py:106} INFO - 25/12/16 03:30:30 INFO TaskSetManager: Starting task 6.0 in stage 39.0 (TID 378) (172.18.0.7, executor 0, partition 6, PROCESS_LOCAL, 7356 bytes)
[2025-12-16T03:30:30.775+0000] {subprocess.py:106} INFO - 25/12/16 03:30:30 INFO TaskSetManager: Starting task 7.0 in stage 39.0 (TID 379) (172.18.0.7, executor 0, partition 7, PROCESS_LOCAL, 7356 bytes)
[2025-12-16T03:30:30.776+0000] {subprocess.py:106} INFO - 25/12/16 03:30:30 INFO TaskSetManager: Starting task 8.0 in stage 39.0 (TID 380) (172.18.0.7, executor 0, partition 8, PROCESS_LOCAL, 7356 bytes)
[2025-12-16T03:30:30.776+0000] {subprocess.py:106} INFO - 25/12/16 03:30:30 INFO TaskSetManager: Starting task 9.0 in stage 39.0 (TID 381) (172.18.0.7, executor 0, partition 9, PROCESS_LOCAL, 7356 bytes)
[2025-12-16T03:30:30.779+0000] {subprocess.py:106} INFO - 25/12/16 03:30:30 INFO TaskSetManager: Starting task 10.0 in stage 39.0 (TID 382) (172.18.0.7, executor 0, partition 10, PROCESS_LOCAL, 7356 bytes)
[2025-12-16T03:30:30.781+0000] {subprocess.py:106} INFO - 25/12/16 03:30:30 INFO TaskSetManager: Starting task 11.0 in stage 39.0 (TID 383) (172.18.0.7, executor 0, partition 11, PROCESS_LOCAL, 7356 bytes)
[2025-12-16T03:30:30.782+0000] {subprocess.py:106} INFO - 25/12/16 03:30:30 INFO TaskSetManager: Starting task 12.0 in stage 39.0 (TID 384) (172.18.0.7, executor 0, partition 12, PROCESS_LOCAL, 7356 bytes)
[2025-12-16T03:30:30.782+0000] {subprocess.py:106} INFO - 25/12/16 03:30:30 INFO TaskSetManager: Starting task 13.0 in stage 39.0 (TID 385) (172.18.0.7, executor 0, partition 13, PROCESS_LOCAL, 7356 bytes)
[2025-12-16T03:30:30.783+0000] {subprocess.py:106} INFO - 25/12/16 03:30:30 INFO BlockManagerInfo: Added broadcast_40_piece0 in memory on 172.18.0.7:36801 (size: 123.3 KiB, free: 434.1 MiB)
[2025-12-16T03:30:30.797+0000] {subprocess.py:106} INFO - 25/12/16 03:30:30 INFO MapOutputTrackerMasterEndpoint: Asked to send map output locations for shuffle 8 to 172.18.0.7:43148
[2025-12-16T03:30:30.845+0000] {subprocess.py:106} INFO - 25/12/16 03:30:30 INFO BlockManagerInfo: Added rdd_110_9 in memory on 172.18.0.7:36801 (size: 46.0 B, free: 434.1 MiB)
[2025-12-16T03:30:30.847+0000] {subprocess.py:106} INFO - 25/12/16 03:30:30 INFO BlockManagerInfo: Added rdd_110_1 in memory on 172.18.0.7:36801 (size: 46.0 B, free: 434.1 MiB)
[2025-12-16T03:30:30.848+0000] {subprocess.py:106} INFO - 25/12/16 03:30:30 INFO BlockManagerInfo: Added rdd_110_8 in memory on 172.18.0.7:36801 (size: 46.0 B, free: 434.1 MiB)
[2025-12-16T03:30:30.849+0000] {subprocess.py:106} INFO - 25/12/16 03:30:30 INFO BlockManagerInfo: Added rdd_110_11 in memory on 172.18.0.7:36801 (size: 46.0 B, free: 434.1 MiB)
[2025-12-16T03:30:30.850+0000] {subprocess.py:106} INFO - 25/12/16 03:30:30 INFO BlockManagerInfo: Added rdd_110_5 in memory on 172.18.0.7:36801 (size: 46.0 B, free: 434.1 MiB)
[2025-12-16T03:30:30.851+0000] {subprocess.py:106} INFO - 25/12/16 03:30:30 INFO BlockManagerInfo: Added rdd_110_10 in memory on 172.18.0.7:36801 (size: 46.0 B, free: 434.1 MiB)
[2025-12-16T03:30:30.852+0000] {subprocess.py:106} INFO - 25/12/16 03:30:30 INFO BlockManagerInfo: Added rdd_110_7 in memory on 172.18.0.7:36801 (size: 46.0 B, free: 434.1 MiB)
[2025-12-16T03:30:30.854+0000] {subprocess.py:106} INFO - 25/12/16 03:30:30 INFO BlockManagerInfo: Added rdd_110_4 in memory on 172.18.0.7:36801 (size: 46.0 B, free: 434.1 MiB)
[2025-12-16T03:30:30.855+0000] {subprocess.py:106} INFO - 25/12/16 03:30:30 INFO BlockManagerInfo: Added rdd_110_12 in memory on 172.18.0.7:36801 (size: 46.0 B, free: 434.1 MiB)
[2025-12-16T03:30:30.864+0000] {subprocess.py:106} INFO - 25/12/16 03:30:30 INFO BlockManagerInfo: Added rdd_110_19 in memory on 172.18.0.7:36801 (size: 745.0 B, free: 434.1 MiB)
[2025-12-16T03:30:30.866+0000] {subprocess.py:106} INFO - 25/12/16 03:30:30 INFO BlockManagerInfo: Added rdd_110_0 in memory on 172.18.0.7:36801 (size: 46.0 B, free: 434.1 MiB)
[2025-12-16T03:30:30.867+0000] {subprocess.py:106} INFO - 25/12/16 03:30:30 INFO BlockManagerInfo: Added rdd_110_6 in memory on 172.18.0.7:36801 (size: 46.0 B, free: 434.1 MiB)
[2025-12-16T03:30:30.883+0000] {subprocess.py:106} INFO - 25/12/16 03:30:30 INFO BlockManagerInfo: Added rdd_110_3 in memory on 172.18.0.7:36801 (size: 46.0 B, free: 434.1 MiB)
[2025-12-16T03:30:30.891+0000] {subprocess.py:106} INFO - 25/12/16 03:30:30 INFO BlockManagerInfo: Added rdd_110_13 in memory on 172.18.0.7:36801 (size: 46.0 B, free: 434.1 MiB)
[2025-12-16T03:30:30.892+0000] {subprocess.py:106} INFO - 25/12/16 03:30:30 INFO BlockManagerInfo: Added rdd_110_42 in memory on 172.18.0.7:36801 (size: 539.0 B, free: 434.1 MiB)
[2025-12-16T03:30:30.893+0000] {subprocess.py:106} INFO - 25/12/16 03:30:30 INFO TaskSetManager: Starting task 14.0 in stage 39.0 (TID 386) (172.18.0.7, executor 0, partition 14, PROCESS_LOCAL, 7356 bytes)
[2025-12-16T03:30:30.894+0000] {subprocess.py:106} INFO - 25/12/16 03:30:30 INFO BlockManagerInfo: Added rdd_110_2 in memory on 172.18.0.7:36801 (size: 46.0 B, free: 434.1 MiB)
[2025-12-16T03:30:30.895+0000] {subprocess.py:106} INFO - 25/12/16 03:30:30 INFO TaskSetManager: Finished task 1.0 in stage 39.0 (TID 373) in 130 ms on 172.18.0.7 (executor 0) (1/50)
[2025-12-16T03:30:30.896+0000] {subprocess.py:106} INFO - 25/12/16 03:30:30 INFO TaskSetManager: Starting task 15.0 in stage 39.0 (TID 387) (172.18.0.7, executor 0, partition 15, PROCESS_LOCAL, 7356 bytes)
[2025-12-16T03:30:30.897+0000] {subprocess.py:106} INFO - 25/12/16 03:30:30 INFO TaskSetManager: Finished task 11.0 in stage 39.0 (TID 383) in 131 ms on 172.18.0.7 (executor 0) (2/50)
[2025-12-16T03:30:30.898+0000] {subprocess.py:106} INFO - 25/12/16 03:30:30 INFO TaskSetManager: Finished task 7.0 in stage 39.0 (TID 379) in 133 ms on 172.18.0.7 (executor 0) (3/50)
[2025-12-16T03:30:30.899+0000] {subprocess.py:106} INFO - 25/12/16 03:30:30 INFO TaskSetManager: Starting task 16.0 in stage 39.0 (TID 388) (172.18.0.7, executor 0, partition 16, PROCESS_LOCAL, 7356 bytes)
[2025-12-16T03:30:30.901+0000] {subprocess.py:106} INFO - 25/12/16 03:30:30 INFO TaskSetManager: Starting task 17.0 in stage 39.0 (TID 389) (172.18.0.7, executor 0, partition 17, PROCESS_LOCAL, 7356 bytes)
[2025-12-16T03:30:30.903+0000] {subprocess.py:106} INFO - 25/12/16 03:30:30 INFO TaskSetManager: Starting task 18.0 in stage 39.0 (TID 390) (172.18.0.7, executor 0, partition 18, PROCESS_LOCAL, 7356 bytes)
[2025-12-16T03:30:30.905+0000] {subprocess.py:106} INFO - 25/12/16 03:30:30 INFO TaskSetManager: Finished task 10.0 in stage 39.0 (TID 382) in 137 ms on 172.18.0.7 (executor 0) (4/50)
[2025-12-16T03:30:30.906+0000] {subprocess.py:106} INFO - 25/12/16 03:30:30 INFO TaskSetManager: Finished task 5.0 in stage 39.0 (TID 377) in 138 ms on 172.18.0.7 (executor 0) (5/50)
[2025-12-16T03:30:30.907+0000] {subprocess.py:106} INFO - 25/12/16 03:30:30 INFO TaskSetManager: Starting task 20.0 in stage 39.0 (TID 391) (172.18.0.7, executor 0, partition 20, PROCESS_LOCAL, 7356 bytes)
[2025-12-16T03:30:30.908+0000] {subprocess.py:106} INFO - 25/12/16 03:30:30 INFO TaskSetManager: Starting task 21.0 in stage 39.0 (TID 392) (172.18.0.7, executor 0, partition 21, PROCESS_LOCAL, 7356 bytes)
[2025-12-16T03:30:30.908+0000] {subprocess.py:106} INFO - 25/12/16 03:30:30 INFO TaskSetManager: Starting task 22.0 in stage 39.0 (TID 393) (172.18.0.7, executor 0, partition 22, PROCESS_LOCAL, 7356 bytes)
[2025-12-16T03:30:30.912+0000] {subprocess.py:106} INFO - 25/12/16 03:30:30 INFO TaskSetManager: Starting task 23.0 in stage 39.0 (TID 394) (172.18.0.7, executor 0, partition 23, PROCESS_LOCAL, 7356 bytes)
[2025-12-16T03:30:30.913+0000] {subprocess.py:106} INFO - 25/12/16 03:30:30 INFO TaskSetManager: Finished task 9.0 in stage 39.0 (TID 381) in 146 ms on 172.18.0.7 (executor 0) (6/50)
[2025-12-16T03:30:30.915+0000] {subprocess.py:106} INFO - 25/12/16 03:30:30 INFO TaskSetManager: Finished task 4.0 in stage 39.0 (TID 376) in 149 ms on 172.18.0.7 (executor 0) (7/50)
[2025-12-16T03:30:30.916+0000] {subprocess.py:106} INFO - 25/12/16 03:30:30 INFO TaskSetManager: Starting task 24.0 in stage 39.0 (TID 395) (172.18.0.7, executor 0, partition 24, PROCESS_LOCAL, 7356 bytes)
[2025-12-16T03:30:30.917+0000] {subprocess.py:106} INFO - 25/12/16 03:30:30 INFO TaskSetManager: Finished task 8.0 in stage 39.0 (TID 380) in 151 ms on 172.18.0.7 (executor 0) (8/50)
[2025-12-16T03:30:30.918+0000] {subprocess.py:106} INFO - 25/12/16 03:30:30 INFO TaskSetManager: Finished task 12.0 in stage 39.0 (TID 384) in 151 ms on 172.18.0.7 (executor 0) (9/50)
[2025-12-16T03:30:30.918+0000] {subprocess.py:106} INFO - 25/12/16 03:30:30 INFO TaskSetManager: Finished task 19.0 in stage 39.0 (TID 370) in 156 ms on 172.18.0.7 (executor 0) (10/50)
[2025-12-16T03:30:30.932+0000] {subprocess.py:106} INFO - 25/12/16 03:30:30 INFO TaskSetManager: Starting task 25.0 in stage 39.0 (TID 396) (172.18.0.7, executor 0, partition 25, PROCESS_LOCAL, 7356 bytes)
[2025-12-16T03:30:30.934+0000] {subprocess.py:106} INFO - 25/12/16 03:30:30 INFO TaskSetManager: Starting task 26.0 in stage 39.0 (TID 397) (172.18.0.7, executor 0, partition 26, PROCESS_LOCAL, 7356 bytes)
[2025-12-16T03:30:30.939+0000] {subprocess.py:106} INFO - 25/12/16 03:30:30 INFO TaskSetManager: Starting task 27.0 in stage 39.0 (TID 398) (172.18.0.7, executor 0, partition 27, PROCESS_LOCAL, 7356 bytes)
[2025-12-16T03:30:30.940+0000] {subprocess.py:106} INFO - 25/12/16 03:30:30 INFO TaskSetManager: Finished task 6.0 in stage 39.0 (TID 378) in 172 ms on 172.18.0.7 (executor 0) (11/50)
[2025-12-16T03:30:30.942+0000] {subprocess.py:106} INFO - 25/12/16 03:30:30 INFO TaskSetManager: Finished task 3.0 in stage 39.0 (TID 375) in 173 ms on 172.18.0.7 (executor 0) (12/50)
[2025-12-16T03:30:30.944+0000] {subprocess.py:106} INFO - 25/12/16 03:30:30 INFO TaskSetManager: Finished task 2.0 in stage 39.0 (TID 374) in 173 ms on 172.18.0.7 (executor 0) (13/50)
[2025-12-16T03:30:30.946+0000] {subprocess.py:106} INFO - 25/12/16 03:30:30 INFO TaskSetManager: Starting task 28.0 in stage 39.0 (TID 399) (172.18.0.7, executor 0, partition 28, PROCESS_LOCAL, 7356 bytes)
[2025-12-16T03:30:30.951+0000] {subprocess.py:106} INFO - 25/12/16 03:30:30 INFO TaskSetManager: Finished task 0.0 in stage 39.0 (TID 372) in 183 ms on 172.18.0.7 (executor 0) (14/50)
[2025-12-16T03:30:30.954+0000] {subprocess.py:106} INFO - 25/12/16 03:30:30 INFO TaskSetManager: Starting task 29.0 in stage 39.0 (TID 400) (172.18.0.7, executor 0, partition 29, PROCESS_LOCAL, 7356 bytes)
[2025-12-16T03:30:30.955+0000] {subprocess.py:106} INFO - 25/12/16 03:30:30 INFO TaskSetManager: Finished task 13.0 in stage 39.0 (TID 385) in 191 ms on 172.18.0.7 (executor 0) (15/50)
[2025-12-16T03:30:30.957+0000] {subprocess.py:106} INFO - 25/12/16 03:30:30 INFO TaskSetManager: Starting task 30.0 in stage 39.0 (TID 401) (172.18.0.7, executor 0, partition 30, PROCESS_LOCAL, 7356 bytes)
[2025-12-16T03:30:30.958+0000] {subprocess.py:106} INFO - 25/12/16 03:30:30 INFO TaskSetManager: Finished task 42.0 in stage 39.0 (TID 371) in 198 ms on 172.18.0.7 (executor 0) (16/50)
[2025-12-16T03:30:30.992+0000] {subprocess.py:106} INFO - 25/12/16 03:30:30 INFO BlockManagerInfo: Added rdd_110_14 in memory on 172.18.0.7:36801 (size: 46.0 B, free: 434.1 MiB)
[2025-12-16T03:30:31.017+0000] {subprocess.py:106} INFO - 25/12/16 03:30:31 INFO BlockManagerInfo: Added rdd_110_18 in memory on 172.18.0.7:36801 (size: 46.0 B, free: 434.1 MiB)
[2025-12-16T03:30:31.031+0000] {subprocess.py:106} INFO - 25/12/16 03:30:31 INFO BlockManagerInfo: Added rdd_110_15 in memory on 172.18.0.7:36801 (size: 46.0 B, free: 434.1 MiB)
[2025-12-16T03:30:31.032+0000] {subprocess.py:106} INFO - 25/12/16 03:30:31 INFO BlockManagerInfo: Added rdd_110_16 in memory on 172.18.0.7:36801 (size: 46.0 B, free: 434.1 MiB)
[2025-12-16T03:30:31.035+0000] {subprocess.py:106} INFO - 25/12/16 03:30:31 INFO BlockManagerInfo: Added rdd_110_24 in memory on 172.18.0.7:36801 (size: 46.0 B, free: 434.1 MiB)
[2025-12-16T03:30:31.036+0000] {subprocess.py:106} INFO - 25/12/16 03:30:31 INFO BlockManagerInfo: Added rdd_110_23 in memory on 172.18.0.7:36801 (size: 46.0 B, free: 434.1 MiB)
[2025-12-16T03:30:31.037+0000] {subprocess.py:106} INFO - 25/12/16 03:30:31 INFO BlockManagerInfo: Added rdd_110_20 in memory on 172.18.0.7:36801 (size: 46.0 B, free: 434.1 MiB)
[2025-12-16T03:30:31.038+0000] {subprocess.py:106} INFO - 25/12/16 03:30:31 INFO BlockManagerInfo: Added rdd_110_17 in memory on 172.18.0.7:36801 (size: 46.0 B, free: 434.1 MiB)
[2025-12-16T03:30:31.046+0000] {subprocess.py:106} INFO - 25/12/16 03:30:31 INFO BlockManagerInfo: Added rdd_110_28 in memory on 172.18.0.7:36801 (size: 46.0 B, free: 434.1 MiB)
[2025-12-16T03:30:31.047+0000] {subprocess.py:106} INFO - 25/12/16 03:30:31 INFO TaskSetManager: Starting task 31.0 in stage 39.0 (TID 402) (172.18.0.7, executor 0, partition 31, PROCESS_LOCAL, 7356 bytes)
[2025-12-16T03:30:31.049+0000] {subprocess.py:106} INFO - 25/12/16 03:30:31 INFO BlockManagerInfo: Added rdd_110_21 in memory on 172.18.0.7:36801 (size: 46.0 B, free: 434.1 MiB)
[2025-12-16T03:30:31.058+0000] {subprocess.py:106} INFO - 25/12/16 03:30:31 INFO TaskSetManager: Finished task 14.0 in stage 39.0 (TID 386) in 168 ms on 172.18.0.7 (executor 0) (17/50)
[2025-12-16T03:30:31.061+0000] {subprocess.py:106} INFO - 25/12/16 03:30:31 INFO BlockManagerInfo: Added rdd_110_29 in memory on 172.18.0.7:36801 (size: 46.0 B, free: 434.1 MiB)
[2025-12-16T03:30:31.063+0000] {subprocess.py:106} INFO - 25/12/16 03:30:31 INFO TaskSetManager: Starting task 32.0 in stage 39.0 (TID 403) (172.18.0.7, executor 0, partition 32, PROCESS_LOCAL, 7356 bytes)
[2025-12-16T03:30:31.064+0000] {subprocess.py:106} INFO - 25/12/16 03:30:31 INFO TaskSetManager: Finished task 18.0 in stage 39.0 (TID 390) in 158 ms on 172.18.0.7 (executor 0) (18/50)
[2025-12-16T03:30:31.065+0000] {subprocess.py:106} INFO - 25/12/16 03:30:31 INFO BlockManagerInfo: Added rdd_110_25 in memory on 172.18.0.7:36801 (size: 46.0 B, free: 434.1 MiB)
[2025-12-16T03:30:31.067+0000] {subprocess.py:106} INFO - 25/12/16 03:30:31 INFO TaskSetManager: Starting task 33.0 in stage 39.0 (TID 404) (172.18.0.7, executor 0, partition 33, PROCESS_LOCAL, 7356 bytes)
[2025-12-16T03:30:31.069+0000] {subprocess.py:106} INFO - 25/12/16 03:30:31 INFO TaskSetManager: Starting task 34.0 in stage 39.0 (TID 405) (172.18.0.7, executor 0, partition 34, PROCESS_LOCAL, 7356 bytes)
[2025-12-16T03:30:31.071+0000] {subprocess.py:106} INFO - 25/12/16 03:30:31 INFO TaskSetManager: Finished task 17.0 in stage 39.0 (TID 389) in 171 ms on 172.18.0.7 (executor 0) (19/50)
[2025-12-16T03:30:31.072+0000] {subprocess.py:106} INFO - 25/12/16 03:30:31 INFO TaskSetManager: Finished task 24.0 in stage 39.0 (TID 395) in 157 ms on 172.18.0.7 (executor 0) (20/50)
[2025-12-16T03:30:31.073+0000] {subprocess.py:106} INFO - 25/12/16 03:30:31 INFO TaskSetManager: Starting task 35.0 in stage 39.0 (TID 406) (172.18.0.7, executor 0, partition 35, PROCESS_LOCAL, 7356 bytes)
[2025-12-16T03:30:31.074+0000] {subprocess.py:106} INFO - 25/12/16 03:30:31 INFO TaskSetManager: Finished task 23.0 in stage 39.0 (TID 394) in 164 ms on 172.18.0.7 (executor 0) (21/50)
[2025-12-16T03:30:31.075+0000] {subprocess.py:106} INFO - 25/12/16 03:30:31 INFO TaskSetManager: Starting task 36.0 in stage 39.0 (TID 407) (172.18.0.7, executor 0, partition 36, PROCESS_LOCAL, 7356 bytes)
[2025-12-16T03:30:31.076+0000] {subprocess.py:106} INFO - 25/12/16 03:30:31 INFO TaskSetManager: Finished task 15.0 in stage 39.0 (TID 387) in 182 ms on 172.18.0.7 (executor 0) (22/50)
[2025-12-16T03:30:31.077+0000] {subprocess.py:106} INFO - 25/12/16 03:30:31 INFO BlockManagerInfo: Added rdd_110_27 in memory on 172.18.0.7:36801 (size: 46.0 B, free: 434.1 MiB)
[2025-12-16T03:30:31.079+0000] {subprocess.py:106} INFO - 25/12/16 03:30:31 INFO TaskSetManager: Starting task 37.0 in stage 39.0 (TID 408) (172.18.0.7, executor 0, partition 37, PROCESS_LOCAL, 7356 bytes)
[2025-12-16T03:30:31.080+0000] {subprocess.py:106} INFO - 25/12/16 03:30:31 INFO TaskSetManager: Finished task 16.0 in stage 39.0 (TID 388) in 179 ms on 172.18.0.7 (executor 0) (23/50)
[2025-12-16T03:30:31.081+0000] {subprocess.py:106} INFO - 25/12/16 03:30:31 INFO BlockManagerInfo: Added rdd_110_22 in memory on 172.18.0.7:36801 (size: 46.0 B, free: 434.1 MiB)
[2025-12-16T03:30:31.081+0000] {subprocess.py:106} INFO - 25/12/16 03:30:31 INFO BlockManagerInfo: Added rdd_110_26 in memory on 172.18.0.7:36801 (size: 46.0 B, free: 434.1 MiB)
[2025-12-16T03:30:31.087+0000] {subprocess.py:106} INFO - 25/12/16 03:30:31 INFO TaskSetManager: Starting task 38.0 in stage 39.0 (TID 409) (172.18.0.7, executor 0, partition 38, PROCESS_LOCAL, 7356 bytes)
[2025-12-16T03:30:31.088+0000] {subprocess.py:106} INFO - 25/12/16 03:30:31 INFO TaskSetManager: Finished task 20.0 in stage 39.0 (TID 391) in 181 ms on 172.18.0.7 (executor 0) (24/50)
[2025-12-16T03:30:31.104+0000] {subprocess.py:106} INFO - 25/12/16 03:30:31 INFO BlockManagerInfo: Added rdd_110_30 in memory on 172.18.0.7:36801 (size: 46.0 B, free: 434.1 MiB)
[2025-12-16T03:30:31.115+0000] {subprocess.py:106} INFO - 25/12/16 03:30:31 INFO TaskSetManager: Starting task 39.0 in stage 39.0 (TID 410) (172.18.0.7, executor 0, partition 39, PROCESS_LOCAL, 7356 bytes)
[2025-12-16T03:30:31.118+0000] {subprocess.py:106} INFO - 25/12/16 03:30:31 INFO TaskSetManager: Starting task 40.0 in stage 39.0 (TID 411) (172.18.0.7, executor 0, partition 40, PROCESS_LOCAL, 7356 bytes)
[2025-12-16T03:30:31.120+0000] {subprocess.py:106} INFO - 25/12/16 03:30:31 INFO TaskSetManager: Starting task 41.0 in stage 39.0 (TID 412) (172.18.0.7, executor 0, partition 41, PROCESS_LOCAL, 7356 bytes)
[2025-12-16T03:30:31.121+0000] {subprocess.py:106} INFO - 25/12/16 03:30:31 INFO TaskSetManager: Starting task 43.0 in stage 39.0 (TID 413) (172.18.0.7, executor 0, partition 43, PROCESS_LOCAL, 7356 bytes)
[2025-12-16T03:30:31.122+0000] {subprocess.py:106} INFO - 25/12/16 03:30:31 INFO TaskSetManager: Finished task 28.0 in stage 39.0 (TID 399) in 173 ms on 172.18.0.7 (executor 0) (25/50)
[2025-12-16T03:30:31.123+0000] {subprocess.py:106} INFO - 25/12/16 03:30:31 INFO TaskSetManager: Finished task 29.0 in stage 39.0 (TID 400) in 163 ms on 172.18.0.7 (executor 0) (26/50)
[2025-12-16T03:30:31.124+0000] {subprocess.py:106} INFO - 25/12/16 03:30:31 INFO TaskSetManager: Finished task 25.0 in stage 39.0 (TID 396) in 188 ms on 172.18.0.7 (executor 0) (27/50)
[2025-12-16T03:30:31.131+0000] {subprocess.py:106} INFO - 25/12/16 03:30:31 INFO TaskSetManager: Finished task 21.0 in stage 39.0 (TID 392) in 215 ms on 172.18.0.7 (executor 0) (28/50)
[2025-12-16T03:30:31.135+0000] {subprocess.py:106} INFO - 25/12/16 03:30:31 INFO TaskSetManager: Starting task 44.0 in stage 39.0 (TID 414) (172.18.0.7, executor 0, partition 44, PROCESS_LOCAL, 7356 bytes)
[2025-12-16T03:30:31.139+0000] {subprocess.py:106} INFO - 25/12/16 03:30:31 INFO TaskSetManager: Starting task 45.0 in stage 39.0 (TID 415) (172.18.0.7, executor 0, partition 45, PROCESS_LOCAL, 7356 bytes)
[2025-12-16T03:30:31.140+0000] {subprocess.py:106} INFO - 25/12/16 03:30:31 INFO TaskSetManager: Finished task 27.0 in stage 39.0 (TID 398) in 188 ms on 172.18.0.7 (executor 0) (29/50)
[2025-12-16T03:30:31.142+0000] {subprocess.py:106} INFO - 25/12/16 03:30:31 INFO TaskSetManager: Finished task 26.0 in stage 39.0 (TID 397) in 190 ms on 172.18.0.7 (executor 0) (30/50)
[2025-12-16T03:30:31.143+0000] {subprocess.py:106} INFO - 25/12/16 03:30:31 INFO TaskSetManager: Starting task 46.0 in stage 39.0 (TID 416) (172.18.0.7, executor 0, partition 46, PROCESS_LOCAL, 7356 bytes)
[2025-12-16T03:30:31.144+0000] {subprocess.py:106} INFO - 25/12/16 03:30:31 INFO TaskSetManager: Finished task 22.0 in stage 39.0 (TID 393) in 219 ms on 172.18.0.7 (executor 0) (31/50)
[2025-12-16T03:30:31.145+0000] {subprocess.py:106} INFO - 25/12/16 03:30:31 INFO BlockManagerInfo: Added rdd_110_31 in memory on 172.18.0.7:36801 (size: 46.0 B, free: 434.1 MiB)
[2025-12-16T03:30:31.159+0000] {subprocess.py:106} INFO - 25/12/16 03:30:31 INFO BlockManagerInfo: Added rdd_110_32 in memory on 172.18.0.7:36801 (size: 46.0 B, free: 434.1 MiB)
[2025-12-16T03:30:31.160+0000] {subprocess.py:106} INFO - 25/12/16 03:30:31 INFO TaskSetManager: Starting task 47.0 in stage 39.0 (TID 417) (172.18.0.7, executor 0, partition 47, PROCESS_LOCAL, 7356 bytes)
[2025-12-16T03:30:31.163+0000] {subprocess.py:106} INFO - 25/12/16 03:30:31 INFO BlockManagerInfo: Added rdd_110_33 in memory on 172.18.0.7:36801 (size: 46.0 B, free: 434.1 MiB)
[2025-12-16T03:30:31.164+0000] {subprocess.py:106} INFO - 25/12/16 03:30:31 INFO TaskSetManager: Finished task 30.0 in stage 39.0 (TID 401) in 197 ms on 172.18.0.7 (executor 0) (32/50)
[2025-12-16T03:30:31.167+0000] {subprocess.py:106} INFO - 25/12/16 03:30:31 INFO BlockManagerInfo: Added rdd_110_34 in memory on 172.18.0.7:36801 (size: 46.0 B, free: 434.1 MiB)
[2025-12-16T03:30:31.170+0000] {subprocess.py:106} INFO - 25/12/16 03:30:31 INFO BlockManagerInfo: Added rdd_110_37 in memory on 172.18.0.7:36801 (size: 46.0 B, free: 434.1 MiB)
[2025-12-16T03:30:31.173+0000] {subprocess.py:106} INFO - 25/12/16 03:30:31 INFO BlockManagerInfo: Added rdd_110_38 in memory on 172.18.0.7:36801 (size: 46.0 B, free: 434.1 MiB)
[2025-12-16T03:30:31.174+0000] {subprocess.py:106} INFO - 25/12/16 03:30:31 INFO TaskSetManager: Finished task 31.0 in stage 39.0 (TID 402) in 128 ms on 172.18.0.7 (executor 0) (33/50)
[2025-12-16T03:30:31.175+0000] {subprocess.py:106} INFO - 25/12/16 03:30:31 INFO BlockManagerInfo: Added rdd_110_36 in memory on 172.18.0.7:36801 (size: 46.0 B, free: 434.1 MiB)
[2025-12-16T03:30:31.176+0000] {subprocess.py:106} INFO - 25/12/16 03:30:31 INFO TaskSetManager: Starting task 48.0 in stage 39.0 (TID 418) (172.18.0.7, executor 0, partition 48, PROCESS_LOCAL, 7356 bytes)
[2025-12-16T03:30:31.193+0000] {subprocess.py:106} INFO - 25/12/16 03:30:31 INFO BlockManagerInfo: Added rdd_110_43 in memory on 172.18.0.7:36801 (size: 46.0 B, free: 434.1 MiB)
[2025-12-16T03:30:31.204+0000] {subprocess.py:106} INFO - 25/12/16 03:30:31 INFO TaskSetManager: Starting task 49.0 in stage 39.0 (TID 419) (172.18.0.7, executor 0, partition 49, PROCESS_LOCAL, 7356 bytes)
[2025-12-16T03:30:31.219+0000] {subprocess.py:106} INFO - 25/12/16 03:30:31 INFO TaskSetManager: Finished task 32.0 in stage 39.0 (TID 403) in 160 ms on 172.18.0.7 (executor 0) (34/50)
[2025-12-16T03:30:31.221+0000] {subprocess.py:106} INFO - 25/12/16 03:30:31 INFO BlockManagerInfo: Added rdd_110_39 in memory on 172.18.0.7:36801 (size: 46.0 B, free: 434.1 MiB)
[2025-12-16T03:30:31.226+0000] {subprocess.py:106} INFO - 25/12/16 03:30:31 INFO TaskSetManager: Finished task 33.0 in stage 39.0 (TID 404) in 151 ms on 172.18.0.7 (executor 0) (35/50)
[2025-12-16T03:30:31.228+0000] {subprocess.py:106} INFO - 25/12/16 03:30:31 INFO BlockManagerInfo: Added rdd_110_35 in memory on 172.18.0.7:36801 (size: 46.0 B, free: 434.1 MiB)
[2025-12-16T03:30:31.229+0000] {subprocess.py:106} INFO - 25/12/16 03:30:31 INFO BlockManagerInfo: Added rdd_110_46 in memory on 172.18.0.7:36801 (size: 46.0 B, free: 434.1 MiB)
[2025-12-16T03:30:31.231+0000] {subprocess.py:106} INFO - 25/12/16 03:30:31 INFO BlockManagerInfo: Added rdd_110_41 in memory on 172.18.0.7:36801 (size: 46.0 B, free: 434.1 MiB)
[2025-12-16T03:30:31.232+0000] {subprocess.py:106} INFO - 25/12/16 03:30:31 INFO TaskSetManager: Finished task 37.0 in stage 39.0 (TID 408) in 148 ms on 172.18.0.7 (executor 0) (36/50)
[2025-12-16T03:30:31.233+0000] {subprocess.py:106} INFO - 25/12/16 03:30:31 INFO TaskSetManager: Finished task 34.0 in stage 39.0 (TID 405) in 157 ms on 172.18.0.7 (executor 0) (37/50)
[2025-12-16T03:30:31.234+0000] {subprocess.py:106} INFO - 25/12/16 03:30:31 INFO TaskSetManager: Finished task 38.0 in stage 39.0 (TID 409) in 145 ms on 172.18.0.7 (executor 0) (38/50)
[2025-12-16T03:30:31.234+0000] {subprocess.py:106} INFO - 25/12/16 03:30:31 INFO BlockManagerInfo: Added rdd_110_40 in memory on 172.18.0.7:36801 (size: 46.0 B, free: 434.1 MiB)
[2025-12-16T03:30:31.235+0000] {subprocess.py:106} INFO - 25/12/16 03:30:31 INFO TaskSetManager: Finished task 36.0 in stage 39.0 (TID 407) in 158 ms on 172.18.0.7 (executor 0) (39/50)
[2025-12-16T03:30:31.237+0000] {subprocess.py:106} INFO - 25/12/16 03:30:31 INFO BlockManagerInfo: Added rdd_110_45 in memory on 172.18.0.7:36801 (size: 46.0 B, free: 434.1 MiB)
[2025-12-16T03:30:31.238+0000] {subprocess.py:106} INFO - 25/12/16 03:30:31 INFO TaskSetManager: Finished task 43.0 in stage 39.0 (TID 413) in 125 ms on 172.18.0.7 (executor 0) (40/50)
[2025-12-16T03:30:31.241+0000] {subprocess.py:106} INFO - 25/12/16 03:30:31 INFO BlockManagerInfo: Added rdd_110_44 in memory on 172.18.0.7:36801 (size: 46.0 B, free: 434.1 MiB)
[2025-12-16T03:30:31.251+0000] {subprocess.py:106} INFO - 25/12/16 03:30:31 INFO TaskSetManager: Finished task 46.0 in stage 39.0 (TID 416) in 127 ms on 172.18.0.7 (executor 0) (41/50)
[2025-12-16T03:30:31.252+0000] {subprocess.py:106} INFO - 25/12/16 03:30:31 INFO BlockManagerInfo: Added rdd_110_47 in memory on 172.18.0.7:36801 (size: 46.0 B, free: 434.1 MiB)
[2025-12-16T03:30:31.262+0000] {subprocess.py:106} INFO - 25/12/16 03:30:31 INFO TaskSetManager: Finished task 41.0 in stage 39.0 (TID 412) in 150 ms on 172.18.0.7 (executor 0) (42/50)
[2025-12-16T03:30:31.263+0000] {subprocess.py:106} INFO - 25/12/16 03:30:31 INFO TaskSetManager: Finished task 39.0 in stage 39.0 (TID 410) in 153 ms on 172.18.0.7 (executor 0) (43/50)
[2025-12-16T03:30:31.264+0000] {subprocess.py:106} INFO - 25/12/16 03:30:31 INFO TaskSetManager: Finished task 40.0 in stage 39.0 (TID 411) in 152 ms on 172.18.0.7 (executor 0) (44/50)
[2025-12-16T03:30:31.284+0000] {subprocess.py:106} INFO - 25/12/16 03:30:31 INFO TaskSetManager: Finished task 35.0 in stage 39.0 (TID 406) in 214 ms on 172.18.0.7 (executor 0) (45/50)
[2025-12-16T03:30:31.286+0000] {subprocess.py:106} INFO - 25/12/16 03:30:31 INFO BlockManagerInfo: Added rdd_110_48 in memory on 172.18.0.7:36801 (size: 46.0 B, free: 434.1 MiB)
[2025-12-16T03:30:31.288+0000] {subprocess.py:106} INFO - 25/12/16 03:30:31 INFO TaskSetManager: Finished task 44.0 in stage 39.0 (TID 414) in 170 ms on 172.18.0.7 (executor 0) (46/50)
[2025-12-16T03:30:31.290+0000] {subprocess.py:106} INFO - 25/12/16 03:30:31 INFO TaskSetManager: Finished task 47.0 in stage 39.0 (TID 417) in 135 ms on 172.18.0.7 (executor 0) (47/50)
[2025-12-16T03:30:31.293+0000] {subprocess.py:106} INFO - 25/12/16 03:30:31 INFO TaskSetManager: Finished task 45.0 in stage 39.0 (TID 415) in 173 ms on 172.18.0.7 (executor 0) (48/50)
[2025-12-16T03:30:31.295+0000] {subprocess.py:106} INFO - 25/12/16 03:30:31 INFO BlockManagerInfo: Added rdd_110_49 in memory on 172.18.0.7:36801 (size: 46.0 B, free: 434.1 MiB)
[2025-12-16T03:30:31.309+0000] {subprocess.py:106} INFO - 25/12/16 03:30:31 INFO TaskSetManager: Finished task 48.0 in stage 39.0 (TID 418) in 136 ms on 172.18.0.7 (executor 0) (49/50)
[2025-12-16T03:30:31.316+0000] {subprocess.py:106} INFO - 25/12/16 03:30:31 INFO TaskSetManager: Finished task 49.0 in stage 39.0 (TID 419) in 113 ms on 172.18.0.7 (executor 0) (50/50)
[2025-12-16T03:30:31.317+0000] {subprocess.py:106} INFO - 25/12/16 03:30:31 INFO TaskSchedulerImpl: Removed TaskSet 39.0, whose tasks have all completed, from pool
[2025-12-16T03:30:31.318+0000] {subprocess.py:106} INFO - 25/12/16 03:30:31 INFO DAGScheduler: ShuffleMapStage 39 ($anonfun$recordDeltaOperationInternal$1 at DatabricksLogging.scala:128) finished in 0.574 s
[2025-12-16T03:30:31.318+0000] {subprocess.py:106} INFO - 25/12/16 03:30:31 INFO DAGScheduler: looking for newly runnable stages
[2025-12-16T03:30:31.319+0000] {subprocess.py:106} INFO - 25/12/16 03:30:31 INFO DAGScheduler: running: Set()
[2025-12-16T03:30:31.319+0000] {subprocess.py:106} INFO - 25/12/16 03:30:31 INFO DAGScheduler: waiting: Set()
[2025-12-16T03:30:31.320+0000] {subprocess.py:106} INFO - 25/12/16 03:30:31 INFO DAGScheduler: failed: Set()
[2025-12-16T03:30:31.346+0000] {subprocess.py:106} INFO - 25/12/16 03:30:31 INFO SparkContext: Starting job: $anonfun$recordDeltaOperationInternal$1 at DatabricksLogging.scala:128
[2025-12-16T03:30:31.348+0000] {subprocess.py:106} INFO - 25/12/16 03:30:31 INFO DAGScheduler: Got job 24 ($anonfun$recordDeltaOperationInternal$1 at DatabricksLogging.scala:128) with 1 output partitions
[2025-12-16T03:30:31.351+0000] {subprocess.py:106} INFO - 25/12/16 03:30:31 INFO DAGScheduler: Final stage: ResultStage 42 ($anonfun$recordDeltaOperationInternal$1 at DatabricksLogging.scala:128)
[2025-12-16T03:30:31.351+0000] {subprocess.py:106} INFO - 25/12/16 03:30:31 INFO DAGScheduler: Parents of final stage: List(ShuffleMapStage 41)
[2025-12-16T03:30:31.352+0000] {subprocess.py:106} INFO - 25/12/16 03:30:31 INFO DAGScheduler: Missing parents: List()
[2025-12-16T03:30:31.353+0000] {subprocess.py:106} INFO - 25/12/16 03:30:31 INFO DAGScheduler: Submitting ResultStage 42 (MapPartitionsRDD[116] at $anonfun$recordDeltaOperationInternal$1 at DatabricksLogging.scala:128), which has no missing parents
[2025-12-16T03:30:31.355+0000] {subprocess.py:106} INFO - 25/12/16 03:30:31 INFO MemoryStore: Block broadcast_41 stored as values in memory (estimated size 452.4 KiB, free 431.1 MiB)
[2025-12-16T03:30:31.357+0000] {subprocess.py:106} INFO - 25/12/16 03:30:31 INFO MemoryStore: Block broadcast_41_piece0 stored as bytes in memory (estimated size 108.1 KiB, free 431.0 MiB)
[2025-12-16T03:30:31.358+0000] {subprocess.py:106} INFO - 25/12/16 03:30:31 INFO BlockManagerInfo: Added broadcast_41_piece0 in memory on 3ad9a82189be:39783 (size: 108.1 KiB, free: 433.9 MiB)
[2025-12-16T03:30:31.358+0000] {subprocess.py:106} INFO - 25/12/16 03:30:31 INFO SparkContext: Created broadcast 41 from broadcast at DAGScheduler.scala:1535
[2025-12-16T03:30:31.359+0000] {subprocess.py:106} INFO - 25/12/16 03:30:31 INFO DAGScheduler: Submitting 1 missing tasks from ResultStage 42 (MapPartitionsRDD[116] at $anonfun$recordDeltaOperationInternal$1 at DatabricksLogging.scala:128) (first 15 tasks are for partitions Vector(0))
[2025-12-16T03:30:31.360+0000] {subprocess.py:106} INFO - 25/12/16 03:30:31 INFO TaskSchedulerImpl: Adding task set 42.0 with 1 tasks resource profile 0
[2025-12-16T03:30:31.360+0000] {subprocess.py:106} INFO - 25/12/16 03:30:31 INFO TaskSetManager: Starting task 0.0 in stage 42.0 (TID 420) (172.18.0.7, executor 0, partition 0, NODE_LOCAL, 7367 bytes)
[2025-12-16T03:30:31.371+0000] {subprocess.py:106} INFO - 25/12/16 03:30:31 INFO BlockManagerInfo: Added broadcast_41_piece0 in memory on 172.18.0.7:36801 (size: 108.1 KiB, free: 434.0 MiB)
[2025-12-16T03:30:31.381+0000] {subprocess.py:106} INFO - 25/12/16 03:30:31 INFO MapOutputTrackerMasterEndpoint: Asked to send map output locations for shuffle 9 to 172.18.0.7:43148
[2025-12-16T03:30:31.405+0000] {subprocess.py:106} INFO - 25/12/16 03:30:31 INFO TaskSetManager: Finished task 0.0 in stage 42.0 (TID 420) in 45 ms on 172.18.0.7 (executor 0) (1/1)
[2025-12-16T03:30:31.406+0000] {subprocess.py:106} INFO - 25/12/16 03:30:31 INFO TaskSchedulerImpl: Removed TaskSet 42.0, whose tasks have all completed, from pool
[2025-12-16T03:30:31.406+0000] {subprocess.py:106} INFO - 25/12/16 03:30:31 INFO DAGScheduler: ResultStage 42 ($anonfun$recordDeltaOperationInternal$1 at DatabricksLogging.scala:128) finished in 0.056 s
[2025-12-16T03:30:31.407+0000] {subprocess.py:106} INFO - 25/12/16 03:30:31 INFO DAGScheduler: Job 24 is finished. Cancelling potential speculative or zombie tasks for this job
[2025-12-16T03:30:31.407+0000] {subprocess.py:106} INFO - 25/12/16 03:30:31 INFO TaskSchedulerImpl: Killing all running tasks in stage 42: Stage finished
[2025-12-16T03:30:31.408+0000] {subprocess.py:106} INFO - 25/12/16 03:30:31 INFO DAGScheduler: Job 24 finished: $anonfun$recordDeltaOperationInternal$1 at DatabricksLogging.scala:128, took 0.059816 s
[2025-12-16T03:30:31.415+0000] {subprocess.py:106} INFO - 25/12/16 03:30:31 INFO Snapshot: [tableId=16e4fe15-0e59-48b6-867e-459a77d1dfd5] DELTA: Done
[2025-12-16T03:30:31.512+0000] {subprocess.py:106} INFO - 25/12/16 03:30:31 INFO BlockManagerInfo: Removed broadcast_41_piece0 on 3ad9a82189be:39783 in memory (size: 108.1 KiB, free: 434.0 MiB)
[2025-12-16T03:30:31.514+0000] {subprocess.py:106} INFO - 25/12/16 03:30:31 INFO BlockManagerInfo: Removed broadcast_41_piece0 on 172.18.0.7:36801 in memory (size: 108.1 KiB, free: 434.1 MiB)
[2025-12-16T03:30:31.519+0000] {subprocess.py:106} INFO - 25/12/16 03:30:31 INFO BlockManagerInfo: Removed broadcast_40_piece0 on 3ad9a82189be:39783 in memory (size: 123.3 KiB, free: 434.1 MiB)
[2025-12-16T03:30:31.520+0000] {subprocess.py:106} INFO - 25/12/16 03:30:31 INFO BlockManagerInfo: Removed broadcast_40_piece0 on 172.18.0.7:36801 in memory (size: 123.3 KiB, free: 434.2 MiB)
[2025-12-16T03:30:31.528+0000] {subprocess.py:106} INFO - 25/12/16 03:30:31 INFO SparkContext: Starting job: $anonfun$recordDeltaOperationInternal$1 at DatabricksLogging.scala:128
[2025-12-16T03:30:31.529+0000] {subprocess.py:106} INFO - 25/12/16 03:30:31 INFO DAGScheduler: Got job 25 ($anonfun$recordDeltaOperationInternal$1 at DatabricksLogging.scala:128) with 50 output partitions
[2025-12-16T03:30:31.530+0000] {subprocess.py:106} INFO - 25/12/16 03:30:31 INFO DAGScheduler: Final stage: ResultStage 44 ($anonfun$recordDeltaOperationInternal$1 at DatabricksLogging.scala:128)
[2025-12-16T03:30:31.531+0000] {subprocess.py:106} INFO - 25/12/16 03:30:31 INFO DAGScheduler: Parents of final stage: List(ShuffleMapStage 43)
[2025-12-16T03:30:31.531+0000] {subprocess.py:106} INFO - 25/12/16 03:30:31 INFO DAGScheduler: Missing parents: List()
[2025-12-16T03:30:31.532+0000] {subprocess.py:106} INFO - 25/12/16 03:30:31 INFO DAGScheduler: Submitting ResultStage 44 (MapPartitionsRDD[118] at $anonfun$recordDeltaOperationInternal$1 at DatabricksLogging.scala:128), which has no missing parents
[2025-12-16T03:30:31.536+0000] {subprocess.py:106} INFO - 25/12/16 03:30:31 INFO MemoryStore: Block broadcast_42 stored as values in memory (estimated size 592.2 KiB, free 431.6 MiB)
[2025-12-16T03:30:31.538+0000] {subprocess.py:106} INFO - 25/12/16 03:30:31 INFO MemoryStore: Block broadcast_42_piece0 stored as bytes in memory (estimated size 138.5 KiB, free 431.5 MiB)
[2025-12-16T03:30:31.539+0000] {subprocess.py:106} INFO - 25/12/16 03:30:31 INFO BlockManagerInfo: Added broadcast_42_piece0 in memory on 3ad9a82189be:39783 (size: 138.5 KiB, free: 433.9 MiB)
[2025-12-16T03:30:31.539+0000] {subprocess.py:106} INFO - 25/12/16 03:30:31 INFO SparkContext: Created broadcast 42 from broadcast at DAGScheduler.scala:1535
[2025-12-16T03:30:31.540+0000] {subprocess.py:106} INFO - 25/12/16 03:30:31 INFO DAGScheduler: Submitting 50 missing tasks from ResultStage 44 (MapPartitionsRDD[118] at $anonfun$recordDeltaOperationInternal$1 at DatabricksLogging.scala:128) (first 15 tasks are for partitions Vector(0, 1, 2, 3, 4, 5, 6, 7, 8, 9, 10, 11, 12, 13, 14))
[2025-12-16T03:30:31.540+0000] {subprocess.py:106} INFO - 25/12/16 03:30:31 INFO TaskSchedulerImpl: Adding task set 44.0 with 50 tasks resource profile 0
[2025-12-16T03:30:31.541+0000] {subprocess.py:106} INFO - 25/12/16 03:30:31 INFO TaskSetManager: Starting task 0.0 in stage 44.0 (TID 421) (172.18.0.7, executor 0, partition 0, PROCESS_LOCAL, 7367 bytes)
[2025-12-16T03:30:31.542+0000] {subprocess.py:106} INFO - 25/12/16 03:30:31 INFO TaskSetManager: Starting task 1.0 in stage 44.0 (TID 422) (172.18.0.7, executor 0, partition 1, PROCESS_LOCAL, 7367 bytes)
[2025-12-16T03:30:31.542+0000] {subprocess.py:106} INFO - 25/12/16 03:30:31 INFO TaskSetManager: Starting task 2.0 in stage 44.0 (TID 423) (172.18.0.7, executor 0, partition 2, PROCESS_LOCAL, 7367 bytes)
[2025-12-16T03:30:31.543+0000] {subprocess.py:106} INFO - 25/12/16 03:30:31 INFO TaskSetManager: Starting task 3.0 in stage 44.0 (TID 424) (172.18.0.7, executor 0, partition 3, PROCESS_LOCAL, 7367 bytes)
[2025-12-16T03:30:31.543+0000] {subprocess.py:106} INFO - 25/12/16 03:30:31 INFO TaskSetManager: Starting task 4.0 in stage 44.0 (TID 425) (172.18.0.7, executor 0, partition 4, PROCESS_LOCAL, 7367 bytes)
[2025-12-16T03:30:31.544+0000] {subprocess.py:106} INFO - 25/12/16 03:30:31 INFO TaskSetManager: Starting task 5.0 in stage 44.0 (TID 426) (172.18.0.7, executor 0, partition 5, PROCESS_LOCAL, 7367 bytes)
[2025-12-16T03:30:31.545+0000] {subprocess.py:106} INFO - 25/12/16 03:30:31 INFO TaskSetManager: Starting task 6.0 in stage 44.0 (TID 427) (172.18.0.7, executor 0, partition 6, PROCESS_LOCAL, 7367 bytes)
[2025-12-16T03:30:31.545+0000] {subprocess.py:106} INFO - 25/12/16 03:30:31 INFO TaskSetManager: Starting task 7.0 in stage 44.0 (TID 428) (172.18.0.7, executor 0, partition 7, PROCESS_LOCAL, 7367 bytes)
[2025-12-16T03:30:31.546+0000] {subprocess.py:106} INFO - 25/12/16 03:30:31 INFO TaskSetManager: Starting task 8.0 in stage 44.0 (TID 429) (172.18.0.7, executor 0, partition 8, PROCESS_LOCAL, 7367 bytes)
[2025-12-16T03:30:31.546+0000] {subprocess.py:106} INFO - 25/12/16 03:30:31 INFO TaskSetManager: Starting task 9.0 in stage 44.0 (TID 430) (172.18.0.7, executor 0, partition 9, PROCESS_LOCAL, 7367 bytes)
[2025-12-16T03:30:31.547+0000] {subprocess.py:106} INFO - 25/12/16 03:30:31 INFO TaskSetManager: Starting task 10.0 in stage 44.0 (TID 431) (172.18.0.7, executor 0, partition 10, PROCESS_LOCAL, 7367 bytes)
[2025-12-16T03:30:31.547+0000] {subprocess.py:106} INFO - 25/12/16 03:30:31 INFO TaskSetManager: Starting task 11.0 in stage 44.0 (TID 432) (172.18.0.7, executor 0, partition 11, PROCESS_LOCAL, 7367 bytes)
[2025-12-16T03:30:31.548+0000] {subprocess.py:106} INFO - 25/12/16 03:30:31 INFO TaskSetManager: Starting task 12.0 in stage 44.0 (TID 433) (172.18.0.7, executor 0, partition 12, PROCESS_LOCAL, 7367 bytes)
[2025-12-16T03:30:31.548+0000] {subprocess.py:106} INFO - 25/12/16 03:30:31 INFO TaskSetManager: Starting task 13.0 in stage 44.0 (TID 434) (172.18.0.7, executor 0, partition 13, PROCESS_LOCAL, 7367 bytes)
[2025-12-16T03:30:31.549+0000] {subprocess.py:106} INFO - 25/12/16 03:30:31 INFO TaskSetManager: Starting task 14.0 in stage 44.0 (TID 435) (172.18.0.7, executor 0, partition 14, PROCESS_LOCAL, 7367 bytes)
[2025-12-16T03:30:31.549+0000] {subprocess.py:106} INFO - 25/12/16 03:30:31 INFO TaskSetManager: Starting task 15.0 in stage 44.0 (TID 436) (172.18.0.7, executor 0, partition 15, PROCESS_LOCAL, 7367 bytes)
[2025-12-16T03:30:31.558+0000] {subprocess.py:106} INFO - 25/12/16 03:30:31 INFO BlockManagerInfo: Added broadcast_42_piece0 in memory on 172.18.0.7:36801 (size: 138.5 KiB, free: 434.1 MiB)
[2025-12-16T03:30:31.586+0000] {subprocess.py:106} INFO - 25/12/16 03:30:31 INFO TaskSetManager: Starting task 16.0 in stage 44.0 (TID 437) (172.18.0.7, executor 0, partition 16, PROCESS_LOCAL, 7367 bytes)
[2025-12-16T03:30:31.588+0000] {subprocess.py:106} INFO - 25/12/16 03:30:31 INFO TaskSetManager: Starting task 17.0 in stage 44.0 (TID 438) (172.18.0.7, executor 0, partition 17, PROCESS_LOCAL, 7367 bytes)
[2025-12-16T03:30:31.589+0000] {subprocess.py:106} INFO - 25/12/16 03:30:31 INFO TaskSetManager: Finished task 11.0 in stage 44.0 (TID 432) in 44 ms on 172.18.0.7 (executor 0) (1/50)
[2025-12-16T03:30:31.595+0000] {subprocess.py:106} INFO - 25/12/16 03:30:31 INFO TaskSetManager: Starting task 18.0 in stage 44.0 (TID 439) (172.18.0.7, executor 0, partition 18, PROCESS_LOCAL, 7367 bytes)
[2025-12-16T03:30:31.598+0000] {subprocess.py:106} INFO - 25/12/16 03:30:31 INFO TaskSetManager: Finished task 6.0 in stage 44.0 (TID 427) in 46 ms on 172.18.0.7 (executor 0) (2/50)
[2025-12-16T03:30:31.600+0000] {subprocess.py:106} INFO - 25/12/16 03:30:31 INFO TaskSetManager: Starting task 19.0 in stage 44.0 (TID 440) (172.18.0.7, executor 0, partition 19, PROCESS_LOCAL, 7367 bytes)
[2025-12-16T03:30:31.601+0000] {subprocess.py:106} INFO - 25/12/16 03:30:31 INFO TaskSetManager: Starting task 20.0 in stage 44.0 (TID 441) (172.18.0.7, executor 0, partition 20, PROCESS_LOCAL, 7367 bytes)
[2025-12-16T03:30:31.602+0000] {subprocess.py:106} INFO - 25/12/16 03:30:31 INFO TaskSetManager: Starting task 21.0 in stage 44.0 (TID 442) (172.18.0.7, executor 0, partition 21, PROCESS_LOCAL, 7367 bytes)
[2025-12-16T03:30:31.604+0000] {subprocess.py:106} INFO - 25/12/16 03:30:31 INFO TaskSetManager: Finished task 4.0 in stage 44.0 (TID 425) in 50 ms on 172.18.0.7 (executor 0) (3/50)
[2025-12-16T03:30:31.605+0000] {subprocess.py:106} INFO - 25/12/16 03:30:31 INFO TaskSetManager: Finished task 5.0 in stage 44.0 (TID 426) in 49 ms on 172.18.0.7 (executor 0) (4/50)
[2025-12-16T03:30:31.606+0000] {subprocess.py:106} INFO - 25/12/16 03:30:31 INFO TaskSetManager: Starting task 22.0 in stage 44.0 (TID 443) (172.18.0.7, executor 0, partition 22, PROCESS_LOCAL, 7367 bytes)
[2025-12-16T03:30:31.611+0000] {subprocess.py:106} INFO - 25/12/16 03:30:31 INFO TaskSetManager: Finished task 14.0 in stage 44.0 (TID 435) in 48 ms on 172.18.0.7 (executor 0) (5/50)
[2025-12-16T03:30:31.612+0000] {subprocess.py:106} INFO - 25/12/16 03:30:31 INFO TaskSetManager: Finished task 9.0 in stage 44.0 (TID 430) in 50 ms on 172.18.0.7 (executor 0) (6/50)
[2025-12-16T03:30:31.619+0000] {subprocess.py:106} INFO - 25/12/16 03:30:31 INFO TaskSetManager: Starting task 23.0 in stage 44.0 (TID 444) (172.18.0.7, executor 0, partition 23, PROCESS_LOCAL, 7367 bytes)
[2025-12-16T03:30:31.621+0000] {subprocess.py:106} INFO - 25/12/16 03:30:31 INFO TaskSetManager: Finished task 12.0 in stage 44.0 (TID 433) in 50 ms on 172.18.0.7 (executor 0) (7/50)
[2025-12-16T03:30:31.622+0000] {subprocess.py:106} INFO - 25/12/16 03:30:31 INFO TaskSetManager: Starting task 24.0 in stage 44.0 (TID 445) (172.18.0.7, executor 0, partition 24, PROCESS_LOCAL, 7367 bytes)
[2025-12-16T03:30:31.624+0000] {subprocess.py:106} INFO - 25/12/16 03:30:31 INFO TaskSetManager: Starting task 25.0 in stage 44.0 (TID 446) (172.18.0.7, executor 0, partition 25, PROCESS_LOCAL, 7367 bytes)
[2025-12-16T03:30:31.625+0000] {subprocess.py:106} INFO - 25/12/16 03:30:31 INFO TaskSetManager: Finished task 0.0 in stage 44.0 (TID 421) in 53 ms on 172.18.0.7 (executor 0) (8/50)
[2025-12-16T03:30:31.626+0000] {subprocess.py:106} INFO - 25/12/16 03:30:31 INFO TaskSetManager: Starting task 26.0 in stage 44.0 (TID 447) (172.18.0.7, executor 0, partition 26, PROCESS_LOCAL, 7367 bytes)
[2025-12-16T03:30:31.628+0000] {subprocess.py:106} INFO - 25/12/16 03:30:31 INFO TaskSetManager: Finished task 8.0 in stage 44.0 (TID 429) in 53 ms on 172.18.0.7 (executor 0) (9/50)
[2025-12-16T03:30:31.630+0000] {subprocess.py:106} INFO - 25/12/16 03:30:31 INFO TaskSetManager: Finished task 13.0 in stage 44.0 (TID 434) in 52 ms on 172.18.0.7 (executor 0) (10/50)
[2025-12-16T03:30:31.631+0000] {subprocess.py:106} INFO - 25/12/16 03:30:31 INFO TaskSetManager: Starting task 27.0 in stage 44.0 (TID 448) (172.18.0.7, executor 0, partition 27, PROCESS_LOCAL, 7367 bytes)
[2025-12-16T03:30:31.639+0000] {subprocess.py:106} INFO - 25/12/16 03:30:31 INFO TaskSetManager: Finished task 7.0 in stage 44.0 (TID 428) in 55 ms on 172.18.0.7 (executor 0) (11/50)
[2025-12-16T03:30:31.640+0000] {subprocess.py:106} INFO - 25/12/16 03:30:31 INFO TaskSetManager: Starting task 28.0 in stage 44.0 (TID 449) (172.18.0.7, executor 0, partition 28, PROCESS_LOCAL, 7367 bytes)
[2025-12-16T03:30:31.641+0000] {subprocess.py:106} INFO - 25/12/16 03:30:31 INFO TaskSetManager: Finished task 1.0 in stage 44.0 (TID 422) in 57 ms on 172.18.0.7 (executor 0) (12/50)
[2025-12-16T03:30:31.642+0000] {subprocess.py:106} INFO - 25/12/16 03:30:31 INFO TaskSetManager: Finished task 2.0 in stage 44.0 (TID 423) in 57 ms on 172.18.0.7 (executor 0) (13/50)
[2025-12-16T03:30:31.643+0000] {subprocess.py:106} INFO - 25/12/16 03:30:31 INFO TaskSetManager: Starting task 29.0 in stage 44.0 (TID 450) (172.18.0.7, executor 0, partition 29, PROCESS_LOCAL, 7367 bytes)
[2025-12-16T03:30:31.644+0000] {subprocess.py:106} INFO - 25/12/16 03:30:31 INFO TaskSetManager: Starting task 30.0 in stage 44.0 (TID 451) (172.18.0.7, executor 0, partition 30, PROCESS_LOCAL, 7367 bytes)
[2025-12-16T03:30:31.645+0000] {subprocess.py:106} INFO - 25/12/16 03:30:31 INFO TaskSetManager: Starting task 31.0 in stage 44.0 (TID 452) (172.18.0.7, executor 0, partition 31, PROCESS_LOCAL, 7367 bytes)
[2025-12-16T03:30:31.646+0000] {subprocess.py:106} INFO - 25/12/16 03:30:31 INFO TaskSetManager: Finished task 3.0 in stage 44.0 (TID 424) in 60 ms on 172.18.0.7 (executor 0) (14/50)
[2025-12-16T03:30:31.647+0000] {subprocess.py:106} INFO - 25/12/16 03:30:31 INFO TaskSetManager: Finished task 10.0 in stage 44.0 (TID 431) in 59 ms on 172.18.0.7 (executor 0) (15/50)
[2025-12-16T03:30:31.648+0000] {subprocess.py:106} INFO - 25/12/16 03:30:31 INFO TaskSetManager: Finished task 15.0 in stage 44.0 (TID 436) in 58 ms on 172.18.0.7 (executor 0) (16/50)
[2025-12-16T03:30:31.648+0000] {subprocess.py:106} INFO - 25/12/16 03:30:31 INFO TaskSetManager: Starting task 32.0 in stage 44.0 (TID 453) (172.18.0.7, executor 0, partition 32, PROCESS_LOCAL, 7367 bytes)
[2025-12-16T03:30:31.649+0000] {subprocess.py:106} INFO - 25/12/16 03:30:31 INFO TaskSetManager: Starting task 33.0 in stage 44.0 (TID 454) (172.18.0.7, executor 0, partition 33, PROCESS_LOCAL, 7367 bytes)
[2025-12-16T03:30:31.650+0000] {subprocess.py:106} INFO - 25/12/16 03:30:31 INFO TaskSetManager: Finished task 18.0 in stage 44.0 (TID 439) in 25 ms on 172.18.0.7 (executor 0) (17/50)
[2025-12-16T03:30:31.651+0000] {subprocess.py:106} INFO - 25/12/16 03:30:31 INFO TaskSetManager: Finished task 17.0 in stage 44.0 (TID 438) in 26 ms on 172.18.0.7 (executor 0) (18/50)
[2025-12-16T03:30:31.651+0000] {subprocess.py:106} INFO - 25/12/16 03:30:31 INFO TaskSetManager: Starting task 34.0 in stage 44.0 (TID 455) (172.18.0.7, executor 0, partition 34, PROCESS_LOCAL, 7367 bytes)
[2025-12-16T03:30:31.652+0000] {subprocess.py:106} INFO - 25/12/16 03:30:31 INFO TaskSetManager: Finished task 21.0 in stage 44.0 (TID 442) in 27 ms on 172.18.0.7 (executor 0) (19/50)
[2025-12-16T03:30:31.653+0000] {subprocess.py:106} INFO - 25/12/16 03:30:31 INFO TaskSetManager: Starting task 35.0 in stage 44.0 (TID 456) (172.18.0.7, executor 0, partition 35, PROCESS_LOCAL, 7367 bytes)
[2025-12-16T03:30:31.653+0000] {subprocess.py:106} INFO - 25/12/16 03:30:31 INFO TaskSetManager: Starting task 36.0 in stage 44.0 (TID 457) (172.18.0.7, executor 0, partition 36, PROCESS_LOCAL, 7367 bytes)
[2025-12-16T03:30:31.659+0000] {subprocess.py:106} INFO - 25/12/16 03:30:31 INFO TaskSetManager: Starting task 37.0 in stage 44.0 (TID 458) (172.18.0.7, executor 0, partition 37, PROCESS_LOCAL, 7367 bytes)
[2025-12-16T03:30:31.660+0000] {subprocess.py:106} INFO - 25/12/16 03:30:31 INFO TaskSetManager: Starting task 38.0 in stage 44.0 (TID 459) (172.18.0.7, executor 0, partition 38, PROCESS_LOCAL, 7367 bytes)
[2025-12-16T03:30:31.663+0000] {subprocess.py:106} INFO - 25/12/16 03:30:31 INFO TaskSetManager: Starting task 39.0 in stage 44.0 (TID 460) (172.18.0.7, executor 0, partition 39, PROCESS_LOCAL, 7367 bytes)
[2025-12-16T03:30:31.666+0000] {subprocess.py:106} INFO - 25/12/16 03:30:31 INFO TaskSetManager: Starting task 40.0 in stage 44.0 (TID 461) (172.18.0.7, executor 0, partition 40, PROCESS_LOCAL, 7367 bytes)
[2025-12-16T03:30:31.667+0000] {subprocess.py:106} INFO - 25/12/16 03:30:31 INFO TaskSetManager: Finished task 25.0 in stage 44.0 (TID 446) in 29 ms on 172.18.0.7 (executor 0) (20/50)
[2025-12-16T03:30:31.668+0000] {subprocess.py:106} INFO - 25/12/16 03:30:31 INFO TaskSetManager: Starting task 41.0 in stage 44.0 (TID 462) (172.18.0.7, executor 0, partition 41, PROCESS_LOCAL, 7367 bytes)
[2025-12-16T03:30:31.668+0000] {subprocess.py:106} INFO - 25/12/16 03:30:31 INFO TaskSetManager: Starting task 42.0 in stage 44.0 (TID 463) (172.18.0.7, executor 0, partition 42, PROCESS_LOCAL, 7367 bytes)
[2025-12-16T03:30:31.670+0000] {subprocess.py:106} INFO - 25/12/16 03:30:31 INFO TaskSetManager: Starting task 43.0 in stage 44.0 (TID 464) (172.18.0.7, executor 0, partition 43, PROCESS_LOCAL, 7367 bytes)
[2025-12-16T03:30:31.671+0000] {subprocess.py:106} INFO - 25/12/16 03:30:31 INFO TaskSetManager: Starting task 44.0 in stage 44.0 (TID 465) (172.18.0.7, executor 0, partition 44, PROCESS_LOCAL, 7367 bytes)
[2025-12-16T03:30:31.671+0000] {subprocess.py:106} INFO - 25/12/16 03:30:31 INFO TaskSetManager: Starting task 45.0 in stage 44.0 (TID 466) (172.18.0.7, executor 0, partition 45, PROCESS_LOCAL, 7367 bytes)
[2025-12-16T03:30:31.672+0000] {subprocess.py:106} INFO - 25/12/16 03:30:31 INFO TaskSetManager: Finished task 24.0 in stage 44.0 (TID 445) in 36 ms on 172.18.0.7 (executor 0) (21/50)
[2025-12-16T03:30:31.673+0000] {subprocess.py:106} INFO - 25/12/16 03:30:31 INFO TaskSetManager: Finished task 22.0 in stage 44.0 (TID 443) in 37 ms on 172.18.0.7 (executor 0) (22/50)
[2025-12-16T03:30:31.679+0000] {subprocess.py:106} INFO - 25/12/16 03:30:31 INFO TaskSetManager: Finished task 19.0 in stage 44.0 (TID 440) in 42 ms on 172.18.0.7 (executor 0) (23/50)
[2025-12-16T03:30:31.680+0000] {subprocess.py:106} INFO - 25/12/16 03:30:31 INFO TaskSetManager: Finished task 20.0 in stage 44.0 (TID 441) in 40 ms on 172.18.0.7 (executor 0) (24/50)
[2025-12-16T03:30:31.681+0000] {subprocess.py:106} INFO - 25/12/16 03:30:31 INFO TaskSetManager: Finished task 26.0 in stage 44.0 (TID 447) in 35 ms on 172.18.0.7 (executor 0) (25/50)
[2025-12-16T03:30:31.682+0000] {subprocess.py:106} INFO - 25/12/16 03:30:31 INFO TaskSetManager: Finished task 16.0 in stage 44.0 (TID 437) in 46 ms on 172.18.0.7 (executor 0) (26/50)
[2025-12-16T03:30:31.682+0000] {subprocess.py:106} INFO - 25/12/16 03:30:31 INFO TaskSetManager: Finished task 23.0 in stage 44.0 (TID 444) in 38 ms on 172.18.0.7 (executor 0) (27/50)
[2025-12-16T03:30:31.683+0000] {subprocess.py:106} INFO - 25/12/16 03:30:31 INFO TaskSetManager: Finished task 28.0 in stage 44.0 (TID 449) in 35 ms on 172.18.0.7 (executor 0) (28/50)
[2025-12-16T03:30:31.684+0000] {subprocess.py:106} INFO - 25/12/16 03:30:31 INFO TaskSetManager: Finished task 27.0 in stage 44.0 (TID 448) in 36 ms on 172.18.0.7 (executor 0) (29/50)
[2025-12-16T03:30:31.684+0000] {subprocess.py:106} INFO - 25/12/16 03:30:31 INFO TaskSetManager: Finished task 29.0 in stage 44.0 (TID 450) in 34 ms on 172.18.0.7 (executor 0) (30/50)
[2025-12-16T03:30:31.685+0000] {subprocess.py:106} INFO - 25/12/16 03:30:31 INFO TaskSetManager: Starting task 46.0 in stage 44.0 (TID 467) (172.18.0.7, executor 0, partition 46, PROCESS_LOCAL, 7367 bytes)
[2025-12-16T03:30:31.686+0000] {subprocess.py:106} INFO - 25/12/16 03:30:31 INFO TaskSetManager: Starting task 47.0 in stage 44.0 (TID 468) (172.18.0.7, executor 0, partition 47, PROCESS_LOCAL, 7367 bytes)
[2025-12-16T03:30:31.686+0000] {subprocess.py:106} INFO - 25/12/16 03:30:31 INFO TaskSetManager: Finished task 31.0 in stage 44.0 (TID 452) in 37 ms on 172.18.0.7 (executor 0) (31/50)
[2025-12-16T03:30:31.687+0000] {subprocess.py:106} INFO - 25/12/16 03:30:31 INFO TaskSetManager: Finished task 33.0 in stage 44.0 (TID 454) in 28 ms on 172.18.0.7 (executor 0) (32/50)
[2025-12-16T03:30:31.687+0000] {subprocess.py:106} INFO - 25/12/16 03:30:31 INFO TaskSetManager: Starting task 48.0 in stage 44.0 (TID 469) (172.18.0.7, executor 0, partition 48, PROCESS_LOCAL, 7367 bytes)
[2025-12-16T03:30:31.688+0000] {subprocess.py:106} INFO - 25/12/16 03:30:31 INFO TaskSetManager: Starting task 49.0 in stage 44.0 (TID 470) (172.18.0.7, executor 0, partition 49, PROCESS_LOCAL, 7367 bytes)
[2025-12-16T03:30:31.689+0000] {subprocess.py:106} INFO - 25/12/16 03:30:31 INFO TaskSetManager: Finished task 30.0 in stage 44.0 (TID 451) in 41 ms on 172.18.0.7 (executor 0) (33/50)
[2025-12-16T03:30:31.689+0000] {subprocess.py:106} INFO - 25/12/16 03:30:31 INFO TaskSetManager: Finished task 34.0 in stage 44.0 (TID 455) in 25 ms on 172.18.0.7 (executor 0) (34/50)
[2025-12-16T03:30:31.690+0000] {subprocess.py:106} INFO - 25/12/16 03:30:31 INFO TaskSetManager: Finished task 32.0 in stage 44.0 (TID 453) in 33 ms on 172.18.0.7 (executor 0) (35/50)
[2025-12-16T03:30:31.690+0000] {subprocess.py:106} INFO - 25/12/16 03:30:31 INFO TaskSetManager: Finished task 35.0 in stage 44.0 (TID 456) in 26 ms on 172.18.0.7 (executor 0) (36/50)
[2025-12-16T03:30:31.691+0000] {subprocess.py:106} INFO - 25/12/16 03:30:31 INFO TaskSetManager: Finished task 38.0 in stage 44.0 (TID 459) in 24 ms on 172.18.0.7 (executor 0) (37/50)
[2025-12-16T03:30:31.691+0000] {subprocess.py:106} INFO - 25/12/16 03:30:31 INFO TaskSetManager: Finished task 36.0 in stage 44.0 (TID 457) in 26 ms on 172.18.0.7 (executor 0) (38/50)
[2025-12-16T03:30:31.692+0000] {subprocess.py:106} INFO - 25/12/16 03:30:31 INFO TaskSetManager: Finished task 40.0 in stage 44.0 (TID 461) in 36 ms on 172.18.0.7 (executor 0) (39/50)
[2025-12-16T03:30:31.693+0000] {subprocess.py:106} INFO - 25/12/16 03:30:31 INFO TaskSetManager: Finished task 39.0 in stage 44.0 (TID 460) in 38 ms on 172.18.0.7 (executor 0) (40/50)
[2025-12-16T03:30:31.693+0000] {subprocess.py:106} INFO - 25/12/16 03:30:31 INFO TaskSetManager: Finished task 37.0 in stage 44.0 (TID 458) in 40 ms on 172.18.0.7 (executor 0) (41/50)
[2025-12-16T03:30:31.694+0000] {subprocess.py:106} INFO - 25/12/16 03:30:31 INFO TaskSetManager: Finished task 44.0 in stage 44.0 (TID 465) in 40 ms on 172.18.0.7 (executor 0) (42/50)
[2025-12-16T03:30:31.694+0000] {subprocess.py:106} INFO - 25/12/16 03:30:31 INFO TaskSetManager: Finished task 43.0 in stage 44.0 (TID 464) in 49 ms on 172.18.0.7 (executor 0) (43/50)
[2025-12-16T03:30:31.695+0000] {subprocess.py:106} INFO - 25/12/16 03:30:31 INFO TaskSetManager: Finished task 42.0 in stage 44.0 (TID 463) in 51 ms on 172.18.0.7 (executor 0) (44/50)
[2025-12-16T03:30:31.695+0000] {subprocess.py:106} INFO - 25/12/16 03:30:31 INFO TaskSetManager: Finished task 41.0 in stage 44.0 (TID 462) in 52 ms on 172.18.0.7 (executor 0) (45/50)
[2025-12-16T03:30:31.696+0000] {subprocess.py:106} INFO - 25/12/16 03:30:31 INFO TaskSetManager: Finished task 47.0 in stage 44.0 (TID 468) in 40 ms on 172.18.0.7 (executor 0) (46/50)
[2025-12-16T03:30:31.697+0000] {subprocess.py:106} INFO - 25/12/16 03:30:31 INFO TaskSetManager: Finished task 45.0 in stage 44.0 (TID 466) in 49 ms on 172.18.0.7 (executor 0) (47/50)
[2025-12-16T03:30:31.697+0000] {subprocess.py:106} INFO - 25/12/16 03:30:31 INFO TaskSetManager: Finished task 49.0 in stage 44.0 (TID 470) in 37 ms on 172.18.0.7 (executor 0) (48/50)
[2025-12-16T03:30:31.698+0000] {subprocess.py:106} INFO - 25/12/16 03:30:31 INFO TaskSetManager: Finished task 48.0 in stage 44.0 (TID 469) in 40 ms on 172.18.0.7 (executor 0) (49/50)
[2025-12-16T03:30:31.699+0000] {subprocess.py:106} INFO - 25/12/16 03:30:31 INFO TaskSetManager: Finished task 46.0 in stage 44.0 (TID 467) in 42 ms on 172.18.0.7 (executor 0) (50/50)
[2025-12-16T03:30:31.699+0000] {subprocess.py:106} INFO - 25/12/16 03:30:31 INFO TaskSchedulerImpl: Removed TaskSet 44.0, whose tasks have all completed, from pool
[2025-12-16T03:30:31.700+0000] {subprocess.py:106} INFO - 25/12/16 03:30:31 INFO DAGScheduler: ResultStage 44 ($anonfun$recordDeltaOperationInternal$1 at DatabricksLogging.scala:128) finished in 0.147 s
[2025-12-16T03:30:31.700+0000] {subprocess.py:106} INFO - 25/12/16 03:30:31 INFO DAGScheduler: Job 25 is finished. Cancelling potential speculative or zombie tasks for this job
[2025-12-16T03:30:31.701+0000] {subprocess.py:106} INFO - 25/12/16 03:30:31 INFO TaskSchedulerImpl: Killing all running tasks in stage 44: Stage finished
[2025-12-16T03:30:31.701+0000] {subprocess.py:106} INFO - 25/12/16 03:30:31 INFO DAGScheduler: Job 25 finished: $anonfun$recordDeltaOperationInternal$1 at DatabricksLogging.scala:128, took 0.152082 s
[2025-12-16T03:30:31.702+0000] {subprocess.py:106} INFO - 25/12/16 03:30:31 INFO OptimisticTransaction: [tableId=16e4fe15,txnId=25dc0fd6] Attempting to commit version 1 with 3 actions with Serializable isolation level
[2025-12-16T03:30:31.775+0000] {subprocess.py:106} INFO - 25/12/16 03:30:31 INFO DeltaLog: Creating a new snapshot v1 for commit version 1
[2025-12-16T03:30:31.776+0000] {subprocess.py:106} INFO - 25/12/16 03:30:31 INFO DeltaLog: Loading version 1.
[2025-12-16T03:30:31.780+0000] {subprocess.py:106} INFO - 25/12/16 03:30:31 INFO DeltaLogFileIndex: Created DeltaLogFileIndex(JSON, numFilesInSegment: 2, totalFileSize: 3785)
[2025-12-16T03:30:31.807+0000] {subprocess.py:106} INFO - 25/12/16 03:30:31 INFO FileSourceStrategy: Pushed Filters:
[2025-12-16T03:30:31.807+0000] {subprocess.py:106} INFO - 25/12/16 03:30:31 INFO FileSourceStrategy: Post-Scan Filters:
[2025-12-16T03:30:31.820+0000] {subprocess.py:106} INFO - 25/12/16 03:30:31 INFO MemoryStore: Block broadcast_43 stored as values in memory (estimated size 212.9 KiB, free 431.3 MiB)
[2025-12-16T03:30:31.826+0000] {subprocess.py:106} INFO - 25/12/16 03:30:31 INFO MemoryStore: Block broadcast_43_piece0 stored as bytes in memory (estimated size 36.3 KiB, free 431.3 MiB)
[2025-12-16T03:30:31.827+0000] {subprocess.py:106} INFO - 25/12/16 03:30:31 INFO BlockManagerInfo: Added broadcast_43_piece0 in memory on 3ad9a82189be:39783 (size: 36.3 KiB, free: 433.9 MiB)
[2025-12-16T03:30:31.828+0000] {subprocess.py:106} INFO - 25/12/16 03:30:31 INFO SparkContext: Created broadcast 43 from toString at <unknown>:0
[2025-12-16T03:30:31.828+0000] {subprocess.py:106} INFO - 25/12/16 03:30:31 INFO FileSourceScanExec: Planning scan with bin packing, max size: 4194304 bytes, open cost is considered as scanning 4194304 bytes.
[2025-12-16T03:30:31.837+0000] {subprocess.py:106} INFO - 25/12/16 03:30:31 INFO SparkContext: Starting job: toString at <unknown>:0
[2025-12-16T03:30:31.838+0000] {subprocess.py:106} INFO - 25/12/16 03:30:31 INFO DAGScheduler: Got job 26 (toString at <unknown>:0) with 2 output partitions
[2025-12-16T03:30:31.839+0000] {subprocess.py:106} INFO - 25/12/16 03:30:31 INFO DAGScheduler: Final stage: ResultStage 45 (toString at <unknown>:0)
[2025-12-16T03:30:31.840+0000] {subprocess.py:106} INFO - 25/12/16 03:30:31 INFO DAGScheduler: Parents of final stage: List()
[2025-12-16T03:30:31.840+0000] {subprocess.py:106} INFO - 25/12/16 03:30:31 INFO DAGScheduler: Missing parents: List()
[2025-12-16T03:30:31.841+0000] {subprocess.py:106} INFO - 25/12/16 03:30:31 INFO DAGScheduler: Submitting ResultStage 45 (MapPartitionsRDD[122] at toString at <unknown>:0), which has no missing parents
[2025-12-16T03:30:31.841+0000] {subprocess.py:106} INFO - 25/12/16 03:30:31 INFO MemoryStore: Block broadcast_44 stored as values in memory (estimated size 50.4 KiB, free 431.2 MiB)
[2025-12-16T03:30:31.841+0000] {subprocess.py:106} INFO - 25/12/16 03:30:31 INFO MemoryStore: Block broadcast_44_piece0 stored as bytes in memory (estimated size 15.5 KiB, free 431.2 MiB)
[2025-12-16T03:30:31.842+0000] {subprocess.py:106} INFO - 25/12/16 03:30:31 INFO BlockManagerInfo: Added broadcast_44_piece0 in memory on 3ad9a82189be:39783 (size: 15.5 KiB, free: 433.9 MiB)
[2025-12-16T03:30:31.842+0000] {subprocess.py:106} INFO - 25/12/16 03:30:31 INFO SparkContext: Created broadcast 44 from broadcast at DAGScheduler.scala:1535
[2025-12-16T03:30:31.843+0000] {subprocess.py:106} INFO - 25/12/16 03:30:31 INFO DAGScheduler: Submitting 2 missing tasks from ResultStage 45 (MapPartitionsRDD[122] at toString at <unknown>:0) (first 15 tasks are for partitions Vector(0, 1))
[2025-12-16T03:30:31.843+0000] {subprocess.py:106} INFO - 25/12/16 03:30:31 INFO TaskSchedulerImpl: Adding task set 45.0 with 2 tasks resource profile 0
[2025-12-16T03:30:31.844+0000] {subprocess.py:106} INFO - 25/12/16 03:30:31 INFO TaskSetManager: Starting task 0.0 in stage 45.0 (TID 471) (172.18.0.7, executor 0, partition 0, PROCESS_LOCAL, 7945 bytes)
[2025-12-16T03:30:31.844+0000] {subprocess.py:106} INFO - 25/12/16 03:30:31 INFO TaskSetManager: Starting task 1.0 in stage 45.0 (TID 472) (172.18.0.7, executor 0, partition 1, PROCESS_LOCAL, 7945 bytes)
[2025-12-16T03:30:31.853+0000] {subprocess.py:106} INFO - 25/12/16 03:30:31 INFO BlockManagerInfo: Added broadcast_44_piece0 in memory on 172.18.0.7:36801 (size: 15.5 KiB, free: 434.1 MiB)
[2025-12-16T03:30:31.866+0000] {subprocess.py:106} INFO - 25/12/16 03:30:31 INFO BlockManagerInfo: Added broadcast_43_piece0 in memory on 172.18.0.7:36801 (size: 36.3 KiB, free: 434.0 MiB)
[2025-12-16T03:30:31.892+0000] {subprocess.py:106} INFO - 25/12/16 03:30:31 INFO TaskSetManager: Finished task 1.0 in stage 45.0 (TID 472) in 47 ms on 172.18.0.7 (executor 0) (1/2)
[2025-12-16T03:30:31.893+0000] {subprocess.py:106} INFO - 25/12/16 03:30:31 INFO TaskSetManager: Finished task 0.0 in stage 45.0 (TID 471) in 50 ms on 172.18.0.7 (executor 0) (2/2)
[2025-12-16T03:30:31.894+0000] {subprocess.py:106} INFO - 25/12/16 03:30:31 INFO TaskSchedulerImpl: Removed TaskSet 45.0, whose tasks have all completed, from pool
[2025-12-16T03:30:31.894+0000] {subprocess.py:106} INFO - 25/12/16 03:30:31 INFO DAGScheduler: ResultStage 45 (toString at <unknown>:0) finished in 0.055 s
[2025-12-16T03:30:31.895+0000] {subprocess.py:106} INFO - 25/12/16 03:30:31 INFO DAGScheduler: Job 26 is finished. Cancelling potential speculative or zombie tasks for this job
[2025-12-16T03:30:31.896+0000] {subprocess.py:106} INFO - 25/12/16 03:30:31 INFO TaskSchedulerImpl: Killing all running tasks in stage 45: Stage finished
[2025-12-16T03:30:31.896+0000] {subprocess.py:106} INFO - 25/12/16 03:30:31 INFO DAGScheduler: Job 26 finished: toString at <unknown>:0, took 0.057642 s
[2025-12-16T03:30:31.901+0000] {subprocess.py:106} INFO - 25/12/16 03:30:31 INFO Snapshot: [tableId=16e4fe15-0e59-48b6-867e-459a77d1dfd5] Created snapshot Snapshot(path=s3a://gold/dim_customers/_delta_log, version=1, metadata=Metadata(16e4fe15-0e59-48b6-867e-459a77d1dfd5,null,null,Format(parquet,Map()),{"type":"struct","fields":[{"name":"customer_key","type":"string","nullable":true,"metadata":{}},{"name":"customer_id","type":"string","nullable":true,"metadata":{}},{"name":"customer_name","type":"string","nullable":true,"metadata":{}},{"name":"phone","type":"string","nullable":true,"metadata":{}},{"name":"address","type":"string","nullable":true,"metadata":{}},{"name":"customer_group","type":"string","nullable":true,"metadata":{}},{"name":"status","type":"integer","nullable":true,"metadata":{}},{"name":"last_updated","type":"timestamp","nullable":true,"metadata":{}}]},List(),Map(),Some(1765855787975)), logSegment=LogSegment(s3a://gold/dim_customers/_delta_log,1,WrappedArray(S3AFileStatus{path=s3a://gold/dim_customers/_delta_log/00000000000000000000.json; isDirectory=false; length=2245; replication=1; blocksize=33554432; modification_time=1765855790405; access_time=0; owner=root; group=root; permission=rw-rw-rw-; isSymlink=false; hasAcl=false; isEncrypted=true; isErasureCoded=false} isEmptyDirectory=FALSE eTag=3b2cc986ad5951874a66a6398e527692 versionId=null, S3AFileStatus{path=s3a://gold/dim_customers/_delta_log/00000000000000000001.json; isDirectory=false; length=1540; replication=1; blocksize=33554432; modification_time=1765855831734; access_time=0; owner=root; group=root; permission=rw-rw-rw-; isSymlink=false; hasAcl=false; isEncrypted=true; isErasureCoded=false} isEmptyDirectory=FALSE eTag=7495baa1b1fe76b60d6b5ff0add6f0a5 versionId=null),None,1765855831734), checksumOpt=None)
[2025-12-16T03:30:31.902+0000] {subprocess.py:106} INFO - 25/12/16 03:30:31 INFO DeltaLog: Updated snapshot to Snapshot(path=s3a://gold/dim_customers/_delta_log, version=1, metadata=Metadata(16e4fe15-0e59-48b6-867e-459a77d1dfd5,null,null,Format(parquet,Map()),{"type":"struct","fields":[{"name":"customer_key","type":"string","nullable":true,"metadata":{}},{"name":"customer_id","type":"string","nullable":true,"metadata":{}},{"name":"customer_name","type":"string","nullable":true,"metadata":{}},{"name":"phone","type":"string","nullable":true,"metadata":{}},{"name":"address","type":"string","nullable":true,"metadata":{}},{"name":"customer_group","type":"string","nullable":true,"metadata":{}},{"name":"status","type":"integer","nullable":true,"metadata":{}},{"name":"last_updated","type":"timestamp","nullable":true,"metadata":{}}]},List(),Map(),Some(1765855787975)), logSegment=LogSegment(s3a://gold/dim_customers/_delta_log,1,WrappedArray(S3AFileStatus{path=s3a://gold/dim_customers/_delta_log/00000000000000000000.json; isDirectory=false; length=2245; replication=1; blocksize=33554432; modification_time=1765855790405; access_time=0; owner=root; group=root; permission=rw-rw-rw-; isSymlink=false; hasAcl=false; isEncrypted=true; isErasureCoded=false} isEmptyDirectory=FALSE eTag=3b2cc986ad5951874a66a6398e527692 versionId=null, S3AFileStatus{path=s3a://gold/dim_customers/_delta_log/00000000000000000001.json; isDirectory=false; length=1540; replication=1; blocksize=33554432; modification_time=1765855831734; access_time=0; owner=root; group=root; permission=rw-rw-rw-; isSymlink=false; hasAcl=false; isEncrypted=true; isErasureCoded=false} isEmptyDirectory=FALSE eTag=7495baa1b1fe76b60d6b5ff0add6f0a5 versionId=null),None,1765855831734), checksumOpt=None)
[2025-12-16T03:30:31.902+0000] {subprocess.py:106} INFO - 25/12/16 03:30:31 INFO MapPartitionsRDD: Removing RDD 110 from persistence list
[2025-12-16T03:30:31.904+0000] {subprocess.py:106} INFO - 25/12/16 03:30:31 INFO BlockManager: Removing RDD 110
[2025-12-16T03:30:31.905+0000] {subprocess.py:106} INFO - 25/12/16 03:30:31 INFO Snapshot: [tableId=16e4fe15-0e59-48b6-867e-459a77d1dfd5] DELTA: Compute snapshot for version: 1
[2025-12-16T03:30:31.908+0000] {subprocess.py:106} INFO - 25/12/16 03:30:31 INFO MemoryStore: Block broadcast_45 stored as values in memory (estimated size 212.3 KiB, free 431.0 MiB)
[2025-12-16T03:30:31.918+0000] {subprocess.py:106} INFO - 25/12/16 03:30:31 INFO BlockManagerInfo: Removed broadcast_44_piece0 on 3ad9a82189be:39783 in memory (size: 15.5 KiB, free: 433.9 MiB)
[2025-12-16T03:30:31.920+0000] {subprocess.py:106} INFO - 25/12/16 03:30:31 INFO BlockManagerInfo: Removed broadcast_44_piece0 on 172.18.0.7:36801 in memory (size: 15.5 KiB, free: 434.0 MiB)
[2025-12-16T03:30:31.925+0000] {subprocess.py:106} INFO - 25/12/16 03:30:31 INFO MemoryStore: Block broadcast_45_piece0 stored as bytes in memory (estimated size 36.2 KiB, free 431.2 MiB)
[2025-12-16T03:30:31.927+0000] {subprocess.py:106} INFO - 25/12/16 03:30:31 INFO BlockManagerInfo: Removed broadcast_43_piece0 on 3ad9a82189be:39783 in memory (size: 36.3 KiB, free: 433.9 MiB)
[2025-12-16T03:30:31.928+0000] {subprocess.py:106} INFO - 25/12/16 03:30:31 INFO BlockManagerInfo: Added broadcast_45_piece0 in memory on 3ad9a82189be:39783 (size: 36.2 KiB, free: 433.9 MiB)
[2025-12-16T03:30:31.935+0000] {subprocess.py:106} INFO - 25/12/16 03:30:31 INFO BlockManagerInfo: Removed broadcast_43_piece0 on 172.18.0.7:36801 in memory (size: 36.3 KiB, free: 434.1 MiB)
[2025-12-16T03:30:31.936+0000] {subprocess.py:106} INFO - 25/12/16 03:30:31 INFO SparkContext: Created broadcast 45 from $anonfun$recordDeltaOperationInternal$1 at DatabricksLogging.scala:128
[2025-12-16T03:30:31.936+0000] {subprocess.py:106} INFO - 25/12/16 03:30:31 INFO BlockManagerInfo: Removed broadcast_42_piece0 on 3ad9a82189be:39783 in memory (size: 138.5 KiB, free: 434.0 MiB)
[2025-12-16T03:30:31.937+0000] {subprocess.py:106} INFO - 25/12/16 03:30:31 INFO BlockManagerInfo: Removed broadcast_42_piece0 on 172.18.0.7:36801 in memory (size: 138.5 KiB, free: 434.2 MiB)
[2025-12-16T03:30:32.086+0000] {subprocess.py:106} INFO - 25/12/16 03:30:32 INFO FileSourceStrategy: Pushed Filters:
[2025-12-16T03:30:32.087+0000] {subprocess.py:106} INFO - 25/12/16 03:30:32 INFO FileSourceStrategy: Post-Scan Filters:
[2025-12-16T03:30:32.122+0000] {subprocess.py:106} INFO - 25/12/16 03:30:32 INFO MemoryStore: Block broadcast_46 stored as values in memory (estimated size 212.9 KiB, free 431.8 MiB)
[2025-12-16T03:30:32.127+0000] {subprocess.py:106} INFO - 25/12/16 03:30:32 INFO MemoryStore: Block broadcast_46_piece0 stored as bytes in memory (estimated size 36.3 KiB, free 431.7 MiB)
[2025-12-16T03:30:32.128+0000] {subprocess.py:106} INFO - 25/12/16 03:30:32 INFO BlockManagerInfo: Added broadcast_46_piece0 in memory on 3ad9a82189be:39783 (size: 36.3 KiB, free: 434.0 MiB)
[2025-12-16T03:30:32.129+0000] {subprocess.py:106} INFO - 25/12/16 03:30:32 INFO SparkContext: Created broadcast 46 from $anonfun$recordDeltaOperationInternal$1 at DatabricksLogging.scala:128
[2025-12-16T03:30:32.129+0000] {subprocess.py:106} INFO - 25/12/16 03:30:32 INFO FileSourceScanExec: Planning scan with bin packing, max size: 4194304 bytes, open cost is considered as scanning 4194304 bytes.
[2025-12-16T03:30:32.136+0000] {subprocess.py:106} INFO - 25/12/16 03:30:32 INFO DAGScheduler: Registering RDD 126 ($anonfun$recordDeltaOperationInternal$1 at DatabricksLogging.scala:128) as input to shuffle 10
[2025-12-16T03:30:32.137+0000] {subprocess.py:106} INFO - 25/12/16 03:30:32 INFO DAGScheduler: Got map stage job 27 ($anonfun$recordDeltaOperationInternal$1 at DatabricksLogging.scala:128) with 2 output partitions
[2025-12-16T03:30:32.138+0000] {subprocess.py:106} INFO - 25/12/16 03:30:32 INFO DAGScheduler: Final stage: ShuffleMapStage 46 ($anonfun$recordDeltaOperationInternal$1 at DatabricksLogging.scala:128)
[2025-12-16T03:30:32.138+0000] {subprocess.py:106} INFO - 25/12/16 03:30:32 INFO DAGScheduler: Parents of final stage: List()
[2025-12-16T03:30:32.139+0000] {subprocess.py:106} INFO - 25/12/16 03:30:32 INFO DAGScheduler: Missing parents: List()
[2025-12-16T03:30:32.139+0000] {subprocess.py:106} INFO - 25/12/16 03:30:32 INFO DAGScheduler: Submitting ShuffleMapStage 46 (MapPartitionsRDD[126] at $anonfun$recordDeltaOperationInternal$1 at DatabricksLogging.scala:128), which has no missing parents
[2025-12-16T03:30:32.141+0000] {subprocess.py:106} INFO - 25/12/16 03:30:32 INFO MemoryStore: Block broadcast_47 stored as values in memory (estimated size 138.3 KiB, free 431.6 MiB)
[2025-12-16T03:30:32.141+0000] {subprocess.py:106} INFO - 25/12/16 03:30:32 INFO MemoryStore: Block broadcast_47_piece0 stored as bytes in memory (estimated size 39.0 KiB, free 431.6 MiB)
[2025-12-16T03:30:32.142+0000] {subprocess.py:106} INFO - 25/12/16 03:30:32 INFO BlockManagerInfo: Added broadcast_47_piece0 in memory on 3ad9a82189be:39783 (size: 39.0 KiB, free: 434.0 MiB)
[2025-12-16T03:30:32.142+0000] {subprocess.py:106} INFO - 25/12/16 03:30:32 INFO SparkContext: Created broadcast 47 from broadcast at DAGScheduler.scala:1535
[2025-12-16T03:30:32.143+0000] {subprocess.py:106} INFO - 25/12/16 03:30:32 INFO DAGScheduler: Submitting 2 missing tasks from ShuffleMapStage 46 (MapPartitionsRDD[126] at $anonfun$recordDeltaOperationInternal$1 at DatabricksLogging.scala:128) (first 15 tasks are for partitions Vector(0, 1))
[2025-12-16T03:30:32.143+0000] {subprocess.py:106} INFO - 25/12/16 03:30:32 INFO TaskSchedulerImpl: Adding task set 46.0 with 2 tasks resource profile 0
[2025-12-16T03:30:32.144+0000] {subprocess.py:106} INFO - 25/12/16 03:30:32 INFO TaskSetManager: Starting task 0.0 in stage 46.0 (TID 473) (172.18.0.7, executor 0, partition 0, PROCESS_LOCAL, 7934 bytes)
[2025-12-16T03:30:32.144+0000] {subprocess.py:106} INFO - 25/12/16 03:30:32 INFO TaskSetManager: Starting task 1.0 in stage 46.0 (TID 474) (172.18.0.7, executor 0, partition 1, PROCESS_LOCAL, 7934 bytes)
[2025-12-16T03:30:32.153+0000] {subprocess.py:106} INFO - 25/12/16 03:30:32 INFO BlockManagerInfo: Added broadcast_47_piece0 in memory on 172.18.0.7:36801 (size: 39.0 KiB, free: 434.2 MiB)
[2025-12-16T03:30:32.173+0000] {subprocess.py:106} INFO - 25/12/16 03:30:32 INFO BlockManagerInfo: Added broadcast_46_piece0 in memory on 172.18.0.7:36801 (size: 36.3 KiB, free: 434.1 MiB)
[2025-12-16T03:30:32.207+0000] {subprocess.py:106} INFO - 25/12/16 03:30:32 INFO TaskSetManager: Finished task 0.0 in stage 46.0 (TID 473) in 62 ms on 172.18.0.7 (executor 0) (1/2)
[2025-12-16T03:30:32.208+0000] {subprocess.py:106} INFO - 25/12/16 03:30:32 INFO TaskSetManager: Finished task 1.0 in stage 46.0 (TID 474) in 62 ms on 172.18.0.7 (executor 0) (2/2)
[2025-12-16T03:30:32.209+0000] {subprocess.py:106} INFO - 25/12/16 03:30:32 INFO TaskSchedulerImpl: Removed TaskSet 46.0, whose tasks have all completed, from pool
[2025-12-16T03:30:32.209+0000] {subprocess.py:106} INFO - 25/12/16 03:30:32 INFO DAGScheduler: ShuffleMapStage 46 ($anonfun$recordDeltaOperationInternal$1 at DatabricksLogging.scala:128) finished in 0.070 s
[2025-12-16T03:30:32.209+0000] {subprocess.py:106} INFO - 25/12/16 03:30:32 INFO DAGScheduler: looking for newly runnable stages
[2025-12-16T03:30:32.210+0000] {subprocess.py:106} INFO - 25/12/16 03:30:32 INFO DAGScheduler: running: Set()
[2025-12-16T03:30:32.210+0000] {subprocess.py:106} INFO - 25/12/16 03:30:32 INFO DAGScheduler: waiting: Set()
[2025-12-16T03:30:32.211+0000] {subprocess.py:106} INFO - 25/12/16 03:30:32 INFO DAGScheduler: failed: Set()
[2025-12-16T03:30:32.242+0000] {subprocess.py:106} INFO - 25/12/16 03:30:32 INFO BlockManagerInfo: Removed broadcast_47_piece0 on 3ad9a82189be:39783 in memory (size: 39.0 KiB, free: 434.0 MiB)
[2025-12-16T03:30:32.244+0000] {subprocess.py:106} INFO - 25/12/16 03:30:32 INFO BlockManagerInfo: Removed broadcast_47_piece0 on 172.18.0.7:36801 in memory (size: 39.0 KiB, free: 434.2 MiB)
[2025-12-16T03:30:32.359+0000] {subprocess.py:106} INFO - 25/12/16 03:30:32 INFO DAGScheduler: Registering RDD 136 ($anonfun$recordDeltaOperationInternal$1 at DatabricksLogging.scala:128) as input to shuffle 11
[2025-12-16T03:30:32.360+0000] {subprocess.py:106} INFO - 25/12/16 03:30:32 INFO DAGScheduler: Got map stage job 28 ($anonfun$recordDeltaOperationInternal$1 at DatabricksLogging.scala:128) with 50 output partitions
[2025-12-16T03:30:32.360+0000] {subprocess.py:106} INFO - 25/12/16 03:30:32 INFO DAGScheduler: Final stage: ShuffleMapStage 48 ($anonfun$recordDeltaOperationInternal$1 at DatabricksLogging.scala:128)
[2025-12-16T03:30:32.361+0000] {subprocess.py:106} INFO - 25/12/16 03:30:32 INFO DAGScheduler: Parents of final stage: List(ShuffleMapStage 47)
[2025-12-16T03:30:32.361+0000] {subprocess.py:106} INFO - 25/12/16 03:30:32 INFO DAGScheduler: Missing parents: List()
[2025-12-16T03:30:32.362+0000] {subprocess.py:106} INFO - 25/12/16 03:30:32 INFO DAGScheduler: Submitting ShuffleMapStage 48 (MapPartitionsRDD[136] at $anonfun$recordDeltaOperationInternal$1 at DatabricksLogging.scala:128), which has no missing parents
[2025-12-16T03:30:32.375+0000] {subprocess.py:106} INFO - 25/12/16 03:30:32 INFO MemoryStore: Block broadcast_48 stored as values in memory (estimated size 517.2 KiB, free 431.2 MiB)
[2025-12-16T03:30:32.376+0000] {subprocess.py:106} INFO - 25/12/16 03:30:32 INFO MemoryStore: Block broadcast_48_piece0 stored as bytes in memory (estimated size 123.3 KiB, free 431.1 MiB)
[2025-12-16T03:30:32.377+0000] {subprocess.py:106} INFO - 25/12/16 03:30:32 INFO BlockManagerInfo: Added broadcast_48_piece0 in memory on 3ad9a82189be:39783 (size: 123.3 KiB, free: 433.9 MiB)
[2025-12-16T03:30:32.378+0000] {subprocess.py:106} INFO - 25/12/16 03:30:32 INFO SparkContext: Created broadcast 48 from broadcast at DAGScheduler.scala:1535
[2025-12-16T03:30:32.378+0000] {subprocess.py:106} INFO - 25/12/16 03:30:32 INFO DAGScheduler: Submitting 50 missing tasks from ShuffleMapStage 48 (MapPartitionsRDD[136] at $anonfun$recordDeltaOperationInternal$1 at DatabricksLogging.scala:128) (first 15 tasks are for partitions Vector(0, 1, 2, 3, 4, 5, 6, 7, 8, 9, 10, 11, 12, 13, 14))
[2025-12-16T03:30:32.379+0000] {subprocess.py:106} INFO - 25/12/16 03:30:32 INFO TaskSchedulerImpl: Adding task set 48.0 with 50 tasks resource profile 0
[2025-12-16T03:30:32.379+0000] {subprocess.py:106} INFO - 25/12/16 03:30:32 INFO TaskSetManager: Starting task 19.0 in stage 48.0 (TID 475) (172.18.0.7, executor 0, partition 19, NODE_LOCAL, 7356 bytes)
[2025-12-16T03:30:32.380+0000] {subprocess.py:106} INFO - 25/12/16 03:30:32 INFO TaskSetManager: Starting task 42.0 in stage 48.0 (TID 476) (172.18.0.7, executor 0, partition 42, NODE_LOCAL, 7356 bytes)
[2025-12-16T03:30:32.381+0000] {subprocess.py:106} INFO - 25/12/16 03:30:32 INFO TaskSetManager: Starting task 0.0 in stage 48.0 (TID 477) (172.18.0.7, executor 0, partition 0, PROCESS_LOCAL, 7356 bytes)
[2025-12-16T03:30:32.382+0000] {subprocess.py:106} INFO - 25/12/16 03:30:32 INFO TaskSetManager: Starting task 1.0 in stage 48.0 (TID 478) (172.18.0.7, executor 0, partition 1, PROCESS_LOCAL, 7356 bytes)
[2025-12-16T03:30:32.382+0000] {subprocess.py:106} INFO - 25/12/16 03:30:32 INFO TaskSetManager: Starting task 2.0 in stage 48.0 (TID 479) (172.18.0.7, executor 0, partition 2, PROCESS_LOCAL, 7356 bytes)
[2025-12-16T03:30:32.383+0000] {subprocess.py:106} INFO - 25/12/16 03:30:32 INFO TaskSetManager: Starting task 3.0 in stage 48.0 (TID 480) (172.18.0.7, executor 0, partition 3, PROCESS_LOCAL, 7356 bytes)
[2025-12-16T03:30:32.383+0000] {subprocess.py:106} INFO - 25/12/16 03:30:32 INFO TaskSetManager: Starting task 4.0 in stage 48.0 (TID 481) (172.18.0.7, executor 0, partition 4, PROCESS_LOCAL, 7356 bytes)
[2025-12-16T03:30:32.384+0000] {subprocess.py:106} INFO - 25/12/16 03:30:32 INFO TaskSetManager: Starting task 5.0 in stage 48.0 (TID 482) (172.18.0.7, executor 0, partition 5, PROCESS_LOCAL, 7356 bytes)
[2025-12-16T03:30:32.384+0000] {subprocess.py:106} INFO - 25/12/16 03:30:32 INFO TaskSetManager: Starting task 6.0 in stage 48.0 (TID 483) (172.18.0.7, executor 0, partition 6, PROCESS_LOCAL, 7356 bytes)
[2025-12-16T03:30:32.385+0000] {subprocess.py:106} INFO - 25/12/16 03:30:32 INFO TaskSetManager: Starting task 7.0 in stage 48.0 (TID 484) (172.18.0.7, executor 0, partition 7, PROCESS_LOCAL, 7356 bytes)
[2025-12-16T03:30:32.386+0000] {subprocess.py:106} INFO - 25/12/16 03:30:32 INFO TaskSetManager: Starting task 8.0 in stage 48.0 (TID 485) (172.18.0.7, executor 0, partition 8, PROCESS_LOCAL, 7356 bytes)
[2025-12-16T03:30:32.387+0000] {subprocess.py:106} INFO - 25/12/16 03:30:32 INFO TaskSetManager: Starting task 9.0 in stage 48.0 (TID 486) (172.18.0.7, executor 0, partition 9, PROCESS_LOCAL, 7356 bytes)
[2025-12-16T03:30:32.387+0000] {subprocess.py:106} INFO - 25/12/16 03:30:32 INFO TaskSetManager: Starting task 10.0 in stage 48.0 (TID 487) (172.18.0.7, executor 0, partition 10, PROCESS_LOCAL, 7356 bytes)
[2025-12-16T03:30:32.388+0000] {subprocess.py:106} INFO - 25/12/16 03:30:32 INFO TaskSetManager: Starting task 11.0 in stage 48.0 (TID 488) (172.18.0.7, executor 0, partition 11, PROCESS_LOCAL, 7356 bytes)
[2025-12-16T03:30:32.388+0000] {subprocess.py:106} INFO - 25/12/16 03:30:32 INFO TaskSetManager: Starting task 12.0 in stage 48.0 (TID 489) (172.18.0.7, executor 0, partition 12, PROCESS_LOCAL, 7356 bytes)
[2025-12-16T03:30:32.388+0000] {subprocess.py:106} INFO - 25/12/16 03:30:32 INFO TaskSetManager: Starting task 13.0 in stage 48.0 (TID 490) (172.18.0.7, executor 0, partition 13, PROCESS_LOCAL, 7356 bytes)
[2025-12-16T03:30:32.394+0000] {subprocess.py:106} INFO - 25/12/16 03:30:32 INFO BlockManagerInfo: Added broadcast_48_piece0 in memory on 172.18.0.7:36801 (size: 123.3 KiB, free: 434.1 MiB)
[2025-12-16T03:30:32.410+0000] {subprocess.py:106} INFO - 25/12/16 03:30:32 INFO MapOutputTrackerMasterEndpoint: Asked to send map output locations for shuffle 10 to 172.18.0.7:43148
[2025-12-16T03:30:32.464+0000] {subprocess.py:106} INFO - 25/12/16 03:30:32 INFO BlockManagerInfo: Added rdd_133_2 in memory on 172.18.0.7:36801 (size: 46.0 B, free: 434.1 MiB)
[2025-12-16T03:30:32.469+0000] {subprocess.py:106} INFO - 25/12/16 03:30:32 INFO BlockManagerInfo: Added rdd_133_8 in memory on 172.18.0.7:36801 (size: 46.0 B, free: 434.1 MiB)
[2025-12-16T03:30:32.475+0000] {subprocess.py:106} INFO - 25/12/16 03:30:32 INFO BlockManagerInfo: Added rdd_133_0 in memory on 172.18.0.7:36801 (size: 46.0 B, free: 434.1 MiB)
[2025-12-16T03:30:32.477+0000] {subprocess.py:106} INFO - 25/12/16 03:30:32 INFO BlockManagerInfo: Added rdd_133_12 in memory on 172.18.0.7:36801 (size: 46.0 B, free: 434.1 MiB)
[2025-12-16T03:30:32.478+0000] {subprocess.py:106} INFO - 25/12/16 03:30:32 INFO BlockManagerInfo: Added rdd_133_9 in memory on 172.18.0.7:36801 (size: 46.0 B, free: 434.1 MiB)
[2025-12-16T03:30:32.479+0000] {subprocess.py:106} INFO - 25/12/16 03:30:32 INFO BlockManagerInfo: Added rdd_133_1 in memory on 172.18.0.7:36801 (size: 46.0 B, free: 434.1 MiB)
[2025-12-16T03:30:32.480+0000] {subprocess.py:106} INFO - 25/12/16 03:30:32 INFO BlockManagerInfo: Added rdd_133_19 in memory on 172.18.0.7:36801 (size: 839.0 B, free: 434.1 MiB)
[2025-12-16T03:30:32.481+0000] {subprocess.py:106} INFO - 25/12/16 03:30:32 INFO BlockManagerInfo: Added rdd_133_42 in memory on 172.18.0.7:36801 (size: 539.0 B, free: 434.1 MiB)
[2025-12-16T03:30:32.482+0000] {subprocess.py:106} INFO - 25/12/16 03:30:32 INFO BlockManagerInfo: Added rdd_133_6 in memory on 172.18.0.7:36801 (size: 46.0 B, free: 434.1 MiB)
[2025-12-16T03:30:32.485+0000] {subprocess.py:106} INFO - 25/12/16 03:30:32 INFO BlockManagerInfo: Added rdd_133_11 in memory on 172.18.0.7:36801 (size: 46.0 B, free: 434.1 MiB)
[2025-12-16T03:30:32.487+0000] {subprocess.py:106} INFO - 25/12/16 03:30:32 INFO BlockManagerInfo: Added rdd_133_4 in memory on 172.18.0.7:36801 (size: 46.0 B, free: 434.1 MiB)
[2025-12-16T03:30:32.488+0000] {subprocess.py:106} INFO - 25/12/16 03:30:32 INFO BlockManagerInfo: Added rdd_133_7 in memory on 172.18.0.7:36801 (size: 46.0 B, free: 434.1 MiB)
[2025-12-16T03:30:32.489+0000] {subprocess.py:106} INFO - 25/12/16 03:30:32 INFO BlockManagerInfo: Added rdd_133_5 in memory on 172.18.0.7:36801 (size: 46.0 B, free: 434.1 MiB)
[2025-12-16T03:30:32.490+0000] {subprocess.py:106} INFO - 25/12/16 03:30:32 INFO BlockManagerInfo: Added rdd_133_13 in memory on 172.18.0.7:36801 (size: 46.0 B, free: 434.1 MiB)
[2025-12-16T03:30:32.500+0000] {subprocess.py:106} INFO - 25/12/16 03:30:32 INFO BlockManagerInfo: Added rdd_133_3 in memory on 172.18.0.7:36801 (size: 46.0 B, free: 434.1 MiB)
[2025-12-16T03:30:32.501+0000] {subprocess.py:106} INFO - 25/12/16 03:30:32 INFO TaskSetManager: Starting task 14.0 in stage 48.0 (TID 491) (172.18.0.7, executor 0, partition 14, PROCESS_LOCAL, 7356 bytes)
[2025-12-16T03:30:32.503+0000] {subprocess.py:106} INFO - 25/12/16 03:30:32 INFO TaskSetManager: Starting task 15.0 in stage 48.0 (TID 492) (172.18.0.7, executor 0, partition 15, PROCESS_LOCAL, 7356 bytes)
[2025-12-16T03:30:32.505+0000] {subprocess.py:106} INFO - 25/12/16 03:30:32 INFO TaskSetManager: Finished task 8.0 in stage 48.0 (TID 485) in 117 ms on 172.18.0.7 (executor 0) (1/50)
[2025-12-16T03:30:32.507+0000] {subprocess.py:106} INFO - 25/12/16 03:30:32 INFO BlockManagerInfo: Added rdd_133_10 in memory on 172.18.0.7:36801 (size: 46.0 B, free: 434.1 MiB)
[2025-12-16T03:30:32.508+0000] {subprocess.py:106} INFO - 25/12/16 03:30:32 INFO TaskSetManager: Finished task 1.0 in stage 48.0 (TID 478) in 121 ms on 172.18.0.7 (executor 0) (2/50)
[2025-12-16T03:30:32.509+0000] {subprocess.py:106} INFO - 25/12/16 03:30:32 INFO TaskSetManager: Starting task 16.0 in stage 48.0 (TID 493) (172.18.0.7, executor 0, partition 16, PROCESS_LOCAL, 7356 bytes)
[2025-12-16T03:30:32.515+0000] {subprocess.py:106} INFO - 25/12/16 03:30:32 INFO TaskSetManager: Starting task 17.0 in stage 48.0 (TID 494) (172.18.0.7, executor 0, partition 17, PROCESS_LOCAL, 7356 bytes)
[2025-12-16T03:30:32.516+0000] {subprocess.py:106} INFO - 25/12/16 03:30:32 INFO TaskSetManager: Starting task 18.0 in stage 48.0 (TID 495) (172.18.0.7, executor 0, partition 18, PROCESS_LOCAL, 7356 bytes)
[2025-12-16T03:30:32.517+0000] {subprocess.py:106} INFO - 25/12/16 03:30:32 INFO TaskSetManager: Finished task 9.0 in stage 48.0 (TID 486) in 122 ms on 172.18.0.7 (executor 0) (3/50)
[2025-12-16T03:30:32.518+0000] {subprocess.py:106} INFO - 25/12/16 03:30:32 INFO TaskSetManager: Finished task 2.0 in stage 48.0 (TID 479) in 124 ms on 172.18.0.7 (executor 0) (4/50)
[2025-12-16T03:30:32.519+0000] {subprocess.py:106} INFO - 25/12/16 03:30:32 INFO TaskSetManager: Finished task 12.0 in stage 48.0 (TID 489) in 123 ms on 172.18.0.7 (executor 0) (5/50)
[2025-12-16T03:30:32.520+0000] {subprocess.py:106} INFO - 25/12/16 03:30:32 INFO TaskSetManager: Starting task 20.0 in stage 48.0 (TID 496) (172.18.0.7, executor 0, partition 20, PROCESS_LOCAL, 7356 bytes)
[2025-12-16T03:30:32.521+0000] {subprocess.py:106} INFO - 25/12/16 03:30:32 INFO TaskSetManager: Starting task 21.0 in stage 48.0 (TID 497) (172.18.0.7, executor 0, partition 21, PROCESS_LOCAL, 7356 bytes)
[2025-12-16T03:30:32.523+0000] {subprocess.py:106} INFO - 25/12/16 03:30:32 INFO TaskSetManager: Starting task 22.0 in stage 48.0 (TID 498) (172.18.0.7, executor 0, partition 22, PROCESS_LOCAL, 7356 bytes)
[2025-12-16T03:30:32.524+0000] {subprocess.py:106} INFO - 25/12/16 03:30:32 INFO TaskSetManager: Finished task 0.0 in stage 48.0 (TID 477) in 132 ms on 172.18.0.7 (executor 0) (6/50)
[2025-12-16T03:30:32.525+0000] {subprocess.py:106} INFO - 25/12/16 03:30:32 INFO TaskSetManager: Finished task 42.0 in stage 48.0 (TID 476) in 133 ms on 172.18.0.7 (executor 0) (7/50)
[2025-12-16T03:30:32.526+0000] {subprocess.py:106} INFO - 25/12/16 03:30:32 INFO TaskSetManager: Finished task 19.0 in stage 48.0 (TID 475) in 133 ms on 172.18.0.7 (executor 0) (8/50)
[2025-12-16T03:30:32.527+0000] {subprocess.py:106} INFO - 25/12/16 03:30:32 INFO TaskSetManager: Starting task 23.0 in stage 48.0 (TID 499) (172.18.0.7, executor 0, partition 23, PROCESS_LOCAL, 7356 bytes)
[2025-12-16T03:30:32.528+0000] {subprocess.py:106} INFO - 25/12/16 03:30:32 INFO TaskSetManager: Starting task 24.0 in stage 48.0 (TID 500) (172.18.0.7, executor 0, partition 24, PROCESS_LOCAL, 7356 bytes)
[2025-12-16T03:30:32.529+0000] {subprocess.py:106} INFO - 25/12/16 03:30:32 INFO TaskSetManager: Starting task 25.0 in stage 48.0 (TID 501) (172.18.0.7, executor 0, partition 25, PROCESS_LOCAL, 7356 bytes)
[2025-12-16T03:30:32.533+0000] {subprocess.py:106} INFO - 25/12/16 03:30:32 INFO TaskSetManager: Starting task 26.0 in stage 48.0 (TID 502) (172.18.0.7, executor 0, partition 26, PROCESS_LOCAL, 7356 bytes)
[2025-12-16T03:30:32.535+0000] {subprocess.py:106} INFO - 25/12/16 03:30:32 INFO TaskSetManager: Finished task 6.0 in stage 48.0 (TID 483) in 145 ms on 172.18.0.7 (executor 0) (9/50)
[2025-12-16T03:30:32.535+0000] {subprocess.py:106} INFO - 25/12/16 03:30:32 INFO TaskSetManager: Finished task 11.0 in stage 48.0 (TID 488) in 147 ms on 172.18.0.7 (executor 0) (10/50)
[2025-12-16T03:30:32.543+0000] {subprocess.py:106} INFO - 25/12/16 03:30:32 INFO TaskSetManager: Finished task 5.0 in stage 48.0 (TID 482) in 149 ms on 172.18.0.7 (executor 0) (11/50)
[2025-12-16T03:30:32.544+0000] {subprocess.py:106} INFO - 25/12/16 03:30:32 INFO TaskSetManager: Finished task 7.0 in stage 48.0 (TID 484) in 150 ms on 172.18.0.7 (executor 0) (12/50)
[2025-12-16T03:30:32.548+0000] {subprocess.py:106} INFO - 25/12/16 03:30:32 INFO TaskSetManager: Starting task 27.0 in stage 48.0 (TID 503) (172.18.0.7, executor 0, partition 27, PROCESS_LOCAL, 7356 bytes)
[2025-12-16T03:30:32.550+0000] {subprocess.py:106} INFO - 25/12/16 03:30:32 INFO TaskSetManager: Finished task 13.0 in stage 48.0 (TID 490) in 150 ms on 172.18.0.7 (executor 0) (13/50)
[2025-12-16T03:30:32.551+0000] {subprocess.py:106} INFO - 25/12/16 03:30:32 INFO TaskSetManager: Starting task 28.0 in stage 48.0 (TID 504) (172.18.0.7, executor 0, partition 28, PROCESS_LOCAL, 7356 bytes)
[2025-12-16T03:30:32.552+0000] {subprocess.py:106} INFO - 25/12/16 03:30:32 INFO TaskSetManager: Finished task 3.0 in stage 48.0 (TID 480) in 166 ms on 172.18.0.7 (executor 0) (14/50)
[2025-12-16T03:30:32.563+0000] {subprocess.py:106} INFO - 25/12/16 03:30:32 INFO TaskSetManager: Starting task 29.0 in stage 48.0 (TID 505) (172.18.0.7, executor 0, partition 29, PROCESS_LOCAL, 7356 bytes)
[2025-12-16T03:30:32.565+0000] {subprocess.py:106} INFO - 25/12/16 03:30:32 INFO TaskSetManager: Finished task 4.0 in stage 48.0 (TID 481) in 171 ms on 172.18.0.7 (executor 0) (15/50)
[2025-12-16T03:30:32.566+0000] {subprocess.py:106} INFO - 25/12/16 03:30:32 INFO TaskSetManager: Starting task 30.0 in stage 48.0 (TID 506) (172.18.0.7, executor 0, partition 30, PROCESS_LOCAL, 7356 bytes)
[2025-12-16T03:30:32.569+0000] {subprocess.py:106} INFO - 25/12/16 03:30:32 INFO TaskSetManager: Finished task 10.0 in stage 48.0 (TID 487) in 174 ms on 172.18.0.7 (executor 0) (16/50)
[2025-12-16T03:30:32.585+0000] {subprocess.py:106} INFO - 25/12/16 03:30:32 INFO BlockManagerInfo: Added rdd_133_14 in memory on 172.18.0.7:36801 (size: 46.0 B, free: 434.1 MiB)
[2025-12-16T03:30:32.591+0000] {subprocess.py:106} INFO - 25/12/16 03:30:32 INFO BlockManagerInfo: Added rdd_133_15 in memory on 172.18.0.7:36801 (size: 46.0 B, free: 434.1 MiB)
[2025-12-16T03:30:32.594+0000] {subprocess.py:106} INFO - 25/12/16 03:30:32 INFO BlockManagerInfo: Added rdd_133_21 in memory on 172.18.0.7:36801 (size: 46.0 B, free: 434.1 MiB)
[2025-12-16T03:30:32.610+0000] {subprocess.py:106} INFO - 25/12/16 03:30:32 INFO BlockManagerInfo: Added rdd_133_18 in memory on 172.18.0.7:36801 (size: 46.0 B, free: 434.1 MiB)
[2025-12-16T03:30:32.623+0000] {subprocess.py:106} INFO - 25/12/16 03:30:32 INFO BlockManagerInfo: Added rdd_133_27 in memory on 172.18.0.7:36801 (size: 46.0 B, free: 434.1 MiB)
[2025-12-16T03:30:32.625+0000] {subprocess.py:106} INFO - 25/12/16 03:30:32 INFO BlockManagerInfo: Added rdd_133_22 in memory on 172.18.0.7:36801 (size: 46.0 B, free: 434.1 MiB)
[2025-12-16T03:30:32.626+0000] {subprocess.py:106} INFO - 25/12/16 03:30:32 INFO BlockManagerInfo: Added rdd_133_16 in memory on 172.18.0.7:36801 (size: 46.0 B, free: 434.1 MiB)
[2025-12-16T03:30:32.631+0000] {subprocess.py:106} INFO - 25/12/16 03:30:32 INFO TaskSetManager: Starting task 31.0 in stage 48.0 (TID 507) (172.18.0.7, executor 0, partition 31, PROCESS_LOCAL, 7356 bytes)
[2025-12-16T03:30:32.633+0000] {subprocess.py:106} INFO - 25/12/16 03:30:32 INFO TaskSetManager: Starting task 32.0 in stage 48.0 (TID 508) (172.18.0.7, executor 0, partition 32, PROCESS_LOCAL, 7356 bytes)
[2025-12-16T03:30:32.639+0000] {subprocess.py:106} INFO - 25/12/16 03:30:32 INFO BlockManagerInfo: Added rdd_133_23 in memory on 172.18.0.7:36801 (size: 46.0 B, free: 434.1 MiB)
[2025-12-16T03:30:32.641+0000] {subprocess.py:106} INFO - 25/12/16 03:30:32 INFO TaskSetManager: Finished task 14.0 in stage 48.0 (TID 491) in 137 ms on 172.18.0.7 (executor 0) (17/50)
[2025-12-16T03:30:32.642+0000] {subprocess.py:106} INFO - 25/12/16 03:30:32 INFO TaskSetManager: Finished task 15.0 in stage 48.0 (TID 492) in 136 ms on 172.18.0.7 (executor 0) (18/50)
[2025-12-16T03:30:32.643+0000] {subprocess.py:106} INFO - 25/12/16 03:30:32 INFO BlockManagerInfo: Added rdd_133_17 in memory on 172.18.0.7:36801 (size: 46.0 B, free: 434.1 MiB)
[2025-12-16T03:30:32.644+0000] {subprocess.py:106} INFO - 25/12/16 03:30:32 INFO BlockManagerInfo: Added rdd_133_26 in memory on 172.18.0.7:36801 (size: 46.0 B, free: 434.1 MiB)
[2025-12-16T03:30:32.644+0000] {subprocess.py:106} INFO - 25/12/16 03:30:32 INFO BlockManagerInfo: Added rdd_133_25 in memory on 172.18.0.7:36801 (size: 46.0 B, free: 434.1 MiB)
[2025-12-16T03:30:32.645+0000] {subprocess.py:106} INFO - 25/12/16 03:30:32 INFO BlockManagerInfo: Added rdd_133_20 in memory on 172.18.0.7:36801 (size: 46.0 B, free: 434.1 MiB)
[2025-12-16T03:30:32.653+0000] {subprocess.py:106} INFO - 25/12/16 03:30:32 INFO BlockManagerInfo: Added rdd_133_24 in memory on 172.18.0.7:36801 (size: 46.0 B, free: 434.1 MiB)
[2025-12-16T03:30:32.655+0000] {subprocess.py:106} INFO - 25/12/16 03:30:32 INFO BlockManagerInfo: Added rdd_133_28 in memory on 172.18.0.7:36801 (size: 46.0 B, free: 434.1 MiB)
[2025-12-16T03:30:32.656+0000] {subprocess.py:106} INFO - 25/12/16 03:30:32 INFO TaskSetManager: Starting task 33.0 in stage 48.0 (TID 509) (172.18.0.7, executor 0, partition 33, PROCESS_LOCAL, 7356 bytes)
[2025-12-16T03:30:32.657+0000] {subprocess.py:106} INFO - 25/12/16 03:30:32 INFO TaskSetManager: Finished task 21.0 in stage 48.0 (TID 497) in 145 ms on 172.18.0.7 (executor 0) (19/50)
[2025-12-16T03:30:32.658+0000] {subprocess.py:106} INFO - 25/12/16 03:30:32 INFO TaskSetManager: Starting task 34.0 in stage 48.0 (TID 510) (172.18.0.7, executor 0, partition 34, PROCESS_LOCAL, 7356 bytes)
[2025-12-16T03:30:32.660+0000] {subprocess.py:106} INFO - 25/12/16 03:30:32 INFO TaskSetManager: Finished task 22.0 in stage 48.0 (TID 498) in 146 ms on 172.18.0.7 (executor 0) (20/50)
[2025-12-16T03:30:32.661+0000] {subprocess.py:106} INFO - 25/12/16 03:30:32 INFO TaskSetManager: Starting task 35.0 in stage 48.0 (TID 511) (172.18.0.7, executor 0, partition 35, PROCESS_LOCAL, 7356 bytes)
[2025-12-16T03:30:32.662+0000] {subprocess.py:106} INFO - 25/12/16 03:30:32 INFO TaskSetManager: Finished task 27.0 in stage 48.0 (TID 503) in 130 ms on 172.18.0.7 (executor 0) (21/50)
[2025-12-16T03:30:32.663+0000] {subprocess.py:106} INFO - 25/12/16 03:30:32 INFO BlockManagerInfo: Added rdd_133_29 in memory on 172.18.0.7:36801 (size: 46.0 B, free: 434.1 MiB)
[2025-12-16T03:30:32.665+0000] {subprocess.py:106} INFO - 25/12/16 03:30:32 INFO BlockManagerInfo: Added rdd_133_30 in memory on 172.18.0.7:36801 (size: 46.0 B, free: 434.1 MiB)
[2025-12-16T03:30:32.667+0000] {subprocess.py:106} INFO - 25/12/16 03:30:32 INFO TaskSetManager: Starting task 36.0 in stage 48.0 (TID 512) (172.18.0.7, executor 0, partition 36, PROCESS_LOCAL, 7356 bytes)
[2025-12-16T03:30:32.669+0000] {subprocess.py:106} INFO - 25/12/16 03:30:32 INFO TaskSetManager: Finished task 16.0 in stage 48.0 (TID 493) in 168 ms on 172.18.0.7 (executor 0) (22/50)
[2025-12-16T03:30:32.679+0000] {subprocess.py:106} INFO - 25/12/16 03:30:32 INFO TaskSetManager: Starting task 37.0 in stage 48.0 (TID 513) (172.18.0.7, executor 0, partition 37, PROCESS_LOCAL, 7356 bytes)
[2025-12-16T03:30:32.680+0000] {subprocess.py:106} INFO - 25/12/16 03:30:32 INFO TaskSetManager: Starting task 38.0 in stage 48.0 (TID 514) (172.18.0.7, executor 0, partition 38, PROCESS_LOCAL, 7356 bytes)
[2025-12-16T03:30:32.681+0000] {subprocess.py:106} INFO - 25/12/16 03:30:32 INFO TaskSetManager: Finished task 25.0 in stage 48.0 (TID 501) in 156 ms on 172.18.0.7 (executor 0) (23/50)
[2025-12-16T03:30:32.682+0000] {subprocess.py:106} INFO - 25/12/16 03:30:32 INFO TaskSetManager: Finished task 23.0 in stage 48.0 (TID 499) in 158 ms on 172.18.0.7 (executor 0) (24/50)
[2025-12-16T03:30:32.683+0000] {subprocess.py:106} INFO - 25/12/16 03:30:32 INFO TaskSetManager: Starting task 39.0 in stage 48.0 (TID 515) (172.18.0.7, executor 0, partition 39, PROCESS_LOCAL, 7356 bytes)
[2025-12-16T03:30:32.683+0000] {subprocess.py:106} INFO - 25/12/16 03:30:32 INFO TaskSetManager: Finished task 17.0 in stage 48.0 (TID 494) in 178 ms on 172.18.0.7 (executor 0) (25/50)
[2025-12-16T03:30:32.720+0000] {subprocess.py:106} INFO - 25/12/16 03:30:32 INFO TaskSetManager: Starting task 40.0 in stage 48.0 (TID 516) (172.18.0.7, executor 0, partition 40, PROCESS_LOCAL, 7356 bytes)
[2025-12-16T03:30:32.722+0000] {subprocess.py:106} INFO - 25/12/16 03:30:32 INFO TaskSetManager: Finished task 26.0 in stage 48.0 (TID 502) in 197 ms on 172.18.0.7 (executor 0) (26/50)
[2025-12-16T03:30:32.724+0000] {subprocess.py:106} INFO - 25/12/16 03:30:32 INFO TaskSetManager: Starting task 41.0 in stage 48.0 (TID 517) (172.18.0.7, executor 0, partition 41, PROCESS_LOCAL, 7356 bytes)
[2025-12-16T03:30:32.724+0000] {subprocess.py:106} INFO - 25/12/16 03:30:32 INFO TaskSetManager: Finished task 18.0 in stage 48.0 (TID 495) in 219 ms on 172.18.0.7 (executor 0) (27/50)
[2025-12-16T03:30:32.730+0000] {subprocess.py:106} INFO - 25/12/16 03:30:32 INFO TaskSetManager: Starting task 43.0 in stage 48.0 (TID 518) (172.18.0.7, executor 0, partition 43, PROCESS_LOCAL, 7356 bytes)
[2025-12-16T03:30:32.732+0000] {subprocess.py:106} INFO - 25/12/16 03:30:32 INFO TaskSetManager: Finished task 20.0 in stage 48.0 (TID 496) in 213 ms on 172.18.0.7 (executor 0) (28/50)
[2025-12-16T03:30:32.733+0000] {subprocess.py:106} INFO - 25/12/16 03:30:32 INFO TaskSetManager: Starting task 44.0 in stage 48.0 (TID 519) (172.18.0.7, executor 0, partition 44, PROCESS_LOCAL, 7356 bytes)
[2025-12-16T03:30:32.737+0000] {subprocess.py:106} INFO - 25/12/16 03:30:32 INFO TaskSetManager: Finished task 28.0 in stage 48.0 (TID 504) in 178 ms on 172.18.0.7 (executor 0) (29/50)
[2025-12-16T03:30:32.739+0000] {subprocess.py:106} INFO - 25/12/16 03:30:32 INFO TaskSetManager: Starting task 45.0 in stage 48.0 (TID 520) (172.18.0.7, executor 0, partition 45, PROCESS_LOCAL, 7356 bytes)
[2025-12-16T03:30:32.740+0000] {subprocess.py:106} INFO - 25/12/16 03:30:32 INFO TaskSetManager: Finished task 30.0 in stage 48.0 (TID 506) in 177 ms on 172.18.0.7 (executor 0) (30/50)
[2025-12-16T03:30:32.743+0000] {subprocess.py:106} INFO - 25/12/16 03:30:32 INFO TaskSetManager: Starting task 46.0 in stage 48.0 (TID 521) (172.18.0.7, executor 0, partition 46, PROCESS_LOCAL, 7356 bytes)
[2025-12-16T03:30:32.751+0000] {subprocess.py:106} INFO - 25/12/16 03:30:32 INFO TaskSetManager: Finished task 24.0 in stage 48.0 (TID 500) in 219 ms on 172.18.0.7 (executor 0) (31/50)
[2025-12-16T03:30:32.752+0000] {subprocess.py:106} INFO - 25/12/16 03:30:32 INFO BlockManagerInfo: Added rdd_133_31 in memory on 172.18.0.7:36801 (size: 46.0 B, free: 434.1 MiB)
[2025-12-16T03:30:32.757+0000] {subprocess.py:106} INFO - 25/12/16 03:30:32 INFO TaskSetManager: Starting task 47.0 in stage 48.0 (TID 522) (172.18.0.7, executor 0, partition 47, PROCESS_LOCAL, 7356 bytes)
[2025-12-16T03:30:32.758+0000] {subprocess.py:106} INFO - 25/12/16 03:30:32 INFO TaskSetManager: Finished task 29.0 in stage 48.0 (TID 505) in 206 ms on 172.18.0.7 (executor 0) (32/50)
[2025-12-16T03:30:32.759+0000] {subprocess.py:106} INFO - 25/12/16 03:30:32 INFO BlockManagerInfo: Added rdd_133_32 in memory on 172.18.0.7:36801 (size: 46.0 B, free: 434.1 MiB)
[2025-12-16T03:30:32.775+0000] {subprocess.py:106} INFO - 25/12/16 03:30:32 INFO BlockManagerInfo: Added rdd_133_33 in memory on 172.18.0.7:36801 (size: 46.0 B, free: 434.1 MiB)
[2025-12-16T03:30:32.777+0000] {subprocess.py:106} INFO - 25/12/16 03:30:32 INFO BlockManagerInfo: Added rdd_133_35 in memory on 172.18.0.7:36801 (size: 46.0 B, free: 434.1 MiB)
[2025-12-16T03:30:32.778+0000] {subprocess.py:106} INFO - 25/12/16 03:30:32 INFO BlockManagerInfo: Added rdd_133_34 in memory on 172.18.0.7:36801 (size: 46.0 B, free: 434.1 MiB)
[2025-12-16T03:30:32.787+0000] {subprocess.py:106} INFO - 25/12/16 03:30:32 INFO BlockManagerInfo: Added rdd_133_37 in memory on 172.18.0.7:36801 (size: 46.0 B, free: 434.1 MiB)
[2025-12-16T03:30:32.788+0000] {subprocess.py:106} INFO - 25/12/16 03:30:32 INFO BlockManagerInfo: Added rdd_133_39 in memory on 172.18.0.7:36801 (size: 46.0 B, free: 434.1 MiB)
[2025-12-16T03:30:32.789+0000] {subprocess.py:106} INFO - 25/12/16 03:30:32 INFO BlockManagerInfo: Added rdd_133_43 in memory on 172.18.0.7:36801 (size: 46.0 B, free: 434.1 MiB)
[2025-12-16T03:30:32.793+0000] {subprocess.py:106} INFO - 25/12/16 03:30:32 INFO TaskSetManager: Starting task 48.0 in stage 48.0 (TID 523) (172.18.0.7, executor 0, partition 48, PROCESS_LOCAL, 7356 bytes)
[2025-12-16T03:30:32.796+0000] {subprocess.py:106} INFO - 25/12/16 03:30:32 INFO TaskSetManager: Finished task 31.0 in stage 48.0 (TID 507) in 163 ms on 172.18.0.7 (executor 0) (33/50)
[2025-12-16T03:30:32.804+0000] {subprocess.py:106} INFO - 25/12/16 03:30:32 INFO BlockManagerInfo: Added rdd_133_36 in memory on 172.18.0.7:36801 (size: 46.0 B, free: 434.1 MiB)
[2025-12-16T03:30:32.819+0000] {subprocess.py:106} INFO - 25/12/16 03:30:32 INFO BlockManagerInfo: Added rdd_133_44 in memory on 172.18.0.7:36801 (size: 46.0 B, free: 434.1 MiB)
[2025-12-16T03:30:32.822+0000] {subprocess.py:106} INFO - 25/12/16 03:30:32 INFO BlockManagerInfo: Added rdd_133_38 in memory on 172.18.0.7:36801 (size: 46.0 B, free: 434.1 MiB)
[2025-12-16T03:30:32.825+0000] {subprocess.py:106} INFO - 25/12/16 03:30:32 INFO TaskSetManager: Starting task 49.0 in stage 48.0 (TID 524) (172.18.0.7, executor 0, partition 49, PROCESS_LOCAL, 7356 bytes)
[2025-12-16T03:30:32.831+0000] {subprocess.py:106} INFO - 25/12/16 03:30:32 INFO BlockManagerInfo: Added rdd_133_40 in memory on 172.18.0.7:36801 (size: 46.0 B, free: 434.1 MiB)
[2025-12-16T03:30:32.832+0000] {subprocess.py:106} INFO - 25/12/16 03:30:32 INFO TaskSetManager: Finished task 32.0 in stage 48.0 (TID 508) in 194 ms on 172.18.0.7 (executor 0) (34/50)
[2025-12-16T03:30:32.833+0000] {subprocess.py:106} INFO - 25/12/16 03:30:32 INFO TaskSetManager: Finished task 33.0 in stage 48.0 (TID 509) in 171 ms on 172.18.0.7 (executor 0) (35/50)
[2025-12-16T03:30:32.836+0000] {subprocess.py:106} INFO - 25/12/16 03:30:32 INFO TaskSetManager: Finished task 35.0 in stage 48.0 (TID 511) in 170 ms on 172.18.0.7 (executor 0) (36/50)
[2025-12-16T03:30:32.838+0000] {subprocess.py:106} INFO - 25/12/16 03:30:32 INFO TaskSetManager: Finished task 34.0 in stage 48.0 (TID 510) in 177 ms on 172.18.0.7 (executor 0) (37/50)
[2025-12-16T03:30:32.840+0000] {subprocess.py:106} INFO - 25/12/16 03:30:32 INFO TaskSetManager: Finished task 36.0 in stage 48.0 (TID 512) in 169 ms on 172.18.0.7 (executor 0) (38/50)
[2025-12-16T03:30:32.841+0000] {subprocess.py:106} INFO - 25/12/16 03:30:32 INFO BlockManagerInfo: Added rdd_133_41 in memory on 172.18.0.7:36801 (size: 46.0 B, free: 434.1 MiB)
[2025-12-16T03:30:32.841+0000] {subprocess.py:106} INFO - 25/12/16 03:30:32 INFO TaskSetManager: Finished task 43.0 in stage 48.0 (TID 518) in 116 ms on 172.18.0.7 (executor 0) (39/50)
[2025-12-16T03:30:32.842+0000] {subprocess.py:106} INFO - 25/12/16 03:30:32 INFO TaskSetManager: Finished task 39.0 in stage 48.0 (TID 515) in 160 ms on 172.18.0.7 (executor 0) (40/50)
[2025-12-16T03:30:32.843+0000] {subprocess.py:106} INFO - 25/12/16 03:30:32 INFO TaskSetManager: Finished task 37.0 in stage 48.0 (TID 513) in 166 ms on 172.18.0.7 (executor 0) (41/50)
[2025-12-16T03:30:32.847+0000] {subprocess.py:106} INFO - 25/12/16 03:30:32 INFO BlockManagerInfo: Added rdd_133_45 in memory on 172.18.0.7:36801 (size: 46.0 B, free: 434.1 MiB)
[2025-12-16T03:30:32.851+0000] {subprocess.py:106} INFO - 25/12/16 03:30:32 INFO BlockManagerInfo: Added rdd_133_47 in memory on 172.18.0.7:36801 (size: 46.0 B, free: 434.1 MiB)
[2025-12-16T03:30:32.852+0000] {subprocess.py:106} INFO - 25/12/16 03:30:32 INFO TaskSetManager: Finished task 38.0 in stage 48.0 (TID 514) in 173 ms on 172.18.0.7 (executor 0) (42/50)
[2025-12-16T03:30:32.853+0000] {subprocess.py:106} INFO - 25/12/16 03:30:32 INFO TaskSetManager: Finished task 44.0 in stage 48.0 (TID 519) in 128 ms on 172.18.0.7 (executor 0) (43/50)
[2025-12-16T03:30:32.854+0000] {subprocess.py:106} INFO - 25/12/16 03:30:32 INFO TaskSetManager: Finished task 40.0 in stage 48.0 (TID 516) in 134 ms on 172.18.0.7 (executor 0) (44/50)
[2025-12-16T03:30:32.863+0000] {subprocess.py:106} INFO - 25/12/16 03:30:32 INFO TaskSetManager: Finished task 41.0 in stage 48.0 (TID 517) in 141 ms on 172.18.0.7 (executor 0) (45/50)
[2025-12-16T03:30:32.864+0000] {subprocess.py:106} INFO - 25/12/16 03:30:32 INFO BlockManagerInfo: Added rdd_133_46 in memory on 172.18.0.7:36801 (size: 46.0 B, free: 434.1 MiB)
[2025-12-16T03:30:32.873+0000] {subprocess.py:106} INFO - 25/12/16 03:30:32 INFO TaskSetManager: Finished task 47.0 in stage 48.0 (TID 522) in 117 ms on 172.18.0.7 (executor 0) (46/50)
[2025-12-16T03:30:32.874+0000] {subprocess.py:106} INFO - 25/12/16 03:30:32 INFO TaskSetManager: Finished task 45.0 in stage 48.0 (TID 520) in 142 ms on 172.18.0.7 (executor 0) (47/50)
[2025-12-16T03:30:32.878+0000] {subprocess.py:106} INFO - 25/12/16 03:30:32 INFO BlockManagerInfo: Added rdd_133_48 in memory on 172.18.0.7:36801 (size: 46.0 B, free: 434.1 MiB)
[2025-12-16T03:30:32.883+0000] {subprocess.py:106} INFO - 25/12/16 03:30:32 INFO BlockManagerInfo: Added rdd_133_49 in memory on 172.18.0.7:36801 (size: 46.0 B, free: 434.1 MiB)
[2025-12-16T03:30:32.884+0000] {subprocess.py:106} INFO - 25/12/16 03:30:32 INFO TaskSetManager: Finished task 46.0 in stage 48.0 (TID 521) in 145 ms on 172.18.0.7 (executor 0) (48/50)
[2025-12-16T03:30:32.895+0000] {subprocess.py:106} INFO - 25/12/16 03:30:32 INFO TaskSetManager: Finished task 48.0 in stage 48.0 (TID 523) in 103 ms on 172.18.0.7 (executor 0) (49/50)
[2025-12-16T03:30:32.900+0000] {subprocess.py:106} INFO - 25/12/16 03:30:32 INFO TaskSetManager: Finished task 49.0 in stage 48.0 (TID 524) in 76 ms on 172.18.0.7 (executor 0) (50/50)
[2025-12-16T03:30:32.901+0000] {subprocess.py:106} INFO - 25/12/16 03:30:32 INFO TaskSchedulerImpl: Removed TaskSet 48.0, whose tasks have all completed, from pool
[2025-12-16T03:30:32.901+0000] {subprocess.py:106} INFO - 25/12/16 03:30:32 INFO DAGScheduler: ShuffleMapStage 48 ($anonfun$recordDeltaOperationInternal$1 at DatabricksLogging.scala:128) finished in 0.539 s
[2025-12-16T03:30:32.902+0000] {subprocess.py:106} INFO - 25/12/16 03:30:32 INFO DAGScheduler: looking for newly runnable stages
[2025-12-16T03:30:32.903+0000] {subprocess.py:106} INFO - 25/12/16 03:30:32 INFO DAGScheduler: running: Set()
[2025-12-16T03:30:32.903+0000] {subprocess.py:106} INFO - 25/12/16 03:30:32 INFO DAGScheduler: waiting: Set()
[2025-12-16T03:30:32.903+0000] {subprocess.py:106} INFO - 25/12/16 03:30:32 INFO DAGScheduler: failed: Set()
[2025-12-16T03:30:32.925+0000] {subprocess.py:106} INFO - 25/12/16 03:30:32 INFO BlockManagerInfo: Removed broadcast_48_piece0 on 3ad9a82189be:39783 in memory (size: 123.3 KiB, free: 434.0 MiB)
[2025-12-16T03:30:32.927+0000] {subprocess.py:106} INFO - 25/12/16 03:30:32 INFO BlockManagerInfo: Removed broadcast_48_piece0 on 172.18.0.7:36801 in memory (size: 123.3 KiB, free: 434.2 MiB)
[2025-12-16T03:30:32.929+0000] {subprocess.py:106} INFO - 25/12/16 03:30:32 INFO SparkContext: Starting job: $anonfun$recordDeltaOperationInternal$1 at DatabricksLogging.scala:128
[2025-12-16T03:30:32.930+0000] {subprocess.py:106} INFO - 25/12/16 03:30:32 INFO DAGScheduler: Got job 29 ($anonfun$recordDeltaOperationInternal$1 at DatabricksLogging.scala:128) with 1 output partitions
[2025-12-16T03:30:32.931+0000] {subprocess.py:106} INFO - 25/12/16 03:30:32 INFO DAGScheduler: Final stage: ResultStage 51 ($anonfun$recordDeltaOperationInternal$1 at DatabricksLogging.scala:128)
[2025-12-16T03:30:32.932+0000] {subprocess.py:106} INFO - 25/12/16 03:30:32 INFO DAGScheduler: Parents of final stage: List(ShuffleMapStage 50)
[2025-12-16T03:30:32.932+0000] {subprocess.py:106} INFO - 25/12/16 03:30:32 INFO DAGScheduler: Missing parents: List()
[2025-12-16T03:30:32.933+0000] {subprocess.py:106} INFO - 25/12/16 03:30:32 INFO DAGScheduler: Submitting ResultStage 51 (MapPartitionsRDD[139] at $anonfun$recordDeltaOperationInternal$1 at DatabricksLogging.scala:128), which has no missing parents
[2025-12-16T03:30:32.938+0000] {subprocess.py:106} INFO - 25/12/16 03:30:32 INFO MemoryStore: Block broadcast_49 stored as values in memory (estimated size 452.4 KiB, free 431.3 MiB)
[2025-12-16T03:30:32.940+0000] {subprocess.py:106} INFO - 25/12/16 03:30:32 INFO MemoryStore: Block broadcast_49_piece0 stored as bytes in memory (estimated size 108.1 KiB, free 431.2 MiB)
[2025-12-16T03:30:32.941+0000] {subprocess.py:106} INFO - 25/12/16 03:30:32 INFO BlockManagerInfo: Added broadcast_49_piece0 in memory on 3ad9a82189be:39783 (size: 108.1 KiB, free: 433.9 MiB)
[2025-12-16T03:30:32.942+0000] {subprocess.py:106} INFO - 25/12/16 03:30:32 INFO SparkContext: Created broadcast 49 from broadcast at DAGScheduler.scala:1535
[2025-12-16T03:30:32.942+0000] {subprocess.py:106} INFO - 25/12/16 03:30:32 INFO DAGScheduler: Submitting 1 missing tasks from ResultStage 51 (MapPartitionsRDD[139] at $anonfun$recordDeltaOperationInternal$1 at DatabricksLogging.scala:128) (first 15 tasks are for partitions Vector(0))
[2025-12-16T03:30:32.943+0000] {subprocess.py:106} INFO - 25/12/16 03:30:32 INFO TaskSchedulerImpl: Adding task set 51.0 with 1 tasks resource profile 0
[2025-12-16T03:30:32.943+0000] {subprocess.py:106} INFO - 25/12/16 03:30:32 INFO TaskSetManager: Starting task 0.0 in stage 51.0 (TID 525) (172.18.0.7, executor 0, partition 0, NODE_LOCAL, 7367 bytes)
[2025-12-16T03:30:32.952+0000] {subprocess.py:106} INFO - 25/12/16 03:30:32 INFO BlockManagerInfo: Added broadcast_49_piece0 in memory on 172.18.0.7:36801 (size: 108.1 KiB, free: 434.1 MiB)
[2025-12-16T03:30:32.961+0000] {subprocess.py:106} INFO - 25/12/16 03:30:32 INFO MapOutputTrackerMasterEndpoint: Asked to send map output locations for shuffle 11 to 172.18.0.7:43148
[2025-12-16T03:30:32.984+0000] {subprocess.py:106} INFO - 25/12/16 03:30:32 INFO TaskSetManager: Finished task 0.0 in stage 51.0 (TID 525) in 40 ms on 172.18.0.7 (executor 0) (1/1)
[2025-12-16T03:30:32.985+0000] {subprocess.py:106} INFO - 25/12/16 03:30:32 INFO TaskSchedulerImpl: Removed TaskSet 51.0, whose tasks have all completed, from pool
[2025-12-16T03:30:32.985+0000] {subprocess.py:106} INFO - 25/12/16 03:30:32 INFO DAGScheduler: ResultStage 51 ($anonfun$recordDeltaOperationInternal$1 at DatabricksLogging.scala:128) finished in 0.052 s
[2025-12-16T03:30:32.986+0000] {subprocess.py:106} INFO - 25/12/16 03:30:32 INFO DAGScheduler: Job 29 is finished. Cancelling potential speculative or zombie tasks for this job
[2025-12-16T03:30:32.986+0000] {subprocess.py:106} INFO - 25/12/16 03:30:32 INFO TaskSchedulerImpl: Killing all running tasks in stage 51: Stage finished
[2025-12-16T03:30:32.987+0000] {subprocess.py:106} INFO - 25/12/16 03:30:32 INFO DAGScheduler: Job 29 finished: $anonfun$recordDeltaOperationInternal$1 at DatabricksLogging.scala:128, took 0.055714 s
[2025-12-16T03:30:32.992+0000] {subprocess.py:106} INFO - 25/12/16 03:30:32 INFO Snapshot: [tableId=16e4fe15-0e59-48b6-867e-459a77d1dfd5] DELTA: Done
[2025-12-16T03:30:32.993+0000] {subprocess.py:106} INFO - 25/12/16 03:30:32 INFO OptimisticTransaction: [tableId=16e4fe15,txnId=25dc0fd6] Committed delta #1 to s3a://gold/dim_customers/_delta_log
[2025-12-16T03:30:32.994+0000] {subprocess.py:106} INFO - --> [SUCCESS] Written dim_customers to s3a://gold/dim_customers
[2025-12-16T03:30:32.995+0000] {subprocess.py:106} INFO - Processing Dim Branches...
[2025-12-16T03:30:33.010+0000] {subprocess.py:106} INFO - 25/12/16 03:30:33 INFO DelegatingLogStore: LogStore `LogStoreAdapter(io.delta.storage.S3SingleDriverLogStore)` is used for scheme `s3a`
[2025-12-16T03:30:33.031+0000] {subprocess.py:106} INFO - 25/12/16 03:30:33 INFO DeltaLog: Loading version 0.
[2025-12-16T03:30:33.036+0000] {subprocess.py:106} INFO - 25/12/16 03:30:33 INFO DeltaLogFileIndex: Created DeltaLogFileIndex(JSON, numFilesInSegment: 1, totalFileSize: 1719)
[2025-12-16T03:30:33.068+0000] {subprocess.py:106} INFO - 25/12/16 03:30:33 INFO FileSourceStrategy: Pushed Filters:
[2025-12-16T03:30:33.069+0000] {subprocess.py:106} INFO - 25/12/16 03:30:33 INFO FileSourceStrategy: Post-Scan Filters:
[2025-12-16T03:30:33.082+0000] {subprocess.py:106} INFO - 25/12/16 03:30:33 INFO MemoryStore: Block broadcast_50 stored as values in memory (estimated size 212.9 KiB, free 431.0 MiB)
[2025-12-16T03:30:33.089+0000] {subprocess.py:106} INFO - 25/12/16 03:30:33 INFO MemoryStore: Block broadcast_50_piece0 stored as bytes in memory (estimated size 36.3 KiB, free 430.9 MiB)
[2025-12-16T03:30:33.090+0000] {subprocess.py:106} INFO - 25/12/16 03:30:33 INFO BlockManagerInfo: Added broadcast_50_piece0 in memory on 3ad9a82189be:39783 (size: 36.3 KiB, free: 433.9 MiB)
[2025-12-16T03:30:33.091+0000] {subprocess.py:106} INFO - 25/12/16 03:30:33 INFO SparkContext: Created broadcast 50 from toString at <unknown>:0
[2025-12-16T03:30:33.092+0000] {subprocess.py:106} INFO - 25/12/16 03:30:33 INFO FileSourceScanExec: Planning scan with bin packing, max size: 4194304 bytes, open cost is considered as scanning 4194304 bytes.
[2025-12-16T03:30:33.103+0000] {subprocess.py:106} INFO - 25/12/16 03:30:33 INFO SparkContext: Starting job: toString at <unknown>:0
[2025-12-16T03:30:33.104+0000] {subprocess.py:106} INFO - 25/12/16 03:30:33 INFO DAGScheduler: Got job 30 (toString at <unknown>:0) with 1 output partitions
[2025-12-16T03:30:33.104+0000] {subprocess.py:106} INFO - 25/12/16 03:30:33 INFO DAGScheduler: Final stage: ResultStage 52 (toString at <unknown>:0)
[2025-12-16T03:30:33.105+0000] {subprocess.py:106} INFO - 25/12/16 03:30:33 INFO DAGScheduler: Parents of final stage: List()
[2025-12-16T03:30:33.105+0000] {subprocess.py:106} INFO - 25/12/16 03:30:33 INFO DAGScheduler: Missing parents: List()
[2025-12-16T03:30:33.106+0000] {subprocess.py:106} INFO - 25/12/16 03:30:33 INFO DAGScheduler: Submitting ResultStage 52 (MapPartitionsRDD[143] at toString at <unknown>:0), which has no missing parents
[2025-12-16T03:30:33.106+0000] {subprocess.py:106} INFO - 25/12/16 03:30:33 INFO MemoryStore: Block broadcast_51 stored as values in memory (estimated size 50.4 KiB, free 430.9 MiB)
[2025-12-16T03:30:33.107+0000] {subprocess.py:106} INFO - 25/12/16 03:30:33 INFO MemoryStore: Block broadcast_51_piece0 stored as bytes in memory (estimated size 15.5 KiB, free 430.9 MiB)
[2025-12-16T03:30:33.107+0000] {subprocess.py:106} INFO - 25/12/16 03:30:33 INFO BlockManagerInfo: Added broadcast_51_piece0 in memory on 3ad9a82189be:39783 (size: 15.5 KiB, free: 433.9 MiB)
[2025-12-16T03:30:33.108+0000] {subprocess.py:106} INFO - 25/12/16 03:30:33 INFO SparkContext: Created broadcast 51 from broadcast at DAGScheduler.scala:1535
[2025-12-16T03:30:33.108+0000] {subprocess.py:106} INFO - 25/12/16 03:30:33 INFO DAGScheduler: Submitting 1 missing tasks from ResultStage 52 (MapPartitionsRDD[143] at toString at <unknown>:0) (first 15 tasks are for partitions Vector(0))
[2025-12-16T03:30:33.109+0000] {subprocess.py:106} INFO - 25/12/16 03:30:33 INFO TaskSchedulerImpl: Adding task set 52.0 with 1 tasks resource profile 0
[2025-12-16T03:30:33.109+0000] {subprocess.py:106} INFO - 25/12/16 03:30:33 INFO TaskSetManager: Starting task 0.0 in stage 52.0 (TID 526) (172.18.0.7, executor 0, partition 0, PROCESS_LOCAL, 7942 bytes)
[2025-12-16T03:30:33.119+0000] {subprocess.py:106} INFO - 25/12/16 03:30:33 INFO BlockManagerInfo: Added broadcast_51_piece0 in memory on 172.18.0.7:36801 (size: 15.5 KiB, free: 434.1 MiB)
[2025-12-16T03:30:33.130+0000] {subprocess.py:106} INFO - 25/12/16 03:30:33 INFO BlockManagerInfo: Added broadcast_50_piece0 in memory on 172.18.0.7:36801 (size: 36.3 KiB, free: 434.0 MiB)
[2025-12-16T03:30:33.153+0000] {subprocess.py:106} INFO - 25/12/16 03:30:33 INFO TaskSetManager: Finished task 0.0 in stage 52.0 (TID 526) in 43 ms on 172.18.0.7 (executor 0) (1/1)
[2025-12-16T03:30:33.154+0000] {subprocess.py:106} INFO - 25/12/16 03:30:33 INFO TaskSchedulerImpl: Removed TaskSet 52.0, whose tasks have all completed, from pool
[2025-12-16T03:30:33.155+0000] {subprocess.py:106} INFO - 25/12/16 03:30:33 INFO DAGScheduler: ResultStage 52 (toString at <unknown>:0) finished in 0.049 s
[2025-12-16T03:30:33.155+0000] {subprocess.py:106} INFO - 25/12/16 03:30:33 INFO DAGScheduler: Job 30 is finished. Cancelling potential speculative or zombie tasks for this job
[2025-12-16T03:30:33.155+0000] {subprocess.py:106} INFO - 25/12/16 03:30:33 INFO TaskSchedulerImpl: Killing all running tasks in stage 52: Stage finished
[2025-12-16T03:30:33.156+0000] {subprocess.py:106} INFO - 25/12/16 03:30:33 INFO DAGScheduler: Job 30 finished: toString at <unknown>:0, took 0.051481 s
[2025-12-16T03:30:33.160+0000] {subprocess.py:106} INFO - 25/12/16 03:30:33 INFO Snapshot: [tableId=dbb1de28-40fe-47f4-b064-82a7043e8ab6] Created snapshot Snapshot(path=s3a://silver/branches/_delta_log, version=0, metadata=Metadata(271c68aa-1f86-4bb9-9025-4e95e7ec30d4,null,null,Format(parquet,Map()),{"type":"struct","fields":[{"name":"branch_id","type":"string","nullable":true,"metadata":{}},{"name":"branch_name","type":"string","nullable":true,"metadata":{}},{"name":"branch_type","type":"string","nullable":true,"metadata":{}},{"name":"status","type":"string","nullable":true,"metadata":{}},{"name":"etl_loaded_at","type":"timestamp","nullable":true,"metadata":{}}]},List(),Map(),Some(1765855005244)), logSegment=LogSegment(s3a://silver/branches/_delta_log,0,WrappedArray(S3AFileStatus{path=s3a://silver/branches/_delta_log/00000000000000000000.json; isDirectory=false; length=1719; replication=1; blocksize=33554432; modification_time=1765855016106; access_time=0; owner=root; group=root; permission=rw-rw-rw-; isSymlink=false; hasAcl=false; isEncrypted=true; isErasureCoded=false} isEmptyDirectory=FALSE eTag=dcad6394ec0a1b9c67e112c851d8d3f8 versionId=null),None,1765855016106), checksumOpt=None)
[2025-12-16T03:30:33.212+0000] {subprocess.py:106} INFO - 25/12/16 03:30:33 INFO DelegatingLogStore: LogStore `LogStoreAdapter(io.delta.storage.S3SingleDriverLogStore)` is used for scheme `s3a`
[2025-12-16T03:30:33.233+0000] {subprocess.py:106} INFO - 25/12/16 03:30:33 INFO DeltaLog: Loading version 0.
[2025-12-16T03:30:33.238+0000] {subprocess.py:106} INFO - 25/12/16 03:30:33 INFO DeltaLogFileIndex: Created DeltaLogFileIndex(JSON, numFilesInSegment: 1, totalFileSize: 1864)
[2025-12-16T03:30:33.265+0000] {subprocess.py:106} INFO - 25/12/16 03:30:33 INFO FileSourceStrategy: Pushed Filters:
[2025-12-16T03:30:33.266+0000] {subprocess.py:106} INFO - 25/12/16 03:30:33 INFO FileSourceStrategy: Post-Scan Filters:
[2025-12-16T03:30:33.279+0000] {subprocess.py:106} INFO - 25/12/16 03:30:33 INFO MemoryStore: Block broadcast_52 stored as values in memory (estimated size 212.9 KiB, free 430.7 MiB)
[2025-12-16T03:30:33.284+0000] {subprocess.py:106} INFO - 25/12/16 03:30:33 INFO MemoryStore: Block broadcast_52_piece0 stored as bytes in memory (estimated size 36.3 KiB, free 430.6 MiB)
[2025-12-16T03:30:33.285+0000] {subprocess.py:106} INFO - 25/12/16 03:30:33 INFO BlockManagerInfo: Added broadcast_52_piece0 in memory on 3ad9a82189be:39783 (size: 36.3 KiB, free: 433.8 MiB)
[2025-12-16T03:30:33.286+0000] {subprocess.py:106} INFO - 25/12/16 03:30:33 INFO SparkContext: Created broadcast 52 from toString at <unknown>:0
[2025-12-16T03:30:33.287+0000] {subprocess.py:106} INFO - 25/12/16 03:30:33 INFO FileSourceScanExec: Planning scan with bin packing, max size: 4194304 bytes, open cost is considered as scanning 4194304 bytes.
[2025-12-16T03:30:33.296+0000] {subprocess.py:106} INFO - 25/12/16 03:30:33 INFO SparkContext: Starting job: toString at <unknown>:0
[2025-12-16T03:30:33.297+0000] {subprocess.py:106} INFO - 25/12/16 03:30:33 INFO DAGScheduler: Got job 31 (toString at <unknown>:0) with 1 output partitions
[2025-12-16T03:30:33.298+0000] {subprocess.py:106} INFO - 25/12/16 03:30:33 INFO DAGScheduler: Final stage: ResultStage 53 (toString at <unknown>:0)
[2025-12-16T03:30:33.299+0000] {subprocess.py:106} INFO - 25/12/16 03:30:33 INFO DAGScheduler: Parents of final stage: List()
[2025-12-16T03:30:33.300+0000] {subprocess.py:106} INFO - 25/12/16 03:30:33 INFO DAGScheduler: Missing parents: List()
[2025-12-16T03:30:33.300+0000] {subprocess.py:106} INFO - 25/12/16 03:30:33 INFO DAGScheduler: Submitting ResultStage 53 (MapPartitionsRDD[147] at toString at <unknown>:0), which has no missing parents
[2025-12-16T03:30:33.301+0000] {subprocess.py:106} INFO - 25/12/16 03:30:33 INFO MemoryStore: Block broadcast_53 stored as values in memory (estimated size 50.4 KiB, free 430.6 MiB)
[2025-12-16T03:30:33.301+0000] {subprocess.py:106} INFO - 25/12/16 03:30:33 INFO MemoryStore: Block broadcast_53_piece0 stored as bytes in memory (estimated size 15.5 KiB, free 430.6 MiB)
[2025-12-16T03:30:33.302+0000] {subprocess.py:106} INFO - 25/12/16 03:30:33 INFO BlockManagerInfo: Added broadcast_53_piece0 in memory on 3ad9a82189be:39783 (size: 15.5 KiB, free: 433.8 MiB)
[2025-12-16T03:30:33.302+0000] {subprocess.py:106} INFO - 25/12/16 03:30:33 INFO SparkContext: Created broadcast 53 from broadcast at DAGScheduler.scala:1535
[2025-12-16T03:30:33.303+0000] {subprocess.py:106} INFO - 25/12/16 03:30:33 INFO DAGScheduler: Submitting 1 missing tasks from ResultStage 53 (MapPartitionsRDD[147] at toString at <unknown>:0) (first 15 tasks are for partitions Vector(0))
[2025-12-16T03:30:33.303+0000] {subprocess.py:106} INFO - 25/12/16 03:30:33 INFO TaskSchedulerImpl: Adding task set 53.0 with 1 tasks resource profile 0
[2025-12-16T03:30:33.304+0000] {subprocess.py:106} INFO - 25/12/16 03:30:33 INFO TaskSetManager: Starting task 0.0 in stage 53.0 (TID 527) (172.18.0.7, executor 0, partition 0, PROCESS_LOCAL, 7944 bytes)
[2025-12-16T03:30:33.312+0000] {subprocess.py:106} INFO - 25/12/16 03:30:33 INFO BlockManagerInfo: Added broadcast_53_piece0 in memory on 172.18.0.7:36801 (size: 15.5 KiB, free: 434.0 MiB)
[2025-12-16T03:30:33.325+0000] {subprocess.py:106} INFO - 25/12/16 03:30:33 INFO BlockManagerInfo: Added broadcast_52_piece0 in memory on 172.18.0.7:36801 (size: 36.3 KiB, free: 434.0 MiB)
[2025-12-16T03:30:33.351+0000] {subprocess.py:106} INFO - 25/12/16 03:30:33 INFO TaskSetManager: Finished task 0.0 in stage 53.0 (TID 527) in 47 ms on 172.18.0.7 (executor 0) (1/1)
[2025-12-16T03:30:33.352+0000] {subprocess.py:106} INFO - 25/12/16 03:30:33 INFO TaskSchedulerImpl: Removed TaskSet 53.0, whose tasks have all completed, from pool
[2025-12-16T03:30:33.352+0000] {subprocess.py:106} INFO - 25/12/16 03:30:33 INFO DAGScheduler: ResultStage 53 (toString at <unknown>:0) finished in 0.052 s
[2025-12-16T03:30:33.353+0000] {subprocess.py:106} INFO - 25/12/16 03:30:33 INFO DAGScheduler: Job 31 is finished. Cancelling potential speculative or zombie tasks for this job
[2025-12-16T03:30:33.353+0000] {subprocess.py:106} INFO - 25/12/16 03:30:33 INFO TaskSchedulerImpl: Killing all running tasks in stage 53: Stage finished
[2025-12-16T03:30:33.354+0000] {subprocess.py:106} INFO - 25/12/16 03:30:33 INFO DAGScheduler: Job 31 finished: toString at <unknown>:0, took 0.055523 s
[2025-12-16T03:30:33.358+0000] {subprocess.py:106} INFO - 25/12/16 03:30:33 INFO Snapshot: [tableId=a4c70c25-60f1-4544-8214-954123da166c] Created snapshot Snapshot(path=s3a://gold/dim_branches/_delta_log, version=0, metadata=Metadata(85fe58c8-48ef-4a7e-a6a2-f52c2432683a,null,null,Format(parquet,Map()),{"type":"struct","fields":[{"name":"branch_key","type":"string","nullable":true,"metadata":{}},{"name":"branch_id","type":"string","nullable":true,"metadata":{}},{"name":"branch_name","type":"string","nullable":true,"metadata":{}},{"name":"branch_type","type":"string","nullable":true,"metadata":{}},{"name":"status","type":"string","nullable":true,"metadata":{}},{"name":"last_updated","type":"timestamp","nullable":true,"metadata":{}}]},List(),Map(),Some(1765855791991)), logSegment=LogSegment(s3a://gold/dim_branches/_delta_log,0,WrappedArray(S3AFileStatus{path=s3a://gold/dim_branches/_delta_log/00000000000000000000.json; isDirectory=false; length=1864; replication=1; blocksize=33554432; modification_time=1765855793937; access_time=0; owner=root; group=root; permission=rw-rw-rw-; isSymlink=false; hasAcl=false; isEncrypted=true; isErasureCoded=false} isEmptyDirectory=FALSE eTag=4c391cdb6ac9b89ca8bcad1e845ce969 versionId=null),None,1765855793937), checksumOpt=None)
[2025-12-16T03:30:33.431+0000] {subprocess.py:106} INFO - 25/12/16 03:30:33 INFO PrepareDeltaScan: DELTA: Filtering files for query
[2025-12-16T03:30:33.432+0000] {subprocess.py:106} INFO - 25/12/16 03:30:33 INFO Snapshot: [tableId=271c68aa-1f86-4bb9-9025-4e95e7ec30d4] DELTA: Compute snapshot for version: 0
[2025-12-16T03:30:33.434+0000] {subprocess.py:106} INFO - 25/12/16 03:30:33 INFO MemoryStore: Block broadcast_54 stored as values in memory (estimated size 212.3 KiB, free 430.4 MiB)
[2025-12-16T03:30:33.442+0000] {subprocess.py:106} INFO - 25/12/16 03:30:33 INFO MemoryStore: Block broadcast_54_piece0 stored as bytes in memory (estimated size 36.2 KiB, free 430.3 MiB)
[2025-12-16T03:30:33.443+0000] {subprocess.py:106} INFO - 25/12/16 03:30:33 INFO BlockManagerInfo: Added broadcast_54_piece0 in memory on 3ad9a82189be:39783 (size: 36.2 KiB, free: 433.8 MiB)
[2025-12-16T03:30:33.443+0000] {subprocess.py:106} INFO - 25/12/16 03:30:33 INFO SparkContext: Created broadcast 54 from $anonfun$recordDeltaOperationInternal$1 at DatabricksLogging.scala:128
[2025-12-16T03:30:33.590+0000] {subprocess.py:106} INFO - 25/12/16 03:30:33 INFO BlockManagerInfo: Removed broadcast_49_piece0 on 3ad9a82189be:39783 in memory (size: 108.1 KiB, free: 433.9 MiB)
[2025-12-16T03:30:33.593+0000] {subprocess.py:106} INFO - 25/12/16 03:30:33 INFO BlockManagerInfo: Removed broadcast_49_piece0 on 172.18.0.7:36801 in memory (size: 108.1 KiB, free: 434.1 MiB)
[2025-12-16T03:30:33.597+0000] {subprocess.py:106} INFO - 25/12/16 03:30:33 INFO BlockManagerInfo: Removed broadcast_53_piece0 on 3ad9a82189be:39783 in memory (size: 15.5 KiB, free: 433.9 MiB)
[2025-12-16T03:30:33.599+0000] {subprocess.py:106} INFO - 25/12/16 03:30:33 INFO BlockManagerInfo: Removed broadcast_53_piece0 on 172.18.0.7:36801 in memory (size: 15.5 KiB, free: 434.1 MiB)
[2025-12-16T03:30:33.603+0000] {subprocess.py:106} INFO - 25/12/16 03:30:33 INFO BlockManagerInfo: Removed broadcast_50_piece0 on 3ad9a82189be:39783 in memory (size: 36.3 KiB, free: 433.9 MiB)
[2025-12-16T03:30:33.604+0000] {subprocess.py:106} INFO - 25/12/16 03:30:33 INFO FileSourceStrategy: Pushed Filters:
[2025-12-16T03:30:33.607+0000] {subprocess.py:106} INFO - 25/12/16 03:30:33 INFO FileSourceStrategy: Post-Scan Filters:
[2025-12-16T03:30:33.609+0000] {subprocess.py:106} INFO - 25/12/16 03:30:33 INFO BlockManagerInfo: Removed broadcast_50_piece0 on 172.18.0.7:36801 in memory (size: 36.3 KiB, free: 434.1 MiB)
[2025-12-16T03:30:33.614+0000] {subprocess.py:106} INFO - 25/12/16 03:30:33 INFO BlockManagerInfo: Removed broadcast_51_piece0 on 3ad9a82189be:39783 in memory (size: 15.5 KiB, free: 433.9 MiB)
[2025-12-16T03:30:33.615+0000] {subprocess.py:106} INFO - 25/12/16 03:30:33 INFO BlockManagerInfo: Removed broadcast_51_piece0 on 172.18.0.7:36801 in memory (size: 15.5 KiB, free: 434.1 MiB)
[2025-12-16T03:30:33.619+0000] {subprocess.py:106} INFO - 25/12/16 03:30:33 INFO BlockManagerInfo: Removed broadcast_52_piece0 on 3ad9a82189be:39783 in memory (size: 36.3 KiB, free: 434.0 MiB)
[2025-12-16T03:30:33.621+0000] {subprocess.py:106} INFO - 25/12/16 03:30:33 INFO BlockManagerInfo: Removed broadcast_52_piece0 on 172.18.0.7:36801 in memory (size: 36.3 KiB, free: 434.2 MiB)
[2025-12-16T03:30:33.672+0000] {subprocess.py:106} INFO - 25/12/16 03:30:33 INFO MemoryStore: Block broadcast_55 stored as values in memory (estimated size 212.9 KiB, free 431.3 MiB)
[2025-12-16T03:30:33.681+0000] {subprocess.py:106} INFO - 25/12/16 03:30:33 INFO MemoryStore: Block broadcast_55_piece0 stored as bytes in memory (estimated size 36.3 KiB, free 431.2 MiB)
[2025-12-16T03:30:33.683+0000] {subprocess.py:106} INFO - 25/12/16 03:30:33 INFO BlockManagerInfo: Added broadcast_55_piece0 in memory on 3ad9a82189be:39783 (size: 36.3 KiB, free: 433.9 MiB)
[2025-12-16T03:30:33.684+0000] {subprocess.py:106} INFO - 25/12/16 03:30:33 INFO SparkContext: Created broadcast 55 from $anonfun$recordDeltaOperationInternal$1 at DatabricksLogging.scala:128
[2025-12-16T03:30:33.685+0000] {subprocess.py:106} INFO - 25/12/16 03:30:33 INFO FileSourceScanExec: Planning scan with bin packing, max size: 4194304 bytes, open cost is considered as scanning 4194304 bytes.
[2025-12-16T03:30:33.694+0000] {subprocess.py:106} INFO - 25/12/16 03:30:33 INFO DAGScheduler: Registering RDD 151 ($anonfun$recordDeltaOperationInternal$1 at DatabricksLogging.scala:128) as input to shuffle 12
[2025-12-16T03:30:33.696+0000] {subprocess.py:106} INFO - 25/12/16 03:30:33 INFO DAGScheduler: Got map stage job 32 ($anonfun$recordDeltaOperationInternal$1 at DatabricksLogging.scala:128) with 1 output partitions
[2025-12-16T03:30:33.697+0000] {subprocess.py:106} INFO - 25/12/16 03:30:33 INFO DAGScheduler: Final stage: ShuffleMapStage 54 ($anonfun$recordDeltaOperationInternal$1 at DatabricksLogging.scala:128)
[2025-12-16T03:30:33.698+0000] {subprocess.py:106} INFO - 25/12/16 03:30:33 INFO DAGScheduler: Parents of final stage: List()
[2025-12-16T03:30:33.699+0000] {subprocess.py:106} INFO - 25/12/16 03:30:33 INFO DAGScheduler: Missing parents: List()
[2025-12-16T03:30:33.701+0000] {subprocess.py:106} INFO - 25/12/16 03:30:33 INFO DAGScheduler: Submitting ShuffleMapStage 54 (MapPartitionsRDD[151] at $anonfun$recordDeltaOperationInternal$1 at DatabricksLogging.scala:128), which has no missing parents
[2025-12-16T03:30:33.702+0000] {subprocess.py:106} INFO - 25/12/16 03:30:33 INFO MemoryStore: Block broadcast_56 stored as values in memory (estimated size 138.3 KiB, free 431.1 MiB)
[2025-12-16T03:30:33.703+0000] {subprocess.py:106} INFO - 25/12/16 03:30:33 INFO MemoryStore: Block broadcast_56_piece0 stored as bytes in memory (estimated size 39.0 KiB, free 431.1 MiB)
[2025-12-16T03:30:33.704+0000] {subprocess.py:106} INFO - 25/12/16 03:30:33 INFO BlockManagerInfo: Added broadcast_56_piece0 in memory on 3ad9a82189be:39783 (size: 39.0 KiB, free: 433.9 MiB)
[2025-12-16T03:30:33.705+0000] {subprocess.py:106} INFO - 25/12/16 03:30:33 INFO SparkContext: Created broadcast 56 from broadcast at DAGScheduler.scala:1535
[2025-12-16T03:30:33.705+0000] {subprocess.py:106} INFO - 25/12/16 03:30:33 INFO DAGScheduler: Submitting 1 missing tasks from ShuffleMapStage 54 (MapPartitionsRDD[151] at $anonfun$recordDeltaOperationInternal$1 at DatabricksLogging.scala:128) (first 15 tasks are for partitions Vector(0))
[2025-12-16T03:30:33.706+0000] {subprocess.py:106} INFO - 25/12/16 03:30:33 INFO TaskSchedulerImpl: Adding task set 54.0 with 1 tasks resource profile 0
[2025-12-16T03:30:33.707+0000] {subprocess.py:106} INFO - 25/12/16 03:30:33 INFO TaskSetManager: Starting task 0.0 in stage 54.0 (TID 528) (172.18.0.7, executor 0, partition 0, PROCESS_LOCAL, 7931 bytes)
[2025-12-16T03:30:33.716+0000] {subprocess.py:106} INFO - 25/12/16 03:30:33 INFO BlockManagerInfo: Added broadcast_56_piece0 in memory on 172.18.0.7:36801 (size: 39.0 KiB, free: 434.1 MiB)
[2025-12-16T03:30:33.737+0000] {subprocess.py:106} INFO - 25/12/16 03:30:33 INFO BlockManagerInfo: Added broadcast_55_piece0 in memory on 172.18.0.7:36801 (size: 36.3 KiB, free: 434.1 MiB)
[2025-12-16T03:30:33.769+0000] {subprocess.py:106} INFO - 25/12/16 03:30:33 INFO TaskSetManager: Finished task 0.0 in stage 54.0 (TID 528) in 63 ms on 172.18.0.7 (executor 0) (1/1)
[2025-12-16T03:30:33.770+0000] {subprocess.py:106} INFO - 25/12/16 03:30:33 INFO TaskSchedulerImpl: Removed TaskSet 54.0, whose tasks have all completed, from pool
[2025-12-16T03:30:33.771+0000] {subprocess.py:106} INFO - 25/12/16 03:30:33 INFO DAGScheduler: ShuffleMapStage 54 ($anonfun$recordDeltaOperationInternal$1 at DatabricksLogging.scala:128) finished in 0.074 s
[2025-12-16T03:30:33.772+0000] {subprocess.py:106} INFO - 25/12/16 03:30:33 INFO DAGScheduler: looking for newly runnable stages
[2025-12-16T03:30:33.772+0000] {subprocess.py:106} INFO - 25/12/16 03:30:33 INFO DAGScheduler: running: Set()
[2025-12-16T03:30:33.773+0000] {subprocess.py:106} INFO - 25/12/16 03:30:33 INFO DAGScheduler: waiting: Set()
[2025-12-16T03:30:33.773+0000] {subprocess.py:106} INFO - 25/12/16 03:30:33 INFO DAGScheduler: failed: Set()
[2025-12-16T03:30:33.833+0000] {subprocess.py:106} INFO - 25/12/16 03:30:33 INFO BlockManagerInfo: Removed broadcast_56_piece0 on 3ad9a82189be:39783 in memory (size: 39.0 KiB, free: 433.9 MiB)
[2025-12-16T03:30:33.835+0000] {subprocess.py:106} INFO - 25/12/16 03:30:33 INFO BlockManagerInfo: Removed broadcast_56_piece0 on 172.18.0.7:36801 in memory (size: 39.0 KiB, free: 434.1 MiB)
[2025-12-16T03:30:33.916+0000] {subprocess.py:106} INFO - 25/12/16 03:30:33 INFO DAGScheduler: Registering RDD 161 ($anonfun$recordDeltaOperationInternal$1 at DatabricksLogging.scala:128) as input to shuffle 13
[2025-12-16T03:30:33.918+0000] {subprocess.py:106} INFO - 25/12/16 03:30:33 INFO DAGScheduler: Got map stage job 33 ($anonfun$recordDeltaOperationInternal$1 at DatabricksLogging.scala:128) with 50 output partitions
[2025-12-16T03:30:33.919+0000] {subprocess.py:106} INFO - 25/12/16 03:30:33 INFO DAGScheduler: Final stage: ShuffleMapStage 56 ($anonfun$recordDeltaOperationInternal$1 at DatabricksLogging.scala:128)
[2025-12-16T03:30:33.919+0000] {subprocess.py:106} INFO - 25/12/16 03:30:33 INFO DAGScheduler: Parents of final stage: List(ShuffleMapStage 55)
[2025-12-16T03:30:33.920+0000] {subprocess.py:106} INFO - 25/12/16 03:30:33 INFO DAGScheduler: Missing parents: List()
[2025-12-16T03:30:33.920+0000] {subprocess.py:106} INFO - 25/12/16 03:30:33 INFO DAGScheduler: Submitting ShuffleMapStage 56 (MapPartitionsRDD[161] at $anonfun$recordDeltaOperationInternal$1 at DatabricksLogging.scala:128), which has no missing parents
[2025-12-16T03:30:33.933+0000] {subprocess.py:106} INFO - 25/12/16 03:30:33 INFO MemoryStore: Block broadcast_57 stored as values in memory (estimated size 517.2 KiB, free 430.7 MiB)
[2025-12-16T03:30:33.935+0000] {subprocess.py:106} INFO - 25/12/16 03:30:33 INFO MemoryStore: Block broadcast_57_piece0 stored as bytes in memory (estimated size 123.3 KiB, free 430.6 MiB)
[2025-12-16T03:30:33.936+0000] {subprocess.py:106} INFO - 25/12/16 03:30:33 INFO BlockManagerInfo: Added broadcast_57_piece0 in memory on 3ad9a82189be:39783 (size: 123.3 KiB, free: 433.8 MiB)
[2025-12-16T03:30:33.936+0000] {subprocess.py:106} INFO - 25/12/16 03:30:33 INFO SparkContext: Created broadcast 57 from broadcast at DAGScheduler.scala:1535
[2025-12-16T03:30:33.937+0000] {subprocess.py:106} INFO - 25/12/16 03:30:33 INFO DAGScheduler: Submitting 50 missing tasks from ShuffleMapStage 56 (MapPartitionsRDD[161] at $anonfun$recordDeltaOperationInternal$1 at DatabricksLogging.scala:128) (first 15 tasks are for partitions Vector(0, 1, 2, 3, 4, 5, 6, 7, 8, 9, 10, 11, 12, 13, 14))
[2025-12-16T03:30:33.938+0000] {subprocess.py:106} INFO - 25/12/16 03:30:33 INFO TaskSchedulerImpl: Adding task set 56.0 with 50 tasks resource profile 0
[2025-12-16T03:30:33.938+0000] {subprocess.py:106} INFO - 25/12/16 03:30:33 INFO TaskSetManager: Starting task 26.0 in stage 56.0 (TID 529) (172.18.0.7, executor 0, partition 26, NODE_LOCAL, 7356 bytes)
[2025-12-16T03:30:33.939+0000] {subprocess.py:106} INFO - 25/12/16 03:30:33 INFO TaskSetManager: Starting task 42.0 in stage 56.0 (TID 530) (172.18.0.7, executor 0, partition 42, NODE_LOCAL, 7356 bytes)
[2025-12-16T03:30:33.939+0000] {subprocess.py:106} INFO - 25/12/16 03:30:33 INFO TaskSetManager: Starting task 0.0 in stage 56.0 (TID 531) (172.18.0.7, executor 0, partition 0, PROCESS_LOCAL, 7356 bytes)
[2025-12-16T03:30:33.940+0000] {subprocess.py:106} INFO - 25/12/16 03:30:33 INFO TaskSetManager: Starting task 1.0 in stage 56.0 (TID 532) (172.18.0.7, executor 0, partition 1, PROCESS_LOCAL, 7356 bytes)
[2025-12-16T03:30:33.941+0000] {subprocess.py:106} INFO - 25/12/16 03:30:33 INFO TaskSetManager: Starting task 2.0 in stage 56.0 (TID 533) (172.18.0.7, executor 0, partition 2, PROCESS_LOCAL, 7356 bytes)
[2025-12-16T03:30:33.943+0000] {subprocess.py:106} INFO - 25/12/16 03:30:33 INFO TaskSetManager: Starting task 3.0 in stage 56.0 (TID 534) (172.18.0.7, executor 0, partition 3, PROCESS_LOCAL, 7356 bytes)
[2025-12-16T03:30:33.947+0000] {subprocess.py:106} INFO - 25/12/16 03:30:33 INFO TaskSetManager: Starting task 4.0 in stage 56.0 (TID 535) (172.18.0.7, executor 0, partition 4, PROCESS_LOCAL, 7356 bytes)
[2025-12-16T03:30:33.948+0000] {subprocess.py:106} INFO - 25/12/16 03:30:33 INFO TaskSetManager: Starting task 5.0 in stage 56.0 (TID 536) (172.18.0.7, executor 0, partition 5, PROCESS_LOCAL, 7356 bytes)
[2025-12-16T03:30:33.948+0000] {subprocess.py:106} INFO - 25/12/16 03:30:33 INFO TaskSetManager: Starting task 6.0 in stage 56.0 (TID 537) (172.18.0.7, executor 0, partition 6, PROCESS_LOCAL, 7356 bytes)
[2025-12-16T03:30:33.949+0000] {subprocess.py:106} INFO - 25/12/16 03:30:33 INFO TaskSetManager: Starting task 7.0 in stage 56.0 (TID 538) (172.18.0.7, executor 0, partition 7, PROCESS_LOCAL, 7356 bytes)
[2025-12-16T03:30:33.950+0000] {subprocess.py:106} INFO - 25/12/16 03:30:33 INFO TaskSetManager: Starting task 8.0 in stage 56.0 (TID 539) (172.18.0.7, executor 0, partition 8, PROCESS_LOCAL, 7356 bytes)
[2025-12-16T03:30:33.951+0000] {subprocess.py:106} INFO - 25/12/16 03:30:33 INFO TaskSetManager: Starting task 9.0 in stage 56.0 (TID 540) (172.18.0.7, executor 0, partition 9, PROCESS_LOCAL, 7356 bytes)
[2025-12-16T03:30:33.951+0000] {subprocess.py:106} INFO - 25/12/16 03:30:33 INFO TaskSetManager: Starting task 10.0 in stage 56.0 (TID 541) (172.18.0.7, executor 0, partition 10, PROCESS_LOCAL, 7356 bytes)
[2025-12-16T03:30:33.952+0000] {subprocess.py:106} INFO - 25/12/16 03:30:33 INFO TaskSetManager: Starting task 11.0 in stage 56.0 (TID 542) (172.18.0.7, executor 0, partition 11, PROCESS_LOCAL, 7356 bytes)
[2025-12-16T03:30:33.952+0000] {subprocess.py:106} INFO - 25/12/16 03:30:33 INFO TaskSetManager: Starting task 12.0 in stage 56.0 (TID 543) (172.18.0.7, executor 0, partition 12, PROCESS_LOCAL, 7356 bytes)
[2025-12-16T03:30:33.953+0000] {subprocess.py:106} INFO - 25/12/16 03:30:33 INFO TaskSetManager: Starting task 13.0 in stage 56.0 (TID 544) (172.18.0.7, executor 0, partition 13, PROCESS_LOCAL, 7356 bytes)
[2025-12-16T03:30:33.954+0000] {subprocess.py:106} INFO - 25/12/16 03:30:33 INFO BlockManagerInfo: Added broadcast_57_piece0 in memory on 172.18.0.7:36801 (size: 123.3 KiB, free: 434.0 MiB)
[2025-12-16T03:30:33.975+0000] {subprocess.py:106} INFO - 25/12/16 03:30:33 INFO MapOutputTrackerMasterEndpoint: Asked to send map output locations for shuffle 12 to 172.18.0.7:43148
[2025-12-16T03:30:34.013+0000] {subprocess.py:106} INFO - 25/12/16 03:30:34 INFO BlockManagerInfo: Added rdd_158_13 in memory on 172.18.0.7:36801 (size: 46.0 B, free: 434.0 MiB)
[2025-12-16T03:30:34.013+0000] {subprocess.py:106} INFO - 25/12/16 03:30:34 INFO BlockManagerInfo: Added rdd_158_2 in memory on 172.18.0.7:36801 (size: 46.0 B, free: 434.0 MiB)
[2025-12-16T03:30:34.027+0000] {subprocess.py:106} INFO - 25/12/16 03:30:34 INFO BlockManagerInfo: Added rdd_158_10 in memory on 172.18.0.7:36801 (size: 46.0 B, free: 434.0 MiB)
[2025-12-16T03:30:34.030+0000] {subprocess.py:106} INFO - 25/12/16 03:30:34 INFO BlockManagerInfo: Added rdd_158_12 in memory on 172.18.0.7:36801 (size: 46.0 B, free: 434.0 MiB)
[2025-12-16T03:30:34.035+0000] {subprocess.py:106} INFO - 25/12/16 03:30:34 INFO BlockManagerInfo: Added rdd_158_11 in memory on 172.18.0.7:36801 (size: 46.0 B, free: 434.0 MiB)
[2025-12-16T03:30:34.036+0000] {subprocess.py:106} INFO - 25/12/16 03:30:34 INFO BlockManagerInfo: Added rdd_158_8 in memory on 172.18.0.7:36801 (size: 46.0 B, free: 434.0 MiB)
[2025-12-16T03:30:34.037+0000] {subprocess.py:106} INFO - 25/12/16 03:30:34 INFO BlockManagerInfo: Added rdd_158_3 in memory on 172.18.0.7:36801 (size: 46.0 B, free: 434.0 MiB)
[2025-12-16T03:30:34.038+0000] {subprocess.py:106} INFO - 25/12/16 03:30:34 INFO BlockManagerInfo: Added rdd_158_7 in memory on 172.18.0.7:36801 (size: 46.0 B, free: 434.0 MiB)
[2025-12-16T03:30:34.039+0000] {subprocess.py:106} INFO - 25/12/16 03:30:34 INFO BlockManagerInfo: Added rdd_158_4 in memory on 172.18.0.7:36801 (size: 46.0 B, free: 434.0 MiB)
[2025-12-16T03:30:34.040+0000] {subprocess.py:106} INFO - 25/12/16 03:30:34 INFO BlockManagerInfo: Added rdd_158_9 in memory on 172.18.0.7:36801 (size: 46.0 B, free: 434.0 MiB)
[2025-12-16T03:30:34.043+0000] {subprocess.py:106} INFO - 25/12/16 03:30:34 INFO BlockManagerInfo: Added rdd_158_1 in memory on 172.18.0.7:36801 (size: 46.0 B, free: 434.0 MiB)
[2025-12-16T03:30:34.045+0000] {subprocess.py:106} INFO - 25/12/16 03:30:34 INFO BlockManagerInfo: Added rdd_158_0 in memory on 172.18.0.7:36801 (size: 46.0 B, free: 434.0 MiB)
[2025-12-16T03:30:34.051+0000] {subprocess.py:106} INFO - 25/12/16 03:30:34 INFO BlockManagerInfo: Added rdd_158_5 in memory on 172.18.0.7:36801 (size: 46.0 B, free: 434.0 MiB)
[2025-12-16T03:30:34.055+0000] {subprocess.py:106} INFO - 25/12/16 03:30:34 INFO TaskSetManager: Starting task 14.0 in stage 56.0 (TID 545) (172.18.0.7, executor 0, partition 14, PROCESS_LOCAL, 7356 bytes)
[2025-12-16T03:30:34.058+0000] {subprocess.py:106} INFO - 25/12/16 03:30:34 INFO BlockManagerInfo: Added rdd_158_6 in memory on 172.18.0.7:36801 (size: 46.0 B, free: 434.0 MiB)
[2025-12-16T03:30:34.060+0000] {subprocess.py:106} INFO - 25/12/16 03:30:34 INFO TaskSetManager: Starting task 15.0 in stage 56.0 (TID 546) (172.18.0.7, executor 0, partition 15, PROCESS_LOCAL, 7356 bytes)
[2025-12-16T03:30:34.062+0000] {subprocess.py:106} INFO - 25/12/16 03:30:34 INFO TaskSetManager: Finished task 2.0 in stage 56.0 (TID 533) in 118 ms on 172.18.0.7 (executor 0) (1/50)
[2025-12-16T03:30:34.063+0000] {subprocess.py:106} INFO - 25/12/16 03:30:34 INFO TaskSetManager: Finished task 13.0 in stage 56.0 (TID 544) in 117 ms on 172.18.0.7 (executor 0) (2/50)
[2025-12-16T03:30:34.064+0000] {subprocess.py:106} INFO - 25/12/16 03:30:34 INFO TaskSetManager: Starting task 16.0 in stage 56.0 (TID 547) (172.18.0.7, executor 0, partition 16, PROCESS_LOCAL, 7356 bytes)
[2025-12-16T03:30:34.065+0000] {subprocess.py:106} INFO - 25/12/16 03:30:34 INFO TaskSetManager: Finished task 8.0 in stage 56.0 (TID 539) in 122 ms on 172.18.0.7 (executor 0) (3/50)
[2025-12-16T03:30:34.066+0000] {subprocess.py:106} INFO - 25/12/16 03:30:34 INFO BlockManagerInfo: Added rdd_158_26 in memory on 172.18.0.7:36801 (size: 570.0 B, free: 434.0 MiB)
[2025-12-16T03:30:34.067+0000] {subprocess.py:106} INFO - 25/12/16 03:30:34 INFO BlockManagerInfo: Added rdd_158_42 in memory on 172.18.0.7:36801 (size: 505.0 B, free: 434.0 MiB)
[2025-12-16T03:30:34.069+0000] {subprocess.py:106} INFO - 25/12/16 03:30:34 INFO TaskSetManager: Starting task 17.0 in stage 56.0 (TID 548) (172.18.0.7, executor 0, partition 17, PROCESS_LOCAL, 7356 bytes)
[2025-12-16T03:30:34.071+0000] {subprocess.py:106} INFO - 25/12/16 03:30:34 INFO TaskSetManager: Finished task 7.0 in stage 56.0 (TID 538) in 128 ms on 172.18.0.7 (executor 0) (4/50)
[2025-12-16T03:30:34.072+0000] {subprocess.py:106} INFO - 25/12/16 03:30:34 INFO TaskSetManager: Starting task 18.0 in stage 56.0 (TID 549) (172.18.0.7, executor 0, partition 18, PROCESS_LOCAL, 7356 bytes)
[2025-12-16T03:30:34.073+0000] {subprocess.py:106} INFO - 25/12/16 03:30:34 INFO TaskSetManager: Finished task 10.0 in stage 56.0 (TID 541) in 130 ms on 172.18.0.7 (executor 0) (5/50)
[2025-12-16T03:30:34.083+0000] {subprocess.py:106} INFO - 25/12/16 03:30:34 INFO TaskSetManager: Starting task 19.0 in stage 56.0 (TID 550) (172.18.0.7, executor 0, partition 19, PROCESS_LOCAL, 7356 bytes)
[2025-12-16T03:30:34.085+0000] {subprocess.py:106} INFO - 25/12/16 03:30:34 INFO TaskSetManager: Finished task 11.0 in stage 56.0 (TID 542) in 134 ms on 172.18.0.7 (executor 0) (6/50)
[2025-12-16T03:30:34.087+0000] {subprocess.py:106} INFO - 25/12/16 03:30:34 INFO TaskSetManager: Starting task 20.0 in stage 56.0 (TID 551) (172.18.0.7, executor 0, partition 20, PROCESS_LOCAL, 7356 bytes)
[2025-12-16T03:30:34.093+0000] {subprocess.py:106} INFO - 25/12/16 03:30:34 INFO TaskSetManager: Starting task 21.0 in stage 56.0 (TID 552) (172.18.0.7, executor 0, partition 21, PROCESS_LOCAL, 7356 bytes)
[2025-12-16T03:30:34.095+0000] {subprocess.py:106} INFO - 25/12/16 03:30:34 INFO TaskSetManager: Finished task 4.0 in stage 56.0 (TID 535) in 137 ms on 172.18.0.7 (executor 0) (7/50)
[2025-12-16T03:30:34.098+0000] {subprocess.py:106} INFO - 25/12/16 03:30:34 INFO TaskSetManager: Finished task 1.0 in stage 56.0 (TID 532) in 138 ms on 172.18.0.7 (executor 0) (8/50)
[2025-12-16T03:30:34.099+0000] {subprocess.py:106} INFO - 25/12/16 03:30:34 INFO TaskSetManager: Starting task 22.0 in stage 56.0 (TID 553) (172.18.0.7, executor 0, partition 22, PROCESS_LOCAL, 7356 bytes)
[2025-12-16T03:30:34.103+0000] {subprocess.py:106} INFO - 25/12/16 03:30:34 INFO TaskSetManager: Starting task 23.0 in stage 56.0 (TID 554) (172.18.0.7, executor 0, partition 23, PROCESS_LOCAL, 7356 bytes)
[2025-12-16T03:30:34.105+0000] {subprocess.py:106} INFO - 25/12/16 03:30:34 INFO TaskSetManager: Finished task 5.0 in stage 56.0 (TID 536) in 153 ms on 172.18.0.7 (executor 0) (9/50)
[2025-12-16T03:30:34.107+0000] {subprocess.py:106} INFO - 25/12/16 03:30:34 INFO TaskSetManager: Finished task 9.0 in stage 56.0 (TID 540) in 152 ms on 172.18.0.7 (executor 0) (10/50)
[2025-12-16T03:30:34.112+0000] {subprocess.py:106} INFO - 25/12/16 03:30:34 INFO TaskSetManager: Starting task 24.0 in stage 56.0 (TID 555) (172.18.0.7, executor 0, partition 24, PROCESS_LOCAL, 7356 bytes)
[2025-12-16T03:30:34.114+0000] {subprocess.py:106} INFO - 25/12/16 03:30:34 INFO TaskSetManager: Finished task 3.0 in stage 56.0 (TID 534) in 160 ms on 172.18.0.7 (executor 0) (11/50)
[2025-12-16T03:30:34.116+0000] {subprocess.py:106} INFO - 25/12/16 03:30:34 INFO TaskSetManager: Starting task 25.0 in stage 56.0 (TID 556) (172.18.0.7, executor 0, partition 25, PROCESS_LOCAL, 7356 bytes)
[2025-12-16T03:30:34.119+0000] {subprocess.py:106} INFO - 25/12/16 03:30:34 INFO TaskSetManager: Finished task 0.0 in stage 56.0 (TID 531) in 164 ms on 172.18.0.7 (executor 0) (12/50)
[2025-12-16T03:30:34.121+0000] {subprocess.py:106} INFO - 25/12/16 03:30:34 INFO TaskSetManager: Starting task 27.0 in stage 56.0 (TID 557) (172.18.0.7, executor 0, partition 27, PROCESS_LOCAL, 7356 bytes)
[2025-12-16T03:30:34.124+0000] {subprocess.py:106} INFO - 25/12/16 03:30:34 INFO TaskSetManager: Starting task 28.0 in stage 56.0 (TID 558) (172.18.0.7, executor 0, partition 28, PROCESS_LOCAL, 7356 bytes)
[2025-12-16T03:30:34.125+0000] {subprocess.py:106} INFO - 25/12/16 03:30:34 INFO TaskSetManager: Finished task 6.0 in stage 56.0 (TID 537) in 175 ms on 172.18.0.7 (executor 0) (13/50)
[2025-12-16T03:30:34.127+0000] {subprocess.py:106} INFO - 25/12/16 03:30:34 INFO TaskSetManager: Finished task 26.0 in stage 56.0 (TID 529) in 177 ms on 172.18.0.7 (executor 0) (14/50)
[2025-12-16T03:30:34.128+0000] {subprocess.py:106} INFO - 25/12/16 03:30:34 INFO TaskSetManager: Starting task 29.0 in stage 56.0 (TID 559) (172.18.0.7, executor 0, partition 29, PROCESS_LOCAL, 7356 bytes)
[2025-12-16T03:30:34.129+0000] {subprocess.py:106} INFO - 25/12/16 03:30:34 INFO TaskSetManager: Finished task 42.0 in stage 56.0 (TID 530) in 182 ms on 172.18.0.7 (executor 0) (15/50)
[2025-12-16T03:30:34.130+0000] {subprocess.py:106} INFO - 25/12/16 03:30:34 INFO TaskSetManager: Starting task 30.0 in stage 56.0 (TID 560) (172.18.0.7, executor 0, partition 30, PROCESS_LOCAL, 7356 bytes)
[2025-12-16T03:30:34.131+0000] {subprocess.py:106} INFO - 25/12/16 03:30:34 INFO TaskSetManager: Finished task 12.0 in stage 56.0 (TID 543) in 184 ms on 172.18.0.7 (executor 0) (16/50)
[2025-12-16T03:30:34.172+0000] {subprocess.py:106} INFO - 25/12/16 03:30:34 INFO BlockManagerInfo: Added rdd_158_18 in memory on 172.18.0.7:36801 (size: 46.0 B, free: 434.0 MiB)
[2025-12-16T03:30:34.173+0000] {subprocess.py:106} INFO - 25/12/16 03:30:34 INFO BlockManagerInfo: Added rdd_158_19 in memory on 172.18.0.7:36801 (size: 46.0 B, free: 434.0 MiB)
[2025-12-16T03:30:34.175+0000] {subprocess.py:106} INFO - 25/12/16 03:30:34 INFO BlockManagerInfo: Added rdd_158_16 in memory on 172.18.0.7:36801 (size: 46.0 B, free: 434.0 MiB)
[2025-12-16T03:30:34.184+0000] {subprocess.py:106} INFO - 25/12/16 03:30:34 INFO BlockManagerInfo: Added rdd_158_17 in memory on 172.18.0.7:36801 (size: 46.0 B, free: 434.0 MiB)
[2025-12-16T03:30:34.185+0000] {subprocess.py:106} INFO - 25/12/16 03:30:34 INFO BlockManagerInfo: Added rdd_158_14 in memory on 172.18.0.7:36801 (size: 46.0 B, free: 434.0 MiB)
[2025-12-16T03:30:34.203+0000] {subprocess.py:106} INFO - 25/12/16 03:30:34 INFO BlockManagerInfo: Added rdd_158_20 in memory on 172.18.0.7:36801 (size: 46.0 B, free: 434.0 MiB)
[2025-12-16T03:30:34.204+0000] {subprocess.py:106} INFO - 25/12/16 03:30:34 INFO BlockManagerInfo: Added rdd_158_15 in memory on 172.18.0.7:36801 (size: 46.0 B, free: 434.0 MiB)
[2025-12-16T03:30:34.208+0000] {subprocess.py:106} INFO - 25/12/16 03:30:34 INFO TaskSetManager: Starting task 31.0 in stage 56.0 (TID 561) (172.18.0.7, executor 0, partition 31, PROCESS_LOCAL, 7356 bytes)
[2025-12-16T03:30:34.209+0000] {subprocess.py:106} INFO - 25/12/16 03:30:34 INFO TaskSetManager: Finished task 19.0 in stage 56.0 (TID 550) in 134 ms on 172.18.0.7 (executor 0) (17/50)
[2025-12-16T03:30:34.214+0000] {subprocess.py:106} INFO - 25/12/16 03:30:34 INFO BlockManagerInfo: Added rdd_158_21 in memory on 172.18.0.7:36801 (size: 46.0 B, free: 434.0 MiB)
[2025-12-16T03:30:34.216+0000] {subprocess.py:106} INFO - 25/12/16 03:30:34 INFO TaskSetManager: Starting task 32.0 in stage 56.0 (TID 562) (172.18.0.7, executor 0, partition 32, PROCESS_LOCAL, 7356 bytes)
[2025-12-16T03:30:34.218+0000] {subprocess.py:106} INFO - 25/12/16 03:30:34 INFO BlockManagerInfo: Added rdd_158_23 in memory on 172.18.0.7:36801 (size: 46.0 B, free: 434.0 MiB)
[2025-12-16T03:30:34.219+0000] {subprocess.py:106} INFO - 25/12/16 03:30:34 INFO BlockManagerInfo: Added rdd_158_24 in memory on 172.18.0.7:36801 (size: 46.0 B, free: 434.0 MiB)
[2025-12-16T03:30:34.220+0000] {subprocess.py:106} INFO - 25/12/16 03:30:34 INFO TaskSetManager: Starting task 33.0 in stage 56.0 (TID 563) (172.18.0.7, executor 0, partition 33, PROCESS_LOCAL, 7356 bytes)
[2025-12-16T03:30:34.221+0000] {subprocess.py:106} INFO - 25/12/16 03:30:34 INFO TaskSetManager: Finished task 18.0 in stage 56.0 (TID 549) in 151 ms on 172.18.0.7 (executor 0) (18/50)
[2025-12-16T03:30:34.222+0000] {subprocess.py:106} INFO - 25/12/16 03:30:34 INFO TaskSetManager: Finished task 16.0 in stage 56.0 (TID 547) in 159 ms on 172.18.0.7 (executor 0) (19/50)
[2025-12-16T03:30:34.228+0000] {subprocess.py:106} INFO - 25/12/16 03:30:34 INFO BlockManagerInfo: Added rdd_158_28 in memory on 172.18.0.7:36801 (size: 46.0 B, free: 434.0 MiB)
[2025-12-16T03:30:34.230+0000] {subprocess.py:106} INFO - 25/12/16 03:30:34 INFO BlockManagerInfo: Added rdd_158_27 in memory on 172.18.0.7:36801 (size: 46.0 B, free: 434.0 MiB)
[2025-12-16T03:30:34.231+0000] {subprocess.py:106} INFO - 25/12/16 03:30:34 INFO BlockManagerInfo: Added rdd_158_25 in memory on 172.18.0.7:36801 (size: 46.0 B, free: 434.0 MiB)
[2025-12-16T03:30:34.232+0000] {subprocess.py:106} INFO - 25/12/16 03:30:34 INFO TaskSetManager: Starting task 34.0 in stage 56.0 (TID 564) (172.18.0.7, executor 0, partition 34, PROCESS_LOCAL, 7356 bytes)
[2025-12-16T03:30:34.233+0000] {subprocess.py:106} INFO - 25/12/16 03:30:34 INFO TaskSetManager: Finished task 15.0 in stage 56.0 (TID 546) in 182 ms on 172.18.0.7 (executor 0) (20/50)
[2025-12-16T03:30:34.259+0000] {subprocess.py:106} INFO - 25/12/16 03:30:34 INFO BlockManagerInfo: Added rdd_158_29 in memory on 172.18.0.7:36801 (size: 46.0 B, free: 434.0 MiB)
[2025-12-16T03:30:34.261+0000] {subprocess.py:106} INFO - 25/12/16 03:30:34 INFO BlockManagerInfo: Added rdd_158_22 in memory on 172.18.0.7:36801 (size: 46.0 B, free: 434.0 MiB)
[2025-12-16T03:30:34.262+0000] {subprocess.py:106} INFO - 25/12/16 03:30:34 INFO TaskSetManager: Starting task 35.0 in stage 56.0 (TID 565) (172.18.0.7, executor 0, partition 35, PROCESS_LOCAL, 7356 bytes)
[2025-12-16T03:30:34.263+0000] {subprocess.py:106} INFO - 25/12/16 03:30:34 INFO TaskSetManager: Finished task 14.0 in stage 56.0 (TID 545) in 208 ms on 172.18.0.7 (executor 0) (21/50)
[2025-12-16T03:30:34.271+0000] {subprocess.py:106} INFO - 25/12/16 03:30:34 INFO TaskSetManager: Starting task 36.0 in stage 56.0 (TID 566) (172.18.0.7, executor 0, partition 36, PROCESS_LOCAL, 7356 bytes)
[2025-12-16T03:30:34.273+0000] {subprocess.py:106} INFO - 25/12/16 03:30:34 INFO TaskSetManager: Finished task 24.0 in stage 56.0 (TID 555) in 181 ms on 172.18.0.7 (executor 0) (22/50)
[2025-12-16T03:30:34.276+0000] {subprocess.py:106} INFO - 25/12/16 03:30:34 INFO TaskSetManager: Starting task 37.0 in stage 56.0 (TID 567) (172.18.0.7, executor 0, partition 37, PROCESS_LOCAL, 7356 bytes)
[2025-12-16T03:30:34.278+0000] {subprocess.py:106} INFO - 25/12/16 03:30:34 INFO TaskSetManager: Finished task 17.0 in stage 56.0 (TID 548) in 209 ms on 172.18.0.7 (executor 0) (23/50)
[2025-12-16T03:30:34.289+0000] {subprocess.py:106} INFO - 25/12/16 03:30:34 INFO TaskSetManager: Starting task 38.0 in stage 56.0 (TID 568) (172.18.0.7, executor 0, partition 38, PROCESS_LOCAL, 7356 bytes)
[2025-12-16T03:30:34.290+0000] {subprocess.py:106} INFO - 25/12/16 03:30:34 INFO TaskSetManager: Finished task 21.0 in stage 56.0 (TID 552) in 213 ms on 172.18.0.7 (executor 0) (24/50)
[2025-12-16T03:30:34.294+0000] {subprocess.py:106} INFO - 25/12/16 03:30:34 INFO TaskSetManager: Starting task 39.0 in stage 56.0 (TID 569) (172.18.0.7, executor 0, partition 39, PROCESS_LOCAL, 7356 bytes)
[2025-12-16T03:30:34.295+0000] {subprocess.py:106} INFO - 25/12/16 03:30:34 INFO TaskSetManager: Finished task 27.0 in stage 56.0 (TID 557) in 185 ms on 172.18.0.7 (executor 0) (25/50)
[2025-12-16T03:30:34.296+0000] {subprocess.py:106} INFO - 25/12/16 03:30:34 INFO TaskSetManager: Starting task 40.0 in stage 56.0 (TID 570) (172.18.0.7, executor 0, partition 40, PROCESS_LOCAL, 7356 bytes)
[2025-12-16T03:30:34.298+0000] {subprocess.py:106} INFO - 25/12/16 03:30:34 INFO TaskSetManager: Starting task 41.0 in stage 56.0 (TID 571) (172.18.0.7, executor 0, partition 41, PROCESS_LOCAL, 7356 bytes)
[2025-12-16T03:30:34.299+0000] {subprocess.py:106} INFO - 25/12/16 03:30:34 INFO TaskSetManager: Starting task 43.0 in stage 56.0 (TID 572) (172.18.0.7, executor 0, partition 43, PROCESS_LOCAL, 7356 bytes)
[2025-12-16T03:30:34.301+0000] {subprocess.py:106} INFO - 25/12/16 03:30:34 INFO TaskSetManager: Finished task 23.0 in stage 56.0 (TID 554) in 209 ms on 172.18.0.7 (executor 0) (26/50)
[2025-12-16T03:30:34.303+0000] {subprocess.py:106} INFO - 25/12/16 03:30:34 INFO TaskSetManager: Finished task 28.0 in stage 56.0 (TID 558) in 191 ms on 172.18.0.7 (executor 0) (27/50)
[2025-12-16T03:30:34.304+0000] {subprocess.py:106} INFO - 25/12/16 03:30:34 INFO TaskSetManager: Finished task 20.0 in stage 56.0 (TID 551) in 229 ms on 172.18.0.7 (executor 0) (28/50)
[2025-12-16T03:30:34.306+0000] {subprocess.py:106} INFO - 25/12/16 03:30:34 INFO BlockManagerInfo: Added rdd_158_30 in memory on 172.18.0.7:36801 (size: 46.0 B, free: 434.0 MiB)
[2025-12-16T03:30:34.312+0000] {subprocess.py:106} INFO - 25/12/16 03:30:34 INFO TaskSetManager: Starting task 44.0 in stage 56.0 (TID 573) (172.18.0.7, executor 0, partition 44, PROCESS_LOCAL, 7356 bytes)
[2025-12-16T03:30:34.314+0000] {subprocess.py:106} INFO - 25/12/16 03:30:34 INFO TaskSetManager: Starting task 45.0 in stage 56.0 (TID 574) (172.18.0.7, executor 0, partition 45, PROCESS_LOCAL, 7356 bytes)
[2025-12-16T03:30:34.315+0000] {subprocess.py:106} INFO - 25/12/16 03:30:34 INFO TaskSetManager: Finished task 25.0 in stage 56.0 (TID 556) in 212 ms on 172.18.0.7 (executor 0) (29/50)
[2025-12-16T03:30:34.316+0000] {subprocess.py:106} INFO - 25/12/16 03:30:34 INFO TaskSetManager: Finished task 22.0 in stage 56.0 (TID 553) in 225 ms on 172.18.0.7 (executor 0) (30/50)
[2025-12-16T03:30:34.321+0000] {subprocess.py:106} INFO - 25/12/16 03:30:34 INFO BlockManagerInfo: Added rdd_158_31 in memory on 172.18.0.7:36801 (size: 46.0 B, free: 434.0 MiB)
[2025-12-16T03:30:34.322+0000] {subprocess.py:106} INFO - 25/12/16 03:30:34 INFO TaskSetManager: Starting task 46.0 in stage 56.0 (TID 575) (172.18.0.7, executor 0, partition 46, PROCESS_LOCAL, 7356 bytes)
[2025-12-16T03:30:34.323+0000] {subprocess.py:106} INFO - 25/12/16 03:30:34 INFO TaskSetManager: Finished task 29.0 in stage 56.0 (TID 559) in 203 ms on 172.18.0.7 (executor 0) (31/50)
[2025-12-16T03:30:34.329+0000] {subprocess.py:106} INFO - 25/12/16 03:30:34 INFO BlockManagerInfo: Added rdd_158_34 in memory on 172.18.0.7:36801 (size: 46.0 B, free: 434.0 MiB)
[2025-12-16T03:30:34.347+0000] {subprocess.py:106} INFO - 25/12/16 03:30:34 INFO TaskSetManager: Starting task 47.0 in stage 56.0 (TID 576) (172.18.0.7, executor 0, partition 47, PROCESS_LOCAL, 7356 bytes)
[2025-12-16T03:30:34.349+0000] {subprocess.py:106} INFO - 25/12/16 03:30:34 INFO TaskSetManager: Finished task 31.0 in stage 56.0 (TID 561) in 140 ms on 172.18.0.7 (executor 0) (32/50)
[2025-12-16T03:30:34.354+0000] {subprocess.py:106} INFO - 25/12/16 03:30:34 INFO BlockManagerInfo: Added rdd_158_36 in memory on 172.18.0.7:36801 (size: 46.0 B, free: 434.0 MiB)
[2025-12-16T03:30:34.356+0000] {subprocess.py:106} INFO - 25/12/16 03:30:34 INFO TaskSetManager: Starting task 48.0 in stage 56.0 (TID 577) (172.18.0.7, executor 0, partition 48, PROCESS_LOCAL, 7356 bytes)
[2025-12-16T03:30:34.357+0000] {subprocess.py:106} INFO - 25/12/16 03:30:34 INFO TaskSetManager: Finished task 34.0 in stage 56.0 (TID 564) in 125 ms on 172.18.0.7 (executor 0) (33/50)
[2025-12-16T03:30:34.380+0000] {subprocess.py:106} INFO - 25/12/16 03:30:34 INFO TaskSetManager: Starting task 49.0 in stage 56.0 (TID 578) (172.18.0.7, executor 0, partition 49, PROCESS_LOCAL, 7356 bytes)
[2025-12-16T03:30:34.382+0000] {subprocess.py:106} INFO - 25/12/16 03:30:34 INFO BlockManagerInfo: Added rdd_158_33 in memory on 172.18.0.7:36801 (size: 46.0 B, free: 434.0 MiB)
[2025-12-16T03:30:34.385+0000] {subprocess.py:106} INFO - 25/12/16 03:30:34 INFO TaskSetManager: Finished task 30.0 in stage 56.0 (TID 560) in 257 ms on 172.18.0.7 (executor 0) (34/50)
[2025-12-16T03:30:34.386+0000] {subprocess.py:106} INFO - 25/12/16 03:30:34 INFO BlockManagerInfo: Added rdd_158_38 in memory on 172.18.0.7:36801 (size: 46.0 B, free: 434.0 MiB)
[2025-12-16T03:30:34.390+0000] {subprocess.py:106} INFO - 25/12/16 03:30:34 INFO BlockManagerInfo: Added rdd_158_32 in memory on 172.18.0.7:36801 (size: 46.0 B, free: 434.0 MiB)
[2025-12-16T03:30:34.395+0000] {subprocess.py:106} INFO - 25/12/16 03:30:34 INFO BlockManagerInfo: Added rdd_158_39 in memory on 172.18.0.7:36801 (size: 46.0 B, free: 434.0 MiB)
[2025-12-16T03:30:34.399+0000] {subprocess.py:106} INFO - 25/12/16 03:30:34 INFO BlockManagerInfo: Added rdd_158_40 in memory on 172.18.0.7:36801 (size: 46.0 B, free: 434.0 MiB)
[2025-12-16T03:30:34.401+0000] {subprocess.py:106} INFO - 25/12/16 03:30:34 INFO BlockManagerInfo: Added rdd_158_37 in memory on 172.18.0.7:36801 (size: 46.0 B, free: 434.0 MiB)
[2025-12-16T03:30:34.403+0000] {subprocess.py:106} INFO - 25/12/16 03:30:34 INFO BlockManagerInfo: Added rdd_158_46 in memory on 172.18.0.7:36801 (size: 46.0 B, free: 434.0 MiB)
[2025-12-16T03:30:34.409+0000] {subprocess.py:106} INFO - 25/12/16 03:30:34 INFO TaskSetManager: Finished task 36.0 in stage 56.0 (TID 566) in 136 ms on 172.18.0.7 (executor 0) (35/50)
[2025-12-16T03:30:34.410+0000] {subprocess.py:106} INFO - 25/12/16 03:30:34 INFO BlockManagerInfo: Added rdd_158_45 in memory on 172.18.0.7:36801 (size: 46.0 B, free: 434.0 MiB)
[2025-12-16T03:30:34.411+0000] {subprocess.py:106} INFO - 25/12/16 03:30:34 INFO BlockManagerInfo: Added rdd_158_35 in memory on 172.18.0.7:36801 (size: 46.0 B, free: 434.0 MiB)
[2025-12-16T03:30:34.412+0000] {subprocess.py:106} INFO - 25/12/16 03:30:34 INFO TaskSetManager: Finished task 33.0 in stage 56.0 (TID 563) in 191 ms on 172.18.0.7 (executor 0) (36/50)
[2025-12-16T03:30:34.414+0000] {subprocess.py:106} INFO - 25/12/16 03:30:34 INFO BlockManagerInfo: Added rdd_158_41 in memory on 172.18.0.7:36801 (size: 46.0 B, free: 434.0 MiB)
[2025-12-16T03:30:34.415+0000] {subprocess.py:106} INFO - 25/12/16 03:30:34 INFO BlockManagerInfo: Added rdd_158_43 in memory on 172.18.0.7:36801 (size: 46.0 B, free: 434.0 MiB)
[2025-12-16T03:30:34.416+0000] {subprocess.py:106} INFO - 25/12/16 03:30:34 INFO BlockManagerInfo: Added rdd_158_44 in memory on 172.18.0.7:36801 (size: 46.0 B, free: 434.0 MiB)
[2025-12-16T03:30:34.441+0000] {subprocess.py:106} INFO - 25/12/16 03:30:34 INFO TaskSetManager: Finished task 38.0 in stage 56.0 (TID 568) in 146 ms on 172.18.0.7 (executor 0) (37/50)
[2025-12-16T03:30:34.444+0000] {subprocess.py:106} INFO - 25/12/16 03:30:34 INFO TaskSetManager: Finished task 32.0 in stage 56.0 (TID 562) in 221 ms on 172.18.0.7 (executor 0) (38/50)
[2025-12-16T03:30:34.451+0000] {subprocess.py:106} INFO - 25/12/16 03:30:34 INFO TaskSetManager: Finished task 40.0 in stage 56.0 (TID 570) in 142 ms on 172.18.0.7 (executor 0) (39/50)
[2025-12-16T03:30:34.453+0000] {subprocess.py:106} INFO - 25/12/16 03:30:34 INFO TaskSetManager: Finished task 39.0 in stage 56.0 (TID 569) in 148 ms on 172.18.0.7 (executor 0) (40/50)
[2025-12-16T03:30:34.459+0000] {subprocess.py:106} INFO - 25/12/16 03:30:34 INFO TaskSetManager: Finished task 46.0 in stage 56.0 (TID 575) in 125 ms on 172.18.0.7 (executor 0) (41/50)
[2025-12-16T03:30:34.461+0000] {subprocess.py:106} INFO - 25/12/16 03:30:34 INFO TaskSetManager: Finished task 37.0 in stage 56.0 (TID 567) in 167 ms on 172.18.0.7 (executor 0) (42/50)
[2025-12-16T03:30:34.462+0000] {subprocess.py:106} INFO - 25/12/16 03:30:34 INFO BlockManagerInfo: Added rdd_158_48 in memory on 172.18.0.7:36801 (size: 46.0 B, free: 434.0 MiB)
[2025-12-16T03:30:34.463+0000] {subprocess.py:106} INFO - 25/12/16 03:30:34 INFO TaskSetManager: Finished task 45.0 in stage 56.0 (TID 574) in 138 ms on 172.18.0.7 (executor 0) (43/50)
[2025-12-16T03:30:34.465+0000] {subprocess.py:106} INFO - 25/12/16 03:30:34 INFO TaskSetManager: Finished task 43.0 in stage 56.0 (TID 572) in 157 ms on 172.18.0.7 (executor 0) (44/50)
[2025-12-16T03:30:34.466+0000] {subprocess.py:106} INFO - 25/12/16 03:30:34 INFO BlockManagerInfo: Added rdd_158_47 in memory on 172.18.0.7:36801 (size: 46.0 B, free: 434.0 MiB)
[2025-12-16T03:30:34.467+0000] {subprocess.py:106} INFO - 25/12/16 03:30:34 INFO TaskSetManager: Finished task 41.0 in stage 56.0 (TID 571) in 167 ms on 172.18.0.7 (executor 0) (45/50)
[2025-12-16T03:30:34.469+0000] {subprocess.py:106} INFO - 25/12/16 03:30:34 INFO TaskSetManager: Finished task 35.0 in stage 56.0 (TID 565) in 208 ms on 172.18.0.7 (executor 0) (46/50)
[2025-12-16T03:30:34.471+0000] {subprocess.py:106} INFO - 25/12/16 03:30:34 INFO TaskSetManager: Finished task 44.0 in stage 56.0 (TID 573) in 161 ms on 172.18.0.7 (executor 0) (47/50)
[2025-12-16T03:30:34.483+0000] {subprocess.py:106} INFO - 25/12/16 03:30:34 INFO BlockManagerInfo: Added rdd_158_49 in memory on 172.18.0.7:36801 (size: 46.0 B, free: 434.0 MiB)
[2025-12-16T03:30:34.485+0000] {subprocess.py:106} INFO - 25/12/16 03:30:34 INFO TaskSetManager: Finished task 48.0 in stage 56.0 (TID 577) in 131 ms on 172.18.0.7 (executor 0) (48/50)
[2025-12-16T03:30:34.506+0000] {subprocess.py:106} INFO - 25/12/16 03:30:34 INFO TaskSetManager: Finished task 47.0 in stage 56.0 (TID 576) in 159 ms on 172.18.0.7 (executor 0) (49/50)
[2025-12-16T03:30:34.521+0000] {subprocess.py:106} INFO - 25/12/16 03:30:34 INFO TaskSetManager: Finished task 49.0 in stage 56.0 (TID 578) in 142 ms on 172.18.0.7 (executor 0) (50/50)
[2025-12-16T03:30:34.522+0000] {subprocess.py:106} INFO - 25/12/16 03:30:34 INFO TaskSchedulerImpl: Removed TaskSet 56.0, whose tasks have all completed, from pool
[2025-12-16T03:30:34.523+0000] {subprocess.py:106} INFO - 25/12/16 03:30:34 INFO DAGScheduler: ShuffleMapStage 56 ($anonfun$recordDeltaOperationInternal$1 at DatabricksLogging.scala:128) finished in 0.603 s
[2025-12-16T03:30:34.524+0000] {subprocess.py:106} INFO - 25/12/16 03:30:34 INFO DAGScheduler: looking for newly runnable stages
[2025-12-16T03:30:34.524+0000] {subprocess.py:106} INFO - 25/12/16 03:30:34 INFO DAGScheduler: running: Set()
[2025-12-16T03:30:34.527+0000] {subprocess.py:106} INFO - 25/12/16 03:30:34 INFO DAGScheduler: waiting: Set()
[2025-12-16T03:30:34.529+0000] {subprocess.py:106} INFO - 25/12/16 03:30:34 INFO DAGScheduler: failed: Set()
[2025-12-16T03:30:34.553+0000] {subprocess.py:106} INFO - 25/12/16 03:30:34 INFO SparkContext: Starting job: $anonfun$recordDeltaOperationInternal$1 at DatabricksLogging.scala:128
[2025-12-16T03:30:34.554+0000] {subprocess.py:106} INFO - 25/12/16 03:30:34 INFO DAGScheduler: Got job 34 ($anonfun$recordDeltaOperationInternal$1 at DatabricksLogging.scala:128) with 1 output partitions
[2025-12-16T03:30:34.555+0000] {subprocess.py:106} INFO - 25/12/16 03:30:34 INFO DAGScheduler: Final stage: ResultStage 59 ($anonfun$recordDeltaOperationInternal$1 at DatabricksLogging.scala:128)
[2025-12-16T03:30:34.557+0000] {subprocess.py:106} INFO - 25/12/16 03:30:34 INFO DAGScheduler: Parents of final stage: List(ShuffleMapStage 58)
[2025-12-16T03:30:34.558+0000] {subprocess.py:106} INFO - 25/12/16 03:30:34 INFO DAGScheduler: Missing parents: List()
[2025-12-16T03:30:34.559+0000] {subprocess.py:106} INFO - 25/12/16 03:30:34 INFO DAGScheduler: Submitting ResultStage 59 (MapPartitionsRDD[164] at $anonfun$recordDeltaOperationInternal$1 at DatabricksLogging.scala:128), which has no missing parents
[2025-12-16T03:30:34.563+0000] {subprocess.py:106} INFO - 25/12/16 03:30:34 INFO MemoryStore: Block broadcast_58 stored as values in memory (estimated size 452.3 KiB, free 430.2 MiB)
[2025-12-16T03:30:34.565+0000] {subprocess.py:106} INFO - 25/12/16 03:30:34 INFO MemoryStore: Block broadcast_58_piece0 stored as bytes in memory (estimated size 108.1 KiB, free 430.1 MiB)
[2025-12-16T03:30:34.566+0000] {subprocess.py:106} INFO - 25/12/16 03:30:34 INFO BlockManagerInfo: Added broadcast_58_piece0 in memory on 3ad9a82189be:39783 (size: 108.1 KiB, free: 433.7 MiB)
[2025-12-16T03:30:34.567+0000] {subprocess.py:106} INFO - 25/12/16 03:30:34 INFO SparkContext: Created broadcast 58 from broadcast at DAGScheduler.scala:1535
[2025-12-16T03:30:34.568+0000] {subprocess.py:106} INFO - 25/12/16 03:30:34 INFO DAGScheduler: Submitting 1 missing tasks from ResultStage 59 (MapPartitionsRDD[164] at $anonfun$recordDeltaOperationInternal$1 at DatabricksLogging.scala:128) (first 15 tasks are for partitions Vector(0))
[2025-12-16T03:30:34.569+0000] {subprocess.py:106} INFO - 25/12/16 03:30:34 INFO TaskSchedulerImpl: Adding task set 59.0 with 1 tasks resource profile 0
[2025-12-16T03:30:34.570+0000] {subprocess.py:106} INFO - 25/12/16 03:30:34 INFO TaskSetManager: Starting task 0.0 in stage 59.0 (TID 579) (172.18.0.7, executor 0, partition 0, NODE_LOCAL, 7367 bytes)
[2025-12-16T03:30:34.579+0000] {subprocess.py:106} INFO - 25/12/16 03:30:34 INFO BlockManagerInfo: Added broadcast_58_piece0 in memory on 172.18.0.7:36801 (size: 108.1 KiB, free: 433.9 MiB)
[2025-12-16T03:30:34.589+0000] {subprocess.py:106} INFO - 25/12/16 03:30:34 INFO MapOutputTrackerMasterEndpoint: Asked to send map output locations for shuffle 13 to 172.18.0.7:43148
[2025-12-16T03:30:34.613+0000] {subprocess.py:106} INFO - 25/12/16 03:30:34 INFO TaskSetManager: Finished task 0.0 in stage 59.0 (TID 579) in 45 ms on 172.18.0.7 (executor 0) (1/1)
[2025-12-16T03:30:34.614+0000] {subprocess.py:106} INFO - 25/12/16 03:30:34 INFO TaskSchedulerImpl: Removed TaskSet 59.0, whose tasks have all completed, from pool
[2025-12-16T03:30:34.615+0000] {subprocess.py:106} INFO - 25/12/16 03:30:34 INFO DAGScheduler: ResultStage 59 ($anonfun$recordDeltaOperationInternal$1 at DatabricksLogging.scala:128) finished in 0.058 s
[2025-12-16T03:30:34.615+0000] {subprocess.py:106} INFO - 25/12/16 03:30:34 INFO DAGScheduler: Job 34 is finished. Cancelling potential speculative or zombie tasks for this job
[2025-12-16T03:30:34.616+0000] {subprocess.py:106} INFO - 25/12/16 03:30:34 INFO TaskSchedulerImpl: Killing all running tasks in stage 59: Stage finished
[2025-12-16T03:30:34.616+0000] {subprocess.py:106} INFO - 25/12/16 03:30:34 INFO DAGScheduler: Job 34 finished: $anonfun$recordDeltaOperationInternal$1 at DatabricksLogging.scala:128, took 0.061946 s
[2025-12-16T03:30:34.627+0000] {subprocess.py:106} INFO - 25/12/16 03:30:34 INFO Snapshot: [tableId=271c68aa-1f86-4bb9-9025-4e95e7ec30d4] DELTA: Done
[2025-12-16T03:30:34.742+0000] {subprocess.py:106} INFO - 25/12/16 03:30:34 INFO BlockManagerInfo: Removed broadcast_58_piece0 on 3ad9a82189be:39783 in memory (size: 108.1 KiB, free: 433.8 MiB)
[2025-12-16T03:30:34.744+0000] {subprocess.py:106} INFO - 25/12/16 03:30:34 INFO BlockManagerInfo: Removed broadcast_58_piece0 on 172.18.0.7:36801 in memory (size: 108.1 KiB, free: 434.0 MiB)
[2025-12-16T03:30:34.749+0000] {subprocess.py:106} INFO - 25/12/16 03:30:34 INFO BlockManagerInfo: Removed broadcast_57_piece0 on 3ad9a82189be:39783 in memory (size: 123.3 KiB, free: 433.9 MiB)
[2025-12-16T03:30:34.750+0000] {subprocess.py:106} INFO - 25/12/16 03:30:34 INFO BlockManagerInfo: Removed broadcast_57_piece0 on 172.18.0.7:36801 in memory (size: 123.3 KiB, free: 434.1 MiB)
[2025-12-16T03:30:34.762+0000] {subprocess.py:106} INFO - 25/12/16 03:30:34 INFO SparkContext: Starting job: $anonfun$recordDeltaOperationInternal$1 at DatabricksLogging.scala:128
[2025-12-16T03:30:34.763+0000] {subprocess.py:106} INFO - 25/12/16 03:30:34 INFO DAGScheduler: Got job 35 ($anonfun$recordDeltaOperationInternal$1 at DatabricksLogging.scala:128) with 50 output partitions
[2025-12-16T03:30:34.764+0000] {subprocess.py:106} INFO - 25/12/16 03:30:34 INFO DAGScheduler: Final stage: ResultStage 61 ($anonfun$recordDeltaOperationInternal$1 at DatabricksLogging.scala:128)
[2025-12-16T03:30:34.765+0000] {subprocess.py:106} INFO - 25/12/16 03:30:34 INFO DAGScheduler: Parents of final stage: List(ShuffleMapStage 60)
[2025-12-16T03:30:34.765+0000] {subprocess.py:106} INFO - 25/12/16 03:30:34 INFO DAGScheduler: Missing parents: List()
[2025-12-16T03:30:34.766+0000] {subprocess.py:106} INFO - 25/12/16 03:30:34 INFO DAGScheduler: Submitting ResultStage 61 (MapPartitionsRDD[166] at $anonfun$recordDeltaOperationInternal$1 at DatabricksLogging.scala:128), which has no missing parents
[2025-12-16T03:30:34.770+0000] {subprocess.py:106} INFO - 25/12/16 03:30:34 INFO MemoryStore: Block broadcast_59 stored as values in memory (estimated size 592.2 KiB, free 430.7 MiB)
[2025-12-16T03:30:34.772+0000] {subprocess.py:106} INFO - 25/12/16 03:30:34 INFO MemoryStore: Block broadcast_59_piece0 stored as bytes in memory (estimated size 138.6 KiB, free 430.5 MiB)
[2025-12-16T03:30:34.773+0000] {subprocess.py:106} INFO - 25/12/16 03:30:34 INFO BlockManagerInfo: Added broadcast_59_piece0 in memory on 3ad9a82189be:39783 (size: 138.6 KiB, free: 433.8 MiB)
[2025-12-16T03:30:34.774+0000] {subprocess.py:106} INFO - 25/12/16 03:30:34 INFO SparkContext: Created broadcast 59 from broadcast at DAGScheduler.scala:1535
[2025-12-16T03:30:34.775+0000] {subprocess.py:106} INFO - 25/12/16 03:30:34 INFO DAGScheduler: Submitting 50 missing tasks from ResultStage 61 (MapPartitionsRDD[166] at $anonfun$recordDeltaOperationInternal$1 at DatabricksLogging.scala:128) (first 15 tasks are for partitions Vector(0, 1, 2, 3, 4, 5, 6, 7, 8, 9, 10, 11, 12, 13, 14))
[2025-12-16T03:30:34.776+0000] {subprocess.py:106} INFO - 25/12/16 03:30:34 INFO TaskSchedulerImpl: Adding task set 61.0 with 50 tasks resource profile 0
[2025-12-16T03:30:34.777+0000] {subprocess.py:106} INFO - 25/12/16 03:30:34 INFO TaskSetManager: Starting task 0.0 in stage 61.0 (TID 580) (172.18.0.7, executor 0, partition 0, PROCESS_LOCAL, 7367 bytes)
[2025-12-16T03:30:34.778+0000] {subprocess.py:106} INFO - 25/12/16 03:30:34 INFO TaskSetManager: Starting task 1.0 in stage 61.0 (TID 581) (172.18.0.7, executor 0, partition 1, PROCESS_LOCAL, 7367 bytes)
[2025-12-16T03:30:34.779+0000] {subprocess.py:106} INFO - 25/12/16 03:30:34 INFO TaskSetManager: Starting task 2.0 in stage 61.0 (TID 582) (172.18.0.7, executor 0, partition 2, PROCESS_LOCAL, 7367 bytes)
[2025-12-16T03:30:34.779+0000] {subprocess.py:106} INFO - 25/12/16 03:30:34 INFO TaskSetManager: Starting task 3.0 in stage 61.0 (TID 583) (172.18.0.7, executor 0, partition 3, PROCESS_LOCAL, 7367 bytes)
[2025-12-16T03:30:34.780+0000] {subprocess.py:106} INFO - 25/12/16 03:30:34 INFO TaskSetManager: Starting task 4.0 in stage 61.0 (TID 584) (172.18.0.7, executor 0, partition 4, PROCESS_LOCAL, 7367 bytes)
[2025-12-16T03:30:34.781+0000] {subprocess.py:106} INFO - 25/12/16 03:30:34 INFO TaskSetManager: Starting task 5.0 in stage 61.0 (TID 585) (172.18.0.7, executor 0, partition 5, PROCESS_LOCAL, 7367 bytes)
[2025-12-16T03:30:34.782+0000] {subprocess.py:106} INFO - 25/12/16 03:30:34 INFO TaskSetManager: Starting task 6.0 in stage 61.0 (TID 586) (172.18.0.7, executor 0, partition 6, PROCESS_LOCAL, 7367 bytes)
[2025-12-16T03:30:34.782+0000] {subprocess.py:106} INFO - 25/12/16 03:30:34 INFO TaskSetManager: Starting task 7.0 in stage 61.0 (TID 587) (172.18.0.7, executor 0, partition 7, PROCESS_LOCAL, 7367 bytes)
[2025-12-16T03:30:34.783+0000] {subprocess.py:106} INFO - 25/12/16 03:30:34 INFO TaskSetManager: Starting task 8.0 in stage 61.0 (TID 588) (172.18.0.7, executor 0, partition 8, PROCESS_LOCAL, 7367 bytes)
[2025-12-16T03:30:34.783+0000] {subprocess.py:106} INFO - 25/12/16 03:30:34 INFO TaskSetManager: Starting task 9.0 in stage 61.0 (TID 589) (172.18.0.7, executor 0, partition 9, PROCESS_LOCAL, 7367 bytes)
[2025-12-16T03:30:34.784+0000] {subprocess.py:106} INFO - 25/12/16 03:30:34 INFO TaskSetManager: Starting task 10.0 in stage 61.0 (TID 590) (172.18.0.7, executor 0, partition 10, PROCESS_LOCAL, 7367 bytes)
[2025-12-16T03:30:34.785+0000] {subprocess.py:106} INFO - 25/12/16 03:30:34 INFO TaskSetManager: Starting task 11.0 in stage 61.0 (TID 591) (172.18.0.7, executor 0, partition 11, PROCESS_LOCAL, 7367 bytes)
[2025-12-16T03:30:34.785+0000] {subprocess.py:106} INFO - 25/12/16 03:30:34 INFO TaskSetManager: Starting task 12.0 in stage 61.0 (TID 592) (172.18.0.7, executor 0, partition 12, PROCESS_LOCAL, 7367 bytes)
[2025-12-16T03:30:34.786+0000] {subprocess.py:106} INFO - 25/12/16 03:30:34 INFO TaskSetManager: Starting task 13.0 in stage 61.0 (TID 593) (172.18.0.7, executor 0, partition 13, PROCESS_LOCAL, 7367 bytes)
[2025-12-16T03:30:34.786+0000] {subprocess.py:106} INFO - 25/12/16 03:30:34 INFO TaskSetManager: Starting task 14.0 in stage 61.0 (TID 594) (172.18.0.7, executor 0, partition 14, PROCESS_LOCAL, 7367 bytes)
[2025-12-16T03:30:34.787+0000] {subprocess.py:106} INFO - 25/12/16 03:30:34 INFO TaskSetManager: Starting task 15.0 in stage 61.0 (TID 595) (172.18.0.7, executor 0, partition 15, PROCESS_LOCAL, 7367 bytes)
[2025-12-16T03:30:34.790+0000] {subprocess.py:106} INFO - 25/12/16 03:30:34 INFO BlockManagerInfo: Added broadcast_59_piece0 in memory on 172.18.0.7:36801 (size: 138.6 KiB, free: 434.0 MiB)
[2025-12-16T03:30:34.806+0000] {subprocess.py:106} INFO - 25/12/16 03:30:34 INFO TaskSetManager: Starting task 16.0 in stage 61.0 (TID 596) (172.18.0.7, executor 0, partition 16, PROCESS_LOCAL, 7367 bytes)
[2025-12-16T03:30:34.808+0000] {subprocess.py:106} INFO - 25/12/16 03:30:34 INFO TaskSetManager: Starting task 17.0 in stage 61.0 (TID 597) (172.18.0.7, executor 0, partition 17, PROCESS_LOCAL, 7367 bytes)
[2025-12-16T03:30:34.811+0000] {subprocess.py:106} INFO - 25/12/16 03:30:34 INFO TaskSetManager: Starting task 18.0 in stage 61.0 (TID 598) (172.18.0.7, executor 0, partition 18, PROCESS_LOCAL, 7367 bytes)
[2025-12-16T03:30:34.813+0000] {subprocess.py:106} INFO - 25/12/16 03:30:34 INFO TaskSetManager: Finished task 14.0 in stage 61.0 (TID 594) in 30 ms on 172.18.0.7 (executor 0) (1/50)
[2025-12-16T03:30:34.815+0000] {subprocess.py:106} INFO - 25/12/16 03:30:34 INFO TaskSetManager: Finished task 2.0 in stage 61.0 (TID 582) in 32 ms on 172.18.0.7 (executor 0) (2/50)
[2025-12-16T03:30:34.819+0000] {subprocess.py:106} INFO - 25/12/16 03:30:34 INFO TaskSetManager: Finished task 9.0 in stage 61.0 (TID 589) in 31 ms on 172.18.0.7 (executor 0) (3/50)
[2025-12-16T03:30:34.820+0000] {subprocess.py:106} INFO - 25/12/16 03:30:34 INFO TaskSetManager: Finished task 15.0 in stage 61.0 (TID 595) in 31 ms on 172.18.0.7 (executor 0) (4/50)
[2025-12-16T03:30:34.821+0000] {subprocess.py:106} INFO - 25/12/16 03:30:34 INFO TaskSetManager: Starting task 19.0 in stage 61.0 (TID 599) (172.18.0.7, executor 0, partition 19, PROCESS_LOCAL, 7367 bytes)
[2025-12-16T03:30:34.822+0000] {subprocess.py:106} INFO - 25/12/16 03:30:34 INFO TaskSetManager: Starting task 20.0 in stage 61.0 (TID 600) (172.18.0.7, executor 0, partition 20, PROCESS_LOCAL, 7367 bytes)
[2025-12-16T03:30:34.823+0000] {subprocess.py:106} INFO - 25/12/16 03:30:34 INFO TaskSetManager: Starting task 21.0 in stage 61.0 (TID 601) (172.18.0.7, executor 0, partition 21, PROCESS_LOCAL, 7367 bytes)
[2025-12-16T03:30:34.825+0000] {subprocess.py:106} INFO - 25/12/16 03:30:34 INFO TaskSetManager: Finished task 6.0 in stage 61.0 (TID 586) in 34 ms on 172.18.0.7 (executor 0) (5/50)
[2025-12-16T03:30:34.826+0000] {subprocess.py:106} INFO - 25/12/16 03:30:34 INFO TaskSetManager: Starting task 22.0 in stage 61.0 (TID 602) (172.18.0.7, executor 0, partition 22, PROCESS_LOCAL, 7367 bytes)
[2025-12-16T03:30:34.827+0000] {subprocess.py:106} INFO - 25/12/16 03:30:34 INFO TaskSetManager: Finished task 13.0 in stage 61.0 (TID 593) in 34 ms on 172.18.0.7 (executor 0) (6/50)
[2025-12-16T03:30:34.828+0000] {subprocess.py:106} INFO - 25/12/16 03:30:34 INFO TaskSetManager: Starting task 23.0 in stage 61.0 (TID 603) (172.18.0.7, executor 0, partition 23, PROCESS_LOCAL, 7367 bytes)
[2025-12-16T03:30:34.829+0000] {subprocess.py:106} INFO - 25/12/16 03:30:34 INFO TaskSetManager: Finished task 0.0 in stage 61.0 (TID 580) in 37 ms on 172.18.0.7 (executor 0) (7/50)
[2025-12-16T03:30:34.829+0000] {subprocess.py:106} INFO - 25/12/16 03:30:34 INFO TaskSetManager: Finished task 1.0 in stage 61.0 (TID 581) in 37 ms on 172.18.0.7 (executor 0) (8/50)
[2025-12-16T03:30:34.830+0000] {subprocess.py:106} INFO - 25/12/16 03:30:34 INFO TaskSetManager: Finished task 4.0 in stage 61.0 (TID 584) in 37 ms on 172.18.0.7 (executor 0) (9/50)
[2025-12-16T03:30:34.831+0000] {subprocess.py:106} INFO - 25/12/16 03:30:34 INFO TaskSetManager: Starting task 24.0 in stage 61.0 (TID 604) (172.18.0.7, executor 0, partition 24, PROCESS_LOCAL, 7367 bytes)
[2025-12-16T03:30:34.832+0000] {subprocess.py:106} INFO - 25/12/16 03:30:34 INFO TaskSetManager: Starting task 25.0 in stage 61.0 (TID 605) (172.18.0.7, executor 0, partition 25, PROCESS_LOCAL, 7367 bytes)
[2025-12-16T03:30:34.832+0000] {subprocess.py:106} INFO - 25/12/16 03:30:34 INFO TaskSetManager: Starting task 26.0 in stage 61.0 (TID 606) (172.18.0.7, executor 0, partition 26, PROCESS_LOCAL, 7367 bytes)
[2025-12-16T03:30:34.833+0000] {subprocess.py:106} INFO - 25/12/16 03:30:34 INFO TaskSetManager: Starting task 27.0 in stage 61.0 (TID 607) (172.18.0.7, executor 0, partition 27, PROCESS_LOCAL, 7367 bytes)
[2025-12-16T03:30:34.833+0000] {subprocess.py:106} INFO - 25/12/16 03:30:34 INFO TaskSetManager: Starting task 28.0 in stage 61.0 (TID 608) (172.18.0.7, executor 0, partition 28, PROCESS_LOCAL, 7367 bytes)
[2025-12-16T03:30:34.834+0000] {subprocess.py:106} INFO - 25/12/16 03:30:34 INFO TaskSetManager: Finished task 11.0 in stage 61.0 (TID 591) in 38 ms on 172.18.0.7 (executor 0) (10/50)
[2025-12-16T03:30:34.835+0000] {subprocess.py:106} INFO - 25/12/16 03:30:34 INFO TaskSetManager: Finished task 3.0 in stage 61.0 (TID 583) in 41 ms on 172.18.0.7 (executor 0) (11/50)
[2025-12-16T03:30:34.839+0000] {subprocess.py:106} INFO - 25/12/16 03:30:34 INFO TaskSetManager: Finished task 7.0 in stage 61.0 (TID 587) in 40 ms on 172.18.0.7 (executor 0) (12/50)
[2025-12-16T03:30:34.840+0000] {subprocess.py:106} INFO - 25/12/16 03:30:34 INFO TaskSetManager: Finished task 5.0 in stage 61.0 (TID 585) in 41 ms on 172.18.0.7 (executor 0) (13/50)
[2025-12-16T03:30:34.843+0000] {subprocess.py:106} INFO - 25/12/16 03:30:34 INFO TaskSetManager: Starting task 29.0 in stage 61.0 (TID 609) (172.18.0.7, executor 0, partition 29, PROCESS_LOCAL, 7367 bytes)
[2025-12-16T03:30:34.844+0000] {subprocess.py:106} INFO - 25/12/16 03:30:34 INFO TaskSetManager: Finished task 10.0 in stage 61.0 (TID 590) in 42 ms on 172.18.0.7 (executor 0) (14/50)
[2025-12-16T03:30:34.846+0000] {subprocess.py:106} INFO - 25/12/16 03:30:34 INFO TaskSetManager: Starting task 30.0 in stage 61.0 (TID 610) (172.18.0.7, executor 0, partition 30, PROCESS_LOCAL, 7367 bytes)
[2025-12-16T03:30:34.846+0000] {subprocess.py:106} INFO - 25/12/16 03:30:34 INFO TaskSetManager: Starting task 31.0 in stage 61.0 (TID 611) (172.18.0.7, executor 0, partition 31, PROCESS_LOCAL, 7367 bytes)
[2025-12-16T03:30:34.847+0000] {subprocess.py:106} INFO - 25/12/16 03:30:34 INFO TaskSetManager: Finished task 12.0 in stage 61.0 (TID 592) in 44 ms on 172.18.0.7 (executor 0) (15/50)
[2025-12-16T03:30:34.850+0000] {subprocess.py:106} INFO - 25/12/16 03:30:34 INFO TaskSetManager: Finished task 8.0 in stage 61.0 (TID 588) in 45 ms on 172.18.0.7 (executor 0) (16/50)
[2025-12-16T03:30:34.852+0000] {subprocess.py:106} INFO - 25/12/16 03:30:34 INFO TaskSetManager: Starting task 32.0 in stage 61.0 (TID 612) (172.18.0.7, executor 0, partition 32, PROCESS_LOCAL, 7367 bytes)
[2025-12-16T03:30:34.859+0000] {subprocess.py:106} INFO - 25/12/16 03:30:34 INFO TaskSetManager: Starting task 33.0 in stage 61.0 (TID 613) (172.18.0.7, executor 0, partition 33, PROCESS_LOCAL, 7367 bytes)
[2025-12-16T03:30:34.860+0000] {subprocess.py:106} INFO - 25/12/16 03:30:34 INFO TaskSetManager: Finished task 17.0 in stage 61.0 (TID 597) in 37 ms on 172.18.0.7 (executor 0) (17/50)
[2025-12-16T03:30:34.862+0000] {subprocess.py:106} INFO - 25/12/16 03:30:34 INFO TaskSetManager: Finished task 18.0 in stage 61.0 (TID 598) in 37 ms on 172.18.0.7 (executor 0) (18/50)
[2025-12-16T03:30:34.867+0000] {subprocess.py:106} INFO - 25/12/16 03:30:34 INFO TaskSetManager: Starting task 34.0 in stage 61.0 (TID 614) (172.18.0.7, executor 0, partition 34, PROCESS_LOCAL, 7367 bytes)
[2025-12-16T03:30:34.871+0000] {subprocess.py:106} INFO - 25/12/16 03:30:34 INFO TaskSetManager: Finished task 16.0 in stage 61.0 (TID 596) in 41 ms on 172.18.0.7 (executor 0) (19/50)
[2025-12-16T03:30:34.874+0000] {subprocess.py:106} INFO - 25/12/16 03:30:34 INFO TaskSetManager: Starting task 35.0 in stage 61.0 (TID 615) (172.18.0.7, executor 0, partition 35, PROCESS_LOCAL, 7367 bytes)
[2025-12-16T03:30:34.876+0000] {subprocess.py:106} INFO - 25/12/16 03:30:34 INFO TaskSetManager: Starting task 36.0 in stage 61.0 (TID 616) (172.18.0.7, executor 0, partition 36, PROCESS_LOCAL, 7367 bytes)
[2025-12-16T03:30:34.877+0000] {subprocess.py:106} INFO - 25/12/16 03:30:34 INFO TaskSetManager: Finished task 21.0 in stage 61.0 (TID 601) in 48 ms on 172.18.0.7 (executor 0) (20/50)
[2025-12-16T03:30:34.879+0000] {subprocess.py:106} INFO - 25/12/16 03:30:34 INFO TaskSetManager: Finished task 28.0 in stage 61.0 (TID 608) in 42 ms on 172.18.0.7 (executor 0) (21/50)
[2025-12-16T03:30:34.880+0000] {subprocess.py:106} INFO - 25/12/16 03:30:34 INFO TaskSetManager: Starting task 37.0 in stage 61.0 (TID 617) (172.18.0.7, executor 0, partition 37, PROCESS_LOCAL, 7367 bytes)
[2025-12-16T03:30:34.881+0000] {subprocess.py:106} INFO - 25/12/16 03:30:34 INFO TaskSetManager: Finished task 19.0 in stage 61.0 (TID 599) in 50 ms on 172.18.0.7 (executor 0) (22/50)
[2025-12-16T03:30:34.882+0000] {subprocess.py:106} INFO - 25/12/16 03:30:34 INFO TaskSetManager: Starting task 38.0 in stage 61.0 (TID 618) (172.18.0.7, executor 0, partition 38, PROCESS_LOCAL, 7367 bytes)
[2025-12-16T03:30:34.883+0000] {subprocess.py:106} INFO - 25/12/16 03:30:34 INFO TaskSetManager: Starting task 39.0 in stage 61.0 (TID 619) (172.18.0.7, executor 0, partition 39, PROCESS_LOCAL, 7367 bytes)
[2025-12-16T03:30:34.887+0000] {subprocess.py:106} INFO - 25/12/16 03:30:34 INFO TaskSetManager: Starting task 40.0 in stage 61.0 (TID 620) (172.18.0.7, executor 0, partition 40, PROCESS_LOCAL, 7367 bytes)
[2025-12-16T03:30:34.889+0000] {subprocess.py:106} INFO - 25/12/16 03:30:34 INFO TaskSetManager: Starting task 41.0 in stage 61.0 (TID 621) (172.18.0.7, executor 0, partition 41, PROCESS_LOCAL, 7367 bytes)
[2025-12-16T03:30:34.891+0000] {subprocess.py:106} INFO - 25/12/16 03:30:34 INFO TaskSetManager: Starting task 42.0 in stage 61.0 (TID 622) (172.18.0.7, executor 0, partition 42, PROCESS_LOCAL, 7367 bytes)
[2025-12-16T03:30:34.893+0000] {subprocess.py:106} INFO - 25/12/16 03:30:34 INFO TaskSetManager: Starting task 43.0 in stage 61.0 (TID 623) (172.18.0.7, executor 0, partition 43, PROCESS_LOCAL, 7367 bytes)
[2025-12-16T03:30:34.894+0000] {subprocess.py:106} INFO - 25/12/16 03:30:34 INFO TaskSetManager: Starting task 44.0 in stage 61.0 (TID 624) (172.18.0.7, executor 0, partition 44, PROCESS_LOCAL, 7367 bytes)
[2025-12-16T03:30:34.896+0000] {subprocess.py:106} INFO - 25/12/16 03:30:34 INFO TaskSetManager: Starting task 45.0 in stage 61.0 (TID 625) (172.18.0.7, executor 0, partition 45, PROCESS_LOCAL, 7367 bytes)
[2025-12-16T03:30:34.897+0000] {subprocess.py:106} INFO - 25/12/16 03:30:34 INFO TaskSetManager: Starting task 46.0 in stage 61.0 (TID 626) (172.18.0.7, executor 0, partition 46, PROCESS_LOCAL, 7367 bytes)
[2025-12-16T03:30:34.898+0000] {subprocess.py:106} INFO - 25/12/16 03:30:34 INFO TaskSetManager: Starting task 47.0 in stage 61.0 (TID 627) (172.18.0.7, executor 0, partition 47, PROCESS_LOCAL, 7367 bytes)
[2025-12-16T03:30:34.899+0000] {subprocess.py:106} INFO - 25/12/16 03:30:34 INFO TaskSetManager: Finished task 23.0 in stage 61.0 (TID 603) in 57 ms on 172.18.0.7 (executor 0) (23/50)
[2025-12-16T03:30:34.900+0000] {subprocess.py:106} INFO - 25/12/16 03:30:34 INFO TaskSetManager: Finished task 29.0 in stage 61.0 (TID 609) in 53 ms on 172.18.0.7 (executor 0) (24/50)
[2025-12-16T03:30:34.901+0000] {subprocess.py:106} INFO - 25/12/16 03:30:34 INFO TaskSetManager: Finished task 20.0 in stage 61.0 (TID 600) in 60 ms on 172.18.0.7 (executor 0) (25/50)
[2025-12-16T03:30:34.902+0000] {subprocess.py:106} INFO - 25/12/16 03:30:34 INFO TaskSetManager: Finished task 24.0 in stage 61.0 (TID 604) in 57 ms on 172.18.0.7 (executor 0) (26/50)
[2025-12-16T03:30:34.903+0000] {subprocess.py:106} INFO - 25/12/16 03:30:34 INFO TaskSetManager: Finished task 25.0 in stage 61.0 (TID 605) in 57 ms on 172.18.0.7 (executor 0) (27/50)
[2025-12-16T03:30:34.904+0000] {subprocess.py:106} INFO - 25/12/16 03:30:34 INFO TaskSetManager: Finished task 30.0 in stage 61.0 (TID 610) in 52 ms on 172.18.0.7 (executor 0) (28/50)
[2025-12-16T03:30:34.905+0000] {subprocess.py:106} INFO - 25/12/16 03:30:34 INFO TaskSetManager: Finished task 31.0 in stage 61.0 (TID 611) in 51 ms on 172.18.0.7 (executor 0) (29/50)
[2025-12-16T03:30:34.906+0000] {subprocess.py:106} INFO - 25/12/16 03:30:34 INFO TaskSetManager: Finished task 26.0 in stage 61.0 (TID 606) in 58 ms on 172.18.0.7 (executor 0) (30/50)
[2025-12-16T03:30:34.907+0000] {subprocess.py:106} INFO - 25/12/16 03:30:34 INFO TaskSetManager: Starting task 48.0 in stage 61.0 (TID 628) (172.18.0.7, executor 0, partition 48, PROCESS_LOCAL, 7367 bytes)
[2025-12-16T03:30:34.908+0000] {subprocess.py:106} INFO - 25/12/16 03:30:34 INFO TaskSetManager: Starting task 49.0 in stage 61.0 (TID 629) (172.18.0.7, executor 0, partition 49, PROCESS_LOCAL, 7367 bytes)
[2025-12-16T03:30:34.909+0000] {subprocess.py:106} INFO - 25/12/16 03:30:34 INFO TaskSetManager: Finished task 27.0 in stage 61.0 (TID 607) in 60 ms on 172.18.0.7 (executor 0) (31/50)
[2025-12-16T03:30:34.909+0000] {subprocess.py:106} INFO - 25/12/16 03:30:34 INFO TaskSetManager: Finished task 33.0 in stage 61.0 (TID 613) in 34 ms on 172.18.0.7 (executor 0) (32/50)
[2025-12-16T03:30:34.910+0000] {subprocess.py:106} INFO - 25/12/16 03:30:34 INFO TaskSetManager: Finished task 32.0 in stage 61.0 (TID 612) in 35 ms on 172.18.0.7 (executor 0) (33/50)
[2025-12-16T03:30:34.911+0000] {subprocess.py:106} INFO - 25/12/16 03:30:34 INFO TaskSetManager: Finished task 22.0 in stage 61.0 (TID 602) in 66 ms on 172.18.0.7 (executor 0) (34/50)
[2025-12-16T03:30:34.911+0000] {subprocess.py:106} INFO - 25/12/16 03:30:34 INFO TaskSetManager: Finished task 34.0 in stage 61.0 (TID 614) in 31 ms on 172.18.0.7 (executor 0) (35/50)
[2025-12-16T03:30:34.912+0000] {subprocess.py:106} INFO - 25/12/16 03:30:34 INFO TaskSetManager: Finished task 37.0 in stage 61.0 (TID 617) in 22 ms on 172.18.0.7 (executor 0) (36/50)
[2025-12-16T03:30:34.913+0000] {subprocess.py:106} INFO - 25/12/16 03:30:34 INFO TaskSetManager: Finished task 36.0 in stage 61.0 (TID 616) in 33 ms on 172.18.0.7 (executor 0) (37/50)
[2025-12-16T03:30:34.913+0000] {subprocess.py:106} INFO - 25/12/16 03:30:34 INFO TaskSetManager: Finished task 41.0 in stage 61.0 (TID 621) in 26 ms on 172.18.0.7 (executor 0) (38/50)
[2025-12-16T03:30:34.914+0000] {subprocess.py:106} INFO - 25/12/16 03:30:34 INFO TaskSetManager: Finished task 38.0 in stage 61.0 (TID 618) in 31 ms on 172.18.0.7 (executor 0) (39/50)
[2025-12-16T03:30:34.915+0000] {subprocess.py:106} INFO - 25/12/16 03:30:34 INFO TaskSetManager: Finished task 40.0 in stage 61.0 (TID 620) in 30 ms on 172.18.0.7 (executor 0) (40/50)
[2025-12-16T03:30:34.916+0000] {subprocess.py:106} INFO - 25/12/16 03:30:34 INFO TaskSetManager: Finished task 35.0 in stage 61.0 (TID 615) in 37 ms on 172.18.0.7 (executor 0) (41/50)
[2025-12-16T03:30:34.916+0000] {subprocess.py:106} INFO - 25/12/16 03:30:34 INFO TaskSetManager: Finished task 39.0 in stage 61.0 (TID 619) in 31 ms on 172.18.0.7 (executor 0) (42/50)
[2025-12-16T03:30:34.917+0000] {subprocess.py:106} INFO - 25/12/16 03:30:34 INFO TaskSetManager: Finished task 42.0 in stage 61.0 (TID 622) in 28 ms on 172.18.0.7 (executor 0) (43/50)
[2025-12-16T03:30:34.918+0000] {subprocess.py:106} INFO - 25/12/16 03:30:34 INFO TaskSetManager: Finished task 45.0 in stage 61.0 (TID 625) in 26 ms on 172.18.0.7 (executor 0) (44/50)
[2025-12-16T03:30:34.919+0000] {subprocess.py:106} INFO - 25/12/16 03:30:34 INFO TaskSetManager: Finished task 46.0 in stage 61.0 (TID 626) in 25 ms on 172.18.0.7 (executor 0) (45/50)
[2025-12-16T03:30:34.920+0000] {subprocess.py:106} INFO - 25/12/16 03:30:34 INFO TaskSetManager: Finished task 44.0 in stage 61.0 (TID 624) in 28 ms on 172.18.0.7 (executor 0) (46/50)
[2025-12-16T03:30:34.920+0000] {subprocess.py:106} INFO - 25/12/16 03:30:34 INFO TaskSetManager: Finished task 47.0 in stage 61.0 (TID 627) in 28 ms on 172.18.0.7 (executor 0) (47/50)
[2025-12-16T03:30:34.921+0000] {subprocess.py:106} INFO - 25/12/16 03:30:34 INFO TaskSetManager: Finished task 49.0 in stage 61.0 (TID 629) in 24 ms on 172.18.0.7 (executor 0) (48/50)
[2025-12-16T03:30:34.922+0000] {subprocess.py:106} INFO - 25/12/16 03:30:34 INFO TaskSetManager: Finished task 48.0 in stage 61.0 (TID 628) in 25 ms on 172.18.0.7 (executor 0) (49/50)
[2025-12-16T03:30:34.923+0000] {subprocess.py:106} INFO - 25/12/16 03:30:34 INFO TaskSetManager: Finished task 43.0 in stage 61.0 (TID 623) in 35 ms on 172.18.0.7 (executor 0) (50/50)
[2025-12-16T03:30:34.923+0000] {subprocess.py:106} INFO - 25/12/16 03:30:34 INFO TaskSchedulerImpl: Removed TaskSet 61.0, whose tasks have all completed, from pool
[2025-12-16T03:30:34.924+0000] {subprocess.py:106} INFO - 25/12/16 03:30:34 INFO DAGScheduler: ResultStage 61 ($anonfun$recordDeltaOperationInternal$1 at DatabricksLogging.scala:128) finished in 0.136 s
[2025-12-16T03:30:34.924+0000] {subprocess.py:106} INFO - 25/12/16 03:30:34 INFO DAGScheduler: Job 35 is finished. Cancelling potential speculative or zombie tasks for this job
[2025-12-16T03:30:34.925+0000] {subprocess.py:106} INFO - 25/12/16 03:30:34 INFO TaskSchedulerImpl: Killing all running tasks in stage 61: Stage finished
[2025-12-16T03:30:34.926+0000] {subprocess.py:106} INFO - 25/12/16 03:30:34 INFO DAGScheduler: Job 35 finished: $anonfun$recordDeltaOperationInternal$1 at DatabricksLogging.scala:128, took 0.140782 s
[2025-12-16T03:30:34.926+0000] {subprocess.py:106} INFO - 25/12/16 03:30:34 INFO PrepareDeltaScan: DELTA: Done
[2025-12-16T03:30:34.927+0000] {subprocess.py:106} INFO - 25/12/16 03:30:34 INFO FileSourceStrategy: Pushed Filters:
[2025-12-16T03:30:34.928+0000] {subprocess.py:106} INFO - 25/12/16 03:30:34 INFO FileSourceStrategy: Post-Scan Filters:
[2025-12-16T03:30:34.928+0000] {subprocess.py:106} INFO - 25/12/16 03:30:34 INFO ParquetUtils: Using default output committer for Parquet: org.apache.parquet.hadoop.ParquetOutputCommitter
[2025-12-16T03:30:34.940+0000] {subprocess.py:106} INFO - 25/12/16 03:30:34 INFO CodeGenerator: Code generated in 12.213798 ms
[2025-12-16T03:30:34.942+0000] {subprocess.py:106} INFO - 25/12/16 03:30:34 INFO MemoryStore: Block broadcast_60 stored as values in memory (estimated size 214.5 KiB, free 430.3 MiB)
[2025-12-16T03:30:34.950+0000] {subprocess.py:106} INFO - 25/12/16 03:30:34 INFO MemoryStore: Block broadcast_60_piece0 stored as bytes in memory (estimated size 37.0 KiB, free 430.3 MiB)
[2025-12-16T03:30:34.951+0000] {subprocess.py:106} INFO - 25/12/16 03:30:34 INFO BlockManagerInfo: Added broadcast_60_piece0 in memory on 3ad9a82189be:39783 (size: 37.0 KiB, free: 433.8 MiB)
[2025-12-16T03:30:34.952+0000] {subprocess.py:106} INFO - 25/12/16 03:30:34 INFO SparkContext: Created broadcast 60 from save at <unknown>:0
[2025-12-16T03:30:34.953+0000] {subprocess.py:106} INFO - 25/12/16 03:30:34 INFO FileSourceScanExec: Planning scan with bin packing, max size: 4194304 bytes, open cost is considered as scanning 4194304 bytes.
[2025-12-16T03:30:34.982+0000] {subprocess.py:106} INFO - 25/12/16 03:30:34 INFO SparkContext: Starting job: save at <unknown>:0
[2025-12-16T03:30:34.983+0000] {subprocess.py:106} INFO - 25/12/16 03:30:34 INFO DAGScheduler: Got job 36 (save at <unknown>:0) with 1 output partitions
[2025-12-16T03:30:34.984+0000] {subprocess.py:106} INFO - 25/12/16 03:30:34 INFO DAGScheduler: Final stage: ResultStage 62 (save at <unknown>:0)
[2025-12-16T03:30:34.985+0000] {subprocess.py:106} INFO - 25/12/16 03:30:34 INFO DAGScheduler: Parents of final stage: List()
[2025-12-16T03:30:34.985+0000] {subprocess.py:106} INFO - 25/12/16 03:30:34 INFO DAGScheduler: Missing parents: List()
[2025-12-16T03:30:34.986+0000] {subprocess.py:106} INFO - 25/12/16 03:30:34 INFO DAGScheduler: Submitting ResultStage 62 (MapPartitionsRDD[169] at save at <unknown>:0), which has no missing parents
[2025-12-16T03:30:35.003+0000] {subprocess.py:106} INFO - 25/12/16 03:30:35 INFO MemoryStore: Block broadcast_61 stored as values in memory (estimated size 355.0 KiB, free 429.9 MiB)
[2025-12-16T03:30:35.006+0000] {subprocess.py:106} INFO - 25/12/16 03:30:35 INFO MemoryStore: Block broadcast_61_piece0 stored as bytes in memory (estimated size 127.1 KiB, free 429.8 MiB)
[2025-12-16T03:30:35.007+0000] {subprocess.py:106} INFO - 25/12/16 03:30:35 INFO BlockManagerInfo: Added broadcast_61_piece0 in memory on 3ad9a82189be:39783 (size: 127.1 KiB, free: 433.6 MiB)
[2025-12-16T03:30:35.007+0000] {subprocess.py:106} INFO - 25/12/16 03:30:35 INFO SparkContext: Created broadcast 61 from broadcast at DAGScheduler.scala:1535
[2025-12-16T03:30:35.008+0000] {subprocess.py:106} INFO - 25/12/16 03:30:35 INFO DAGScheduler: Submitting 1 missing tasks from ResultStage 62 (MapPartitionsRDD[169] at save at <unknown>:0) (first 15 tasks are for partitions Vector(0))
[2025-12-16T03:30:35.008+0000] {subprocess.py:106} INFO - 25/12/16 03:30:35 INFO TaskSchedulerImpl: Adding task set 62.0 with 1 tasks resource profile 0
[2025-12-16T03:30:35.009+0000] {subprocess.py:106} INFO - 25/12/16 03:30:35 INFO TaskSetManager: Starting task 0.0 in stage 62.0 (TID 630) (172.18.0.7, executor 0, partition 0, PROCESS_LOCAL, 7973 bytes)
[2025-12-16T03:30:35.016+0000] {subprocess.py:106} INFO - 25/12/16 03:30:35 INFO BlockManagerInfo: Added broadcast_61_piece0 in memory on 172.18.0.7:36801 (size: 127.1 KiB, free: 433.9 MiB)
[2025-12-16T03:30:35.100+0000] {subprocess.py:106} INFO - 25/12/16 03:30:35 INFO BlockManagerInfo: Added broadcast_60_piece0 in memory on 172.18.0.7:36801 (size: 37.0 KiB, free: 433.8 MiB)
[2025-12-16T03:30:35.189+0000] {subprocess.py:106} INFO - 25/12/16 03:30:35 INFO TaskSetManager: Finished task 0.0 in stage 62.0 (TID 630) in 180 ms on 172.18.0.7 (executor 0) (1/1)
[2025-12-16T03:30:35.190+0000] {subprocess.py:106} INFO - 25/12/16 03:30:35 INFO TaskSchedulerImpl: Removed TaskSet 62.0, whose tasks have all completed, from pool
[2025-12-16T03:30:35.190+0000] {subprocess.py:106} INFO - 25/12/16 03:30:35 INFO DAGScheduler: ResultStage 62 (save at <unknown>:0) finished in 0.205 s
[2025-12-16T03:30:35.191+0000] {subprocess.py:106} INFO - 25/12/16 03:30:35 INFO DAGScheduler: Job 36 is finished. Cancelling potential speculative or zombie tasks for this job
[2025-12-16T03:30:35.192+0000] {subprocess.py:106} INFO - 25/12/16 03:30:35 INFO TaskSchedulerImpl: Killing all running tasks in stage 62: Stage finished
[2025-12-16T03:30:35.192+0000] {subprocess.py:106} INFO - 25/12/16 03:30:35 INFO DAGScheduler: Job 36 finished: save at <unknown>:0, took 0.207422 s
[2025-12-16T03:30:35.193+0000] {subprocess.py:106} INFO - 25/12/16 03:30:35 INFO FileFormatWriter: Start to commit write Job 178720ee-315e-4aae-a951-5e843752818b.
[2025-12-16T03:30:35.193+0000] {subprocess.py:106} INFO - 25/12/16 03:30:35 INFO FileFormatWriter: Write Job 178720ee-315e-4aae-a951-5e843752818b committed. Elapsed time: 0 ms.
[2025-12-16T03:30:35.194+0000] {subprocess.py:106} INFO - 25/12/16 03:30:35 INFO FileFormatWriter: Finished processing stats for write job 178720ee-315e-4aae-a951-5e843752818b.
[2025-12-16T03:30:35.195+0000] {subprocess.py:106} INFO - 25/12/16 03:30:35 INFO Snapshot: [tableId=85fe58c8-48ef-4a7e-a6a2-f52c2432683a] DELTA: Compute snapshot for version: 0
[2025-12-16T03:30:35.195+0000] {subprocess.py:106} INFO - 25/12/16 03:30:35 INFO MemoryStore: Block broadcast_62 stored as values in memory (estimated size 212.3 KiB, free 429.6 MiB)
[2025-12-16T03:30:35.199+0000] {subprocess.py:106} INFO - 25/12/16 03:30:35 INFO MemoryStore: Block broadcast_62_piece0 stored as bytes in memory (estimated size 36.2 KiB, free 429.6 MiB)
[2025-12-16T03:30:35.200+0000] {subprocess.py:106} INFO - 25/12/16 03:30:35 INFO BlockManagerInfo: Added broadcast_62_piece0 in memory on 3ad9a82189be:39783 (size: 36.2 KiB, free: 433.6 MiB)
[2025-12-16T03:30:35.200+0000] {subprocess.py:106} INFO - 25/12/16 03:30:35 INFO SparkContext: Created broadcast 62 from $anonfun$recordDeltaOperationInternal$1 at DatabricksLogging.scala:128
[2025-12-16T03:30:35.327+0000] {subprocess.py:106} INFO - 25/12/16 03:30:35 INFO FileSourceStrategy: Pushed Filters:
[2025-12-16T03:30:35.328+0000] {subprocess.py:106} INFO - 25/12/16 03:30:35 INFO FileSourceStrategy: Post-Scan Filters:
[2025-12-16T03:30:35.358+0000] {subprocess.py:106} INFO - 25/12/16 03:30:35 INFO BlockManagerInfo: Removed broadcast_61_piece0 on 3ad9a82189be:39783 in memory (size: 127.1 KiB, free: 433.7 MiB)
[2025-12-16T03:30:35.360+0000] {subprocess.py:106} INFO - 25/12/16 03:30:35 INFO BlockManagerInfo: Removed broadcast_61_piece0 on 172.18.0.7:36801 in memory (size: 127.1 KiB, free: 434.0 MiB)
[2025-12-16T03:30:35.363+0000] {subprocess.py:106} INFO - 25/12/16 03:30:35 INFO BlockManagerInfo: Removed broadcast_59_piece0 on 3ad9a82189be:39783 in memory (size: 138.6 KiB, free: 433.9 MiB)
[2025-12-16T03:30:35.364+0000] {subprocess.py:106} INFO - 25/12/16 03:30:35 INFO BlockManagerInfo: Removed broadcast_59_piece0 on 172.18.0.7:36801 in memory (size: 138.6 KiB, free: 434.1 MiB)
[2025-12-16T03:30:35.367+0000] {subprocess.py:106} INFO - 25/12/16 03:30:35 INFO MemoryStore: Block broadcast_63 stored as values in memory (estimated size 212.9 KiB, free 430.5 MiB)
[2025-12-16T03:30:35.374+0000] {subprocess.py:106} INFO - 25/12/16 03:30:35 INFO MemoryStore: Block broadcast_63_piece0 stored as bytes in memory (estimated size 36.3 KiB, free 430.5 MiB)
[2025-12-16T03:30:35.375+0000] {subprocess.py:106} INFO - 25/12/16 03:30:35 INFO BlockManagerInfo: Added broadcast_63_piece0 in memory on 3ad9a82189be:39783 (size: 36.3 KiB, free: 433.8 MiB)
[2025-12-16T03:30:35.375+0000] {subprocess.py:106} INFO - 25/12/16 03:30:35 INFO SparkContext: Created broadcast 63 from $anonfun$recordDeltaOperationInternal$1 at DatabricksLogging.scala:128
[2025-12-16T03:30:35.376+0000] {subprocess.py:106} INFO - 25/12/16 03:30:35 INFO FileSourceScanExec: Planning scan with bin packing, max size: 4194304 bytes, open cost is considered as scanning 4194304 bytes.
[2025-12-16T03:30:35.386+0000] {subprocess.py:106} INFO - 25/12/16 03:30:35 INFO DAGScheduler: Registering RDD 173 ($anonfun$recordDeltaOperationInternal$1 at DatabricksLogging.scala:128) as input to shuffle 14
[2025-12-16T03:30:35.387+0000] {subprocess.py:106} INFO - 25/12/16 03:30:35 INFO DAGScheduler: Got map stage job 37 ($anonfun$recordDeltaOperationInternal$1 at DatabricksLogging.scala:128) with 1 output partitions
[2025-12-16T03:30:35.387+0000] {subprocess.py:106} INFO - 25/12/16 03:30:35 INFO DAGScheduler: Final stage: ShuffleMapStage 63 ($anonfun$recordDeltaOperationInternal$1 at DatabricksLogging.scala:128)
[2025-12-16T03:30:35.388+0000] {subprocess.py:106} INFO - 25/12/16 03:30:35 INFO DAGScheduler: Parents of final stage: List()
[2025-12-16T03:30:35.388+0000] {subprocess.py:106} INFO - 25/12/16 03:30:35 INFO DAGScheduler: Missing parents: List()
[2025-12-16T03:30:35.389+0000] {subprocess.py:106} INFO - 25/12/16 03:30:35 INFO DAGScheduler: Submitting ShuffleMapStage 63 (MapPartitionsRDD[173] at $anonfun$recordDeltaOperationInternal$1 at DatabricksLogging.scala:128), which has no missing parents
[2025-12-16T03:30:35.391+0000] {subprocess.py:106} INFO - 25/12/16 03:30:35 INFO MemoryStore: Block broadcast_64 stored as values in memory (estimated size 138.3 KiB, free 430.4 MiB)
[2025-12-16T03:30:35.392+0000] {subprocess.py:106} INFO - 25/12/16 03:30:35 INFO MemoryStore: Block broadcast_64_piece0 stored as bytes in memory (estimated size 39.0 KiB, free 430.3 MiB)
[2025-12-16T03:30:35.392+0000] {subprocess.py:106} INFO - 25/12/16 03:30:35 INFO BlockManagerInfo: Added broadcast_64_piece0 in memory on 3ad9a82189be:39783 (size: 39.0 KiB, free: 433.8 MiB)
[2025-12-16T03:30:35.393+0000] {subprocess.py:106} INFO - 25/12/16 03:30:35 INFO SparkContext: Created broadcast 64 from broadcast at DAGScheduler.scala:1535
[2025-12-16T03:30:35.394+0000] {subprocess.py:106} INFO - 25/12/16 03:30:35 INFO DAGScheduler: Submitting 1 missing tasks from ShuffleMapStage 63 (MapPartitionsRDD[173] at $anonfun$recordDeltaOperationInternal$1 at DatabricksLogging.scala:128) (first 15 tasks are for partitions Vector(0))
[2025-12-16T03:30:35.394+0000] {subprocess.py:106} INFO - 25/12/16 03:30:35 INFO TaskSchedulerImpl: Adding task set 63.0 with 1 tasks resource profile 0
[2025-12-16T03:30:35.395+0000] {subprocess.py:106} INFO - 25/12/16 03:30:35 INFO TaskSetManager: Starting task 0.0 in stage 63.0 (TID 631) (172.18.0.7, executor 0, partition 0, PROCESS_LOCAL, 7933 bytes)
[2025-12-16T03:30:35.403+0000] {subprocess.py:106} INFO - 25/12/16 03:30:35 INFO BlockManagerInfo: Added broadcast_64_piece0 in memory on 172.18.0.7:36801 (size: 39.0 KiB, free: 434.1 MiB)
[2025-12-16T03:30:35.419+0000] {subprocess.py:106} INFO - 25/12/16 03:30:35 INFO BlockManagerInfo: Added broadcast_63_piece0 in memory on 172.18.0.7:36801 (size: 36.3 KiB, free: 434.0 MiB)
[2025-12-16T03:30:35.445+0000] {subprocess.py:106} INFO - 25/12/16 03:30:35 INFO TaskSetManager: Finished task 0.0 in stage 63.0 (TID 631) in 50 ms on 172.18.0.7 (executor 0) (1/1)
[2025-12-16T03:30:35.446+0000] {subprocess.py:106} INFO - 25/12/16 03:30:35 INFO TaskSchedulerImpl: Removed TaskSet 63.0, whose tasks have all completed, from pool
[2025-12-16T03:30:35.447+0000] {subprocess.py:106} INFO - 25/12/16 03:30:35 INFO DAGScheduler: ShuffleMapStage 63 ($anonfun$recordDeltaOperationInternal$1 at DatabricksLogging.scala:128) finished in 0.058 s
[2025-12-16T03:30:35.447+0000] {subprocess.py:106} INFO - 25/12/16 03:30:35 INFO DAGScheduler: looking for newly runnable stages
[2025-12-16T03:30:35.448+0000] {subprocess.py:106} INFO - 25/12/16 03:30:35 INFO DAGScheduler: running: Set()
[2025-12-16T03:30:35.448+0000] {subprocess.py:106} INFO - 25/12/16 03:30:35 INFO DAGScheduler: waiting: Set()
[2025-12-16T03:30:35.449+0000] {subprocess.py:106} INFO - 25/12/16 03:30:35 INFO DAGScheduler: failed: Set()
[2025-12-16T03:30:35.540+0000] {subprocess.py:106} INFO - 25/12/16 03:30:35 INFO BlockManagerInfo: Removed broadcast_64_piece0 on 3ad9a82189be:39783 in memory (size: 39.0 KiB, free: 433.8 MiB)
[2025-12-16T03:30:35.541+0000] {subprocess.py:106} INFO - 25/12/16 03:30:35 INFO BlockManagerInfo: Removed broadcast_64_piece0 on 172.18.0.7:36801 in memory (size: 39.0 KiB, free: 434.1 MiB)
[2025-12-16T03:30:35.583+0000] {subprocess.py:106} INFO - 25/12/16 03:30:35 INFO DAGScheduler: Registering RDD 183 ($anonfun$recordDeltaOperationInternal$1 at DatabricksLogging.scala:128) as input to shuffle 15
[2025-12-16T03:30:35.584+0000] {subprocess.py:106} INFO - 25/12/16 03:30:35 INFO DAGScheduler: Got map stage job 38 ($anonfun$recordDeltaOperationInternal$1 at DatabricksLogging.scala:128) with 50 output partitions
[2025-12-16T03:30:35.584+0000] {subprocess.py:106} INFO - 25/12/16 03:30:35 INFO DAGScheduler: Final stage: ShuffleMapStage 65 ($anonfun$recordDeltaOperationInternal$1 at DatabricksLogging.scala:128)
[2025-12-16T03:30:35.585+0000] {subprocess.py:106} INFO - 25/12/16 03:30:35 INFO DAGScheduler: Parents of final stage: List(ShuffleMapStage 64)
[2025-12-16T03:30:35.586+0000] {subprocess.py:106} INFO - 25/12/16 03:30:35 INFO DAGScheduler: Missing parents: List()
[2025-12-16T03:30:35.586+0000] {subprocess.py:106} INFO - 25/12/16 03:30:35 INFO DAGScheduler: Submitting ShuffleMapStage 65 (MapPartitionsRDD[183] at $anonfun$recordDeltaOperationInternal$1 at DatabricksLogging.scala:128), which has no missing parents
[2025-12-16T03:30:35.599+0000] {subprocess.py:106} INFO - 25/12/16 03:30:35 INFO MemoryStore: Block broadcast_65 stored as values in memory (estimated size 517.2 KiB, free 430.0 MiB)
[2025-12-16T03:30:35.600+0000] {subprocess.py:106} INFO - 25/12/16 03:30:35 INFO MemoryStore: Block broadcast_65_piece0 stored as bytes in memory (estimated size 123.3 KiB, free 429.9 MiB)
[2025-12-16T03:30:35.601+0000] {subprocess.py:106} INFO - 25/12/16 03:30:35 INFO BlockManagerInfo: Added broadcast_65_piece0 in memory on 3ad9a82189be:39783 (size: 123.3 KiB, free: 433.7 MiB)
[2025-12-16T03:30:35.602+0000] {subprocess.py:106} INFO - 25/12/16 03:30:35 INFO SparkContext: Created broadcast 65 from broadcast at DAGScheduler.scala:1535
[2025-12-16T03:30:35.603+0000] {subprocess.py:106} INFO - 25/12/16 03:30:35 INFO DAGScheduler: Submitting 50 missing tasks from ShuffleMapStage 65 (MapPartitionsRDD[183] at $anonfun$recordDeltaOperationInternal$1 at DatabricksLogging.scala:128) (first 15 tasks are for partitions Vector(0, 1, 2, 3, 4, 5, 6, 7, 8, 9, 10, 11, 12, 13, 14))
[2025-12-16T03:30:35.604+0000] {subprocess.py:106} INFO - 25/12/16 03:30:35 INFO TaskSchedulerImpl: Adding task set 65.0 with 50 tasks resource profile 0
[2025-12-16T03:30:35.605+0000] {subprocess.py:106} INFO - 25/12/16 03:30:35 INFO TaskSetManager: Starting task 2.0 in stage 65.0 (TID 632) (172.18.0.7, executor 0, partition 2, NODE_LOCAL, 7356 bytes)
[2025-12-16T03:30:35.605+0000] {subprocess.py:106} INFO - 25/12/16 03:30:35 INFO TaskSetManager: Starting task 42.0 in stage 65.0 (TID 633) (172.18.0.7, executor 0, partition 42, NODE_LOCAL, 7356 bytes)
[2025-12-16T03:30:35.606+0000] {subprocess.py:106} INFO - 25/12/16 03:30:35 INFO TaskSetManager: Starting task 0.0 in stage 65.0 (TID 634) (172.18.0.7, executor 0, partition 0, PROCESS_LOCAL, 7356 bytes)
[2025-12-16T03:30:35.607+0000] {subprocess.py:106} INFO - 25/12/16 03:30:35 INFO TaskSetManager: Starting task 1.0 in stage 65.0 (TID 635) (172.18.0.7, executor 0, partition 1, PROCESS_LOCAL, 7356 bytes)
[2025-12-16T03:30:35.607+0000] {subprocess.py:106} INFO - 25/12/16 03:30:35 INFO TaskSetManager: Starting task 3.0 in stage 65.0 (TID 636) (172.18.0.7, executor 0, partition 3, PROCESS_LOCAL, 7356 bytes)
[2025-12-16T03:30:35.608+0000] {subprocess.py:106} INFO - 25/12/16 03:30:35 INFO TaskSetManager: Starting task 4.0 in stage 65.0 (TID 637) (172.18.0.7, executor 0, partition 4, PROCESS_LOCAL, 7356 bytes)
[2025-12-16T03:30:35.609+0000] {subprocess.py:106} INFO - 25/12/16 03:30:35 INFO TaskSetManager: Starting task 5.0 in stage 65.0 (TID 638) (172.18.0.7, executor 0, partition 5, PROCESS_LOCAL, 7356 bytes)
[2025-12-16T03:30:35.609+0000] {subprocess.py:106} INFO - 25/12/16 03:30:35 INFO TaskSetManager: Starting task 6.0 in stage 65.0 (TID 639) (172.18.0.7, executor 0, partition 6, PROCESS_LOCAL, 7356 bytes)
[2025-12-16T03:30:35.610+0000] {subprocess.py:106} INFO - 25/12/16 03:30:35 INFO TaskSetManager: Starting task 7.0 in stage 65.0 (TID 640) (172.18.0.7, executor 0, partition 7, PROCESS_LOCAL, 7356 bytes)
[2025-12-16T03:30:35.611+0000] {subprocess.py:106} INFO - 25/12/16 03:30:35 INFO TaskSetManager: Starting task 8.0 in stage 65.0 (TID 641) (172.18.0.7, executor 0, partition 8, PROCESS_LOCAL, 7356 bytes)
[2025-12-16T03:30:35.611+0000] {subprocess.py:106} INFO - 25/12/16 03:30:35 INFO TaskSetManager: Starting task 9.0 in stage 65.0 (TID 642) (172.18.0.7, executor 0, partition 9, PROCESS_LOCAL, 7356 bytes)
[2025-12-16T03:30:35.612+0000] {subprocess.py:106} INFO - 25/12/16 03:30:35 INFO TaskSetManager: Starting task 10.0 in stage 65.0 (TID 643) (172.18.0.7, executor 0, partition 10, PROCESS_LOCAL, 7356 bytes)
[2025-12-16T03:30:35.612+0000] {subprocess.py:106} INFO - 25/12/16 03:30:35 INFO TaskSetManager: Starting task 11.0 in stage 65.0 (TID 644) (172.18.0.7, executor 0, partition 11, PROCESS_LOCAL, 7356 bytes)
[2025-12-16T03:30:35.613+0000] {subprocess.py:106} INFO - 25/12/16 03:30:35 INFO TaskSetManager: Starting task 12.0 in stage 65.0 (TID 645) (172.18.0.7, executor 0, partition 12, PROCESS_LOCAL, 7356 bytes)
[2025-12-16T03:30:35.613+0000] {subprocess.py:106} INFO - 25/12/16 03:30:35 INFO TaskSetManager: Starting task 13.0 in stage 65.0 (TID 646) (172.18.0.7, executor 0, partition 13, PROCESS_LOCAL, 7356 bytes)
[2025-12-16T03:30:35.614+0000] {subprocess.py:106} INFO - 25/12/16 03:30:35 INFO TaskSetManager: Starting task 14.0 in stage 65.0 (TID 647) (172.18.0.7, executor 0, partition 14, PROCESS_LOCAL, 7356 bytes)
[2025-12-16T03:30:35.617+0000] {subprocess.py:106} INFO - 25/12/16 03:30:35 INFO BlockManagerInfo: Added broadcast_65_piece0 in memory on 172.18.0.7:36801 (size: 123.3 KiB, free: 433.9 MiB)
[2025-12-16T03:30:35.635+0000] {subprocess.py:106} INFO - 25/12/16 03:30:35 INFO MapOutputTrackerMasterEndpoint: Asked to send map output locations for shuffle 14 to 172.18.0.7:43148
[2025-12-16T03:30:35.693+0000] {subprocess.py:106} INFO - 25/12/16 03:30:35 INFO BlockManagerInfo: Added rdd_180_12 in memory on 172.18.0.7:36801 (size: 46.0 B, free: 433.9 MiB)
[2025-12-16T03:30:35.696+0000] {subprocess.py:106} INFO - 25/12/16 03:30:35 INFO BlockManagerInfo: Added rdd_180_10 in memory on 172.18.0.7:36801 (size: 46.0 B, free: 433.9 MiB)
[2025-12-16T03:30:35.698+0000] {subprocess.py:106} INFO - 25/12/16 03:30:35 INFO BlockManagerInfo: Added rdd_180_3 in memory on 172.18.0.7:36801 (size: 46.0 B, free: 433.9 MiB)
[2025-12-16T03:30:35.699+0000] {subprocess.py:106} INFO - 25/12/16 03:30:35 INFO BlockManagerInfo: Added rdd_180_4 in memory on 172.18.0.7:36801 (size: 46.0 B, free: 433.9 MiB)
[2025-12-16T03:30:35.700+0000] {subprocess.py:106} INFO - 25/12/16 03:30:35 INFO BlockManagerInfo: Added rdd_180_5 in memory on 172.18.0.7:36801 (size: 46.0 B, free: 433.9 MiB)
[2025-12-16T03:30:35.701+0000] {subprocess.py:106} INFO - 25/12/16 03:30:35 INFO BlockManagerInfo: Added rdd_180_11 in memory on 172.18.0.7:36801 (size: 46.0 B, free: 433.9 MiB)
[2025-12-16T03:30:35.702+0000] {subprocess.py:106} INFO - 25/12/16 03:30:35 INFO BlockManagerInfo: Added rdd_180_0 in memory on 172.18.0.7:36801 (size: 46.0 B, free: 433.9 MiB)
[2025-12-16T03:30:35.702+0000] {subprocess.py:106} INFO - 25/12/16 03:30:35 INFO BlockManagerInfo: Added rdd_180_42 in memory on 172.18.0.7:36801 (size: 506.0 B, free: 433.9 MiB)
[2025-12-16T03:30:35.704+0000] {subprocess.py:106} INFO - 25/12/16 03:30:35 INFO BlockManagerInfo: Added rdd_180_1 in memory on 172.18.0.7:36801 (size: 46.0 B, free: 433.9 MiB)
[2025-12-16T03:30:35.705+0000] {subprocess.py:106} INFO - 25/12/16 03:30:35 INFO BlockManagerInfo: Added rdd_180_6 in memory on 172.18.0.7:36801 (size: 46.0 B, free: 433.9 MiB)
[2025-12-16T03:30:35.712+0000] {subprocess.py:106} INFO - 25/12/16 03:30:35 INFO BlockManagerInfo: Added rdd_180_2 in memory on 172.18.0.7:36801 (size: 586.0 B, free: 433.9 MiB)
[2025-12-16T03:30:35.730+0000] {subprocess.py:106} INFO - 25/12/16 03:30:35 INFO TaskSetManager: Starting task 15.0 in stage 65.0 (TID 648) (172.18.0.7, executor 0, partition 15, PROCESS_LOCAL, 7356 bytes)
[2025-12-16T03:30:35.732+0000] {subprocess.py:106} INFO - 25/12/16 03:30:35 INFO BlockManagerInfo: Added rdd_180_8 in memory on 172.18.0.7:36801 (size: 46.0 B, free: 433.9 MiB)
[2025-12-16T03:30:35.735+0000] {subprocess.py:106} INFO - 25/12/16 03:30:35 INFO TaskSetManager: Finished task 12.0 in stage 65.0 (TID 645) in 122 ms on 172.18.0.7 (executor 0) (1/50)
[2025-12-16T03:30:35.736+0000] {subprocess.py:106} INFO - 25/12/16 03:30:35 INFO BlockManagerInfo: Added rdd_180_7 in memory on 172.18.0.7:36801 (size: 46.0 B, free: 433.9 MiB)
[2025-12-16T03:30:35.738+0000] {subprocess.py:106} INFO - 25/12/16 03:30:35 INFO BlockManagerInfo: Added rdd_180_13 in memory on 172.18.0.7:36801 (size: 46.0 B, free: 433.9 MiB)
[2025-12-16T03:30:35.740+0000] {subprocess.py:106} INFO - 25/12/16 03:30:35 INFO TaskSetManager: Starting task 16.0 in stage 65.0 (TID 649) (172.18.0.7, executor 0, partition 16, PROCESS_LOCAL, 7356 bytes)
[2025-12-16T03:30:35.741+0000] {subprocess.py:106} INFO - 25/12/16 03:30:35 INFO BlockManagerInfo: Added rdd_180_14 in memory on 172.18.0.7:36801 (size: 46.0 B, free: 433.9 MiB)
[2025-12-16T03:30:35.742+0000] {subprocess.py:106} INFO - 25/12/16 03:30:35 INFO TaskSetManager: Finished task 11.0 in stage 65.0 (TID 644) in 127 ms on 172.18.0.7 (executor 0) (2/50)
[2025-12-16T03:30:35.743+0000] {subprocess.py:106} INFO - 25/12/16 03:30:35 INFO TaskSetManager: Starting task 17.0 in stage 65.0 (TID 650) (172.18.0.7, executor 0, partition 17, PROCESS_LOCAL, 7356 bytes)
[2025-12-16T03:30:35.746+0000] {subprocess.py:106} INFO - 25/12/16 03:30:35 INFO TaskSetManager: Finished task 6.0 in stage 65.0 (TID 639) in 133 ms on 172.18.0.7 (executor 0) (3/50)
[2025-12-16T03:30:35.747+0000] {subprocess.py:106} INFO - 25/12/16 03:30:35 INFO TaskSetManager: Starting task 18.0 in stage 65.0 (TID 651) (172.18.0.7, executor 0, partition 18, PROCESS_LOCAL, 7356 bytes)
[2025-12-16T03:30:35.751+0000] {subprocess.py:106} INFO - 25/12/16 03:30:35 INFO TaskSetManager: Starting task 19.0 in stage 65.0 (TID 652) (172.18.0.7, executor 0, partition 19, PROCESS_LOCAL, 7356 bytes)
[2025-12-16T03:30:35.753+0000] {subprocess.py:106} INFO - 25/12/16 03:30:35 INFO TaskSetManager: Finished task 42.0 in stage 65.0 (TID 633) in 138 ms on 172.18.0.7 (executor 0) (4/50)
[2025-12-16T03:30:35.755+0000] {subprocess.py:106} INFO - 25/12/16 03:30:35 INFO TaskSetManager: Finished task 4.0 in stage 65.0 (TID 637) in 137 ms on 172.18.0.7 (executor 0) (5/50)
[2025-12-16T03:30:35.756+0000] {subprocess.py:106} INFO - 25/12/16 03:30:35 INFO BlockManagerInfo: Added rdd_180_9 in memory on 172.18.0.7:36801 (size: 46.0 B, free: 433.9 MiB)
[2025-12-16T03:30:35.757+0000] {subprocess.py:106} INFO - 25/12/16 03:30:35 INFO TaskSetManager: Starting task 20.0 in stage 65.0 (TID 653) (172.18.0.7, executor 0, partition 20, PROCESS_LOCAL, 7356 bytes)
[2025-12-16T03:30:35.758+0000] {subprocess.py:106} INFO - 25/12/16 03:30:35 INFO TaskSetManager: Starting task 21.0 in stage 65.0 (TID 654) (172.18.0.7, executor 0, partition 21, PROCESS_LOCAL, 7356 bytes)
[2025-12-16T03:30:35.760+0000] {subprocess.py:106} INFO - 25/12/16 03:30:35 INFO TaskSetManager: Starting task 22.0 in stage 65.0 (TID 655) (172.18.0.7, executor 0, partition 22, PROCESS_LOCAL, 7356 bytes)
[2025-12-16T03:30:35.761+0000] {subprocess.py:106} INFO - 25/12/16 03:30:35 INFO TaskSetManager: Finished task 10.0 in stage 65.0 (TID 643) in 147 ms on 172.18.0.7 (executor 0) (6/50)
[2025-12-16T03:30:35.765+0000] {subprocess.py:106} INFO - 25/12/16 03:30:35 INFO TaskSetManager: Starting task 23.0 in stage 65.0 (TID 656) (172.18.0.7, executor 0, partition 23, PROCESS_LOCAL, 7356 bytes)
[2025-12-16T03:30:35.767+0000] {subprocess.py:106} INFO - 25/12/16 03:30:35 INFO TaskSetManager: Finished task 3.0 in stage 65.0 (TID 636) in 149 ms on 172.18.0.7 (executor 0) (7/50)
[2025-12-16T03:30:35.773+0000] {subprocess.py:106} INFO - 25/12/16 03:30:35 INFO TaskSetManager: Finished task 0.0 in stage 65.0 (TID 634) in 150 ms on 172.18.0.7 (executor 0) (8/50)
[2025-12-16T03:30:35.775+0000] {subprocess.py:106} INFO - 25/12/16 03:30:35 INFO TaskSetManager: Starting task 24.0 in stage 65.0 (TID 657) (172.18.0.7, executor 0, partition 24, PROCESS_LOCAL, 7356 bytes)
[2025-12-16T03:30:35.777+0000] {subprocess.py:106} INFO - 25/12/16 03:30:35 INFO TaskSetManager: Finished task 5.0 in stage 65.0 (TID 638) in 154 ms on 172.18.0.7 (executor 0) (9/50)
[2025-12-16T03:30:35.778+0000] {subprocess.py:106} INFO - 25/12/16 03:30:35 INFO TaskSetManager: Finished task 1.0 in stage 65.0 (TID 635) in 154 ms on 172.18.0.7 (executor 0) (10/50)
[2025-12-16T03:30:35.779+0000] {subprocess.py:106} INFO - 25/12/16 03:30:35 INFO TaskSetManager: Starting task 25.0 in stage 65.0 (TID 658) (172.18.0.7, executor 0, partition 25, PROCESS_LOCAL, 7356 bytes)
[2025-12-16T03:30:35.780+0000] {subprocess.py:106} INFO - 25/12/16 03:30:35 INFO TaskSetManager: Finished task 13.0 in stage 65.0 (TID 646) in 156 ms on 172.18.0.7 (executor 0) (11/50)
[2025-12-16T03:30:35.781+0000] {subprocess.py:106} INFO - 25/12/16 03:30:35 INFO TaskSetManager: Starting task 26.0 in stage 65.0 (TID 659) (172.18.0.7, executor 0, partition 26, PROCESS_LOCAL, 7356 bytes)
[2025-12-16T03:30:35.783+0000] {subprocess.py:106} INFO - 25/12/16 03:30:35 INFO TaskSetManager: Finished task 14.0 in stage 65.0 (TID 647) in 159 ms on 172.18.0.7 (executor 0) (12/50)
[2025-12-16T03:30:35.783+0000] {subprocess.py:106} INFO - 25/12/16 03:30:35 INFO TaskSetManager: Starting task 27.0 in stage 65.0 (TID 660) (172.18.0.7, executor 0, partition 27, PROCESS_LOCAL, 7356 bytes)
[2025-12-16T03:30:35.784+0000] {subprocess.py:106} INFO - 25/12/16 03:30:35 INFO TaskSetManager: Finished task 2.0 in stage 65.0 (TID 632) in 164 ms on 172.18.0.7 (executor 0) (13/50)
[2025-12-16T03:30:35.787+0000] {subprocess.py:106} INFO - 25/12/16 03:30:35 INFO TaskSetManager: Starting task 28.0 in stage 65.0 (TID 661) (172.18.0.7, executor 0, partition 28, PROCESS_LOCAL, 7356 bytes)
[2025-12-16T03:30:35.788+0000] {subprocess.py:106} INFO - 25/12/16 03:30:35 INFO TaskSetManager: Finished task 7.0 in stage 65.0 (TID 640) in 171 ms on 172.18.0.7 (executor 0) (14/50)
[2025-12-16T03:30:35.800+0000] {subprocess.py:106} INFO - 25/12/16 03:30:35 INFO TaskSetManager: Starting task 29.0 in stage 65.0 (TID 662) (172.18.0.7, executor 0, partition 29, PROCESS_LOCAL, 7356 bytes)
[2025-12-16T03:30:35.803+0000] {subprocess.py:106} INFO - 25/12/16 03:30:35 INFO TaskSetManager: Finished task 8.0 in stage 65.0 (TID 641) in 193 ms on 172.18.0.7 (executor 0) (15/50)
[2025-12-16T03:30:35.820+0000] {subprocess.py:106} INFO - 25/12/16 03:30:35 INFO TaskSetManager: Starting task 30.0 in stage 65.0 (TID 663) (172.18.0.7, executor 0, partition 30, PROCESS_LOCAL, 7356 bytes)
[2025-12-16T03:30:35.822+0000] {subprocess.py:106} INFO - 25/12/16 03:30:35 INFO TaskSetManager: Finished task 9.0 in stage 65.0 (TID 642) in 212 ms on 172.18.0.7 (executor 0) (16/50)
[2025-12-16T03:30:35.830+0000] {subprocess.py:106} INFO - 25/12/16 03:30:35 INFO BlockManagerInfo: Added rdd_180_15 in memory on 172.18.0.7:36801 (size: 46.0 B, free: 433.9 MiB)
[2025-12-16T03:30:35.844+0000] {subprocess.py:106} INFO - 25/12/16 03:30:35 INFO BlockManagerInfo: Added rdd_180_20 in memory on 172.18.0.7:36801 (size: 46.0 B, free: 433.9 MiB)
[2025-12-16T03:30:35.847+0000] {subprocess.py:106} INFO - 25/12/16 03:30:35 INFO BlockManagerInfo: Added rdd_180_16 in memory on 172.18.0.7:36801 (size: 46.0 B, free: 433.9 MiB)
[2025-12-16T03:30:35.849+0000] {subprocess.py:106} INFO - 25/12/16 03:30:35 INFO BlockManagerInfo: Added rdd_180_18 in memory on 172.18.0.7:36801 (size: 46.0 B, free: 433.9 MiB)
[2025-12-16T03:30:35.877+0000] {subprocess.py:106} INFO - 25/12/16 03:30:35 INFO BlockManagerInfo: Added rdd_180_19 in memory on 172.18.0.7:36801 (size: 46.0 B, free: 433.9 MiB)
[2025-12-16T03:30:35.879+0000] {subprocess.py:106} INFO - 25/12/16 03:30:35 INFO TaskSetManager: Starting task 31.0 in stage 65.0 (TID 664) (172.18.0.7, executor 0, partition 31, PROCESS_LOCAL, 7356 bytes)
[2025-12-16T03:30:35.880+0000] {subprocess.py:106} INFO - 25/12/16 03:30:35 INFO TaskSetManager: Starting task 32.0 in stage 65.0 (TID 665) (172.18.0.7, executor 0, partition 32, PROCESS_LOCAL, 7356 bytes)
[2025-12-16T03:30:35.885+0000] {subprocess.py:106} INFO - 25/12/16 03:30:35 INFO TaskSetManager: Starting task 33.0 in stage 65.0 (TID 666) (172.18.0.7, executor 0, partition 33, PROCESS_LOCAL, 7356 bytes)
[2025-12-16T03:30:35.887+0000] {subprocess.py:106} INFO - 25/12/16 03:30:35 INFO TaskSetManager: Finished task 15.0 in stage 65.0 (TID 648) in 151 ms on 172.18.0.7 (executor 0) (17/50)
[2025-12-16T03:30:35.888+0000] {subprocess.py:106} INFO - 25/12/16 03:30:35 INFO TaskSetManager: Finished task 16.0 in stage 65.0 (TID 649) in 149 ms on 172.18.0.7 (executor 0) (18/50)
[2025-12-16T03:30:35.889+0000] {subprocess.py:106} INFO - 25/12/16 03:30:35 INFO TaskSetManager: Finished task 20.0 in stage 65.0 (TID 653) in 133 ms on 172.18.0.7 (executor 0) (19/50)
[2025-12-16T03:30:35.890+0000] {subprocess.py:106} INFO - 25/12/16 03:30:35 INFO BlockManagerInfo: Added rdd_180_24 in memory on 172.18.0.7:36801 (size: 46.0 B, free: 433.9 MiB)
[2025-12-16T03:30:35.891+0000] {subprocess.py:106} INFO - 25/12/16 03:30:35 INFO BlockManagerInfo: Added rdd_180_23 in memory on 172.18.0.7:36801 (size: 46.0 B, free: 433.9 MiB)
[2025-12-16T03:30:35.892+0000] {subprocess.py:106} INFO - 25/12/16 03:30:35 INFO TaskSetManager: Starting task 34.0 in stage 65.0 (TID 667) (172.18.0.7, executor 0, partition 34, PROCESS_LOCAL, 7356 bytes)
[2025-12-16T03:30:35.893+0000] {subprocess.py:106} INFO - 25/12/16 03:30:35 INFO TaskSetManager: Finished task 18.0 in stage 65.0 (TID 651) in 152 ms on 172.18.0.7 (executor 0) (20/50)
[2025-12-16T03:30:35.902+0000] {subprocess.py:106} INFO - 25/12/16 03:30:35 INFO BlockManagerInfo: Added rdd_180_21 in memory on 172.18.0.7:36801 (size: 46.0 B, free: 433.9 MiB)
[2025-12-16T03:30:35.904+0000] {subprocess.py:106} INFO - 25/12/16 03:30:35 INFO BlockManagerInfo: Added rdd_180_29 in memory on 172.18.0.7:36801 (size: 46.0 B, free: 433.9 MiB)
[2025-12-16T03:30:35.907+0000] {subprocess.py:106} INFO - 25/12/16 03:30:35 INFO BlockManagerInfo: Added rdd_180_25 in memory on 172.18.0.7:36801 (size: 46.0 B, free: 433.9 MiB)
[2025-12-16T03:30:35.915+0000] {subprocess.py:106} INFO - 25/12/16 03:30:35 INFO BlockManagerInfo: Added rdd_180_17 in memory on 172.18.0.7:36801 (size: 46.0 B, free: 433.9 MiB)
[2025-12-16T03:30:35.919+0000] {subprocess.py:106} INFO - 25/12/16 03:30:35 INFO TaskSetManager: Starting task 35.0 in stage 65.0 (TID 668) (172.18.0.7, executor 0, partition 35, PROCESS_LOCAL, 7356 bytes)
[2025-12-16T03:30:35.920+0000] {subprocess.py:106} INFO - 25/12/16 03:30:35 INFO TaskSetManager: Finished task 19.0 in stage 65.0 (TID 652) in 174 ms on 172.18.0.7 (executor 0) (21/50)
[2025-12-16T03:30:35.921+0000] {subprocess.py:106} INFO - 25/12/16 03:30:35 INFO BlockManagerInfo: Added rdd_180_28 in memory on 172.18.0.7:36801 (size: 46.0 B, free: 433.9 MiB)
[2025-12-16T03:30:35.922+0000] {subprocess.py:106} INFO - 25/12/16 03:30:35 INFO BlockManagerInfo: Added rdd_180_26 in memory on 172.18.0.7:36801 (size: 46.0 B, free: 433.9 MiB)
[2025-12-16T03:30:35.929+0000] {subprocess.py:106} INFO - 25/12/16 03:30:35 INFO BlockManagerInfo: Added rdd_180_22 in memory on 172.18.0.7:36801 (size: 46.0 B, free: 433.9 MiB)
[2025-12-16T03:30:35.933+0000] {subprocess.py:106} INFO - 25/12/16 03:30:35 INFO BlockManagerInfo: Added rdd_180_27 in memory on 172.18.0.7:36801 (size: 46.0 B, free: 433.9 MiB)
[2025-12-16T03:30:35.935+0000] {subprocess.py:106} INFO - 25/12/16 03:30:35 INFO TaskSetManager: Starting task 36.0 in stage 65.0 (TID 669) (172.18.0.7, executor 0, partition 36, PROCESS_LOCAL, 7356 bytes)
[2025-12-16T03:30:35.936+0000] {subprocess.py:106} INFO - 25/12/16 03:30:35 INFO TaskSetManager: Finished task 23.0 in stage 65.0 (TID 656) in 178 ms on 172.18.0.7 (executor 0) (22/50)
[2025-12-16T03:30:35.937+0000] {subprocess.py:106} INFO - 25/12/16 03:30:35 INFO BlockManagerInfo: Added rdd_180_30 in memory on 172.18.0.7:36801 (size: 46.0 B, free: 433.9 MiB)
[2025-12-16T03:30:35.938+0000] {subprocess.py:106} INFO - 25/12/16 03:30:35 INFO TaskSetManager: Starting task 37.0 in stage 65.0 (TID 670) (172.18.0.7, executor 0, partition 37, PROCESS_LOCAL, 7356 bytes)
[2025-12-16T03:30:35.939+0000] {subprocess.py:106} INFO - 25/12/16 03:30:35 INFO TaskSetManager: Finished task 24.0 in stage 65.0 (TID 657) in 178 ms on 172.18.0.7 (executor 0) (23/50)
[2025-12-16T03:30:35.945+0000] {subprocess.py:106} INFO - 25/12/16 03:30:35 INFO TaskSetManager: Starting task 38.0 in stage 65.0 (TID 671) (172.18.0.7, executor 0, partition 38, PROCESS_LOCAL, 7356 bytes)
[2025-12-16T03:30:35.946+0000] {subprocess.py:106} INFO - 25/12/16 03:30:35 INFO TaskSetManager: Finished task 28.0 in stage 65.0 (TID 661) in 166 ms on 172.18.0.7 (executor 0) (24/50)
[2025-12-16T03:30:35.948+0000] {subprocess.py:106} INFO - 25/12/16 03:30:35 INFO TaskSetManager: Starting task 39.0 in stage 65.0 (TID 672) (172.18.0.7, executor 0, partition 39, PROCESS_LOCAL, 7356 bytes)
[2025-12-16T03:30:35.949+0000] {subprocess.py:106} INFO - 25/12/16 03:30:35 INFO TaskSetManager: Finished task 26.0 in stage 65.0 (TID 659) in 177 ms on 172.18.0.7 (executor 0) (25/50)
[2025-12-16T03:30:35.950+0000] {subprocess.py:106} INFO - 25/12/16 03:30:35 INFO TaskSetManager: Starting task 40.0 in stage 65.0 (TID 673) (172.18.0.7, executor 0, partition 40, PROCESS_LOCAL, 7356 bytes)
[2025-12-16T03:30:35.953+0000] {subprocess.py:106} INFO - 25/12/16 03:30:35 INFO TaskSetManager: Finished task 21.0 in stage 65.0 (TID 654) in 194 ms on 172.18.0.7 (executor 0) (26/50)
[2025-12-16T03:30:35.955+0000] {subprocess.py:106} INFO - 25/12/16 03:30:35 INFO TaskSetManager: Starting task 41.0 in stage 65.0 (TID 674) (172.18.0.7, executor 0, partition 41, PROCESS_LOCAL, 7356 bytes)
[2025-12-16T03:30:35.956+0000] {subprocess.py:106} INFO - 25/12/16 03:30:35 INFO TaskSetManager: Finished task 25.0 in stage 65.0 (TID 658) in 182 ms on 172.18.0.7 (executor 0) (27/50)
[2025-12-16T03:30:35.957+0000] {subprocess.py:106} INFO - 25/12/16 03:30:35 INFO TaskSetManager: Starting task 43.0 in stage 65.0 (TID 675) (172.18.0.7, executor 0, partition 43, PROCESS_LOCAL, 7356 bytes)
[2025-12-16T03:30:35.958+0000] {subprocess.py:106} INFO - 25/12/16 03:30:35 INFO TaskSetManager: Starting task 44.0 in stage 65.0 (TID 676) (172.18.0.7, executor 0, partition 44, PROCESS_LOCAL, 7356 bytes)
[2025-12-16T03:30:35.959+0000] {subprocess.py:106} INFO - 25/12/16 03:30:35 INFO TaskSetManager: Finished task 29.0 in stage 65.0 (TID 662) in 157 ms on 172.18.0.7 (executor 0) (28/50)
[2025-12-16T03:30:35.960+0000] {subprocess.py:106} INFO - 25/12/16 03:30:35 INFO TaskSetManager: Finished task 17.0 in stage 65.0 (TID 650) in 217 ms on 172.18.0.7 (executor 0) (29/50)
[2025-12-16T03:30:35.966+0000] {subprocess.py:106} INFO - 25/12/16 03:30:35 INFO BlockManagerInfo: Added rdd_180_33 in memory on 172.18.0.7:36801 (size: 46.0 B, free: 433.9 MiB)
[2025-12-16T03:30:35.970+0000] {subprocess.py:106} INFO - 25/12/16 03:30:35 INFO TaskSetManager: Starting task 45.0 in stage 65.0 (TID 677) (172.18.0.7, executor 0, partition 45, PROCESS_LOCAL, 7356 bytes)
[2025-12-16T03:30:35.972+0000] {subprocess.py:106} INFO - 25/12/16 03:30:35 INFO TaskSetManager: Starting task 46.0 in stage 65.0 (TID 678) (172.18.0.7, executor 0, partition 46, PROCESS_LOCAL, 7356 bytes)
[2025-12-16T03:30:35.974+0000] {subprocess.py:106} INFO - 25/12/16 03:30:35 INFO TaskSetManager: Finished task 27.0 in stage 65.0 (TID 660) in 200 ms on 172.18.0.7 (executor 0) (30/50)
[2025-12-16T03:30:35.975+0000] {subprocess.py:106} INFO - 25/12/16 03:30:35 INFO TaskSetManager: Finished task 30.0 in stage 65.0 (TID 663) in 150 ms on 172.18.0.7 (executor 0) (31/50)
[2025-12-16T03:30:35.976+0000] {subprocess.py:106} INFO - 25/12/16 03:30:35 INFO TaskSetManager: Starting task 47.0 in stage 65.0 (TID 679) (172.18.0.7, executor 0, partition 47, PROCESS_LOCAL, 7356 bytes)
[2025-12-16T03:30:35.979+0000] {subprocess.py:106} INFO - 25/12/16 03:30:35 INFO TaskSetManager: Finished task 22.0 in stage 65.0 (TID 655) in 221 ms on 172.18.0.7 (executor 0) (32/50)
[2025-12-16T03:30:35.980+0000] {subprocess.py:106} INFO - 25/12/16 03:30:35 INFO BlockManagerInfo: Added rdd_180_31 in memory on 172.18.0.7:36801 (size: 46.0 B, free: 433.9 MiB)
[2025-12-16T03:30:35.981+0000] {subprocess.py:106} INFO - 25/12/16 03:30:35 INFO BlockManagerInfo: Added rdd_180_32 in memory on 172.18.0.7:36801 (size: 46.0 B, free: 433.9 MiB)
[2025-12-16T03:30:35.983+0000] {subprocess.py:106} INFO - 25/12/16 03:30:35 INFO BlockManagerInfo: Added rdd_180_34 in memory on 172.18.0.7:36801 (size: 46.0 B, free: 433.9 MiB)
[2025-12-16T03:30:36.011+0000] {subprocess.py:106} INFO - 25/12/16 03:30:36 INFO BlockManagerInfo: Added rdd_180_35 in memory on 172.18.0.7:36801 (size: 46.0 B, free: 433.9 MiB)
[2025-12-16T03:30:36.013+0000] {subprocess.py:106} INFO - 25/12/16 03:30:36 INFO BlockManagerInfo: Added rdd_180_36 in memory on 172.18.0.7:36801 (size: 46.0 B, free: 433.9 MiB)
[2025-12-16T03:30:36.023+0000] {subprocess.py:106} INFO - 25/12/16 03:30:36 INFO BlockManagerInfo: Added rdd_180_38 in memory on 172.18.0.7:36801 (size: 46.0 B, free: 433.9 MiB)
[2025-12-16T03:30:36.029+0000] {subprocess.py:106} INFO - 25/12/16 03:30:36 INFO TaskSetManager: Finished task 33.0 in stage 65.0 (TID 666) in 144 ms on 172.18.0.7 (executor 0) (33/50)
[2025-12-16T03:30:36.035+0000] {subprocess.py:106} INFO - 25/12/16 03:30:36 INFO TaskSetManager: Starting task 48.0 in stage 65.0 (TID 680) (172.18.0.7, executor 0, partition 48, PROCESS_LOCAL, 7356 bytes)
[2025-12-16T03:30:36.043+0000] {subprocess.py:106} INFO - 25/12/16 03:30:36 INFO TaskSetManager: Starting task 49.0 in stage 65.0 (TID 681) (172.18.0.7, executor 0, partition 49, PROCESS_LOCAL, 7356 bytes)
[2025-12-16T03:30:36.044+0000] {subprocess.py:106} INFO - 25/12/16 03:30:36 INFO TaskSetManager: Finished task 31.0 in stage 65.0 (TID 664) in 149 ms on 172.18.0.7 (executor 0) (34/50)
[2025-12-16T03:30:36.045+0000] {subprocess.py:106} INFO - 25/12/16 03:30:36 INFO BlockManagerInfo: Added rdd_180_37 in memory on 172.18.0.7:36801 (size: 46.0 B, free: 433.9 MiB)
[2025-12-16T03:30:36.046+0000] {subprocess.py:106} INFO - 25/12/16 03:30:36 INFO TaskSetManager: Finished task 32.0 in stage 65.0 (TID 665) in 156 ms on 172.18.0.7 (executor 0) (35/50)
[2025-12-16T03:30:36.047+0000] {subprocess.py:106} INFO - 25/12/16 03:30:36 INFO TaskSetManager: Finished task 34.0 in stage 65.0 (TID 667) in 142 ms on 172.18.0.7 (executor 0) (36/50)
[2025-12-16T03:30:36.048+0000] {subprocess.py:106} INFO - 25/12/16 03:30:36 INFO BlockManagerInfo: Added rdd_180_39 in memory on 172.18.0.7:36801 (size: 46.0 B, free: 433.9 MiB)
[2025-12-16T03:30:36.049+0000] {subprocess.py:106} INFO - 25/12/16 03:30:36 INFO BlockManagerInfo: Added rdd_180_40 in memory on 172.18.0.7:36801 (size: 46.0 B, free: 433.9 MiB)
[2025-12-16T03:30:36.050+0000] {subprocess.py:106} INFO - 25/12/16 03:30:36 INFO BlockManagerInfo: Added rdd_180_41 in memory on 172.18.0.7:36801 (size: 46.0 B, free: 433.9 MiB)
[2025-12-16T03:30:36.051+0000] {subprocess.py:106} INFO - 25/12/16 03:30:36 INFO TaskSetManager: Finished task 36.0 in stage 65.0 (TID 669) in 107 ms on 172.18.0.7 (executor 0) (37/50)
[2025-12-16T03:30:36.051+0000] {subprocess.py:106} INFO - 25/12/16 03:30:36 INFO TaskSetManager: Finished task 35.0 in stage 65.0 (TID 668) in 125 ms on 172.18.0.7 (executor 0) (38/50)
[2025-12-16T03:30:36.052+0000] {subprocess.py:106} INFO - 25/12/16 03:30:36 INFO BlockManagerInfo: Added rdd_180_44 in memory on 172.18.0.7:36801 (size: 46.0 B, free: 433.9 MiB)
[2025-12-16T03:30:36.053+0000] {subprocess.py:106} INFO - 25/12/16 03:30:36 INFO BlockManagerInfo: Added rdd_180_43 in memory on 172.18.0.7:36801 (size: 46.0 B, free: 433.9 MiB)
[2025-12-16T03:30:36.056+0000] {subprocess.py:106} INFO - 25/12/16 03:30:36 INFO BlockManagerInfo: Added rdd_180_45 in memory on 172.18.0.7:36801 (size: 46.0 B, free: 433.9 MiB)
[2025-12-16T03:30:36.059+0000] {subprocess.py:106} INFO - 25/12/16 03:30:36 INFO BlockManagerInfo: Added rdd_180_46 in memory on 172.18.0.7:36801 (size: 46.0 B, free: 433.9 MiB)
[2025-12-16T03:30:36.063+0000] {subprocess.py:106} INFO - 25/12/16 03:30:36 INFO TaskSetManager: Finished task 37.0 in stage 65.0 (TID 670) in 126 ms on 172.18.0.7 (executor 0) (39/50)
[2025-12-16T03:30:36.064+0000] {subprocess.py:106} INFO - 25/12/16 03:30:36 INFO TaskSetManager: Finished task 39.0 in stage 65.0 (TID 672) in 119 ms on 172.18.0.7 (executor 0) (40/50)
[2025-12-16T03:30:36.065+0000] {subprocess.py:106} INFO - 25/12/16 03:30:36 INFO TaskSetManager: Finished task 38.0 in stage 65.0 (TID 671) in 120 ms on 172.18.0.7 (executor 0) (41/50)
[2025-12-16T03:30:36.066+0000] {subprocess.py:106} INFO - 25/12/16 03:30:36 INFO BlockManagerInfo: Added rdd_180_47 in memory on 172.18.0.7:36801 (size: 46.0 B, free: 433.9 MiB)
[2025-12-16T03:30:36.067+0000] {subprocess.py:106} INFO - 25/12/16 03:30:36 INFO TaskSetManager: Finished task 41.0 in stage 65.0 (TID 674) in 121 ms on 172.18.0.7 (executor 0) (42/50)
[2025-12-16T03:30:36.071+0000] {subprocess.py:106} INFO - 25/12/16 03:30:36 INFO TaskSetManager: Finished task 40.0 in stage 65.0 (TID 673) in 128 ms on 172.18.0.7 (executor 0) (43/50)
[2025-12-16T03:30:36.075+0000] {subprocess.py:106} INFO - 25/12/16 03:30:36 INFO TaskSetManager: Finished task 44.0 in stage 65.0 (TID 676) in 121 ms on 172.18.0.7 (executor 0) (44/50)
[2025-12-16T03:30:36.076+0000] {subprocess.py:106} INFO - 25/12/16 03:30:36 INFO TaskSetManager: Finished task 43.0 in stage 65.0 (TID 675) in 125 ms on 172.18.0.7 (executor 0) (45/50)
[2025-12-16T03:30:36.077+0000] {subprocess.py:106} INFO - 25/12/16 03:30:36 INFO TaskSetManager: Finished task 45.0 in stage 65.0 (TID 677) in 112 ms on 172.18.0.7 (executor 0) (46/50)
[2025-12-16T03:30:36.084+0000] {subprocess.py:106} INFO - 25/12/16 03:30:36 INFO TaskSetManager: Finished task 46.0 in stage 65.0 (TID 678) in 119 ms on 172.18.0.7 (executor 0) (47/50)
[2025-12-16T03:30:36.085+0000] {subprocess.py:106} INFO - 25/12/16 03:30:36 INFO TaskSetManager: Finished task 47.0 in stage 65.0 (TID 679) in 114 ms on 172.18.0.7 (executor 0) (48/50)
[2025-12-16T03:30:36.087+0000] {subprocess.py:106} INFO - 25/12/16 03:30:36 INFO BlockManagerInfo: Added rdd_180_48 in memory on 172.18.0.7:36801 (size: 46.0 B, free: 433.9 MiB)
[2025-12-16T03:30:36.087+0000] {subprocess.py:106} INFO - 25/12/16 03:30:36 INFO BlockManagerInfo: Added rdd_180_49 in memory on 172.18.0.7:36801 (size: 46.0 B, free: 433.9 MiB)
[2025-12-16T03:30:36.108+0000] {subprocess.py:106} INFO - 25/12/16 03:30:36 INFO TaskSetManager: Finished task 49.0 in stage 65.0 (TID 681) in 84 ms on 172.18.0.7 (executor 0) (49/50)
[2025-12-16T03:30:36.109+0000] {subprocess.py:106} INFO - 25/12/16 03:30:36 INFO TaskSetManager: Finished task 48.0 in stage 65.0 (TID 680) in 85 ms on 172.18.0.7 (executor 0) (50/50)
[2025-12-16T03:30:36.110+0000] {subprocess.py:106} INFO - 25/12/16 03:30:36 INFO TaskSchedulerImpl: Removed TaskSet 65.0, whose tasks have all completed, from pool
[2025-12-16T03:30:36.110+0000] {subprocess.py:106} INFO - 25/12/16 03:30:36 INFO DAGScheduler: ShuffleMapStage 65 ($anonfun$recordDeltaOperationInternal$1 at DatabricksLogging.scala:128) finished in 0.522 s
[2025-12-16T03:30:36.111+0000] {subprocess.py:106} INFO - 25/12/16 03:30:36 INFO DAGScheduler: looking for newly runnable stages
[2025-12-16T03:30:36.112+0000] {subprocess.py:106} INFO - 25/12/16 03:30:36 INFO DAGScheduler: running: Set()
[2025-12-16T03:30:36.112+0000] {subprocess.py:106} INFO - 25/12/16 03:30:36 INFO DAGScheduler: waiting: Set()
[2025-12-16T03:30:36.113+0000] {subprocess.py:106} INFO - 25/12/16 03:30:36 INFO DAGScheduler: failed: Set()
[2025-12-16T03:30:36.142+0000] {subprocess.py:106} INFO - 25/12/16 03:30:36 INFO SparkContext: Starting job: $anonfun$recordDeltaOperationInternal$1 at DatabricksLogging.scala:128
[2025-12-16T03:30:36.143+0000] {subprocess.py:106} INFO - 25/12/16 03:30:36 INFO DAGScheduler: Got job 39 ($anonfun$recordDeltaOperationInternal$1 at DatabricksLogging.scala:128) with 1 output partitions
[2025-12-16T03:30:36.144+0000] {subprocess.py:106} INFO - 25/12/16 03:30:36 INFO DAGScheduler: Final stage: ResultStage 68 ($anonfun$recordDeltaOperationInternal$1 at DatabricksLogging.scala:128)
[2025-12-16T03:30:36.144+0000] {subprocess.py:106} INFO - 25/12/16 03:30:36 INFO DAGScheduler: Parents of final stage: List(ShuffleMapStage 67)
[2025-12-16T03:30:36.145+0000] {subprocess.py:106} INFO - 25/12/16 03:30:36 INFO DAGScheduler: Missing parents: List()
[2025-12-16T03:30:36.146+0000] {subprocess.py:106} INFO - 25/12/16 03:30:36 INFO DAGScheduler: Submitting ResultStage 68 (MapPartitionsRDD[186] at $anonfun$recordDeltaOperationInternal$1 at DatabricksLogging.scala:128), which has no missing parents
[2025-12-16T03:30:36.150+0000] {subprocess.py:106} INFO - 25/12/16 03:30:36 INFO MemoryStore: Block broadcast_66 stored as values in memory (estimated size 452.3 KiB, free 429.4 MiB)
[2025-12-16T03:30:36.152+0000] {subprocess.py:106} INFO - 25/12/16 03:30:36 INFO MemoryStore: Block broadcast_66_piece0 stored as bytes in memory (estimated size 108.1 KiB, free 429.3 MiB)
[2025-12-16T03:30:36.153+0000] {subprocess.py:106} INFO - 25/12/16 03:30:36 INFO BlockManagerInfo: Added broadcast_66_piece0 in memory on 3ad9a82189be:39783 (size: 108.1 KiB, free: 433.6 MiB)
[2025-12-16T03:30:36.154+0000] {subprocess.py:106} INFO - 25/12/16 03:30:36 INFO SparkContext: Created broadcast 66 from broadcast at DAGScheduler.scala:1535
[2025-12-16T03:30:36.160+0000] {subprocess.py:106} INFO - 25/12/16 03:30:36 INFO DAGScheduler: Submitting 1 missing tasks from ResultStage 68 (MapPartitionsRDD[186] at $anonfun$recordDeltaOperationInternal$1 at DatabricksLogging.scala:128) (first 15 tasks are for partitions Vector(0))
[2025-12-16T03:30:36.161+0000] {subprocess.py:106} INFO - 25/12/16 03:30:36 INFO TaskSchedulerImpl: Adding task set 68.0 with 1 tasks resource profile 0
[2025-12-16T03:30:36.162+0000] {subprocess.py:106} INFO - 25/12/16 03:30:36 INFO TaskSetManager: Starting task 0.0 in stage 68.0 (TID 682) (172.18.0.7, executor 0, partition 0, NODE_LOCAL, 7367 bytes)
[2025-12-16T03:30:36.170+0000] {subprocess.py:106} INFO - 25/12/16 03:30:36 INFO BlockManagerInfo: Added broadcast_66_piece0 in memory on 172.18.0.7:36801 (size: 108.1 KiB, free: 433.8 MiB)
[2025-12-16T03:30:36.178+0000] {subprocess.py:106} INFO - 25/12/16 03:30:36 INFO MapOutputTrackerMasterEndpoint: Asked to send map output locations for shuffle 15 to 172.18.0.7:43148
[2025-12-16T03:30:36.206+0000] {subprocess.py:106} INFO - 25/12/16 03:30:36 INFO TaskSetManager: Finished task 0.0 in stage 68.0 (TID 682) in 44 ms on 172.18.0.7 (executor 0) (1/1)
[2025-12-16T03:30:36.207+0000] {subprocess.py:106} INFO - 25/12/16 03:30:36 INFO TaskSchedulerImpl: Removed TaskSet 68.0, whose tasks have all completed, from pool
[2025-12-16T03:30:36.208+0000] {subprocess.py:106} INFO - 25/12/16 03:30:36 INFO DAGScheduler: ResultStage 68 ($anonfun$recordDeltaOperationInternal$1 at DatabricksLogging.scala:128) finished in 0.061 s
[2025-12-16T03:30:36.208+0000] {subprocess.py:106} INFO - 25/12/16 03:30:36 INFO DAGScheduler: Job 39 is finished. Cancelling potential speculative or zombie tasks for this job
[2025-12-16T03:30:36.209+0000] {subprocess.py:106} INFO - 25/12/16 03:30:36 INFO TaskSchedulerImpl: Killing all running tasks in stage 68: Stage finished
[2025-12-16T03:30:36.209+0000] {subprocess.py:106} INFO - 25/12/16 03:30:36 INFO DAGScheduler: Job 39 finished: $anonfun$recordDeltaOperationInternal$1 at DatabricksLogging.scala:128, took 0.065276 s
[2025-12-16T03:30:36.215+0000] {subprocess.py:106} INFO - 25/12/16 03:30:36 INFO Snapshot: [tableId=85fe58c8-48ef-4a7e-a6a2-f52c2432683a] DELTA: Done
[2025-12-16T03:30:36.315+0000] {subprocess.py:106} INFO - 25/12/16 03:30:36 INFO SparkContext: Starting job: $anonfun$recordDeltaOperationInternal$1 at DatabricksLogging.scala:128
[2025-12-16T03:30:36.317+0000] {subprocess.py:106} INFO - 25/12/16 03:30:36 INFO DAGScheduler: Got job 40 ($anonfun$recordDeltaOperationInternal$1 at DatabricksLogging.scala:128) with 50 output partitions
[2025-12-16T03:30:36.318+0000] {subprocess.py:106} INFO - 25/12/16 03:30:36 INFO DAGScheduler: Final stage: ResultStage 70 ($anonfun$recordDeltaOperationInternal$1 at DatabricksLogging.scala:128)
[2025-12-16T03:30:36.318+0000] {subprocess.py:106} INFO - 25/12/16 03:30:36 INFO DAGScheduler: Parents of final stage: List(ShuffleMapStage 69)
[2025-12-16T03:30:36.319+0000] {subprocess.py:106} INFO - 25/12/16 03:30:36 INFO DAGScheduler: Missing parents: List()
[2025-12-16T03:30:36.320+0000] {subprocess.py:106} INFO - 25/12/16 03:30:36 INFO DAGScheduler: Submitting ResultStage 70 (MapPartitionsRDD[188] at $anonfun$recordDeltaOperationInternal$1 at DatabricksLogging.scala:128), which has no missing parents
[2025-12-16T03:30:36.324+0000] {subprocess.py:106} INFO - 25/12/16 03:30:36 INFO MemoryStore: Block broadcast_67 stored as values in memory (estimated size 592.2 KiB, free 428.8 MiB)
[2025-12-16T03:30:36.342+0000] {subprocess.py:106} INFO - 25/12/16 03:30:36 INFO BlockManagerInfo: Removed broadcast_65_piece0 on 3ad9a82189be:39783 in memory (size: 123.3 KiB, free: 433.7 MiB)
[2025-12-16T03:30:36.343+0000] {subprocess.py:106} INFO - 25/12/16 03:30:36 INFO MemoryStore: Block broadcast_67_piece0 stored as bytes in memory (estimated size 138.5 KiB, free 428.7 MiB)
[2025-12-16T03:30:36.344+0000] {subprocess.py:106} INFO - 25/12/16 03:30:36 INFO BlockManagerInfo: Added broadcast_67_piece0 in memory on 3ad9a82189be:39783 (size: 138.5 KiB, free: 433.6 MiB)
[2025-12-16T03:30:36.346+0000] {subprocess.py:106} INFO - 25/12/16 03:30:36 INFO SparkContext: Created broadcast 67 from broadcast at DAGScheduler.scala:1535
[2025-12-16T03:30:36.347+0000] {subprocess.py:106} INFO - 25/12/16 03:30:36 INFO BlockManagerInfo: Removed broadcast_65_piece0 on 172.18.0.7:36801 in memory (size: 123.3 KiB, free: 434.0 MiB)
[2025-12-16T03:30:36.348+0000] {subprocess.py:106} INFO - 25/12/16 03:30:36 INFO DAGScheduler: Submitting 50 missing tasks from ResultStage 70 (MapPartitionsRDD[188] at $anonfun$recordDeltaOperationInternal$1 at DatabricksLogging.scala:128) (first 15 tasks are for partitions Vector(0, 1, 2, 3, 4, 5, 6, 7, 8, 9, 10, 11, 12, 13, 14))
[2025-12-16T03:30:36.355+0000] {subprocess.py:106} INFO - 25/12/16 03:30:36 INFO TaskSchedulerImpl: Adding task set 70.0 with 50 tasks resource profile 0
[2025-12-16T03:30:36.356+0000] {subprocess.py:106} INFO - 25/12/16 03:30:36 INFO TaskSetManager: Starting task 0.0 in stage 70.0 (TID 683) (172.18.0.7, executor 0, partition 0, PROCESS_LOCAL, 7367 bytes)
[2025-12-16T03:30:36.357+0000] {subprocess.py:106} INFO - 25/12/16 03:30:36 INFO TaskSetManager: Starting task 1.0 in stage 70.0 (TID 684) (172.18.0.7, executor 0, partition 1, PROCESS_LOCAL, 7367 bytes)
[2025-12-16T03:30:36.358+0000] {subprocess.py:106} INFO - 25/12/16 03:30:36 INFO TaskSetManager: Starting task 2.0 in stage 70.0 (TID 685) (172.18.0.7, executor 0, partition 2, PROCESS_LOCAL, 7367 bytes)
[2025-12-16T03:30:36.359+0000] {subprocess.py:106} INFO - 25/12/16 03:30:36 INFO TaskSetManager: Starting task 3.0 in stage 70.0 (TID 686) (172.18.0.7, executor 0, partition 3, PROCESS_LOCAL, 7367 bytes)
[2025-12-16T03:30:36.360+0000] {subprocess.py:106} INFO - 25/12/16 03:30:36 INFO TaskSetManager: Starting task 4.0 in stage 70.0 (TID 687) (172.18.0.7, executor 0, partition 4, PROCESS_LOCAL, 7367 bytes)
[2025-12-16T03:30:36.360+0000] {subprocess.py:106} INFO - 25/12/16 03:30:36 INFO TaskSetManager: Starting task 5.0 in stage 70.0 (TID 688) (172.18.0.7, executor 0, partition 5, PROCESS_LOCAL, 7367 bytes)
[2025-12-16T03:30:36.361+0000] {subprocess.py:106} INFO - 25/12/16 03:30:36 INFO TaskSetManager: Starting task 6.0 in stage 70.0 (TID 689) (172.18.0.7, executor 0, partition 6, PROCESS_LOCAL, 7367 bytes)
[2025-12-16T03:30:36.361+0000] {subprocess.py:106} INFO - 25/12/16 03:30:36 INFO TaskSetManager: Starting task 7.0 in stage 70.0 (TID 690) (172.18.0.7, executor 0, partition 7, PROCESS_LOCAL, 7367 bytes)
[2025-12-16T03:30:36.362+0000] {subprocess.py:106} INFO - 25/12/16 03:30:36 INFO TaskSetManager: Starting task 8.0 in stage 70.0 (TID 691) (172.18.0.7, executor 0, partition 8, PROCESS_LOCAL, 7367 bytes)
[2025-12-16T03:30:36.363+0000] {subprocess.py:106} INFO - 25/12/16 03:30:36 INFO TaskSetManager: Starting task 9.0 in stage 70.0 (TID 692) (172.18.0.7, executor 0, partition 9, PROCESS_LOCAL, 7367 bytes)
[2025-12-16T03:30:36.364+0000] {subprocess.py:106} INFO - 25/12/16 03:30:36 INFO TaskSetManager: Starting task 10.0 in stage 70.0 (TID 693) (172.18.0.7, executor 0, partition 10, PROCESS_LOCAL, 7367 bytes)
[2025-12-16T03:30:36.364+0000] {subprocess.py:106} INFO - 25/12/16 03:30:36 INFO TaskSetManager: Starting task 11.0 in stage 70.0 (TID 694) (172.18.0.7, executor 0, partition 11, PROCESS_LOCAL, 7367 bytes)
[2025-12-16T03:30:36.367+0000] {subprocess.py:106} INFO - 25/12/16 03:30:36 INFO TaskSetManager: Starting task 12.0 in stage 70.0 (TID 695) (172.18.0.7, executor 0, partition 12, PROCESS_LOCAL, 7367 bytes)
[2025-12-16T03:30:36.371+0000] {subprocess.py:106} INFO - 25/12/16 03:30:36 INFO TaskSetManager: Starting task 13.0 in stage 70.0 (TID 696) (172.18.0.7, executor 0, partition 13, PROCESS_LOCAL, 7367 bytes)
[2025-12-16T03:30:36.373+0000] {subprocess.py:106} INFO - 25/12/16 03:30:36 INFO TaskSetManager: Starting task 14.0 in stage 70.0 (TID 697) (172.18.0.7, executor 0, partition 14, PROCESS_LOCAL, 7367 bytes)
[2025-12-16T03:30:36.374+0000] {subprocess.py:106} INFO - 25/12/16 03:30:36 INFO TaskSetManager: Starting task 15.0 in stage 70.0 (TID 698) (172.18.0.7, executor 0, partition 15, PROCESS_LOCAL, 7367 bytes)
[2025-12-16T03:30:36.375+0000] {subprocess.py:106} INFO - 25/12/16 03:30:36 INFO BlockManagerInfo: Removed broadcast_66_piece0 on 3ad9a82189be:39783 in memory (size: 108.1 KiB, free: 433.7 MiB)
[2025-12-16T03:30:36.376+0000] {subprocess.py:106} INFO - 25/12/16 03:30:36 INFO BlockManagerInfo: Removed broadcast_66_piece0 on 172.18.0.7:36801 in memory (size: 108.1 KiB, free: 434.1 MiB)
[2025-12-16T03:30:36.377+0000] {subprocess.py:106} INFO - 25/12/16 03:30:36 INFO BlockManagerInfo: Added broadcast_67_piece0 in memory on 172.18.0.7:36801 (size: 138.5 KiB, free: 433.9 MiB)
[2025-12-16T03:30:36.382+0000] {subprocess.py:106} INFO - 25/12/16 03:30:36 INFO TaskSetManager: Starting task 16.0 in stage 70.0 (TID 699) (172.18.0.7, executor 0, partition 16, PROCESS_LOCAL, 7367 bytes)
[2025-12-16T03:30:36.383+0000] {subprocess.py:106} INFO - 25/12/16 03:30:36 INFO TaskSetManager: Finished task 4.0 in stage 70.0 (TID 687) in 35 ms on 172.18.0.7 (executor 0) (1/50)
[2025-12-16T03:30:36.384+0000] {subprocess.py:106} INFO - 25/12/16 03:30:36 INFO TaskSetManager: Starting task 17.0 in stage 70.0 (TID 700) (172.18.0.7, executor 0, partition 17, PROCESS_LOCAL, 7367 bytes)
[2025-12-16T03:30:36.385+0000] {subprocess.py:106} INFO - 25/12/16 03:30:36 INFO TaskSetManager: Starting task 18.0 in stage 70.0 (TID 701) (172.18.0.7, executor 0, partition 18, PROCESS_LOCAL, 7367 bytes)
[2025-12-16T03:30:36.387+0000] {subprocess.py:106} INFO - 25/12/16 03:30:36 INFO TaskSetManager: Starting task 19.0 in stage 70.0 (TID 702) (172.18.0.7, executor 0, partition 19, PROCESS_LOCAL, 7367 bytes)
[2025-12-16T03:30:36.390+0000] {subprocess.py:106} INFO - 25/12/16 03:30:36 INFO TaskSetManager: Finished task 3.0 in stage 70.0 (TID 686) in 38 ms on 172.18.0.7 (executor 0) (2/50)
[2025-12-16T03:30:36.392+0000] {subprocess.py:106} INFO - 25/12/16 03:30:36 INFO TaskSetManager: Finished task 10.0 in stage 70.0 (TID 693) in 37 ms on 172.18.0.7 (executor 0) (3/50)
[2025-12-16T03:30:36.393+0000] {subprocess.py:106} INFO - 25/12/16 03:30:36 INFO TaskSetManager: Finished task 2.0 in stage 70.0 (TID 685) in 38 ms on 172.18.0.7 (executor 0) (4/50)
[2025-12-16T03:30:36.415+0000] {subprocess.py:106} INFO - 25/12/16 03:30:36 INFO TaskSetManager: Starting task 20.0 in stage 70.0 (TID 703) (172.18.0.7, executor 0, partition 20, PROCESS_LOCAL, 7367 bytes)
[2025-12-16T03:30:36.417+0000] {subprocess.py:106} INFO - 25/12/16 03:30:36 INFO TaskSetManager: Finished task 13.0 in stage 70.0 (TID 696) in 56 ms on 172.18.0.7 (executor 0) (5/50)
[2025-12-16T03:30:36.451+0000] {subprocess.py:106} INFO - 25/12/16 03:30:36 INFO TaskSetManager: Starting task 21.0 in stage 70.0 (TID 704) (172.18.0.7, executor 0, partition 21, PROCESS_LOCAL, 7367 bytes)
[2025-12-16T03:30:36.452+0000] {subprocess.py:106} INFO - 25/12/16 03:30:36 INFO TaskSetManager: Starting task 22.0 in stage 70.0 (TID 705) (172.18.0.7, executor 0, partition 22, PROCESS_LOCAL, 7367 bytes)
[2025-12-16T03:30:36.456+0000] {subprocess.py:106} INFO - 25/12/16 03:30:36 INFO BlockManagerInfo: Removed broadcast_35_piece0 on 3ad9a82189be:39783 in memory (size: 37.0 KiB, free: 433.7 MiB)
[2025-12-16T03:30:36.457+0000] {subprocess.py:106} INFO - 25/12/16 03:30:36 INFO TaskSetManager: Starting task 23.0 in stage 70.0 (TID 706) (172.18.0.7, executor 0, partition 23, PROCESS_LOCAL, 7367 bytes)
[2025-12-16T03:30:36.460+0000] {subprocess.py:106} INFO - 25/12/16 03:30:36 INFO TaskSetManager: Starting task 24.0 in stage 70.0 (TID 707) (172.18.0.7, executor 0, partition 24, PROCESS_LOCAL, 7367 bytes)
[2025-12-16T03:30:36.461+0000] {subprocess.py:106} INFO - 25/12/16 03:30:36 INFO TaskSetManager: Starting task 25.0 in stage 70.0 (TID 708) (172.18.0.7, executor 0, partition 25, PROCESS_LOCAL, 7367 bytes)
[2025-12-16T03:30:36.462+0000] {subprocess.py:106} INFO - 25/12/16 03:30:36 INFO TaskSetManager: Starting task 26.0 in stage 70.0 (TID 709) (172.18.0.7, executor 0, partition 26, PROCESS_LOCAL, 7367 bytes)
[2025-12-16T03:30:36.464+0000] {subprocess.py:106} INFO - 25/12/16 03:30:36 INFO TaskSetManager: Starting task 27.0 in stage 70.0 (TID 710) (172.18.0.7, executor 0, partition 27, PROCESS_LOCAL, 7367 bytes)
[2025-12-16T03:30:36.466+0000] {subprocess.py:106} INFO - 25/12/16 03:30:36 INFO TaskSetManager: Starting task 28.0 in stage 70.0 (TID 711) (172.18.0.7, executor 0, partition 28, PROCESS_LOCAL, 7367 bytes)
[2025-12-16T03:30:36.467+0000] {subprocess.py:106} INFO - 25/12/16 03:30:36 INFO TaskSetManager: Starting task 29.0 in stage 70.0 (TID 712) (172.18.0.7, executor 0, partition 29, PROCESS_LOCAL, 7367 bytes)
[2025-12-16T03:30:36.467+0000] {subprocess.py:106} INFO - 25/12/16 03:30:36 INFO TaskSetManager: Starting task 30.0 in stage 70.0 (TID 713) (172.18.0.7, executor 0, partition 30, PROCESS_LOCAL, 7367 bytes)
[2025-12-16T03:30:36.468+0000] {subprocess.py:106} INFO - 25/12/16 03:30:36 INFO TaskSetManager: Starting task 31.0 in stage 70.0 (TID 714) (172.18.0.7, executor 0, partition 31, PROCESS_LOCAL, 7367 bytes)
[2025-12-16T03:30:36.469+0000] {subprocess.py:106} INFO - 25/12/16 03:30:36 INFO TaskSetManager: Starting task 32.0 in stage 70.0 (TID 715) (172.18.0.7, executor 0, partition 32, PROCESS_LOCAL, 7367 bytes)
[2025-12-16T03:30:36.469+0000] {subprocess.py:106} INFO - 25/12/16 03:30:36 INFO TaskSetManager: Starting task 33.0 in stage 70.0 (TID 716) (172.18.0.7, executor 0, partition 33, PROCESS_LOCAL, 7367 bytes)
[2025-12-16T03:30:36.472+0000] {subprocess.py:106} INFO - 25/12/16 03:30:36 INFO TaskSetManager: Finished task 18.0 in stage 70.0 (TID 701) in 73 ms on 172.18.0.7 (executor 0) (6/50)
[2025-12-16T03:30:36.473+0000] {subprocess.py:106} INFO - 25/12/16 03:30:36 INFO TaskSetManager: Finished task 11.0 in stage 70.0 (TID 694) in 109 ms on 172.18.0.7 (executor 0) (7/50)
[2025-12-16T03:30:36.474+0000] {subprocess.py:106} INFO - 25/12/16 03:30:36 INFO TaskSetManager: Finished task 0.0 in stage 70.0 (TID 683) in 112 ms on 172.18.0.7 (executor 0) (8/50)
[2025-12-16T03:30:36.475+0000] {subprocess.py:106} INFO - 25/12/16 03:30:36 INFO TaskSetManager: Finished task 17.0 in stage 70.0 (TID 700) in 75 ms on 172.18.0.7 (executor 0) (9/50)
[2025-12-16T03:30:36.476+0000] {subprocess.py:106} INFO - 25/12/16 03:30:36 INFO TaskSetManager: Finished task 5.0 in stage 70.0 (TID 688) in 112 ms on 172.18.0.7 (executor 0) (10/50)
[2025-12-16T03:30:36.477+0000] {subprocess.py:106} INFO - 25/12/16 03:30:36 INFO TaskSetManager: Finished task 20.0 in stage 70.0 (TID 703) in 56 ms on 172.18.0.7 (executor 0) (11/50)
[2025-12-16T03:30:36.477+0000] {subprocess.py:106} INFO - 25/12/16 03:30:36 INFO TaskSetManager: Finished task 7.0 in stage 70.0 (TID 690) in 112 ms on 172.18.0.7 (executor 0) (12/50)
[2025-12-16T03:30:36.478+0000] {subprocess.py:106} INFO - 25/12/16 03:30:36 INFO TaskSetManager: Finished task 15.0 in stage 70.0 (TID 698) in 111 ms on 172.18.0.7 (executor 0) (13/50)
[2025-12-16T03:30:36.479+0000] {subprocess.py:106} INFO - 25/12/16 03:30:36 INFO TaskSetManager: Finished task 19.0 in stage 70.0 (TID 702) in 77 ms on 172.18.0.7 (executor 0) (14/50)
[2025-12-16T03:30:36.483+0000] {subprocess.py:106} INFO - 25/12/16 03:30:36 INFO TaskSetManager: Finished task 9.0 in stage 70.0 (TID 692) in 113 ms on 172.18.0.7 (executor 0) (15/50)
[2025-12-16T03:30:36.484+0000] {subprocess.py:106} INFO - 25/12/16 03:30:36 INFO TaskSetManager: Finished task 16.0 in stage 70.0 (TID 699) in 81 ms on 172.18.0.7 (executor 0) (16/50)
[2025-12-16T03:30:36.486+0000] {subprocess.py:106} INFO - 25/12/16 03:30:36 INFO TaskSetManager: Finished task 8.0 in stage 70.0 (TID 691) in 114 ms on 172.18.0.7 (executor 0) (17/50)
[2025-12-16T03:30:36.490+0000] {subprocess.py:106} INFO - 25/12/16 03:30:36 INFO TaskSetManager: Finished task 12.0 in stage 70.0 (TID 695) in 114 ms on 172.18.0.7 (executor 0) (18/50)
[2025-12-16T03:30:36.495+0000] {subprocess.py:106} INFO - 25/12/16 03:30:36 INFO TaskSetManager: Starting task 34.0 in stage 70.0 (TID 717) (172.18.0.7, executor 0, partition 34, PROCESS_LOCAL, 7367 bytes)
[2025-12-16T03:30:36.496+0000] {subprocess.py:106} INFO - 25/12/16 03:30:36 INFO BlockManagerInfo: Removed broadcast_35_piece0 on 172.18.0.7:36801 in memory (size: 37.0 KiB, free: 434.0 MiB)
[2025-12-16T03:30:36.498+0000] {subprocess.py:106} INFO - 25/12/16 03:30:36 INFO TaskSetManager: Starting task 35.0 in stage 70.0 (TID 718) (172.18.0.7, executor 0, partition 35, PROCESS_LOCAL, 7367 bytes)
[2025-12-16T03:30:36.499+0000] {subprocess.py:106} INFO - 25/12/16 03:30:36 INFO TaskSetManager: Starting task 36.0 in stage 70.0 (TID 719) (172.18.0.7, executor 0, partition 36, PROCESS_LOCAL, 7367 bytes)
[2025-12-16T03:30:36.501+0000] {subprocess.py:106} INFO - 25/12/16 03:30:36 INFO TaskSetManager: Finished task 14.0 in stage 70.0 (TID 697) in 119 ms on 172.18.0.7 (executor 0) (19/50)
[2025-12-16T03:30:36.502+0000] {subprocess.py:106} INFO - 25/12/16 03:30:36 INFO TaskSetManager: Finished task 1.0 in stage 70.0 (TID 684) in 121 ms on 172.18.0.7 (executor 0) (20/50)
[2025-12-16T03:30:36.508+0000] {subprocess.py:106} INFO - 25/12/16 03:30:36 INFO TaskSetManager: Finished task 6.0 in stage 70.0 (TID 689) in 121 ms on 172.18.0.7 (executor 0) (21/50)
[2025-12-16T03:30:36.509+0000] {subprocess.py:106} INFO - 25/12/16 03:30:36 INFO TaskSetManager: Starting task 37.0 in stage 70.0 (TID 720) (172.18.0.7, executor 0, partition 37, PROCESS_LOCAL, 7367 bytes)
[2025-12-16T03:30:36.511+0000] {subprocess.py:106} INFO - 25/12/16 03:30:36 INFO TaskSetManager: Finished task 21.0 in stage 70.0 (TID 704) in 44 ms on 172.18.0.7 (executor 0) (22/50)
[2025-12-16T03:30:36.512+0000] {subprocess.py:106} INFO - 25/12/16 03:30:36 INFO TaskSetManager: Starting task 38.0 in stage 70.0 (TID 721) (172.18.0.7, executor 0, partition 38, PROCESS_LOCAL, 7367 bytes)
[2025-12-16T03:30:36.514+0000] {subprocess.py:106} INFO - 25/12/16 03:30:36 INFO TaskSetManager: Finished task 29.0 in stage 70.0 (TID 712) in 45 ms on 172.18.0.7 (executor 0) (23/50)
[2025-12-16T03:30:36.515+0000] {subprocess.py:106} INFO - 25/12/16 03:30:36 INFO BlockManagerInfo: Removed broadcast_37_piece0 on 3ad9a82189be:39783 in memory (size: 36.2 KiB, free: 433.8 MiB)
[2025-12-16T03:30:36.516+0000] {subprocess.py:106} INFO - 25/12/16 03:30:36 INFO TaskSetManager: Starting task 39.0 in stage 70.0 (TID 722) (172.18.0.7, executor 0, partition 39, PROCESS_LOCAL, 7367 bytes)
[2025-12-16T03:30:36.518+0000] {subprocess.py:106} INFO - 25/12/16 03:30:36 INFO TaskSetManager: Starting task 40.0 in stage 70.0 (TID 723) (172.18.0.7, executor 0, partition 40, PROCESS_LOCAL, 7367 bytes)
[2025-12-16T03:30:36.520+0000] {subprocess.py:106} INFO - 25/12/16 03:30:36 INFO TaskSetManager: Starting task 41.0 in stage 70.0 (TID 724) (172.18.0.7, executor 0, partition 41, PROCESS_LOCAL, 7367 bytes)
[2025-12-16T03:30:36.522+0000] {subprocess.py:106} INFO - 25/12/16 03:30:36 INFO TaskSetManager: Starting task 42.0 in stage 70.0 (TID 725) (172.18.0.7, executor 0, partition 42, PROCESS_LOCAL, 7367 bytes)
[2025-12-16T03:30:36.524+0000] {subprocess.py:106} INFO - 25/12/16 03:30:36 INFO TaskSetManager: Finished task 24.0 in stage 70.0 (TID 707) in 61 ms on 172.18.0.7 (executor 0) (24/50)
[2025-12-16T03:30:36.525+0000] {subprocess.py:106} INFO - 25/12/16 03:30:36 INFO TaskSetManager: Finished task 27.0 in stage 70.0 (TID 710) in 61 ms on 172.18.0.7 (executor 0) (25/50)
[2025-12-16T03:30:36.529+0000] {subprocess.py:106} INFO - 25/12/16 03:30:36 INFO TaskSetManager: Finished task 30.0 in stage 70.0 (TID 713) in 60 ms on 172.18.0.7 (executor 0) (26/50)
[2025-12-16T03:30:36.532+0000] {subprocess.py:106} INFO - 25/12/16 03:30:36 INFO TaskSetManager: Finished task 22.0 in stage 70.0 (TID 705) in 65 ms on 172.18.0.7 (executor 0) (27/50)
[2025-12-16T03:30:36.533+0000] {subprocess.py:106} INFO - 25/12/16 03:30:36 INFO BlockManagerInfo: Removed broadcast_38_piece0 on 3ad9a82189be:39783 in memory (size: 36.3 KiB, free: 433.8 MiB)
[2025-12-16T03:30:36.534+0000] {subprocess.py:106} INFO - 25/12/16 03:30:36 INFO BlockManagerInfo: Removed broadcast_38_piece0 on 172.18.0.7:36801 in memory (size: 36.3 KiB, free: 434.0 MiB)
[2025-12-16T03:30:36.539+0000] {subprocess.py:106} INFO - 25/12/16 03:30:36 INFO TaskSetManager: Starting task 43.0 in stage 70.0 (TID 726) (172.18.0.7, executor 0, partition 43, PROCESS_LOCAL, 7367 bytes)
[2025-12-16T03:30:36.541+0000] {subprocess.py:106} INFO - 25/12/16 03:30:36 INFO TaskSetManager: Starting task 44.0 in stage 70.0 (TID 727) (172.18.0.7, executor 0, partition 44, PROCESS_LOCAL, 7367 bytes)
[2025-12-16T03:30:36.542+0000] {subprocess.py:106} INFO - 25/12/16 03:30:36 INFO TaskSetManager: Starting task 45.0 in stage 70.0 (TID 728) (172.18.0.7, executor 0, partition 45, PROCESS_LOCAL, 7367 bytes)
[2025-12-16T03:30:36.543+0000] {subprocess.py:106} INFO - 25/12/16 03:30:36 INFO TaskSetManager: Starting task 46.0 in stage 70.0 (TID 729) (172.18.0.7, executor 0, partition 46, PROCESS_LOCAL, 7367 bytes)
[2025-12-16T03:30:36.544+0000] {subprocess.py:106} INFO - 25/12/16 03:30:36 INFO TaskSetManager: Finished task 25.0 in stage 70.0 (TID 708) in 69 ms on 172.18.0.7 (executor 0) (28/50)
[2025-12-16T03:30:36.545+0000] {subprocess.py:106} INFO - 25/12/16 03:30:36 INFO TaskSetManager: Finished task 23.0 in stage 70.0 (TID 706) in 71 ms on 172.18.0.7 (executor 0) (29/50)
[2025-12-16T03:30:36.546+0000] {subprocess.py:106} INFO - 25/12/16 03:30:36 INFO TaskSetManager: Finished task 37.0 in stage 70.0 (TID 720) in 31 ms on 172.18.0.7 (executor 0) (30/50)
[2025-12-16T03:30:36.547+0000] {subprocess.py:106} INFO - 25/12/16 03:30:36 INFO TaskSetManager: Finished task 28.0 in stage 70.0 (TID 711) in 71 ms on 172.18.0.7 (executor 0) (31/50)
[2025-12-16T03:30:36.548+0000] {subprocess.py:106} INFO - 25/12/16 03:30:36 INFO TaskSetManager: Starting task 47.0 in stage 70.0 (TID 730) (172.18.0.7, executor 0, partition 47, PROCESS_LOCAL, 7367 bytes)
[2025-12-16T03:30:36.549+0000] {subprocess.py:106} INFO - 25/12/16 03:30:36 INFO TaskSetManager: Starting task 48.0 in stage 70.0 (TID 731) (172.18.0.7, executor 0, partition 48, PROCESS_LOCAL, 7367 bytes)
[2025-12-16T03:30:36.551+0000] {subprocess.py:106} INFO - 25/12/16 03:30:36 INFO TaskSetManager: Starting task 49.0 in stage 70.0 (TID 732) (172.18.0.7, executor 0, partition 49, PROCESS_LOCAL, 7367 bytes)
[2025-12-16T03:30:36.552+0000] {subprocess.py:106} INFO - 25/12/16 03:30:36 INFO TaskSetManager: Finished task 35.0 in stage 70.0 (TID 718) in 64 ms on 172.18.0.7 (executor 0) (32/50)
[2025-12-16T03:30:36.552+0000] {subprocess.py:106} INFO - 25/12/16 03:30:36 INFO TaskSetManager: Finished task 36.0 in stage 70.0 (TID 719) in 65 ms on 172.18.0.7 (executor 0) (33/50)
[2025-12-16T03:30:36.553+0000] {subprocess.py:106} INFO - 25/12/16 03:30:36 INFO TaskSetManager: Finished task 32.0 in stage 70.0 (TID 715) in 76 ms on 172.18.0.7 (executor 0) (34/50)
[2025-12-16T03:30:36.554+0000] {subprocess.py:106} INFO - 25/12/16 03:30:36 INFO TaskSetManager: Finished task 33.0 in stage 70.0 (TID 716) in 77 ms on 172.18.0.7 (executor 0) (35/50)
[2025-12-16T03:30:36.554+0000] {subprocess.py:106} INFO - 25/12/16 03:30:36 INFO TaskSetManager: Finished task 34.0 in stage 70.0 (TID 717) in 69 ms on 172.18.0.7 (executor 0) (36/50)
[2025-12-16T03:30:36.556+0000] {subprocess.py:106} INFO - 25/12/16 03:30:36 INFO BlockManager: Removing RDD 110
[2025-12-16T03:30:36.557+0000] {subprocess.py:106} INFO - 25/12/16 03:30:36 INFO TaskSetManager: Finished task 26.0 in stage 70.0 (TID 709) in 89 ms on 172.18.0.7 (executor 0) (37/50)
[2025-12-16T03:30:36.558+0000] {subprocess.py:106} INFO - 25/12/16 03:30:36 INFO TaskSetManager: Finished task 31.0 in stage 70.0 (TID 714) in 89 ms on 172.18.0.7 (executor 0) (38/50)
[2025-12-16T03:30:36.560+0000] {subprocess.py:106} INFO - 25/12/16 03:30:36 INFO TaskSetManager: Finished task 40.0 in stage 70.0 (TID 723) in 35 ms on 172.18.0.7 (executor 0) (39/50)
[2025-12-16T03:30:36.561+0000] {subprocess.py:106} INFO - 25/12/16 03:30:36 INFO TaskSetManager: Finished task 42.0 in stage 70.0 (TID 725) in 35 ms on 172.18.0.7 (executor 0) (40/50)
[2025-12-16T03:30:36.562+0000] {subprocess.py:106} INFO - 25/12/16 03:30:36 INFO TaskSetManager: Finished task 38.0 in stage 70.0 (TID 721) in 51 ms on 172.18.0.7 (executor 0) (41/50)
[2025-12-16T03:30:36.563+0000] {subprocess.py:106} INFO - 25/12/16 03:30:36 INFO TaskSetManager: Finished task 41.0 in stage 70.0 (TID 724) in 35 ms on 172.18.0.7 (executor 0) (42/50)
[2025-12-16T03:30:36.564+0000] {subprocess.py:106} INFO - 25/12/16 03:30:36 INFO TaskSetManager: Finished task 46.0 in stage 70.0 (TID 729) in 39 ms on 172.18.0.7 (executor 0) (43/50)
[2025-12-16T03:30:36.565+0000] {subprocess.py:106} INFO - 25/12/16 03:30:36 INFO TaskSetManager: Finished task 43.0 in stage 70.0 (TID 726) in 43 ms on 172.18.0.7 (executor 0) (44/50)
[2025-12-16T03:30:36.566+0000] {subprocess.py:106} INFO - 25/12/16 03:30:36 INFO TaskSetManager: Finished task 39.0 in stage 70.0 (TID 722) in 52 ms on 172.18.0.7 (executor 0) (45/50)
[2025-12-16T03:30:36.567+0000] {subprocess.py:106} INFO - 25/12/16 03:30:36 INFO TaskSetManager: Finished task 44.0 in stage 70.0 (TID 727) in 43 ms on 172.18.0.7 (executor 0) (46/50)
[2025-12-16T03:30:36.567+0000] {subprocess.py:106} INFO - 25/12/16 03:30:36 INFO TaskSetManager: Finished task 47.0 in stage 70.0 (TID 730) in 37 ms on 172.18.0.7 (executor 0) (47/50)
[2025-12-16T03:30:36.568+0000] {subprocess.py:106} INFO - 25/12/16 03:30:36 INFO TaskSetManager: Finished task 45.0 in stage 70.0 (TID 728) in 44 ms on 172.18.0.7 (executor 0) (48/50)
[2025-12-16T03:30:36.568+0000] {subprocess.py:106} INFO - 25/12/16 03:30:36 INFO TaskSetManager: Finished task 48.0 in stage 70.0 (TID 731) in 37 ms on 172.18.0.7 (executor 0) (49/50)
[2025-12-16T03:30:36.569+0000] {subprocess.py:106} INFO - 25/12/16 03:30:36 INFO TaskSetManager: Finished task 49.0 in stage 70.0 (TID 732) in 37 ms on 172.18.0.7 (executor 0) (50/50)
[2025-12-16T03:30:36.570+0000] {subprocess.py:106} INFO - 25/12/16 03:30:36 INFO TaskSchedulerImpl: Removed TaskSet 70.0, whose tasks have all completed, from pool
[2025-12-16T03:30:36.571+0000] {subprocess.py:106} INFO - 25/12/16 03:30:36 INFO DAGScheduler: ResultStage 70 ($anonfun$recordDeltaOperationInternal$1 at DatabricksLogging.scala:128) finished in 0.246 s
[2025-12-16T03:30:36.571+0000] {subprocess.py:106} INFO - 25/12/16 03:30:36 INFO DAGScheduler: Job 40 is finished. Cancelling potential speculative or zombie tasks for this job
[2025-12-16T03:30:36.572+0000] {subprocess.py:106} INFO - 25/12/16 03:30:36 INFO TaskSchedulerImpl: Killing all running tasks in stage 70: Stage finished
[2025-12-16T03:30:36.573+0000] {subprocess.py:106} INFO - 25/12/16 03:30:36 INFO DAGScheduler: Job 40 finished: $anonfun$recordDeltaOperationInternal$1 at DatabricksLogging.scala:128, took 0.251078 s
[2025-12-16T03:30:36.575+0000] {subprocess.py:106} INFO - 25/12/16 03:30:36 INFO OptimisticTransaction: [tableId=85fe58c8,txnId=2c0413e6] Attempting to commit version 1 with 3 actions with Serializable isolation level
[2025-12-16T03:30:36.653+0000] {subprocess.py:106} INFO - 25/12/16 03:30:36 INFO DeltaLog: Creating a new snapshot v1 for commit version 1
[2025-12-16T03:30:36.654+0000] {subprocess.py:106} INFO - 25/12/16 03:30:36 INFO DeltaLog: Loading version 1.
[2025-12-16T03:30:36.658+0000] {subprocess.py:106} INFO - 25/12/16 03:30:36 INFO DeltaLogFileIndex: Created DeltaLogFileIndex(JSON, numFilesInSegment: 2, totalFileSize: 3183)
[2025-12-16T03:30:36.687+0000] {subprocess.py:106} INFO - 25/12/16 03:30:36 INFO FileSourceStrategy: Pushed Filters:
[2025-12-16T03:30:36.688+0000] {subprocess.py:106} INFO - 25/12/16 03:30:36 INFO FileSourceStrategy: Post-Scan Filters:
[2025-12-16T03:30:36.698+0000] {subprocess.py:106} INFO - 25/12/16 03:30:36 INFO MemoryStore: Block broadcast_68 stored as values in memory (estimated size 212.9 KiB, free 430.3 MiB)
[2025-12-16T03:30:36.705+0000] {subprocess.py:106} INFO - 25/12/16 03:30:36 INFO MemoryStore: Block broadcast_68_piece0 stored as bytes in memory (estimated size 36.3 KiB, free 430.3 MiB)
[2025-12-16T03:30:36.706+0000] {subprocess.py:106} INFO - 25/12/16 03:30:36 INFO BlockManagerInfo: Added broadcast_68_piece0 in memory on 3ad9a82189be:39783 (size: 36.3 KiB, free: 433.8 MiB)
[2025-12-16T03:30:36.707+0000] {subprocess.py:106} INFO - 25/12/16 03:30:36 INFO SparkContext: Created broadcast 68 from toString at <unknown>:0
[2025-12-16T03:30:36.707+0000] {subprocess.py:106} INFO - 25/12/16 03:30:36 INFO FileSourceScanExec: Planning scan with bin packing, max size: 4194304 bytes, open cost is considered as scanning 4194304 bytes.
[2025-12-16T03:30:36.716+0000] {subprocess.py:106} INFO - 25/12/16 03:30:36 INFO SparkContext: Starting job: toString at <unknown>:0
[2025-12-16T03:30:36.717+0000] {subprocess.py:106} INFO - 25/12/16 03:30:36 INFO DAGScheduler: Got job 41 (toString at <unknown>:0) with 2 output partitions
[2025-12-16T03:30:36.717+0000] {subprocess.py:106} INFO - 25/12/16 03:30:36 INFO DAGScheduler: Final stage: ResultStage 71 (toString at <unknown>:0)
[2025-12-16T03:30:36.718+0000] {subprocess.py:106} INFO - 25/12/16 03:30:36 INFO DAGScheduler: Parents of final stage: List()
[2025-12-16T03:30:36.718+0000] {subprocess.py:106} INFO - 25/12/16 03:30:36 INFO DAGScheduler: Missing parents: List()
[2025-12-16T03:30:36.719+0000] {subprocess.py:106} INFO - 25/12/16 03:30:36 INFO DAGScheduler: Submitting ResultStage 71 (MapPartitionsRDD[192] at toString at <unknown>:0), which has no missing parents
[2025-12-16T03:30:36.720+0000] {subprocess.py:106} INFO - 25/12/16 03:30:36 INFO MemoryStore: Block broadcast_69 stored as values in memory (estimated size 50.4 KiB, free 430.2 MiB)
[2025-12-16T03:30:36.720+0000] {subprocess.py:106} INFO - 25/12/16 03:30:36 INFO MemoryStore: Block broadcast_69_piece0 stored as bytes in memory (estimated size 15.5 KiB, free 430.2 MiB)
[2025-12-16T03:30:36.721+0000] {subprocess.py:106} INFO - 25/12/16 03:30:36 INFO BlockManagerInfo: Added broadcast_69_piece0 in memory on 3ad9a82189be:39783 (size: 15.5 KiB, free: 433.8 MiB)
[2025-12-16T03:30:36.722+0000] {subprocess.py:106} INFO - 25/12/16 03:30:36 INFO SparkContext: Created broadcast 69 from broadcast at DAGScheduler.scala:1535
[2025-12-16T03:30:36.722+0000] {subprocess.py:106} INFO - 25/12/16 03:30:36 INFO DAGScheduler: Submitting 2 missing tasks from ResultStage 71 (MapPartitionsRDD[192] at toString at <unknown>:0) (first 15 tasks are for partitions Vector(0, 1))
[2025-12-16T03:30:36.723+0000] {subprocess.py:106} INFO - 25/12/16 03:30:36 INFO TaskSchedulerImpl: Adding task set 71.0 with 2 tasks resource profile 0
[2025-12-16T03:30:36.723+0000] {subprocess.py:106} INFO - 25/12/16 03:30:36 INFO TaskSetManager: Starting task 0.0 in stage 71.0 (TID 733) (172.18.0.7, executor 0, partition 0, PROCESS_LOCAL, 7944 bytes)
[2025-12-16T03:30:36.724+0000] {subprocess.py:106} INFO - 25/12/16 03:30:36 INFO TaskSetManager: Starting task 1.0 in stage 71.0 (TID 734) (172.18.0.7, executor 0, partition 1, PROCESS_LOCAL, 7944 bytes)
[2025-12-16T03:30:36.731+0000] {subprocess.py:106} INFO - 25/12/16 03:30:36 INFO BlockManagerInfo: Added broadcast_69_piece0 in memory on 172.18.0.7:36801 (size: 15.5 KiB, free: 434.0 MiB)
[2025-12-16T03:30:36.743+0000] {subprocess.py:106} INFO - 25/12/16 03:30:36 INFO BlockManagerInfo: Added broadcast_68_piece0 in memory on 172.18.0.7:36801 (size: 36.3 KiB, free: 433.9 MiB)
[2025-12-16T03:30:36.767+0000] {subprocess.py:106} INFO - 25/12/16 03:30:36 INFO TaskSetManager: Finished task 0.0 in stage 71.0 (TID 733) in 45 ms on 172.18.0.7 (executor 0) (1/2)
[2025-12-16T03:30:36.768+0000] {subprocess.py:106} INFO - 25/12/16 03:30:36 INFO TaskSetManager: Finished task 1.0 in stage 71.0 (TID 734) in 45 ms on 172.18.0.7 (executor 0) (2/2)
[2025-12-16T03:30:36.769+0000] {subprocess.py:106} INFO - 25/12/16 03:30:36 INFO TaskSchedulerImpl: Removed TaskSet 71.0, whose tasks have all completed, from pool
[2025-12-16T03:30:36.770+0000] {subprocess.py:106} INFO - 25/12/16 03:30:36 INFO DAGScheduler: ResultStage 71 (toString at <unknown>:0) finished in 0.050 s
[2025-12-16T03:30:36.770+0000] {subprocess.py:106} INFO - 25/12/16 03:30:36 INFO DAGScheduler: Job 41 is finished. Cancelling potential speculative or zombie tasks for this job
[2025-12-16T03:30:36.771+0000] {subprocess.py:106} INFO - 25/12/16 03:30:36 INFO TaskSchedulerImpl: Killing all running tasks in stage 71: Stage finished
[2025-12-16T03:30:36.771+0000] {subprocess.py:106} INFO - 25/12/16 03:30:36 INFO DAGScheduler: Job 41 finished: toString at <unknown>:0, took 0.052594 s
[2025-12-16T03:30:36.775+0000] {subprocess.py:106} INFO - 25/12/16 03:30:36 INFO Snapshot: [tableId=85fe58c8-48ef-4a7e-a6a2-f52c2432683a] Created snapshot Snapshot(path=s3a://gold/dim_branches/_delta_log, version=1, metadata=Metadata(85fe58c8-48ef-4a7e-a6a2-f52c2432683a,null,null,Format(parquet,Map()),{"type":"struct","fields":[{"name":"branch_key","type":"string","nullable":true,"metadata":{}},{"name":"branch_id","type":"string","nullable":true,"metadata":{}},{"name":"branch_name","type":"string","nullable":true,"metadata":{}},{"name":"branch_type","type":"string","nullable":true,"metadata":{}},{"name":"status","type":"string","nullable":true,"metadata":{}},{"name":"last_updated","type":"timestamp","nullable":true,"metadata":{}}]},List(),Map(),Some(1765855791991)), logSegment=LogSegment(s3a://gold/dim_branches/_delta_log,1,WrappedArray(S3AFileStatus{path=s3a://gold/dim_branches/_delta_log/00000000000000000000.json; isDirectory=false; length=1864; replication=1; blocksize=33554432; modification_time=1765855793937; access_time=0; owner=root; group=root; permission=rw-rw-rw-; isSymlink=false; hasAcl=false; isEncrypted=true; isErasureCoded=false} isEmptyDirectory=FALSE eTag=4c391cdb6ac9b89ca8bcad1e845ce969 versionId=null, S3AFileStatus{path=s3a://gold/dim_branches/_delta_log/00000000000000000001.json; isDirectory=false; length=1319; replication=1; blocksize=33554432; modification_time=1765855836612; access_time=0; owner=root; group=root; permission=rw-rw-rw-; isSymlink=false; hasAcl=false; isEncrypted=true; isErasureCoded=false} isEmptyDirectory=FALSE eTag=a4fcf5b3ac5f0fe6b114f9dd6d5e0bd3 versionId=null),None,1765855836612), checksumOpt=None)
[2025-12-16T03:30:36.776+0000] {subprocess.py:106} INFO - 25/12/16 03:30:36 INFO DeltaLog: Updated snapshot to Snapshot(path=s3a://gold/dim_branches/_delta_log, version=1, metadata=Metadata(85fe58c8-48ef-4a7e-a6a2-f52c2432683a,null,null,Format(parquet,Map()),{"type":"struct","fields":[{"name":"branch_key","type":"string","nullable":true,"metadata":{}},{"name":"branch_id","type":"string","nullable":true,"metadata":{}},{"name":"branch_name","type":"string","nullable":true,"metadata":{}},{"name":"branch_type","type":"string","nullable":true,"metadata":{}},{"name":"status","type":"string","nullable":true,"metadata":{}},{"name":"last_updated","type":"timestamp","nullable":true,"metadata":{}}]},List(),Map(),Some(1765855791991)), logSegment=LogSegment(s3a://gold/dim_branches/_delta_log,1,WrappedArray(S3AFileStatus{path=s3a://gold/dim_branches/_delta_log/00000000000000000000.json; isDirectory=false; length=1864; replication=1; blocksize=33554432; modification_time=1765855793937; access_time=0; owner=root; group=root; permission=rw-rw-rw-; isSymlink=false; hasAcl=false; isEncrypted=true; isErasureCoded=false} isEmptyDirectory=FALSE eTag=4c391cdb6ac9b89ca8bcad1e845ce969 versionId=null, S3AFileStatus{path=s3a://gold/dim_branches/_delta_log/00000000000000000001.json; isDirectory=false; length=1319; replication=1; blocksize=33554432; modification_time=1765855836612; access_time=0; owner=root; group=root; permission=rw-rw-rw-; isSymlink=false; hasAcl=false; isEncrypted=true; isErasureCoded=false} isEmptyDirectory=FALSE eTag=a4fcf5b3ac5f0fe6b114f9dd6d5e0bd3 versionId=null),None,1765855836612), checksumOpt=None)
[2025-12-16T03:30:36.777+0000] {subprocess.py:106} INFO - 25/12/16 03:30:36 INFO MapPartitionsRDD: Removing RDD 180 from persistence list
[2025-12-16T03:30:36.777+0000] {subprocess.py:106} INFO - 25/12/16 03:30:36 INFO BlockManager: Removing RDD 180
[2025-12-16T03:30:36.778+0000] {subprocess.py:106} INFO - 25/12/16 03:30:36 INFO Snapshot: [tableId=85fe58c8-48ef-4a7e-a6a2-f52c2432683a] DELTA: Compute snapshot for version: 1
[2025-12-16T03:30:36.781+0000] {subprocess.py:106} INFO - 25/12/16 03:30:36 INFO MemoryStore: Block broadcast_70 stored as values in memory (estimated size 212.3 KiB, free 430.0 MiB)
[2025-12-16T03:30:36.790+0000] {subprocess.py:106} INFO - 25/12/16 03:30:36 INFO MemoryStore: Block broadcast_70_piece0 stored as bytes in memory (estimated size 36.2 KiB, free 430.0 MiB)
[2025-12-16T03:30:36.791+0000] {subprocess.py:106} INFO - 25/12/16 03:30:36 INFO BlockManagerInfo: Added broadcast_70_piece0 in memory on 3ad9a82189be:39783 (size: 36.2 KiB, free: 433.7 MiB)
[2025-12-16T03:30:36.792+0000] {subprocess.py:106} INFO - 25/12/16 03:30:36 INFO SparkContext: Created broadcast 70 from $anonfun$recordDeltaOperationInternal$1 at DatabricksLogging.scala:128
[2025-12-16T03:30:36.915+0000] {subprocess.py:106} INFO - 25/12/16 03:30:36 INFO FileSourceStrategy: Pushed Filters:
[2025-12-16T03:30:36.916+0000] {subprocess.py:106} INFO - 25/12/16 03:30:36 INFO FileSourceStrategy: Post-Scan Filters:
[2025-12-16T03:30:36.951+0000] {subprocess.py:106} INFO - 25/12/16 03:30:36 INFO BlockManagerInfo: Removed broadcast_67_piece0 on 3ad9a82189be:39783 in memory (size: 138.5 KiB, free: 433.9 MiB)
[2025-12-16T03:30:36.951+0000] {subprocess.py:106} INFO - 25/12/16 03:30:36 INFO MemoryStore: Block broadcast_71 stored as values in memory (estimated size 212.9 KiB, free 430.5 MiB)
[2025-12-16T03:30:36.952+0000] {subprocess.py:106} INFO - 25/12/16 03:30:36 INFO BlockManagerInfo: Removed broadcast_67_piece0 on 172.18.0.7:36801 in memory (size: 138.5 KiB, free: 434.1 MiB)
[2025-12-16T03:30:36.955+0000] {subprocess.py:106} INFO - 25/12/16 03:30:36 INFO BlockManagerInfo: Removed broadcast_69_piece0 on 3ad9a82189be:39783 in memory (size: 15.5 KiB, free: 433.9 MiB)
[2025-12-16T03:30:36.961+0000] {subprocess.py:106} INFO - 25/12/16 03:30:36 INFO BlockManagerInfo: Removed broadcast_69_piece0 on 172.18.0.7:36801 in memory (size: 15.5 KiB, free: 434.1 MiB)
[2025-12-16T03:30:36.965+0000] {subprocess.py:106} INFO - 25/12/16 03:30:36 INFO MemoryStore: Block broadcast_71_piece0 stored as bytes in memory (estimated size 36.3 KiB, free 430.5 MiB)
[2025-12-16T03:30:36.966+0000] {subprocess.py:106} INFO - 25/12/16 03:30:36 INFO BlockManagerInfo: Added broadcast_71_piece0 in memory on 3ad9a82189be:39783 (size: 36.3 KiB, free: 433.8 MiB)
[2025-12-16T03:30:36.967+0000] {subprocess.py:106} INFO - 25/12/16 03:30:36 INFO BlockManagerInfo: Removed broadcast_68_piece0 on 3ad9a82189be:39783 in memory (size: 36.3 KiB, free: 433.9 MiB)
[2025-12-16T03:30:36.967+0000] {subprocess.py:106} INFO - 25/12/16 03:30:36 INFO SparkContext: Created broadcast 71 from $anonfun$recordDeltaOperationInternal$1 at DatabricksLogging.scala:128
[2025-12-16T03:30:36.968+0000] {subprocess.py:106} INFO - 25/12/16 03:30:36 INFO BlockManagerInfo: Removed broadcast_68_piece0 on 172.18.0.7:36801 in memory (size: 36.3 KiB, free: 434.1 MiB)
[2025-12-16T03:30:36.968+0000] {subprocess.py:106} INFO - 25/12/16 03:30:36 INFO FileSourceScanExec: Planning scan with bin packing, max size: 4194304 bytes, open cost is considered as scanning 4194304 bytes.
[2025-12-16T03:30:36.976+0000] {subprocess.py:106} INFO - 25/12/16 03:30:36 INFO DAGScheduler: Registering RDD 196 ($anonfun$recordDeltaOperationInternal$1 at DatabricksLogging.scala:128) as input to shuffle 16
[2025-12-16T03:30:36.977+0000] {subprocess.py:106} INFO - 25/12/16 03:30:36 INFO DAGScheduler: Got map stage job 42 ($anonfun$recordDeltaOperationInternal$1 at DatabricksLogging.scala:128) with 2 output partitions
[2025-12-16T03:30:36.977+0000] {subprocess.py:106} INFO - 25/12/16 03:30:36 INFO DAGScheduler: Final stage: ShuffleMapStage 72 ($anonfun$recordDeltaOperationInternal$1 at DatabricksLogging.scala:128)
[2025-12-16T03:30:36.978+0000] {subprocess.py:106} INFO - 25/12/16 03:30:36 INFO DAGScheduler: Parents of final stage: List()
[2025-12-16T03:30:36.978+0000] {subprocess.py:106} INFO - 25/12/16 03:30:36 INFO DAGScheduler: Missing parents: List()
[2025-12-16T03:30:36.979+0000] {subprocess.py:106} INFO - 25/12/16 03:30:36 INFO DAGScheduler: Submitting ShuffleMapStage 72 (MapPartitionsRDD[196] at $anonfun$recordDeltaOperationInternal$1 at DatabricksLogging.scala:128), which has no missing parents
[2025-12-16T03:30:36.980+0000] {subprocess.py:106} INFO - 25/12/16 03:30:36 INFO MemoryStore: Block broadcast_72 stored as values in memory (estimated size 138.3 KiB, free 430.6 MiB)
[2025-12-16T03:30:36.981+0000] {subprocess.py:106} INFO - 25/12/16 03:30:36 INFO MemoryStore: Block broadcast_72_piece0 stored as bytes in memory (estimated size 39.0 KiB, free 430.6 MiB)
[2025-12-16T03:30:36.982+0000] {subprocess.py:106} INFO - 25/12/16 03:30:36 INFO BlockManagerInfo: Added broadcast_72_piece0 in memory on 3ad9a82189be:39783 (size: 39.0 KiB, free: 433.8 MiB)
[2025-12-16T03:30:36.983+0000] {subprocess.py:106} INFO - 25/12/16 03:30:36 INFO SparkContext: Created broadcast 72 from broadcast at DAGScheduler.scala:1535
[2025-12-16T03:30:36.983+0000] {subprocess.py:106} INFO - 25/12/16 03:30:36 INFO DAGScheduler: Submitting 2 missing tasks from ShuffleMapStage 72 (MapPartitionsRDD[196] at $anonfun$recordDeltaOperationInternal$1 at DatabricksLogging.scala:128) (first 15 tasks are for partitions Vector(0, 1))
[2025-12-16T03:30:36.984+0000] {subprocess.py:106} INFO - 25/12/16 03:30:36 INFO TaskSchedulerImpl: Adding task set 72.0 with 2 tasks resource profile 0
[2025-12-16T03:30:36.984+0000] {subprocess.py:106} INFO - 25/12/16 03:30:36 INFO TaskSetManager: Starting task 0.0 in stage 72.0 (TID 735) (172.18.0.7, executor 0, partition 0, PROCESS_LOCAL, 7933 bytes)
[2025-12-16T03:30:36.985+0000] {subprocess.py:106} INFO - 25/12/16 03:30:36 INFO TaskSetManager: Starting task 1.0 in stage 72.0 (TID 736) (172.18.0.7, executor 0, partition 1, PROCESS_LOCAL, 7933 bytes)
[2025-12-16T03:30:36.992+0000] {subprocess.py:106} INFO - 25/12/16 03:30:36 INFO BlockManagerInfo: Added broadcast_72_piece0 in memory on 172.18.0.7:36801 (size: 39.0 KiB, free: 434.1 MiB)
[2025-12-16T03:30:37.015+0000] {subprocess.py:106} INFO - 25/12/16 03:30:37 INFO BlockManagerInfo: Added broadcast_71_piece0 in memory on 172.18.0.7:36801 (size: 36.3 KiB, free: 434.1 MiB)
[2025-12-16T03:30:37.041+0000] {subprocess.py:106} INFO - 25/12/16 03:30:37 INFO TaskSetManager: Finished task 0.0 in stage 72.0 (TID 735) in 57 ms on 172.18.0.7 (executor 0) (1/2)
[2025-12-16T03:30:37.042+0000] {subprocess.py:106} INFO - 25/12/16 03:30:37 INFO TaskSetManager: Finished task 1.0 in stage 72.0 (TID 736) in 58 ms on 172.18.0.7 (executor 0) (2/2)
[2025-12-16T03:30:37.043+0000] {subprocess.py:106} INFO - 25/12/16 03:30:37 INFO TaskSchedulerImpl: Removed TaskSet 72.0, whose tasks have all completed, from pool
[2025-12-16T03:30:37.043+0000] {subprocess.py:106} INFO - 25/12/16 03:30:37 INFO DAGScheduler: ShuffleMapStage 72 ($anonfun$recordDeltaOperationInternal$1 at DatabricksLogging.scala:128) finished in 0.065 s
[2025-12-16T03:30:37.043+0000] {subprocess.py:106} INFO - 25/12/16 03:30:37 INFO DAGScheduler: looking for newly runnable stages
[2025-12-16T03:30:37.044+0000] {subprocess.py:106} INFO - 25/12/16 03:30:37 INFO DAGScheduler: running: Set()
[2025-12-16T03:30:37.044+0000] {subprocess.py:106} INFO - 25/12/16 03:30:37 INFO DAGScheduler: waiting: Set()
[2025-12-16T03:30:37.045+0000] {subprocess.py:106} INFO - 25/12/16 03:30:37 INFO DAGScheduler: failed: Set()
[2025-12-16T03:30:37.159+0000] {subprocess.py:106} INFO - 25/12/16 03:30:37 INFO BlockManagerInfo: Removed broadcast_72_piece0 on 3ad9a82189be:39783 in memory (size: 39.0 KiB, free: 433.9 MiB)
[2025-12-16T03:30:37.160+0000] {subprocess.py:106} INFO - 25/12/16 03:30:37 INFO BlockManagerInfo: Removed broadcast_72_piece0 on 172.18.0.7:36801 in memory (size: 39.0 KiB, free: 434.1 MiB)
[2025-12-16T03:30:37.165+0000] {subprocess.py:106} INFO - 25/12/16 03:30:37 INFO DAGScheduler: Registering RDD 206 ($anonfun$recordDeltaOperationInternal$1 at DatabricksLogging.scala:128) as input to shuffle 17
[2025-12-16T03:30:37.166+0000] {subprocess.py:106} INFO - 25/12/16 03:30:37 INFO DAGScheduler: Got map stage job 43 ($anonfun$recordDeltaOperationInternal$1 at DatabricksLogging.scala:128) with 50 output partitions
[2025-12-16T03:30:37.166+0000] {subprocess.py:106} INFO - 25/12/16 03:30:37 INFO DAGScheduler: Final stage: ShuffleMapStage 74 ($anonfun$recordDeltaOperationInternal$1 at DatabricksLogging.scala:128)
[2025-12-16T03:30:37.167+0000] {subprocess.py:106} INFO - 25/12/16 03:30:37 INFO DAGScheduler: Parents of final stage: List(ShuffleMapStage 73)
[2025-12-16T03:30:37.167+0000] {subprocess.py:106} INFO - 25/12/16 03:30:37 INFO DAGScheduler: Missing parents: List()
[2025-12-16T03:30:37.167+0000] {subprocess.py:106} INFO - 25/12/16 03:30:37 INFO DAGScheduler: Submitting ShuffleMapStage 74 (MapPartitionsRDD[206] at $anonfun$recordDeltaOperationInternal$1 at DatabricksLogging.scala:128), which has no missing parents
[2025-12-16T03:30:37.179+0000] {subprocess.py:106} INFO - 25/12/16 03:30:37 INFO MemoryStore: Block broadcast_73 stored as values in memory (estimated size 517.2 KiB, free 430.2 MiB)
[2025-12-16T03:30:37.180+0000] {subprocess.py:106} INFO - 25/12/16 03:30:37 INFO MemoryStore: Block broadcast_73_piece0 stored as bytes in memory (estimated size 123.3 KiB, free 430.1 MiB)
[2025-12-16T03:30:37.181+0000] {subprocess.py:106} INFO - 25/12/16 03:30:37 INFO BlockManagerInfo: Added broadcast_73_piece0 in memory on 3ad9a82189be:39783 (size: 123.3 KiB, free: 433.7 MiB)
[2025-12-16T03:30:37.182+0000] {subprocess.py:106} INFO - 25/12/16 03:30:37 INFO SparkContext: Created broadcast 73 from broadcast at DAGScheduler.scala:1535
[2025-12-16T03:30:37.182+0000] {subprocess.py:106} INFO - 25/12/16 03:30:37 INFO DAGScheduler: Submitting 50 missing tasks from ShuffleMapStage 74 (MapPartitionsRDD[206] at $anonfun$recordDeltaOperationInternal$1 at DatabricksLogging.scala:128) (first 15 tasks are for partitions Vector(0, 1, 2, 3, 4, 5, 6, 7, 8, 9, 10, 11, 12, 13, 14))
[2025-12-16T03:30:37.183+0000] {subprocess.py:106} INFO - 25/12/16 03:30:37 INFO TaskSchedulerImpl: Adding task set 74.0 with 50 tasks resource profile 0
[2025-12-16T03:30:37.184+0000] {subprocess.py:106} INFO - 25/12/16 03:30:37 INFO TaskSetManager: Starting task 2.0 in stage 74.0 (TID 737) (172.18.0.7, executor 0, partition 2, NODE_LOCAL, 7356 bytes)
[2025-12-16T03:30:37.184+0000] {subprocess.py:106} INFO - 25/12/16 03:30:37 INFO TaskSetManager: Starting task 14.0 in stage 74.0 (TID 738) (172.18.0.7, executor 0, partition 14, NODE_LOCAL, 7356 bytes)
[2025-12-16T03:30:37.185+0000] {subprocess.py:106} INFO - 25/12/16 03:30:37 INFO TaskSetManager: Starting task 42.0 in stage 74.0 (TID 739) (172.18.0.7, executor 0, partition 42, NODE_LOCAL, 7356 bytes)
[2025-12-16T03:30:37.185+0000] {subprocess.py:106} INFO - 25/12/16 03:30:37 INFO TaskSetManager: Starting task 0.0 in stage 74.0 (TID 740) (172.18.0.7, executor 0, partition 0, PROCESS_LOCAL, 7356 bytes)
[2025-12-16T03:30:37.186+0000] {subprocess.py:106} INFO - 25/12/16 03:30:37 INFO TaskSetManager: Starting task 1.0 in stage 74.0 (TID 741) (172.18.0.7, executor 0, partition 1, PROCESS_LOCAL, 7356 bytes)
[2025-12-16T03:30:37.187+0000] {subprocess.py:106} INFO - 25/12/16 03:30:37 INFO TaskSetManager: Starting task 3.0 in stage 74.0 (TID 742) (172.18.0.7, executor 0, partition 3, PROCESS_LOCAL, 7356 bytes)
[2025-12-16T03:30:37.187+0000] {subprocess.py:106} INFO - 25/12/16 03:30:37 INFO TaskSetManager: Starting task 4.0 in stage 74.0 (TID 743) (172.18.0.7, executor 0, partition 4, PROCESS_LOCAL, 7356 bytes)
[2025-12-16T03:30:37.188+0000] {subprocess.py:106} INFO - 25/12/16 03:30:37 INFO TaskSetManager: Starting task 5.0 in stage 74.0 (TID 744) (172.18.0.7, executor 0, partition 5, PROCESS_LOCAL, 7356 bytes)
[2025-12-16T03:30:37.189+0000] {subprocess.py:106} INFO - 25/12/16 03:30:37 INFO TaskSetManager: Starting task 6.0 in stage 74.0 (TID 745) (172.18.0.7, executor 0, partition 6, PROCESS_LOCAL, 7356 bytes)
[2025-12-16T03:30:37.190+0000] {subprocess.py:106} INFO - 25/12/16 03:30:37 INFO TaskSetManager: Starting task 7.0 in stage 74.0 (TID 746) (172.18.0.7, executor 0, partition 7, PROCESS_LOCAL, 7356 bytes)
[2025-12-16T03:30:37.190+0000] {subprocess.py:106} INFO - 25/12/16 03:30:37 INFO TaskSetManager: Starting task 8.0 in stage 74.0 (TID 747) (172.18.0.7, executor 0, partition 8, PROCESS_LOCAL, 7356 bytes)
[2025-12-16T03:30:37.191+0000] {subprocess.py:106} INFO - 25/12/16 03:30:37 INFO TaskSetManager: Starting task 9.0 in stage 74.0 (TID 748) (172.18.0.7, executor 0, partition 9, PROCESS_LOCAL, 7356 bytes)
[2025-12-16T03:30:37.191+0000] {subprocess.py:106} INFO - 25/12/16 03:30:37 INFO TaskSetManager: Starting task 10.0 in stage 74.0 (TID 749) (172.18.0.7, executor 0, partition 10, PROCESS_LOCAL, 7356 bytes)
[2025-12-16T03:30:37.191+0000] {subprocess.py:106} INFO - 25/12/16 03:30:37 INFO TaskSetManager: Starting task 11.0 in stage 74.0 (TID 750) (172.18.0.7, executor 0, partition 11, PROCESS_LOCAL, 7356 bytes)
[2025-12-16T03:30:37.192+0000] {subprocess.py:106} INFO - 25/12/16 03:30:37 INFO TaskSetManager: Starting task 12.0 in stage 74.0 (TID 751) (172.18.0.7, executor 0, partition 12, PROCESS_LOCAL, 7356 bytes)
[2025-12-16T03:30:37.192+0000] {subprocess.py:106} INFO - 25/12/16 03:30:37 INFO TaskSetManager: Starting task 13.0 in stage 74.0 (TID 752) (172.18.0.7, executor 0, partition 13, PROCESS_LOCAL, 7356 bytes)
[2025-12-16T03:30:37.195+0000] {subprocess.py:106} INFO - 25/12/16 03:30:37 INFO BlockManagerInfo: Added broadcast_73_piece0 in memory on 172.18.0.7:36801 (size: 123.3 KiB, free: 434.0 MiB)
[2025-12-16T03:30:37.209+0000] {subprocess.py:106} INFO - 25/12/16 03:30:37 INFO MapOutputTrackerMasterEndpoint: Asked to send map output locations for shuffle 16 to 172.18.0.7:43148
[2025-12-16T03:30:37.249+0000] {subprocess.py:106} INFO - 25/12/16 03:30:37 INFO BlockManagerInfo: Added rdd_203_8 in memory on 172.18.0.7:36801 (size: 46.0 B, free: 434.0 MiB)
[2025-12-16T03:30:37.255+0000] {subprocess.py:106} INFO - 25/12/16 03:30:37 INFO BlockManagerInfo: Added rdd_203_1 in memory on 172.18.0.7:36801 (size: 46.0 B, free: 434.0 MiB)
[2025-12-16T03:30:37.263+0000] {subprocess.py:106} INFO - 25/12/16 03:30:37 INFO BlockManagerInfo: Added rdd_203_2 in memory on 172.18.0.7:36801 (size: 297.0 B, free: 434.0 MiB)
[2025-12-16T03:30:37.264+0000] {subprocess.py:106} INFO - 25/12/16 03:30:37 INFO BlockManagerInfo: Added rdd_203_0 in memory on 172.18.0.7:36801 (size: 46.0 B, free: 434.0 MiB)
[2025-12-16T03:30:37.265+0000] {subprocess.py:106} INFO - 25/12/16 03:30:37 INFO BlockManagerInfo: Added rdd_203_6 in memory on 172.18.0.7:36801 (size: 46.0 B, free: 434.0 MiB)
[2025-12-16T03:30:37.265+0000] {subprocess.py:106} INFO - 25/12/16 03:30:37 INFO BlockManagerInfo: Added rdd_203_12 in memory on 172.18.0.7:36801 (size: 46.0 B, free: 434.0 MiB)
[2025-12-16T03:30:37.266+0000] {subprocess.py:106} INFO - 25/12/16 03:30:37 INFO BlockManagerInfo: Added rdd_203_9 in memory on 172.18.0.7:36801 (size: 46.0 B, free: 434.0 MiB)
[2025-12-16T03:30:37.266+0000] {subprocess.py:106} INFO - 25/12/16 03:30:37 INFO BlockManagerInfo: Added rdd_203_3 in memory on 172.18.0.7:36801 (size: 46.0 B, free: 434.0 MiB)
[2025-12-16T03:30:37.270+0000] {subprocess.py:106} INFO - 25/12/16 03:30:37 INFO BlockManagerInfo: Added rdd_203_42 in memory on 172.18.0.7:36801 (size: 506.0 B, free: 434.0 MiB)
[2025-12-16T03:30:37.276+0000] {subprocess.py:106} INFO - 25/12/16 03:30:37 INFO BlockManagerInfo: Added rdd_203_7 in memory on 172.18.0.7:36801 (size: 46.0 B, free: 434.0 MiB)
[2025-12-16T03:30:37.279+0000] {subprocess.py:106} INFO - 25/12/16 03:30:37 INFO BlockManagerInfo: Added rdd_203_13 in memory on 172.18.0.7:36801 (size: 46.0 B, free: 434.0 MiB)
[2025-12-16T03:30:37.282+0000] {subprocess.py:106} INFO - 25/12/16 03:30:37 INFO BlockManagerInfo: Added rdd_203_5 in memory on 172.18.0.7:36801 (size: 46.0 B, free: 434.0 MiB)
[2025-12-16T03:30:37.287+0000] {subprocess.py:106} INFO - 25/12/16 03:30:37 INFO BlockManagerInfo: Added rdd_203_4 in memory on 172.18.0.7:36801 (size: 46.0 B, free: 434.0 MiB)
[2025-12-16T03:30:37.288+0000] {subprocess.py:106} INFO - 25/12/16 03:30:37 INFO BlockManagerInfo: Added rdd_203_10 in memory on 172.18.0.7:36801 (size: 46.0 B, free: 434.0 MiB)
[2025-12-16T03:30:37.290+0000] {subprocess.py:106} INFO - 25/12/16 03:30:37 INFO BlockManagerInfo: Added rdd_203_11 in memory on 172.18.0.7:36801 (size: 46.0 B, free: 434.0 MiB)
[2025-12-16T03:30:37.292+0000] {subprocess.py:106} INFO - 25/12/16 03:30:37 INFO TaskSetManager: Starting task 15.0 in stage 74.0 (TID 753) (172.18.0.7, executor 0, partition 15, PROCESS_LOCAL, 7356 bytes)
[2025-12-16T03:30:37.294+0000] {subprocess.py:106} INFO - 25/12/16 03:30:37 INFO TaskSetManager: Finished task 12.0 in stage 74.0 (TID 751) in 100 ms on 172.18.0.7 (executor 0) (1/50)
[2025-12-16T03:30:37.295+0000] {subprocess.py:106} INFO - 25/12/16 03:30:37 INFO TaskSetManager: Starting task 16.0 in stage 74.0 (TID 754) (172.18.0.7, executor 0, partition 16, PROCESS_LOCAL, 7356 bytes)
[2025-12-16T03:30:37.297+0000] {subprocess.py:106} INFO - 25/12/16 03:30:37 INFO TaskSetManager: Starting task 17.0 in stage 74.0 (TID 755) (172.18.0.7, executor 0, partition 17, PROCESS_LOCAL, 7356 bytes)
[2025-12-16T03:30:37.299+0000] {subprocess.py:106} INFO - 25/12/16 03:30:37 INFO TaskSetManager: Finished task 2.0 in stage 74.0 (TID 737) in 108 ms on 172.18.0.7 (executor 0) (2/50)
[2025-12-16T03:30:37.300+0000] {subprocess.py:106} INFO - 25/12/16 03:30:37 INFO TaskSetManager: Finished task 0.0 in stage 74.0 (TID 740) in 109 ms on 172.18.0.7 (executor 0) (3/50)
[2025-12-16T03:30:37.303+0000] {subprocess.py:106} INFO - 25/12/16 03:30:37 INFO TaskSetManager: Starting task 18.0 in stage 74.0 (TID 756) (172.18.0.7, executor 0, partition 18, PROCESS_LOCAL, 7356 bytes)
[2025-12-16T03:30:37.306+0000] {subprocess.py:106} INFO - 25/12/16 03:30:37 INFO TaskSetManager: Starting task 19.0 in stage 74.0 (TID 757) (172.18.0.7, executor 0, partition 19, PROCESS_LOCAL, 7356 bytes)
[2025-12-16T03:30:37.308+0000] {subprocess.py:106} INFO - 25/12/16 03:30:37 INFO TaskSetManager: Finished task 6.0 in stage 74.0 (TID 745) in 111 ms on 172.18.0.7 (executor 0) (4/50)
[2025-12-16T03:30:37.309+0000] {subprocess.py:106} INFO - 25/12/16 03:30:37 INFO BlockManagerInfo: Added rdd_203_14 in memory on 172.18.0.7:36801 (size: 586.0 B, free: 434.0 MiB)
[2025-12-16T03:30:37.310+0000] {subprocess.py:106} INFO - 25/12/16 03:30:37 INFO TaskSetManager: Finished task 8.0 in stage 74.0 (TID 747) in 113 ms on 172.18.0.7 (executor 0) (5/50)
[2025-12-16T03:30:37.311+0000] {subprocess.py:106} INFO - 25/12/16 03:30:37 INFO TaskSetManager: Starting task 20.0 in stage 74.0 (TID 758) (172.18.0.7, executor 0, partition 20, PROCESS_LOCAL, 7356 bytes)
[2025-12-16T03:30:37.312+0000] {subprocess.py:106} INFO - 25/12/16 03:30:37 INFO TaskSetManager: Finished task 3.0 in stage 74.0 (TID 742) in 115 ms on 172.18.0.7 (executor 0) (6/50)
[2025-12-16T03:30:37.312+0000] {subprocess.py:106} INFO - 25/12/16 03:30:37 INFO TaskSetManager: Starting task 21.0 in stage 74.0 (TID 759) (172.18.0.7, executor 0, partition 21, PROCESS_LOCAL, 7356 bytes)
[2025-12-16T03:30:37.314+0000] {subprocess.py:106} INFO - 25/12/16 03:30:37 INFO TaskSetManager: Finished task 1.0 in stage 74.0 (TID 741) in 117 ms on 172.18.0.7 (executor 0) (7/50)
[2025-12-16T03:30:37.315+0000] {subprocess.py:106} INFO - 25/12/16 03:30:37 INFO TaskSetManager: Starting task 22.0 in stage 74.0 (TID 760) (172.18.0.7, executor 0, partition 22, PROCESS_LOCAL, 7356 bytes)
[2025-12-16T03:30:37.316+0000] {subprocess.py:106} INFO - 25/12/16 03:30:37 INFO TaskSetManager: Finished task 42.0 in stage 74.0 (TID 739) in 121 ms on 172.18.0.7 (executor 0) (8/50)
[2025-12-16T03:30:37.317+0000] {subprocess.py:106} INFO - 25/12/16 03:30:37 INFO TaskSetManager: Starting task 23.0 in stage 74.0 (TID 761) (172.18.0.7, executor 0, partition 23, PROCESS_LOCAL, 7356 bytes)
[2025-12-16T03:30:37.318+0000] {subprocess.py:106} INFO - 25/12/16 03:30:37 INFO TaskSetManager: Finished task 9.0 in stage 74.0 (TID 748) in 126 ms on 172.18.0.7 (executor 0) (9/50)
[2025-12-16T03:30:37.323+0000] {subprocess.py:106} INFO - 25/12/16 03:30:37 INFO TaskSetManager: Starting task 24.0 in stage 74.0 (TID 762) (172.18.0.7, executor 0, partition 24, PROCESS_LOCAL, 7356 bytes)
[2025-12-16T03:30:37.324+0000] {subprocess.py:106} INFO - 25/12/16 03:30:37 INFO TaskSetManager: Finished task 5.0 in stage 74.0 (TID 744) in 127 ms on 172.18.0.7 (executor 0) (10/50)
[2025-12-16T03:30:37.326+0000] {subprocess.py:106} INFO - 25/12/16 03:30:37 INFO TaskSetManager: Starting task 25.0 in stage 74.0 (TID 763) (172.18.0.7, executor 0, partition 25, PROCESS_LOCAL, 7356 bytes)
[2025-12-16T03:30:37.327+0000] {subprocess.py:106} INFO - 25/12/16 03:30:37 INFO TaskSetManager: Finished task 13.0 in stage 74.0 (TID 752) in 127 ms on 172.18.0.7 (executor 0) (11/50)
[2025-12-16T03:30:37.328+0000] {subprocess.py:106} INFO - 25/12/16 03:30:37 INFO TaskSetManager: Starting task 26.0 in stage 74.0 (TID 764) (172.18.0.7, executor 0, partition 26, PROCESS_LOCAL, 7356 bytes)
[2025-12-16T03:30:37.329+0000] {subprocess.py:106} INFO - 25/12/16 03:30:37 INFO TaskSetManager: Finished task 4.0 in stage 74.0 (TID 743) in 129 ms on 172.18.0.7 (executor 0) (12/50)
[2025-12-16T03:30:37.331+0000] {subprocess.py:106} INFO - 25/12/16 03:30:37 INFO TaskSetManager: Starting task 27.0 in stage 74.0 (TID 765) (172.18.0.7, executor 0, partition 27, PROCESS_LOCAL, 7356 bytes)
[2025-12-16T03:30:37.333+0000] {subprocess.py:106} INFO - 25/12/16 03:30:37 INFO TaskSetManager: Finished task 7.0 in stage 74.0 (TID 746) in 141 ms on 172.18.0.7 (executor 0) (13/50)
[2025-12-16T03:30:37.335+0000] {subprocess.py:106} INFO - 25/12/16 03:30:37 INFO TaskSetManager: Starting task 28.0 in stage 74.0 (TID 766) (172.18.0.7, executor 0, partition 28, PROCESS_LOCAL, 7356 bytes)
[2025-12-16T03:30:37.336+0000] {subprocess.py:106} INFO - 25/12/16 03:30:37 INFO TaskSetManager: Finished task 10.0 in stage 74.0 (TID 749) in 144 ms on 172.18.0.7 (executor 0) (14/50)
[2025-12-16T03:30:37.338+0000] {subprocess.py:106} INFO - 25/12/16 03:30:37 INFO TaskSetManager: Starting task 29.0 in stage 74.0 (TID 767) (172.18.0.7, executor 0, partition 29, PROCESS_LOCAL, 7356 bytes)
[2025-12-16T03:30:37.340+0000] {subprocess.py:106} INFO - 25/12/16 03:30:37 INFO TaskSetManager: Finished task 11.0 in stage 74.0 (TID 750) in 148 ms on 172.18.0.7 (executor 0) (15/50)
[2025-12-16T03:30:37.350+0000] {subprocess.py:106} INFO - 25/12/16 03:30:37 INFO TaskSetManager: Starting task 30.0 in stage 74.0 (TID 768) (172.18.0.7, executor 0, partition 30, PROCESS_LOCAL, 7356 bytes)
[2025-12-16T03:30:37.351+0000] {subprocess.py:106} INFO - 25/12/16 03:30:37 INFO TaskSetManager: Finished task 14.0 in stage 74.0 (TID 738) in 167 ms on 172.18.0.7 (executor 0) (16/50)
[2025-12-16T03:30:37.368+0000] {subprocess.py:106} INFO - 25/12/16 03:30:37 INFO BlockManagerInfo: Added rdd_203_17 in memory on 172.18.0.7:36801 (size: 46.0 B, free: 434.0 MiB)
[2025-12-16T03:30:37.376+0000] {subprocess.py:106} INFO - 25/12/16 03:30:37 INFO BlockManagerInfo: Added rdd_203_21 in memory on 172.18.0.7:36801 (size: 46.0 B, free: 434.0 MiB)
[2025-12-16T03:30:37.397+0000] {subprocess.py:106} INFO - 25/12/16 03:30:37 INFO BlockManagerInfo: Added rdd_203_22 in memory on 172.18.0.7:36801 (size: 46.0 B, free: 434.0 MiB)
[2025-12-16T03:30:37.399+0000] {subprocess.py:106} INFO - 25/12/16 03:30:37 INFO BlockManagerInfo: Added rdd_203_19 in memory on 172.18.0.7:36801 (size: 46.0 B, free: 434.0 MiB)
[2025-12-16T03:30:37.413+0000] {subprocess.py:106} INFO - 25/12/16 03:30:37 INFO BlockManagerInfo: Added rdd_203_23 in memory on 172.18.0.7:36801 (size: 46.0 B, free: 434.0 MiB)
[2025-12-16T03:30:37.417+0000] {subprocess.py:106} INFO - 25/12/16 03:30:37 INFO BlockManagerInfo: Added rdd_203_24 in memory on 172.18.0.7:36801 (size: 46.0 B, free: 434.0 MiB)
[2025-12-16T03:30:37.424+0000] {subprocess.py:106} INFO - 25/12/16 03:30:37 INFO BlockManagerInfo: Added rdd_203_26 in memory on 172.18.0.7:36801 (size: 46.0 B, free: 434.0 MiB)
[2025-12-16T03:30:37.426+0000] {subprocess.py:106} INFO - 25/12/16 03:30:37 INFO TaskSetManager: Starting task 31.0 in stage 74.0 (TID 769) (172.18.0.7, executor 0, partition 31, PROCESS_LOCAL, 7356 bytes)
[2025-12-16T03:30:37.431+0000] {subprocess.py:106} INFO - 25/12/16 03:30:37 INFO TaskSetManager: Finished task 21.0 in stage 74.0 (TID 759) in 125 ms on 172.18.0.7 (executor 0) (17/50)
[2025-12-16T03:30:37.433+0000] {subprocess.py:106} INFO - 25/12/16 03:30:37 INFO TaskSetManager: Starting task 32.0 in stage 74.0 (TID 770) (172.18.0.7, executor 0, partition 32, PROCESS_LOCAL, 7356 bytes)
[2025-12-16T03:30:37.434+0000] {subprocess.py:106} INFO - 25/12/16 03:30:37 INFO TaskSetManager: Finished task 22.0 in stage 74.0 (TID 760) in 123 ms on 172.18.0.7 (executor 0) (18/50)
[2025-12-16T03:30:37.435+0000] {subprocess.py:106} INFO - 25/12/16 03:30:37 INFO BlockManagerInfo: Added rdd_203_25 in memory on 172.18.0.7:36801 (size: 46.0 B, free: 434.0 MiB)
[2025-12-16T03:30:37.436+0000] {subprocess.py:106} INFO - 25/12/16 03:30:37 INFO TaskSetManager: Starting task 33.0 in stage 74.0 (TID 771) (172.18.0.7, executor 0, partition 33, PROCESS_LOCAL, 7356 bytes)
[2025-12-16T03:30:37.437+0000] {subprocess.py:106} INFO - 25/12/16 03:30:37 INFO TaskSetManager: Finished task 19.0 in stage 74.0 (TID 757) in 137 ms on 172.18.0.7 (executor 0) (19/50)
[2025-12-16T03:30:37.447+0000] {subprocess.py:106} INFO - 25/12/16 03:30:37 INFO TaskSetManager: Starting task 34.0 in stage 74.0 (TID 772) (172.18.0.7, executor 0, partition 34, PROCESS_LOCAL, 7356 bytes)
[2025-12-16T03:30:37.448+0000] {subprocess.py:106} INFO - 25/12/16 03:30:37 INFO TaskSetManager: Finished task 17.0 in stage 74.0 (TID 755) in 157 ms on 172.18.0.7 (executor 0) (20/50)
[2025-12-16T03:30:37.460+0000] {subprocess.py:106} INFO - 25/12/16 03:30:37 INFO BlockManagerInfo: Added rdd_203_20 in memory on 172.18.0.7:36801 (size: 46.0 B, free: 434.0 MiB)
[2025-12-16T03:30:37.461+0000] {subprocess.py:106} INFO - 25/12/16 03:30:37 INFO BlockManagerInfo: Added rdd_203_15 in memory on 172.18.0.7:36801 (size: 46.0 B, free: 434.0 MiB)
[2025-12-16T03:30:37.475+0000] {subprocess.py:106} INFO - 25/12/16 03:30:37 INFO BlockManagerInfo: Added rdd_203_18 in memory on 172.18.0.7:36801 (size: 46.0 B, free: 434.0 MiB)
[2025-12-16T03:30:37.477+0000] {subprocess.py:106} INFO - 25/12/16 03:30:37 INFO BlockManagerInfo: Added rdd_203_27 in memory on 172.18.0.7:36801 (size: 46.0 B, free: 434.0 MiB)
[2025-12-16T03:30:37.491+0000] {subprocess.py:106} INFO - 25/12/16 03:30:37 INFO BlockManagerInfo: Added rdd_203_28 in memory on 172.18.0.7:36801 (size: 46.0 B, free: 434.0 MiB)
[2025-12-16T03:30:37.492+0000] {subprocess.py:106} INFO - 25/12/16 03:30:37 INFO TaskSetManager: Starting task 35.0 in stage 74.0 (TID 773) (172.18.0.7, executor 0, partition 35, PROCESS_LOCAL, 7356 bytes)
[2025-12-16T03:30:37.493+0000] {subprocess.py:106} INFO - 25/12/16 03:30:37 INFO TaskSetManager: Finished task 24.0 in stage 74.0 (TID 762) in 174 ms on 172.18.0.7 (executor 0) (21/50)
[2025-12-16T03:30:37.494+0000] {subprocess.py:106} INFO - 25/12/16 03:30:37 INFO BlockManagerInfo: Added rdd_203_29 in memory on 172.18.0.7:36801 (size: 46.0 B, free: 434.0 MiB)
[2025-12-16T03:30:37.495+0000] {subprocess.py:106} INFO - 25/12/16 03:30:37 INFO TaskSetManager: Starting task 36.0 in stage 74.0 (TID 774) (172.18.0.7, executor 0, partition 36, PROCESS_LOCAL, 7356 bytes)
[2025-12-16T03:30:37.496+0000] {subprocess.py:106} INFO - 25/12/16 03:30:37 INFO TaskSetManager: Finished task 26.0 in stage 74.0 (TID 764) in 176 ms on 172.18.0.7 (executor 0) (22/50)
[2025-12-16T03:30:37.497+0000] {subprocess.py:106} INFO - 25/12/16 03:30:37 INFO TaskSetManager: Starting task 37.0 in stage 74.0 (TID 775) (172.18.0.7, executor 0, partition 37, PROCESS_LOCAL, 7356 bytes)
[2025-12-16T03:30:37.498+0000] {subprocess.py:106} INFO - 25/12/16 03:30:37 INFO TaskSetManager: Finished task 23.0 in stage 74.0 (TID 761) in 181 ms on 172.18.0.7 (executor 0) (23/50)
[2025-12-16T03:30:37.500+0000] {subprocess.py:106} INFO - 25/12/16 03:30:37 INFO BlockManagerInfo: Added rdd_203_30 in memory on 172.18.0.7:36801 (size: 46.0 B, free: 434.0 MiB)
[2025-12-16T03:30:37.501+0000] {subprocess.py:106} INFO - 25/12/16 03:30:37 INFO TaskSetManager: Starting task 38.0 in stage 74.0 (TID 776) (172.18.0.7, executor 0, partition 38, PROCESS_LOCAL, 7356 bytes)
[2025-12-16T03:30:37.502+0000] {subprocess.py:106} INFO - 25/12/16 03:30:37 INFO TaskSetManager: Starting task 39.0 in stage 74.0 (TID 777) (172.18.0.7, executor 0, partition 39, PROCESS_LOCAL, 7356 bytes)
[2025-12-16T03:30:37.504+0000] {subprocess.py:106} INFO - 25/12/16 03:30:37 INFO BlockManagerInfo: Added rdd_203_16 in memory on 172.18.0.7:36801 (size: 46.0 B, free: 434.0 MiB)
[2025-12-16T03:30:37.505+0000] {subprocess.py:106} INFO - 25/12/16 03:30:37 INFO TaskSetManager: Finished task 25.0 in stage 74.0 (TID 763) in 189 ms on 172.18.0.7 (executor 0) (24/50)
[2025-12-16T03:30:37.506+0000] {subprocess.py:106} INFO - 25/12/16 03:30:37 INFO TaskSetManager: Finished task 18.0 in stage 74.0 (TID 756) in 207 ms on 172.18.0.7 (executor 0) (25/50)
[2025-12-16T03:30:37.507+0000] {subprocess.py:106} INFO - 25/12/16 03:30:37 INFO TaskSetManager: Starting task 40.0 in stage 74.0 (TID 778) (172.18.0.7, executor 0, partition 40, PROCESS_LOCAL, 7356 bytes)
[2025-12-16T03:30:37.508+0000] {subprocess.py:106} INFO - 25/12/16 03:30:37 INFO TaskSetManager: Finished task 27.0 in stage 74.0 (TID 765) in 179 ms on 172.18.0.7 (executor 0) (26/50)
[2025-12-16T03:30:37.509+0000] {subprocess.py:106} INFO - 25/12/16 03:30:37 INFO TaskSetManager: Starting task 41.0 in stage 74.0 (TID 779) (172.18.0.7, executor 0, partition 41, PROCESS_LOCAL, 7356 bytes)
[2025-12-16T03:30:37.511+0000] {subprocess.py:106} INFO - 25/12/16 03:30:37 INFO TaskSetManager: Finished task 20.0 in stage 74.0 (TID 758) in 209 ms on 172.18.0.7 (executor 0) (27/50)
[2025-12-16T03:30:37.524+0000] {subprocess.py:106} INFO - 25/12/16 03:30:37 INFO TaskSetManager: Starting task 43.0 in stage 74.0 (TID 780) (172.18.0.7, executor 0, partition 43, PROCESS_LOCAL, 7356 bytes)
[2025-12-16T03:30:37.526+0000] {subprocess.py:106} INFO - 25/12/16 03:30:37 INFO TaskSetManager: Finished task 28.0 in stage 74.0 (TID 766) in 195 ms on 172.18.0.7 (executor 0) (28/50)
[2025-12-16T03:30:37.527+0000] {subprocess.py:106} INFO - 25/12/16 03:30:37 INFO TaskSetManager: Finished task 15.0 in stage 74.0 (TID 753) in 237 ms on 172.18.0.7 (executor 0) (29/50)
[2025-12-16T03:30:37.528+0000] {subprocess.py:106} INFO - 25/12/16 03:30:37 INFO TaskSetManager: Starting task 44.0 in stage 74.0 (TID 781) (172.18.0.7, executor 0, partition 44, PROCESS_LOCAL, 7356 bytes)
[2025-12-16T03:30:37.529+0000] {subprocess.py:106} INFO - 25/12/16 03:30:37 INFO TaskSetManager: Starting task 45.0 in stage 74.0 (TID 782) (172.18.0.7, executor 0, partition 45, PROCESS_LOCAL, 7356 bytes)
[2025-12-16T03:30:37.530+0000] {subprocess.py:106} INFO - 25/12/16 03:30:37 INFO TaskSetManager: Finished task 29.0 in stage 74.0 (TID 767) in 193 ms on 172.18.0.7 (executor 0) (30/50)
[2025-12-16T03:30:37.537+0000] {subprocess.py:106} INFO - 25/12/16 03:30:37 INFO TaskSetManager: Starting task 46.0 in stage 74.0 (TID 783) (172.18.0.7, executor 0, partition 46, PROCESS_LOCAL, 7356 bytes)
[2025-12-16T03:30:37.539+0000] {subprocess.py:106} INFO - 25/12/16 03:30:37 INFO TaskSetManager: Starting task 47.0 in stage 74.0 (TID 784) (172.18.0.7, executor 0, partition 47, PROCESS_LOCAL, 7356 bytes)
[2025-12-16T03:30:37.542+0000] {subprocess.py:106} INFO - 25/12/16 03:30:37 INFO BlockManagerInfo: Added rdd_203_31 in memory on 172.18.0.7:36801 (size: 46.0 B, free: 434.0 MiB)
[2025-12-16T03:30:37.543+0000] {subprocess.py:106} INFO - 25/12/16 03:30:37 INFO TaskSetManager: Finished task 16.0 in stage 74.0 (TID 754) in 244 ms on 172.18.0.7 (executor 0) (31/50)
[2025-12-16T03:30:37.544+0000] {subprocess.py:106} INFO - 25/12/16 03:30:37 INFO TaskSetManager: Finished task 30.0 in stage 74.0 (TID 768) in 185 ms on 172.18.0.7 (executor 0) (32/50)
[2025-12-16T03:30:37.545+0000] {subprocess.py:106} INFO - 25/12/16 03:30:37 INFO BlockManagerInfo: Added rdd_203_32 in memory on 172.18.0.7:36801 (size: 46.0 B, free: 434.0 MiB)
[2025-12-16T03:30:37.546+0000] {subprocess.py:106} INFO - 25/12/16 03:30:37 INFO BlockManagerInfo: Added rdd_203_33 in memory on 172.18.0.7:36801 (size: 46.0 B, free: 434.0 MiB)
[2025-12-16T03:30:37.547+0000] {subprocess.py:106} INFO - 25/12/16 03:30:37 INFO BlockManagerInfo: Added rdd_203_34 in memory on 172.18.0.7:36801 (size: 46.0 B, free: 434.0 MiB)
[2025-12-16T03:30:37.568+0000] {subprocess.py:106} INFO - 25/12/16 03:30:37 INFO BlockManagerInfo: Added rdd_203_38 in memory on 172.18.0.7:36801 (size: 46.0 B, free: 434.0 MiB)
[2025-12-16T03:30:37.571+0000] {subprocess.py:106} INFO - 25/12/16 03:30:37 INFO TaskSetManager: Starting task 48.0 in stage 74.0 (TID 785) (172.18.0.7, executor 0, partition 48, PROCESS_LOCAL, 7356 bytes)
[2025-12-16T03:30:37.572+0000] {subprocess.py:106} INFO - 25/12/16 03:30:37 INFO TaskSetManager: Finished task 32.0 in stage 74.0 (TID 770) in 143 ms on 172.18.0.7 (executor 0) (33/50)
[2025-12-16T03:30:37.573+0000] {subprocess.py:106} INFO - 25/12/16 03:30:37 INFO TaskSetManager: Starting task 49.0 in stage 74.0 (TID 786) (172.18.0.7, executor 0, partition 49, PROCESS_LOCAL, 7356 bytes)
[2025-12-16T03:30:37.574+0000] {subprocess.py:106} INFO - 25/12/16 03:30:37 INFO TaskSetManager: Finished task 31.0 in stage 74.0 (TID 769) in 147 ms on 172.18.0.7 (executor 0) (34/50)
[2025-12-16T03:30:37.583+0000] {subprocess.py:106} INFO - 25/12/16 03:30:37 INFO BlockManagerInfo: Added rdd_203_39 in memory on 172.18.0.7:36801 (size: 46.0 B, free: 434.0 MiB)
[2025-12-16T03:30:37.585+0000] {subprocess.py:106} INFO - 25/12/16 03:30:37 INFO TaskSetManager: Finished task 33.0 in stage 74.0 (TID 771) in 151 ms on 172.18.0.7 (executor 0) (35/50)
[2025-12-16T03:30:37.585+0000] {subprocess.py:106} INFO - 25/12/16 03:30:37 INFO BlockManagerInfo: Added rdd_203_35 in memory on 172.18.0.7:36801 (size: 46.0 B, free: 434.0 MiB)
[2025-12-16T03:30:37.593+0000] {subprocess.py:106} INFO - 25/12/16 03:30:37 INFO TaskSetManager: Finished task 34.0 in stage 74.0 (TID 772) in 147 ms on 172.18.0.7 (executor 0) (36/50)
[2025-12-16T03:30:37.598+0000] {subprocess.py:106} INFO - 25/12/16 03:30:37 INFO BlockManagerInfo: Added rdd_203_41 in memory on 172.18.0.7:36801 (size: 46.0 B, free: 434.0 MiB)
[2025-12-16T03:30:37.602+0000] {subprocess.py:106} INFO - 25/12/16 03:30:37 INFO BlockManagerInfo: Added rdd_203_36 in memory on 172.18.0.7:36801 (size: 46.0 B, free: 434.0 MiB)
[2025-12-16T03:30:37.603+0000] {subprocess.py:106} INFO - 25/12/16 03:30:37 INFO BlockManagerInfo: Added rdd_203_37 in memory on 172.18.0.7:36801 (size: 46.0 B, free: 434.0 MiB)
[2025-12-16T03:30:37.604+0000] {subprocess.py:106} INFO - 25/12/16 03:30:37 INFO BlockManagerInfo: Added rdd_203_40 in memory on 172.18.0.7:36801 (size: 46.0 B, free: 434.0 MiB)
[2025-12-16T03:30:37.607+0000] {subprocess.py:106} INFO - 25/12/16 03:30:37 INFO BlockManagerInfo: Added rdd_203_46 in memory on 172.18.0.7:36801 (size: 46.0 B, free: 434.0 MiB)
[2025-12-16T03:30:37.609+0000] {subprocess.py:106} INFO - 25/12/16 03:30:37 INFO TaskSetManager: Finished task 38.0 in stage 74.0 (TID 776) in 112 ms on 172.18.0.7 (executor 0) (37/50)
[2025-12-16T03:30:37.610+0000] {subprocess.py:106} INFO - 25/12/16 03:30:37 INFO BlockManagerInfo: Added rdd_203_44 in memory on 172.18.0.7:36801 (size: 46.0 B, free: 434.0 MiB)
[2025-12-16T03:30:37.615+0000] {subprocess.py:106} INFO - 25/12/16 03:30:37 INFO BlockManagerInfo: Added rdd_203_47 in memory on 172.18.0.7:36801 (size: 46.0 B, free: 434.0 MiB)
[2025-12-16T03:30:37.617+0000] {subprocess.py:106} INFO - 25/12/16 03:30:37 INFO TaskSetManager: Finished task 39.0 in stage 74.0 (TID 777) in 119 ms on 172.18.0.7 (executor 0) (38/50)
[2025-12-16T03:30:37.619+0000] {subprocess.py:106} INFO - 25/12/16 03:30:37 INFO TaskSetManager: Finished task 35.0 in stage 74.0 (TID 773) in 135 ms on 172.18.0.7 (executor 0) (39/50)
[2025-12-16T03:30:37.620+0000] {subprocess.py:106} INFO - 25/12/16 03:30:37 INFO BlockManagerInfo: Added rdd_203_43 in memory on 172.18.0.7:36801 (size: 46.0 B, free: 434.0 MiB)
[2025-12-16T03:30:37.621+0000] {subprocess.py:106} INFO - 25/12/16 03:30:37 INFO BlockManagerInfo: Added rdd_203_45 in memory on 172.18.0.7:36801 (size: 46.0 B, free: 434.0 MiB)
[2025-12-16T03:30:37.624+0000] {subprocess.py:106} INFO - 25/12/16 03:30:37 INFO TaskSetManager: Finished task 41.0 in stage 74.0 (TID 779) in 116 ms on 172.18.0.7 (executor 0) (40/50)
[2025-12-16T03:30:37.640+0000] {subprocess.py:106} INFO - 25/12/16 03:30:37 INFO TaskSetManager: Finished task 36.0 in stage 74.0 (TID 774) in 148 ms on 172.18.0.7 (executor 0) (41/50)
[2025-12-16T03:30:37.642+0000] {subprocess.py:106} INFO - 25/12/16 03:30:37 INFO TaskSetManager: Finished task 37.0 in stage 74.0 (TID 775) in 146 ms on 172.18.0.7 (executor 0) (42/50)
[2025-12-16T03:30:37.643+0000] {subprocess.py:106} INFO - 25/12/16 03:30:37 INFO TaskSetManager: Finished task 40.0 in stage 74.0 (TID 778) in 140 ms on 172.18.0.7 (executor 0) (43/50)
[2025-12-16T03:30:37.650+0000] {subprocess.py:106} INFO - 25/12/16 03:30:37 INFO TaskSetManager: Finished task 44.0 in stage 74.0 (TID 781) in 127 ms on 172.18.0.7 (executor 0) (44/50)
[2025-12-16T03:30:37.651+0000] {subprocess.py:106} INFO - 25/12/16 03:30:37 INFO TaskSetManager: Finished task 47.0 in stage 74.0 (TID 784) in 118 ms on 172.18.0.7 (executor 0) (45/50)
[2025-12-16T03:30:37.652+0000] {subprocess.py:106} INFO - 25/12/16 03:30:37 INFO TaskSetManager: Finished task 46.0 in stage 74.0 (TID 783) in 120 ms on 172.18.0.7 (executor 0) (46/50)
[2025-12-16T03:30:37.655+0000] {subprocess.py:106} INFO - 25/12/16 03:30:37 INFO TaskSetManager: Finished task 43.0 in stage 74.0 (TID 780) in 134 ms on 172.18.0.7 (executor 0) (47/50)
[2025-12-16T03:30:37.656+0000] {subprocess.py:106} INFO - 25/12/16 03:30:37 INFO TaskSetManager: Finished task 45.0 in stage 74.0 (TID 782) in 132 ms on 172.18.0.7 (executor 0) (48/50)
[2025-12-16T03:30:37.658+0000] {subprocess.py:106} INFO - 25/12/16 03:30:37 INFO BlockManagerInfo: Added rdd_203_48 in memory on 172.18.0.7:36801 (size: 46.0 B, free: 434.0 MiB)
[2025-12-16T03:30:37.668+0000] {subprocess.py:106} INFO - 25/12/16 03:30:37 INFO BlockManagerInfo: Added rdd_203_49 in memory on 172.18.0.7:36801 (size: 46.0 B, free: 434.0 MiB)
[2025-12-16T03:30:37.691+0000] {subprocess.py:106} INFO - 25/12/16 03:30:37 INFO TaskSetManager: Finished task 48.0 in stage 74.0 (TID 785) in 123 ms on 172.18.0.7 (executor 0) (49/50)
[2025-12-16T03:30:37.697+0000] {subprocess.py:106} INFO - 25/12/16 03:30:37 INFO TaskSetManager: Finished task 49.0 in stage 74.0 (TID 786) in 127 ms on 172.18.0.7 (executor 0) (50/50)
[2025-12-16T03:30:37.698+0000] {subprocess.py:106} INFO - 25/12/16 03:30:37 INFO TaskSchedulerImpl: Removed TaskSet 74.0, whose tasks have all completed, from pool
[2025-12-16T03:30:37.699+0000] {subprocess.py:106} INFO - 25/12/16 03:30:37 INFO DAGScheduler: ShuffleMapStage 74 ($anonfun$recordDeltaOperationInternal$1 at DatabricksLogging.scala:128) finished in 0.530 s
[2025-12-16T03:30:37.700+0000] {subprocess.py:106} INFO - 25/12/16 03:30:37 INFO DAGScheduler: looking for newly runnable stages
[2025-12-16T03:30:37.700+0000] {subprocess.py:106} INFO - 25/12/16 03:30:37 INFO DAGScheduler: running: Set()
[2025-12-16T03:30:37.701+0000] {subprocess.py:106} INFO - 25/12/16 03:30:37 INFO DAGScheduler: waiting: Set()
[2025-12-16T03:30:37.702+0000] {subprocess.py:106} INFO - 25/12/16 03:30:37 INFO DAGScheduler: failed: Set()
[2025-12-16T03:30:37.718+0000] {subprocess.py:106} INFO - 25/12/16 03:30:37 INFO SparkContext: Starting job: $anonfun$recordDeltaOperationInternal$1 at DatabricksLogging.scala:128
[2025-12-16T03:30:37.719+0000] {subprocess.py:106} INFO - 25/12/16 03:30:37 INFO DAGScheduler: Got job 44 ($anonfun$recordDeltaOperationInternal$1 at DatabricksLogging.scala:128) with 1 output partitions
[2025-12-16T03:30:37.720+0000] {subprocess.py:106} INFO - 25/12/16 03:30:37 INFO DAGScheduler: Final stage: ResultStage 77 ($anonfun$recordDeltaOperationInternal$1 at DatabricksLogging.scala:128)
[2025-12-16T03:30:37.721+0000] {subprocess.py:106} INFO - 25/12/16 03:30:37 INFO DAGScheduler: Parents of final stage: List(ShuffleMapStage 76)
[2025-12-16T03:30:37.721+0000] {subprocess.py:106} INFO - 25/12/16 03:30:37 INFO DAGScheduler: Missing parents: List()
[2025-12-16T03:30:37.722+0000] {subprocess.py:106} INFO - 25/12/16 03:30:37 INFO DAGScheduler: Submitting ResultStage 77 (MapPartitionsRDD[209] at $anonfun$recordDeltaOperationInternal$1 at DatabricksLogging.scala:128), which has no missing parents
[2025-12-16T03:30:37.726+0000] {subprocess.py:106} INFO - 25/12/16 03:30:37 INFO MemoryStore: Block broadcast_74 stored as values in memory (estimated size 452.4 KiB, free 429.7 MiB)
[2025-12-16T03:30:37.728+0000] {subprocess.py:106} INFO - 25/12/16 03:30:37 INFO MemoryStore: Block broadcast_74_piece0 stored as bytes in memory (estimated size 108.1 KiB, free 429.6 MiB)
[2025-12-16T03:30:37.729+0000] {subprocess.py:106} INFO - 25/12/16 03:30:37 INFO BlockManagerInfo: Added broadcast_74_piece0 in memory on 3ad9a82189be:39783 (size: 108.1 KiB, free: 433.6 MiB)
[2025-12-16T03:30:37.729+0000] {subprocess.py:106} INFO - 25/12/16 03:30:37 INFO SparkContext: Created broadcast 74 from broadcast at DAGScheduler.scala:1535
[2025-12-16T03:30:37.730+0000] {subprocess.py:106} INFO - 25/12/16 03:30:37 INFO DAGScheduler: Submitting 1 missing tasks from ResultStage 77 (MapPartitionsRDD[209] at $anonfun$recordDeltaOperationInternal$1 at DatabricksLogging.scala:128) (first 15 tasks are for partitions Vector(0))
[2025-12-16T03:30:37.732+0000] {subprocess.py:106} INFO - 25/12/16 03:30:37 INFO TaskSchedulerImpl: Adding task set 77.0 with 1 tasks resource profile 0
[2025-12-16T03:30:37.733+0000] {subprocess.py:106} INFO - 25/12/16 03:30:37 INFO TaskSetManager: Starting task 0.0 in stage 77.0 (TID 787) (172.18.0.7, executor 0, partition 0, NODE_LOCAL, 7367 bytes)
[2025-12-16T03:30:37.738+0000] {subprocess.py:106} INFO - 25/12/16 03:30:37 INFO BlockManagerInfo: Added broadcast_74_piece0 in memory on 172.18.0.7:36801 (size: 108.1 KiB, free: 433.9 MiB)
[2025-12-16T03:30:37.747+0000] {subprocess.py:106} INFO - 25/12/16 03:30:37 INFO MapOutputTrackerMasterEndpoint: Asked to send map output locations for shuffle 17 to 172.18.0.7:43148
[2025-12-16T03:30:37.768+0000] {subprocess.py:106} INFO - 25/12/16 03:30:37 INFO TaskSetManager: Finished task 0.0 in stage 77.0 (TID 787) in 38 ms on 172.18.0.7 (executor 0) (1/1)
[2025-12-16T03:30:37.769+0000] {subprocess.py:106} INFO - 25/12/16 03:30:37 INFO TaskSchedulerImpl: Removed TaskSet 77.0, whose tasks have all completed, from pool
[2025-12-16T03:30:37.770+0000] {subprocess.py:106} INFO - 25/12/16 03:30:37 INFO DAGScheduler: ResultStage 77 ($anonfun$recordDeltaOperationInternal$1 at DatabricksLogging.scala:128) finished in 0.049 s
[2025-12-16T03:30:37.770+0000] {subprocess.py:106} INFO - 25/12/16 03:30:37 INFO DAGScheduler: Job 44 is finished. Cancelling potential speculative or zombie tasks for this job
[2025-12-16T03:30:37.770+0000] {subprocess.py:106} INFO - 25/12/16 03:30:37 INFO TaskSchedulerImpl: Killing all running tasks in stage 77: Stage finished
[2025-12-16T03:30:37.771+0000] {subprocess.py:106} INFO - 25/12/16 03:30:37 INFO DAGScheduler: Job 44 finished: $anonfun$recordDeltaOperationInternal$1 at DatabricksLogging.scala:128, took 0.051135 s
[2025-12-16T03:30:37.776+0000] {subprocess.py:106} INFO - 25/12/16 03:30:37 INFO Snapshot: [tableId=85fe58c8-48ef-4a7e-a6a2-f52c2432683a] DELTA: Done
[2025-12-16T03:30:37.777+0000] {subprocess.py:106} INFO - 25/12/16 03:30:37 INFO OptimisticTransaction: [tableId=85fe58c8,txnId=2c0413e6] Committed delta #1 to s3a://gold/dim_branches/_delta_log
[2025-12-16T03:30:37.777+0000] {subprocess.py:106} INFO - --> [SUCCESS] Written dim_branches to s3a://gold/dim_branches
[2025-12-16T03:30:37.778+0000] {subprocess.py:106} INFO - Processing Dim Suppliers...
[2025-12-16T03:30:37.792+0000] {subprocess.py:106} INFO - 25/12/16 03:30:37 INFO DelegatingLogStore: LogStore `LogStoreAdapter(io.delta.storage.S3SingleDriverLogStore)` is used for scheme `s3a`
[2025-12-16T03:30:37.813+0000] {subprocess.py:106} INFO - 25/12/16 03:30:37 INFO DeltaLog: Loading version 1.
[2025-12-16T03:30:37.818+0000] {subprocess.py:106} INFO - 25/12/16 03:30:37 INFO DeltaLogFileIndex: Created DeltaLogFileIndex(JSON, numFilesInSegment: 2, totalFileSize: 3743)
[2025-12-16T03:30:37.839+0000] {subprocess.py:106} INFO - 25/12/16 03:30:37 INFO FileSourceStrategy: Pushed Filters:
[2025-12-16T03:30:37.840+0000] {subprocess.py:106} INFO - 25/12/16 03:30:37 INFO FileSourceStrategy: Post-Scan Filters:
[2025-12-16T03:30:37.850+0000] {subprocess.py:106} INFO - 25/12/16 03:30:37 INFO MemoryStore: Block broadcast_75 stored as values in memory (estimated size 212.9 KiB, free 429.4 MiB)
[2025-12-16T03:30:37.856+0000] {subprocess.py:106} INFO - 25/12/16 03:30:37 INFO MemoryStore: Block broadcast_75_piece0 stored as bytes in memory (estimated size 36.3 KiB, free 429.3 MiB)
[2025-12-16T03:30:37.857+0000] {subprocess.py:106} INFO - 25/12/16 03:30:37 INFO BlockManagerInfo: Added broadcast_75_piece0 in memory on 3ad9a82189be:39783 (size: 36.3 KiB, free: 433.6 MiB)
[2025-12-16T03:30:37.858+0000] {subprocess.py:106} INFO - 25/12/16 03:30:37 INFO SparkContext: Created broadcast 75 from toString at <unknown>:0
[2025-12-16T03:30:37.858+0000] {subprocess.py:106} INFO - 25/12/16 03:30:37 INFO FileSourceScanExec: Planning scan with bin packing, max size: 4194304 bytes, open cost is considered as scanning 4194304 bytes.
[2025-12-16T03:30:37.867+0000] {subprocess.py:106} INFO - 25/12/16 03:30:37 INFO SparkContext: Starting job: toString at <unknown>:0
[2025-12-16T03:30:37.868+0000] {subprocess.py:106} INFO - 25/12/16 03:30:37 INFO DAGScheduler: Got job 45 (toString at <unknown>:0) with 2 output partitions
[2025-12-16T03:30:37.869+0000] {subprocess.py:106} INFO - 25/12/16 03:30:37 INFO DAGScheduler: Final stage: ResultStage 78 (toString at <unknown>:0)
[2025-12-16T03:30:37.869+0000] {subprocess.py:106} INFO - 25/12/16 03:30:37 INFO DAGScheduler: Parents of final stage: List()
[2025-12-16T03:30:37.869+0000] {subprocess.py:106} INFO - 25/12/16 03:30:37 INFO DAGScheduler: Missing parents: List()
[2025-12-16T03:30:37.870+0000] {subprocess.py:106} INFO - 25/12/16 03:30:37 INFO DAGScheduler: Submitting ResultStage 78 (MapPartitionsRDD[213] at toString at <unknown>:0), which has no missing parents
[2025-12-16T03:30:37.870+0000] {subprocess.py:106} INFO - 25/12/16 03:30:37 INFO MemoryStore: Block broadcast_76 stored as values in memory (estimated size 50.4 KiB, free 429.3 MiB)
[2025-12-16T03:30:37.878+0000] {subprocess.py:106} INFO - 25/12/16 03:30:37 INFO MemoryStore: Block broadcast_76_piece0 stored as bytes in memory (estimated size 15.5 KiB, free 429.7 MiB)
[2025-12-16T03:30:37.880+0000] {subprocess.py:106} INFO - 25/12/16 03:30:37 INFO BlockManagerInfo: Removed broadcast_74_piece0 on 3ad9a82189be:39783 in memory (size: 108.1 KiB, free: 433.7 MiB)
[2025-12-16T03:30:37.881+0000] {subprocess.py:106} INFO - 25/12/16 03:30:37 INFO BlockManagerInfo: Added broadcast_76_piece0 in memory on 3ad9a82189be:39783 (size: 15.5 KiB, free: 433.7 MiB)
[2025-12-16T03:30:37.885+0000] {subprocess.py:106} INFO - 25/12/16 03:30:37 INFO SparkContext: Created broadcast 76 from broadcast at DAGScheduler.scala:1535
[2025-12-16T03:30:37.886+0000] {subprocess.py:106} INFO - 25/12/16 03:30:37 INFO DAGScheduler: Submitting 2 missing tasks from ResultStage 78 (MapPartitionsRDD[213] at toString at <unknown>:0) (first 15 tasks are for partitions Vector(0, 1))
[2025-12-16T03:30:37.887+0000] {subprocess.py:106} INFO - 25/12/16 03:30:37 INFO TaskSchedulerImpl: Adding task set 78.0 with 2 tasks resource profile 0
[2025-12-16T03:30:37.888+0000] {subprocess.py:106} INFO - 25/12/16 03:30:37 INFO BlockManagerInfo: Removed broadcast_74_piece0 on 172.18.0.7:36801 in memory (size: 108.1 KiB, free: 434.0 MiB)
[2025-12-16T03:30:37.888+0000] {subprocess.py:106} INFO - 25/12/16 03:30:37 INFO TaskSetManager: Starting task 0.0 in stage 78.0 (TID 788) (172.18.0.7, executor 0, partition 0, PROCESS_LOCAL, 7943 bytes)
[2025-12-16T03:30:37.889+0000] {subprocess.py:106} INFO - 25/12/16 03:30:37 INFO TaskSetManager: Starting task 1.0 in stage 78.0 (TID 789) (172.18.0.7, executor 0, partition 1, PROCESS_LOCAL, 7943 bytes)
[2025-12-16T03:30:37.890+0000] {subprocess.py:106} INFO - 25/12/16 03:30:37 INFO BlockManagerInfo: Removed broadcast_73_piece0 on 3ad9a82189be:39783 in memory (size: 123.3 KiB, free: 433.8 MiB)
[2025-12-16T03:30:37.890+0000] {subprocess.py:106} INFO - 25/12/16 03:30:37 INFO BlockManagerInfo: Removed broadcast_73_piece0 on 172.18.0.7:36801 in memory (size: 123.3 KiB, free: 434.1 MiB)
[2025-12-16T03:30:37.891+0000] {subprocess.py:106} INFO - 25/12/16 03:30:37 INFO BlockManagerInfo: Added broadcast_76_piece0 in memory on 172.18.0.7:36801 (size: 15.5 KiB, free: 434.1 MiB)
[2025-12-16T03:30:37.900+0000] {subprocess.py:106} INFO - 25/12/16 03:30:37 INFO BlockManagerInfo: Added broadcast_75_piece0 in memory on 172.18.0.7:36801 (size: 36.3 KiB, free: 434.0 MiB)
[2025-12-16T03:30:37.926+0000] {subprocess.py:106} INFO - 25/12/16 03:30:37 INFO TaskSetManager: Finished task 1.0 in stage 78.0 (TID 789) in 45 ms on 172.18.0.7 (executor 0) (1/2)
[2025-12-16T03:30:37.927+0000] {subprocess.py:106} INFO - 25/12/16 03:30:37 INFO TaskSetManager: Finished task 0.0 in stage 78.0 (TID 788) in 45 ms on 172.18.0.7 (executor 0) (2/2)
[2025-12-16T03:30:37.928+0000] {subprocess.py:106} INFO - 25/12/16 03:30:37 INFO TaskSchedulerImpl: Removed TaskSet 78.0, whose tasks have all completed, from pool
[2025-12-16T03:30:37.929+0000] {subprocess.py:106} INFO - 25/12/16 03:30:37 INFO DAGScheduler: ResultStage 78 (toString at <unknown>:0) finished in 0.057 s
[2025-12-16T03:30:37.929+0000] {subprocess.py:106} INFO - 25/12/16 03:30:37 INFO DAGScheduler: Job 45 is finished. Cancelling potential speculative or zombie tasks for this job
[2025-12-16T03:30:37.930+0000] {subprocess.py:106} INFO - 25/12/16 03:30:37 INFO TaskSchedulerImpl: Killing all running tasks in stage 78: Stage finished
[2025-12-16T03:30:37.930+0000] {subprocess.py:106} INFO - 25/12/16 03:30:37 INFO DAGScheduler: Job 45 finished: toString at <unknown>:0, took 0.059847 s
[2025-12-16T03:30:37.947+0000] {subprocess.py:106} INFO - 25/12/16 03:30:37 INFO BlockManagerInfo: Removed broadcast_62_piece0 on 3ad9a82189be:39783 in memory (size: 36.2 KiB, free: 433.9 MiB)
[2025-12-16T03:30:37.950+0000] {subprocess.py:106} INFO - 25/12/16 03:30:37 INFO Snapshot: [tableId=abede22f-0661-4d55-8709-b5a656a3c0c6] Created snapshot Snapshot(path=s3a://silver/suppliers/_delta_log, version=1, metadata=Metadata(c9acc475-943f-4af6-9014-0536f2724871,null,null,Format(parquet,Map()),{"type":"struct","fields":[{"name":"supplier_id","type":"string","nullable":true,"metadata":{}},{"name":"supplier_name","type":"string","nullable":true,"metadata":{}},{"name":"phone","type":"string","nullable":true,"metadata":{}},{"name":"address","type":"string","nullable":true,"metadata":{}},{"name":"tax_id","type":"string","nullable":true,"metadata":{}},{"name":"current_liability","type":"decimal(18,2)","nullable":true,"metadata":{}},{"name":"status","type":"long","nullable":true,"metadata":{}},{"name":"etl_loaded_at","type":"timestamp","nullable":true,"metadata":{}}]},List(),Map(),Some(1765854989081)), logSegment=LogSegment(s3a://silver/suppliers/_delta_log,1,WrappedArray(S3AFileStatus{path=s3a://silver/suppliers/_delta_log/00000000000000000000.json; isDirectory=false; length=2226; replication=1; blocksize=33554432; modification_time=1765854989866; access_time=0; owner=root; group=root; permission=rw-rw-rw-; isSymlink=false; hasAcl=false; isEncrypted=true; isErasureCoded=false} isEmptyDirectory=FALSE eTag=60dae733710d842f203176b9edbbc00e versionId=null, S3AFileStatus{path=s3a://silver/suppliers/_delta_log/00000000000000000001.json; isDirectory=false; length=1517; replication=1; blocksize=33554432; modification_time=1765855752542; access_time=0; owner=root; group=root; permission=rw-rw-rw-; isSymlink=false; hasAcl=false; isEncrypted=true; isErasureCoded=false} isEmptyDirectory=FALSE eTag=742875e246b174365e2e942b187d1229 versionId=null),None,1765855752542), checksumOpt=None)
[2025-12-16T03:30:37.951+0000] {subprocess.py:106} INFO - 25/12/16 03:30:37 INFO BlockManagerInfo: Removed broadcast_60_piece0 on 3ad9a82189be:39783 in memory (size: 37.0 KiB, free: 433.9 MiB)
[2025-12-16T03:30:37.952+0000] {subprocess.py:106} INFO - 25/12/16 03:30:37 INFO BlockManagerInfo: Removed broadcast_60_piece0 on 172.18.0.7:36801 in memory (size: 37.0 KiB, free: 434.1 MiB)
[2025-12-16T03:30:37.955+0000] {subprocess.py:106} INFO - 25/12/16 03:30:37 INFO BlockManager: Removing RDD 180
[2025-12-16T03:30:37.964+0000] {subprocess.py:106} INFO - 25/12/16 03:30:37 INFO BlockManagerInfo: Removed broadcast_63_piece0 on 3ad9a82189be:39783 in memory (size: 36.3 KiB, free: 433.9 MiB)
[2025-12-16T03:30:37.964+0000] {subprocess.py:106} INFO - 25/12/16 03:30:37 INFO BlockManagerInfo: Removed broadcast_63_piece0 on 172.18.0.7:36801 in memory (size: 36.3 KiB, free: 434.1 MiB)
[2025-12-16T03:30:38.019+0000] {subprocess.py:106} INFO - 25/12/16 03:30:38 INFO DelegatingLogStore: LogStore `LogStoreAdapter(io.delta.storage.S3SingleDriverLogStore)` is used for scheme `s3a`
[2025-12-16T03:30:38.037+0000] {subprocess.py:106} INFO - 25/12/16 03:30:38 INFO DeltaLog: Loading version 0.
[2025-12-16T03:30:38.042+0000] {subprocess.py:106} INFO - 25/12/16 03:30:38 INFO DeltaLogFileIndex: Created DeltaLogFileIndex(JSON, numFilesInSegment: 1, totalFileSize: 2085)
[2025-12-16T03:30:38.064+0000] {subprocess.py:106} INFO - 25/12/16 03:30:38 INFO FileSourceStrategy: Pushed Filters:
[2025-12-16T03:30:38.066+0000] {subprocess.py:106} INFO - 25/12/16 03:30:38 INFO FileSourceStrategy: Post-Scan Filters:
[2025-12-16T03:30:38.075+0000] {subprocess.py:106} INFO - 25/12/16 03:30:38 INFO MemoryStore: Block broadcast_77 stored as values in memory (estimated size 212.9 KiB, free 431.0 MiB)
[2025-12-16T03:30:38.081+0000] {subprocess.py:106} INFO - 25/12/16 03:30:38 INFO MemoryStore: Block broadcast_77_piece0 stored as bytes in memory (estimated size 36.3 KiB, free 430.9 MiB)
[2025-12-16T03:30:38.081+0000] {subprocess.py:106} INFO - 25/12/16 03:30:38 INFO BlockManagerInfo: Added broadcast_77_piece0 in memory on 3ad9a82189be:39783 (size: 36.3 KiB, free: 433.9 MiB)
[2025-12-16T03:30:38.082+0000] {subprocess.py:106} INFO - 25/12/16 03:30:38 INFO SparkContext: Created broadcast 77 from toString at <unknown>:0
[2025-12-16T03:30:38.083+0000] {subprocess.py:106} INFO - 25/12/16 03:30:38 INFO FileSourceScanExec: Planning scan with bin packing, max size: 4194304 bytes, open cost is considered as scanning 4194304 bytes.
[2025-12-16T03:30:38.092+0000] {subprocess.py:106} INFO - 25/12/16 03:30:38 INFO SparkContext: Starting job: toString at <unknown>:0
[2025-12-16T03:30:38.092+0000] {subprocess.py:106} INFO - 25/12/16 03:30:38 INFO DAGScheduler: Got job 46 (toString at <unknown>:0) with 1 output partitions
[2025-12-16T03:30:38.093+0000] {subprocess.py:106} INFO - 25/12/16 03:30:38 INFO DAGScheduler: Final stage: ResultStage 79 (toString at <unknown>:0)
[2025-12-16T03:30:38.094+0000] {subprocess.py:106} INFO - 25/12/16 03:30:38 INFO DAGScheduler: Parents of final stage: List()
[2025-12-16T03:30:38.094+0000] {subprocess.py:106} INFO - 25/12/16 03:30:38 INFO DAGScheduler: Missing parents: List()
[2025-12-16T03:30:38.095+0000] {subprocess.py:106} INFO - 25/12/16 03:30:38 INFO DAGScheduler: Submitting ResultStage 79 (MapPartitionsRDD[217] at toString at <unknown>:0), which has no missing parents
[2025-12-16T03:30:38.095+0000] {subprocess.py:106} INFO - 25/12/16 03:30:38 INFO MemoryStore: Block broadcast_78 stored as values in memory (estimated size 50.4 KiB, free 430.9 MiB)
[2025-12-16T03:30:38.096+0000] {subprocess.py:106} INFO - 25/12/16 03:30:38 INFO MemoryStore: Block broadcast_78_piece0 stored as bytes in memory (estimated size 15.5 KiB, free 430.9 MiB)
[2025-12-16T03:30:38.096+0000] {subprocess.py:106} INFO - 25/12/16 03:30:38 INFO BlockManagerInfo: Added broadcast_78_piece0 in memory on 3ad9a82189be:39783 (size: 15.5 KiB, free: 433.9 MiB)
[2025-12-16T03:30:38.096+0000] {subprocess.py:106} INFO - 25/12/16 03:30:38 INFO SparkContext: Created broadcast 78 from broadcast at DAGScheduler.scala:1535
[2025-12-16T03:30:38.097+0000] {subprocess.py:106} INFO - 25/12/16 03:30:38 INFO DAGScheduler: Submitting 1 missing tasks from ResultStage 79 (MapPartitionsRDD[217] at toString at <unknown>:0) (first 15 tasks are for partitions Vector(0))
[2025-12-16T03:30:38.097+0000] {subprocess.py:106} INFO - 25/12/16 03:30:38 INFO TaskSchedulerImpl: Adding task set 79.0 with 1 tasks resource profile 0
[2025-12-16T03:30:38.098+0000] {subprocess.py:106} INFO - 25/12/16 03:30:38 INFO TaskSetManager: Starting task 0.0 in stage 79.0 (TID 790) (172.18.0.7, executor 0, partition 0, PROCESS_LOCAL, 7945 bytes)
[2025-12-16T03:30:38.105+0000] {subprocess.py:106} INFO - 25/12/16 03:30:38 INFO BlockManagerInfo: Added broadcast_78_piece0 in memory on 172.18.0.7:36801 (size: 15.5 KiB, free: 434.1 MiB)
[2025-12-16T03:30:38.115+0000] {subprocess.py:106} INFO - 25/12/16 03:30:38 INFO BlockManagerInfo: Added broadcast_77_piece0 in memory on 172.18.0.7:36801 (size: 36.3 KiB, free: 434.1 MiB)
[2025-12-16T03:30:38.135+0000] {subprocess.py:106} INFO - 25/12/16 03:30:38 INFO TaskSetManager: Finished task 0.0 in stage 79.0 (TID 790) in 37 ms on 172.18.0.7 (executor 0) (1/1)
[2025-12-16T03:30:38.136+0000] {subprocess.py:106} INFO - 25/12/16 03:30:38 INFO TaskSchedulerImpl: Removed TaskSet 79.0, whose tasks have all completed, from pool
[2025-12-16T03:30:38.137+0000] {subprocess.py:106} INFO - 25/12/16 03:30:38 INFO DAGScheduler: ResultStage 79 (toString at <unknown>:0) finished in 0.041 s
[2025-12-16T03:30:38.137+0000] {subprocess.py:106} INFO - 25/12/16 03:30:38 INFO DAGScheduler: Job 46 is finished. Cancelling potential speculative or zombie tasks for this job
[2025-12-16T03:30:38.138+0000] {subprocess.py:106} INFO - 25/12/16 03:30:38 INFO TaskSchedulerImpl: Killing all running tasks in stage 79: Stage finished
[2025-12-16T03:30:38.138+0000] {subprocess.py:106} INFO - 25/12/16 03:30:38 INFO DAGScheduler: Job 46 finished: toString at <unknown>:0, took 0.044115 s
[2025-12-16T03:30:38.143+0000] {subprocess.py:106} INFO - 25/12/16 03:30:38 INFO Snapshot: [tableId=0af1b23e-144a-47be-9515-ae2abd5d8760] Created snapshot Snapshot(path=s3a://gold/dim_suppliers/_delta_log, version=0, metadata=Metadata(7b18240a-4a69-4c7f-a2e4-5d317e81ff36,null,null,Format(parquet,Map()),{"type":"struct","fields":[{"name":"supplier_key","type":"string","nullable":true,"metadata":{}},{"name":"supplier_id","type":"string","nullable":true,"metadata":{}},{"name":"supplier_name","type":"string","nullable":true,"metadata":{}},{"name":"phone","type":"string","nullable":true,"metadata":{}},{"name":"address","type":"string","nullable":true,"metadata":{}},{"name":"tax_id","type":"string","nullable":true,"metadata":{}},{"name":"last_updated","type":"timestamp","nullable":true,"metadata":{}}]},List(),Map(),Some(1765855795550)), logSegment=LogSegment(s3a://gold/dim_suppliers/_delta_log,0,WrappedArray(S3AFileStatus{path=s3a://gold/dim_suppliers/_delta_log/00000000000000000000.json; isDirectory=false; length=2085; replication=1; blocksize=33554432; modification_time=1765855797551; access_time=0; owner=root; group=root; permission=rw-rw-rw-; isSymlink=false; hasAcl=false; isEncrypted=true; isErasureCoded=false} isEmptyDirectory=FALSE eTag=a0a130cbe53ddd9df197fbcead85750d versionId=null),None,1765855797551), checksumOpt=None)
[2025-12-16T03:30:38.212+0000] {subprocess.py:106} INFO - 25/12/16 03:30:38 INFO PrepareDeltaScan: DELTA: Filtering files for query
[2025-12-16T03:30:38.213+0000] {subprocess.py:106} INFO - 25/12/16 03:30:38 INFO Snapshot: [tableId=c9acc475-943f-4af6-9014-0536f2724871] DELTA: Compute snapshot for version: 1
[2025-12-16T03:30:38.213+0000] {subprocess.py:106} INFO - 25/12/16 03:30:38 INFO MemoryStore: Block broadcast_79 stored as values in memory (estimated size 212.3 KiB, free 430.7 MiB)
[2025-12-16T03:30:38.220+0000] {subprocess.py:106} INFO - 25/12/16 03:30:38 INFO MemoryStore: Block broadcast_79_piece0 stored as bytes in memory (estimated size 36.2 KiB, free 430.6 MiB)
[2025-12-16T03:30:38.220+0000] {subprocess.py:106} INFO - 25/12/16 03:30:38 INFO BlockManagerInfo: Added broadcast_79_piece0 in memory on 3ad9a82189be:39783 (size: 36.2 KiB, free: 433.8 MiB)
[2025-12-16T03:30:38.221+0000] {subprocess.py:106} INFO - 25/12/16 03:30:38 INFO SparkContext: Created broadcast 79 from $anonfun$recordDeltaOperationInternal$1 at DatabricksLogging.scala:128
[2025-12-16T03:30:38.318+0000] {subprocess.py:106} INFO - 25/12/16 03:30:38 INFO FileSourceStrategy: Pushed Filters:
[2025-12-16T03:30:38.319+0000] {subprocess.py:106} INFO - 25/12/16 03:30:38 INFO FileSourceStrategy: Post-Scan Filters:
[2025-12-16T03:30:38.338+0000] {subprocess.py:106} INFO - 25/12/16 03:30:38 INFO BlockManagerInfo: Removed broadcast_77_piece0 on 3ad9a82189be:39783 in memory (size: 36.3 KiB, free: 433.9 MiB)
[2025-12-16T03:30:38.339+0000] {subprocess.py:106} INFO - 25/12/16 03:30:38 INFO BlockManagerInfo: Removed broadcast_77_piece0 on 172.18.0.7:36801 in memory (size: 36.3 KiB, free: 434.1 MiB)
[2025-12-16T03:30:38.342+0000] {subprocess.py:106} INFO - 25/12/16 03:30:38 INFO BlockManagerInfo: Removed broadcast_76_piece0 on 3ad9a82189be:39783 in memory (size: 15.5 KiB, free: 433.9 MiB)
[2025-12-16T03:30:38.344+0000] {subprocess.py:106} INFO - 25/12/16 03:30:38 INFO BlockManagerInfo: Removed broadcast_76_piece0 on 172.18.0.7:36801 in memory (size: 15.5 KiB, free: 434.1 MiB)
[2025-12-16T03:30:38.346+0000] {subprocess.py:106} INFO - 25/12/16 03:30:38 INFO BlockManagerInfo: Removed broadcast_78_piece0 on 3ad9a82189be:39783 in memory (size: 15.5 KiB, free: 433.9 MiB)
[2025-12-16T03:30:38.347+0000] {subprocess.py:106} INFO - 25/12/16 03:30:38 INFO BlockManagerInfo: Removed broadcast_78_piece0 on 172.18.0.7:36801 in memory (size: 15.5 KiB, free: 434.1 MiB)
[2025-12-16T03:30:38.356+0000] {subprocess.py:106} INFO - 25/12/16 03:30:38 INFO BlockManagerInfo: Removed broadcast_75_piece0 on 3ad9a82189be:39783 in memory (size: 36.3 KiB, free: 433.9 MiB)
[2025-12-16T03:30:38.357+0000] {subprocess.py:106} INFO - 25/12/16 03:30:38 INFO BlockManagerInfo: Removed broadcast_75_piece0 on 172.18.0.7:36801 in memory (size: 36.3 KiB, free: 434.2 MiB)
[2025-12-16T03:30:38.364+0000] {subprocess.py:106} INFO - 25/12/16 03:30:38 INFO MemoryStore: Block broadcast_80 stored as values in memory (estimated size 212.9 KiB, free 431.0 MiB)
[2025-12-16T03:30:38.370+0000] {subprocess.py:106} INFO - 25/12/16 03:30:38 INFO MemoryStore: Block broadcast_80_piece0 stored as bytes in memory (estimated size 36.3 KiB, free 431.0 MiB)
[2025-12-16T03:30:38.371+0000] {subprocess.py:106} INFO - 25/12/16 03:30:38 INFO BlockManagerInfo: Added broadcast_80_piece0 in memory on 3ad9a82189be:39783 (size: 36.3 KiB, free: 433.9 MiB)
[2025-12-16T03:30:38.372+0000] {subprocess.py:106} INFO - 25/12/16 03:30:38 INFO SparkContext: Created broadcast 80 from $anonfun$recordDeltaOperationInternal$1 at DatabricksLogging.scala:128
[2025-12-16T03:30:38.372+0000] {subprocess.py:106} INFO - 25/12/16 03:30:38 INFO FileSourceScanExec: Planning scan with bin packing, max size: 4194304 bytes, open cost is considered as scanning 4194304 bytes.
[2025-12-16T03:30:38.379+0000] {subprocess.py:106} INFO - 25/12/16 03:30:38 INFO DAGScheduler: Registering RDD 221 ($anonfun$recordDeltaOperationInternal$1 at DatabricksLogging.scala:128) as input to shuffle 18
[2025-12-16T03:30:38.380+0000] {subprocess.py:106} INFO - 25/12/16 03:30:38 INFO DAGScheduler: Got map stage job 47 ($anonfun$recordDeltaOperationInternal$1 at DatabricksLogging.scala:128) with 2 output partitions
[2025-12-16T03:30:38.381+0000] {subprocess.py:106} INFO - 25/12/16 03:30:38 INFO DAGScheduler: Final stage: ShuffleMapStage 80 ($anonfun$recordDeltaOperationInternal$1 at DatabricksLogging.scala:128)
[2025-12-16T03:30:38.381+0000] {subprocess.py:106} INFO - 25/12/16 03:30:38 INFO DAGScheduler: Parents of final stage: List()
[2025-12-16T03:30:38.382+0000] {subprocess.py:106} INFO - 25/12/16 03:30:38 INFO DAGScheduler: Missing parents: List()
[2025-12-16T03:30:38.382+0000] {subprocess.py:106} INFO - 25/12/16 03:30:38 INFO DAGScheduler: Submitting ShuffleMapStage 80 (MapPartitionsRDD[221] at $anonfun$recordDeltaOperationInternal$1 at DatabricksLogging.scala:128), which has no missing parents
[2025-12-16T03:30:38.384+0000] {subprocess.py:106} INFO - 25/12/16 03:30:38 INFO MemoryStore: Block broadcast_81 stored as values in memory (estimated size 138.3 KiB, free 430.9 MiB)
[2025-12-16T03:30:38.386+0000] {subprocess.py:106} INFO - 25/12/16 03:30:38 INFO MemoryStore: Block broadcast_81_piece0 stored as bytes in memory (estimated size 39.0 KiB, free 430.8 MiB)
[2025-12-16T03:30:38.387+0000] {subprocess.py:106} INFO - 25/12/16 03:30:38 INFO BlockManagerInfo: Added broadcast_81_piece0 in memory on 3ad9a82189be:39783 (size: 39.0 KiB, free: 433.9 MiB)
[2025-12-16T03:30:38.388+0000] {subprocess.py:106} INFO - 25/12/16 03:30:38 INFO SparkContext: Created broadcast 81 from broadcast at DAGScheduler.scala:1535
[2025-12-16T03:30:38.389+0000] {subprocess.py:106} INFO - 25/12/16 03:30:38 INFO DAGScheduler: Submitting 2 missing tasks from ShuffleMapStage 80 (MapPartitionsRDD[221] at $anonfun$recordDeltaOperationInternal$1 at DatabricksLogging.scala:128) (first 15 tasks are for partitions Vector(0, 1))
[2025-12-16T03:30:38.389+0000] {subprocess.py:106} INFO - 25/12/16 03:30:38 INFO TaskSchedulerImpl: Adding task set 80.0 with 2 tasks resource profile 0
[2025-12-16T03:30:38.390+0000] {subprocess.py:106} INFO - 25/12/16 03:30:38 INFO TaskSetManager: Starting task 0.0 in stage 80.0 (TID 791) (172.18.0.7, executor 0, partition 0, PROCESS_LOCAL, 7932 bytes)
[2025-12-16T03:30:38.390+0000] {subprocess.py:106} INFO - 25/12/16 03:30:38 INFO TaskSetManager: Starting task 1.0 in stage 80.0 (TID 792) (172.18.0.7, executor 0, partition 1, PROCESS_LOCAL, 7932 bytes)
[2025-12-16T03:30:38.398+0000] {subprocess.py:106} INFO - 25/12/16 03:30:38 INFO BlockManagerInfo: Added broadcast_81_piece0 in memory on 172.18.0.7:36801 (size: 39.0 KiB, free: 434.1 MiB)
[2025-12-16T03:30:38.415+0000] {subprocess.py:106} INFO - 25/12/16 03:30:38 INFO BlockManagerInfo: Added broadcast_80_piece0 in memory on 172.18.0.7:36801 (size: 36.3 KiB, free: 434.1 MiB)
[2025-12-16T03:30:38.443+0000] {subprocess.py:106} INFO - 25/12/16 03:30:38 INFO TaskSetManager: Finished task 1.0 in stage 80.0 (TID 792) in 54 ms on 172.18.0.7 (executor 0) (1/2)
[2025-12-16T03:30:38.448+0000] {subprocess.py:106} INFO - 25/12/16 03:30:38 INFO TaskSetManager: Finished task 0.0 in stage 80.0 (TID 791) in 59 ms on 172.18.0.7 (executor 0) (2/2)
[2025-12-16T03:30:38.449+0000] {subprocess.py:106} INFO - 25/12/16 03:30:38 INFO TaskSchedulerImpl: Removed TaskSet 80.0, whose tasks have all completed, from pool
[2025-12-16T03:30:38.449+0000] {subprocess.py:106} INFO - 25/12/16 03:30:38 INFO DAGScheduler: ShuffleMapStage 80 ($anonfun$recordDeltaOperationInternal$1 at DatabricksLogging.scala:128) finished in 0.068 s
[2025-12-16T03:30:38.450+0000] {subprocess.py:106} INFO - 25/12/16 03:30:38 INFO DAGScheduler: looking for newly runnable stages
[2025-12-16T03:30:38.453+0000] {subprocess.py:106} INFO - 25/12/16 03:30:38 INFO DAGScheduler: running: Set()
[2025-12-16T03:30:38.454+0000] {subprocess.py:106} INFO - 25/12/16 03:30:38 INFO DAGScheduler: waiting: Set()
[2025-12-16T03:30:38.454+0000] {subprocess.py:106} INFO - 25/12/16 03:30:38 INFO DAGScheduler: failed: Set()
[2025-12-16T03:30:38.516+0000] {subprocess.py:106} INFO - 25/12/16 03:30:38 INFO BlockManagerInfo: Removed broadcast_81_piece0 on 3ad9a82189be:39783 in memory (size: 39.0 KiB, free: 433.9 MiB)
[2025-12-16T03:30:38.518+0000] {subprocess.py:106} INFO - 25/12/16 03:30:38 INFO BlockManagerInfo: Removed broadcast_81_piece0 on 172.18.0.7:36801 in memory (size: 39.0 KiB, free: 434.1 MiB)
[2025-12-16T03:30:38.587+0000] {subprocess.py:106} INFO - 25/12/16 03:30:38 INFO DAGScheduler: Registering RDD 231 ($anonfun$recordDeltaOperationInternal$1 at DatabricksLogging.scala:128) as input to shuffle 19
[2025-12-16T03:30:38.588+0000] {subprocess.py:106} INFO - 25/12/16 03:30:38 INFO DAGScheduler: Got map stage job 48 ($anonfun$recordDeltaOperationInternal$1 at DatabricksLogging.scala:128) with 50 output partitions
[2025-12-16T03:30:38.588+0000] {subprocess.py:106} INFO - 25/12/16 03:30:38 INFO DAGScheduler: Final stage: ShuffleMapStage 82 ($anonfun$recordDeltaOperationInternal$1 at DatabricksLogging.scala:128)
[2025-12-16T03:30:38.589+0000] {subprocess.py:106} INFO - 25/12/16 03:30:38 INFO DAGScheduler: Parents of final stage: List(ShuffleMapStage 81)
[2025-12-16T03:30:38.589+0000] {subprocess.py:106} INFO - 25/12/16 03:30:38 INFO DAGScheduler: Missing parents: List()
[2025-12-16T03:30:38.590+0000] {subprocess.py:106} INFO - 25/12/16 03:30:38 INFO DAGScheduler: Submitting ShuffleMapStage 82 (MapPartitionsRDD[231] at $anonfun$recordDeltaOperationInternal$1 at DatabricksLogging.scala:128), which has no missing parents
[2025-12-16T03:30:38.602+0000] {subprocess.py:106} INFO - 25/12/16 03:30:38 INFO MemoryStore: Block broadcast_82 stored as values in memory (estimated size 517.2 KiB, free 430.5 MiB)
[2025-12-16T03:30:38.603+0000] {subprocess.py:106} INFO - 25/12/16 03:30:38 INFO MemoryStore: Block broadcast_82_piece0 stored as bytes in memory (estimated size 123.3 KiB, free 430.4 MiB)
[2025-12-16T03:30:38.603+0000] {subprocess.py:106} INFO - 25/12/16 03:30:38 INFO BlockManagerInfo: Added broadcast_82_piece0 in memory on 3ad9a82189be:39783 (size: 123.3 KiB, free: 433.8 MiB)
[2025-12-16T03:30:38.604+0000] {subprocess.py:106} INFO - 25/12/16 03:30:38 INFO SparkContext: Created broadcast 82 from broadcast at DAGScheduler.scala:1535
[2025-12-16T03:30:38.604+0000] {subprocess.py:106} INFO - 25/12/16 03:30:38 INFO DAGScheduler: Submitting 50 missing tasks from ShuffleMapStage 82 (MapPartitionsRDD[231] at $anonfun$recordDeltaOperationInternal$1 at DatabricksLogging.scala:128) (first 15 tasks are for partitions Vector(0, 1, 2, 3, 4, 5, 6, 7, 8, 9, 10, 11, 12, 13, 14))
[2025-12-16T03:30:38.605+0000] {subprocess.py:106} INFO - 25/12/16 03:30:38 INFO TaskSchedulerImpl: Adding task set 82.0 with 50 tasks resource profile 0
[2025-12-16T03:30:38.606+0000] {subprocess.py:106} INFO - 25/12/16 03:30:38 INFO TaskSetManager: Starting task 3.0 in stage 82.0 (TID 793) (172.18.0.7, executor 0, partition 3, NODE_LOCAL, 7356 bytes)
[2025-12-16T03:30:38.606+0000] {subprocess.py:106} INFO - 25/12/16 03:30:38 INFO TaskSetManager: Starting task 16.0 in stage 82.0 (TID 794) (172.18.0.7, executor 0, partition 16, NODE_LOCAL, 7356 bytes)
[2025-12-16T03:30:38.607+0000] {subprocess.py:106} INFO - 25/12/16 03:30:38 INFO TaskSetManager: Starting task 42.0 in stage 82.0 (TID 795) (172.18.0.7, executor 0, partition 42, NODE_LOCAL, 7356 bytes)
[2025-12-16T03:30:38.608+0000] {subprocess.py:106} INFO - 25/12/16 03:30:38 INFO TaskSetManager: Starting task 0.0 in stage 82.0 (TID 796) (172.18.0.7, executor 0, partition 0, PROCESS_LOCAL, 7356 bytes)
[2025-12-16T03:30:38.609+0000] {subprocess.py:106} INFO - 25/12/16 03:30:38 INFO TaskSetManager: Starting task 1.0 in stage 82.0 (TID 797) (172.18.0.7, executor 0, partition 1, PROCESS_LOCAL, 7356 bytes)
[2025-12-16T03:30:38.610+0000] {subprocess.py:106} INFO - 25/12/16 03:30:38 INFO TaskSetManager: Starting task 2.0 in stage 82.0 (TID 798) (172.18.0.7, executor 0, partition 2, PROCESS_LOCAL, 7356 bytes)
[2025-12-16T03:30:38.611+0000] {subprocess.py:106} INFO - 25/12/16 03:30:38 INFO TaskSetManager: Starting task 4.0 in stage 82.0 (TID 799) (172.18.0.7, executor 0, partition 4, PROCESS_LOCAL, 7356 bytes)
[2025-12-16T03:30:38.612+0000] {subprocess.py:106} INFO - 25/12/16 03:30:38 INFO TaskSetManager: Starting task 5.0 in stage 82.0 (TID 800) (172.18.0.7, executor 0, partition 5, PROCESS_LOCAL, 7356 bytes)
[2025-12-16T03:30:38.612+0000] {subprocess.py:106} INFO - 25/12/16 03:30:38 INFO TaskSetManager: Starting task 6.0 in stage 82.0 (TID 801) (172.18.0.7, executor 0, partition 6, PROCESS_LOCAL, 7356 bytes)
[2025-12-16T03:30:38.613+0000] {subprocess.py:106} INFO - 25/12/16 03:30:38 INFO TaskSetManager: Starting task 7.0 in stage 82.0 (TID 802) (172.18.0.7, executor 0, partition 7, PROCESS_LOCAL, 7356 bytes)
[2025-12-16T03:30:38.613+0000] {subprocess.py:106} INFO - 25/12/16 03:30:38 INFO TaskSetManager: Starting task 8.0 in stage 82.0 (TID 803) (172.18.0.7, executor 0, partition 8, PROCESS_LOCAL, 7356 bytes)
[2025-12-16T03:30:38.614+0000] {subprocess.py:106} INFO - 25/12/16 03:30:38 INFO TaskSetManager: Starting task 9.0 in stage 82.0 (TID 804) (172.18.0.7, executor 0, partition 9, PROCESS_LOCAL, 7356 bytes)
[2025-12-16T03:30:38.614+0000] {subprocess.py:106} INFO - 25/12/16 03:30:38 INFO TaskSetManager: Starting task 10.0 in stage 82.0 (TID 805) (172.18.0.7, executor 0, partition 10, PROCESS_LOCAL, 7356 bytes)
[2025-12-16T03:30:38.615+0000] {subprocess.py:106} INFO - 25/12/16 03:30:38 INFO TaskSetManager: Starting task 11.0 in stage 82.0 (TID 806) (172.18.0.7, executor 0, partition 11, PROCESS_LOCAL, 7356 bytes)
[2025-12-16T03:30:38.615+0000] {subprocess.py:106} INFO - 25/12/16 03:30:38 INFO TaskSetManager: Starting task 12.0 in stage 82.0 (TID 807) (172.18.0.7, executor 0, partition 12, PROCESS_LOCAL, 7356 bytes)
[2025-12-16T03:30:38.615+0000] {subprocess.py:106} INFO - 25/12/16 03:30:38 INFO TaskSetManager: Starting task 13.0 in stage 82.0 (TID 808) (172.18.0.7, executor 0, partition 13, PROCESS_LOCAL, 7356 bytes)
[2025-12-16T03:30:38.618+0000] {subprocess.py:106} INFO - 25/12/16 03:30:38 INFO BlockManagerInfo: Added broadcast_82_piece0 in memory on 172.18.0.7:36801 (size: 123.3 KiB, free: 434.0 MiB)
[2025-12-16T03:30:38.631+0000] {subprocess.py:106} INFO - 25/12/16 03:30:38 INFO MapOutputTrackerMasterEndpoint: Asked to send map output locations for shuffle 18 to 172.18.0.7:43148
[2025-12-16T03:30:38.682+0000] {subprocess.py:106} INFO - 25/12/16 03:30:38 INFO BlockManagerInfo: Added rdd_228_5 in memory on 172.18.0.7:36801 (size: 46.0 B, free: 434.0 MiB)
[2025-12-16T03:30:38.686+0000] {subprocess.py:106} INFO - 25/12/16 03:30:38 INFO BlockManagerInfo: Added rdd_228_8 in memory on 172.18.0.7:36801 (size: 46.0 B, free: 434.0 MiB)
[2025-12-16T03:30:38.690+0000] {subprocess.py:106} INFO - 25/12/16 03:30:38 INFO BlockManagerInfo: Added rdd_228_9 in memory on 172.18.0.7:36801 (size: 46.0 B, free: 434.0 MiB)
[2025-12-16T03:30:38.696+0000] {subprocess.py:106} INFO - 25/12/16 03:30:38 INFO BlockManagerInfo: Added rdd_228_4 in memory on 172.18.0.7:36801 (size: 46.0 B, free: 434.0 MiB)
[2025-12-16T03:30:38.698+0000] {subprocess.py:106} INFO - 25/12/16 03:30:38 INFO BlockManagerInfo: Added rdd_228_16 in memory on 172.18.0.7:36801 (size: 747.0 B, free: 434.0 MiB)
[2025-12-16T03:30:38.698+0000] {subprocess.py:106} INFO - 25/12/16 03:30:38 INFO BlockManagerInfo: Added rdd_228_3 in memory on 172.18.0.7:36801 (size: 300.0 B, free: 434.0 MiB)
[2025-12-16T03:30:38.701+0000] {subprocess.py:106} INFO - 25/12/16 03:30:38 INFO BlockManagerInfo: Added rdd_228_42 in memory on 172.18.0.7:36801 (size: 564.0 B, free: 434.0 MiB)
[2025-12-16T03:30:38.707+0000] {subprocess.py:106} INFO - 25/12/16 03:30:38 INFO BlockManagerInfo: Added rdd_228_12 in memory on 172.18.0.7:36801 (size: 46.0 B, free: 434.0 MiB)
[2025-12-16T03:30:38.711+0000] {subprocess.py:106} INFO - 25/12/16 03:30:38 INFO BlockManagerInfo: Added rdd_228_13 in memory on 172.18.0.7:36801 (size: 46.0 B, free: 434.0 MiB)
[2025-12-16T03:30:38.719+0000] {subprocess.py:106} INFO - 25/12/16 03:30:38 INFO BlockManagerInfo: Added rdd_228_6 in memory on 172.18.0.7:36801 (size: 46.0 B, free: 434.0 MiB)
[2025-12-16T03:30:38.720+0000] {subprocess.py:106} INFO - 25/12/16 03:30:38 INFO BlockManagerInfo: Added rdd_228_2 in memory on 172.18.0.7:36801 (size: 46.0 B, free: 434.0 MiB)
[2025-12-16T03:30:38.721+0000] {subprocess.py:106} INFO - 25/12/16 03:30:38 INFO BlockManagerInfo: Added rdd_228_0 in memory on 172.18.0.7:36801 (size: 46.0 B, free: 434.0 MiB)
[2025-12-16T03:30:38.722+0000] {subprocess.py:106} INFO - 25/12/16 03:30:38 INFO BlockManagerInfo: Added rdd_228_1 in memory on 172.18.0.7:36801 (size: 46.0 B, free: 434.0 MiB)
[2025-12-16T03:30:38.723+0000] {subprocess.py:106} INFO - 25/12/16 03:30:38 INFO BlockManagerInfo: Added rdd_228_10 in memory on 172.18.0.7:36801 (size: 46.0 B, free: 434.0 MiB)
[2025-12-16T03:30:38.724+0000] {subprocess.py:106} INFO - 25/12/16 03:30:38 INFO BlockManagerInfo: Added rdd_228_7 in memory on 172.18.0.7:36801 (size: 46.0 B, free: 434.0 MiB)
[2025-12-16T03:30:38.725+0000] {subprocess.py:106} INFO - 25/12/16 03:30:38 INFO TaskSetManager: Starting task 14.0 in stage 82.0 (TID 809) (172.18.0.7, executor 0, partition 14, PROCESS_LOCAL, 7356 bytes)
[2025-12-16T03:30:38.726+0000] {subprocess.py:106} INFO - 25/12/16 03:30:38 INFO TaskSetManager: Finished task 4.0 in stage 82.0 (TID 799) in 106 ms on 172.18.0.7 (executor 0) (1/50)
[2025-12-16T03:30:38.727+0000] {subprocess.py:106} INFO - 25/12/16 03:30:38 INFO TaskSetManager: Starting task 15.0 in stage 82.0 (TID 810) (172.18.0.7, executor 0, partition 15, PROCESS_LOCAL, 7356 bytes)
[2025-12-16T03:30:38.728+0000] {subprocess.py:106} INFO - 25/12/16 03:30:38 INFO TaskSetManager: Starting task 17.0 in stage 82.0 (TID 811) (172.18.0.7, executor 0, partition 17, PROCESS_LOCAL, 7356 bytes)
[2025-12-16T03:30:38.730+0000] {subprocess.py:106} INFO - 25/12/16 03:30:38 INFO TaskSetManager: Starting task 18.0 in stage 82.0 (TID 812) (172.18.0.7, executor 0, partition 18, PROCESS_LOCAL, 7356 bytes)
[2025-12-16T03:30:38.731+0000] {subprocess.py:106} INFO - 25/12/16 03:30:38 INFO BlockManagerInfo: Added rdd_228_11 in memory on 172.18.0.7:36801 (size: 46.0 B, free: 434.0 MiB)
[2025-12-16T03:30:38.734+0000] {subprocess.py:106} INFO - 25/12/16 03:30:38 INFO TaskSetManager: Starting task 19.0 in stage 82.0 (TID 813) (172.18.0.7, executor 0, partition 19, PROCESS_LOCAL, 7356 bytes)
[2025-12-16T03:30:38.735+0000] {subprocess.py:106} INFO - 25/12/16 03:30:38 INFO TaskSetManager: Starting task 20.0 in stage 82.0 (TID 814) (172.18.0.7, executor 0, partition 20, PROCESS_LOCAL, 7356 bytes)
[2025-12-16T03:30:38.737+0000] {subprocess.py:106} INFO - 25/12/16 03:30:38 INFO TaskSetManager: Finished task 5.0 in stage 82.0 (TID 800) in 118 ms on 172.18.0.7 (executor 0) (2/50)
[2025-12-16T03:30:38.738+0000] {subprocess.py:106} INFO - 25/12/16 03:30:38 INFO TaskSetManager: Finished task 42.0 in stage 82.0 (TID 795) in 119 ms on 172.18.0.7 (executor 0) (3/50)
[2025-12-16T03:30:38.739+0000] {subprocess.py:106} INFO - 25/12/16 03:30:38 INFO TaskSetManager: Finished task 8.0 in stage 82.0 (TID 803) in 118 ms on 172.18.0.7 (executor 0) (4/50)
[2025-12-16T03:30:38.740+0000] {subprocess.py:106} INFO - 25/12/16 03:30:38 INFO TaskSetManager: Finished task 9.0 in stage 82.0 (TID 804) in 120 ms on 172.18.0.7 (executor 0) (5/50)
[2025-12-16T03:30:38.741+0000] {subprocess.py:106} INFO - 25/12/16 03:30:38 INFO TaskSetManager: Finished task 3.0 in stage 82.0 (TID 793) in 123 ms on 172.18.0.7 (executor 0) (6/50)
[2025-12-16T03:30:38.742+0000] {subprocess.py:106} INFO - 25/12/16 03:30:38 INFO TaskSetManager: Starting task 21.0 in stage 82.0 (TID 815) (172.18.0.7, executor 0, partition 21, PROCESS_LOCAL, 7356 bytes)
[2025-12-16T03:30:38.743+0000] {subprocess.py:106} INFO - 25/12/16 03:30:38 INFO TaskSetManager: Finished task 12.0 in stage 82.0 (TID 807) in 122 ms on 172.18.0.7 (executor 0) (7/50)
[2025-12-16T03:30:38.743+0000] {subprocess.py:106} INFO - 25/12/16 03:30:38 INFO TaskSetManager: Starting task 22.0 in stage 82.0 (TID 816) (172.18.0.7, executor 0, partition 22, PROCESS_LOCAL, 7356 bytes)
[2025-12-16T03:30:38.744+0000] {subprocess.py:106} INFO - 25/12/16 03:30:38 INFO TaskSetManager: Finished task 16.0 in stage 82.0 (TID 794) in 126 ms on 172.18.0.7 (executor 0) (8/50)
[2025-12-16T03:30:38.746+0000] {subprocess.py:106} INFO - 25/12/16 03:30:38 INFO TaskSetManager: Starting task 23.0 in stage 82.0 (TID 817) (172.18.0.7, executor 0, partition 23, PROCESS_LOCAL, 7356 bytes)
[2025-12-16T03:30:38.749+0000] {subprocess.py:106} INFO - 25/12/16 03:30:38 INFO TaskSetManager: Starting task 24.0 in stage 82.0 (TID 818) (172.18.0.7, executor 0, partition 24, PROCESS_LOCAL, 7356 bytes)
[2025-12-16T03:30:38.751+0000] {subprocess.py:106} INFO - 25/12/16 03:30:38 INFO TaskSetManager: Finished task 2.0 in stage 82.0 (TID 798) in 127 ms on 172.18.0.7 (executor 0) (9/50)
[2025-12-16T03:30:38.752+0000] {subprocess.py:106} INFO - 25/12/16 03:30:38 INFO TaskSetManager: Finished task 1.0 in stage 82.0 (TID 797) in 128 ms on 172.18.0.7 (executor 0) (10/50)
[2025-12-16T03:30:38.753+0000] {subprocess.py:106} INFO - 25/12/16 03:30:38 INFO TaskSetManager: Starting task 25.0 in stage 82.0 (TID 819) (172.18.0.7, executor 0, partition 25, PROCESS_LOCAL, 7356 bytes)
[2025-12-16T03:30:38.754+0000] {subprocess.py:106} INFO - 25/12/16 03:30:38 INFO TaskSetManager: Starting task 26.0 in stage 82.0 (TID 820) (172.18.0.7, executor 0, partition 26, PROCESS_LOCAL, 7356 bytes)
[2025-12-16T03:30:38.755+0000] {subprocess.py:106} INFO - 25/12/16 03:30:38 INFO TaskSetManager: Finished task 10.0 in stage 82.0 (TID 805) in 129 ms on 172.18.0.7 (executor 0) (11/50)
[2025-12-16T03:30:38.756+0000] {subprocess.py:106} INFO - 25/12/16 03:30:38 INFO TaskSetManager: Finished task 13.0 in stage 82.0 (TID 808) in 130 ms on 172.18.0.7 (executor 0) (12/50)
[2025-12-16T03:30:38.759+0000] {subprocess.py:106} INFO - 25/12/16 03:30:38 INFO TaskSetManager: Starting task 27.0 in stage 82.0 (TID 821) (172.18.0.7, executor 0, partition 27, PROCESS_LOCAL, 7356 bytes)
[2025-12-16T03:30:38.761+0000] {subprocess.py:106} INFO - 25/12/16 03:30:38 INFO TaskSetManager: Finished task 7.0 in stage 82.0 (TID 802) in 141 ms on 172.18.0.7 (executor 0) (13/50)
[2025-12-16T03:30:38.762+0000] {subprocess.py:106} INFO - 25/12/16 03:30:38 INFO TaskSetManager: Starting task 28.0 in stage 82.0 (TID 822) (172.18.0.7, executor 0, partition 28, PROCESS_LOCAL, 7356 bytes)
[2025-12-16T03:30:38.763+0000] {subprocess.py:106} INFO - 25/12/16 03:30:38 INFO TaskSetManager: Starting task 29.0 in stage 82.0 (TID 823) (172.18.0.7, executor 0, partition 29, PROCESS_LOCAL, 7356 bytes)
[2025-12-16T03:30:38.764+0000] {subprocess.py:106} INFO - 25/12/16 03:30:38 INFO TaskSetManager: Finished task 6.0 in stage 82.0 (TID 801) in 144 ms on 172.18.0.7 (executor 0) (14/50)
[2025-12-16T03:30:38.766+0000] {subprocess.py:106} INFO - 25/12/16 03:30:38 INFO TaskSetManager: Starting task 30.0 in stage 82.0 (TID 824) (172.18.0.7, executor 0, partition 30, PROCESS_LOCAL, 7356 bytes)
[2025-12-16T03:30:38.767+0000] {subprocess.py:106} INFO - 25/12/16 03:30:38 INFO TaskSetManager: Finished task 0.0 in stage 82.0 (TID 796) in 151 ms on 172.18.0.7 (executor 0) (15/50)
[2025-12-16T03:30:38.769+0000] {subprocess.py:106} INFO - 25/12/16 03:30:38 INFO TaskSetManager: Finished task 11.0 in stage 82.0 (TID 806) in 153 ms on 172.18.0.7 (executor 0) (16/50)
[2025-12-16T03:30:38.796+0000] {subprocess.py:106} INFO - 25/12/16 03:30:38 INFO BlockManagerInfo: Added rdd_228_14 in memory on 172.18.0.7:36801 (size: 46.0 B, free: 434.0 MiB)
[2025-12-16T03:30:38.801+0000] {subprocess.py:106} INFO - 25/12/16 03:30:38 INFO BlockManagerInfo: Added rdd_228_17 in memory on 172.18.0.7:36801 (size: 46.0 B, free: 434.0 MiB)
[2025-12-16T03:30:38.816+0000] {subprocess.py:106} INFO - 25/12/16 03:30:38 INFO BlockManagerInfo: Added rdd_228_20 in memory on 172.18.0.7:36801 (size: 46.0 B, free: 434.0 MiB)
[2025-12-16T03:30:38.823+0000] {subprocess.py:106} INFO - 25/12/16 03:30:38 INFO BlockManagerInfo: Added rdd_228_22 in memory on 172.18.0.7:36801 (size: 46.0 B, free: 434.0 MiB)
[2025-12-16T03:30:38.824+0000] {subprocess.py:106} INFO - 25/12/16 03:30:38 INFO BlockManagerInfo: Added rdd_228_18 in memory on 172.18.0.7:36801 (size: 46.0 B, free: 434.0 MiB)
[2025-12-16T03:30:38.827+0000] {subprocess.py:106} INFO - 25/12/16 03:30:38 INFO BlockManagerInfo: Added rdd_228_25 in memory on 172.18.0.7:36801 (size: 46.0 B, free: 434.0 MiB)
[2025-12-16T03:30:38.828+0000] {subprocess.py:106} INFO - 25/12/16 03:30:38 INFO BlockManagerInfo: Added rdd_228_23 in memory on 172.18.0.7:36801 (size: 46.0 B, free: 434.0 MiB)
[2025-12-16T03:30:38.829+0000] {subprocess.py:106} INFO - 25/12/16 03:30:38 INFO BlockManagerInfo: Added rdd_228_19 in memory on 172.18.0.7:36801 (size: 46.0 B, free: 434.0 MiB)
[2025-12-16T03:30:38.831+0000] {subprocess.py:106} INFO - 25/12/16 03:30:38 INFO BlockManagerInfo: Added rdd_228_15 in memory on 172.18.0.7:36801 (size: 46.0 B, free: 434.0 MiB)
[2025-12-16T03:30:38.832+0000] {subprocess.py:106} INFO - 25/12/16 03:30:38 INFO BlockManagerInfo: Added rdd_228_24 in memory on 172.18.0.7:36801 (size: 46.0 B, free: 434.0 MiB)
[2025-12-16T03:30:38.834+0000] {subprocess.py:106} INFO - 25/12/16 03:30:38 INFO BlockManagerInfo: Added rdd_228_28 in memory on 172.18.0.7:36801 (size: 46.0 B, free: 434.0 MiB)
[2025-12-16T03:30:38.835+0000] {subprocess.py:106} INFO - 25/12/16 03:30:38 INFO TaskSetManager: Starting task 31.0 in stage 82.0 (TID 825) (172.18.0.7, executor 0, partition 31, PROCESS_LOCAL, 7356 bytes)
[2025-12-16T03:30:38.836+0000] {subprocess.py:106} INFO - 25/12/16 03:30:38 INFO TaskSetManager: Starting task 32.0 in stage 82.0 (TID 826) (172.18.0.7, executor 0, partition 32, PROCESS_LOCAL, 7356 bytes)
[2025-12-16T03:30:38.841+0000] {subprocess.py:106} INFO - 25/12/16 03:30:38 INFO BlockManagerInfo: Added rdd_228_29 in memory on 172.18.0.7:36801 (size: 46.0 B, free: 434.0 MiB)
[2025-12-16T03:30:38.843+0000] {subprocess.py:106} INFO - 25/12/16 03:30:38 INFO TaskSetManager: Finished task 17.0 in stage 82.0 (TID 811) in 117 ms on 172.18.0.7 (executor 0) (17/50)
[2025-12-16T03:30:38.845+0000] {subprocess.py:106} INFO - 25/12/16 03:30:38 INFO BlockManagerInfo: Added rdd_228_26 in memory on 172.18.0.7:36801 (size: 46.0 B, free: 434.0 MiB)
[2025-12-16T03:30:38.846+0000] {subprocess.py:106} INFO - 25/12/16 03:30:38 INFO TaskSetManager: Finished task 14.0 in stage 82.0 (TID 809) in 120 ms on 172.18.0.7 (executor 0) (18/50)
[2025-12-16T03:30:38.847+0000] {subprocess.py:106} INFO - 25/12/16 03:30:38 INFO TaskSetManager: Starting task 33.0 in stage 82.0 (TID 827) (172.18.0.7, executor 0, partition 33, PROCESS_LOCAL, 7356 bytes)
[2025-12-16T03:30:38.847+0000] {subprocess.py:106} INFO - 25/12/16 03:30:38 INFO BlockManagerInfo: Added rdd_228_27 in memory on 172.18.0.7:36801 (size: 46.0 B, free: 434.0 MiB)
[2025-12-16T03:30:38.850+0000] {subprocess.py:106} INFO - 25/12/16 03:30:38 INFO TaskSetManager: Starting task 34.0 in stage 82.0 (TID 828) (172.18.0.7, executor 0, partition 34, PROCESS_LOCAL, 7356 bytes)
[2025-12-16T03:30:38.852+0000] {subprocess.py:106} INFO - 25/12/16 03:30:38 INFO TaskSetManager: Starting task 35.0 in stage 82.0 (TID 829) (172.18.0.7, executor 0, partition 35, PROCESS_LOCAL, 7356 bytes)
[2025-12-16T03:30:38.853+0000] {subprocess.py:106} INFO - 25/12/16 03:30:38 INFO TaskSetManager: Finished task 25.0 in stage 82.0 (TID 819) in 110 ms on 172.18.0.7 (executor 0) (19/50)
[2025-12-16T03:30:38.859+0000] {subprocess.py:106} INFO - 25/12/16 03:30:38 INFO TaskSetManager: Finished task 20.0 in stage 82.0 (TID 814) in 125 ms on 172.18.0.7 (executor 0) (20/50)
[2025-12-16T03:30:38.861+0000] {subprocess.py:106} INFO - 25/12/16 03:30:38 INFO TaskSetManager: Finished task 22.0 in stage 82.0 (TID 816) in 115 ms on 172.18.0.7 (executor 0) (21/50)
[2025-12-16T03:30:38.862+0000] {subprocess.py:106} INFO - 25/12/16 03:30:38 INFO BlockManagerInfo: Added rdd_228_21 in memory on 172.18.0.7:36801 (size: 46.0 B, free: 434.0 MiB)
[2025-12-16T03:30:38.875+0000] {subprocess.py:106} INFO - 25/12/16 03:30:38 INFO TaskSetManager: Starting task 36.0 in stage 82.0 (TID 830) (172.18.0.7, executor 0, partition 36, PROCESS_LOCAL, 7356 bytes)
[2025-12-16T03:30:38.879+0000] {subprocess.py:106} INFO - 25/12/16 03:30:38 INFO TaskSetManager: Starting task 37.0 in stage 82.0 (TID 831) (172.18.0.7, executor 0, partition 37, PROCESS_LOCAL, 7356 bytes)
[2025-12-16T03:30:38.880+0000] {subprocess.py:106} INFO - 25/12/16 03:30:38 INFO TaskSetManager: Finished task 23.0 in stage 82.0 (TID 817) in 142 ms on 172.18.0.7 (executor 0) (22/50)
[2025-12-16T03:30:38.881+0000] {subprocess.py:106} INFO - 25/12/16 03:30:38 INFO TaskSetManager: Finished task 28.0 in stage 82.0 (TID 822) in 126 ms on 172.18.0.7 (executor 0) (23/50)
[2025-12-16T03:30:38.884+0000] {subprocess.py:106} INFO - 25/12/16 03:30:38 INFO TaskSetManager: Starting task 38.0 in stage 82.0 (TID 832) (172.18.0.7, executor 0, partition 38, PROCESS_LOCAL, 7356 bytes)
[2025-12-16T03:30:38.886+0000] {subprocess.py:106} INFO - 25/12/16 03:30:38 INFO TaskSetManager: Starting task 39.0 in stage 82.0 (TID 833) (172.18.0.7, executor 0, partition 39, PROCESS_LOCAL, 7356 bytes)
[2025-12-16T03:30:38.889+0000] {subprocess.py:106} INFO - 25/12/16 03:30:38 INFO TaskSetManager: Finished task 15.0 in stage 82.0 (TID 810) in 166 ms on 172.18.0.7 (executor 0) (24/50)
[2025-12-16T03:30:38.891+0000] {subprocess.py:106} INFO - 25/12/16 03:30:38 INFO TaskSetManager: Finished task 18.0 in stage 82.0 (TID 812) in 166 ms on 172.18.0.7 (executor 0) (25/50)
[2025-12-16T03:30:38.892+0000] {subprocess.py:106} INFO - 25/12/16 03:30:38 INFO TaskSetManager: Starting task 40.0 in stage 82.0 (TID 834) (172.18.0.7, executor 0, partition 40, PROCESS_LOCAL, 7356 bytes)
[2025-12-16T03:30:38.893+0000] {subprocess.py:106} INFO - 25/12/16 03:30:38 INFO TaskSetManager: Starting task 41.0 in stage 82.0 (TID 835) (172.18.0.7, executor 0, partition 41, PROCESS_LOCAL, 7356 bytes)
[2025-12-16T03:30:38.895+0000] {subprocess.py:106} INFO - 25/12/16 03:30:38 INFO TaskSetManager: Finished task 24.0 in stage 82.0 (TID 818) in 153 ms on 172.18.0.7 (executor 0) (26/50)
[2025-12-16T03:30:38.895+0000] {subprocess.py:106} INFO - 25/12/16 03:30:38 INFO TaskSetManager: Finished task 26.0 in stage 82.0 (TID 820) in 151 ms on 172.18.0.7 (executor 0) (27/50)
[2025-12-16T03:30:38.896+0000] {subprocess.py:106} INFO - 25/12/16 03:30:38 INFO BlockManagerInfo: Added rdd_228_30 in memory on 172.18.0.7:36801 (size: 46.0 B, free: 434.0 MiB)
[2025-12-16T03:30:38.900+0000] {subprocess.py:106} INFO - 25/12/16 03:30:38 INFO TaskSetManager: Starting task 43.0 in stage 82.0 (TID 836) (172.18.0.7, executor 0, partition 43, PROCESS_LOCAL, 7356 bytes)
[2025-12-16T03:30:38.901+0000] {subprocess.py:106} INFO - 25/12/16 03:30:38 INFO TaskSetManager: Finished task 27.0 in stage 82.0 (TID 821) in 144 ms on 172.18.0.7 (executor 0) (28/50)
[2025-12-16T03:30:38.902+0000] {subprocess.py:106} INFO - 25/12/16 03:30:38 INFO TaskSetManager: Starting task 44.0 in stage 82.0 (TID 837) (172.18.0.7, executor 0, partition 44, PROCESS_LOCAL, 7356 bytes)
[2025-12-16T03:30:38.906+0000] {subprocess.py:106} INFO - 25/12/16 03:30:38 INFO TaskSetManager: Finished task 19.0 in stage 82.0 (TID 813) in 178 ms on 172.18.0.7 (executor 0) (29/50)
[2025-12-16T03:30:38.909+0000] {subprocess.py:106} INFO - 25/12/16 03:30:38 INFO TaskSetManager: Starting task 45.0 in stage 82.0 (TID 838) (172.18.0.7, executor 0, partition 45, PROCESS_LOCAL, 7356 bytes)
[2025-12-16T03:30:38.910+0000] {subprocess.py:106} INFO - 25/12/16 03:30:38 INFO TaskSetManager: Finished task 29.0 in stage 82.0 (TID 823) in 146 ms on 172.18.0.7 (executor 0) (30/50)
[2025-12-16T03:30:38.912+0000] {subprocess.py:106} INFO - 25/12/16 03:30:38 INFO TaskSetManager: Starting task 46.0 in stage 82.0 (TID 839) (172.18.0.7, executor 0, partition 46, PROCESS_LOCAL, 7356 bytes)
[2025-12-16T03:30:38.913+0000] {subprocess.py:106} INFO - 25/12/16 03:30:38 INFO TaskSetManager: Finished task 21.0 in stage 82.0 (TID 815) in 179 ms on 172.18.0.7 (executor 0) (31/50)
[2025-12-16T03:30:38.913+0000] {subprocess.py:106} INFO - 25/12/16 03:30:38 INFO BlockManagerInfo: Added rdd_228_34 in memory on 172.18.0.7:36801 (size: 46.0 B, free: 434.0 MiB)
[2025-12-16T03:30:38.914+0000] {subprocess.py:106} INFO - 25/12/16 03:30:38 INFO BlockManagerInfo: Added rdd_228_31 in memory on 172.18.0.7:36801 (size: 46.0 B, free: 434.0 MiB)
[2025-12-16T03:30:38.925+0000] {subprocess.py:106} INFO - 25/12/16 03:30:38 INFO TaskSetManager: Starting task 47.0 in stage 82.0 (TID 840) (172.18.0.7, executor 0, partition 47, PROCESS_LOCAL, 7356 bytes)
[2025-12-16T03:30:38.926+0000] {subprocess.py:106} INFO - 25/12/16 03:30:38 INFO TaskSetManager: Finished task 30.0 in stage 82.0 (TID 824) in 169 ms on 172.18.0.7 (executor 0) (32/50)
[2025-12-16T03:30:38.955+0000] {subprocess.py:106} INFO - 25/12/16 03:30:38 INFO BlockManagerInfo: Added rdd_228_33 in memory on 172.18.0.7:36801 (size: 46.0 B, free: 434.0 MiB)
[2025-12-16T03:30:38.956+0000] {subprocess.py:106} INFO - 25/12/16 03:30:38 INFO BlockManagerInfo: Added rdd_228_35 in memory on 172.18.0.7:36801 (size: 46.0 B, free: 434.0 MiB)
[2025-12-16T03:30:38.958+0000] {subprocess.py:106} INFO - 25/12/16 03:30:38 INFO TaskSetManager: Starting task 48.0 in stage 82.0 (TID 841) (172.18.0.7, executor 0, partition 48, PROCESS_LOCAL, 7356 bytes)
[2025-12-16T03:30:38.959+0000] {subprocess.py:106} INFO - 25/12/16 03:30:38 INFO TaskSetManager: Starting task 49.0 in stage 82.0 (TID 842) (172.18.0.7, executor 0, partition 49, PROCESS_LOCAL, 7356 bytes)
[2025-12-16T03:30:38.960+0000] {subprocess.py:106} INFO - 25/12/16 03:30:38 INFO TaskSetManager: Finished task 34.0 in stage 82.0 (TID 828) in 115 ms on 172.18.0.7 (executor 0) (33/50)
[2025-12-16T03:30:38.961+0000] {subprocess.py:106} INFO - 25/12/16 03:30:38 INFO TaskSetManager: Finished task 31.0 in stage 82.0 (TID 825) in 131 ms on 172.18.0.7 (executor 0) (34/50)
[2025-12-16T03:30:38.982+0000] {subprocess.py:106} INFO - 25/12/16 03:30:38 INFO BlockManagerInfo: Added rdd_228_36 in memory on 172.18.0.7:36801 (size: 46.0 B, free: 434.0 MiB)
[2025-12-16T03:30:38.984+0000] {subprocess.py:106} INFO - 25/12/16 03:30:38 INFO BlockManagerInfo: Added rdd_228_43 in memory on 172.18.0.7:36801 (size: 46.0 B, free: 434.0 MiB)
[2025-12-16T03:30:38.986+0000] {subprocess.py:106} INFO - 25/12/16 03:30:38 INFO BlockManagerInfo: Added rdd_228_38 in memory on 172.18.0.7:36801 (size: 46.0 B, free: 434.0 MiB)
[2025-12-16T03:30:38.987+0000] {subprocess.py:106} INFO - 25/12/16 03:30:38 INFO BlockManagerInfo: Added rdd_228_41 in memory on 172.18.0.7:36801 (size: 46.0 B, free: 434.0 MiB)
[2025-12-16T03:30:39.010+0000] {subprocess.py:106} INFO - 25/12/16 03:30:39 INFO BlockManagerInfo: Added rdd_228_39 in memory on 172.18.0.7:36801 (size: 46.0 B, free: 434.0 MiB)
[2025-12-16T03:30:39.015+0000] {subprocess.py:106} INFO - 25/12/16 03:30:39 INFO BlockManagerInfo: Added rdd_228_32 in memory on 172.18.0.7:36801 (size: 46.0 B, free: 434.0 MiB)
[2025-12-16T03:30:39.020+0000] {subprocess.py:106} INFO - 25/12/16 03:30:39 INFO TaskSetManager: Finished task 33.0 in stage 82.0 (TID 827) in 173 ms on 172.18.0.7 (executor 0) (35/50)
[2025-12-16T03:30:39.025+0000] {subprocess.py:106} INFO - 25/12/16 03:30:39 INFO BlockManagerInfo: Added rdd_228_44 in memory on 172.18.0.7:36801 (size: 46.0 B, free: 434.0 MiB)
[2025-12-16T03:30:39.031+0000] {subprocess.py:106} INFO - 25/12/16 03:30:39 INFO TaskSetManager: Finished task 35.0 in stage 82.0 (TID 829) in 180 ms on 172.18.0.7 (executor 0) (36/50)
[2025-12-16T03:30:39.037+0000] {subprocess.py:106} INFO - 25/12/16 03:30:39 INFO BlockManagerInfo: Added rdd_228_37 in memory on 172.18.0.7:36801 (size: 46.0 B, free: 434.0 MiB)
[2025-12-16T03:30:39.040+0000] {subprocess.py:106} INFO - 25/12/16 03:30:39 INFO TaskSetManager: Finished task 41.0 in stage 82.0 (TID 835) in 148 ms on 172.18.0.7 (executor 0) (37/50)
[2025-12-16T03:30:39.042+0000] {subprocess.py:106} INFO - 25/12/16 03:30:39 INFO BlockManagerInfo: Added rdd_228_40 in memory on 172.18.0.7:36801 (size: 46.0 B, free: 434.0 MiB)
[2025-12-16T03:30:39.043+0000] {subprocess.py:106} INFO - 25/12/16 03:30:39 INFO TaskSetManager: Finished task 43.0 in stage 82.0 (TID 836) in 148 ms on 172.18.0.7 (executor 0) (38/50)
[2025-12-16T03:30:39.045+0000] {subprocess.py:106} INFO - 25/12/16 03:30:39 INFO TaskSetManager: Finished task 36.0 in stage 82.0 (TID 830) in 167 ms on 172.18.0.7 (executor 0) (39/50)
[2025-12-16T03:30:39.046+0000] {subprocess.py:106} INFO - 25/12/16 03:30:39 INFO BlockManagerInfo: Added rdd_228_46 in memory on 172.18.0.7:36801 (size: 46.0 B, free: 434.0 MiB)
[2025-12-16T03:30:39.047+0000] {subprocess.py:106} INFO - 25/12/16 03:30:39 INFO TaskSetManager: Finished task 38.0 in stage 82.0 (TID 832) in 166 ms on 172.18.0.7 (executor 0) (40/50)
[2025-12-16T03:30:39.052+0000] {subprocess.py:106} INFO - 25/12/16 03:30:39 INFO TaskSetManager: Finished task 39.0 in stage 82.0 (TID 833) in 173 ms on 172.18.0.7 (executor 0) (41/50)
[2025-12-16T03:30:39.054+0000] {subprocess.py:106} INFO - 25/12/16 03:30:39 INFO BlockManagerInfo: Added rdd_228_47 in memory on 172.18.0.7:36801 (size: 46.0 B, free: 434.0 MiB)
[2025-12-16T03:30:39.061+0000] {subprocess.py:106} INFO - 25/12/16 03:30:39 INFO TaskSetManager: Finished task 32.0 in stage 82.0 (TID 826) in 223 ms on 172.18.0.7 (executor 0) (42/50)
[2025-12-16T03:30:39.062+0000] {subprocess.py:106} INFO - 25/12/16 03:30:39 INFO BlockManagerInfo: Added rdd_228_45 in memory on 172.18.0.7:36801 (size: 46.0 B, free: 434.0 MiB)
[2025-12-16T03:30:39.063+0000] {subprocess.py:106} INFO - 25/12/16 03:30:39 INFO TaskSetManager: Finished task 44.0 in stage 82.0 (TID 837) in 163 ms on 172.18.0.7 (executor 0) (43/50)
[2025-12-16T03:30:39.064+0000] {subprocess.py:106} INFO - 25/12/16 03:30:39 INFO BlockManagerInfo: Added rdd_228_48 in memory on 172.18.0.7:36801 (size: 46.0 B, free: 434.0 MiB)
[2025-12-16T03:30:39.065+0000] {subprocess.py:106} INFO - 25/12/16 03:30:39 INFO TaskSetManager: Finished task 37.0 in stage 82.0 (TID 831) in 186 ms on 172.18.0.7 (executor 0) (44/50)
[2025-12-16T03:30:39.067+0000] {subprocess.py:106} INFO - 25/12/16 03:30:39 INFO TaskSetManager: Finished task 40.0 in stage 82.0 (TID 834) in 183 ms on 172.18.0.7 (executor 0) (45/50)
[2025-12-16T03:30:39.068+0000] {subprocess.py:106} INFO - 25/12/16 03:30:39 INFO TaskSetManager: Finished task 46.0 in stage 82.0 (TID 839) in 162 ms on 172.18.0.7 (executor 0) (46/50)
[2025-12-16T03:30:39.070+0000] {subprocess.py:106} INFO - 25/12/16 03:30:39 INFO BlockManagerInfo: Added rdd_228_49 in memory on 172.18.0.7:36801 (size: 46.0 B, free: 434.0 MiB)
[2025-12-16T03:30:39.078+0000] {subprocess.py:106} INFO - 25/12/16 03:30:39 INFO TaskSetManager: Finished task 47.0 in stage 82.0 (TID 840) in 154 ms on 172.18.0.7 (executor 0) (47/50)
[2025-12-16T03:30:39.080+0000] {subprocess.py:106} INFO - 25/12/16 03:30:39 INFO TaskSetManager: Finished task 45.0 in stage 82.0 (TID 838) in 186 ms on 172.18.0.7 (executor 0) (48/50)
[2025-12-16T03:30:39.081+0000] {subprocess.py:106} INFO - 25/12/16 03:30:39 INFO TaskSetManager: Finished task 48.0 in stage 82.0 (TID 841) in 124 ms on 172.18.0.7 (executor 0) (49/50)
[2025-12-16T03:30:39.091+0000] {subprocess.py:106} INFO - 25/12/16 03:30:39 INFO TaskSetManager: Finished task 49.0 in stage 82.0 (TID 842) in 132 ms on 172.18.0.7 (executor 0) (50/50)
[2025-12-16T03:30:39.092+0000] {subprocess.py:106} INFO - 25/12/16 03:30:39 INFO TaskSchedulerImpl: Removed TaskSet 82.0, whose tasks have all completed, from pool
[2025-12-16T03:30:39.093+0000] {subprocess.py:106} INFO - 25/12/16 03:30:39 INFO DAGScheduler: ShuffleMapStage 82 ($anonfun$recordDeltaOperationInternal$1 at DatabricksLogging.scala:128) finished in 0.501 s
[2025-12-16T03:30:39.094+0000] {subprocess.py:106} INFO - 25/12/16 03:30:39 INFO DAGScheduler: looking for newly runnable stages
[2025-12-16T03:30:39.095+0000] {subprocess.py:106} INFO - 25/12/16 03:30:39 INFO DAGScheduler: running: Set()
[2025-12-16T03:30:39.096+0000] {subprocess.py:106} INFO - 25/12/16 03:30:39 INFO DAGScheduler: waiting: Set()
[2025-12-16T03:30:39.097+0000] {subprocess.py:106} INFO - 25/12/16 03:30:39 INFO DAGScheduler: failed: Set()
[2025-12-16T03:30:39.132+0000] {subprocess.py:106} INFO - 25/12/16 03:30:39 INFO SparkContext: Starting job: $anonfun$recordDeltaOperationInternal$1 at DatabricksLogging.scala:128
[2025-12-16T03:30:39.133+0000] {subprocess.py:106} INFO - 25/12/16 03:30:39 INFO DAGScheduler: Got job 49 ($anonfun$recordDeltaOperationInternal$1 at DatabricksLogging.scala:128) with 1 output partitions
[2025-12-16T03:30:39.134+0000] {subprocess.py:106} INFO - 25/12/16 03:30:39 INFO DAGScheduler: Final stage: ResultStage 85 ($anonfun$recordDeltaOperationInternal$1 at DatabricksLogging.scala:128)
[2025-12-16T03:30:39.135+0000] {subprocess.py:106} INFO - 25/12/16 03:30:39 INFO DAGScheduler: Parents of final stage: List(ShuffleMapStage 84)
[2025-12-16T03:30:39.136+0000] {subprocess.py:106} INFO - 25/12/16 03:30:39 INFO DAGScheduler: Missing parents: List()
[2025-12-16T03:30:39.136+0000] {subprocess.py:106} INFO - 25/12/16 03:30:39 INFO DAGScheduler: Submitting ResultStage 85 (MapPartitionsRDD[234] at $anonfun$recordDeltaOperationInternal$1 at DatabricksLogging.scala:128), which has no missing parents
[2025-12-16T03:30:39.141+0000] {subprocess.py:106} INFO - 25/12/16 03:30:39 INFO MemoryStore: Block broadcast_83 stored as values in memory (estimated size 452.4 KiB, free 429.9 MiB)
[2025-12-16T03:30:39.144+0000] {subprocess.py:106} INFO - 25/12/16 03:30:39 INFO MemoryStore: Block broadcast_83_piece0 stored as bytes in memory (estimated size 108.1 KiB, free 429.8 MiB)
[2025-12-16T03:30:39.145+0000] {subprocess.py:106} INFO - 25/12/16 03:30:39 INFO BlockManagerInfo: Added broadcast_83_piece0 in memory on 3ad9a82189be:39783 (size: 108.1 KiB, free: 433.7 MiB)
[2025-12-16T03:30:39.146+0000] {subprocess.py:106} INFO - 25/12/16 03:30:39 INFO SparkContext: Created broadcast 83 from broadcast at DAGScheduler.scala:1535
[2025-12-16T03:30:39.147+0000] {subprocess.py:106} INFO - 25/12/16 03:30:39 INFO DAGScheduler: Submitting 1 missing tasks from ResultStage 85 (MapPartitionsRDD[234] at $anonfun$recordDeltaOperationInternal$1 at DatabricksLogging.scala:128) (first 15 tasks are for partitions Vector(0))
[2025-12-16T03:30:39.147+0000] {subprocess.py:106} INFO - 25/12/16 03:30:39 INFO TaskSchedulerImpl: Adding task set 85.0 with 1 tasks resource profile 0
[2025-12-16T03:30:39.148+0000] {subprocess.py:106} INFO - 25/12/16 03:30:39 INFO TaskSetManager: Starting task 0.0 in stage 85.0 (TID 843) (172.18.0.7, executor 0, partition 0, NODE_LOCAL, 7367 bytes)
[2025-12-16T03:30:39.158+0000] {subprocess.py:106} INFO - 25/12/16 03:30:39 INFO BlockManagerInfo: Added broadcast_83_piece0 in memory on 172.18.0.7:36801 (size: 108.1 KiB, free: 433.9 MiB)
[2025-12-16T03:30:39.168+0000] {subprocess.py:106} INFO - 25/12/16 03:30:39 INFO MapOutputTrackerMasterEndpoint: Asked to send map output locations for shuffle 19 to 172.18.0.7:43148
[2025-12-16T03:30:39.194+0000] {subprocess.py:106} INFO - 25/12/16 03:30:39 INFO TaskSetManager: Finished task 0.0 in stage 85.0 (TID 843) in 47 ms on 172.18.0.7 (executor 0) (1/1)
[2025-12-16T03:30:39.195+0000] {subprocess.py:106} INFO - 25/12/16 03:30:39 INFO TaskSchedulerImpl: Removed TaskSet 85.0, whose tasks have all completed, from pool
[2025-12-16T03:30:39.196+0000] {subprocess.py:106} INFO - 25/12/16 03:30:39 INFO DAGScheduler: ResultStage 85 ($anonfun$recordDeltaOperationInternal$1 at DatabricksLogging.scala:128) finished in 0.061 s
[2025-12-16T03:30:39.197+0000] {subprocess.py:106} INFO - 25/12/16 03:30:39 INFO DAGScheduler: Job 49 is finished. Cancelling potential speculative or zombie tasks for this job
[2025-12-16T03:30:39.198+0000] {subprocess.py:106} INFO - 25/12/16 03:30:39 INFO TaskSchedulerImpl: Killing all running tasks in stage 85: Stage finished
[2025-12-16T03:30:39.199+0000] {subprocess.py:106} INFO - 25/12/16 03:30:39 INFO DAGScheduler: Job 49 finished: $anonfun$recordDeltaOperationInternal$1 at DatabricksLogging.scala:128, took 0.063757 s
[2025-12-16T03:30:39.205+0000] {subprocess.py:106} INFO - 25/12/16 03:30:39 INFO Snapshot: [tableId=c9acc475-943f-4af6-9014-0536f2724871] DELTA: Done
[2025-12-16T03:30:39.306+0000] {subprocess.py:106} INFO - 25/12/16 03:30:39 INFO BlockManagerInfo: Removed broadcast_83_piece0 on 3ad9a82189be:39783 in memory (size: 108.1 KiB, free: 433.8 MiB)
[2025-12-16T03:30:39.307+0000] {subprocess.py:106} INFO - 25/12/16 03:30:39 INFO BlockManagerInfo: Removed broadcast_83_piece0 on 172.18.0.7:36801 in memory (size: 108.1 KiB, free: 434.0 MiB)
[2025-12-16T03:30:39.311+0000] {subprocess.py:106} INFO - 25/12/16 03:30:39 INFO BlockManagerInfo: Removed broadcast_82_piece0 on 3ad9a82189be:39783 in memory (size: 123.3 KiB, free: 433.9 MiB)
[2025-12-16T03:30:39.312+0000] {subprocess.py:106} INFO - 25/12/16 03:30:39 INFO BlockManagerInfo: Removed broadcast_82_piece0 on 172.18.0.7:36801 in memory (size: 123.3 KiB, free: 434.1 MiB)
[2025-12-16T03:30:39.322+0000] {subprocess.py:106} INFO - 25/12/16 03:30:39 INFO SparkContext: Starting job: $anonfun$recordDeltaOperationInternal$1 at DatabricksLogging.scala:128
[2025-12-16T03:30:39.323+0000] {subprocess.py:106} INFO - 25/12/16 03:30:39 INFO DAGScheduler: Got job 50 ($anonfun$recordDeltaOperationInternal$1 at DatabricksLogging.scala:128) with 50 output partitions
[2025-12-16T03:30:39.323+0000] {subprocess.py:106} INFO - 25/12/16 03:30:39 INFO DAGScheduler: Final stage: ResultStage 87 ($anonfun$recordDeltaOperationInternal$1 at DatabricksLogging.scala:128)
[2025-12-16T03:30:39.324+0000] {subprocess.py:106} INFO - 25/12/16 03:30:39 INFO DAGScheduler: Parents of final stage: List(ShuffleMapStage 86)
[2025-12-16T03:30:39.325+0000] {subprocess.py:106} INFO - 25/12/16 03:30:39 INFO DAGScheduler: Missing parents: List()
[2025-12-16T03:30:39.325+0000] {subprocess.py:106} INFO - 25/12/16 03:30:39 INFO DAGScheduler: Submitting ResultStage 87 (MapPartitionsRDD[236] at $anonfun$recordDeltaOperationInternal$1 at DatabricksLogging.scala:128), which has no missing parents
[2025-12-16T03:30:39.329+0000] {subprocess.py:106} INFO - 25/12/16 03:30:39 INFO MemoryStore: Block broadcast_84 stored as values in memory (estimated size 592.3 KiB, free 430.4 MiB)
[2025-12-16T03:30:39.331+0000] {subprocess.py:106} INFO - 25/12/16 03:30:39 INFO MemoryStore: Block broadcast_84_piece0 stored as bytes in memory (estimated size 138.6 KiB, free 430.3 MiB)
[2025-12-16T03:30:39.332+0000] {subprocess.py:106} INFO - 25/12/16 03:30:39 INFO BlockManagerInfo: Added broadcast_84_piece0 in memory on 3ad9a82189be:39783 (size: 138.6 KiB, free: 433.8 MiB)
[2025-12-16T03:30:39.333+0000] {subprocess.py:106} INFO - 25/12/16 03:30:39 INFO SparkContext: Created broadcast 84 from broadcast at DAGScheduler.scala:1535
[2025-12-16T03:30:39.333+0000] {subprocess.py:106} INFO - 25/12/16 03:30:39 INFO DAGScheduler: Submitting 50 missing tasks from ResultStage 87 (MapPartitionsRDD[236] at $anonfun$recordDeltaOperationInternal$1 at DatabricksLogging.scala:128) (first 15 tasks are for partitions Vector(0, 1, 2, 3, 4, 5, 6, 7, 8, 9, 10, 11, 12, 13, 14))
[2025-12-16T03:30:39.334+0000] {subprocess.py:106} INFO - 25/12/16 03:30:39 INFO TaskSchedulerImpl: Adding task set 87.0 with 50 tasks resource profile 0
[2025-12-16T03:30:39.335+0000] {subprocess.py:106} INFO - 25/12/16 03:30:39 INFO TaskSetManager: Starting task 0.0 in stage 87.0 (TID 844) (172.18.0.7, executor 0, partition 0, PROCESS_LOCAL, 7367 bytes)
[2025-12-16T03:30:39.336+0000] {subprocess.py:106} INFO - 25/12/16 03:30:39 INFO TaskSetManager: Starting task 1.0 in stage 87.0 (TID 845) (172.18.0.7, executor 0, partition 1, PROCESS_LOCAL, 7367 bytes)
[2025-12-16T03:30:39.337+0000] {subprocess.py:106} INFO - 25/12/16 03:30:39 INFO TaskSetManager: Starting task 2.0 in stage 87.0 (TID 846) (172.18.0.7, executor 0, partition 2, PROCESS_LOCAL, 7367 bytes)
[2025-12-16T03:30:39.337+0000] {subprocess.py:106} INFO - 25/12/16 03:30:39 INFO TaskSetManager: Starting task 3.0 in stage 87.0 (TID 847) (172.18.0.7, executor 0, partition 3, PROCESS_LOCAL, 7367 bytes)
[2025-12-16T03:30:39.338+0000] {subprocess.py:106} INFO - 25/12/16 03:30:39 INFO TaskSetManager: Starting task 4.0 in stage 87.0 (TID 848) (172.18.0.7, executor 0, partition 4, PROCESS_LOCAL, 7367 bytes)
[2025-12-16T03:30:39.339+0000] {subprocess.py:106} INFO - 25/12/16 03:30:39 INFO TaskSetManager: Starting task 5.0 in stage 87.0 (TID 849) (172.18.0.7, executor 0, partition 5, PROCESS_LOCAL, 7367 bytes)
[2025-12-16T03:30:39.340+0000] {subprocess.py:106} INFO - 25/12/16 03:30:39 INFO TaskSetManager: Starting task 6.0 in stage 87.0 (TID 850) (172.18.0.7, executor 0, partition 6, PROCESS_LOCAL, 7367 bytes)
[2025-12-16T03:30:39.340+0000] {subprocess.py:106} INFO - 25/12/16 03:30:39 INFO TaskSetManager: Starting task 7.0 in stage 87.0 (TID 851) (172.18.0.7, executor 0, partition 7, PROCESS_LOCAL, 7367 bytes)
[2025-12-16T03:30:39.341+0000] {subprocess.py:106} INFO - 25/12/16 03:30:39 INFO TaskSetManager: Starting task 8.0 in stage 87.0 (TID 852) (172.18.0.7, executor 0, partition 8, PROCESS_LOCAL, 7367 bytes)
[2025-12-16T03:30:39.341+0000] {subprocess.py:106} INFO - 25/12/16 03:30:39 INFO TaskSetManager: Starting task 9.0 in stage 87.0 (TID 853) (172.18.0.7, executor 0, partition 9, PROCESS_LOCAL, 7367 bytes)
[2025-12-16T03:30:39.342+0000] {subprocess.py:106} INFO - 25/12/16 03:30:39 INFO TaskSetManager: Starting task 10.0 in stage 87.0 (TID 854) (172.18.0.7, executor 0, partition 10, PROCESS_LOCAL, 7367 bytes)
[2025-12-16T03:30:39.342+0000] {subprocess.py:106} INFO - 25/12/16 03:30:39 INFO TaskSetManager: Starting task 11.0 in stage 87.0 (TID 855) (172.18.0.7, executor 0, partition 11, PROCESS_LOCAL, 7367 bytes)
[2025-12-16T03:30:39.343+0000] {subprocess.py:106} INFO - 25/12/16 03:30:39 INFO TaskSetManager: Starting task 12.0 in stage 87.0 (TID 856) (172.18.0.7, executor 0, partition 12, PROCESS_LOCAL, 7367 bytes)
[2025-12-16T03:30:39.343+0000] {subprocess.py:106} INFO - 25/12/16 03:30:39 INFO TaskSetManager: Starting task 13.0 in stage 87.0 (TID 857) (172.18.0.7, executor 0, partition 13, PROCESS_LOCAL, 7367 bytes)
[2025-12-16T03:30:39.344+0000] {subprocess.py:106} INFO - 25/12/16 03:30:39 INFO TaskSetManager: Starting task 14.0 in stage 87.0 (TID 858) (172.18.0.7, executor 0, partition 14, PROCESS_LOCAL, 7367 bytes)
[2025-12-16T03:30:39.344+0000] {subprocess.py:106} INFO - 25/12/16 03:30:39 INFO TaskSetManager: Starting task 15.0 in stage 87.0 (TID 859) (172.18.0.7, executor 0, partition 15, PROCESS_LOCAL, 7367 bytes)
[2025-12-16T03:30:39.347+0000] {subprocess.py:106} INFO - 25/12/16 03:30:39 INFO BlockManagerInfo: Added broadcast_84_piece0 in memory on 172.18.0.7:36801 (size: 138.6 KiB, free: 434.0 MiB)
[2025-12-16T03:30:39.363+0000] {subprocess.py:106} INFO - 25/12/16 03:30:39 INFO TaskSetManager: Starting task 16.0 in stage 87.0 (TID 860) (172.18.0.7, executor 0, partition 16, PROCESS_LOCAL, 7367 bytes)
[2025-12-16T03:30:39.364+0000] {subprocess.py:106} INFO - 25/12/16 03:30:39 INFO TaskSetManager: Starting task 17.0 in stage 87.0 (TID 861) (172.18.0.7, executor 0, partition 17, PROCESS_LOCAL, 7367 bytes)
[2025-12-16T03:30:39.366+0000] {subprocess.py:106} INFO - 25/12/16 03:30:39 INFO TaskSetManager: Finished task 8.0 in stage 87.0 (TID 852) in 28 ms on 172.18.0.7 (executor 0) (1/50)
[2025-12-16T03:30:39.367+0000] {subprocess.py:106} INFO - 25/12/16 03:30:39 INFO TaskSetManager: Starting task 18.0 in stage 87.0 (TID 862) (172.18.0.7, executor 0, partition 18, PROCESS_LOCAL, 7367 bytes)
[2025-12-16T03:30:39.370+0000] {subprocess.py:106} INFO - 25/12/16 03:30:39 INFO TaskSetManager: Finished task 5.0 in stage 87.0 (TID 849) in 30 ms on 172.18.0.7 (executor 0) (2/50)
[2025-12-16T03:30:39.371+0000] {subprocess.py:106} INFO - 25/12/16 03:30:39 INFO TaskSetManager: Finished task 1.0 in stage 87.0 (TID 845) in 30 ms on 172.18.0.7 (executor 0) (3/50)
[2025-12-16T03:30:39.372+0000] {subprocess.py:106} INFO - 25/12/16 03:30:39 INFO TaskSetManager: Finished task 9.0 in stage 87.0 (TID 853) in 28 ms on 172.18.0.7 (executor 0) (4/50)
[2025-12-16T03:30:39.373+0000] {subprocess.py:106} INFO - 25/12/16 03:30:39 INFO TaskSetManager: Starting task 19.0 in stage 87.0 (TID 863) (172.18.0.7, executor 0, partition 19, PROCESS_LOCAL, 7367 bytes)
[2025-12-16T03:30:39.374+0000] {subprocess.py:106} INFO - 25/12/16 03:30:39 INFO TaskSetManager: Starting task 20.0 in stage 87.0 (TID 864) (172.18.0.7, executor 0, partition 20, PROCESS_LOCAL, 7367 bytes)
[2025-12-16T03:30:39.376+0000] {subprocess.py:106} INFO - 25/12/16 03:30:39 INFO TaskSetManager: Starting task 21.0 in stage 87.0 (TID 865) (172.18.0.7, executor 0, partition 21, PROCESS_LOCAL, 7367 bytes)
[2025-12-16T03:30:39.377+0000] {subprocess.py:106} INFO - 25/12/16 03:30:39 INFO TaskSetManager: Finished task 11.0 in stage 87.0 (TID 855) in 31 ms on 172.18.0.7 (executor 0) (5/50)
[2025-12-16T03:30:39.377+0000] {subprocess.py:106} INFO - 25/12/16 03:30:39 INFO TaskSetManager: Finished task 2.0 in stage 87.0 (TID 846) in 33 ms on 172.18.0.7 (executor 0) (6/50)
[2025-12-16T03:30:39.380+0000] {subprocess.py:106} INFO - 25/12/16 03:30:39 INFO TaskSetManager: Starting task 22.0 in stage 87.0 (TID 866) (172.18.0.7, executor 0, partition 22, PROCESS_LOCAL, 7367 bytes)
[2025-12-16T03:30:39.381+0000] {subprocess.py:106} INFO - 25/12/16 03:30:39 INFO TaskSetManager: Starting task 23.0 in stage 87.0 (TID 867) (172.18.0.7, executor 0, partition 23, PROCESS_LOCAL, 7367 bytes)
[2025-12-16T03:30:39.382+0000] {subprocess.py:106} INFO - 25/12/16 03:30:39 INFO TaskSetManager: Finished task 6.0 in stage 87.0 (TID 850) in 33 ms on 172.18.0.7 (executor 0) (7/50)
[2025-12-16T03:30:39.383+0000] {subprocess.py:106} INFO - 25/12/16 03:30:39 INFO TaskSetManager: Starting task 24.0 in stage 87.0 (TID 868) (172.18.0.7, executor 0, partition 24, PROCESS_LOCAL, 7367 bytes)
[2025-12-16T03:30:39.384+0000] {subprocess.py:106} INFO - 25/12/16 03:30:39 INFO TaskSetManager: Starting task 25.0 in stage 87.0 (TID 869) (172.18.0.7, executor 0, partition 25, PROCESS_LOCAL, 7367 bytes)
[2025-12-16T03:30:39.386+0000] {subprocess.py:106} INFO - 25/12/16 03:30:39 INFO TaskSetManager: Finished task 3.0 in stage 87.0 (TID 847) in 35 ms on 172.18.0.7 (executor 0) (8/50)
[2025-12-16T03:30:39.387+0000] {subprocess.py:106} INFO - 25/12/16 03:30:39 INFO TaskSetManager: Starting task 26.0 in stage 87.0 (TID 870) (172.18.0.7, executor 0, partition 26, PROCESS_LOCAL, 7367 bytes)
[2025-12-16T03:30:39.388+0000] {subprocess.py:106} INFO - 25/12/16 03:30:39 INFO TaskSetManager: Starting task 27.0 in stage 87.0 (TID 871) (172.18.0.7, executor 0, partition 27, PROCESS_LOCAL, 7367 bytes)
[2025-12-16T03:30:39.389+0000] {subprocess.py:106} INFO - 25/12/16 03:30:39 INFO TaskSetManager: Starting task 28.0 in stage 87.0 (TID 872) (172.18.0.7, executor 0, partition 28, PROCESS_LOCAL, 7367 bytes)
[2025-12-16T03:30:39.390+0000] {subprocess.py:106} INFO - 25/12/16 03:30:39 INFO TaskSetManager: Finished task 7.0 in stage 87.0 (TID 851) in 35 ms on 172.18.0.7 (executor 0) (9/50)
[2025-12-16T03:30:39.390+0000] {subprocess.py:106} INFO - 25/12/16 03:30:39 INFO TaskSetManager: Starting task 29.0 in stage 87.0 (TID 873) (172.18.0.7, executor 0, partition 29, PROCESS_LOCAL, 7367 bytes)
[2025-12-16T03:30:39.391+0000] {subprocess.py:106} INFO - 25/12/16 03:30:39 INFO TaskSetManager: Starting task 30.0 in stage 87.0 (TID 874) (172.18.0.7, executor 0, partition 30, PROCESS_LOCAL, 7367 bytes)
[2025-12-16T03:30:39.392+0000] {subprocess.py:106} INFO - 25/12/16 03:30:39 INFO TaskSetManager: Finished task 14.0 in stage 87.0 (TID 858) in 35 ms on 172.18.0.7 (executor 0) (10/50)
[2025-12-16T03:30:39.393+0000] {subprocess.py:106} INFO - 25/12/16 03:30:39 INFO TaskSetManager: Finished task 0.0 in stage 87.0 (TID 844) in 38 ms on 172.18.0.7 (executor 0) (11/50)
[2025-12-16T03:30:39.394+0000] {subprocess.py:106} INFO - 25/12/16 03:30:39 INFO TaskSetManager: Finished task 15.0 in stage 87.0 (TID 859) in 35 ms on 172.18.0.7 (executor 0) (12/50)
[2025-12-16T03:30:39.394+0000] {subprocess.py:106} INFO - 25/12/16 03:30:39 INFO TaskSetManager: Finished task 10.0 in stage 87.0 (TID 854) in 36 ms on 172.18.0.7 (executor 0) (13/50)
[2025-12-16T03:30:39.395+0000] {subprocess.py:106} INFO - 25/12/16 03:30:39 INFO TaskSetManager: Finished task 13.0 in stage 87.0 (TID 857) in 36 ms on 172.18.0.7 (executor 0) (14/50)
[2025-12-16T03:30:39.397+0000] {subprocess.py:106} INFO - 25/12/16 03:30:39 INFO TaskSetManager: Finished task 12.0 in stage 87.0 (TID 856) in 37 ms on 172.18.0.7 (executor 0) (15/50)
[2025-12-16T03:30:39.398+0000] {subprocess.py:106} INFO - 25/12/16 03:30:39 INFO TaskSetManager: Starting task 31.0 in stage 87.0 (TID 875) (172.18.0.7, executor 0, partition 31, PROCESS_LOCAL, 7367 bytes)
[2025-12-16T03:30:39.399+0000] {subprocess.py:106} INFO - 25/12/16 03:30:39 INFO TaskSetManager: Finished task 4.0 in stage 87.0 (TID 848) in 56 ms on 172.18.0.7 (executor 0) (16/50)
[2025-12-16T03:30:39.403+0000] {subprocess.py:106} INFO - 25/12/16 03:30:39 INFO TaskSetManager: Starting task 32.0 in stage 87.0 (TID 876) (172.18.0.7, executor 0, partition 32, PROCESS_LOCAL, 7367 bytes)
[2025-12-16T03:30:39.405+0000] {subprocess.py:106} INFO - 25/12/16 03:30:39 INFO TaskSetManager: Finished task 20.0 in stage 87.0 (TID 864) in 29 ms on 172.18.0.7 (executor 0) (17/50)
[2025-12-16T03:30:39.406+0000] {subprocess.py:106} INFO - 25/12/16 03:30:39 INFO TaskSetManager: Starting task 33.0 in stage 87.0 (TID 877) (172.18.0.7, executor 0, partition 33, PROCESS_LOCAL, 7367 bytes)
[2025-12-16T03:30:39.407+0000] {subprocess.py:106} INFO - 25/12/16 03:30:39 INFO TaskSetManager: Finished task 17.0 in stage 87.0 (TID 861) in 34 ms on 172.18.0.7 (executor 0) (18/50)
[2025-12-16T03:30:39.408+0000] {subprocess.py:106} INFO - 25/12/16 03:30:39 INFO TaskSetManager: Starting task 34.0 in stage 87.0 (TID 878) (172.18.0.7, executor 0, partition 34, PROCESS_LOCAL, 7367 bytes)
[2025-12-16T03:30:39.409+0000] {subprocess.py:106} INFO - 25/12/16 03:30:39 INFO TaskSetManager: Finished task 19.0 in stage 87.0 (TID 863) in 32 ms on 172.18.0.7 (executor 0) (19/50)
[2025-12-16T03:30:39.409+0000] {subprocess.py:106} INFO - 25/12/16 03:30:39 INFO TaskSetManager: Starting task 35.0 in stage 87.0 (TID 879) (172.18.0.7, executor 0, partition 35, PROCESS_LOCAL, 7367 bytes)
[2025-12-16T03:30:39.411+0000] {subprocess.py:106} INFO - 25/12/16 03:30:39 INFO TaskSetManager: Starting task 36.0 in stage 87.0 (TID 880) (172.18.0.7, executor 0, partition 36, PROCESS_LOCAL, 7367 bytes)
[2025-12-16T03:30:39.414+0000] {subprocess.py:106} INFO - 25/12/16 03:30:39 INFO TaskSetManager: Finished task 23.0 in stage 87.0 (TID 867) in 31 ms on 172.18.0.7 (executor 0) (20/50)
[2025-12-16T03:30:39.415+0000] {subprocess.py:106} INFO - 25/12/16 03:30:39 INFO TaskSetManager: Finished task 27.0 in stage 87.0 (TID 871) in 29 ms on 172.18.0.7 (executor 0) (21/50)
[2025-12-16T03:30:39.416+0000] {subprocess.py:106} INFO - 25/12/16 03:30:39 INFO TaskSetManager: Starting task 37.0 in stage 87.0 (TID 881) (172.18.0.7, executor 0, partition 37, PROCESS_LOCAL, 7367 bytes)
[2025-12-16T03:30:39.417+0000] {subprocess.py:106} INFO - 25/12/16 03:30:39 INFO TaskSetManager: Finished task 24.0 in stage 87.0 (TID 868) in 32 ms on 172.18.0.7 (executor 0) (22/50)
[2025-12-16T03:30:39.417+0000] {subprocess.py:106} INFO - 25/12/16 03:30:39 INFO TaskSetManager: Starting task 38.0 in stage 87.0 (TID 882) (172.18.0.7, executor 0, partition 38, PROCESS_LOCAL, 7367 bytes)
[2025-12-16T03:30:39.418+0000] {subprocess.py:106} INFO - 25/12/16 03:30:39 INFO TaskSetManager: Starting task 39.0 in stage 87.0 (TID 883) (172.18.0.7, executor 0, partition 39, PROCESS_LOCAL, 7367 bytes)
[2025-12-16T03:30:39.419+0000] {subprocess.py:106} INFO - 25/12/16 03:30:39 INFO TaskSetManager: Finished task 18.0 in stage 87.0 (TID 862) in 38 ms on 172.18.0.7 (executor 0) (23/50)
[2025-12-16T03:30:39.421+0000] {subprocess.py:106} INFO - 25/12/16 03:30:39 INFO TaskSetManager: Finished task 26.0 in stage 87.0 (TID 870) in 33 ms on 172.18.0.7 (executor 0) (24/50)
[2025-12-16T03:30:39.435+0000] {subprocess.py:106} INFO - 25/12/16 03:30:39 INFO TaskSetManager: Starting task 40.0 in stage 87.0 (TID 884) (172.18.0.7, executor 0, partition 40, PROCESS_LOCAL, 7367 bytes)
[2025-12-16T03:30:39.437+0000] {subprocess.py:106} INFO - 25/12/16 03:30:39 INFO TaskSetManager: Starting task 41.0 in stage 87.0 (TID 885) (172.18.0.7, executor 0, partition 41, PROCESS_LOCAL, 7367 bytes)
[2025-12-16T03:30:39.438+0000] {subprocess.py:106} INFO - 25/12/16 03:30:39 INFO TaskSetManager: Starting task 42.0 in stage 87.0 (TID 886) (172.18.0.7, executor 0, partition 42, PROCESS_LOCAL, 7367 bytes)
[2025-12-16T03:30:39.440+0000] {subprocess.py:106} INFO - 25/12/16 03:30:39 INFO TaskSetManager: Starting task 43.0 in stage 87.0 (TID 887) (172.18.0.7, executor 0, partition 43, PROCESS_LOCAL, 7367 bytes)
[2025-12-16T03:30:39.441+0000] {subprocess.py:106} INFO - 25/12/16 03:30:39 INFO TaskSetManager: Finished task 21.0 in stage 87.0 (TID 865) in 60 ms on 172.18.0.7 (executor 0) (25/50)
[2025-12-16T03:30:39.443+0000] {subprocess.py:106} INFO - 25/12/16 03:30:39 INFO TaskSetManager: Finished task 16.0 in stage 87.0 (TID 860) in 65 ms on 172.18.0.7 (executor 0) (26/50)
[2025-12-16T03:30:39.446+0000] {subprocess.py:106} INFO - 25/12/16 03:30:39 INFO TaskSetManager: Finished task 22.0 in stage 87.0 (TID 866) in 65 ms on 172.18.0.7 (executor 0) (27/50)
[2025-12-16T03:30:39.448+0000] {subprocess.py:106} INFO - 25/12/16 03:30:39 INFO TaskSetManager: Finished task 28.0 in stage 87.0 (TID 872) in 62 ms on 172.18.0.7 (executor 0) (28/50)
[2025-12-16T03:30:39.449+0000] {subprocess.py:106} INFO - 25/12/16 03:30:39 INFO TaskSetManager: Starting task 44.0 in stage 87.0 (TID 888) (172.18.0.7, executor 0, partition 44, PROCESS_LOCAL, 7367 bytes)
[2025-12-16T03:30:39.450+0000] {subprocess.py:106} INFO - 25/12/16 03:30:39 INFO TaskSetManager: Finished task 29.0 in stage 87.0 (TID 873) in 64 ms on 172.18.0.7 (executor 0) (29/50)
[2025-12-16T03:30:39.452+0000] {subprocess.py:106} INFO - 25/12/16 03:30:39 INFO TaskSetManager: Starting task 45.0 in stage 87.0 (TID 889) (172.18.0.7, executor 0, partition 45, PROCESS_LOCAL, 7367 bytes)
[2025-12-16T03:30:39.454+0000] {subprocess.py:106} INFO - 25/12/16 03:30:39 INFO TaskSetManager: Finished task 30.0 in stage 87.0 (TID 874) in 64 ms on 172.18.0.7 (executor 0) (30/50)
[2025-12-16T03:30:39.455+0000] {subprocess.py:106} INFO - 25/12/16 03:30:39 INFO TaskSetManager: Starting task 46.0 in stage 87.0 (TID 890) (172.18.0.7, executor 0, partition 46, PROCESS_LOCAL, 7367 bytes)
[2025-12-16T03:30:39.456+0000] {subprocess.py:106} INFO - 25/12/16 03:30:39 INFO TaskSetManager: Finished task 33.0 in stage 87.0 (TID 877) in 45 ms on 172.18.0.7 (executor 0) (31/50)
[2025-12-16T03:30:39.458+0000] {subprocess.py:106} INFO - 25/12/16 03:30:39 INFO TaskSetManager: Starting task 47.0 in stage 87.0 (TID 891) (172.18.0.7, executor 0, partition 47, PROCESS_LOCAL, 7367 bytes)
[2025-12-16T03:30:39.459+0000] {subprocess.py:106} INFO - 25/12/16 03:30:39 INFO TaskSetManager: Starting task 48.0 in stage 87.0 (TID 892) (172.18.0.7, executor 0, partition 48, PROCESS_LOCAL, 7367 bytes)
[2025-12-16T03:30:39.460+0000] {subprocess.py:106} INFO - 25/12/16 03:30:39 INFO TaskSetManager: Finished task 25.0 in stage 87.0 (TID 869) in 76 ms on 172.18.0.7 (executor 0) (32/50)
[2025-12-16T03:30:39.461+0000] {subprocess.py:106} INFO - 25/12/16 03:30:39 INFO TaskSetManager: Finished task 34.0 in stage 87.0 (TID 878) in 49 ms on 172.18.0.7 (executor 0) (33/50)
[2025-12-16T03:30:39.462+0000] {subprocess.py:106} INFO - 25/12/16 03:30:39 INFO TaskSetManager: Starting task 49.0 in stage 87.0 (TID 893) (172.18.0.7, executor 0, partition 49, PROCESS_LOCAL, 7367 bytes)
[2025-12-16T03:30:39.464+0000] {subprocess.py:106} INFO - 25/12/16 03:30:39 INFO TaskSetManager: Finished task 31.0 in stage 87.0 (TID 875) in 66 ms on 172.18.0.7 (executor 0) (34/50)
[2025-12-16T03:30:39.465+0000] {subprocess.py:106} INFO - 25/12/16 03:30:39 INFO TaskSetManager: Finished task 35.0 in stage 87.0 (TID 879) in 56 ms on 172.18.0.7 (executor 0) (35/50)
[2025-12-16T03:30:39.466+0000] {subprocess.py:106} INFO - 25/12/16 03:30:39 INFO TaskSetManager: Finished task 38.0 in stage 87.0 (TID 882) in 54 ms on 172.18.0.7 (executor 0) (36/50)
[2025-12-16T03:30:39.467+0000] {subprocess.py:106} INFO - 25/12/16 03:30:39 INFO TaskSetManager: Finished task 40.0 in stage 87.0 (TID 884) in 31 ms on 172.18.0.7 (executor 0) (37/50)
[2025-12-16T03:30:39.468+0000] {subprocess.py:106} INFO - 25/12/16 03:30:39 INFO TaskSetManager: Finished task 36.0 in stage 87.0 (TID 880) in 56 ms on 172.18.0.7 (executor 0) (38/50)
[2025-12-16T03:30:39.469+0000] {subprocess.py:106} INFO - 25/12/16 03:30:39 INFO TaskSetManager: Finished task 41.0 in stage 87.0 (TID 885) in 31 ms on 172.18.0.7 (executor 0) (39/50)
[2025-12-16T03:30:39.469+0000] {subprocess.py:106} INFO - 25/12/16 03:30:39 INFO TaskSetManager: Finished task 44.0 in stage 87.0 (TID 888) in 22 ms on 172.18.0.7 (executor 0) (40/50)
[2025-12-16T03:30:39.475+0000] {subprocess.py:106} INFO - 25/12/16 03:30:39 INFO TaskSetManager: Finished task 37.0 in stage 87.0 (TID 881) in 56 ms on 172.18.0.7 (executor 0) (41/50)
[2025-12-16T03:30:39.476+0000] {subprocess.py:106} INFO - 25/12/16 03:30:39 INFO TaskSetManager: Finished task 32.0 in stage 87.0 (TID 876) in 61 ms on 172.18.0.7 (executor 0) (42/50)
[2025-12-16T03:30:39.478+0000] {subprocess.py:106} INFO - 25/12/16 03:30:39 INFO TaskSetManager: Finished task 39.0 in stage 87.0 (TID 883) in 55 ms on 172.18.0.7 (executor 0) (43/50)
[2025-12-16T03:30:39.479+0000] {subprocess.py:106} INFO - 25/12/16 03:30:39 INFO TaskSetManager: Finished task 43.0 in stage 87.0 (TID 887) in 32 ms on 172.18.0.7 (executor 0) (44/50)
[2025-12-16T03:30:39.479+0000] {subprocess.py:106} INFO - 25/12/16 03:30:39 INFO TaskSetManager: Finished task 42.0 in stage 87.0 (TID 886) in 36 ms on 172.18.0.7 (executor 0) (45/50)
[2025-12-16T03:30:39.480+0000] {subprocess.py:106} INFO - 25/12/16 03:30:39 INFO TaskSetManager: Finished task 47.0 in stage 87.0 (TID 891) in 21 ms on 172.18.0.7 (executor 0) (46/50)
[2025-12-16T03:30:39.481+0000] {subprocess.py:106} INFO - 25/12/16 03:30:39 INFO TaskSetManager: Finished task 48.0 in stage 87.0 (TID 892) in 21 ms on 172.18.0.7 (executor 0) (47/50)
[2025-12-16T03:30:39.482+0000] {subprocess.py:106} INFO - 25/12/16 03:30:39 INFO TaskSetManager: Finished task 45.0 in stage 87.0 (TID 889) in 30 ms on 172.18.0.7 (executor 0) (48/50)
[2025-12-16T03:30:39.482+0000] {subprocess.py:106} INFO - 25/12/16 03:30:39 INFO TaskSetManager: Finished task 46.0 in stage 87.0 (TID 890) in 27 ms on 172.18.0.7 (executor 0) (49/50)
[2025-12-16T03:30:39.487+0000] {subprocess.py:106} INFO - 25/12/16 03:30:39 INFO TaskSetManager: Finished task 49.0 in stage 87.0 (TID 893) in 33 ms on 172.18.0.7 (executor 0) (50/50)
[2025-12-16T03:30:39.488+0000] {subprocess.py:106} INFO - 25/12/16 03:30:39 INFO TaskSchedulerImpl: Removed TaskSet 87.0, whose tasks have all completed, from pool
[2025-12-16T03:30:39.488+0000] {subprocess.py:106} INFO - 25/12/16 03:30:39 INFO DAGScheduler: ResultStage 87 ($anonfun$recordDeltaOperationInternal$1 at DatabricksLogging.scala:128) finished in 0.162 s
[2025-12-16T03:30:39.489+0000] {subprocess.py:106} INFO - 25/12/16 03:30:39 INFO DAGScheduler: Job 50 is finished. Cancelling potential speculative or zombie tasks for this job
[2025-12-16T03:30:39.490+0000] {subprocess.py:106} INFO - 25/12/16 03:30:39 INFO TaskSchedulerImpl: Killing all running tasks in stage 87: Stage finished
[2025-12-16T03:30:39.491+0000] {subprocess.py:106} INFO - 25/12/16 03:30:39 INFO DAGScheduler: Job 50 finished: $anonfun$recordDeltaOperationInternal$1 at DatabricksLogging.scala:128, took 0.165825 s
[2025-12-16T03:30:39.494+0000] {subprocess.py:106} INFO - 25/12/16 03:30:39 INFO PrepareDeltaScan: DELTA: Done
[2025-12-16T03:30:39.497+0000] {subprocess.py:106} INFO - 25/12/16 03:30:39 INFO FileSourceStrategy: Pushed Filters:
[2025-12-16T03:30:39.498+0000] {subprocess.py:106} INFO - 25/12/16 03:30:39 INFO FileSourceStrategy: Post-Scan Filters:
[2025-12-16T03:30:39.503+0000] {subprocess.py:106} INFO - 25/12/16 03:30:39 INFO ParquetUtils: Using default output committer for Parquet: org.apache.parquet.hadoop.ParquetOutputCommitter
[2025-12-16T03:30:39.519+0000] {subprocess.py:106} INFO - 25/12/16 03:30:39 INFO CodeGenerator: Code generated in 12.41334 ms
[2025-12-16T03:30:39.521+0000] {subprocess.py:106} INFO - 25/12/16 03:30:39 INFO MemoryStore: Block broadcast_85 stored as values in memory (estimated size 214.6 KiB, free 430.1 MiB)
[2025-12-16T03:30:39.529+0000] {subprocess.py:106} INFO - 25/12/16 03:30:39 INFO MemoryStore: Block broadcast_85_piece0 stored as bytes in memory (estimated size 36.9 KiB, free 430.0 MiB)
[2025-12-16T03:30:39.530+0000] {subprocess.py:106} INFO - 25/12/16 03:30:39 INFO BlockManagerInfo: Added broadcast_85_piece0 in memory on 3ad9a82189be:39783 (size: 36.9 KiB, free: 433.7 MiB)
[2025-12-16T03:30:39.531+0000] {subprocess.py:106} INFO - 25/12/16 03:30:39 INFO SparkContext: Created broadcast 85 from save at <unknown>:0
[2025-12-16T03:30:39.531+0000] {subprocess.py:106} INFO - 25/12/16 03:30:39 INFO FileSourceScanExec: Planning scan with bin packing, max size: 4194304 bytes, open cost is considered as scanning 4194304 bytes.
[2025-12-16T03:30:39.561+0000] {subprocess.py:106} INFO - 25/12/16 03:30:39 INFO SparkContext: Starting job: save at <unknown>:0
[2025-12-16T03:30:39.562+0000] {subprocess.py:106} INFO - 25/12/16 03:30:39 INFO DAGScheduler: Got job 51 (save at <unknown>:0) with 1 output partitions
[2025-12-16T03:30:39.563+0000] {subprocess.py:106} INFO - 25/12/16 03:30:39 INFO DAGScheduler: Final stage: ResultStage 88 (save at <unknown>:0)
[2025-12-16T03:30:39.564+0000] {subprocess.py:106} INFO - 25/12/16 03:30:39 INFO DAGScheduler: Parents of final stage: List()
[2025-12-16T03:30:39.564+0000] {subprocess.py:106} INFO - 25/12/16 03:30:39 INFO DAGScheduler: Missing parents: List()
[2025-12-16T03:30:39.565+0000] {subprocess.py:106} INFO - 25/12/16 03:30:39 INFO DAGScheduler: Submitting ResultStage 88 (MapPartitionsRDD[239] at save at <unknown>:0), which has no missing parents
[2025-12-16T03:30:39.583+0000] {subprocess.py:106} INFO - 25/12/16 03:30:39 INFO MemoryStore: Block broadcast_86 stored as values in memory (estimated size 358.1 KiB, free 429.7 MiB)
[2025-12-16T03:30:39.584+0000] {subprocess.py:106} INFO - 25/12/16 03:30:39 INFO MemoryStore: Block broadcast_86_piece0 stored as bytes in memory (estimated size 127.6 KiB, free 429.6 MiB)
[2025-12-16T03:30:39.585+0000] {subprocess.py:106} INFO - 25/12/16 03:30:39 INFO BlockManagerInfo: Added broadcast_86_piece0 in memory on 3ad9a82189be:39783 (size: 127.6 KiB, free: 433.6 MiB)
[2025-12-16T03:30:39.586+0000] {subprocess.py:106} INFO - 25/12/16 03:30:39 INFO SparkContext: Created broadcast 86 from broadcast at DAGScheduler.scala:1535
[2025-12-16T03:30:39.587+0000] {subprocess.py:106} INFO - 25/12/16 03:30:39 INFO DAGScheduler: Submitting 1 missing tasks from ResultStage 88 (MapPartitionsRDD[239] at save at <unknown>:0) (first 15 tasks are for partitions Vector(0))
[2025-12-16T03:30:39.587+0000] {subprocess.py:106} INFO - 25/12/16 03:30:39 INFO TaskSchedulerImpl: Adding task set 88.0 with 1 tasks resource profile 0
[2025-12-16T03:30:39.588+0000] {subprocess.py:106} INFO - 25/12/16 03:30:39 INFO TaskSetManager: Starting task 0.0 in stage 88.0 (TID 894) (172.18.0.7, executor 0, partition 0, PROCESS_LOCAL, 7974 bytes)
[2025-12-16T03:30:39.595+0000] {subprocess.py:106} INFO - 25/12/16 03:30:39 INFO BlockManagerInfo: Added broadcast_86_piece0 in memory on 172.18.0.7:36801 (size: 127.6 KiB, free: 433.9 MiB)
[2025-12-16T03:30:39.677+0000] {subprocess.py:106} INFO - 25/12/16 03:30:39 INFO BlockManagerInfo: Added broadcast_85_piece0 in memory on 172.18.0.7:36801 (size: 36.9 KiB, free: 433.8 MiB)
[2025-12-16T03:30:39.766+0000] {subprocess.py:106} INFO - 25/12/16 03:30:39 INFO TaskSetManager: Finished task 0.0 in stage 88.0 (TID 894) in 179 ms on 172.18.0.7 (executor 0) (1/1)
[2025-12-16T03:30:39.767+0000] {subprocess.py:106} INFO - 25/12/16 03:30:39 INFO TaskSchedulerImpl: Removed TaskSet 88.0, whose tasks have all completed, from pool
[2025-12-16T03:30:39.768+0000] {subprocess.py:106} INFO - 25/12/16 03:30:39 INFO DAGScheduler: ResultStage 88 (save at <unknown>:0) finished in 0.204 s
[2025-12-16T03:30:39.768+0000] {subprocess.py:106} INFO - 25/12/16 03:30:39 INFO DAGScheduler: Job 51 is finished. Cancelling potential speculative or zombie tasks for this job
[2025-12-16T03:30:39.769+0000] {subprocess.py:106} INFO - 25/12/16 03:30:39 INFO TaskSchedulerImpl: Killing all running tasks in stage 88: Stage finished
[2025-12-16T03:30:39.769+0000] {subprocess.py:106} INFO - 25/12/16 03:30:39 INFO DAGScheduler: Job 51 finished: save at <unknown>:0, took 0.206216 s
[2025-12-16T03:30:39.770+0000] {subprocess.py:106} INFO - 25/12/16 03:30:39 INFO FileFormatWriter: Start to commit write Job 70de3a8a-13da-4540-bd0c-996a689e0100.
[2025-12-16T03:30:39.770+0000] {subprocess.py:106} INFO - 25/12/16 03:30:39 INFO FileFormatWriter: Write Job 70de3a8a-13da-4540-bd0c-996a689e0100 committed. Elapsed time: 0 ms.
[2025-12-16T03:30:39.771+0000] {subprocess.py:106} INFO - 25/12/16 03:30:39 INFO FileFormatWriter: Finished processing stats for write job 70de3a8a-13da-4540-bd0c-996a689e0100.
[2025-12-16T03:30:39.771+0000] {subprocess.py:106} INFO - 25/12/16 03:30:39 INFO Snapshot: [tableId=7b18240a-4a69-4c7f-a2e4-5d317e81ff36] DELTA: Compute snapshot for version: 0
[2025-12-16T03:30:39.772+0000] {subprocess.py:106} INFO - 25/12/16 03:30:39 INFO MemoryStore: Block broadcast_87 stored as values in memory (estimated size 212.3 KiB, free 429.4 MiB)
[2025-12-16T03:30:39.776+0000] {subprocess.py:106} INFO - 25/12/16 03:30:39 INFO MemoryStore: Block broadcast_87_piece0 stored as bytes in memory (estimated size 36.2 KiB, free 429.3 MiB)
[2025-12-16T03:30:39.778+0000] {subprocess.py:106} INFO - 25/12/16 03:30:39 INFO BlockManagerInfo: Added broadcast_87_piece0 in memory on 3ad9a82189be:39783 (size: 36.2 KiB, free: 433.6 MiB)
[2025-12-16T03:30:39.778+0000] {subprocess.py:106} INFO - 25/12/16 03:30:39 INFO SparkContext: Created broadcast 87 from $anonfun$recordDeltaOperationInternal$1 at DatabricksLogging.scala:128
[2025-12-16T03:30:39.883+0000] {subprocess.py:106} INFO - 25/12/16 03:30:39 INFO FileSourceStrategy: Pushed Filters:
[2025-12-16T03:30:39.885+0000] {subprocess.py:106} INFO - 25/12/16 03:30:39 INFO FileSourceStrategy: Post-Scan Filters:
[2025-12-16T03:30:39.904+0000] {subprocess.py:106} INFO - 25/12/16 03:30:39 INFO BlockManagerInfo: Removed broadcast_84_piece0 on 3ad9a82189be:39783 in memory (size: 138.6 KiB, free: 433.7 MiB)
[2025-12-16T03:30:39.905+0000] {subprocess.py:106} INFO - 25/12/16 03:30:39 INFO BlockManagerInfo: Removed broadcast_84_piece0 on 172.18.0.7:36801 in memory (size: 138.6 KiB, free: 434.0 MiB)
[2025-12-16T03:30:39.908+0000] {subprocess.py:106} INFO - 25/12/16 03:30:39 INFO BlockManagerInfo: Removed broadcast_86_piece0 on 3ad9a82189be:39783 in memory (size: 127.6 KiB, free: 433.8 MiB)
[2025-12-16T03:30:39.908+0000] {subprocess.py:106} INFO - 25/12/16 03:30:39 INFO BlockManagerInfo: Removed broadcast_86_piece0 on 172.18.0.7:36801 in memory (size: 127.6 KiB, free: 434.1 MiB)
[2025-12-16T03:30:39.921+0000] {subprocess.py:106} INFO - 25/12/16 03:30:39 INFO MemoryStore: Block broadcast_88 stored as values in memory (estimated size 212.9 KiB, free 430.3 MiB)
[2025-12-16T03:30:39.928+0000] {subprocess.py:106} INFO - 25/12/16 03:30:39 INFO MemoryStore: Block broadcast_88_piece0 stored as bytes in memory (estimated size 36.3 KiB, free 430.3 MiB)
[2025-12-16T03:30:39.929+0000] {subprocess.py:106} INFO - 25/12/16 03:30:39 INFO BlockManagerInfo: Added broadcast_88_piece0 in memory on 3ad9a82189be:39783 (size: 36.3 KiB, free: 433.8 MiB)
[2025-12-16T03:30:39.929+0000] {subprocess.py:106} INFO - 25/12/16 03:30:39 INFO SparkContext: Created broadcast 88 from $anonfun$recordDeltaOperationInternal$1 at DatabricksLogging.scala:128
[2025-12-16T03:30:39.930+0000] {subprocess.py:106} INFO - 25/12/16 03:30:39 INFO FileSourceScanExec: Planning scan with bin packing, max size: 4194304 bytes, open cost is considered as scanning 4194304 bytes.
[2025-12-16T03:30:39.937+0000] {subprocess.py:106} INFO - 25/12/16 03:30:39 INFO DAGScheduler: Registering RDD 243 ($anonfun$recordDeltaOperationInternal$1 at DatabricksLogging.scala:128) as input to shuffle 20
[2025-12-16T03:30:39.938+0000] {subprocess.py:106} INFO - 25/12/16 03:30:39 INFO DAGScheduler: Got map stage job 52 ($anonfun$recordDeltaOperationInternal$1 at DatabricksLogging.scala:128) with 1 output partitions
[2025-12-16T03:30:39.939+0000] {subprocess.py:106} INFO - 25/12/16 03:30:39 INFO DAGScheduler: Final stage: ShuffleMapStage 89 ($anonfun$recordDeltaOperationInternal$1 at DatabricksLogging.scala:128)
[2025-12-16T03:30:39.939+0000] {subprocess.py:106} INFO - 25/12/16 03:30:39 INFO DAGScheduler: Parents of final stage: List()
[2025-12-16T03:30:39.940+0000] {subprocess.py:106} INFO - 25/12/16 03:30:39 INFO DAGScheduler: Missing parents: List()
[2025-12-16T03:30:39.940+0000] {subprocess.py:106} INFO - 25/12/16 03:30:39 INFO DAGScheduler: Submitting ShuffleMapStage 89 (MapPartitionsRDD[243] at $anonfun$recordDeltaOperationInternal$1 at DatabricksLogging.scala:128), which has no missing parents
[2025-12-16T03:30:39.941+0000] {subprocess.py:106} INFO - 25/12/16 03:30:39 INFO MemoryStore: Block broadcast_89 stored as values in memory (estimated size 138.3 KiB, free 430.1 MiB)
[2025-12-16T03:30:39.942+0000] {subprocess.py:106} INFO - 25/12/16 03:30:39 INFO MemoryStore: Block broadcast_89_piece0 stored as bytes in memory (estimated size 39.0 KiB, free 430.1 MiB)
[2025-12-16T03:30:39.943+0000] {subprocess.py:106} INFO - 25/12/16 03:30:39 INFO BlockManagerInfo: Added broadcast_89_piece0 in memory on 3ad9a82189be:39783 (size: 39.0 KiB, free: 433.8 MiB)
[2025-12-16T03:30:39.944+0000] {subprocess.py:106} INFO - 25/12/16 03:30:39 INFO SparkContext: Created broadcast 89 from broadcast at DAGScheduler.scala:1535
[2025-12-16T03:30:39.944+0000] {subprocess.py:106} INFO - 25/12/16 03:30:39 INFO DAGScheduler: Submitting 1 missing tasks from ShuffleMapStage 89 (MapPartitionsRDD[243] at $anonfun$recordDeltaOperationInternal$1 at DatabricksLogging.scala:128) (first 15 tasks are for partitions Vector(0))
[2025-12-16T03:30:39.945+0000] {subprocess.py:106} INFO - 25/12/16 03:30:39 INFO TaskSchedulerImpl: Adding task set 89.0 with 1 tasks resource profile 0
[2025-12-16T03:30:39.945+0000] {subprocess.py:106} INFO - 25/12/16 03:30:39 INFO TaskSetManager: Starting task 0.0 in stage 89.0 (TID 895) (172.18.0.7, executor 0, partition 0, PROCESS_LOCAL, 7934 bytes)
[2025-12-16T03:30:39.952+0000] {subprocess.py:106} INFO - 25/12/16 03:30:39 INFO BlockManagerInfo: Added broadcast_89_piece0 in memory on 172.18.0.7:36801 (size: 39.0 KiB, free: 434.1 MiB)
[2025-12-16T03:30:39.970+0000] {subprocess.py:106} INFO - 25/12/16 03:30:39 INFO BlockManagerInfo: Added broadcast_88_piece0 in memory on 172.18.0.7:36801 (size: 36.3 KiB, free: 434.0 MiB)
[2025-12-16T03:30:39.995+0000] {subprocess.py:106} INFO - 25/12/16 03:30:39 INFO TaskSetManager: Finished task 0.0 in stage 89.0 (TID 895) in 50 ms on 172.18.0.7 (executor 0) (1/1)
[2025-12-16T03:30:39.996+0000] {subprocess.py:106} INFO - 25/12/16 03:30:39 INFO TaskSchedulerImpl: Removed TaskSet 89.0, whose tasks have all completed, from pool
[2025-12-16T03:30:39.997+0000] {subprocess.py:106} INFO - 25/12/16 03:30:39 INFO DAGScheduler: ShuffleMapStage 89 ($anonfun$recordDeltaOperationInternal$1 at DatabricksLogging.scala:128) finished in 0.057 s
[2025-12-16T03:30:39.997+0000] {subprocess.py:106} INFO - 25/12/16 03:30:39 INFO DAGScheduler: looking for newly runnable stages
[2025-12-16T03:30:39.997+0000] {subprocess.py:106} INFO - 25/12/16 03:30:39 INFO DAGScheduler: running: Set()
[2025-12-16T03:30:39.998+0000] {subprocess.py:106} INFO - 25/12/16 03:30:39 INFO DAGScheduler: waiting: Set()
[2025-12-16T03:30:39.998+0000] {subprocess.py:106} INFO - 25/12/16 03:30:39 INFO DAGScheduler: failed: Set()
[2025-12-16T03:30:40.056+0000] {subprocess.py:106} INFO - 25/12/16 03:30:40 INFO BlockManagerInfo: Removed broadcast_89_piece0 on 3ad9a82189be:39783 in memory (size: 39.0 KiB, free: 433.8 MiB)
[2025-12-16T03:30:40.058+0000] {subprocess.py:106} INFO - 25/12/16 03:30:40 INFO BlockManagerInfo: Removed broadcast_89_piece0 on 172.18.0.7:36801 in memory (size: 39.0 KiB, free: 434.1 MiB)
[2025-12-16T03:30:40.122+0000] {subprocess.py:106} INFO - 25/12/16 03:30:40 INFO DAGScheduler: Registering RDD 253 ($anonfun$recordDeltaOperationInternal$1 at DatabricksLogging.scala:128) as input to shuffle 21
[2025-12-16T03:30:40.123+0000] {subprocess.py:106} INFO - 25/12/16 03:30:40 INFO DAGScheduler: Got map stage job 53 ($anonfun$recordDeltaOperationInternal$1 at DatabricksLogging.scala:128) with 50 output partitions
[2025-12-16T03:30:40.124+0000] {subprocess.py:106} INFO - 25/12/16 03:30:40 INFO DAGScheduler: Final stage: ShuffleMapStage 91 ($anonfun$recordDeltaOperationInternal$1 at DatabricksLogging.scala:128)
[2025-12-16T03:30:40.124+0000] {subprocess.py:106} INFO - 25/12/16 03:30:40 INFO DAGScheduler: Parents of final stage: List(ShuffleMapStage 90)
[2025-12-16T03:30:40.125+0000] {subprocess.py:106} INFO - 25/12/16 03:30:40 INFO DAGScheduler: Missing parents: List()
[2025-12-16T03:30:40.125+0000] {subprocess.py:106} INFO - 25/12/16 03:30:40 INFO DAGScheduler: Submitting ShuffleMapStage 91 (MapPartitionsRDD[253] at $anonfun$recordDeltaOperationInternal$1 at DatabricksLogging.scala:128), which has no missing parents
[2025-12-16T03:30:40.135+0000] {subprocess.py:106} INFO - 25/12/16 03:30:40 INFO MemoryStore: Block broadcast_90 stored as values in memory (estimated size 517.2 KiB, free 429.8 MiB)
[2025-12-16T03:30:40.137+0000] {subprocess.py:106} INFO - 25/12/16 03:30:40 INFO MemoryStore: Block broadcast_90_piece0 stored as bytes in memory (estimated size 123.3 KiB, free 429.6 MiB)
[2025-12-16T03:30:40.138+0000] {subprocess.py:106} INFO - 25/12/16 03:30:40 INFO BlockManagerInfo: Added broadcast_90_piece0 in memory on 3ad9a82189be:39783 (size: 123.3 KiB, free: 433.7 MiB)
[2025-12-16T03:30:40.139+0000] {subprocess.py:106} INFO - 25/12/16 03:30:40 INFO SparkContext: Created broadcast 90 from broadcast at DAGScheduler.scala:1535
[2025-12-16T03:30:40.139+0000] {subprocess.py:106} INFO - 25/12/16 03:30:40 INFO DAGScheduler: Submitting 50 missing tasks from ShuffleMapStage 91 (MapPartitionsRDD[253] at $anonfun$recordDeltaOperationInternal$1 at DatabricksLogging.scala:128) (first 15 tasks are for partitions Vector(0, 1, 2, 3, 4, 5, 6, 7, 8, 9, 10, 11, 12, 13, 14))
[2025-12-16T03:30:40.140+0000] {subprocess.py:106} INFO - 25/12/16 03:30:40 INFO TaskSchedulerImpl: Adding task set 91.0 with 50 tasks resource profile 0
[2025-12-16T03:30:40.141+0000] {subprocess.py:106} INFO - 25/12/16 03:30:40 INFO TaskSetManager: Starting task 30.0 in stage 91.0 (TID 896) (172.18.0.7, executor 0, partition 30, NODE_LOCAL, 7356 bytes)
[2025-12-16T03:30:40.141+0000] {subprocess.py:106} INFO - 25/12/16 03:30:40 INFO TaskSetManager: Starting task 42.0 in stage 91.0 (TID 897) (172.18.0.7, executor 0, partition 42, NODE_LOCAL, 7356 bytes)
[2025-12-16T03:30:40.142+0000] {subprocess.py:106} INFO - 25/12/16 03:30:40 INFO TaskSetManager: Starting task 0.0 in stage 91.0 (TID 898) (172.18.0.7, executor 0, partition 0, PROCESS_LOCAL, 7356 bytes)
[2025-12-16T03:30:40.143+0000] {subprocess.py:106} INFO - 25/12/16 03:30:40 INFO TaskSetManager: Starting task 1.0 in stage 91.0 (TID 899) (172.18.0.7, executor 0, partition 1, PROCESS_LOCAL, 7356 bytes)
[2025-12-16T03:30:40.145+0000] {subprocess.py:106} INFO - 25/12/16 03:30:40 INFO TaskSetManager: Starting task 2.0 in stage 91.0 (TID 900) (172.18.0.7, executor 0, partition 2, PROCESS_LOCAL, 7356 bytes)
[2025-12-16T03:30:40.147+0000] {subprocess.py:106} INFO - 25/12/16 03:30:40 INFO TaskSetManager: Starting task 3.0 in stage 91.0 (TID 901) (172.18.0.7, executor 0, partition 3, PROCESS_LOCAL, 7356 bytes)
[2025-12-16T03:30:40.147+0000] {subprocess.py:106} INFO - 25/12/16 03:30:40 INFO TaskSetManager: Starting task 4.0 in stage 91.0 (TID 902) (172.18.0.7, executor 0, partition 4, PROCESS_LOCAL, 7356 bytes)
[2025-12-16T03:30:40.148+0000] {subprocess.py:106} INFO - 25/12/16 03:30:40 INFO TaskSetManager: Starting task 5.0 in stage 91.0 (TID 903) (172.18.0.7, executor 0, partition 5, PROCESS_LOCAL, 7356 bytes)
[2025-12-16T03:30:40.149+0000] {subprocess.py:106} INFO - 25/12/16 03:30:40 INFO TaskSetManager: Starting task 6.0 in stage 91.0 (TID 904) (172.18.0.7, executor 0, partition 6, PROCESS_LOCAL, 7356 bytes)
[2025-12-16T03:30:40.149+0000] {subprocess.py:106} INFO - 25/12/16 03:30:40 INFO TaskSetManager: Starting task 7.0 in stage 91.0 (TID 905) (172.18.0.7, executor 0, partition 7, PROCESS_LOCAL, 7356 bytes)
[2025-12-16T03:30:40.150+0000] {subprocess.py:106} INFO - 25/12/16 03:30:40 INFO TaskSetManager: Starting task 8.0 in stage 91.0 (TID 906) (172.18.0.7, executor 0, partition 8, PROCESS_LOCAL, 7356 bytes)
[2025-12-16T03:30:40.150+0000] {subprocess.py:106} INFO - 25/12/16 03:30:40 INFO TaskSetManager: Starting task 9.0 in stage 91.0 (TID 907) (172.18.0.7, executor 0, partition 9, PROCESS_LOCAL, 7356 bytes)
[2025-12-16T03:30:40.151+0000] {subprocess.py:106} INFO - 25/12/16 03:30:40 INFO TaskSetManager: Starting task 10.0 in stage 91.0 (TID 908) (172.18.0.7, executor 0, partition 10, PROCESS_LOCAL, 7356 bytes)
[2025-12-16T03:30:40.151+0000] {subprocess.py:106} INFO - 25/12/16 03:30:40 INFO TaskSetManager: Starting task 11.0 in stage 91.0 (TID 909) (172.18.0.7, executor 0, partition 11, PROCESS_LOCAL, 7356 bytes)
[2025-12-16T03:30:40.152+0000] {subprocess.py:106} INFO - 25/12/16 03:30:40 INFO TaskSetManager: Starting task 12.0 in stage 91.0 (TID 910) (172.18.0.7, executor 0, partition 12, PROCESS_LOCAL, 7356 bytes)
[2025-12-16T03:30:40.153+0000] {subprocess.py:106} INFO - 25/12/16 03:30:40 INFO TaskSetManager: Starting task 13.0 in stage 91.0 (TID 911) (172.18.0.7, executor 0, partition 13, PROCESS_LOCAL, 7356 bytes)
[2025-12-16T03:30:40.155+0000] {subprocess.py:106} INFO - 25/12/16 03:30:40 INFO BlockManagerInfo: Added broadcast_90_piece0 in memory on 172.18.0.7:36801 (size: 123.3 KiB, free: 433.9 MiB)
[2025-12-16T03:30:40.170+0000] {subprocess.py:106} INFO - 25/12/16 03:30:40 INFO MapOutputTrackerMasterEndpoint: Asked to send map output locations for shuffle 20 to 172.18.0.7:43148
[2025-12-16T03:30:40.240+0000] {subprocess.py:106} INFO - 25/12/16 03:30:40 INFO BlockManagerInfo: Added rdd_250_42 in memory on 172.18.0.7:36801 (size: 516.0 B, free: 433.9 MiB)
[2025-12-16T03:30:40.243+0000] {subprocess.py:106} INFO - 25/12/16 03:30:40 INFO BlockManagerInfo: Added rdd_250_5 in memory on 172.18.0.7:36801 (size: 46.0 B, free: 433.9 MiB)
[2025-12-16T03:30:40.246+0000] {subprocess.py:106} INFO - 25/12/16 03:30:40 INFO BlockManagerInfo: Added rdd_250_4 in memory on 172.18.0.7:36801 (size: 46.0 B, free: 433.9 MiB)
[2025-12-16T03:30:40.248+0000] {subprocess.py:106} INFO - 25/12/16 03:30:40 INFO BlockManagerInfo: Added rdd_250_11 in memory on 172.18.0.7:36801 (size: 46.0 B, free: 433.9 MiB)
[2025-12-16T03:30:40.249+0000] {subprocess.py:106} INFO - 25/12/16 03:30:40 INFO BlockManagerInfo: Added rdd_250_7 in memory on 172.18.0.7:36801 (size: 46.0 B, free: 433.9 MiB)
[2025-12-16T03:30:40.250+0000] {subprocess.py:106} INFO - 25/12/16 03:30:40 INFO BlockManagerInfo: Added rdd_250_1 in memory on 172.18.0.7:36801 (size: 46.0 B, free: 433.9 MiB)
[2025-12-16T03:30:40.250+0000] {subprocess.py:106} INFO - 25/12/16 03:30:40 INFO BlockManagerInfo: Added rdd_250_8 in memory on 172.18.0.7:36801 (size: 46.0 B, free: 433.9 MiB)
[2025-12-16T03:30:40.252+0000] {subprocess.py:106} INFO - 25/12/16 03:30:40 INFO BlockManagerInfo: Added rdd_250_13 in memory on 172.18.0.7:36801 (size: 46.0 B, free: 433.9 MiB)
[2025-12-16T03:30:40.254+0000] {subprocess.py:106} INFO - 25/12/16 03:30:40 INFO BlockManagerInfo: Added rdd_250_12 in memory on 172.18.0.7:36801 (size: 46.0 B, free: 433.9 MiB)
[2025-12-16T03:30:40.255+0000] {subprocess.py:106} INFO - 25/12/16 03:30:40 INFO BlockManagerInfo: Added rdd_250_9 in memory on 172.18.0.7:36801 (size: 46.0 B, free: 433.9 MiB)
[2025-12-16T03:30:40.257+0000] {subprocess.py:106} INFO - 25/12/16 03:30:40 INFO BlockManagerInfo: Added rdd_250_2 in memory on 172.18.0.7:36801 (size: 46.0 B, free: 433.9 MiB)
[2025-12-16T03:30:40.259+0000] {subprocess.py:106} INFO - 25/12/16 03:30:40 INFO BlockManagerInfo: Added rdd_250_10 in memory on 172.18.0.7:36801 (size: 46.0 B, free: 433.9 MiB)
[2025-12-16T03:30:40.267+0000] {subprocess.py:106} INFO - 25/12/16 03:30:40 INFO TaskSetManager: Starting task 14.0 in stage 91.0 (TID 912) (172.18.0.7, executor 0, partition 14, PROCESS_LOCAL, 7356 bytes)
[2025-12-16T03:30:40.272+0000] {subprocess.py:106} INFO - 25/12/16 03:30:40 INFO TaskSetManager: Starting task 15.0 in stage 91.0 (TID 913) (172.18.0.7, executor 0, partition 15, PROCESS_LOCAL, 7356 bytes)
[2025-12-16T03:30:40.273+0000] {subprocess.py:106} INFO - 25/12/16 03:30:40 INFO TaskSetManager: Finished task 4.0 in stage 91.0 (TID 902) in 127 ms on 172.18.0.7 (executor 0) (1/50)
[2025-12-16T03:30:40.275+0000] {subprocess.py:106} INFO - 25/12/16 03:30:40 INFO TaskSetManager: Finished task 7.0 in stage 91.0 (TID 905) in 127 ms on 172.18.0.7 (executor 0) (2/50)
[2025-12-16T03:30:40.277+0000] {subprocess.py:106} INFO - 25/12/16 03:30:40 INFO TaskSetManager: Starting task 16.0 in stage 91.0 (TID 914) (172.18.0.7, executor 0, partition 16, PROCESS_LOCAL, 7356 bytes)
[2025-12-16T03:30:40.278+0000] {subprocess.py:106} INFO - 25/12/16 03:30:40 INFO TaskSetManager: Finished task 8.0 in stage 91.0 (TID 906) in 130 ms on 172.18.0.7 (executor 0) (3/50)
[2025-12-16T03:30:40.279+0000] {subprocess.py:106} INFO - 25/12/16 03:30:40 INFO TaskSetManager: Starting task 17.0 in stage 91.0 (TID 915) (172.18.0.7, executor 0, partition 17, PROCESS_LOCAL, 7356 bytes)
[2025-12-16T03:30:40.280+0000] {subprocess.py:106} INFO - 25/12/16 03:30:40 INFO TaskSetManager: Finished task 1.0 in stage 91.0 (TID 899) in 133 ms on 172.18.0.7 (executor 0) (4/50)
[2025-12-16T03:30:40.282+0000] {subprocess.py:106} INFO - 25/12/16 03:30:40 INFO BlockManagerInfo: Added rdd_250_6 in memory on 172.18.0.7:36801 (size: 46.0 B, free: 433.9 MiB)
[2025-12-16T03:30:40.283+0000] {subprocess.py:106} INFO - 25/12/16 03:30:40 INFO TaskSetManager: Starting task 18.0 in stage 91.0 (TID 916) (172.18.0.7, executor 0, partition 18, PROCESS_LOCAL, 7356 bytes)
[2025-12-16T03:30:40.284+0000] {subprocess.py:106} INFO - 25/12/16 03:30:40 INFO TaskSetManager: Finished task 9.0 in stage 91.0 (TID 907) in 137 ms on 172.18.0.7 (executor 0) (5/50)
[2025-12-16T03:30:40.287+0000] {subprocess.py:106} INFO - 25/12/16 03:30:40 INFO TaskSetManager: Starting task 19.0 in stage 91.0 (TID 917) (172.18.0.7, executor 0, partition 19, PROCESS_LOCAL, 7356 bytes)
[2025-12-16T03:30:40.289+0000] {subprocess.py:106} INFO - 25/12/16 03:30:40 INFO BlockManagerInfo: Added rdd_250_0 in memory on 172.18.0.7:36801 (size: 46.0 B, free: 433.9 MiB)
[2025-12-16T03:30:40.291+0000] {subprocess.py:106} INFO - 25/12/16 03:30:40 INFO BlockManagerInfo: Added rdd_250_3 in memory on 172.18.0.7:36801 (size: 46.0 B, free: 433.9 MiB)
[2025-12-16T03:30:40.292+0000] {subprocess.py:106} INFO - 25/12/16 03:30:40 INFO BlockManagerInfo: Added rdd_250_30 in memory on 172.18.0.7:36801 (size: 709.0 B, free: 433.9 MiB)
[2025-12-16T03:30:40.294+0000] {subprocess.py:106} INFO - 25/12/16 03:30:40 INFO TaskSetManager: Starting task 20.0 in stage 91.0 (TID 918) (172.18.0.7, executor 0, partition 20, PROCESS_LOCAL, 7356 bytes)
[2025-12-16T03:30:40.296+0000] {subprocess.py:106} INFO - 25/12/16 03:30:40 INFO TaskSetManager: Starting task 21.0 in stage 91.0 (TID 919) (172.18.0.7, executor 0, partition 21, PROCESS_LOCAL, 7356 bytes)
[2025-12-16T03:30:40.297+0000] {subprocess.py:106} INFO - 25/12/16 03:30:40 INFO TaskSetManager: Starting task 22.0 in stage 91.0 (TID 920) (172.18.0.7, executor 0, partition 22, PROCESS_LOCAL, 7356 bytes)
[2025-12-16T03:30:40.299+0000] {subprocess.py:106} INFO - 25/12/16 03:30:40 INFO TaskSetManager: Finished task 13.0 in stage 91.0 (TID 911) in 147 ms on 172.18.0.7 (executor 0) (6/50)
[2025-12-16T03:30:40.304+0000] {subprocess.py:106} INFO - 25/12/16 03:30:40 INFO TaskSetManager: Finished task 42.0 in stage 91.0 (TID 897) in 152 ms on 172.18.0.7 (executor 0) (7/50)
[2025-12-16T03:30:40.305+0000] {subprocess.py:106} INFO - 25/12/16 03:30:40 INFO TaskSetManager: Finished task 12.0 in stage 91.0 (TID 910) in 151 ms on 172.18.0.7 (executor 0) (8/50)
[2025-12-16T03:30:40.306+0000] {subprocess.py:106} INFO - 25/12/16 03:30:40 INFO TaskSetManager: Finished task 11.0 in stage 91.0 (TID 909) in 152 ms on 172.18.0.7 (executor 0) (9/50)
[2025-12-16T03:30:40.307+0000] {subprocess.py:106} INFO - 25/12/16 03:30:40 INFO TaskSetManager: Starting task 23.0 in stage 91.0 (TID 921) (172.18.0.7, executor 0, partition 23, PROCESS_LOCAL, 7356 bytes)
[2025-12-16T03:30:40.308+0000] {subprocess.py:106} INFO - 25/12/16 03:30:40 INFO TaskSetManager: Starting task 24.0 in stage 91.0 (TID 922) (172.18.0.7, executor 0, partition 24, PROCESS_LOCAL, 7356 bytes)
[2025-12-16T03:30:40.309+0000] {subprocess.py:106} INFO - 25/12/16 03:30:40 INFO TaskSetManager: Starting task 25.0 in stage 91.0 (TID 923) (172.18.0.7, executor 0, partition 25, PROCESS_LOCAL, 7356 bytes)
[2025-12-16T03:30:40.309+0000] {subprocess.py:106} INFO - 25/12/16 03:30:40 INFO TaskSetManager: Finished task 5.0 in stage 91.0 (TID 903) in 159 ms on 172.18.0.7 (executor 0) (10/50)
[2025-12-16T03:30:40.310+0000] {subprocess.py:106} INFO - 25/12/16 03:30:40 INFO TaskSetManager: Finished task 2.0 in stage 91.0 (TID 900) in 159 ms on 172.18.0.7 (executor 0) (11/50)
[2025-12-16T03:30:40.311+0000] {subprocess.py:106} INFO - 25/12/16 03:30:40 INFO TaskSetManager: Finished task 10.0 in stage 91.0 (TID 908) in 162 ms on 172.18.0.7 (executor 0) (12/50)
[2025-12-16T03:30:40.328+0000] {subprocess.py:106} INFO - 25/12/16 03:30:40 INFO TaskSetManager: Starting task 26.0 in stage 91.0 (TID 924) (172.18.0.7, executor 0, partition 26, PROCESS_LOCAL, 7356 bytes)
[2025-12-16T03:30:40.332+0000] {subprocess.py:106} INFO - 25/12/16 03:30:40 INFO TaskSetManager: Starting task 27.0 in stage 91.0 (TID 925) (172.18.0.7, executor 0, partition 27, PROCESS_LOCAL, 7356 bytes)
[2025-12-16T03:30:40.337+0000] {subprocess.py:106} INFO - 25/12/16 03:30:40 INFO TaskSetManager: Finished task 6.0 in stage 91.0 (TID 904) in 187 ms on 172.18.0.7 (executor 0) (13/50)
[2025-12-16T03:30:40.339+0000] {subprocess.py:106} INFO - 25/12/16 03:30:40 INFO TaskSetManager: Finished task 3.0 in stage 91.0 (TID 901) in 190 ms on 172.18.0.7 (executor 0) (14/50)
[2025-12-16T03:30:40.341+0000] {subprocess.py:106} INFO - 25/12/16 03:30:40 INFO TaskSetManager: Starting task 28.0 in stage 91.0 (TID 926) (172.18.0.7, executor 0, partition 28, PROCESS_LOCAL, 7356 bytes)
[2025-12-16T03:30:40.346+0000] {subprocess.py:106} INFO - 25/12/16 03:30:40 INFO TaskSetManager: Finished task 0.0 in stage 91.0 (TID 898) in 202 ms on 172.18.0.7 (executor 0) (15/50)
[2025-12-16T03:30:40.348+0000] {subprocess.py:106} INFO - 25/12/16 03:30:40 INFO TaskSetManager: Starting task 29.0 in stage 91.0 (TID 927) (172.18.0.7, executor 0, partition 29, PROCESS_LOCAL, 7356 bytes)
[2025-12-16T03:30:40.350+0000] {subprocess.py:106} INFO - 25/12/16 03:30:40 INFO TaskSetManager: Finished task 30.0 in stage 91.0 (TID 896) in 205 ms on 172.18.0.7 (executor 0) (16/50)
[2025-12-16T03:30:40.352+0000] {subprocess.py:106} INFO - 25/12/16 03:30:40 INFO BlockManagerInfo: Added rdd_250_15 in memory on 172.18.0.7:36801 (size: 46.0 B, free: 433.9 MiB)
[2025-12-16T03:30:40.354+0000] {subprocess.py:106} INFO - 25/12/16 03:30:40 INFO BlockManagerInfo: Added rdd_250_14 in memory on 172.18.0.7:36801 (size: 46.0 B, free: 433.9 MiB)
[2025-12-16T03:30:40.365+0000] {subprocess.py:106} INFO - 25/12/16 03:30:40 INFO BlockManagerInfo: Added rdd_250_16 in memory on 172.18.0.7:36801 (size: 46.0 B, free: 433.9 MiB)
[2025-12-16T03:30:40.367+0000] {subprocess.py:106} INFO - 25/12/16 03:30:40 INFO BlockManagerInfo: Added rdd_250_18 in memory on 172.18.0.7:36801 (size: 46.0 B, free: 433.9 MiB)
[2025-12-16T03:30:40.371+0000] {subprocess.py:106} INFO - 25/12/16 03:30:40 INFO BlockManagerInfo: Added rdd_250_17 in memory on 172.18.0.7:36801 (size: 46.0 B, free: 433.9 MiB)
[2025-12-16T03:30:40.374+0000] {subprocess.py:106} INFO - 25/12/16 03:30:40 INFO BlockManagerInfo: Added rdd_250_19 in memory on 172.18.0.7:36801 (size: 46.0 B, free: 433.9 MiB)
[2025-12-16T03:30:40.391+0000] {subprocess.py:106} INFO - 25/12/16 03:30:40 INFO BlockManagerInfo: Added rdd_250_20 in memory on 172.18.0.7:36801 (size: 46.0 B, free: 433.9 MiB)
[2025-12-16T03:30:40.392+0000] {subprocess.py:106} INFO - 25/12/16 03:30:40 INFO BlockManagerInfo: Added rdd_250_21 in memory on 172.18.0.7:36801 (size: 46.0 B, free: 433.9 MiB)
[2025-12-16T03:30:40.395+0000] {subprocess.py:106} INFO - 25/12/16 03:30:40 INFO BlockManagerInfo: Added rdd_250_22 in memory on 172.18.0.7:36801 (size: 46.0 B, free: 433.9 MiB)
[2025-12-16T03:30:40.397+0000] {subprocess.py:106} INFO - 25/12/16 03:30:40 INFO BlockManagerInfo: Added rdd_250_24 in memory on 172.18.0.7:36801 (size: 46.0 B, free: 433.9 MiB)
[2025-12-16T03:30:40.400+0000] {subprocess.py:106} INFO - 25/12/16 03:30:40 INFO TaskSetManager: Starting task 31.0 in stage 91.0 (TID 928) (172.18.0.7, executor 0, partition 31, PROCESS_LOCAL, 7356 bytes)
[2025-12-16T03:30:40.402+0000] {subprocess.py:106} INFO - 25/12/16 03:30:40 INFO TaskSetManager: Finished task 15.0 in stage 91.0 (TID 913) in 123 ms on 172.18.0.7 (executor 0) (17/50)
[2025-12-16T03:30:40.403+0000] {subprocess.py:106} INFO - 25/12/16 03:30:40 INFO TaskSetManager: Starting task 32.0 in stage 91.0 (TID 929) (172.18.0.7, executor 0, partition 32, PROCESS_LOCAL, 7356 bytes)
[2025-12-16T03:30:40.403+0000] {subprocess.py:106} INFO - 25/12/16 03:30:40 INFO TaskSetManager: Finished task 14.0 in stage 91.0 (TID 912) in 128 ms on 172.18.0.7 (executor 0) (18/50)
[2025-12-16T03:30:40.404+0000] {subprocess.py:106} INFO - 25/12/16 03:30:40 INFO BlockManagerInfo: Added rdd_250_26 in memory on 172.18.0.7:36801 (size: 46.0 B, free: 433.9 MiB)
[2025-12-16T03:30:40.405+0000] {subprocess.py:106} INFO - 25/12/16 03:30:40 INFO TaskSetManager: Starting task 33.0 in stage 91.0 (TID 930) (172.18.0.7, executor 0, partition 33, PROCESS_LOCAL, 7356 bytes)
[2025-12-16T03:30:40.406+0000] {subprocess.py:106} INFO - 25/12/16 03:30:40 INFO TaskSetManager: Finished task 18.0 in stage 91.0 (TID 916) in 124 ms on 172.18.0.7 (executor 0) (19/50)
[2025-12-16T03:30:40.421+0000] {subprocess.py:106} INFO - 25/12/16 03:30:40 INFO TaskSetManager: Starting task 34.0 in stage 91.0 (TID 931) (172.18.0.7, executor 0, partition 34, PROCESS_LOCAL, 7356 bytes)
[2025-12-16T03:30:40.427+0000] {subprocess.py:106} INFO - 25/12/16 03:30:40 INFO TaskSetManager: Finished task 16.0 in stage 91.0 (TID 914) in 147 ms on 172.18.0.7 (executor 0) (20/50)
[2025-12-16T03:30:40.429+0000] {subprocess.py:106} INFO - 25/12/16 03:30:40 INFO TaskSetManager: Starting task 35.0 in stage 91.0 (TID 932) (172.18.0.7, executor 0, partition 35, PROCESS_LOCAL, 7356 bytes)
[2025-12-16T03:30:40.430+0000] {subprocess.py:106} INFO - 25/12/16 03:30:40 INFO TaskSetManager: Finished task 17.0 in stage 91.0 (TID 915) in 145 ms on 172.18.0.7 (executor 0) (21/50)
[2025-12-16T03:30:40.431+0000] {subprocess.py:106} INFO - 25/12/16 03:30:40 INFO TaskSetManager: Starting task 36.0 in stage 91.0 (TID 933) (172.18.0.7, executor 0, partition 36, PROCESS_LOCAL, 7356 bytes)
[2025-12-16T03:30:40.432+0000] {subprocess.py:106} INFO - 25/12/16 03:30:40 INFO TaskSetManager: Finished task 19.0 in stage 91.0 (TID 917) in 138 ms on 172.18.0.7 (executor 0) (22/50)
[2025-12-16T03:30:40.433+0000] {subprocess.py:106} INFO - 25/12/16 03:30:40 INFO BlockManagerInfo: Added rdd_250_25 in memory on 172.18.0.7:36801 (size: 46.0 B, free: 433.9 MiB)
[2025-12-16T03:30:40.434+0000] {subprocess.py:106} INFO - 25/12/16 03:30:40 INFO BlockManagerInfo: Added rdd_250_28 in memory on 172.18.0.7:36801 (size: 46.0 B, free: 433.9 MiB)
[2025-12-16T03:30:40.436+0000] {subprocess.py:106} INFO - 25/12/16 03:30:40 INFO BlockManagerInfo: Added rdd_250_23 in memory on 172.18.0.7:36801 (size: 46.0 B, free: 433.9 MiB)
[2025-12-16T03:30:40.437+0000] {subprocess.py:106} INFO - 25/12/16 03:30:40 INFO BlockManagerInfo: Added rdd_250_27 in memory on 172.18.0.7:36801 (size: 46.0 B, free: 433.9 MiB)
[2025-12-16T03:30:40.441+0000] {subprocess.py:106} INFO - 25/12/16 03:30:40 INFO BlockManagerInfo: Added rdd_250_29 in memory on 172.18.0.7:36801 (size: 46.0 B, free: 433.9 MiB)
[2025-12-16T03:30:40.443+0000] {subprocess.py:106} INFO - 25/12/16 03:30:40 INFO TaskSetManager: Starting task 37.0 in stage 91.0 (TID 934) (172.18.0.7, executor 0, partition 37, PROCESS_LOCAL, 7356 bytes)
[2025-12-16T03:30:40.446+0000] {subprocess.py:106} INFO - 25/12/16 03:30:40 INFO TaskSetManager: Starting task 38.0 in stage 91.0 (TID 935) (172.18.0.7, executor 0, partition 38, PROCESS_LOCAL, 7356 bytes)
[2025-12-16T03:30:40.447+0000] {subprocess.py:106} INFO - 25/12/16 03:30:40 INFO TaskSetManager: Finished task 20.0 in stage 91.0 (TID 918) in 154 ms on 172.18.0.7 (executor 0) (23/50)
[2025-12-16T03:30:40.450+0000] {subprocess.py:106} INFO - 25/12/16 03:30:40 INFO TaskSetManager: Finished task 21.0 in stage 91.0 (TID 919) in 155 ms on 172.18.0.7 (executor 0) (24/50)
[2025-12-16T03:30:40.451+0000] {subprocess.py:106} INFO - 25/12/16 03:30:40 INFO TaskSetManager: Starting task 39.0 in stage 91.0 (TID 936) (172.18.0.7, executor 0, partition 39, PROCESS_LOCAL, 7356 bytes)
[2025-12-16T03:30:40.452+0000] {subprocess.py:106} INFO - 25/12/16 03:30:40 INFO TaskSetManager: Starting task 40.0 in stage 91.0 (TID 937) (172.18.0.7, executor 0, partition 40, PROCESS_LOCAL, 7356 bytes)
[2025-12-16T03:30:40.454+0000] {subprocess.py:106} INFO - 25/12/16 03:30:40 INFO TaskSetManager: Finished task 22.0 in stage 91.0 (TID 920) in 161 ms on 172.18.0.7 (executor 0) (25/50)
[2025-12-16T03:30:40.458+0000] {subprocess.py:106} INFO - 25/12/16 03:30:40 INFO TaskSetManager: Starting task 41.0 in stage 91.0 (TID 938) (172.18.0.7, executor 0, partition 41, PROCESS_LOCAL, 7356 bytes)
[2025-12-16T03:30:40.460+0000] {subprocess.py:106} INFO - 25/12/16 03:30:40 INFO TaskSetManager: Finished task 26.0 in stage 91.0 (TID 924) in 125 ms on 172.18.0.7 (executor 0) (26/50)
[2025-12-16T03:30:40.461+0000] {subprocess.py:106} INFO - 25/12/16 03:30:40 INFO TaskSetManager: Finished task 24.0 in stage 91.0 (TID 922) in 156 ms on 172.18.0.7 (executor 0) (27/50)
[2025-12-16T03:30:40.463+0000] {subprocess.py:106} INFO - 25/12/16 03:30:40 INFO TaskSetManager: Starting task 43.0 in stage 91.0 (TID 939) (172.18.0.7, executor 0, partition 43, PROCESS_LOCAL, 7356 bytes)
[2025-12-16T03:30:40.464+0000] {subprocess.py:106} INFO - 25/12/16 03:30:40 INFO TaskSetManager: Finished task 28.0 in stage 91.0 (TID 926) in 120 ms on 172.18.0.7 (executor 0) (28/50)
[2025-12-16T03:30:40.471+0000] {subprocess.py:106} INFO - 25/12/16 03:30:40 INFO TaskSetManager: Starting task 44.0 in stage 91.0 (TID 940) (172.18.0.7, executor 0, partition 44, PROCESS_LOCAL, 7356 bytes)
[2025-12-16T03:30:40.473+0000] {subprocess.py:106} INFO - 25/12/16 03:30:40 INFO TaskSetManager: Starting task 45.0 in stage 91.0 (TID 941) (172.18.0.7, executor 0, partition 45, PROCESS_LOCAL, 7356 bytes)
[2025-12-16T03:30:40.475+0000] {subprocess.py:106} INFO - 25/12/16 03:30:40 INFO BlockManagerInfo: Added rdd_250_32 in memory on 172.18.0.7:36801 (size: 46.0 B, free: 433.9 MiB)
[2025-12-16T03:30:40.476+0000] {subprocess.py:106} INFO - 25/12/16 03:30:40 INFO TaskSetManager: Finished task 25.0 in stage 91.0 (TID 923) in 173 ms on 172.18.0.7 (executor 0) (29/50)
[2025-12-16T03:30:40.477+0000] {subprocess.py:106} INFO - 25/12/16 03:30:40 INFO TaskSetManager: Finished task 23.0 in stage 91.0 (TID 921) in 177 ms on 172.18.0.7 (executor 0) (30/50)
[2025-12-16T03:30:40.478+0000] {subprocess.py:106} INFO - 25/12/16 03:30:40 INFO TaskSetManager: Starting task 46.0 in stage 91.0 (TID 942) (172.18.0.7, executor 0, partition 46, PROCESS_LOCAL, 7356 bytes)
[2025-12-16T03:30:40.486+0000] {subprocess.py:106} INFO - 25/12/16 03:30:40 INFO TaskSetManager: Finished task 27.0 in stage 91.0 (TID 925) in 148 ms on 172.18.0.7 (executor 0) (31/50)
[2025-12-16T03:30:40.487+0000] {subprocess.py:106} INFO - 25/12/16 03:30:40 INFO BlockManagerInfo: Added rdd_250_34 in memory on 172.18.0.7:36801 (size: 46.0 B, free: 433.9 MiB)
[2025-12-16T03:30:40.489+0000] {subprocess.py:106} INFO - 25/12/16 03:30:40 INFO BlockManagerInfo: Added rdd_250_35 in memory on 172.18.0.7:36801 (size: 46.0 B, free: 433.9 MiB)
[2025-12-16T03:30:40.490+0000] {subprocess.py:106} INFO - 25/12/16 03:30:40 INFO BlockManagerInfo: Added rdd_250_31 in memory on 172.18.0.7:36801 (size: 46.0 B, free: 433.9 MiB)
[2025-12-16T03:30:40.499+0000] {subprocess.py:106} INFO - 25/12/16 03:30:40 INFO BlockManagerInfo: Added rdd_250_33 in memory on 172.18.0.7:36801 (size: 46.0 B, free: 433.9 MiB)
[2025-12-16T03:30:40.503+0000] {subprocess.py:106} INFO - 25/12/16 03:30:40 INFO TaskSetManager: Starting task 47.0 in stage 91.0 (TID 943) (172.18.0.7, executor 0, partition 47, PROCESS_LOCAL, 7356 bytes)
[2025-12-16T03:30:40.505+0000] {subprocess.py:106} INFO - 25/12/16 03:30:40 INFO TaskSetManager: Starting task 48.0 in stage 91.0 (TID 944) (172.18.0.7, executor 0, partition 48, PROCESS_LOCAL, 7356 bytes)
[2025-12-16T03:30:40.506+0000] {subprocess.py:106} INFO - 25/12/16 03:30:40 INFO TaskSetManager: Finished task 29.0 in stage 91.0 (TID 927) in 160 ms on 172.18.0.7 (executor 0) (32/50)
[2025-12-16T03:30:40.508+0000] {subprocess.py:106} INFO - 25/12/16 03:30:40 INFO TaskSetManager: Finished task 32.0 in stage 91.0 (TID 929) in 112 ms on 172.18.0.7 (executor 0) (33/50)
[2025-12-16T03:30:40.511+0000] {subprocess.py:106} INFO - 25/12/16 03:30:40 INFO TaskSetManager: Finished task 35.0 in stage 91.0 (TID 932) in 91 ms on 172.18.0.7 (executor 0) (34/50)
[2025-12-16T03:30:40.513+0000] {subprocess.py:106} INFO - 25/12/16 03:30:40 INFO TaskSetManager: Starting task 49.0 in stage 91.0 (TID 945) (172.18.0.7, executor 0, partition 49, PROCESS_LOCAL, 7356 bytes)
[2025-12-16T03:30:40.514+0000] {subprocess.py:106} INFO - 25/12/16 03:30:40 INFO TaskSetManager: Finished task 34.0 in stage 91.0 (TID 931) in 96 ms on 172.18.0.7 (executor 0) (35/50)
[2025-12-16T03:30:40.517+0000] {subprocess.py:106} INFO - 25/12/16 03:30:40 INFO BlockManagerInfo: Added rdd_250_36 in memory on 172.18.0.7:36801 (size: 46.0 B, free: 433.9 MiB)
[2025-12-16T03:30:40.551+0000] {subprocess.py:106} INFO - 25/12/16 03:30:40 INFO TaskSetManager: Finished task 33.0 in stage 91.0 (TID 930) in 148 ms on 172.18.0.7 (executor 0) (36/50)
[2025-12-16T03:30:40.554+0000] {subprocess.py:106} INFO - 25/12/16 03:30:40 INFO BlockManagerInfo: Added rdd_250_43 in memory on 172.18.0.7:36801 (size: 46.0 B, free: 433.9 MiB)
[2025-12-16T03:30:40.555+0000] {subprocess.py:106} INFO - 25/12/16 03:30:40 INFO BlockManagerInfo: Added rdd_250_40 in memory on 172.18.0.7:36801 (size: 46.0 B, free: 433.9 MiB)
[2025-12-16T03:30:40.556+0000] {subprocess.py:106} INFO - 25/12/16 03:30:40 INFO TaskSetManager: Finished task 31.0 in stage 91.0 (TID 928) in 160 ms on 172.18.0.7 (executor 0) (37/50)
[2025-12-16T03:30:40.559+0000] {subprocess.py:106} INFO - 25/12/16 03:30:40 INFO BlockManagerInfo: Added rdd_250_44 in memory on 172.18.0.7:36801 (size: 46.0 B, free: 433.9 MiB)
[2025-12-16T03:30:40.565+0000] {subprocess.py:106} INFO - 25/12/16 03:30:40 INFO TaskSetManager: Finished task 36.0 in stage 91.0 (TID 933) in 136 ms on 172.18.0.7 (executor 0) (38/50)
[2025-12-16T03:30:40.571+0000] {subprocess.py:106} INFO - 25/12/16 03:30:40 INFO BlockManagerInfo: Added rdd_250_38 in memory on 172.18.0.7:36801 (size: 46.0 B, free: 433.9 MiB)
[2025-12-16T03:30:40.573+0000] {subprocess.py:106} INFO - 25/12/16 03:30:40 INFO BlockManagerInfo: Added rdd_250_37 in memory on 172.18.0.7:36801 (size: 46.0 B, free: 433.9 MiB)
[2025-12-16T03:30:40.574+0000] {subprocess.py:106} INFO - 25/12/16 03:30:40 INFO BlockManagerInfo: Added rdd_250_39 in memory on 172.18.0.7:36801 (size: 46.0 B, free: 433.9 MiB)
[2025-12-16T03:30:40.575+0000] {subprocess.py:106} INFO - 25/12/16 03:30:40 INFO BlockManagerInfo: Added rdd_250_41 in memory on 172.18.0.7:36801 (size: 46.0 B, free: 433.9 MiB)
[2025-12-16T03:30:40.579+0000] {subprocess.py:106} INFO - 25/12/16 03:30:40 INFO BlockManagerInfo: Added rdd_250_46 in memory on 172.18.0.7:36801 (size: 46.0 B, free: 433.9 MiB)
[2025-12-16T03:30:40.582+0000] {subprocess.py:106} INFO - 25/12/16 03:30:40 INFO TaskSetManager: Finished task 40.0 in stage 91.0 (TID 937) in 134 ms on 172.18.0.7 (executor 0) (39/50)
[2025-12-16T03:30:40.586+0000] {subprocess.py:106} INFO - 25/12/16 03:30:40 INFO BlockManagerInfo: Added rdd_250_49 in memory on 172.18.0.7:36801 (size: 46.0 B, free: 433.9 MiB)
[2025-12-16T03:30:40.588+0000] {subprocess.py:106} INFO - 25/12/16 03:30:40 INFO TaskSetManager: Finished task 44.0 in stage 91.0 (TID 940) in 115 ms on 172.18.0.7 (executor 0) (40/50)
[2025-12-16T03:30:40.589+0000] {subprocess.py:106} INFO - 25/12/16 03:30:40 INFO BlockManagerInfo: Added rdd_250_47 in memory on 172.18.0.7:36801 (size: 46.0 B, free: 433.9 MiB)
[2025-12-16T03:30:40.590+0000] {subprocess.py:106} INFO - 25/12/16 03:30:40 INFO TaskSetManager: Finished task 37.0 in stage 91.0 (TID 934) in 144 ms on 172.18.0.7 (executor 0) (41/50)
[2025-12-16T03:30:40.591+0000] {subprocess.py:106} INFO - 25/12/16 03:30:40 INFO BlockManagerInfo: Added rdd_250_45 in memory on 172.18.0.7:36801 (size: 46.0 B, free: 433.9 MiB)
[2025-12-16T03:30:40.591+0000] {subprocess.py:106} INFO - 25/12/16 03:30:40 INFO TaskSetManager: Finished task 38.0 in stage 91.0 (TID 935) in 144 ms on 172.18.0.7 (executor 0) (42/50)
[2025-12-16T03:30:40.592+0000] {subprocess.py:106} INFO - 25/12/16 03:30:40 INFO TaskSetManager: Finished task 43.0 in stage 91.0 (TID 939) in 130 ms on 172.18.0.7 (executor 0) (43/50)
[2025-12-16T03:30:40.593+0000] {subprocess.py:106} INFO - 25/12/16 03:30:40 INFO TaskSetManager: Finished task 39.0 in stage 91.0 (TID 936) in 147 ms on 172.18.0.7 (executor 0) (44/50)
[2025-12-16T03:30:40.599+0000] {subprocess.py:106} INFO - 25/12/16 03:30:40 INFO BlockManagerInfo: Added rdd_250_48 in memory on 172.18.0.7:36801 (size: 46.0 B, free: 433.9 MiB)
[2025-12-16T03:30:40.600+0000] {subprocess.py:106} INFO - 25/12/16 03:30:40 INFO TaskSetManager: Finished task 41.0 in stage 91.0 (TID 938) in 148 ms on 172.18.0.7 (executor 0) (45/50)
[2025-12-16T03:30:40.605+0000] {subprocess.py:106} INFO - 25/12/16 03:30:40 INFO TaskSetManager: Finished task 46.0 in stage 91.0 (TID 942) in 128 ms on 172.18.0.7 (executor 0) (46/50)
[2025-12-16T03:30:40.608+0000] {subprocess.py:106} INFO - 25/12/16 03:30:40 INFO TaskSetManager: Finished task 45.0 in stage 91.0 (TID 941) in 137 ms on 172.18.0.7 (executor 0) (47/50)
[2025-12-16T03:30:40.609+0000] {subprocess.py:106} INFO - 25/12/16 03:30:40 INFO TaskSetManager: Finished task 47.0 in stage 91.0 (TID 943) in 109 ms on 172.18.0.7 (executor 0) (48/50)
[2025-12-16T03:30:40.610+0000] {subprocess.py:106} INFO - 25/12/16 03:30:40 INFO TaskSetManager: Finished task 49.0 in stage 91.0 (TID 945) in 99 ms on 172.18.0.7 (executor 0) (49/50)
[2025-12-16T03:30:40.617+0000] {subprocess.py:106} INFO - 25/12/16 03:30:40 INFO TaskSetManager: Finished task 48.0 in stage 91.0 (TID 944) in 114 ms on 172.18.0.7 (executor 0) (50/50)
[2025-12-16T03:30:40.618+0000] {subprocess.py:106} INFO - 25/12/16 03:30:40 INFO TaskSchedulerImpl: Removed TaskSet 91.0, whose tasks have all completed, from pool
[2025-12-16T03:30:40.619+0000] {subprocess.py:106} INFO - 25/12/16 03:30:40 INFO DAGScheduler: ShuffleMapStage 91 ($anonfun$recordDeltaOperationInternal$1 at DatabricksLogging.scala:128) finished in 0.493 s
[2025-12-16T03:30:40.620+0000] {subprocess.py:106} INFO - 25/12/16 03:30:40 INFO DAGScheduler: looking for newly runnable stages
[2025-12-16T03:30:40.621+0000] {subprocess.py:106} INFO - 25/12/16 03:30:40 INFO DAGScheduler: running: Set()
[2025-12-16T03:30:40.621+0000] {subprocess.py:106} INFO - 25/12/16 03:30:40 INFO DAGScheduler: waiting: Set()
[2025-12-16T03:30:40.622+0000] {subprocess.py:106} INFO - 25/12/16 03:30:40 INFO DAGScheduler: failed: Set()
[2025-12-16T03:30:40.640+0000] {subprocess.py:106} INFO - 25/12/16 03:30:40 INFO SparkContext: Starting job: $anonfun$recordDeltaOperationInternal$1 at DatabricksLogging.scala:128
[2025-12-16T03:30:40.641+0000] {subprocess.py:106} INFO - 25/12/16 03:30:40 INFO DAGScheduler: Got job 54 ($anonfun$recordDeltaOperationInternal$1 at DatabricksLogging.scala:128) with 1 output partitions
[2025-12-16T03:30:40.642+0000] {subprocess.py:106} INFO - 25/12/16 03:30:40 INFO DAGScheduler: Final stage: ResultStage 94 ($anonfun$recordDeltaOperationInternal$1 at DatabricksLogging.scala:128)
[2025-12-16T03:30:40.642+0000] {subprocess.py:106} INFO - 25/12/16 03:30:40 INFO DAGScheduler: Parents of final stage: List(ShuffleMapStage 93)
[2025-12-16T03:30:40.643+0000] {subprocess.py:106} INFO - 25/12/16 03:30:40 INFO DAGScheduler: Missing parents: List()
[2025-12-16T03:30:40.644+0000] {subprocess.py:106} INFO - 25/12/16 03:30:40 INFO DAGScheduler: Submitting ResultStage 94 (MapPartitionsRDD[256] at $anonfun$recordDeltaOperationInternal$1 at DatabricksLogging.scala:128), which has no missing parents
[2025-12-16T03:30:40.648+0000] {subprocess.py:106} INFO - 25/12/16 03:30:40 INFO MemoryStore: Block broadcast_91 stored as values in memory (estimated size 452.4 KiB, free 429.2 MiB)
[2025-12-16T03:30:40.650+0000] {subprocess.py:106} INFO - 25/12/16 03:30:40 INFO MemoryStore: Block broadcast_91_piece0 stored as bytes in memory (estimated size 108.1 KiB, free 429.1 MiB)
[2025-12-16T03:30:40.652+0000] {subprocess.py:106} INFO - 25/12/16 03:30:40 INFO BlockManagerInfo: Added broadcast_91_piece0 in memory on 3ad9a82189be:39783 (size: 108.1 KiB, free: 433.6 MiB)
[2025-12-16T03:30:40.653+0000] {subprocess.py:106} INFO - 25/12/16 03:30:40 INFO SparkContext: Created broadcast 91 from broadcast at DAGScheduler.scala:1535
[2025-12-16T03:30:40.655+0000] {subprocess.py:106} INFO - 25/12/16 03:30:40 INFO DAGScheduler: Submitting 1 missing tasks from ResultStage 94 (MapPartitionsRDD[256] at $anonfun$recordDeltaOperationInternal$1 at DatabricksLogging.scala:128) (first 15 tasks are for partitions Vector(0))
[2025-12-16T03:30:40.656+0000] {subprocess.py:106} INFO - 25/12/16 03:30:40 INFO TaskSchedulerImpl: Adding task set 94.0 with 1 tasks resource profile 0
[2025-12-16T03:30:40.657+0000] {subprocess.py:106} INFO - 25/12/16 03:30:40 INFO TaskSetManager: Starting task 0.0 in stage 94.0 (TID 946) (172.18.0.7, executor 0, partition 0, NODE_LOCAL, 7367 bytes)
[2025-12-16T03:30:40.662+0000] {subprocess.py:106} INFO - 25/12/16 03:30:40 INFO BlockManagerInfo: Added broadcast_91_piece0 in memory on 172.18.0.7:36801 (size: 108.1 KiB, free: 433.8 MiB)
[2025-12-16T03:30:40.670+0000] {subprocess.py:106} INFO - 25/12/16 03:30:40 INFO MapOutputTrackerMasterEndpoint: Asked to send map output locations for shuffle 21 to 172.18.0.7:43148
[2025-12-16T03:30:40.692+0000] {subprocess.py:106} INFO - 25/12/16 03:30:40 INFO TaskSetManager: Finished task 0.0 in stage 94.0 (TID 946) in 39 ms on 172.18.0.7 (executor 0) (1/1)
[2025-12-16T03:30:40.693+0000] {subprocess.py:106} INFO - 25/12/16 03:30:40 INFO TaskSchedulerImpl: Removed TaskSet 94.0, whose tasks have all completed, from pool
[2025-12-16T03:30:40.694+0000] {subprocess.py:106} INFO - 25/12/16 03:30:40 INFO DAGScheduler: ResultStage 94 ($anonfun$recordDeltaOperationInternal$1 at DatabricksLogging.scala:128) finished in 0.049 s
[2025-12-16T03:30:40.694+0000] {subprocess.py:106} INFO - 25/12/16 03:30:40 INFO DAGScheduler: Job 54 is finished. Cancelling potential speculative or zombie tasks for this job
[2025-12-16T03:30:40.695+0000] {subprocess.py:106} INFO - 25/12/16 03:30:40 INFO TaskSchedulerImpl: Killing all running tasks in stage 94: Stage finished
[2025-12-16T03:30:40.696+0000] {subprocess.py:106} INFO - 25/12/16 03:30:40 INFO DAGScheduler: Job 54 finished: $anonfun$recordDeltaOperationInternal$1 at DatabricksLogging.scala:128, took 0.052869 s
[2025-12-16T03:30:40.701+0000] {subprocess.py:106} INFO - 25/12/16 03:30:40 INFO Snapshot: [tableId=7b18240a-4a69-4c7f-a2e4-5d317e81ff36] DELTA: Done
[2025-12-16T03:30:40.812+0000] {subprocess.py:106} INFO - 25/12/16 03:30:40 INFO BlockManagerInfo: Removed broadcast_91_piece0 on 3ad9a82189be:39783 in memory (size: 108.1 KiB, free: 433.7 MiB)
[2025-12-16T03:30:40.814+0000] {subprocess.py:106} INFO - 25/12/16 03:30:40 INFO BlockManagerInfo: Removed broadcast_91_piece0 on 172.18.0.7:36801 in memory (size: 108.1 KiB, free: 433.9 MiB)
[2025-12-16T03:30:40.816+0000] {subprocess.py:106} INFO - 25/12/16 03:30:40 INFO SparkContext: Starting job: $anonfun$recordDeltaOperationInternal$1 at DatabricksLogging.scala:128
[2025-12-16T03:30:40.818+0000] {subprocess.py:106} INFO - 25/12/16 03:30:40 INFO BlockManagerInfo: Removed broadcast_90_piece0 on 3ad9a82189be:39783 in memory (size: 123.3 KiB, free: 433.8 MiB)
[2025-12-16T03:30:40.819+0000] {subprocess.py:106} INFO - 25/12/16 03:30:40 INFO DAGScheduler: Got job 55 ($anonfun$recordDeltaOperationInternal$1 at DatabricksLogging.scala:128) with 50 output partitions
[2025-12-16T03:30:40.820+0000] {subprocess.py:106} INFO - 25/12/16 03:30:40 INFO DAGScheduler: Final stage: ResultStage 96 ($anonfun$recordDeltaOperationInternal$1 at DatabricksLogging.scala:128)
[2025-12-16T03:30:40.821+0000] {subprocess.py:106} INFO - 25/12/16 03:30:40 INFO DAGScheduler: Parents of final stage: List(ShuffleMapStage 95)
[2025-12-16T03:30:40.821+0000] {subprocess.py:106} INFO - 25/12/16 03:30:40 INFO DAGScheduler: Missing parents: List()
[2025-12-16T03:30:40.822+0000] {subprocess.py:106} INFO - 25/12/16 03:30:40 INFO DAGScheduler: Submitting ResultStage 96 (MapPartitionsRDD[258] at $anonfun$recordDeltaOperationInternal$1 at DatabricksLogging.scala:128), which has no missing parents
[2025-12-16T03:30:40.822+0000] {subprocess.py:106} INFO - 25/12/16 03:30:40 INFO BlockManagerInfo: Removed broadcast_90_piece0 on 172.18.0.7:36801 in memory (size: 123.3 KiB, free: 434.1 MiB)
[2025-12-16T03:30:40.824+0000] {subprocess.py:106} INFO - 25/12/16 03:30:40 INFO MemoryStore: Block broadcast_92 stored as values in memory (estimated size 592.2 KiB, free 429.7 MiB)
[2025-12-16T03:30:40.826+0000] {subprocess.py:106} INFO - 25/12/16 03:30:40 INFO MemoryStore: Block broadcast_92_piece0 stored as bytes in memory (estimated size 138.5 KiB, free 429.6 MiB)
[2025-12-16T03:30:40.827+0000] {subprocess.py:106} INFO - 25/12/16 03:30:40 INFO BlockManagerInfo: Added broadcast_92_piece0 in memory on 3ad9a82189be:39783 (size: 138.5 KiB, free: 433.7 MiB)
[2025-12-16T03:30:40.828+0000] {subprocess.py:106} INFO - 25/12/16 03:30:40 INFO SparkContext: Created broadcast 92 from broadcast at DAGScheduler.scala:1535
[2025-12-16T03:30:40.829+0000] {subprocess.py:106} INFO - 25/12/16 03:30:40 INFO DAGScheduler: Submitting 50 missing tasks from ResultStage 96 (MapPartitionsRDD[258] at $anonfun$recordDeltaOperationInternal$1 at DatabricksLogging.scala:128) (first 15 tasks are for partitions Vector(0, 1, 2, 3, 4, 5, 6, 7, 8, 9, 10, 11, 12, 13, 14))
[2025-12-16T03:30:40.830+0000] {subprocess.py:106} INFO - 25/12/16 03:30:40 INFO TaskSchedulerImpl: Adding task set 96.0 with 50 tasks resource profile 0
[2025-12-16T03:30:40.831+0000] {subprocess.py:106} INFO - 25/12/16 03:30:40 INFO TaskSetManager: Starting task 0.0 in stage 96.0 (TID 947) (172.18.0.7, executor 0, partition 0, PROCESS_LOCAL, 7367 bytes)
[2025-12-16T03:30:40.831+0000] {subprocess.py:106} INFO - 25/12/16 03:30:40 INFO TaskSetManager: Starting task 1.0 in stage 96.0 (TID 948) (172.18.0.7, executor 0, partition 1, PROCESS_LOCAL, 7367 bytes)
[2025-12-16T03:30:40.832+0000] {subprocess.py:106} INFO - 25/12/16 03:30:40 INFO TaskSetManager: Starting task 2.0 in stage 96.0 (TID 949) (172.18.0.7, executor 0, partition 2, PROCESS_LOCAL, 7367 bytes)
[2025-12-16T03:30:40.832+0000] {subprocess.py:106} INFO - 25/12/16 03:30:40 INFO TaskSetManager: Starting task 3.0 in stage 96.0 (TID 950) (172.18.0.7, executor 0, partition 3, PROCESS_LOCAL, 7367 bytes)
[2025-12-16T03:30:40.833+0000] {subprocess.py:106} INFO - 25/12/16 03:30:40 INFO TaskSetManager: Starting task 4.0 in stage 96.0 (TID 951) (172.18.0.7, executor 0, partition 4, PROCESS_LOCAL, 7367 bytes)
[2025-12-16T03:30:40.834+0000] {subprocess.py:106} INFO - 25/12/16 03:30:40 INFO TaskSetManager: Starting task 5.0 in stage 96.0 (TID 952) (172.18.0.7, executor 0, partition 5, PROCESS_LOCAL, 7367 bytes)
[2025-12-16T03:30:40.834+0000] {subprocess.py:106} INFO - 25/12/16 03:30:40 INFO TaskSetManager: Starting task 6.0 in stage 96.0 (TID 953) (172.18.0.7, executor 0, partition 6, PROCESS_LOCAL, 7367 bytes)
[2025-12-16T03:30:40.835+0000] {subprocess.py:106} INFO - 25/12/16 03:30:40 INFO TaskSetManager: Starting task 7.0 in stage 96.0 (TID 954) (172.18.0.7, executor 0, partition 7, PROCESS_LOCAL, 7367 bytes)
[2025-12-16T03:30:40.836+0000] {subprocess.py:106} INFO - 25/12/16 03:30:40 INFO TaskSetManager: Starting task 8.0 in stage 96.0 (TID 955) (172.18.0.7, executor 0, partition 8, PROCESS_LOCAL, 7367 bytes)
[2025-12-16T03:30:40.836+0000] {subprocess.py:106} INFO - 25/12/16 03:30:40 INFO TaskSetManager: Starting task 9.0 in stage 96.0 (TID 956) (172.18.0.7, executor 0, partition 9, PROCESS_LOCAL, 7367 bytes)
[2025-12-16T03:30:40.837+0000] {subprocess.py:106} INFO - 25/12/16 03:30:40 INFO TaskSetManager: Starting task 10.0 in stage 96.0 (TID 957) (172.18.0.7, executor 0, partition 10, PROCESS_LOCAL, 7367 bytes)
[2025-12-16T03:30:40.838+0000] {subprocess.py:106} INFO - 25/12/16 03:30:40 INFO TaskSetManager: Starting task 11.0 in stage 96.0 (TID 958) (172.18.0.7, executor 0, partition 11, PROCESS_LOCAL, 7367 bytes)
[2025-12-16T03:30:40.838+0000] {subprocess.py:106} INFO - 25/12/16 03:30:40 INFO TaskSetManager: Starting task 12.0 in stage 96.0 (TID 959) (172.18.0.7, executor 0, partition 12, PROCESS_LOCAL, 7367 bytes)
[2025-12-16T03:30:40.839+0000] {subprocess.py:106} INFO - 25/12/16 03:30:40 INFO TaskSetManager: Starting task 13.0 in stage 96.0 (TID 960) (172.18.0.7, executor 0, partition 13, PROCESS_LOCAL, 7367 bytes)
[2025-12-16T03:30:40.839+0000] {subprocess.py:106} INFO - 25/12/16 03:30:40 INFO TaskSetManager: Starting task 14.0 in stage 96.0 (TID 961) (172.18.0.7, executor 0, partition 14, PROCESS_LOCAL, 7367 bytes)
[2025-12-16T03:30:40.840+0000] {subprocess.py:106} INFO - 25/12/16 03:30:40 INFO TaskSetManager: Starting task 15.0 in stage 96.0 (TID 962) (172.18.0.7, executor 0, partition 15, PROCESS_LOCAL, 7367 bytes)
[2025-12-16T03:30:40.841+0000] {subprocess.py:106} INFO - 25/12/16 03:30:40 INFO BlockManagerInfo: Added broadcast_92_piece0 in memory on 172.18.0.7:36801 (size: 138.5 KiB, free: 433.9 MiB)
[2025-12-16T03:30:40.863+0000] {subprocess.py:106} INFO - 25/12/16 03:30:40 INFO TaskSetManager: Starting task 16.0 in stage 96.0 (TID 963) (172.18.0.7, executor 0, partition 16, PROCESS_LOCAL, 7367 bytes)
[2025-12-16T03:30:40.865+0000] {subprocess.py:106} INFO - 25/12/16 03:30:40 INFO TaskSetManager: Starting task 17.0 in stage 96.0 (TID 964) (172.18.0.7, executor 0, partition 17, PROCESS_LOCAL, 7367 bytes)
[2025-12-16T03:30:40.867+0000] {subprocess.py:106} INFO - 25/12/16 03:30:40 INFO TaskSetManager: Starting task 18.0 in stage 96.0 (TID 965) (172.18.0.7, executor 0, partition 18, PROCESS_LOCAL, 7367 bytes)
[2025-12-16T03:30:40.868+0000] {subprocess.py:106} INFO - 25/12/16 03:30:40 INFO TaskSetManager: Starting task 19.0 in stage 96.0 (TID 966) (172.18.0.7, executor 0, partition 19, PROCESS_LOCAL, 7367 bytes)
[2025-12-16T03:30:40.871+0000] {subprocess.py:106} INFO - 25/12/16 03:30:40 INFO TaskSetManager: Starting task 20.0 in stage 96.0 (TID 967) (172.18.0.7, executor 0, partition 20, PROCESS_LOCAL, 7367 bytes)
[2025-12-16T03:30:40.872+0000] {subprocess.py:106} INFO - 25/12/16 03:30:40 INFO TaskSetManager: Starting task 21.0 in stage 96.0 (TID 968) (172.18.0.7, executor 0, partition 21, PROCESS_LOCAL, 7367 bytes)
[2025-12-16T03:30:40.874+0000] {subprocess.py:106} INFO - 25/12/16 03:30:40 INFO TaskSetManager: Finished task 8.0 in stage 96.0 (TID 955) in 34 ms on 172.18.0.7 (executor 0) (1/50)
[2025-12-16T03:30:40.876+0000] {subprocess.py:106} INFO - 25/12/16 03:30:40 INFO TaskSetManager: Finished task 14.0 in stage 96.0 (TID 961) in 33 ms on 172.18.0.7 (executor 0) (2/50)
[2025-12-16T03:30:40.877+0000] {subprocess.py:106} INFO - 25/12/16 03:30:40 INFO TaskSetManager: Finished task 10.0 in stage 96.0 (TID 957) in 35 ms on 172.18.0.7 (executor 0) (3/50)
[2025-12-16T03:30:40.878+0000] {subprocess.py:106} INFO - 25/12/16 03:30:40 INFO TaskSetManager: Finished task 11.0 in stage 96.0 (TID 958) in 35 ms on 172.18.0.7 (executor 0) (4/50)
[2025-12-16T03:30:40.880+0000] {subprocess.py:106} INFO - 25/12/16 03:30:40 INFO TaskSetManager: Finished task 2.0 in stage 96.0 (TID 949) in 36 ms on 172.18.0.7 (executor 0) (5/50)
[2025-12-16T03:30:40.882+0000] {subprocess.py:106} INFO - 25/12/16 03:30:40 INFO TaskSetManager: Finished task 12.0 in stage 96.0 (TID 959) in 34 ms on 172.18.0.7 (executor 0) (6/50)
[2025-12-16T03:30:40.887+0000] {subprocess.py:106} INFO - 25/12/16 03:30:40 INFO TaskSetManager: Starting task 22.0 in stage 96.0 (TID 969) (172.18.0.7, executor 0, partition 22, PROCESS_LOCAL, 7367 bytes)
[2025-12-16T03:30:40.892+0000] {subprocess.py:106} INFO - 25/12/16 03:30:40 INFO TaskSetManager: Finished task 4.0 in stage 96.0 (TID 951) in 38 ms on 172.18.0.7 (executor 0) (7/50)
[2025-12-16T03:30:40.896+0000] {subprocess.py:106} INFO - 25/12/16 03:30:40 INFO TaskSetManager: Starting task 23.0 in stage 96.0 (TID 970) (172.18.0.7, executor 0, partition 23, PROCESS_LOCAL, 7367 bytes)
[2025-12-16T03:30:40.903+0000] {subprocess.py:106} INFO - 25/12/16 03:30:40 INFO TaskSetManager: Finished task 0.0 in stage 96.0 (TID 947) in 39 ms on 172.18.0.7 (executor 0) (8/50)
[2025-12-16T03:30:40.905+0000] {subprocess.py:106} INFO - 25/12/16 03:30:40 INFO TaskSetManager: Starting task 24.0 in stage 96.0 (TID 971) (172.18.0.7, executor 0, partition 24, PROCESS_LOCAL, 7367 bytes)
[2025-12-16T03:30:40.906+0000] {subprocess.py:106} INFO - 25/12/16 03:30:40 INFO TaskSetManager: Finished task 9.0 in stage 96.0 (TID 956) in 38 ms on 172.18.0.7 (executor 0) (9/50)
[2025-12-16T03:30:40.907+0000] {subprocess.py:106} INFO - 25/12/16 03:30:40 INFO TaskSetManager: Finished task 13.0 in stage 96.0 (TID 960) in 38 ms on 172.18.0.7 (executor 0) (10/50)
[2025-12-16T03:30:40.908+0000] {subprocess.py:106} INFO - 25/12/16 03:30:40 INFO TaskSetManager: Starting task 25.0 in stage 96.0 (TID 972) (172.18.0.7, executor 0, partition 25, PROCESS_LOCAL, 7367 bytes)
[2025-12-16T03:30:40.909+0000] {subprocess.py:106} INFO - 25/12/16 03:30:40 INFO TaskSetManager: Starting task 26.0 in stage 96.0 (TID 973) (172.18.0.7, executor 0, partition 26, PROCESS_LOCAL, 7367 bytes)
[2025-12-16T03:30:40.910+0000] {subprocess.py:106} INFO - 25/12/16 03:30:40 INFO TaskSetManager: Starting task 27.0 in stage 96.0 (TID 974) (172.18.0.7, executor 0, partition 27, PROCESS_LOCAL, 7367 bytes)
[2025-12-16T03:30:40.912+0000] {subprocess.py:106} INFO - 25/12/16 03:30:40 INFO TaskSetManager: Starting task 28.0 in stage 96.0 (TID 975) (172.18.0.7, executor 0, partition 28, PROCESS_LOCAL, 7367 bytes)
[2025-12-16T03:30:40.912+0000] {subprocess.py:106} INFO - 25/12/16 03:30:40 INFO TaskSetManager: Finished task 1.0 in stage 96.0 (TID 948) in 42 ms on 172.18.0.7 (executor 0) (11/50)
[2025-12-16T03:30:40.913+0000] {subprocess.py:106} INFO - 25/12/16 03:30:40 INFO TaskSetManager: Starting task 29.0 in stage 96.0 (TID 976) (172.18.0.7, executor 0, partition 29, PROCESS_LOCAL, 7367 bytes)
[2025-12-16T03:30:40.914+0000] {subprocess.py:106} INFO - 25/12/16 03:30:40 INFO TaskSetManager: Starting task 30.0 in stage 96.0 (TID 977) (172.18.0.7, executor 0, partition 30, PROCESS_LOCAL, 7367 bytes)
[2025-12-16T03:30:40.915+0000] {subprocess.py:106} INFO - 25/12/16 03:30:40 INFO TaskSetManager: Finished task 6.0 in stage 96.0 (TID 953) in 42 ms on 172.18.0.7 (executor 0) (12/50)
[2025-12-16T03:30:40.915+0000] {subprocess.py:106} INFO - 25/12/16 03:30:40 INFO TaskSetManager: Finished task 15.0 in stage 96.0 (TID 962) in 41 ms on 172.18.0.7 (executor 0) (13/50)
[2025-12-16T03:30:40.916+0000] {subprocess.py:106} INFO - 25/12/16 03:30:40 INFO TaskSetManager: Finished task 3.0 in stage 96.0 (TID 950) in 44 ms on 172.18.0.7 (executor 0) (14/50)
[2025-12-16T03:30:40.916+0000] {subprocess.py:106} INFO - 25/12/16 03:30:40 INFO TaskSetManager: Starting task 31.0 in stage 96.0 (TID 978) (172.18.0.7, executor 0, partition 31, PROCESS_LOCAL, 7367 bytes)
[2025-12-16T03:30:40.917+0000] {subprocess.py:106} INFO - 25/12/16 03:30:40 INFO TaskSetManager: Finished task 5.0 in stage 96.0 (TID 952) in 46 ms on 172.18.0.7 (executor 0) (15/50)
[2025-12-16T03:30:40.918+0000] {subprocess.py:106} INFO - 25/12/16 03:30:40 INFO TaskSetManager: Finished task 7.0 in stage 96.0 (TID 954) in 46 ms on 172.18.0.7 (executor 0) (16/50)
[2025-12-16T03:30:40.918+0000] {subprocess.py:106} INFO - 25/12/16 03:30:40 INFO TaskSetManager: Starting task 32.0 in stage 96.0 (TID 979) (172.18.0.7, executor 0, partition 32, PROCESS_LOCAL, 7367 bytes)
[2025-12-16T03:30:40.919+0000] {subprocess.py:106} INFO - 25/12/16 03:30:40 INFO TaskSetManager: Finished task 17.0 in stage 96.0 (TID 964) in 21 ms on 172.18.0.7 (executor 0) (17/50)
[2025-12-16T03:30:40.920+0000] {subprocess.py:106} INFO - 25/12/16 03:30:40 INFO TaskSetManager: Starting task 33.0 in stage 96.0 (TID 980) (172.18.0.7, executor 0, partition 33, PROCESS_LOCAL, 7367 bytes)
[2025-12-16T03:30:40.920+0000] {subprocess.py:106} INFO - 25/12/16 03:30:40 INFO TaskSetManager: Starting task 34.0 in stage 96.0 (TID 981) (172.18.0.7, executor 0, partition 34, PROCESS_LOCAL, 7367 bytes)
[2025-12-16T03:30:40.921+0000] {subprocess.py:106} INFO - 25/12/16 03:30:40 INFO TaskSetManager: Starting task 35.0 in stage 96.0 (TID 982) (172.18.0.7, executor 0, partition 35, PROCESS_LOCAL, 7367 bytes)
[2025-12-16T03:30:40.922+0000] {subprocess.py:106} INFO - 25/12/16 03:30:40 INFO TaskSetManager: Finished task 20.0 in stage 96.0 (TID 967) in 25 ms on 172.18.0.7 (executor 0) (18/50)
[2025-12-16T03:30:40.922+0000] {subprocess.py:106} INFO - 25/12/16 03:30:40 INFO TaskSetManager: Finished task 16.0 in stage 96.0 (TID 963) in 29 ms on 172.18.0.7 (executor 0) (19/50)
[2025-12-16T03:30:40.923+0000] {subprocess.py:106} INFO - 25/12/16 03:30:40 INFO TaskSetManager: Finished task 21.0 in stage 96.0 (TID 968) in 26 ms on 172.18.0.7 (executor 0) (20/50)
[2025-12-16T03:30:40.924+0000] {subprocess.py:106} INFO - 25/12/16 03:30:40 INFO TaskSetManager: Starting task 36.0 in stage 96.0 (TID 983) (172.18.0.7, executor 0, partition 36, PROCESS_LOCAL, 7367 bytes)
[2025-12-16T03:30:40.924+0000] {subprocess.py:106} INFO - 25/12/16 03:30:40 INFO TaskSetManager: Starting task 37.0 in stage 96.0 (TID 984) (172.18.0.7, executor 0, partition 37, PROCESS_LOCAL, 7367 bytes)
[2025-12-16T03:30:40.931+0000] {subprocess.py:106} INFO - 25/12/16 03:30:40 INFO TaskSetManager: Finished task 19.0 in stage 96.0 (TID 966) in 31 ms on 172.18.0.7 (executor 0) (21/50)
[2025-12-16T03:30:40.932+0000] {subprocess.py:106} INFO - 25/12/16 03:30:40 INFO TaskSetManager: Starting task 38.0 in stage 96.0 (TID 985) (172.18.0.7, executor 0, partition 38, PROCESS_LOCAL, 7367 bytes)
[2025-12-16T03:30:40.934+0000] {subprocess.py:106} INFO - 25/12/16 03:30:40 INFO TaskSetManager: Starting task 39.0 in stage 96.0 (TID 986) (172.18.0.7, executor 0, partition 39, PROCESS_LOCAL, 7367 bytes)
[2025-12-16T03:30:40.935+0000] {subprocess.py:106} INFO - 25/12/16 03:30:40 INFO TaskSetManager: Finished task 30.0 in stage 96.0 (TID 977) in 23 ms on 172.18.0.7 (executor 0) (22/50)
[2025-12-16T03:30:40.936+0000] {subprocess.py:106} INFO - 25/12/16 03:30:40 INFO TaskSetManager: Finished task 22.0 in stage 96.0 (TID 969) in 30 ms on 172.18.0.7 (executor 0) (23/50)
[2025-12-16T03:30:40.937+0000] {subprocess.py:106} INFO - 25/12/16 03:30:40 INFO TaskSetManager: Starting task 40.0 in stage 96.0 (TID 987) (172.18.0.7, executor 0, partition 40, PROCESS_LOCAL, 7367 bytes)
[2025-12-16T03:30:40.938+0000] {subprocess.py:106} INFO - 25/12/16 03:30:40 INFO TaskSetManager: Finished task 29.0 in stage 96.0 (TID 976) in 26 ms on 172.18.0.7 (executor 0) (24/50)
[2025-12-16T03:30:40.939+0000] {subprocess.py:106} INFO - 25/12/16 03:30:40 INFO TaskSetManager: Finished task 27.0 in stage 96.0 (TID 974) in 28 ms on 172.18.0.7 (executor 0) (25/50)
[2025-12-16T03:30:40.940+0000] {subprocess.py:106} INFO - 25/12/16 03:30:40 INFO TaskSetManager: Starting task 41.0 in stage 96.0 (TID 988) (172.18.0.7, executor 0, partition 41, PROCESS_LOCAL, 7367 bytes)
[2025-12-16T03:30:40.941+0000] {subprocess.py:106} INFO - 25/12/16 03:30:40 INFO TaskSetManager: Finished task 18.0 in stage 96.0 (TID 965) in 41 ms on 172.18.0.7 (executor 0) (26/50)
[2025-12-16T03:30:40.944+0000] {subprocess.py:106} INFO - 25/12/16 03:30:40 INFO TaskSetManager: Starting task 42.0 in stage 96.0 (TID 989) (172.18.0.7, executor 0, partition 42, PROCESS_LOCAL, 7367 bytes)
[2025-12-16T03:30:40.945+0000] {subprocess.py:106} INFO - 25/12/16 03:30:40 INFO TaskSetManager: Starting task 43.0 in stage 96.0 (TID 990) (172.18.0.7, executor 0, partition 43, PROCESS_LOCAL, 7367 bytes)
[2025-12-16T03:30:40.946+0000] {subprocess.py:106} INFO - 25/12/16 03:30:40 INFO TaskSetManager: Finished task 32.0 in stage 96.0 (TID 979) in 24 ms on 172.18.0.7 (executor 0) (27/50)
[2025-12-16T03:30:40.947+0000] {subprocess.py:106} INFO - 25/12/16 03:30:40 INFO TaskSetManager: Finished task 35.0 in stage 96.0 (TID 982) in 21 ms on 172.18.0.7 (executor 0) (28/50)
[2025-12-16T03:30:40.948+0000] {subprocess.py:106} INFO - 25/12/16 03:30:40 INFO TaskSetManager: Starting task 44.0 in stage 96.0 (TID 991) (172.18.0.7, executor 0, partition 44, PROCESS_LOCAL, 7367 bytes)
[2025-12-16T03:30:40.949+0000] {subprocess.py:106} INFO - 25/12/16 03:30:40 INFO TaskSetManager: Finished task 24.0 in stage 96.0 (TID 971) in 39 ms on 172.18.0.7 (executor 0) (29/50)
[2025-12-16T03:30:40.949+0000] {subprocess.py:106} INFO - 25/12/16 03:30:40 INFO TaskSetManager: Starting task 45.0 in stage 96.0 (TID 992) (172.18.0.7, executor 0, partition 45, PROCESS_LOCAL, 7367 bytes)
[2025-12-16T03:30:40.951+0000] {subprocess.py:106} INFO - 25/12/16 03:30:40 INFO TaskSetManager: Starting task 46.0 in stage 96.0 (TID 993) (172.18.0.7, executor 0, partition 46, PROCESS_LOCAL, 7367 bytes)
[2025-12-16T03:30:40.952+0000] {subprocess.py:106} INFO - 25/12/16 03:30:40 INFO TaskSetManager: Finished task 23.0 in stage 96.0 (TID 970) in 41 ms on 172.18.0.7 (executor 0) (30/50)
[2025-12-16T03:30:40.958+0000] {subprocess.py:106} INFO - 25/12/16 03:30:40 INFO TaskSetManager: Finished task 25.0 in stage 96.0 (TID 972) in 40 ms on 172.18.0.7 (executor 0) (31/50)
[2025-12-16T03:30:40.960+0000] {subprocess.py:106} INFO - 25/12/16 03:30:40 INFO TaskSetManager: Starting task 47.0 in stage 96.0 (TID 994) (172.18.0.7, executor 0, partition 47, PROCESS_LOCAL, 7367 bytes)
[2025-12-16T03:30:40.961+0000] {subprocess.py:106} INFO - 25/12/16 03:30:40 INFO TaskSetManager: Finished task 34.0 in stage 96.0 (TID 981) in 26 ms on 172.18.0.7 (executor 0) (32/50)
[2025-12-16T03:30:40.962+0000] {subprocess.py:106} INFO - 25/12/16 03:30:40 INFO TaskSetManager: Starting task 48.0 in stage 96.0 (TID 995) (172.18.0.7, executor 0, partition 48, PROCESS_LOCAL, 7367 bytes)
[2025-12-16T03:30:40.963+0000] {subprocess.py:106} INFO - 25/12/16 03:30:40 INFO TaskSetManager: Starting task 49.0 in stage 96.0 (TID 996) (172.18.0.7, executor 0, partition 49, PROCESS_LOCAL, 7367 bytes)
[2025-12-16T03:30:40.964+0000] {subprocess.py:106} INFO - 25/12/16 03:30:40 INFO TaskSetManager: Finished task 42.0 in stage 96.0 (TID 989) in 40 ms on 172.18.0.7 (executor 0) (33/50)
[2025-12-16T03:30:40.964+0000] {subprocess.py:106} INFO - 25/12/16 03:30:40 INFO TaskSetManager: Finished task 26.0 in stage 96.0 (TID 973) in 74 ms on 172.18.0.7 (executor 0) (34/50)
[2025-12-16T03:30:40.965+0000] {subprocess.py:106} INFO - 25/12/16 03:30:40 INFO TaskSetManager: Finished task 36.0 in stage 96.0 (TID 983) in 54 ms on 172.18.0.7 (executor 0) (35/50)
[2025-12-16T03:30:40.966+0000] {subprocess.py:106} INFO - 25/12/16 03:30:40 INFO TaskSetManager: Finished task 43.0 in stage 96.0 (TID 990) in 40 ms on 172.18.0.7 (executor 0) (36/50)
[2025-12-16T03:30:40.967+0000] {subprocess.py:106} INFO - 25/12/16 03:30:40 INFO TaskSetManager: Finished task 40.0 in stage 96.0 (TID 987) in 49 ms on 172.18.0.7 (executor 0) (37/50)
[2025-12-16T03:30:40.967+0000] {subprocess.py:106} INFO - 25/12/16 03:30:40 INFO TaskSetManager: Finished task 28.0 in stage 96.0 (TID 975) in 74 ms on 172.18.0.7 (executor 0) (38/50)
[2025-12-16T03:30:40.968+0000] {subprocess.py:106} INFO - 25/12/16 03:30:40 INFO TaskSetManager: Finished task 31.0 in stage 96.0 (TID 978) in 70 ms on 172.18.0.7 (executor 0) (39/50)
[2025-12-16T03:30:40.969+0000] {subprocess.py:106} INFO - 25/12/16 03:30:40 INFO TaskSetManager: Finished task 39.0 in stage 96.0 (TID 986) in 52 ms on 172.18.0.7 (executor 0) (40/50)
[2025-12-16T03:30:40.969+0000] {subprocess.py:106} INFO - 25/12/16 03:30:40 INFO TaskSetManager: Finished task 37.0 in stage 96.0 (TID 984) in 53 ms on 172.18.0.7 (executor 0) (41/50)
[2025-12-16T03:30:40.970+0000] {subprocess.py:106} INFO - 25/12/16 03:30:40 INFO TaskSetManager: Finished task 44.0 in stage 96.0 (TID 991) in 40 ms on 172.18.0.7 (executor 0) (42/50)
[2025-12-16T03:30:40.971+0000] {subprocess.py:106} INFO - 25/12/16 03:30:40 INFO TaskSetManager: Finished task 38.0 in stage 96.0 (TID 985) in 53 ms on 172.18.0.7 (executor 0) (43/50)
[2025-12-16T03:30:40.971+0000] {subprocess.py:106} INFO - 25/12/16 03:30:40 INFO TaskSetManager: Finished task 41.0 in stage 96.0 (TID 988) in 45 ms on 172.18.0.7 (executor 0) (44/50)
[2025-12-16T03:30:40.972+0000] {subprocess.py:106} INFO - 25/12/16 03:30:40 INFO TaskSetManager: Finished task 33.0 in stage 96.0 (TID 980) in 63 ms on 172.18.0.7 (executor 0) (45/50)
[2025-12-16T03:30:40.972+0000] {subprocess.py:106} INFO - 25/12/16 03:30:40 INFO TaskSetManager: Finished task 45.0 in stage 96.0 (TID 992) in 50 ms on 172.18.0.7 (executor 0) (46/50)
[2025-12-16T03:30:40.973+0000] {subprocess.py:106} INFO - 25/12/16 03:30:40 INFO TaskSetManager: Finished task 46.0 in stage 96.0 (TID 993) in 49 ms on 172.18.0.7 (executor 0) (47/50)
[2025-12-16T03:30:40.973+0000] {subprocess.py:106} INFO - 25/12/16 03:30:40 INFO TaskSetManager: Finished task 47.0 in stage 96.0 (TID 994) in 47 ms on 172.18.0.7 (executor 0) (48/50)
[2025-12-16T03:30:40.974+0000] {subprocess.py:106} INFO - 25/12/16 03:30:40 INFO TaskSetManager: Finished task 49.0 in stage 96.0 (TID 996) in 22 ms on 172.18.0.7 (executor 0) (49/50)
[2025-12-16T03:30:40.975+0000] {subprocess.py:106} INFO - 25/12/16 03:30:40 INFO TaskSetManager: Finished task 48.0 in stage 96.0 (TID 995) in 24 ms on 172.18.0.7 (executor 0) (50/50)
[2025-12-16T03:30:40.975+0000] {subprocess.py:106} INFO - 25/12/16 03:30:40 INFO TaskSchedulerImpl: Removed TaskSet 96.0, whose tasks have all completed, from pool
[2025-12-16T03:30:40.976+0000] {subprocess.py:106} INFO - 25/12/16 03:30:40 INFO DAGScheduler: ResultStage 96 ($anonfun$recordDeltaOperationInternal$1 at DatabricksLogging.scala:128) finished in 0.148 s
[2025-12-16T03:30:40.976+0000] {subprocess.py:106} INFO - 25/12/16 03:30:40 INFO DAGScheduler: Job 55 is finished. Cancelling potential speculative or zombie tasks for this job
[2025-12-16T03:30:40.977+0000] {subprocess.py:106} INFO - 25/12/16 03:30:40 INFO TaskSchedulerImpl: Killing all running tasks in stage 96: Stage finished
[2025-12-16T03:30:40.978+0000] {subprocess.py:106} INFO - 25/12/16 03:30:40 INFO DAGScheduler: Job 55 finished: $anonfun$recordDeltaOperationInternal$1 at DatabricksLogging.scala:128, took 0.151996 s
[2025-12-16T03:30:40.978+0000] {subprocess.py:106} INFO - 25/12/16 03:30:40 INFO OptimisticTransaction: [tableId=7b18240a,txnId=b71a6f85] Attempting to commit version 1 with 3 actions with Serializable isolation level
[2025-12-16T03:30:41.041+0000] {subprocess.py:106} INFO - 25/12/16 03:30:41 INFO DeltaLog: Creating a new snapshot v1 for commit version 1
[2025-12-16T03:30:41.041+0000] {subprocess.py:106} INFO - 25/12/16 03:30:41 INFO DeltaLog: Loading version 1.
[2025-12-16T03:30:41.045+0000] {subprocess.py:106} INFO - 25/12/16 03:30:41 INFO DeltaLogFileIndex: Created DeltaLogFileIndex(JSON, numFilesInSegment: 2, totalFileSize: 3548)
[2025-12-16T03:30:41.067+0000] {subprocess.py:106} INFO - 25/12/16 03:30:41 INFO FileSourceStrategy: Pushed Filters:
[2025-12-16T03:30:41.068+0000] {subprocess.py:106} INFO - 25/12/16 03:30:41 INFO FileSourceStrategy: Post-Scan Filters:
[2025-12-16T03:30:41.078+0000] {subprocess.py:106} INFO - 25/12/16 03:30:41 INFO MemoryStore: Block broadcast_93 stored as values in memory (estimated size 212.9 KiB, free 429.3 MiB)
[2025-12-16T03:30:41.084+0000] {subprocess.py:106} INFO - 25/12/16 03:30:41 INFO MemoryStore: Block broadcast_93_piece0 stored as bytes in memory (estimated size 36.3 KiB, free 429.3 MiB)
[2025-12-16T03:30:41.085+0000] {subprocess.py:106} INFO - 25/12/16 03:30:41 INFO BlockManagerInfo: Added broadcast_93_piece0 in memory on 3ad9a82189be:39783 (size: 36.3 KiB, free: 433.6 MiB)
[2025-12-16T03:30:41.086+0000] {subprocess.py:106} INFO - 25/12/16 03:30:41 INFO SparkContext: Created broadcast 93 from toString at <unknown>:0
[2025-12-16T03:30:41.087+0000] {subprocess.py:106} INFO - 25/12/16 03:30:41 INFO FileSourceScanExec: Planning scan with bin packing, max size: 4194304 bytes, open cost is considered as scanning 4194304 bytes.
[2025-12-16T03:30:41.097+0000] {subprocess.py:106} INFO - 25/12/16 03:30:41 INFO SparkContext: Starting job: toString at <unknown>:0
[2025-12-16T03:30:41.097+0000] {subprocess.py:106} INFO - 25/12/16 03:30:41 INFO DAGScheduler: Got job 56 (toString at <unknown>:0) with 2 output partitions
[2025-12-16T03:30:41.098+0000] {subprocess.py:106} INFO - 25/12/16 03:30:41 INFO DAGScheduler: Final stage: ResultStage 97 (toString at <unknown>:0)
[2025-12-16T03:30:41.099+0000] {subprocess.py:106} INFO - 25/12/16 03:30:41 INFO DAGScheduler: Parents of final stage: List()
[2025-12-16T03:30:41.100+0000] {subprocess.py:106} INFO - 25/12/16 03:30:41 INFO DAGScheduler: Missing parents: List()
[2025-12-16T03:30:41.100+0000] {subprocess.py:106} INFO - 25/12/16 03:30:41 INFO DAGScheduler: Submitting ResultStage 97 (MapPartitionsRDD[262] at toString at <unknown>:0), which has no missing parents
[2025-12-16T03:30:41.101+0000] {subprocess.py:106} INFO - 25/12/16 03:30:41 INFO MemoryStore: Block broadcast_94 stored as values in memory (estimated size 50.4 KiB, free 429.3 MiB)
[2025-12-16T03:30:41.101+0000] {subprocess.py:106} INFO - 25/12/16 03:30:41 INFO MemoryStore: Block broadcast_94_piece0 stored as bytes in memory (estimated size 15.5 KiB, free 429.2 MiB)
[2025-12-16T03:30:41.102+0000] {subprocess.py:106} INFO - 25/12/16 03:30:41 INFO BlockManagerInfo: Added broadcast_94_piece0 in memory on 3ad9a82189be:39783 (size: 15.5 KiB, free: 433.6 MiB)
[2025-12-16T03:30:41.103+0000] {subprocess.py:106} INFO - 25/12/16 03:30:41 INFO SparkContext: Created broadcast 94 from broadcast at DAGScheduler.scala:1535
[2025-12-16T03:30:41.103+0000] {subprocess.py:106} INFO - 25/12/16 03:30:41 INFO DAGScheduler: Submitting 2 missing tasks from ResultStage 97 (MapPartitionsRDD[262] at toString at <unknown>:0) (first 15 tasks are for partitions Vector(0, 1))
[2025-12-16T03:30:41.104+0000] {subprocess.py:106} INFO - 25/12/16 03:30:41 INFO TaskSchedulerImpl: Adding task set 97.0 with 2 tasks resource profile 0
[2025-12-16T03:30:41.105+0000] {subprocess.py:106} INFO - 25/12/16 03:30:41 INFO TaskSetManager: Starting task 0.0 in stage 97.0 (TID 997) (172.18.0.7, executor 0, partition 0, PROCESS_LOCAL, 7945 bytes)
[2025-12-16T03:30:41.106+0000] {subprocess.py:106} INFO - 25/12/16 03:30:41 INFO TaskSetManager: Starting task 1.0 in stage 97.0 (TID 998) (172.18.0.7, executor 0, partition 1, PROCESS_LOCAL, 7945 bytes)
[2025-12-16T03:30:41.110+0000] {subprocess.py:106} INFO - 25/12/16 03:30:41 INFO BlockManagerInfo: Added broadcast_94_piece0 in memory on 172.18.0.7:36801 (size: 15.5 KiB, free: 433.9 MiB)
[2025-12-16T03:30:41.121+0000] {subprocess.py:106} INFO - 25/12/16 03:30:41 INFO BlockManagerInfo: Added broadcast_93_piece0 in memory on 172.18.0.7:36801 (size: 36.3 KiB, free: 433.9 MiB)
[2025-12-16T03:30:41.141+0000] {subprocess.py:106} INFO - 25/12/16 03:30:41 INFO TaskSetManager: Finished task 1.0 in stage 97.0 (TID 998) in 38 ms on 172.18.0.7 (executor 0) (1/2)
[2025-12-16T03:30:41.145+0000] {subprocess.py:106} INFO - 25/12/16 03:30:41 INFO TaskSetManager: Finished task 0.0 in stage 97.0 (TID 997) in 39 ms on 172.18.0.7 (executor 0) (2/2)
[2025-12-16T03:30:41.146+0000] {subprocess.py:106} INFO - 25/12/16 03:30:41 INFO TaskSchedulerImpl: Removed TaskSet 97.0, whose tasks have all completed, from pool
[2025-12-16T03:30:41.147+0000] {subprocess.py:106} INFO - 25/12/16 03:30:41 INFO DAGScheduler: ResultStage 97 (toString at <unknown>:0) finished in 0.044 s
[2025-12-16T03:30:41.148+0000] {subprocess.py:106} INFO - 25/12/16 03:30:41 INFO DAGScheduler: Job 56 is finished. Cancelling potential speculative or zombie tasks for this job
[2025-12-16T03:30:41.149+0000] {subprocess.py:106} INFO - 25/12/16 03:30:41 INFO TaskSchedulerImpl: Killing all running tasks in stage 97: Stage finished
[2025-12-16T03:30:41.152+0000] {subprocess.py:106} INFO - 25/12/16 03:30:41 INFO DAGScheduler: Job 56 finished: toString at <unknown>:0, took 0.045518 s
[2025-12-16T03:30:41.153+0000] {subprocess.py:106} INFO - 25/12/16 03:30:41 INFO Snapshot: [tableId=7b18240a-4a69-4c7f-a2e4-5d317e81ff36] Created snapshot Snapshot(path=s3a://gold/dim_suppliers/_delta_log, version=1, metadata=Metadata(7b18240a-4a69-4c7f-a2e4-5d317e81ff36,null,null,Format(parquet,Map()),{"type":"struct","fields":[{"name":"supplier_key","type":"string","nullable":true,"metadata":{}},{"name":"supplier_id","type":"string","nullable":true,"metadata":{}},{"name":"supplier_name","type":"string","nullable":true,"metadata":{}},{"name":"phone","type":"string","nullable":true,"metadata":{}},{"name":"address","type":"string","nullable":true,"metadata":{}},{"name":"tax_id","type":"string","nullable":true,"metadata":{}},{"name":"last_updated","type":"timestamp","nullable":true,"metadata":{}}]},List(),Map(),Some(1765855795550)), logSegment=LogSegment(s3a://gold/dim_suppliers/_delta_log,1,WrappedArray(S3AFileStatus{path=s3a://gold/dim_suppliers/_delta_log/00000000000000000000.json; isDirectory=false; length=2085; replication=1; blocksize=33554432; modification_time=1765855797551; access_time=0; owner=root; group=root; permission=rw-rw-rw-; isSymlink=false; hasAcl=false; isEncrypted=true; isErasureCoded=false} isEmptyDirectory=FALSE eTag=a0a130cbe53ddd9df197fbcead85750d versionId=null, S3AFileStatus{path=s3a://gold/dim_suppliers/_delta_log/00000000000000000001.json; isDirectory=false; length=1463; replication=1; blocksize=33554432; modification_time=1765855841007; access_time=0; owner=root; group=root; permission=rw-rw-rw-; isSymlink=false; hasAcl=false; isEncrypted=true; isErasureCoded=false} isEmptyDirectory=FALSE eTag=64939ca64de1c6b0fb2351e71baf30a3 versionId=null),None,1765855841007), checksumOpt=None)
[2025-12-16T03:30:41.154+0000] {subprocess.py:106} INFO - 25/12/16 03:30:41 INFO DeltaLog: Updated snapshot to Snapshot(path=s3a://gold/dim_suppliers/_delta_log, version=1, metadata=Metadata(7b18240a-4a69-4c7f-a2e4-5d317e81ff36,null,null,Format(parquet,Map()),{"type":"struct","fields":[{"name":"supplier_key","type":"string","nullable":true,"metadata":{}},{"name":"supplier_id","type":"string","nullable":true,"metadata":{}},{"name":"supplier_name","type":"string","nullable":true,"metadata":{}},{"name":"phone","type":"string","nullable":true,"metadata":{}},{"name":"address","type":"string","nullable":true,"metadata":{}},{"name":"tax_id","type":"string","nullable":true,"metadata":{}},{"name":"last_updated","type":"timestamp","nullable":true,"metadata":{}}]},List(),Map(),Some(1765855795550)), logSegment=LogSegment(s3a://gold/dim_suppliers/_delta_log,1,WrappedArray(S3AFileStatus{path=s3a://gold/dim_suppliers/_delta_log/00000000000000000000.json; isDirectory=false; length=2085; replication=1; blocksize=33554432; modification_time=1765855797551; access_time=0; owner=root; group=root; permission=rw-rw-rw-; isSymlink=false; hasAcl=false; isEncrypted=true; isErasureCoded=false} isEmptyDirectory=FALSE eTag=a0a130cbe53ddd9df197fbcead85750d versionId=null, S3AFileStatus{path=s3a://gold/dim_suppliers/_delta_log/00000000000000000001.json; isDirectory=false; length=1463; replication=1; blocksize=33554432; modification_time=1765855841007; access_time=0; owner=root; group=root; permission=rw-rw-rw-; isSymlink=false; hasAcl=false; isEncrypted=true; isErasureCoded=false} isEmptyDirectory=FALSE eTag=64939ca64de1c6b0fb2351e71baf30a3 versionId=null),None,1765855841007), checksumOpt=None)
[2025-12-16T03:30:41.154+0000] {subprocess.py:106} INFO - 25/12/16 03:30:41 INFO MapPartitionsRDD: Removing RDD 250 from persistence list
[2025-12-16T03:30:41.155+0000] {subprocess.py:106} INFO - 25/12/16 03:30:41 INFO BlockManager: Removing RDD 250
[2025-12-16T03:30:41.155+0000] {subprocess.py:106} INFO - 25/12/16 03:30:41 INFO Snapshot: [tableId=7b18240a-4a69-4c7f-a2e4-5d317e81ff36] DELTA: Compute snapshot for version: 1
[2025-12-16T03:30:41.156+0000] {subprocess.py:106} INFO - 25/12/16 03:30:41 INFO MemoryStore: Block broadcast_95 stored as values in memory (estimated size 212.3 KiB, free 429.0 MiB)
[2025-12-16T03:30:41.160+0000] {subprocess.py:106} INFO - 25/12/16 03:30:41 INFO MemoryStore: Block broadcast_95_piece0 stored as bytes in memory (estimated size 36.2 KiB, free 429.0 MiB)
[2025-12-16T03:30:41.163+0000] {subprocess.py:106} INFO - 25/12/16 03:30:41 INFO BlockManagerInfo: Added broadcast_95_piece0 in memory on 3ad9a82189be:39783 (size: 36.2 KiB, free: 433.6 MiB)
[2025-12-16T03:30:41.163+0000] {subprocess.py:106} INFO - 25/12/16 03:30:41 INFO SparkContext: Created broadcast 95 from $anonfun$recordDeltaOperationInternal$1 at DatabricksLogging.scala:128
[2025-12-16T03:30:41.263+0000] {subprocess.py:106} INFO - 25/12/16 03:30:41 INFO FileSourceStrategy: Pushed Filters:
[2025-12-16T03:30:41.264+0000] {subprocess.py:106} INFO - 25/12/16 03:30:41 INFO FileSourceStrategy: Post-Scan Filters:
[2025-12-16T03:30:41.292+0000] {subprocess.py:106} INFO - 25/12/16 03:30:41 INFO BlockManagerInfo: Removed broadcast_92_piece0 on 3ad9a82189be:39783 in memory (size: 138.5 KiB, free: 433.7 MiB)
[2025-12-16T03:30:41.293+0000] {subprocess.py:106} INFO - 25/12/16 03:30:41 INFO BlockManagerInfo: Removed broadcast_92_piece0 on 172.18.0.7:36801 in memory (size: 138.5 KiB, free: 434.0 MiB)
[2025-12-16T03:30:41.296+0000] {subprocess.py:106} INFO - 25/12/16 03:30:41 INFO BlockManagerInfo: Removed broadcast_93_piece0 on 3ad9a82189be:39783 in memory (size: 36.3 KiB, free: 433.7 MiB)
[2025-12-16T03:30:41.297+0000] {subprocess.py:106} INFO - 25/12/16 03:30:41 INFO BlockManagerInfo: Removed broadcast_93_piece0 on 172.18.0.7:36801 in memory (size: 36.3 KiB, free: 434.0 MiB)
[2025-12-16T03:30:41.298+0000] {subprocess.py:106} INFO - 25/12/16 03:30:41 INFO MemoryStore: Block broadcast_96 stored as values in memory (estimated size 212.9 KiB, free 429.8 MiB)
[2025-12-16T03:30:41.300+0000] {subprocess.py:106} INFO - 25/12/16 03:30:41 INFO BlockManagerInfo: Removed broadcast_94_piece0 on 3ad9a82189be:39783 in memory (size: 15.5 KiB, free: 433.8 MiB)
[2025-12-16T03:30:41.301+0000] {subprocess.py:106} INFO - 25/12/16 03:30:41 INFO BlockManagerInfo: Removed broadcast_94_piece0 on 172.18.0.7:36801 in memory (size: 15.5 KiB, free: 434.1 MiB)
[2025-12-16T03:30:41.304+0000] {subprocess.py:106} INFO - 25/12/16 03:30:41 INFO MemoryStore: Block broadcast_96_piece0 stored as bytes in memory (estimated size 36.3 KiB, free 429.8 MiB)
[2025-12-16T03:30:41.305+0000] {subprocess.py:106} INFO - 25/12/16 03:30:41 INFO BlockManagerInfo: Added broadcast_96_piece0 in memory on 3ad9a82189be:39783 (size: 36.3 KiB, free: 433.7 MiB)
[2025-12-16T03:30:41.305+0000] {subprocess.py:106} INFO - 25/12/16 03:30:41 INFO SparkContext: Created broadcast 96 from $anonfun$recordDeltaOperationInternal$1 at DatabricksLogging.scala:128
[2025-12-16T03:30:41.306+0000] {subprocess.py:106} INFO - 25/12/16 03:30:41 INFO FileSourceScanExec: Planning scan with bin packing, max size: 4194304 bytes, open cost is considered as scanning 4194304 bytes.
[2025-12-16T03:30:41.312+0000] {subprocess.py:106} INFO - 25/12/16 03:30:41 INFO DAGScheduler: Registering RDD 266 ($anonfun$recordDeltaOperationInternal$1 at DatabricksLogging.scala:128) as input to shuffle 22
[2025-12-16T03:30:41.313+0000] {subprocess.py:106} INFO - 25/12/16 03:30:41 INFO DAGScheduler: Got map stage job 57 ($anonfun$recordDeltaOperationInternal$1 at DatabricksLogging.scala:128) with 2 output partitions
[2025-12-16T03:30:41.313+0000] {subprocess.py:106} INFO - 25/12/16 03:30:41 INFO DAGScheduler: Final stage: ShuffleMapStage 98 ($anonfun$recordDeltaOperationInternal$1 at DatabricksLogging.scala:128)
[2025-12-16T03:30:41.314+0000] {subprocess.py:106} INFO - 25/12/16 03:30:41 INFO DAGScheduler: Parents of final stage: List()
[2025-12-16T03:30:41.314+0000] {subprocess.py:106} INFO - 25/12/16 03:30:41 INFO DAGScheduler: Missing parents: List()
[2025-12-16T03:30:41.314+0000] {subprocess.py:106} INFO - 25/12/16 03:30:41 INFO DAGScheduler: Submitting ShuffleMapStage 98 (MapPartitionsRDD[266] at $anonfun$recordDeltaOperationInternal$1 at DatabricksLogging.scala:128), which has no missing parents
[2025-12-16T03:30:41.315+0000] {subprocess.py:106} INFO - 25/12/16 03:30:41 INFO MemoryStore: Block broadcast_97 stored as values in memory (estimated size 138.3 KiB, free 429.6 MiB)
[2025-12-16T03:30:41.317+0000] {subprocess.py:106} INFO - 25/12/16 03:30:41 INFO MemoryStore: Block broadcast_97_piece0 stored as bytes in memory (estimated size 39.0 KiB, free 429.6 MiB)
[2025-12-16T03:30:41.318+0000] {subprocess.py:106} INFO - 25/12/16 03:30:41 INFO BlockManagerInfo: Added broadcast_97_piece0 in memory on 3ad9a82189be:39783 (size: 39.0 KiB, free: 433.7 MiB)
[2025-12-16T03:30:41.318+0000] {subprocess.py:106} INFO - 25/12/16 03:30:41 INFO SparkContext: Created broadcast 97 from broadcast at DAGScheduler.scala:1535
[2025-12-16T03:30:41.319+0000] {subprocess.py:106} INFO - 25/12/16 03:30:41 INFO DAGScheduler: Submitting 2 missing tasks from ShuffleMapStage 98 (MapPartitionsRDD[266] at $anonfun$recordDeltaOperationInternal$1 at DatabricksLogging.scala:128) (first 15 tasks are for partitions Vector(0, 1))
[2025-12-16T03:30:41.319+0000] {subprocess.py:106} INFO - 25/12/16 03:30:41 INFO TaskSchedulerImpl: Adding task set 98.0 with 2 tasks resource profile 0
[2025-12-16T03:30:41.320+0000] {subprocess.py:106} INFO - 25/12/16 03:30:41 INFO TaskSetManager: Starting task 0.0 in stage 98.0 (TID 999) (172.18.0.7, executor 0, partition 0, PROCESS_LOCAL, 7934 bytes)
[2025-12-16T03:30:41.320+0000] {subprocess.py:106} INFO - 25/12/16 03:30:41 INFO TaskSetManager: Starting task 1.0 in stage 98.0 (TID 1000) (172.18.0.7, executor 0, partition 1, PROCESS_LOCAL, 7934 bytes)
[2025-12-16T03:30:41.326+0000] {subprocess.py:106} INFO - 25/12/16 03:30:41 INFO BlockManagerInfo: Added broadcast_97_piece0 in memory on 172.18.0.7:36801 (size: 39.0 KiB, free: 434.0 MiB)
[2025-12-16T03:30:41.342+0000] {subprocess.py:106} INFO - 25/12/16 03:30:41 INFO BlockManagerInfo: Added broadcast_96_piece0 in memory on 172.18.0.7:36801 (size: 36.3 KiB, free: 434.0 MiB)
[2025-12-16T03:30:41.367+0000] {subprocess.py:106} INFO - 25/12/16 03:30:41 INFO TaskSetManager: Finished task 0.0 in stage 98.0 (TID 999) in 48 ms on 172.18.0.7 (executor 0) (1/2)
[2025-12-16T03:30:41.368+0000] {subprocess.py:106} INFO - 25/12/16 03:30:41 INFO TaskSetManager: Finished task 1.0 in stage 98.0 (TID 1000) in 49 ms on 172.18.0.7 (executor 0) (2/2)
[2025-12-16T03:30:41.369+0000] {subprocess.py:106} INFO - 25/12/16 03:30:41 INFO TaskSchedulerImpl: Removed TaskSet 98.0, whose tasks have all completed, from pool
[2025-12-16T03:30:41.369+0000] {subprocess.py:106} INFO - 25/12/16 03:30:41 INFO DAGScheduler: ShuffleMapStage 98 ($anonfun$recordDeltaOperationInternal$1 at DatabricksLogging.scala:128) finished in 0.055 s
[2025-12-16T03:30:41.370+0000] {subprocess.py:106} INFO - 25/12/16 03:30:41 INFO DAGScheduler: looking for newly runnable stages
[2025-12-16T03:30:41.370+0000] {subprocess.py:106} INFO - 25/12/16 03:30:41 INFO DAGScheduler: running: Set()
[2025-12-16T03:30:41.371+0000] {subprocess.py:106} INFO - 25/12/16 03:30:41 INFO DAGScheduler: waiting: Set()
[2025-12-16T03:30:41.371+0000] {subprocess.py:106} INFO - 25/12/16 03:30:41 INFO DAGScheduler: failed: Set()
[2025-12-16T03:30:41.448+0000] {subprocess.py:106} INFO - 25/12/16 03:30:41 INFO BlockManagerInfo: Removed broadcast_97_piece0 on 3ad9a82189be:39783 in memory (size: 39.0 KiB, free: 433.7 MiB)
[2025-12-16T03:30:41.449+0000] {subprocess.py:106} INFO - 25/12/16 03:30:41 INFO BlockManagerInfo: Removed broadcast_97_piece0 on 172.18.0.7:36801 in memory (size: 39.0 KiB, free: 434.0 MiB)
[2025-12-16T03:30:41.483+0000] {subprocess.py:106} INFO - 25/12/16 03:30:41 INFO DAGScheduler: Registering RDD 276 ($anonfun$recordDeltaOperationInternal$1 at DatabricksLogging.scala:128) as input to shuffle 23
[2025-12-16T03:30:41.484+0000] {subprocess.py:106} INFO - 25/12/16 03:30:41 INFO DAGScheduler: Got map stage job 58 ($anonfun$recordDeltaOperationInternal$1 at DatabricksLogging.scala:128) with 50 output partitions
[2025-12-16T03:30:41.485+0000] {subprocess.py:106} INFO - 25/12/16 03:30:41 INFO DAGScheduler: Final stage: ShuffleMapStage 100 ($anonfun$recordDeltaOperationInternal$1 at DatabricksLogging.scala:128)
[2025-12-16T03:30:41.485+0000] {subprocess.py:106} INFO - 25/12/16 03:30:41 INFO DAGScheduler: Parents of final stage: List(ShuffleMapStage 99)
[2025-12-16T03:30:41.486+0000] {subprocess.py:106} INFO - 25/12/16 03:30:41 INFO DAGScheduler: Missing parents: List()
[2025-12-16T03:30:41.486+0000] {subprocess.py:106} INFO - 25/12/16 03:30:41 INFO DAGScheduler: Submitting ShuffleMapStage 100 (MapPartitionsRDD[276] at $anonfun$recordDeltaOperationInternal$1 at DatabricksLogging.scala:128), which has no missing parents
[2025-12-16T03:30:41.494+0000] {subprocess.py:106} INFO - 25/12/16 03:30:41 INFO MemoryStore: Block broadcast_98 stored as values in memory (estimated size 517.2 KiB, free 429.3 MiB)
[2025-12-16T03:30:41.495+0000] {subprocess.py:106} INFO - 25/12/16 03:30:41 INFO MemoryStore: Block broadcast_98_piece0 stored as bytes in memory (estimated size 123.3 KiB, free 429.2 MiB)
[2025-12-16T03:30:41.496+0000] {subprocess.py:106} INFO - 25/12/16 03:30:41 INFO BlockManagerInfo: Added broadcast_98_piece0 in memory on 3ad9a82189be:39783 (size: 123.3 KiB, free: 433.6 MiB)
[2025-12-16T03:30:41.496+0000] {subprocess.py:106} INFO - 25/12/16 03:30:41 INFO SparkContext: Created broadcast 98 from broadcast at DAGScheduler.scala:1535
[2025-12-16T03:30:41.497+0000] {subprocess.py:106} INFO - 25/12/16 03:30:41 INFO DAGScheduler: Submitting 50 missing tasks from ShuffleMapStage 100 (MapPartitionsRDD[276] at $anonfun$recordDeltaOperationInternal$1 at DatabricksLogging.scala:128) (first 15 tasks are for partitions Vector(0, 1, 2, 3, 4, 5, 6, 7, 8, 9, 10, 11, 12, 13, 14))
[2025-12-16T03:30:41.497+0000] {subprocess.py:106} INFO - 25/12/16 03:30:41 INFO TaskSchedulerImpl: Adding task set 100.0 with 50 tasks resource profile 0
[2025-12-16T03:30:41.498+0000] {subprocess.py:106} INFO - 25/12/16 03:30:41 INFO TaskSetManager: Starting task 10.0 in stage 100.0 (TID 1001) (172.18.0.7, executor 0, partition 10, NODE_LOCAL, 7356 bytes)
[2025-12-16T03:30:41.499+0000] {subprocess.py:106} INFO - 25/12/16 03:30:41 INFO TaskSetManager: Starting task 30.0 in stage 100.0 (TID 1002) (172.18.0.7, executor 0, partition 30, NODE_LOCAL, 7356 bytes)
[2025-12-16T03:30:41.499+0000] {subprocess.py:106} INFO - 25/12/16 03:30:41 INFO TaskSetManager: Starting task 42.0 in stage 100.0 (TID 1003) (172.18.0.7, executor 0, partition 42, NODE_LOCAL, 7356 bytes)
[2025-12-16T03:30:41.500+0000] {subprocess.py:106} INFO - 25/12/16 03:30:41 INFO TaskSetManager: Starting task 0.0 in stage 100.0 (TID 1004) (172.18.0.7, executor 0, partition 0, PROCESS_LOCAL, 7356 bytes)
[2025-12-16T03:30:41.500+0000] {subprocess.py:106} INFO - 25/12/16 03:30:41 INFO TaskSetManager: Starting task 1.0 in stage 100.0 (TID 1005) (172.18.0.7, executor 0, partition 1, PROCESS_LOCAL, 7356 bytes)
[2025-12-16T03:30:41.501+0000] {subprocess.py:106} INFO - 25/12/16 03:30:41 INFO TaskSetManager: Starting task 2.0 in stage 100.0 (TID 1006) (172.18.0.7, executor 0, partition 2, PROCESS_LOCAL, 7356 bytes)
[2025-12-16T03:30:41.501+0000] {subprocess.py:106} INFO - 25/12/16 03:30:41 INFO TaskSetManager: Starting task 3.0 in stage 100.0 (TID 1007) (172.18.0.7, executor 0, partition 3, PROCESS_LOCAL, 7356 bytes)
[2025-12-16T03:30:41.502+0000] {subprocess.py:106} INFO - 25/12/16 03:30:41 INFO TaskSetManager: Starting task 4.0 in stage 100.0 (TID 1008) (172.18.0.7, executor 0, partition 4, PROCESS_LOCAL, 7356 bytes)
[2025-12-16T03:30:41.503+0000] {subprocess.py:106} INFO - 25/12/16 03:30:41 INFO TaskSetManager: Starting task 5.0 in stage 100.0 (TID 1009) (172.18.0.7, executor 0, partition 5, PROCESS_LOCAL, 7356 bytes)
[2025-12-16T03:30:41.504+0000] {subprocess.py:106} INFO - 25/12/16 03:30:41 INFO TaskSetManager: Starting task 6.0 in stage 100.0 (TID 1010) (172.18.0.7, executor 0, partition 6, PROCESS_LOCAL, 7356 bytes)
[2025-12-16T03:30:41.504+0000] {subprocess.py:106} INFO - 25/12/16 03:30:41 INFO TaskSetManager: Starting task 7.0 in stage 100.0 (TID 1011) (172.18.0.7, executor 0, partition 7, PROCESS_LOCAL, 7356 bytes)
[2025-12-16T03:30:41.505+0000] {subprocess.py:106} INFO - 25/12/16 03:30:41 INFO TaskSetManager: Starting task 8.0 in stage 100.0 (TID 1012) (172.18.0.7, executor 0, partition 8, PROCESS_LOCAL, 7356 bytes)
[2025-12-16T03:30:41.505+0000] {subprocess.py:106} INFO - 25/12/16 03:30:41 INFO TaskSetManager: Starting task 9.0 in stage 100.0 (TID 1013) (172.18.0.7, executor 0, partition 9, PROCESS_LOCAL, 7356 bytes)
[2025-12-16T03:30:41.505+0000] {subprocess.py:106} INFO - 25/12/16 03:30:41 INFO TaskSetManager: Starting task 11.0 in stage 100.0 (TID 1014) (172.18.0.7, executor 0, partition 11, PROCESS_LOCAL, 7356 bytes)
[2025-12-16T03:30:41.506+0000] {subprocess.py:106} INFO - 25/12/16 03:30:41 INFO TaskSetManager: Starting task 12.0 in stage 100.0 (TID 1015) (172.18.0.7, executor 0, partition 12, PROCESS_LOCAL, 7356 bytes)
[2025-12-16T03:30:41.506+0000] {subprocess.py:106} INFO - 25/12/16 03:30:41 INFO TaskSetManager: Starting task 13.0 in stage 100.0 (TID 1016) (172.18.0.7, executor 0, partition 13, PROCESS_LOCAL, 7356 bytes)
[2025-12-16T03:30:41.510+0000] {subprocess.py:106} INFO - 25/12/16 03:30:41 INFO BlockManagerInfo: Added broadcast_98_piece0 in memory on 172.18.0.7:36801 (size: 123.3 KiB, free: 433.9 MiB)
[2025-12-16T03:30:41.522+0000] {subprocess.py:106} INFO - 25/12/16 03:30:41 INFO MapOutputTrackerMasterEndpoint: Asked to send map output locations for shuffle 22 to 172.18.0.7:43148
[2025-12-16T03:30:41.558+0000] {subprocess.py:106} INFO - 25/12/16 03:30:41 INFO BlockManagerInfo: Added rdd_273_13 in memory on 172.18.0.7:36801 (size: 46.0 B, free: 433.9 MiB)
[2025-12-16T03:30:41.560+0000] {subprocess.py:106} INFO - 25/12/16 03:30:41 INFO BlockManagerInfo: Added rdd_273_2 in memory on 172.18.0.7:36801 (size: 46.0 B, free: 433.9 MiB)
[2025-12-16T03:30:41.567+0000] {subprocess.py:106} INFO - 25/12/16 03:30:41 INFO BlockManagerInfo: Added rdd_273_10 in memory on 172.18.0.7:36801 (size: 709.0 B, free: 433.9 MiB)
[2025-12-16T03:30:41.571+0000] {subprocess.py:106} INFO - 25/12/16 03:30:41 INFO BlockManagerInfo: Added rdd_273_0 in memory on 172.18.0.7:36801 (size: 46.0 B, free: 433.9 MiB)
[2025-12-16T03:30:41.573+0000] {subprocess.py:106} INFO - 25/12/16 03:30:41 INFO BlockManagerInfo: Added rdd_273_3 in memory on 172.18.0.7:36801 (size: 46.0 B, free: 433.9 MiB)
[2025-12-16T03:30:41.573+0000] {subprocess.py:106} INFO - 25/12/16 03:30:41 INFO BlockManagerInfo: Added rdd_273_6 in memory on 172.18.0.7:36801 (size: 46.0 B, free: 433.9 MiB)
[2025-12-16T03:30:41.574+0000] {subprocess.py:106} INFO - 25/12/16 03:30:41 INFO BlockManagerInfo: Added rdd_273_8 in memory on 172.18.0.7:36801 (size: 46.0 B, free: 433.9 MiB)
[2025-12-16T03:30:41.576+0000] {subprocess.py:106} INFO - 25/12/16 03:30:41 INFO BlockManagerInfo: Added rdd_273_12 in memory on 172.18.0.7:36801 (size: 46.0 B, free: 433.9 MiB)
[2025-12-16T03:30:41.611+0000] {subprocess.py:106} INFO - 25/12/16 03:30:41 INFO BlockManagerInfo: Added rdd_273_1 in memory on 172.18.0.7:36801 (size: 46.0 B, free: 433.9 MiB)
[2025-12-16T03:30:41.619+0000] {subprocess.py:106} INFO - 25/12/16 03:30:41 INFO BlockManagerInfo: Added rdd_273_4 in memory on 172.18.0.7:36801 (size: 46.0 B, free: 433.9 MiB)
[2025-12-16T03:30:41.620+0000] {subprocess.py:106} INFO - 25/12/16 03:30:41 INFO BlockManagerInfo: Added rdd_273_11 in memory on 172.18.0.7:36801 (size: 46.0 B, free: 433.9 MiB)
[2025-12-16T03:30:41.621+0000] {subprocess.py:106} INFO - 25/12/16 03:30:41 INFO TaskSetManager: Starting task 14.0 in stage 100.0 (TID 1017) (172.18.0.7, executor 0, partition 14, PROCESS_LOCAL, 7356 bytes)
[2025-12-16T03:30:41.622+0000] {subprocess.py:106} INFO - 25/12/16 03:30:41 INFO TaskSetManager: Finished task 13.0 in stage 100.0 (TID 1016) in 116 ms on 172.18.0.7 (executor 0) (1/50)
[2025-12-16T03:30:41.623+0000] {subprocess.py:106} INFO - 25/12/16 03:30:41 INFO BlockManagerInfo: Added rdd_273_7 in memory on 172.18.0.7:36801 (size: 46.0 B, free: 433.9 MiB)
[2025-12-16T03:30:41.627+0000] {subprocess.py:106} INFO - 25/12/16 03:30:41 INFO BlockManagerInfo: Added rdd_273_42 in memory on 172.18.0.7:36801 (size: 516.0 B, free: 433.9 MiB)
[2025-12-16T03:30:41.628+0000] {subprocess.py:106} INFO - 25/12/16 03:30:41 INFO TaskSetManager: Starting task 15.0 in stage 100.0 (TID 1018) (172.18.0.7, executor 0, partition 15, PROCESS_LOCAL, 7356 bytes)
[2025-12-16T03:30:41.629+0000] {subprocess.py:106} INFO - 25/12/16 03:30:41 INFO BlockManagerInfo: Added rdd_273_30 in memory on 172.18.0.7:36801 (size: 300.0 B, free: 433.9 MiB)
[2025-12-16T03:30:41.630+0000] {subprocess.py:106} INFO - 25/12/16 03:30:41 INFO TaskSetManager: Finished task 0.0 in stage 100.0 (TID 1004) in 128 ms on 172.18.0.7 (executor 0) (2/50)
[2025-12-16T03:30:41.631+0000] {subprocess.py:106} INFO - 25/12/16 03:30:41 INFO TaskSetManager: Starting task 16.0 in stage 100.0 (TID 1019) (172.18.0.7, executor 0, partition 16, PROCESS_LOCAL, 7356 bytes)
[2025-12-16T03:30:41.635+0000] {subprocess.py:106} INFO - 25/12/16 03:30:41 INFO TaskSetManager: Finished task 3.0 in stage 100.0 (TID 1007) in 133 ms on 172.18.0.7 (executor 0) (3/50)
[2025-12-16T03:30:41.637+0000] {subprocess.py:106} INFO - 25/12/16 03:30:41 INFO BlockManagerInfo: Added rdd_273_5 in memory on 172.18.0.7:36801 (size: 46.0 B, free: 433.9 MiB)
[2025-12-16T03:30:41.639+0000] {subprocess.py:106} INFO - 25/12/16 03:30:41 INFO TaskSetManager: Starting task 17.0 in stage 100.0 (TID 1020) (172.18.0.7, executor 0, partition 17, PROCESS_LOCAL, 7356 bytes)
[2025-12-16T03:30:41.640+0000] {subprocess.py:106} INFO - 25/12/16 03:30:41 INFO BlockManagerInfo: Added rdd_273_9 in memory on 172.18.0.7:36801 (size: 46.0 B, free: 433.9 MiB)
[2025-12-16T03:30:41.641+0000] {subprocess.py:106} INFO - 25/12/16 03:30:41 INFO TaskSetManager: Finished task 10.0 in stage 100.0 (TID 1001) in 141 ms on 172.18.0.7 (executor 0) (4/50)
[2025-12-16T03:30:41.644+0000] {subprocess.py:106} INFO - 25/12/16 03:30:41 INFO TaskSetManager: Starting task 18.0 in stage 100.0 (TID 1021) (172.18.0.7, executor 0, partition 18, PROCESS_LOCAL, 7356 bytes)
[2025-12-16T03:30:41.648+0000] {subprocess.py:106} INFO - 25/12/16 03:30:41 INFO TaskSetManager: Starting task 19.0 in stage 100.0 (TID 1022) (172.18.0.7, executor 0, partition 19, PROCESS_LOCAL, 7356 bytes)
[2025-12-16T03:30:41.649+0000] {subprocess.py:106} INFO - 25/12/16 03:30:41 INFO TaskSetManager: Finished task 6.0 in stage 100.0 (TID 1010) in 146 ms on 172.18.0.7 (executor 0) (5/50)
[2025-12-16T03:30:41.651+0000] {subprocess.py:106} INFO - 25/12/16 03:30:41 INFO TaskSetManager: Finished task 12.0 in stage 100.0 (TID 1015) in 145 ms on 172.18.0.7 (executor 0) (6/50)
[2025-12-16T03:30:41.653+0000] {subprocess.py:106} INFO - 25/12/16 03:30:41 INFO TaskSetManager: Starting task 20.0 in stage 100.0 (TID 1023) (172.18.0.7, executor 0, partition 20, PROCESS_LOCAL, 7356 bytes)
[2025-12-16T03:30:41.655+0000] {subprocess.py:106} INFO - 25/12/16 03:30:41 INFO TaskSetManager: Finished task 2.0 in stage 100.0 (TID 1006) in 148 ms on 172.18.0.7 (executor 0) (7/50)
[2025-12-16T03:30:41.659+0000] {subprocess.py:106} INFO - 25/12/16 03:30:41 INFO TaskSetManager: Starting task 21.0 in stage 100.0 (TID 1024) (172.18.0.7, executor 0, partition 21, PROCESS_LOCAL, 7356 bytes)
[2025-12-16T03:30:41.660+0000] {subprocess.py:106} INFO - 25/12/16 03:30:41 INFO TaskSetManager: Starting task 22.0 in stage 100.0 (TID 1025) (172.18.0.7, executor 0, partition 22, PROCESS_LOCAL, 7356 bytes)
[2025-12-16T03:30:41.662+0000] {subprocess.py:106} INFO - 25/12/16 03:30:41 INFO TaskSetManager: Finished task 4.0 in stage 100.0 (TID 1008) in 154 ms on 172.18.0.7 (executor 0) (8/50)
[2025-12-16T03:30:41.664+0000] {subprocess.py:106} INFO - 25/12/16 03:30:41 INFO TaskSetManager: Finished task 11.0 in stage 100.0 (TID 1014) in 154 ms on 172.18.0.7 (executor 0) (9/50)
[2025-12-16T03:30:41.665+0000] {subprocess.py:106} INFO - 25/12/16 03:30:41 INFO TaskSetManager: Starting task 23.0 in stage 100.0 (TID 1026) (172.18.0.7, executor 0, partition 23, PROCESS_LOCAL, 7356 bytes)
[2025-12-16T03:30:41.666+0000] {subprocess.py:106} INFO - 25/12/16 03:30:41 INFO TaskSetManager: Starting task 24.0 in stage 100.0 (TID 1027) (172.18.0.7, executor 0, partition 24, PROCESS_LOCAL, 7356 bytes)
[2025-12-16T03:30:41.668+0000] {subprocess.py:106} INFO - 25/12/16 03:30:41 INFO TaskSetManager: Finished task 8.0 in stage 100.0 (TID 1012) in 161 ms on 172.18.0.7 (executor 0) (10/50)
[2025-12-16T03:30:41.673+0000] {subprocess.py:106} INFO - 25/12/16 03:30:41 INFO TaskSetManager: Finished task 1.0 in stage 100.0 (TID 1005) in 162 ms on 172.18.0.7 (executor 0) (11/50)
[2025-12-16T03:30:41.675+0000] {subprocess.py:106} INFO - 25/12/16 03:30:41 INFO TaskSetManager: Starting task 25.0 in stage 100.0 (TID 1028) (172.18.0.7, executor 0, partition 25, PROCESS_LOCAL, 7356 bytes)
[2025-12-16T03:30:41.679+0000] {subprocess.py:106} INFO - 25/12/16 03:30:41 INFO TaskSetManager: Finished task 7.0 in stage 100.0 (TID 1011) in 166 ms on 172.18.0.7 (executor 0) (12/50)
[2025-12-16T03:30:41.683+0000] {subprocess.py:106} INFO - 25/12/16 03:30:41 INFO TaskSetManager: Starting task 26.0 in stage 100.0 (TID 1029) (172.18.0.7, executor 0, partition 26, PROCESS_LOCAL, 7356 bytes)
[2025-12-16T03:30:41.684+0000] {subprocess.py:106} INFO - 25/12/16 03:30:41 INFO TaskSetManager: Finished task 30.0 in stage 100.0 (TID 1002) in 170 ms on 172.18.0.7 (executor 0) (13/50)
[2025-12-16T03:30:41.685+0000] {subprocess.py:106} INFO - 25/12/16 03:30:41 INFO TaskSetManager: Starting task 27.0 in stage 100.0 (TID 1030) (172.18.0.7, executor 0, partition 27, PROCESS_LOCAL, 7356 bytes)
[2025-12-16T03:30:41.687+0000] {subprocess.py:106} INFO - 25/12/16 03:30:41 INFO TaskSetManager: Finished task 42.0 in stage 100.0 (TID 1003) in 174 ms on 172.18.0.7 (executor 0) (14/50)
[2025-12-16T03:30:41.688+0000] {subprocess.py:106} INFO - 25/12/16 03:30:41 INFO TaskSetManager: Starting task 28.0 in stage 100.0 (TID 1031) (172.18.0.7, executor 0, partition 28, PROCESS_LOCAL, 7356 bytes)
[2025-12-16T03:30:41.688+0000] {subprocess.py:106} INFO - 25/12/16 03:30:41 INFO TaskSetManager: Starting task 29.0 in stage 100.0 (TID 1032) (172.18.0.7, executor 0, partition 29, PROCESS_LOCAL, 7356 bytes)
[2025-12-16T03:30:41.689+0000] {subprocess.py:106} INFO - 25/12/16 03:30:41 INFO TaskSetManager: Finished task 5.0 in stage 100.0 (TID 1009) in 179 ms on 172.18.0.7 (executor 0) (15/50)
[2025-12-16T03:30:41.695+0000] {subprocess.py:106} INFO - 25/12/16 03:30:41 INFO TaskSetManager: Finished task 9.0 in stage 100.0 (TID 1013) in 179 ms on 172.18.0.7 (executor 0) (16/50)
[2025-12-16T03:30:41.696+0000] {subprocess.py:106} INFO - 25/12/16 03:30:41 INFO BlockManagerInfo: Added rdd_273_14 in memory on 172.18.0.7:36801 (size: 46.0 B, free: 433.9 MiB)
[2025-12-16T03:30:41.705+0000] {subprocess.py:106} INFO - 25/12/16 03:30:41 INFO BlockManagerInfo: Added rdd_273_16 in memory on 172.18.0.7:36801 (size: 46.0 B, free: 433.9 MiB)
[2025-12-16T03:30:41.716+0000] {subprocess.py:106} INFO - 25/12/16 03:30:41 INFO BlockManagerInfo: Added rdd_273_15 in memory on 172.18.0.7:36801 (size: 46.0 B, free: 433.9 MiB)
[2025-12-16T03:30:41.724+0000] {subprocess.py:106} INFO - 25/12/16 03:30:41 INFO TaskSetManager: Starting task 31.0 in stage 100.0 (TID 1033) (172.18.0.7, executor 0, partition 31, PROCESS_LOCAL, 7356 bytes)
[2025-12-16T03:30:41.725+0000] {subprocess.py:106} INFO - 25/12/16 03:30:41 INFO BlockManagerInfo: Added rdd_273_20 in memory on 172.18.0.7:36801 (size: 46.0 B, free: 433.9 MiB)
[2025-12-16T03:30:41.726+0000] {subprocess.py:106} INFO - 25/12/16 03:30:41 INFO BlockManagerInfo: Added rdd_273_21 in memory on 172.18.0.7:36801 (size: 46.0 B, free: 433.9 MiB)
[2025-12-16T03:30:41.727+0000] {subprocess.py:106} INFO - 25/12/16 03:30:41 INFO BlockManagerInfo: Added rdd_273_17 in memory on 172.18.0.7:36801 (size: 46.0 B, free: 433.9 MiB)
[2025-12-16T03:30:41.727+0000] {subprocess.py:106} INFO - 25/12/16 03:30:41 INFO TaskSetManager: Finished task 14.0 in stage 100.0 (TID 1017) in 111 ms on 172.18.0.7 (executor 0) (17/50)
[2025-12-16T03:30:41.759+0000] {subprocess.py:106} INFO - 25/12/16 03:30:41 INFO BlockManagerInfo: Added rdd_273_23 in memory on 172.18.0.7:36801 (size: 46.0 B, free: 433.9 MiB)
[2025-12-16T03:30:41.763+0000] {subprocess.py:106} INFO - 25/12/16 03:30:41 INFO BlockManagerInfo: Added rdd_273_18 in memory on 172.18.0.7:36801 (size: 46.0 B, free: 433.9 MiB)
[2025-12-16T03:30:41.765+0000] {subprocess.py:106} INFO - 25/12/16 03:30:41 INFO BlockManagerInfo: Added rdd_273_19 in memory on 172.18.0.7:36801 (size: 46.0 B, free: 433.9 MiB)
[2025-12-16T03:30:41.767+0000] {subprocess.py:106} INFO - 25/12/16 03:30:41 INFO BlockManagerInfo: Added rdd_273_22 in memory on 172.18.0.7:36801 (size: 46.0 B, free: 433.9 MiB)
[2025-12-16T03:30:41.769+0000] {subprocess.py:106} INFO - 25/12/16 03:30:41 INFO BlockManagerInfo: Added rdd_273_24 in memory on 172.18.0.7:36801 (size: 46.0 B, free: 433.9 MiB)
[2025-12-16T03:30:41.770+0000] {subprocess.py:106} INFO - 25/12/16 03:30:41 INFO BlockManagerInfo: Added rdd_273_26 in memory on 172.18.0.7:36801 (size: 46.0 B, free: 433.9 MiB)
[2025-12-16T03:30:41.771+0000] {subprocess.py:106} INFO - 25/12/16 03:30:41 INFO BlockManagerInfo: Added rdd_273_27 in memory on 172.18.0.7:36801 (size: 46.0 B, free: 433.9 MiB)
[2025-12-16T03:30:41.775+0000] {subprocess.py:106} INFO - 25/12/16 03:30:41 INFO TaskSetManager: Starting task 32.0 in stage 100.0 (TID 1034) (172.18.0.7, executor 0, partition 32, PROCESS_LOCAL, 7356 bytes)
[2025-12-16T03:30:41.779+0000] {subprocess.py:106} INFO - 25/12/16 03:30:41 INFO TaskSetManager: Finished task 15.0 in stage 100.0 (TID 1018) in 140 ms on 172.18.0.7 (executor 0) (18/50)
[2025-12-16T03:30:41.781+0000] {subprocess.py:106} INFO - 25/12/16 03:30:41 INFO TaskSetManager: Starting task 33.0 in stage 100.0 (TID 1035) (172.18.0.7, executor 0, partition 33, PROCESS_LOCAL, 7356 bytes)
[2025-12-16T03:30:41.782+0000] {subprocess.py:106} INFO - 25/12/16 03:30:41 INFO TaskSetManager: Starting task 34.0 in stage 100.0 (TID 1036) (172.18.0.7, executor 0, partition 34, PROCESS_LOCAL, 7356 bytes)
[2025-12-16T03:30:41.784+0000] {subprocess.py:106} INFO - 25/12/16 03:30:41 INFO TaskSetManager: Finished task 21.0 in stage 100.0 (TID 1024) in 122 ms on 172.18.0.7 (executor 0) (19/50)
[2025-12-16T03:30:41.786+0000] {subprocess.py:106} INFO - 25/12/16 03:30:41 INFO TaskSetManager: Finished task 16.0 in stage 100.0 (TID 1019) in 142 ms on 172.18.0.7 (executor 0) (20/50)
[2025-12-16T03:30:41.791+0000] {subprocess.py:106} INFO - 25/12/16 03:30:41 INFO TaskSetManager: Starting task 35.0 in stage 100.0 (TID 1037) (172.18.0.7, executor 0, partition 35, PROCESS_LOCAL, 7356 bytes)
[2025-12-16T03:30:41.792+0000] {subprocess.py:106} INFO - 25/12/16 03:30:41 INFO TaskSetManager: Finished task 18.0 in stage 100.0 (TID 1021) in 133 ms on 172.18.0.7 (executor 0) (21/50)
[2025-12-16T03:30:41.793+0000] {subprocess.py:106} INFO - 25/12/16 03:30:41 INFO BlockManagerInfo: Added rdd_273_28 in memory on 172.18.0.7:36801 (size: 46.0 B, free: 433.9 MiB)
[2025-12-16T03:30:41.794+0000] {subprocess.py:106} INFO - 25/12/16 03:30:41 INFO TaskSetManager: Starting task 36.0 in stage 100.0 (TID 1038) (172.18.0.7, executor 0, partition 36, PROCESS_LOCAL, 7356 bytes)
[2025-12-16T03:30:41.796+0000] {subprocess.py:106} INFO - 25/12/16 03:30:41 INFO TaskSetManager: Finished task 20.0 in stage 100.0 (TID 1023) in 137 ms on 172.18.0.7 (executor 0) (22/50)
[2025-12-16T03:30:41.797+0000] {subprocess.py:106} INFO - 25/12/16 03:30:41 INFO TaskSetManager: Starting task 37.0 in stage 100.0 (TID 1039) (172.18.0.7, executor 0, partition 37, PROCESS_LOCAL, 7356 bytes)
[2025-12-16T03:30:41.798+0000] {subprocess.py:106} INFO - 25/12/16 03:30:41 INFO TaskSetManager: Finished task 22.0 in stage 100.0 (TID 1025) in 139 ms on 172.18.0.7 (executor 0) (23/50)
[2025-12-16T03:30:41.800+0000] {subprocess.py:106} INFO - 25/12/16 03:30:41 INFO BlockManagerInfo: Added rdd_273_25 in memory on 172.18.0.7:36801 (size: 46.0 B, free: 433.9 MiB)
[2025-12-16T03:30:41.803+0000] {subprocess.py:106} INFO - 25/12/16 03:30:41 INFO BlockManagerInfo: Added rdd_273_29 in memory on 172.18.0.7:36801 (size: 46.0 B, free: 433.9 MiB)
[2025-12-16T03:30:41.805+0000] {subprocess.py:106} INFO - 25/12/16 03:30:41 INFO TaskSetManager: Starting task 38.0 in stage 100.0 (TID 1040) (172.18.0.7, executor 0, partition 38, PROCESS_LOCAL, 7356 bytes)
[2025-12-16T03:30:41.807+0000] {subprocess.py:106} INFO - 25/12/16 03:30:41 INFO TaskSetManager: Finished task 24.0 in stage 100.0 (TID 1027) in 136 ms on 172.18.0.7 (executor 0) (24/50)
[2025-12-16T03:30:41.808+0000] {subprocess.py:106} INFO - 25/12/16 03:30:41 INFO TaskSetManager: Starting task 39.0 in stage 100.0 (TID 1041) (172.18.0.7, executor 0, partition 39, PROCESS_LOCAL, 7356 bytes)
[2025-12-16T03:30:41.810+0000] {subprocess.py:106} INFO - 25/12/16 03:30:41 INFO TaskSetManager: Starting task 40.0 in stage 100.0 (TID 1042) (172.18.0.7, executor 0, partition 40, PROCESS_LOCAL, 7356 bytes)
[2025-12-16T03:30:41.813+0000] {subprocess.py:106} INFO - 25/12/16 03:30:41 INFO TaskSetManager: Starting task 41.0 in stage 100.0 (TID 1043) (172.18.0.7, executor 0, partition 41, PROCESS_LOCAL, 7356 bytes)
[2025-12-16T03:30:41.814+0000] {subprocess.py:106} INFO - 25/12/16 03:30:41 INFO TaskSetManager: Finished task 27.0 in stage 100.0 (TID 1030) in 129 ms on 172.18.0.7 (executor 0) (25/50)
[2025-12-16T03:30:41.816+0000] {subprocess.py:106} INFO - 25/12/16 03:30:41 INFO TaskSetManager: Finished task 17.0 in stage 100.0 (TID 1020) in 164 ms on 172.18.0.7 (executor 0) (26/50)
[2025-12-16T03:30:41.816+0000] {subprocess.py:106} INFO - 25/12/16 03:30:41 INFO TaskSetManager: Finished task 23.0 in stage 100.0 (TID 1026) in 145 ms on 172.18.0.7 (executor 0) (27/50)
[2025-12-16T03:30:41.817+0000] {subprocess.py:106} INFO - 25/12/16 03:30:41 INFO TaskSetManager: Starting task 43.0 in stage 100.0 (TID 1044) (172.18.0.7, executor 0, partition 43, PROCESS_LOCAL, 7356 bytes)
[2025-12-16T03:30:41.818+0000] {subprocess.py:106} INFO - 25/12/16 03:30:41 INFO TaskSetManager: Finished task 19.0 in stage 100.0 (TID 1022) in 163 ms on 172.18.0.7 (executor 0) (28/50)
[2025-12-16T03:30:41.819+0000] {subprocess.py:106} INFO - 25/12/16 03:30:41 INFO TaskSetManager: Starting task 44.0 in stage 100.0 (TID 1045) (172.18.0.7, executor 0, partition 44, PROCESS_LOCAL, 7356 bytes)
[2025-12-16T03:30:41.820+0000] {subprocess.py:106} INFO - 25/12/16 03:30:41 INFO TaskSetManager: Finished task 26.0 in stage 100.0 (TID 1029) in 144 ms on 172.18.0.7 (executor 0) (29/50)
[2025-12-16T03:30:41.821+0000] {subprocess.py:106} INFO - 25/12/16 03:30:41 INFO TaskSetManager: Starting task 45.0 in stage 100.0 (TID 1046) (172.18.0.7, executor 0, partition 45, PROCESS_LOCAL, 7356 bytes)
[2025-12-16T03:30:41.822+0000] {subprocess.py:106} INFO - 25/12/16 03:30:41 INFO TaskSetManager: Finished task 28.0 in stage 100.0 (TID 1031) in 143 ms on 172.18.0.7 (executor 0) (30/50)
[2025-12-16T03:30:41.852+0000] {subprocess.py:106} INFO - 25/12/16 03:30:41 INFO TaskSetManager: Starting task 46.0 in stage 100.0 (TID 1047) (172.18.0.7, executor 0, partition 46, PROCESS_LOCAL, 7356 bytes)
[2025-12-16T03:30:41.854+0000] {subprocess.py:106} INFO - 25/12/16 03:30:41 INFO TaskSetManager: Finished task 25.0 in stage 100.0 (TID 1028) in 181 ms on 172.18.0.7 (executor 0) (31/50)
[2025-12-16T03:30:41.855+0000] {subprocess.py:106} INFO - 25/12/16 03:30:41 INFO TaskSetManager: Starting task 47.0 in stage 100.0 (TID 1048) (172.18.0.7, executor 0, partition 47, PROCESS_LOCAL, 7356 bytes)
[2025-12-16T03:30:41.859+0000] {subprocess.py:106} INFO - 25/12/16 03:30:41 INFO TaskSetManager: Finished task 29.0 in stage 100.0 (TID 1032) in 176 ms on 172.18.0.7 (executor 0) (32/50)
[2025-12-16T03:30:41.860+0000] {subprocess.py:106} INFO - 25/12/16 03:30:41 INFO BlockManagerInfo: Added rdd_273_33 in memory on 172.18.0.7:36801 (size: 46.0 B, free: 433.9 MiB)
[2025-12-16T03:30:41.863+0000] {subprocess.py:106} INFO - 25/12/16 03:30:41 INFO BlockManagerInfo: Added rdd_273_31 in memory on 172.18.0.7:36801 (size: 46.0 B, free: 433.9 MiB)
[2025-12-16T03:30:41.866+0000] {subprocess.py:106} INFO - 25/12/16 03:30:41 INFO BlockManagerInfo: Added rdd_273_35 in memory on 172.18.0.7:36801 (size: 46.0 B, free: 433.9 MiB)
[2025-12-16T03:30:41.875+0000] {subprocess.py:106} INFO - 25/12/16 03:30:41 INFO BlockManagerInfo: Added rdd_273_36 in memory on 172.18.0.7:36801 (size: 46.0 B, free: 433.9 MiB)
[2025-12-16T03:30:41.884+0000] {subprocess.py:106} INFO - 25/12/16 03:30:41 INFO BlockManagerInfo: Added rdd_273_34 in memory on 172.18.0.7:36801 (size: 46.0 B, free: 433.9 MiB)
[2025-12-16T03:30:41.885+0000] {subprocess.py:106} INFO - 25/12/16 03:30:41 INFO TaskSetManager: Starting task 48.0 in stage 100.0 (TID 1049) (172.18.0.7, executor 0, partition 48, PROCESS_LOCAL, 7356 bytes)
[2025-12-16T03:30:41.887+0000] {subprocess.py:106} INFO - 25/12/16 03:30:41 INFO TaskSetManager: Finished task 31.0 in stage 100.0 (TID 1033) in 161 ms on 172.18.0.7 (executor 0) (33/50)
[2025-12-16T03:30:41.890+0000] {subprocess.py:106} INFO - 25/12/16 03:30:41 INFO BlockManagerInfo: Added rdd_273_32 in memory on 172.18.0.7:36801 (size: 46.0 B, free: 433.9 MiB)
[2025-12-16T03:30:41.935+0000] {subprocess.py:106} INFO - 25/12/16 03:30:41 INFO BlockManagerInfo: Added rdd_273_40 in memory on 172.18.0.7:36801 (size: 46.0 B, free: 433.9 MiB)
[2025-12-16T03:30:41.938+0000] {subprocess.py:106} INFO - 25/12/16 03:30:41 INFO BlockManagerInfo: Added rdd_273_39 in memory on 172.18.0.7:36801 (size: 46.0 B, free: 433.9 MiB)
[2025-12-16T03:30:41.940+0000] {subprocess.py:106} INFO - 25/12/16 03:30:41 INFO BlockManagerInfo: Added rdd_273_38 in memory on 172.18.0.7:36801 (size: 46.0 B, free: 433.9 MiB)
[2025-12-16T03:30:41.942+0000] {subprocess.py:106} INFO - 25/12/16 03:30:41 INFO BlockManagerInfo: Added rdd_273_44 in memory on 172.18.0.7:36801 (size: 46.0 B, free: 433.9 MiB)
[2025-12-16T03:30:41.944+0000] {subprocess.py:106} INFO - 25/12/16 03:30:41 INFO BlockManagerInfo: Added rdd_273_37 in memory on 172.18.0.7:36801 (size: 46.0 B, free: 433.9 MiB)
[2025-12-16T03:30:41.946+0000] {subprocess.py:106} INFO - 25/12/16 03:30:41 INFO TaskSetManager: Starting task 49.0 in stage 100.0 (TID 1050) (172.18.0.7, executor 0, partition 49, PROCESS_LOCAL, 7356 bytes)
[2025-12-16T03:30:41.948+0000] {subprocess.py:106} INFO - 25/12/16 03:30:41 INFO BlockManagerInfo: Added rdd_273_41 in memory on 172.18.0.7:36801 (size: 46.0 B, free: 433.9 MiB)
[2025-12-16T03:30:41.949+0000] {subprocess.py:106} INFO - 25/12/16 03:30:41 INFO TaskSetManager: Finished task 35.0 in stage 100.0 (TID 1037) in 158 ms on 172.18.0.7 (executor 0) (34/50)
[2025-12-16T03:30:41.949+0000] {subprocess.py:106} INFO - 25/12/16 03:30:41 INFO BlockManagerInfo: Added rdd_273_43 in memory on 172.18.0.7:36801 (size: 46.0 B, free: 433.9 MiB)
[2025-12-16T03:30:41.950+0000] {subprocess.py:106} INFO - 25/12/16 03:30:41 INFO TaskSetManager: Finished task 33.0 in stage 100.0 (TID 1035) in 174 ms on 172.18.0.7 (executor 0) (35/50)
[2025-12-16T03:30:41.951+0000] {subprocess.py:106} INFO - 25/12/16 03:30:41 INFO TaskSetManager: Finished task 34.0 in stage 100.0 (TID 1036) in 175 ms on 172.18.0.7 (executor 0) (36/50)
[2025-12-16T03:30:41.952+0000] {subprocess.py:106} INFO - 25/12/16 03:30:41 INFO BlockManagerInfo: Added rdd_273_46 in memory on 172.18.0.7:36801 (size: 46.0 B, free: 433.9 MiB)
[2025-12-16T03:30:41.958+0000] {subprocess.py:106} INFO - 25/12/16 03:30:41 INFO TaskSetManager: Finished task 36.0 in stage 100.0 (TID 1038) in 177 ms on 172.18.0.7 (executor 0) (37/50)
[2025-12-16T03:30:41.959+0000] {subprocess.py:106} INFO - 25/12/16 03:30:41 INFO TaskSetManager: Finished task 39.0 in stage 100.0 (TID 1041) in 160 ms on 172.18.0.7 (executor 0) (38/50)
[2025-12-16T03:30:41.962+0000] {subprocess.py:106} INFO - 25/12/16 03:30:41 INFO TaskSetManager: Finished task 40.0 in stage 100.0 (TID 1042) in 161 ms on 172.18.0.7 (executor 0) (39/50)
[2025-12-16T03:30:41.963+0000] {subprocess.py:106} INFO - 25/12/16 03:30:41 INFO BlockManagerInfo: Added rdd_273_45 in memory on 172.18.0.7:36801 (size: 46.0 B, free: 433.9 MiB)
[2025-12-16T03:30:41.970+0000] {subprocess.py:106} INFO - 25/12/16 03:30:41 INFO TaskSetManager: Finished task 32.0 in stage 100.0 (TID 1034) in 204 ms on 172.18.0.7 (executor 0) (40/50)
[2025-12-16T03:30:41.971+0000] {subprocess.py:106} INFO - 25/12/16 03:30:41 INFO BlockManagerInfo: Added rdd_273_47 in memory on 172.18.0.7:36801 (size: 46.0 B, free: 433.9 MiB)
[2025-12-16T03:30:41.984+0000] {subprocess.py:106} INFO - 25/12/16 03:30:41 INFO TaskSetManager: Finished task 37.0 in stage 100.0 (TID 1039) in 194 ms on 172.18.0.7 (executor 0) (41/50)
[2025-12-16T03:30:41.985+0000] {subprocess.py:106} INFO - 25/12/16 03:30:41 INFO TaskSetManager: Finished task 43.0 in stage 100.0 (TID 1044) in 179 ms on 172.18.0.7 (executor 0) (42/50)
[2025-12-16T03:30:41.991+0000] {subprocess.py:106} INFO - 25/12/16 03:30:41 INFO TaskSetManager: Finished task 44.0 in stage 100.0 (TID 1045) in 174 ms on 172.18.0.7 (executor 0) (43/50)
[2025-12-16T03:30:41.992+0000] {subprocess.py:106} INFO - 25/12/16 03:30:41 INFO TaskSetManager: Finished task 46.0 in stage 100.0 (TID 1047) in 140 ms on 172.18.0.7 (executor 0) (44/50)
[2025-12-16T03:30:41.992+0000] {subprocess.py:106} INFO - 25/12/16 03:30:41 INFO TaskSetManager: Finished task 41.0 in stage 100.0 (TID 1043) in 187 ms on 172.18.0.7 (executor 0) (45/50)
[2025-12-16T03:30:41.993+0000] {subprocess.py:106} INFO - 25/12/16 03:30:41 INFO TaskSetManager: Finished task 38.0 in stage 100.0 (TID 1040) in 192 ms on 172.18.0.7 (executor 0) (46/50)
[2025-12-16T03:30:41.994+0000] {subprocess.py:106} INFO - 25/12/16 03:30:41 INFO TaskSetManager: Finished task 45.0 in stage 100.0 (TID 1046) in 177 ms on 172.18.0.7 (executor 0) (47/50)
[2025-12-16T03:30:41.996+0000] {subprocess.py:106} INFO - 25/12/16 03:30:41 INFO TaskSetManager: Finished task 47.0 in stage 100.0 (TID 1048) in 146 ms on 172.18.0.7 (executor 0) (48/50)
[2025-12-16T03:30:41.999+0000] {subprocess.py:106} INFO - 25/12/16 03:30:41 INFO BlockManagerInfo: Added rdd_273_49 in memory on 172.18.0.7:36801 (size: 46.0 B, free: 433.9 MiB)
[2025-12-16T03:30:42.005+0000] {subprocess.py:106} INFO - 25/12/16 03:30:42 INFO BlockManagerInfo: Added rdd_273_48 in memory on 172.18.0.7:36801 (size: 46.0 B, free: 433.9 MiB)
[2025-12-16T03:30:42.014+0000] {subprocess.py:106} INFO - 25/12/16 03:30:42 INFO TaskSetManager: Finished task 49.0 in stage 100.0 (TID 1050) in 86 ms on 172.18.0.7 (executor 0) (49/50)
[2025-12-16T03:30:42.020+0000] {subprocess.py:106} INFO - 25/12/16 03:30:42 INFO TaskSetManager: Finished task 48.0 in stage 100.0 (TID 1049) in 137 ms on 172.18.0.7 (executor 0) (50/50)
[2025-12-16T03:30:42.021+0000] {subprocess.py:106} INFO - 25/12/16 03:30:42 INFO TaskSchedulerImpl: Removed TaskSet 100.0, whose tasks have all completed, from pool
[2025-12-16T03:30:42.022+0000] {subprocess.py:106} INFO - 25/12/16 03:30:42 INFO DAGScheduler: ShuffleMapStage 100 ($anonfun$recordDeltaOperationInternal$1 at DatabricksLogging.scala:128) finished in 0.535 s
[2025-12-16T03:30:42.022+0000] {subprocess.py:106} INFO - 25/12/16 03:30:42 INFO DAGScheduler: looking for newly runnable stages
[2025-12-16T03:30:42.023+0000] {subprocess.py:106} INFO - 25/12/16 03:30:42 INFO DAGScheduler: running: Set()
[2025-12-16T03:30:42.023+0000] {subprocess.py:106} INFO - 25/12/16 03:30:42 INFO DAGScheduler: waiting: Set()
[2025-12-16T03:30:42.024+0000] {subprocess.py:106} INFO - 25/12/16 03:30:42 INFO DAGScheduler: failed: Set()
[2025-12-16T03:30:42.042+0000] {subprocess.py:106} INFO - 25/12/16 03:30:42 INFO SparkContext: Starting job: $anonfun$recordDeltaOperationInternal$1 at DatabricksLogging.scala:128
[2025-12-16T03:30:42.043+0000] {subprocess.py:106} INFO - 25/12/16 03:30:42 INFO DAGScheduler: Got job 59 ($anonfun$recordDeltaOperationInternal$1 at DatabricksLogging.scala:128) with 1 output partitions
[2025-12-16T03:30:42.043+0000] {subprocess.py:106} INFO - 25/12/16 03:30:42 INFO DAGScheduler: Final stage: ResultStage 103 ($anonfun$recordDeltaOperationInternal$1 at DatabricksLogging.scala:128)
[2025-12-16T03:30:42.044+0000] {subprocess.py:106} INFO - 25/12/16 03:30:42 INFO DAGScheduler: Parents of final stage: List(ShuffleMapStage 102)
[2025-12-16T03:30:42.045+0000] {subprocess.py:106} INFO - 25/12/16 03:30:42 INFO DAGScheduler: Missing parents: List()
[2025-12-16T03:30:42.045+0000] {subprocess.py:106} INFO - 25/12/16 03:30:42 INFO DAGScheduler: Submitting ResultStage 103 (MapPartitionsRDD[279] at $anonfun$recordDeltaOperationInternal$1 at DatabricksLogging.scala:128), which has no missing parents
[2025-12-16T03:30:42.049+0000] {subprocess.py:106} INFO - 25/12/16 03:30:42 INFO MemoryStore: Block broadcast_99 stored as values in memory (estimated size 452.4 KiB, free 428.7 MiB)
[2025-12-16T03:30:42.050+0000] {subprocess.py:106} INFO - 25/12/16 03:30:42 INFO MemoryStore: Block broadcast_99_piece0 stored as bytes in memory (estimated size 108.1 KiB, free 428.6 MiB)
[2025-12-16T03:30:42.051+0000] {subprocess.py:106} INFO - 25/12/16 03:30:42 INFO BlockManagerInfo: Added broadcast_99_piece0 in memory on 3ad9a82189be:39783 (size: 108.1 KiB, free: 433.5 MiB)
[2025-12-16T03:30:42.051+0000] {subprocess.py:106} INFO - 25/12/16 03:30:42 INFO SparkContext: Created broadcast 99 from broadcast at DAGScheduler.scala:1535
[2025-12-16T03:30:42.052+0000] {subprocess.py:106} INFO - 25/12/16 03:30:42 INFO DAGScheduler: Submitting 1 missing tasks from ResultStage 103 (MapPartitionsRDD[279] at $anonfun$recordDeltaOperationInternal$1 at DatabricksLogging.scala:128) (first 15 tasks are for partitions Vector(0))
[2025-12-16T03:30:42.053+0000] {subprocess.py:106} INFO - 25/12/16 03:30:42 INFO TaskSchedulerImpl: Adding task set 103.0 with 1 tasks resource profile 0
[2025-12-16T03:30:42.054+0000] {subprocess.py:106} INFO - 25/12/16 03:30:42 INFO TaskSetManager: Starting task 0.0 in stage 103.0 (TID 1051) (172.18.0.7, executor 0, partition 0, NODE_LOCAL, 7367 bytes)
[2025-12-16T03:30:42.061+0000] {subprocess.py:106} INFO - 25/12/16 03:30:42 INFO BlockManagerInfo: Added broadcast_99_piece0 in memory on 172.18.0.7:36801 (size: 108.1 KiB, free: 433.8 MiB)
[2025-12-16T03:30:42.070+0000] {subprocess.py:106} INFO - 25/12/16 03:30:42 INFO MapOutputTrackerMasterEndpoint: Asked to send map output locations for shuffle 23 to 172.18.0.7:43148
[2025-12-16T03:30:42.089+0000] {subprocess.py:106} INFO - 25/12/16 03:30:42 INFO TaskSetManager: Finished task 0.0 in stage 103.0 (TID 1051) in 36 ms on 172.18.0.7 (executor 0) (1/1)
[2025-12-16T03:30:42.090+0000] {subprocess.py:106} INFO - 25/12/16 03:30:42 INFO TaskSchedulerImpl: Removed TaskSet 103.0, whose tasks have all completed, from pool
[2025-12-16T03:30:42.090+0000] {subprocess.py:106} INFO - 25/12/16 03:30:42 INFO DAGScheduler: ResultStage 103 ($anonfun$recordDeltaOperationInternal$1 at DatabricksLogging.scala:128) finished in 0.045 s
[2025-12-16T03:30:42.091+0000] {subprocess.py:106} INFO - 25/12/16 03:30:42 INFO DAGScheduler: Job 59 is finished. Cancelling potential speculative or zombie tasks for this job
[2025-12-16T03:30:42.092+0000] {subprocess.py:106} INFO - 25/12/16 03:30:42 INFO TaskSchedulerImpl: Killing all running tasks in stage 103: Stage finished
[2025-12-16T03:30:42.092+0000] {subprocess.py:106} INFO - 25/12/16 03:30:42 INFO DAGScheduler: Job 59 finished: $anonfun$recordDeltaOperationInternal$1 at DatabricksLogging.scala:128, took 0.047817 s
[2025-12-16T03:30:42.096+0000] {subprocess.py:106} INFO - 25/12/16 03:30:42 INFO Snapshot: [tableId=7b18240a-4a69-4c7f-a2e4-5d317e81ff36] DELTA: Done
[2025-12-16T03:30:42.097+0000] {subprocess.py:106} INFO - 25/12/16 03:30:42 INFO OptimisticTransaction: [tableId=7b18240a,txnId=b71a6f85] Committed delta #1 to s3a://gold/dim_suppliers/_delta_log
[2025-12-16T03:30:42.098+0000] {subprocess.py:106} INFO - --> [SUCCESS] Written dim_suppliers to s3a://gold/dim_suppliers
[2025-12-16T03:30:42.099+0000] {subprocess.py:106} INFO - 25/12/16 03:30:42 INFO SparkContext: SparkContext is stopping with exitCode 0.
[2025-12-16T03:30:42.112+0000] {subprocess.py:106} INFO - 25/12/16 03:30:42 INFO SparkUI: Stopped Spark web UI at http://3ad9a82189be:4041
[2025-12-16T03:30:42.118+0000] {subprocess.py:106} INFO - 25/12/16 03:30:42 INFO StandaloneSchedulerBackend: Shutting down all executors
[2025-12-16T03:30:42.119+0000] {subprocess.py:106} INFO - 25/12/16 03:30:42 INFO StandaloneSchedulerBackend$StandaloneDriverEndpoint: Asking each executor to shut down
[2025-12-16T03:30:42.152+0000] {subprocess.py:106} INFO - 25/12/16 03:30:42 INFO MapOutputTrackerMasterEndpoint: MapOutputTrackerMasterEndpoint stopped!
[2025-12-16T03:30:42.182+0000] {subprocess.py:106} INFO - 25/12/16 03:30:42 INFO MemoryStore: MemoryStore cleared
[2025-12-16T03:30:42.186+0000] {subprocess.py:106} INFO - 25/12/16 03:30:42 INFO BlockManager: BlockManager stopped
[2025-12-16T03:30:42.190+0000] {subprocess.py:106} INFO - 25/12/16 03:30:42 INFO BlockManagerMaster: BlockManagerMaster stopped
[2025-12-16T03:30:42.197+0000] {subprocess.py:106} INFO - 25/12/16 03:30:42 INFO OutputCommitCoordinator$OutputCommitCoordinatorEndpoint: OutputCommitCoordinator stopped!
[2025-12-16T03:30:42.275+0000] {subprocess.py:106} INFO - 25/12/16 03:30:42 INFO SparkContext: Successfully stopped SparkContext
[2025-12-16T03:30:42.411+0000] {subprocess.py:106} INFO - 25/12/16 03:30:42 INFO ShutdownHookManager: Shutdown hook called
[2025-12-16T03:30:42.413+0000] {subprocess.py:106} INFO - 25/12/16 03:30:42 INFO ShutdownHookManager: Deleting directory /tmp/spark-6faf0948-46f0-454e-9832-f5e3dc928a75
[2025-12-16T03:30:42.418+0000] {subprocess.py:106} INFO - 25/12/16 03:30:42 INFO ShutdownHookManager: Deleting directory /tmp/spark-dca0da84-f5c2-4086-997d-47cfe0efe525
[2025-12-16T03:30:42.425+0000] {subprocess.py:106} INFO - 25/12/16 03:30:42 INFO ShutdownHookManager: Deleting directory /tmp/spark-6faf0948-46f0-454e-9832-f5e3dc928a75/pyspark-ac141cb5-8ed6-49a7-bd47-ec7226b9de10
[2025-12-16T03:30:42.443+0000] {subprocess.py:106} INFO - 25/12/16 03:30:42 INFO MetricsSystemImpl: Stopping s3a-file-system metrics system...
[2025-12-16T03:30:42.444+0000] {subprocess.py:106} INFO - 25/12/16 03:30:42 INFO MetricsSystemImpl: s3a-file-system metrics system stopped.
[2025-12-16T03:30:42.445+0000] {subprocess.py:106} INFO - 25/12/16 03:30:42 INFO MetricsSystemImpl: s3a-file-system metrics system shutdown complete.
[2025-12-16T03:30:42.673+0000] {subprocess.py:110} INFO - Command exited with return code 0
[2025-12-16T03:30:42.712+0000] {taskinstance.py:349} INFO - ::group::Post task execution logs
[2025-12-16T03:30:42.713+0000] {taskinstance.py:361} INFO - Marking task as SUCCESS. dag_id=ETL_process, task_id=Silver_to_Gold_Dimensions, run_id=manual__2025-12-16T03:11:21.775359+00:00, execution_date=20251216T031121, start_date=20251216T032917, end_date=20251216T033042
[2025-12-16T03:30:42.794+0000] {local_task_job_runner.py:266} INFO - Task exited with return code 0
[2025-12-16T03:30:42.826+0000] {taskinstance.py:3924} INFO - 1 downstream tasks scheduled from follow-on schedule check
[2025-12-16T03:30:42.828+0000] {local_task_job_runner.py:245} INFO - ::endgroup::
