[2025-12-07T20:02:39.735+0000] {local_task_job_runner.py:123} INFO - ::group::Pre task execution logs
[2025-12-07T20:02:39.778+0000] {taskinstance.py:2631} INFO - Dependencies all met for dep_context=non-requeueable deps ti=<TaskInstance: ETL_process.Silver_to_Gold_Dimensions manual__2025-12-07T19:53:04.128635+00:00 [queued]>
[2025-12-07T20:02:39.793+0000] {taskinstance.py:2631} INFO - Dependencies all met for dep_context=requeueable deps ti=<TaskInstance: ETL_process.Silver_to_Gold_Dimensions manual__2025-12-07T19:53:04.128635+00:00 [queued]>
[2025-12-07T20:02:39.793+0000] {taskinstance.py:2884} INFO - Starting attempt 1 of 3
[2025-12-07T20:02:39.814+0000] {taskinstance.py:2907} INFO - Executing <Task(BashOperator): Silver_to_Gold_Dimensions> on 2025-12-07 19:53:04.128635+00:00
[2025-12-07T20:02:39.827+0000] {logging_mixin.py:190} WARNING - /home/airflow/.local/lib/python3.12/site-packages/airflow/task/task_runner/standard_task_runner.py:70 DeprecationWarning: This process (pid=2379) is multi-threaded, use of fork() may lead to deadlocks in the child.
[2025-12-07T20:02:39.826+0000] {standard_task_runner.py:104} INFO - Running: ['airflow', 'tasks', 'run', 'ETL_process', 'Silver_to_Gold_Dimensions', 'manual__2025-12-07T19:53:04.128635+00:00', '--job-id', '41', '--raw', '--subdir', 'DAGS_FOLDER/ETL.py', '--cfg-path', '/tmp/tmpolu0whnq']
[2025-12-07T20:02:39.829+0000] {standard_task_runner.py:105} INFO - Job 41: Subtask Silver_to_Gold_Dimensions
[2025-12-07T20:02:39.829+0000] {standard_task_runner.py:72} INFO - Started process 2380 to run task
[2025-12-07T20:02:39.908+0000] {task_command.py:467} INFO - Running <TaskInstance: ETL_process.Silver_to_Gold_Dimensions manual__2025-12-07T19:53:04.128635+00:00 [running]> on host 8736f8ce0a1c
[2025-12-07T20:02:40.035+0000] {taskinstance.py:3157} INFO - Exporting env vars: AIRFLOW_CTX_DAG_OWNER='airflow' AIRFLOW_CTX_DAG_ID='ETL_process' AIRFLOW_CTX_TASK_ID='Silver_to_Gold_Dimensions' AIRFLOW_CTX_EXECUTION_DATE='2025-12-07T19:53:04.128635+00:00' AIRFLOW_CTX_TRY_NUMBER='1' AIRFLOW_CTX_DAG_RUN_ID='manual__2025-12-07T19:53:04.128635+00:00'
[2025-12-07T20:02:40.037+0000] {taskinstance.py:740} INFO - ::endgroup::
[2025-12-07T20:02:40.074+0000] {subprocess.py:78} INFO - Tmp dir root location: /tmp
[2025-12-07T20:02:40.077+0000] {subprocess.py:88} INFO - Running command: ['/usr/bin/bash', '-c', '\n            docker exec spark-master bash -c \'\n            export PYTHONPATH=/opt/spark/work-dir/batch-etl && \n            /opt/spark/bin/spark-submit                 --master spark://spark-master:7077                 --packages io.delta:delta-core_2.12:2.4.0,org.apache.hadoop:hadoop-aws:3.3.4                 --conf "spark.sql.extensions=io.delta.sql.DeltaSparkSessionExtension"                 --conf "spark.sql.catalog.spark_catalog=org.apache.spark.sql.delta.catalog.DeltaCatalog"                 /opt/spark/work-dir/batch-etl/silver_to_gold/etl_dimensions.py\n            \'\n        ']
[2025-12-07T20:02:40.096+0000] {subprocess.py:99} INFO - Output:
[2025-12-07T20:02:42.758+0000] {subprocess.py:106} INFO - :: loading settings :: url = jar:file:/opt/spark/jars/ivy-2.5.1.jar!/org/apache/ivy/core/settings/ivysettings.xml
[2025-12-07T20:02:42.901+0000] {subprocess.py:106} INFO - Ivy Default Cache set to: /root/.ivy2/cache
[2025-12-07T20:02:42.902+0000] {subprocess.py:106} INFO - The jars for the packages stored in: /root/.ivy2/jars
[2025-12-07T20:02:42.906+0000] {subprocess.py:106} INFO - io.delta#delta-core_2.12 added as a dependency
[2025-12-07T20:02:42.907+0000] {subprocess.py:106} INFO - org.apache.hadoop#hadoop-aws added as a dependency
[2025-12-07T20:02:42.907+0000] {subprocess.py:106} INFO - :: resolving dependencies :: org.apache.spark#spark-submit-parent-4d802440-84d8-48b3-8e5e-1cccfeb80eab;1.0
[2025-12-07T20:02:42.908+0000] {subprocess.py:106} INFO - 	confs: [default]
[2025-12-07T20:02:43.026+0000] {subprocess.py:106} INFO - 	found io.delta#delta-core_2.12;2.4.0 in central
[2025-12-07T20:02:43.051+0000] {subprocess.py:106} INFO - 	found io.delta#delta-storage;2.4.0 in central
[2025-12-07T20:02:43.072+0000] {subprocess.py:106} INFO - 	found org.antlr#antlr4-runtime;4.9.3 in central
[2025-12-07T20:02:43.113+0000] {subprocess.py:106} INFO - 	found org.apache.hadoop#hadoop-aws;3.3.4 in central
[2025-12-07T20:02:43.133+0000] {subprocess.py:106} INFO - 	found com.amazonaws#aws-java-sdk-bundle;1.12.262 in central
[2025-12-07T20:02:43.150+0000] {subprocess.py:106} INFO - 	found org.wildfly.openssl#wildfly-openssl;1.0.7.Final in central
[2025-12-07T20:02:43.169+0000] {subprocess.py:106} INFO - :: resolution report :: resolve 254ms :: artifacts dl 8ms
[2025-12-07T20:02:43.171+0000] {subprocess.py:106} INFO - 	:: modules in use:
[2025-12-07T20:02:43.171+0000] {subprocess.py:106} INFO - 	com.amazonaws#aws-java-sdk-bundle;1.12.262 from central in [default]
[2025-12-07T20:02:43.171+0000] {subprocess.py:106} INFO - 	io.delta#delta-core_2.12;2.4.0 from central in [default]
[2025-12-07T20:02:43.172+0000] {subprocess.py:106} INFO - 	io.delta#delta-storage;2.4.0 from central in [default]
[2025-12-07T20:02:43.172+0000] {subprocess.py:106} INFO - 	org.antlr#antlr4-runtime;4.9.3 from central in [default]
[2025-12-07T20:02:43.173+0000] {subprocess.py:106} INFO - 	org.apache.hadoop#hadoop-aws;3.3.4 from central in [default]
[2025-12-07T20:02:43.173+0000] {subprocess.py:106} INFO - 	org.wildfly.openssl#wildfly-openssl;1.0.7.Final from central in [default]
[2025-12-07T20:02:43.174+0000] {subprocess.py:106} INFO - 	---------------------------------------------------------------------
[2025-12-07T20:02:43.174+0000] {subprocess.py:106} INFO - 	|                  |            modules            ||   artifacts   |
[2025-12-07T20:02:43.175+0000] {subprocess.py:106} INFO - 	|       conf       | number| search|dwnlded|evicted|| number|dwnlded|
[2025-12-07T20:02:43.175+0000] {subprocess.py:106} INFO - 	---------------------------------------------------------------------
[2025-12-07T20:02:43.176+0000] {subprocess.py:106} INFO - 	|      default     |   6   |   0   |   0   |   0   ||   6   |   0   |
[2025-12-07T20:02:43.176+0000] {subprocess.py:106} INFO - 	---------------------------------------------------------------------
[2025-12-07T20:02:43.177+0000] {subprocess.py:106} INFO - :: retrieving :: org.apache.spark#spark-submit-parent-4d802440-84d8-48b3-8e5e-1cccfeb80eab
[2025-12-07T20:02:43.177+0000] {subprocess.py:106} INFO - 	confs: [default]
[2025-12-07T20:02:43.185+0000] {subprocess.py:106} INFO - 	0 artifacts copied, 6 already retrieved (0kB/8ms)
[2025-12-07T20:02:43.452+0000] {subprocess.py:106} INFO - 25/12/07 20:02:43 WARN NativeCodeLoader: Unable to load native-hadoop library for your platform... using builtin-java classes where applicable
[2025-12-07T20:02:44.392+0000] {subprocess.py:106} INFO - 25/12/07 20:02:44 INFO SparkContext: Running Spark version 3.4.0
[2025-12-07T20:02:44.419+0000] {subprocess.py:106} INFO - 25/12/07 20:02:44 INFO ResourceUtils: ==============================================================
[2025-12-07T20:02:44.419+0000] {subprocess.py:106} INFO - 25/12/07 20:02:44 INFO ResourceUtils: No custom resources configured for spark.driver.
[2025-12-07T20:02:44.420+0000] {subprocess.py:106} INFO - 25/12/07 20:02:44 INFO ResourceUtils: ==============================================================
[2025-12-07T20:02:44.421+0000] {subprocess.py:106} INFO - 25/12/07 20:02:44 INFO SparkContext: Submitted application: Gold_Dimensions_ETL
[2025-12-07T20:02:44.466+0000] {subprocess.py:106} INFO - 25/12/07 20:02:44 INFO ResourceProfile: Default ResourceProfile created, executor resources: Map(memory -> name: memory, amount: 1024, script: , vendor: , offHeap -> name: offHeap, amount: 0, script: , vendor: ), task resources: Map(cpus -> name: cpus, amount: 1.0)
[2025-12-07T20:02:44.477+0000] {subprocess.py:106} INFO - 25/12/07 20:02:44 INFO ResourceProfile: Limiting resource is cpu
[2025-12-07T20:02:44.478+0000] {subprocess.py:106} INFO - 25/12/07 20:02:44 INFO ResourceProfileManager: Added ResourceProfile id: 0
[2025-12-07T20:02:44.556+0000] {subprocess.py:106} INFO - 25/12/07 20:02:44 INFO SecurityManager: Changing view acls to: root
[2025-12-07T20:02:44.557+0000] {subprocess.py:106} INFO - 25/12/07 20:02:44 INFO SecurityManager: Changing modify acls to: root
[2025-12-07T20:02:44.557+0000] {subprocess.py:106} INFO - 25/12/07 20:02:44 INFO SecurityManager: Changing view acls groups to:
[2025-12-07T20:02:44.557+0000] {subprocess.py:106} INFO - 25/12/07 20:02:44 INFO SecurityManager: Changing modify acls groups to:
[2025-12-07T20:02:44.558+0000] {subprocess.py:106} INFO - 25/12/07 20:02:44 INFO SecurityManager: SecurityManager: authentication disabled; ui acls disabled; users with view permissions: root; groups with view permissions: EMPTY; users with modify permissions: root; groups with modify permissions: EMPTY
[2025-12-07T20:02:44.810+0000] {subprocess.py:106} INFO - 25/12/07 20:02:44 INFO Utils: Successfully started service 'sparkDriver' on port 39845.
[2025-12-07T20:02:44.847+0000] {subprocess.py:106} INFO - 25/12/07 20:02:44 INFO SparkEnv: Registering MapOutputTracker
[2025-12-07T20:02:44.884+0000] {subprocess.py:106} INFO - 25/12/07 20:02:44 INFO SparkEnv: Registering BlockManagerMaster
[2025-12-07T20:02:44.909+0000] {subprocess.py:106} INFO - 25/12/07 20:02:44 INFO BlockManagerMasterEndpoint: Using org.apache.spark.storage.DefaultTopologyMapper for getting topology information
[2025-12-07T20:02:44.910+0000] {subprocess.py:106} INFO - 25/12/07 20:02:44 INFO BlockManagerMasterEndpoint: BlockManagerMasterEndpoint up
[2025-12-07T20:02:44.924+0000] {subprocess.py:106} INFO - 25/12/07 20:02:44 INFO SparkEnv: Registering BlockManagerMasterHeartbeat
[2025-12-07T20:02:44.974+0000] {subprocess.py:106} INFO - 25/12/07 20:02:44 INFO DiskBlockManager: Created local directory at /tmp/blockmgr-dea1ede8-75b5-4204-985c-8da8edfa7312
[2025-12-07T20:02:44.991+0000] {subprocess.py:106} INFO - 25/12/07 20:02:44 INFO MemoryStore: MemoryStore started with capacity 434.4 MiB
[2025-12-07T20:02:45.007+0000] {subprocess.py:106} INFO - 25/12/07 20:02:45 INFO SparkEnv: Registering OutputCommitCoordinator
[2025-12-07T20:02:45.176+0000] {subprocess.py:106} INFO - 25/12/07 20:02:45 INFO JettyUtils: Start Jetty 0.0.0.0:4040 for SparkUI
[2025-12-07T20:02:45.249+0000] {subprocess.py:106} INFO - 25/12/07 20:02:45 INFO Utils: Successfully started service 'SparkUI' on port 4040.
[2025-12-07T20:02:45.285+0000] {subprocess.py:106} INFO - 25/12/07 20:02:45 INFO SparkContext: Added JAR file:///root/.ivy2/jars/io.delta_delta-core_2.12-2.4.0.jar at spark://13f196131dae:39845/jars/io.delta_delta-core_2.12-2.4.0.jar with timestamp 1765137764378
[2025-12-07T20:02:45.286+0000] {subprocess.py:106} INFO - 25/12/07 20:02:45 INFO SparkContext: Added JAR file:///root/.ivy2/jars/org.apache.hadoop_hadoop-aws-3.3.4.jar at spark://13f196131dae:39845/jars/org.apache.hadoop_hadoop-aws-3.3.4.jar with timestamp 1765137764378
[2025-12-07T20:02:45.286+0000] {subprocess.py:106} INFO - 25/12/07 20:02:45 INFO SparkContext: Added JAR file:///root/.ivy2/jars/io.delta_delta-storage-2.4.0.jar at spark://13f196131dae:39845/jars/io.delta_delta-storage-2.4.0.jar with timestamp 1765137764378
[2025-12-07T20:02:45.286+0000] {subprocess.py:106} INFO - 25/12/07 20:02:45 INFO SparkContext: Added JAR file:///root/.ivy2/jars/org.antlr_antlr4-runtime-4.9.3.jar at spark://13f196131dae:39845/jars/org.antlr_antlr4-runtime-4.9.3.jar with timestamp 1765137764378
[2025-12-07T20:02:45.287+0000] {subprocess.py:106} INFO - 25/12/07 20:02:45 INFO SparkContext: Added JAR file:///root/.ivy2/jars/com.amazonaws_aws-java-sdk-bundle-1.12.262.jar at spark://13f196131dae:39845/jars/com.amazonaws_aws-java-sdk-bundle-1.12.262.jar with timestamp 1765137764378
[2025-12-07T20:02:45.287+0000] {subprocess.py:106} INFO - 25/12/07 20:02:45 INFO SparkContext: Added JAR file:///root/.ivy2/jars/org.wildfly.openssl_wildfly-openssl-1.0.7.Final.jar at spark://13f196131dae:39845/jars/org.wildfly.openssl_wildfly-openssl-1.0.7.Final.jar with timestamp 1765137764378
[2025-12-07T20:02:45.288+0000] {subprocess.py:106} INFO - 25/12/07 20:02:45 INFO SparkContext: Added file file:///root/.ivy2/jars/io.delta_delta-core_2.12-2.4.0.jar at spark://13f196131dae:39845/files/io.delta_delta-core_2.12-2.4.0.jar with timestamp 1765137764378
[2025-12-07T20:02:45.289+0000] {subprocess.py:106} INFO - 25/12/07 20:02:45 INFO Utils: Copying /root/.ivy2/jars/io.delta_delta-core_2.12-2.4.0.jar to /tmp/spark-f14b88c5-1376-4a0b-a50d-f8bd8404c763/userFiles-921220c6-2e06-4c54-aa2a-55c13cd8a39d/io.delta_delta-core_2.12-2.4.0.jar
[2025-12-07T20:02:45.311+0000] {subprocess.py:106} INFO - 25/12/07 20:02:45 INFO SparkContext: Added file file:///root/.ivy2/jars/org.apache.hadoop_hadoop-aws-3.3.4.jar at spark://13f196131dae:39845/files/org.apache.hadoop_hadoop-aws-3.3.4.jar with timestamp 1765137764378
[2025-12-07T20:02:45.312+0000] {subprocess.py:106} INFO - 25/12/07 20:02:45 INFO Utils: Copying /root/.ivy2/jars/org.apache.hadoop_hadoop-aws-3.3.4.jar to /tmp/spark-f14b88c5-1376-4a0b-a50d-f8bd8404c763/userFiles-921220c6-2e06-4c54-aa2a-55c13cd8a39d/org.apache.hadoop_hadoop-aws-3.3.4.jar
[2025-12-07T20:02:45.320+0000] {subprocess.py:106} INFO - 25/12/07 20:02:45 INFO SparkContext: Added file file:///root/.ivy2/jars/io.delta_delta-storage-2.4.0.jar at spark://13f196131dae:39845/files/io.delta_delta-storage-2.4.0.jar with timestamp 1765137764378
[2025-12-07T20:02:45.321+0000] {subprocess.py:106} INFO - 25/12/07 20:02:45 INFO Utils: Copying /root/.ivy2/jars/io.delta_delta-storage-2.4.0.jar to /tmp/spark-f14b88c5-1376-4a0b-a50d-f8bd8404c763/userFiles-921220c6-2e06-4c54-aa2a-55c13cd8a39d/io.delta_delta-storage-2.4.0.jar
[2025-12-07T20:02:45.327+0000] {subprocess.py:106} INFO - 25/12/07 20:02:45 INFO SparkContext: Added file file:///root/.ivy2/jars/org.antlr_antlr4-runtime-4.9.3.jar at spark://13f196131dae:39845/files/org.antlr_antlr4-runtime-4.9.3.jar with timestamp 1765137764378
[2025-12-07T20:02:45.328+0000] {subprocess.py:106} INFO - 25/12/07 20:02:45 INFO Utils: Copying /root/.ivy2/jars/org.antlr_antlr4-runtime-4.9.3.jar to /tmp/spark-f14b88c5-1376-4a0b-a50d-f8bd8404c763/userFiles-921220c6-2e06-4c54-aa2a-55c13cd8a39d/org.antlr_antlr4-runtime-4.9.3.jar
[2025-12-07T20:02:45.335+0000] {subprocess.py:106} INFO - 25/12/07 20:02:45 INFO SparkContext: Added file file:///root/.ivy2/jars/com.amazonaws_aws-java-sdk-bundle-1.12.262.jar at spark://13f196131dae:39845/files/com.amazonaws_aws-java-sdk-bundle-1.12.262.jar with timestamp 1765137764378
[2025-12-07T20:02:45.335+0000] {subprocess.py:106} INFO - 25/12/07 20:02:45 INFO Utils: Copying /root/.ivy2/jars/com.amazonaws_aws-java-sdk-bundle-1.12.262.jar to /tmp/spark-f14b88c5-1376-4a0b-a50d-f8bd8404c763/userFiles-921220c6-2e06-4c54-aa2a-55c13cd8a39d/com.amazonaws_aws-java-sdk-bundle-1.12.262.jar
[2025-12-07T20:02:46.009+0000] {subprocess.py:106} INFO - 25/12/07 20:02:46 INFO SparkContext: Added file file:///root/.ivy2/jars/org.wildfly.openssl_wildfly-openssl-1.0.7.Final.jar at spark://13f196131dae:39845/files/org.wildfly.openssl_wildfly-openssl-1.0.7.Final.jar with timestamp 1765137764378
[2025-12-07T20:02:46.009+0000] {subprocess.py:106} INFO - 25/12/07 20:02:46 INFO Utils: Copying /root/.ivy2/jars/org.wildfly.openssl_wildfly-openssl-1.0.7.Final.jar to /tmp/spark-f14b88c5-1376-4a0b-a50d-f8bd8404c763/userFiles-921220c6-2e06-4c54-aa2a-55c13cd8a39d/org.wildfly.openssl_wildfly-openssl-1.0.7.Final.jar
[2025-12-07T20:02:46.100+0000] {subprocess.py:106} INFO - 25/12/07 20:02:46 INFO StandaloneAppClient$ClientEndpoint: Connecting to master spark://spark-master:7077...
[2025-12-07T20:02:46.138+0000] {subprocess.py:106} INFO - 25/12/07 20:02:46 INFO TransportClientFactory: Successfully created connection to spark-master/172.18.0.5:7077 after 26 ms (0 ms spent in bootstraps)
[2025-12-07T20:02:46.237+0000] {subprocess.py:106} INFO - 25/12/07 20:02:46 INFO StandaloneSchedulerBackend: Connected to Spark cluster with app ID app-20251207200246-0008
[2025-12-07T20:02:46.238+0000] {subprocess.py:106} INFO - 25/12/07 20:02:46 INFO StandaloneAppClient$ClientEndpoint: Executor added: app-20251207200246-0008/0 on worker-20251207183208-172.18.0.8-34203 (172.18.0.8:34203) with 16 core(s)
[2025-12-07T20:02:46.241+0000] {subprocess.py:106} INFO - 25/12/07 20:02:46 INFO StandaloneSchedulerBackend: Granted executor ID app-20251207200246-0008/0 on hostPort 172.18.0.8:34203 with 16 core(s), 1024.0 MiB RAM
[2025-12-07T20:02:46.247+0000] {subprocess.py:106} INFO - 25/12/07 20:02:46 INFO Utils: Successfully started service 'org.apache.spark.network.netty.NettyBlockTransferService' on port 36513.
[2025-12-07T20:02:46.248+0000] {subprocess.py:106} INFO - 25/12/07 20:02:46 INFO NettyBlockTransferService: Server created on 13f196131dae:36513
[2025-12-07T20:02:46.250+0000] {subprocess.py:106} INFO - 25/12/07 20:02:46 INFO BlockManager: Using org.apache.spark.storage.RandomBlockReplicationPolicy for block replication policy
[2025-12-07T20:02:46.259+0000] {subprocess.py:106} INFO - 25/12/07 20:02:46 INFO BlockManagerMaster: Registering BlockManager BlockManagerId(driver, 13f196131dae, 36513, None)
[2025-12-07T20:02:46.264+0000] {subprocess.py:106} INFO - 25/12/07 20:02:46 INFO BlockManagerMasterEndpoint: Registering block manager 13f196131dae:36513 with 434.4 MiB RAM, BlockManagerId(driver, 13f196131dae, 36513, None)
[2025-12-07T20:02:46.267+0000] {subprocess.py:106} INFO - 25/12/07 20:02:46 INFO BlockManagerMaster: Registered BlockManager BlockManagerId(driver, 13f196131dae, 36513, None)
[2025-12-07T20:02:46.268+0000] {subprocess.py:106} INFO - 25/12/07 20:02:46 INFO BlockManager: Initialized BlockManager: BlockManagerId(driver, 13f196131dae, 36513, None)
[2025-12-07T20:02:46.331+0000] {subprocess.py:106} INFO - 25/12/07 20:02:46 INFO StandaloneAppClient$ClientEndpoint: Executor updated: app-20251207200246-0008/0 is now RUNNING
[2025-12-07T20:02:46.516+0000] {subprocess.py:106} INFO - 25/12/07 20:02:46 INFO StandaloneSchedulerBackend: SchedulerBackend is ready for scheduling beginning after reached minRegisteredResourcesRatio: 0.0
[2025-12-07T20:02:46.888+0000] {subprocess.py:106} INFO - Processing Dim Products...
[2025-12-07T20:02:46.897+0000] {subprocess.py:106} INFO - 25/12/07 20:02:46 INFO SharedState: Setting hive.metastore.warehouse.dir ('null') to the value of spark.sql.warehouse.dir.
[2025-12-07T20:02:46.900+0000] {subprocess.py:106} INFO - 25/12/07 20:02:46 INFO SharedState: Warehouse path is 'file:/opt/spark/work-dir/spark-warehouse'.
[2025-12-07T20:02:48.597+0000] {subprocess.py:106} INFO - 25/12/07 20:02:48 WARN MetricsConfig: Cannot locate configuration: tried hadoop-metrics2-s3a-file-system.properties,hadoop-metrics2.properties
[2025-12-07T20:02:48.616+0000] {subprocess.py:106} INFO - 25/12/07 20:02:48 INFO MetricsSystemImpl: Scheduled Metric snapshot period at 10 second(s).
[2025-12-07T20:02:48.617+0000] {subprocess.py:106} INFO - 25/12/07 20:02:48 INFO MetricsSystemImpl: s3a-file-system metrics system started
[2025-12-07T20:02:48.745+0000] {subprocess.py:106} INFO - 25/12/07 20:02:48 INFO StandaloneSchedulerBackend$StandaloneDriverEndpoint: Registered executor NettyRpcEndpointRef(spark-client://Executor) (172.18.0.8:33606) with ID 0,  ResourceProfileId 0
[2025-12-07T20:02:48.831+0000] {subprocess.py:106} INFO - 25/12/07 20:02:48 INFO BlockManagerMasterEndpoint: Registering block manager 172.18.0.8:41783 with 434.4 MiB RAM, BlockManagerId(0, 172.18.0.8, 41783, None)
[2025-12-07T20:02:51.171+0000] {subprocess.py:106} INFO - 25/12/07 20:02:51 INFO DelegatingLogStore: LogStore `LogStoreAdapter(io.delta.storage.S3SingleDriverLogStore)` is used for scheme `s3a`
[2025-12-07T20:02:51.297+0000] {subprocess.py:106} INFO - 25/12/07 20:02:51 INFO DeltaLog: Loading version 0.
[2025-12-07T20:02:53.919+0000] {subprocess.py:106} INFO - 25/12/07 20:02:53 INFO DeltaLogFileIndex: Created DeltaLogFileIndex(JSON, numFilesInSegment: 1, totalFileSize: 2048)
[2025-12-07T20:02:55.226+0000] {subprocess.py:106} INFO - 25/12/07 20:02:55 INFO FileSourceStrategy: Pushed Filters:
[2025-12-07T20:02:55.227+0000] {subprocess.py:106} INFO - 25/12/07 20:02:55 INFO FileSourceStrategy: Post-Scan Filters:
[2025-12-07T20:02:55.877+0000] {subprocess.py:106} INFO - 25/12/07 20:02:55 INFO CodeGenerator: Code generated in 358.38574 ms
[2025-12-07T20:02:55.964+0000] {subprocess.py:106} INFO - 25/12/07 20:02:55 INFO MemoryStore: Block broadcast_0 stored as values in memory (estimated size 212.7 KiB, free 434.2 MiB)
[2025-12-07T20:02:56.036+0000] {subprocess.py:106} INFO - 25/12/07 20:02:56 INFO MemoryStore: Block broadcast_0_piece0 stored as bytes in memory (estimated size 36.3 KiB, free 434.2 MiB)
[2025-12-07T20:02:56.056+0000] {subprocess.py:106} INFO - 25/12/07 20:02:56 INFO BlockManagerInfo: Added broadcast_0_piece0 in memory on 13f196131dae:36513 (size: 36.3 KiB, free: 434.4 MiB)
[2025-12-07T20:02:56.065+0000] {subprocess.py:106} INFO - 25/12/07 20:02:56 INFO SparkContext: Created broadcast 0 from toString at <unknown>:0
[2025-12-07T20:02:56.105+0000] {subprocess.py:106} INFO - 25/12/07 20:02:56 INFO FileSourceScanExec: Planning scan with bin packing, max size: 4194304 bytes, open cost is considered as scanning 4194304 bytes.
[2025-12-07T20:02:56.271+0000] {subprocess.py:106} INFO - 25/12/07 20:02:56 INFO SparkContext: Starting job: toString at <unknown>:0
[2025-12-07T20:02:56.288+0000] {subprocess.py:106} INFO - 25/12/07 20:02:56 INFO DAGScheduler: Got job 0 (toString at <unknown>:0) with 1 output partitions
[2025-12-07T20:02:56.288+0000] {subprocess.py:106} INFO - 25/12/07 20:02:56 INFO DAGScheduler: Final stage: ResultStage 0 (toString at <unknown>:0)
[2025-12-07T20:02:56.289+0000] {subprocess.py:106} INFO - 25/12/07 20:02:56 INFO DAGScheduler: Parents of final stage: List()
[2025-12-07T20:02:56.289+0000] {subprocess.py:106} INFO - 25/12/07 20:02:56 INFO DAGScheduler: Missing parents: List()
[2025-12-07T20:02:56.295+0000] {subprocess.py:106} INFO - 25/12/07 20:02:56 INFO DAGScheduler: Submitting ResultStage 0 (MapPartitionsRDD[3] at toString at <unknown>:0), which has no missing parents
[2025-12-07T20:02:56.323+0000] {subprocess.py:106} INFO - 25/12/07 20:02:56 INFO MemoryStore: Block broadcast_1 stored as values in memory (estimated size 50.4 KiB, free 434.1 MiB)
[2025-12-07T20:02:56.332+0000] {subprocess.py:106} INFO - 25/12/07 20:02:56 INFO MemoryStore: Block broadcast_1_piece0 stored as bytes in memory (estimated size 15.5 KiB, free 434.1 MiB)
[2025-12-07T20:02:56.333+0000] {subprocess.py:106} INFO - 25/12/07 20:02:56 INFO BlockManagerInfo: Added broadcast_1_piece0 in memory on 13f196131dae:36513 (size: 15.5 KiB, free: 434.3 MiB)
[2025-12-07T20:02:56.334+0000] {subprocess.py:106} INFO - 25/12/07 20:02:56 INFO SparkContext: Created broadcast 1 from broadcast at DAGScheduler.scala:1535
[2025-12-07T20:02:56.356+0000] {subprocess.py:106} INFO - 25/12/07 20:02:56 INFO DAGScheduler: Submitting 1 missing tasks from ResultStage 0 (MapPartitionsRDD[3] at toString at <unknown>:0) (first 15 tasks are for partitions Vector(0))
[2025-12-07T20:02:56.358+0000] {subprocess.py:106} INFO - 25/12/07 20:02:56 INFO TaskSchedulerImpl: Adding task set 0.0 with 1 tasks resource profile 0
[2025-12-07T20:02:56.417+0000] {subprocess.py:106} INFO - 25/12/07 20:02:56 INFO TaskSetManager: Starting task 0.0 in stage 0.0 (TID 0) (172.18.0.8, executor 0, partition 0, PROCESS_LOCAL, 7942 bytes)
[2025-12-07T20:02:56.681+0000] {subprocess.py:106} INFO - 25/12/07 20:02:56 INFO BlockManagerInfo: Added broadcast_1_piece0 in memory on 172.18.0.8:41783 (size: 15.5 KiB, free: 434.4 MiB)
[2025-12-07T20:02:57.805+0000] {subprocess.py:106} INFO - 25/12/07 20:02:57 INFO BlockManagerInfo: Added broadcast_0_piece0 in memory on 172.18.0.8:41783 (size: 36.3 KiB, free: 434.3 MiB)
[2025-12-07T20:02:59.552+0000] {subprocess.py:106} INFO - 25/12/07 20:02:59 INFO TaskSetManager: Finished task 0.0 in stage 0.0 (TID 0) in 3145 ms on 172.18.0.8 (executor 0) (1/1)
[2025-12-07T20:02:59.555+0000] {subprocess.py:106} INFO - 25/12/07 20:02:59 INFO TaskSchedulerImpl: Removed TaskSet 0.0, whose tasks have all completed, from pool
[2025-12-07T20:02:59.564+0000] {subprocess.py:106} INFO - 25/12/07 20:02:59 INFO DAGScheduler: ResultStage 0 (toString at <unknown>:0) finished in 3.252 s
[2025-12-07T20:02:59.569+0000] {subprocess.py:106} INFO - 25/12/07 20:02:59 INFO DAGScheduler: Job 0 is finished. Cancelling potential speculative or zombie tasks for this job
[2025-12-07T20:02:59.570+0000] {subprocess.py:106} INFO - 25/12/07 20:02:59 INFO TaskSchedulerImpl: Killing all running tasks in stage 0: Stage finished
[2025-12-07T20:02:59.572+0000] {subprocess.py:106} INFO - 25/12/07 20:02:59 INFO DAGScheduler: Job 0 finished: toString at <unknown>:0, took 3.300837 s
[2025-12-07T20:02:59.669+0000] {subprocess.py:106} INFO - 25/12/07 20:02:59 INFO BlockManagerInfo: Removed broadcast_1_piece0 on 13f196131dae:36513 in memory (size: 15.5 KiB, free: 434.4 MiB)
[2025-12-07T20:02:59.684+0000] {subprocess.py:106} INFO - 25/12/07 20:02:59 INFO BlockManagerInfo: Removed broadcast_1_piece0 on 172.18.0.8:41783 in memory (size: 15.5 KiB, free: 434.4 MiB)
[2025-12-07T20:02:59.698+0000] {subprocess.py:106} INFO - 25/12/07 20:02:59 INFO CodeGenerator: Code generated in 81.346253 ms
[2025-12-07T20:02:59.711+0000] {subprocess.py:106} INFO - 25/12/07 20:02:59 INFO Snapshot: [tableId=03812773-c8f9-4116-85e7-a031f61ff5f9] Created snapshot Snapshot(path=s3a://silver/products/_delta_log, version=0, metadata=Metadata(2a52f804-17f1-4dfb-8c0c-76e104a6ee2a,null,null,Format(parquet,Map()),{"type":"struct","fields":[{"name":"product_id","type":"string","nullable":true,"metadata":{}},{"name":"product_name","type":"string","nullable":true,"metadata":{}},{"name":"brand","type":"string","nullable":true,"metadata":{}},{"name":"sale_price","type":"decimal(18,2)","nullable":true,"metadata":{}},{"name":"cost_price","type":"decimal(18,2)","nullable":true,"metadata":{}},{"name":"unit_of_measure","type":"string","nullable":true,"metadata":{}},{"name":"etl_loaded_at","type":"timestamp","nullable":true,"metadata":{}}]},List(),Map(),Some(1765137752351)), logSegment=LogSegment(s3a://silver/products/_delta_log,0,WrappedArray(S3AFileStatus{path=s3a://silver/products/_delta_log/00000000000000000000.json; isDirectory=false; length=2048; replication=1; blocksize=33554432; modification_time=1765137753853; access_time=0; owner=root; group=root; permission=rw-rw-rw-; isSymlink=false; hasAcl=false; isEncrypted=true; isErasureCoded=false} isEmptyDirectory=FALSE eTag=63ab64775f2c9ef9f92042bc141feedf versionId=null),None,1765137753853), checksumOpt=None)
[2025-12-07T20:03:00.008+0000] {subprocess.py:106} INFO - 25/12/07 20:03:00 INFO DelegatingLogStore: LogStore `LogStoreAdapter(io.delta.storage.S3SingleDriverLogStore)` is used for scheme `s3a`
[2025-12-07T20:03:00.050+0000] {subprocess.py:106} INFO - 25/12/07 20:03:00 INFO DeltaLog: Loading version 0.
[2025-12-07T20:03:00.060+0000] {subprocess.py:106} INFO - 25/12/07 20:03:00 INFO DeltaLogFileIndex: Created DeltaLogFileIndex(JSON, numFilesInSegment: 1, totalFileSize: 2272)
[2025-12-07T20:03:00.155+0000] {subprocess.py:106} INFO - 25/12/07 20:03:00 INFO FileSourceStrategy: Pushed Filters:
[2025-12-07T20:03:00.156+0000] {subprocess.py:106} INFO - 25/12/07 20:03:00 INFO FileSourceStrategy: Post-Scan Filters:
[2025-12-07T20:03:00.183+0000] {subprocess.py:106} INFO - 25/12/07 20:03:00 INFO MemoryStore: Block broadcast_2 stored as values in memory (estimated size 212.7 KiB, free 433.9 MiB)
[2025-12-07T20:03:00.199+0000] {subprocess.py:106} INFO - 25/12/07 20:03:00 INFO MemoryStore: Block broadcast_2_piece0 stored as bytes in memory (estimated size 36.3 KiB, free 433.9 MiB)
[2025-12-07T20:03:00.201+0000] {subprocess.py:106} INFO - 25/12/07 20:03:00 INFO BlockManagerInfo: Added broadcast_2_piece0 in memory on 13f196131dae:36513 (size: 36.3 KiB, free: 434.3 MiB)
[2025-12-07T20:03:00.202+0000] {subprocess.py:106} INFO - 25/12/07 20:03:00 INFO SparkContext: Created broadcast 2 from toString at <unknown>:0
[2025-12-07T20:03:00.204+0000] {subprocess.py:106} INFO - 25/12/07 20:03:00 INFO FileSourceScanExec: Planning scan with bin packing, max size: 4194304 bytes, open cost is considered as scanning 4194304 bytes.
[2025-12-07T20:03:00.232+0000] {subprocess.py:106} INFO - 25/12/07 20:03:00 INFO BlockManagerInfo: Removed broadcast_0_piece0 on 13f196131dae:36513 in memory (size: 36.3 KiB, free: 434.4 MiB)
[2025-12-07T20:03:00.239+0000] {subprocess.py:106} INFO - 25/12/07 20:03:00 INFO BlockManagerInfo: Removed broadcast_0_piece0 on 172.18.0.8:41783 in memory (size: 36.3 KiB, free: 434.4 MiB)
[2025-12-07T20:03:00.240+0000] {subprocess.py:106} INFO - 25/12/07 20:03:00 INFO SparkContext: Starting job: toString at <unknown>:0
[2025-12-07T20:03:00.242+0000] {subprocess.py:106} INFO - 25/12/07 20:03:00 INFO DAGScheduler: Got job 1 (toString at <unknown>:0) with 1 output partitions
[2025-12-07T20:03:00.243+0000] {subprocess.py:106} INFO - 25/12/07 20:03:00 INFO DAGScheduler: Final stage: ResultStage 1 (toString at <unknown>:0)
[2025-12-07T20:03:00.244+0000] {subprocess.py:106} INFO - 25/12/07 20:03:00 INFO DAGScheduler: Parents of final stage: List()
[2025-12-07T20:03:00.245+0000] {subprocess.py:106} INFO - 25/12/07 20:03:00 INFO DAGScheduler: Missing parents: List()
[2025-12-07T20:03:00.246+0000] {subprocess.py:106} INFO - 25/12/07 20:03:00 INFO DAGScheduler: Submitting ResultStage 1 (MapPartitionsRDD[7] at toString at <unknown>:0), which has no missing parents
[2025-12-07T20:03:00.251+0000] {subprocess.py:106} INFO - 25/12/07 20:03:00 INFO MemoryStore: Block broadcast_3 stored as values in memory (estimated size 50.4 KiB, free 434.1 MiB)
[2025-12-07T20:03:00.260+0000] {subprocess.py:106} INFO - 25/12/07 20:03:00 INFO MemoryStore: Block broadcast_3_piece0 stored as bytes in memory (estimated size 15.5 KiB, free 434.1 MiB)
[2025-12-07T20:03:00.261+0000] {subprocess.py:106} INFO - 25/12/07 20:03:00 INFO BlockManagerInfo: Added broadcast_3_piece0 in memory on 13f196131dae:36513 (size: 15.5 KiB, free: 434.3 MiB)
[2025-12-07T20:03:00.262+0000] {subprocess.py:106} INFO - 25/12/07 20:03:00 INFO SparkContext: Created broadcast 3 from broadcast at DAGScheduler.scala:1535
[2025-12-07T20:03:00.263+0000] {subprocess.py:106} INFO - 25/12/07 20:03:00 INFO DAGScheduler: Submitting 1 missing tasks from ResultStage 1 (MapPartitionsRDD[7] at toString at <unknown>:0) (first 15 tasks are for partitions Vector(0))
[2025-12-07T20:03:00.266+0000] {subprocess.py:106} INFO - 25/12/07 20:03:00 INFO TaskSchedulerImpl: Adding task set 1.0 with 1 tasks resource profile 0
[2025-12-07T20:03:00.267+0000] {subprocess.py:106} INFO - 25/12/07 20:03:00 INFO TaskSetManager: Starting task 0.0 in stage 1.0 (TID 1) (172.18.0.8, executor 0, partition 0, PROCESS_LOCAL, 7944 bytes)
[2025-12-07T20:03:00.323+0000] {subprocess.py:106} INFO - 25/12/07 20:03:00 INFO BlockManagerInfo: Added broadcast_3_piece0 in memory on 172.18.0.8:41783 (size: 15.5 KiB, free: 434.4 MiB)
[2025-12-07T20:03:00.361+0000] {subprocess.py:106} INFO - 25/12/07 20:03:00 INFO BlockManagerInfo: Added broadcast_2_piece0 in memory on 172.18.0.8:41783 (size: 36.3 KiB, free: 434.3 MiB)
[2025-12-07T20:03:00.434+0000] {subprocess.py:106} INFO - 25/12/07 20:03:00 INFO TaskSetManager: Finished task 0.0 in stage 1.0 (TID 1) in 168 ms on 172.18.0.8 (executor 0) (1/1)
[2025-12-07T20:03:00.439+0000] {subprocess.py:106} INFO - 25/12/07 20:03:00 INFO TaskSchedulerImpl: Removed TaskSet 1.0, whose tasks have all completed, from pool
[2025-12-07T20:03:00.440+0000] {subprocess.py:106} INFO - 25/12/07 20:03:00 INFO DAGScheduler: ResultStage 1 (toString at <unknown>:0) finished in 0.187 s
[2025-12-07T20:03:00.440+0000] {subprocess.py:106} INFO - 25/12/07 20:03:00 INFO DAGScheduler: Job 1 is finished. Cancelling potential speculative or zombie tasks for this job
[2025-12-07T20:03:00.441+0000] {subprocess.py:106} INFO - 25/12/07 20:03:00 INFO TaskSchedulerImpl: Killing all running tasks in stage 1: Stage finished
[2025-12-07T20:03:00.441+0000] {subprocess.py:106} INFO - 25/12/07 20:03:00 INFO DAGScheduler: Job 1 finished: toString at <unknown>:0, took 0.197752 s
[2025-12-07T20:03:00.460+0000] {subprocess.py:106} INFO - 25/12/07 20:03:00 INFO Snapshot: [tableId=85797c3c-54fc-4a90-81ba-814c0e011822] Created snapshot Snapshot(path=s3a://gold/dim_products/_delta_log, version=0, metadata=Metadata(42b664c4-f9a5-4564-9437-ce4d3bc75df2,null,null,Format(parquet,Map()),{"type":"struct","fields":[{"name":"product_key","type":"string","nullable":true,"metadata":{}},{"name":"product_id","type":"string","nullable":true,"metadata":{}},{"name":"product_name","type":"string","nullable":true,"metadata":{}},{"name":"brand","type":"string","nullable":true,"metadata":{}},{"name":"unit_of_measure","type":"string","nullable":true,"metadata":{}},{"name":"current_list_price","type":"decimal(18,2)","nullable":true,"metadata":{}},{"name":"current_cost_price","type":"decimal(18,2)","nullable":true,"metadata":{}},{"name":"last_updated","type":"timestamp","nullable":true,"metadata":{}}]},List(),Map(),Some(1765136680063)), logSegment=LogSegment(s3a://gold/dim_products/_delta_log,0,WrappedArray(S3AFileStatus{path=s3a://gold/dim_products/_delta_log/00000000000000000000.json; isDirectory=false; length=2272; replication=1; blocksize=33554432; modification_time=1765136691901; access_time=0; owner=root; group=root; permission=rw-rw-rw-; isSymlink=false; hasAcl=false; isEncrypted=true; isErasureCoded=false} isEmptyDirectory=FALSE eTag=fb7acbbcdb5d0eff6b3f9ed8eaeb0f3e versionId=null),None,1765136691901), checksumOpt=None)
[2025-12-07T20:03:00.628+0000] {subprocess.py:106} INFO - 25/12/07 20:03:00 INFO BlockManagerInfo: Removed broadcast_3_piece0 on 13f196131dae:36513 in memory (size: 15.5 KiB, free: 434.4 MiB)
[2025-12-07T20:03:00.632+0000] {subprocess.py:106} INFO - 25/12/07 20:03:00 INFO BlockManagerInfo: Removed broadcast_3_piece0 on 172.18.0.8:41783 in memory (size: 15.5 KiB, free: 434.4 MiB)
[2025-12-07T20:03:00.868+0000] {subprocess.py:106} INFO - 25/12/07 20:03:00 INFO PrepareDeltaScan: DELTA: Filtering files for query
[2025-12-07T20:03:00.873+0000] {subprocess.py:106} INFO - 25/12/07 20:03:00 INFO Snapshot: [tableId=2a52f804-17f1-4dfb-8c0c-76e104a6ee2a] DELTA: Compute snapshot for version: 0
[2025-12-07T20:03:00.887+0000] {subprocess.py:106} INFO - 25/12/07 20:03:00 INFO MemoryStore: Block broadcast_4 stored as values in memory (estimated size 212.2 KiB, free 433.9 MiB)
[2025-12-07T20:03:00.902+0000] {subprocess.py:106} INFO - 25/12/07 20:03:00 INFO MemoryStore: Block broadcast_4_piece0 stored as bytes in memory (estimated size 36.2 KiB, free 433.9 MiB)
[2025-12-07T20:03:00.903+0000] {subprocess.py:106} INFO - 25/12/07 20:03:00 INFO BlockManagerInfo: Added broadcast_4_piece0 in memory on 13f196131dae:36513 (size: 36.2 KiB, free: 434.3 MiB)
[2025-12-07T20:03:00.904+0000] {subprocess.py:106} INFO - 25/12/07 20:03:00 INFO SparkContext: Created broadcast 4 from $anonfun$recordDeltaOperationInternal$1 at DatabricksLogging.scala:128
[2025-12-07T20:03:01.190+0000] {subprocess.py:106} INFO - 25/12/07 20:03:01 INFO BlockManagerInfo: Removed broadcast_2_piece0 on 13f196131dae:36513 in memory (size: 36.3 KiB, free: 434.4 MiB)
[2025-12-07T20:03:01.195+0000] {subprocess.py:106} INFO - 25/12/07 20:03:01 INFO BlockManagerInfo: Removed broadcast_2_piece0 on 172.18.0.8:41783 in memory (size: 36.3 KiB, free: 434.4 MiB)
[2025-12-07T20:03:01.615+0000] {subprocess.py:106} INFO - 25/12/07 20:03:01 INFO FileSourceStrategy: Pushed Filters:
[2025-12-07T20:03:01.616+0000] {subprocess.py:106} INFO - 25/12/07 20:03:01 INFO FileSourceStrategy: Post-Scan Filters:
[2025-12-07T20:03:01.687+0000] {subprocess.py:106} INFO - 25/12/07 20:03:01 WARN package: Truncated the string representation of a plan since it was too large. This behavior can be adjusted by setting 'spark.sql.debug.maxToStringFields'.
[2025-12-07T20:03:01.940+0000] {subprocess.py:106} INFO - 25/12/07 20:03:01 INFO CodeGenerator: Code generated in 149.338193 ms
[2025-12-07T20:03:01.944+0000] {subprocess.py:106} INFO - 25/12/07 20:03:01 INFO MemoryStore: Block broadcast_5 stored as values in memory (estimated size 212.7 KiB, free 433.9 MiB)
[2025-12-07T20:03:01.961+0000] {subprocess.py:106} INFO - 25/12/07 20:03:01 INFO MemoryStore: Block broadcast_5_piece0 stored as bytes in memory (estimated size 36.3 KiB, free 433.9 MiB)
[2025-12-07T20:03:01.963+0000] {subprocess.py:106} INFO - 25/12/07 20:03:01 INFO BlockManagerInfo: Added broadcast_5_piece0 in memory on 13f196131dae:36513 (size: 36.3 KiB, free: 434.3 MiB)
[2025-12-07T20:03:01.964+0000] {subprocess.py:106} INFO - 25/12/07 20:03:01 INFO SparkContext: Created broadcast 5 from $anonfun$recordDeltaOperationInternal$1 at DatabricksLogging.scala:128
[2025-12-07T20:03:01.966+0000] {subprocess.py:106} INFO - 25/12/07 20:03:01 INFO FileSourceScanExec: Planning scan with bin packing, max size: 4194304 bytes, open cost is considered as scanning 4194304 bytes.
[2025-12-07T20:03:02.070+0000] {subprocess.py:106} INFO - 25/12/07 20:03:02 INFO DAGScheduler: Registering RDD 11 ($anonfun$recordDeltaOperationInternal$1 at DatabricksLogging.scala:128) as input to shuffle 0
[2025-12-07T20:03:02.074+0000] {subprocess.py:106} INFO - 25/12/07 20:03:02 INFO DAGScheduler: Got map stage job 2 ($anonfun$recordDeltaOperationInternal$1 at DatabricksLogging.scala:128) with 1 output partitions
[2025-12-07T20:03:02.075+0000] {subprocess.py:106} INFO - 25/12/07 20:03:02 INFO DAGScheduler: Final stage: ShuffleMapStage 2 ($anonfun$recordDeltaOperationInternal$1 at DatabricksLogging.scala:128)
[2025-12-07T20:03:02.076+0000] {subprocess.py:106} INFO - 25/12/07 20:03:02 INFO DAGScheduler: Parents of final stage: List()
[2025-12-07T20:03:02.076+0000] {subprocess.py:106} INFO - 25/12/07 20:03:02 INFO DAGScheduler: Missing parents: List()
[2025-12-07T20:03:02.078+0000] {subprocess.py:106} INFO - 25/12/07 20:03:02 INFO DAGScheduler: Submitting ShuffleMapStage 2 (MapPartitionsRDD[11] at $anonfun$recordDeltaOperationInternal$1 at DatabricksLogging.scala:128), which has no missing parents
[2025-12-07T20:03:02.108+0000] {subprocess.py:106} INFO - 25/12/07 20:03:02 INFO MemoryStore: Block broadcast_6 stored as values in memory (estimated size 138.3 KiB, free 433.8 MiB)
[2025-12-07T20:03:02.118+0000] {subprocess.py:106} INFO - 25/12/07 20:03:02 INFO MemoryStore: Block broadcast_6_piece0 stored as bytes in memory (estimated size 39.0 KiB, free 433.7 MiB)
[2025-12-07T20:03:02.123+0000] {subprocess.py:106} INFO - 25/12/07 20:03:02 INFO BlockManagerInfo: Added broadcast_6_piece0 in memory on 13f196131dae:36513 (size: 39.0 KiB, free: 434.3 MiB)
[2025-12-07T20:03:02.124+0000] {subprocess.py:106} INFO - 25/12/07 20:03:02 INFO SparkContext: Created broadcast 6 from broadcast at DAGScheduler.scala:1535
[2025-12-07T20:03:02.124+0000] {subprocess.py:106} INFO - 25/12/07 20:03:02 INFO DAGScheduler: Submitting 1 missing tasks from ShuffleMapStage 2 (MapPartitionsRDD[11] at $anonfun$recordDeltaOperationInternal$1 at DatabricksLogging.scala:128) (first 15 tasks are for partitions Vector(0))
[2025-12-07T20:03:02.125+0000] {subprocess.py:106} INFO - 25/12/07 20:03:02 INFO TaskSchedulerImpl: Adding task set 2.0 with 1 tasks resource profile 0
[2025-12-07T20:03:02.128+0000] {subprocess.py:106} INFO - 25/12/07 20:03:02 INFO TaskSetManager: Starting task 0.0 in stage 2.0 (TID 2) (172.18.0.8, executor 0, partition 0, PROCESS_LOCAL, 7931 bytes)
[2025-12-07T20:03:02.167+0000] {subprocess.py:106} INFO - 25/12/07 20:03:02 INFO BlockManagerInfo: Added broadcast_6_piece0 in memory on 172.18.0.8:41783 (size: 39.0 KiB, free: 434.4 MiB)
[2025-12-07T20:03:02.693+0000] {subprocess.py:106} INFO - 25/12/07 20:03:02 INFO BlockManagerInfo: Added broadcast_5_piece0 in memory on 172.18.0.8:41783 (size: 36.3 KiB, free: 434.3 MiB)
[2025-12-07T20:03:03.774+0000] {subprocess.py:106} INFO - 25/12/07 20:03:03 INFO TaskSetManager: Finished task 0.0 in stage 2.0 (TID 2) in 1648 ms on 172.18.0.8 (executor 0) (1/1)
[2025-12-07T20:03:03.775+0000] {subprocess.py:106} INFO - 25/12/07 20:03:03 INFO TaskSchedulerImpl: Removed TaskSet 2.0, whose tasks have all completed, from pool
[2025-12-07T20:03:03.778+0000] {subprocess.py:106} INFO - 25/12/07 20:03:03 INFO DAGScheduler: ShuffleMapStage 2 ($anonfun$recordDeltaOperationInternal$1 at DatabricksLogging.scala:128) finished in 1.697 s
[2025-12-07T20:03:03.779+0000] {subprocess.py:106} INFO - 25/12/07 20:03:03 INFO DAGScheduler: looking for newly runnable stages
[2025-12-07T20:03:03.780+0000] {subprocess.py:106} INFO - 25/12/07 20:03:03 INFO DAGScheduler: running: Set()
[2025-12-07T20:03:03.781+0000] {subprocess.py:106} INFO - 25/12/07 20:03:03 INFO DAGScheduler: waiting: Set()
[2025-12-07T20:03:03.782+0000] {subprocess.py:106} INFO - 25/12/07 20:03:03 INFO DAGScheduler: failed: Set()
[2025-12-07T20:03:03.889+0000] {subprocess.py:106} INFO - 25/12/07 20:03:03 INFO BlockManagerInfo: Removed broadcast_6_piece0 on 13f196131dae:36513 in memory (size: 39.0 KiB, free: 434.3 MiB)
[2025-12-07T20:03:03.892+0000] {subprocess.py:106} INFO - 25/12/07 20:03:03 INFO BlockManagerInfo: Removed broadcast_6_piece0 on 172.18.0.8:41783 in memory (size: 39.0 KiB, free: 434.4 MiB)
[2025-12-07T20:03:04.216+0000] {subprocess.py:106} INFO - 25/12/07 20:03:04 INFO CodeGenerator: Generated method too long to be JIT compiled: org.apache.spark.sql.catalyst.expressions.GeneratedClass$GeneratedIteratorForCodegenStage3.serializefromobject_doConsume_0$ is 19938 bytes
[2025-12-07T20:03:04.217+0000] {subprocess.py:106} INFO - 25/12/07 20:03:04 INFO CodeGenerator: Code generated in 244.264111 ms
[2025-12-07T20:03:04.315+0000] {subprocess.py:106} INFO - 25/12/07 20:03:04 INFO CodeGenerator: Code generated in 74.189149 ms
[2025-12-07T20:03:04.859+0000] {subprocess.py:106} INFO - 25/12/07 20:03:04 INFO CodeGenerator: Code generated in 85.511422 ms
[2025-12-07T20:03:04.873+0000] {subprocess.py:106} INFO - 25/12/07 20:03:04 INFO DAGScheduler: Registering RDD 21 ($anonfun$recordDeltaOperationInternal$1 at DatabricksLogging.scala:128) as input to shuffle 1
[2025-12-07T20:03:04.875+0000] {subprocess.py:106} INFO - 25/12/07 20:03:04 INFO DAGScheduler: Got map stage job 3 ($anonfun$recordDeltaOperationInternal$1 at DatabricksLogging.scala:128) with 50 output partitions
[2025-12-07T20:03:04.876+0000] {subprocess.py:106} INFO - 25/12/07 20:03:04 INFO DAGScheduler: Final stage: ShuffleMapStage 4 ($anonfun$recordDeltaOperationInternal$1 at DatabricksLogging.scala:128)
[2025-12-07T20:03:04.877+0000] {subprocess.py:106} INFO - 25/12/07 20:03:04 INFO DAGScheduler: Parents of final stage: List(ShuffleMapStage 3)
[2025-12-07T20:03:04.880+0000] {subprocess.py:106} INFO - 25/12/07 20:03:04 INFO DAGScheduler: Missing parents: List()
[2025-12-07T20:03:04.882+0000] {subprocess.py:106} INFO - 25/12/07 20:03:04 INFO DAGScheduler: Submitting ShuffleMapStage 4 (MapPartitionsRDD[21] at $anonfun$recordDeltaOperationInternal$1 at DatabricksLogging.scala:128), which has no missing parents
[2025-12-07T20:03:05.060+0000] {subprocess.py:106} INFO - 25/12/07 20:03:05 INFO MemoryStore: Block broadcast_7 stored as values in memory (estimated size 517.1 KiB, free 433.4 MiB)
[2025-12-07T20:03:05.064+0000] {subprocess.py:106} INFO - 25/12/07 20:03:05 INFO MemoryStore: Block broadcast_7_piece0 stored as bytes in memory (estimated size 123.2 KiB, free 433.3 MiB)
[2025-12-07T20:03:05.065+0000] {subprocess.py:106} INFO - 25/12/07 20:03:05 INFO BlockManagerInfo: Added broadcast_7_piece0 in memory on 13f196131dae:36513 (size: 123.2 KiB, free: 434.2 MiB)
[2025-12-07T20:03:05.066+0000] {subprocess.py:106} INFO - 25/12/07 20:03:05 INFO SparkContext: Created broadcast 7 from broadcast at DAGScheduler.scala:1535
[2025-12-07T20:03:05.068+0000] {subprocess.py:106} INFO - 25/12/07 20:03:05 INFO DAGScheduler: Submitting 50 missing tasks from ShuffleMapStage 4 (MapPartitionsRDD[21] at $anonfun$recordDeltaOperationInternal$1 at DatabricksLogging.scala:128) (first 15 tasks are for partitions Vector(0, 1, 2, 3, 4, 5, 6, 7, 8, 9, 10, 11, 12, 13, 14))
[2025-12-07T20:03:05.069+0000] {subprocess.py:106} INFO - 25/12/07 20:03:05 INFO TaskSchedulerImpl: Adding task set 4.0 with 50 tasks resource profile 0
[2025-12-07T20:03:05.077+0000] {subprocess.py:106} INFO - 25/12/07 20:03:05 INFO TaskSetManager: Starting task 29.0 in stage 4.0 (TID 3) (172.18.0.8, executor 0, partition 29, NODE_LOCAL, 7356 bytes)
[2025-12-07T20:03:05.078+0000] {subprocess.py:106} INFO - 25/12/07 20:03:05 INFO TaskSetManager: Starting task 42.0 in stage 4.0 (TID 4) (172.18.0.8, executor 0, partition 42, NODE_LOCAL, 7356 bytes)
[2025-12-07T20:03:05.081+0000] {subprocess.py:106} INFO - 25/12/07 20:03:05 INFO TaskSetManager: Starting task 0.0 in stage 4.0 (TID 5) (172.18.0.8, executor 0, partition 0, PROCESS_LOCAL, 7356 bytes)
[2025-12-07T20:03:05.082+0000] {subprocess.py:106} INFO - 25/12/07 20:03:05 INFO TaskSetManager: Starting task 1.0 in stage 4.0 (TID 6) (172.18.0.8, executor 0, partition 1, PROCESS_LOCAL, 7356 bytes)
[2025-12-07T20:03:05.084+0000] {subprocess.py:106} INFO - 25/12/07 20:03:05 INFO TaskSetManager: Starting task 2.0 in stage 4.0 (TID 7) (172.18.0.8, executor 0, partition 2, PROCESS_LOCAL, 7356 bytes)
[2025-12-07T20:03:05.085+0000] {subprocess.py:106} INFO - 25/12/07 20:03:05 INFO TaskSetManager: Starting task 3.0 in stage 4.0 (TID 8) (172.18.0.8, executor 0, partition 3, PROCESS_LOCAL, 7356 bytes)
[2025-12-07T20:03:05.086+0000] {subprocess.py:106} INFO - 25/12/07 20:03:05 INFO TaskSetManager: Starting task 4.0 in stage 4.0 (TID 9) (172.18.0.8, executor 0, partition 4, PROCESS_LOCAL, 7356 bytes)
[2025-12-07T20:03:05.087+0000] {subprocess.py:106} INFO - 25/12/07 20:03:05 INFO TaskSetManager: Starting task 5.0 in stage 4.0 (TID 10) (172.18.0.8, executor 0, partition 5, PROCESS_LOCAL, 7356 bytes)
[2025-12-07T20:03:05.088+0000] {subprocess.py:106} INFO - 25/12/07 20:03:05 INFO TaskSetManager: Starting task 6.0 in stage 4.0 (TID 11) (172.18.0.8, executor 0, partition 6, PROCESS_LOCAL, 7356 bytes)
[2025-12-07T20:03:05.088+0000] {subprocess.py:106} INFO - 25/12/07 20:03:05 INFO TaskSetManager: Starting task 7.0 in stage 4.0 (TID 12) (172.18.0.8, executor 0, partition 7, PROCESS_LOCAL, 7356 bytes)
[2025-12-07T20:03:05.090+0000] {subprocess.py:106} INFO - 25/12/07 20:03:05 INFO TaskSetManager: Starting task 8.0 in stage 4.0 (TID 13) (172.18.0.8, executor 0, partition 8, PROCESS_LOCAL, 7356 bytes)
[2025-12-07T20:03:05.091+0000] {subprocess.py:106} INFO - 25/12/07 20:03:05 INFO TaskSetManager: Starting task 9.0 in stage 4.0 (TID 14) (172.18.0.8, executor 0, partition 9, PROCESS_LOCAL, 7356 bytes)
[2025-12-07T20:03:05.092+0000] {subprocess.py:106} INFO - 25/12/07 20:03:05 INFO TaskSetManager: Starting task 10.0 in stage 4.0 (TID 15) (172.18.0.8, executor 0, partition 10, PROCESS_LOCAL, 7356 bytes)
[2025-12-07T20:03:05.093+0000] {subprocess.py:106} INFO - 25/12/07 20:03:05 INFO TaskSetManager: Starting task 11.0 in stage 4.0 (TID 16) (172.18.0.8, executor 0, partition 11, PROCESS_LOCAL, 7356 bytes)
[2025-12-07T20:03:05.094+0000] {subprocess.py:106} INFO - 25/12/07 20:03:05 INFO TaskSetManager: Starting task 12.0 in stage 4.0 (TID 17) (172.18.0.8, executor 0, partition 12, PROCESS_LOCAL, 7356 bytes)
[2025-12-07T20:03:05.095+0000] {subprocess.py:106} INFO - 25/12/07 20:03:05 INFO TaskSetManager: Starting task 13.0 in stage 4.0 (TID 18) (172.18.0.8, executor 0, partition 13, PROCESS_LOCAL, 7356 bytes)
[2025-12-07T20:03:05.153+0000] {subprocess.py:106} INFO - 25/12/07 20:03:05 INFO BlockManagerInfo: Added broadcast_7_piece0 in memory on 172.18.0.8:41783 (size: 123.2 KiB, free: 434.2 MiB)
[2025-12-07T20:03:05.842+0000] {subprocess.py:106} INFO - 25/12/07 20:03:05 INFO MapOutputTrackerMasterEndpoint: Asked to send map output locations for shuffle 0 to 172.18.0.8:33606
[2025-12-07T20:03:06.949+0000] {subprocess.py:106} INFO - 25/12/07 20:03:06 INFO BlockManagerInfo: Added rdd_18_10 in memory on 172.18.0.8:41783 (size: 46.0 B, free: 434.2 MiB)
[2025-12-07T20:03:06.954+0000] {subprocess.py:106} INFO - 25/12/07 20:03:06 INFO BlockManagerInfo: Added rdd_18_3 in memory on 172.18.0.8:41783 (size: 46.0 B, free: 434.2 MiB)
[2025-12-07T20:03:06.957+0000] {subprocess.py:106} INFO - 25/12/07 20:03:06 INFO BlockManagerInfo: Added rdd_18_9 in memory on 172.18.0.8:41783 (size: 46.0 B, free: 434.2 MiB)
[2025-12-07T20:03:06.958+0000] {subprocess.py:106} INFO - 25/12/07 20:03:06 INFO BlockManagerInfo: Added rdd_18_8 in memory on 172.18.0.8:41783 (size: 46.0 B, free: 434.2 MiB)
[2025-12-07T20:03:06.962+0000] {subprocess.py:106} INFO - 25/12/07 20:03:06 INFO BlockManagerInfo: Added rdd_18_7 in memory on 172.18.0.8:41783 (size: 46.0 B, free: 434.2 MiB)
[2025-12-07T20:03:06.964+0000] {subprocess.py:106} INFO - 25/12/07 20:03:06 INFO BlockManagerInfo: Added rdd_18_0 in memory on 172.18.0.8:41783 (size: 46.0 B, free: 434.2 MiB)
[2025-12-07T20:03:06.965+0000] {subprocess.py:106} INFO - 25/12/07 20:03:06 INFO BlockManagerInfo: Added rdd_18_11 in memory on 172.18.0.8:41783 (size: 46.0 B, free: 434.2 MiB)
[2025-12-07T20:03:06.966+0000] {subprocess.py:106} INFO - 25/12/07 20:03:06 INFO BlockManagerInfo: Added rdd_18_2 in memory on 172.18.0.8:41783 (size: 46.0 B, free: 434.2 MiB)
[2025-12-07T20:03:06.967+0000] {subprocess.py:106} INFO - 25/12/07 20:03:06 INFO BlockManagerInfo: Added rdd_18_13 in memory on 172.18.0.8:41783 (size: 46.0 B, free: 434.2 MiB)
[2025-12-07T20:03:06.968+0000] {subprocess.py:106} INFO - 25/12/07 20:03:06 INFO BlockManagerInfo: Added rdd_18_12 in memory on 172.18.0.8:41783 (size: 46.0 B, free: 434.2 MiB)
[2025-12-07T20:03:06.969+0000] {subprocess.py:106} INFO - 25/12/07 20:03:06 INFO BlockManagerInfo: Added rdd_18_29 in memory on 172.18.0.8:41783 (size: 648.0 B, free: 434.2 MiB)
[2025-12-07T20:03:06.969+0000] {subprocess.py:106} INFO - 25/12/07 20:03:06 INFO BlockManagerInfo: Added rdd_18_4 in memory on 172.18.0.8:41783 (size: 46.0 B, free: 434.2 MiB)
[2025-12-07T20:03:06.970+0000] {subprocess.py:106} INFO - 25/12/07 20:03:06 INFO BlockManagerInfo: Added rdd_18_5 in memory on 172.18.0.8:41783 (size: 46.0 B, free: 434.2 MiB)
[2025-12-07T20:03:06.971+0000] {subprocess.py:106} INFO - 25/12/07 20:03:06 INFO BlockManagerInfo: Added rdd_18_6 in memory on 172.18.0.8:41783 (size: 46.0 B, free: 434.2 MiB)
[2025-12-07T20:03:06.972+0000] {subprocess.py:106} INFO - 25/12/07 20:03:06 INFO BlockManagerInfo: Added rdd_18_1 in memory on 172.18.0.8:41783 (size: 46.0 B, free: 434.2 MiB)
[2025-12-07T20:03:07.064+0000] {subprocess.py:106} INFO - 25/12/07 20:03:07 INFO BlockManagerInfo: Added rdd_18_42 in memory on 172.18.0.8:41783 (size: 553.0 B, free: 434.2 MiB)
[2025-12-07T20:03:07.816+0000] {subprocess.py:106} INFO - 25/12/07 20:03:07 INFO TaskSetManager: Starting task 14.0 in stage 4.0 (TID 19) (172.18.0.8, executor 0, partition 14, PROCESS_LOCAL, 7356 bytes)
[2025-12-07T20:03:07.819+0000] {subprocess.py:106} INFO - 25/12/07 20:03:07 INFO TaskSetManager: Finished task 7.0 in stage 4.0 (TID 12) in 2734 ms on 172.18.0.8 (executor 0) (1/50)
[2025-12-07T20:03:07.820+0000] {subprocess.py:106} INFO - 25/12/07 20:03:07 INFO TaskSetManager: Starting task 15.0 in stage 4.0 (TID 20) (172.18.0.8, executor 0, partition 15, PROCESS_LOCAL, 7356 bytes)
[2025-12-07T20:03:07.823+0000] {subprocess.py:106} INFO - 25/12/07 20:03:07 INFO TaskSetManager: Finished task 5.0 in stage 4.0 (TID 10) in 2739 ms on 172.18.0.8 (executor 0) (2/50)
[2025-12-07T20:03:07.825+0000] {subprocess.py:106} INFO - 25/12/07 20:03:07 INFO TaskSetManager: Starting task 16.0 in stage 4.0 (TID 21) (172.18.0.8, executor 0, partition 16, PROCESS_LOCAL, 7356 bytes)
[2025-12-07T20:03:07.832+0000] {subprocess.py:106} INFO - 25/12/07 20:03:07 INFO TaskSetManager: Finished task 3.0 in stage 4.0 (TID 8) in 2750 ms on 172.18.0.8 (executor 0) (3/50)
[2025-12-07T20:03:07.833+0000] {subprocess.py:106} INFO - 25/12/07 20:03:07 INFO TaskSetManager: Starting task 17.0 in stage 4.0 (TID 22) (172.18.0.8, executor 0, partition 17, PROCESS_LOCAL, 7356 bytes)
[2025-12-07T20:03:07.834+0000] {subprocess.py:106} INFO - 25/12/07 20:03:07 INFO TaskSetManager: Finished task 0.0 in stage 4.0 (TID 5) in 2755 ms on 172.18.0.8 (executor 0) (4/50)
[2025-12-07T20:03:07.836+0000] {subprocess.py:106} INFO - 25/12/07 20:03:07 INFO TaskSetManager: Starting task 18.0 in stage 4.0 (TID 23) (172.18.0.8, executor 0, partition 18, PROCESS_LOCAL, 7356 bytes)
[2025-12-07T20:03:07.838+0000] {subprocess.py:106} INFO - 25/12/07 20:03:07 INFO TaskSetManager: Finished task 2.0 in stage 4.0 (TID 7) in 2757 ms on 172.18.0.8 (executor 0) (5/50)
[2025-12-07T20:03:07.840+0000] {subprocess.py:106} INFO - 25/12/07 20:03:07 INFO TaskSetManager: Starting task 19.0 in stage 4.0 (TID 24) (172.18.0.8, executor 0, partition 19, PROCESS_LOCAL, 7356 bytes)
[2025-12-07T20:03:07.845+0000] {subprocess.py:106} INFO - 25/12/07 20:03:07 INFO TaskSetManager: Finished task 12.0 in stage 4.0 (TID 17) in 2754 ms on 172.18.0.8 (executor 0) (6/50)
[2025-12-07T20:03:07.846+0000] {subprocess.py:106} INFO - 25/12/07 20:03:07 INFO TaskSetManager: Starting task 20.0 in stage 4.0 (TID 25) (172.18.0.8, executor 0, partition 20, PROCESS_LOCAL, 7356 bytes)
[2025-12-07T20:03:07.849+0000] {subprocess.py:106} INFO - 25/12/07 20:03:07 INFO TaskSetManager: Starting task 21.0 in stage 4.0 (TID 26) (172.18.0.8, executor 0, partition 21, PROCESS_LOCAL, 7356 bytes)
[2025-12-07T20:03:07.850+0000] {subprocess.py:106} INFO - 25/12/07 20:03:07 INFO TaskSetManager: Finished task 1.0 in stage 4.0 (TID 6) in 2766 ms on 172.18.0.8 (executor 0) (7/50)
[2025-12-07T20:03:07.852+0000] {subprocess.py:106} INFO - 25/12/07 20:03:07 INFO TaskSetManager: Starting task 22.0 in stage 4.0 (TID 27) (172.18.0.8, executor 0, partition 22, PROCESS_LOCAL, 7356 bytes)
[2025-12-07T20:03:07.854+0000] {subprocess.py:106} INFO - 25/12/07 20:03:07 INFO TaskSetManager: Starting task 23.0 in stage 4.0 (TID 28) (172.18.0.8, executor 0, partition 23, PROCESS_LOCAL, 7356 bytes)
[2025-12-07T20:03:07.855+0000] {subprocess.py:106} INFO - 25/12/07 20:03:07 INFO TaskSetManager: Finished task 29.0 in stage 4.0 (TID 3) in 2780 ms on 172.18.0.8 (executor 0) (8/50)
[2025-12-07T20:03:07.857+0000] {subprocess.py:106} INFO - 25/12/07 20:03:07 INFO TaskSetManager: Finished task 13.0 in stage 4.0 (TID 18) in 2768 ms on 172.18.0.8 (executor 0) (9/50)
[2025-12-07T20:03:07.857+0000] {subprocess.py:106} INFO - 25/12/07 20:03:07 INFO TaskSetManager: Finished task 8.0 in stage 4.0 (TID 13) in 2773 ms on 172.18.0.8 (executor 0) (10/50)
[2025-12-07T20:03:07.860+0000] {subprocess.py:106} INFO - 25/12/07 20:03:07 INFO TaskSetManager: Starting task 24.0 in stage 4.0 (TID 29) (172.18.0.8, executor 0, partition 24, PROCESS_LOCAL, 7356 bytes)
[2025-12-07T20:03:07.861+0000] {subprocess.py:106} INFO - 25/12/07 20:03:07 INFO TaskSetManager: Finished task 10.0 in stage 4.0 (TID 15) in 2775 ms on 172.18.0.8 (executor 0) (11/50)
[2025-12-07T20:03:07.863+0000] {subprocess.py:106} INFO - 25/12/07 20:03:07 INFO TaskSetManager: Starting task 25.0 in stage 4.0 (TID 30) (172.18.0.8, executor 0, partition 25, PROCESS_LOCAL, 7356 bytes)
[2025-12-07T20:03:07.864+0000] {subprocess.py:106} INFO - 25/12/07 20:03:07 INFO TaskSetManager: Finished task 42.0 in stage 4.0 (TID 4) in 2787 ms on 172.18.0.8 (executor 0) (12/50)
[2025-12-07T20:03:07.866+0000] {subprocess.py:106} INFO - 25/12/07 20:03:07 INFO TaskSetManager: Starting task 26.0 in stage 4.0 (TID 31) (172.18.0.8, executor 0, partition 26, PROCESS_LOCAL, 7356 bytes)
[2025-12-07T20:03:07.868+0000] {subprocess.py:106} INFO - 25/12/07 20:03:07 INFO TaskSetManager: Finished task 4.0 in stage 4.0 (TID 9) in 2786 ms on 172.18.0.8 (executor 0) (13/50)
[2025-12-07T20:03:07.883+0000] {subprocess.py:106} INFO - 25/12/07 20:03:07 INFO TaskSetManager: Starting task 27.0 in stage 4.0 (TID 32) (172.18.0.8, executor 0, partition 27, PROCESS_LOCAL, 7356 bytes)
[2025-12-07T20:03:07.885+0000] {subprocess.py:106} INFO - 25/12/07 20:03:07 INFO TaskSetManager: Finished task 9.0 in stage 4.0 (TID 14) in 2795 ms on 172.18.0.8 (executor 0) (14/50)
[2025-12-07T20:03:07.892+0000] {subprocess.py:106} INFO - 25/12/07 20:03:07 INFO TaskSetManager: Starting task 28.0 in stage 4.0 (TID 33) (172.18.0.8, executor 0, partition 28, PROCESS_LOCAL, 7356 bytes)
[2025-12-07T20:03:07.896+0000] {subprocess.py:106} INFO - 25/12/07 20:03:07 INFO TaskSetManager: Starting task 30.0 in stage 4.0 (TID 34) (172.18.0.8, executor 0, partition 30, PROCESS_LOCAL, 7356 bytes)
[2025-12-07T20:03:07.900+0000] {subprocess.py:106} INFO - 25/12/07 20:03:07 INFO TaskSetManager: Finished task 6.0 in stage 4.0 (TID 11) in 2809 ms on 172.18.0.8 (executor 0) (15/50)
[2025-12-07T20:03:07.907+0000] {subprocess.py:106} INFO - 25/12/07 20:03:07 INFO TaskSetManager: Finished task 11.0 in stage 4.0 (TID 16) in 2806 ms on 172.18.0.8 (executor 0) (16/50)
[2025-12-07T20:03:08.057+0000] {subprocess.py:106} INFO - 25/12/07 20:03:08 INFO BlockManagerInfo: Added rdd_18_19 in memory on 172.18.0.8:41783 (size: 46.0 B, free: 434.2 MiB)
[2025-12-07T20:03:08.060+0000] {subprocess.py:106} INFO - 25/12/07 20:03:08 INFO BlockManagerInfo: Added rdd_18_22 in memory on 172.18.0.8:41783 (size: 46.0 B, free: 434.2 MiB)
[2025-12-07T20:03:08.062+0000] {subprocess.py:106} INFO - 25/12/07 20:03:08 INFO BlockManagerInfo: Added rdd_18_16 in memory on 172.18.0.8:41783 (size: 46.0 B, free: 434.2 MiB)
[2025-12-07T20:03:08.065+0000] {subprocess.py:106} INFO - 25/12/07 20:03:08 INFO BlockManagerInfo: Added rdd_18_27 in memory on 172.18.0.8:41783 (size: 46.0 B, free: 434.2 MiB)
[2025-12-07T20:03:08.066+0000] {subprocess.py:106} INFO - 25/12/07 20:03:08 INFO BlockManagerInfo: Added rdd_18_17 in memory on 172.18.0.8:41783 (size: 46.0 B, free: 434.2 MiB)
[2025-12-07T20:03:08.085+0000] {subprocess.py:106} INFO - 25/12/07 20:03:08 INFO BlockManagerInfo: Added rdd_18_23 in memory on 172.18.0.8:41783 (size: 46.0 B, free: 434.2 MiB)
[2025-12-07T20:03:08.086+0000] {subprocess.py:106} INFO - 25/12/07 20:03:08 INFO BlockManagerInfo: Added rdd_18_15 in memory on 172.18.0.8:41783 (size: 46.0 B, free: 434.2 MiB)
[2025-12-07T20:03:08.087+0000] {subprocess.py:106} INFO - 25/12/07 20:03:08 INFO BlockManagerInfo: Added rdd_18_20 in memory on 172.18.0.8:41783 (size: 46.0 B, free: 434.2 MiB)
[2025-12-07T20:03:08.091+0000] {subprocess.py:106} INFO - 25/12/07 20:03:08 INFO BlockManagerInfo: Added rdd_18_28 in memory on 172.18.0.8:41783 (size: 46.0 B, free: 434.2 MiB)
[2025-12-07T20:03:08.092+0000] {subprocess.py:106} INFO - 25/12/07 20:03:08 INFO BlockManagerInfo: Added rdd_18_26 in memory on 172.18.0.8:41783 (size: 46.0 B, free: 434.2 MiB)
[2025-12-07T20:03:08.099+0000] {subprocess.py:106} INFO - 25/12/07 20:03:08 INFO BlockManagerInfo: Added rdd_18_24 in memory on 172.18.0.8:41783 (size: 46.0 B, free: 434.2 MiB)
[2025-12-07T20:03:08.100+0000] {subprocess.py:106} INFO - 25/12/07 20:03:08 INFO BlockManagerInfo: Added rdd_18_18 in memory on 172.18.0.8:41783 (size: 46.0 B, free: 434.2 MiB)
[2025-12-07T20:03:08.101+0000] {subprocess.py:106} INFO - 25/12/07 20:03:08 INFO BlockManagerInfo: Added rdd_18_21 in memory on 172.18.0.8:41783 (size: 46.0 B, free: 434.2 MiB)
[2025-12-07T20:03:08.115+0000] {subprocess.py:106} INFO - 25/12/07 20:03:08 INFO BlockManagerInfo: Added rdd_18_25 in memory on 172.18.0.8:41783 (size: 46.0 B, free: 434.2 MiB)
[2025-12-07T20:03:08.116+0000] {subprocess.py:106} INFO - 25/12/07 20:03:08 INFO BlockManagerInfo: Added rdd_18_30 in memory on 172.18.0.8:41783 (size: 46.0 B, free: 434.2 MiB)
[2025-12-07T20:03:08.147+0000] {subprocess.py:106} INFO - 25/12/07 20:03:08 INFO BlockManagerInfo: Added rdd_18_14 in memory on 172.18.0.8:41783 (size: 46.0 B, free: 434.2 MiB)
[2025-12-07T20:03:08.167+0000] {subprocess.py:106} INFO - 25/12/07 20:03:08 INFO TaskSetManager: Starting task 31.0 in stage 4.0 (TID 35) (172.18.0.8, executor 0, partition 31, PROCESS_LOCAL, 7356 bytes)
[2025-12-07T20:03:08.174+0000] {subprocess.py:106} INFO - 25/12/07 20:03:08 INFO TaskSetManager: Finished task 27.0 in stage 4.0 (TID 32) in 290 ms on 172.18.0.8 (executor 0) (17/50)
[2025-12-07T20:03:08.187+0000] {subprocess.py:106} INFO - 25/12/07 20:03:08 INFO TaskSetManager: Starting task 32.0 in stage 4.0 (TID 36) (172.18.0.8, executor 0, partition 32, PROCESS_LOCAL, 7356 bytes)
[2025-12-07T20:03:08.189+0000] {subprocess.py:106} INFO - 25/12/07 20:03:08 INFO TaskSetManager: Starting task 33.0 in stage 4.0 (TID 37) (172.18.0.8, executor 0, partition 33, PROCESS_LOCAL, 7356 bytes)
[2025-12-07T20:03:08.191+0000] {subprocess.py:106} INFO - 25/12/07 20:03:08 INFO TaskSetManager: Finished task 26.0 in stage 4.0 (TID 31) in 322 ms on 172.18.0.8 (executor 0) (18/50)
[2025-12-07T20:03:08.193+0000] {subprocess.py:106} INFO - 25/12/07 20:03:08 INFO TaskSetManager: Finished task 21.0 in stage 4.0 (TID 26) in 343 ms on 172.18.0.8 (executor 0) (19/50)
[2025-12-07T20:03:08.194+0000] {subprocess.py:106} INFO - 25/12/07 20:03:08 INFO TaskSetManager: Starting task 34.0 in stage 4.0 (TID 38) (172.18.0.8, executor 0, partition 34, PROCESS_LOCAL, 7356 bytes)
[2025-12-07T20:03:08.195+0000] {subprocess.py:106} INFO - 25/12/07 20:03:08 INFO TaskSetManager: Starting task 35.0 in stage 4.0 (TID 39) (172.18.0.8, executor 0, partition 35, PROCESS_LOCAL, 7356 bytes)
[2025-12-07T20:03:08.198+0000] {subprocess.py:106} INFO - 25/12/07 20:03:08 INFO TaskSetManager: Finished task 22.0 in stage 4.0 (TID 27) in 345 ms on 172.18.0.8 (executor 0) (20/50)
[2025-12-07T20:03:08.199+0000] {subprocess.py:106} INFO - 25/12/07 20:03:08 INFO TaskSetManager: Starting task 36.0 in stage 4.0 (TID 40) (172.18.0.8, executor 0, partition 36, PROCESS_LOCAL, 7356 bytes)
[2025-12-07T20:03:08.202+0000] {subprocess.py:106} INFO - 25/12/07 20:03:08 INFO TaskSetManager: Finished task 19.0 in stage 4.0 (TID 24) in 362 ms on 172.18.0.8 (executor 0) (21/50)
[2025-12-07T20:03:08.203+0000] {subprocess.py:106} INFO - 25/12/07 20:03:08 INFO TaskSetManager: Finished task 15.0 in stage 4.0 (TID 20) in 383 ms on 172.18.0.8 (executor 0) (22/50)
[2025-12-07T20:03:08.206+0000] {subprocess.py:106} INFO - 25/12/07 20:03:08 INFO TaskSetManager: Starting task 37.0 in stage 4.0 (TID 41) (172.18.0.8, executor 0, partition 37, PROCESS_LOCAL, 7356 bytes)
[2025-12-07T20:03:08.209+0000] {subprocess.py:106} INFO - 25/12/07 20:03:08 INFO TaskSetManager: Finished task 16.0 in stage 4.0 (TID 21) in 386 ms on 172.18.0.8 (executor 0) (23/50)
[2025-12-07T20:03:08.214+0000] {subprocess.py:106} INFO - 25/12/07 20:03:08 INFO TaskSetManager: Starting task 38.0 in stage 4.0 (TID 42) (172.18.0.8, executor 0, partition 38, PROCESS_LOCAL, 7356 bytes)
[2025-12-07T20:03:08.217+0000] {subprocess.py:106} INFO - 25/12/07 20:03:08 INFO TaskSetManager: Finished task 18.0 in stage 4.0 (TID 23) in 380 ms on 172.18.0.8 (executor 0) (24/50)
[2025-12-07T20:03:08.224+0000] {subprocess.py:106} INFO - 25/12/07 20:03:08 INFO TaskSetManager: Starting task 39.0 in stage 4.0 (TID 43) (172.18.0.8, executor 0, partition 39, PROCESS_LOCAL, 7356 bytes)
[2025-12-07T20:03:08.233+0000] {subprocess.py:106} INFO - 25/12/07 20:03:08 INFO TaskSetManager: Starting task 40.0 in stage 4.0 (TID 44) (172.18.0.8, executor 0, partition 40, PROCESS_LOCAL, 7356 bytes)
[2025-12-07T20:03:08.234+0000] {subprocess.py:106} INFO - 25/12/07 20:03:08 INFO TaskSetManager: Starting task 41.0 in stage 4.0 (TID 45) (172.18.0.8, executor 0, partition 41, PROCESS_LOCAL, 7356 bytes)
[2025-12-07T20:03:08.236+0000] {subprocess.py:106} INFO - 25/12/07 20:03:08 INFO TaskSetManager: Finished task 24.0 in stage 4.0 (TID 29) in 375 ms on 172.18.0.8 (executor 0) (25/50)
[2025-12-07T20:03:08.238+0000] {subprocess.py:106} INFO - 25/12/07 20:03:08 INFO TaskSetManager: Starting task 43.0 in stage 4.0 (TID 46) (172.18.0.8, executor 0, partition 43, PROCESS_LOCAL, 7356 bytes)
[2025-12-07T20:03:08.239+0000] {subprocess.py:106} INFO - 25/12/07 20:03:08 INFO TaskSetManager: Finished task 28.0 in stage 4.0 (TID 33) in 356 ms on 172.18.0.8 (executor 0) (26/50)
[2025-12-07T20:03:08.243+0000] {subprocess.py:106} INFO - 25/12/07 20:03:08 INFO TaskSetManager: Finished task 23.0 in stage 4.0 (TID 28) in 389 ms on 172.18.0.8 (executor 0) (27/50)
[2025-12-07T20:03:08.246+0000] {subprocess.py:106} INFO - 25/12/07 20:03:08 INFO TaskSetManager: Finished task 14.0 in stage 4.0 (TID 19) in 429 ms on 172.18.0.8 (executor 0) (28/50)
[2025-12-07T20:03:08.248+0000] {subprocess.py:106} INFO - 25/12/07 20:03:08 INFO TaskSetManager: Starting task 44.0 in stage 4.0 (TID 47) (172.18.0.8, executor 0, partition 44, PROCESS_LOCAL, 7356 bytes)
[2025-12-07T20:03:08.249+0000] {subprocess.py:106} INFO - 25/12/07 20:03:08 INFO TaskSetManager: Finished task 30.0 in stage 4.0 (TID 34) in 359 ms on 172.18.0.8 (executor 0) (29/50)
[2025-12-07T20:03:08.250+0000] {subprocess.py:106} INFO - 25/12/07 20:03:08 INFO TaskSetManager: Starting task 45.0 in stage 4.0 (TID 48) (172.18.0.8, executor 0, partition 45, PROCESS_LOCAL, 7356 bytes)
[2025-12-07T20:03:08.251+0000] {subprocess.py:106} INFO - 25/12/07 20:03:08 INFO TaskSetManager: Finished task 20.0 in stage 4.0 (TID 25) in 406 ms on 172.18.0.8 (executor 0) (30/50)
[2025-12-07T20:03:08.252+0000] {subprocess.py:106} INFO - 25/12/07 20:03:08 INFO TaskSetManager: Starting task 46.0 in stage 4.0 (TID 49) (172.18.0.8, executor 0, partition 46, PROCESS_LOCAL, 7356 bytes)
[2025-12-07T20:03:08.252+0000] {subprocess.py:106} INFO - 25/12/07 20:03:08 INFO TaskSetManager: Finished task 25.0 in stage 4.0 (TID 30) in 390 ms on 172.18.0.8 (executor 0) (31/50)
[2025-12-07T20:03:08.288+0000] {subprocess.py:106} INFO - 25/12/07 20:03:08 INFO TaskSetManager: Starting task 47.0 in stage 4.0 (TID 50) (172.18.0.8, executor 0, partition 47, PROCESS_LOCAL, 7356 bytes)
[2025-12-07T20:03:08.290+0000] {subprocess.py:106} INFO - 25/12/07 20:03:08 INFO TaskSetManager: Finished task 17.0 in stage 4.0 (TID 22) in 455 ms on 172.18.0.8 (executor 0) (32/50)
[2025-12-07T20:03:08.310+0000] {subprocess.py:106} INFO - 25/12/07 20:03:08 INFO BlockManagerInfo: Added rdd_18_32 in memory on 172.18.0.8:41783 (size: 46.0 B, free: 434.2 MiB)
[2025-12-07T20:03:08.322+0000] {subprocess.py:106} INFO - 25/12/07 20:03:08 INFO BlockManagerInfo: Added rdd_18_31 in memory on 172.18.0.8:41783 (size: 46.0 B, free: 434.2 MiB)
[2025-12-07T20:03:08.328+0000] {subprocess.py:106} INFO - 25/12/07 20:03:08 INFO BlockManagerInfo: Added rdd_18_33 in memory on 172.18.0.8:41783 (size: 46.0 B, free: 434.2 MiB)
[2025-12-07T20:03:08.351+0000] {subprocess.py:106} INFO - 25/12/07 20:03:08 INFO BlockManagerInfo: Added rdd_18_34 in memory on 172.18.0.8:41783 (size: 46.0 B, free: 434.2 MiB)
[2025-12-07T20:03:08.379+0000] {subprocess.py:106} INFO - 25/12/07 20:03:08 INFO BlockManagerInfo: Added rdd_18_36 in memory on 172.18.0.8:41783 (size: 46.0 B, free: 434.2 MiB)
[2025-12-07T20:03:08.395+0000] {subprocess.py:106} INFO - 25/12/07 20:03:08 INFO TaskSetManager: Starting task 48.0 in stage 4.0 (TID 51) (172.18.0.8, executor 0, partition 48, PROCESS_LOCAL, 7356 bytes)
[2025-12-07T20:03:08.397+0000] {subprocess.py:106} INFO - 25/12/07 20:03:08 INFO TaskSetManager: Finished task 33.0 in stage 4.0 (TID 37) in 209 ms on 172.18.0.8 (executor 0) (33/50)
[2025-12-07T20:03:08.406+0000] {subprocess.py:106} INFO - 25/12/07 20:03:08 INFO BlockManagerInfo: Added rdd_18_37 in memory on 172.18.0.8:41783 (size: 46.0 B, free: 434.2 MiB)
[2025-12-07T20:03:08.408+0000] {subprocess.py:106} INFO - 25/12/07 20:03:08 INFO BlockManagerInfo: Added rdd_18_39 in memory on 172.18.0.8:41783 (size: 46.0 B, free: 434.2 MiB)
[2025-12-07T20:03:08.409+0000] {subprocess.py:106} INFO - 25/12/07 20:03:08 INFO BlockManagerInfo: Added rdd_18_40 in memory on 172.18.0.8:41783 (size: 46.0 B, free: 434.2 MiB)
[2025-12-07T20:03:08.410+0000] {subprocess.py:106} INFO - 25/12/07 20:03:08 INFO BlockManagerInfo: Added rdd_18_45 in memory on 172.18.0.8:41783 (size: 46.0 B, free: 434.2 MiB)
[2025-12-07T20:03:08.417+0000] {subprocess.py:106} INFO - 25/12/07 20:03:08 INFO BlockManagerInfo: Added rdd_18_38 in memory on 172.18.0.8:41783 (size: 46.0 B, free: 434.2 MiB)
[2025-12-07T20:03:08.418+0000] {subprocess.py:106} INFO - 25/12/07 20:03:08 INFO BlockManagerInfo: Added rdd_18_43 in memory on 172.18.0.8:41783 (size: 46.0 B, free: 434.2 MiB)
[2025-12-07T20:03:08.422+0000] {subprocess.py:106} INFO - 25/12/07 20:03:08 INFO BlockManagerInfo: Added rdd_18_46 in memory on 172.18.0.8:41783 (size: 46.0 B, free: 434.2 MiB)
[2025-12-07T20:03:08.424+0000] {subprocess.py:106} INFO - 25/12/07 20:03:08 INFO TaskSetManager: Starting task 49.0 in stage 4.0 (TID 52) (172.18.0.8, executor 0, partition 49, PROCESS_LOCAL, 7356 bytes)
[2025-12-07T20:03:08.425+0000] {subprocess.py:106} INFO - 25/12/07 20:03:08 INFO TaskSetManager: Finished task 32.0 in stage 4.0 (TID 36) in 241 ms on 172.18.0.8 (executor 0) (34/50)
[2025-12-07T20:03:08.426+0000] {subprocess.py:106} INFO - 25/12/07 20:03:08 INFO TaskSetManager: Finished task 31.0 in stage 4.0 (TID 35) in 261 ms on 172.18.0.8 (executor 0) (35/50)
[2025-12-07T20:03:08.439+0000] {subprocess.py:106} INFO - 25/12/07 20:03:08 INFO BlockManagerInfo: Added rdd_18_47 in memory on 172.18.0.8:41783 (size: 46.0 B, free: 434.2 MiB)
[2025-12-07T20:03:08.441+0000] {subprocess.py:106} INFO - 25/12/07 20:03:08 INFO BlockManagerInfo: Added rdd_18_41 in memory on 172.18.0.8:41783 (size: 46.0 B, free: 434.2 MiB)
[2025-12-07T20:03:08.442+0000] {subprocess.py:106} INFO - 25/12/07 20:03:08 INFO BlockManagerInfo: Added rdd_18_35 in memory on 172.18.0.8:41783 (size: 46.0 B, free: 434.2 MiB)
[2025-12-07T20:03:08.447+0000] {subprocess.py:106} INFO - 25/12/07 20:03:08 INFO TaskSetManager: Finished task 36.0 in stage 4.0 (TID 40) in 249 ms on 172.18.0.8 (executor 0) (36/50)
[2025-12-07T20:03:08.459+0000] {subprocess.py:106} INFO - 25/12/07 20:03:08 INFO TaskSetManager: Finished task 34.0 in stage 4.0 (TID 38) in 261 ms on 172.18.0.8 (executor 0) (37/50)
[2025-12-07T20:03:08.461+0000] {subprocess.py:106} INFO - 25/12/07 20:03:08 INFO BlockManagerInfo: Added rdd_18_44 in memory on 172.18.0.8:41783 (size: 46.0 B, free: 434.2 MiB)
[2025-12-07T20:03:08.503+0000] {subprocess.py:106} INFO - 25/12/07 20:03:08 INFO TaskSetManager: Finished task 39.0 in stage 4.0 (TID 43) in 278 ms on 172.18.0.8 (executor 0) (38/50)
[2025-12-07T20:03:08.517+0000] {subprocess.py:106} INFO - 25/12/07 20:03:08 INFO TaskSetManager: Finished task 37.0 in stage 4.0 (TID 41) in 304 ms on 172.18.0.8 (executor 0) (39/50)
[2025-12-07T20:03:08.526+0000] {subprocess.py:106} INFO - 25/12/07 20:03:08 INFO TaskSetManager: Finished task 45.0 in stage 4.0 (TID 48) in 273 ms on 172.18.0.8 (executor 0) (40/50)
[2025-12-07T20:03:08.528+0000] {subprocess.py:106} INFO - 25/12/07 20:03:08 INFO TaskSetManager: Finished task 46.0 in stage 4.0 (TID 49) in 271 ms on 172.18.0.8 (executor 0) (41/50)
[2025-12-07T20:03:08.530+0000] {subprocess.py:106} INFO - 25/12/07 20:03:08 INFO TaskSetManager: Finished task 43.0 in stage 4.0 (TID 46) in 286 ms on 172.18.0.8 (executor 0) (42/50)
[2025-12-07T20:03:08.531+0000] {subprocess.py:106} INFO - 25/12/07 20:03:08 INFO TaskSetManager: Finished task 41.0 in stage 4.0 (TID 45) in 292 ms on 172.18.0.8 (executor 0) (43/50)
[2025-12-07T20:03:08.532+0000] {subprocess.py:106} INFO - 25/12/07 20:03:08 INFO TaskSetManager: Finished task 40.0 in stage 4.0 (TID 44) in 300 ms on 172.18.0.8 (executor 0) (44/50)
[2025-12-07T20:03:08.533+0000] {subprocess.py:106} INFO - 25/12/07 20:03:08 INFO TaskSetManager: Finished task 38.0 in stage 4.0 (TID 42) in 320 ms on 172.18.0.8 (executor 0) (45/50)
[2025-12-07T20:03:08.536+0000] {subprocess.py:106} INFO - 25/12/07 20:03:08 INFO TaskSetManager: Finished task 47.0 in stage 4.0 (TID 50) in 251 ms on 172.18.0.8 (executor 0) (46/50)
[2025-12-07T20:03:08.542+0000] {subprocess.py:106} INFO - 25/12/07 20:03:08 INFO TaskSetManager: Finished task 35.0 in stage 4.0 (TID 39) in 348 ms on 172.18.0.8 (executor 0) (47/50)
[2025-12-07T20:03:08.550+0000] {subprocess.py:106} INFO - 25/12/07 20:03:08 INFO TaskSetManager: Finished task 44.0 in stage 4.0 (TID 47) in 305 ms on 172.18.0.8 (executor 0) (48/50)
[2025-12-07T20:03:08.551+0000] {subprocess.py:106} INFO - 25/12/07 20:03:08 INFO BlockManagerInfo: Added rdd_18_48 in memory on 172.18.0.8:41783 (size: 46.0 B, free: 434.2 MiB)
[2025-12-07T20:03:08.552+0000] {subprocess.py:106} INFO - 25/12/07 20:03:08 INFO BlockManagerInfo: Added rdd_18_49 in memory on 172.18.0.8:41783 (size: 46.0 B, free: 434.2 MiB)
[2025-12-07T20:03:08.591+0000] {subprocess.py:106} INFO - 25/12/07 20:03:08 INFO TaskSetManager: Finished task 48.0 in stage 4.0 (TID 51) in 197 ms on 172.18.0.8 (executor 0) (49/50)
[2025-12-07T20:03:08.592+0000] {subprocess.py:106} INFO - 25/12/07 20:03:08 INFO TaskSetManager: Finished task 49.0 in stage 4.0 (TID 52) in 170 ms on 172.18.0.8 (executor 0) (50/50)
[2025-12-07T20:03:08.593+0000] {subprocess.py:106} INFO - 25/12/07 20:03:08 INFO TaskSchedulerImpl: Removed TaskSet 4.0, whose tasks have all completed, from pool
[2025-12-07T20:03:08.594+0000] {subprocess.py:106} INFO - 25/12/07 20:03:08 INFO DAGScheduler: ShuffleMapStage 4 ($anonfun$recordDeltaOperationInternal$1 at DatabricksLogging.scala:128) finished in 3.695 s
[2025-12-07T20:03:08.595+0000] {subprocess.py:106} INFO - 25/12/07 20:03:08 INFO DAGScheduler: looking for newly runnable stages
[2025-12-07T20:03:08.596+0000] {subprocess.py:106} INFO - 25/12/07 20:03:08 INFO DAGScheduler: running: Set()
[2025-12-07T20:03:08.598+0000] {subprocess.py:106} INFO - 25/12/07 20:03:08 INFO DAGScheduler: waiting: Set()
[2025-12-07T20:03:08.599+0000] {subprocess.py:106} INFO - 25/12/07 20:03:08 INFO DAGScheduler: failed: Set()
[2025-12-07T20:03:08.683+0000] {subprocess.py:106} INFO - 25/12/07 20:03:08 INFO SparkContext: Starting job: $anonfun$recordDeltaOperationInternal$1 at DatabricksLogging.scala:128
[2025-12-07T20:03:08.686+0000] {subprocess.py:106} INFO - 25/12/07 20:03:08 INFO DAGScheduler: Got job 4 ($anonfun$recordDeltaOperationInternal$1 at DatabricksLogging.scala:128) with 1 output partitions
[2025-12-07T20:03:08.687+0000] {subprocess.py:106} INFO - 25/12/07 20:03:08 INFO DAGScheduler: Final stage: ResultStage 7 ($anonfun$recordDeltaOperationInternal$1 at DatabricksLogging.scala:128)
[2025-12-07T20:03:08.695+0000] {subprocess.py:106} INFO - 25/12/07 20:03:08 INFO DAGScheduler: Parents of final stage: List(ShuffleMapStage 6)
[2025-12-07T20:03:08.697+0000] {subprocess.py:106} INFO - 25/12/07 20:03:08 INFO DAGScheduler: Missing parents: List()
[2025-12-07T20:03:08.698+0000] {subprocess.py:106} INFO - 25/12/07 20:03:08 INFO DAGScheduler: Submitting ResultStage 7 (MapPartitionsRDD[24] at $anonfun$recordDeltaOperationInternal$1 at DatabricksLogging.scala:128), which has no missing parents
[2025-12-07T20:03:08.705+0000] {subprocess.py:106} INFO - 25/12/07 20:03:08 INFO MemoryStore: Block broadcast_8 stored as values in memory (estimated size 452.3 KiB, free 432.8 MiB)
[2025-12-07T20:03:08.712+0000] {subprocess.py:106} INFO - 25/12/07 20:03:08 INFO MemoryStore: Block broadcast_8_piece0 stored as bytes in memory (estimated size 108.1 KiB, free 432.7 MiB)
[2025-12-07T20:03:08.716+0000] {subprocess.py:106} INFO - 25/12/07 20:03:08 INFO BlockManagerInfo: Added broadcast_8_piece0 in memory on 13f196131dae:36513 (size: 108.1 KiB, free: 434.1 MiB)
[2025-12-07T20:03:08.732+0000] {subprocess.py:106} INFO - 25/12/07 20:03:08 INFO SparkContext: Created broadcast 8 from broadcast at DAGScheduler.scala:1535
[2025-12-07T20:03:08.733+0000] {subprocess.py:106} INFO - 25/12/07 20:03:08 INFO DAGScheduler: Submitting 1 missing tasks from ResultStage 7 (MapPartitionsRDD[24] at $anonfun$recordDeltaOperationInternal$1 at DatabricksLogging.scala:128) (first 15 tasks are for partitions Vector(0))
[2025-12-07T20:03:08.734+0000] {subprocess.py:106} INFO - 25/12/07 20:03:08 INFO TaskSchedulerImpl: Adding task set 7.0 with 1 tasks resource profile 0
[2025-12-07T20:03:08.737+0000] {subprocess.py:106} INFO - 25/12/07 20:03:08 INFO TaskSetManager: Starting task 0.0 in stage 7.0 (TID 53) (172.18.0.8, executor 0, partition 0, NODE_LOCAL, 7367 bytes)
[2025-12-07T20:03:08.739+0000] {subprocess.py:106} INFO - 25/12/07 20:03:08 INFO BlockManagerInfo: Removed broadcast_7_piece0 on 13f196131dae:36513 in memory (size: 123.2 KiB, free: 434.2 MiB)
[2025-12-07T20:03:08.742+0000] {subprocess.py:106} INFO - 25/12/07 20:03:08 INFO BlockManagerInfo: Removed broadcast_7_piece0 on 172.18.0.8:41783 in memory (size: 123.2 KiB, free: 434.4 MiB)
[2025-12-07T20:03:08.760+0000] {subprocess.py:106} INFO - 25/12/07 20:03:08 INFO BlockManagerInfo: Added broadcast_8_piece0 in memory on 172.18.0.8:41783 (size: 108.1 KiB, free: 434.3 MiB)
[2025-12-07T20:03:08.777+0000] {subprocess.py:106} INFO - 25/12/07 20:03:08 INFO MapOutputTrackerMasterEndpoint: Asked to send map output locations for shuffle 1 to 172.18.0.8:33606
[2025-12-07T20:03:08.862+0000] {subprocess.py:106} INFO - 25/12/07 20:03:08 INFO TaskSetManager: Finished task 0.0 in stage 7.0 (TID 53) in 126 ms on 172.18.0.8 (executor 0) (1/1)
[2025-12-07T20:03:08.864+0000] {subprocess.py:106} INFO - 25/12/07 20:03:08 INFO TaskSchedulerImpl: Removed TaskSet 7.0, whose tasks have all completed, from pool
[2025-12-07T20:03:08.864+0000] {subprocess.py:106} INFO - 25/12/07 20:03:08 INFO DAGScheduler: ResultStage 7 ($anonfun$recordDeltaOperationInternal$1 at DatabricksLogging.scala:128) finished in 0.170 s
[2025-12-07T20:03:08.865+0000] {subprocess.py:106} INFO - 25/12/07 20:03:08 INFO DAGScheduler: Job 4 is finished. Cancelling potential speculative or zombie tasks for this job
[2025-12-07T20:03:08.866+0000] {subprocess.py:106} INFO - 25/12/07 20:03:08 INFO TaskSchedulerImpl: Killing all running tasks in stage 7: Stage finished
[2025-12-07T20:03:08.866+0000] {subprocess.py:106} INFO - 25/12/07 20:03:08 INFO DAGScheduler: Job 4 finished: $anonfun$recordDeltaOperationInternal$1 at DatabricksLogging.scala:128, took 0.181532 s
[2025-12-07T20:03:08.925+0000] {subprocess.py:106} INFO - 25/12/07 20:03:08 INFO CodeGenerator: Code generated in 44.413918 ms
[2025-12-07T20:03:08.929+0000] {subprocess.py:106} INFO - 25/12/07 20:03:08 INFO Snapshot: [tableId=2a52f804-17f1-4dfb-8c0c-76e104a6ee2a] DELTA: Done
[2025-12-07T20:03:09.121+0000] {subprocess.py:106} INFO - 25/12/07 20:03:09 INFO BlockManagerInfo: Removed broadcast_8_piece0 on 13f196131dae:36513 in memory (size: 108.1 KiB, free: 434.3 MiB)
[2025-12-07T20:03:09.124+0000] {subprocess.py:106} INFO - 25/12/07 20:03:09 INFO BlockManagerInfo: Removed broadcast_8_piece0 on 172.18.0.8:41783 in memory (size: 108.1 KiB, free: 434.4 MiB)
[2025-12-07T20:03:09.449+0000] {subprocess.py:106} INFO - 25/12/07 20:03:09 INFO CodeGenerator: Code generated in 176.450944 ms
[2025-12-07T20:03:09.482+0000] {subprocess.py:106} INFO - 25/12/07 20:03:09 INFO SparkContext: Starting job: $anonfun$recordDeltaOperationInternal$1 at DatabricksLogging.scala:128
[2025-12-07T20:03:09.485+0000] {subprocess.py:106} INFO - 25/12/07 20:03:09 INFO DAGScheduler: Got job 5 ($anonfun$recordDeltaOperationInternal$1 at DatabricksLogging.scala:128) with 50 output partitions
[2025-12-07T20:03:09.486+0000] {subprocess.py:106} INFO - 25/12/07 20:03:09 INFO DAGScheduler: Final stage: ResultStage 9 ($anonfun$recordDeltaOperationInternal$1 at DatabricksLogging.scala:128)
[2025-12-07T20:03:09.487+0000] {subprocess.py:106} INFO - 25/12/07 20:03:09 INFO DAGScheduler: Parents of final stage: List(ShuffleMapStage 8)
[2025-12-07T20:03:09.488+0000] {subprocess.py:106} INFO - 25/12/07 20:03:09 INFO DAGScheduler: Missing parents: List()
[2025-12-07T20:03:09.491+0000] {subprocess.py:106} INFO - 25/12/07 20:03:09 INFO DAGScheduler: Submitting ResultStage 9 (MapPartitionsRDD[26] at $anonfun$recordDeltaOperationInternal$1 at DatabricksLogging.scala:128), which has no missing parents
[2025-12-07T20:03:09.502+0000] {subprocess.py:106} INFO - 25/12/07 20:03:09 INFO MemoryStore: Block broadcast_9 stored as values in memory (estimated size 592.2 KiB, free 433.3 MiB)
[2025-12-07T20:03:09.508+0000] {subprocess.py:106} INFO - 25/12/07 20:03:09 INFO MemoryStore: Block broadcast_9_piece0 stored as bytes in memory (estimated size 138.6 KiB, free 433.2 MiB)
[2025-12-07T20:03:09.509+0000] {subprocess.py:106} INFO - 25/12/07 20:03:09 INFO BlockManagerInfo: Added broadcast_9_piece0 in memory on 13f196131dae:36513 (size: 138.6 KiB, free: 434.2 MiB)
[2025-12-07T20:03:09.511+0000] {subprocess.py:106} INFO - 25/12/07 20:03:09 INFO SparkContext: Created broadcast 9 from broadcast at DAGScheduler.scala:1535
[2025-12-07T20:03:09.512+0000] {subprocess.py:106} INFO - 25/12/07 20:03:09 INFO DAGScheduler: Submitting 50 missing tasks from ResultStage 9 (MapPartitionsRDD[26] at $anonfun$recordDeltaOperationInternal$1 at DatabricksLogging.scala:128) (first 15 tasks are for partitions Vector(0, 1, 2, 3, 4, 5, 6, 7, 8, 9, 10, 11, 12, 13, 14))
[2025-12-07T20:03:09.513+0000] {subprocess.py:106} INFO - 25/12/07 20:03:09 INFO TaskSchedulerImpl: Adding task set 9.0 with 50 tasks resource profile 0
[2025-12-07T20:03:09.517+0000] {subprocess.py:106} INFO - 25/12/07 20:03:09 INFO TaskSetManager: Starting task 0.0 in stage 9.0 (TID 54) (172.18.0.8, executor 0, partition 0, PROCESS_LOCAL, 7367 bytes)
[2025-12-07T20:03:09.518+0000] {subprocess.py:106} INFO - 25/12/07 20:03:09 INFO TaskSetManager: Starting task 1.0 in stage 9.0 (TID 55) (172.18.0.8, executor 0, partition 1, PROCESS_LOCAL, 7367 bytes)
[2025-12-07T20:03:09.519+0000] {subprocess.py:106} INFO - 25/12/07 20:03:09 INFO TaskSetManager: Starting task 2.0 in stage 9.0 (TID 56) (172.18.0.8, executor 0, partition 2, PROCESS_LOCAL, 7367 bytes)
[2025-12-07T20:03:09.520+0000] {subprocess.py:106} INFO - 25/12/07 20:03:09 INFO TaskSetManager: Starting task 3.0 in stage 9.0 (TID 57) (172.18.0.8, executor 0, partition 3, PROCESS_LOCAL, 7367 bytes)
[2025-12-07T20:03:09.521+0000] {subprocess.py:106} INFO - 25/12/07 20:03:09 INFO TaskSetManager: Starting task 4.0 in stage 9.0 (TID 58) (172.18.0.8, executor 0, partition 4, PROCESS_LOCAL, 7367 bytes)
[2025-12-07T20:03:09.522+0000] {subprocess.py:106} INFO - 25/12/07 20:03:09 INFO TaskSetManager: Starting task 5.0 in stage 9.0 (TID 59) (172.18.0.8, executor 0, partition 5, PROCESS_LOCAL, 7367 bytes)
[2025-12-07T20:03:09.523+0000] {subprocess.py:106} INFO - 25/12/07 20:03:09 INFO TaskSetManager: Starting task 6.0 in stage 9.0 (TID 60) (172.18.0.8, executor 0, partition 6, PROCESS_LOCAL, 7367 bytes)
[2025-12-07T20:03:09.525+0000] {subprocess.py:106} INFO - 25/12/07 20:03:09 INFO TaskSetManager: Starting task 7.0 in stage 9.0 (TID 61) (172.18.0.8, executor 0, partition 7, PROCESS_LOCAL, 7367 bytes)
[2025-12-07T20:03:09.526+0000] {subprocess.py:106} INFO - 25/12/07 20:03:09 INFO TaskSetManager: Starting task 8.0 in stage 9.0 (TID 62) (172.18.0.8, executor 0, partition 8, PROCESS_LOCAL, 7367 bytes)
[2025-12-07T20:03:09.527+0000] {subprocess.py:106} INFO - 25/12/07 20:03:09 INFO TaskSetManager: Starting task 9.0 in stage 9.0 (TID 63) (172.18.0.8, executor 0, partition 9, PROCESS_LOCAL, 7367 bytes)
[2025-12-07T20:03:09.528+0000] {subprocess.py:106} INFO - 25/12/07 20:03:09 INFO TaskSetManager: Starting task 10.0 in stage 9.0 (TID 64) (172.18.0.8, executor 0, partition 10, PROCESS_LOCAL, 7367 bytes)
[2025-12-07T20:03:09.529+0000] {subprocess.py:106} INFO - 25/12/07 20:03:09 INFO TaskSetManager: Starting task 11.0 in stage 9.0 (TID 65) (172.18.0.8, executor 0, partition 11, PROCESS_LOCAL, 7367 bytes)
[2025-12-07T20:03:09.530+0000] {subprocess.py:106} INFO - 25/12/07 20:03:09 INFO TaskSetManager: Starting task 12.0 in stage 9.0 (TID 66) (172.18.0.8, executor 0, partition 12, PROCESS_LOCAL, 7367 bytes)
[2025-12-07T20:03:09.532+0000] {subprocess.py:106} INFO - 25/12/07 20:03:09 INFO TaskSetManager: Starting task 13.0 in stage 9.0 (TID 67) (172.18.0.8, executor 0, partition 13, PROCESS_LOCAL, 7367 bytes)
[2025-12-07T20:03:09.533+0000] {subprocess.py:106} INFO - 25/12/07 20:03:09 INFO TaskSetManager: Starting task 14.0 in stage 9.0 (TID 68) (172.18.0.8, executor 0, partition 14, PROCESS_LOCAL, 7367 bytes)
[2025-12-07T20:03:09.534+0000] {subprocess.py:106} INFO - 25/12/07 20:03:09 INFO TaskSetManager: Starting task 15.0 in stage 9.0 (TID 69) (172.18.0.8, executor 0, partition 15, PROCESS_LOCAL, 7367 bytes)
[2025-12-07T20:03:09.561+0000] {subprocess.py:106} INFO - 25/12/07 20:03:09 INFO BlockManagerInfo: Added broadcast_9_piece0 in memory on 172.18.0.8:41783 (size: 138.6 KiB, free: 434.2 MiB)
[2025-12-07T20:03:09.806+0000] {subprocess.py:106} INFO - 25/12/07 20:03:09 INFO TaskSetManager: Starting task 16.0 in stage 9.0 (TID 70) (172.18.0.8, executor 0, partition 16, PROCESS_LOCAL, 7367 bytes)
[2025-12-07T20:03:09.807+0000] {subprocess.py:106} INFO - 25/12/07 20:03:09 INFO TaskSetManager: Finished task 12.0 in stage 9.0 (TID 66) in 284 ms on 172.18.0.8 (executor 0) (1/50)
[2025-12-07T20:03:09.809+0000] {subprocess.py:106} INFO - 25/12/07 20:03:09 INFO TaskSetManager: Starting task 17.0 in stage 9.0 (TID 71) (172.18.0.8, executor 0, partition 17, PROCESS_LOCAL, 7367 bytes)
[2025-12-07T20:03:09.810+0000] {subprocess.py:106} INFO - 25/12/07 20:03:09 INFO TaskSetManager: Finished task 10.0 in stage 9.0 (TID 64) in 286 ms on 172.18.0.8 (executor 0) (2/50)
[2025-12-07T20:03:09.811+0000] {subprocess.py:106} INFO - 25/12/07 20:03:09 INFO TaskSetManager: Starting task 18.0 in stage 9.0 (TID 72) (172.18.0.8, executor 0, partition 18, PROCESS_LOCAL, 7367 bytes)
[2025-12-07T20:03:09.812+0000] {subprocess.py:106} INFO - 25/12/07 20:03:09 INFO TaskSetManager: Finished task 6.0 in stage 9.0 (TID 60) in 290 ms on 172.18.0.8 (executor 0) (3/50)
[2025-12-07T20:03:09.813+0000] {subprocess.py:106} INFO - 25/12/07 20:03:09 INFO TaskSetManager: Starting task 19.0 in stage 9.0 (TID 73) (172.18.0.8, executor 0, partition 19, PROCESS_LOCAL, 7367 bytes)
[2025-12-07T20:03:09.814+0000] {subprocess.py:106} INFO - 25/12/07 20:03:09 INFO TaskSetManager: Finished task 9.0 in stage 9.0 (TID 63) in 291 ms on 172.18.0.8 (executor 0) (4/50)
[2025-12-07T20:03:09.820+0000] {subprocess.py:106} INFO - 25/12/07 20:03:09 INFO TaskSetManager: Starting task 20.0 in stage 9.0 (TID 74) (172.18.0.8, executor 0, partition 20, PROCESS_LOCAL, 7367 bytes)
[2025-12-07T20:03:09.822+0000] {subprocess.py:106} INFO - 25/12/07 20:03:09 INFO TaskSetManager: Starting task 21.0 in stage 9.0 (TID 75) (172.18.0.8, executor 0, partition 21, PROCESS_LOCAL, 7367 bytes)
[2025-12-07T20:03:09.823+0000] {subprocess.py:106} INFO - 25/12/07 20:03:09 INFO TaskSetManager: Finished task 5.0 in stage 9.0 (TID 59) in 302 ms on 172.18.0.8 (executor 0) (5/50)
[2025-12-07T20:03:09.825+0000] {subprocess.py:106} INFO - 25/12/07 20:03:09 INFO TaskSetManager: Starting task 22.0 in stage 9.0 (TID 76) (172.18.0.8, executor 0, partition 22, PROCESS_LOCAL, 7367 bytes)
[2025-12-07T20:03:09.828+0000] {subprocess.py:106} INFO - 25/12/07 20:03:09 INFO TaskSetManager: Finished task 3.0 in stage 9.0 (TID 57) in 305 ms on 172.18.0.8 (executor 0) (6/50)
[2025-12-07T20:03:09.829+0000] {subprocess.py:106} INFO - 25/12/07 20:03:09 INFO TaskSetManager: Finished task 0.0 in stage 9.0 (TID 54) in 309 ms on 172.18.0.8 (executor 0) (7/50)
[2025-12-07T20:03:09.830+0000] {subprocess.py:106} INFO - 25/12/07 20:03:09 INFO TaskSetManager: Starting task 23.0 in stage 9.0 (TID 77) (172.18.0.8, executor 0, partition 23, PROCESS_LOCAL, 7367 bytes)
[2025-12-07T20:03:09.832+0000] {subprocess.py:106} INFO - 25/12/07 20:03:09 INFO TaskSetManager: Starting task 24.0 in stage 9.0 (TID 78) (172.18.0.8, executor 0, partition 24, PROCESS_LOCAL, 7367 bytes)
[2025-12-07T20:03:09.833+0000] {subprocess.py:106} INFO - 25/12/07 20:03:09 INFO TaskSetManager: Finished task 1.0 in stage 9.0 (TID 55) in 312 ms on 172.18.0.8 (executor 0) (8/50)
[2025-12-07T20:03:09.834+0000] {subprocess.py:106} INFO - 25/12/07 20:03:09 INFO TaskSetManager: Starting task 25.0 in stage 9.0 (TID 79) (172.18.0.8, executor 0, partition 25, PROCESS_LOCAL, 7367 bytes)
[2025-12-07T20:03:09.835+0000] {subprocess.py:106} INFO - 25/12/07 20:03:09 INFO TaskSetManager: Starting task 26.0 in stage 9.0 (TID 80) (172.18.0.8, executor 0, partition 26, PROCESS_LOCAL, 7367 bytes)
[2025-12-07T20:03:09.836+0000] {subprocess.py:106} INFO - 25/12/07 20:03:09 INFO TaskSetManager: Starting task 27.0 in stage 9.0 (TID 81) (172.18.0.8, executor 0, partition 27, PROCESS_LOCAL, 7367 bytes)
[2025-12-07T20:03:09.837+0000] {subprocess.py:106} INFO - 25/12/07 20:03:09 INFO TaskSetManager: Finished task 14.0 in stage 9.0 (TID 68) in 311 ms on 172.18.0.8 (executor 0) (9/50)
[2025-12-07T20:03:09.838+0000] {subprocess.py:106} INFO - 25/12/07 20:03:09 INFO TaskSetManager: Finished task 11.0 in stage 9.0 (TID 65) in 313 ms on 172.18.0.8 (executor 0) (10/50)
[2025-12-07T20:03:09.843+0000] {subprocess.py:106} INFO - 25/12/07 20:03:09 INFO TaskSetManager: Starting task 28.0 in stage 9.0 (TID 82) (172.18.0.8, executor 0, partition 28, PROCESS_LOCAL, 7367 bytes)
[2025-12-07T20:03:09.844+0000] {subprocess.py:106} INFO - 25/12/07 20:03:09 INFO TaskSetManager: Finished task 2.0 in stage 9.0 (TID 56) in 325 ms on 172.18.0.8 (executor 0) (11/50)
[2025-12-07T20:03:09.846+0000] {subprocess.py:106} INFO - 25/12/07 20:03:09 INFO TaskSetManager: Starting task 29.0 in stage 9.0 (TID 83) (172.18.0.8, executor 0, partition 29, PROCESS_LOCAL, 7367 bytes)
[2025-12-07T20:03:09.848+0000] {subprocess.py:106} INFO - 25/12/07 20:03:09 INFO TaskSetManager: Starting task 30.0 in stage 9.0 (TID 84) (172.18.0.8, executor 0, partition 30, PROCESS_LOCAL, 7367 bytes)
[2025-12-07T20:03:09.850+0000] {subprocess.py:106} INFO - 25/12/07 20:03:09 INFO TaskSetManager: Finished task 13.0 in stage 9.0 (TID 67) in 327 ms on 172.18.0.8 (executor 0) (12/50)
[2025-12-07T20:03:09.852+0000] {subprocess.py:106} INFO - 25/12/07 20:03:09 INFO TaskSetManager: Finished task 7.0 in stage 9.0 (TID 61) in 331 ms on 172.18.0.8 (executor 0) (13/50)
[2025-12-07T20:03:09.854+0000] {subprocess.py:106} INFO - 25/12/07 20:03:09 INFO TaskSetManager: Finished task 4.0 in stage 9.0 (TID 58) in 334 ms on 172.18.0.8 (executor 0) (14/50)
[2025-12-07T20:03:09.855+0000] {subprocess.py:106} INFO - 25/12/07 20:03:09 INFO TaskSetManager: Starting task 31.0 in stage 9.0 (TID 85) (172.18.0.8, executor 0, partition 31, PROCESS_LOCAL, 7367 bytes)
[2025-12-07T20:03:09.858+0000] {subprocess.py:106} INFO - 25/12/07 20:03:09 INFO TaskSetManager: Finished task 8.0 in stage 9.0 (TID 62) in 334 ms on 172.18.0.8 (executor 0) (15/50)
[2025-12-07T20:03:09.859+0000] {subprocess.py:106} INFO - 25/12/07 20:03:09 INFO TaskSetManager: Starting task 32.0 in stage 9.0 (TID 86) (172.18.0.8, executor 0, partition 32, PROCESS_LOCAL, 7367 bytes)
[2025-12-07T20:03:09.860+0000] {subprocess.py:106} INFO - 25/12/07 20:03:09 INFO TaskSetManager: Starting task 33.0 in stage 9.0 (TID 87) (172.18.0.8, executor 0, partition 33, PROCESS_LOCAL, 7367 bytes)
[2025-12-07T20:03:09.861+0000] {subprocess.py:106} INFO - 25/12/07 20:03:09 INFO TaskSetManager: Finished task 17.0 in stage 9.0 (TID 71) in 54 ms on 172.18.0.8 (executor 0) (16/50)
[2025-12-07T20:03:09.862+0000] {subprocess.py:106} INFO - 25/12/07 20:03:09 INFO TaskSetManager: Starting task 34.0 in stage 9.0 (TID 88) (172.18.0.8, executor 0, partition 34, PROCESS_LOCAL, 7367 bytes)
[2025-12-07T20:03:09.863+0000] {subprocess.py:106} INFO - 25/12/07 20:03:09 INFO TaskSetManager: Finished task 15.0 in stage 9.0 (TID 69) in 339 ms on 172.18.0.8 (executor 0) (17/50)
[2025-12-07T20:03:09.864+0000] {subprocess.py:106} INFO - 25/12/07 20:03:09 INFO TaskSetManager: Finished task 19.0 in stage 9.0 (TID 73) in 51 ms on 172.18.0.8 (executor 0) (18/50)
[2025-12-07T20:03:09.865+0000] {subprocess.py:106} INFO - 25/12/07 20:03:09 INFO TaskSetManager: Finished task 18.0 in stage 9.0 (TID 72) in 55 ms on 172.18.0.8 (executor 0) (19/50)
[2025-12-07T20:03:09.880+0000] {subprocess.py:106} INFO - 25/12/07 20:03:09 INFO TaskSetManager: Starting task 35.0 in stage 9.0 (TID 89) (172.18.0.8, executor 0, partition 35, PROCESS_LOCAL, 7367 bytes)
[2025-12-07T20:03:09.892+0000] {subprocess.py:106} INFO - 25/12/07 20:03:09 INFO TaskSetManager: Starting task 36.0 in stage 9.0 (TID 90) (172.18.0.8, executor 0, partition 36, PROCESS_LOCAL, 7367 bytes)
[2025-12-07T20:03:09.893+0000] {subprocess.py:106} INFO - 25/12/07 20:03:09 INFO TaskSetManager: Finished task 22.0 in stage 9.0 (TID 76) in 59 ms on 172.18.0.8 (executor 0) (20/50)
[2025-12-07T20:03:09.894+0000] {subprocess.py:106} INFO - 25/12/07 20:03:09 INFO TaskSetManager: Finished task 16.0 in stage 9.0 (TID 70) in 79 ms on 172.18.0.8 (executor 0) (21/50)
[2025-12-07T20:03:09.895+0000] {subprocess.py:106} INFO - 25/12/07 20:03:09 INFO TaskSetManager: Starting task 37.0 in stage 9.0 (TID 91) (172.18.0.8, executor 0, partition 37, PROCESS_LOCAL, 7367 bytes)
[2025-12-07T20:03:09.896+0000] {subprocess.py:106} INFO - 25/12/07 20:03:09 INFO TaskSetManager: Finished task 24.0 in stage 9.0 (TID 78) in 64 ms on 172.18.0.8 (executor 0) (22/50)
[2025-12-07T20:03:09.898+0000] {subprocess.py:106} INFO - 25/12/07 20:03:09 INFO TaskSetManager: Starting task 38.0 in stage 9.0 (TID 92) (172.18.0.8, executor 0, partition 38, PROCESS_LOCAL, 7367 bytes)
[2025-12-07T20:03:09.900+0000] {subprocess.py:106} INFO - 25/12/07 20:03:09 INFO TaskSetManager: Finished task 20.0 in stage 9.0 (TID 74) in 85 ms on 172.18.0.8 (executor 0) (23/50)
[2025-12-07T20:03:09.904+0000] {subprocess.py:106} INFO - 25/12/07 20:03:09 INFO TaskSetManager: Starting task 39.0 in stage 9.0 (TID 93) (172.18.0.8, executor 0, partition 39, PROCESS_LOCAL, 7367 bytes)
[2025-12-07T20:03:09.905+0000] {subprocess.py:106} INFO - 25/12/07 20:03:09 INFO TaskSetManager: Finished task 21.0 in stage 9.0 (TID 75) in 80 ms on 172.18.0.8 (executor 0) (24/50)
[2025-12-07T20:03:09.906+0000] {subprocess.py:106} INFO - 25/12/07 20:03:09 INFO TaskSetManager: Starting task 40.0 in stage 9.0 (TID 94) (172.18.0.8, executor 0, partition 40, PROCESS_LOCAL, 7367 bytes)
[2025-12-07T20:03:09.906+0000] {subprocess.py:106} INFO - 25/12/07 20:03:09 INFO TaskSetManager: Finished task 25.0 in stage 9.0 (TID 79) in 74 ms on 172.18.0.8 (executor 0) (25/50)
[2025-12-07T20:03:09.908+0000] {subprocess.py:106} INFO - 25/12/07 20:03:09 INFO TaskSetManager: Starting task 41.0 in stage 9.0 (TID 95) (172.18.0.8, executor 0, partition 41, PROCESS_LOCAL, 7367 bytes)
[2025-12-07T20:03:09.919+0000] {subprocess.py:106} INFO - 25/12/07 20:03:09 INFO TaskSetManager: Starting task 42.0 in stage 9.0 (TID 96) (172.18.0.8, executor 0, partition 42, PROCESS_LOCAL, 7367 bytes)
[2025-12-07T20:03:09.921+0000] {subprocess.py:106} INFO - 25/12/07 20:03:09 INFO TaskSetManager: Finished task 23.0 in stage 9.0 (TID 77) in 93 ms on 172.18.0.8 (executor 0) (26/50)
[2025-12-07T20:03:09.927+0000] {subprocess.py:106} INFO - 25/12/07 20:03:09 INFO TaskSetManager: Finished task 28.0 in stage 9.0 (TID 82) in 78 ms on 172.18.0.8 (executor 0) (27/50)
[2025-12-07T20:03:09.936+0000] {subprocess.py:106} INFO - 25/12/07 20:03:09 INFO TaskSetManager: Starting task 43.0 in stage 9.0 (TID 97) (172.18.0.8, executor 0, partition 43, PROCESS_LOCAL, 7367 bytes)
[2025-12-07T20:03:09.937+0000] {subprocess.py:106} INFO - 25/12/07 20:03:09 INFO TaskSetManager: Finished task 26.0 in stage 9.0 (TID 80) in 97 ms on 172.18.0.8 (executor 0) (28/50)
[2025-12-07T20:03:09.938+0000] {subprocess.py:106} INFO - 25/12/07 20:03:09 INFO TaskSetManager: Starting task 44.0 in stage 9.0 (TID 98) (172.18.0.8, executor 0, partition 44, PROCESS_LOCAL, 7367 bytes)
[2025-12-07T20:03:09.943+0000] {subprocess.py:106} INFO - 25/12/07 20:03:09 INFO TaskSetManager: Starting task 45.0 in stage 9.0 (TID 99) (172.18.0.8, executor 0, partition 45, PROCESS_LOCAL, 7367 bytes)
[2025-12-07T20:03:09.944+0000] {subprocess.py:106} INFO - 25/12/07 20:03:09 INFO TaskSetManager: Finished task 30.0 in stage 9.0 (TID 84) in 85 ms on 172.18.0.8 (executor 0) (29/50)
[2025-12-07T20:03:09.945+0000] {subprocess.py:106} INFO - 25/12/07 20:03:09 INFO TaskSetManager: Finished task 27.0 in stage 9.0 (TID 81) in 100 ms on 172.18.0.8 (executor 0) (30/50)
[2025-12-07T20:03:09.946+0000] {subprocess.py:106} INFO - 25/12/07 20:03:09 INFO TaskSetManager: Starting task 46.0 in stage 9.0 (TID 100) (172.18.0.8, executor 0, partition 46, PROCESS_LOCAL, 7367 bytes)
[2025-12-07T20:03:09.947+0000] {subprocess.py:106} INFO - 25/12/07 20:03:09 INFO TaskSetManager: Finished task 32.0 in stage 9.0 (TID 86) in 83 ms on 172.18.0.8 (executor 0) (31/50)
[2025-12-07T20:03:09.954+0000] {subprocess.py:106} INFO - 25/12/07 20:03:09 INFO TaskSetManager: Starting task 47.0 in stage 9.0 (TID 101) (172.18.0.8, executor 0, partition 47, PROCESS_LOCAL, 7367 bytes)
[2025-12-07T20:03:09.956+0000] {subprocess.py:106} INFO - 25/12/07 20:03:09 INFO TaskSetManager: Starting task 48.0 in stage 9.0 (TID 102) (172.18.0.8, executor 0, partition 48, PROCESS_LOCAL, 7367 bytes)
[2025-12-07T20:03:09.957+0000] {subprocess.py:106} INFO - 25/12/07 20:03:09 INFO TaskSetManager: Starting task 49.0 in stage 9.0 (TID 103) (172.18.0.8, executor 0, partition 49, PROCESS_LOCAL, 7367 bytes)
[2025-12-07T20:03:09.959+0000] {subprocess.py:106} INFO - 25/12/07 20:03:09 INFO TaskSetManager: Finished task 35.0 in stage 9.0 (TID 89) in 80 ms on 172.18.0.8 (executor 0) (32/50)
[2025-12-07T20:03:09.960+0000] {subprocess.py:106} INFO - 25/12/07 20:03:09 INFO TaskSetManager: Finished task 34.0 in stage 9.0 (TID 88) in 96 ms on 172.18.0.8 (executor 0) (33/50)
[2025-12-07T20:03:09.961+0000] {subprocess.py:106} INFO - 25/12/07 20:03:09 INFO TaskSetManager: Finished task 31.0 in stage 9.0 (TID 85) in 104 ms on 172.18.0.8 (executor 0) (34/50)
[2025-12-07T20:03:09.961+0000] {subprocess.py:106} INFO - 25/12/07 20:03:09 INFO TaskSetManager: Finished task 29.0 in stage 9.0 (TID 83) in 115 ms on 172.18.0.8 (executor 0) (35/50)
[2025-12-07T20:03:09.962+0000] {subprocess.py:106} INFO - 25/12/07 20:03:09 INFO TaskSetManager: Finished task 33.0 in stage 9.0 (TID 87) in 101 ms on 172.18.0.8 (executor 0) (36/50)
[2025-12-07T20:03:09.987+0000] {subprocess.py:106} INFO - 25/12/07 20:03:09 INFO TaskSetManager: Finished task 42.0 in stage 9.0 (TID 96) in 64 ms on 172.18.0.8 (executor 0) (37/50)
[2025-12-07T20:03:09.990+0000] {subprocess.py:106} INFO - 25/12/07 20:03:09 INFO TaskSetManager: Finished task 41.0 in stage 9.0 (TID 95) in 78 ms on 172.18.0.8 (executor 0) (38/50)
[2025-12-07T20:03:09.992+0000] {subprocess.py:106} INFO - 25/12/07 20:03:09 INFO TaskSetManager: Finished task 40.0 in stage 9.0 (TID 94) in 85 ms on 172.18.0.8 (executor 0) (39/50)
[2025-12-07T20:03:09.993+0000] {subprocess.py:106} INFO - 25/12/07 20:03:09 INFO TaskSetManager: Finished task 37.0 in stage 9.0 (TID 91) in 97 ms on 172.18.0.8 (executor 0) (40/50)
[2025-12-07T20:03:09.994+0000] {subprocess.py:106} INFO - 25/12/07 20:03:09 INFO TaskSetManager: Finished task 36.0 in stage 9.0 (TID 90) in 108 ms on 172.18.0.8 (executor 0) (41/50)
[2025-12-07T20:03:09.995+0000] {subprocess.py:106} INFO - 25/12/07 20:03:09 INFO TaskSetManager: Finished task 38.0 in stage 9.0 (TID 92) in 92 ms on 172.18.0.8 (executor 0) (42/50)
[2025-12-07T20:03:09.996+0000] {subprocess.py:106} INFO - 25/12/07 20:03:09 INFO TaskSetManager: Finished task 39.0 in stage 9.0 (TID 93) in 91 ms on 172.18.0.8 (executor 0) (43/50)
[2025-12-07T20:03:09.997+0000] {subprocess.py:106} INFO - 25/12/07 20:03:09 INFO TaskSetManager: Finished task 43.0 in stage 9.0 (TID 97) in 69 ms on 172.18.0.8 (executor 0) (44/50)
[2025-12-07T20:03:09.998+0000] {subprocess.py:106} INFO - 25/12/07 20:03:09 INFO TaskSetManager: Finished task 44.0 in stage 9.0 (TID 98) in 69 ms on 172.18.0.8 (executor 0) (45/50)
[2025-12-07T20:03:10.010+0000] {subprocess.py:106} INFO - 25/12/07 20:03:10 INFO TaskSetManager: Finished task 45.0 in stage 9.0 (TID 99) in 79 ms on 172.18.0.8 (executor 0) (46/50)
[2025-12-07T20:03:10.011+0000] {subprocess.py:106} INFO - 25/12/07 20:03:10 INFO TaskSetManager: Finished task 47.0 in stage 9.0 (TID 101) in 57 ms on 172.18.0.8 (executor 0) (47/50)
[2025-12-07T20:03:10.011+0000] {subprocess.py:106} INFO - 25/12/07 20:03:10 INFO TaskSetManager: Finished task 48.0 in stage 9.0 (TID 102) in 55 ms on 172.18.0.8 (executor 0) (48/50)
[2025-12-07T20:03:10.012+0000] {subprocess.py:106} INFO - 25/12/07 20:03:10 INFO TaskSetManager: Finished task 49.0 in stage 9.0 (TID 103) in 54 ms on 172.18.0.8 (executor 0) (49/50)
[2025-12-07T20:03:10.014+0000] {subprocess.py:106} INFO - 25/12/07 20:03:10 INFO TaskSetManager: Finished task 46.0 in stage 9.0 (TID 100) in 77 ms on 172.18.0.8 (executor 0) (50/50)
[2025-12-07T20:03:10.015+0000] {subprocess.py:106} INFO - 25/12/07 20:03:10 INFO TaskSchedulerImpl: Removed TaskSet 9.0, whose tasks have all completed, from pool
[2025-12-07T20:03:10.016+0000] {subprocess.py:106} INFO - 25/12/07 20:03:10 INFO DAGScheduler: ResultStage 9 ($anonfun$recordDeltaOperationInternal$1 at DatabricksLogging.scala:128) finished in 0.521 s
[2025-12-07T20:03:10.017+0000] {subprocess.py:106} INFO - 25/12/07 20:03:10 INFO DAGScheduler: Job 5 is finished. Cancelling potential speculative or zombie tasks for this job
[2025-12-07T20:03:10.017+0000] {subprocess.py:106} INFO - 25/12/07 20:03:10 INFO TaskSchedulerImpl: Killing all running tasks in stage 9: Stage finished
[2025-12-07T20:03:10.018+0000] {subprocess.py:106} INFO - 25/12/07 20:03:10 INFO DAGScheduler: Job 5 finished: $anonfun$recordDeltaOperationInternal$1 at DatabricksLogging.scala:128, took 0.534026 s
[2025-12-07T20:03:10.050+0000] {subprocess.py:106} INFO - 25/12/07 20:03:10 INFO CodeGenerator: Code generated in 22.60488 ms
[2025-12-07T20:03:10.054+0000] {subprocess.py:106} INFO - 25/12/07 20:03:10 INFO PrepareDeltaScan: DELTA: Done
[2025-12-07T20:03:10.070+0000] {subprocess.py:106} INFO - 25/12/07 20:03:10 INFO FileSourceStrategy: Pushed Filters:
[2025-12-07T20:03:10.071+0000] {subprocess.py:106} INFO - 25/12/07 20:03:10 INFO FileSourceStrategy: Post-Scan Filters:
[2025-12-07T20:03:10.172+0000] {subprocess.py:106} INFO - 25/12/07 20:03:10 INFO ParquetUtils: Using default output committer for Parquet: org.apache.parquet.hadoop.ParquetOutputCommitter
[2025-12-07T20:03:10.254+0000] {subprocess.py:106} INFO - 25/12/07 20:03:10 INFO CodeGenerator: Code generated in 21.928371 ms
[2025-12-07T20:03:10.267+0000] {subprocess.py:106} INFO - 25/12/07 20:03:10 INFO MemoryStore: Block broadcast_10 stored as values in memory (estimated size 214.6 KiB, free 433.0 MiB)
[2025-12-07T20:03:10.276+0000] {subprocess.py:106} INFO - 25/12/07 20:03:10 INFO MemoryStore: Block broadcast_10_piece0 stored as bytes in memory (estimated size 36.9 KiB, free 433.0 MiB)
[2025-12-07T20:03:10.278+0000] {subprocess.py:106} INFO - 25/12/07 20:03:10 INFO BlockManagerInfo: Added broadcast_10_piece0 in memory on 13f196131dae:36513 (size: 36.9 KiB, free: 434.2 MiB)
[2025-12-07T20:03:10.279+0000] {subprocess.py:106} INFO - 25/12/07 20:03:10 INFO SparkContext: Created broadcast 10 from save at <unknown>:0
[2025-12-07T20:03:10.290+0000] {subprocess.py:106} INFO - 25/12/07 20:03:10 INFO FileSourceScanExec: Planning scan with bin packing, max size: 4194304 bytes, open cost is considered as scanning 4194304 bytes.
[2025-12-07T20:03:10.354+0000] {subprocess.py:106} INFO - 25/12/07 20:03:10 INFO SparkContext: Starting job: save at <unknown>:0
[2025-12-07T20:03:10.355+0000] {subprocess.py:106} INFO - 25/12/07 20:03:10 INFO DAGScheduler: Got job 6 (save at <unknown>:0) with 1 output partitions
[2025-12-07T20:03:10.356+0000] {subprocess.py:106} INFO - 25/12/07 20:03:10 INFO DAGScheduler: Final stage: ResultStage 10 (save at <unknown>:0)
[2025-12-07T20:03:10.357+0000] {subprocess.py:106} INFO - 25/12/07 20:03:10 INFO DAGScheduler: Parents of final stage: List()
[2025-12-07T20:03:10.357+0000] {subprocess.py:106} INFO - 25/12/07 20:03:10 INFO DAGScheduler: Missing parents: List()
[2025-12-07T20:03:10.358+0000] {subprocess.py:106} INFO - 25/12/07 20:03:10 INFO DAGScheduler: Submitting ResultStage 10 (MapPartitionsRDD[29] at save at <unknown>:0), which has no missing parents
[2025-12-07T20:03:10.409+0000] {subprocess.py:106} INFO - 25/12/07 20:03:10 INFO MemoryStore: Block broadcast_11 stored as values in memory (estimated size 358.8 KiB, free 432.6 MiB)
[2025-12-07T20:03:10.411+0000] {subprocess.py:106} INFO - 25/12/07 20:03:10 INFO BlockManagerInfo: Removed broadcast_9_piece0 on 13f196131dae:36513 in memory (size: 138.6 KiB, free: 434.3 MiB)
[2025-12-07T20:03:10.412+0000] {subprocess.py:106} INFO - 25/12/07 20:03:10 INFO MemoryStore: Block broadcast_11_piece0 stored as bytes in memory (estimated size 128.1 KiB, free 433.2 MiB)
[2025-12-07T20:03:10.413+0000] {subprocess.py:106} INFO - 25/12/07 20:03:10 INFO BlockManagerInfo: Removed broadcast_9_piece0 on 172.18.0.8:41783 in memory (size: 138.6 KiB, free: 434.4 MiB)
[2025-12-07T20:03:10.414+0000] {subprocess.py:106} INFO - 25/12/07 20:03:10 INFO BlockManagerInfo: Added broadcast_11_piece0 in memory on 13f196131dae:36513 (size: 128.1 KiB, free: 434.2 MiB)
[2025-12-07T20:03:10.415+0000] {subprocess.py:106} INFO - 25/12/07 20:03:10 INFO SparkContext: Created broadcast 11 from broadcast at DAGScheduler.scala:1535
[2025-12-07T20:03:10.415+0000] {subprocess.py:106} INFO - 25/12/07 20:03:10 INFO DAGScheduler: Submitting 1 missing tasks from ResultStage 10 (MapPartitionsRDD[29] at save at <unknown>:0) (first 15 tasks are for partitions Vector(0))
[2025-12-07T20:03:10.416+0000] {subprocess.py:106} INFO - 25/12/07 20:03:10 INFO TaskSchedulerImpl: Adding task set 10.0 with 1 tasks resource profile 0
[2025-12-07T20:03:10.418+0000] {subprocess.py:106} INFO - 25/12/07 20:03:10 INFO TaskSetManager: Starting task 0.0 in stage 10.0 (TID 104) (172.18.0.8, executor 0, partition 0, PROCESS_LOCAL, 7973 bytes)
[2025-12-07T20:03:10.429+0000] {subprocess.py:106} INFO - 25/12/07 20:03:10 INFO BlockManagerInfo: Added broadcast_11_piece0 in memory on 172.18.0.8:41783 (size: 128.1 KiB, free: 434.2 MiB)
[2025-12-07T20:03:11.168+0000] {subprocess.py:106} INFO - 25/12/07 20:03:11 INFO BlockManagerInfo: Added broadcast_10_piece0 in memory on 172.18.0.8:41783 (size: 36.9 KiB, free: 434.2 MiB)
[2025-12-07T20:03:11.974+0000] {subprocess.py:106} INFO - 25/12/07 20:03:11 INFO TaskSetManager: Finished task 0.0 in stage 10.0 (TID 104) in 1556 ms on 172.18.0.8 (executor 0) (1/1)
[2025-12-07T20:03:11.975+0000] {subprocess.py:106} INFO - 25/12/07 20:03:11 INFO TaskSchedulerImpl: Removed TaskSet 10.0, whose tasks have all completed, from pool
[2025-12-07T20:03:11.976+0000] {subprocess.py:106} INFO - 25/12/07 20:03:11 INFO DAGScheduler: ResultStage 10 (save at <unknown>:0) finished in 1.616 s
[2025-12-07T20:03:11.977+0000] {subprocess.py:106} INFO - 25/12/07 20:03:11 INFO DAGScheduler: Job 6 is finished. Cancelling potential speculative or zombie tasks for this job
[2025-12-07T20:03:11.977+0000] {subprocess.py:106} INFO - 25/12/07 20:03:11 INFO TaskSchedulerImpl: Killing all running tasks in stage 10: Stage finished
[2025-12-07T20:03:11.978+0000] {subprocess.py:106} INFO - 25/12/07 20:03:11 INFO DAGScheduler: Job 6 finished: save at <unknown>:0, took 1.623452 s
[2025-12-07T20:03:11.981+0000] {subprocess.py:106} INFO - 25/12/07 20:03:11 INFO FileFormatWriter: Start to commit write Job 0712ee2f-a600-4c18-880e-9d68a16da653.
[2025-12-07T20:03:11.983+0000] {subprocess.py:106} INFO - 25/12/07 20:03:11 INFO FileFormatWriter: Write Job 0712ee2f-a600-4c18-880e-9d68a16da653 committed. Elapsed time: 1 ms.
[2025-12-07T20:03:11.989+0000] {subprocess.py:106} INFO - 25/12/07 20:03:11 INFO FileFormatWriter: Finished processing stats for write job 0712ee2f-a600-4c18-880e-9d68a16da653.
[2025-12-07T20:03:12.004+0000] {subprocess.py:106} INFO - 25/12/07 20:03:12 INFO Snapshot: [tableId=42b664c4-f9a5-4564-9437-ce4d3bc75df2] DELTA: Compute snapshot for version: 0
[2025-12-07T20:03:12.009+0000] {subprocess.py:106} INFO - 25/12/07 20:03:12 INFO MemoryStore: Block broadcast_12 stored as values in memory (estimated size 212.2 KiB, free 433.0 MiB)
[2025-12-07T20:03:12.024+0000] {subprocess.py:106} INFO - 25/12/07 20:03:12 INFO BlockManagerInfo: Removed broadcast_11_piece0 on 13f196131dae:36513 in memory (size: 128.1 KiB, free: 434.3 MiB)
[2025-12-07T20:03:12.028+0000] {subprocess.py:106} INFO - 25/12/07 20:03:12 INFO MemoryStore: Block broadcast_12_piece0 stored as bytes in memory (estimated size 36.2 KiB, free 433.4 MiB)
[2025-12-07T20:03:12.029+0000] {subprocess.py:106} INFO - 25/12/07 20:03:12 INFO BlockManagerInfo: Removed broadcast_11_piece0 on 172.18.0.8:41783 in memory (size: 128.1 KiB, free: 434.3 MiB)
[2025-12-07T20:03:12.031+0000] {subprocess.py:106} INFO - 25/12/07 20:03:12 INFO BlockManagerInfo: Added broadcast_12_piece0 in memory on 13f196131dae:36513 (size: 36.2 KiB, free: 434.3 MiB)
[2025-12-07T20:03:12.032+0000] {subprocess.py:106} INFO - 25/12/07 20:03:12 INFO SparkContext: Created broadcast 12 from $anonfun$recordDeltaOperationInternal$1 at DatabricksLogging.scala:128
[2025-12-07T20:03:12.291+0000] {subprocess.py:106} INFO - 25/12/07 20:03:12 INFO FileSourceStrategy: Pushed Filters:
[2025-12-07T20:03:12.292+0000] {subprocess.py:106} INFO - 25/12/07 20:03:12 INFO FileSourceStrategy: Post-Scan Filters:
[2025-12-07T20:03:12.353+0000] {subprocess.py:106} INFO - 25/12/07 20:03:12 INFO MemoryStore: Block broadcast_13 stored as values in memory (estimated size 212.7 KiB, free 433.2 MiB)
[2025-12-07T20:03:12.363+0000] {subprocess.py:106} INFO - 25/12/07 20:03:12 INFO MemoryStore: Block broadcast_13_piece0 stored as bytes in memory (estimated size 36.3 KiB, free 433.2 MiB)
[2025-12-07T20:03:12.365+0000] {subprocess.py:106} INFO - 25/12/07 20:03:12 INFO BlockManagerInfo: Added broadcast_13_piece0 in memory on 13f196131dae:36513 (size: 36.3 KiB, free: 434.2 MiB)
[2025-12-07T20:03:12.366+0000] {subprocess.py:106} INFO - 25/12/07 20:03:12 INFO SparkContext: Created broadcast 13 from $anonfun$recordDeltaOperationInternal$1 at DatabricksLogging.scala:128
[2025-12-07T20:03:12.368+0000] {subprocess.py:106} INFO - 25/12/07 20:03:12 INFO FileSourceScanExec: Planning scan with bin packing, max size: 4194304 bytes, open cost is considered as scanning 4194304 bytes.
[2025-12-07T20:03:12.384+0000] {subprocess.py:106} INFO - 25/12/07 20:03:12 INFO DAGScheduler: Registering RDD 33 ($anonfun$recordDeltaOperationInternal$1 at DatabricksLogging.scala:128) as input to shuffle 2
[2025-12-07T20:03:12.385+0000] {subprocess.py:106} INFO - 25/12/07 20:03:12 INFO DAGScheduler: Got map stage job 7 ($anonfun$recordDeltaOperationInternal$1 at DatabricksLogging.scala:128) with 1 output partitions
[2025-12-07T20:03:12.386+0000] {subprocess.py:106} INFO - 25/12/07 20:03:12 INFO DAGScheduler: Final stage: ShuffleMapStage 11 ($anonfun$recordDeltaOperationInternal$1 at DatabricksLogging.scala:128)
[2025-12-07T20:03:12.387+0000] {subprocess.py:106} INFO - 25/12/07 20:03:12 INFO DAGScheduler: Parents of final stage: List()
[2025-12-07T20:03:12.388+0000] {subprocess.py:106} INFO - 25/12/07 20:03:12 INFO DAGScheduler: Missing parents: List()
[2025-12-07T20:03:12.388+0000] {subprocess.py:106} INFO - 25/12/07 20:03:12 INFO DAGScheduler: Submitting ShuffleMapStage 11 (MapPartitionsRDD[33] at $anonfun$recordDeltaOperationInternal$1 at DatabricksLogging.scala:128), which has no missing parents
[2025-12-07T20:03:12.400+0000] {subprocess.py:106} INFO - 25/12/07 20:03:12 INFO MemoryStore: Block broadcast_14 stored as values in memory (estimated size 138.3 KiB, free 433.0 MiB)
[2025-12-07T20:03:12.403+0000] {subprocess.py:106} INFO - 25/12/07 20:03:12 INFO MemoryStore: Block broadcast_14_piece0 stored as bytes in memory (estimated size 39.0 KiB, free 433.0 MiB)
[2025-12-07T20:03:12.404+0000] {subprocess.py:106} INFO - 25/12/07 20:03:12 INFO BlockManagerInfo: Added broadcast_14_piece0 in memory on 13f196131dae:36513 (size: 39.0 KiB, free: 434.2 MiB)
[2025-12-07T20:03:12.405+0000] {subprocess.py:106} INFO - 25/12/07 20:03:12 INFO SparkContext: Created broadcast 14 from broadcast at DAGScheduler.scala:1535
[2025-12-07T20:03:12.405+0000] {subprocess.py:106} INFO - 25/12/07 20:03:12 INFO DAGScheduler: Submitting 1 missing tasks from ShuffleMapStage 11 (MapPartitionsRDD[33] at $anonfun$recordDeltaOperationInternal$1 at DatabricksLogging.scala:128) (first 15 tasks are for partitions Vector(0))
[2025-12-07T20:03:12.406+0000] {subprocess.py:106} INFO - 25/12/07 20:03:12 INFO TaskSchedulerImpl: Adding task set 11.0 with 1 tasks resource profile 0
[2025-12-07T20:03:12.408+0000] {subprocess.py:106} INFO - 25/12/07 20:03:12 INFO TaskSetManager: Starting task 0.0 in stage 11.0 (TID 105) (172.18.0.8, executor 0, partition 0, PROCESS_LOCAL, 7933 bytes)
[2025-12-07T20:03:12.423+0000] {subprocess.py:106} INFO - 25/12/07 20:03:12 INFO BlockManagerInfo: Added broadcast_14_piece0 in memory on 172.18.0.8:41783 (size: 39.0 KiB, free: 434.3 MiB)
[2025-12-07T20:03:12.455+0000] {subprocess.py:106} INFO - 25/12/07 20:03:12 INFO BlockManagerInfo: Added broadcast_13_piece0 in memory on 172.18.0.8:41783 (size: 36.3 KiB, free: 434.3 MiB)
[2025-12-07T20:03:12.503+0000] {subprocess.py:106} INFO - 25/12/07 20:03:12 INFO TaskSetManager: Finished task 0.0 in stage 11.0 (TID 105) in 95 ms on 172.18.0.8 (executor 0) (1/1)
[2025-12-07T20:03:12.504+0000] {subprocess.py:106} INFO - 25/12/07 20:03:12 INFO TaskSchedulerImpl: Removed TaskSet 11.0, whose tasks have all completed, from pool
[2025-12-07T20:03:12.505+0000] {subprocess.py:106} INFO - 25/12/07 20:03:12 INFO DAGScheduler: ShuffleMapStage 11 ($anonfun$recordDeltaOperationInternal$1 at DatabricksLogging.scala:128) finished in 0.117 s
[2025-12-07T20:03:12.505+0000] {subprocess.py:106} INFO - 25/12/07 20:03:12 INFO DAGScheduler: looking for newly runnable stages
[2025-12-07T20:03:12.506+0000] {subprocess.py:106} INFO - 25/12/07 20:03:12 INFO DAGScheduler: running: Set()
[2025-12-07T20:03:12.506+0000] {subprocess.py:106} INFO - 25/12/07 20:03:12 INFO DAGScheduler: waiting: Set()
[2025-12-07T20:03:12.506+0000] {subprocess.py:106} INFO - 25/12/07 20:03:12 INFO DAGScheduler: failed: Set()
[2025-12-07T20:03:12.539+0000] {subprocess.py:106} INFO - 25/12/07 20:03:12 INFO BlockManagerInfo: Removed broadcast_14_piece0 on 13f196131dae:36513 in memory (size: 39.0 KiB, free: 434.2 MiB)
[2025-12-07T20:03:12.542+0000] {subprocess.py:106} INFO - 25/12/07 20:03:12 INFO BlockManagerInfo: Removed broadcast_14_piece0 on 172.18.0.8:41783 in memory (size: 39.0 KiB, free: 434.3 MiB)
[2025-12-07T20:03:12.735+0000] {subprocess.py:106} INFO - 25/12/07 20:03:12 INFO DAGScheduler: Registering RDD 43 ($anonfun$recordDeltaOperationInternal$1 at DatabricksLogging.scala:128) as input to shuffle 3
[2025-12-07T20:03:12.736+0000] {subprocess.py:106} INFO - 25/12/07 20:03:12 INFO DAGScheduler: Got map stage job 8 ($anonfun$recordDeltaOperationInternal$1 at DatabricksLogging.scala:128) with 50 output partitions
[2025-12-07T20:03:12.737+0000] {subprocess.py:106} INFO - 25/12/07 20:03:12 INFO DAGScheduler: Final stage: ShuffleMapStage 13 ($anonfun$recordDeltaOperationInternal$1 at DatabricksLogging.scala:128)
[2025-12-07T20:03:12.738+0000] {subprocess.py:106} INFO - 25/12/07 20:03:12 INFO DAGScheduler: Parents of final stage: List(ShuffleMapStage 12)
[2025-12-07T20:03:12.738+0000] {subprocess.py:106} INFO - 25/12/07 20:03:12 INFO DAGScheduler: Missing parents: List()
[2025-12-07T20:03:12.739+0000] {subprocess.py:106} INFO - 25/12/07 20:03:12 INFO DAGScheduler: Submitting ShuffleMapStage 13 (MapPartitionsRDD[43] at $anonfun$recordDeltaOperationInternal$1 at DatabricksLogging.scala:128), which has no missing parents
[2025-12-07T20:03:12.820+0000] {subprocess.py:106} INFO - 25/12/07 20:03:12 INFO MemoryStore: Block broadcast_15 stored as values in memory (estimated size 517.1 KiB, free 432.7 MiB)
[2025-12-07T20:03:12.829+0000] {subprocess.py:106} INFO - 25/12/07 20:03:12 INFO MemoryStore: Block broadcast_15_piece0 stored as bytes in memory (estimated size 123.3 KiB, free 432.6 MiB)
[2025-12-07T20:03:12.831+0000] {subprocess.py:106} INFO - 25/12/07 20:03:12 INFO BlockManagerInfo: Added broadcast_15_piece0 in memory on 13f196131dae:36513 (size: 123.3 KiB, free: 434.1 MiB)
[2025-12-07T20:03:12.832+0000] {subprocess.py:106} INFO - 25/12/07 20:03:12 INFO SparkContext: Created broadcast 15 from broadcast at DAGScheduler.scala:1535
[2025-12-07T20:03:12.832+0000] {subprocess.py:106} INFO - 25/12/07 20:03:12 INFO DAGScheduler: Submitting 50 missing tasks from ShuffleMapStage 13 (MapPartitionsRDD[43] at $anonfun$recordDeltaOperationInternal$1 at DatabricksLogging.scala:128) (first 15 tasks are for partitions Vector(0, 1, 2, 3, 4, 5, 6, 7, 8, 9, 10, 11, 12, 13, 14))
[2025-12-07T20:03:12.833+0000] {subprocess.py:106} INFO - 25/12/07 20:03:12 INFO TaskSchedulerImpl: Adding task set 13.0 with 50 tasks resource profile 0
[2025-12-07T20:03:12.835+0000] {subprocess.py:106} INFO - 25/12/07 20:03:12 INFO TaskSetManager: Starting task 7.0 in stage 13.0 (TID 106) (172.18.0.8, executor 0, partition 7, NODE_LOCAL, 7356 bytes)
[2025-12-07T20:03:12.836+0000] {subprocess.py:106} INFO - 25/12/07 20:03:12 INFO TaskSetManager: Starting task 42.0 in stage 13.0 (TID 107) (172.18.0.8, executor 0, partition 42, NODE_LOCAL, 7356 bytes)
[2025-12-07T20:03:12.836+0000] {subprocess.py:106} INFO - 25/12/07 20:03:12 INFO TaskSetManager: Starting task 0.0 in stage 13.0 (TID 108) (172.18.0.8, executor 0, partition 0, PROCESS_LOCAL, 7356 bytes)
[2025-12-07T20:03:12.837+0000] {subprocess.py:106} INFO - 25/12/07 20:03:12 INFO TaskSetManager: Starting task 1.0 in stage 13.0 (TID 109) (172.18.0.8, executor 0, partition 1, PROCESS_LOCAL, 7356 bytes)
[2025-12-07T20:03:12.840+0000] {subprocess.py:106} INFO - 25/12/07 20:03:12 INFO TaskSetManager: Starting task 2.0 in stage 13.0 (TID 110) (172.18.0.8, executor 0, partition 2, PROCESS_LOCAL, 7356 bytes)
[2025-12-07T20:03:12.842+0000] {subprocess.py:106} INFO - 25/12/07 20:03:12 INFO TaskSetManager: Starting task 3.0 in stage 13.0 (TID 111) (172.18.0.8, executor 0, partition 3, PROCESS_LOCAL, 7356 bytes)
[2025-12-07T20:03:12.844+0000] {subprocess.py:106} INFO - 25/12/07 20:03:12 INFO TaskSetManager: Starting task 4.0 in stage 13.0 (TID 112) (172.18.0.8, executor 0, partition 4, PROCESS_LOCAL, 7356 bytes)
[2025-12-07T20:03:12.846+0000] {subprocess.py:106} INFO - 25/12/07 20:03:12 INFO TaskSetManager: Starting task 5.0 in stage 13.0 (TID 113) (172.18.0.8, executor 0, partition 5, PROCESS_LOCAL, 7356 bytes)
[2025-12-07T20:03:12.847+0000] {subprocess.py:106} INFO - 25/12/07 20:03:12 INFO TaskSetManager: Starting task 6.0 in stage 13.0 (TID 114) (172.18.0.8, executor 0, partition 6, PROCESS_LOCAL, 7356 bytes)
[2025-12-07T20:03:12.849+0000] {subprocess.py:106} INFO - 25/12/07 20:03:12 INFO TaskSetManager: Starting task 8.0 in stage 13.0 (TID 115) (172.18.0.8, executor 0, partition 8, PROCESS_LOCAL, 7356 bytes)
[2025-12-07T20:03:12.850+0000] {subprocess.py:106} INFO - 25/12/07 20:03:12 INFO TaskSetManager: Starting task 9.0 in stage 13.0 (TID 116) (172.18.0.8, executor 0, partition 9, PROCESS_LOCAL, 7356 bytes)
[2025-12-07T20:03:12.851+0000] {subprocess.py:106} INFO - 25/12/07 20:03:12 INFO TaskSetManager: Starting task 10.0 in stage 13.0 (TID 117) (172.18.0.8, executor 0, partition 10, PROCESS_LOCAL, 7356 bytes)
[2025-12-07T20:03:12.851+0000] {subprocess.py:106} INFO - 25/12/07 20:03:12 INFO TaskSetManager: Starting task 11.0 in stage 13.0 (TID 118) (172.18.0.8, executor 0, partition 11, PROCESS_LOCAL, 7356 bytes)
[2025-12-07T20:03:12.852+0000] {subprocess.py:106} INFO - 25/12/07 20:03:12 INFO TaskSetManager: Starting task 12.0 in stage 13.0 (TID 119) (172.18.0.8, executor 0, partition 12, PROCESS_LOCAL, 7356 bytes)
[2025-12-07T20:03:12.853+0000] {subprocess.py:106} INFO - 25/12/07 20:03:12 INFO TaskSetManager: Starting task 13.0 in stage 13.0 (TID 120) (172.18.0.8, executor 0, partition 13, PROCESS_LOCAL, 7356 bytes)
[2025-12-07T20:03:12.854+0000] {subprocess.py:106} INFO - 25/12/07 20:03:12 INFO TaskSetManager: Starting task 14.0 in stage 13.0 (TID 121) (172.18.0.8, executor 0, partition 14, PROCESS_LOCAL, 7356 bytes)
[2025-12-07T20:03:12.867+0000] {subprocess.py:106} INFO - 25/12/07 20:03:12 INFO BlockManagerInfo: Added broadcast_15_piece0 in memory on 172.18.0.8:41783 (size: 123.3 KiB, free: 434.2 MiB)
[2025-12-07T20:03:12.928+0000] {subprocess.py:106} INFO - 25/12/07 20:03:12 INFO MapOutputTrackerMasterEndpoint: Asked to send map output locations for shuffle 2 to 172.18.0.8:33606
[2025-12-07T20:03:13.007+0000] {subprocess.py:106} INFO - 25/12/07 20:03:13 INFO BlockManagerInfo: Added rdd_40_13 in memory on 172.18.0.8:41783 (size: 46.0 B, free: 434.2 MiB)
[2025-12-07T20:03:13.009+0000] {subprocess.py:106} INFO - 25/12/07 20:03:13 INFO BlockManagerInfo: Added rdd_40_1 in memory on 172.18.0.8:41783 (size: 46.0 B, free: 434.2 MiB)
[2025-12-07T20:03:13.013+0000] {subprocess.py:106} INFO - 25/12/07 20:03:13 INFO BlockManagerInfo: Added rdd_40_42 in memory on 172.18.0.8:41783 (size: 562.0 B, free: 434.2 MiB)
[2025-12-07T20:03:13.016+0000] {subprocess.py:106} INFO - 25/12/07 20:03:13 INFO BlockManagerInfo: Added rdd_40_7 in memory on 172.18.0.8:41783 (size: 678.0 B, free: 434.2 MiB)
[2025-12-07T20:03:13.018+0000] {subprocess.py:106} INFO - 25/12/07 20:03:13 INFO BlockManagerInfo: Added rdd_40_6 in memory on 172.18.0.8:41783 (size: 46.0 B, free: 434.2 MiB)
[2025-12-07T20:03:13.019+0000] {subprocess.py:106} INFO - 25/12/07 20:03:13 INFO BlockManagerInfo: Added rdd_40_8 in memory on 172.18.0.8:41783 (size: 46.0 B, free: 434.2 MiB)
[2025-12-07T20:03:13.026+0000] {subprocess.py:106} INFO - 25/12/07 20:03:13 INFO BlockManagerInfo: Added rdd_40_3 in memory on 172.18.0.8:41783 (size: 46.0 B, free: 434.2 MiB)
[2025-12-07T20:03:13.029+0000] {subprocess.py:106} INFO - 25/12/07 20:03:13 INFO BlockManagerInfo: Added rdd_40_0 in memory on 172.18.0.8:41783 (size: 46.0 B, free: 434.2 MiB)
[2025-12-07T20:03:13.031+0000] {subprocess.py:106} INFO - 25/12/07 20:03:13 INFO BlockManagerInfo: Added rdd_40_2 in memory on 172.18.0.8:41783 (size: 46.0 B, free: 434.2 MiB)
[2025-12-07T20:03:13.033+0000] {subprocess.py:106} INFO - 25/12/07 20:03:13 INFO BlockManagerInfo: Added rdd_40_14 in memory on 172.18.0.8:41783 (size: 46.0 B, free: 434.2 MiB)
[2025-12-07T20:03:13.035+0000] {subprocess.py:106} INFO - 25/12/07 20:03:13 INFO BlockManagerInfo: Added rdd_40_9 in memory on 172.18.0.8:41783 (size: 46.0 B, free: 434.2 MiB)
[2025-12-07T20:03:13.037+0000] {subprocess.py:106} INFO - 25/12/07 20:03:13 INFO BlockManagerInfo: Added rdd_40_11 in memory on 172.18.0.8:41783 (size: 46.0 B, free: 434.2 MiB)
[2025-12-07T20:03:13.041+0000] {subprocess.py:106} INFO - 25/12/07 20:03:13 INFO BlockManagerInfo: Added rdd_40_10 in memory on 172.18.0.8:41783 (size: 46.0 B, free: 434.2 MiB)
[2025-12-07T20:03:13.043+0000] {subprocess.py:106} INFO - 25/12/07 20:03:13 INFO BlockManagerInfo: Added rdd_40_4 in memory on 172.18.0.8:41783 (size: 46.0 B, free: 434.2 MiB)
[2025-12-07T20:03:13.044+0000] {subprocess.py:106} INFO - 25/12/07 20:03:13 INFO BlockManagerInfo: Added rdd_40_12 in memory on 172.18.0.8:41783 (size: 46.0 B, free: 434.2 MiB)
[2025-12-07T20:03:13.045+0000] {subprocess.py:106} INFO - 25/12/07 20:03:13 INFO BlockManagerInfo: Added rdd_40_5 in memory on 172.18.0.8:41783 (size: 46.0 B, free: 434.2 MiB)
[2025-12-07T20:03:13.050+0000] {subprocess.py:106} INFO - 25/12/07 20:03:13 INFO TaskSetManager: Starting task 15.0 in stage 13.0 (TID 122) (172.18.0.8, executor 0, partition 15, PROCESS_LOCAL, 7356 bytes)
[2025-12-07T20:03:13.051+0000] {subprocess.py:106} INFO - 25/12/07 20:03:13 INFO TaskSetManager: Finished task 1.0 in stage 13.0 (TID 109) in 214 ms on 172.18.0.8 (executor 0) (1/50)
[2025-12-07T20:03:13.052+0000] {subprocess.py:106} INFO - 25/12/07 20:03:13 INFO TaskSetManager: Starting task 16.0 in stage 13.0 (TID 123) (172.18.0.8, executor 0, partition 16, PROCESS_LOCAL, 7356 bytes)
[2025-12-07T20:03:13.053+0000] {subprocess.py:106} INFO - 25/12/07 20:03:13 INFO TaskSetManager: Finished task 2.0 in stage 13.0 (TID 110) in 217 ms on 172.18.0.8 (executor 0) (2/50)
[2025-12-07T20:03:13.075+0000] {subprocess.py:106} INFO - 25/12/07 20:03:13 INFO TaskSetManager: Starting task 17.0 in stage 13.0 (TID 124) (172.18.0.8, executor 0, partition 17, PROCESS_LOCAL, 7356 bytes)
[2025-12-07T20:03:13.078+0000] {subprocess.py:106} INFO - 25/12/07 20:03:13 INFO TaskSetManager: Starting task 18.0 in stage 13.0 (TID 125) (172.18.0.8, executor 0, partition 18, PROCESS_LOCAL, 7356 bytes)
[2025-12-07T20:03:13.079+0000] {subprocess.py:106} INFO - 25/12/07 20:03:13 INFO TaskSetManager: Finished task 3.0 in stage 13.0 (TID 111) in 238 ms on 172.18.0.8 (executor 0) (3/50)
[2025-12-07T20:03:13.081+0000] {subprocess.py:106} INFO - 25/12/07 20:03:13 INFO TaskSetManager: Starting task 19.0 in stage 13.0 (TID 126) (172.18.0.8, executor 0, partition 19, PROCESS_LOCAL, 7356 bytes)
[2025-12-07T20:03:13.082+0000] {subprocess.py:106} INFO - 25/12/07 20:03:13 INFO TaskSetManager: Finished task 7.0 in stage 13.0 (TID 106) in 244 ms on 172.18.0.8 (executor 0) (4/50)
[2025-12-07T20:03:13.084+0000] {subprocess.py:106} INFO - 25/12/07 20:03:13 INFO TaskSetManager: Finished task 14.0 in stage 13.0 (TID 121) in 239 ms on 172.18.0.8 (executor 0) (5/50)
[2025-12-07T20:03:13.085+0000] {subprocess.py:106} INFO - 25/12/07 20:03:13 INFO TaskSetManager: Starting task 20.0 in stage 13.0 (TID 127) (172.18.0.8, executor 0, partition 20, PROCESS_LOCAL, 7356 bytes)
[2025-12-07T20:03:13.088+0000] {subprocess.py:106} INFO - 25/12/07 20:03:13 INFO TaskSetManager: Finished task 13.0 in stage 13.0 (TID 120) in 246 ms on 172.18.0.8 (executor 0) (6/50)
[2025-12-07T20:03:13.095+0000] {subprocess.py:106} INFO - 25/12/07 20:03:13 INFO TaskSetManager: Starting task 21.0 in stage 13.0 (TID 128) (172.18.0.8, executor 0, partition 21, PROCESS_LOCAL, 7356 bytes)
[2025-12-07T20:03:13.097+0000] {subprocess.py:106} INFO - 25/12/07 20:03:13 INFO TaskSetManager: Starting task 22.0 in stage 13.0 (TID 129) (172.18.0.8, executor 0, partition 22, PROCESS_LOCAL, 7356 bytes)
[2025-12-07T20:03:13.102+0000] {subprocess.py:106} INFO - 25/12/07 20:03:13 INFO TaskSetManager: Starting task 23.0 in stage 13.0 (TID 130) (172.18.0.8, executor 0, partition 23, PROCESS_LOCAL, 7356 bytes)
[2025-12-07T20:03:13.104+0000] {subprocess.py:106} INFO - 25/12/07 20:03:13 INFO TaskSetManager: Starting task 24.0 in stage 13.0 (TID 131) (172.18.0.8, executor 0, partition 24, PROCESS_LOCAL, 7356 bytes)
[2025-12-07T20:03:13.110+0000] {subprocess.py:106} INFO - 25/12/07 20:03:13 INFO TaskSetManager: Starting task 25.0 in stage 13.0 (TID 132) (172.18.0.8, executor 0, partition 25, PROCESS_LOCAL, 7356 bytes)
[2025-12-07T20:03:13.112+0000] {subprocess.py:106} INFO - 25/12/07 20:03:13 INFO TaskSetManager: Finished task 42.0 in stage 13.0 (TID 107) in 275 ms on 172.18.0.8 (executor 0) (7/50)
[2025-12-07T20:03:13.119+0000] {subprocess.py:106} INFO - 25/12/07 20:03:13 INFO TaskSetManager: Finished task 10.0 in stage 13.0 (TID 117) in 273 ms on 172.18.0.8 (executor 0) (8/50)
[2025-12-07T20:03:13.121+0000] {subprocess.py:106} INFO - 25/12/07 20:03:13 INFO TaskSetManager: Finished task 6.0 in stage 13.0 (TID 114) in 275 ms on 172.18.0.8 (executor 0) (9/50)
[2025-12-07T20:03:13.123+0000] {subprocess.py:106} INFO - 25/12/07 20:03:13 INFO TaskSetManager: Starting task 26.0 in stage 13.0 (TID 133) (172.18.0.8, executor 0, partition 26, PROCESS_LOCAL, 7356 bytes)
[2025-12-07T20:03:13.124+0000] {subprocess.py:106} INFO - 25/12/07 20:03:13 INFO TaskSetManager: Starting task 27.0 in stage 13.0 (TID 134) (172.18.0.8, executor 0, partition 27, PROCESS_LOCAL, 7356 bytes)
[2025-12-07T20:03:13.125+0000] {subprocess.py:106} INFO - 25/12/07 20:03:13 INFO TaskSetManager: Finished task 5.0 in stage 13.0 (TID 113) in 279 ms on 172.18.0.8 (executor 0) (10/50)
[2025-12-07T20:03:13.131+0000] {subprocess.py:106} INFO - 25/12/07 20:03:13 INFO TaskSetManager: Starting task 28.0 in stage 13.0 (TID 135) (172.18.0.8, executor 0, partition 28, PROCESS_LOCAL, 7356 bytes)
[2025-12-07T20:03:13.133+0000] {subprocess.py:106} INFO - 25/12/07 20:03:13 INFO TaskSetManager: Finished task 0.0 in stage 13.0 (TID 108) in 283 ms on 172.18.0.8 (executor 0) (11/50)
[2025-12-07T20:03:13.135+0000] {subprocess.py:106} INFO - 25/12/07 20:03:13 INFO TaskSetManager: Finished task 11.0 in stage 13.0 (TID 118) in 282 ms on 172.18.0.8 (executor 0) (12/50)
[2025-12-07T20:03:13.138+0000] {subprocess.py:106} INFO - 25/12/07 20:03:13 INFO TaskSetManager: Finished task 4.0 in stage 13.0 (TID 112) in 285 ms on 172.18.0.8 (executor 0) (13/50)
[2025-12-07T20:03:13.140+0000] {subprocess.py:106} INFO - 25/12/07 20:03:13 INFO TaskSetManager: Finished task 9.0 in stage 13.0 (TID 116) in 287 ms on 172.18.0.8 (executor 0) (14/50)
[2025-12-07T20:03:13.141+0000] {subprocess.py:106} INFO - 25/12/07 20:03:13 INFO TaskSetManager: Starting task 29.0 in stage 13.0 (TID 136) (172.18.0.8, executor 0, partition 29, PROCESS_LOCAL, 7356 bytes)
[2025-12-07T20:03:13.141+0000] {subprocess.py:106} INFO - 25/12/07 20:03:13 INFO TaskSetManager: Finished task 8.0 in stage 13.0 (TID 115) in 295 ms on 172.18.0.8 (executor 0) (15/50)
[2025-12-07T20:03:13.196+0000] {subprocess.py:106} INFO - 25/12/07 20:03:13 INFO TaskSetManager: Starting task 30.0 in stage 13.0 (TID 137) (172.18.0.8, executor 0, partition 30, PROCESS_LOCAL, 7356 bytes)
[2025-12-07T20:03:13.201+0000] {subprocess.py:106} INFO - 25/12/07 20:03:13 INFO TaskSetManager: Finished task 12.0 in stage 13.0 (TID 119) in 357 ms on 172.18.0.8 (executor 0) (16/50)
[2025-12-07T20:03:13.244+0000] {subprocess.py:106} INFO - 25/12/07 20:03:13 INFO BlockManagerInfo: Added rdd_40_17 in memory on 172.18.0.8:41783 (size: 46.0 B, free: 434.2 MiB)
[2025-12-07T20:03:13.266+0000] {subprocess.py:106} INFO - 25/12/07 20:03:13 INFO BlockManagerInfo: Added rdd_40_20 in memory on 172.18.0.8:41783 (size: 46.0 B, free: 434.2 MiB)
[2025-12-07T20:03:13.271+0000] {subprocess.py:106} INFO - 25/12/07 20:03:13 INFO BlockManagerInfo: Added rdd_40_16 in memory on 172.18.0.8:41783 (size: 46.0 B, free: 434.2 MiB)
[2025-12-07T20:03:13.274+0000] {subprocess.py:106} INFO - 25/12/07 20:03:13 INFO BlockManagerInfo: Added rdd_40_18 in memory on 172.18.0.8:41783 (size: 46.0 B, free: 434.2 MiB)
[2025-12-07T20:03:13.276+0000] {subprocess.py:106} INFO - 25/12/07 20:03:13 INFO BlockManagerInfo: Added rdd_40_23 in memory on 172.18.0.8:41783 (size: 46.0 B, free: 434.2 MiB)
[2025-12-07T20:03:13.295+0000] {subprocess.py:106} INFO - 25/12/07 20:03:13 INFO BlockManagerInfo: Added rdd_40_21 in memory on 172.18.0.8:41783 (size: 46.0 B, free: 434.2 MiB)
[2025-12-07T20:03:13.298+0000] {subprocess.py:106} INFO - 25/12/07 20:03:13 INFO BlockManagerInfo: Added rdd_40_15 in memory on 172.18.0.8:41783 (size: 46.0 B, free: 434.2 MiB)
[2025-12-07T20:03:13.304+0000] {subprocess.py:106} INFO - 25/12/07 20:03:13 INFO BlockManagerInfo: Added rdd_40_22 in memory on 172.18.0.8:41783 (size: 46.0 B, free: 434.2 MiB)
[2025-12-07T20:03:13.310+0000] {subprocess.py:106} INFO - 25/12/07 20:03:13 INFO TaskSetManager: Starting task 31.0 in stage 13.0 (TID 138) (172.18.0.8, executor 0, partition 31, PROCESS_LOCAL, 7356 bytes)
[2025-12-07T20:03:13.320+0000] {subprocess.py:106} INFO - 25/12/07 20:03:13 INFO BlockManagerInfo: Added rdd_40_28 in memory on 172.18.0.8:41783 (size: 46.0 B, free: 434.2 MiB)
[2025-12-07T20:03:13.322+0000] {subprocess.py:106} INFO - 25/12/07 20:03:13 INFO TaskSetManager: Starting task 32.0 in stage 13.0 (TID 139) (172.18.0.8, executor 0, partition 32, PROCESS_LOCAL, 7356 bytes)
[2025-12-07T20:03:13.324+0000] {subprocess.py:106} INFO - 25/12/07 20:03:13 INFO TaskSetManager: Finished task 17.0 in stage 13.0 (TID 124) in 248 ms on 172.18.0.8 (executor 0) (17/50)
[2025-12-07T20:03:13.329+0000] {subprocess.py:106} INFO - 25/12/07 20:03:13 INFO TaskSetManager: Finished task 16.0 in stage 13.0 (TID 123) in 266 ms on 172.18.0.8 (executor 0) (18/50)
[2025-12-07T20:03:13.331+0000] {subprocess.py:106} INFO - 25/12/07 20:03:13 INFO TaskSetManager: Starting task 33.0 in stage 13.0 (TID 140) (172.18.0.8, executor 0, partition 33, PROCESS_LOCAL, 7356 bytes)
[2025-12-07T20:03:13.335+0000] {subprocess.py:106} INFO - 25/12/07 20:03:13 INFO TaskSetManager: Starting task 34.0 in stage 13.0 (TID 141) (172.18.0.8, executor 0, partition 34, PROCESS_LOCAL, 7356 bytes)
[2025-12-07T20:03:13.339+0000] {subprocess.py:106} INFO - 25/12/07 20:03:13 INFO TaskSetManager: Finished task 18.0 in stage 13.0 (TID 125) in 255 ms on 172.18.0.8 (executor 0) (19/50)
[2025-12-07T20:03:13.341+0000] {subprocess.py:106} INFO - 25/12/07 20:03:13 INFO TaskSetManager: Finished task 20.0 in stage 13.0 (TID 127) in 241 ms on 172.18.0.8 (executor 0) (20/50)
[2025-12-07T20:03:13.351+0000] {subprocess.py:106} INFO - 25/12/07 20:03:13 INFO BlockManagerInfo: Added rdd_40_24 in memory on 172.18.0.8:41783 (size: 46.0 B, free: 434.2 MiB)
[2025-12-07T20:03:13.356+0000] {subprocess.py:106} INFO - 25/12/07 20:03:13 INFO BlockManagerInfo: Added rdd_40_27 in memory on 172.18.0.8:41783 (size: 46.0 B, free: 434.2 MiB)
[2025-12-07T20:03:13.358+0000] {subprocess.py:106} INFO - 25/12/07 20:03:13 INFO BlockManagerInfo: Added rdd_40_25 in memory on 172.18.0.8:41783 (size: 46.0 B, free: 434.2 MiB)
[2025-12-07T20:03:13.359+0000] {subprocess.py:106} INFO - 25/12/07 20:03:13 INFO TaskSetManager: Starting task 35.0 in stage 13.0 (TID 142) (172.18.0.8, executor 0, partition 35, PROCESS_LOCAL, 7356 bytes)
[2025-12-07T20:03:13.361+0000] {subprocess.py:106} INFO - 25/12/07 20:03:13 INFO TaskSetManager: Finished task 23.0 in stage 13.0 (TID 130) in 249 ms on 172.18.0.8 (executor 0) (21/50)
[2025-12-07T20:03:13.373+0000] {subprocess.py:106} INFO - 25/12/07 20:03:13 INFO BlockManagerInfo: Added rdd_40_26 in memory on 172.18.0.8:41783 (size: 46.0 B, free: 434.2 MiB)
[2025-12-07T20:03:13.375+0000] {subprocess.py:106} INFO - 25/12/07 20:03:13 INFO BlockManagerInfo: Added rdd_40_30 in memory on 172.18.0.8:41783 (size: 46.0 B, free: 434.2 MiB)
[2025-12-07T20:03:13.378+0000] {subprocess.py:106} INFO - 25/12/07 20:03:13 INFO TaskSetManager: Starting task 36.0 in stage 13.0 (TID 143) (172.18.0.8, executor 0, partition 36, PROCESS_LOCAL, 7356 bytes)
[2025-12-07T20:03:13.383+0000] {subprocess.py:106} INFO - 25/12/07 20:03:13 INFO TaskSetManager: Finished task 21.0 in stage 13.0 (TID 128) in 286 ms on 172.18.0.8 (executor 0) (22/50)
[2025-12-07T20:03:13.387+0000] {subprocess.py:106} INFO - 25/12/07 20:03:13 INFO BlockManagerInfo: Added rdd_40_29 in memory on 172.18.0.8:41783 (size: 46.0 B, free: 434.2 MiB)
[2025-12-07T20:03:13.396+0000] {subprocess.py:106} INFO - 25/12/07 20:03:13 INFO BlockManagerInfo: Added rdd_40_19 in memory on 172.18.0.8:41783 (size: 46.0 B, free: 434.2 MiB)
[2025-12-07T20:03:13.401+0000] {subprocess.py:106} INFO - 25/12/07 20:03:13 INFO TaskSetManager: Starting task 37.0 in stage 13.0 (TID 144) (172.18.0.8, executor 0, partition 37, PROCESS_LOCAL, 7356 bytes)
[2025-12-07T20:03:13.402+0000] {subprocess.py:106} INFO - 25/12/07 20:03:13 INFO TaskSetManager: Starting task 38.0 in stage 13.0 (TID 145) (172.18.0.8, executor 0, partition 38, PROCESS_LOCAL, 7356 bytes)
[2025-12-07T20:03:13.404+0000] {subprocess.py:106} INFO - 25/12/07 20:03:13 INFO TaskSetManager: Finished task 28.0 in stage 13.0 (TID 135) in 286 ms on 172.18.0.8 (executor 0) (23/50)
[2025-12-07T20:03:13.407+0000] {subprocess.py:106} INFO - 25/12/07 20:03:13 INFO TaskSetManager: Finished task 15.0 in stage 13.0 (TID 122) in 356 ms on 172.18.0.8 (executor 0) (24/50)
[2025-12-07T20:03:13.413+0000] {subprocess.py:106} INFO - 25/12/07 20:03:13 INFO TaskSetManager: Starting task 39.0 in stage 13.0 (TID 146) (172.18.0.8, executor 0, partition 39, PROCESS_LOCAL, 7356 bytes)
[2025-12-07T20:03:13.417+0000] {subprocess.py:106} INFO - 25/12/07 20:03:13 INFO TaskSetManager: Finished task 25.0 in stage 13.0 (TID 132) in 309 ms on 172.18.0.8 (executor 0) (25/50)
[2025-12-07T20:03:13.420+0000] {subprocess.py:106} INFO - 25/12/07 20:03:13 INFO TaskSetManager: Starting task 40.0 in stage 13.0 (TID 147) (172.18.0.8, executor 0, partition 40, PROCESS_LOCAL, 7356 bytes)
[2025-12-07T20:03:13.422+0000] {subprocess.py:106} INFO - 25/12/07 20:03:13 INFO TaskSetManager: Finished task 22.0 in stage 13.0 (TID 129) in 326 ms on 172.18.0.8 (executor 0) (26/50)
[2025-12-07T20:03:13.444+0000] {subprocess.py:106} INFO - 25/12/07 20:03:13 INFO TaskSetManager: Starting task 41.0 in stage 13.0 (TID 148) (172.18.0.8, executor 0, partition 41, PROCESS_LOCAL, 7356 bytes)
[2025-12-07T20:03:13.447+0000] {subprocess.py:106} INFO - 25/12/07 20:03:13 INFO TaskSetManager: Finished task 26.0 in stage 13.0 (TID 133) in 328 ms on 172.18.0.8 (executor 0) (27/50)
[2025-12-07T20:03:13.451+0000] {subprocess.py:106} INFO - 25/12/07 20:03:13 INFO TaskSetManager: Starting task 43.0 in stage 13.0 (TID 149) (172.18.0.8, executor 0, partition 43, PROCESS_LOCAL, 7356 bytes)
[2025-12-07T20:03:13.452+0000] {subprocess.py:106} INFO - 25/12/07 20:03:13 INFO TaskSetManager: Starting task 44.0 in stage 13.0 (TID 150) (172.18.0.8, executor 0, partition 44, PROCESS_LOCAL, 7356 bytes)
[2025-12-07T20:03:13.454+0000] {subprocess.py:106} INFO - 25/12/07 20:03:13 INFO TaskSetManager: Finished task 29.0 in stage 13.0 (TID 136) in 323 ms on 172.18.0.8 (executor 0) (28/50)
[2025-12-07T20:03:13.455+0000] {subprocess.py:106} INFO - 25/12/07 20:03:13 INFO TaskSetManager: Finished task 30.0 in stage 13.0 (TID 137) in 256 ms on 172.18.0.8 (executor 0) (29/50)
[2025-12-07T20:03:13.463+0000] {subprocess.py:106} INFO - 25/12/07 20:03:13 INFO BlockManagerInfo: Added rdd_40_32 in memory on 172.18.0.8:41783 (size: 46.0 B, free: 434.2 MiB)
[2025-12-07T20:03:13.465+0000] {subprocess.py:106} INFO - 25/12/07 20:03:13 INFO TaskSetManager: Starting task 45.0 in stage 13.0 (TID 151) (172.18.0.8, executor 0, partition 45, PROCESS_LOCAL, 7356 bytes)
[2025-12-07T20:03:13.466+0000] {subprocess.py:106} INFO - 25/12/07 20:03:13 INFO TaskSetManager: Starting task 46.0 in stage 13.0 (TID 152) (172.18.0.8, executor 0, partition 46, PROCESS_LOCAL, 7356 bytes)
[2025-12-07T20:03:13.467+0000] {subprocess.py:106} INFO - 25/12/07 20:03:13 INFO TaskSetManager: Finished task 27.0 in stage 13.0 (TID 134) in 347 ms on 172.18.0.8 (executor 0) (30/50)
[2025-12-07T20:03:13.471+0000] {subprocess.py:106} INFO - 25/12/07 20:03:13 INFO TaskSetManager: Finished task 24.0 in stage 13.0 (TID 131) in 360 ms on 172.18.0.8 (executor 0) (31/50)
[2025-12-07T20:03:13.472+0000] {subprocess.py:106} INFO - 25/12/07 20:03:13 INFO BlockManagerInfo: Added rdd_40_33 in memory on 172.18.0.8:41783 (size: 46.0 B, free: 434.2 MiB)
[2025-12-07T20:03:13.485+0000] {subprocess.py:106} INFO - 25/12/07 20:03:13 INFO TaskSetManager: Starting task 47.0 in stage 13.0 (TID 153) (172.18.0.8, executor 0, partition 47, PROCESS_LOCAL, 7356 bytes)
[2025-12-07T20:03:13.492+0000] {subprocess.py:106} INFO - 25/12/07 20:03:13 INFO TaskSetManager: Finished task 19.0 in stage 13.0 (TID 126) in 411 ms on 172.18.0.8 (executor 0) (32/50)
[2025-12-07T20:03:13.494+0000] {subprocess.py:106} INFO - 25/12/07 20:03:13 INFO BlockManagerInfo: Added rdd_40_34 in memory on 172.18.0.8:41783 (size: 46.0 B, free: 434.2 MiB)
[2025-12-07T20:03:13.542+0000] {subprocess.py:106} INFO - 25/12/07 20:03:13 INFO TaskSetManager: Starting task 48.0 in stage 13.0 (TID 154) (172.18.0.8, executor 0, partition 48, PROCESS_LOCAL, 7356 bytes)
[2025-12-07T20:03:13.547+0000] {subprocess.py:106} INFO - 25/12/07 20:03:13 INFO TaskSetManager: Finished task 32.0 in stage 13.0 (TID 139) in 226 ms on 172.18.0.8 (executor 0) (33/50)
[2025-12-07T20:03:13.548+0000] {subprocess.py:106} INFO - 25/12/07 20:03:13 INFO BlockManagerInfo: Added rdd_40_35 in memory on 172.18.0.8:41783 (size: 46.0 B, free: 434.2 MiB)
[2025-12-07T20:03:13.577+0000] {subprocess.py:106} INFO - 25/12/07 20:03:13 INFO BlockManagerInfo: Added rdd_40_38 in memory on 172.18.0.8:41783 (size: 46.0 B, free: 434.2 MiB)
[2025-12-07T20:03:13.579+0000] {subprocess.py:106} INFO - 25/12/07 20:03:13 INFO BlockManagerInfo: Added rdd_40_40 in memory on 172.18.0.8:41783 (size: 46.0 B, free: 434.2 MiB)
[2025-12-07T20:03:13.580+0000] {subprocess.py:106} INFO - 25/12/07 20:03:13 INFO BlockManagerInfo: Added rdd_40_36 in memory on 172.18.0.8:41783 (size: 46.0 B, free: 434.2 MiB)
[2025-12-07T20:03:13.581+0000] {subprocess.py:106} INFO - 25/12/07 20:03:13 INFO BlockManagerInfo: Added rdd_40_37 in memory on 172.18.0.8:41783 (size: 46.0 B, free: 434.2 MiB)
[2025-12-07T20:03:13.582+0000] {subprocess.py:106} INFO - 25/12/07 20:03:13 INFO BlockManagerInfo: Added rdd_40_31 in memory on 172.18.0.8:41783 (size: 46.0 B, free: 434.2 MiB)
[2025-12-07T20:03:13.608+0000] {subprocess.py:106} INFO - 25/12/07 20:03:13 INFO BlockManagerInfo: Added rdd_40_39 in memory on 172.18.0.8:41783 (size: 46.0 B, free: 434.2 MiB)
[2025-12-07T20:03:13.611+0000] {subprocess.py:106} INFO - 25/12/07 20:03:13 INFO TaskSetManager: Starting task 49.0 in stage 13.0 (TID 155) (172.18.0.8, executor 0, partition 49, PROCESS_LOCAL, 7356 bytes)
[2025-12-07T20:03:13.615+0000] {subprocess.py:106} INFO - 25/12/07 20:03:13 INFO TaskSetManager: Finished task 33.0 in stage 13.0 (TID 140) in 284 ms on 172.18.0.8 (executor 0) (34/50)
[2025-12-07T20:03:13.618+0000] {subprocess.py:106} INFO - 25/12/07 20:03:13 INFO TaskSetManager: Finished task 34.0 in stage 13.0 (TID 141) in 293 ms on 172.18.0.8 (executor 0) (35/50)
[2025-12-07T20:03:13.620+0000] {subprocess.py:106} INFO - 25/12/07 20:03:13 INFO TaskSetManager: Finished task 40.0 in stage 13.0 (TID 147) in 200 ms on 172.18.0.8 (executor 0) (36/50)
[2025-12-07T20:03:13.621+0000] {subprocess.py:106} INFO - 25/12/07 20:03:13 INFO BlockManagerInfo: Added rdd_40_47 in memory on 172.18.0.8:41783 (size: 46.0 B, free: 434.2 MiB)
[2025-12-07T20:03:13.623+0000] {subprocess.py:106} INFO - 25/12/07 20:03:13 INFO TaskSetManager: Finished task 37.0 in stage 13.0 (TID 144) in 227 ms on 172.18.0.8 (executor 0) (37/50)
[2025-12-07T20:03:13.625+0000] {subprocess.py:106} INFO - 25/12/07 20:03:13 INFO TaskSetManager: Finished task 38.0 in stage 13.0 (TID 145) in 224 ms on 172.18.0.8 (executor 0) (38/50)
[2025-12-07T20:03:13.637+0000] {subprocess.py:106} INFO - 25/12/07 20:03:13 INFO BlockManagerInfo: Added rdd_40_43 in memory on 172.18.0.8:41783 (size: 46.0 B, free: 434.2 MiB)
[2025-12-07T20:03:13.638+0000] {subprocess.py:106} INFO - 25/12/07 20:03:13 INFO BlockManagerInfo: Added rdd_40_44 in memory on 172.18.0.8:41783 (size: 46.0 B, free: 434.2 MiB)
[2025-12-07T20:03:13.641+0000] {subprocess.py:106} INFO - 25/12/07 20:03:13 INFO BlockManagerInfo: Added rdd_40_45 in memory on 172.18.0.8:41783 (size: 46.0 B, free: 434.2 MiB)
[2025-12-07T20:03:13.641+0000] {subprocess.py:106} INFO - 25/12/07 20:03:13 INFO BlockManagerInfo: Added rdd_40_46 in memory on 172.18.0.8:41783 (size: 46.0 B, free: 434.2 MiB)
[2025-12-07T20:03:13.665+0000] {subprocess.py:106} INFO - 25/12/07 20:03:13 INFO TaskSetManager: Finished task 39.0 in stage 13.0 (TID 146) in 255 ms on 172.18.0.8 (executor 0) (39/50)
[2025-12-07T20:03:13.667+0000] {subprocess.py:106} INFO - 25/12/07 20:03:13 INFO BlockManagerInfo: Added rdd_40_41 in memory on 172.18.0.8:41783 (size: 46.0 B, free: 434.2 MiB)
[2025-12-07T20:03:13.670+0000] {subprocess.py:106} INFO - 25/12/07 20:03:13 INFO TaskSetManager: Finished task 36.0 in stage 13.0 (TID 143) in 291 ms on 172.18.0.8 (executor 0) (40/50)
[2025-12-07T20:03:13.674+0000] {subprocess.py:106} INFO - 25/12/07 20:03:13 INFO TaskSetManager: Finished task 31.0 in stage 13.0 (TID 138) in 364 ms on 172.18.0.8 (executor 0) (41/50)
[2025-12-07T20:03:13.676+0000] {subprocess.py:106} INFO - 25/12/07 20:03:13 INFO TaskSetManager: Finished task 35.0 in stage 13.0 (TID 142) in 325 ms on 172.18.0.8 (executor 0) (42/50)
[2025-12-07T20:03:13.677+0000] {subprocess.py:106} INFO - 25/12/07 20:03:13 INFO TaskSetManager: Finished task 47.0 in stage 13.0 (TID 153) in 191 ms on 172.18.0.8 (executor 0) (43/50)
[2025-12-07T20:03:13.685+0000] {subprocess.py:106} INFO - 25/12/07 20:03:13 INFO TaskSetManager: Finished task 44.0 in stage 13.0 (TID 150) in 236 ms on 172.18.0.8 (executor 0) (44/50)
[2025-12-07T20:03:13.686+0000] {subprocess.py:106} INFO - 25/12/07 20:03:13 INFO TaskSetManager: Finished task 45.0 in stage 13.0 (TID 151) in 226 ms on 172.18.0.8 (executor 0) (45/50)
[2025-12-07T20:03:13.689+0000] {subprocess.py:106} INFO - 25/12/07 20:03:13 INFO BlockManagerInfo: Added rdd_40_48 in memory on 172.18.0.8:41783 (size: 46.0 B, free: 434.2 MiB)
[2025-12-07T20:03:13.690+0000] {subprocess.py:106} INFO - 25/12/07 20:03:13 INFO TaskSetManager: Finished task 43.0 in stage 13.0 (TID 149) in 240 ms on 172.18.0.8 (executor 0) (46/50)
[2025-12-07T20:03:13.691+0000] {subprocess.py:106} INFO - 25/12/07 20:03:13 INFO TaskSetManager: Finished task 46.0 in stage 13.0 (TID 152) in 229 ms on 172.18.0.8 (executor 0) (47/50)
[2025-12-07T20:03:13.700+0000] {subprocess.py:106} INFO - 25/12/07 20:03:13 INFO TaskSetManager: Finished task 41.0 in stage 13.0 (TID 148) in 260 ms on 172.18.0.8 (executor 0) (48/50)
[2025-12-07T20:03:13.708+0000] {subprocess.py:106} INFO - 25/12/07 20:03:13 INFO BlockManagerInfo: Added rdd_40_49 in memory on 172.18.0.8:41783 (size: 46.0 B, free: 434.2 MiB)
[2025-12-07T20:03:13.717+0000] {subprocess.py:106} INFO - 25/12/07 20:03:13 INFO TaskSetManager: Finished task 48.0 in stage 13.0 (TID 154) in 178 ms on 172.18.0.8 (executor 0) (49/50)
[2025-12-07T20:03:13.731+0000] {subprocess.py:106} INFO - 25/12/07 20:03:13 INFO TaskSetManager: Finished task 49.0 in stage 13.0 (TID 155) in 137 ms on 172.18.0.8 (executor 0) (50/50)
[2025-12-07T20:03:13.732+0000] {subprocess.py:106} INFO - 25/12/07 20:03:13 INFO TaskSchedulerImpl: Removed TaskSet 13.0, whose tasks have all completed, from pool
[2025-12-07T20:03:13.733+0000] {subprocess.py:106} INFO - 25/12/07 20:03:13 INFO DAGScheduler: ShuffleMapStage 13 ($anonfun$recordDeltaOperationInternal$1 at DatabricksLogging.scala:128) finished in 0.990 s
[2025-12-07T20:03:13.733+0000] {subprocess.py:106} INFO - 25/12/07 20:03:13 INFO DAGScheduler: looking for newly runnable stages
[2025-12-07T20:03:13.734+0000] {subprocess.py:106} INFO - 25/12/07 20:03:13 INFO DAGScheduler: running: Set()
[2025-12-07T20:03:13.734+0000] {subprocess.py:106} INFO - 25/12/07 20:03:13 INFO DAGScheduler: waiting: Set()
[2025-12-07T20:03:13.735+0000] {subprocess.py:106} INFO - 25/12/07 20:03:13 INFO DAGScheduler: failed: Set()
[2025-12-07T20:03:13.769+0000] {subprocess.py:106} INFO - 25/12/07 20:03:13 INFO SparkContext: Starting job: $anonfun$recordDeltaOperationInternal$1 at DatabricksLogging.scala:128
[2025-12-07T20:03:13.771+0000] {subprocess.py:106} INFO - 25/12/07 20:03:13 INFO DAGScheduler: Got job 9 ($anonfun$recordDeltaOperationInternal$1 at DatabricksLogging.scala:128) with 1 output partitions
[2025-12-07T20:03:13.771+0000] {subprocess.py:106} INFO - 25/12/07 20:03:13 INFO DAGScheduler: Final stage: ResultStage 16 ($anonfun$recordDeltaOperationInternal$1 at DatabricksLogging.scala:128)
[2025-12-07T20:03:13.772+0000] {subprocess.py:106} INFO - 25/12/07 20:03:13 INFO DAGScheduler: Parents of final stage: List(ShuffleMapStage 15)
[2025-12-07T20:03:13.773+0000] {subprocess.py:106} INFO - 25/12/07 20:03:13 INFO DAGScheduler: Missing parents: List()
[2025-12-07T20:03:13.773+0000] {subprocess.py:106} INFO - 25/12/07 20:03:13 INFO DAGScheduler: Submitting ResultStage 16 (MapPartitionsRDD[46] at $anonfun$recordDeltaOperationInternal$1 at DatabricksLogging.scala:128), which has no missing parents
[2025-12-07T20:03:13.779+0000] {subprocess.py:106} INFO - 25/12/07 20:03:13 INFO MemoryStore: Block broadcast_16 stored as values in memory (estimated size 452.3 KiB, free 432.1 MiB)
[2025-12-07T20:03:13.784+0000] {subprocess.py:106} INFO - 25/12/07 20:03:13 INFO MemoryStore: Block broadcast_16_piece0 stored as bytes in memory (estimated size 108.0 KiB, free 432.0 MiB)
[2025-12-07T20:03:13.785+0000] {subprocess.py:106} INFO - 25/12/07 20:03:13 INFO BlockManagerInfo: Added broadcast_16_piece0 in memory on 13f196131dae:36513 (size: 108.0 KiB, free: 434.0 MiB)
[2025-12-07T20:03:13.786+0000] {subprocess.py:106} INFO - 25/12/07 20:03:13 INFO SparkContext: Created broadcast 16 from broadcast at DAGScheduler.scala:1535
[2025-12-07T20:03:13.786+0000] {subprocess.py:106} INFO - 25/12/07 20:03:13 INFO DAGScheduler: Submitting 1 missing tasks from ResultStage 16 (MapPartitionsRDD[46] at $anonfun$recordDeltaOperationInternal$1 at DatabricksLogging.scala:128) (first 15 tasks are for partitions Vector(0))
[2025-12-07T20:03:13.787+0000] {subprocess.py:106} INFO - 25/12/07 20:03:13 INFO TaskSchedulerImpl: Adding task set 16.0 with 1 tasks resource profile 0
[2025-12-07T20:03:13.788+0000] {subprocess.py:106} INFO - 25/12/07 20:03:13 INFO TaskSetManager: Starting task 0.0 in stage 16.0 (TID 156) (172.18.0.8, executor 0, partition 0, NODE_LOCAL, 7367 bytes)
[2025-12-07T20:03:13.801+0000] {subprocess.py:106} INFO - 25/12/07 20:03:13 INFO BlockManagerInfo: Added broadcast_16_piece0 in memory on 172.18.0.8:41783 (size: 108.0 KiB, free: 434.1 MiB)
[2025-12-07T20:03:13.811+0000] {subprocess.py:106} INFO - 25/12/07 20:03:13 INFO MapOutputTrackerMasterEndpoint: Asked to send map output locations for shuffle 3 to 172.18.0.8:33606
[2025-12-07T20:03:13.847+0000] {subprocess.py:106} INFO - 25/12/07 20:03:13 INFO TaskSetManager: Finished task 0.0 in stage 16.0 (TID 156) in 58 ms on 172.18.0.8 (executor 0) (1/1)
[2025-12-07T20:03:13.848+0000] {subprocess.py:106} INFO - 25/12/07 20:03:13 INFO TaskSchedulerImpl: Removed TaskSet 16.0, whose tasks have all completed, from pool
[2025-12-07T20:03:13.848+0000] {subprocess.py:106} INFO - 25/12/07 20:03:13 INFO DAGScheduler: ResultStage 16 ($anonfun$recordDeltaOperationInternal$1 at DatabricksLogging.scala:128) finished in 0.074 s
[2025-12-07T20:03:13.849+0000] {subprocess.py:106} INFO - 25/12/07 20:03:13 INFO DAGScheduler: Job 9 is finished. Cancelling potential speculative or zombie tasks for this job
[2025-12-07T20:03:13.849+0000] {subprocess.py:106} INFO - 25/12/07 20:03:13 INFO TaskSchedulerImpl: Killing all running tasks in stage 16: Stage finished
[2025-12-07T20:03:13.850+0000] {subprocess.py:106} INFO - 25/12/07 20:03:13 INFO DAGScheduler: Job 9 finished: $anonfun$recordDeltaOperationInternal$1 at DatabricksLogging.scala:128, took 0.078875 s
[2025-12-07T20:03:13.869+0000] {subprocess.py:106} INFO - 25/12/07 20:03:13 INFO Snapshot: [tableId=42b664c4-f9a5-4564-9437-ce4d3bc75df2] DELTA: Done
[2025-12-07T20:03:13.874+0000] {subprocess.py:106} INFO - 25/12/07 20:03:13 INFO BlockManagerInfo: Removed broadcast_15_piece0 on 13f196131dae:36513 in memory (size: 123.3 KiB, free: 434.1 MiB)
[2025-12-07T20:03:13.877+0000] {subprocess.py:106} INFO - 25/12/07 20:03:13 INFO BlockManagerInfo: Removed broadcast_15_piece0 on 172.18.0.8:41783 in memory (size: 123.3 KiB, free: 434.2 MiB)
[2025-12-07T20:03:13.885+0000] {subprocess.py:106} INFO - 25/12/07 20:03:13 INFO BlockManagerInfo: Removed broadcast_16_piece0 on 13f196131dae:36513 in memory (size: 108.0 KiB, free: 434.2 MiB)
[2025-12-07T20:03:13.887+0000] {subprocess.py:106} INFO - 25/12/07 20:03:13 INFO BlockManagerInfo: Removed broadcast_16_piece0 on 172.18.0.8:41783 in memory (size: 108.0 KiB, free: 434.3 MiB)
[2025-12-07T20:03:14.021+0000] {subprocess.py:106} INFO - 25/12/07 20:03:14 INFO SparkContext: Starting job: $anonfun$recordDeltaOperationInternal$1 at DatabricksLogging.scala:128
[2025-12-07T20:03:14.023+0000] {subprocess.py:106} INFO - 25/12/07 20:03:14 INFO DAGScheduler: Got job 10 ($anonfun$recordDeltaOperationInternal$1 at DatabricksLogging.scala:128) with 50 output partitions
[2025-12-07T20:03:14.024+0000] {subprocess.py:106} INFO - 25/12/07 20:03:14 INFO DAGScheduler: Final stage: ResultStage 18 ($anonfun$recordDeltaOperationInternal$1 at DatabricksLogging.scala:128)
[2025-12-07T20:03:14.024+0000] {subprocess.py:106} INFO - 25/12/07 20:03:14 INFO DAGScheduler: Parents of final stage: List(ShuffleMapStage 17)
[2025-12-07T20:03:14.025+0000] {subprocess.py:106} INFO - 25/12/07 20:03:14 INFO DAGScheduler: Missing parents: List()
[2025-12-07T20:03:14.026+0000] {subprocess.py:106} INFO - 25/12/07 20:03:14 INFO DAGScheduler: Submitting ResultStage 18 (MapPartitionsRDD[48] at $anonfun$recordDeltaOperationInternal$1 at DatabricksLogging.scala:128), which has no missing parents
[2025-12-07T20:03:14.031+0000] {subprocess.py:106} INFO - 25/12/07 20:03:14 INFO MemoryStore: Block broadcast_17 stored as values in memory (estimated size 592.2 KiB, free 432.6 MiB)
[2025-12-07T20:03:14.034+0000] {subprocess.py:106} INFO - 25/12/07 20:03:14 INFO MemoryStore: Block broadcast_17_piece0 stored as bytes in memory (estimated size 138.5 KiB, free 432.5 MiB)
[2025-12-07T20:03:14.035+0000] {subprocess.py:106} INFO - 25/12/07 20:03:14 INFO BlockManagerInfo: Added broadcast_17_piece0 in memory on 13f196131dae:36513 (size: 138.5 KiB, free: 434.1 MiB)
[2025-12-07T20:03:14.035+0000] {subprocess.py:106} INFO - 25/12/07 20:03:14 INFO SparkContext: Created broadcast 17 from broadcast at DAGScheduler.scala:1535
[2025-12-07T20:03:14.036+0000] {subprocess.py:106} INFO - 25/12/07 20:03:14 INFO DAGScheduler: Submitting 50 missing tasks from ResultStage 18 (MapPartitionsRDD[48] at $anonfun$recordDeltaOperationInternal$1 at DatabricksLogging.scala:128) (first 15 tasks are for partitions Vector(0, 1, 2, 3, 4, 5, 6, 7, 8, 9, 10, 11, 12, 13, 14))
[2025-12-07T20:03:14.036+0000] {subprocess.py:106} INFO - 25/12/07 20:03:14 INFO TaskSchedulerImpl: Adding task set 18.0 with 50 tasks resource profile 0
[2025-12-07T20:03:14.038+0000] {subprocess.py:106} INFO - 25/12/07 20:03:14 INFO TaskSetManager: Starting task 0.0 in stage 18.0 (TID 157) (172.18.0.8, executor 0, partition 0, PROCESS_LOCAL, 7367 bytes)
[2025-12-07T20:03:14.039+0000] {subprocess.py:106} INFO - 25/12/07 20:03:14 INFO TaskSetManager: Starting task 1.0 in stage 18.0 (TID 158) (172.18.0.8, executor 0, partition 1, PROCESS_LOCAL, 7367 bytes)
[2025-12-07T20:03:14.040+0000] {subprocess.py:106} INFO - 25/12/07 20:03:14 INFO TaskSetManager: Starting task 2.0 in stage 18.0 (TID 159) (172.18.0.8, executor 0, partition 2, PROCESS_LOCAL, 7367 bytes)
[2025-12-07T20:03:14.041+0000] {subprocess.py:106} INFO - 25/12/07 20:03:14 INFO TaskSetManager: Starting task 3.0 in stage 18.0 (TID 160) (172.18.0.8, executor 0, partition 3, PROCESS_LOCAL, 7367 bytes)
[2025-12-07T20:03:14.042+0000] {subprocess.py:106} INFO - 25/12/07 20:03:14 INFO TaskSetManager: Starting task 4.0 in stage 18.0 (TID 161) (172.18.0.8, executor 0, partition 4, PROCESS_LOCAL, 7367 bytes)
[2025-12-07T20:03:14.043+0000] {subprocess.py:106} INFO - 25/12/07 20:03:14 INFO TaskSetManager: Starting task 5.0 in stage 18.0 (TID 162) (172.18.0.8, executor 0, partition 5, PROCESS_LOCAL, 7367 bytes)
[2025-12-07T20:03:14.043+0000] {subprocess.py:106} INFO - 25/12/07 20:03:14 INFO TaskSetManager: Starting task 6.0 in stage 18.0 (TID 163) (172.18.0.8, executor 0, partition 6, PROCESS_LOCAL, 7367 bytes)
[2025-12-07T20:03:14.045+0000] {subprocess.py:106} INFO - 25/12/07 20:03:14 INFO TaskSetManager: Starting task 7.0 in stage 18.0 (TID 164) (172.18.0.8, executor 0, partition 7, PROCESS_LOCAL, 7367 bytes)
[2025-12-07T20:03:14.046+0000] {subprocess.py:106} INFO - 25/12/07 20:03:14 INFO TaskSetManager: Starting task 8.0 in stage 18.0 (TID 165) (172.18.0.8, executor 0, partition 8, PROCESS_LOCAL, 7367 bytes)
[2025-12-07T20:03:14.048+0000] {subprocess.py:106} INFO - 25/12/07 20:03:14 INFO TaskSetManager: Starting task 9.0 in stage 18.0 (TID 166) (172.18.0.8, executor 0, partition 9, PROCESS_LOCAL, 7367 bytes)
[2025-12-07T20:03:14.049+0000] {subprocess.py:106} INFO - 25/12/07 20:03:14 INFO TaskSetManager: Starting task 10.0 in stage 18.0 (TID 167) (172.18.0.8, executor 0, partition 10, PROCESS_LOCAL, 7367 bytes)
[2025-12-07T20:03:14.050+0000] {subprocess.py:106} INFO - 25/12/07 20:03:14 INFO TaskSetManager: Starting task 11.0 in stage 18.0 (TID 168) (172.18.0.8, executor 0, partition 11, PROCESS_LOCAL, 7367 bytes)
[2025-12-07T20:03:14.051+0000] {subprocess.py:106} INFO - 25/12/07 20:03:14 INFO TaskSetManager: Starting task 12.0 in stage 18.0 (TID 169) (172.18.0.8, executor 0, partition 12, PROCESS_LOCAL, 7367 bytes)
[2025-12-07T20:03:14.051+0000] {subprocess.py:106} INFO - 25/12/07 20:03:14 INFO TaskSetManager: Starting task 13.0 in stage 18.0 (TID 170) (172.18.0.8, executor 0, partition 13, PROCESS_LOCAL, 7367 bytes)
[2025-12-07T20:03:14.052+0000] {subprocess.py:106} INFO - 25/12/07 20:03:14 INFO TaskSetManager: Starting task 14.0 in stage 18.0 (TID 171) (172.18.0.8, executor 0, partition 14, PROCESS_LOCAL, 7367 bytes)
[2025-12-07T20:03:14.052+0000] {subprocess.py:106} INFO - 25/12/07 20:03:14 INFO TaskSetManager: Starting task 15.0 in stage 18.0 (TID 172) (172.18.0.8, executor 0, partition 15, PROCESS_LOCAL, 7367 bytes)
[2025-12-07T20:03:14.060+0000] {subprocess.py:106} INFO - 25/12/07 20:03:14 INFO BlockManagerInfo: Added broadcast_17_piece0 in memory on 172.18.0.8:41783 (size: 138.5 KiB, free: 434.2 MiB)
[2025-12-07T20:03:14.080+0000] {subprocess.py:106} INFO - 25/12/07 20:03:14 INFO TaskSetManager: Starting task 16.0 in stage 18.0 (TID 173) (172.18.0.8, executor 0, partition 16, PROCESS_LOCAL, 7367 bytes)
[2025-12-07T20:03:14.081+0000] {subprocess.py:106} INFO - 25/12/07 20:03:14 INFO TaskSetManager: Starting task 17.0 in stage 18.0 (TID 174) (172.18.0.8, executor 0, partition 17, PROCESS_LOCAL, 7367 bytes)
[2025-12-07T20:03:14.083+0000] {subprocess.py:106} INFO - 25/12/07 20:03:14 INFO TaskSetManager: Finished task 6.0 in stage 18.0 (TID 163) in 40 ms on 172.18.0.8 (executor 0) (1/50)
[2025-12-07T20:03:14.084+0000] {subprocess.py:106} INFO - 25/12/07 20:03:14 INFO TaskSetManager: Starting task 18.0 in stage 18.0 (TID 175) (172.18.0.8, executor 0, partition 18, PROCESS_LOCAL, 7367 bytes)
[2025-12-07T20:03:14.085+0000] {subprocess.py:106} INFO - 25/12/07 20:03:14 INFO TaskSetManager: Finished task 1.0 in stage 18.0 (TID 158) in 43 ms on 172.18.0.8 (executor 0) (2/50)
[2025-12-07T20:03:14.086+0000] {subprocess.py:106} INFO - 25/12/07 20:03:14 INFO TaskSetManager: Finished task 8.0 in stage 18.0 (TID 165) in 41 ms on 172.18.0.8 (executor 0) (3/50)
[2025-12-07T20:03:14.086+0000] {subprocess.py:106} INFO - 25/12/07 20:03:14 INFO TaskSetManager: Starting task 19.0 in stage 18.0 (TID 176) (172.18.0.8, executor 0, partition 19, PROCESS_LOCAL, 7367 bytes)
[2025-12-07T20:03:14.087+0000] {subprocess.py:106} INFO - 25/12/07 20:03:14 INFO TaskSetManager: Starting task 20.0 in stage 18.0 (TID 177) (172.18.0.8, executor 0, partition 20, PROCESS_LOCAL, 7367 bytes)
[2025-12-07T20:03:14.088+0000] {subprocess.py:106} INFO - 25/12/07 20:03:14 INFO TaskSetManager: Finished task 14.0 in stage 18.0 (TID 171) in 42 ms on 172.18.0.8 (executor 0) (4/50)
[2025-12-07T20:03:14.088+0000] {subprocess.py:106} INFO - 25/12/07 20:03:14 INFO TaskSetManager: Finished task 11.0 in stage 18.0 (TID 168) in 43 ms on 172.18.0.8 (executor 0) (5/50)
[2025-12-07T20:03:14.089+0000] {subprocess.py:106} INFO - 25/12/07 20:03:14 INFO TaskSetManager: Starting task 21.0 in stage 18.0 (TID 178) (172.18.0.8, executor 0, partition 21, PROCESS_LOCAL, 7367 bytes)
[2025-12-07T20:03:14.090+0000] {subprocess.py:106} INFO - 25/12/07 20:03:14 INFO TaskSetManager: Finished task 5.0 in stage 18.0 (TID 162) in 47 ms on 172.18.0.8 (executor 0) (6/50)
[2025-12-07T20:03:14.103+0000] {subprocess.py:106} INFO - 25/12/07 20:03:14 INFO TaskSetManager: Starting task 22.0 in stage 18.0 (TID 179) (172.18.0.8, executor 0, partition 22, PROCESS_LOCAL, 7367 bytes)
[2025-12-07T20:03:14.106+0000] {subprocess.py:106} INFO - 25/12/07 20:03:14 INFO TaskSetManager: Finished task 3.0 in stage 18.0 (TID 160) in 63 ms on 172.18.0.8 (executor 0) (7/50)
[2025-12-07T20:03:14.113+0000] {subprocess.py:106} INFO - 25/12/07 20:03:14 INFO TaskSetManager: Starting task 23.0 in stage 18.0 (TID 180) (172.18.0.8, executor 0, partition 23, PROCESS_LOCAL, 7367 bytes)
[2025-12-07T20:03:14.115+0000] {subprocess.py:106} INFO - 25/12/07 20:03:14 INFO TaskSetManager: Finished task 2.0 in stage 18.0 (TID 159) in 65 ms on 172.18.0.8 (executor 0) (8/50)
[2025-12-07T20:03:14.116+0000] {subprocess.py:106} INFO - 25/12/07 20:03:14 INFO TaskSetManager: Starting task 24.0 in stage 18.0 (TID 181) (172.18.0.8, executor 0, partition 24, PROCESS_LOCAL, 7367 bytes)
[2025-12-07T20:03:14.117+0000] {subprocess.py:106} INFO - 25/12/07 20:03:14 INFO TaskSetManager: Starting task 25.0 in stage 18.0 (TID 182) (172.18.0.8, executor 0, partition 25, PROCESS_LOCAL, 7367 bytes)
[2025-12-07T20:03:14.118+0000] {subprocess.py:106} INFO - 25/12/07 20:03:14 INFO TaskSetManager: Finished task 12.0 in stage 18.0 (TID 169) in 66 ms on 172.18.0.8 (executor 0) (9/50)
[2025-12-07T20:03:14.119+0000] {subprocess.py:106} INFO - 25/12/07 20:03:14 INFO TaskSetManager: Starting task 26.0 in stage 18.0 (TID 183) (172.18.0.8, executor 0, partition 26, PROCESS_LOCAL, 7367 bytes)
[2025-12-07T20:03:14.121+0000] {subprocess.py:106} INFO - 25/12/07 20:03:14 INFO TaskSetManager: Finished task 0.0 in stage 18.0 (TID 157) in 73 ms on 172.18.0.8 (executor 0) (10/50)
[2025-12-07T20:03:14.122+0000] {subprocess.py:106} INFO - 25/12/07 20:03:14 INFO TaskSetManager: Finished task 10.0 in stage 18.0 (TID 167) in 70 ms on 172.18.0.8 (executor 0) (11/50)
[2025-12-07T20:03:14.124+0000] {subprocess.py:106} INFO - 25/12/07 20:03:14 INFO TaskSetManager: Starting task 27.0 in stage 18.0 (TID 184) (172.18.0.8, executor 0, partition 27, PROCESS_LOCAL, 7367 bytes)
[2025-12-07T20:03:14.126+0000] {subprocess.py:106} INFO - 25/12/07 20:03:14 INFO TaskSetManager: Starting task 28.0 in stage 18.0 (TID 185) (172.18.0.8, executor 0, partition 28, PROCESS_LOCAL, 7367 bytes)
[2025-12-07T20:03:14.132+0000] {subprocess.py:106} INFO - 25/12/07 20:03:14 INFO TaskSetManager: Finished task 7.0 in stage 18.0 (TID 164) in 74 ms on 172.18.0.8 (executor 0) (12/50)
[2025-12-07T20:03:14.133+0000] {subprocess.py:106} INFO - 25/12/07 20:03:14 INFO TaskSetManager: Starting task 29.0 in stage 18.0 (TID 186) (172.18.0.8, executor 0, partition 29, PROCESS_LOCAL, 7367 bytes)
[2025-12-07T20:03:14.134+0000] {subprocess.py:106} INFO - 25/12/07 20:03:14 INFO TaskSetManager: Starting task 30.0 in stage 18.0 (TID 187) (172.18.0.8, executor 0, partition 30, PROCESS_LOCAL, 7367 bytes)
[2025-12-07T20:03:14.135+0000] {subprocess.py:106} INFO - 25/12/07 20:03:14 INFO TaskSetManager: Finished task 15.0 in stage 18.0 (TID 172) in 75 ms on 172.18.0.8 (executor 0) (13/50)
[2025-12-07T20:03:14.136+0000] {subprocess.py:106} INFO - 25/12/07 20:03:14 INFO TaskSetManager: Starting task 31.0 in stage 18.0 (TID 188) (172.18.0.8, executor 0, partition 31, PROCESS_LOCAL, 7367 bytes)
[2025-12-07T20:03:14.136+0000] {subprocess.py:106} INFO - 25/12/07 20:03:14 INFO TaskSetManager: Finished task 9.0 in stage 18.0 (TID 166) in 78 ms on 172.18.0.8 (executor 0) (14/50)
[2025-12-07T20:03:14.137+0000] {subprocess.py:106} INFO - 25/12/07 20:03:14 INFO TaskSetManager: Finished task 13.0 in stage 18.0 (TID 170) in 77 ms on 172.18.0.8 (executor 0) (15/50)
[2025-12-07T20:03:14.138+0000] {subprocess.py:106} INFO - 25/12/07 20:03:14 INFO TaskSetManager: Finished task 4.0 in stage 18.0 (TID 161) in 81 ms on 172.18.0.8 (executor 0) (16/50)
[2025-12-07T20:03:14.139+0000] {subprocess.py:106} INFO - 25/12/07 20:03:14 INFO TaskSetManager: Starting task 32.0 in stage 18.0 (TID 189) (172.18.0.8, executor 0, partition 32, PROCESS_LOCAL, 7367 bytes)
[2025-12-07T20:03:14.141+0000] {subprocess.py:106} INFO - 25/12/07 20:03:14 INFO TaskSetManager: Finished task 17.0 in stage 18.0 (TID 174) in 48 ms on 172.18.0.8 (executor 0) (17/50)
[2025-12-07T20:03:14.145+0000] {subprocess.py:106} INFO - 25/12/07 20:03:14 INFO TaskSetManager: Starting task 33.0 in stage 18.0 (TID 190) (172.18.0.8, executor 0, partition 33, PROCESS_LOCAL, 7367 bytes)
[2025-12-07T20:03:14.146+0000] {subprocess.py:106} INFO - 25/12/07 20:03:14 INFO TaskSetManager: Starting task 34.0 in stage 18.0 (TID 191) (172.18.0.8, executor 0, partition 34, PROCESS_LOCAL, 7367 bytes)
[2025-12-07T20:03:14.148+0000] {subprocess.py:106} INFO - 25/12/07 20:03:14 INFO TaskSetManager: Starting task 35.0 in stage 18.0 (TID 192) (172.18.0.8, executor 0, partition 35, PROCESS_LOCAL, 7367 bytes)
[2025-12-07T20:03:14.149+0000] {subprocess.py:106} INFO - 25/12/07 20:03:14 INFO TaskSetManager: Starting task 36.0 in stage 18.0 (TID 193) (172.18.0.8, executor 0, partition 36, PROCESS_LOCAL, 7367 bytes)
[2025-12-07T20:03:14.151+0000] {subprocess.py:106} INFO - 25/12/07 20:03:14 INFO TaskSetManager: Starting task 37.0 in stage 18.0 (TID 194) (172.18.0.8, executor 0, partition 37, PROCESS_LOCAL, 7367 bytes)
[2025-12-07T20:03:14.153+0000] {subprocess.py:106} INFO - 25/12/07 20:03:14 INFO TaskSetManager: Finished task 20.0 in stage 18.0 (TID 177) in 61 ms on 172.18.0.8 (executor 0) (18/50)
[2025-12-07T20:03:14.154+0000] {subprocess.py:106} INFO - 25/12/07 20:03:14 INFO TaskSetManager: Finished task 16.0 in stage 18.0 (TID 173) in 66 ms on 172.18.0.8 (executor 0) (19/50)
[2025-12-07T20:03:14.155+0000] {subprocess.py:106} INFO - 25/12/07 20:03:14 INFO TaskSetManager: Finished task 21.0 in stage 18.0 (TID 178) in 60 ms on 172.18.0.8 (executor 0) (20/50)
[2025-12-07T20:03:14.159+0000] {subprocess.py:106} INFO - 25/12/07 20:03:14 INFO TaskSetManager: Finished task 19.0 in stage 18.0 (TID 176) in 63 ms on 172.18.0.8 (executor 0) (21/50)
[2025-12-07T20:03:14.160+0000] {subprocess.py:106} INFO - 25/12/07 20:03:14 INFO TaskSetManager: Starting task 38.0 in stage 18.0 (TID 195) (172.18.0.8, executor 0, partition 38, PROCESS_LOCAL, 7367 bytes)
[2025-12-07T20:03:14.161+0000] {subprocess.py:106} INFO - 25/12/07 20:03:14 INFO TaskSetManager: Finished task 18.0 in stage 18.0 (TID 175) in 68 ms on 172.18.0.8 (executor 0) (22/50)
[2025-12-07T20:03:14.162+0000] {subprocess.py:106} INFO - 25/12/07 20:03:14 INFO TaskSetManager: Starting task 39.0 in stage 18.0 (TID 196) (172.18.0.8, executor 0, partition 39, PROCESS_LOCAL, 7367 bytes)
[2025-12-07T20:03:14.173+0000] {subprocess.py:106} INFO - 25/12/07 20:03:14 INFO TaskSetManager: Finished task 22.0 in stage 18.0 (TID 179) in 50 ms on 172.18.0.8 (executor 0) (23/50)
[2025-12-07T20:03:14.175+0000] {subprocess.py:106} INFO - 25/12/07 20:03:14 INFO TaskSetManager: Finished task 25.0 in stage 18.0 (TID 182) in 44 ms on 172.18.0.8 (executor 0) (24/50)
[2025-12-07T20:03:14.177+0000] {subprocess.py:106} INFO - 25/12/07 20:03:14 INFO TaskSetManager: Starting task 40.0 in stage 18.0 (TID 197) (172.18.0.8, executor 0, partition 40, PROCESS_LOCAL, 7367 bytes)
[2025-12-07T20:03:14.178+0000] {subprocess.py:106} INFO - 25/12/07 20:03:14 INFO TaskSetManager: Finished task 30.0 in stage 18.0 (TID 187) in 46 ms on 172.18.0.8 (executor 0) (25/50)
[2025-12-07T20:03:14.180+0000] {subprocess.py:106} INFO - 25/12/07 20:03:14 INFO TaskSetManager: Starting task 41.0 in stage 18.0 (TID 198) (172.18.0.8, executor 0, partition 41, PROCESS_LOCAL, 7367 bytes)
[2025-12-07T20:03:14.181+0000] {subprocess.py:106} INFO - 25/12/07 20:03:14 INFO TaskSetManager: Finished task 32.0 in stage 18.0 (TID 189) in 40 ms on 172.18.0.8 (executor 0) (26/50)
[2025-12-07T20:03:14.183+0000] {subprocess.py:106} INFO - 25/12/07 20:03:14 INFO TaskSetManager: Starting task 42.0 in stage 18.0 (TID 199) (172.18.0.8, executor 0, partition 42, PROCESS_LOCAL, 7367 bytes)
[2025-12-07T20:03:14.184+0000] {subprocess.py:106} INFO - 25/12/07 20:03:14 INFO TaskSetManager: Finished task 23.0 in stage 18.0 (TID 180) in 66 ms on 172.18.0.8 (executor 0) (27/50)
[2025-12-07T20:03:14.185+0000] {subprocess.py:106} INFO - 25/12/07 20:03:14 INFO TaskSetManager: Starting task 43.0 in stage 18.0 (TID 200) (172.18.0.8, executor 0, partition 43, PROCESS_LOCAL, 7367 bytes)
[2025-12-07T20:03:14.185+0000] {subprocess.py:106} INFO - 25/12/07 20:03:14 INFO TaskSetManager: Finished task 31.0 in stage 18.0 (TID 188) in 52 ms on 172.18.0.8 (executor 0) (28/50)
[2025-12-07T20:03:14.186+0000] {subprocess.py:106} INFO - 25/12/07 20:03:14 INFO TaskSetManager: Starting task 44.0 in stage 18.0 (TID 201) (172.18.0.8, executor 0, partition 44, PROCESS_LOCAL, 7367 bytes)
[2025-12-07T20:03:14.187+0000] {subprocess.py:106} INFO - 25/12/07 20:03:14 INFO TaskSetManager: Starting task 45.0 in stage 18.0 (TID 202) (172.18.0.8, executor 0, partition 45, PROCESS_LOCAL, 7367 bytes)
[2025-12-07T20:03:14.188+0000] {subprocess.py:106} INFO - 25/12/07 20:03:14 INFO TaskSetManager: Starting task 46.0 in stage 18.0 (TID 203) (172.18.0.8, executor 0, partition 46, PROCESS_LOCAL, 7367 bytes)
[2025-12-07T20:03:14.189+0000] {subprocess.py:106} INFO - 25/12/07 20:03:14 INFO TaskSetManager: Finished task 28.0 in stage 18.0 (TID 185) in 65 ms on 172.18.0.8 (executor 0) (29/50)
[2025-12-07T20:03:14.190+0000] {subprocess.py:106} INFO - 25/12/07 20:03:14 INFO TaskSetManager: Starting task 47.0 in stage 18.0 (TID 204) (172.18.0.8, executor 0, partition 47, PROCESS_LOCAL, 7367 bytes)
[2025-12-07T20:03:14.191+0000] {subprocess.py:106} INFO - 25/12/07 20:03:14 INFO TaskSetManager: Finished task 24.0 in stage 18.0 (TID 181) in 75 ms on 172.18.0.8 (executor 0) (30/50)
[2025-12-07T20:03:14.192+0000] {subprocess.py:106} INFO - 25/12/07 20:03:14 INFO TaskSetManager: Finished task 29.0 in stage 18.0 (TID 186) in 66 ms on 172.18.0.8 (executor 0) (31/50)
[2025-12-07T20:03:14.193+0000] {subprocess.py:106} INFO - 25/12/07 20:03:14 INFO TaskSetManager: Starting task 48.0 in stage 18.0 (TID 205) (172.18.0.8, executor 0, partition 48, PROCESS_LOCAL, 7367 bytes)
[2025-12-07T20:03:14.194+0000] {subprocess.py:106} INFO - 25/12/07 20:03:14 INFO TaskSetManager: Starting task 49.0 in stage 18.0 (TID 206) (172.18.0.8, executor 0, partition 49, PROCESS_LOCAL, 7367 bytes)
[2025-12-07T20:03:14.194+0000] {subprocess.py:106} INFO - 25/12/07 20:03:14 INFO TaskSetManager: Finished task 26.0 in stage 18.0 (TID 183) in 74 ms on 172.18.0.8 (executor 0) (32/50)
[2025-12-07T20:03:14.195+0000] {subprocess.py:106} INFO - 25/12/07 20:03:14 INFO TaskSetManager: Finished task 34.0 in stage 18.0 (TID 191) in 53 ms on 172.18.0.8 (executor 0) (33/50)
[2025-12-07T20:03:14.196+0000] {subprocess.py:106} INFO - 25/12/07 20:03:14 INFO TaskSetManager: Finished task 36.0 in stage 18.0 (TID 193) in 48 ms on 172.18.0.8 (executor 0) (34/50)
[2025-12-07T20:03:14.196+0000] {subprocess.py:106} INFO - 25/12/07 20:03:14 INFO TaskSetManager: Finished task 37.0 in stage 18.0 (TID 194) in 46 ms on 172.18.0.8 (executor 0) (35/50)
[2025-12-07T20:03:14.197+0000] {subprocess.py:106} INFO - 25/12/07 20:03:14 INFO TaskSetManager: Finished task 35.0 in stage 18.0 (TID 192) in 54 ms on 172.18.0.8 (executor 0) (36/50)
[2025-12-07T20:03:14.198+0000] {subprocess.py:106} INFO - 25/12/07 20:03:14 INFO TaskSetManager: Finished task 33.0 in stage 18.0 (TID 190) in 57 ms on 172.18.0.8 (executor 0) (37/50)
[2025-12-07T20:03:14.199+0000] {subprocess.py:106} INFO - 25/12/07 20:03:14 INFO TaskSetManager: Finished task 27.0 in stage 18.0 (TID 184) in 79 ms on 172.18.0.8 (executor 0) (38/50)
[2025-12-07T20:03:14.208+0000] {subprocess.py:106} INFO - 25/12/07 20:03:14 INFO TaskSetManager: Finished task 39.0 in stage 18.0 (TID 196) in 58 ms on 172.18.0.8 (executor 0) (39/50)
[2025-12-07T20:03:14.220+0000] {subprocess.py:106} INFO - 25/12/07 20:03:14 INFO TaskSetManager: Finished task 38.0 in stage 18.0 (TID 195) in 71 ms on 172.18.0.8 (executor 0) (40/50)
[2025-12-07T20:03:14.222+0000] {subprocess.py:106} INFO - 25/12/07 20:03:14 INFO TaskSetManager: Finished task 40.0 in stage 18.0 (TID 197) in 61 ms on 172.18.0.8 (executor 0) (41/50)
[2025-12-07T20:03:14.223+0000] {subprocess.py:106} INFO - 25/12/07 20:03:14 INFO TaskSetManager: Finished task 43.0 in stage 18.0 (TID 200) in 51 ms on 172.18.0.8 (executor 0) (42/50)
[2025-12-07T20:03:14.241+0000] {subprocess.py:106} INFO - 25/12/07 20:03:14 INFO TaskSetManager: Finished task 45.0 in stage 18.0 (TID 202) in 64 ms on 172.18.0.8 (executor 0) (43/50)
[2025-12-07T20:03:14.242+0000] {subprocess.py:106} INFO - 25/12/07 20:03:14 INFO TaskSetManager: Finished task 49.0 in stage 18.0 (TID 206) in 56 ms on 172.18.0.8 (executor 0) (44/50)
[2025-12-07T20:03:14.243+0000] {subprocess.py:106} INFO - 25/12/07 20:03:14 INFO TaskSetManager: Finished task 44.0 in stage 18.0 (TID 201) in 69 ms on 172.18.0.8 (executor 0) (45/50)
[2025-12-07T20:03:14.244+0000] {subprocess.py:106} INFO - 25/12/07 20:03:14 INFO TaskSetManager: Finished task 48.0 in stage 18.0 (TID 205) in 61 ms on 172.18.0.8 (executor 0) (46/50)
[2025-12-07T20:03:14.244+0000] {subprocess.py:106} INFO - 25/12/07 20:03:14 INFO TaskSetManager: Finished task 46.0 in stage 18.0 (TID 203) in 65 ms on 172.18.0.8 (executor 0) (47/50)
[2025-12-07T20:03:14.245+0000] {subprocess.py:106} INFO - 25/12/07 20:03:14 INFO TaskSetManager: Finished task 47.0 in stage 18.0 (TID 204) in 63 ms on 172.18.0.8 (executor 0) (48/50)
[2025-12-07T20:03:14.246+0000] {subprocess.py:106} INFO - 25/12/07 20:03:14 INFO TaskSetManager: Finished task 42.0 in stage 18.0 (TID 199) in 76 ms on 172.18.0.8 (executor 0) (49/50)
[2025-12-07T20:03:14.247+0000] {subprocess.py:106} INFO - 25/12/07 20:03:14 INFO TaskSetManager: Finished task 41.0 in stage 18.0 (TID 198) in 79 ms on 172.18.0.8 (executor 0) (50/50)
[2025-12-07T20:03:14.247+0000] {subprocess.py:106} INFO - 25/12/07 20:03:14 INFO TaskSchedulerImpl: Removed TaskSet 18.0, whose tasks have all completed, from pool
[2025-12-07T20:03:14.249+0000] {subprocess.py:106} INFO - 25/12/07 20:03:14 INFO DAGScheduler: ResultStage 18 ($anonfun$recordDeltaOperationInternal$1 at DatabricksLogging.scala:128) finished in 0.218 s
[2025-12-07T20:03:14.250+0000] {subprocess.py:106} INFO - 25/12/07 20:03:14 INFO DAGScheduler: Job 10 is finished. Cancelling potential speculative or zombie tasks for this job
[2025-12-07T20:03:14.251+0000] {subprocess.py:106} INFO - 25/12/07 20:03:14 INFO TaskSchedulerImpl: Killing all running tasks in stage 18: Stage finished
[2025-12-07T20:03:14.251+0000] {subprocess.py:106} INFO - 25/12/07 20:03:14 INFO DAGScheduler: Job 10 finished: $anonfun$recordDeltaOperationInternal$1 at DatabricksLogging.scala:128, took 0.224601 s
[2025-12-07T20:03:14.304+0000] {subprocess.py:106} INFO - 25/12/07 20:03:14 INFO OptimisticTransaction: [tableId=42b664c4,txnId=9b11b95c] Attempting to commit version 1 with 3 actions with Serializable isolation level
[2025-12-07T20:03:14.390+0000] {subprocess.py:106} INFO - 25/12/07 20:03:14 INFO BlockManagerInfo: Removed broadcast_17_piece0 on 13f196131dae:36513 in memory (size: 138.5 KiB, free: 434.2 MiB)
[2025-12-07T20:03:14.393+0000] {subprocess.py:106} INFO - 25/12/07 20:03:14 INFO BlockManagerInfo: Removed broadcast_17_piece0 on 172.18.0.8:41783 in memory (size: 138.5 KiB, free: 434.3 MiB)
[2025-12-07T20:03:14.686+0000] {subprocess.py:106} INFO - 25/12/07 20:03:14 INFO DeltaLog: Creating a new snapshot v1 for commit version 1
[2025-12-07T20:03:14.687+0000] {subprocess.py:106} INFO - 25/12/07 20:03:14 INFO DeltaLog: Loading version 1.
[2025-12-07T20:03:14.691+0000] {subprocess.py:106} INFO - 25/12/07 20:03:14 INFO DeltaLogFileIndex: Created DeltaLogFileIndex(JSON, numFilesInSegment: 2, totalFileSize: 3804)
[2025-12-07T20:03:14.724+0000] {subprocess.py:106} INFO - 25/12/07 20:03:14 INFO FileSourceStrategy: Pushed Filters:
[2025-12-07T20:03:14.725+0000] {subprocess.py:106} INFO - 25/12/07 20:03:14 INFO FileSourceStrategy: Post-Scan Filters:
[2025-12-07T20:03:14.741+0000] {subprocess.py:106} INFO - 25/12/07 20:03:14 INFO MemoryStore: Block broadcast_18 stored as values in memory (estimated size 212.9 KiB, free 433.0 MiB)
[2025-12-07T20:03:14.749+0000] {subprocess.py:106} INFO - 25/12/07 20:03:14 INFO MemoryStore: Block broadcast_18_piece0 stored as bytes in memory (estimated size 36.4 KiB, free 432.9 MiB)
[2025-12-07T20:03:14.750+0000] {subprocess.py:106} INFO - 25/12/07 20:03:14 INFO BlockManagerInfo: Added broadcast_18_piece0 in memory on 13f196131dae:36513 (size: 36.4 KiB, free: 434.2 MiB)
[2025-12-07T20:03:14.751+0000] {subprocess.py:106} INFO - 25/12/07 20:03:14 INFO SparkContext: Created broadcast 18 from toString at <unknown>:0
[2025-12-07T20:03:14.752+0000] {subprocess.py:106} INFO - 25/12/07 20:03:14 INFO FileSourceScanExec: Planning scan with bin packing, max size: 4194304 bytes, open cost is considered as scanning 4194304 bytes.
[2025-12-07T20:03:14.769+0000] {subprocess.py:106} INFO - 25/12/07 20:03:14 INFO SparkContext: Starting job: toString at <unknown>:0
[2025-12-07T20:03:14.770+0000] {subprocess.py:106} INFO - 25/12/07 20:03:14 INFO DAGScheduler: Got job 11 (toString at <unknown>:0) with 2 output partitions
[2025-12-07T20:03:14.770+0000] {subprocess.py:106} INFO - 25/12/07 20:03:14 INFO DAGScheduler: Final stage: ResultStage 19 (toString at <unknown>:0)
[2025-12-07T20:03:14.771+0000] {subprocess.py:106} INFO - 25/12/07 20:03:14 INFO DAGScheduler: Parents of final stage: List()
[2025-12-07T20:03:14.772+0000] {subprocess.py:106} INFO - 25/12/07 20:03:14 INFO DAGScheduler: Missing parents: List()
[2025-12-07T20:03:14.772+0000] {subprocess.py:106} INFO - 25/12/07 20:03:14 INFO DAGScheduler: Submitting ResultStage 19 (MapPartitionsRDD[52] at toString at <unknown>:0), which has no missing parents
[2025-12-07T20:03:14.775+0000] {subprocess.py:106} INFO - 25/12/07 20:03:14 INFO MemoryStore: Block broadcast_19 stored as values in memory (estimated size 50.4 KiB, free 432.9 MiB)
[2025-12-07T20:03:14.778+0000] {subprocess.py:106} INFO - 25/12/07 20:03:14 INFO MemoryStore: Block broadcast_19_piece0 stored as bytes in memory (estimated size 15.6 KiB, free 432.9 MiB)
[2025-12-07T20:03:14.779+0000] {subprocess.py:106} INFO - 25/12/07 20:03:14 INFO BlockManagerInfo: Added broadcast_19_piece0 in memory on 13f196131dae:36513 (size: 15.6 KiB, free: 434.2 MiB)
[2025-12-07T20:03:14.780+0000] {subprocess.py:106} INFO - 25/12/07 20:03:14 INFO SparkContext: Created broadcast 19 from broadcast at DAGScheduler.scala:1535
[2025-12-07T20:03:14.782+0000] {subprocess.py:106} INFO - 25/12/07 20:03:14 INFO DAGScheduler: Submitting 2 missing tasks from ResultStage 19 (MapPartitionsRDD[52] at toString at <unknown>:0) (first 15 tasks are for partitions Vector(0, 1))
[2025-12-07T20:03:14.783+0000] {subprocess.py:106} INFO - 25/12/07 20:03:14 INFO TaskSchedulerImpl: Adding task set 19.0 with 2 tasks resource profile 0
[2025-12-07T20:03:14.784+0000] {subprocess.py:106} INFO - 25/12/07 20:03:14 INFO TaskSetManager: Starting task 0.0 in stage 19.0 (TID 207) (172.18.0.8, executor 0, partition 0, PROCESS_LOCAL, 7944 bytes)
[2025-12-07T20:03:14.784+0000] {subprocess.py:106} INFO - 25/12/07 20:03:14 INFO TaskSetManager: Starting task 1.0 in stage 19.0 (TID 208) (172.18.0.8, executor 0, partition 1, PROCESS_LOCAL, 7944 bytes)
[2025-12-07T20:03:14.794+0000] {subprocess.py:106} INFO - 25/12/07 20:03:14 INFO BlockManagerInfo: Added broadcast_19_piece0 in memory on 172.18.0.8:41783 (size: 15.6 KiB, free: 434.3 MiB)
[2025-12-07T20:03:14.808+0000] {subprocess.py:106} INFO - 25/12/07 20:03:14 INFO BlockManagerInfo: Added broadcast_18_piece0 in memory on 172.18.0.8:41783 (size: 36.4 KiB, free: 434.2 MiB)
[2025-12-07T20:03:14.848+0000] {subprocess.py:106} INFO - 25/12/07 20:03:14 INFO TaskSetManager: Finished task 1.0 in stage 19.0 (TID 208) in 65 ms on 172.18.0.8 (executor 0) (1/2)
[2025-12-07T20:03:14.849+0000] {subprocess.py:106} INFO - 25/12/07 20:03:14 INFO TaskSetManager: Finished task 0.0 in stage 19.0 (TID 207) in 65 ms on 172.18.0.8 (executor 0) (2/2)
[2025-12-07T20:03:14.850+0000] {subprocess.py:106} INFO - 25/12/07 20:03:14 INFO TaskSchedulerImpl: Removed TaskSet 19.0, whose tasks have all completed, from pool
[2025-12-07T20:03:14.850+0000] {subprocess.py:106} INFO - 25/12/07 20:03:14 INFO DAGScheduler: ResultStage 19 (toString at <unknown>:0) finished in 0.076 s
[2025-12-07T20:03:14.851+0000] {subprocess.py:106} INFO - 25/12/07 20:03:14 INFO DAGScheduler: Job 11 is finished. Cancelling potential speculative or zombie tasks for this job
[2025-12-07T20:03:14.851+0000] {subprocess.py:106} INFO - 25/12/07 20:03:14 INFO TaskSchedulerImpl: Killing all running tasks in stage 19: Stage finished
[2025-12-07T20:03:14.852+0000] {subprocess.py:106} INFO - 25/12/07 20:03:14 INFO DAGScheduler: Job 11 finished: toString at <unknown>:0, took 0.080535 s
[2025-12-07T20:03:14.857+0000] {subprocess.py:106} INFO - 25/12/07 20:03:14 INFO Snapshot: [tableId=42b664c4-f9a5-4564-9437-ce4d3bc75df2] Created snapshot Snapshot(path=s3a://gold/dim_products/_delta_log, version=1, metadata=Metadata(42b664c4-f9a5-4564-9437-ce4d3bc75df2,null,null,Format(parquet,Map()),{"type":"struct","fields":[{"name":"product_key","type":"string","nullable":true,"metadata":{}},{"name":"product_id","type":"string","nullable":true,"metadata":{}},{"name":"product_name","type":"string","nullable":true,"metadata":{}},{"name":"brand","type":"string","nullable":true,"metadata":{}},{"name":"unit_of_measure","type":"string","nullable":true,"metadata":{}},{"name":"current_list_price","type":"decimal(18,2)","nullable":true,"metadata":{}},{"name":"current_cost_price","type":"decimal(18,2)","nullable":true,"metadata":{}},{"name":"last_updated","type":"timestamp","nullable":true,"metadata":{}}]},List(),Map(),Some(1765136680063)), logSegment=LogSegment(s3a://gold/dim_products/_delta_log,1,WrappedArray(S3AFileStatus{path=s3a://gold/dim_products/_delta_log/00000000000000000000.json; isDirectory=false; length=2272; replication=1; blocksize=33554432; modification_time=1765136691901; access_time=0; owner=root; group=root; permission=rw-rw-rw-; isSymlink=false; hasAcl=false; isEncrypted=true; isErasureCoded=false} isEmptyDirectory=FALSE eTag=fb7acbbcdb5d0eff6b3f9ed8eaeb0f3e versionId=null, S3AFileStatus{path=s3a://gold/dim_products/_delta_log/00000000000000000001.json; isDirectory=false; length=1532; replication=1; blocksize=33554432; modification_time=1765137794619; access_time=0; owner=root; group=root; permission=rw-rw-rw-; isSymlink=false; hasAcl=false; isEncrypted=true; isErasureCoded=false} isEmptyDirectory=FALSE eTag=68f1b9fb0ab425392dca726ccd1f5b67 versionId=null),None,1765137794619), checksumOpt=None)
[2025-12-07T20:03:14.858+0000] {subprocess.py:106} INFO - 25/12/07 20:03:14 INFO DeltaLog: Updated snapshot to Snapshot(path=s3a://gold/dim_products/_delta_log, version=1, metadata=Metadata(42b664c4-f9a5-4564-9437-ce4d3bc75df2,null,null,Format(parquet,Map()),{"type":"struct","fields":[{"name":"product_key","type":"string","nullable":true,"metadata":{}},{"name":"product_id","type":"string","nullable":true,"metadata":{}},{"name":"product_name","type":"string","nullable":true,"metadata":{}},{"name":"brand","type":"string","nullable":true,"metadata":{}},{"name":"unit_of_measure","type":"string","nullable":true,"metadata":{}},{"name":"current_list_price","type":"decimal(18,2)","nullable":true,"metadata":{}},{"name":"current_cost_price","type":"decimal(18,2)","nullable":true,"metadata":{}},{"name":"last_updated","type":"timestamp","nullable":true,"metadata":{}}]},List(),Map(),Some(1765136680063)), logSegment=LogSegment(s3a://gold/dim_products/_delta_log,1,WrappedArray(S3AFileStatus{path=s3a://gold/dim_products/_delta_log/00000000000000000000.json; isDirectory=false; length=2272; replication=1; blocksize=33554432; modification_time=1765136691901; access_time=0; owner=root; group=root; permission=rw-rw-rw-; isSymlink=false; hasAcl=false; isEncrypted=true; isErasureCoded=false} isEmptyDirectory=FALSE eTag=fb7acbbcdb5d0eff6b3f9ed8eaeb0f3e versionId=null, S3AFileStatus{path=s3a://gold/dim_products/_delta_log/00000000000000000001.json; isDirectory=false; length=1532; replication=1; blocksize=33554432; modification_time=1765137794619; access_time=0; owner=root; group=root; permission=rw-rw-rw-; isSymlink=false; hasAcl=false; isEncrypted=true; isErasureCoded=false} isEmptyDirectory=FALSE eTag=68f1b9fb0ab425392dca726ccd1f5b67 versionId=null),None,1765137794619), checksumOpt=None)
[2025-12-07T20:03:14.863+0000] {subprocess.py:106} INFO - 25/12/07 20:03:14 INFO MapPartitionsRDD: Removing RDD 40 from persistence list
[2025-12-07T20:03:14.868+0000] {subprocess.py:106} INFO - 25/12/07 20:03:14 INFO BlockManager: Removing RDD 40
[2025-12-07T20:03:14.869+0000] {subprocess.py:106} INFO - 25/12/07 20:03:14 INFO Snapshot: [tableId=42b664c4-f9a5-4564-9437-ce4d3bc75df2] DELTA: Compute snapshot for version: 1
[2025-12-07T20:03:14.873+0000] {subprocess.py:106} INFO - 25/12/07 20:03:14 INFO MemoryStore: Block broadcast_20 stored as values in memory (estimated size 212.3 KiB, free 432.7 MiB)
[2025-12-07T20:03:14.887+0000] {subprocess.py:106} INFO - 25/12/07 20:03:14 INFO BlockManagerInfo: Removed broadcast_19_piece0 on 13f196131dae:36513 in memory (size: 15.6 KiB, free: 434.2 MiB)
[2025-12-07T20:03:14.889+0000] {subprocess.py:106} INFO - 25/12/07 20:03:14 INFO BlockManagerInfo: Removed broadcast_19_piece0 on 172.18.0.8:41783 in memory (size: 15.6 KiB, free: 434.3 MiB)
[2025-12-07T20:03:14.892+0000] {subprocess.py:106} INFO - 25/12/07 20:03:14 INFO MemoryStore: Block broadcast_20_piece0 stored as bytes in memory (estimated size 36.3 KiB, free 432.7 MiB)
[2025-12-07T20:03:14.893+0000] {subprocess.py:106} INFO - 25/12/07 20:03:14 INFO BlockManagerInfo: Added broadcast_20_piece0 in memory on 13f196131dae:36513 (size: 36.3 KiB, free: 434.2 MiB)
[2025-12-07T20:03:14.895+0000] {subprocess.py:106} INFO - 25/12/07 20:03:14 INFO SparkContext: Created broadcast 20 from $anonfun$recordDeltaOperationInternal$1 at DatabricksLogging.scala:128
[2025-12-07T20:03:14.899+0000] {subprocess.py:106} INFO - 25/12/07 20:03:14 INFO BlockManagerInfo: Removed broadcast_18_piece0 on 13f196131dae:36513 in memory (size: 36.4 KiB, free: 434.2 MiB)
[2025-12-07T20:03:14.901+0000] {subprocess.py:106} INFO - 25/12/07 20:03:14 INFO BlockManagerInfo: Removed broadcast_18_piece0 on 172.18.0.8:41783 in memory (size: 36.4 KiB, free: 434.3 MiB)
[2025-12-07T20:03:15.094+0000] {subprocess.py:106} INFO - 25/12/07 20:03:15 INFO FileSourceStrategy: Pushed Filters:
[2025-12-07T20:03:15.094+0000] {subprocess.py:106} INFO - 25/12/07 20:03:15 INFO FileSourceStrategy: Post-Scan Filters:
[2025-12-07T20:03:15.135+0000] {subprocess.py:106} INFO - 25/12/07 20:03:15 INFO MemoryStore: Block broadcast_21 stored as values in memory (estimated size 212.9 KiB, free 432.7 MiB)
[2025-12-07T20:03:15.142+0000] {subprocess.py:106} INFO - 25/12/07 20:03:15 INFO MemoryStore: Block broadcast_21_piece0 stored as bytes in memory (estimated size 36.4 KiB, free 432.7 MiB)
[2025-12-07T20:03:15.143+0000] {subprocess.py:106} INFO - 25/12/07 20:03:15 INFO BlockManagerInfo: Added broadcast_21_piece0 in memory on 13f196131dae:36513 (size: 36.4 KiB, free: 434.2 MiB)
[2025-12-07T20:03:15.144+0000] {subprocess.py:106} INFO - 25/12/07 20:03:15 INFO SparkContext: Created broadcast 21 from $anonfun$recordDeltaOperationInternal$1 at DatabricksLogging.scala:128
[2025-12-07T20:03:15.145+0000] {subprocess.py:106} INFO - 25/12/07 20:03:15 INFO FileSourceScanExec: Planning scan with bin packing, max size: 4194304 bytes, open cost is considered as scanning 4194304 bytes.
[2025-12-07T20:03:15.153+0000] {subprocess.py:106} INFO - 25/12/07 20:03:15 INFO DAGScheduler: Registering RDD 56 ($anonfun$recordDeltaOperationInternal$1 at DatabricksLogging.scala:128) as input to shuffle 4
[2025-12-07T20:03:15.153+0000] {subprocess.py:106} INFO - 25/12/07 20:03:15 INFO DAGScheduler: Got map stage job 12 ($anonfun$recordDeltaOperationInternal$1 at DatabricksLogging.scala:128) with 2 output partitions
[2025-12-07T20:03:15.154+0000] {subprocess.py:106} INFO - 25/12/07 20:03:15 INFO DAGScheduler: Final stage: ShuffleMapStage 20 ($anonfun$recordDeltaOperationInternal$1 at DatabricksLogging.scala:128)
[2025-12-07T20:03:15.154+0000] {subprocess.py:106} INFO - 25/12/07 20:03:15 INFO DAGScheduler: Parents of final stage: List()
[2025-12-07T20:03:15.155+0000] {subprocess.py:106} INFO - 25/12/07 20:03:15 INFO DAGScheduler: Missing parents: List()
[2025-12-07T20:03:15.155+0000] {subprocess.py:106} INFO - 25/12/07 20:03:15 INFO DAGScheduler: Submitting ShuffleMapStage 20 (MapPartitionsRDD[56] at $anonfun$recordDeltaOperationInternal$1 at DatabricksLogging.scala:128), which has no missing parents
[2025-12-07T20:03:15.158+0000] {subprocess.py:106} INFO - 25/12/07 20:03:15 INFO MemoryStore: Block broadcast_22 stored as values in memory (estimated size 138.3 KiB, free 432.6 MiB)
[2025-12-07T20:03:15.168+0000] {subprocess.py:106} INFO - 25/12/07 20:03:15 INFO MemoryStore: Block broadcast_22_piece0 stored as bytes in memory (estimated size 39.0 KiB, free 432.5 MiB)
[2025-12-07T20:03:15.169+0000] {subprocess.py:106} INFO - 25/12/07 20:03:15 INFO BlockManagerInfo: Added broadcast_22_piece0 in memory on 13f196131dae:36513 (size: 39.0 KiB, free: 434.1 MiB)
[2025-12-07T20:03:15.170+0000] {subprocess.py:106} INFO - 25/12/07 20:03:15 INFO SparkContext: Created broadcast 22 from broadcast at DAGScheduler.scala:1535
[2025-12-07T20:03:15.170+0000] {subprocess.py:106} INFO - 25/12/07 20:03:15 INFO DAGScheduler: Submitting 2 missing tasks from ShuffleMapStage 20 (MapPartitionsRDD[56] at $anonfun$recordDeltaOperationInternal$1 at DatabricksLogging.scala:128) (first 15 tasks are for partitions Vector(0, 1))
[2025-12-07T20:03:15.171+0000] {subprocess.py:106} INFO - 25/12/07 20:03:15 INFO TaskSchedulerImpl: Adding task set 20.0 with 2 tasks resource profile 0
[2025-12-07T20:03:15.171+0000] {subprocess.py:106} INFO - 25/12/07 20:03:15 INFO TaskSetManager: Starting task 0.0 in stage 20.0 (TID 209) (172.18.0.8, executor 0, partition 0, PROCESS_LOCAL, 7933 bytes)
[2025-12-07T20:03:15.172+0000] {subprocess.py:106} INFO - 25/12/07 20:03:15 INFO TaskSetManager: Starting task 1.0 in stage 20.0 (TID 210) (172.18.0.8, executor 0, partition 1, PROCESS_LOCAL, 7933 bytes)
[2025-12-07T20:03:15.183+0000] {subprocess.py:106} INFO - 25/12/07 20:03:15 INFO BlockManagerInfo: Added broadcast_22_piece0 in memory on 172.18.0.8:41783 (size: 39.0 KiB, free: 434.3 MiB)
[2025-12-07T20:03:15.223+0000] {subprocess.py:106} INFO - 25/12/07 20:03:15 INFO BlockManagerInfo: Added broadcast_21_piece0 in memory on 172.18.0.8:41783 (size: 36.4 KiB, free: 434.2 MiB)
[2025-12-07T20:03:15.283+0000] {subprocess.py:106} INFO - 25/12/07 20:03:15 INFO TaskSetManager: Finished task 0.0 in stage 20.0 (TID 209) in 112 ms on 172.18.0.8 (executor 0) (1/2)
[2025-12-07T20:03:15.287+0000] {subprocess.py:106} INFO - 25/12/07 20:03:15 INFO TaskSetManager: Finished task 1.0 in stage 20.0 (TID 210) in 115 ms on 172.18.0.8 (executor 0) (2/2)
[2025-12-07T20:03:15.288+0000] {subprocess.py:106} INFO - 25/12/07 20:03:15 INFO TaskSchedulerImpl: Removed TaskSet 20.0, whose tasks have all completed, from pool
[2025-12-07T20:03:15.289+0000] {subprocess.py:106} INFO - 25/12/07 20:03:15 INFO DAGScheduler: ShuffleMapStage 20 ($anonfun$recordDeltaOperationInternal$1 at DatabricksLogging.scala:128) finished in 0.132 s
[2025-12-07T20:03:15.289+0000] {subprocess.py:106} INFO - 25/12/07 20:03:15 INFO DAGScheduler: looking for newly runnable stages
[2025-12-07T20:03:15.290+0000] {subprocess.py:106} INFO - 25/12/07 20:03:15 INFO DAGScheduler: running: Set()
[2025-12-07T20:03:15.290+0000] {subprocess.py:106} INFO - 25/12/07 20:03:15 INFO DAGScheduler: waiting: Set()
[2025-12-07T20:03:15.291+0000] {subprocess.py:106} INFO - 25/12/07 20:03:15 INFO DAGScheduler: failed: Set()
[2025-12-07T20:03:15.351+0000] {subprocess.py:106} INFO - 25/12/07 20:03:15 INFO BlockManagerInfo: Removed broadcast_22_piece0 on 13f196131dae:36513 in memory (size: 39.0 KiB, free: 434.2 MiB)
[2025-12-07T20:03:15.354+0000] {subprocess.py:106} INFO - 25/12/07 20:03:15 INFO BlockManagerInfo: Removed broadcast_22_piece0 on 172.18.0.8:41783 in memory (size: 39.0 KiB, free: 434.3 MiB)
[2025-12-07T20:03:15.487+0000] {subprocess.py:106} INFO - 25/12/07 20:03:15 INFO DAGScheduler: Registering RDD 66 ($anonfun$recordDeltaOperationInternal$1 at DatabricksLogging.scala:128) as input to shuffle 5
[2025-12-07T20:03:15.489+0000] {subprocess.py:106} INFO - 25/12/07 20:03:15 INFO DAGScheduler: Got map stage job 13 ($anonfun$recordDeltaOperationInternal$1 at DatabricksLogging.scala:128) with 50 output partitions
[2025-12-07T20:03:15.490+0000] {subprocess.py:106} INFO - 25/12/07 20:03:15 INFO DAGScheduler: Final stage: ShuffleMapStage 22 ($anonfun$recordDeltaOperationInternal$1 at DatabricksLogging.scala:128)
[2025-12-07T20:03:15.490+0000] {subprocess.py:106} INFO - 25/12/07 20:03:15 INFO DAGScheduler: Parents of final stage: List(ShuffleMapStage 21)
[2025-12-07T20:03:15.491+0000] {subprocess.py:106} INFO - 25/12/07 20:03:15 INFO DAGScheduler: Missing parents: List()
[2025-12-07T20:03:15.491+0000] {subprocess.py:106} INFO - 25/12/07 20:03:15 INFO DAGScheduler: Submitting ShuffleMapStage 22 (MapPartitionsRDD[66] at $anonfun$recordDeltaOperationInternal$1 at DatabricksLogging.scala:128), which has no missing parents
[2025-12-07T20:03:15.532+0000] {subprocess.py:106} INFO - 25/12/07 20:03:15 INFO MemoryStore: Block broadcast_23 stored as values in memory (estimated size 517.2 KiB, free 432.2 MiB)
[2025-12-07T20:03:15.539+0000] {subprocess.py:106} INFO - 25/12/07 20:03:15 INFO MemoryStore: Block broadcast_23_piece0 stored as bytes in memory (estimated size 123.3 KiB, free 432.1 MiB)
[2025-12-07T20:03:15.543+0000] {subprocess.py:106} INFO - 25/12/07 20:03:15 INFO BlockManagerInfo: Added broadcast_23_piece0 in memory on 13f196131dae:36513 (size: 123.3 KiB, free: 434.0 MiB)
[2025-12-07T20:03:15.544+0000] {subprocess.py:106} INFO - 25/12/07 20:03:15 INFO SparkContext: Created broadcast 23 from broadcast at DAGScheduler.scala:1535
[2025-12-07T20:03:15.545+0000] {subprocess.py:106} INFO - 25/12/07 20:03:15 INFO DAGScheduler: Submitting 50 missing tasks from ShuffleMapStage 22 (MapPartitionsRDD[66] at $anonfun$recordDeltaOperationInternal$1 at DatabricksLogging.scala:128) (first 15 tasks are for partitions Vector(0, 1, 2, 3, 4, 5, 6, 7, 8, 9, 10, 11, 12, 13, 14))
[2025-12-07T20:03:15.546+0000] {subprocess.py:106} INFO - 25/12/07 20:03:15 INFO TaskSchedulerImpl: Adding task set 22.0 with 50 tasks resource profile 0
[2025-12-07T20:03:15.546+0000] {subprocess.py:106} INFO - 25/12/07 20:03:15 INFO TaskSetManager: Starting task 7.0 in stage 22.0 (TID 211) (172.18.0.8, executor 0, partition 7, NODE_LOCAL, 7356 bytes)
[2025-12-07T20:03:15.547+0000] {subprocess.py:106} INFO - 25/12/07 20:03:15 INFO TaskSetManager: Starting task 21.0 in stage 22.0 (TID 212) (172.18.0.8, executor 0, partition 21, NODE_LOCAL, 7356 bytes)
[2025-12-07T20:03:15.548+0000] {subprocess.py:106} INFO - 25/12/07 20:03:15 INFO TaskSetManager: Starting task 42.0 in stage 22.0 (TID 213) (172.18.0.8, executor 0, partition 42, NODE_LOCAL, 7356 bytes)
[2025-12-07T20:03:15.548+0000] {subprocess.py:106} INFO - 25/12/07 20:03:15 INFO TaskSetManager: Starting task 0.0 in stage 22.0 (TID 214) (172.18.0.8, executor 0, partition 0, PROCESS_LOCAL, 7356 bytes)
[2025-12-07T20:03:15.549+0000] {subprocess.py:106} INFO - 25/12/07 20:03:15 INFO TaskSetManager: Starting task 1.0 in stage 22.0 (TID 215) (172.18.0.8, executor 0, partition 1, PROCESS_LOCAL, 7356 bytes)
[2025-12-07T20:03:15.550+0000] {subprocess.py:106} INFO - 25/12/07 20:03:15 INFO TaskSetManager: Starting task 2.0 in stage 22.0 (TID 216) (172.18.0.8, executor 0, partition 2, PROCESS_LOCAL, 7356 bytes)
[2025-12-07T20:03:15.551+0000] {subprocess.py:106} INFO - 25/12/07 20:03:15 INFO TaskSetManager: Starting task 3.0 in stage 22.0 (TID 217) (172.18.0.8, executor 0, partition 3, PROCESS_LOCAL, 7356 bytes)
[2025-12-07T20:03:15.552+0000] {subprocess.py:106} INFO - 25/12/07 20:03:15 INFO TaskSetManager: Starting task 4.0 in stage 22.0 (TID 218) (172.18.0.8, executor 0, partition 4, PROCESS_LOCAL, 7356 bytes)
[2025-12-07T20:03:15.553+0000] {subprocess.py:106} INFO - 25/12/07 20:03:15 INFO TaskSetManager: Starting task 5.0 in stage 22.0 (TID 219) (172.18.0.8, executor 0, partition 5, PROCESS_LOCAL, 7356 bytes)
[2025-12-07T20:03:15.554+0000] {subprocess.py:106} INFO - 25/12/07 20:03:15 INFO TaskSetManager: Starting task 6.0 in stage 22.0 (TID 220) (172.18.0.8, executor 0, partition 6, PROCESS_LOCAL, 7356 bytes)
[2025-12-07T20:03:15.554+0000] {subprocess.py:106} INFO - 25/12/07 20:03:15 INFO TaskSetManager: Starting task 8.0 in stage 22.0 (TID 221) (172.18.0.8, executor 0, partition 8, PROCESS_LOCAL, 7356 bytes)
[2025-12-07T20:03:15.555+0000] {subprocess.py:106} INFO - 25/12/07 20:03:15 INFO TaskSetManager: Starting task 9.0 in stage 22.0 (TID 222) (172.18.0.8, executor 0, partition 9, PROCESS_LOCAL, 7356 bytes)
[2025-12-07T20:03:15.556+0000] {subprocess.py:106} INFO - 25/12/07 20:03:15 INFO TaskSetManager: Starting task 10.0 in stage 22.0 (TID 223) (172.18.0.8, executor 0, partition 10, PROCESS_LOCAL, 7356 bytes)
[2025-12-07T20:03:15.557+0000] {subprocess.py:106} INFO - 25/12/07 20:03:15 INFO TaskSetManager: Starting task 11.0 in stage 22.0 (TID 224) (172.18.0.8, executor 0, partition 11, PROCESS_LOCAL, 7356 bytes)
[2025-12-07T20:03:15.558+0000] {subprocess.py:106} INFO - 25/12/07 20:03:15 INFO TaskSetManager: Starting task 12.0 in stage 22.0 (TID 225) (172.18.0.8, executor 0, partition 12, PROCESS_LOCAL, 7356 bytes)
[2025-12-07T20:03:15.559+0000] {subprocess.py:106} INFO - 25/12/07 20:03:15 INFO TaskSetManager: Starting task 13.0 in stage 22.0 (TID 226) (172.18.0.8, executor 0, partition 13, PROCESS_LOCAL, 7356 bytes)
[2025-12-07T20:03:15.567+0000] {subprocess.py:106} INFO - 25/12/07 20:03:15 INFO BlockManagerInfo: Added broadcast_23_piece0 in memory on 172.18.0.8:41783 (size: 123.3 KiB, free: 434.1 MiB)
[2025-12-07T20:03:15.587+0000] {subprocess.py:106} INFO - 25/12/07 20:03:15 INFO MapOutputTrackerMasterEndpoint: Asked to send map output locations for shuffle 4 to 172.18.0.8:33606
[2025-12-07T20:03:15.674+0000] {subprocess.py:106} INFO - 25/12/07 20:03:15 INFO BlockManagerInfo: Added rdd_63_6 in memory on 172.18.0.8:41783 (size: 46.0 B, free: 434.1 MiB)
[2025-12-07T20:03:15.675+0000] {subprocess.py:106} INFO - 25/12/07 20:03:15 INFO BlockManagerInfo: Added rdd_63_9 in memory on 172.18.0.8:41783 (size: 46.0 B, free: 434.1 MiB)
[2025-12-07T20:03:15.685+0000] {subprocess.py:106} INFO - 25/12/07 20:03:15 INFO BlockManagerInfo: Added rdd_63_1 in memory on 172.18.0.8:41783 (size: 46.0 B, free: 434.1 MiB)
[2025-12-07T20:03:15.687+0000] {subprocess.py:106} INFO - 25/12/07 20:03:15 INFO BlockManagerInfo: Added rdd_63_10 in memory on 172.18.0.8:41783 (size: 46.0 B, free: 434.1 MiB)
[2025-12-07T20:03:15.691+0000] {subprocess.py:106} INFO - 25/12/07 20:03:15 INFO BlockManagerInfo: Added rdd_63_13 in memory on 172.18.0.8:41783 (size: 46.0 B, free: 434.1 MiB)
[2025-12-07T20:03:15.694+0000] {subprocess.py:106} INFO - 25/12/07 20:03:15 INFO BlockManagerInfo: Added rdd_63_3 in memory on 172.18.0.8:41783 (size: 46.0 B, free: 434.1 MiB)
[2025-12-07T20:03:15.695+0000] {subprocess.py:106} INFO - 25/12/07 20:03:15 INFO BlockManagerInfo: Added rdd_63_0 in memory on 172.18.0.8:41783 (size: 46.0 B, free: 434.1 MiB)
[2025-12-07T20:03:15.696+0000] {subprocess.py:106} INFO - 25/12/07 20:03:15 INFO BlockManagerInfo: Added rdd_63_2 in memory on 172.18.0.8:41783 (size: 46.0 B, free: 434.1 MiB)
[2025-12-07T20:03:15.697+0000] {subprocess.py:106} INFO - 25/12/07 20:03:15 INFO BlockManagerInfo: Added rdd_63_42 in memory on 172.18.0.8:41783 (size: 562.0 B, free: 434.1 MiB)
[2025-12-07T20:03:15.698+0000] {subprocess.py:106} INFO - 25/12/07 20:03:15 INFO BlockManagerInfo: Added rdd_63_4 in memory on 172.18.0.8:41783 (size: 46.0 B, free: 434.1 MiB)
[2025-12-07T20:03:15.699+0000] {subprocess.py:106} INFO - 25/12/07 20:03:15 INFO BlockManagerInfo: Added rdd_63_21 in memory on 172.18.0.8:41783 (size: 678.0 B, free: 434.1 MiB)
[2025-12-07T20:03:15.700+0000] {subprocess.py:106} INFO - 25/12/07 20:03:15 INFO BlockManagerInfo: Added rdd_63_8 in memory on 172.18.0.8:41783 (size: 46.0 B, free: 434.1 MiB)
[2025-12-07T20:03:15.701+0000] {subprocess.py:106} INFO - 25/12/07 20:03:15 INFO BlockManagerInfo: Added rdd_63_5 in memory on 172.18.0.8:41783 (size: 46.0 B, free: 434.1 MiB)
[2025-12-07T20:03:15.703+0000] {subprocess.py:106} INFO - 25/12/07 20:03:15 INFO BlockManagerInfo: Added rdd_63_12 in memory on 172.18.0.8:41783 (size: 46.0 B, free: 434.1 MiB)
[2025-12-07T20:03:15.704+0000] {subprocess.py:106} INFO - 25/12/07 20:03:15 INFO BlockManagerInfo: Added rdd_63_7 in memory on 172.18.0.8:41783 (size: 300.0 B, free: 434.1 MiB)
[2025-12-07T20:03:15.705+0000] {subprocess.py:106} INFO - 25/12/07 20:03:15 INFO BlockManagerInfo: Added rdd_63_11 in memory on 172.18.0.8:41783 (size: 46.0 B, free: 434.1 MiB)
[2025-12-07T20:03:15.726+0000] {subprocess.py:106} INFO - 25/12/07 20:03:15 INFO TaskSetManager: Starting task 14.0 in stage 22.0 (TID 227) (172.18.0.8, executor 0, partition 14, PROCESS_LOCAL, 7356 bytes)
[2025-12-07T20:03:15.737+0000] {subprocess.py:106} INFO - 25/12/07 20:03:15 INFO TaskSetManager: Finished task 6.0 in stage 22.0 (TID 220) in 182 ms on 172.18.0.8 (executor 0) (1/50)
[2025-12-07T20:03:15.740+0000] {subprocess.py:106} INFO - 25/12/07 20:03:15 INFO TaskSetManager: Starting task 15.0 in stage 22.0 (TID 228) (172.18.0.8, executor 0, partition 15, PROCESS_LOCAL, 7356 bytes)
[2025-12-07T20:03:15.741+0000] {subprocess.py:106} INFO - 25/12/07 20:03:15 INFO TaskSetManager: Starting task 16.0 in stage 22.0 (TID 229) (172.18.0.8, executor 0, partition 16, PROCESS_LOCAL, 7356 bytes)
[2025-12-07T20:03:15.743+0000] {subprocess.py:106} INFO - 25/12/07 20:03:15 INFO TaskSetManager: Finished task 10.0 in stage 22.0 (TID 223) in 190 ms on 172.18.0.8 (executor 0) (2/50)
[2025-12-07T20:03:15.744+0000] {subprocess.py:106} INFO - 25/12/07 20:03:15 INFO TaskSetManager: Finished task 9.0 in stage 22.0 (TID 222) in 191 ms on 172.18.0.8 (executor 0) (3/50)
[2025-12-07T20:03:15.746+0000] {subprocess.py:106} INFO - 25/12/07 20:03:15 INFO TaskSetManager: Starting task 17.0 in stage 22.0 (TID 230) (172.18.0.8, executor 0, partition 17, PROCESS_LOCAL, 7356 bytes)
[2025-12-07T20:03:15.748+0000] {subprocess.py:106} INFO - 25/12/07 20:03:15 INFO TaskSetManager: Starting task 18.0 in stage 22.0 (TID 231) (172.18.0.8, executor 0, partition 18, PROCESS_LOCAL, 7356 bytes)
[2025-12-07T20:03:15.750+0000] {subprocess.py:106} INFO - 25/12/07 20:03:15 INFO TaskSetManager: Finished task 13.0 in stage 22.0 (TID 226) in 197 ms on 172.18.0.8 (executor 0) (4/50)
[2025-12-07T20:03:15.751+0000] {subprocess.py:106} INFO - 25/12/07 20:03:15 INFO TaskSetManager: Finished task 1.0 in stage 22.0 (TID 215) in 200 ms on 172.18.0.8 (executor 0) (5/50)
[2025-12-07T20:03:15.753+0000] {subprocess.py:106} INFO - 25/12/07 20:03:15 INFO TaskSetManager: Starting task 19.0 in stage 22.0 (TID 232) (172.18.0.8, executor 0, partition 19, PROCESS_LOCAL, 7356 bytes)
[2025-12-07T20:03:15.754+0000] {subprocess.py:106} INFO - 25/12/07 20:03:15 INFO TaskSetManager: Starting task 20.0 in stage 22.0 (TID 233) (172.18.0.8, executor 0, partition 20, PROCESS_LOCAL, 7356 bytes)
[2025-12-07T20:03:15.755+0000] {subprocess.py:106} INFO - 25/12/07 20:03:15 INFO TaskSetManager: Finished task 42.0 in stage 22.0 (TID 213) in 204 ms on 172.18.0.8 (executor 0) (6/50)
[2025-12-07T20:03:15.756+0000] {subprocess.py:106} INFO - 25/12/07 20:03:15 INFO TaskSetManager: Starting task 22.0 in stage 22.0 (TID 234) (172.18.0.8, executor 0, partition 22, PROCESS_LOCAL, 7356 bytes)
[2025-12-07T20:03:15.757+0000] {subprocess.py:106} INFO - 25/12/07 20:03:15 INFO TaskSetManager: Finished task 3.0 in stage 22.0 (TID 217) in 204 ms on 172.18.0.8 (executor 0) (7/50)
[2025-12-07T20:03:15.758+0000] {subprocess.py:106} INFO - 25/12/07 20:03:15 INFO TaskSetManager: Starting task 23.0 in stage 22.0 (TID 235) (172.18.0.8, executor 0, partition 23, PROCESS_LOCAL, 7356 bytes)
[2025-12-07T20:03:15.760+0000] {subprocess.py:106} INFO - 25/12/07 20:03:15 INFO TaskSetManager: Starting task 24.0 in stage 22.0 (TID 236) (172.18.0.8, executor 0, partition 24, PROCESS_LOCAL, 7356 bytes)
[2025-12-07T20:03:15.761+0000] {subprocess.py:106} INFO - 25/12/07 20:03:15 INFO TaskSetManager: Starting task 25.0 in stage 22.0 (TID 237) (172.18.0.8, executor 0, partition 25, PROCESS_LOCAL, 7356 bytes)
[2025-12-07T20:03:15.762+0000] {subprocess.py:106} INFO - 25/12/07 20:03:15 INFO TaskSetManager: Finished task 2.0 in stage 22.0 (TID 216) in 210 ms on 172.18.0.8 (executor 0) (8/50)
[2025-12-07T20:03:15.762+0000] {subprocess.py:106} INFO - 25/12/07 20:03:15 INFO TaskSetManager: Finished task 4.0 in stage 22.0 (TID 218) in 210 ms on 172.18.0.8 (executor 0) (9/50)
[2025-12-07T20:03:15.764+0000] {subprocess.py:106} INFO - 25/12/07 20:03:15 INFO TaskSetManager: Finished task 12.0 in stage 22.0 (TID 225) in 209 ms on 172.18.0.8 (executor 0) (10/50)
[2025-12-07T20:03:15.767+0000] {subprocess.py:106} INFO - 25/12/07 20:03:15 INFO TaskSetManager: Starting task 26.0 in stage 22.0 (TID 238) (172.18.0.8, executor 0, partition 26, PROCESS_LOCAL, 7356 bytes)
[2025-12-07T20:03:15.769+0000] {subprocess.py:106} INFO - 25/12/07 20:03:15 INFO TaskSetManager: Finished task 7.0 in stage 22.0 (TID 211) in 214 ms on 172.18.0.8 (executor 0) (11/50)
[2025-12-07T20:03:15.771+0000] {subprocess.py:106} INFO - 25/12/07 20:03:15 INFO TaskSetManager: Finished task 0.0 in stage 22.0 (TID 214) in 213 ms on 172.18.0.8 (executor 0) (12/50)
[2025-12-07T20:03:15.772+0000] {subprocess.py:106} INFO - 25/12/07 20:03:15 INFO TaskSetManager: Starting task 27.0 in stage 22.0 (TID 239) (172.18.0.8, executor 0, partition 27, PROCESS_LOCAL, 7356 bytes)
[2025-12-07T20:03:15.774+0000] {subprocess.py:106} INFO - 25/12/07 20:03:15 INFO TaskSetManager: Starting task 28.0 in stage 22.0 (TID 240) (172.18.0.8, executor 0, partition 28, PROCESS_LOCAL, 7356 bytes)
[2025-12-07T20:03:15.777+0000] {subprocess.py:106} INFO - 25/12/07 20:03:15 INFO TaskSetManager: Finished task 8.0 in stage 22.0 (TID 221) in 225 ms on 172.18.0.8 (executor 0) (13/50)
[2025-12-07T20:03:15.780+0000] {subprocess.py:106} INFO - 25/12/07 20:03:15 INFO TaskSetManager: Finished task 5.0 in stage 22.0 (TID 219) in 226 ms on 172.18.0.8 (executor 0) (14/50)
[2025-12-07T20:03:15.781+0000] {subprocess.py:106} INFO - 25/12/07 20:03:15 INFO TaskSetManager: Starting task 29.0 in stage 22.0 (TID 241) (172.18.0.8, executor 0, partition 29, PROCESS_LOCAL, 7356 bytes)
[2025-12-07T20:03:15.782+0000] {subprocess.py:106} INFO - 25/12/07 20:03:15 INFO TaskSetManager: Starting task 30.0 in stage 22.0 (TID 242) (172.18.0.8, executor 0, partition 30, PROCESS_LOCAL, 7356 bytes)
[2025-12-07T20:03:15.783+0000] {subprocess.py:106} INFO - 25/12/07 20:03:15 INFO TaskSetManager: Finished task 11.0 in stage 22.0 (TID 224) in 228 ms on 172.18.0.8 (executor 0) (15/50)
[2025-12-07T20:03:15.784+0000] {subprocess.py:106} INFO - 25/12/07 20:03:15 INFO TaskSetManager: Finished task 21.0 in stage 22.0 (TID 212) in 236 ms on 172.18.0.8 (executor 0) (16/50)
[2025-12-07T20:03:15.851+0000] {subprocess.py:106} INFO - 25/12/07 20:03:15 INFO BlockManagerInfo: Added rdd_63_14 in memory on 172.18.0.8:41783 (size: 46.0 B, free: 434.1 MiB)
[2025-12-07T20:03:15.875+0000] {subprocess.py:106} INFO - 25/12/07 20:03:15 INFO BlockManagerInfo: Added rdd_63_17 in memory on 172.18.0.8:41783 (size: 46.0 B, free: 434.1 MiB)
[2025-12-07T20:03:15.877+0000] {subprocess.py:106} INFO - 25/12/07 20:03:15 INFO BlockManagerInfo: Added rdd_63_15 in memory on 172.18.0.8:41783 (size: 46.0 B, free: 434.1 MiB)
[2025-12-07T20:03:15.879+0000] {subprocess.py:106} INFO - 25/12/07 20:03:15 INFO BlockManagerInfo: Added rdd_63_19 in memory on 172.18.0.8:41783 (size: 46.0 B, free: 434.1 MiB)
[2025-12-07T20:03:15.888+0000] {subprocess.py:106} INFO - 25/12/07 20:03:15 INFO BlockManagerInfo: Added rdd_63_16 in memory on 172.18.0.8:41783 (size: 46.0 B, free: 434.1 MiB)
[2025-12-07T20:03:15.889+0000] {subprocess.py:106} INFO - 25/12/07 20:03:15 INFO BlockManagerInfo: Added rdd_63_23 in memory on 172.18.0.8:41783 (size: 46.0 B, free: 434.1 MiB)
[2025-12-07T20:03:15.890+0000] {subprocess.py:106} INFO - 25/12/07 20:03:15 INFO BlockManagerInfo: Added rdd_63_24 in memory on 172.18.0.8:41783 (size: 46.0 B, free: 434.1 MiB)
[2025-12-07T20:03:15.891+0000] {subprocess.py:106} INFO - 25/12/07 20:03:15 INFO BlockManagerInfo: Added rdd_63_20 in memory on 172.18.0.8:41783 (size: 46.0 B, free: 434.1 MiB)
[2025-12-07T20:03:15.893+0000] {subprocess.py:106} INFO - 25/12/07 20:03:15 INFO BlockManagerInfo: Added rdd_63_18 in memory on 172.18.0.8:41783 (size: 46.0 B, free: 434.1 MiB)
[2025-12-07T20:03:15.895+0000] {subprocess.py:106} INFO - 25/12/07 20:03:15 INFO BlockManagerInfo: Added rdd_63_22 in memory on 172.18.0.8:41783 (size: 46.0 B, free: 434.1 MiB)
[2025-12-07T20:03:15.896+0000] {subprocess.py:106} INFO - 25/12/07 20:03:15 INFO TaskSetManager: Starting task 31.0 in stage 22.0 (TID 243) (172.18.0.8, executor 0, partition 31, PROCESS_LOCAL, 7356 bytes)
[2025-12-07T20:03:15.898+0000] {subprocess.py:106} INFO - 25/12/07 20:03:15 INFO TaskSetManager: Finished task 14.0 in stage 22.0 (TID 227) in 172 ms on 172.18.0.8 (executor 0) (17/50)
[2025-12-07T20:03:15.903+0000] {subprocess.py:106} INFO - 25/12/07 20:03:15 INFO BlockManagerInfo: Added rdd_63_28 in memory on 172.18.0.8:41783 (size: 46.0 B, free: 434.1 MiB)
[2025-12-07T20:03:15.907+0000] {subprocess.py:106} INFO - 25/12/07 20:03:15 INFO BlockManagerInfo: Added rdd_63_29 in memory on 172.18.0.8:41783 (size: 46.0 B, free: 434.1 MiB)
[2025-12-07T20:03:15.912+0000] {subprocess.py:106} INFO - 25/12/07 20:03:15 INFO BlockManagerInfo: Added rdd_63_25 in memory on 172.18.0.8:41783 (size: 46.0 B, free: 434.1 MiB)
[2025-12-07T20:03:15.914+0000] {subprocess.py:106} INFO - 25/12/07 20:03:15 INFO BlockManagerInfo: Added rdd_63_26 in memory on 172.18.0.8:41783 (size: 46.0 B, free: 434.1 MiB)
[2025-12-07T20:03:15.916+0000] {subprocess.py:106} INFO - 25/12/07 20:03:15 INFO BlockManagerInfo: Added rdd_63_27 in memory on 172.18.0.8:41783 (size: 46.0 B, free: 434.1 MiB)
[2025-12-07T20:03:15.917+0000] {subprocess.py:106} INFO - 25/12/07 20:03:15 INFO TaskSetManager: Starting task 32.0 in stage 22.0 (TID 244) (172.18.0.8, executor 0, partition 32, PROCESS_LOCAL, 7356 bytes)
[2025-12-07T20:03:15.918+0000] {subprocess.py:106} INFO - 25/12/07 20:03:15 INFO TaskSetManager: Finished task 15.0 in stage 22.0 (TID 228) in 181 ms on 172.18.0.8 (executor 0) (18/50)
[2025-12-07T20:03:15.919+0000] {subprocess.py:106} INFO - 25/12/07 20:03:15 INFO TaskSetManager: Starting task 33.0 in stage 22.0 (TID 245) (172.18.0.8, executor 0, partition 33, PROCESS_LOCAL, 7356 bytes)
[2025-12-07T20:03:15.920+0000] {subprocess.py:106} INFO - 25/12/07 20:03:15 INFO TaskSetManager: Starting task 34.0 in stage 22.0 (TID 246) (172.18.0.8, executor 0, partition 34, PROCESS_LOCAL, 7356 bytes)
[2025-12-07T20:03:15.921+0000] {subprocess.py:106} INFO - 25/12/07 20:03:15 INFO TaskSetManager: Finished task 17.0 in stage 22.0 (TID 230) in 173 ms on 172.18.0.8 (executor 0) (19/50)
[2025-12-07T20:03:15.922+0000] {subprocess.py:106} INFO - 25/12/07 20:03:15 INFO TaskSetManager: Finished task 20.0 in stage 22.0 (TID 233) in 167 ms on 172.18.0.8 (executor 0) (20/50)
[2025-12-07T20:03:15.927+0000] {subprocess.py:106} INFO - 25/12/07 20:03:15 INFO TaskSetManager: Starting task 35.0 in stage 22.0 (TID 247) (172.18.0.8, executor 0, partition 35, PROCESS_LOCAL, 7356 bytes)
[2025-12-07T20:03:15.929+0000] {subprocess.py:106} INFO - 25/12/07 20:03:15 INFO TaskSetManager: Starting task 36.0 in stage 22.0 (TID 248) (172.18.0.8, executor 0, partition 36, PROCESS_LOCAL, 7356 bytes)
[2025-12-07T20:03:15.936+0000] {subprocess.py:106} INFO - 25/12/07 20:03:15 INFO BlockManagerInfo: Added rdd_63_30 in memory on 172.18.0.8:41783 (size: 46.0 B, free: 434.1 MiB)
[2025-12-07T20:03:15.937+0000] {subprocess.py:106} INFO - 25/12/07 20:03:15 INFO TaskSetManager: Starting task 37.0 in stage 22.0 (TID 249) (172.18.0.8, executor 0, partition 37, PROCESS_LOCAL, 7356 bytes)
[2025-12-07T20:03:15.938+0000] {subprocess.py:106} INFO - 25/12/07 20:03:15 INFO TaskSetManager: Finished task 19.0 in stage 22.0 (TID 232) in 185 ms on 172.18.0.8 (executor 0) (21/50)
[2025-12-07T20:03:15.943+0000] {subprocess.py:106} INFO - 25/12/07 20:03:15 INFO TaskSetManager: Starting task 38.0 in stage 22.0 (TID 250) (172.18.0.8, executor 0, partition 38, PROCESS_LOCAL, 7356 bytes)
[2025-12-07T20:03:15.945+0000] {subprocess.py:106} INFO - 25/12/07 20:03:15 INFO TaskSetManager: Finished task 22.0 in stage 22.0 (TID 234) in 183 ms on 172.18.0.8 (executor 0) (22/50)
[2025-12-07T20:03:15.946+0000] {subprocess.py:106} INFO - 25/12/07 20:03:15 INFO TaskSetManager: Finished task 24.0 in stage 22.0 (TID 236) in 179 ms on 172.18.0.8 (executor 0) (23/50)
[2025-12-07T20:03:15.947+0000] {subprocess.py:106} INFO - 25/12/07 20:03:15 INFO TaskSetManager: Finished task 16.0 in stage 22.0 (TID 229) in 205 ms on 172.18.0.8 (executor 0) (24/50)
[2025-12-07T20:03:15.949+0000] {subprocess.py:106} INFO - 25/12/07 20:03:15 INFO TaskSetManager: Starting task 39.0 in stage 22.0 (TID 251) (172.18.0.8, executor 0, partition 39, PROCESS_LOCAL, 7356 bytes)
[2025-12-07T20:03:15.949+0000] {subprocess.py:106} INFO - 25/12/07 20:03:15 INFO TaskSetManager: Finished task 23.0 in stage 22.0 (TID 235) in 196 ms on 172.18.0.8 (executor 0) (25/50)
[2025-12-07T20:03:15.964+0000] {subprocess.py:106} INFO - 25/12/07 20:03:15 INFO TaskSetManager: Starting task 40.0 in stage 22.0 (TID 252) (172.18.0.8, executor 0, partition 40, PROCESS_LOCAL, 7356 bytes)
[2025-12-07T20:03:15.966+0000] {subprocess.py:106} INFO - 25/12/07 20:03:15 INFO TaskSetManager: Starting task 41.0 in stage 22.0 (TID 253) (172.18.0.8, executor 0, partition 41, PROCESS_LOCAL, 7356 bytes)
[2025-12-07T20:03:15.969+0000] {subprocess.py:106} INFO - 25/12/07 20:03:15 INFO TaskSetManager: Finished task 18.0 in stage 22.0 (TID 231) in 222 ms on 172.18.0.8 (executor 0) (26/50)
[2025-12-07T20:03:15.970+0000] {subprocess.py:106} INFO - 25/12/07 20:03:15 INFO TaskSetManager: Starting task 43.0 in stage 22.0 (TID 254) (172.18.0.8, executor 0, partition 43, PROCESS_LOCAL, 7356 bytes)
[2025-12-07T20:03:15.972+0000] {subprocess.py:106} INFO - 25/12/07 20:03:15 INFO TaskSetManager: Finished task 26.0 in stage 22.0 (TID 238) in 210 ms on 172.18.0.8 (executor 0) (27/50)
[2025-12-07T20:03:15.973+0000] {subprocess.py:106} INFO - 25/12/07 20:03:15 INFO TaskSetManager: Finished task 25.0 in stage 22.0 (TID 237) in 212 ms on 172.18.0.8 (executor 0) (28/50)
[2025-12-07T20:03:15.985+0000] {subprocess.py:106} INFO - 25/12/07 20:03:15 INFO TaskSetManager: Starting task 44.0 in stage 22.0 (TID 255) (172.18.0.8, executor 0, partition 44, PROCESS_LOCAL, 7356 bytes)
[2025-12-07T20:03:15.987+0000] {subprocess.py:106} INFO - 25/12/07 20:03:15 INFO TaskSetManager: Finished task 28.0 in stage 22.0 (TID 240) in 209 ms on 172.18.0.8 (executor 0) (29/50)
[2025-12-07T20:03:15.988+0000] {subprocess.py:106} INFO - 25/12/07 20:03:15 INFO TaskSetManager: Starting task 45.0 in stage 22.0 (TID 256) (172.18.0.8, executor 0, partition 45, PROCESS_LOCAL, 7356 bytes)
[2025-12-07T20:03:15.992+0000] {subprocess.py:106} INFO - 25/12/07 20:03:15 INFO TaskSetManager: Finished task 29.0 in stage 22.0 (TID 241) in 207 ms on 172.18.0.8 (executor 0) (30/50)
[2025-12-07T20:03:15.993+0000] {subprocess.py:106} INFO - 25/12/07 20:03:15 INFO TaskSetManager: Starting task 46.0 in stage 22.0 (TID 257) (172.18.0.8, executor 0, partition 46, PROCESS_LOCAL, 7356 bytes)
[2025-12-07T20:03:15.994+0000] {subprocess.py:106} INFO - 25/12/07 20:03:15 INFO TaskSetManager: Starting task 47.0 in stage 22.0 (TID 258) (172.18.0.8, executor 0, partition 47, PROCESS_LOCAL, 7356 bytes)
[2025-12-07T20:03:16.002+0000] {subprocess.py:106} INFO - 25/12/07 20:03:15 INFO TaskSetManager: Finished task 27.0 in stage 22.0 (TID 239) in 230 ms on 172.18.0.8 (executor 0) (31/50)
[2025-12-07T20:03:16.005+0000] {subprocess.py:106} INFO - 25/12/07 20:03:15 INFO BlockManagerInfo: Added rdd_63_34 in memory on 172.18.0.8:41783 (size: 46.0 B, free: 434.1 MiB)
[2025-12-07T20:03:16.006+0000] {subprocess.py:106} INFO - 25/12/07 20:03:15 INFO TaskSetManager: Finished task 30.0 in stage 22.0 (TID 242) in 226 ms on 172.18.0.8 (executor 0) (32/50)
[2025-12-07T20:03:16.012+0000] {subprocess.py:106} INFO - 25/12/07 20:03:16 INFO BlockManagerInfo: Added rdd_63_33 in memory on 172.18.0.8:41783 (size: 46.0 B, free: 434.1 MiB)
[2025-12-07T20:03:16.013+0000] {subprocess.py:106} INFO - 25/12/07 20:03:16 INFO BlockManagerInfo: Added rdd_63_31 in memory on 172.18.0.8:41783 (size: 46.0 B, free: 434.1 MiB)
[2025-12-07T20:03:16.020+0000] {subprocess.py:106} INFO - 25/12/07 20:03:16 INFO BlockManagerInfo: Added rdd_63_32 in memory on 172.18.0.8:41783 (size: 46.0 B, free: 434.1 MiB)
[2025-12-07T20:03:16.027+0000] {subprocess.py:106} INFO - 25/12/07 20:03:16 INFO BlockManagerInfo: Added rdd_63_38 in memory on 172.18.0.8:41783 (size: 46.0 B, free: 434.1 MiB)
[2025-12-07T20:03:16.030+0000] {subprocess.py:106} INFO - 25/12/07 20:03:16 INFO BlockManagerInfo: Added rdd_63_37 in memory on 172.18.0.8:41783 (size: 46.0 B, free: 434.1 MiB)
[2025-12-07T20:03:16.053+0000] {subprocess.py:106} INFO - 25/12/07 20:03:16 INFO TaskSetManager: Starting task 48.0 in stage 22.0 (TID 259) (172.18.0.8, executor 0, partition 48, PROCESS_LOCAL, 7356 bytes)
[2025-12-07T20:03:16.054+0000] {subprocess.py:106} INFO - 25/12/07 20:03:16 INFO TaskSetManager: Finished task 34.0 in stage 22.0 (TID 246) in 134 ms on 172.18.0.8 (executor 0) (33/50)
[2025-12-07T20:03:16.056+0000] {subprocess.py:106} INFO - 25/12/07 20:03:16 INFO TaskSetManager: Starting task 49.0 in stage 22.0 (TID 260) (172.18.0.8, executor 0, partition 49, PROCESS_LOCAL, 7356 bytes)
[2025-12-07T20:03:16.058+0000] {subprocess.py:106} INFO - 25/12/07 20:03:16 INFO BlockManagerInfo: Added rdd_63_40 in memory on 172.18.0.8:41783 (size: 46.0 B, free: 434.1 MiB)
[2025-12-07T20:03:16.061+0000] {subprocess.py:106} INFO - 25/12/07 20:03:16 INFO BlockManagerInfo: Added rdd_63_35 in memory on 172.18.0.8:41783 (size: 46.0 B, free: 434.1 MiB)
[2025-12-07T20:03:16.063+0000] {subprocess.py:106} INFO - 25/12/07 20:03:16 INFO BlockManagerInfo: Added rdd_63_39 in memory on 172.18.0.8:41783 (size: 46.0 B, free: 434.1 MiB)
[2025-12-07T20:03:16.064+0000] {subprocess.py:106} INFO - 25/12/07 20:03:16 INFO TaskSetManager: Finished task 33.0 in stage 22.0 (TID 245) in 149 ms on 172.18.0.8 (executor 0) (34/50)
[2025-12-07T20:03:16.065+0000] {subprocess.py:106} INFO - 25/12/07 20:03:16 INFO TaskSetManager: Finished task 31.0 in stage 22.0 (TID 243) in 167 ms on 172.18.0.8 (executor 0) (35/50)
[2025-12-07T20:03:16.075+0000] {subprocess.py:106} INFO - 25/12/07 20:03:16 INFO BlockManagerInfo: Added rdd_63_36 in memory on 172.18.0.8:41783 (size: 46.0 B, free: 434.1 MiB)
[2025-12-07T20:03:16.078+0000] {subprocess.py:106} INFO - 25/12/07 20:03:16 INFO BlockManagerInfo: Added rdd_63_41 in memory on 172.18.0.8:41783 (size: 46.0 B, free: 434.1 MiB)
[2025-12-07T20:03:16.083+0000] {subprocess.py:106} INFO - 25/12/07 20:03:16 INFO TaskSetManager: Finished task 37.0 in stage 22.0 (TID 249) in 144 ms on 172.18.0.8 (executor 0) (36/50)
[2025-12-07T20:03:16.084+0000] {subprocess.py:106} INFO - 25/12/07 20:03:16 INFO BlockManagerInfo: Added rdd_63_45 in memory on 172.18.0.8:41783 (size: 46.0 B, free: 434.1 MiB)
[2025-12-07T20:03:16.088+0000] {subprocess.py:106} INFO - 25/12/07 20:03:16 INFO BlockManagerInfo: Added rdd_63_44 in memory on 172.18.0.8:41783 (size: 46.0 B, free: 434.1 MiB)
[2025-12-07T20:03:16.089+0000] {subprocess.py:106} INFO - 25/12/07 20:03:16 INFO TaskSetManager: Finished task 32.0 in stage 22.0 (TID 244) in 170 ms on 172.18.0.8 (executor 0) (37/50)
[2025-12-07T20:03:16.094+0000] {subprocess.py:106} INFO - 25/12/07 20:03:16 INFO BlockManagerInfo: Added rdd_63_46 in memory on 172.18.0.8:41783 (size: 46.0 B, free: 434.1 MiB)
[2025-12-07T20:03:16.095+0000] {subprocess.py:106} INFO - 25/12/07 20:03:16 INFO BlockManagerInfo: Added rdd_63_47 in memory on 172.18.0.8:41783 (size: 46.0 B, free: 434.1 MiB)
[2025-12-07T20:03:16.096+0000] {subprocess.py:106} INFO - 25/12/07 20:03:16 INFO TaskSetManager: Finished task 38.0 in stage 22.0 (TID 250) in 156 ms on 172.18.0.8 (executor 0) (38/50)
[2025-12-07T20:03:16.102+0000] {subprocess.py:106} INFO - 25/12/07 20:03:16 INFO BlockManagerInfo: Added rdd_63_43 in memory on 172.18.0.8:41783 (size: 46.0 B, free: 434.1 MiB)
[2025-12-07T20:03:16.105+0000] {subprocess.py:106} INFO - 25/12/07 20:03:16 INFO TaskSetManager: Finished task 40.0 in stage 22.0 (TID 252) in 141 ms on 172.18.0.8 (executor 0) (39/50)
[2025-12-07T20:03:16.107+0000] {subprocess.py:106} INFO - 25/12/07 20:03:16 INFO TaskSetManager: Finished task 35.0 in stage 22.0 (TID 247) in 179 ms on 172.18.0.8 (executor 0) (40/50)
[2025-12-07T20:03:16.111+0000] {subprocess.py:106} INFO - 25/12/07 20:03:16 INFO TaskSetManager: Finished task 39.0 in stage 22.0 (TID 251) in 160 ms on 172.18.0.8 (executor 0) (41/50)
[2025-12-07T20:03:16.120+0000] {subprocess.py:106} INFO - 25/12/07 20:03:16 INFO TaskSetManager: Finished task 36.0 in stage 22.0 (TID 248) in 193 ms on 172.18.0.8 (executor 0) (42/50)
[2025-12-07T20:03:16.117+0000] {subprocess.py:106} INFO - 25/12/07 20:03:16 INFO TaskSetManager: Finished task 41.0 in stage 22.0 (TID 253) in 151 ms on 172.18.0.8 (executor 0) (43/50)
[2025-12-07T20:03:16.119+0000] {subprocess.py:106} INFO - 25/12/07 20:03:16 INFO TaskSetManager: Finished task 45.0 in stage 22.0 (TID 256) in 137 ms on 172.18.0.8 (executor 0) (44/50)
[2025-12-07T20:03:16.123+0000] {subprocess.py:106} INFO - 25/12/07 20:03:16 INFO TaskSetManager: Finished task 47.0 in stage 22.0 (TID 258) in 131 ms on 172.18.0.8 (executor 0) (45/50)
[2025-12-07T20:03:16.125+0000] {subprocess.py:106} INFO - 25/12/07 20:03:16 INFO TaskSetManager: Finished task 44.0 in stage 22.0 (TID 255) in 149 ms on 172.18.0.8 (executor 0) (46/50)
[2025-12-07T20:03:16.127+0000] {subprocess.py:106} INFO - 25/12/07 20:03:16 INFO TaskSetManager: Finished task 46.0 in stage 22.0 (TID 257) in 135 ms on 172.18.0.8 (executor 0) (47/50)
[2025-12-07T20:03:16.133+0000] {subprocess.py:106} INFO - 25/12/07 20:03:16 INFO BlockManagerInfo: Added rdd_63_48 in memory on 172.18.0.8:41783 (size: 46.0 B, free: 434.1 MiB)
[2025-12-07T20:03:16.141+0000] {subprocess.py:106} INFO - 25/12/07 20:03:16 INFO BlockManagerInfo: Added rdd_63_49 in memory on 172.18.0.8:41783 (size: 46.0 B, free: 434.1 MiB)
[2025-12-07T20:03:16.150+0000] {subprocess.py:106} INFO - 25/12/07 20:03:16 INFO TaskSetManager: Finished task 43.0 in stage 22.0 (TID 254) in 183 ms on 172.18.0.8 (executor 0) (48/50)
[2025-12-07T20:03:16.169+0000] {subprocess.py:106} INFO - 25/12/07 20:03:16 INFO TaskSetManager: Finished task 48.0 in stage 22.0 (TID 259) in 121 ms on 172.18.0.8 (executor 0) (49/50)
[2025-12-07T20:03:16.174+0000] {subprocess.py:106} INFO - 25/12/07 20:03:16 INFO TaskSetManager: Finished task 49.0 in stage 22.0 (TID 260) in 118 ms on 172.18.0.8 (executor 0) (50/50)
[2025-12-07T20:03:16.175+0000] {subprocess.py:106} INFO - 25/12/07 20:03:16 INFO TaskSchedulerImpl: Removed TaskSet 22.0, whose tasks have all completed, from pool
[2025-12-07T20:03:16.176+0000] {subprocess.py:106} INFO - 25/12/07 20:03:16 INFO DAGScheduler: ShuffleMapStage 22 ($anonfun$recordDeltaOperationInternal$1 at DatabricksLogging.scala:128) finished in 0.682 s
[2025-12-07T20:03:16.177+0000] {subprocess.py:106} INFO - 25/12/07 20:03:16 INFO DAGScheduler: looking for newly runnable stages
[2025-12-07T20:03:16.177+0000] {subprocess.py:106} INFO - 25/12/07 20:03:16 INFO DAGScheduler: running: Set()
[2025-12-07T20:03:16.178+0000] {subprocess.py:106} INFO - 25/12/07 20:03:16 INFO DAGScheduler: waiting: Set()
[2025-12-07T20:03:16.179+0000] {subprocess.py:106} INFO - 25/12/07 20:03:16 INFO DAGScheduler: failed: Set()
[2025-12-07T20:03:16.205+0000] {subprocess.py:106} INFO - 25/12/07 20:03:16 INFO BlockManagerInfo: Removed broadcast_23_piece0 on 13f196131dae:36513 in memory (size: 123.3 KiB, free: 434.2 MiB)
[2025-12-07T20:03:16.208+0000] {subprocess.py:106} INFO - 25/12/07 20:03:16 INFO BlockManagerInfo: Removed broadcast_23_piece0 on 172.18.0.8:41783 in memory (size: 123.3 KiB, free: 434.3 MiB)
[2025-12-07T20:03:16.214+0000] {subprocess.py:106} INFO - 25/12/07 20:03:16 INFO SparkContext: Starting job: $anonfun$recordDeltaOperationInternal$1 at DatabricksLogging.scala:128
[2025-12-07T20:03:16.215+0000] {subprocess.py:106} INFO - 25/12/07 20:03:16 INFO DAGScheduler: Got job 14 ($anonfun$recordDeltaOperationInternal$1 at DatabricksLogging.scala:128) with 1 output partitions
[2025-12-07T20:03:16.216+0000] {subprocess.py:106} INFO - 25/12/07 20:03:16 INFO DAGScheduler: Final stage: ResultStage 25 ($anonfun$recordDeltaOperationInternal$1 at DatabricksLogging.scala:128)
[2025-12-07T20:03:16.217+0000] {subprocess.py:106} INFO - 25/12/07 20:03:16 INFO DAGScheduler: Parents of final stage: List(ShuffleMapStage 24)
[2025-12-07T20:03:16.218+0000] {subprocess.py:106} INFO - 25/12/07 20:03:16 INFO DAGScheduler: Missing parents: List()
[2025-12-07T20:03:16.218+0000] {subprocess.py:106} INFO - 25/12/07 20:03:16 INFO DAGScheduler: Submitting ResultStage 25 (MapPartitionsRDD[69] at $anonfun$recordDeltaOperationInternal$1 at DatabricksLogging.scala:128), which has no missing parents
[2025-12-07T20:03:16.224+0000] {subprocess.py:106} INFO - 25/12/07 20:03:16 INFO MemoryStore: Block broadcast_24 stored as values in memory (estimated size 452.4 KiB, free 432.3 MiB)
[2025-12-07T20:03:16.229+0000] {subprocess.py:106} INFO - 25/12/07 20:03:16 INFO MemoryStore: Block broadcast_24_piece0 stored as bytes in memory (estimated size 108.2 KiB, free 432.1 MiB)
[2025-12-07T20:03:16.230+0000] {subprocess.py:106} INFO - 25/12/07 20:03:16 INFO BlockManagerInfo: Added broadcast_24_piece0 in memory on 13f196131dae:36513 (size: 108.2 KiB, free: 434.0 MiB)
[2025-12-07T20:03:16.231+0000] {subprocess.py:106} INFO - 25/12/07 20:03:16 INFO SparkContext: Created broadcast 24 from broadcast at DAGScheduler.scala:1535
[2025-12-07T20:03:16.232+0000] {subprocess.py:106} INFO - 25/12/07 20:03:16 INFO DAGScheduler: Submitting 1 missing tasks from ResultStage 25 (MapPartitionsRDD[69] at $anonfun$recordDeltaOperationInternal$1 at DatabricksLogging.scala:128) (first 15 tasks are for partitions Vector(0))
[2025-12-07T20:03:16.233+0000] {subprocess.py:106} INFO - 25/12/07 20:03:16 INFO TaskSchedulerImpl: Adding task set 25.0 with 1 tasks resource profile 0
[2025-12-07T20:03:16.233+0000] {subprocess.py:106} INFO - 25/12/07 20:03:16 INFO TaskSetManager: Starting task 0.0 in stage 25.0 (TID 261) (172.18.0.8, executor 0, partition 0, NODE_LOCAL, 7367 bytes)
[2025-12-07T20:03:16.244+0000] {subprocess.py:106} INFO - 25/12/07 20:03:16 INFO BlockManagerInfo: Added broadcast_24_piece0 in memory on 172.18.0.8:41783 (size: 108.2 KiB, free: 434.1 MiB)
[2025-12-07T20:03:16.264+0000] {subprocess.py:106} INFO - 25/12/07 20:03:16 INFO MapOutputTrackerMasterEndpoint: Asked to send map output locations for shuffle 5 to 172.18.0.8:33606
[2025-12-07T20:03:16.298+0000] {subprocess.py:106} INFO - 25/12/07 20:03:16 INFO TaskSetManager: Finished task 0.0 in stage 25.0 (TID 261) in 65 ms on 172.18.0.8 (executor 0) (1/1)
[2025-12-07T20:03:16.299+0000] {subprocess.py:106} INFO - 25/12/07 20:03:16 INFO TaskSchedulerImpl: Removed TaskSet 25.0, whose tasks have all completed, from pool
[2025-12-07T20:03:16.301+0000] {subprocess.py:106} INFO - 25/12/07 20:03:16 INFO DAGScheduler: ResultStage 25 ($anonfun$recordDeltaOperationInternal$1 at DatabricksLogging.scala:128) finished in 0.079 s
[2025-12-07T20:03:16.301+0000] {subprocess.py:106} INFO - 25/12/07 20:03:16 INFO DAGScheduler: Job 14 is finished. Cancelling potential speculative or zombie tasks for this job
[2025-12-07T20:03:16.302+0000] {subprocess.py:106} INFO - 25/12/07 20:03:16 INFO TaskSchedulerImpl: Killing all running tasks in stage 25: Stage finished
[2025-12-07T20:03:16.303+0000] {subprocess.py:106} INFO - 25/12/07 20:03:16 INFO DAGScheduler: Job 14 finished: $anonfun$recordDeltaOperationInternal$1 at DatabricksLogging.scala:128, took 0.085355 s
[2025-12-07T20:03:16.310+0000] {subprocess.py:106} INFO - 25/12/07 20:03:16 INFO Snapshot: [tableId=42b664c4-f9a5-4564-9437-ce4d3bc75df2] DELTA: Done
[2025-12-07T20:03:16.374+0000] {subprocess.py:106} INFO - 25/12/07 20:03:16 INFO OptimisticTransaction: [tableId=42b664c4,txnId=9b11b95c] Committed delta #1 to s3a://gold/dim_products/_delta_log
[2025-12-07T20:03:16.381+0000] {subprocess.py:106} INFO - --> [SUCCESS] Written dim_products to s3a://gold/dim_products
[2025-12-07T20:03:16.384+0000] {subprocess.py:106} INFO - Processing Dim Customers...
[2025-12-07T20:03:16.412+0000] {subprocess.py:106} INFO - 25/12/07 20:03:16 INFO DelegatingLogStore: LogStore `LogStoreAdapter(io.delta.storage.S3SingleDriverLogStore)` is used for scheme `s3a`
[2025-12-07T20:03:16.441+0000] {subprocess.py:106} INFO - 25/12/07 20:03:16 INFO DeltaLog: Loading version 0.
[2025-12-07T20:03:16.448+0000] {subprocess.py:106} INFO - 25/12/07 20:03:16 INFO DeltaLogFileIndex: Created DeltaLogFileIndex(JSON, numFilesInSegment: 1, totalFileSize: 2263)
[2025-12-07T20:03:16.495+0000] {subprocess.py:106} INFO - 25/12/07 20:03:16 INFO FileSourceStrategy: Pushed Filters:
[2025-12-07T20:03:16.496+0000] {subprocess.py:106} INFO - 25/12/07 20:03:16 INFO FileSourceStrategy: Post-Scan Filters:
[2025-12-07T20:03:16.520+0000] {subprocess.py:106} INFO - 25/12/07 20:03:16 INFO MemoryStore: Block broadcast_25 stored as values in memory (estimated size 212.9 KiB, free 431.9 MiB)
[2025-12-07T20:03:16.536+0000] {subprocess.py:106} INFO - 25/12/07 20:03:16 INFO BlockManagerInfo: Removed broadcast_24_piece0 on 13f196131dae:36513 in memory (size: 108.2 KiB, free: 434.2 MiB)
[2025-12-07T20:03:16.538+0000] {subprocess.py:106} INFO - 25/12/07 20:03:16 INFO BlockManagerInfo: Removed broadcast_24_piece0 on 172.18.0.8:41783 in memory (size: 108.2 KiB, free: 434.3 MiB)
[2025-12-07T20:03:16.542+0000] {subprocess.py:106} INFO - 25/12/07 20:03:16 INFO MemoryStore: Block broadcast_25_piece0 stored as bytes in memory (estimated size 36.4 KiB, free 432.5 MiB)
[2025-12-07T20:03:16.543+0000] {subprocess.py:106} INFO - 25/12/07 20:03:16 INFO BlockManagerInfo: Added broadcast_25_piece0 in memory on 13f196131dae:36513 (size: 36.4 KiB, free: 434.1 MiB)
[2025-12-07T20:03:16.544+0000] {subprocess.py:106} INFO - 25/12/07 20:03:16 INFO SparkContext: Created broadcast 25 from toString at <unknown>:0
[2025-12-07T20:03:16.544+0000] {subprocess.py:106} INFO - 25/12/07 20:03:16 INFO FileSourceScanExec: Planning scan with bin packing, max size: 4194304 bytes, open cost is considered as scanning 4194304 bytes.
[2025-12-07T20:03:16.562+0000] {subprocess.py:106} INFO - 25/12/07 20:03:16 INFO SparkContext: Starting job: toString at <unknown>:0
[2025-12-07T20:03:16.564+0000] {subprocess.py:106} INFO - 25/12/07 20:03:16 INFO DAGScheduler: Got job 15 (toString at <unknown>:0) with 1 output partitions
[2025-12-07T20:03:16.564+0000] {subprocess.py:106} INFO - 25/12/07 20:03:16 INFO DAGScheduler: Final stage: ResultStage 26 (toString at <unknown>:0)
[2025-12-07T20:03:16.566+0000] {subprocess.py:106} INFO - 25/12/07 20:03:16 INFO DAGScheduler: Parents of final stage: List()
[2025-12-07T20:03:16.566+0000] {subprocess.py:106} INFO - 25/12/07 20:03:16 INFO DAGScheduler: Missing parents: List()
[2025-12-07T20:03:16.567+0000] {subprocess.py:106} INFO - 25/12/07 20:03:16 INFO DAGScheduler: Submitting ResultStage 26 (MapPartitionsRDD[73] at toString at <unknown>:0), which has no missing parents
[2025-12-07T20:03:16.568+0000] {subprocess.py:106} INFO - 25/12/07 20:03:16 INFO MemoryStore: Block broadcast_26 stored as values in memory (estimated size 50.4 KiB, free 432.4 MiB)
[2025-12-07T20:03:16.570+0000] {subprocess.py:106} INFO - 25/12/07 20:03:16 INFO MemoryStore: Block broadcast_26_piece0 stored as bytes in memory (estimated size 15.5 KiB, free 432.4 MiB)
[2025-12-07T20:03:16.571+0000] {subprocess.py:106} INFO - 25/12/07 20:03:16 INFO BlockManagerInfo: Added broadcast_26_piece0 in memory on 13f196131dae:36513 (size: 15.5 KiB, free: 434.1 MiB)
[2025-12-07T20:03:16.572+0000] {subprocess.py:106} INFO - 25/12/07 20:03:16 INFO SparkContext: Created broadcast 26 from broadcast at DAGScheduler.scala:1535
[2025-12-07T20:03:16.574+0000] {subprocess.py:106} INFO - 25/12/07 20:03:16 INFO DAGScheduler: Submitting 1 missing tasks from ResultStage 26 (MapPartitionsRDD[73] at toString at <unknown>:0) (first 15 tasks are for partitions Vector(0))
[2025-12-07T20:03:16.575+0000] {subprocess.py:106} INFO - 25/12/07 20:03:16 INFO TaskSchedulerImpl: Adding task set 26.0 with 1 tasks resource profile 0
[2025-12-07T20:03:16.576+0000] {subprocess.py:106} INFO - 25/12/07 20:03:16 INFO TaskSetManager: Starting task 0.0 in stage 26.0 (TID 262) (172.18.0.8, executor 0, partition 0, PROCESS_LOCAL, 7943 bytes)
[2025-12-07T20:03:16.601+0000] {subprocess.py:106} INFO - 25/12/07 20:03:16 INFO BlockManager: Removing RDD 40
[2025-12-07T20:03:16.602+0000] {subprocess.py:106} INFO - 25/12/07 20:03:16 INFO BlockManagerInfo: Added broadcast_26_piece0 in memory on 172.18.0.8:41783 (size: 15.5 KiB, free: 434.2 MiB)
[2025-12-07T20:03:16.617+0000] {subprocess.py:106} INFO - 25/12/07 20:03:16 INFO BlockManagerInfo: Removed broadcast_10_piece0 on 13f196131dae:36513 in memory (size: 36.9 KiB, free: 434.1 MiB)
[2025-12-07T20:03:16.618+0000] {subprocess.py:106} INFO - 25/12/07 20:03:16 INFO BlockManagerInfo: Removed broadcast_10_piece0 on 172.18.0.8:41783 in memory (size: 36.9 KiB, free: 434.3 MiB)
[2025-12-07T20:03:16.625+0000] {subprocess.py:106} INFO - 25/12/07 20:03:16 INFO BlockManagerInfo: Added broadcast_25_piece0 in memory on 172.18.0.8:41783 (size: 36.4 KiB, free: 434.2 MiB)
[2025-12-07T20:03:16.632+0000] {subprocess.py:106} INFO - 25/12/07 20:03:16 INFO BlockManagerInfo: Removed broadcast_12_piece0 on 13f196131dae:36513 in memory (size: 36.2 KiB, free: 434.2 MiB)
[2025-12-07T20:03:16.643+0000] {subprocess.py:106} INFO - 25/12/07 20:03:16 INFO BlockManagerInfo: Removed broadcast_13_piece0 on 13f196131dae:36513 in memory (size: 36.3 KiB, free: 434.2 MiB)
[2025-12-07T20:03:16.648+0000] {subprocess.py:106} INFO - 25/12/07 20:03:16 INFO BlockManagerInfo: Removed broadcast_13_piece0 on 172.18.0.8:41783 in memory (size: 36.3 KiB, free: 434.3 MiB)
[2025-12-07T20:03:16.673+0000] {subprocess.py:106} INFO - 25/12/07 20:03:16 INFO TaskSetManager: Finished task 0.0 in stage 26.0 (TID 262) in 98 ms on 172.18.0.8 (executor 0) (1/1)
[2025-12-07T20:03:16.674+0000] {subprocess.py:106} INFO - 25/12/07 20:03:16 INFO TaskSchedulerImpl: Removed TaskSet 26.0, whose tasks have all completed, from pool
[2025-12-07T20:03:16.675+0000] {subprocess.py:106} INFO - 25/12/07 20:03:16 INFO DAGScheduler: ResultStage 26 (toString at <unknown>:0) finished in 0.107 s
[2025-12-07T20:03:16.676+0000] {subprocess.py:106} INFO - 25/12/07 20:03:16 INFO DAGScheduler: Job 15 is finished. Cancelling potential speculative or zombie tasks for this job
[2025-12-07T20:03:16.677+0000] {subprocess.py:106} INFO - 25/12/07 20:03:16 INFO TaskSchedulerImpl: Killing all running tasks in stage 26: Stage finished
[2025-12-07T20:03:16.677+0000] {subprocess.py:106} INFO - 25/12/07 20:03:16 INFO DAGScheduler: Job 15 finished: toString at <unknown>:0, took 0.112001 s
[2025-12-07T20:03:16.685+0000] {subprocess.py:106} INFO - 25/12/07 20:03:16 INFO Snapshot: [tableId=622fd820-7765-42a1-9c55-8c47314872fb] Created snapshot Snapshot(path=s3a://silver/customers/_delta_log, version=0, metadata=Metadata(c0e02008-b6c6-4d83-bc2b-cbd5d39cb72d,null,null,Format(parquet,Map()),{"type":"struct","fields":[{"name":"customer_id","type":"string","nullable":true,"metadata":{}},{"name":"customer_name","type":"string","nullable":true,"metadata":{}},{"name":"phone","type":"string","nullable":true,"metadata":{}},{"name":"address","type":"string","nullable":true,"metadata":{}},{"name":"customer_group","type":"string","nullable":true,"metadata":{}},{"name":"current_debt","type":"decimal(18,2)","nullable":true,"metadata":{}},{"name":"status","type":"integer","nullable":true,"metadata":{}},{"name":"etl_loaded_at","type":"timestamp","nullable":true,"metadata":{}}]},List(),Map(),Some(1765137231361)), logSegment=LogSegment(s3a://silver/customers/_delta_log,0,WrappedArray(S3AFileStatus{path=s3a://silver/customers/_delta_log/00000000000000000000.json; isDirectory=false; length=2263; replication=1; blocksize=33554432; modification_time=1765137234424; access_time=0; owner=root; group=root; permission=rw-rw-rw-; isSymlink=false; hasAcl=false; isEncrypted=true; isErasureCoded=false} isEmptyDirectory=FALSE eTag=e0198677c7102a1a26eebe01f8aaa2f8 versionId=null),None,1765137234424), checksumOpt=None)
[2025-12-07T20:03:16.756+0000] {subprocess.py:106} INFO - 25/12/07 20:03:16 INFO DelegatingLogStore: LogStore `LogStoreAdapter(io.delta.storage.S3SingleDriverLogStore)` is used for scheme `s3a`
[2025-12-07T20:03:16.777+0000] {subprocess.py:106} INFO - 25/12/07 20:03:16 INFO DeltaLog: Loading version 0.
[2025-12-07T20:03:16.783+0000] {subprocess.py:106} INFO - 25/12/07 20:03:16 INFO DeltaLogFileIndex: Created DeltaLogFileIndex(JSON, numFilesInSegment: 1, totalFileSize: 2245)
[2025-12-07T20:03:16.811+0000] {subprocess.py:106} INFO - 25/12/07 20:03:16 INFO FileSourceStrategy: Pushed Filters:
[2025-12-07T20:03:16.812+0000] {subprocess.py:106} INFO - 25/12/07 20:03:16 INFO FileSourceStrategy: Post-Scan Filters:
[2025-12-07T20:03:16.828+0000] {subprocess.py:106} INFO - 25/12/07 20:03:16 INFO MemoryStore: Block broadcast_27 stored as values in memory (estimated size 212.9 KiB, free 432.9 MiB)
[2025-12-07T20:03:16.836+0000] {subprocess.py:106} INFO - 25/12/07 20:03:16 INFO MemoryStore: Block broadcast_27_piece0 stored as bytes in memory (estimated size 36.4 KiB, free 432.9 MiB)
[2025-12-07T20:03:16.837+0000] {subprocess.py:106} INFO - 25/12/07 20:03:16 INFO BlockManagerInfo: Added broadcast_27_piece0 in memory on 13f196131dae:36513 (size: 36.4 KiB, free: 434.2 MiB)
[2025-12-07T20:03:16.838+0000] {subprocess.py:106} INFO - 25/12/07 20:03:16 INFO SparkContext: Created broadcast 27 from toString at <unknown>:0
[2025-12-07T20:03:16.838+0000] {subprocess.py:106} INFO - 25/12/07 20:03:16 INFO FileSourceScanExec: Planning scan with bin packing, max size: 4194304 bytes, open cost is considered as scanning 4194304 bytes.
[2025-12-07T20:03:16.851+0000] {subprocess.py:106} INFO - 25/12/07 20:03:16 INFO SparkContext: Starting job: toString at <unknown>:0
[2025-12-07T20:03:16.852+0000] {subprocess.py:106} INFO - 25/12/07 20:03:16 INFO DAGScheduler: Got job 16 (toString at <unknown>:0) with 1 output partitions
[2025-12-07T20:03:16.852+0000] {subprocess.py:106} INFO - 25/12/07 20:03:16 INFO DAGScheduler: Final stage: ResultStage 27 (toString at <unknown>:0)
[2025-12-07T20:03:16.853+0000] {subprocess.py:106} INFO - 25/12/07 20:03:16 INFO DAGScheduler: Parents of final stage: List()
[2025-12-07T20:03:16.854+0000] {subprocess.py:106} INFO - 25/12/07 20:03:16 INFO DAGScheduler: Missing parents: List()
[2025-12-07T20:03:16.854+0000] {subprocess.py:106} INFO - 25/12/07 20:03:16 INFO DAGScheduler: Submitting ResultStage 27 (MapPartitionsRDD[77] at toString at <unknown>:0), which has no missing parents
[2025-12-07T20:03:16.855+0000] {subprocess.py:106} INFO - 25/12/07 20:03:16 INFO MemoryStore: Block broadcast_28 stored as values in memory (estimated size 50.4 KiB, free 432.8 MiB)
[2025-12-07T20:03:16.856+0000] {subprocess.py:106} INFO - 25/12/07 20:03:16 INFO MemoryStore: Block broadcast_28_piece0 stored as bytes in memory (estimated size 15.5 KiB, free 432.8 MiB)
[2025-12-07T20:03:16.856+0000] {subprocess.py:106} INFO - 25/12/07 20:03:16 INFO BlockManagerInfo: Added broadcast_28_piece0 in memory on 13f196131dae:36513 (size: 15.5 KiB, free: 434.2 MiB)
[2025-12-07T20:03:16.857+0000] {subprocess.py:106} INFO - 25/12/07 20:03:16 INFO SparkContext: Created broadcast 28 from broadcast at DAGScheduler.scala:1535
[2025-12-07T20:03:16.858+0000] {subprocess.py:106} INFO - 25/12/07 20:03:16 INFO DAGScheduler: Submitting 1 missing tasks from ResultStage 27 (MapPartitionsRDD[77] at toString at <unknown>:0) (first 15 tasks are for partitions Vector(0))
[2025-12-07T20:03:16.858+0000] {subprocess.py:106} INFO - 25/12/07 20:03:16 INFO TaskSchedulerImpl: Adding task set 27.0 with 1 tasks resource profile 0
[2025-12-07T20:03:16.859+0000] {subprocess.py:106} INFO - 25/12/07 20:03:16 INFO TaskSetManager: Starting task 0.0 in stage 27.0 (TID 263) (172.18.0.8, executor 0, partition 0, PROCESS_LOCAL, 7945 bytes)
[2025-12-07T20:03:16.868+0000] {subprocess.py:106} INFO - 25/12/07 20:03:16 INFO BlockManagerInfo: Added broadcast_28_piece0 in memory on 172.18.0.8:41783 (size: 15.5 KiB, free: 434.3 MiB)
[2025-12-07T20:03:16.881+0000] {subprocess.py:106} INFO - 25/12/07 20:03:16 INFO BlockManagerInfo: Added broadcast_27_piece0 in memory on 172.18.0.8:41783 (size: 36.4 KiB, free: 434.2 MiB)
[2025-12-07T20:03:16.912+0000] {subprocess.py:106} INFO - 25/12/07 20:03:16 INFO TaskSetManager: Finished task 0.0 in stage 27.0 (TID 263) in 53 ms on 172.18.0.8 (executor 0) (1/1)
[2025-12-07T20:03:16.913+0000] {subprocess.py:106} INFO - 25/12/07 20:03:16 INFO TaskSchedulerImpl: Removed TaskSet 27.0, whose tasks have all completed, from pool
[2025-12-07T20:03:16.914+0000] {subprocess.py:106} INFO - 25/12/07 20:03:16 INFO DAGScheduler: ResultStage 27 (toString at <unknown>:0) finished in 0.060 s
[2025-12-07T20:03:16.914+0000] {subprocess.py:106} INFO - 25/12/07 20:03:16 INFO DAGScheduler: Job 16 is finished. Cancelling potential speculative or zombie tasks for this job
[2025-12-07T20:03:16.915+0000] {subprocess.py:106} INFO - 25/12/07 20:03:16 INFO TaskSchedulerImpl: Killing all running tasks in stage 27: Stage finished
[2025-12-07T20:03:16.915+0000] {subprocess.py:106} INFO - 25/12/07 20:03:16 INFO DAGScheduler: Job 16 finished: toString at <unknown>:0, took 0.062534 s
[2025-12-07T20:03:16.925+0000] {subprocess.py:106} INFO - 25/12/07 20:03:16 INFO Snapshot: [tableId=10849f69-cd2f-474c-9f6f-a5de470bf132] Created snapshot Snapshot(path=s3a://gold/dim_customers/_delta_log, version=0, metadata=Metadata(724e12ac-f55f-44d4-b386-0b4714a86aea,null,null,Format(parquet,Map()),{"type":"struct","fields":[{"name":"customer_key","type":"string","nullable":true,"metadata":{}},{"name":"customer_id","type":"string","nullable":true,"metadata":{}},{"name":"customer_name","type":"string","nullable":true,"metadata":{}},{"name":"phone","type":"string","nullable":true,"metadata":{}},{"name":"address","type":"string","nullable":true,"metadata":{}},{"name":"customer_group","type":"string","nullable":true,"metadata":{}},{"name":"status","type":"integer","nullable":true,"metadata":{}},{"name":"last_updated","type":"timestamp","nullable":true,"metadata":{}}]},List(),Map(),Some(1765136694081)), logSegment=LogSegment(s3a://gold/dim_customers/_delta_log,0,WrappedArray(S3AFileStatus{path=s3a://gold/dim_customers/_delta_log/00000000000000000000.json; isDirectory=false; length=2245; replication=1; blocksize=33554432; modification_time=1765136696521; access_time=0; owner=root; group=root; permission=rw-rw-rw-; isSymlink=false; hasAcl=false; isEncrypted=true; isErasureCoded=false} isEmptyDirectory=FALSE eTag=fd42944bc6f63278bc52f20a70da7d55 versionId=null),None,1765136696521), checksumOpt=None)
[2025-12-07T20:03:16.928+0000] {subprocess.py:106} INFO - 25/12/07 20:03:16 INFO BlockManagerInfo: Removed broadcast_28_piece0 on 13f196131dae:36513 in memory (size: 15.5 KiB, free: 434.2 MiB)
[2025-12-07T20:03:16.931+0000] {subprocess.py:106} INFO - 25/12/07 20:03:16 INFO BlockManagerInfo: Removed broadcast_28_piece0 on 172.18.0.8:41783 in memory (size: 15.5 KiB, free: 434.2 MiB)
[2025-12-07T20:03:16.937+0000] {subprocess.py:106} INFO - 25/12/07 20:03:16 INFO BlockManagerInfo: Removed broadcast_26_piece0 on 13f196131dae:36513 in memory (size: 15.5 KiB, free: 434.2 MiB)
[2025-12-07T20:03:16.938+0000] {subprocess.py:106} INFO - 25/12/07 20:03:16 INFO BlockManagerInfo: Removed broadcast_26_piece0 on 172.18.0.8:41783 in memory (size: 15.5 KiB, free: 434.3 MiB)
[2025-12-07T20:03:16.944+0000] {subprocess.py:106} INFO - 25/12/07 20:03:16 INFO BlockManagerInfo: Removed broadcast_25_piece0 on 13f196131dae:36513 in memory (size: 36.4 KiB, free: 434.2 MiB)
[2025-12-07T20:03:16.945+0000] {subprocess.py:106} INFO - 25/12/07 20:03:16 INFO BlockManagerInfo: Removed broadcast_25_piece0 on 172.18.0.8:41783 in memory (size: 36.4 KiB, free: 434.3 MiB)
[2025-12-07T20:03:17.018+0000] {subprocess.py:106} INFO - 25/12/07 20:03:17 INFO PrepareDeltaScan: DELTA: Filtering files for query
[2025-12-07T20:03:17.020+0000] {subprocess.py:106} INFO - 25/12/07 20:03:17 INFO Snapshot: [tableId=c0e02008-b6c6-4d83-bc2b-cbd5d39cb72d] DELTA: Compute snapshot for version: 0
[2025-12-07T20:03:17.025+0000] {subprocess.py:106} INFO - 25/12/07 20:03:17 INFO MemoryStore: Block broadcast_29 stored as values in memory (estimated size 212.3 KiB, free 433.0 MiB)
[2025-12-07T20:03:17.031+0000] {subprocess.py:106} INFO - 25/12/07 20:03:17 INFO MemoryStore: Block broadcast_29_piece0 stored as bytes in memory (estimated size 36.3 KiB, free 432.9 MiB)
[2025-12-07T20:03:17.032+0000] {subprocess.py:106} INFO - 25/12/07 20:03:17 INFO BlockManagerInfo: Added broadcast_29_piece0 in memory on 13f196131dae:36513 (size: 36.3 KiB, free: 434.2 MiB)
[2025-12-07T20:03:17.033+0000] {subprocess.py:106} INFO - 25/12/07 20:03:17 INFO SparkContext: Created broadcast 29 from $anonfun$recordDeltaOperationInternal$1 at DatabricksLogging.scala:128
[2025-12-07T20:03:17.163+0000] {subprocess.py:106} INFO - 25/12/07 20:03:17 INFO FileSourceStrategy: Pushed Filters:
[2025-12-07T20:03:17.164+0000] {subprocess.py:106} INFO - 25/12/07 20:03:17 INFO FileSourceStrategy: Post-Scan Filters:
[2025-12-07T20:03:17.201+0000] {subprocess.py:106} INFO - 25/12/07 20:03:17 INFO MemoryStore: Block broadcast_30 stored as values in memory (estimated size 212.9 KiB, free 432.7 MiB)
[2025-12-07T20:03:17.207+0000] {subprocess.py:106} INFO - 25/12/07 20:03:17 INFO MemoryStore: Block broadcast_30_piece0 stored as bytes in memory (estimated size 36.4 KiB, free 432.7 MiB)
[2025-12-07T20:03:17.208+0000] {subprocess.py:106} INFO - 25/12/07 20:03:17 INFO BlockManagerInfo: Added broadcast_30_piece0 in memory on 13f196131dae:36513 (size: 36.4 KiB, free: 434.2 MiB)
[2025-12-07T20:03:17.209+0000] {subprocess.py:106} INFO - 25/12/07 20:03:17 INFO SparkContext: Created broadcast 30 from $anonfun$recordDeltaOperationInternal$1 at DatabricksLogging.scala:128
[2025-12-07T20:03:17.210+0000] {subprocess.py:106} INFO - 25/12/07 20:03:17 INFO FileSourceScanExec: Planning scan with bin packing, max size: 4194304 bytes, open cost is considered as scanning 4194304 bytes.
[2025-12-07T20:03:17.223+0000] {subprocess.py:106} INFO - 25/12/07 20:03:17 INFO DAGScheduler: Registering RDD 81 ($anonfun$recordDeltaOperationInternal$1 at DatabricksLogging.scala:128) as input to shuffle 6
[2025-12-07T20:03:17.224+0000] {subprocess.py:106} INFO - 25/12/07 20:03:17 INFO DAGScheduler: Got map stage job 17 ($anonfun$recordDeltaOperationInternal$1 at DatabricksLogging.scala:128) with 1 output partitions
[2025-12-07T20:03:17.225+0000] {subprocess.py:106} INFO - 25/12/07 20:03:17 INFO DAGScheduler: Final stage: ShuffleMapStage 28 ($anonfun$recordDeltaOperationInternal$1 at DatabricksLogging.scala:128)
[2025-12-07T20:03:17.225+0000] {subprocess.py:106} INFO - 25/12/07 20:03:17 INFO DAGScheduler: Parents of final stage: List()
[2025-12-07T20:03:17.226+0000] {subprocess.py:106} INFO - 25/12/07 20:03:17 INFO DAGScheduler: Missing parents: List()
[2025-12-07T20:03:17.226+0000] {subprocess.py:106} INFO - 25/12/07 20:03:17 INFO DAGScheduler: Submitting ShuffleMapStage 28 (MapPartitionsRDD[81] at $anonfun$recordDeltaOperationInternal$1 at DatabricksLogging.scala:128), which has no missing parents
[2025-12-07T20:03:17.229+0000] {subprocess.py:106} INFO - 25/12/07 20:03:17 INFO MemoryStore: Block broadcast_31 stored as values in memory (estimated size 138.3 KiB, free 432.6 MiB)
[2025-12-07T20:03:17.238+0000] {subprocess.py:106} INFO - 25/12/07 20:03:17 INFO MemoryStore: Block broadcast_31_piece0 stored as bytes in memory (estimated size 39.0 KiB, free 432.5 MiB)
[2025-12-07T20:03:17.239+0000] {subprocess.py:106} INFO - 25/12/07 20:03:17 INFO BlockManagerInfo: Added broadcast_31_piece0 in memory on 13f196131dae:36513 (size: 39.0 KiB, free: 434.1 MiB)
[2025-12-07T20:03:17.240+0000] {subprocess.py:106} INFO - 25/12/07 20:03:17 INFO SparkContext: Created broadcast 31 from broadcast at DAGScheduler.scala:1535
[2025-12-07T20:03:17.241+0000] {subprocess.py:106} INFO - 25/12/07 20:03:17 INFO DAGScheduler: Submitting 1 missing tasks from ShuffleMapStage 28 (MapPartitionsRDD[81] at $anonfun$recordDeltaOperationInternal$1 at DatabricksLogging.scala:128) (first 15 tasks are for partitions Vector(0))
[2025-12-07T20:03:17.241+0000] {subprocess.py:106} INFO - 25/12/07 20:03:17 INFO TaskSchedulerImpl: Adding task set 28.0 with 1 tasks resource profile 0
[2025-12-07T20:03:17.242+0000] {subprocess.py:106} INFO - 25/12/07 20:03:17 INFO TaskSetManager: Starting task 0.0 in stage 28.0 (TID 264) (172.18.0.8, executor 0, partition 0, PROCESS_LOCAL, 7932 bytes)
[2025-12-07T20:03:17.250+0000] {subprocess.py:106} INFO - 25/12/07 20:03:17 INFO BlockManagerInfo: Added broadcast_31_piece0 in memory on 172.18.0.8:41783 (size: 39.0 KiB, free: 434.2 MiB)
[2025-12-07T20:03:17.286+0000] {subprocess.py:106} INFO - 25/12/07 20:03:17 INFO BlockManagerInfo: Removed broadcast_27_piece0 on 13f196131dae:36513 in memory (size: 36.4 KiB, free: 434.1 MiB)
[2025-12-07T20:03:17.287+0000] {subprocess.py:106} INFO - 25/12/07 20:03:17 INFO BlockManagerInfo: Added broadcast_30_piece0 in memory on 172.18.0.8:41783 (size: 36.4 KiB, free: 434.2 MiB)
[2025-12-07T20:03:17.288+0000] {subprocess.py:106} INFO - 25/12/07 20:03:17 INFO BlockManagerInfo: Removed broadcast_27_piece0 on 172.18.0.8:41783 in memory (size: 36.4 KiB, free: 434.2 MiB)
[2025-12-07T20:03:17.326+0000] {subprocess.py:106} INFO - 25/12/07 20:03:17 INFO TaskSetManager: Finished task 0.0 in stage 28.0 (TID 264) in 85 ms on 172.18.0.8 (executor 0) (1/1)
[2025-12-07T20:03:17.327+0000] {subprocess.py:106} INFO - 25/12/07 20:03:17 INFO TaskSchedulerImpl: Removed TaskSet 28.0, whose tasks have all completed, from pool
[2025-12-07T20:03:17.328+0000] {subprocess.py:106} INFO - 25/12/07 20:03:17 INFO DAGScheduler: ShuffleMapStage 28 ($anonfun$recordDeltaOperationInternal$1 at DatabricksLogging.scala:128) finished in 0.101 s
[2025-12-07T20:03:17.328+0000] {subprocess.py:106} INFO - 25/12/07 20:03:17 INFO DAGScheduler: looking for newly runnable stages
[2025-12-07T20:03:17.329+0000] {subprocess.py:106} INFO - 25/12/07 20:03:17 INFO DAGScheduler: running: Set()
[2025-12-07T20:03:17.329+0000] {subprocess.py:106} INFO - 25/12/07 20:03:17 INFO DAGScheduler: waiting: Set()
[2025-12-07T20:03:17.330+0000] {subprocess.py:106} INFO - 25/12/07 20:03:17 INFO DAGScheduler: failed: Set()
[2025-12-07T20:03:17.372+0000] {subprocess.py:106} INFO - 25/12/07 20:03:17 INFO BlockManagerInfo: Removed broadcast_31_piece0 on 13f196131dae:36513 in memory (size: 39.0 KiB, free: 434.2 MiB)
[2025-12-07T20:03:17.373+0000] {subprocess.py:106} INFO - 25/12/07 20:03:17 INFO BlockManagerInfo: Removed broadcast_31_piece0 on 172.18.0.8:41783 in memory (size: 39.0 KiB, free: 434.3 MiB)
[2025-12-07T20:03:17.502+0000] {subprocess.py:106} INFO - 25/12/07 20:03:17 INFO DAGScheduler: Registering RDD 91 ($anonfun$recordDeltaOperationInternal$1 at DatabricksLogging.scala:128) as input to shuffle 7
[2025-12-07T20:03:17.503+0000] {subprocess.py:106} INFO - 25/12/07 20:03:17 INFO DAGScheduler: Got map stage job 18 ($anonfun$recordDeltaOperationInternal$1 at DatabricksLogging.scala:128) with 50 output partitions
[2025-12-07T20:03:17.504+0000] {subprocess.py:106} INFO - 25/12/07 20:03:17 INFO DAGScheduler: Final stage: ShuffleMapStage 30 ($anonfun$recordDeltaOperationInternal$1 at DatabricksLogging.scala:128)
[2025-12-07T20:03:17.505+0000] {subprocess.py:106} INFO - 25/12/07 20:03:17 INFO DAGScheduler: Parents of final stage: List(ShuffleMapStage 29)
[2025-12-07T20:03:17.505+0000] {subprocess.py:106} INFO - 25/12/07 20:03:17 INFO DAGScheduler: Missing parents: List()
[2025-12-07T20:03:17.506+0000] {subprocess.py:106} INFO - 25/12/07 20:03:17 INFO DAGScheduler: Submitting ShuffleMapStage 30 (MapPartitionsRDD[91] at $anonfun$recordDeltaOperationInternal$1 at DatabricksLogging.scala:128), which has no missing parents
[2025-12-07T20:03:17.545+0000] {subprocess.py:106} INFO - 25/12/07 20:03:17 INFO MemoryStore: Block broadcast_32 stored as values in memory (estimated size 517.2 KiB, free 432.4 MiB)
[2025-12-07T20:03:17.547+0000] {subprocess.py:106} INFO - 25/12/07 20:03:17 INFO MemoryStore: Block broadcast_32_piece0 stored as bytes in memory (estimated size 123.3 KiB, free 432.3 MiB)
[2025-12-07T20:03:17.548+0000] {subprocess.py:106} INFO - 25/12/07 20:03:17 INFO BlockManagerInfo: Added broadcast_32_piece0 in memory on 13f196131dae:36513 (size: 123.3 KiB, free: 434.1 MiB)
[2025-12-07T20:03:17.548+0000] {subprocess.py:106} INFO - 25/12/07 20:03:17 INFO SparkContext: Created broadcast 32 from broadcast at DAGScheduler.scala:1535
[2025-12-07T20:03:17.549+0000] {subprocess.py:106} INFO - 25/12/07 20:03:17 INFO DAGScheduler: Submitting 50 missing tasks from ShuffleMapStage 30 (MapPartitionsRDD[91] at $anonfun$recordDeltaOperationInternal$1 at DatabricksLogging.scala:128) (first 15 tasks are for partitions Vector(0, 1, 2, 3, 4, 5, 6, 7, 8, 9, 10, 11, 12, 13, 14))
[2025-12-07T20:03:17.550+0000] {subprocess.py:106} INFO - 25/12/07 20:03:17 INFO TaskSchedulerImpl: Adding task set 30.0 with 50 tasks resource profile 0
[2025-12-07T20:03:17.550+0000] {subprocess.py:106} INFO - 25/12/07 20:03:17 INFO TaskSetManager: Starting task 39.0 in stage 30.0 (TID 265) (172.18.0.8, executor 0, partition 39, NODE_LOCAL, 7356 bytes)
[2025-12-07T20:03:17.551+0000] {subprocess.py:106} INFO - 25/12/07 20:03:17 INFO TaskSetManager: Starting task 42.0 in stage 30.0 (TID 266) (172.18.0.8, executor 0, partition 42, NODE_LOCAL, 7356 bytes)
[2025-12-07T20:03:17.552+0000] {subprocess.py:106} INFO - 25/12/07 20:03:17 INFO TaskSetManager: Starting task 0.0 in stage 30.0 (TID 267) (172.18.0.8, executor 0, partition 0, PROCESS_LOCAL, 7356 bytes)
[2025-12-07T20:03:17.553+0000] {subprocess.py:106} INFO - 25/12/07 20:03:17 INFO TaskSetManager: Starting task 1.0 in stage 30.0 (TID 268) (172.18.0.8, executor 0, partition 1, PROCESS_LOCAL, 7356 bytes)
[2025-12-07T20:03:17.556+0000] {subprocess.py:106} INFO - 25/12/07 20:03:17 INFO TaskSetManager: Starting task 2.0 in stage 30.0 (TID 269) (172.18.0.8, executor 0, partition 2, PROCESS_LOCAL, 7356 bytes)
[2025-12-07T20:03:17.557+0000] {subprocess.py:106} INFO - 25/12/07 20:03:17 INFO TaskSetManager: Starting task 3.0 in stage 30.0 (TID 270) (172.18.0.8, executor 0, partition 3, PROCESS_LOCAL, 7356 bytes)
[2025-12-07T20:03:17.558+0000] {subprocess.py:106} INFO - 25/12/07 20:03:17 INFO TaskSetManager: Starting task 4.0 in stage 30.0 (TID 271) (172.18.0.8, executor 0, partition 4, PROCESS_LOCAL, 7356 bytes)
[2025-12-07T20:03:17.560+0000] {subprocess.py:106} INFO - 25/12/07 20:03:17 INFO TaskSetManager: Starting task 5.0 in stage 30.0 (TID 272) (172.18.0.8, executor 0, partition 5, PROCESS_LOCAL, 7356 bytes)
[2025-12-07T20:03:17.561+0000] {subprocess.py:106} INFO - 25/12/07 20:03:17 INFO TaskSetManager: Starting task 6.0 in stage 30.0 (TID 273) (172.18.0.8, executor 0, partition 6, PROCESS_LOCAL, 7356 bytes)
[2025-12-07T20:03:17.562+0000] {subprocess.py:106} INFO - 25/12/07 20:03:17 INFO TaskSetManager: Starting task 7.0 in stage 30.0 (TID 274) (172.18.0.8, executor 0, partition 7, PROCESS_LOCAL, 7356 bytes)
[2025-12-07T20:03:17.562+0000] {subprocess.py:106} INFO - 25/12/07 20:03:17 INFO TaskSetManager: Starting task 8.0 in stage 30.0 (TID 275) (172.18.0.8, executor 0, partition 8, PROCESS_LOCAL, 7356 bytes)
[2025-12-07T20:03:17.563+0000] {subprocess.py:106} INFO - 25/12/07 20:03:17 INFO TaskSetManager: Starting task 9.0 in stage 30.0 (TID 276) (172.18.0.8, executor 0, partition 9, PROCESS_LOCAL, 7356 bytes)
[2025-12-07T20:03:17.564+0000] {subprocess.py:106} INFO - 25/12/07 20:03:17 INFO TaskSetManager: Starting task 10.0 in stage 30.0 (TID 277) (172.18.0.8, executor 0, partition 10, PROCESS_LOCAL, 7356 bytes)
[2025-12-07T20:03:17.564+0000] {subprocess.py:106} INFO - 25/12/07 20:03:17 INFO TaskSetManager: Starting task 11.0 in stage 30.0 (TID 278) (172.18.0.8, executor 0, partition 11, PROCESS_LOCAL, 7356 bytes)
[2025-12-07T20:03:17.565+0000] {subprocess.py:106} INFO - 25/12/07 20:03:17 INFO TaskSetManager: Starting task 12.0 in stage 30.0 (TID 279) (172.18.0.8, executor 0, partition 12, PROCESS_LOCAL, 7356 bytes)
[2025-12-07T20:03:17.565+0000] {subprocess.py:106} INFO - 25/12/07 20:03:17 INFO TaskSetManager: Starting task 13.0 in stage 30.0 (TID 280) (172.18.0.8, executor 0, partition 13, PROCESS_LOCAL, 7356 bytes)
[2025-12-07T20:03:17.567+0000] {subprocess.py:106} INFO - 25/12/07 20:03:17 INFO BlockManagerInfo: Added broadcast_32_piece0 in memory on 172.18.0.8:41783 (size: 123.3 KiB, free: 434.2 MiB)
[2025-12-07T20:03:17.584+0000] {subprocess.py:106} INFO - 25/12/07 20:03:17 INFO MapOutputTrackerMasterEndpoint: Asked to send map output locations for shuffle 6 to 172.18.0.8:33606
[2025-12-07T20:03:17.698+0000] {subprocess.py:106} INFO - 25/12/07 20:03:17 INFO BlockManagerInfo: Added rdd_88_42 in memory on 172.18.0.8:41783 (size: 566.0 B, free: 434.2 MiB)
[2025-12-07T20:03:17.700+0000] {subprocess.py:106} INFO - 25/12/07 20:03:17 INFO BlockManagerInfo: Added rdd_88_12 in memory on 172.18.0.8:41783 (size: 46.0 B, free: 434.2 MiB)
[2025-12-07T20:03:17.701+0000] {subprocess.py:106} INFO - 25/12/07 20:03:17 INFO BlockManagerInfo: Added rdd_88_11 in memory on 172.18.0.8:41783 (size: 46.0 B, free: 434.2 MiB)
[2025-12-07T20:03:17.702+0000] {subprocess.py:106} INFO - 25/12/07 20:03:17 INFO BlockManagerInfo: Added rdd_88_3 in memory on 172.18.0.8:41783 (size: 46.0 B, free: 434.2 MiB)
[2025-12-07T20:03:17.703+0000] {subprocess.py:106} INFO - 25/12/07 20:03:17 INFO BlockManagerInfo: Added rdd_88_13 in memory on 172.18.0.8:41783 (size: 46.0 B, free: 434.2 MiB)
[2025-12-07T20:03:17.704+0000] {subprocess.py:106} INFO - 25/12/07 20:03:17 INFO BlockManagerInfo: Added rdd_88_39 in memory on 172.18.0.8:41783 (size: 768.0 B, free: 434.2 MiB)
[2025-12-07T20:03:17.704+0000] {subprocess.py:106} INFO - 25/12/07 20:03:17 INFO BlockManagerInfo: Added rdd_88_8 in memory on 172.18.0.8:41783 (size: 46.0 B, free: 434.2 MiB)
[2025-12-07T20:03:17.705+0000] {subprocess.py:106} INFO - 25/12/07 20:03:17 INFO BlockManagerInfo: Added rdd_88_10 in memory on 172.18.0.8:41783 (size: 46.0 B, free: 434.2 MiB)
[2025-12-07T20:03:17.706+0000] {subprocess.py:106} INFO - 25/12/07 20:03:17 INFO BlockManagerInfo: Added rdd_88_0 in memory on 172.18.0.8:41783 (size: 46.0 B, free: 434.2 MiB)
[2025-12-07T20:03:17.711+0000] {subprocess.py:106} INFO - 25/12/07 20:03:17 INFO BlockManagerInfo: Added rdd_88_4 in memory on 172.18.0.8:41783 (size: 46.0 B, free: 434.2 MiB)
[2025-12-07T20:03:17.719+0000] {subprocess.py:106} INFO - 25/12/07 20:03:17 INFO BlockManagerInfo: Added rdd_88_2 in memory on 172.18.0.8:41783 (size: 46.0 B, free: 434.2 MiB)
[2025-12-07T20:03:17.721+0000] {subprocess.py:106} INFO - 25/12/07 20:03:17 INFO BlockManagerInfo: Added rdd_88_6 in memory on 172.18.0.8:41783 (size: 46.0 B, free: 434.2 MiB)
[2025-12-07T20:03:17.722+0000] {subprocess.py:106} INFO - 25/12/07 20:03:17 INFO BlockManagerInfo: Added rdd_88_1 in memory on 172.18.0.8:41783 (size: 46.0 B, free: 434.2 MiB)
[2025-12-07T20:03:17.723+0000] {subprocess.py:106} INFO - 25/12/07 20:03:17 INFO BlockManagerInfo: Added rdd_88_5 in memory on 172.18.0.8:41783 (size: 46.0 B, free: 434.2 MiB)
[2025-12-07T20:03:17.726+0000] {subprocess.py:106} INFO - 25/12/07 20:03:17 INFO BlockManagerInfo: Added rdd_88_9 in memory on 172.18.0.8:41783 (size: 46.0 B, free: 434.2 MiB)
[2025-12-07T20:03:17.743+0000] {subprocess.py:106} INFO - 25/12/07 20:03:17 INFO BlockManagerInfo: Added rdd_88_7 in memory on 172.18.0.8:41783 (size: 46.0 B, free: 434.2 MiB)
[2025-12-07T20:03:17.749+0000] {subprocess.py:106} INFO - 25/12/07 20:03:17 INFO TaskSetManager: Starting task 14.0 in stage 30.0 (TID 281) (172.18.0.8, executor 0, partition 14, PROCESS_LOCAL, 7356 bytes)
[2025-12-07T20:03:17.751+0000] {subprocess.py:106} INFO - 25/12/07 20:03:17 INFO TaskSetManager: Finished task 39.0 in stage 30.0 (TID 265) in 198 ms on 172.18.0.8 (executor 0) (1/50)
[2025-12-07T20:03:17.753+0000] {subprocess.py:106} INFO - 25/12/07 20:03:17 INFO TaskSetManager: Starting task 15.0 in stage 30.0 (TID 282) (172.18.0.8, executor 0, partition 15, PROCESS_LOCAL, 7356 bytes)
[2025-12-07T20:03:17.755+0000] {subprocess.py:106} INFO - 25/12/07 20:03:17 INFO TaskSetManager: Finished task 10.0 in stage 30.0 (TID 277) in 198 ms on 172.18.0.8 (executor 0) (2/50)
[2025-12-07T20:03:17.758+0000] {subprocess.py:106} INFO - 25/12/07 20:03:17 INFO TaskSetManager: Starting task 16.0 in stage 30.0 (TID 283) (172.18.0.8, executor 0, partition 16, PROCESS_LOCAL, 7356 bytes)
[2025-12-07T20:03:17.759+0000] {subprocess.py:106} INFO - 25/12/07 20:03:17 INFO TaskSetManager: Finished task 2.0 in stage 30.0 (TID 269) in 203 ms on 172.18.0.8 (executor 0) (3/50)
[2025-12-07T20:03:17.760+0000] {subprocess.py:106} INFO - 25/12/07 20:03:17 INFO TaskSetManager: Starting task 17.0 in stage 30.0 (TID 284) (172.18.0.8, executor 0, partition 17, PROCESS_LOCAL, 7356 bytes)
[2025-12-07T20:03:17.763+0000] {subprocess.py:106} INFO - 25/12/07 20:03:17 INFO TaskSetManager: Finished task 12.0 in stage 30.0 (TID 279) in 203 ms on 172.18.0.8 (executor 0) (4/50)
[2025-12-07T20:03:17.767+0000] {subprocess.py:106} INFO - 25/12/07 20:03:17 INFO TaskSetManager: Starting task 18.0 in stage 30.0 (TID 285) (172.18.0.8, executor 0, partition 18, PROCESS_LOCAL, 7356 bytes)
[2025-12-07T20:03:17.770+0000] {subprocess.py:106} INFO - 25/12/07 20:03:17 INFO TaskSetManager: Starting task 19.0 in stage 30.0 (TID 286) (172.18.0.8, executor 0, partition 19, PROCESS_LOCAL, 7356 bytes)
[2025-12-07T20:03:17.773+0000] {subprocess.py:106} INFO - 25/12/07 20:03:17 INFO TaskSetManager: Finished task 3.0 in stage 30.0 (TID 270) in 207 ms on 172.18.0.8 (executor 0) (5/50)
[2025-12-07T20:03:17.775+0000] {subprocess.py:106} INFO - 25/12/07 20:03:17 INFO TaskSetManager: Finished task 13.0 in stage 30.0 (TID 280) in 205 ms on 172.18.0.8 (executor 0) (6/50)
[2025-12-07T20:03:17.776+0000] {subprocess.py:106} INFO - 25/12/07 20:03:17 INFO TaskSetManager: Starting task 20.0 in stage 30.0 (TID 287) (172.18.0.8, executor 0, partition 20, PROCESS_LOCAL, 7356 bytes)
[2025-12-07T20:03:17.777+0000] {subprocess.py:106} INFO - 25/12/07 20:03:17 INFO TaskSetManager: Starting task 21.0 in stage 30.0 (TID 288) (172.18.0.8, executor 0, partition 21, PROCESS_LOCAL, 7356 bytes)
[2025-12-07T20:03:17.780+0000] {subprocess.py:106} INFO - 25/12/07 20:03:17 INFO TaskSetManager: Finished task 5.0 in stage 30.0 (TID 272) in 217 ms on 172.18.0.8 (executor 0) (7/50)
[2025-12-07T20:03:17.782+0000] {subprocess.py:106} INFO - 25/12/07 20:03:17 INFO TaskSetManager: Finished task 42.0 in stage 30.0 (TID 266) in 218 ms on 172.18.0.8 (executor 0) (8/50)
[2025-12-07T20:03:17.785+0000] {subprocess.py:106} INFO - 25/12/07 20:03:17 INFO TaskSetManager: Starting task 22.0 in stage 30.0 (TID 289) (172.18.0.8, executor 0, partition 22, PROCESS_LOCAL, 7356 bytes)
[2025-12-07T20:03:17.788+0000] {subprocess.py:106} INFO - 25/12/07 20:03:17 INFO TaskSetManager: Starting task 23.0 in stage 30.0 (TID 290) (172.18.0.8, executor 0, partition 23, PROCESS_LOCAL, 7356 bytes)
[2025-12-07T20:03:17.789+0000] {subprocess.py:106} INFO - 25/12/07 20:03:17 INFO TaskSetManager: Starting task 24.0 in stage 30.0 (TID 291) (172.18.0.8, executor 0, partition 24, PROCESS_LOCAL, 7356 bytes)
[2025-12-07T20:03:17.793+0000] {subprocess.py:106} INFO - 25/12/07 20:03:17 INFO TaskSetManager: Finished task 11.0 in stage 30.0 (TID 278) in 221 ms on 172.18.0.8 (executor 0) (9/50)
[2025-12-07T20:03:17.794+0000] {subprocess.py:106} INFO - 25/12/07 20:03:17 INFO TaskSetManager: Starting task 25.0 in stage 30.0 (TID 292) (172.18.0.8, executor 0, partition 25, PROCESS_LOCAL, 7356 bytes)
[2025-12-07T20:03:17.795+0000] {subprocess.py:106} INFO - 25/12/07 20:03:17 INFO TaskSetManager: Finished task 0.0 in stage 30.0 (TID 267) in 225 ms on 172.18.0.8 (executor 0) (10/50)
[2025-12-07T20:03:17.799+0000] {subprocess.py:106} INFO - 25/12/07 20:03:17 INFO TaskSetManager: Finished task 1.0 in stage 30.0 (TID 268) in 225 ms on 172.18.0.8 (executor 0) (11/50)
[2025-12-07T20:03:17.800+0000] {subprocess.py:106} INFO - 25/12/07 20:03:17 INFO TaskSetManager: Starting task 26.0 in stage 30.0 (TID 293) (172.18.0.8, executor 0, partition 26, PROCESS_LOCAL, 7356 bytes)
[2025-12-07T20:03:17.801+0000] {subprocess.py:106} INFO - 25/12/07 20:03:17 INFO TaskSetManager: Starting task 27.0 in stage 30.0 (TID 294) (172.18.0.8, executor 0, partition 27, PROCESS_LOCAL, 7356 bytes)
[2025-12-07T20:03:17.802+0000] {subprocess.py:106} INFO - 25/12/07 20:03:17 INFO TaskSetManager: Finished task 8.0 in stage 30.0 (TID 275) in 229 ms on 172.18.0.8 (executor 0) (12/50)
[2025-12-07T20:03:17.804+0000] {subprocess.py:106} INFO - 25/12/07 20:03:17 INFO TaskSetManager: Finished task 4.0 in stage 30.0 (TID 271) in 230 ms on 172.18.0.8 (executor 0) (13/50)
[2025-12-07T20:03:17.805+0000] {subprocess.py:106} INFO - 25/12/07 20:03:17 INFO TaskSetManager: Finished task 6.0 in stage 30.0 (TID 273) in 229 ms on 172.18.0.8 (executor 0) (14/50)
[2025-12-07T20:03:17.806+0000] {subprocess.py:106} INFO - 25/12/07 20:03:17 INFO TaskSetManager: Starting task 28.0 in stage 30.0 (TID 295) (172.18.0.8, executor 0, partition 28, PROCESS_LOCAL, 7356 bytes)
[2025-12-07T20:03:17.807+0000] {subprocess.py:106} INFO - 25/12/07 20:03:17 INFO TaskSetManager: Finished task 9.0 in stage 30.0 (TID 276) in 236 ms on 172.18.0.8 (executor 0) (15/50)
[2025-12-07T20:03:17.807+0000] {subprocess.py:106} INFO - 25/12/07 20:03:17 INFO TaskSetManager: Starting task 29.0 in stage 30.0 (TID 296) (172.18.0.8, executor 0, partition 29, PROCESS_LOCAL, 7356 bytes)
[2025-12-07T20:03:17.808+0000] {subprocess.py:106} INFO - 25/12/07 20:03:17 INFO TaskSetManager: Finished task 7.0 in stage 30.0 (TID 274) in 241 ms on 172.18.0.8 (executor 0) (16/50)
[2025-12-07T20:03:17.863+0000] {subprocess.py:106} INFO - 25/12/07 20:03:17 INFO BlockManagerInfo: Added rdd_88_14 in memory on 172.18.0.8:41783 (size: 46.0 B, free: 434.2 MiB)
[2025-12-07T20:03:17.867+0000] {subprocess.py:106} INFO - 25/12/07 20:03:17 INFO BlockManagerInfo: Added rdd_88_15 in memory on 172.18.0.8:41783 (size: 46.0 B, free: 434.2 MiB)
[2025-12-07T20:03:17.868+0000] {subprocess.py:106} INFO - 25/12/07 20:03:17 INFO BlockManagerInfo: Added rdd_88_21 in memory on 172.18.0.8:41783 (size: 46.0 B, free: 434.2 MiB)
[2025-12-07T20:03:17.886+0000] {subprocess.py:106} INFO - 25/12/07 20:03:17 INFO BlockManagerInfo: Added rdd_88_18 in memory on 172.18.0.8:41783 (size: 46.0 B, free: 434.2 MiB)
[2025-12-07T20:03:17.888+0000] {subprocess.py:106} INFO - 25/12/07 20:03:17 INFO BlockManagerInfo: Added rdd_88_22 in memory on 172.18.0.8:41783 (size: 46.0 B, free: 434.2 MiB)
[2025-12-07T20:03:17.908+0000] {subprocess.py:106} INFO - 25/12/07 20:03:17 INFO BlockManagerInfo: Added rdd_88_26 in memory on 172.18.0.8:41783 (size: 46.0 B, free: 434.2 MiB)
[2025-12-07T20:03:17.911+0000] {subprocess.py:106} INFO - 25/12/07 20:03:17 INFO BlockManagerInfo: Added rdd_88_16 in memory on 172.18.0.8:41783 (size: 46.0 B, free: 434.2 MiB)
[2025-12-07T20:03:17.918+0000] {subprocess.py:106} INFO - 25/12/07 20:03:17 INFO BlockManagerInfo: Added rdd_88_23 in memory on 172.18.0.8:41783 (size: 46.0 B, free: 434.2 MiB)
[2025-12-07T20:03:17.923+0000] {subprocess.py:106} INFO - 25/12/07 20:03:17 INFO BlockManagerInfo: Added rdd_88_17 in memory on 172.18.0.8:41783 (size: 46.0 B, free: 434.2 MiB)
[2025-12-07T20:03:17.931+0000] {subprocess.py:106} INFO - 25/12/07 20:03:17 INFO BlockManagerInfo: Added rdd_88_28 in memory on 172.18.0.8:41783 (size: 46.0 B, free: 434.2 MiB)
[2025-12-07T20:03:17.933+0000] {subprocess.py:106} INFO - 25/12/07 20:03:17 INFO TaskSetManager: Starting task 30.0 in stage 30.0 (TID 297) (172.18.0.8, executor 0, partition 30, PROCESS_LOCAL, 7356 bytes)
[2025-12-07T20:03:17.934+0000] {subprocess.py:106} INFO - 25/12/07 20:03:17 INFO BlockManagerInfo: Added rdd_88_24 in memory on 172.18.0.8:41783 (size: 46.0 B, free: 434.2 MiB)
[2025-12-07T20:03:17.938+0000] {subprocess.py:106} INFO - 25/12/07 20:03:17 INFO TaskSetManager: Finished task 14.0 in stage 30.0 (TID 281) in 166 ms on 172.18.0.8 (executor 0) (17/50)
[2025-12-07T20:03:17.940+0000] {subprocess.py:106} INFO - 25/12/07 20:03:17 INFO TaskSetManager: Starting task 31.0 in stage 30.0 (TID 298) (172.18.0.8, executor 0, partition 31, PROCESS_LOCAL, 7356 bytes)
[2025-12-07T20:03:17.942+0000] {subprocess.py:106} INFO - 25/12/07 20:03:17 INFO TaskSetManager: Starting task 32.0 in stage 30.0 (TID 299) (172.18.0.8, executor 0, partition 32, PROCESS_LOCAL, 7356 bytes)
[2025-12-07T20:03:17.943+0000] {subprocess.py:106} INFO - 25/12/07 20:03:17 INFO TaskSetManager: Finished task 21.0 in stage 30.0 (TID 288) in 152 ms on 172.18.0.8 (executor 0) (18/50)
[2025-12-07T20:03:17.947+0000] {subprocess.py:106} INFO - 25/12/07 20:03:17 INFO BlockManagerInfo: Added rdd_88_27 in memory on 172.18.0.8:41783 (size: 46.0 B, free: 434.2 MiB)
[2025-12-07T20:03:17.948+0000] {subprocess.py:106} INFO - 25/12/07 20:03:17 INFO BlockManagerInfo: Added rdd_88_19 in memory on 172.18.0.8:41783 (size: 46.0 B, free: 434.2 MiB)
[2025-12-07T20:03:17.949+0000] {subprocess.py:106} INFO - 25/12/07 20:03:17 INFO BlockManagerInfo: Added rdd_88_25 in memory on 172.18.0.8:41783 (size: 46.0 B, free: 434.2 MiB)
[2025-12-07T20:03:17.950+0000] {subprocess.py:106} INFO - 25/12/07 20:03:17 INFO BlockManagerInfo: Added rdd_88_29 in memory on 172.18.0.8:41783 (size: 46.0 B, free: 434.2 MiB)
[2025-12-07T20:03:17.952+0000] {subprocess.py:106} INFO - 25/12/07 20:03:17 INFO TaskSetManager: Finished task 15.0 in stage 30.0 (TID 282) in 173 ms on 172.18.0.8 (executor 0) (19/50)
[2025-12-07T20:03:17.953+0000] {subprocess.py:106} INFO - 25/12/07 20:03:17 INFO BlockManagerInfo: Added rdd_88_20 in memory on 172.18.0.8:41783 (size: 46.0 B, free: 434.2 MiB)
[2025-12-07T20:03:17.954+0000] {subprocess.py:106} INFO - 25/12/07 20:03:17 INFO TaskSetManager: Starting task 33.0 in stage 30.0 (TID 300) (172.18.0.8, executor 0, partition 33, PROCESS_LOCAL, 7356 bytes)
[2025-12-07T20:03:17.955+0000] {subprocess.py:106} INFO - 25/12/07 20:03:17 INFO TaskSetManager: Starting task 34.0 in stage 30.0 (TID 301) (172.18.0.8, executor 0, partition 34, PROCESS_LOCAL, 7356 bytes)
[2025-12-07T20:03:17.963+0000] {subprocess.py:106} INFO - 25/12/07 20:03:17 INFO TaskSetManager: Finished task 22.0 in stage 30.0 (TID 289) in 173 ms on 172.18.0.8 (executor 0) (20/50)
[2025-12-07T20:03:17.964+0000] {subprocess.py:106} INFO - 25/12/07 20:03:17 INFO TaskSetManager: Finished task 18.0 in stage 30.0 (TID 285) in 188 ms on 172.18.0.8 (executor 0) (21/50)
[2025-12-07T20:03:17.967+0000] {subprocess.py:106} INFO - 25/12/07 20:03:17 INFO TaskSetManager: Starting task 35.0 in stage 30.0 (TID 302) (172.18.0.8, executor 0, partition 35, PROCESS_LOCAL, 7356 bytes)
[2025-12-07T20:03:17.969+0000] {subprocess.py:106} INFO - 25/12/07 20:03:17 INFO TaskSetManager: Finished task 16.0 in stage 30.0 (TID 283) in 194 ms on 172.18.0.8 (executor 0) (22/50)
[2025-12-07T20:03:17.970+0000] {subprocess.py:106} INFO - 25/12/07 20:03:17 INFO TaskSetManager: Starting task 36.0 in stage 30.0 (TID 303) (172.18.0.8, executor 0, partition 36, PROCESS_LOCAL, 7356 bytes)
[2025-12-07T20:03:17.972+0000] {subprocess.py:106} INFO - 25/12/07 20:03:17 INFO TaskSetManager: Finished task 23.0 in stage 30.0 (TID 290) in 182 ms on 172.18.0.8 (executor 0) (23/50)
[2025-12-07T20:03:17.975+0000] {subprocess.py:106} INFO - 25/12/07 20:03:17 INFO TaskSetManager: Starting task 37.0 in stage 30.0 (TID 304) (172.18.0.8, executor 0, partition 37, PROCESS_LOCAL, 7356 bytes)
[2025-12-07T20:03:17.976+0000] {subprocess.py:106} INFO - 25/12/07 20:03:17 INFO TaskSetManager: Finished task 17.0 in stage 30.0 (TID 284) in 204 ms on 172.18.0.8 (executor 0) (24/50)
[2025-12-07T20:03:17.978+0000] {subprocess.py:106} INFO - 25/12/07 20:03:17 INFO TaskSetManager: Starting task 38.0 in stage 30.0 (TID 305) (172.18.0.8, executor 0, partition 38, PROCESS_LOCAL, 7356 bytes)
[2025-12-07T20:03:17.980+0000] {subprocess.py:106} INFO - 25/12/07 20:03:17 INFO TaskSetManager: Finished task 26.0 in stage 30.0 (TID 293) in 185 ms on 172.18.0.8 (executor 0) (25/50)
[2025-12-07T20:03:17.981+0000] {subprocess.py:106} INFO - 25/12/07 20:03:17 INFO TaskSetManager: Starting task 40.0 in stage 30.0 (TID 306) (172.18.0.8, executor 0, partition 40, PROCESS_LOCAL, 7356 bytes)
[2025-12-07T20:03:17.982+0000] {subprocess.py:106} INFO - 25/12/07 20:03:17 INFO TaskSetManager: Starting task 41.0 in stage 30.0 (TID 307) (172.18.0.8, executor 0, partition 41, PROCESS_LOCAL, 7356 bytes)
[2025-12-07T20:03:17.984+0000] {subprocess.py:106} INFO - 25/12/07 20:03:17 INFO TaskSetManager: Finished task 28.0 in stage 30.0 (TID 295) in 181 ms on 172.18.0.8 (executor 0) (26/50)
[2025-12-07T20:03:17.985+0000] {subprocess.py:106} INFO - 25/12/07 20:03:17 INFO TaskSetManager: Finished task 24.0 in stage 30.0 (TID 291) in 197 ms on 172.18.0.8 (executor 0) (27/50)
[2025-12-07T20:03:17.986+0000] {subprocess.py:106} INFO - 25/12/07 20:03:17 INFO TaskSetManager: Starting task 43.0 in stage 30.0 (TID 308) (172.18.0.8, executor 0, partition 43, PROCESS_LOCAL, 7356 bytes)
[2025-12-07T20:03:17.987+0000] {subprocess.py:106} INFO - 25/12/07 20:03:17 INFO TaskSetManager: Finished task 27.0 in stage 30.0 (TID 294) in 194 ms on 172.18.0.8 (executor 0) (28/50)
[2025-12-07T20:03:17.988+0000] {subprocess.py:106} INFO - 25/12/07 20:03:17 INFO TaskSetManager: Starting task 44.0 in stage 30.0 (TID 309) (172.18.0.8, executor 0, partition 44, PROCESS_LOCAL, 7356 bytes)
[2025-12-07T20:03:17.989+0000] {subprocess.py:106} INFO - 25/12/07 20:03:17 INFO TaskSetManager: Finished task 25.0 in stage 30.0 (TID 292) in 208 ms on 172.18.0.8 (executor 0) (29/50)
[2025-12-07T20:03:17.993+0000] {subprocess.py:106} INFO - 25/12/07 20:03:17 INFO TaskSetManager: Starting task 45.0 in stage 30.0 (TID 310) (172.18.0.8, executor 0, partition 45, PROCESS_LOCAL, 7356 bytes)
[2025-12-07T20:03:17.995+0000] {subprocess.py:106} INFO - 25/12/07 20:03:17 INFO TaskSetManager: Starting task 46.0 in stage 30.0 (TID 311) (172.18.0.8, executor 0, partition 46, PROCESS_LOCAL, 7356 bytes)
[2025-12-07T20:03:17.996+0000] {subprocess.py:106} INFO - 25/12/07 20:03:17 INFO TaskSetManager: Finished task 29.0 in stage 30.0 (TID 296) in 194 ms on 172.18.0.8 (executor 0) (30/50)
[2025-12-07T20:03:17.997+0000] {subprocess.py:106} INFO - 25/12/07 20:03:17 INFO TaskSetManager: Finished task 19.0 in stage 30.0 (TID 286) in 230 ms on 172.18.0.8 (executor 0) (31/50)
[2025-12-07T20:03:18.018+0000] {subprocess.py:106} INFO - 25/12/07 20:03:18 INFO TaskSetManager: Starting task 47.0 in stage 30.0 (TID 312) (172.18.0.8, executor 0, partition 47, PROCESS_LOCAL, 7356 bytes)
[2025-12-07T20:03:18.024+0000] {subprocess.py:106} INFO - 25/12/07 20:03:18 INFO TaskSetManager: Finished task 20.0 in stage 30.0 (TID 287) in 247 ms on 172.18.0.8 (executor 0) (32/50)
[2025-12-07T20:03:18.039+0000] {subprocess.py:106} INFO - 25/12/07 20:03:18 INFO BlockManagerInfo: Added rdd_88_33 in memory on 172.18.0.8:41783 (size: 46.0 B, free: 434.2 MiB)
[2025-12-07T20:03:18.044+0000] {subprocess.py:106} INFO - 25/12/07 20:03:18 INFO BlockManagerInfo: Added rdd_88_31 in memory on 172.18.0.8:41783 (size: 46.0 B, free: 434.2 MiB)
[2025-12-07T20:03:18.059+0000] {subprocess.py:106} INFO - 25/12/07 20:03:18 INFO BlockManagerInfo: Added rdd_88_38 in memory on 172.18.0.8:41783 (size: 46.0 B, free: 434.2 MiB)
[2025-12-07T20:03:18.064+0000] {subprocess.py:106} INFO - 25/12/07 20:03:18 INFO BlockManagerInfo: Added rdd_88_32 in memory on 172.18.0.8:41783 (size: 46.0 B, free: 434.2 MiB)
[2025-12-07T20:03:18.065+0000] {subprocess.py:106} INFO - 25/12/07 20:03:18 INFO BlockManagerInfo: Added rdd_88_34 in memory on 172.18.0.8:41783 (size: 46.0 B, free: 434.2 MiB)
[2025-12-07T20:03:18.066+0000] {subprocess.py:106} INFO - 25/12/07 20:03:18 INFO BlockManagerInfo: Added rdd_88_43 in memory on 172.18.0.8:41783 (size: 46.0 B, free: 434.2 MiB)
[2025-12-07T20:03:18.068+0000] {subprocess.py:106} INFO - 25/12/07 20:03:18 INFO BlockManagerInfo: Added rdd_88_30 in memory on 172.18.0.8:41783 (size: 46.0 B, free: 434.2 MiB)
[2025-12-07T20:03:18.081+0000] {subprocess.py:106} INFO - 25/12/07 20:03:18 INFO BlockManagerInfo: Added rdd_88_36 in memory on 172.18.0.8:41783 (size: 46.0 B, free: 434.2 MiB)
[2025-12-07T20:03:18.083+0000] {subprocess.py:106} INFO - 25/12/07 20:03:18 INFO TaskSetManager: Starting task 48.0 in stage 30.0 (TID 313) (172.18.0.8, executor 0, partition 48, PROCESS_LOCAL, 7356 bytes)
[2025-12-07T20:03:18.084+0000] {subprocess.py:106} INFO - 25/12/07 20:03:18 INFO TaskSetManager: Finished task 33.0 in stage 30.0 (TID 300) in 143 ms on 172.18.0.8 (executor 0) (33/50)
[2025-12-07T20:03:18.085+0000] {subprocess.py:106} INFO - 25/12/07 20:03:18 INFO BlockManagerInfo: Added rdd_88_40 in memory on 172.18.0.8:41783 (size: 46.0 B, free: 434.2 MiB)
[2025-12-07T20:03:18.086+0000] {subprocess.py:106} INFO - 25/12/07 20:03:18 INFO BlockManagerInfo: Added rdd_88_41 in memory on 172.18.0.8:41783 (size: 46.0 B, free: 434.2 MiB)
[2025-12-07T20:03:18.095+0000] {subprocess.py:106} INFO - 25/12/07 20:03:18 INFO BlockManagerInfo: Added rdd_88_44 in memory on 172.18.0.8:41783 (size: 46.0 B, free: 434.2 MiB)
[2025-12-07T20:03:18.097+0000] {subprocess.py:106} INFO - 25/12/07 20:03:18 INFO TaskSetManager: Starting task 49.0 in stage 30.0 (TID 314) (172.18.0.8, executor 0, partition 49, PROCESS_LOCAL, 7356 bytes)
[2025-12-07T20:03:18.098+0000] {subprocess.py:106} INFO - 25/12/07 20:03:18 INFO BlockManagerInfo: Added rdd_88_45 in memory on 172.18.0.8:41783 (size: 46.0 B, free: 434.2 MiB)
[2025-12-07T20:03:18.099+0000] {subprocess.py:106} INFO - 25/12/07 20:03:18 INFO TaskSetManager: Finished task 31.0 in stage 30.0 (TID 298) in 177 ms on 172.18.0.8 (executor 0) (34/50)
[2025-12-07T20:03:18.100+0000] {subprocess.py:106} INFO - 25/12/07 20:03:18 INFO BlockManagerInfo: Added rdd_88_37 in memory on 172.18.0.8:41783 (size: 46.0 B, free: 434.2 MiB)
[2025-12-07T20:03:18.101+0000] {subprocess.py:106} INFO - 25/12/07 20:03:18 INFO BlockManagerInfo: Added rdd_88_35 in memory on 172.18.0.8:41783 (size: 46.0 B, free: 434.2 MiB)
[2025-12-07T20:03:18.105+0000] {subprocess.py:106} INFO - 25/12/07 20:03:18 INFO BlockManagerInfo: Added rdd_88_47 in memory on 172.18.0.8:41783 (size: 46.0 B, free: 434.2 MiB)
[2025-12-07T20:03:18.107+0000] {subprocess.py:106} INFO - 25/12/07 20:03:18 INFO BlockManagerInfo: Added rdd_88_46 in memory on 172.18.0.8:41783 (size: 46.0 B, free: 434.2 MiB)
[2025-12-07T20:03:18.111+0000] {subprocess.py:106} INFO - 25/12/07 20:03:18 INFO TaskSetManager: Finished task 38.0 in stage 30.0 (TID 305) in 148 ms on 172.18.0.8 (executor 0) (35/50)
[2025-12-07T20:03:18.113+0000] {subprocess.py:106} INFO - 25/12/07 20:03:18 INFO TaskSetManager: Finished task 32.0 in stage 30.0 (TID 299) in 192 ms on 172.18.0.8 (executor 0) (36/50)
[2025-12-07T20:03:18.118+0000] {subprocess.py:106} INFO - 25/12/07 20:03:18 INFO TaskSetManager: Finished task 36.0 in stage 30.0 (TID 303) in 167 ms on 172.18.0.8 (executor 0) (37/50)
[2025-12-07T20:03:18.135+0000] {subprocess.py:106} INFO - 25/12/07 20:03:18 INFO TaskSetManager: Finished task 41.0 in stage 30.0 (TID 307) in 167 ms on 172.18.0.8 (executor 0) (38/50)
[2025-12-07T20:03:18.137+0000] {subprocess.py:106} INFO - 25/12/07 20:03:18 INFO TaskSetManager: Finished task 43.0 in stage 30.0 (TID 308) in 162 ms on 172.18.0.8 (executor 0) (39/50)
[2025-12-07T20:03:18.139+0000] {subprocess.py:106} INFO - 25/12/07 20:03:18 INFO TaskSetManager: Finished task 30.0 in stage 30.0 (TID 297) in 223 ms on 172.18.0.8 (executor 0) (40/50)
[2025-12-07T20:03:18.140+0000] {subprocess.py:106} INFO - 25/12/07 20:03:18 INFO TaskSetManager: Finished task 45.0 in stage 30.0 (TID 310) in 152 ms on 172.18.0.8 (executor 0) (41/50)
[2025-12-07T20:03:18.141+0000] {subprocess.py:106} INFO - 25/12/07 20:03:18 INFO TaskSetManager: Finished task 34.0 in stage 30.0 (TID 301) in 196 ms on 172.18.0.8 (executor 0) (42/50)
[2025-12-07T20:03:18.142+0000] {subprocess.py:106} INFO - 25/12/07 20:03:18 INFO TaskSetManager: Finished task 37.0 in stage 30.0 (TID 304) in 179 ms on 172.18.0.8 (executor 0) (43/50)
[2025-12-07T20:03:18.142+0000] {subprocess.py:106} INFO - 25/12/07 20:03:18 INFO TaskSetManager: Finished task 35.0 in stage 30.0 (TID 302) in 196 ms on 172.18.0.8 (executor 0) (44/50)
[2025-12-07T20:03:18.143+0000] {subprocess.py:106} INFO - 25/12/07 20:03:18 INFO TaskSetManager: Finished task 44.0 in stage 30.0 (TID 309) in 160 ms on 172.18.0.8 (executor 0) (45/50)
[2025-12-07T20:03:18.144+0000] {subprocess.py:106} INFO - 25/12/07 20:03:18 INFO TaskSetManager: Finished task 40.0 in stage 30.0 (TID 306) in 178 ms on 172.18.0.8 (executor 0) (46/50)
[2025-12-07T20:03:18.151+0000] {subprocess.py:106} INFO - 25/12/07 20:03:18 INFO TaskSetManager: Finished task 47.0 in stage 30.0 (TID 312) in 139 ms on 172.18.0.8 (executor 0) (47/50)
[2025-12-07T20:03:18.152+0000] {subprocess.py:106} INFO - 25/12/07 20:03:18 INFO TaskSetManager: Finished task 46.0 in stage 30.0 (TID 311) in 166 ms on 172.18.0.8 (executor 0) (48/50)
[2025-12-07T20:03:18.168+0000] {subprocess.py:106} INFO - 25/12/07 20:03:18 INFO BlockManagerInfo: Added rdd_88_48 in memory on 172.18.0.8:41783 (size: 46.0 B, free: 434.2 MiB)
[2025-12-07T20:03:18.169+0000] {subprocess.py:106} INFO - 25/12/07 20:03:18 INFO BlockManagerInfo: Added rdd_88_49 in memory on 172.18.0.8:41783 (size: 46.0 B, free: 434.2 MiB)
[2025-12-07T20:03:18.197+0000] {subprocess.py:106} INFO - 25/12/07 20:03:18 INFO TaskSetManager: Finished task 49.0 in stage 30.0 (TID 314) in 103 ms on 172.18.0.8 (executor 0) (49/50)
[2025-12-07T20:03:18.198+0000] {subprocess.py:106} INFO - 25/12/07 20:03:18 INFO TaskSetManager: Finished task 48.0 in stage 30.0 (TID 313) in 120 ms on 172.18.0.8 (executor 0) (50/50)
[2025-12-07T20:03:18.199+0000] {subprocess.py:106} INFO - 25/12/07 20:03:18 INFO TaskSchedulerImpl: Removed TaskSet 30.0, whose tasks have all completed, from pool
[2025-12-07T20:03:18.200+0000] {subprocess.py:106} INFO - 25/12/07 20:03:18 INFO DAGScheduler: ShuffleMapStage 30 ($anonfun$recordDeltaOperationInternal$1 at DatabricksLogging.scala:128) finished in 0.691 s
[2025-12-07T20:03:18.200+0000] {subprocess.py:106} INFO - 25/12/07 20:03:18 INFO DAGScheduler: looking for newly runnable stages
[2025-12-07T20:03:18.201+0000] {subprocess.py:106} INFO - 25/12/07 20:03:18 INFO DAGScheduler: running: Set()
[2025-12-07T20:03:18.202+0000] {subprocess.py:106} INFO - 25/12/07 20:03:18 INFO DAGScheduler: waiting: Set()
[2025-12-07T20:03:18.202+0000] {subprocess.py:106} INFO - 25/12/07 20:03:18 INFO DAGScheduler: failed: Set()
[2025-12-07T20:03:18.228+0000] {subprocess.py:106} INFO - 25/12/07 20:03:18 INFO SparkContext: Starting job: $anonfun$recordDeltaOperationInternal$1 at DatabricksLogging.scala:128
[2025-12-07T20:03:18.230+0000] {subprocess.py:106} INFO - 25/12/07 20:03:18 INFO DAGScheduler: Got job 19 ($anonfun$recordDeltaOperationInternal$1 at DatabricksLogging.scala:128) with 1 output partitions
[2025-12-07T20:03:18.230+0000] {subprocess.py:106} INFO - 25/12/07 20:03:18 INFO DAGScheduler: Final stage: ResultStage 33 ($anonfun$recordDeltaOperationInternal$1 at DatabricksLogging.scala:128)
[2025-12-07T20:03:18.231+0000] {subprocess.py:106} INFO - 25/12/07 20:03:18 INFO DAGScheduler: Parents of final stage: List(ShuffleMapStage 32)
[2025-12-07T20:03:18.232+0000] {subprocess.py:106} INFO - 25/12/07 20:03:18 INFO DAGScheduler: Missing parents: List()
[2025-12-07T20:03:18.232+0000] {subprocess.py:106} INFO - 25/12/07 20:03:18 INFO DAGScheduler: Submitting ResultStage 33 (MapPartitionsRDD[94] at $anonfun$recordDeltaOperationInternal$1 at DatabricksLogging.scala:128), which has no missing parents
[2025-12-07T20:03:18.236+0000] {subprocess.py:106} INFO - 25/12/07 20:03:18 INFO MemoryStore: Block broadcast_33 stored as values in memory (estimated size 452.3 KiB, free 431.9 MiB)
[2025-12-07T20:03:18.239+0000] {subprocess.py:106} INFO - 25/12/07 20:03:18 INFO MemoryStore: Block broadcast_33_piece0 stored as bytes in memory (estimated size 108.0 KiB, free 431.8 MiB)
[2025-12-07T20:03:18.240+0000] {subprocess.py:106} INFO - 25/12/07 20:03:18 INFO BlockManagerInfo: Added broadcast_33_piece0 in memory on 13f196131dae:36513 (size: 108.0 KiB, free: 434.0 MiB)
[2025-12-07T20:03:18.240+0000] {subprocess.py:106} INFO - 25/12/07 20:03:18 INFO SparkContext: Created broadcast 33 from broadcast at DAGScheduler.scala:1535
[2025-12-07T20:03:18.246+0000] {subprocess.py:106} INFO - 25/12/07 20:03:18 INFO DAGScheduler: Submitting 1 missing tasks from ResultStage 33 (MapPartitionsRDD[94] at $anonfun$recordDeltaOperationInternal$1 at DatabricksLogging.scala:128) (first 15 tasks are for partitions Vector(0))
[2025-12-07T20:03:18.247+0000] {subprocess.py:106} INFO - 25/12/07 20:03:18 INFO TaskSchedulerImpl: Adding task set 33.0 with 1 tasks resource profile 0
[2025-12-07T20:03:18.248+0000] {subprocess.py:106} INFO - 25/12/07 20:03:18 INFO TaskSetManager: Starting task 0.0 in stage 33.0 (TID 315) (172.18.0.8, executor 0, partition 0, NODE_LOCAL, 7367 bytes)
[2025-12-07T20:03:18.258+0000] {subprocess.py:106} INFO - 25/12/07 20:03:18 INFO BlockManagerInfo: Added broadcast_33_piece0 in memory on 172.18.0.8:41783 (size: 108.0 KiB, free: 434.1 MiB)
[2025-12-07T20:03:18.268+0000] {subprocess.py:106} INFO - 25/12/07 20:03:18 INFO MapOutputTrackerMasterEndpoint: Asked to send map output locations for shuffle 7 to 172.18.0.8:33606
[2025-12-07T20:03:18.296+0000] {subprocess.py:106} INFO - 25/12/07 20:03:18 INFO TaskSetManager: Finished task 0.0 in stage 33.0 (TID 315) in 48 ms on 172.18.0.8 (executor 0) (1/1)
[2025-12-07T20:03:18.297+0000] {subprocess.py:106} INFO - 25/12/07 20:03:18 INFO TaskSchedulerImpl: Removed TaskSet 33.0, whose tasks have all completed, from pool
[2025-12-07T20:03:18.298+0000] {subprocess.py:106} INFO - 25/12/07 20:03:18 INFO DAGScheduler: ResultStage 33 ($anonfun$recordDeltaOperationInternal$1 at DatabricksLogging.scala:128) finished in 0.064 s
[2025-12-07T20:03:18.298+0000] {subprocess.py:106} INFO - 25/12/07 20:03:18 INFO DAGScheduler: Job 19 is finished. Cancelling potential speculative or zombie tasks for this job
[2025-12-07T20:03:18.299+0000] {subprocess.py:106} INFO - 25/12/07 20:03:18 INFO TaskSchedulerImpl: Killing all running tasks in stage 33: Stage finished
[2025-12-07T20:03:18.300+0000] {subprocess.py:106} INFO - 25/12/07 20:03:18 INFO DAGScheduler: Job 19 finished: $anonfun$recordDeltaOperationInternal$1 at DatabricksLogging.scala:128, took 0.069349 s
[2025-12-07T20:03:18.306+0000] {subprocess.py:106} INFO - 25/12/07 20:03:18 INFO Snapshot: [tableId=c0e02008-b6c6-4d83-bc2b-cbd5d39cb72d] DELTA: Done
[2025-12-07T20:03:18.339+0000] {subprocess.py:106} INFO - 25/12/07 20:03:18 INFO BlockManagerInfo: Removed broadcast_32_piece0 on 13f196131dae:36513 in memory (size: 123.3 KiB, free: 434.1 MiB)
[2025-12-07T20:03:18.340+0000] {subprocess.py:106} INFO - 25/12/07 20:03:18 INFO BlockManagerInfo: Removed broadcast_32_piece0 on 172.18.0.8:41783 in memory (size: 123.3 KiB, free: 434.2 MiB)
[2025-12-07T20:03:18.347+0000] {subprocess.py:106} INFO - 25/12/07 20:03:18 INFO BlockManagerInfo: Removed broadcast_33_piece0 on 13f196131dae:36513 in memory (size: 108.0 KiB, free: 434.2 MiB)
[2025-12-07T20:03:18.349+0000] {subprocess.py:106} INFO - 25/12/07 20:03:18 INFO BlockManagerInfo: Removed broadcast_33_piece0 on 172.18.0.8:41783 in memory (size: 108.0 KiB, free: 434.3 MiB)
[2025-12-07T20:03:18.446+0000] {subprocess.py:106} INFO - 25/12/07 20:03:18 INFO SparkContext: Starting job: $anonfun$recordDeltaOperationInternal$1 at DatabricksLogging.scala:128
[2025-12-07T20:03:18.448+0000] {subprocess.py:106} INFO - 25/12/07 20:03:18 INFO DAGScheduler: Got job 20 ($anonfun$recordDeltaOperationInternal$1 at DatabricksLogging.scala:128) with 50 output partitions
[2025-12-07T20:03:18.448+0000] {subprocess.py:106} INFO - 25/12/07 20:03:18 INFO DAGScheduler: Final stage: ResultStage 35 ($anonfun$recordDeltaOperationInternal$1 at DatabricksLogging.scala:128)
[2025-12-07T20:03:18.449+0000] {subprocess.py:106} INFO - 25/12/07 20:03:18 INFO DAGScheduler: Parents of final stage: List(ShuffleMapStage 34)
[2025-12-07T20:03:18.450+0000] {subprocess.py:106} INFO - 25/12/07 20:03:18 INFO DAGScheduler: Missing parents: List()
[2025-12-07T20:03:18.450+0000] {subprocess.py:106} INFO - 25/12/07 20:03:18 INFO DAGScheduler: Submitting ResultStage 35 (MapPartitionsRDD[96] at $anonfun$recordDeltaOperationInternal$1 at DatabricksLogging.scala:128), which has no missing parents
[2025-12-07T20:03:18.455+0000] {subprocess.py:106} INFO - 25/12/07 20:03:18 INFO MemoryStore: Block broadcast_34 stored as values in memory (estimated size 592.2 KiB, free 432.4 MiB)
[2025-12-07T20:03:18.463+0000] {subprocess.py:106} INFO - 25/12/07 20:03:18 INFO MemoryStore: Block broadcast_34_piece0 stored as bytes in memory (estimated size 138.6 KiB, free 432.2 MiB)
[2025-12-07T20:03:18.464+0000] {subprocess.py:106} INFO - 25/12/07 20:03:18 INFO BlockManagerInfo: Added broadcast_34_piece0 in memory on 13f196131dae:36513 (size: 138.6 KiB, free: 434.1 MiB)
[2025-12-07T20:03:18.471+0000] {subprocess.py:106} INFO - 25/12/07 20:03:18 INFO SparkContext: Created broadcast 34 from broadcast at DAGScheduler.scala:1535
[2025-12-07T20:03:18.473+0000] {subprocess.py:106} INFO - 25/12/07 20:03:18 INFO DAGScheduler: Submitting 50 missing tasks from ResultStage 35 (MapPartitionsRDD[96] at $anonfun$recordDeltaOperationInternal$1 at DatabricksLogging.scala:128) (first 15 tasks are for partitions Vector(0, 1, 2, 3, 4, 5, 6, 7, 8, 9, 10, 11, 12, 13, 14))
[2025-12-07T20:03:18.474+0000] {subprocess.py:106} INFO - 25/12/07 20:03:18 INFO TaskSchedulerImpl: Adding task set 35.0 with 50 tasks resource profile 0
[2025-12-07T20:03:18.480+0000] {subprocess.py:106} INFO - 25/12/07 20:03:18 INFO TaskSetManager: Starting task 0.0 in stage 35.0 (TID 316) (172.18.0.8, executor 0, partition 0, PROCESS_LOCAL, 7367 bytes)
[2025-12-07T20:03:18.481+0000] {subprocess.py:106} INFO - 25/12/07 20:03:18 INFO TaskSetManager: Starting task 1.0 in stage 35.0 (TID 317) (172.18.0.8, executor 0, partition 1, PROCESS_LOCAL, 7367 bytes)
[2025-12-07T20:03:18.482+0000] {subprocess.py:106} INFO - 25/12/07 20:03:18 INFO TaskSetManager: Starting task 2.0 in stage 35.0 (TID 318) (172.18.0.8, executor 0, partition 2, PROCESS_LOCAL, 7367 bytes)
[2025-12-07T20:03:18.482+0000] {subprocess.py:106} INFO - 25/12/07 20:03:18 INFO TaskSetManager: Starting task 3.0 in stage 35.0 (TID 319) (172.18.0.8, executor 0, partition 3, PROCESS_LOCAL, 7367 bytes)
[2025-12-07T20:03:18.483+0000] {subprocess.py:106} INFO - 25/12/07 20:03:18 INFO TaskSetManager: Starting task 4.0 in stage 35.0 (TID 320) (172.18.0.8, executor 0, partition 4, PROCESS_LOCAL, 7367 bytes)
[2025-12-07T20:03:18.484+0000] {subprocess.py:106} INFO - 25/12/07 20:03:18 INFO TaskSetManager: Starting task 5.0 in stage 35.0 (TID 321) (172.18.0.8, executor 0, partition 5, PROCESS_LOCAL, 7367 bytes)
[2025-12-07T20:03:18.484+0000] {subprocess.py:106} INFO - 25/12/07 20:03:18 INFO TaskSetManager: Starting task 6.0 in stage 35.0 (TID 322) (172.18.0.8, executor 0, partition 6, PROCESS_LOCAL, 7367 bytes)
[2025-12-07T20:03:18.484+0000] {subprocess.py:106} INFO - 25/12/07 20:03:18 INFO TaskSetManager: Starting task 7.0 in stage 35.0 (TID 323) (172.18.0.8, executor 0, partition 7, PROCESS_LOCAL, 7367 bytes)
[2025-12-07T20:03:18.485+0000] {subprocess.py:106} INFO - 25/12/07 20:03:18 INFO TaskSetManager: Starting task 8.0 in stage 35.0 (TID 324) (172.18.0.8, executor 0, partition 8, PROCESS_LOCAL, 7367 bytes)
[2025-12-07T20:03:18.486+0000] {subprocess.py:106} INFO - 25/12/07 20:03:18 INFO TaskSetManager: Starting task 9.0 in stage 35.0 (TID 325) (172.18.0.8, executor 0, partition 9, PROCESS_LOCAL, 7367 bytes)
[2025-12-07T20:03:18.486+0000] {subprocess.py:106} INFO - 25/12/07 20:03:18 INFO TaskSetManager: Starting task 10.0 in stage 35.0 (TID 326) (172.18.0.8, executor 0, partition 10, PROCESS_LOCAL, 7367 bytes)
[2025-12-07T20:03:18.487+0000] {subprocess.py:106} INFO - 25/12/07 20:03:18 INFO TaskSetManager: Starting task 11.0 in stage 35.0 (TID 327) (172.18.0.8, executor 0, partition 11, PROCESS_LOCAL, 7367 bytes)
[2025-12-07T20:03:18.487+0000] {subprocess.py:106} INFO - 25/12/07 20:03:18 INFO TaskSetManager: Starting task 12.0 in stage 35.0 (TID 328) (172.18.0.8, executor 0, partition 12, PROCESS_LOCAL, 7367 bytes)
[2025-12-07T20:03:18.488+0000] {subprocess.py:106} INFO - 25/12/07 20:03:18 INFO TaskSetManager: Starting task 13.0 in stage 35.0 (TID 329) (172.18.0.8, executor 0, partition 13, PROCESS_LOCAL, 7367 bytes)
[2025-12-07T20:03:18.489+0000] {subprocess.py:106} INFO - 25/12/07 20:03:18 INFO TaskSetManager: Starting task 14.0 in stage 35.0 (TID 330) (172.18.0.8, executor 0, partition 14, PROCESS_LOCAL, 7367 bytes)
[2025-12-07T20:03:18.489+0000] {subprocess.py:106} INFO - 25/12/07 20:03:18 INFO TaskSetManager: Starting task 15.0 in stage 35.0 (TID 331) (172.18.0.8, executor 0, partition 15, PROCESS_LOCAL, 7367 bytes)
[2025-12-07T20:03:18.491+0000] {subprocess.py:106} INFO - 25/12/07 20:03:18 INFO BlockManagerInfo: Added broadcast_34_piece0 in memory on 172.18.0.8:41783 (size: 138.6 KiB, free: 434.1 MiB)
[2025-12-07T20:03:18.515+0000] {subprocess.py:106} INFO - 25/12/07 20:03:18 INFO TaskSetManager: Starting task 16.0 in stage 35.0 (TID 332) (172.18.0.8, executor 0, partition 16, PROCESS_LOCAL, 7367 bytes)
[2025-12-07T20:03:18.518+0000] {subprocess.py:106} INFO - 25/12/07 20:03:18 INFO TaskSetManager: Finished task 11.0 in stage 35.0 (TID 327) in 41 ms on 172.18.0.8 (executor 0) (1/50)
[2025-12-07T20:03:18.519+0000] {subprocess.py:106} INFO - 25/12/07 20:03:18 INFO TaskSetManager: Starting task 17.0 in stage 35.0 (TID 333) (172.18.0.8, executor 0, partition 17, PROCESS_LOCAL, 7367 bytes)
[2025-12-07T20:03:18.521+0000] {subprocess.py:106} INFO - 25/12/07 20:03:18 INFO TaskSetManager: Finished task 13.0 in stage 35.0 (TID 329) in 45 ms on 172.18.0.8 (executor 0) (2/50)
[2025-12-07T20:03:18.523+0000] {subprocess.py:106} INFO - 25/12/07 20:03:18 INFO TaskSetManager: Starting task 18.0 in stage 35.0 (TID 334) (172.18.0.8, executor 0, partition 18, PROCESS_LOCAL, 7367 bytes)
[2025-12-07T20:03:18.524+0000] {subprocess.py:106} INFO - 25/12/07 20:03:18 INFO TaskSetManager: Finished task 8.0 in stage 35.0 (TID 324) in 48 ms on 172.18.0.8 (executor 0) (3/50)
[2025-12-07T20:03:18.525+0000] {subprocess.py:106} INFO - 25/12/07 20:03:18 INFO TaskSetManager: Starting task 19.0 in stage 35.0 (TID 335) (172.18.0.8, executor 0, partition 19, PROCESS_LOCAL, 7367 bytes)
[2025-12-07T20:03:18.526+0000] {subprocess.py:106} INFO - 25/12/07 20:03:18 INFO TaskSetManager: Finished task 7.0 in stage 35.0 (TID 323) in 50 ms on 172.18.0.8 (executor 0) (4/50)
[2025-12-07T20:03:18.527+0000] {subprocess.py:106} INFO - 25/12/07 20:03:18 INFO TaskSetManager: Starting task 20.0 in stage 35.0 (TID 336) (172.18.0.8, executor 0, partition 20, PROCESS_LOCAL, 7367 bytes)
[2025-12-07T20:03:18.528+0000] {subprocess.py:106} INFO - 25/12/07 20:03:18 INFO TaskSetManager: Starting task 21.0 in stage 35.0 (TID 337) (172.18.0.8, executor 0, partition 21, PROCESS_LOCAL, 7367 bytes)
[2025-12-07T20:03:18.529+0000] {subprocess.py:106} INFO - 25/12/07 20:03:18 INFO TaskSetManager: Starting task 22.0 in stage 35.0 (TID 338) (172.18.0.8, executor 0, partition 22, PROCESS_LOCAL, 7367 bytes)
[2025-12-07T20:03:18.551+0000] {subprocess.py:106} INFO - 25/12/07 20:03:18 INFO TaskSetManager: Starting task 23.0 in stage 35.0 (TID 339) (172.18.0.8, executor 0, partition 23, PROCESS_LOCAL, 7367 bytes)
[2025-12-07T20:03:18.552+0000] {subprocess.py:106} INFO - 25/12/07 20:03:18 INFO TaskSetManager: Finished task 12.0 in stage 35.0 (TID 328) in 81 ms on 172.18.0.8 (executor 0) (5/50)
[2025-12-07T20:03:18.556+0000] {subprocess.py:106} INFO - 25/12/07 20:03:18 INFO TaskSetManager: Starting task 24.0 in stage 35.0 (TID 340) (172.18.0.8, executor 0, partition 24, PROCESS_LOCAL, 7367 bytes)
[2025-12-07T20:03:18.565+0000] {subprocess.py:106} INFO - 25/12/07 20:03:18 INFO TaskSetManager: Starting task 25.0 in stage 35.0 (TID 341) (172.18.0.8, executor 0, partition 25, PROCESS_LOCAL, 7367 bytes)
[2025-12-07T20:03:18.568+0000] {subprocess.py:106} INFO - 25/12/07 20:03:18 INFO TaskSetManager: Starting task 26.0 in stage 35.0 (TID 342) (172.18.0.8, executor 0, partition 26, PROCESS_LOCAL, 7367 bytes)
[2025-12-07T20:03:18.571+0000] {subprocess.py:106} INFO - 25/12/07 20:03:18 INFO TaskSetManager: Finished task 6.0 in stage 35.0 (TID 322) in 89 ms on 172.18.0.8 (executor 0) (6/50)
[2025-12-07T20:03:18.572+0000] {subprocess.py:106} INFO - 25/12/07 20:03:18 INFO TaskSetManager: Starting task 27.0 in stage 35.0 (TID 343) (172.18.0.8, executor 0, partition 27, PROCESS_LOCAL, 7367 bytes)
[2025-12-07T20:03:18.574+0000] {subprocess.py:106} INFO - 25/12/07 20:03:18 INFO TaskSetManager: Starting task 28.0 in stage 35.0 (TID 344) (172.18.0.8, executor 0, partition 28, PROCESS_LOCAL, 7367 bytes)
[2025-12-07T20:03:18.576+0000] {subprocess.py:106} INFO - 25/12/07 20:03:18 INFO TaskSetManager: Starting task 29.0 in stage 35.0 (TID 345) (172.18.0.8, executor 0, partition 29, PROCESS_LOCAL, 7367 bytes)
[2025-12-07T20:03:18.577+0000] {subprocess.py:106} INFO - 25/12/07 20:03:18 INFO TaskSetManager: Finished task 15.0 in stage 35.0 (TID 331) in 91 ms on 172.18.0.8 (executor 0) (7/50)
[2025-12-07T20:03:18.579+0000] {subprocess.py:106} INFO - 25/12/07 20:03:18 INFO TaskSetManager: Finished task 0.0 in stage 35.0 (TID 316) in 96 ms on 172.18.0.8 (executor 0) (8/50)
[2025-12-07T20:03:18.580+0000] {subprocess.py:106} INFO - 25/12/07 20:03:18 INFO TaskSetManager: Finished task 4.0 in stage 35.0 (TID 320) in 97 ms on 172.18.0.8 (executor 0) (9/50)
[2025-12-07T20:03:18.581+0000] {subprocess.py:106} INFO - 25/12/07 20:03:18 INFO TaskSetManager: Finished task 10.0 in stage 35.0 (TID 326) in 96 ms on 172.18.0.8 (executor 0) (10/50)
[2025-12-07T20:03:18.582+0000] {subprocess.py:106} INFO - 25/12/07 20:03:18 INFO TaskSetManager: Starting task 30.0 in stage 35.0 (TID 346) (172.18.0.8, executor 0, partition 30, PROCESS_LOCAL, 7367 bytes)
[2025-12-07T20:03:18.583+0000] {subprocess.py:106} INFO - 25/12/07 20:03:18 INFO TaskSetManager: Starting task 31.0 in stage 35.0 (TID 347) (172.18.0.8, executor 0, partition 31, PROCESS_LOCAL, 7367 bytes)
[2025-12-07T20:03:18.584+0000] {subprocess.py:106} INFO - 25/12/07 20:03:18 INFO TaskSetManager: Finished task 14.0 in stage 35.0 (TID 330) in 99 ms on 172.18.0.8 (executor 0) (11/50)
[2025-12-07T20:03:18.587+0000] {subprocess.py:106} INFO - 25/12/07 20:03:18 INFO TaskSetManager: Finished task 9.0 in stage 35.0 (TID 325) in 101 ms on 172.18.0.8 (executor 0) (12/50)
[2025-12-07T20:03:18.589+0000] {subprocess.py:106} INFO - 25/12/07 20:03:18 INFO TaskSetManager: Finished task 3.0 in stage 35.0 (TID 319) in 103 ms on 172.18.0.8 (executor 0) (13/50)
[2025-12-07T20:03:18.594+0000] {subprocess.py:106} INFO - 25/12/07 20:03:18 INFO TaskSetManager: Finished task 5.0 in stage 35.0 (TID 321) in 103 ms on 172.18.0.8 (executor 0) (14/50)
[2025-12-07T20:03:18.595+0000] {subprocess.py:106} INFO - 25/12/07 20:03:18 INFO TaskSetManager: Finished task 2.0 in stage 35.0 (TID 318) in 104 ms on 172.18.0.8 (executor 0) (15/50)
[2025-12-07T20:03:18.596+0000] {subprocess.py:106} INFO - 25/12/07 20:03:18 INFO TaskSetManager: Finished task 1.0 in stage 35.0 (TID 317) in 105 ms on 172.18.0.8 (executor 0) (16/50)
[2025-12-07T20:03:18.603+0000] {subprocess.py:106} INFO - 25/12/07 20:03:18 INFO TaskSetManager: Starting task 32.0 in stage 35.0 (TID 348) (172.18.0.8, executor 0, partition 32, PROCESS_LOCAL, 7367 bytes)
[2025-12-07T20:03:18.606+0000] {subprocess.py:106} INFO - 25/12/07 20:03:18 INFO TaskSetManager: Finished task 16.0 in stage 35.0 (TID 332) in 65 ms on 172.18.0.8 (executor 0) (17/50)
[2025-12-07T20:03:18.607+0000] {subprocess.py:106} INFO - 25/12/07 20:03:18 INFO TaskSetManager: Finished task 18.0 in stage 35.0 (TID 334) in 60 ms on 172.18.0.8 (executor 0) (18/50)
[2025-12-07T20:03:18.608+0000] {subprocess.py:106} INFO - 25/12/07 20:03:18 INFO TaskSetManager: Starting task 33.0 in stage 35.0 (TID 349) (172.18.0.8, executor 0, partition 33, PROCESS_LOCAL, 7367 bytes)
[2025-12-07T20:03:18.609+0000] {subprocess.py:106} INFO - 25/12/07 20:03:18 INFO TaskSetManager: Starting task 34.0 in stage 35.0 (TID 350) (172.18.0.8, executor 0, partition 34, PROCESS_LOCAL, 7367 bytes)
[2025-12-07T20:03:18.610+0000] {subprocess.py:106} INFO - 25/12/07 20:03:18 INFO TaskSetManager: Starting task 35.0 in stage 35.0 (TID 351) (172.18.0.8, executor 0, partition 35, PROCESS_LOCAL, 7367 bytes)
[2025-12-07T20:03:18.611+0000] {subprocess.py:106} INFO - 25/12/07 20:03:18 INFO TaskSetManager: Starting task 36.0 in stage 35.0 (TID 352) (172.18.0.8, executor 0, partition 36, PROCESS_LOCAL, 7367 bytes)
[2025-12-07T20:03:18.613+0000] {subprocess.py:106} INFO - 25/12/07 20:03:18 INFO TaskSetManager: Finished task 17.0 in stage 35.0 (TID 333) in 68 ms on 172.18.0.8 (executor 0) (19/50)
[2025-12-07T20:03:18.614+0000] {subprocess.py:106} INFO - 25/12/07 20:03:18 INFO TaskSetManager: Finished task 21.0 in stage 35.0 (TID 337) in 57 ms on 172.18.0.8 (executor 0) (20/50)
[2025-12-07T20:03:18.616+0000] {subprocess.py:106} INFO - 25/12/07 20:03:18 INFO TaskSetManager: Finished task 19.0 in stage 35.0 (TID 335) in 66 ms on 172.18.0.8 (executor 0) (21/50)
[2025-12-07T20:03:18.617+0000] {subprocess.py:106} INFO - 25/12/07 20:03:18 INFO TaskSetManager: Starting task 37.0 in stage 35.0 (TID 353) (172.18.0.8, executor 0, partition 37, PROCESS_LOCAL, 7367 bytes)
[2025-12-07T20:03:18.618+0000] {subprocess.py:106} INFO - 25/12/07 20:03:18 INFO TaskSetManager: Starting task 38.0 in stage 35.0 (TID 354) (172.18.0.8, executor 0, partition 38, PROCESS_LOCAL, 7367 bytes)
[2025-12-07T20:03:18.621+0000] {subprocess.py:106} INFO - 25/12/07 20:03:18 INFO TaskSetManager: Finished task 20.0 in stage 35.0 (TID 336) in 81 ms on 172.18.0.8 (executor 0) (22/50)
[2025-12-07T20:03:18.622+0000] {subprocess.py:106} INFO - 25/12/07 20:03:18 INFO TaskSetManager: Finished task 22.0 in stage 35.0 (TID 338) in 80 ms on 172.18.0.8 (executor 0) (23/50)
[2025-12-07T20:03:18.623+0000] {subprocess.py:106} INFO - 25/12/07 20:03:18 INFO TaskSetManager: Starting task 39.0 in stage 35.0 (TID 355) (172.18.0.8, executor 0, partition 39, PROCESS_LOCAL, 7367 bytes)
[2025-12-07T20:03:18.624+0000] {subprocess.py:106} INFO - 25/12/07 20:03:18 INFO TaskSetManager: Starting task 40.0 in stage 35.0 (TID 356) (172.18.0.8, executor 0, partition 40, PROCESS_LOCAL, 7367 bytes)
[2025-12-07T20:03:18.626+0000] {subprocess.py:106} INFO - 25/12/07 20:03:18 INFO TaskSetManager: Starting task 41.0 in stage 35.0 (TID 357) (172.18.0.8, executor 0, partition 41, PROCESS_LOCAL, 7367 bytes)
[2025-12-07T20:03:18.627+0000] {subprocess.py:106} INFO - 25/12/07 20:03:18 INFO TaskSetManager: Starting task 42.0 in stage 35.0 (TID 358) (172.18.0.8, executor 0, partition 42, PROCESS_LOCAL, 7367 bytes)
[2025-12-07T20:03:18.638+0000] {subprocess.py:106} INFO - 25/12/07 20:03:18 INFO TaskSetManager: Finished task 25.0 in stage 35.0 (TID 341) in 65 ms on 172.18.0.8 (executor 0) (24/50)
[2025-12-07T20:03:18.644+0000] {subprocess.py:106} INFO - 25/12/07 20:03:18 INFO TaskSetManager: Finished task 28.0 in stage 35.0 (TID 344) in 60 ms on 172.18.0.8 (executor 0) (25/50)
[2025-12-07T20:03:18.648+0000] {subprocess.py:106} INFO - 25/12/07 20:03:18 INFO TaskSetManager: Finished task 24.0 in stage 35.0 (TID 340) in 67 ms on 172.18.0.8 (executor 0) (26/50)
[2025-12-07T20:03:18.650+0000] {subprocess.py:106} INFO - 25/12/07 20:03:18 INFO TaskSetManager: Finished task 27.0 in stage 35.0 (TID 343) in 62 ms on 172.18.0.8 (executor 0) (27/50)
[2025-12-07T20:03:18.651+0000] {subprocess.py:106} INFO - 25/12/07 20:03:18 INFO TaskSetManager: Starting task 43.0 in stage 35.0 (TID 359) (172.18.0.8, executor 0, partition 43, PROCESS_LOCAL, 7367 bytes)
[2025-12-07T20:03:18.652+0000] {subprocess.py:106} INFO - 25/12/07 20:03:18 INFO TaskSetManager: Finished task 23.0 in stage 35.0 (TID 339) in 95 ms on 172.18.0.8 (executor 0) (28/50)
[2025-12-07T20:03:18.658+0000] {subprocess.py:106} INFO - 25/12/07 20:03:18 INFO TaskSetManager: Starting task 44.0 in stage 35.0 (TID 360) (172.18.0.8, executor 0, partition 44, PROCESS_LOCAL, 7367 bytes)
[2025-12-07T20:03:18.660+0000] {subprocess.py:106} INFO - 25/12/07 20:03:18 INFO TaskSetManager: Starting task 45.0 in stage 35.0 (TID 361) (172.18.0.8, executor 0, partition 45, PROCESS_LOCAL, 7367 bytes)
[2025-12-07T20:03:18.663+0000] {subprocess.py:106} INFO - 25/12/07 20:03:18 INFO TaskSetManager: Finished task 26.0 in stage 35.0 (TID 342) in 70 ms on 172.18.0.8 (executor 0) (29/50)
[2025-12-07T20:03:18.664+0000] {subprocess.py:106} INFO - 25/12/07 20:03:18 INFO TaskSetManager: Finished task 30.0 in stage 35.0 (TID 346) in 62 ms on 172.18.0.8 (executor 0) (30/50)
[2025-12-07T20:03:18.666+0000] {subprocess.py:106} INFO - 25/12/07 20:03:18 INFO TaskSetManager: Starting task 46.0 in stage 35.0 (TID 362) (172.18.0.8, executor 0, partition 46, PROCESS_LOCAL, 7367 bytes)
[2025-12-07T20:03:18.668+0000] {subprocess.py:106} INFO - 25/12/07 20:03:18 INFO TaskSetManager: Starting task 47.0 in stage 35.0 (TID 363) (172.18.0.8, executor 0, partition 47, PROCESS_LOCAL, 7367 bytes)
[2025-12-07T20:03:18.671+0000] {subprocess.py:106} INFO - 25/12/07 20:03:18 INFO TaskSetManager: Starting task 48.0 in stage 35.0 (TID 364) (172.18.0.8, executor 0, partition 48, PROCESS_LOCAL, 7367 bytes)
[2025-12-07T20:03:18.674+0000] {subprocess.py:106} INFO - 25/12/07 20:03:18 INFO TaskSetManager: Finished task 33.0 in stage 35.0 (TID 349) in 62 ms on 172.18.0.8 (executor 0) (31/50)
[2025-12-07T20:03:18.675+0000] {subprocess.py:106} INFO - 25/12/07 20:03:18 INFO TaskSetManager: Finished task 35.0 in stage 35.0 (TID 351) in 64 ms on 172.18.0.8 (executor 0) (32/50)
[2025-12-07T20:03:18.676+0000] {subprocess.py:106} INFO - 25/12/07 20:03:18 INFO TaskSetManager: Starting task 49.0 in stage 35.0 (TID 365) (172.18.0.8, executor 0, partition 49, PROCESS_LOCAL, 7367 bytes)
[2025-12-07T20:03:18.677+0000] {subprocess.py:106} INFO - 25/12/07 20:03:18 INFO TaskSetManager: Finished task 31.0 in stage 35.0 (TID 347) in 81 ms on 172.18.0.8 (executor 0) (33/50)
[2025-12-07T20:03:18.678+0000] {subprocess.py:106} INFO - 25/12/07 20:03:18 INFO TaskSetManager: Finished task 32.0 in stage 35.0 (TID 348) in 84 ms on 172.18.0.8 (executor 0) (34/50)
[2025-12-07T20:03:18.679+0000] {subprocess.py:106} INFO - 25/12/07 20:03:18 INFO TaskSetManager: Finished task 40.0 in stage 35.0 (TID 356) in 44 ms on 172.18.0.8 (executor 0) (35/50)
[2025-12-07T20:03:18.680+0000] {subprocess.py:106} INFO - 25/12/07 20:03:18 INFO TaskSetManager: Finished task 37.0 in stage 35.0 (TID 353) in 56 ms on 172.18.0.8 (executor 0) (36/50)
[2025-12-07T20:03:18.681+0000] {subprocess.py:106} INFO - 25/12/07 20:03:18 INFO TaskSetManager: Finished task 36.0 in stage 35.0 (TID 352) in 85 ms on 172.18.0.8 (executor 0) (37/50)
[2025-12-07T20:03:18.681+0000] {subprocess.py:106} INFO - 25/12/07 20:03:18 INFO TaskSetManager: Finished task 39.0 in stage 35.0 (TID 355) in 51 ms on 172.18.0.8 (executor 0) (38/50)
[2025-12-07T20:03:18.682+0000] {subprocess.py:106} INFO - 25/12/07 20:03:18 INFO TaskSetManager: Finished task 34.0 in stage 35.0 (TID 350) in 88 ms on 172.18.0.8 (executor 0) (39/50)
[2025-12-07T20:03:18.683+0000] {subprocess.py:106} INFO - 25/12/07 20:03:18 INFO TaskSetManager: Finished task 43.0 in stage 35.0 (TID 359) in 43 ms on 172.18.0.8 (executor 0) (40/50)
[2025-12-07T20:03:18.685+0000] {subprocess.py:106} INFO - 25/12/07 20:03:18 INFO TaskSetManager: Finished task 29.0 in stage 35.0 (TID 345) in 108 ms on 172.18.0.8 (executor 0) (41/50)
[2025-12-07T20:03:18.686+0000] {subprocess.py:106} INFO - 25/12/07 20:03:18 INFO TaskSetManager: Finished task 38.0 in stage 35.0 (TID 354) in 64 ms on 172.18.0.8 (executor 0) (42/50)
[2025-12-07T20:03:18.687+0000] {subprocess.py:106} INFO - 25/12/07 20:03:18 INFO TaskSetManager: Finished task 44.0 in stage 35.0 (TID 360) in 44 ms on 172.18.0.8 (executor 0) (43/50)
[2025-12-07T20:03:18.688+0000] {subprocess.py:106} INFO - 25/12/07 20:03:18 INFO TaskSetManager: Finished task 41.0 in stage 35.0 (TID 357) in 54 ms on 172.18.0.8 (executor 0) (44/50)
[2025-12-07T20:03:18.689+0000] {subprocess.py:106} INFO - 25/12/07 20:03:18 INFO TaskSetManager: Finished task 46.0 in stage 35.0 (TID 362) in 42 ms on 172.18.0.8 (executor 0) (45/50)
[2025-12-07T20:03:18.690+0000] {subprocess.py:106} INFO - 25/12/07 20:03:18 INFO TaskSetManager: Finished task 42.0 in stage 35.0 (TID 358) in 54 ms on 172.18.0.8 (executor 0) (46/50)
[2025-12-07T20:03:18.691+0000] {subprocess.py:106} INFO - 25/12/07 20:03:18 INFO TaskSetManager: Finished task 45.0 in stage 35.0 (TID 361) in 45 ms on 172.18.0.8 (executor 0) (47/50)
[2025-12-07T20:03:18.692+0000] {subprocess.py:106} INFO - 25/12/07 20:03:18 INFO TaskSetManager: Finished task 47.0 in stage 35.0 (TID 363) in 42 ms on 172.18.0.8 (executor 0) (48/50)
[2025-12-07T20:03:18.692+0000] {subprocess.py:106} INFO - 25/12/07 20:03:18 INFO TaskSetManager: Finished task 48.0 in stage 35.0 (TID 364) in 48 ms on 172.18.0.8 (executor 0) (49/50)
[2025-12-07T20:03:18.693+0000] {subprocess.py:106} INFO - 25/12/07 20:03:18 INFO TaskSetManager: Finished task 49.0 in stage 35.0 (TID 365) in 38 ms on 172.18.0.8 (executor 0) (50/50)
[2025-12-07T20:03:18.694+0000] {subprocess.py:106} INFO - 25/12/07 20:03:18 INFO TaskSchedulerImpl: Removed TaskSet 35.0, whose tasks have all completed, from pool
[2025-12-07T20:03:18.695+0000] {subprocess.py:106} INFO - 25/12/07 20:03:18 INFO DAGScheduler: ResultStage 35 ($anonfun$recordDeltaOperationInternal$1 at DatabricksLogging.scala:128) finished in 0.232 s
[2025-12-07T20:03:18.696+0000] {subprocess.py:106} INFO - 25/12/07 20:03:18 INFO DAGScheduler: Job 20 is finished. Cancelling potential speculative or zombie tasks for this job
[2025-12-07T20:03:18.697+0000] {subprocess.py:106} INFO - 25/12/07 20:03:18 INFO TaskSchedulerImpl: Killing all running tasks in stage 35: Stage finished
[2025-12-07T20:03:18.698+0000] {subprocess.py:106} INFO - 25/12/07 20:03:18 INFO DAGScheduler: Job 20 finished: $anonfun$recordDeltaOperationInternal$1 at DatabricksLogging.scala:128, took 0.238638 s
[2025-12-07T20:03:18.700+0000] {subprocess.py:106} INFO - 25/12/07 20:03:18 INFO PrepareDeltaScan: DELTA: Done
[2025-12-07T20:03:18.703+0000] {subprocess.py:106} INFO - 25/12/07 20:03:18 INFO FileSourceStrategy: Pushed Filters:
[2025-12-07T20:03:18.704+0000] {subprocess.py:106} INFO - 25/12/07 20:03:18 INFO FileSourceStrategy: Post-Scan Filters:
[2025-12-07T20:03:18.711+0000] {subprocess.py:106} INFO - 25/12/07 20:03:18 INFO ParquetUtils: Using default output committer for Parquet: org.apache.parquet.hadoop.ParquetOutputCommitter
[2025-12-07T20:03:18.737+0000] {subprocess.py:106} INFO - 25/12/07 20:03:18 INFO CodeGenerator: Code generated in 17.954528 ms
[2025-12-07T20:03:18.745+0000] {subprocess.py:106} INFO - 25/12/07 20:03:18 INFO MemoryStore: Block broadcast_35 stored as values in memory (estimated size 214.8 KiB, free 432.0 MiB)
[2025-12-07T20:03:18.756+0000] {subprocess.py:106} INFO - 25/12/07 20:03:18 INFO MemoryStore: Block broadcast_35_piece0 stored as bytes in memory (estimated size 37.0 KiB, free 432.0 MiB)
[2025-12-07T20:03:18.757+0000] {subprocess.py:106} INFO - 25/12/07 20:03:18 INFO BlockManagerInfo: Added broadcast_35_piece0 in memory on 13f196131dae:36513 (size: 37.0 KiB, free: 434.0 MiB)
[2025-12-07T20:03:18.759+0000] {subprocess.py:106} INFO - 25/12/07 20:03:18 INFO SparkContext: Created broadcast 35 from save at <unknown>:0
[2025-12-07T20:03:18.763+0000] {subprocess.py:106} INFO - 25/12/07 20:03:18 INFO FileSourceScanExec: Planning scan with bin packing, max size: 4194304 bytes, open cost is considered as scanning 4194304 bytes.
[2025-12-07T20:03:18.786+0000] {subprocess.py:106} INFO - 25/12/07 20:03:18 INFO BlockManagerInfo: Removed broadcast_34_piece0 on 13f196131dae:36513 in memory (size: 138.6 KiB, free: 434.2 MiB)
[2025-12-07T20:03:18.790+0000] {subprocess.py:106} INFO - 25/12/07 20:03:18 INFO BlockManagerInfo: Removed broadcast_34_piece0 on 172.18.0.8:41783 in memory (size: 138.6 KiB, free: 434.3 MiB)
[2025-12-07T20:03:18.823+0000] {subprocess.py:106} INFO - 25/12/07 20:03:18 INFO SparkContext: Starting job: save at <unknown>:0
[2025-12-07T20:03:18.824+0000] {subprocess.py:106} INFO - 25/12/07 20:03:18 INFO DAGScheduler: Got job 21 (save at <unknown>:0) with 1 output partitions
[2025-12-07T20:03:18.825+0000] {subprocess.py:106} INFO - 25/12/07 20:03:18 INFO DAGScheduler: Final stage: ResultStage 36 (save at <unknown>:0)
[2025-12-07T20:03:18.826+0000] {subprocess.py:106} INFO - 25/12/07 20:03:18 INFO DAGScheduler: Parents of final stage: List()
[2025-12-07T20:03:18.826+0000] {subprocess.py:106} INFO - 25/12/07 20:03:18 INFO DAGScheduler: Missing parents: List()
[2025-12-07T20:03:18.827+0000] {subprocess.py:106} INFO - 25/12/07 20:03:18 INFO DAGScheduler: Submitting ResultStage 36 (MapPartitionsRDD[99] at save at <unknown>:0), which has no missing parents
[2025-12-07T20:03:18.850+0000] {subprocess.py:106} INFO - 25/12/07 20:03:18 INFO MemoryStore: Block broadcast_36 stored as values in memory (estimated size 359.6 KiB, free 432.3 MiB)
[2025-12-07T20:03:18.852+0000] {subprocess.py:106} INFO - 25/12/07 20:03:18 INFO MemoryStore: Block broadcast_36_piece0 stored as bytes in memory (estimated size 128.2 KiB, free 432.2 MiB)
[2025-12-07T20:03:18.853+0000] {subprocess.py:106} INFO - 25/12/07 20:03:18 INFO BlockManagerInfo: Added broadcast_36_piece0 in memory on 13f196131dae:36513 (size: 128.2 KiB, free: 434.0 MiB)
[2025-12-07T20:03:18.853+0000] {subprocess.py:106} INFO - 25/12/07 20:03:18 INFO SparkContext: Created broadcast 36 from broadcast at DAGScheduler.scala:1535
[2025-12-07T20:03:18.854+0000] {subprocess.py:106} INFO - 25/12/07 20:03:18 INFO DAGScheduler: Submitting 1 missing tasks from ResultStage 36 (MapPartitionsRDD[99] at save at <unknown>:0) (first 15 tasks are for partitions Vector(0))
[2025-12-07T20:03:18.855+0000] {subprocess.py:106} INFO - 25/12/07 20:03:18 INFO TaskSchedulerImpl: Adding task set 36.0 with 1 tasks resource profile 0
[2025-12-07T20:03:18.857+0000] {subprocess.py:106} INFO - 25/12/07 20:03:18 INFO TaskSetManager: Starting task 0.0 in stage 36.0 (TID 366) (172.18.0.8, executor 0, partition 0, PROCESS_LOCAL, 7974 bytes)
[2025-12-07T20:03:18.865+0000] {subprocess.py:106} INFO - 25/12/07 20:03:18 INFO BlockManagerInfo: Added broadcast_36_piece0 in memory on 172.18.0.8:41783 (size: 128.2 KiB, free: 434.2 MiB)
[2025-12-07T20:03:18.978+0000] {subprocess.py:106} INFO - 25/12/07 20:03:18 INFO BlockManagerInfo: Added broadcast_35_piece0 in memory on 172.18.0.8:41783 (size: 37.0 KiB, free: 434.1 MiB)
[2025-12-07T20:03:19.151+0000] {subprocess.py:106} INFO - 25/12/07 20:03:19 INFO TaskSetManager: Finished task 0.0 in stage 36.0 (TID 366) in 296 ms on 172.18.0.8 (executor 0) (1/1)
[2025-12-07T20:03:19.152+0000] {subprocess.py:106} INFO - 25/12/07 20:03:19 INFO TaskSchedulerImpl: Removed TaskSet 36.0, whose tasks have all completed, from pool
[2025-12-07T20:03:19.152+0000] {subprocess.py:106} INFO - 25/12/07 20:03:19 INFO DAGScheduler: ResultStage 36 (save at <unknown>:0) finished in 0.325 s
[2025-12-07T20:03:19.153+0000] {subprocess.py:106} INFO - 25/12/07 20:03:19 INFO DAGScheduler: Job 21 is finished. Cancelling potential speculative or zombie tasks for this job
[2025-12-07T20:03:19.154+0000] {subprocess.py:106} INFO - 25/12/07 20:03:19 INFO TaskSchedulerImpl: Killing all running tasks in stage 36: Stage finished
[2025-12-07T20:03:19.154+0000] {subprocess.py:106} INFO - 25/12/07 20:03:19 INFO DAGScheduler: Job 21 finished: save at <unknown>:0, took 0.328868 s
[2025-12-07T20:03:19.154+0000] {subprocess.py:106} INFO - 25/12/07 20:03:19 INFO FileFormatWriter: Start to commit write Job 84bff820-72af-41b8-854b-076f459da231.
[2025-12-07T20:03:19.155+0000] {subprocess.py:106} INFO - 25/12/07 20:03:19 INFO FileFormatWriter: Write Job 84bff820-72af-41b8-854b-076f459da231 committed. Elapsed time: 0 ms.
[2025-12-07T20:03:19.155+0000] {subprocess.py:106} INFO - 25/12/07 20:03:19 INFO FileFormatWriter: Finished processing stats for write job 84bff820-72af-41b8-854b-076f459da231.
[2025-12-07T20:03:19.156+0000] {subprocess.py:106} INFO - 25/12/07 20:03:19 INFO Snapshot: [tableId=724e12ac-f55f-44d4-b386-0b4714a86aea] DELTA: Compute snapshot for version: 0
[2025-12-07T20:03:19.157+0000] {subprocess.py:106} INFO - 25/12/07 20:03:19 INFO MemoryStore: Block broadcast_37 stored as values in memory (estimated size 212.3 KiB, free 432.0 MiB)
[2025-12-07T20:03:19.164+0000] {subprocess.py:106} INFO - 25/12/07 20:03:19 INFO MemoryStore: Block broadcast_37_piece0 stored as bytes in memory (estimated size 36.3 KiB, free 432.0 MiB)
[2025-12-07T20:03:19.165+0000] {subprocess.py:106} INFO - 25/12/07 20:03:19 INFO BlockManagerInfo: Added broadcast_37_piece0 in memory on 13f196131dae:36513 (size: 36.3 KiB, free: 434.0 MiB)
[2025-12-07T20:03:19.166+0000] {subprocess.py:106} INFO - 25/12/07 20:03:19 INFO SparkContext: Created broadcast 37 from $anonfun$recordDeltaOperationInternal$1 at DatabricksLogging.scala:128
[2025-12-07T20:03:19.233+0000] {subprocess.py:106} INFO - 25/12/07 20:03:19 INFO BlockManagerInfo: Removed broadcast_36_piece0 on 13f196131dae:36513 in memory (size: 128.2 KiB, free: 434.1 MiB)
[2025-12-07T20:03:19.234+0000] {subprocess.py:106} INFO - 25/12/07 20:03:19 INFO BlockManagerInfo: Removed broadcast_36_piece0 on 172.18.0.8:41783 in memory (size: 128.2 KiB, free: 434.2 MiB)
[2025-12-07T20:03:19.317+0000] {subprocess.py:106} INFO - 25/12/07 20:03:19 INFO FileSourceStrategy: Pushed Filters:
[2025-12-07T20:03:19.318+0000] {subprocess.py:106} INFO - 25/12/07 20:03:19 INFO FileSourceStrategy: Post-Scan Filters:
[2025-12-07T20:03:19.371+0000] {subprocess.py:106} INFO - 25/12/07 20:03:19 INFO MemoryStore: Block broadcast_38 stored as values in memory (estimated size 212.9 KiB, free 432.2 MiB)
[2025-12-07T20:03:19.381+0000] {subprocess.py:106} INFO - 25/12/07 20:03:19 INFO MemoryStore: Block broadcast_38_piece0 stored as bytes in memory (estimated size 36.4 KiB, free 432.2 MiB)
[2025-12-07T20:03:19.382+0000] {subprocess.py:106} INFO - 25/12/07 20:03:19 INFO BlockManagerInfo: Added broadcast_38_piece0 in memory on 13f196131dae:36513 (size: 36.4 KiB, free: 434.1 MiB)
[2025-12-07T20:03:19.383+0000] {subprocess.py:106} INFO - 25/12/07 20:03:19 INFO SparkContext: Created broadcast 38 from $anonfun$recordDeltaOperationInternal$1 at DatabricksLogging.scala:128
[2025-12-07T20:03:19.384+0000] {subprocess.py:106} INFO - 25/12/07 20:03:19 INFO FileSourceScanExec: Planning scan with bin packing, max size: 4194304 bytes, open cost is considered as scanning 4194304 bytes.
[2025-12-07T20:03:19.396+0000] {subprocess.py:106} INFO - 25/12/07 20:03:19 INFO DAGScheduler: Registering RDD 103 ($anonfun$recordDeltaOperationInternal$1 at DatabricksLogging.scala:128) as input to shuffle 8
[2025-12-07T20:03:19.397+0000] {subprocess.py:106} INFO - 25/12/07 20:03:19 INFO DAGScheduler: Got map stage job 22 ($anonfun$recordDeltaOperationInternal$1 at DatabricksLogging.scala:128) with 1 output partitions
[2025-12-07T20:03:19.398+0000] {subprocess.py:106} INFO - 25/12/07 20:03:19 INFO DAGScheduler: Final stage: ShuffleMapStage 37 ($anonfun$recordDeltaOperationInternal$1 at DatabricksLogging.scala:128)
[2025-12-07T20:03:19.399+0000] {subprocess.py:106} INFO - 25/12/07 20:03:19 INFO DAGScheduler: Parents of final stage: List()
[2025-12-07T20:03:19.400+0000] {subprocess.py:106} INFO - 25/12/07 20:03:19 INFO DAGScheduler: Missing parents: List()
[2025-12-07T20:03:19.401+0000] {subprocess.py:106} INFO - 25/12/07 20:03:19 INFO DAGScheduler: Submitting ShuffleMapStage 37 (MapPartitionsRDD[103] at $anonfun$recordDeltaOperationInternal$1 at DatabricksLogging.scala:128), which has no missing parents
[2025-12-07T20:03:19.403+0000] {subprocess.py:106} INFO - 25/12/07 20:03:19 INFO MemoryStore: Block broadcast_39 stored as values in memory (estimated size 138.3 KiB, free 432.1 MiB)
[2025-12-07T20:03:19.404+0000] {subprocess.py:106} INFO - 25/12/07 20:03:19 INFO MemoryStore: Block broadcast_39_piece0 stored as bytes in memory (estimated size 39.0 KiB, free 432.0 MiB)
[2025-12-07T20:03:19.406+0000] {subprocess.py:106} INFO - 25/12/07 20:03:19 INFO BlockManagerInfo: Added broadcast_39_piece0 in memory on 13f196131dae:36513 (size: 39.0 KiB, free: 434.0 MiB)
[2025-12-07T20:03:19.407+0000] {subprocess.py:106} INFO - 25/12/07 20:03:19 INFO SparkContext: Created broadcast 39 from broadcast at DAGScheduler.scala:1535
[2025-12-07T20:03:19.408+0000] {subprocess.py:106} INFO - 25/12/07 20:03:19 INFO DAGScheduler: Submitting 1 missing tasks from ShuffleMapStage 37 (MapPartitionsRDD[103] at $anonfun$recordDeltaOperationInternal$1 at DatabricksLogging.scala:128) (first 15 tasks are for partitions Vector(0))
[2025-12-07T20:03:19.409+0000] {subprocess.py:106} INFO - 25/12/07 20:03:19 INFO TaskSchedulerImpl: Adding task set 37.0 with 1 tasks resource profile 0
[2025-12-07T20:03:19.410+0000] {subprocess.py:106} INFO - 25/12/07 20:03:19 INFO TaskSetManager: Starting task 0.0 in stage 37.0 (TID 367) (172.18.0.8, executor 0, partition 0, PROCESS_LOCAL, 7934 bytes)
[2025-12-07T20:03:19.425+0000] {subprocess.py:106} INFO - 25/12/07 20:03:19 INFO BlockManagerInfo: Added broadcast_39_piece0 in memory on 172.18.0.8:41783 (size: 39.0 KiB, free: 434.2 MiB)
[2025-12-07T20:03:19.461+0000] {subprocess.py:106} INFO - 25/12/07 20:03:19 INFO BlockManagerInfo: Added broadcast_38_piece0 in memory on 172.18.0.8:41783 (size: 36.4 KiB, free: 434.2 MiB)
[2025-12-07T20:03:19.536+0000] {subprocess.py:106} INFO - 25/12/07 20:03:19 INFO TaskSetManager: Finished task 0.0 in stage 37.0 (TID 367) in 127 ms on 172.18.0.8 (executor 0) (1/1)
[2025-12-07T20:03:19.538+0000] {subprocess.py:106} INFO - 25/12/07 20:03:19 INFO TaskSchedulerImpl: Removed TaskSet 37.0, whose tasks have all completed, from pool
[2025-12-07T20:03:19.540+0000] {subprocess.py:106} INFO - 25/12/07 20:03:19 INFO DAGScheduler: ShuffleMapStage 37 ($anonfun$recordDeltaOperationInternal$1 at DatabricksLogging.scala:128) finished in 0.139 s
[2025-12-07T20:03:19.541+0000] {subprocess.py:106} INFO - 25/12/07 20:03:19 INFO DAGScheduler: looking for newly runnable stages
[2025-12-07T20:03:19.542+0000] {subprocess.py:106} INFO - 25/12/07 20:03:19 INFO DAGScheduler: running: Set()
[2025-12-07T20:03:19.543+0000] {subprocess.py:106} INFO - 25/12/07 20:03:19 INFO DAGScheduler: waiting: Set()
[2025-12-07T20:03:19.544+0000] {subprocess.py:106} INFO - 25/12/07 20:03:19 INFO DAGScheduler: failed: Set()
[2025-12-07T20:03:19.578+0000] {subprocess.py:106} INFO - 25/12/07 20:03:19 INFO BlockManagerInfo: Removed broadcast_39_piece0 on 13f196131dae:36513 in memory (size: 39.0 KiB, free: 434.1 MiB)
[2025-12-07T20:03:19.579+0000] {subprocess.py:106} INFO - 25/12/07 20:03:19 INFO BlockManagerInfo: Removed broadcast_39_piece0 on 172.18.0.8:41783 in memory (size: 39.0 KiB, free: 434.2 MiB)
[2025-12-07T20:03:19.775+0000] {subprocess.py:106} INFO - 25/12/07 20:03:19 INFO DAGScheduler: Registering RDD 113 ($anonfun$recordDeltaOperationInternal$1 at DatabricksLogging.scala:128) as input to shuffle 9
[2025-12-07T20:03:19.776+0000] {subprocess.py:106} INFO - 25/12/07 20:03:19 INFO DAGScheduler: Got map stage job 23 ($anonfun$recordDeltaOperationInternal$1 at DatabricksLogging.scala:128) with 50 output partitions
[2025-12-07T20:03:19.777+0000] {subprocess.py:106} INFO - 25/12/07 20:03:19 INFO DAGScheduler: Final stage: ShuffleMapStage 39 ($anonfun$recordDeltaOperationInternal$1 at DatabricksLogging.scala:128)
[2025-12-07T20:03:19.777+0000] {subprocess.py:106} INFO - 25/12/07 20:03:19 INFO DAGScheduler: Parents of final stage: List(ShuffleMapStage 38)
[2025-12-07T20:03:19.778+0000] {subprocess.py:106} INFO - 25/12/07 20:03:19 INFO DAGScheduler: Missing parents: List()
[2025-12-07T20:03:19.779+0000] {subprocess.py:106} INFO - 25/12/07 20:03:19 INFO DAGScheduler: Submitting ShuffleMapStage 39 (MapPartitionsRDD[113] at $anonfun$recordDeltaOperationInternal$1 at DatabricksLogging.scala:128), which has no missing parents
[2025-12-07T20:03:19.795+0000] {subprocess.py:106} INFO - 25/12/07 20:03:19 INFO MemoryStore: Block broadcast_40 stored as values in memory (estimated size 517.2 KiB, free 431.7 MiB)
[2025-12-07T20:03:19.798+0000] {subprocess.py:106} INFO - 25/12/07 20:03:19 INFO MemoryStore: Block broadcast_40_piece0 stored as bytes in memory (estimated size 123.3 KiB, free 431.6 MiB)
[2025-12-07T20:03:19.799+0000] {subprocess.py:106} INFO - 25/12/07 20:03:19 INFO BlockManagerInfo: Added broadcast_40_piece0 in memory on 13f196131dae:36513 (size: 123.3 KiB, free: 434.0 MiB)
[2025-12-07T20:03:19.800+0000] {subprocess.py:106} INFO - 25/12/07 20:03:19 INFO SparkContext: Created broadcast 40 from broadcast at DAGScheduler.scala:1535
[2025-12-07T20:03:19.801+0000] {subprocess.py:106} INFO - 25/12/07 20:03:19 INFO DAGScheduler: Submitting 50 missing tasks from ShuffleMapStage 39 (MapPartitionsRDD[113] at $anonfun$recordDeltaOperationInternal$1 at DatabricksLogging.scala:128) (first 15 tasks are for partitions Vector(0, 1, 2, 3, 4, 5, 6, 7, 8, 9, 10, 11, 12, 13, 14))
[2025-12-07T20:03:19.802+0000] {subprocess.py:106} INFO - 25/12/07 20:03:19 INFO TaskSchedulerImpl: Adding task set 39.0 with 50 tasks resource profile 0
[2025-12-07T20:03:19.803+0000] {subprocess.py:106} INFO - 25/12/07 20:03:19 INFO TaskSetManager: Starting task 4.0 in stage 39.0 (TID 368) (172.18.0.8, executor 0, partition 4, NODE_LOCAL, 7356 bytes)
[2025-12-07T20:03:19.804+0000] {subprocess.py:106} INFO - 25/12/07 20:03:19 INFO TaskSetManager: Starting task 42.0 in stage 39.0 (TID 369) (172.18.0.8, executor 0, partition 42, NODE_LOCAL, 7356 bytes)
[2025-12-07T20:03:19.805+0000] {subprocess.py:106} INFO - 25/12/07 20:03:19 INFO TaskSetManager: Starting task 0.0 in stage 39.0 (TID 370) (172.18.0.8, executor 0, partition 0, PROCESS_LOCAL, 7356 bytes)
[2025-12-07T20:03:19.810+0000] {subprocess.py:106} INFO - 25/12/07 20:03:19 INFO TaskSetManager: Starting task 1.0 in stage 39.0 (TID 371) (172.18.0.8, executor 0, partition 1, PROCESS_LOCAL, 7356 bytes)
[2025-12-07T20:03:19.811+0000] {subprocess.py:106} INFO - 25/12/07 20:03:19 INFO TaskSetManager: Starting task 2.0 in stage 39.0 (TID 372) (172.18.0.8, executor 0, partition 2, PROCESS_LOCAL, 7356 bytes)
[2025-12-07T20:03:19.812+0000] {subprocess.py:106} INFO - 25/12/07 20:03:19 INFO TaskSetManager: Starting task 3.0 in stage 39.0 (TID 373) (172.18.0.8, executor 0, partition 3, PROCESS_LOCAL, 7356 bytes)
[2025-12-07T20:03:19.813+0000] {subprocess.py:106} INFO - 25/12/07 20:03:19 INFO TaskSetManager: Starting task 5.0 in stage 39.0 (TID 374) (172.18.0.8, executor 0, partition 5, PROCESS_LOCAL, 7356 bytes)
[2025-12-07T20:03:19.814+0000] {subprocess.py:106} INFO - 25/12/07 20:03:19 INFO TaskSetManager: Starting task 6.0 in stage 39.0 (TID 375) (172.18.0.8, executor 0, partition 6, PROCESS_LOCAL, 7356 bytes)
[2025-12-07T20:03:19.815+0000] {subprocess.py:106} INFO - 25/12/07 20:03:19 INFO TaskSetManager: Starting task 7.0 in stage 39.0 (TID 376) (172.18.0.8, executor 0, partition 7, PROCESS_LOCAL, 7356 bytes)
[2025-12-07T20:03:19.816+0000] {subprocess.py:106} INFO - 25/12/07 20:03:19 INFO TaskSetManager: Starting task 8.0 in stage 39.0 (TID 377) (172.18.0.8, executor 0, partition 8, PROCESS_LOCAL, 7356 bytes)
[2025-12-07T20:03:19.817+0000] {subprocess.py:106} INFO - 25/12/07 20:03:19 INFO TaskSetManager: Starting task 9.0 in stage 39.0 (TID 378) (172.18.0.8, executor 0, partition 9, PROCESS_LOCAL, 7356 bytes)
[2025-12-07T20:03:19.817+0000] {subprocess.py:106} INFO - 25/12/07 20:03:19 INFO TaskSetManager: Starting task 10.0 in stage 39.0 (TID 379) (172.18.0.8, executor 0, partition 10, PROCESS_LOCAL, 7356 bytes)
[2025-12-07T20:03:19.818+0000] {subprocess.py:106} INFO - 25/12/07 20:03:19 INFO TaskSetManager: Starting task 11.0 in stage 39.0 (TID 380) (172.18.0.8, executor 0, partition 11, PROCESS_LOCAL, 7356 bytes)
[2025-12-07T20:03:19.819+0000] {subprocess.py:106} INFO - 25/12/07 20:03:19 INFO TaskSetManager: Starting task 12.0 in stage 39.0 (TID 381) (172.18.0.8, executor 0, partition 12, PROCESS_LOCAL, 7356 bytes)
[2025-12-07T20:03:19.819+0000] {subprocess.py:106} INFO - 25/12/07 20:03:19 INFO TaskSetManager: Starting task 13.0 in stage 39.0 (TID 382) (172.18.0.8, executor 0, partition 13, PROCESS_LOCAL, 7356 bytes)
[2025-12-07T20:03:19.820+0000] {subprocess.py:106} INFO - 25/12/07 20:03:19 INFO TaskSetManager: Starting task 14.0 in stage 39.0 (TID 383) (172.18.0.8, executor 0, partition 14, PROCESS_LOCAL, 7356 bytes)
[2025-12-07T20:03:19.822+0000] {subprocess.py:106} INFO - 25/12/07 20:03:19 INFO BlockManagerInfo: Added broadcast_40_piece0 in memory on 172.18.0.8:41783 (size: 123.3 KiB, free: 434.1 MiB)
[2025-12-07T20:03:19.842+0000] {subprocess.py:106} INFO - 25/12/07 20:03:19 INFO MapOutputTrackerMasterEndpoint: Asked to send map output locations for shuffle 8 to 172.18.0.8:33606
[2025-12-07T20:03:19.911+0000] {subprocess.py:106} INFO - 25/12/07 20:03:19 INFO BlockManagerInfo: Added rdd_110_11 in memory on 172.18.0.8:41783 (size: 46.0 B, free: 434.1 MiB)
[2025-12-07T20:03:19.913+0000] {subprocess.py:106} INFO - 25/12/07 20:03:19 INFO BlockManagerInfo: Added rdd_110_13 in memory on 172.18.0.8:41783 (size: 46.0 B, free: 434.1 MiB)
[2025-12-07T20:03:19.918+0000] {subprocess.py:106} INFO - 25/12/07 20:03:19 INFO BlockManagerInfo: Added rdd_110_14 in memory on 172.18.0.8:41783 (size: 46.0 B, free: 434.1 MiB)
[2025-12-07T20:03:19.920+0000] {subprocess.py:106} INFO - 25/12/07 20:03:19 INFO BlockManagerInfo: Added rdd_110_4 in memory on 172.18.0.8:41783 (size: 745.0 B, free: 434.1 MiB)
[2025-12-07T20:03:19.922+0000] {subprocess.py:106} INFO - 25/12/07 20:03:19 INFO BlockManagerInfo: Added rdd_110_5 in memory on 172.18.0.8:41783 (size: 46.0 B, free: 434.1 MiB)
[2025-12-07T20:03:19.923+0000] {subprocess.py:106} INFO - 25/12/07 20:03:19 INFO BlockManagerInfo: Added rdd_110_1 in memory on 172.18.0.8:41783 (size: 46.0 B, free: 434.1 MiB)
[2025-12-07T20:03:19.924+0000] {subprocess.py:106} INFO - 25/12/07 20:03:19 INFO BlockManagerInfo: Added rdd_110_0 in memory on 172.18.0.8:41783 (size: 46.0 B, free: 434.1 MiB)
[2025-12-07T20:03:19.957+0000] {subprocess.py:106} INFO - 25/12/07 20:03:19 INFO BlockManagerInfo: Added rdd_110_7 in memory on 172.18.0.8:41783 (size: 46.0 B, free: 434.1 MiB)
[2025-12-07T20:03:19.958+0000] {subprocess.py:106} INFO - 25/12/07 20:03:19 INFO BlockManagerInfo: Added rdd_110_3 in memory on 172.18.0.8:41783 (size: 46.0 B, free: 434.1 MiB)
[2025-12-07T20:03:19.960+0000] {subprocess.py:106} INFO - 25/12/07 20:03:19 INFO BlockManagerInfo: Added rdd_110_8 in memory on 172.18.0.8:41783 (size: 46.0 B, free: 434.1 MiB)
[2025-12-07T20:03:19.961+0000] {subprocess.py:106} INFO - 25/12/07 20:03:19 INFO BlockManagerInfo: Added rdd_110_6 in memory on 172.18.0.8:41783 (size: 46.0 B, free: 434.1 MiB)
[2025-12-07T20:03:19.963+0000] {subprocess.py:106} INFO - 25/12/07 20:03:19 INFO TaskSetManager: Starting task 15.0 in stage 39.0 (TID 384) (172.18.0.8, executor 0, partition 15, PROCESS_LOCAL, 7356 bytes)
[2025-12-07T20:03:19.965+0000] {subprocess.py:106} INFO - 25/12/07 20:03:19 INFO BlockManagerInfo: Added rdd_110_42 in memory on 172.18.0.8:41783 (size: 540.0 B, free: 434.1 MiB)
[2025-12-07T20:03:19.967+0000] {subprocess.py:106} INFO - 25/12/07 20:03:19 INFO TaskSetManager: Finished task 4.0 in stage 39.0 (TID 368) in 156 ms on 172.18.0.8 (executor 0) (1/50)
[2025-12-07T20:03:19.968+0000] {subprocess.py:106} INFO - 25/12/07 20:03:19 INFO BlockManagerInfo: Added rdd_110_10 in memory on 172.18.0.8:41783 (size: 46.0 B, free: 434.1 MiB)
[2025-12-07T20:03:19.969+0000] {subprocess.py:106} INFO - 25/12/07 20:03:19 INFO BlockManagerInfo: Added rdd_110_9 in memory on 172.18.0.8:41783 (size: 46.0 B, free: 434.1 MiB)
[2025-12-07T20:03:19.970+0000] {subprocess.py:106} INFO - 25/12/07 20:03:19 INFO TaskSetManager: Starting task 16.0 in stage 39.0 (TID 385) (172.18.0.8, executor 0, partition 16, PROCESS_LOCAL, 7356 bytes)
[2025-12-07T20:03:19.970+0000] {subprocess.py:106} INFO - 25/12/07 20:03:19 INFO BlockManagerInfo: Added rdd_110_2 in memory on 172.18.0.8:41783 (size: 46.0 B, free: 434.1 MiB)
[2025-12-07T20:03:19.972+0000] {subprocess.py:106} INFO - 25/12/07 20:03:19 INFO TaskSetManager: Starting task 17.0 in stage 39.0 (TID 386) (172.18.0.8, executor 0, partition 17, PROCESS_LOCAL, 7356 bytes)
[2025-12-07T20:03:19.974+0000] {subprocess.py:106} INFO - 25/12/07 20:03:19 INFO TaskSetManager: Starting task 18.0 in stage 39.0 (TID 387) (172.18.0.8, executor 0, partition 18, PROCESS_LOCAL, 7356 bytes)
[2025-12-07T20:03:19.977+0000] {subprocess.py:106} INFO - 25/12/07 20:03:19 INFO BlockManagerInfo: Added rdd_110_12 in memory on 172.18.0.8:41783 (size: 46.0 B, free: 434.1 MiB)
[2025-12-07T20:03:19.978+0000] {subprocess.py:106} INFO - 25/12/07 20:03:19 INFO TaskSetManager: Finished task 11.0 in stage 39.0 (TID 380) in 155 ms on 172.18.0.8 (executor 0) (2/50)
[2025-12-07T20:03:19.979+0000] {subprocess.py:106} INFO - 25/12/07 20:03:19 INFO TaskSetManager: Finished task 5.0 in stage 39.0 (TID 374) in 157 ms on 172.18.0.8 (executor 0) (3/50)
[2025-12-07T20:03:19.981+0000] {subprocess.py:106} INFO - 25/12/07 20:03:19 INFO TaskSetManager: Finished task 1.0 in stage 39.0 (TID 371) in 158 ms on 172.18.0.8 (executor 0) (4/50)
[2025-12-07T20:03:19.982+0000] {subprocess.py:106} INFO - 25/12/07 20:03:19 INFO TaskSetManager: Starting task 19.0 in stage 39.0 (TID 388) (172.18.0.8, executor 0, partition 19, PROCESS_LOCAL, 7356 bytes)
[2025-12-07T20:03:19.983+0000] {subprocess.py:106} INFO - 25/12/07 20:03:19 INFO TaskSetManager: Starting task 20.0 in stage 39.0 (TID 389) (172.18.0.8, executor 0, partition 20, PROCESS_LOCAL, 7356 bytes)
[2025-12-07T20:03:19.984+0000] {subprocess.py:106} INFO - 25/12/07 20:03:19 INFO TaskSetManager: Finished task 13.0 in stage 39.0 (TID 382) in 173 ms on 172.18.0.8 (executor 0) (5/50)
[2025-12-07T20:03:19.985+0000] {subprocess.py:106} INFO - 25/12/07 20:03:19 INFO TaskSetManager: Finished task 14.0 in stage 39.0 (TID 383) in 173 ms on 172.18.0.8 (executor 0) (6/50)
[2025-12-07T20:03:19.995+0000] {subprocess.py:106} INFO - 25/12/07 20:03:19 INFO TaskSetManager: Starting task 21.0 in stage 39.0 (TID 390) (172.18.0.8, executor 0, partition 21, PROCESS_LOCAL, 7356 bytes)
[2025-12-07T20:03:19.996+0000] {subprocess.py:106} INFO - 25/12/07 20:03:19 INFO TaskSetManager: Finished task 8.0 in stage 39.0 (TID 377) in 190 ms on 172.18.0.8 (executor 0) (7/50)
[2025-12-07T20:03:19.998+0000] {subprocess.py:106} INFO - 25/12/07 20:03:19 INFO TaskSetManager: Starting task 22.0 in stage 39.0 (TID 391) (172.18.0.8, executor 0, partition 22, PROCESS_LOCAL, 7356 bytes)
[2025-12-07T20:03:19.999+0000] {subprocess.py:106} INFO - 25/12/07 20:03:19 INFO TaskSetManager: Finished task 3.0 in stage 39.0 (TID 373) in 194 ms on 172.18.0.8 (executor 0) (8/50)
[2025-12-07T20:03:20.003+0000] {subprocess.py:106} INFO - 25/12/07 20:03:19 INFO TaskSetManager: Starting task 23.0 in stage 39.0 (TID 392) (172.18.0.8, executor 0, partition 23, PROCESS_LOCAL, 7356 bytes)
[2025-12-07T20:03:20.004+0000] {subprocess.py:106} INFO - 25/12/07 20:03:19 INFO TaskSetManager: Finished task 42.0 in stage 39.0 (TID 369) in 198 ms on 172.18.0.8 (executor 0) (9/50)
[2025-12-07T20:03:20.005+0000] {subprocess.py:106} INFO - 25/12/07 20:03:19 INFO TaskSetManager: Starting task 24.0 in stage 39.0 (TID 393) (172.18.0.8, executor 0, partition 24, PROCESS_LOCAL, 7356 bytes)
[2025-12-07T20:03:20.009+0000] {subprocess.py:106} INFO - 25/12/07 20:03:20 INFO TaskSetManager: Finished task 7.0 in stage 39.0 (TID 376) in 198 ms on 172.18.0.8 (executor 0) (10/50)
[2025-12-07T20:03:20.029+0000] {subprocess.py:106} INFO - 25/12/07 20:03:20 INFO TaskSetManager: Starting task 25.0 in stage 39.0 (TID 394) (172.18.0.8, executor 0, partition 25, PROCESS_LOCAL, 7356 bytes)
[2025-12-07T20:03:20.032+0000] {subprocess.py:106} INFO - 25/12/07 20:03:20 INFO TaskSetManager: Starting task 26.0 in stage 39.0 (TID 395) (172.18.0.8, executor 0, partition 26, PROCESS_LOCAL, 7356 bytes)
[2025-12-07T20:03:20.034+0000] {subprocess.py:106} INFO - 25/12/07 20:03:20 INFO TaskSetManager: Starting task 27.0 in stage 39.0 (TID 396) (172.18.0.8, executor 0, partition 27, PROCESS_LOCAL, 7356 bytes)
[2025-12-07T20:03:20.035+0000] {subprocess.py:106} INFO - 25/12/07 20:03:20 INFO TaskSetManager: Finished task 0.0 in stage 39.0 (TID 370) in 230 ms on 172.18.0.8 (executor 0) (11/50)
[2025-12-07T20:03:20.036+0000] {subprocess.py:106} INFO - 25/12/07 20:03:20 INFO TaskSetManager: Finished task 2.0 in stage 39.0 (TID 372) in 230 ms on 172.18.0.8 (executor 0) (12/50)
[2025-12-07T20:03:20.038+0000] {subprocess.py:106} INFO - 25/12/07 20:03:20 INFO TaskSetManager: Starting task 28.0 in stage 39.0 (TID 397) (172.18.0.8, executor 0, partition 28, PROCESS_LOCAL, 7356 bytes)
[2025-12-07T20:03:20.040+0000] {subprocess.py:106} INFO - 25/12/07 20:03:20 INFO TaskSetManager: Finished task 10.0 in stage 39.0 (TID 379) in 231 ms on 172.18.0.8 (executor 0) (13/50)
[2025-12-07T20:03:20.041+0000] {subprocess.py:106} INFO - 25/12/07 20:03:20 INFO TaskSetManager: Finished task 12.0 in stage 39.0 (TID 381) in 230 ms on 172.18.0.8 (executor 0) (14/50)
[2025-12-07T20:03:20.042+0000] {subprocess.py:106} INFO - 25/12/07 20:03:20 INFO TaskSetManager: Starting task 29.0 in stage 39.0 (TID 398) (172.18.0.8, executor 0, partition 29, PROCESS_LOCAL, 7356 bytes)
[2025-12-07T20:03:20.043+0000] {subprocess.py:106} INFO - 25/12/07 20:03:20 INFO TaskSetManager: Starting task 30.0 in stage 39.0 (TID 399) (172.18.0.8, executor 0, partition 30, PROCESS_LOCAL, 7356 bytes)
[2025-12-07T20:03:20.044+0000] {subprocess.py:106} INFO - 25/12/07 20:03:20 INFO TaskSetManager: Finished task 9.0 in stage 39.0 (TID 378) in 234 ms on 172.18.0.8 (executor 0) (15/50)
[2025-12-07T20:03:20.045+0000] {subprocess.py:106} INFO - 25/12/07 20:03:20 INFO TaskSetManager: Finished task 6.0 in stage 39.0 (TID 375) in 236 ms on 172.18.0.8 (executor 0) (16/50)
[2025-12-07T20:03:20.057+0000] {subprocess.py:106} INFO - 25/12/07 20:03:20 INFO BlockManagerInfo: Added rdd_110_15 in memory on 172.18.0.8:41783 (size: 46.0 B, free: 434.1 MiB)
[2025-12-07T20:03:20.091+0000] {subprocess.py:106} INFO - 25/12/07 20:03:20 INFO BlockManagerInfo: Added rdd_110_19 in memory on 172.18.0.8:41783 (size: 46.0 B, free: 434.1 MiB)
[2025-12-07T20:03:20.107+0000] {subprocess.py:106} INFO - 25/12/07 20:03:20 INFO BlockManagerInfo: Added rdd_110_16 in memory on 172.18.0.8:41783 (size: 46.0 B, free: 434.1 MiB)
[2025-12-07T20:03:20.108+0000] {subprocess.py:106} INFO - 25/12/07 20:03:20 INFO BlockManagerInfo: Added rdd_110_23 in memory on 172.18.0.8:41783 (size: 46.0 B, free: 434.1 MiB)
[2025-12-07T20:03:20.118+0000] {subprocess.py:106} INFO - 25/12/07 20:03:20 INFO BlockManagerInfo: Added rdd_110_21 in memory on 172.18.0.8:41783 (size: 46.0 B, free: 434.1 MiB)
[2025-12-07T20:03:20.119+0000] {subprocess.py:106} INFO - 25/12/07 20:03:20 INFO BlockManagerInfo: Added rdd_110_24 in memory on 172.18.0.8:41783 (size: 46.0 B, free: 434.1 MiB)
[2025-12-07T20:03:20.120+0000] {subprocess.py:106} INFO - 25/12/07 20:03:20 INFO BlockManagerInfo: Added rdd_110_17 in memory on 172.18.0.8:41783 (size: 46.0 B, free: 434.1 MiB)
[2025-12-07T20:03:20.142+0000] {subprocess.py:106} INFO - 25/12/07 20:03:20 INFO BlockManagerInfo: Added rdd_110_22 in memory on 172.18.0.8:41783 (size: 46.0 B, free: 434.1 MiB)
[2025-12-07T20:03:20.144+0000] {subprocess.py:106} INFO - 25/12/07 20:03:20 INFO BlockManagerInfo: Added rdd_110_20 in memory on 172.18.0.8:41783 (size: 46.0 B, free: 434.1 MiB)
[2025-12-07T20:03:20.157+0000] {subprocess.py:106} INFO - 25/12/07 20:03:20 INFO BlockManagerInfo: Added rdd_110_29 in memory on 172.18.0.8:41783 (size: 46.0 B, free: 434.1 MiB)
[2025-12-07T20:03:20.166+0000] {subprocess.py:106} INFO - 25/12/07 20:03:20 INFO TaskSetManager: Starting task 31.0 in stage 39.0 (TID 400) (172.18.0.8, executor 0, partition 31, PROCESS_LOCAL, 7356 bytes)
[2025-12-07T20:03:20.167+0000] {subprocess.py:106} INFO - 25/12/07 20:03:20 INFO TaskSetManager: Finished task 19.0 in stage 39.0 (TID 388) in 188 ms on 172.18.0.8 (executor 0) (17/50)
[2025-12-07T20:03:20.169+0000] {subprocess.py:106} INFO - 25/12/07 20:03:20 INFO TaskSetManager: Starting task 32.0 in stage 39.0 (TID 401) (172.18.0.8, executor 0, partition 32, PROCESS_LOCAL, 7356 bytes)
[2025-12-07T20:03:20.171+0000] {subprocess.py:106} INFO - 25/12/07 20:03:20 INFO TaskSetManager: Finished task 15.0 in stage 39.0 (TID 384) in 208 ms on 172.18.0.8 (executor 0) (18/50)
[2025-12-07T20:03:20.175+0000] {subprocess.py:106} INFO - 25/12/07 20:03:20 INFO BlockManagerInfo: Added rdd_110_18 in memory on 172.18.0.8:41783 (size: 46.0 B, free: 434.1 MiB)
[2025-12-07T20:03:20.178+0000] {subprocess.py:106} INFO - 25/12/07 20:03:20 INFO TaskSetManager: Starting task 33.0 in stage 39.0 (TID 402) (172.18.0.8, executor 0, partition 33, PROCESS_LOCAL, 7356 bytes)
[2025-12-07T20:03:20.179+0000] {subprocess.py:106} INFO - 25/12/07 20:03:20 INFO TaskSetManager: Finished task 21.0 in stage 39.0 (TID 390) in 177 ms on 172.18.0.8 (executor 0) (19/50)
[2025-12-07T20:03:20.184+0000] {subprocess.py:106} INFO - 25/12/07 20:03:20 INFO BlockManagerInfo: Added rdd_110_25 in memory on 172.18.0.8:41783 (size: 46.0 B, free: 434.1 MiB)
[2025-12-07T20:03:20.185+0000] {subprocess.py:106} INFO - 25/12/07 20:03:20 INFO BlockManagerInfo: Added rdd_110_26 in memory on 172.18.0.8:41783 (size: 46.0 B, free: 434.1 MiB)
[2025-12-07T20:03:20.187+0000] {subprocess.py:106} INFO - 25/12/07 20:03:20 INFO TaskSetManager: Starting task 34.0 in stage 39.0 (TID 403) (172.18.0.8, executor 0, partition 34, PROCESS_LOCAL, 7356 bytes)
[2025-12-07T20:03:20.189+0000] {subprocess.py:106} INFO - 25/12/07 20:03:20 INFO TaskSetManager: Starting task 35.0 in stage 39.0 (TID 404) (172.18.0.8, executor 0, partition 35, PROCESS_LOCAL, 7356 bytes)
[2025-12-07T20:03:20.191+0000] {subprocess.py:106} INFO - 25/12/07 20:03:20 INFO TaskSetManager: Finished task 16.0 in stage 39.0 (TID 385) in 222 ms on 172.18.0.8 (executor 0) (20/50)
[2025-12-07T20:03:20.192+0000] {subprocess.py:106} INFO - 25/12/07 20:03:20 INFO TaskSetManager: Finished task 23.0 in stage 39.0 (TID 392) in 182 ms on 172.18.0.8 (executor 0) (21/50)
[2025-12-07T20:03:20.193+0000] {subprocess.py:106} INFO - 25/12/07 20:03:20 INFO BlockManagerInfo: Added rdd_110_30 in memory on 172.18.0.8:41783 (size: 46.0 B, free: 434.1 MiB)
[2025-12-07T20:03:20.195+0000] {subprocess.py:106} INFO - 25/12/07 20:03:20 INFO BlockManagerInfo: Added rdd_110_27 in memory on 172.18.0.8:41783 (size: 46.0 B, free: 434.1 MiB)
[2025-12-07T20:03:20.196+0000] {subprocess.py:106} INFO - 25/12/07 20:03:20 INFO TaskSetManager: Starting task 36.0 in stage 39.0 (TID 405) (172.18.0.8, executor 0, partition 36, PROCESS_LOCAL, 7356 bytes)
[2025-12-07T20:03:20.197+0000] {subprocess.py:106} INFO - 25/12/07 20:03:20 INFO TaskSetManager: Finished task 17.0 in stage 39.0 (TID 386) in 235 ms on 172.18.0.8 (executor 0) (22/50)
[2025-12-07T20:03:20.203+0000] {subprocess.py:106} INFO - 25/12/07 20:03:20 INFO TaskSetManager: Starting task 37.0 in stage 39.0 (TID 406) (172.18.0.8, executor 0, partition 37, PROCESS_LOCAL, 7356 bytes)
[2025-12-07T20:03:20.206+0000] {subprocess.py:106} INFO - 25/12/07 20:03:20 INFO TaskSetManager: Finished task 24.0 in stage 39.0 (TID 393) in 199 ms on 172.18.0.8 (executor 0) (23/50)
[2025-12-07T20:03:20.208+0000] {subprocess.py:106} INFO - 25/12/07 20:03:20 INFO TaskSetManager: Starting task 38.0 in stage 39.0 (TID 407) (172.18.0.8, executor 0, partition 38, PROCESS_LOCAL, 7356 bytes)
[2025-12-07T20:03:20.210+0000] {subprocess.py:106} INFO - 25/12/07 20:03:20 INFO TaskSetManager: Finished task 22.0 in stage 39.0 (TID 391) in 207 ms on 172.18.0.8 (executor 0) (24/50)
[2025-12-07T20:03:20.212+0000] {subprocess.py:106} INFO - 25/12/07 20:03:20 INFO TaskSetManager: Starting task 39.0 in stage 39.0 (TID 408) (172.18.0.8, executor 0, partition 39, PROCESS_LOCAL, 7356 bytes)
[2025-12-07T20:03:20.213+0000] {subprocess.py:106} INFO - 25/12/07 20:03:20 INFO BlockManagerInfo: Added rdd_110_28 in memory on 172.18.0.8:41783 (size: 46.0 B, free: 434.1 MiB)
[2025-12-07T20:03:20.219+0000] {subprocess.py:106} INFO - 25/12/07 20:03:20 INFO TaskSetManager: Finished task 20.0 in stage 39.0 (TID 389) in 228 ms on 172.18.0.8 (executor 0) (25/50)
[2025-12-07T20:03:20.222+0000] {subprocess.py:106} INFO - 25/12/07 20:03:20 INFO TaskSetManager: Starting task 40.0 in stage 39.0 (TID 409) (172.18.0.8, executor 0, partition 40, PROCESS_LOCAL, 7356 bytes)
[2025-12-07T20:03:20.225+0000] {subprocess.py:106} INFO - 25/12/07 20:03:20 INFO TaskSetManager: Starting task 41.0 in stage 39.0 (TID 410) (172.18.0.8, executor 0, partition 41, PROCESS_LOCAL, 7356 bytes)
[2025-12-07T20:03:20.227+0000] {subprocess.py:106} INFO - 25/12/07 20:03:20 INFO TaskSetManager: Finished task 29.0 in stage 39.0 (TID 398) in 175 ms on 172.18.0.8 (executor 0) (26/50)
[2025-12-07T20:03:20.228+0000] {subprocess.py:106} INFO - 25/12/07 20:03:20 INFO TaskSetManager: Finished task 26.0 in stage 39.0 (TID 395) in 182 ms on 172.18.0.8 (executor 0) (27/50)
[2025-12-07T20:03:20.230+0000] {subprocess.py:106} INFO - 25/12/07 20:03:20 INFO TaskSetManager: Finished task 18.0 in stage 39.0 (TID 387) in 258 ms on 172.18.0.8 (executor 0) (28/50)
[2025-12-07T20:03:20.231+0000] {subprocess.py:106} INFO - 25/12/07 20:03:20 INFO TaskSetManager: Starting task 43.0 in stage 39.0 (TID 411) (172.18.0.8, executor 0, partition 43, PROCESS_LOCAL, 7356 bytes)
[2025-12-07T20:03:20.232+0000] {subprocess.py:106} INFO - 25/12/07 20:03:20 INFO TaskSetManager: Starting task 44.0 in stage 39.0 (TID 412) (172.18.0.8, executor 0, partition 44, PROCESS_LOCAL, 7356 bytes)
[2025-12-07T20:03:20.232+0000] {subprocess.py:106} INFO - 25/12/07 20:03:20 INFO TaskSetManager: Starting task 45.0 in stage 39.0 (TID 413) (172.18.0.8, executor 0, partition 45, PROCESS_LOCAL, 7356 bytes)
[2025-12-07T20:03:20.233+0000] {subprocess.py:106} INFO - 25/12/07 20:03:20 INFO TaskSetManager: Starting task 46.0 in stage 39.0 (TID 414) (172.18.0.8, executor 0, partition 46, PROCESS_LOCAL, 7356 bytes)
[2025-12-07T20:03:20.234+0000] {subprocess.py:106} INFO - 25/12/07 20:03:20 INFO TaskSetManager: Finished task 25.0 in stage 39.0 (TID 394) in 194 ms on 172.18.0.8 (executor 0) (29/50)
[2025-12-07T20:03:20.235+0000] {subprocess.py:106} INFO - 25/12/07 20:03:20 INFO TaskSetManager: Finished task 27.0 in stage 39.0 (TID 396) in 192 ms on 172.18.0.8 (executor 0) (30/50)
[2025-12-07T20:03:20.236+0000] {subprocess.py:106} INFO - 25/12/07 20:03:20 INFO TaskSetManager: Finished task 30.0 in stage 39.0 (TID 399) in 190 ms on 172.18.0.8 (executor 0) (31/50)
[2025-12-07T20:03:20.258+0000] {subprocess.py:106} INFO - 25/12/07 20:03:20 INFO TaskSetManager: Starting task 47.0 in stage 39.0 (TID 415) (172.18.0.8, executor 0, partition 47, PROCESS_LOCAL, 7356 bytes)
[2025-12-07T20:03:20.259+0000] {subprocess.py:106} INFO - 25/12/07 20:03:20 INFO TaskSetManager: Finished task 28.0 in stage 39.0 (TID 397) in 222 ms on 172.18.0.8 (executor 0) (32/50)
[2025-12-07T20:03:20.272+0000] {subprocess.py:106} INFO - 25/12/07 20:03:20 INFO BlockManagerInfo: Added rdd_110_34 in memory on 172.18.0.8:41783 (size: 46.0 B, free: 434.1 MiB)
[2025-12-07T20:03:20.273+0000] {subprocess.py:106} INFO - 25/12/07 20:03:20 INFO BlockManagerInfo: Added rdd_110_32 in memory on 172.18.0.8:41783 (size: 46.0 B, free: 434.1 MiB)
[2025-12-07T20:03:20.275+0000] {subprocess.py:106} INFO - 25/12/07 20:03:20 INFO BlockManagerInfo: Added rdd_110_35 in memory on 172.18.0.8:41783 (size: 46.0 B, free: 434.1 MiB)
[2025-12-07T20:03:20.280+0000] {subprocess.py:106} INFO - 25/12/07 20:03:20 INFO BlockManagerInfo: Added rdd_110_33 in memory on 172.18.0.8:41783 (size: 46.0 B, free: 434.1 MiB)
[2025-12-07T20:03:20.283+0000] {subprocess.py:106} INFO - 25/12/07 20:03:20 INFO BlockManagerInfo: Added rdd_110_38 in memory on 172.18.0.8:41783 (size: 46.0 B, free: 434.1 MiB)
[2025-12-07T20:03:20.300+0000] {subprocess.py:106} INFO - 25/12/07 20:03:20 INFO BlockManagerInfo: Added rdd_110_40 in memory on 172.18.0.8:41783 (size: 46.0 B, free: 434.1 MiB)
[2025-12-07T20:03:20.304+0000] {subprocess.py:106} INFO - 25/12/07 20:03:20 INFO BlockManagerInfo: Added rdd_110_46 in memory on 172.18.0.8:41783 (size: 46.0 B, free: 434.1 MiB)
[2025-12-07T20:03:20.332+0000] {subprocess.py:106} INFO - 25/12/07 20:03:20 INFO TaskSetManager: Starting task 48.0 in stage 39.0 (TID 416) (172.18.0.8, executor 0, partition 48, PROCESS_LOCAL, 7356 bytes)
[2025-12-07T20:03:20.333+0000] {subprocess.py:106} INFO - 25/12/07 20:03:20 INFO BlockManagerInfo: Added rdd_110_45 in memory on 172.18.0.8:41783 (size: 46.0 B, free: 434.1 MiB)
[2025-12-07T20:03:20.334+0000] {subprocess.py:106} INFO - 25/12/07 20:03:20 INFO BlockManagerInfo: Added rdd_110_31 in memory on 172.18.0.8:41783 (size: 46.0 B, free: 434.1 MiB)
[2025-12-07T20:03:20.337+0000] {subprocess.py:106} INFO - 25/12/07 20:03:20 INFO TaskSetManager: Finished task 33.0 in stage 39.0 (TID 402) in 163 ms on 172.18.0.8 (executor 0) (33/50)
[2025-12-07T20:03:20.339+0000] {subprocess.py:106} INFO - 25/12/07 20:03:20 INFO TaskSetManager: Starting task 49.0 in stage 39.0 (TID 417) (172.18.0.8, executor 0, partition 49, PROCESS_LOCAL, 7356 bytes)
[2025-12-07T20:03:20.341+0000] {subprocess.py:106} INFO - 25/12/07 20:03:20 INFO BlockManagerInfo: Added rdd_110_36 in memory on 172.18.0.8:41783 (size: 46.0 B, free: 434.1 MiB)
[2025-12-07T20:03:20.342+0000] {subprocess.py:106} INFO - 25/12/07 20:03:20 INFO TaskSetManager: Finished task 34.0 in stage 39.0 (TID 403) in 160 ms on 172.18.0.8 (executor 0) (34/50)
[2025-12-07T20:03:20.343+0000] {subprocess.py:106} INFO - 25/12/07 20:03:20 INFO BlockManagerInfo: Added rdd_110_37 in memory on 172.18.0.8:41783 (size: 46.0 B, free: 434.1 MiB)
[2025-12-07T20:03:20.347+0000] {subprocess.py:106} INFO - 25/12/07 20:03:20 INFO BlockManagerInfo: Added rdd_110_41 in memory on 172.18.0.8:41783 (size: 46.0 B, free: 434.1 MiB)
[2025-12-07T20:03:20.350+0000] {subprocess.py:106} INFO - 25/12/07 20:03:20 INFO BlockManagerInfo: Added rdd_110_43 in memory on 172.18.0.8:41783 (size: 46.0 B, free: 434.1 MiB)
[2025-12-07T20:03:20.352+0000] {subprocess.py:106} INFO - 25/12/07 20:03:20 INFO TaskSetManager: Finished task 35.0 in stage 39.0 (TID 404) in 164 ms on 172.18.0.8 (executor 0) (35/50)
[2025-12-07T20:03:20.353+0000] {subprocess.py:106} INFO - 25/12/07 20:03:20 INFO BlockManagerInfo: Added rdd_110_47 in memory on 172.18.0.8:41783 (size: 46.0 B, free: 434.1 MiB)
[2025-12-07T20:03:20.353+0000] {subprocess.py:106} INFO - 25/12/07 20:03:20 INFO TaskSetManager: Finished task 38.0 in stage 39.0 (TID 407) in 146 ms on 172.18.0.8 (executor 0) (36/50)
[2025-12-07T20:03:20.354+0000] {subprocess.py:106} INFO - 25/12/07 20:03:20 INFO TaskSetManager: Finished task 46.0 in stage 39.0 (TID 414) in 127 ms on 172.18.0.8 (executor 0) (37/50)
[2025-12-07T20:03:20.355+0000] {subprocess.py:106} INFO - 25/12/07 20:03:20 INFO BlockManagerInfo: Added rdd_110_44 in memory on 172.18.0.8:41783 (size: 46.0 B, free: 434.1 MiB)
[2025-12-07T20:03:20.355+0000] {subprocess.py:106} INFO - 25/12/07 20:03:20 INFO BlockManagerInfo: Added rdd_110_39 in memory on 172.18.0.8:41783 (size: 46.0 B, free: 434.1 MiB)
[2025-12-07T20:03:20.356+0000] {subprocess.py:106} INFO - 25/12/07 20:03:20 INFO TaskSetManager: Finished task 40.0 in stage 39.0 (TID 409) in 141 ms on 172.18.0.8 (executor 0) (38/50)
[2025-12-07T20:03:20.367+0000] {subprocess.py:106} INFO - 25/12/07 20:03:20 INFO TaskSetManager: Finished task 32.0 in stage 39.0 (TID 401) in 199 ms on 172.18.0.8 (executor 0) (39/50)
[2025-12-07T20:03:20.368+0000] {subprocess.py:106} INFO - 25/12/07 20:03:20 INFO TaskSetManager: Finished task 36.0 in stage 39.0 (TID 405) in 173 ms on 172.18.0.8 (executor 0) (40/50)
[2025-12-07T20:03:20.371+0000] {subprocess.py:106} INFO - 25/12/07 20:03:20 INFO TaskSetManager: Finished task 31.0 in stage 39.0 (TID 400) in 208 ms on 172.18.0.8 (executor 0) (41/50)
[2025-12-07T20:03:20.373+0000] {subprocess.py:106} INFO - 25/12/07 20:03:20 INFO TaskSetManager: Finished task 43.0 in stage 39.0 (TID 411) in 153 ms on 172.18.0.8 (executor 0) (42/50)
[2025-12-07T20:03:20.374+0000] {subprocess.py:106} INFO - 25/12/07 20:03:20 INFO TaskSetManager: Finished task 45.0 in stage 39.0 (TID 413) in 153 ms on 172.18.0.8 (executor 0) (43/50)
[2025-12-07T20:03:20.383+0000] {subprocess.py:106} INFO - 25/12/07 20:03:20 INFO TaskSetManager: Finished task 47.0 in stage 39.0 (TID 415) in 126 ms on 172.18.0.8 (executor 0) (44/50)
[2025-12-07T20:03:20.386+0000] {subprocess.py:106} INFO - 25/12/07 20:03:20 INFO TaskSetManager: Finished task 37.0 in stage 39.0 (TID 406) in 187 ms on 172.18.0.8 (executor 0) (45/50)
[2025-12-07T20:03:20.387+0000] {subprocess.py:106} INFO - 25/12/07 20:03:20 INFO TaskSetManager: Finished task 44.0 in stage 39.0 (TID 412) in 167 ms on 172.18.0.8 (executor 0) (46/50)
[2025-12-07T20:03:20.388+0000] {subprocess.py:106} INFO - 25/12/07 20:03:20 INFO TaskSetManager: Finished task 41.0 in stage 39.0 (TID 410) in 176 ms on 172.18.0.8 (executor 0) (47/50)
[2025-12-07T20:03:20.404+0000] {subprocess.py:106} INFO - 25/12/07 20:03:20 INFO TaskSetManager: Finished task 39.0 in stage 39.0 (TID 408) in 199 ms on 172.18.0.8 (executor 0) (48/50)
[2025-12-07T20:03:20.407+0000] {subprocess.py:106} INFO - 25/12/07 20:03:20 INFO BlockManagerInfo: Added rdd_110_49 in memory on 172.18.0.8:41783 (size: 46.0 B, free: 434.1 MiB)
[2025-12-07T20:03:20.419+0000] {subprocess.py:106} INFO - 25/12/07 20:03:20 INFO BlockManagerInfo: Added rdd_110_48 in memory on 172.18.0.8:41783 (size: 46.0 B, free: 434.1 MiB)
[2025-12-07T20:03:20.441+0000] {subprocess.py:106} INFO - 25/12/07 20:03:20 INFO TaskSetManager: Finished task 49.0 in stage 39.0 (TID 417) in 106 ms on 172.18.0.8 (executor 0) (49/50)
[2025-12-07T20:03:20.451+0000] {subprocess.py:106} INFO - 25/12/07 20:03:20 INFO TaskSetManager: Finished task 48.0 in stage 39.0 (TID 416) in 120 ms on 172.18.0.8 (executor 0) (50/50)
[2025-12-07T20:03:20.453+0000] {subprocess.py:106} INFO - 25/12/07 20:03:20 INFO TaskSchedulerImpl: Removed TaskSet 39.0, whose tasks have all completed, from pool
[2025-12-07T20:03:20.454+0000] {subprocess.py:106} INFO - 25/12/07 20:03:20 INFO DAGScheduler: ShuffleMapStage 39 ($anonfun$recordDeltaOperationInternal$1 at DatabricksLogging.scala:128) finished in 0.672 s
[2025-12-07T20:03:20.455+0000] {subprocess.py:106} INFO - 25/12/07 20:03:20 INFO DAGScheduler: looking for newly runnable stages
[2025-12-07T20:03:20.456+0000] {subprocess.py:106} INFO - 25/12/07 20:03:20 INFO DAGScheduler: running: Set()
[2025-12-07T20:03:20.456+0000] {subprocess.py:106} INFO - 25/12/07 20:03:20 INFO DAGScheduler: waiting: Set()
[2025-12-07T20:03:20.457+0000] {subprocess.py:106} INFO - 25/12/07 20:03:20 INFO DAGScheduler: failed: Set()
[2025-12-07T20:03:20.488+0000] {subprocess.py:106} INFO - 25/12/07 20:03:20 INFO SparkContext: Starting job: $anonfun$recordDeltaOperationInternal$1 at DatabricksLogging.scala:128
[2025-12-07T20:03:20.491+0000] {subprocess.py:106} INFO - 25/12/07 20:03:20 INFO DAGScheduler: Got job 24 ($anonfun$recordDeltaOperationInternal$1 at DatabricksLogging.scala:128) with 1 output partitions
[2025-12-07T20:03:20.492+0000] {subprocess.py:106} INFO - 25/12/07 20:03:20 INFO DAGScheduler: Final stage: ResultStage 42 ($anonfun$recordDeltaOperationInternal$1 at DatabricksLogging.scala:128)
[2025-12-07T20:03:20.492+0000] {subprocess.py:106} INFO - 25/12/07 20:03:20 INFO DAGScheduler: Parents of final stage: List(ShuffleMapStage 41)
[2025-12-07T20:03:20.493+0000] {subprocess.py:106} INFO - 25/12/07 20:03:20 INFO DAGScheduler: Missing parents: List()
[2025-12-07T20:03:20.493+0000] {subprocess.py:106} INFO - 25/12/07 20:03:20 INFO DAGScheduler: Submitting ResultStage 42 (MapPartitionsRDD[116] at $anonfun$recordDeltaOperationInternal$1 at DatabricksLogging.scala:128), which has no missing parents
[2025-12-07T20:03:20.496+0000] {subprocess.py:106} INFO - 25/12/07 20:03:20 INFO MemoryStore: Block broadcast_41 stored as values in memory (estimated size 452.4 KiB, free 431.1 MiB)
[2025-12-07T20:03:20.499+0000] {subprocess.py:106} INFO - 25/12/07 20:03:20 INFO MemoryStore: Block broadcast_41_piece0 stored as bytes in memory (estimated size 108.0 KiB, free 431.0 MiB)
[2025-12-07T20:03:20.500+0000] {subprocess.py:106} INFO - 25/12/07 20:03:20 INFO BlockManagerInfo: Added broadcast_41_piece0 in memory on 13f196131dae:36513 (size: 108.0 KiB, free: 433.9 MiB)
[2025-12-07T20:03:20.501+0000] {subprocess.py:106} INFO - 25/12/07 20:03:20 INFO SparkContext: Created broadcast 41 from broadcast at DAGScheduler.scala:1535
[2025-12-07T20:03:20.502+0000] {subprocess.py:106} INFO - 25/12/07 20:03:20 INFO DAGScheduler: Submitting 1 missing tasks from ResultStage 42 (MapPartitionsRDD[116] at $anonfun$recordDeltaOperationInternal$1 at DatabricksLogging.scala:128) (first 15 tasks are for partitions Vector(0))
[2025-12-07T20:03:20.502+0000] {subprocess.py:106} INFO - 25/12/07 20:03:20 INFO TaskSchedulerImpl: Adding task set 42.0 with 1 tasks resource profile 0
[2025-12-07T20:03:20.503+0000] {subprocess.py:106} INFO - 25/12/07 20:03:20 INFO TaskSetManager: Starting task 0.0 in stage 42.0 (TID 418) (172.18.0.8, executor 0, partition 0, NODE_LOCAL, 7367 bytes)
[2025-12-07T20:03:20.513+0000] {subprocess.py:106} INFO - 25/12/07 20:03:20 INFO BlockManagerInfo: Added broadcast_41_piece0 in memory on 172.18.0.8:41783 (size: 108.0 KiB, free: 434.0 MiB)
[2025-12-07T20:03:20.522+0000] {subprocess.py:106} INFO - 25/12/07 20:03:20 INFO MapOutputTrackerMasterEndpoint: Asked to send map output locations for shuffle 9 to 172.18.0.8:33606
[2025-12-07T20:03:20.551+0000] {subprocess.py:106} INFO - 25/12/07 20:03:20 INFO TaskSetManager: Finished task 0.0 in stage 42.0 (TID 418) in 49 ms on 172.18.0.8 (executor 0) (1/1)
[2025-12-07T20:03:20.552+0000] {subprocess.py:106} INFO - 25/12/07 20:03:20 INFO TaskSchedulerImpl: Removed TaskSet 42.0, whose tasks have all completed, from pool
[2025-12-07T20:03:20.553+0000] {subprocess.py:106} INFO - 25/12/07 20:03:20 INFO DAGScheduler: ResultStage 42 ($anonfun$recordDeltaOperationInternal$1 at DatabricksLogging.scala:128) finished in 0.060 s
[2025-12-07T20:03:20.554+0000] {subprocess.py:106} INFO - 25/12/07 20:03:20 INFO DAGScheduler: Job 24 is finished. Cancelling potential speculative or zombie tasks for this job
[2025-12-07T20:03:20.554+0000] {subprocess.py:106} INFO - 25/12/07 20:03:20 INFO TaskSchedulerImpl: Killing all running tasks in stage 42: Stage finished
[2025-12-07T20:03:20.555+0000] {subprocess.py:106} INFO - 25/12/07 20:03:20 INFO DAGScheduler: Job 24 finished: $anonfun$recordDeltaOperationInternal$1 at DatabricksLogging.scala:128, took 0.064361 s
[2025-12-07T20:03:20.562+0000] {subprocess.py:106} INFO - 25/12/07 20:03:20 INFO Snapshot: [tableId=724e12ac-f55f-44d4-b386-0b4714a86aea] DELTA: Done
[2025-12-07T20:03:20.585+0000] {subprocess.py:106} INFO - 25/12/07 20:03:20 INFO BlockManagerInfo: Removed broadcast_41_piece0 on 13f196131dae:36513 in memory (size: 108.0 KiB, free: 434.0 MiB)
[2025-12-07T20:03:20.587+0000] {subprocess.py:106} INFO - 25/12/07 20:03:20 INFO BlockManagerInfo: Removed broadcast_41_piece0 on 172.18.0.8:41783 in memory (size: 108.0 KiB, free: 434.1 MiB)
[2025-12-07T20:03:20.592+0000] {subprocess.py:106} INFO - 25/12/07 20:03:20 INFO BlockManagerInfo: Removed broadcast_40_piece0 on 13f196131dae:36513 in memory (size: 123.3 KiB, free: 434.1 MiB)
[2025-12-07T20:03:20.593+0000] {subprocess.py:106} INFO - 25/12/07 20:03:20 INFO BlockManagerInfo: Removed broadcast_40_piece0 on 172.18.0.8:41783 in memory (size: 123.3 KiB, free: 434.2 MiB)
[2025-12-07T20:03:20.698+0000] {subprocess.py:106} INFO - 25/12/07 20:03:20 INFO SparkContext: Starting job: $anonfun$recordDeltaOperationInternal$1 at DatabricksLogging.scala:128
[2025-12-07T20:03:20.700+0000] {subprocess.py:106} INFO - 25/12/07 20:03:20 INFO DAGScheduler: Got job 25 ($anonfun$recordDeltaOperationInternal$1 at DatabricksLogging.scala:128) with 50 output partitions
[2025-12-07T20:03:20.701+0000] {subprocess.py:106} INFO - 25/12/07 20:03:20 INFO DAGScheduler: Final stage: ResultStage 44 ($anonfun$recordDeltaOperationInternal$1 at DatabricksLogging.scala:128)
[2025-12-07T20:03:20.701+0000] {subprocess.py:106} INFO - 25/12/07 20:03:20 INFO DAGScheduler: Parents of final stage: List(ShuffleMapStage 43)
[2025-12-07T20:03:20.702+0000] {subprocess.py:106} INFO - 25/12/07 20:03:20 INFO DAGScheduler: Missing parents: List()
[2025-12-07T20:03:20.702+0000] {subprocess.py:106} INFO - 25/12/07 20:03:20 INFO DAGScheduler: Submitting ResultStage 44 (MapPartitionsRDD[118] at $anonfun$recordDeltaOperationInternal$1 at DatabricksLogging.scala:128), which has no missing parents
[2025-12-07T20:03:20.705+0000] {subprocess.py:106} INFO - 25/12/07 20:03:20 INFO MemoryStore: Block broadcast_42 stored as values in memory (estimated size 592.2 KiB, free 431.6 MiB)
[2025-12-07T20:03:20.714+0000] {subprocess.py:106} INFO - 25/12/07 20:03:20 INFO MemoryStore: Block broadcast_42_piece0 stored as bytes in memory (estimated size 138.5 KiB, free 431.5 MiB)
[2025-12-07T20:03:20.715+0000] {subprocess.py:106} INFO - 25/12/07 20:03:20 INFO BlockManagerInfo: Added broadcast_42_piece0 in memory on 13f196131dae:36513 (size: 138.5 KiB, free: 433.9 MiB)
[2025-12-07T20:03:20.719+0000] {subprocess.py:106} INFO - 25/12/07 20:03:20 INFO SparkContext: Created broadcast 42 from broadcast at DAGScheduler.scala:1535
[2025-12-07T20:03:20.720+0000] {subprocess.py:106} INFO - 25/12/07 20:03:20 INFO DAGScheduler: Submitting 50 missing tasks from ResultStage 44 (MapPartitionsRDD[118] at $anonfun$recordDeltaOperationInternal$1 at DatabricksLogging.scala:128) (first 15 tasks are for partitions Vector(0, 1, 2, 3, 4, 5, 6, 7, 8, 9, 10, 11, 12, 13, 14))
[2025-12-07T20:03:20.721+0000] {subprocess.py:106} INFO - 25/12/07 20:03:20 INFO TaskSchedulerImpl: Adding task set 44.0 with 50 tasks resource profile 0
[2025-12-07T20:03:20.722+0000] {subprocess.py:106} INFO - 25/12/07 20:03:20 INFO TaskSetManager: Starting task 0.0 in stage 44.0 (TID 419) (172.18.0.8, executor 0, partition 0, PROCESS_LOCAL, 7367 bytes)
[2025-12-07T20:03:20.722+0000] {subprocess.py:106} INFO - 25/12/07 20:03:20 INFO TaskSetManager: Starting task 1.0 in stage 44.0 (TID 420) (172.18.0.8, executor 0, partition 1, PROCESS_LOCAL, 7367 bytes)
[2025-12-07T20:03:20.723+0000] {subprocess.py:106} INFO - 25/12/07 20:03:20 INFO TaskSetManager: Starting task 2.0 in stage 44.0 (TID 421) (172.18.0.8, executor 0, partition 2, PROCESS_LOCAL, 7367 bytes)
[2025-12-07T20:03:20.724+0000] {subprocess.py:106} INFO - 25/12/07 20:03:20 INFO TaskSetManager: Starting task 3.0 in stage 44.0 (TID 422) (172.18.0.8, executor 0, partition 3, PROCESS_LOCAL, 7367 bytes)
[2025-12-07T20:03:20.725+0000] {subprocess.py:106} INFO - 25/12/07 20:03:20 INFO TaskSetManager: Starting task 4.0 in stage 44.0 (TID 423) (172.18.0.8, executor 0, partition 4, PROCESS_LOCAL, 7367 bytes)
[2025-12-07T20:03:20.725+0000] {subprocess.py:106} INFO - 25/12/07 20:03:20 INFO TaskSetManager: Starting task 5.0 in stage 44.0 (TID 424) (172.18.0.8, executor 0, partition 5, PROCESS_LOCAL, 7367 bytes)
[2025-12-07T20:03:20.726+0000] {subprocess.py:106} INFO - 25/12/07 20:03:20 INFO TaskSetManager: Starting task 6.0 in stage 44.0 (TID 425) (172.18.0.8, executor 0, partition 6, PROCESS_LOCAL, 7367 bytes)
[2025-12-07T20:03:20.726+0000] {subprocess.py:106} INFO - 25/12/07 20:03:20 INFO TaskSetManager: Starting task 7.0 in stage 44.0 (TID 426) (172.18.0.8, executor 0, partition 7, PROCESS_LOCAL, 7367 bytes)
[2025-12-07T20:03:20.727+0000] {subprocess.py:106} INFO - 25/12/07 20:03:20 INFO TaskSetManager: Starting task 8.0 in stage 44.0 (TID 427) (172.18.0.8, executor 0, partition 8, PROCESS_LOCAL, 7367 bytes)
[2025-12-07T20:03:20.727+0000] {subprocess.py:106} INFO - 25/12/07 20:03:20 INFO TaskSetManager: Starting task 9.0 in stage 44.0 (TID 428) (172.18.0.8, executor 0, partition 9, PROCESS_LOCAL, 7367 bytes)
[2025-12-07T20:03:20.728+0000] {subprocess.py:106} INFO - 25/12/07 20:03:20 INFO TaskSetManager: Starting task 10.0 in stage 44.0 (TID 429) (172.18.0.8, executor 0, partition 10, PROCESS_LOCAL, 7367 bytes)
[2025-12-07T20:03:20.728+0000] {subprocess.py:106} INFO - 25/12/07 20:03:20 INFO TaskSetManager: Starting task 11.0 in stage 44.0 (TID 430) (172.18.0.8, executor 0, partition 11, PROCESS_LOCAL, 7367 bytes)
[2025-12-07T20:03:20.729+0000] {subprocess.py:106} INFO - 25/12/07 20:03:20 INFO TaskSetManager: Starting task 12.0 in stage 44.0 (TID 431) (172.18.0.8, executor 0, partition 12, PROCESS_LOCAL, 7367 bytes)
[2025-12-07T20:03:20.729+0000] {subprocess.py:106} INFO - 25/12/07 20:03:20 INFO TaskSetManager: Starting task 13.0 in stage 44.0 (TID 432) (172.18.0.8, executor 0, partition 13, PROCESS_LOCAL, 7367 bytes)
[2025-12-07T20:03:20.729+0000] {subprocess.py:106} INFO - 25/12/07 20:03:20 INFO TaskSetManager: Starting task 14.0 in stage 44.0 (TID 433) (172.18.0.8, executor 0, partition 14, PROCESS_LOCAL, 7367 bytes)
[2025-12-07T20:03:20.730+0000] {subprocess.py:106} INFO - 25/12/07 20:03:20 INFO TaskSetManager: Starting task 15.0 in stage 44.0 (TID 434) (172.18.0.8, executor 0, partition 15, PROCESS_LOCAL, 7367 bytes)
[2025-12-07T20:03:20.736+0000] {subprocess.py:106} INFO - 25/12/07 20:03:20 INFO BlockManagerInfo: Added broadcast_42_piece0 in memory on 172.18.0.8:41783 (size: 138.5 KiB, free: 434.1 MiB)
[2025-12-07T20:03:20.757+0000] {subprocess.py:106} INFO - 25/12/07 20:03:20 INFO TaskSetManager: Starting task 16.0 in stage 44.0 (TID 435) (172.18.0.8, executor 0, partition 16, PROCESS_LOCAL, 7367 bytes)
[2025-12-07T20:03:20.764+0000] {subprocess.py:106} INFO - 25/12/07 20:03:20 INFO TaskSetManager: Starting task 17.0 in stage 44.0 (TID 436) (172.18.0.8, executor 0, partition 17, PROCESS_LOCAL, 7367 bytes)
[2025-12-07T20:03:20.765+0000] {subprocess.py:106} INFO - 25/12/07 20:03:20 INFO TaskSetManager: Starting task 18.0 in stage 44.0 (TID 437) (172.18.0.8, executor 0, partition 18, PROCESS_LOCAL, 7367 bytes)
[2025-12-07T20:03:20.766+0000] {subprocess.py:106} INFO - 25/12/07 20:03:20 INFO TaskSetManager: Finished task 13.0 in stage 44.0 (TID 432) in 40 ms on 172.18.0.8 (executor 0) (1/50)
[2025-12-07T20:03:20.768+0000] {subprocess.py:106} INFO - 25/12/07 20:03:20 INFO TaskSetManager: Finished task 12.0 in stage 44.0 (TID 431) in 40 ms on 172.18.0.8 (executor 0) (2/50)
[2025-12-07T20:03:20.776+0000] {subprocess.py:106} INFO - 25/12/07 20:03:20 INFO TaskSetManager: Finished task 15.0 in stage 44.0 (TID 434) in 41 ms on 172.18.0.8 (executor 0) (3/50)
[2025-12-07T20:03:20.779+0000] {subprocess.py:106} INFO - 25/12/07 20:03:20 INFO TaskSetManager: Starting task 19.0 in stage 44.0 (TID 438) (172.18.0.8, executor 0, partition 19, PROCESS_LOCAL, 7367 bytes)
[2025-12-07T20:03:20.780+0000] {subprocess.py:106} INFO - 25/12/07 20:03:20 INFO TaskSetManager: Finished task 9.0 in stage 44.0 (TID 428) in 43 ms on 172.18.0.8 (executor 0) (4/50)
[2025-12-07T20:03:20.781+0000] {subprocess.py:106} INFO - 25/12/07 20:03:20 INFO TaskSetManager: Starting task 20.0 in stage 44.0 (TID 439) (172.18.0.8, executor 0, partition 20, PROCESS_LOCAL, 7367 bytes)
[2025-12-07T20:03:20.782+0000] {subprocess.py:106} INFO - 25/12/07 20:03:20 INFO TaskSetManager: Starting task 21.0 in stage 44.0 (TID 440) (172.18.0.8, executor 0, partition 21, PROCESS_LOCAL, 7367 bytes)
[2025-12-07T20:03:20.783+0000] {subprocess.py:106} INFO - 25/12/07 20:03:20 INFO TaskSetManager: Starting task 22.0 in stage 44.0 (TID 441) (172.18.0.8, executor 0, partition 22, PROCESS_LOCAL, 7367 bytes)
[2025-12-07T20:03:20.784+0000] {subprocess.py:106} INFO - 25/12/07 20:03:20 INFO TaskSetManager: Starting task 23.0 in stage 44.0 (TID 442) (172.18.0.8, executor 0, partition 23, PROCESS_LOCAL, 7367 bytes)
[2025-12-07T20:03:20.785+0000] {subprocess.py:106} INFO - 25/12/07 20:03:20 INFO TaskSetManager: Finished task 10.0 in stage 44.0 (TID 429) in 48 ms on 172.18.0.8 (executor 0) (5/50)
[2025-12-07T20:03:20.786+0000] {subprocess.py:106} INFO - 25/12/07 20:03:20 INFO TaskSetManager: Finished task 5.0 in stage 44.0 (TID 424) in 49 ms on 172.18.0.8 (executor 0) (6/50)
[2025-12-07T20:03:20.787+0000] {subprocess.py:106} INFO - 25/12/07 20:03:20 INFO TaskSetManager: Finished task 14.0 in stage 44.0 (TID 433) in 48 ms on 172.18.0.8 (executor 0) (7/50)
[2025-12-07T20:03:20.788+0000] {subprocess.py:106} INFO - 25/12/07 20:03:20 INFO TaskSetManager: Finished task 0.0 in stage 44.0 (TID 419) in 52 ms on 172.18.0.8 (executor 0) (8/50)
[2025-12-07T20:03:20.788+0000] {subprocess.py:106} INFO - 25/12/07 20:03:20 INFO TaskSetManager: Starting task 24.0 in stage 44.0 (TID 443) (172.18.0.8, executor 0, partition 24, PROCESS_LOCAL, 7367 bytes)
[2025-12-07T20:03:20.789+0000] {subprocess.py:106} INFO - 25/12/07 20:03:20 INFO TaskSetManager: Starting task 25.0 in stage 44.0 (TID 444) (172.18.0.8, executor 0, partition 25, PROCESS_LOCAL, 7367 bytes)
[2025-12-07T20:03:20.789+0000] {subprocess.py:106} INFO - 25/12/07 20:03:20 INFO TaskSetManager: Starting task 26.0 in stage 44.0 (TID 445) (172.18.0.8, executor 0, partition 26, PROCESS_LOCAL, 7367 bytes)
[2025-12-07T20:03:20.795+0000] {subprocess.py:106} INFO - 25/12/07 20:03:20 INFO TaskSetManager: Finished task 11.0 in stage 44.0 (TID 430) in 74 ms on 172.18.0.8 (executor 0) (9/50)
[2025-12-07T20:03:20.796+0000] {subprocess.py:106} INFO - 25/12/07 20:03:20 INFO TaskSetManager: Starting task 27.0 in stage 44.0 (TID 446) (172.18.0.8, executor 0, partition 27, PROCESS_LOCAL, 7367 bytes)
[2025-12-07T20:03:20.797+0000] {subprocess.py:106} INFO - 25/12/07 20:03:20 INFO TaskSetManager: Finished task 8.0 in stage 44.0 (TID 427) in 76 ms on 172.18.0.8 (executor 0) (10/50)
[2025-12-07T20:03:20.798+0000] {subprocess.py:106} INFO - 25/12/07 20:03:20 INFO TaskSetManager: Finished task 7.0 in stage 44.0 (TID 426) in 77 ms on 172.18.0.8 (executor 0) (11/50)
[2025-12-07T20:03:20.800+0000] {subprocess.py:106} INFO - 25/12/07 20:03:20 INFO TaskSetManager: Finished task 2.0 in stage 44.0 (TID 421) in 78 ms on 172.18.0.8 (executor 0) (12/50)
[2025-12-07T20:03:20.801+0000] {subprocess.py:106} INFO - 25/12/07 20:03:20 INFO TaskSetManager: Starting task 28.0 in stage 44.0 (TID 447) (172.18.0.8, executor 0, partition 28, PROCESS_LOCAL, 7367 bytes)
[2025-12-07T20:03:20.802+0000] {subprocess.py:106} INFO - 25/12/07 20:03:20 INFO TaskSetManager: Starting task 29.0 in stage 44.0 (TID 448) (172.18.0.8, executor 0, partition 29, PROCESS_LOCAL, 7367 bytes)
[2025-12-07T20:03:20.804+0000] {subprocess.py:106} INFO - 25/12/07 20:03:20 INFO TaskSetManager: Finished task 6.0 in stage 44.0 (TID 425) in 79 ms on 172.18.0.8 (executor 0) (13/50)
[2025-12-07T20:03:20.805+0000] {subprocess.py:106} INFO - 25/12/07 20:03:20 INFO TaskSetManager: Starting task 30.0 in stage 44.0 (TID 449) (172.18.0.8, executor 0, partition 30, PROCESS_LOCAL, 7367 bytes)
[2025-12-07T20:03:20.806+0000] {subprocess.py:106} INFO - 25/12/07 20:03:20 INFO TaskSetManager: Starting task 31.0 in stage 44.0 (TID 450) (172.18.0.8, executor 0, partition 31, PROCESS_LOCAL, 7367 bytes)
[2025-12-07T20:03:20.807+0000] {subprocess.py:106} INFO - 25/12/07 20:03:20 INFO TaskSetManager: Finished task 3.0 in stage 44.0 (TID 422) in 82 ms on 172.18.0.8 (executor 0) (14/50)
[2025-12-07T20:03:20.808+0000] {subprocess.py:106} INFO - 25/12/07 20:03:20 INFO TaskSetManager: Finished task 4.0 in stage 44.0 (TID 423) in 81 ms on 172.18.0.8 (executor 0) (15/50)
[2025-12-07T20:03:20.809+0000] {subprocess.py:106} INFO - 25/12/07 20:03:20 INFO TaskSetManager: Finished task 1.0 in stage 44.0 (TID 420) in 82 ms on 172.18.0.8 (executor 0) (16/50)
[2025-12-07T20:03:20.810+0000] {subprocess.py:106} INFO - 25/12/07 20:03:20 INFO TaskSetManager: Starting task 32.0 in stage 44.0 (TID 451) (172.18.0.8, executor 0, partition 32, PROCESS_LOCAL, 7367 bytes)
[2025-12-07T20:03:20.811+0000] {subprocess.py:106} INFO - 25/12/07 20:03:20 INFO TaskSetManager: Finished task 16.0 in stage 44.0 (TID 435) in 45 ms on 172.18.0.8 (executor 0) (17/50)
[2025-12-07T20:03:20.812+0000] {subprocess.py:106} INFO - 25/12/07 20:03:20 INFO TaskSetManager: Starting task 33.0 in stage 44.0 (TID 452) (172.18.0.8, executor 0, partition 33, PROCESS_LOCAL, 7367 bytes)
[2025-12-07T20:03:20.813+0000] {subprocess.py:106} INFO - 25/12/07 20:03:20 INFO TaskSetManager: Starting task 34.0 in stage 44.0 (TID 453) (172.18.0.8, executor 0, partition 34, PROCESS_LOCAL, 7367 bytes)
[2025-12-07T20:03:20.815+0000] {subprocess.py:106} INFO - 25/12/07 20:03:20 INFO TaskSetManager: Starting task 35.0 in stage 44.0 (TID 454) (172.18.0.8, executor 0, partition 35, PROCESS_LOCAL, 7367 bytes)
[2025-12-07T20:03:20.816+0000] {subprocess.py:106} INFO - 25/12/07 20:03:20 INFO TaskSetManager: Starting task 36.0 in stage 44.0 (TID 455) (172.18.0.8, executor 0, partition 36, PROCESS_LOCAL, 7367 bytes)
[2025-12-07T20:03:20.816+0000] {subprocess.py:106} INFO - 25/12/07 20:03:20 INFO TaskSetManager: Starting task 37.0 in stage 44.0 (TID 456) (172.18.0.8, executor 0, partition 37, PROCESS_LOCAL, 7367 bytes)
[2025-12-07T20:03:20.817+0000] {subprocess.py:106} INFO - 25/12/07 20:03:20 INFO TaskSetManager: Starting task 38.0 in stage 44.0 (TID 457) (172.18.0.8, executor 0, partition 38, PROCESS_LOCAL, 7367 bytes)
[2025-12-07T20:03:20.819+0000] {subprocess.py:106} INFO - 25/12/07 20:03:20 INFO TaskSetManager: Finished task 17.0 in stage 44.0 (TID 436) in 47 ms on 172.18.0.8 (executor 0) (18/50)
[2025-12-07T20:03:20.821+0000] {subprocess.py:106} INFO - 25/12/07 20:03:20 INFO TaskSetManager: Starting task 39.0 in stage 44.0 (TID 458) (172.18.0.8, executor 0, partition 39, PROCESS_LOCAL, 7367 bytes)
[2025-12-07T20:03:20.822+0000] {subprocess.py:106} INFO - 25/12/07 20:03:20 INFO TaskSetManager: Finished task 18.0 in stage 44.0 (TID 437) in 46 ms on 172.18.0.8 (executor 0) (19/50)
[2025-12-07T20:03:20.823+0000] {subprocess.py:106} INFO - 25/12/07 20:03:20 INFO TaskSetManager: Finished task 20.0 in stage 44.0 (TID 439) in 43 ms on 172.18.0.8 (executor 0) (20/50)
[2025-12-07T20:03:20.824+0000] {subprocess.py:106} INFO - 25/12/07 20:03:20 INFO TaskSetManager: Finished task 23.0 in stage 44.0 (TID 442) in 42 ms on 172.18.0.8 (executor 0) (21/50)
[2025-12-07T20:03:20.829+0000] {subprocess.py:106} INFO - 25/12/07 20:03:20 INFO TaskSetManager: Finished task 21.0 in stage 44.0 (TID 440) in 44 ms on 172.18.0.8 (executor 0) (22/50)
[2025-12-07T20:03:20.830+0000] {subprocess.py:106} INFO - 25/12/07 20:03:20 INFO TaskSetManager: Starting task 40.0 in stage 44.0 (TID 459) (172.18.0.8, executor 0, partition 40, PROCESS_LOCAL, 7367 bytes)
[2025-12-07T20:03:20.831+0000] {subprocess.py:106} INFO - 25/12/07 20:03:20 INFO TaskSetManager: Starting task 41.0 in stage 44.0 (TID 460) (172.18.0.8, executor 0, partition 41, PROCESS_LOCAL, 7367 bytes)
[2025-12-07T20:03:20.833+0000] {subprocess.py:106} INFO - 25/12/07 20:03:20 INFO TaskSetManager: Finished task 25.0 in stage 44.0 (TID 444) in 41 ms on 172.18.0.8 (executor 0) (23/50)
[2025-12-07T20:03:20.835+0000] {subprocess.py:106} INFO - 25/12/07 20:03:20 INFO TaskSetManager: Finished task 22.0 in stage 44.0 (TID 441) in 48 ms on 172.18.0.8 (executor 0) (24/50)
[2025-12-07T20:03:20.836+0000] {subprocess.py:106} INFO - 25/12/07 20:03:20 INFO TaskSetManager: Finished task 19.0 in stage 44.0 (TID 438) in 52 ms on 172.18.0.8 (executor 0) (25/50)
[2025-12-07T20:03:20.838+0000] {subprocess.py:106} INFO - 25/12/07 20:03:20 INFO TaskSetManager: Finished task 24.0 in stage 44.0 (TID 443) in 43 ms on 172.18.0.8 (executor 0) (26/50)
[2025-12-07T20:03:20.848+0000] {subprocess.py:106} INFO - 25/12/07 20:03:20 INFO TaskSetManager: Starting task 42.0 in stage 44.0 (TID 461) (172.18.0.8, executor 0, partition 42, PROCESS_LOCAL, 7367 bytes)
[2025-12-07T20:03:20.849+0000] {subprocess.py:106} INFO - 25/12/07 20:03:20 INFO TaskSetManager: Finished task 27.0 in stage 44.0 (TID 446) in 53 ms on 172.18.0.8 (executor 0) (27/50)
[2025-12-07T20:03:20.866+0000] {subprocess.py:106} INFO - 25/12/07 20:03:20 INFO TaskSetManager: Starting task 43.0 in stage 44.0 (TID 462) (172.18.0.8, executor 0, partition 43, PROCESS_LOCAL, 7367 bytes)
[2025-12-07T20:03:20.869+0000] {subprocess.py:106} INFO - 25/12/07 20:03:20 INFO TaskSetManager: Starting task 44.0 in stage 44.0 (TID 463) (172.18.0.8, executor 0, partition 44, PROCESS_LOCAL, 7367 bytes)
[2025-12-07T20:03:20.870+0000] {subprocess.py:106} INFO - 25/12/07 20:03:20 INFO TaskSetManager: Starting task 45.0 in stage 44.0 (TID 464) (172.18.0.8, executor 0, partition 45, PROCESS_LOCAL, 7367 bytes)
[2025-12-07T20:03:20.877+0000] {subprocess.py:106} INFO - 25/12/07 20:03:20 INFO TaskSetManager: Starting task 46.0 in stage 44.0 (TID 465) (172.18.0.8, executor 0, partition 46, PROCESS_LOCAL, 7367 bytes)
[2025-12-07T20:03:20.878+0000] {subprocess.py:106} INFO - 25/12/07 20:03:20 INFO TaskSetManager: Starting task 47.0 in stage 44.0 (TID 466) (172.18.0.8, executor 0, partition 47, PROCESS_LOCAL, 7367 bytes)
[2025-12-07T20:03:20.880+0000] {subprocess.py:106} INFO - 25/12/07 20:03:20 INFO TaskSetManager: Finished task 31.0 in stage 44.0 (TID 450) in 72 ms on 172.18.0.8 (executor 0) (28/50)
[2025-12-07T20:03:20.881+0000] {subprocess.py:106} INFO - 25/12/07 20:03:20 INFO TaskSetManager: Starting task 48.0 in stage 44.0 (TID 467) (172.18.0.8, executor 0, partition 48, PROCESS_LOCAL, 7367 bytes)
[2025-12-07T20:03:20.883+0000] {subprocess.py:106} INFO - 25/12/07 20:03:20 INFO TaskSetManager: Finished task 38.0 in stage 44.0 (TID 457) in 67 ms on 172.18.0.8 (executor 0) (29/50)
[2025-12-07T20:03:20.884+0000] {subprocess.py:106} INFO - 25/12/07 20:03:20 INFO TaskSetManager: Finished task 33.0 in stage 44.0 (TID 452) in 71 ms on 172.18.0.8 (executor 0) (30/50)
[2025-12-07T20:03:20.885+0000] {subprocess.py:106} INFO - 25/12/07 20:03:20 INFO TaskSetManager: Finished task 26.0 in stage 44.0 (TID 445) in 100 ms on 172.18.0.8 (executor 0) (31/50)
[2025-12-07T20:03:20.886+0000] {subprocess.py:106} INFO - 25/12/07 20:03:20 INFO TaskSetManager: Finished task 36.0 in stage 44.0 (TID 455) in 70 ms on 172.18.0.8 (executor 0) (32/50)
[2025-12-07T20:03:20.887+0000] {subprocess.py:106} INFO - 25/12/07 20:03:20 INFO TaskSetManager: Starting task 49.0 in stage 44.0 (TID 468) (172.18.0.8, executor 0, partition 49, PROCESS_LOCAL, 7367 bytes)
[2025-12-07T20:03:20.888+0000] {subprocess.py:106} INFO - 25/12/07 20:03:20 INFO TaskSetManager: Finished task 30.0 in stage 44.0 (TID 449) in 75 ms on 172.18.0.8 (executor 0) (33/50)
[2025-12-07T20:03:20.889+0000] {subprocess.py:106} INFO - 25/12/07 20:03:20 INFO TaskSetManager: Finished task 32.0 in stage 44.0 (TID 451) in 74 ms on 172.18.0.8 (executor 0) (34/50)
[2025-12-07T20:03:20.890+0000] {subprocess.py:106} INFO - 25/12/07 20:03:20 INFO TaskSetManager: Finished task 28.0 in stage 44.0 (TID 447) in 79 ms on 172.18.0.8 (executor 0) (35/50)
[2025-12-07T20:03:20.891+0000] {subprocess.py:106} INFO - 25/12/07 20:03:20 INFO TaskSetManager: Finished task 37.0 in stage 44.0 (TID 456) in 72 ms on 172.18.0.8 (executor 0) (36/50)
[2025-12-07T20:03:20.892+0000] {subprocess.py:106} INFO - 25/12/07 20:03:20 INFO TaskSetManager: Finished task 39.0 in stage 44.0 (TID 458) in 70 ms on 172.18.0.8 (executor 0) (37/50)
[2025-12-07T20:03:20.893+0000] {subprocess.py:106} INFO - 25/12/07 20:03:20 INFO TaskSetManager: Finished task 29.0 in stage 44.0 (TID 448) in 79 ms on 172.18.0.8 (executor 0) (38/50)
[2025-12-07T20:03:20.894+0000] {subprocess.py:106} INFO - 25/12/07 20:03:20 INFO TaskSetManager: Finished task 34.0 in stage 44.0 (TID 453) in 75 ms on 172.18.0.8 (executor 0) (39/50)
[2025-12-07T20:03:20.894+0000] {subprocess.py:106} INFO - 25/12/07 20:03:20 INFO TaskSetManager: Finished task 35.0 in stage 44.0 (TID 454) in 76 ms on 172.18.0.8 (executor 0) (40/50)
[2025-12-07T20:03:20.895+0000] {subprocess.py:106} INFO - 25/12/07 20:03:20 INFO TaskSetManager: Finished task 40.0 in stage 44.0 (TID 459) in 75 ms on 172.18.0.8 (executor 0) (41/50)
[2025-12-07T20:03:20.896+0000] {subprocess.py:106} INFO - 25/12/07 20:03:20 INFO TaskSetManager: Finished task 41.0 in stage 44.0 (TID 460) in 75 ms on 172.18.0.8 (executor 0) (42/50)
[2025-12-07T20:03:20.897+0000] {subprocess.py:106} INFO - 25/12/07 20:03:20 INFO TaskSetManager: Finished task 42.0 in stage 44.0 (TID 461) in 38 ms on 172.18.0.8 (executor 0) (43/50)
[2025-12-07T20:03:20.897+0000] {subprocess.py:106} INFO - 25/12/07 20:03:20 INFO TaskSetManager: Finished task 47.0 in stage 44.0 (TID 466) in 19 ms on 172.18.0.8 (executor 0) (44/50)
[2025-12-07T20:03:20.898+0000] {subprocess.py:106} INFO - 25/12/07 20:03:20 INFO TaskSetManager: Finished task 44.0 in stage 44.0 (TID 463) in 24 ms on 172.18.0.8 (executor 0) (45/50)
[2025-12-07T20:03:20.899+0000] {subprocess.py:106} INFO - 25/12/07 20:03:20 INFO TaskSetManager: Finished task 45.0 in stage 44.0 (TID 464) in 23 ms on 172.18.0.8 (executor 0) (46/50)
[2025-12-07T20:03:20.899+0000] {subprocess.py:106} INFO - 25/12/07 20:03:20 INFO TaskSetManager: Finished task 46.0 in stage 44.0 (TID 465) in 22 ms on 172.18.0.8 (executor 0) (47/50)
[2025-12-07T20:03:20.900+0000] {subprocess.py:106} INFO - 25/12/07 20:03:20 INFO TaskSetManager: Finished task 43.0 in stage 44.0 (TID 462) in 27 ms on 172.18.0.8 (executor 0) (48/50)
[2025-12-07T20:03:20.901+0000] {subprocess.py:106} INFO - 25/12/07 20:03:20 INFO TaskSetManager: Finished task 49.0 in stage 44.0 (TID 468) in 19 ms on 172.18.0.8 (executor 0) (49/50)
[2025-12-07T20:03:20.901+0000] {subprocess.py:106} INFO - 25/12/07 20:03:20 INFO TaskSetManager: Finished task 48.0 in stage 44.0 (TID 467) in 24 ms on 172.18.0.8 (executor 0) (50/50)
[2025-12-07T20:03:20.902+0000] {subprocess.py:106} INFO - 25/12/07 20:03:20 INFO TaskSchedulerImpl: Removed TaskSet 44.0, whose tasks have all completed, from pool
[2025-12-07T20:03:20.903+0000] {subprocess.py:106} INFO - 25/12/07 20:03:20 INFO DAGScheduler: ResultStage 44 ($anonfun$recordDeltaOperationInternal$1 at DatabricksLogging.scala:128) finished in 0.194 s
[2025-12-07T20:03:20.903+0000] {subprocess.py:106} INFO - 25/12/07 20:03:20 INFO DAGScheduler: Job 25 is finished. Cancelling potential speculative or zombie tasks for this job
[2025-12-07T20:03:20.904+0000] {subprocess.py:106} INFO - 25/12/07 20:03:20 INFO TaskSchedulerImpl: Killing all running tasks in stage 44: Stage finished
[2025-12-07T20:03:20.904+0000] {subprocess.py:106} INFO - 25/12/07 20:03:20 INFO DAGScheduler: Job 25 finished: $anonfun$recordDeltaOperationInternal$1 at DatabricksLogging.scala:128, took 0.199223 s
[2025-12-07T20:03:20.908+0000] {subprocess.py:106} INFO - 25/12/07 20:03:20 INFO OptimisticTransaction: [tableId=724e12ac,txnId=a5d3d720] Attempting to commit version 1 with 3 actions with Serializable isolation level
[2025-12-07T20:03:20.986+0000] {subprocess.py:106} INFO - 25/12/07 20:03:20 INFO DeltaLog: Creating a new snapshot v1 for commit version 1
[2025-12-07T20:03:20.987+0000] {subprocess.py:106} INFO - 25/12/07 20:03:20 INFO DeltaLog: Loading version 1.
[2025-12-07T20:03:20.992+0000] {subprocess.py:106} INFO - 25/12/07 20:03:20 INFO DeltaLogFileIndex: Created DeltaLogFileIndex(JSON, numFilesInSegment: 2, totalFileSize: 3785)
[2025-12-07T20:03:21.020+0000] {subprocess.py:106} INFO - 25/12/07 20:03:21 INFO FileSourceStrategy: Pushed Filters:
[2025-12-07T20:03:21.021+0000] {subprocess.py:106} INFO - 25/12/07 20:03:21 INFO FileSourceStrategy: Post-Scan Filters:
[2025-12-07T20:03:21.034+0000] {subprocess.py:106} INFO - 25/12/07 20:03:21 INFO MemoryStore: Block broadcast_43 stored as values in memory (estimated size 212.9 KiB, free 431.3 MiB)
[2025-12-07T20:03:21.040+0000] {subprocess.py:106} INFO - 25/12/07 20:03:21 INFO MemoryStore: Block broadcast_43_piece0 stored as bytes in memory (estimated size 36.4 KiB, free 431.3 MiB)
[2025-12-07T20:03:21.045+0000] {subprocess.py:106} INFO - 25/12/07 20:03:21 INFO BlockManagerInfo: Added broadcast_43_piece0 in memory on 13f196131dae:36513 (size: 36.4 KiB, free: 433.9 MiB)
[2025-12-07T20:03:21.046+0000] {subprocess.py:106} INFO - 25/12/07 20:03:21 INFO SparkContext: Created broadcast 43 from toString at <unknown>:0
[2025-12-07T20:03:21.047+0000] {subprocess.py:106} INFO - 25/12/07 20:03:21 INFO BlockManagerInfo: Removed broadcast_42_piece0 on 13f196131dae:36513 in memory (size: 138.5 KiB, free: 434.0 MiB)
[2025-12-07T20:03:21.048+0000] {subprocess.py:106} INFO - 25/12/07 20:03:21 INFO FileSourceScanExec: Planning scan with bin packing, max size: 4194304 bytes, open cost is considered as scanning 4194304 bytes.
[2025-12-07T20:03:21.049+0000] {subprocess.py:106} INFO - 25/12/07 20:03:21 INFO BlockManagerInfo: Removed broadcast_42_piece0 on 172.18.0.8:41783 in memory (size: 138.5 KiB, free: 434.2 MiB)
[2025-12-07T20:03:21.059+0000] {subprocess.py:106} INFO - 25/12/07 20:03:21 INFO SparkContext: Starting job: toString at <unknown>:0
[2025-12-07T20:03:21.061+0000] {subprocess.py:106} INFO - 25/12/07 20:03:21 INFO DAGScheduler: Got job 26 (toString at <unknown>:0) with 2 output partitions
[2025-12-07T20:03:21.062+0000] {subprocess.py:106} INFO - 25/12/07 20:03:21 INFO DAGScheduler: Final stage: ResultStage 45 (toString at <unknown>:0)
[2025-12-07T20:03:21.063+0000] {subprocess.py:106} INFO - 25/12/07 20:03:21 INFO DAGScheduler: Parents of final stage: List()
[2025-12-07T20:03:21.064+0000] {subprocess.py:106} INFO - 25/12/07 20:03:21 INFO DAGScheduler: Missing parents: List()
[2025-12-07T20:03:21.065+0000] {subprocess.py:106} INFO - 25/12/07 20:03:21 INFO DAGScheduler: Submitting ResultStage 45 (MapPartitionsRDD[122] at toString at <unknown>:0), which has no missing parents
[2025-12-07T20:03:21.065+0000] {subprocess.py:106} INFO - 25/12/07 20:03:21 INFO MemoryStore: Block broadcast_44 stored as values in memory (estimated size 50.4 KiB, free 431.9 MiB)
[2025-12-07T20:03:21.066+0000] {subprocess.py:106} INFO - 25/12/07 20:03:21 INFO MemoryStore: Block broadcast_44_piece0 stored as bytes in memory (estimated size 15.5 KiB, free 431.9 MiB)
[2025-12-07T20:03:21.066+0000] {subprocess.py:106} INFO - 25/12/07 20:03:21 INFO BlockManagerInfo: Added broadcast_44_piece0 in memory on 13f196131dae:36513 (size: 15.5 KiB, free: 434.0 MiB)
[2025-12-07T20:03:21.067+0000] {subprocess.py:106} INFO - 25/12/07 20:03:21 INFO SparkContext: Created broadcast 44 from broadcast at DAGScheduler.scala:1535
[2025-12-07T20:03:21.067+0000] {subprocess.py:106} INFO - 25/12/07 20:03:21 INFO DAGScheduler: Submitting 2 missing tasks from ResultStage 45 (MapPartitionsRDD[122] at toString at <unknown>:0) (first 15 tasks are for partitions Vector(0, 1))
[2025-12-07T20:03:21.068+0000] {subprocess.py:106} INFO - 25/12/07 20:03:21 INFO TaskSchedulerImpl: Adding task set 45.0 with 2 tasks resource profile 0
[2025-12-07T20:03:21.069+0000] {subprocess.py:106} INFO - 25/12/07 20:03:21 INFO TaskSetManager: Starting task 0.0 in stage 45.0 (TID 469) (172.18.0.8, executor 0, partition 0, PROCESS_LOCAL, 7945 bytes)
[2025-12-07T20:03:21.070+0000] {subprocess.py:106} INFO - 25/12/07 20:03:21 INFO TaskSetManager: Starting task 1.0 in stage 45.0 (TID 470) (172.18.0.8, executor 0, partition 1, PROCESS_LOCAL, 7945 bytes)
[2025-12-07T20:03:21.076+0000] {subprocess.py:106} INFO - 25/12/07 20:03:21 INFO BlockManagerInfo: Added broadcast_44_piece0 in memory on 172.18.0.8:41783 (size: 15.5 KiB, free: 434.2 MiB)
[2025-12-07T20:03:21.090+0000] {subprocess.py:106} INFO - 25/12/07 20:03:21 INFO BlockManagerInfo: Added broadcast_43_piece0 in memory on 172.18.0.8:41783 (size: 36.4 KiB, free: 434.2 MiB)
[2025-12-07T20:03:21.120+0000] {subprocess.py:106} INFO - 25/12/07 20:03:21 INFO TaskSetManager: Finished task 1.0 in stage 45.0 (TID 470) in 52 ms on 172.18.0.8 (executor 0) (1/2)
[2025-12-07T20:03:21.121+0000] {subprocess.py:106} INFO - 25/12/07 20:03:21 INFO TaskSetManager: Finished task 0.0 in stage 45.0 (TID 469) in 54 ms on 172.18.0.8 (executor 0) (2/2)
[2025-12-07T20:03:21.122+0000] {subprocess.py:106} INFO - 25/12/07 20:03:21 INFO TaskSchedulerImpl: Removed TaskSet 45.0, whose tasks have all completed, from pool
[2025-12-07T20:03:21.122+0000] {subprocess.py:106} INFO - 25/12/07 20:03:21 INFO DAGScheduler: ResultStage 45 (toString at <unknown>:0) finished in 0.059 s
[2025-12-07T20:03:21.123+0000] {subprocess.py:106} INFO - 25/12/07 20:03:21 INFO DAGScheduler: Job 26 is finished. Cancelling potential speculative or zombie tasks for this job
[2025-12-07T20:03:21.124+0000] {subprocess.py:106} INFO - 25/12/07 20:03:21 INFO TaskSchedulerImpl: Killing all running tasks in stage 45: Stage finished
[2025-12-07T20:03:21.124+0000] {subprocess.py:106} INFO - 25/12/07 20:03:21 INFO DAGScheduler: Job 26 finished: toString at <unknown>:0, took 0.061776 s
[2025-12-07T20:03:21.128+0000] {subprocess.py:106} INFO - 25/12/07 20:03:21 INFO Snapshot: [tableId=724e12ac-f55f-44d4-b386-0b4714a86aea] Created snapshot Snapshot(path=s3a://gold/dim_customers/_delta_log, version=1, metadata=Metadata(724e12ac-f55f-44d4-b386-0b4714a86aea,null,null,Format(parquet,Map()),{"type":"struct","fields":[{"name":"customer_key","type":"string","nullable":true,"metadata":{}},{"name":"customer_id","type":"string","nullable":true,"metadata":{}},{"name":"customer_name","type":"string","nullable":true,"metadata":{}},{"name":"phone","type":"string","nullable":true,"metadata":{}},{"name":"address","type":"string","nullable":true,"metadata":{}},{"name":"customer_group","type":"string","nullable":true,"metadata":{}},{"name":"status","type":"integer","nullable":true,"metadata":{}},{"name":"last_updated","type":"timestamp","nullable":true,"metadata":{}}]},List(),Map(),Some(1765136694081)), logSegment=LogSegment(s3a://gold/dim_customers/_delta_log,1,WrappedArray(S3AFileStatus{path=s3a://gold/dim_customers/_delta_log/00000000000000000000.json; isDirectory=false; length=2245; replication=1; blocksize=33554432; modification_time=1765136696521; access_time=0; owner=root; group=root; permission=rw-rw-rw-; isSymlink=false; hasAcl=false; isEncrypted=true; isErasureCoded=false} isEmptyDirectory=FALSE eTag=fd42944bc6f63278bc52f20a70da7d55 versionId=null, S3AFileStatus{path=s3a://gold/dim_customers/_delta_log/00000000000000000001.json; isDirectory=false; length=1540; replication=1; blocksize=33554432; modification_time=1765137800946; access_time=0; owner=root; group=root; permission=rw-rw-rw-; isSymlink=false; hasAcl=false; isEncrypted=true; isErasureCoded=false} isEmptyDirectory=FALSE eTag=6aab39ec762c1c6b355e4332da3f3f3d versionId=null),None,1765137800946), checksumOpt=None)
[2025-12-07T20:03:21.129+0000] {subprocess.py:106} INFO - 25/12/07 20:03:21 INFO DeltaLog: Updated snapshot to Snapshot(path=s3a://gold/dim_customers/_delta_log, version=1, metadata=Metadata(724e12ac-f55f-44d4-b386-0b4714a86aea,null,null,Format(parquet,Map()),{"type":"struct","fields":[{"name":"customer_key","type":"string","nullable":true,"metadata":{}},{"name":"customer_id","type":"string","nullable":true,"metadata":{}},{"name":"customer_name","type":"string","nullable":true,"metadata":{}},{"name":"phone","type":"string","nullable":true,"metadata":{}},{"name":"address","type":"string","nullable":true,"metadata":{}},{"name":"customer_group","type":"string","nullable":true,"metadata":{}},{"name":"status","type":"integer","nullable":true,"metadata":{}},{"name":"last_updated","type":"timestamp","nullable":true,"metadata":{}}]},List(),Map(),Some(1765136694081)), logSegment=LogSegment(s3a://gold/dim_customers/_delta_log,1,WrappedArray(S3AFileStatus{path=s3a://gold/dim_customers/_delta_log/00000000000000000000.json; isDirectory=false; length=2245; replication=1; blocksize=33554432; modification_time=1765136696521; access_time=0; owner=root; group=root; permission=rw-rw-rw-; isSymlink=false; hasAcl=false; isEncrypted=true; isErasureCoded=false} isEmptyDirectory=FALSE eTag=fd42944bc6f63278bc52f20a70da7d55 versionId=null, S3AFileStatus{path=s3a://gold/dim_customers/_delta_log/00000000000000000001.json; isDirectory=false; length=1540; replication=1; blocksize=33554432; modification_time=1765137800946; access_time=0; owner=root; group=root; permission=rw-rw-rw-; isSymlink=false; hasAcl=false; isEncrypted=true; isErasureCoded=false} isEmptyDirectory=FALSE eTag=6aab39ec762c1c6b355e4332da3f3f3d versionId=null),None,1765137800946), checksumOpt=None)
[2025-12-07T20:03:21.130+0000] {subprocess.py:106} INFO - 25/12/07 20:03:21 INFO MapPartitionsRDD: Removing RDD 110 from persistence list
[2025-12-07T20:03:21.135+0000] {subprocess.py:106} INFO - 25/12/07 20:03:21 INFO BlockManager: Removing RDD 110
[2025-12-07T20:03:21.136+0000] {subprocess.py:106} INFO - 25/12/07 20:03:21 INFO Snapshot: [tableId=724e12ac-f55f-44d4-b386-0b4714a86aea] DELTA: Compute snapshot for version: 1
[2025-12-07T20:03:21.137+0000] {subprocess.py:106} INFO - 25/12/07 20:03:21 INFO MemoryStore: Block broadcast_45 stored as values in memory (estimated size 212.3 KiB, free 431.7 MiB)
[2025-12-07T20:03:21.141+0000] {subprocess.py:106} INFO - 25/12/07 20:03:21 INFO MemoryStore: Block broadcast_45_piece0 stored as bytes in memory (estimated size 36.3 KiB, free 431.7 MiB)
[2025-12-07T20:03:21.142+0000] {subprocess.py:106} INFO - 25/12/07 20:03:21 INFO BlockManagerInfo: Added broadcast_45_piece0 in memory on 13f196131dae:36513 (size: 36.3 KiB, free: 434.0 MiB)
[2025-12-07T20:03:21.143+0000] {subprocess.py:106} INFO - 25/12/07 20:03:21 INFO SparkContext: Created broadcast 45 from $anonfun$recordDeltaOperationInternal$1 at DatabricksLogging.scala:128
[2025-12-07T20:03:21.229+0000] {subprocess.py:106} INFO - 25/12/07 20:03:21 INFO BlockManagerInfo: Removed broadcast_44_piece0 on 13f196131dae:36513 in memory (size: 15.5 KiB, free: 434.0 MiB)
[2025-12-07T20:03:21.230+0000] {subprocess.py:106} INFO - 25/12/07 20:03:21 INFO BlockManagerInfo: Removed broadcast_44_piece0 on 172.18.0.8:41783 in memory (size: 15.5 KiB, free: 434.2 MiB)
[2025-12-07T20:03:21.280+0000] {subprocess.py:106} INFO - 25/12/07 20:03:21 INFO FileSourceStrategy: Pushed Filters:
[2025-12-07T20:03:21.281+0000] {subprocess.py:106} INFO - 25/12/07 20:03:21 INFO FileSourceStrategy: Post-Scan Filters:
[2025-12-07T20:03:21.319+0000] {subprocess.py:106} INFO - 25/12/07 20:03:21 INFO MemoryStore: Block broadcast_46 stored as values in memory (estimated size 212.9 KiB, free 431.5 MiB)
[2025-12-07T20:03:21.324+0000] {subprocess.py:106} INFO - 25/12/07 20:03:21 INFO MemoryStore: Block broadcast_46_piece0 stored as bytes in memory (estimated size 36.4 KiB, free 431.5 MiB)
[2025-12-07T20:03:21.325+0000] {subprocess.py:106} INFO - 25/12/07 20:03:21 INFO BlockManagerInfo: Added broadcast_46_piece0 in memory on 13f196131dae:36513 (size: 36.4 KiB, free: 434.0 MiB)
[2025-12-07T20:03:21.326+0000] {subprocess.py:106} INFO - 25/12/07 20:03:21 INFO SparkContext: Created broadcast 46 from $anonfun$recordDeltaOperationInternal$1 at DatabricksLogging.scala:128
[2025-12-07T20:03:21.327+0000] {subprocess.py:106} INFO - 25/12/07 20:03:21 INFO FileSourceScanExec: Planning scan with bin packing, max size: 4194304 bytes, open cost is considered as scanning 4194304 bytes.
[2025-12-07T20:03:21.334+0000] {subprocess.py:106} INFO - 25/12/07 20:03:21 INFO DAGScheduler: Registering RDD 126 ($anonfun$recordDeltaOperationInternal$1 at DatabricksLogging.scala:128) as input to shuffle 10
[2025-12-07T20:03:21.335+0000] {subprocess.py:106} INFO - 25/12/07 20:03:21 INFO DAGScheduler: Got map stage job 27 ($anonfun$recordDeltaOperationInternal$1 at DatabricksLogging.scala:128) with 2 output partitions
[2025-12-07T20:03:21.336+0000] {subprocess.py:106} INFO - 25/12/07 20:03:21 INFO DAGScheduler: Final stage: ShuffleMapStage 46 ($anonfun$recordDeltaOperationInternal$1 at DatabricksLogging.scala:128)
[2025-12-07T20:03:21.336+0000] {subprocess.py:106} INFO - 25/12/07 20:03:21 INFO DAGScheduler: Parents of final stage: List()
[2025-12-07T20:03:21.336+0000] {subprocess.py:106} INFO - 25/12/07 20:03:21 INFO DAGScheduler: Missing parents: List()
[2025-12-07T20:03:21.337+0000] {subprocess.py:106} INFO - 25/12/07 20:03:21 INFO DAGScheduler: Submitting ShuffleMapStage 46 (MapPartitionsRDD[126] at $anonfun$recordDeltaOperationInternal$1 at DatabricksLogging.scala:128), which has no missing parents
[2025-12-07T20:03:21.339+0000] {subprocess.py:106} INFO - 25/12/07 20:03:21 INFO MemoryStore: Block broadcast_47 stored as values in memory (estimated size 138.3 KiB, free 431.3 MiB)
[2025-12-07T20:03:21.346+0000] {subprocess.py:106} INFO - 25/12/07 20:03:21 INFO MemoryStore: Block broadcast_47_piece0 stored as bytes in memory (estimated size 39.0 KiB, free 431.3 MiB)
[2025-12-07T20:03:21.351+0000] {subprocess.py:106} INFO - 25/12/07 20:03:21 INFO BlockManagerInfo: Added broadcast_47_piece0 in memory on 13f196131dae:36513 (size: 39.0 KiB, free: 433.9 MiB)
[2025-12-07T20:03:21.352+0000] {subprocess.py:106} INFO - 25/12/07 20:03:21 INFO SparkContext: Created broadcast 47 from broadcast at DAGScheduler.scala:1535
[2025-12-07T20:03:21.353+0000] {subprocess.py:106} INFO - 25/12/07 20:03:21 INFO DAGScheduler: Submitting 2 missing tasks from ShuffleMapStage 46 (MapPartitionsRDD[126] at $anonfun$recordDeltaOperationInternal$1 at DatabricksLogging.scala:128) (first 15 tasks are for partitions Vector(0, 1))
[2025-12-07T20:03:21.354+0000] {subprocess.py:106} INFO - 25/12/07 20:03:21 INFO TaskSchedulerImpl: Adding task set 46.0 with 2 tasks resource profile 0
[2025-12-07T20:03:21.354+0000] {subprocess.py:106} INFO - 25/12/07 20:03:21 INFO TaskSetManager: Starting task 0.0 in stage 46.0 (TID 471) (172.18.0.8, executor 0, partition 0, PROCESS_LOCAL, 7934 bytes)
[2025-12-07T20:03:21.355+0000] {subprocess.py:106} INFO - 25/12/07 20:03:21 INFO TaskSetManager: Starting task 1.0 in stage 46.0 (TID 472) (172.18.0.8, executor 0, partition 1, PROCESS_LOCAL, 7934 bytes)
[2025-12-07T20:03:21.360+0000] {subprocess.py:106} INFO - 25/12/07 20:03:21 INFO BlockManagerInfo: Added broadcast_47_piece0 in memory on 172.18.0.8:41783 (size: 39.0 KiB, free: 434.1 MiB)
[2025-12-07T20:03:21.387+0000] {subprocess.py:106} INFO - 25/12/07 20:03:21 INFO BlockManagerInfo: Added broadcast_46_piece0 in memory on 172.18.0.8:41783 (size: 36.4 KiB, free: 434.1 MiB)
[2025-12-07T20:03:21.432+0000] {subprocess.py:106} INFO - 25/12/07 20:03:21 INFO TaskSetManager: Finished task 0.0 in stage 46.0 (TID 471) in 83 ms on 172.18.0.8 (executor 0) (1/2)
[2025-12-07T20:03:21.433+0000] {subprocess.py:106} INFO - 25/12/07 20:03:21 INFO TaskSetManager: Finished task 1.0 in stage 46.0 (TID 472) in 83 ms on 172.18.0.8 (executor 0) (2/2)
[2025-12-07T20:03:21.434+0000] {subprocess.py:106} INFO - 25/12/07 20:03:21 INFO TaskSchedulerImpl: Removed TaskSet 46.0, whose tasks have all completed, from pool
[2025-12-07T20:03:21.435+0000] {subprocess.py:106} INFO - 25/12/07 20:03:21 INFO DAGScheduler: ShuffleMapStage 46 ($anonfun$recordDeltaOperationInternal$1 at DatabricksLogging.scala:128) finished in 0.097 s
[2025-12-07T20:03:21.436+0000] {subprocess.py:106} INFO - 25/12/07 20:03:21 INFO DAGScheduler: looking for newly runnable stages
[2025-12-07T20:03:21.437+0000] {subprocess.py:106} INFO - 25/12/07 20:03:21 INFO DAGScheduler: running: Set()
[2025-12-07T20:03:21.438+0000] {subprocess.py:106} INFO - 25/12/07 20:03:21 INFO DAGScheduler: waiting: Set()
[2025-12-07T20:03:21.438+0000] {subprocess.py:106} INFO - 25/12/07 20:03:21 INFO DAGScheduler: failed: Set()
[2025-12-07T20:03:21.478+0000] {subprocess.py:106} INFO - 25/12/07 20:03:21 INFO BlockManagerInfo: Removed broadcast_47_piece0 on 13f196131dae:36513 in memory (size: 39.0 KiB, free: 434.0 MiB)
[2025-12-07T20:03:21.479+0000] {subprocess.py:106} INFO - 25/12/07 20:03:21 INFO BlockManagerInfo: Removed broadcast_47_piece0 on 172.18.0.8:41783 in memory (size: 39.0 KiB, free: 434.1 MiB)
[2025-12-07T20:03:21.674+0000] {subprocess.py:106} INFO - 25/12/07 20:03:21 INFO DAGScheduler: Registering RDD 136 ($anonfun$recordDeltaOperationInternal$1 at DatabricksLogging.scala:128) as input to shuffle 11
[2025-12-07T20:03:21.676+0000] {subprocess.py:106} INFO - 25/12/07 20:03:21 INFO DAGScheduler: Got map stage job 28 ($anonfun$recordDeltaOperationInternal$1 at DatabricksLogging.scala:128) with 50 output partitions
[2025-12-07T20:03:21.677+0000] {subprocess.py:106} INFO - 25/12/07 20:03:21 INFO DAGScheduler: Final stage: ShuffleMapStage 48 ($anonfun$recordDeltaOperationInternal$1 at DatabricksLogging.scala:128)
[2025-12-07T20:03:21.677+0000] {subprocess.py:106} INFO - 25/12/07 20:03:21 INFO DAGScheduler: Parents of final stage: List(ShuffleMapStage 47)
[2025-12-07T20:03:21.678+0000] {subprocess.py:106} INFO - 25/12/07 20:03:21 INFO DAGScheduler: Missing parents: List()
[2025-12-07T20:03:21.678+0000] {subprocess.py:106} INFO - 25/12/07 20:03:21 INFO DAGScheduler: Submitting ShuffleMapStage 48 (MapPartitionsRDD[136] at $anonfun$recordDeltaOperationInternal$1 at DatabricksLogging.scala:128), which has no missing parents
[2025-12-07T20:03:21.694+0000] {subprocess.py:106} INFO - 25/12/07 20:03:21 INFO MemoryStore: Block broadcast_48 stored as values in memory (estimated size 517.2 KiB, free 431.0 MiB)
[2025-12-07T20:03:21.696+0000] {subprocess.py:106} INFO - 25/12/07 20:03:21 INFO MemoryStore: Block broadcast_48_piece0 stored as bytes in memory (estimated size 123.3 KiB, free 430.9 MiB)
[2025-12-07T20:03:21.697+0000] {subprocess.py:106} INFO - 25/12/07 20:03:21 INFO BlockManagerInfo: Added broadcast_48_piece0 in memory on 13f196131dae:36513 (size: 123.3 KiB, free: 433.9 MiB)
[2025-12-07T20:03:21.697+0000] {subprocess.py:106} INFO - 25/12/07 20:03:21 INFO SparkContext: Created broadcast 48 from broadcast at DAGScheduler.scala:1535
[2025-12-07T20:03:21.698+0000] {subprocess.py:106} INFO - 25/12/07 20:03:21 INFO DAGScheduler: Submitting 50 missing tasks from ShuffleMapStage 48 (MapPartitionsRDD[136] at $anonfun$recordDeltaOperationInternal$1 at DatabricksLogging.scala:128) (first 15 tasks are for partitions Vector(0, 1, 2, 3, 4, 5, 6, 7, 8, 9, 10, 11, 12, 13, 14))
[2025-12-07T20:03:21.699+0000] {subprocess.py:106} INFO - 25/12/07 20:03:21 INFO TaskSchedulerImpl: Adding task set 48.0 with 50 tasks resource profile 0
[2025-12-07T20:03:21.700+0000] {subprocess.py:106} INFO - 25/12/07 20:03:21 INFO TaskSetManager: Starting task 4.0 in stage 48.0 (TID 473) (172.18.0.8, executor 0, partition 4, NODE_LOCAL, 7356 bytes)
[2025-12-07T20:03:21.701+0000] {subprocess.py:106} INFO - 25/12/07 20:03:21 INFO TaskSetManager: Starting task 35.0 in stage 48.0 (TID 474) (172.18.0.8, executor 0, partition 35, NODE_LOCAL, 7356 bytes)
[2025-12-07T20:03:21.702+0000] {subprocess.py:106} INFO - 25/12/07 20:03:21 INFO TaskSetManager: Starting task 42.0 in stage 48.0 (TID 475) (172.18.0.8, executor 0, partition 42, NODE_LOCAL, 7356 bytes)
[2025-12-07T20:03:21.703+0000] {subprocess.py:106} INFO - 25/12/07 20:03:21 INFO TaskSetManager: Starting task 0.0 in stage 48.0 (TID 476) (172.18.0.8, executor 0, partition 0, PROCESS_LOCAL, 7356 bytes)
[2025-12-07T20:03:21.703+0000] {subprocess.py:106} INFO - 25/12/07 20:03:21 INFO TaskSetManager: Starting task 1.0 in stage 48.0 (TID 477) (172.18.0.8, executor 0, partition 1, PROCESS_LOCAL, 7356 bytes)
[2025-12-07T20:03:21.704+0000] {subprocess.py:106} INFO - 25/12/07 20:03:21 INFO TaskSetManager: Starting task 2.0 in stage 48.0 (TID 478) (172.18.0.8, executor 0, partition 2, PROCESS_LOCAL, 7356 bytes)
[2025-12-07T20:03:21.705+0000] {subprocess.py:106} INFO - 25/12/07 20:03:21 INFO TaskSetManager: Starting task 3.0 in stage 48.0 (TID 479) (172.18.0.8, executor 0, partition 3, PROCESS_LOCAL, 7356 bytes)
[2025-12-07T20:03:21.706+0000] {subprocess.py:106} INFO - 25/12/07 20:03:21 INFO TaskSetManager: Starting task 5.0 in stage 48.0 (TID 480) (172.18.0.8, executor 0, partition 5, PROCESS_LOCAL, 7356 bytes)
[2025-12-07T20:03:21.707+0000] {subprocess.py:106} INFO - 25/12/07 20:03:21 INFO TaskSetManager: Starting task 6.0 in stage 48.0 (TID 481) (172.18.0.8, executor 0, partition 6, PROCESS_LOCAL, 7356 bytes)
[2025-12-07T20:03:21.708+0000] {subprocess.py:106} INFO - 25/12/07 20:03:21 INFO TaskSetManager: Starting task 7.0 in stage 48.0 (TID 482) (172.18.0.8, executor 0, partition 7, PROCESS_LOCAL, 7356 bytes)
[2025-12-07T20:03:21.709+0000] {subprocess.py:106} INFO - 25/12/07 20:03:21 INFO TaskSetManager: Starting task 8.0 in stage 48.0 (TID 483) (172.18.0.8, executor 0, partition 8, PROCESS_LOCAL, 7356 bytes)
[2025-12-07T20:03:21.710+0000] {subprocess.py:106} INFO - 25/12/07 20:03:21 INFO TaskSetManager: Starting task 9.0 in stage 48.0 (TID 484) (172.18.0.8, executor 0, partition 9, PROCESS_LOCAL, 7356 bytes)
[2025-12-07T20:03:21.711+0000] {subprocess.py:106} INFO - 25/12/07 20:03:21 INFO TaskSetManager: Starting task 10.0 in stage 48.0 (TID 485) (172.18.0.8, executor 0, partition 10, PROCESS_LOCAL, 7356 bytes)
[2025-12-07T20:03:21.712+0000] {subprocess.py:106} INFO - 25/12/07 20:03:21 INFO TaskSetManager: Starting task 11.0 in stage 48.0 (TID 486) (172.18.0.8, executor 0, partition 11, PROCESS_LOCAL, 7356 bytes)
[2025-12-07T20:03:21.712+0000] {subprocess.py:106} INFO - 25/12/07 20:03:21 INFO TaskSetManager: Starting task 12.0 in stage 48.0 (TID 487) (172.18.0.8, executor 0, partition 12, PROCESS_LOCAL, 7356 bytes)
[2025-12-07T20:03:21.713+0000] {subprocess.py:106} INFO - 25/12/07 20:03:21 INFO TaskSetManager: Starting task 13.0 in stage 48.0 (TID 488) (172.18.0.8, executor 0, partition 13, PROCESS_LOCAL, 7356 bytes)
[2025-12-07T20:03:21.719+0000] {subprocess.py:106} INFO - 25/12/07 20:03:21 INFO BlockManagerInfo: Added broadcast_48_piece0 in memory on 172.18.0.8:41783 (size: 123.3 KiB, free: 434.0 MiB)
[2025-12-07T20:03:21.744+0000] {subprocess.py:106} INFO - 25/12/07 20:03:21 INFO MapOutputTrackerMasterEndpoint: Asked to send map output locations for shuffle 10 to 172.18.0.8:33606
[2025-12-07T20:03:21.818+0000] {subprocess.py:106} INFO - 25/12/07 20:03:21 INFO BlockManagerInfo: Added rdd_133_8 in memory on 172.18.0.8:41783 (size: 46.0 B, free: 434.0 MiB)
[2025-12-07T20:03:21.824+0000] {subprocess.py:106} INFO - 25/12/07 20:03:21 INFO BlockManagerInfo: Added rdd_133_5 in memory on 172.18.0.8:41783 (size: 46.0 B, free: 434.0 MiB)
[2025-12-07T20:03:21.826+0000] {subprocess.py:106} INFO - 25/12/07 20:03:21 INFO BlockManagerInfo: Added rdd_133_2 in memory on 172.18.0.8:41783 (size: 46.0 B, free: 434.0 MiB)
[2025-12-07T20:03:21.830+0000] {subprocess.py:106} INFO - 25/12/07 20:03:21 INFO BlockManagerInfo: Added rdd_133_7 in memory on 172.18.0.8:41783 (size: 46.0 B, free: 434.0 MiB)
[2025-12-07T20:03:21.832+0000] {subprocess.py:106} INFO - 25/12/07 20:03:21 INFO BlockManagerInfo: Added rdd_133_9 in memory on 172.18.0.8:41783 (size: 46.0 B, free: 434.0 MiB)
[2025-12-07T20:03:21.833+0000] {subprocess.py:106} INFO - 25/12/07 20:03:21 INFO BlockManagerInfo: Added rdd_133_13 in memory on 172.18.0.8:41783 (size: 46.0 B, free: 434.0 MiB)
[2025-12-07T20:03:21.834+0000] {subprocess.py:106} INFO - 25/12/07 20:03:21 INFO BlockManagerInfo: Added rdd_133_0 in memory on 172.18.0.8:41783 (size: 46.0 B, free: 434.0 MiB)
[2025-12-07T20:03:21.836+0000] {subprocess.py:106} INFO - 25/12/07 20:03:21 INFO BlockManagerInfo: Added rdd_133_10 in memory on 172.18.0.8:41783 (size: 46.0 B, free: 434.0 MiB)
[2025-12-07T20:03:21.837+0000] {subprocess.py:106} INFO - 25/12/07 20:03:21 INFO BlockManagerInfo: Added rdd_133_4 in memory on 172.18.0.8:41783 (size: 301.0 B, free: 434.0 MiB)
[2025-12-07T20:03:21.841+0000] {subprocess.py:106} INFO - 25/12/07 20:03:21 INFO BlockManagerInfo: Added rdd_133_12 in memory on 172.18.0.8:41783 (size: 46.0 B, free: 434.0 MiB)
[2025-12-07T20:03:21.844+0000] {subprocess.py:106} INFO - 25/12/07 20:03:21 INFO BlockManagerInfo: Added rdd_133_6 in memory on 172.18.0.8:41783 (size: 46.0 B, free: 434.0 MiB)
[2025-12-07T20:03:21.848+0000] {subprocess.py:106} INFO - 25/12/07 20:03:21 INFO BlockManagerInfo: Added rdd_133_35 in memory on 172.18.0.8:41783 (size: 745.0 B, free: 434.0 MiB)
[2025-12-07T20:03:21.849+0000] {subprocess.py:106} INFO - 25/12/07 20:03:21 INFO BlockManagerInfo: Added rdd_133_42 in memory on 172.18.0.8:41783 (size: 540.0 B, free: 434.0 MiB)
[2025-12-07T20:03:21.851+0000] {subprocess.py:106} INFO - 25/12/07 20:03:21 INFO BlockManagerInfo: Added rdd_133_11 in memory on 172.18.0.8:41783 (size: 46.0 B, free: 434.0 MiB)
[2025-12-07T20:03:21.852+0000] {subprocess.py:106} INFO - 25/12/07 20:03:21 INFO BlockManagerInfo: Added rdd_133_1 in memory on 172.18.0.8:41783 (size: 46.0 B, free: 434.0 MiB)
[2025-12-07T20:03:21.855+0000] {subprocess.py:106} INFO - 25/12/07 20:03:21 INFO TaskSetManager: Starting task 14.0 in stage 48.0 (TID 489) (172.18.0.8, executor 0, partition 14, PROCESS_LOCAL, 7356 bytes)
[2025-12-07T20:03:21.856+0000] {subprocess.py:106} INFO - 25/12/07 20:03:21 INFO TaskSetManager: Finished task 7.0 in stage 48.0 (TID 482) in 153 ms on 172.18.0.8 (executor 0) (1/50)
[2025-12-07T20:03:21.859+0000] {subprocess.py:106} INFO - 25/12/07 20:03:21 INFO TaskSetManager: Starting task 15.0 in stage 48.0 (TID 490) (172.18.0.8, executor 0, partition 15, PROCESS_LOCAL, 7356 bytes)
[2025-12-07T20:03:21.861+0000] {subprocess.py:106} INFO - 25/12/07 20:03:21 INFO TaskSetManager: Finished task 0.0 in stage 48.0 (TID 476) in 156 ms on 172.18.0.8 (executor 0) (2/50)
[2025-12-07T20:03:21.884+0000] {subprocess.py:106} INFO - 25/12/07 20:03:21 INFO TaskSetManager: Starting task 16.0 in stage 48.0 (TID 491) (172.18.0.8, executor 0, partition 16, PROCESS_LOCAL, 7356 bytes)
[2025-12-07T20:03:21.886+0000] {subprocess.py:106} INFO - 25/12/07 20:03:21 INFO TaskSetManager: Finished task 8.0 in stage 48.0 (TID 483) in 178 ms on 172.18.0.8 (executor 0) (3/50)
[2025-12-07T20:03:21.890+0000] {subprocess.py:106} INFO - 25/12/07 20:03:21 INFO TaskSetManager: Starting task 17.0 in stage 48.0 (TID 492) (172.18.0.8, executor 0, partition 17, PROCESS_LOCAL, 7356 bytes)
[2025-12-07T20:03:21.897+0000] {subprocess.py:106} INFO - 25/12/07 20:03:21 INFO TaskSetManager: Finished task 9.0 in stage 48.0 (TID 484) in 180 ms on 172.18.0.8 (executor 0) (4/50)
[2025-12-07T20:03:21.900+0000] {subprocess.py:106} INFO - 25/12/07 20:03:21 INFO TaskSetManager: Starting task 18.0 in stage 48.0 (TID 493) (172.18.0.8, executor 0, partition 18, PROCESS_LOCAL, 7356 bytes)
[2025-12-07T20:03:21.902+0000] {subprocess.py:106} INFO - 25/12/07 20:03:21 INFO TaskSetManager: Finished task 5.0 in stage 48.0 (TID 480) in 185 ms on 172.18.0.8 (executor 0) (5/50)
[2025-12-07T20:03:21.903+0000] {subprocess.py:106} INFO - 25/12/07 20:03:21 INFO TaskSetManager: Starting task 19.0 in stage 48.0 (TID 494) (172.18.0.8, executor 0, partition 19, PROCESS_LOCAL, 7356 bytes)
[2025-12-07T20:03:21.904+0000] {subprocess.py:106} INFO - 25/12/07 20:03:21 INFO TaskSetManager: Starting task 20.0 in stage 48.0 (TID 495) (172.18.0.8, executor 0, partition 20, PROCESS_LOCAL, 7356 bytes)
[2025-12-07T20:03:21.905+0000] {subprocess.py:106} INFO - 25/12/07 20:03:21 INFO TaskSetManager: Finished task 13.0 in stage 48.0 (TID 488) in 187 ms on 172.18.0.8 (executor 0) (6/50)
[2025-12-07T20:03:21.907+0000] {subprocess.py:106} INFO - 25/12/07 20:03:21 INFO TaskSetManager: Starting task 21.0 in stage 48.0 (TID 496) (172.18.0.8, executor 0, partition 21, PROCESS_LOCAL, 7356 bytes)
[2025-12-07T20:03:21.909+0000] {subprocess.py:106} INFO - 25/12/07 20:03:21 INFO TaskSetManager: Finished task 4.0 in stage 48.0 (TID 473) in 194 ms on 172.18.0.8 (executor 0) (7/50)
[2025-12-07T20:03:21.911+0000] {subprocess.py:106} INFO - 25/12/07 20:03:21 INFO TaskSetManager: Starting task 22.0 in stage 48.0 (TID 497) (172.18.0.8, executor 0, partition 22, PROCESS_LOCAL, 7356 bytes)
[2025-12-07T20:03:21.913+0000] {subprocess.py:106} INFO - 25/12/07 20:03:21 INFO TaskSetManager: Starting task 23.0 in stage 48.0 (TID 498) (172.18.0.8, executor 0, partition 23, PROCESS_LOCAL, 7356 bytes)
[2025-12-07T20:03:21.919+0000] {subprocess.py:106} INFO - 25/12/07 20:03:21 INFO TaskSetManager: Finished task 10.0 in stage 48.0 (TID 485) in 195 ms on 172.18.0.8 (executor 0) (8/50)
[2025-12-07T20:03:21.921+0000] {subprocess.py:106} INFO - 25/12/07 20:03:21 INFO TaskSetManager: Finished task 6.0 in stage 48.0 (TID 481) in 197 ms on 172.18.0.8 (executor 0) (9/50)
[2025-12-07T20:03:21.922+0000] {subprocess.py:106} INFO - 25/12/07 20:03:21 INFO TaskSetManager: Starting task 24.0 in stage 48.0 (TID 499) (172.18.0.8, executor 0, partition 24, PROCESS_LOCAL, 7356 bytes)
[2025-12-07T20:03:21.923+0000] {subprocess.py:106} INFO - 25/12/07 20:03:21 INFO TaskSetManager: Finished task 42.0 in stage 48.0 (TID 475) in 200 ms on 172.18.0.8 (executor 0) (10/50)
[2025-12-07T20:03:21.924+0000] {subprocess.py:106} INFO - 25/12/07 20:03:21 INFO TaskSetManager: Finished task 35.0 in stage 48.0 (TID 474) in 201 ms on 172.18.0.8 (executor 0) (11/50)
[2025-12-07T20:03:21.925+0000] {subprocess.py:106} INFO - 25/12/07 20:03:21 INFO TaskSetManager: Starting task 25.0 in stage 48.0 (TID 500) (172.18.0.8, executor 0, partition 25, PROCESS_LOCAL, 7356 bytes)
[2025-12-07T20:03:21.929+0000] {subprocess.py:106} INFO - 25/12/07 20:03:21 INFO TaskSetManager: Finished task 12.0 in stage 48.0 (TID 487) in 201 ms on 172.18.0.8 (executor 0) (12/50)
[2025-12-07T20:03:21.931+0000] {subprocess.py:106} INFO - 25/12/07 20:03:21 INFO TaskSetManager: Starting task 26.0 in stage 48.0 (TID 501) (172.18.0.8, executor 0, partition 26, PROCESS_LOCAL, 7356 bytes)
[2025-12-07T20:03:21.932+0000] {subprocess.py:106} INFO - 25/12/07 20:03:21 INFO TaskSetManager: Finished task 2.0 in stage 48.0 (TID 478) in 205 ms on 172.18.0.8 (executor 0) (13/50)
[2025-12-07T20:03:21.935+0000] {subprocess.py:106} INFO - 25/12/07 20:03:21 INFO TaskSetManager: Starting task 27.0 in stage 48.0 (TID 502) (172.18.0.8, executor 0, partition 27, PROCESS_LOCAL, 7356 bytes)
[2025-12-07T20:03:21.943+0000] {subprocess.py:106} INFO - 25/12/07 20:03:21 INFO TaskSetManager: Finished task 1.0 in stage 48.0 (TID 477) in 210 ms on 172.18.0.8 (executor 0) (14/50)
[2025-12-07T20:03:21.947+0000] {subprocess.py:106} INFO - 25/12/07 20:03:21 INFO TaskSetManager: Starting task 28.0 in stage 48.0 (TID 503) (172.18.0.8, executor 0, partition 28, PROCESS_LOCAL, 7356 bytes)
[2025-12-07T20:03:21.949+0000] {subprocess.py:106} INFO - 25/12/07 20:03:21 INFO BlockManagerInfo: Added rdd_133_3 in memory on 172.18.0.8:41783 (size: 46.0 B, free: 434.0 MiB)
[2025-12-07T20:03:21.949+0000] {subprocess.py:106} INFO - 25/12/07 20:03:21 INFO TaskSetManager: Finished task 11.0 in stage 48.0 (TID 486) in 211 ms on 172.18.0.8 (executor 0) (15/50)
[2025-12-07T20:03:21.961+0000] {subprocess.py:106} INFO - 25/12/07 20:03:21 INFO BlockManagerInfo: Added rdd_133_15 in memory on 172.18.0.8:41783 (size: 46.0 B, free: 434.0 MiB)
[2025-12-07T20:03:21.966+0000] {subprocess.py:106} INFO - 25/12/07 20:03:21 INFO BlockManagerInfo: Added rdd_133_14 in memory on 172.18.0.8:41783 (size: 46.0 B, free: 434.0 MiB)
[2025-12-07T20:03:21.969+0000] {subprocess.py:106} INFO - 25/12/07 20:03:21 INFO TaskSetManager: Starting task 29.0 in stage 48.0 (TID 504) (172.18.0.8, executor 0, partition 29, PROCESS_LOCAL, 7356 bytes)
[2025-12-07T20:03:21.970+0000] {subprocess.py:106} INFO - 25/12/07 20:03:21 INFO TaskSetManager: Finished task 3.0 in stage 48.0 (TID 479) in 267 ms on 172.18.0.8 (executor 0) (16/50)
[2025-12-07T20:03:21.987+0000] {subprocess.py:106} INFO - 25/12/07 20:03:21 INFO BlockManagerInfo: Added rdd_133_16 in memory on 172.18.0.8:41783 (size: 46.0 B, free: 434.0 MiB)
[2025-12-07T20:03:22.000+0000] {subprocess.py:106} INFO - 25/12/07 20:03:21 INFO TaskSetManager: Starting task 30.0 in stage 48.0 (TID 505) (172.18.0.8, executor 0, partition 30, PROCESS_LOCAL, 7356 bytes)
[2025-12-07T20:03:22.002+0000] {subprocess.py:106} INFO - 25/12/07 20:03:21 INFO TaskSetManager: Finished task 14.0 in stage 48.0 (TID 489) in 145 ms on 172.18.0.8 (executor 0) (17/50)
[2025-12-07T20:03:22.003+0000] {subprocess.py:106} INFO - 25/12/07 20:03:22 INFO BlockManagerInfo: Added rdd_133_18 in memory on 172.18.0.8:41783 (size: 46.0 B, free: 434.0 MiB)
[2025-12-07T20:03:22.004+0000] {subprocess.py:106} INFO - 25/12/07 20:03:22 INFO BlockManagerInfo: Added rdd_133_27 in memory on 172.18.0.8:41783 (size: 46.0 B, free: 434.0 MiB)
[2025-12-07T20:03:22.008+0000] {subprocess.py:106} INFO - 25/12/07 20:03:22 INFO BlockManagerInfo: Added rdd_133_19 in memory on 172.18.0.8:41783 (size: 46.0 B, free: 434.0 MiB)
[2025-12-07T20:03:22.010+0000] {subprocess.py:106} INFO - 25/12/07 20:03:22 INFO BlockManagerInfo: Added rdd_133_22 in memory on 172.18.0.8:41783 (size: 46.0 B, free: 434.0 MiB)
[2025-12-07T20:03:22.047+0000] {subprocess.py:106} INFO - 25/12/07 20:03:22 INFO BlockManagerInfo: Added rdd_133_21 in memory on 172.18.0.8:41783 (size: 46.0 B, free: 434.0 MiB)
[2025-12-07T20:03:22.049+0000] {subprocess.py:106} INFO - 25/12/07 20:03:22 INFO BlockManagerInfo: Added rdd_133_25 in memory on 172.18.0.8:41783 (size: 46.0 B, free: 434.0 MiB)
[2025-12-07T20:03:22.050+0000] {subprocess.py:106} INFO - 25/12/07 20:03:22 INFO BlockManagerInfo: Added rdd_133_17 in memory on 172.18.0.8:41783 (size: 46.0 B, free: 434.0 MiB)
[2025-12-07T20:03:22.052+0000] {subprocess.py:106} INFO - 25/12/07 20:03:22 INFO BlockManagerInfo: Added rdd_133_24 in memory on 172.18.0.8:41783 (size: 46.0 B, free: 434.0 MiB)
[2025-12-07T20:03:22.054+0000] {subprocess.py:106} INFO - 25/12/07 20:03:22 INFO BlockManagerInfo: Added rdd_133_20 in memory on 172.18.0.8:41783 (size: 46.0 B, free: 434.0 MiB)
[2025-12-07T20:03:22.054+0000] {subprocess.py:106} INFO - 25/12/07 20:03:22 INFO BlockManagerInfo: Added rdd_133_28 in memory on 172.18.0.8:41783 (size: 46.0 B, free: 434.0 MiB)
[2025-12-07T20:03:22.055+0000] {subprocess.py:106} INFO - 25/12/07 20:03:22 INFO TaskSetManager: Starting task 31.0 in stage 48.0 (TID 506) (172.18.0.8, executor 0, partition 31, PROCESS_LOCAL, 7356 bytes)
[2025-12-07T20:03:22.056+0000] {subprocess.py:106} INFO - 25/12/07 20:03:22 INFO TaskSetManager: Finished task 15.0 in stage 48.0 (TID 490) in 200 ms on 172.18.0.8 (executor 0) (18/50)
[2025-12-07T20:03:22.071+0000] {subprocess.py:106} INFO - 25/12/07 20:03:22 INFO BlockManagerInfo: Added rdd_133_26 in memory on 172.18.0.8:41783 (size: 46.0 B, free: 434.0 MiB)
[2025-12-07T20:03:22.073+0000] {subprocess.py:106} INFO - 25/12/07 20:03:22 INFO TaskSetManager: Starting task 32.0 in stage 48.0 (TID 507) (172.18.0.8, executor 0, partition 32, PROCESS_LOCAL, 7356 bytes)
[2025-12-07T20:03:22.074+0000] {subprocess.py:106} INFO - 25/12/07 20:03:22 INFO TaskSetManager: Starting task 33.0 in stage 48.0 (TID 508) (172.18.0.8, executor 0, partition 33, PROCESS_LOCAL, 7356 bytes)
[2025-12-07T20:03:22.075+0000] {subprocess.py:106} INFO - 25/12/07 20:03:22 INFO TaskSetManager: Finished task 16.0 in stage 48.0 (TID 491) in 195 ms on 172.18.0.8 (executor 0) (19/50)
[2025-12-07T20:03:22.076+0000] {subprocess.py:106} INFO - 25/12/07 20:03:22 INFO TaskSetManager: Finished task 18.0 in stage 48.0 (TID 493) in 191 ms on 172.18.0.8 (executor 0) (20/50)
[2025-12-07T20:03:22.082+0000] {subprocess.py:106} INFO - 25/12/07 20:03:22 INFO BlockManagerInfo: Added rdd_133_23 in memory on 172.18.0.8:41783 (size: 46.0 B, free: 434.0 MiB)
[2025-12-07T20:03:22.089+0000] {subprocess.py:106} INFO - 25/12/07 20:03:22 INFO TaskSetManager: Starting task 34.0 in stage 48.0 (TID 509) (172.18.0.8, executor 0, partition 34, PROCESS_LOCAL, 7356 bytes)
[2025-12-07T20:03:22.090+0000] {subprocess.py:106} INFO - 25/12/07 20:03:22 INFO TaskSetManager: Starting task 36.0 in stage 48.0 (TID 510) (172.18.0.8, executor 0, partition 36, PROCESS_LOCAL, 7356 bytes)
[2025-12-07T20:03:22.091+0000] {subprocess.py:106} INFO - 25/12/07 20:03:22 INFO TaskSetManager: Finished task 22.0 in stage 48.0 (TID 497) in 193 ms on 172.18.0.8 (executor 0) (21/50)
[2025-12-07T20:03:22.095+0000] {subprocess.py:106} INFO - 25/12/07 20:03:22 INFO TaskSetManager: Finished task 19.0 in stage 48.0 (TID 494) in 200 ms on 172.18.0.8 (executor 0) (22/50)
[2025-12-07T20:03:22.096+0000] {subprocess.py:106} INFO - 25/12/07 20:03:22 INFO TaskSetManager: Starting task 37.0 in stage 48.0 (TID 511) (172.18.0.8, executor 0, partition 37, PROCESS_LOCAL, 7356 bytes)
[2025-12-07T20:03:22.098+0000] {subprocess.py:106} INFO - 25/12/07 20:03:22 INFO TaskSetManager: Finished task 25.0 in stage 48.0 (TID 500) in 186 ms on 172.18.0.8 (executor 0) (23/50)
[2025-12-07T20:03:22.109+0000] {subprocess.py:106} INFO - 25/12/07 20:03:22 INFO TaskSetManager: Starting task 38.0 in stage 48.0 (TID 512) (172.18.0.8, executor 0, partition 38, PROCESS_LOCAL, 7356 bytes)
[2025-12-07T20:03:22.113+0000] {subprocess.py:106} INFO - 25/12/07 20:03:22 INFO TaskSetManager: Starting task 39.0 in stage 48.0 (TID 513) (172.18.0.8, executor 0, partition 39, PROCESS_LOCAL, 7356 bytes)
[2025-12-07T20:03:22.115+0000] {subprocess.py:106} INFO - 25/12/07 20:03:22 INFO TaskSetManager: Finished task 20.0 in stage 48.0 (TID 495) in 220 ms on 172.18.0.8 (executor 0) (24/50)
[2025-12-07T20:03:22.120+0000] {subprocess.py:106} INFO - 25/12/07 20:03:22 INFO TaskSetManager: Starting task 40.0 in stage 48.0 (TID 514) (172.18.0.8, executor 0, partition 40, PROCESS_LOCAL, 7356 bytes)
[2025-12-07T20:03:22.121+0000] {subprocess.py:106} INFO - 25/12/07 20:03:22 INFO TaskSetManager: Starting task 41.0 in stage 48.0 (TID 515) (172.18.0.8, executor 0, partition 41, PROCESS_LOCAL, 7356 bytes)
[2025-12-07T20:03:22.123+0000] {subprocess.py:106} INFO - 25/12/07 20:03:22 INFO TaskSetManager: Starting task 43.0 in stage 48.0 (TID 516) (172.18.0.8, executor 0, partition 43, PROCESS_LOCAL, 7356 bytes)
[2025-12-07T20:03:22.124+0000] {subprocess.py:106} INFO - 25/12/07 20:03:22 INFO TaskSetManager: Starting task 44.0 in stage 48.0 (TID 517) (172.18.0.8, executor 0, partition 44, PROCESS_LOCAL, 7356 bytes)
[2025-12-07T20:03:22.124+0000] {subprocess.py:106} INFO - 25/12/07 20:03:22 INFO TaskSetManager: Finished task 17.0 in stage 48.0 (TID 492) in 232 ms on 172.18.0.8 (executor 0) (25/50)
[2025-12-07T20:03:22.125+0000] {subprocess.py:106} INFO - 25/12/07 20:03:22 INFO TaskSetManager: Finished task 21.0 in stage 48.0 (TID 496) in 223 ms on 172.18.0.8 (executor 0) (26/50)
[2025-12-07T20:03:22.127+0000] {subprocess.py:106} INFO - 25/12/07 20:03:22 INFO TaskSetManager: Finished task 26.0 in stage 48.0 (TID 501) in 209 ms on 172.18.0.8 (executor 0) (27/50)
[2025-12-07T20:03:22.128+0000] {subprocess.py:106} INFO - 25/12/07 20:03:22 INFO TaskSetManager: Finished task 28.0 in stage 48.0 (TID 503) in 204 ms on 172.18.0.8 (executor 0) (28/50)
[2025-12-07T20:03:22.129+0000] {subprocess.py:106} INFO - 25/12/07 20:03:22 INFO TaskSetManager: Finished task 27.0 in stage 48.0 (TID 502) in 207 ms on 172.18.0.8 (executor 0) (29/50)
[2025-12-07T20:03:22.130+0000] {subprocess.py:106} INFO - 25/12/07 20:03:22 INFO TaskSetManager: Starting task 45.0 in stage 48.0 (TID 518) (172.18.0.8, executor 0, partition 45, PROCESS_LOCAL, 7356 bytes)
[2025-12-07T20:03:22.131+0000] {subprocess.py:106} INFO - 25/12/07 20:03:22 INFO TaskSetManager: Finished task 24.0 in stage 48.0 (TID 499) in 220 ms on 172.18.0.8 (executor 0) (30/50)
[2025-12-07T20:03:22.132+0000] {subprocess.py:106} INFO - 25/12/07 20:03:22 INFO BlockManagerInfo: Added rdd_133_30 in memory on 172.18.0.8:41783 (size: 46.0 B, free: 434.0 MiB)
[2025-12-07T20:03:22.133+0000] {subprocess.py:106} INFO - 25/12/07 20:03:22 INFO BlockManagerInfo: Added rdd_133_29 in memory on 172.18.0.8:41783 (size: 46.0 B, free: 434.0 MiB)
[2025-12-07T20:03:22.143+0000] {subprocess.py:106} INFO - 25/12/07 20:03:22 INFO TaskSetManager: Starting task 46.0 in stage 48.0 (TID 519) (172.18.0.8, executor 0, partition 46, PROCESS_LOCAL, 7356 bytes)
[2025-12-07T20:03:22.145+0000] {subprocess.py:106} INFO - 25/12/07 20:03:22 INFO TaskSetManager: Finished task 23.0 in stage 48.0 (TID 498) in 249 ms on 172.18.0.8 (executor 0) (31/50)
[2025-12-07T20:03:22.156+0000] {subprocess.py:106} INFO - 25/12/07 20:03:22 INFO BlockManagerInfo: Added rdd_133_31 in memory on 172.18.0.8:41783 (size: 46.0 B, free: 434.0 MiB)
[2025-12-07T20:03:22.162+0000] {subprocess.py:106} INFO - 25/12/07 20:03:22 INFO TaskSetManager: Starting task 47.0 in stage 48.0 (TID 520) (172.18.0.8, executor 0, partition 47, PROCESS_LOCAL, 7356 bytes)
[2025-12-07T20:03:22.164+0000] {subprocess.py:106} INFO - 25/12/07 20:03:22 INFO BlockManagerInfo: Added rdd_133_37 in memory on 172.18.0.8:41783 (size: 46.0 B, free: 434.0 MiB)
[2025-12-07T20:03:22.165+0000] {subprocess.py:106} INFO - 25/12/07 20:03:22 INFO TaskSetManager: Finished task 30.0 in stage 48.0 (TID 505) in 165 ms on 172.18.0.8 (executor 0) (32/50)
[2025-12-07T20:03:22.166+0000] {subprocess.py:106} INFO - 25/12/07 20:03:22 INFO BlockManagerInfo: Added rdd_133_34 in memory on 172.18.0.8:41783 (size: 46.0 B, free: 434.0 MiB)
[2025-12-07T20:03:22.167+0000] {subprocess.py:106} INFO - 25/12/07 20:03:22 INFO BlockManagerInfo: Added rdd_133_36 in memory on 172.18.0.8:41783 (size: 46.0 B, free: 434.0 MiB)
[2025-12-07T20:03:22.201+0000] {subprocess.py:106} INFO - 25/12/07 20:03:22 INFO TaskSetManager: Starting task 48.0 in stage 48.0 (TID 521) (172.18.0.8, executor 0, partition 48, PROCESS_LOCAL, 7356 bytes)
[2025-12-07T20:03:22.207+0000] {subprocess.py:106} INFO - 25/12/07 20:03:22 INFO TaskSetManager: Finished task 29.0 in stage 48.0 (TID 504) in 229 ms on 172.18.0.8 (executor 0) (33/50)
[2025-12-07T20:03:22.209+0000] {subprocess.py:106} INFO - 25/12/07 20:03:22 INFO BlockManagerInfo: Added rdd_133_33 in memory on 172.18.0.8:41783 (size: 46.0 B, free: 434.0 MiB)
[2025-12-07T20:03:22.210+0000] {subprocess.py:106} INFO - 25/12/07 20:03:22 INFO TaskSetManager: Starting task 49.0 in stage 48.0 (TID 522) (172.18.0.8, executor 0, partition 49, PROCESS_LOCAL, 7356 bytes)
[2025-12-07T20:03:22.211+0000] {subprocess.py:106} INFO - 25/12/07 20:03:22 INFO BlockManagerInfo: Added rdd_133_41 in memory on 172.18.0.8:41783 (size: 46.0 B, free: 434.0 MiB)
[2025-12-07T20:03:22.213+0000] {subprocess.py:106} INFO - 25/12/07 20:03:22 INFO TaskSetManager: Finished task 31.0 in stage 48.0 (TID 506) in 153 ms on 172.18.0.8 (executor 0) (34/50)
[2025-12-07T20:03:22.214+0000] {subprocess.py:106} INFO - 25/12/07 20:03:22 INFO BlockManagerInfo: Added rdd_133_43 in memory on 172.18.0.8:41783 (size: 46.0 B, free: 434.0 MiB)
[2025-12-07T20:03:22.215+0000] {subprocess.py:106} INFO - 25/12/07 20:03:22 INFO TaskSetManager: Finished task 34.0 in stage 48.0 (TID 509) in 126 ms on 172.18.0.8 (executor 0) (35/50)
[2025-12-07T20:03:22.216+0000] {subprocess.py:106} INFO - 25/12/07 20:03:22 INFO TaskSetManager: Finished task 36.0 in stage 48.0 (TID 510) in 127 ms on 172.18.0.8 (executor 0) (36/50)
[2025-12-07T20:03:22.217+0000] {subprocess.py:106} INFO - 25/12/07 20:03:22 INFO BlockManagerInfo: Added rdd_133_39 in memory on 172.18.0.8:41783 (size: 46.0 B, free: 434.0 MiB)
[2025-12-07T20:03:22.218+0000] {subprocess.py:106} INFO - 25/12/07 20:03:22 INFO BlockManagerInfo: Added rdd_133_32 in memory on 172.18.0.8:41783 (size: 46.0 B, free: 434.0 MiB)
[2025-12-07T20:03:22.218+0000] {subprocess.py:106} INFO - 25/12/07 20:03:22 INFO BlockManagerInfo: Added rdd_133_44 in memory on 172.18.0.8:41783 (size: 46.0 B, free: 434.0 MiB)
[2025-12-07T20:03:22.239+0000] {subprocess.py:106} INFO - 25/12/07 20:03:22 INFO TaskSetManager: Finished task 33.0 in stage 48.0 (TID 508) in 162 ms on 172.18.0.8 (executor 0) (37/50)
[2025-12-07T20:03:22.240+0000] {subprocess.py:106} INFO - 25/12/07 20:03:22 INFO TaskSetManager: Finished task 43.0 in stage 48.0 (TID 516) in 125 ms on 172.18.0.8 (executor 0) (38/50)
[2025-12-07T20:03:22.242+0000] {subprocess.py:106} INFO - 25/12/07 20:03:22 INFO BlockManagerInfo: Added rdd_133_38 in memory on 172.18.0.8:41783 (size: 46.0 B, free: 434.0 MiB)
[2025-12-07T20:03:22.244+0000] {subprocess.py:106} INFO - 25/12/07 20:03:22 INFO TaskSetManager: Finished task 41.0 in stage 48.0 (TID 515) in 127 ms on 172.18.0.8 (executor 0) (39/50)
[2025-12-07T20:03:22.245+0000] {subprocess.py:106} INFO - 25/12/07 20:03:22 INFO TaskSetManager: Finished task 39.0 in stage 48.0 (TID 513) in 133 ms on 172.18.0.8 (executor 0) (40/50)
[2025-12-07T20:03:22.246+0000] {subprocess.py:106} INFO - 25/12/07 20:03:22 INFO TaskSetManager: Finished task 37.0 in stage 48.0 (TID 511) in 154 ms on 172.18.0.8 (executor 0) (41/50)
[2025-12-07T20:03:22.247+0000] {subprocess.py:106} INFO - 25/12/07 20:03:22 INFO BlockManagerInfo: Added rdd_133_45 in memory on 172.18.0.8:41783 (size: 46.0 B, free: 434.0 MiB)
[2025-12-07T20:03:22.248+0000] {subprocess.py:106} INFO - 25/12/07 20:03:22 INFO BlockManagerInfo: Added rdd_133_46 in memory on 172.18.0.8:41783 (size: 46.0 B, free: 434.0 MiB)
[2025-12-07T20:03:22.249+0000] {subprocess.py:106} INFO - 25/12/07 20:03:22 INFO TaskSetManager: Finished task 32.0 in stage 48.0 (TID 507) in 176 ms on 172.18.0.8 (executor 0) (42/50)
[2025-12-07T20:03:22.250+0000] {subprocess.py:106} INFO - 25/12/07 20:03:22 INFO BlockManagerInfo: Added rdd_133_40 in memory on 172.18.0.8:41783 (size: 46.0 B, free: 434.0 MiB)
[2025-12-07T20:03:22.252+0000] {subprocess.py:106} INFO - 25/12/07 20:03:22 INFO BlockManagerInfo: Added rdd_133_47 in memory on 172.18.0.8:41783 (size: 46.0 B, free: 434.0 MiB)
[2025-12-07T20:03:22.253+0000] {subprocess.py:106} INFO - 25/12/07 20:03:22 INFO TaskSetManager: Finished task 44.0 in stage 48.0 (TID 517) in 140 ms on 172.18.0.8 (executor 0) (43/50)
[2025-12-07T20:03:22.261+0000] {subprocess.py:106} INFO - 25/12/07 20:03:22 INFO BlockManagerInfo: Added rdd_133_48 in memory on 172.18.0.8:41783 (size: 46.0 B, free: 434.0 MiB)
[2025-12-07T20:03:22.265+0000] {subprocess.py:106} INFO - 25/12/07 20:03:22 INFO TaskSetManager: Finished task 38.0 in stage 48.0 (TID 512) in 158 ms on 172.18.0.8 (executor 0) (44/50)
[2025-12-07T20:03:22.266+0000] {subprocess.py:106} INFO - 25/12/07 20:03:22 INFO BlockManagerInfo: Added rdd_133_49 in memory on 172.18.0.8:41783 (size: 46.0 B, free: 434.0 MiB)
[2025-12-07T20:03:22.272+0000] {subprocess.py:106} INFO - 25/12/07 20:03:22 INFO TaskSetManager: Finished task 45.0 in stage 48.0 (TID 518) in 154 ms on 172.18.0.8 (executor 0) (45/50)
[2025-12-07T20:03:22.273+0000] {subprocess.py:106} INFO - 25/12/07 20:03:22 INFO TaskSetManager: Finished task 40.0 in stage 48.0 (TID 514) in 162 ms on 172.18.0.8 (executor 0) (46/50)
[2025-12-07T20:03:22.274+0000] {subprocess.py:106} INFO - 25/12/07 20:03:22 INFO TaskSetManager: Finished task 46.0 in stage 48.0 (TID 519) in 131 ms on 172.18.0.8 (executor 0) (47/50)
[2025-12-07T20:03:22.275+0000] {subprocess.py:106} INFO - 25/12/07 20:03:22 INFO TaskSetManager: Finished task 47.0 in stage 48.0 (TID 520) in 112 ms on 172.18.0.8 (executor 0) (48/50)
[2025-12-07T20:03:22.282+0000] {subprocess.py:106} INFO - 25/12/07 20:03:22 INFO TaskSetManager: Finished task 48.0 in stage 48.0 (TID 521) in 87 ms on 172.18.0.8 (executor 0) (49/50)
[2025-12-07T20:03:22.288+0000] {subprocess.py:106} INFO - 25/12/07 20:03:22 INFO TaskSetManager: Finished task 49.0 in stage 48.0 (TID 522) in 84 ms on 172.18.0.8 (executor 0) (50/50)
[2025-12-07T20:03:22.289+0000] {subprocess.py:106} INFO - 25/12/07 20:03:22 INFO TaskSchedulerImpl: Removed TaskSet 48.0, whose tasks have all completed, from pool
[2025-12-07T20:03:22.290+0000] {subprocess.py:106} INFO - 25/12/07 20:03:22 INFO DAGScheduler: ShuffleMapStage 48 ($anonfun$recordDeltaOperationInternal$1 at DatabricksLogging.scala:128) finished in 0.610 s
[2025-12-07T20:03:22.291+0000] {subprocess.py:106} INFO - 25/12/07 20:03:22 INFO DAGScheduler: looking for newly runnable stages
[2025-12-07T20:03:22.292+0000] {subprocess.py:106} INFO - 25/12/07 20:03:22 INFO DAGScheduler: running: Set()
[2025-12-07T20:03:22.293+0000] {subprocess.py:106} INFO - 25/12/07 20:03:22 INFO DAGScheduler: waiting: Set()
[2025-12-07T20:03:22.293+0000] {subprocess.py:106} INFO - 25/12/07 20:03:22 INFO DAGScheduler: failed: Set()
[2025-12-07T20:03:22.311+0000] {subprocess.py:106} INFO - 25/12/07 20:03:22 INFO SparkContext: Starting job: $anonfun$recordDeltaOperationInternal$1 at DatabricksLogging.scala:128
[2025-12-07T20:03:22.312+0000] {subprocess.py:106} INFO - 25/12/07 20:03:22 INFO DAGScheduler: Got job 29 ($anonfun$recordDeltaOperationInternal$1 at DatabricksLogging.scala:128) with 1 output partitions
[2025-12-07T20:03:22.313+0000] {subprocess.py:106} INFO - 25/12/07 20:03:22 INFO DAGScheduler: Final stage: ResultStage 51 ($anonfun$recordDeltaOperationInternal$1 at DatabricksLogging.scala:128)
[2025-12-07T20:03:22.314+0000] {subprocess.py:106} INFO - 25/12/07 20:03:22 INFO DAGScheduler: Parents of final stage: List(ShuffleMapStage 50)
[2025-12-07T20:03:22.314+0000] {subprocess.py:106} INFO - 25/12/07 20:03:22 INFO DAGScheduler: Missing parents: List()
[2025-12-07T20:03:22.315+0000] {subprocess.py:106} INFO - 25/12/07 20:03:22 INFO DAGScheduler: Submitting ResultStage 51 (MapPartitionsRDD[139] at $anonfun$recordDeltaOperationInternal$1 at DatabricksLogging.scala:128), which has no missing parents
[2025-12-07T20:03:22.319+0000] {subprocess.py:106} INFO - 25/12/07 20:03:22 INFO MemoryStore: Block broadcast_49 stored as values in memory (estimated size 452.4 KiB, free 430.4 MiB)
[2025-12-07T20:03:22.330+0000] {subprocess.py:106} INFO - 25/12/07 20:03:22 INFO BlockManagerInfo: Removed broadcast_48_piece0 on 13f196131dae:36513 in memory (size: 123.3 KiB, free: 434.0 MiB)
[2025-12-07T20:03:22.335+0000] {subprocess.py:106} INFO - 25/12/07 20:03:22 INFO MemoryStore: Block broadcast_49_piece0 stored as bytes in memory (estimated size 108.1 KiB, free 430.9 MiB)
[2025-12-07T20:03:22.336+0000] {subprocess.py:106} INFO - 25/12/07 20:03:22 INFO BlockManagerInfo: Added broadcast_49_piece0 in memory on 13f196131dae:36513 (size: 108.1 KiB, free: 433.9 MiB)
[2025-12-07T20:03:22.337+0000] {subprocess.py:106} INFO - 25/12/07 20:03:22 INFO SparkContext: Created broadcast 49 from broadcast at DAGScheduler.scala:1535
[2025-12-07T20:03:22.338+0000] {subprocess.py:106} INFO - 25/12/07 20:03:22 INFO BlockManagerInfo: Removed broadcast_48_piece0 on 172.18.0.8:41783 in memory (size: 123.3 KiB, free: 434.1 MiB)
[2025-12-07T20:03:22.339+0000] {subprocess.py:106} INFO - 25/12/07 20:03:22 INFO DAGScheduler: Submitting 1 missing tasks from ResultStage 51 (MapPartitionsRDD[139] at $anonfun$recordDeltaOperationInternal$1 at DatabricksLogging.scala:128) (first 15 tasks are for partitions Vector(0))
[2025-12-07T20:03:22.339+0000] {subprocess.py:106} INFO - 25/12/07 20:03:22 INFO TaskSchedulerImpl: Adding task set 51.0 with 1 tasks resource profile 0
[2025-12-07T20:03:22.340+0000] {subprocess.py:106} INFO - 25/12/07 20:03:22 INFO TaskSetManager: Starting task 0.0 in stage 51.0 (TID 523) (172.18.0.8, executor 0, partition 0, NODE_LOCAL, 7367 bytes)
[2025-12-07T20:03:22.343+0000] {subprocess.py:106} INFO - 25/12/07 20:03:22 INFO BlockManagerInfo: Added broadcast_49_piece0 in memory on 172.18.0.8:41783 (size: 108.1 KiB, free: 434.0 MiB)
[2025-12-07T20:03:22.353+0000] {subprocess.py:106} INFO - 25/12/07 20:03:22 INFO MapOutputTrackerMasterEndpoint: Asked to send map output locations for shuffle 11 to 172.18.0.8:33606
[2025-12-07T20:03:22.390+0000] {subprocess.py:106} INFO - 25/12/07 20:03:22 INFO BlockManagerInfo: Removed broadcast_43_piece0 on 13f196131dae:36513 in memory (size: 36.4 KiB, free: 433.9 MiB)
[2025-12-07T20:03:22.392+0000] {subprocess.py:106} INFO - 25/12/07 20:03:22 INFO BlockManagerInfo: Removed broadcast_43_piece0 on 172.18.0.8:41783 in memory (size: 36.4 KiB, free: 434.1 MiB)
[2025-12-07T20:03:22.395+0000] {subprocess.py:106} INFO - 25/12/07 20:03:22 INFO TaskSetManager: Finished task 0.0 in stage 51.0 (TID 523) in 59 ms on 172.18.0.8 (executor 0) (1/1)
[2025-12-07T20:03:22.396+0000] {subprocess.py:106} INFO - 25/12/07 20:03:22 INFO TaskSchedulerImpl: Removed TaskSet 51.0, whose tasks have all completed, from pool
[2025-12-07T20:03:22.397+0000] {subprocess.py:106} INFO - 25/12/07 20:03:22 INFO DAGScheduler: ResultStage 51 ($anonfun$recordDeltaOperationInternal$1 at DatabricksLogging.scala:128) finished in 0.079 s
[2025-12-07T20:03:22.397+0000] {subprocess.py:106} INFO - 25/12/07 20:03:22 INFO DAGScheduler: Job 29 is finished. Cancelling potential speculative or zombie tasks for this job
[2025-12-07T20:03:22.398+0000] {subprocess.py:106} INFO - 25/12/07 20:03:22 INFO TaskSchedulerImpl: Killing all running tasks in stage 51: Stage finished
[2025-12-07T20:03:22.398+0000] {subprocess.py:106} INFO - 25/12/07 20:03:22 INFO DAGScheduler: Job 29 finished: $anonfun$recordDeltaOperationInternal$1 at DatabricksLogging.scala:128, took 0.083012 s
[2025-12-07T20:03:22.403+0000] {subprocess.py:106} INFO - 25/12/07 20:03:22 INFO Snapshot: [tableId=724e12ac-f55f-44d4-b386-0b4714a86aea] DELTA: Done
[2025-12-07T20:03:22.405+0000] {subprocess.py:106} INFO - 25/12/07 20:03:22 INFO OptimisticTransaction: [tableId=724e12ac,txnId=a5d3d720] Committed delta #1 to s3a://gold/dim_customers/_delta_log
[2025-12-07T20:03:22.406+0000] {subprocess.py:106} INFO - --> [SUCCESS] Written dim_customers to s3a://gold/dim_customers
[2025-12-07T20:03:22.406+0000] {subprocess.py:106} INFO - Processing Dim Branches...
[2025-12-07T20:03:22.432+0000] {subprocess.py:106} INFO - 25/12/07 20:03:22 INFO DelegatingLogStore: LogStore `LogStoreAdapter(io.delta.storage.S3SingleDriverLogStore)` is used for scheme `s3a`
[2025-12-07T20:03:22.454+0000] {subprocess.py:106} INFO - 25/12/07 20:03:22 INFO DeltaLog: Loading version 0.
[2025-12-07T20:03:22.459+0000] {subprocess.py:106} INFO - 25/12/07 20:03:22 INFO DeltaLogFileIndex: Created DeltaLogFileIndex(JSON, numFilesInSegment: 1, totalFileSize: 1719)
[2025-12-07T20:03:22.484+0000] {subprocess.py:106} INFO - 25/12/07 20:03:22 INFO FileSourceStrategy: Pushed Filters:
[2025-12-07T20:03:22.485+0000] {subprocess.py:106} INFO - 25/12/07 20:03:22 INFO FileSourceStrategy: Post-Scan Filters:
[2025-12-07T20:03:22.496+0000] {subprocess.py:106} INFO - 25/12/07 20:03:22 INFO MemoryStore: Block broadcast_50 stored as values in memory (estimated size 212.9 KiB, free 431.0 MiB)
[2025-12-07T20:03:22.504+0000] {subprocess.py:106} INFO - 25/12/07 20:03:22 INFO MemoryStore: Block broadcast_50_piece0 stored as bytes in memory (estimated size 36.4 KiB, free 430.9 MiB)
[2025-12-07T20:03:22.505+0000] {subprocess.py:106} INFO - 25/12/07 20:03:22 INFO BlockManagerInfo: Added broadcast_50_piece0 in memory on 13f196131dae:36513 (size: 36.4 KiB, free: 433.9 MiB)
[2025-12-07T20:03:22.506+0000] {subprocess.py:106} INFO - 25/12/07 20:03:22 INFO SparkContext: Created broadcast 50 from toString at <unknown>:0
[2025-12-07T20:03:22.508+0000] {subprocess.py:106} INFO - 25/12/07 20:03:22 INFO FileSourceScanExec: Planning scan with bin packing, max size: 4194304 bytes, open cost is considered as scanning 4194304 bytes.
[2025-12-07T20:03:22.520+0000] {subprocess.py:106} INFO - 25/12/07 20:03:22 INFO SparkContext: Starting job: toString at <unknown>:0
[2025-12-07T20:03:22.521+0000] {subprocess.py:106} INFO - 25/12/07 20:03:22 INFO DAGScheduler: Got job 30 (toString at <unknown>:0) with 1 output partitions
[2025-12-07T20:03:22.522+0000] {subprocess.py:106} INFO - 25/12/07 20:03:22 INFO DAGScheduler: Final stage: ResultStage 52 (toString at <unknown>:0)
[2025-12-07T20:03:22.523+0000] {subprocess.py:106} INFO - 25/12/07 20:03:22 INFO DAGScheduler: Parents of final stage: List()
[2025-12-07T20:03:22.524+0000] {subprocess.py:106} INFO - 25/12/07 20:03:22 INFO DAGScheduler: Missing parents: List()
[2025-12-07T20:03:22.525+0000] {subprocess.py:106} INFO - 25/12/07 20:03:22 INFO DAGScheduler: Submitting ResultStage 52 (MapPartitionsRDD[143] at toString at <unknown>:0), which has no missing parents
[2025-12-07T20:03:22.525+0000] {subprocess.py:106} INFO - 25/12/07 20:03:22 INFO MemoryStore: Block broadcast_51 stored as values in memory (estimated size 50.4 KiB, free 430.9 MiB)
[2025-12-07T20:03:22.535+0000] {subprocess.py:106} INFO - 25/12/07 20:03:22 INFO MemoryStore: Block broadcast_51_piece0 stored as bytes in memory (estimated size 15.5 KiB, free 431.0 MiB)
[2025-12-07T20:03:22.537+0000] {subprocess.py:106} INFO - 25/12/07 20:03:22 INFO BlockManagerInfo: Removed broadcast_49_piece0 on 13f196131dae:36513 in memory (size: 108.1 KiB, free: 434.0 MiB)
[2025-12-07T20:03:22.538+0000] {subprocess.py:106} INFO - 25/12/07 20:03:22 INFO BlockManagerInfo: Added broadcast_51_piece0 in memory on 13f196131dae:36513 (size: 15.5 KiB, free: 434.0 MiB)
[2025-12-07T20:03:22.539+0000] {subprocess.py:106} INFO - 25/12/07 20:03:22 INFO SparkContext: Created broadcast 51 from broadcast at DAGScheduler.scala:1535
[2025-12-07T20:03:22.540+0000] {subprocess.py:106} INFO - 25/12/07 20:03:22 INFO DAGScheduler: Submitting 1 missing tasks from ResultStage 52 (MapPartitionsRDD[143] at toString at <unknown>:0) (first 15 tasks are for partitions Vector(0))
[2025-12-07T20:03:22.541+0000] {subprocess.py:106} INFO - 25/12/07 20:03:22 INFO TaskSchedulerImpl: Adding task set 52.0 with 1 tasks resource profile 0
[2025-12-07T20:03:22.542+0000] {subprocess.py:106} INFO - 25/12/07 20:03:22 INFO BlockManagerInfo: Removed broadcast_49_piece0 on 172.18.0.8:41783 in memory (size: 108.1 KiB, free: 434.2 MiB)
[2025-12-07T20:03:22.542+0000] {subprocess.py:106} INFO - 25/12/07 20:03:22 INFO TaskSetManager: Starting task 0.0 in stage 52.0 (TID 524) (172.18.0.8, executor 0, partition 0, PROCESS_LOCAL, 7942 bytes)
[2025-12-07T20:03:22.549+0000] {subprocess.py:106} INFO - 25/12/07 20:03:22 INFO BlockManagerInfo: Added broadcast_51_piece0 in memory on 172.18.0.8:41783 (size: 15.5 KiB, free: 434.2 MiB)
[2025-12-07T20:03:22.563+0000] {subprocess.py:106} INFO - 25/12/07 20:03:22 INFO BlockManagerInfo: Added broadcast_50_piece0 in memory on 172.18.0.8:41783 (size: 36.4 KiB, free: 434.1 MiB)
[2025-12-07T20:03:22.602+0000] {subprocess.py:106} INFO - 25/12/07 20:03:22 INFO BlockManager: Removing RDD 110
[2025-12-07T20:03:22.604+0000] {subprocess.py:106} INFO - 25/12/07 20:03:22 INFO TaskSetManager: Finished task 0.0 in stage 52.0 (TID 524) in 65 ms on 172.18.0.8 (executor 0) (1/1)
[2025-12-07T20:03:22.610+0000] {subprocess.py:106} INFO - 25/12/07 20:03:22 INFO TaskSchedulerImpl: Removed TaskSet 52.0, whose tasks have all completed, from pool
[2025-12-07T20:03:22.615+0000] {subprocess.py:106} INFO - 25/12/07 20:03:22 INFO DAGScheduler: ResultStage 52 (toString at <unknown>:0) finished in 0.081 s
[2025-12-07T20:03:22.616+0000] {subprocess.py:106} INFO - 25/12/07 20:03:22 INFO DAGScheduler: Job 30 is finished. Cancelling potential speculative or zombie tasks for this job
[2025-12-07T20:03:22.617+0000] {subprocess.py:106} INFO - 25/12/07 20:03:22 INFO TaskSchedulerImpl: Killing all running tasks in stage 52: Stage finished
[2025-12-07T20:03:22.618+0000] {subprocess.py:106} INFO - 25/12/07 20:03:22 INFO DAGScheduler: Job 30 finished: toString at <unknown>:0, took 0.086235 s
[2025-12-07T20:03:22.619+0000] {subprocess.py:106} INFO - 25/12/07 20:03:22 INFO BlockManagerInfo: Removed broadcast_38_piece0 on 13f196131dae:36513 in memory (size: 36.4 KiB, free: 434.0 MiB)
[2025-12-07T20:03:22.620+0000] {subprocess.py:106} INFO - 25/12/07 20:03:22 INFO BlockManagerInfo: Removed broadcast_38_piece0 on 172.18.0.8:41783 in memory (size: 36.4 KiB, free: 434.2 MiB)
[2025-12-07T20:03:22.621+0000] {subprocess.py:106} INFO - 25/12/07 20:03:22 INFO BlockManagerInfo: Removed broadcast_37_piece0 on 13f196131dae:36513 in memory (size: 36.3 KiB, free: 434.0 MiB)
[2025-12-07T20:03:22.622+0000] {subprocess.py:106} INFO - 25/12/07 20:03:22 INFO Snapshot: [tableId=40efd033-8c9c-4013-b59d-c4d553fd2557] Created snapshot Snapshot(path=s3a://silver/branches/_delta_log, version=0, metadata=Metadata(5867bf6c-8d48-4626-af46-595ff52ad0c5,null,null,Format(parquet,Map()),{"type":"struct","fields":[{"name":"branch_id","type":"string","nullable":true,"metadata":{}},{"name":"branch_name","type":"string","nullable":true,"metadata":{}},{"name":"branch_type","type":"string","nullable":true,"metadata":{}},{"name":"status","type":"string","nullable":true,"metadata":{}},{"name":"etl_loaded_at","type":"timestamp","nullable":true,"metadata":{}}]},List(),Map(),Some(1765137200707)), logSegment=LogSegment(s3a://silver/branches/_delta_log,0,WrappedArray(S3AFileStatus{path=s3a://silver/branches/_delta_log/00000000000000000000.json; isDirectory=false; length=1719; replication=1; blocksize=33554432; modification_time=1765137206787; access_time=0; owner=root; group=root; permission=rw-rw-rw-; isSymlink=false; hasAcl=false; isEncrypted=true; isErasureCoded=false} isEmptyDirectory=FALSE eTag=295682ddae30bb4383fac1dd29e2e27b versionId=null),None,1765137206787), checksumOpt=None)
[2025-12-07T20:03:22.622+0000] {subprocess.py:106} INFO - 25/12/07 20:03:22 INFO BlockManagerInfo: Removed broadcast_35_piece0 on 13f196131dae:36513 in memory (size: 37.0 KiB, free: 434.1 MiB)
[2025-12-07T20:03:22.623+0000] {subprocess.py:106} INFO - 25/12/07 20:03:22 INFO BlockManagerInfo: Removed broadcast_35_piece0 on 172.18.0.8:41783 in memory (size: 37.0 KiB, free: 434.2 MiB)
[2025-12-07T20:03:22.675+0000] {subprocess.py:106} INFO - 25/12/07 20:03:22 INFO DelegatingLogStore: LogStore `LogStoreAdapter(io.delta.storage.S3SingleDriverLogStore)` is used for scheme `s3a`
[2025-12-07T20:03:22.696+0000] {subprocess.py:106} INFO - 25/12/07 20:03:22 INFO DeltaLog: Loading version 0.
[2025-12-07T20:03:22.700+0000] {subprocess.py:106} INFO - 25/12/07 20:03:22 INFO DeltaLogFileIndex: Created DeltaLogFileIndex(JSON, numFilesInSegment: 1, totalFileSize: 1864)
[2025-12-07T20:03:22.726+0000] {subprocess.py:106} INFO - 25/12/07 20:03:22 INFO FileSourceStrategy: Pushed Filters:
[2025-12-07T20:03:22.727+0000] {subprocess.py:106} INFO - 25/12/07 20:03:22 INFO FileSourceStrategy: Post-Scan Filters:
[2025-12-07T20:03:22.738+0000] {subprocess.py:106} INFO - 25/12/07 20:03:22 INFO MemoryStore: Block broadcast_52 stored as values in memory (estimated size 212.9 KiB, free 431.9 MiB)
[2025-12-07T20:03:22.744+0000] {subprocess.py:106} INFO - 25/12/07 20:03:22 INFO MemoryStore: Block broadcast_52_piece0 stored as bytes in memory (estimated size 36.4 KiB, free 431.9 MiB)
[2025-12-07T20:03:22.745+0000] {subprocess.py:106} INFO - 25/12/07 20:03:22 INFO BlockManagerInfo: Added broadcast_52_piece0 in memory on 13f196131dae:36513 (size: 36.4 KiB, free: 434.0 MiB)
[2025-12-07T20:03:22.746+0000] {subprocess.py:106} INFO - 25/12/07 20:03:22 INFO SparkContext: Created broadcast 52 from toString at <unknown>:0
[2025-12-07T20:03:22.746+0000] {subprocess.py:106} INFO - 25/12/07 20:03:22 INFO FileSourceScanExec: Planning scan with bin packing, max size: 4194304 bytes, open cost is considered as scanning 4194304 bytes.
[2025-12-07T20:03:22.756+0000] {subprocess.py:106} INFO - 25/12/07 20:03:22 INFO SparkContext: Starting job: toString at <unknown>:0
[2025-12-07T20:03:22.759+0000] {subprocess.py:106} INFO - 25/12/07 20:03:22 INFO DAGScheduler: Got job 31 (toString at <unknown>:0) with 1 output partitions
[2025-12-07T20:03:22.760+0000] {subprocess.py:106} INFO - 25/12/07 20:03:22 INFO DAGScheduler: Final stage: ResultStage 53 (toString at <unknown>:0)
[2025-12-07T20:03:22.763+0000] {subprocess.py:106} INFO - 25/12/07 20:03:22 INFO DAGScheduler: Parents of final stage: List()
[2025-12-07T20:03:22.764+0000] {subprocess.py:106} INFO - 25/12/07 20:03:22 INFO DAGScheduler: Missing parents: List()
[2025-12-07T20:03:22.764+0000] {subprocess.py:106} INFO - 25/12/07 20:03:22 INFO DAGScheduler: Submitting ResultStage 53 (MapPartitionsRDD[147] at toString at <unknown>:0), which has no missing parents
[2025-12-07T20:03:22.765+0000] {subprocess.py:106} INFO - 25/12/07 20:03:22 INFO MemoryStore: Block broadcast_53 stored as values in memory (estimated size 50.4 KiB, free 431.9 MiB)
[2025-12-07T20:03:22.766+0000] {subprocess.py:106} INFO - 25/12/07 20:03:22 INFO MemoryStore: Block broadcast_53_piece0 stored as bytes in memory (estimated size 15.5 KiB, free 431.8 MiB)
[2025-12-07T20:03:22.766+0000] {subprocess.py:106} INFO - 25/12/07 20:03:22 INFO BlockManagerInfo: Added broadcast_53_piece0 in memory on 13f196131dae:36513 (size: 15.5 KiB, free: 434.0 MiB)
[2025-12-07T20:03:22.767+0000] {subprocess.py:106} INFO - 25/12/07 20:03:22 INFO SparkContext: Created broadcast 53 from broadcast at DAGScheduler.scala:1535
[2025-12-07T20:03:22.768+0000] {subprocess.py:106} INFO - 25/12/07 20:03:22 INFO DAGScheduler: Submitting 1 missing tasks from ResultStage 53 (MapPartitionsRDD[147] at toString at <unknown>:0) (first 15 tasks are for partitions Vector(0))
[2025-12-07T20:03:22.768+0000] {subprocess.py:106} INFO - 25/12/07 20:03:22 INFO TaskSchedulerImpl: Adding task set 53.0 with 1 tasks resource profile 0
[2025-12-07T20:03:22.769+0000] {subprocess.py:106} INFO - 25/12/07 20:03:22 INFO TaskSetManager: Starting task 0.0 in stage 53.0 (TID 525) (172.18.0.8, executor 0, partition 0, PROCESS_LOCAL, 7944 bytes)
[2025-12-07T20:03:22.776+0000] {subprocess.py:106} INFO - 25/12/07 20:03:22 INFO BlockManagerInfo: Added broadcast_53_piece0 in memory on 172.18.0.8:41783 (size: 15.5 KiB, free: 434.2 MiB)
[2025-12-07T20:03:22.789+0000] {subprocess.py:106} INFO - 25/12/07 20:03:22 INFO BlockManagerInfo: Added broadcast_52_piece0 in memory on 172.18.0.8:41783 (size: 36.4 KiB, free: 434.1 MiB)
[2025-12-07T20:03:22.813+0000] {subprocess.py:106} INFO - 25/12/07 20:03:22 INFO TaskSetManager: Finished task 0.0 in stage 53.0 (TID 525) in 48 ms on 172.18.0.8 (executor 0) (1/1)
[2025-12-07T20:03:22.814+0000] {subprocess.py:106} INFO - 25/12/07 20:03:22 INFO TaskSchedulerImpl: Removed TaskSet 53.0, whose tasks have all completed, from pool
[2025-12-07T20:03:22.815+0000] {subprocess.py:106} INFO - 25/12/07 20:03:22 INFO DAGScheduler: ResultStage 53 (toString at <unknown>:0) finished in 0.055 s
[2025-12-07T20:03:22.815+0000] {subprocess.py:106} INFO - 25/12/07 20:03:22 INFO DAGScheduler: Job 31 is finished. Cancelling potential speculative or zombie tasks for this job
[2025-12-07T20:03:22.816+0000] {subprocess.py:106} INFO - 25/12/07 20:03:22 INFO TaskSchedulerImpl: Killing all running tasks in stage 53: Stage finished
[2025-12-07T20:03:22.817+0000] {subprocess.py:106} INFO - 25/12/07 20:03:22 INFO DAGScheduler: Job 31 finished: toString at <unknown>:0, took 0.058261 s
[2025-12-07T20:03:22.821+0000] {subprocess.py:106} INFO - 25/12/07 20:03:22 INFO Snapshot: [tableId=44470eec-0dab-413f-8678-e390977ba5f9] Created snapshot Snapshot(path=s3a://gold/dim_branches/_delta_log, version=0, metadata=Metadata(71c79032-289f-4322-a439-f1feed9c8fd3,null,null,Format(parquet,Map()),{"type":"struct","fields":[{"name":"branch_key","type":"string","nullable":true,"metadata":{}},{"name":"branch_id","type":"string","nullable":true,"metadata":{}},{"name":"branch_name","type":"string","nullable":true,"metadata":{}},{"name":"branch_type","type":"string","nullable":true,"metadata":{}},{"name":"status","type":"string","nullable":true,"metadata":{}},{"name":"last_updated","type":"timestamp","nullable":true,"metadata":{}}]},List(),Map(),Some(1765136698339)), logSegment=LogSegment(s3a://gold/dim_branches/_delta_log,0,WrappedArray(S3AFileStatus{path=s3a://gold/dim_branches/_delta_log/00000000000000000000.json; isDirectory=false; length=1864; replication=1; blocksize=33554432; modification_time=1765136700562; access_time=0; owner=root; group=root; permission=rw-rw-rw-; isSymlink=false; hasAcl=false; isEncrypted=true; isErasureCoded=false} isEmptyDirectory=FALSE eTag=b12ffacee0804ee3bc850e91685ec08f versionId=null),None,1765136700562), checksumOpt=None)
[2025-12-07T20:03:22.893+0000] {subprocess.py:106} INFO - 25/12/07 20:03:22 INFO PrepareDeltaScan: DELTA: Filtering files for query
[2025-12-07T20:03:22.894+0000] {subprocess.py:106} INFO - 25/12/07 20:03:22 INFO Snapshot: [tableId=5867bf6c-8d48-4626-af46-595ff52ad0c5] DELTA: Compute snapshot for version: 0
[2025-12-07T20:03:22.895+0000] {subprocess.py:106} INFO - 25/12/07 20:03:22 INFO MemoryStore: Block broadcast_54 stored as values in memory (estimated size 212.3 KiB, free 431.6 MiB)
[2025-12-07T20:03:22.901+0000] {subprocess.py:106} INFO - 25/12/07 20:03:22 INFO MemoryStore: Block broadcast_54_piece0 stored as bytes in memory (estimated size 36.3 KiB, free 431.6 MiB)
[2025-12-07T20:03:22.902+0000] {subprocess.py:106} INFO - 25/12/07 20:03:22 INFO BlockManagerInfo: Added broadcast_54_piece0 in memory on 13f196131dae:36513 (size: 36.3 KiB, free: 434.0 MiB)
[2025-12-07T20:03:22.903+0000] {subprocess.py:106} INFO - 25/12/07 20:03:22 INFO SparkContext: Created broadcast 54 from $anonfun$recordDeltaOperationInternal$1 at DatabricksLogging.scala:128
[2025-12-07T20:03:22.954+0000] {subprocess.py:106} INFO - 25/12/07 20:03:22 INFO BlockManagerInfo: Removed broadcast_50_piece0 on 13f196131dae:36513 in memory (size: 36.4 KiB, free: 434.0 MiB)
[2025-12-07T20:03:22.955+0000] {subprocess.py:106} INFO - 25/12/07 20:03:22 INFO BlockManagerInfo: Removed broadcast_50_piece0 on 172.18.0.8:41783 in memory (size: 36.4 KiB, free: 434.2 MiB)
[2025-12-07T20:03:22.957+0000] {subprocess.py:106} INFO - 25/12/07 20:03:22 INFO BlockManagerInfo: Removed broadcast_51_piece0 on 13f196131dae:36513 in memory (size: 15.5 KiB, free: 434.0 MiB)
[2025-12-07T20:03:22.960+0000] {subprocess.py:106} INFO - 25/12/07 20:03:22 INFO BlockManagerInfo: Removed broadcast_51_piece0 on 172.18.0.8:41783 in memory (size: 15.5 KiB, free: 434.2 MiB)
[2025-12-07T20:03:22.963+0000] {subprocess.py:106} INFO - 25/12/07 20:03:22 INFO BlockManagerInfo: Removed broadcast_53_piece0 on 13f196131dae:36513 in memory (size: 15.5 KiB, free: 434.0 MiB)
[2025-12-07T20:03:22.968+0000] {subprocess.py:106} INFO - 25/12/07 20:03:22 INFO BlockManagerInfo: Removed broadcast_53_piece0 on 172.18.0.8:41783 in memory (size: 15.5 KiB, free: 434.2 MiB)
[2025-12-07T20:03:22.971+0000] {subprocess.py:106} INFO - 25/12/07 20:03:22 INFO BlockManagerInfo: Removed broadcast_52_piece0 on 13f196131dae:36513 in memory (size: 36.4 KiB, free: 434.1 MiB)
[2025-12-07T20:03:22.972+0000] {subprocess.py:106} INFO - 25/12/07 20:03:22 INFO BlockManagerInfo: Removed broadcast_52_piece0 on 172.18.0.8:41783 in memory (size: 36.4 KiB, free: 434.2 MiB)
[2025-12-07T20:03:23.023+0000] {subprocess.py:106} INFO - 25/12/07 20:03:23 INFO FileSourceStrategy: Pushed Filters:
[2025-12-07T20:03:23.024+0000] {subprocess.py:106} INFO - 25/12/07 20:03:23 INFO FileSourceStrategy: Post-Scan Filters:
[2025-12-07T20:03:23.055+0000] {subprocess.py:106} INFO - 25/12/07 20:03:23 INFO MemoryStore: Block broadcast_55 stored as values in memory (estimated size 212.9 KiB, free 432.0 MiB)
[2025-12-07T20:03:23.061+0000] {subprocess.py:106} INFO - 25/12/07 20:03:23 INFO MemoryStore: Block broadcast_55_piece0 stored as bytes in memory (estimated size 36.4 KiB, free 432.0 MiB)
[2025-12-07T20:03:23.062+0000] {subprocess.py:106} INFO - 25/12/07 20:03:23 INFO BlockManagerInfo: Added broadcast_55_piece0 in memory on 13f196131dae:36513 (size: 36.4 KiB, free: 434.0 MiB)
[2025-12-07T20:03:23.062+0000] {subprocess.py:106} INFO - 25/12/07 20:03:23 INFO SparkContext: Created broadcast 55 from $anonfun$recordDeltaOperationInternal$1 at DatabricksLogging.scala:128
[2025-12-07T20:03:23.063+0000] {subprocess.py:106} INFO - 25/12/07 20:03:23 INFO FileSourceScanExec: Planning scan with bin packing, max size: 4194304 bytes, open cost is considered as scanning 4194304 bytes.
[2025-12-07T20:03:23.074+0000] {subprocess.py:106} INFO - 25/12/07 20:03:23 INFO DAGScheduler: Registering RDD 151 ($anonfun$recordDeltaOperationInternal$1 at DatabricksLogging.scala:128) as input to shuffle 12
[2025-12-07T20:03:23.075+0000] {subprocess.py:106} INFO - 25/12/07 20:03:23 INFO DAGScheduler: Got map stage job 32 ($anonfun$recordDeltaOperationInternal$1 at DatabricksLogging.scala:128) with 1 output partitions
[2025-12-07T20:03:23.075+0000] {subprocess.py:106} INFO - 25/12/07 20:03:23 INFO DAGScheduler: Final stage: ShuffleMapStage 54 ($anonfun$recordDeltaOperationInternal$1 at DatabricksLogging.scala:128)
[2025-12-07T20:03:23.076+0000] {subprocess.py:106} INFO - 25/12/07 20:03:23 INFO DAGScheduler: Parents of final stage: List()
[2025-12-07T20:03:23.076+0000] {subprocess.py:106} INFO - 25/12/07 20:03:23 INFO DAGScheduler: Missing parents: List()
[2025-12-07T20:03:23.077+0000] {subprocess.py:106} INFO - 25/12/07 20:03:23 INFO DAGScheduler: Submitting ShuffleMapStage 54 (MapPartitionsRDD[151] at $anonfun$recordDeltaOperationInternal$1 at DatabricksLogging.scala:128), which has no missing parents
[2025-12-07T20:03:23.078+0000] {subprocess.py:106} INFO - 25/12/07 20:03:23 INFO MemoryStore: Block broadcast_56 stored as values in memory (estimated size 138.3 KiB, free 431.8 MiB)
[2025-12-07T20:03:23.079+0000] {subprocess.py:106} INFO - 25/12/07 20:03:23 INFO MemoryStore: Block broadcast_56_piece0 stored as bytes in memory (estimated size 39.0 KiB, free 431.8 MiB)
[2025-12-07T20:03:23.080+0000] {subprocess.py:106} INFO - 25/12/07 20:03:23 INFO BlockManagerInfo: Added broadcast_56_piece0 in memory on 13f196131dae:36513 (size: 39.0 KiB, free: 434.0 MiB)
[2025-12-07T20:03:23.080+0000] {subprocess.py:106} INFO - 25/12/07 20:03:23 INFO SparkContext: Created broadcast 56 from broadcast at DAGScheduler.scala:1535
[2025-12-07T20:03:23.081+0000] {subprocess.py:106} INFO - 25/12/07 20:03:23 INFO DAGScheduler: Submitting 1 missing tasks from ShuffleMapStage 54 (MapPartitionsRDD[151] at $anonfun$recordDeltaOperationInternal$1 at DatabricksLogging.scala:128) (first 15 tasks are for partitions Vector(0))
[2025-12-07T20:03:23.081+0000] {subprocess.py:106} INFO - 25/12/07 20:03:23 INFO TaskSchedulerImpl: Adding task set 54.0 with 1 tasks resource profile 0
[2025-12-07T20:03:23.082+0000] {subprocess.py:106} INFO - 25/12/07 20:03:23 INFO TaskSetManager: Starting task 0.0 in stage 54.0 (TID 526) (172.18.0.8, executor 0, partition 0, PROCESS_LOCAL, 7931 bytes)
[2025-12-07T20:03:23.089+0000] {subprocess.py:106} INFO - 25/12/07 20:03:23 INFO BlockManagerInfo: Added broadcast_56_piece0 in memory on 172.18.0.8:41783 (size: 39.0 KiB, free: 434.2 MiB)
[2025-12-07T20:03:23.108+0000] {subprocess.py:106} INFO - 25/12/07 20:03:23 INFO BlockManagerInfo: Added broadcast_55_piece0 in memory on 172.18.0.8:41783 (size: 36.4 KiB, free: 434.2 MiB)
[2025-12-07T20:03:23.138+0000] {subprocess.py:106} INFO - 25/12/07 20:03:23 INFO TaskSetManager: Finished task 0.0 in stage 54.0 (TID 526) in 56 ms on 172.18.0.8 (executor 0) (1/1)
[2025-12-07T20:03:23.139+0000] {subprocess.py:106} INFO - 25/12/07 20:03:23 INFO TaskSchedulerImpl: Removed TaskSet 54.0, whose tasks have all completed, from pool
[2025-12-07T20:03:23.139+0000] {subprocess.py:106} INFO - 25/12/07 20:03:23 INFO DAGScheduler: ShuffleMapStage 54 ($anonfun$recordDeltaOperationInternal$1 at DatabricksLogging.scala:128) finished in 0.063 s
[2025-12-07T20:03:23.140+0000] {subprocess.py:106} INFO - 25/12/07 20:03:23 INFO DAGScheduler: looking for newly runnable stages
[2025-12-07T20:03:23.141+0000] {subprocess.py:106} INFO - 25/12/07 20:03:23 INFO DAGScheduler: running: Set()
[2025-12-07T20:03:23.141+0000] {subprocess.py:106} INFO - 25/12/07 20:03:23 INFO DAGScheduler: waiting: Set()
[2025-12-07T20:03:23.141+0000] {subprocess.py:106} INFO - 25/12/07 20:03:23 INFO DAGScheduler: failed: Set()
[2025-12-07T20:03:23.184+0000] {subprocess.py:106} INFO - 25/12/07 20:03:23 INFO BlockManagerInfo: Removed broadcast_56_piece0 on 13f196131dae:36513 in memory (size: 39.0 KiB, free: 434.0 MiB)
[2025-12-07T20:03:23.185+0000] {subprocess.py:106} INFO - 25/12/07 20:03:23 INFO BlockManagerInfo: Removed broadcast_56_piece0 on 172.18.0.8:41783 in memory (size: 39.0 KiB, free: 434.2 MiB)
[2025-12-07T20:03:23.277+0000] {subprocess.py:106} INFO - 25/12/07 20:03:23 INFO DAGScheduler: Registering RDD 161 ($anonfun$recordDeltaOperationInternal$1 at DatabricksLogging.scala:128) as input to shuffle 13
[2025-12-07T20:03:23.278+0000] {subprocess.py:106} INFO - 25/12/07 20:03:23 INFO DAGScheduler: Got map stage job 33 ($anonfun$recordDeltaOperationInternal$1 at DatabricksLogging.scala:128) with 50 output partitions
[2025-12-07T20:03:23.278+0000] {subprocess.py:106} INFO - 25/12/07 20:03:23 INFO DAGScheduler: Final stage: ShuffleMapStage 56 ($anonfun$recordDeltaOperationInternal$1 at DatabricksLogging.scala:128)
[2025-12-07T20:03:23.279+0000] {subprocess.py:106} INFO - 25/12/07 20:03:23 INFO DAGScheduler: Parents of final stage: List(ShuffleMapStage 55)
[2025-12-07T20:03:23.279+0000] {subprocess.py:106} INFO - 25/12/07 20:03:23 INFO DAGScheduler: Missing parents: List()
[2025-12-07T20:03:23.280+0000] {subprocess.py:106} INFO - 25/12/07 20:03:23 INFO DAGScheduler: Submitting ShuffleMapStage 56 (MapPartitionsRDD[161] at $anonfun$recordDeltaOperationInternal$1 at DatabricksLogging.scala:128), which has no missing parents
[2025-12-07T20:03:23.293+0000] {subprocess.py:106} INFO - 25/12/07 20:03:23 INFO MemoryStore: Block broadcast_57 stored as values in memory (estimated size 517.2 KiB, free 431.5 MiB)
[2025-12-07T20:03:23.295+0000] {subprocess.py:106} INFO - 25/12/07 20:03:23 INFO MemoryStore: Block broadcast_57_piece0 stored as bytes in memory (estimated size 123.3 KiB, free 431.3 MiB)
[2025-12-07T20:03:23.295+0000] {subprocess.py:106} INFO - 25/12/07 20:03:23 INFO BlockManagerInfo: Added broadcast_57_piece0 in memory on 13f196131dae:36513 (size: 123.3 KiB, free: 433.9 MiB)
[2025-12-07T20:03:23.296+0000] {subprocess.py:106} INFO - 25/12/07 20:03:23 INFO SparkContext: Created broadcast 57 from broadcast at DAGScheduler.scala:1535
[2025-12-07T20:03:23.297+0000] {subprocess.py:106} INFO - 25/12/07 20:03:23 INFO DAGScheduler: Submitting 50 missing tasks from ShuffleMapStage 56 (MapPartitionsRDD[161] at $anonfun$recordDeltaOperationInternal$1 at DatabricksLogging.scala:128) (first 15 tasks are for partitions Vector(0, 1, 2, 3, 4, 5, 6, 7, 8, 9, 10, 11, 12, 13, 14))
[2025-12-07T20:03:23.297+0000] {subprocess.py:106} INFO - 25/12/07 20:03:23 INFO TaskSchedulerImpl: Adding task set 56.0 with 50 tasks resource profile 0
[2025-12-07T20:03:23.298+0000] {subprocess.py:106} INFO - 25/12/07 20:03:23 INFO TaskSetManager: Starting task 18.0 in stage 56.0 (TID 527) (172.18.0.8, executor 0, partition 18, NODE_LOCAL, 7356 bytes)
[2025-12-07T20:03:23.298+0000] {subprocess.py:106} INFO - 25/12/07 20:03:23 INFO TaskSetManager: Starting task 42.0 in stage 56.0 (TID 528) (172.18.0.8, executor 0, partition 42, NODE_LOCAL, 7356 bytes)
[2025-12-07T20:03:23.299+0000] {subprocess.py:106} INFO - 25/12/07 20:03:23 INFO TaskSetManager: Starting task 0.0 in stage 56.0 (TID 529) (172.18.0.8, executor 0, partition 0, PROCESS_LOCAL, 7356 bytes)
[2025-12-07T20:03:23.300+0000] {subprocess.py:106} INFO - 25/12/07 20:03:23 INFO TaskSetManager: Starting task 1.0 in stage 56.0 (TID 530) (172.18.0.8, executor 0, partition 1, PROCESS_LOCAL, 7356 bytes)
[2025-12-07T20:03:23.300+0000] {subprocess.py:106} INFO - 25/12/07 20:03:23 INFO TaskSetManager: Starting task 2.0 in stage 56.0 (TID 531) (172.18.0.8, executor 0, partition 2, PROCESS_LOCAL, 7356 bytes)
[2025-12-07T20:03:23.301+0000] {subprocess.py:106} INFO - 25/12/07 20:03:23 INFO TaskSetManager: Starting task 3.0 in stage 56.0 (TID 532) (172.18.0.8, executor 0, partition 3, PROCESS_LOCAL, 7356 bytes)
[2025-12-07T20:03:23.302+0000] {subprocess.py:106} INFO - 25/12/07 20:03:23 INFO TaskSetManager: Starting task 4.0 in stage 56.0 (TID 533) (172.18.0.8, executor 0, partition 4, PROCESS_LOCAL, 7356 bytes)
[2025-12-07T20:03:23.302+0000] {subprocess.py:106} INFO - 25/12/07 20:03:23 INFO TaskSetManager: Starting task 5.0 in stage 56.0 (TID 534) (172.18.0.8, executor 0, partition 5, PROCESS_LOCAL, 7356 bytes)
[2025-12-07T20:03:23.304+0000] {subprocess.py:106} INFO - 25/12/07 20:03:23 INFO TaskSetManager: Starting task 6.0 in stage 56.0 (TID 535) (172.18.0.8, executor 0, partition 6, PROCESS_LOCAL, 7356 bytes)
[2025-12-07T20:03:23.304+0000] {subprocess.py:106} INFO - 25/12/07 20:03:23 INFO TaskSetManager: Starting task 7.0 in stage 56.0 (TID 536) (172.18.0.8, executor 0, partition 7, PROCESS_LOCAL, 7356 bytes)
[2025-12-07T20:03:23.305+0000] {subprocess.py:106} INFO - 25/12/07 20:03:23 INFO TaskSetManager: Starting task 8.0 in stage 56.0 (TID 537) (172.18.0.8, executor 0, partition 8, PROCESS_LOCAL, 7356 bytes)
[2025-12-07T20:03:23.305+0000] {subprocess.py:106} INFO - 25/12/07 20:03:23 INFO TaskSetManager: Starting task 9.0 in stage 56.0 (TID 538) (172.18.0.8, executor 0, partition 9, PROCESS_LOCAL, 7356 bytes)
[2025-12-07T20:03:23.306+0000] {subprocess.py:106} INFO - 25/12/07 20:03:23 INFO TaskSetManager: Starting task 10.0 in stage 56.0 (TID 539) (172.18.0.8, executor 0, partition 10, PROCESS_LOCAL, 7356 bytes)
[2025-12-07T20:03:23.306+0000] {subprocess.py:106} INFO - 25/12/07 20:03:23 INFO TaskSetManager: Starting task 11.0 in stage 56.0 (TID 540) (172.18.0.8, executor 0, partition 11, PROCESS_LOCAL, 7356 bytes)
[2025-12-07T20:03:23.307+0000] {subprocess.py:106} INFO - 25/12/07 20:03:23 INFO TaskSetManager: Starting task 12.0 in stage 56.0 (TID 541) (172.18.0.8, executor 0, partition 12, PROCESS_LOCAL, 7356 bytes)
[2025-12-07T20:03:23.307+0000] {subprocess.py:106} INFO - 25/12/07 20:03:23 INFO TaskSetManager: Starting task 13.0 in stage 56.0 (TID 542) (172.18.0.8, executor 0, partition 13, PROCESS_LOCAL, 7356 bytes)
[2025-12-07T20:03:23.311+0000] {subprocess.py:106} INFO - 25/12/07 20:03:23 INFO BlockManagerInfo: Added broadcast_57_piece0 in memory on 172.18.0.8:41783 (size: 123.3 KiB, free: 434.1 MiB)
[2025-12-07T20:03:23.327+0000] {subprocess.py:106} INFO - 25/12/07 20:03:23 INFO MapOutputTrackerMasterEndpoint: Asked to send map output locations for shuffle 12 to 172.18.0.8:33606
[2025-12-07T20:03:23.374+0000] {subprocess.py:106} INFO - 25/12/07 20:03:23 INFO BlockManagerInfo: Added rdd_158_2 in memory on 172.18.0.8:41783 (size: 46.0 B, free: 434.1 MiB)
[2025-12-07T20:03:23.380+0000] {subprocess.py:106} INFO - 25/12/07 20:03:23 INFO BlockManagerInfo: Added rdd_158_12 in memory on 172.18.0.8:41783 (size: 46.0 B, free: 434.1 MiB)
[2025-12-07T20:03:23.383+0000] {subprocess.py:106} INFO - 25/12/07 20:03:23 INFO BlockManagerInfo: Added rdd_158_0 in memory on 172.18.0.8:41783 (size: 46.0 B, free: 434.1 MiB)
[2025-12-07T20:03:23.384+0000] {subprocess.py:106} INFO - 25/12/07 20:03:23 INFO BlockManagerInfo: Added rdd_158_13 in memory on 172.18.0.8:41783 (size: 46.0 B, free: 434.1 MiB)
[2025-12-07T20:03:23.385+0000] {subprocess.py:106} INFO - 25/12/07 20:03:23 INFO BlockManagerInfo: Added rdd_158_8 in memory on 172.18.0.8:41783 (size: 46.0 B, free: 434.1 MiB)
[2025-12-07T20:03:23.385+0000] {subprocess.py:106} INFO - 25/12/07 20:03:23 INFO BlockManagerInfo: Added rdd_158_4 in memory on 172.18.0.8:41783 (size: 46.0 B, free: 434.1 MiB)
[2025-12-07T20:03:23.386+0000] {subprocess.py:106} INFO - 25/12/07 20:03:23 INFO BlockManagerInfo: Added rdd_158_11 in memory on 172.18.0.8:41783 (size: 46.0 B, free: 434.1 MiB)
[2025-12-07T20:03:23.387+0000] {subprocess.py:106} INFO - 25/12/07 20:03:23 INFO BlockManagerInfo: Added rdd_158_18 in memory on 172.18.0.8:41783 (size: 570.0 B, free: 434.1 MiB)
[2025-12-07T20:03:23.387+0000] {subprocess.py:106} INFO - 25/12/07 20:03:23 INFO BlockManagerInfo: Added rdd_158_42 in memory on 172.18.0.8:41783 (size: 505.0 B, free: 434.1 MiB)
[2025-12-07T20:03:23.388+0000] {subprocess.py:106} INFO - 25/12/07 20:03:23 INFO BlockManagerInfo: Added rdd_158_10 in memory on 172.18.0.8:41783 (size: 46.0 B, free: 434.1 MiB)
[2025-12-07T20:03:23.389+0000] {subprocess.py:106} INFO - 25/12/07 20:03:23 INFO BlockManagerInfo: Added rdd_158_1 in memory on 172.18.0.8:41783 (size: 46.0 B, free: 434.1 MiB)
[2025-12-07T20:03:23.389+0000] {subprocess.py:106} INFO - 25/12/07 20:03:23 INFO BlockManagerInfo: Added rdd_158_7 in memory on 172.18.0.8:41783 (size: 46.0 B, free: 434.1 MiB)
[2025-12-07T20:03:23.390+0000] {subprocess.py:106} INFO - 25/12/07 20:03:23 INFO BlockManagerInfo: Added rdd_158_6 in memory on 172.18.0.8:41783 (size: 46.0 B, free: 434.1 MiB)
[2025-12-07T20:03:23.397+0000] {subprocess.py:106} INFO - 25/12/07 20:03:23 INFO BlockManagerInfo: Added rdd_158_9 in memory on 172.18.0.8:41783 (size: 46.0 B, free: 434.1 MiB)
[2025-12-07T20:03:23.402+0000] {subprocess.py:106} INFO - 25/12/07 20:03:23 INFO TaskSetManager: Starting task 14.0 in stage 56.0 (TID 543) (172.18.0.8, executor 0, partition 14, PROCESS_LOCAL, 7356 bytes)
[2025-12-07T20:03:23.403+0000] {subprocess.py:106} INFO - 25/12/07 20:03:23 INFO TaskSetManager: Starting task 15.0 in stage 56.0 (TID 544) (172.18.0.8, executor 0, partition 15, PROCESS_LOCAL, 7356 bytes)
[2025-12-07T20:03:23.404+0000] {subprocess.py:106} INFO - 25/12/07 20:03:23 INFO TaskSetManager: Finished task 42.0 in stage 56.0 (TID 528) in 104 ms on 172.18.0.8 (executor 0) (1/50)
[2025-12-07T20:03:23.405+0000] {subprocess.py:106} INFO - 25/12/07 20:03:23 INFO TaskSetManager: Starting task 16.0 in stage 56.0 (TID 545) (172.18.0.8, executor 0, partition 16, PROCESS_LOCAL, 7356 bytes)
[2025-12-07T20:03:23.406+0000] {subprocess.py:106} INFO - 25/12/07 20:03:23 INFO TaskSetManager: Finished task 18.0 in stage 56.0 (TID 527) in 106 ms on 172.18.0.8 (executor 0) (2/50)
[2025-12-07T20:03:23.407+0000] {subprocess.py:106} INFO - 25/12/07 20:03:23 INFO TaskSetManager: Finished task 8.0 in stage 56.0 (TID 537) in 104 ms on 172.18.0.8 (executor 0) (3/50)
[2025-12-07T20:03:23.408+0000] {subprocess.py:106} INFO - 25/12/07 20:03:23 INFO TaskSetManager: Starting task 17.0 in stage 56.0 (TID 546) (172.18.0.8, executor 0, partition 17, PROCESS_LOCAL, 7356 bytes)
[2025-12-07T20:03:23.409+0000] {subprocess.py:106} INFO - 25/12/07 20:03:23 INFO TaskSetManager: Finished task 10.0 in stage 56.0 (TID 539) in 104 ms on 172.18.0.8 (executor 0) (4/50)
[2025-12-07T20:03:23.420+0000] {subprocess.py:106} INFO - 25/12/07 20:03:23 INFO BlockManagerInfo: Added rdd_158_3 in memory on 172.18.0.8:41783 (size: 46.0 B, free: 434.1 MiB)
[2025-12-07T20:03:23.423+0000] {subprocess.py:106} INFO - 25/12/07 20:03:23 INFO TaskSetManager: Starting task 19.0 in stage 56.0 (TID 547) (172.18.0.8, executor 0, partition 19, PROCESS_LOCAL, 7356 bytes)
[2025-12-07T20:03:23.426+0000] {subprocess.py:106} INFO - 25/12/07 20:03:23 INFO TaskSetManager: Starting task 20.0 in stage 56.0 (TID 548) (172.18.0.8, executor 0, partition 20, PROCESS_LOCAL, 7356 bytes)
[2025-12-07T20:03:23.429+0000] {subprocess.py:106} INFO - 25/12/07 20:03:23 INFO TaskSetManager: Starting task 21.0 in stage 56.0 (TID 549) (172.18.0.8, executor 0, partition 21, PROCESS_LOCAL, 7356 bytes)
[2025-12-07T20:03:23.430+0000] {subprocess.py:106} INFO - 25/12/07 20:03:23 INFO TaskSetManager: Starting task 22.0 in stage 56.0 (TID 550) (172.18.0.8, executor 0, partition 22, PROCESS_LOCAL, 7356 bytes)
[2025-12-07T20:03:23.431+0000] {subprocess.py:106} INFO - 25/12/07 20:03:23 INFO TaskSetManager: Starting task 23.0 in stage 56.0 (TID 551) (172.18.0.8, executor 0, partition 23, PROCESS_LOCAL, 7356 bytes)
[2025-12-07T20:03:23.432+0000] {subprocess.py:106} INFO - 25/12/07 20:03:23 INFO TaskSetManager: Finished task 2.0 in stage 56.0 (TID 531) in 125 ms on 172.18.0.8 (executor 0) (5/50)
[2025-12-07T20:03:23.434+0000] {subprocess.py:106} INFO - 25/12/07 20:03:23 INFO TaskSetManager: Finished task 12.0 in stage 56.0 (TID 541) in 124 ms on 172.18.0.8 (executor 0) (6/50)
[2025-12-07T20:03:23.434+0000] {subprocess.py:106} INFO - 25/12/07 20:03:23 INFO TaskSetManager: Finished task 13.0 in stage 56.0 (TID 542) in 124 ms on 172.18.0.8 (executor 0) (7/50)
[2025-12-07T20:03:23.436+0000] {subprocess.py:106} INFO - 25/12/07 20:03:23 INFO TaskSetManager: Finished task 0.0 in stage 56.0 (TID 529) in 127 ms on 172.18.0.8 (executor 0) (8/50)
[2025-12-07T20:03:23.437+0000] {subprocess.py:106} INFO - 25/12/07 20:03:23 INFO TaskSetManager: Finished task 6.0 in stage 56.0 (TID 535) in 126 ms on 172.18.0.8 (executor 0) (9/50)
[2025-12-07T20:03:23.437+0000] {subprocess.py:106} INFO - 25/12/07 20:03:23 INFO BlockManagerInfo: Added rdd_158_5 in memory on 172.18.0.8:41783 (size: 46.0 B, free: 434.1 MiB)
[2025-12-07T20:03:23.438+0000] {subprocess.py:106} INFO - 25/12/07 20:03:23 INFO TaskSetManager: Starting task 24.0 in stage 56.0 (TID 552) (172.18.0.8, executor 0, partition 24, PROCESS_LOCAL, 7356 bytes)
[2025-12-07T20:03:23.439+0000] {subprocess.py:106} INFO - 25/12/07 20:03:23 INFO TaskSetManager: Finished task 11.0 in stage 56.0 (TID 540) in 131 ms on 172.18.0.8 (executor 0) (10/50)
[2025-12-07T20:03:23.440+0000] {subprocess.py:106} INFO - 25/12/07 20:03:23 INFO TaskSetManager: Finished task 7.0 in stage 56.0 (TID 536) in 132 ms on 172.18.0.8 (executor 0) (11/50)
[2025-12-07T20:03:23.441+0000] {subprocess.py:106} INFO - 25/12/07 20:03:23 INFO TaskSetManager: Starting task 25.0 in stage 56.0 (TID 553) (172.18.0.8, executor 0, partition 25, PROCESS_LOCAL, 7356 bytes)
[2025-12-07T20:03:23.442+0000] {subprocess.py:106} INFO - 25/12/07 20:03:23 INFO TaskSetManager: Starting task 26.0 in stage 56.0 (TID 554) (172.18.0.8, executor 0, partition 26, PROCESS_LOCAL, 7356 bytes)
[2025-12-07T20:03:23.443+0000] {subprocess.py:106} INFO - 25/12/07 20:03:23 INFO TaskSetManager: Starting task 27.0 in stage 56.0 (TID 555) (172.18.0.8, executor 0, partition 27, PROCESS_LOCAL, 7356 bytes)
[2025-12-07T20:03:23.443+0000] {subprocess.py:106} INFO - 25/12/07 20:03:23 INFO TaskSetManager: Finished task 1.0 in stage 56.0 (TID 530) in 138 ms on 172.18.0.8 (executor 0) (12/50)
[2025-12-07T20:03:23.445+0000] {subprocess.py:106} INFO - 25/12/07 20:03:23 INFO TaskSetManager: Finished task 4.0 in stage 56.0 (TID 533) in 140 ms on 172.18.0.8 (executor 0) (13/50)
[2025-12-07T20:03:23.459+0000] {subprocess.py:106} INFO - 25/12/07 20:03:23 INFO TaskSetManager: Starting task 28.0 in stage 56.0 (TID 556) (172.18.0.8, executor 0, partition 28, PROCESS_LOCAL, 7356 bytes)
[2025-12-07T20:03:23.468+0000] {subprocess.py:106} INFO - 25/12/07 20:03:23 INFO TaskSetManager: Finished task 9.0 in stage 56.0 (TID 538) in 150 ms on 172.18.0.8 (executor 0) (14/50)
[2025-12-07T20:03:23.470+0000] {subprocess.py:106} INFO - 25/12/07 20:03:23 INFO TaskSetManager: Starting task 29.0 in stage 56.0 (TID 557) (172.18.0.8, executor 0, partition 29, PROCESS_LOCAL, 7356 bytes)
[2025-12-07T20:03:23.471+0000] {subprocess.py:106} INFO - 25/12/07 20:03:23 INFO TaskSetManager: Finished task 3.0 in stage 56.0 (TID 532) in 171 ms on 172.18.0.8 (executor 0) (15/50)
[2025-12-07T20:03:23.500+0000] {subprocess.py:106} INFO - 25/12/07 20:03:23 INFO TaskSetManager: Starting task 30.0 in stage 56.0 (TID 558) (172.18.0.8, executor 0, partition 30, PROCESS_LOCAL, 7356 bytes)
[2025-12-07T20:03:23.503+0000] {subprocess.py:106} INFO - 25/12/07 20:03:23 INFO TaskSetManager: Finished task 5.0 in stage 56.0 (TID 534) in 197 ms on 172.18.0.8 (executor 0) (16/50)
[2025-12-07T20:03:23.505+0000] {subprocess.py:106} INFO - 25/12/07 20:03:23 INFO BlockManagerInfo: Added rdd_158_15 in memory on 172.18.0.8:41783 (size: 46.0 B, free: 434.1 MiB)
[2025-12-07T20:03:23.506+0000] {subprocess.py:106} INFO - 25/12/07 20:03:23 INFO BlockManagerInfo: Added rdd_158_16 in memory on 172.18.0.8:41783 (size: 46.0 B, free: 434.1 MiB)
[2025-12-07T20:03:23.507+0000] {subprocess.py:106} INFO - 25/12/07 20:03:23 INFO BlockManagerInfo: Added rdd_158_17 in memory on 172.18.0.8:41783 (size: 46.0 B, free: 434.1 MiB)
[2025-12-07T20:03:23.508+0000] {subprocess.py:106} INFO - 25/12/07 20:03:23 INFO BlockManagerInfo: Added rdd_158_14 in memory on 172.18.0.8:41783 (size: 46.0 B, free: 434.1 MiB)
[2025-12-07T20:03:23.523+0000] {subprocess.py:106} INFO - 25/12/07 20:03:23 INFO BlockManagerInfo: Added rdd_158_19 in memory on 172.18.0.8:41783 (size: 46.0 B, free: 434.1 MiB)
[2025-12-07T20:03:23.525+0000] {subprocess.py:106} INFO - 25/12/07 20:03:23 INFO BlockManagerInfo: Added rdd_158_20 in memory on 172.18.0.8:41783 (size: 46.0 B, free: 434.1 MiB)
[2025-12-07T20:03:23.534+0000] {subprocess.py:106} INFO - 25/12/07 20:03:23 INFO BlockManagerInfo: Added rdd_158_24 in memory on 172.18.0.8:41783 (size: 46.0 B, free: 434.1 MiB)
[2025-12-07T20:03:23.558+0000] {subprocess.py:106} INFO - 25/12/07 20:03:23 INFO BlockManagerInfo: Added rdd_158_23 in memory on 172.18.0.8:41783 (size: 46.0 B, free: 434.1 MiB)
[2025-12-07T20:03:23.560+0000] {subprocess.py:106} INFO - 25/12/07 20:03:23 INFO BlockManagerInfo: Added rdd_158_25 in memory on 172.18.0.8:41783 (size: 46.0 B, free: 434.1 MiB)
[2025-12-07T20:03:23.561+0000] {subprocess.py:106} INFO - 25/12/07 20:03:23 INFO BlockManagerInfo: Added rdd_158_21 in memory on 172.18.0.8:41783 (size: 46.0 B, free: 434.1 MiB)
[2025-12-07T20:03:23.562+0000] {subprocess.py:106} INFO - 25/12/07 20:03:23 INFO BlockManagerInfo: Added rdd_158_28 in memory on 172.18.0.8:41783 (size: 46.0 B, free: 434.1 MiB)
[2025-12-07T20:03:23.564+0000] {subprocess.py:106} INFO - 25/12/07 20:03:23 INFO BlockManagerInfo: Added rdd_158_27 in memory on 172.18.0.8:41783 (size: 46.0 B, free: 434.1 MiB)
[2025-12-07T20:03:23.565+0000] {subprocess.py:106} INFO - 25/12/07 20:03:23 INFO TaskSetManager: Starting task 31.0 in stage 56.0 (TID 559) (172.18.0.8, executor 0, partition 31, PROCESS_LOCAL, 7356 bytes)
[2025-12-07T20:03:23.566+0000] {subprocess.py:106} INFO - 25/12/07 20:03:23 INFO TaskSetManager: Starting task 32.0 in stage 56.0 (TID 560) (172.18.0.8, executor 0, partition 32, PROCESS_LOCAL, 7356 bytes)
[2025-12-07T20:03:23.567+0000] {subprocess.py:106} INFO - 25/12/07 20:03:23 INFO BlockManagerInfo: Added rdd_158_22 in memory on 172.18.0.8:41783 (size: 46.0 B, free: 434.1 MiB)
[2025-12-07T20:03:23.568+0000] {subprocess.py:106} INFO - 25/12/07 20:03:23 INFO BlockManagerInfo: Added rdd_158_26 in memory on 172.18.0.8:41783 (size: 46.0 B, free: 434.1 MiB)
[2025-12-07T20:03:23.569+0000] {subprocess.py:106} INFO - 25/12/07 20:03:23 INFO TaskSetManager: Starting task 33.0 in stage 56.0 (TID 561) (172.18.0.8, executor 0, partition 33, PROCESS_LOCAL, 7356 bytes)
[2025-12-07T20:03:23.570+0000] {subprocess.py:106} INFO - 25/12/07 20:03:23 INFO TaskSetManager: Starting task 34.0 in stage 56.0 (TID 562) (172.18.0.8, executor 0, partition 34, PROCESS_LOCAL, 7356 bytes)
[2025-12-07T20:03:23.571+0000] {subprocess.py:106} INFO - 25/12/07 20:03:23 INFO TaskSetManager: Starting task 35.0 in stage 56.0 (TID 563) (172.18.0.8, executor 0, partition 35, PROCESS_LOCAL, 7356 bytes)
[2025-12-07T20:03:23.572+0000] {subprocess.py:106} INFO - 25/12/07 20:03:23 INFO TaskSetManager: Finished task 17.0 in stage 56.0 (TID 546) in 160 ms on 172.18.0.8 (executor 0) (17/50)
[2025-12-07T20:03:23.573+0000] {subprocess.py:106} INFO - 25/12/07 20:03:23 INFO TaskSetManager: Finished task 16.0 in stage 56.0 (TID 545) in 161 ms on 172.18.0.8 (executor 0) (18/50)
[2025-12-07T20:03:23.573+0000] {subprocess.py:106} INFO - 25/12/07 20:03:23 INFO TaskSetManager: Starting task 36.0 in stage 56.0 (TID 564) (172.18.0.8, executor 0, partition 36, PROCESS_LOCAL, 7356 bytes)
[2025-12-07T20:03:23.574+0000] {subprocess.py:106} INFO - 25/12/07 20:03:23 INFO TaskSetManager: Finished task 14.0 in stage 56.0 (TID 543) in 165 ms on 172.18.0.8 (executor 0) (19/50)
[2025-12-07T20:03:23.575+0000] {subprocess.py:106} INFO - 25/12/07 20:03:23 INFO TaskSetManager: Finished task 20.0 in stage 56.0 (TID 548) in 145 ms on 172.18.0.8 (executor 0) (20/50)
[2025-12-07T20:03:23.579+0000] {subprocess.py:106} INFO - 25/12/07 20:03:23 INFO TaskSetManager: Finished task 19.0 in stage 56.0 (TID 547) in 146 ms on 172.18.0.8 (executor 0) (21/50)
[2025-12-07T20:03:23.581+0000] {subprocess.py:106} INFO - 25/12/07 20:03:23 INFO TaskSetManager: Finished task 15.0 in stage 56.0 (TID 544) in 165 ms on 172.18.0.8 (executor 0) (22/50)
[2025-12-07T20:03:23.582+0000] {subprocess.py:106} INFO - 25/12/07 20:03:23 INFO TaskSetManager: Starting task 37.0 in stage 56.0 (TID 565) (172.18.0.8, executor 0, partition 37, PROCESS_LOCAL, 7356 bytes)
[2025-12-07T20:03:23.583+0000] {subprocess.py:106} INFO - 25/12/07 20:03:23 INFO TaskSetManager: Finished task 24.0 in stage 56.0 (TID 552) in 152 ms on 172.18.0.8 (executor 0) (23/50)
[2025-12-07T20:03:23.585+0000] {subprocess.py:106} INFO - 25/12/07 20:03:23 INFO BlockManagerInfo: Added rdd_158_30 in memory on 172.18.0.8:41783 (size: 46.0 B, free: 434.1 MiB)
[2025-12-07T20:03:23.588+0000] {subprocess.py:106} INFO - 25/12/07 20:03:23 INFO TaskSetManager: Starting task 38.0 in stage 56.0 (TID 566) (172.18.0.8, executor 0, partition 38, PROCESS_LOCAL, 7356 bytes)
[2025-12-07T20:03:23.589+0000] {subprocess.py:106} INFO - 25/12/07 20:03:23 INFO TaskSetManager: Starting task 39.0 in stage 56.0 (TID 567) (172.18.0.8, executor 0, partition 39, PROCESS_LOCAL, 7356 bytes)
[2025-12-07T20:03:23.590+0000] {subprocess.py:106} INFO - 25/12/07 20:03:23 INFO TaskSetManager: Starting task 40.0 in stage 56.0 (TID 568) (172.18.0.8, executor 0, partition 40, PROCESS_LOCAL, 7356 bytes)
[2025-12-07T20:03:23.591+0000] {subprocess.py:106} INFO - 25/12/07 20:03:23 INFO TaskSetManager: Starting task 41.0 in stage 56.0 (TID 569) (172.18.0.8, executor 0, partition 41, PROCESS_LOCAL, 7356 bytes)
[2025-12-07T20:03:23.593+0000] {subprocess.py:106} INFO - 25/12/07 20:03:23 INFO TaskSetManager: Finished task 23.0 in stage 56.0 (TID 551) in 165 ms on 172.18.0.8 (executor 0) (24/50)
[2025-12-07T20:03:23.594+0000] {subprocess.py:106} INFO - 25/12/07 20:03:23 INFO TaskSetManager: Finished task 28.0 in stage 56.0 (TID 556) in 139 ms on 172.18.0.8 (executor 0) (25/50)
[2025-12-07T20:03:23.595+0000] {subprocess.py:106} INFO - 25/12/07 20:03:23 INFO TaskSetManager: Finished task 25.0 in stage 56.0 (TID 553) in 157 ms on 172.18.0.8 (executor 0) (26/50)
[2025-12-07T20:03:23.600+0000] {subprocess.py:106} INFO - 25/12/07 20:03:23 INFO TaskSetManager: Finished task 21.0 in stage 56.0 (TID 549) in 168 ms on 172.18.0.8 (executor 0) (27/50)
[2025-12-07T20:03:23.603+0000] {subprocess.py:106} INFO - 25/12/07 20:03:23 INFO TaskSetManager: Starting task 43.0 in stage 56.0 (TID 570) (172.18.0.8, executor 0, partition 43, PROCESS_LOCAL, 7356 bytes)
[2025-12-07T20:03:23.604+0000] {subprocess.py:106} INFO - 25/12/07 20:03:23 INFO TaskSetManager: Starting task 44.0 in stage 56.0 (TID 571) (172.18.0.8, executor 0, partition 44, PROCESS_LOCAL, 7356 bytes)
[2025-12-07T20:03:23.606+0000] {subprocess.py:106} INFO - 25/12/07 20:03:23 INFO BlockManagerInfo: Added rdd_158_29 in memory on 172.18.0.8:41783 (size: 46.0 B, free: 434.1 MiB)
[2025-12-07T20:03:23.607+0000] {subprocess.py:106} INFO - 25/12/07 20:03:23 INFO TaskSetManager: Finished task 22.0 in stage 56.0 (TID 550) in 176 ms on 172.18.0.8 (executor 0) (28/50)
[2025-12-07T20:03:23.608+0000] {subprocess.py:106} INFO - 25/12/07 20:03:23 INFO TaskSetManager: Finished task 27.0 in stage 56.0 (TID 555) in 164 ms on 172.18.0.8 (executor 0) (29/50)
[2025-12-07T20:03:23.615+0000] {subprocess.py:106} INFO - 25/12/07 20:03:23 INFO TaskSetManager: Starting task 45.0 in stage 56.0 (TID 572) (172.18.0.8, executor 0, partition 45, PROCESS_LOCAL, 7356 bytes)
[2025-12-07T20:03:23.617+0000] {subprocess.py:106} INFO - 25/12/07 20:03:23 INFO TaskSetManager: Finished task 30.0 in stage 56.0 (TID 558) in 121 ms on 172.18.0.8 (executor 0) (30/50)
[2025-12-07T20:03:23.620+0000] {subprocess.py:106} INFO - 25/12/07 20:03:23 INFO TaskSetManager: Starting task 46.0 in stage 56.0 (TID 573) (172.18.0.8, executor 0, partition 46, PROCESS_LOCAL, 7356 bytes)
[2025-12-07T20:03:23.621+0000] {subprocess.py:106} INFO - 25/12/07 20:03:23 INFO TaskSetManager: Finished task 26.0 in stage 56.0 (TID 554) in 185 ms on 172.18.0.8 (executor 0) (31/50)
[2025-12-07T20:03:23.628+0000] {subprocess.py:106} INFO - 25/12/07 20:03:23 INFO TaskSetManager: Starting task 47.0 in stage 56.0 (TID 574) (172.18.0.8, executor 0, partition 47, PROCESS_LOCAL, 7356 bytes)
[2025-12-07T20:03:23.629+0000] {subprocess.py:106} INFO - 25/12/07 20:03:23 INFO TaskSetManager: Finished task 29.0 in stage 56.0 (TID 557) in 162 ms on 172.18.0.8 (executor 0) (32/50)
[2025-12-07T20:03:23.651+0000] {subprocess.py:106} INFO - 25/12/07 20:03:23 INFO BlockManagerInfo: Added rdd_158_31 in memory on 172.18.0.8:41783 (size: 46.0 B, free: 434.1 MiB)
[2025-12-07T20:03:23.656+0000] {subprocess.py:106} INFO - 25/12/07 20:03:23 INFO BlockManagerInfo: Added rdd_158_34 in memory on 172.18.0.8:41783 (size: 46.0 B, free: 434.1 MiB)
[2025-12-07T20:03:23.657+0000] {subprocess.py:106} INFO - 25/12/07 20:03:23 INFO BlockManagerInfo: Added rdd_158_32 in memory on 172.18.0.8:41783 (size: 46.0 B, free: 434.1 MiB)
[2025-12-07T20:03:23.661+0000] {subprocess.py:106} INFO - 25/12/07 20:03:23 INFO BlockManagerInfo: Added rdd_158_35 in memory on 172.18.0.8:41783 (size: 46.0 B, free: 434.1 MiB)
[2025-12-07T20:03:23.667+0000] {subprocess.py:106} INFO - 25/12/07 20:03:23 INFO BlockManagerInfo: Added rdd_158_33 in memory on 172.18.0.8:41783 (size: 46.0 B, free: 434.1 MiB)
[2025-12-07T20:03:23.672+0000] {subprocess.py:106} INFO - 25/12/07 20:03:23 INFO BlockManagerInfo: Added rdd_158_39 in memory on 172.18.0.8:41783 (size: 46.0 B, free: 434.1 MiB)
[2025-12-07T20:03:23.681+0000] {subprocess.py:106} INFO - 25/12/07 20:03:23 INFO BlockManagerInfo: Added rdd_158_36 in memory on 172.18.0.8:41783 (size: 46.0 B, free: 434.1 MiB)
[2025-12-07T20:03:23.682+0000] {subprocess.py:106} INFO - 25/12/07 20:03:23 INFO BlockManagerInfo: Added rdd_158_38 in memory on 172.18.0.8:41783 (size: 46.0 B, free: 434.1 MiB)
[2025-12-07T20:03:23.683+0000] {subprocess.py:106} INFO - 25/12/07 20:03:23 INFO BlockManagerInfo: Added rdd_158_44 in memory on 172.18.0.8:41783 (size: 46.0 B, free: 434.1 MiB)
[2025-12-07T20:03:23.684+0000] {subprocess.py:106} INFO - 25/12/07 20:03:23 INFO BlockManagerInfo: Added rdd_158_40 in memory on 172.18.0.8:41783 (size: 46.0 B, free: 434.1 MiB)
[2025-12-07T20:03:23.685+0000] {subprocess.py:106} INFO - 25/12/07 20:03:23 INFO BlockManagerInfo: Added rdd_158_37 in memory on 172.18.0.8:41783 (size: 46.0 B, free: 434.1 MiB)
[2025-12-07T20:03:23.692+0000] {subprocess.py:106} INFO - 25/12/07 20:03:23 INFO TaskSetManager: Starting task 48.0 in stage 56.0 (TID 575) (172.18.0.8, executor 0, partition 48, PROCESS_LOCAL, 7356 bytes)
[2025-12-07T20:03:23.693+0000] {subprocess.py:106} INFO - 25/12/07 20:03:23 INFO TaskSetManager: Starting task 49.0 in stage 56.0 (TID 576) (172.18.0.8, executor 0, partition 49, PROCESS_LOCAL, 7356 bytes)
[2025-12-07T20:03:23.695+0000] {subprocess.py:106} INFO - 25/12/07 20:03:23 INFO TaskSetManager: Finished task 34.0 in stage 56.0 (TID 562) in 126 ms on 172.18.0.8 (executor 0) (33/50)
[2025-12-07T20:03:23.697+0000] {subprocess.py:106} INFO - 25/12/07 20:03:23 INFO TaskSetManager: Finished task 31.0 in stage 56.0 (TID 559) in 130 ms on 172.18.0.8 (executor 0) (34/50)
[2025-12-07T20:03:23.699+0000] {subprocess.py:106} INFO - 25/12/07 20:03:23 INFO TaskSetManager: Finished task 32.0 in stage 56.0 (TID 560) in 129 ms on 172.18.0.8 (executor 0) (35/50)
[2025-12-07T20:03:23.700+0000] {subprocess.py:106} INFO - 25/12/07 20:03:23 INFO BlockManagerInfo: Added rdd_158_41 in memory on 172.18.0.8:41783 (size: 46.0 B, free: 434.1 MiB)
[2025-12-07T20:03:23.705+0000] {subprocess.py:106} INFO - 25/12/07 20:03:23 INFO TaskSetManager: Finished task 38.0 in stage 56.0 (TID 566) in 120 ms on 172.18.0.8 (executor 0) (36/50)
[2025-12-07T20:03:23.714+0000] {subprocess.py:106} INFO - 25/12/07 20:03:23 INFO TaskSetManager: Finished task 39.0 in stage 56.0 (TID 567) in 126 ms on 172.18.0.8 (executor 0) (37/50)
[2025-12-07T20:03:23.715+0000] {subprocess.py:106} INFO - 25/12/07 20:03:23 INFO TaskSetManager: Finished task 37.0 in stage 56.0 (TID 565) in 131 ms on 172.18.0.8 (executor 0) (38/50)
[2025-12-07T20:03:23.726+0000] {subprocess.py:106} INFO - 25/12/07 20:03:23 INFO BlockManagerInfo: Added rdd_158_47 in memory on 172.18.0.8:41783 (size: 46.0 B, free: 434.1 MiB)
[2025-12-07T20:03:23.728+0000] {subprocess.py:106} INFO - 25/12/07 20:03:23 INFO BlockManagerInfo: Added rdd_158_46 in memory on 172.18.0.8:41783 (size: 46.0 B, free: 434.1 MiB)
[2025-12-07T20:03:23.733+0000] {subprocess.py:106} INFO - 25/12/07 20:03:23 INFO TaskSetManager: Finished task 44.0 in stage 56.0 (TID 571) in 134 ms on 172.18.0.8 (executor 0) (39/50)
[2025-12-07T20:03:23.734+0000] {subprocess.py:106} INFO - 25/12/07 20:03:23 INFO TaskSetManager: Finished task 36.0 in stage 56.0 (TID 564) in 166 ms on 172.18.0.8 (executor 0) (40/50)
[2025-12-07T20:03:23.735+0000] {subprocess.py:106} INFO - 25/12/07 20:03:23 INFO TaskSetManager: Finished task 33.0 in stage 56.0 (TID 561) in 168 ms on 172.18.0.8 (executor 0) (41/50)
[2025-12-07T20:03:23.737+0000] {subprocess.py:106} INFO - 25/12/07 20:03:23 INFO TaskSetManager: Finished task 40.0 in stage 56.0 (TID 568) in 145 ms on 172.18.0.8 (executor 0) (42/50)
[2025-12-07T20:03:23.739+0000] {subprocess.py:106} INFO - 25/12/07 20:03:23 INFO TaskSetManager: Finished task 35.0 in stage 56.0 (TID 563) in 168 ms on 172.18.0.8 (executor 0) (43/50)
[2025-12-07T20:03:23.740+0000] {subprocess.py:106} INFO - 25/12/07 20:03:23 INFO BlockManagerInfo: Added rdd_158_43 in memory on 172.18.0.8:41783 (size: 46.0 B, free: 434.1 MiB)
[2025-12-07T20:03:23.741+0000] {subprocess.py:106} INFO - 25/12/07 20:03:23 INFO TaskSetManager: Finished task 41.0 in stage 56.0 (TID 569) in 152 ms on 172.18.0.8 (executor 0) (44/50)
[2025-12-07T20:03:23.751+0000] {subprocess.py:106} INFO - 25/12/07 20:03:23 INFO BlockManagerInfo: Added rdd_158_45 in memory on 172.18.0.8:41783 (size: 46.0 B, free: 434.1 MiB)
[2025-12-07T20:03:23.755+0000] {subprocess.py:106} INFO - 25/12/07 20:03:23 INFO TaskSetManager: Finished task 47.0 in stage 56.0 (TID 574) in 128 ms on 172.18.0.8 (executor 0) (45/50)
[2025-12-07T20:03:23.758+0000] {subprocess.py:106} INFO - 25/12/07 20:03:23 INFO TaskSetManager: Finished task 46.0 in stage 56.0 (TID 573) in 139 ms on 172.18.0.8 (executor 0) (46/50)
[2025-12-07T20:03:23.762+0000] {subprocess.py:106} INFO - 25/12/07 20:03:23 INFO BlockManagerInfo: Added rdd_158_49 in memory on 172.18.0.8:41783 (size: 46.0 B, free: 434.1 MiB)
[2025-12-07T20:03:23.765+0000] {subprocess.py:106} INFO - 25/12/07 20:03:23 INFO TaskSetManager: Finished task 43.0 in stage 56.0 (TID 570) in 169 ms on 172.18.0.8 (executor 0) (47/50)
[2025-12-07T20:03:23.768+0000] {subprocess.py:106} INFO - 25/12/07 20:03:23 INFO BlockManagerInfo: Added rdd_158_48 in memory on 172.18.0.8:41783 (size: 46.0 B, free: 434.1 MiB)
[2025-12-07T20:03:23.787+0000] {subprocess.py:106} INFO - 25/12/07 20:03:23 INFO TaskSetManager: Finished task 45.0 in stage 56.0 (TID 572) in 171 ms on 172.18.0.8 (executor 0) (48/50)
[2025-12-07T20:03:23.795+0000] {subprocess.py:106} INFO - 25/12/07 20:03:23 INFO TaskSetManager: Finished task 49.0 in stage 56.0 (TID 576) in 105 ms on 172.18.0.8 (executor 0) (49/50)
[2025-12-07T20:03:23.802+0000] {subprocess.py:106} INFO - 25/12/07 20:03:23 INFO TaskSetManager: Finished task 48.0 in stage 56.0 (TID 575) in 115 ms on 172.18.0.8 (executor 0) (50/50)
[2025-12-07T20:03:23.804+0000] {subprocess.py:106} INFO - 25/12/07 20:03:23 INFO TaskSchedulerImpl: Removed TaskSet 56.0, whose tasks have all completed, from pool
[2025-12-07T20:03:23.805+0000] {subprocess.py:106} INFO - 25/12/07 20:03:23 INFO DAGScheduler: ShuffleMapStage 56 ($anonfun$recordDeltaOperationInternal$1 at DatabricksLogging.scala:128) finished in 0.524 s
[2025-12-07T20:03:23.806+0000] {subprocess.py:106} INFO - 25/12/07 20:03:23 INFO DAGScheduler: looking for newly runnable stages
[2025-12-07T20:03:23.806+0000] {subprocess.py:106} INFO - 25/12/07 20:03:23 INFO DAGScheduler: running: Set()
[2025-12-07T20:03:23.807+0000] {subprocess.py:106} INFO - 25/12/07 20:03:23 INFO DAGScheduler: waiting: Set()
[2025-12-07T20:03:23.808+0000] {subprocess.py:106} INFO - 25/12/07 20:03:23 INFO DAGScheduler: failed: Set()
[2025-12-07T20:03:23.830+0000] {subprocess.py:106} INFO - 25/12/07 20:03:23 INFO SparkContext: Starting job: $anonfun$recordDeltaOperationInternal$1 at DatabricksLogging.scala:128
[2025-12-07T20:03:23.831+0000] {subprocess.py:106} INFO - 25/12/07 20:03:23 INFO DAGScheduler: Got job 34 ($anonfun$recordDeltaOperationInternal$1 at DatabricksLogging.scala:128) with 1 output partitions
[2025-12-07T20:03:23.832+0000] {subprocess.py:106} INFO - 25/12/07 20:03:23 INFO DAGScheduler: Final stage: ResultStage 59 ($anonfun$recordDeltaOperationInternal$1 at DatabricksLogging.scala:128)
[2025-12-07T20:03:23.833+0000] {subprocess.py:106} INFO - 25/12/07 20:03:23 INFO DAGScheduler: Parents of final stage: List(ShuffleMapStage 58)
[2025-12-07T20:03:23.833+0000] {subprocess.py:106} INFO - 25/12/07 20:03:23 INFO DAGScheduler: Missing parents: List()
[2025-12-07T20:03:23.834+0000] {subprocess.py:106} INFO - 25/12/07 20:03:23 INFO DAGScheduler: Submitting ResultStage 59 (MapPartitionsRDD[164] at $anonfun$recordDeltaOperationInternal$1 at DatabricksLogging.scala:128), which has no missing parents
[2025-12-07T20:03:23.838+0000] {subprocess.py:106} INFO - 25/12/07 20:03:23 INFO MemoryStore: Block broadcast_58 stored as values in memory (estimated size 452.3 KiB, free 430.9 MiB)
[2025-12-07T20:03:23.848+0000] {subprocess.py:106} INFO - 25/12/07 20:03:23 INFO BlockManagerInfo: Removed broadcast_57_piece0 on 13f196131dae:36513 in memory (size: 123.3 KiB, free: 434.0 MiB)
[2025-12-07T20:03:23.850+0000] {subprocess.py:106} INFO - 25/12/07 20:03:23 INFO MemoryStore: Block broadcast_58_piece0 stored as bytes in memory (estimated size 108.1 KiB, free 430.9 MiB)
[2025-12-07T20:03:23.850+0000] {subprocess.py:106} INFO - 25/12/07 20:03:23 INFO BlockManagerInfo: Added broadcast_58_piece0 in memory on 13f196131dae:36513 (size: 108.1 KiB, free: 433.9 MiB)
[2025-12-07T20:03:23.851+0000] {subprocess.py:106} INFO - 25/12/07 20:03:23 INFO SparkContext: Created broadcast 58 from broadcast at DAGScheduler.scala:1535
[2025-12-07T20:03:23.854+0000] {subprocess.py:106} INFO - 25/12/07 20:03:23 INFO DAGScheduler: Submitting 1 missing tasks from ResultStage 59 (MapPartitionsRDD[164] at $anonfun$recordDeltaOperationInternal$1 at DatabricksLogging.scala:128) (first 15 tasks are for partitions Vector(0))
[2025-12-07T20:03:23.855+0000] {subprocess.py:106} INFO - 25/12/07 20:03:23 INFO TaskSchedulerImpl: Adding task set 59.0 with 1 tasks resource profile 0
[2025-12-07T20:03:23.856+0000] {subprocess.py:106} INFO - 25/12/07 20:03:23 INFO BlockManagerInfo: Removed broadcast_57_piece0 on 172.18.0.8:41783 in memory (size: 123.3 KiB, free: 434.2 MiB)
[2025-12-07T20:03:23.857+0000] {subprocess.py:106} INFO - 25/12/07 20:03:23 INFO TaskSetManager: Starting task 0.0 in stage 59.0 (TID 577) (172.18.0.8, executor 0, partition 0, NODE_LOCAL, 7367 bytes)
[2025-12-07T20:03:23.861+0000] {subprocess.py:106} INFO - 25/12/07 20:03:23 INFO BlockManagerInfo: Added broadcast_58_piece0 in memory on 172.18.0.8:41783 (size: 108.1 KiB, free: 434.1 MiB)
[2025-12-07T20:03:23.874+0000] {subprocess.py:106} INFO - 25/12/07 20:03:23 INFO MapOutputTrackerMasterEndpoint: Asked to send map output locations for shuffle 13 to 172.18.0.8:33606
[2025-12-07T20:03:23.913+0000] {subprocess.py:106} INFO - 25/12/07 20:03:23 INFO TaskSetManager: Finished task 0.0 in stage 59.0 (TID 577) in 61 ms on 172.18.0.8 (executor 0) (1/1)
[2025-12-07T20:03:23.914+0000] {subprocess.py:106} INFO - 25/12/07 20:03:23 INFO TaskSchedulerImpl: Removed TaskSet 59.0, whose tasks have all completed, from pool
[2025-12-07T20:03:23.915+0000] {subprocess.py:106} INFO - 25/12/07 20:03:23 INFO DAGScheduler: ResultStage 59 ($anonfun$recordDeltaOperationInternal$1 at DatabricksLogging.scala:128) finished in 0.080 s
[2025-12-07T20:03:23.915+0000] {subprocess.py:106} INFO - 25/12/07 20:03:23 INFO DAGScheduler: Job 34 is finished. Cancelling potential speculative or zombie tasks for this job
[2025-12-07T20:03:23.916+0000] {subprocess.py:106} INFO - 25/12/07 20:03:23 INFO TaskSchedulerImpl: Killing all running tasks in stage 59: Stage finished
[2025-12-07T20:03:23.916+0000] {subprocess.py:106} INFO - 25/12/07 20:03:23 INFO DAGScheduler: Job 34 finished: $anonfun$recordDeltaOperationInternal$1 at DatabricksLogging.scala:128, took 0.083673 s
[2025-12-07T20:03:23.923+0000] {subprocess.py:106} INFO - 25/12/07 20:03:23 INFO Snapshot: [tableId=5867bf6c-8d48-4626-af46-595ff52ad0c5] DELTA: Done
[2025-12-07T20:03:24.031+0000] {subprocess.py:106} INFO - 25/12/07 20:03:24 INFO SparkContext: Starting job: $anonfun$recordDeltaOperationInternal$1 at DatabricksLogging.scala:128
[2025-12-07T20:03:24.033+0000] {subprocess.py:106} INFO - 25/12/07 20:03:24 INFO BlockManagerInfo: Removed broadcast_58_piece0 on 13f196131dae:36513 in memory (size: 108.1 KiB, free: 434.0 MiB)
[2025-12-07T20:03:24.033+0000] {subprocess.py:106} INFO - 25/12/07 20:03:24 INFO DAGScheduler: Got job 35 ($anonfun$recordDeltaOperationInternal$1 at DatabricksLogging.scala:128) with 50 output partitions
[2025-12-07T20:03:24.034+0000] {subprocess.py:106} INFO - 25/12/07 20:03:24 INFO DAGScheduler: Final stage: ResultStage 61 ($anonfun$recordDeltaOperationInternal$1 at DatabricksLogging.scala:128)
[2025-12-07T20:03:24.035+0000] {subprocess.py:106} INFO - 25/12/07 20:03:24 INFO DAGScheduler: Parents of final stage: List(ShuffleMapStage 60)
[2025-12-07T20:03:24.035+0000] {subprocess.py:106} INFO - 25/12/07 20:03:24 INFO DAGScheduler: Missing parents: List()
[2025-12-07T20:03:24.039+0000] {subprocess.py:106} INFO - 25/12/07 20:03:24 INFO DAGScheduler: Submitting ResultStage 61 (MapPartitionsRDD[166] at $anonfun$recordDeltaOperationInternal$1 at DatabricksLogging.scala:128), which has no missing parents
[2025-12-07T20:03:24.040+0000] {subprocess.py:106} INFO - 25/12/07 20:03:24 INFO BlockManagerInfo: Removed broadcast_58_piece0 on 172.18.0.8:41783 in memory (size: 108.1 KiB, free: 434.2 MiB)
[2025-12-07T20:03:24.041+0000] {subprocess.py:106} INFO - 25/12/07 20:03:24 INFO MemoryStore: Block broadcast_59 stored as values in memory (estimated size 592.2 KiB, free 431.4 MiB)
[2025-12-07T20:03:24.041+0000] {subprocess.py:106} INFO - 25/12/07 20:03:24 INFO MemoryStore: Block broadcast_59_piece0 stored as bytes in memory (estimated size 138.6 KiB, free 431.3 MiB)
[2025-12-07T20:03:24.042+0000] {subprocess.py:106} INFO - 25/12/07 20:03:24 INFO BlockManagerInfo: Added broadcast_59_piece0 in memory on 13f196131dae:36513 (size: 138.6 KiB, free: 433.9 MiB)
[2025-12-07T20:03:24.043+0000] {subprocess.py:106} INFO - 25/12/07 20:03:24 INFO SparkContext: Created broadcast 59 from broadcast at DAGScheduler.scala:1535
[2025-12-07T20:03:24.043+0000] {subprocess.py:106} INFO - 25/12/07 20:03:24 INFO DAGScheduler: Submitting 50 missing tasks from ResultStage 61 (MapPartitionsRDD[166] at $anonfun$recordDeltaOperationInternal$1 at DatabricksLogging.scala:128) (first 15 tasks are for partitions Vector(0, 1, 2, 3, 4, 5, 6, 7, 8, 9, 10, 11, 12, 13, 14))
[2025-12-07T20:03:24.044+0000] {subprocess.py:106} INFO - 25/12/07 20:03:24 INFO TaskSchedulerImpl: Adding task set 61.0 with 50 tasks resource profile 0
[2025-12-07T20:03:24.044+0000] {subprocess.py:106} INFO - 25/12/07 20:03:24 INFO TaskSetManager: Starting task 0.0 in stage 61.0 (TID 578) (172.18.0.8, executor 0, partition 0, PROCESS_LOCAL, 7367 bytes)
[2025-12-07T20:03:24.045+0000] {subprocess.py:106} INFO - 25/12/07 20:03:24 INFO TaskSetManager: Starting task 1.0 in stage 61.0 (TID 579) (172.18.0.8, executor 0, partition 1, PROCESS_LOCAL, 7367 bytes)
[2025-12-07T20:03:24.047+0000] {subprocess.py:106} INFO - 25/12/07 20:03:24 INFO TaskSetManager: Starting task 2.0 in stage 61.0 (TID 580) (172.18.0.8, executor 0, partition 2, PROCESS_LOCAL, 7367 bytes)
[2025-12-07T20:03:24.048+0000] {subprocess.py:106} INFO - 25/12/07 20:03:24 INFO TaskSetManager: Starting task 3.0 in stage 61.0 (TID 581) (172.18.0.8, executor 0, partition 3, PROCESS_LOCAL, 7367 bytes)
[2025-12-07T20:03:24.049+0000] {subprocess.py:106} INFO - 25/12/07 20:03:24 INFO TaskSetManager: Starting task 4.0 in stage 61.0 (TID 582) (172.18.0.8, executor 0, partition 4, PROCESS_LOCAL, 7367 bytes)
[2025-12-07T20:03:24.050+0000] {subprocess.py:106} INFO - 25/12/07 20:03:24 INFO TaskSetManager: Starting task 5.0 in stage 61.0 (TID 583) (172.18.0.8, executor 0, partition 5, PROCESS_LOCAL, 7367 bytes)
[2025-12-07T20:03:24.051+0000] {subprocess.py:106} INFO - 25/12/07 20:03:24 INFO TaskSetManager: Starting task 6.0 in stage 61.0 (TID 584) (172.18.0.8, executor 0, partition 6, PROCESS_LOCAL, 7367 bytes)
[2025-12-07T20:03:24.052+0000] {subprocess.py:106} INFO - 25/12/07 20:03:24 INFO TaskSetManager: Starting task 7.0 in stage 61.0 (TID 585) (172.18.0.8, executor 0, partition 7, PROCESS_LOCAL, 7367 bytes)
[2025-12-07T20:03:24.052+0000] {subprocess.py:106} INFO - 25/12/07 20:03:24 INFO TaskSetManager: Starting task 8.0 in stage 61.0 (TID 586) (172.18.0.8, executor 0, partition 8, PROCESS_LOCAL, 7367 bytes)
[2025-12-07T20:03:24.053+0000] {subprocess.py:106} INFO - 25/12/07 20:03:24 INFO TaskSetManager: Starting task 9.0 in stage 61.0 (TID 587) (172.18.0.8, executor 0, partition 9, PROCESS_LOCAL, 7367 bytes)
[2025-12-07T20:03:24.053+0000] {subprocess.py:106} INFO - 25/12/07 20:03:24 INFO TaskSetManager: Starting task 10.0 in stage 61.0 (TID 588) (172.18.0.8, executor 0, partition 10, PROCESS_LOCAL, 7367 bytes)
[2025-12-07T20:03:24.054+0000] {subprocess.py:106} INFO - 25/12/07 20:03:24 INFO TaskSetManager: Starting task 11.0 in stage 61.0 (TID 589) (172.18.0.8, executor 0, partition 11, PROCESS_LOCAL, 7367 bytes)
[2025-12-07T20:03:24.054+0000] {subprocess.py:106} INFO - 25/12/07 20:03:24 INFO TaskSetManager: Starting task 12.0 in stage 61.0 (TID 590) (172.18.0.8, executor 0, partition 12, PROCESS_LOCAL, 7367 bytes)
[2025-12-07T20:03:24.055+0000] {subprocess.py:106} INFO - 25/12/07 20:03:24 INFO TaskSetManager: Starting task 13.0 in stage 61.0 (TID 591) (172.18.0.8, executor 0, partition 13, PROCESS_LOCAL, 7367 bytes)
[2025-12-07T20:03:24.055+0000] {subprocess.py:106} INFO - 25/12/07 20:03:24 INFO TaskSetManager: Starting task 14.0 in stage 61.0 (TID 592) (172.18.0.8, executor 0, partition 14, PROCESS_LOCAL, 7367 bytes)
[2025-12-07T20:03:24.056+0000] {subprocess.py:106} INFO - 25/12/07 20:03:24 INFO TaskSetManager: Starting task 15.0 in stage 61.0 (TID 593) (172.18.0.8, executor 0, partition 15, PROCESS_LOCAL, 7367 bytes)
[2025-12-07T20:03:24.060+0000] {subprocess.py:106} INFO - 25/12/07 20:03:24 INFO BlockManagerInfo: Added broadcast_59_piece0 in memory on 172.18.0.8:41783 (size: 138.6 KiB, free: 434.1 MiB)
[2025-12-07T20:03:24.076+0000] {subprocess.py:106} INFO - 25/12/07 20:03:24 INFO TaskSetManager: Starting task 16.0 in stage 61.0 (TID 594) (172.18.0.8, executor 0, partition 16, PROCESS_LOCAL, 7367 bytes)
[2025-12-07T20:03:24.077+0000] {subprocess.py:106} INFO - 25/12/07 20:03:24 INFO TaskSetManager: Starting task 17.0 in stage 61.0 (TID 595) (172.18.0.8, executor 0, partition 17, PROCESS_LOCAL, 7367 bytes)
[2025-12-07T20:03:24.084+0000] {subprocess.py:106} INFO - 25/12/07 20:03:24 INFO TaskSetManager: Finished task 12.0 in stage 61.0 (TID 590) in 29 ms on 172.18.0.8 (executor 0) (1/50)
[2025-12-07T20:03:24.085+0000] {subprocess.py:106} INFO - 25/12/07 20:03:24 INFO TaskSetManager: Starting task 18.0 in stage 61.0 (TID 596) (172.18.0.8, executor 0, partition 18, PROCESS_LOCAL, 7367 bytes)
[2025-12-07T20:03:24.086+0000] {subprocess.py:106} INFO - 25/12/07 20:03:24 INFO TaskSetManager: Finished task 8.0 in stage 61.0 (TID 586) in 38 ms on 172.18.0.8 (executor 0) (2/50)
[2025-12-07T20:03:24.088+0000] {subprocess.py:106} INFO - 25/12/07 20:03:24 INFO TaskSetManager: Finished task 4.0 in stage 61.0 (TID 582) in 39 ms on 172.18.0.8 (executor 0) (3/50)
[2025-12-07T20:03:24.089+0000] {subprocess.py:106} INFO - 25/12/07 20:03:24 INFO TaskSetManager: Starting task 19.0 in stage 61.0 (TID 597) (172.18.0.8, executor 0, partition 19, PROCESS_LOCAL, 7367 bytes)
[2025-12-07T20:03:24.090+0000] {subprocess.py:106} INFO - 25/12/07 20:03:24 INFO TaskSetManager: Starting task 20.0 in stage 61.0 (TID 598) (172.18.0.8, executor 0, partition 20, PROCESS_LOCAL, 7367 bytes)
[2025-12-07T20:03:24.091+0000] {subprocess.py:106} INFO - 25/12/07 20:03:24 INFO TaskSetManager: Starting task 21.0 in stage 61.0 (TID 599) (172.18.0.8, executor 0, partition 21, PROCESS_LOCAL, 7367 bytes)
[2025-12-07T20:03:24.092+0000] {subprocess.py:106} INFO - 25/12/07 20:03:24 INFO TaskSetManager: Starting task 22.0 in stage 61.0 (TID 600) (172.18.0.8, executor 0, partition 22, PROCESS_LOCAL, 7367 bytes)
[2025-12-07T20:03:24.093+0000] {subprocess.py:106} INFO - 25/12/07 20:03:24 INFO TaskSetManager: Starting task 23.0 in stage 61.0 (TID 601) (172.18.0.8, executor 0, partition 23, PROCESS_LOCAL, 7367 bytes)
[2025-12-07T20:03:24.095+0000] {subprocess.py:106} INFO - 25/12/07 20:03:24 INFO TaskSetManager: Starting task 24.0 in stage 61.0 (TID 602) (172.18.0.8, executor 0, partition 24, PROCESS_LOCAL, 7367 bytes)
[2025-12-07T20:03:24.097+0000] {subprocess.py:106} INFO - 25/12/07 20:03:24 INFO TaskSetManager: Starting task 25.0 in stage 61.0 (TID 603) (172.18.0.8, executor 0, partition 25, PROCESS_LOCAL, 7367 bytes)
[2025-12-07T20:03:24.099+0000] {subprocess.py:106} INFO - 25/12/07 20:03:24 INFO TaskSetManager: Starting task 26.0 in stage 61.0 (TID 604) (172.18.0.8, executor 0, partition 26, PROCESS_LOCAL, 7367 bytes)
[2025-12-07T20:03:24.100+0000] {subprocess.py:106} INFO - 25/12/07 20:03:24 INFO TaskSetManager: Starting task 27.0 in stage 61.0 (TID 605) (172.18.0.8, executor 0, partition 27, PROCESS_LOCAL, 7367 bytes)
[2025-12-07T20:03:24.101+0000] {subprocess.py:106} INFO - 25/12/07 20:03:24 INFO TaskSetManager: Starting task 28.0 in stage 61.0 (TID 606) (172.18.0.8, executor 0, partition 28, PROCESS_LOCAL, 7367 bytes)
[2025-12-07T20:03:24.102+0000] {subprocess.py:106} INFO - 25/12/07 20:03:24 INFO TaskSetManager: Starting task 29.0 in stage 61.0 (TID 607) (172.18.0.8, executor 0, partition 29, PROCESS_LOCAL, 7367 bytes)
[2025-12-07T20:03:24.103+0000] {subprocess.py:106} INFO - 25/12/07 20:03:24 INFO TaskSetManager: Finished task 15.0 in stage 61.0 (TID 593) in 46 ms on 172.18.0.8 (executor 0) (4/50)
[2025-12-07T20:03:24.104+0000] {subprocess.py:106} INFO - 25/12/07 20:03:24 INFO TaskSetManager: Finished task 10.0 in stage 61.0 (TID 588) in 48 ms on 172.18.0.8 (executor 0) (5/50)
[2025-12-07T20:03:24.105+0000] {subprocess.py:106} INFO - 25/12/07 20:03:24 INFO TaskSetManager: Finished task 1.0 in stage 61.0 (TID 579) in 50 ms on 172.18.0.8 (executor 0) (6/50)
[2025-12-07T20:03:24.106+0000] {subprocess.py:106} INFO - 25/12/07 20:03:24 INFO TaskSetManager: Finished task 6.0 in stage 61.0 (TID 584) in 50 ms on 172.18.0.8 (executor 0) (7/50)
[2025-12-07T20:03:24.107+0000] {subprocess.py:106} INFO - 25/12/07 20:03:24 INFO TaskSetManager: Finished task 13.0 in stage 61.0 (TID 591) in 48 ms on 172.18.0.8 (executor 0) (8/50)
[2025-12-07T20:03:24.108+0000] {subprocess.py:106} INFO - 25/12/07 20:03:24 INFO TaskSetManager: Finished task 5.0 in stage 61.0 (TID 583) in 50 ms on 172.18.0.8 (executor 0) (9/50)
[2025-12-07T20:03:24.108+0000] {subprocess.py:106} INFO - 25/12/07 20:03:24 INFO TaskSetManager: Finished task 0.0 in stage 61.0 (TID 578) in 52 ms on 172.18.0.8 (executor 0) (10/50)
[2025-12-07T20:03:24.109+0000] {subprocess.py:106} INFO - 25/12/07 20:03:24 INFO TaskSetManager: Finished task 3.0 in stage 61.0 (TID 581) in 51 ms on 172.18.0.8 (executor 0) (11/50)
[2025-12-07T20:03:24.110+0000] {subprocess.py:106} INFO - 25/12/07 20:03:24 INFO TaskSetManager: Finished task 7.0 in stage 61.0 (TID 585) in 55 ms on 172.18.0.8 (executor 0) (12/50)
[2025-12-07T20:03:24.111+0000] {subprocess.py:106} INFO - 25/12/07 20:03:24 INFO TaskSetManager: Finished task 9.0 in stage 61.0 (TID 587) in 54 ms on 172.18.0.8 (executor 0) (13/50)
[2025-12-07T20:03:24.111+0000] {subprocess.py:106} INFO - 25/12/07 20:03:24 INFO TaskSetManager: Starting task 30.0 in stage 61.0 (TID 608) (172.18.0.8, executor 0, partition 30, PROCESS_LOCAL, 7367 bytes)
[2025-12-07T20:03:24.112+0000] {subprocess.py:106} INFO - 25/12/07 20:03:24 INFO TaskSetManager: Finished task 2.0 in stage 61.0 (TID 580) in 58 ms on 172.18.0.8 (executor 0) (14/50)
[2025-12-07T20:03:24.113+0000] {subprocess.py:106} INFO - 25/12/07 20:03:24 INFO TaskSetManager: Starting task 31.0 in stage 61.0 (TID 609) (172.18.0.8, executor 0, partition 31, PROCESS_LOCAL, 7367 bytes)
[2025-12-07T20:03:24.117+0000] {subprocess.py:106} INFO - 25/12/07 20:03:24 INFO TaskSetManager: Finished task 11.0 in stage 61.0 (TID 589) in 57 ms on 172.18.0.8 (executor 0) (15/50)
[2025-12-07T20:03:24.119+0000] {subprocess.py:106} INFO - 25/12/07 20:03:24 INFO TaskSetManager: Finished task 14.0 in stage 61.0 (TID 592) in 56 ms on 172.18.0.8 (executor 0) (16/50)
[2025-12-07T20:03:24.120+0000] {subprocess.py:106} INFO - 25/12/07 20:03:24 INFO TaskSetManager: Starting task 32.0 in stage 61.0 (TID 610) (172.18.0.8, executor 0, partition 32, PROCESS_LOCAL, 7367 bytes)
[2025-12-07T20:03:24.121+0000] {subprocess.py:106} INFO - 25/12/07 20:03:24 INFO TaskSetManager: Starting task 33.0 in stage 61.0 (TID 611) (172.18.0.8, executor 0, partition 33, PROCESS_LOCAL, 7367 bytes)
[2025-12-07T20:03:24.122+0000] {subprocess.py:106} INFO - 25/12/07 20:03:24 INFO TaskSetManager: Starting task 34.0 in stage 61.0 (TID 612) (172.18.0.8, executor 0, partition 34, PROCESS_LOCAL, 7367 bytes)
[2025-12-07T20:03:24.122+0000] {subprocess.py:106} INFO - 25/12/07 20:03:24 INFO TaskSetManager: Finished task 16.0 in stage 61.0 (TID 594) in 32 ms on 172.18.0.8 (executor 0) (17/50)
[2025-12-07T20:03:24.123+0000] {subprocess.py:106} INFO - 25/12/07 20:03:24 INFO TaskSetManager: Finished task 19.0 in stage 61.0 (TID 597) in 21 ms on 172.18.0.8 (executor 0) (18/50)
[2025-12-07T20:03:24.125+0000] {subprocess.py:106} INFO - 25/12/07 20:03:24 INFO TaskSetManager: Finished task 21.0 in stage 61.0 (TID 599) in 21 ms on 172.18.0.8 (executor 0) (19/50)
[2025-12-07T20:03:24.126+0000] {subprocess.py:106} INFO - 25/12/07 20:03:24 INFO TaskSetManager: Starting task 35.0 in stage 61.0 (TID 613) (172.18.0.8, executor 0, partition 35, PROCESS_LOCAL, 7367 bytes)
[2025-12-07T20:03:24.131+0000] {subprocess.py:106} INFO - 25/12/07 20:03:24 INFO TaskSetManager: Finished task 23.0 in stage 61.0 (TID 601) in 31 ms on 172.18.0.8 (executor 0) (20/50)
[2025-12-07T20:03:24.133+0000] {subprocess.py:106} INFO - 25/12/07 20:03:24 INFO TaskSetManager: Starting task 36.0 in stage 61.0 (TID 614) (172.18.0.8, executor 0, partition 36, PROCESS_LOCAL, 7367 bytes)
[2025-12-07T20:03:24.134+0000] {subprocess.py:106} INFO - 25/12/07 20:03:24 INFO TaskSetManager: Starting task 37.0 in stage 61.0 (TID 615) (172.18.0.8, executor 0, partition 37, PROCESS_LOCAL, 7367 bytes)
[2025-12-07T20:03:24.135+0000] {subprocess.py:106} INFO - 25/12/07 20:03:24 INFO TaskSetManager: Finished task 20.0 in stage 61.0 (TID 598) in 46 ms on 172.18.0.8 (executor 0) (21/50)
[2025-12-07T20:03:24.135+0000] {subprocess.py:106} INFO - 25/12/07 20:03:24 INFO TaskSetManager: Starting task 38.0 in stage 61.0 (TID 616) (172.18.0.8, executor 0, partition 38, PROCESS_LOCAL, 7367 bytes)
[2025-12-07T20:03:24.137+0000] {subprocess.py:106} INFO - 25/12/07 20:03:24 INFO TaskSetManager: Starting task 39.0 in stage 61.0 (TID 617) (172.18.0.8, executor 0, partition 39, PROCESS_LOCAL, 7367 bytes)
[2025-12-07T20:03:24.143+0000] {subprocess.py:106} INFO - 25/12/07 20:03:24 INFO TaskSetManager: Starting task 40.0 in stage 61.0 (TID 618) (172.18.0.8, executor 0, partition 40, PROCESS_LOCAL, 7367 bytes)
[2025-12-07T20:03:24.145+0000] {subprocess.py:106} INFO - 25/12/07 20:03:24 INFO TaskSetManager: Starting task 41.0 in stage 61.0 (TID 619) (172.18.0.8, executor 0, partition 41, PROCESS_LOCAL, 7367 bytes)
[2025-12-07T20:03:24.151+0000] {subprocess.py:106} INFO - 25/12/07 20:03:24 INFO TaskSetManager: Starting task 42.0 in stage 61.0 (TID 620) (172.18.0.8, executor 0, partition 42, PROCESS_LOCAL, 7367 bytes)
[2025-12-07T20:03:24.153+0000] {subprocess.py:106} INFO - 25/12/07 20:03:24 INFO TaskSetManager: Starting task 43.0 in stage 61.0 (TID 621) (172.18.0.8, executor 0, partition 43, PROCESS_LOCAL, 7367 bytes)
[2025-12-07T20:03:24.154+0000] {subprocess.py:106} INFO - 25/12/07 20:03:24 INFO TaskSetManager: Starting task 44.0 in stage 61.0 (TID 622) (172.18.0.8, executor 0, partition 44, PROCESS_LOCAL, 7367 bytes)
[2025-12-07T20:03:24.155+0000] {subprocess.py:106} INFO - 25/12/07 20:03:24 INFO TaskSetManager: Starting task 45.0 in stage 61.0 (TID 623) (172.18.0.8, executor 0, partition 45, PROCESS_LOCAL, 7367 bytes)
[2025-12-07T20:03:24.156+0000] {subprocess.py:106} INFO - 25/12/07 20:03:24 INFO TaskSetManager: Finished task 26.0 in stage 61.0 (TID 604) in 46 ms on 172.18.0.8 (executor 0) (22/50)
[2025-12-07T20:03:24.159+0000] {subprocess.py:106} INFO - 25/12/07 20:03:24 INFO TaskSetManager: Finished task 28.0 in stage 61.0 (TID 606) in 46 ms on 172.18.0.8 (executor 0) (23/50)
[2025-12-07T20:03:24.160+0000] {subprocess.py:106} INFO - 25/12/07 20:03:24 INFO TaskSetManager: Finished task 17.0 in stage 61.0 (TID 595) in 65 ms on 172.18.0.8 (executor 0) (24/50)
[2025-12-07T20:03:24.161+0000] {subprocess.py:106} INFO - 25/12/07 20:03:24 INFO TaskSetManager: Finished task 29.0 in stage 61.0 (TID 607) in 50 ms on 172.18.0.8 (executor 0) (25/50)
[2025-12-07T20:03:24.162+0000] {subprocess.py:106} INFO - 25/12/07 20:03:24 INFO TaskSetManager: Starting task 46.0 in stage 61.0 (TID 624) (172.18.0.8, executor 0, partition 46, PROCESS_LOCAL, 7367 bytes)
[2025-12-07T20:03:24.163+0000] {subprocess.py:106} INFO - 25/12/07 20:03:24 INFO TaskSetManager: Finished task 27.0 in stage 61.0 (TID 605) in 54 ms on 172.18.0.8 (executor 0) (26/50)
[2025-12-07T20:03:24.164+0000] {subprocess.py:106} INFO - 25/12/07 20:03:24 INFO TaskSetManager: Starting task 47.0 in stage 61.0 (TID 625) (172.18.0.8, executor 0, partition 47, PROCESS_LOCAL, 7367 bytes)
[2025-12-07T20:03:24.165+0000] {subprocess.py:106} INFO - 25/12/07 20:03:24 INFO TaskSetManager: Starting task 48.0 in stage 61.0 (TID 626) (172.18.0.8, executor 0, partition 48, PROCESS_LOCAL, 7367 bytes)
[2025-12-07T20:03:24.165+0000] {subprocess.py:106} INFO - 25/12/07 20:03:24 INFO TaskSetManager: Starting task 49.0 in stage 61.0 (TID 627) (172.18.0.8, executor 0, partition 49, PROCESS_LOCAL, 7367 bytes)
[2025-12-07T20:03:24.166+0000] {subprocess.py:106} INFO - 25/12/07 20:03:24 INFO TaskSetManager: Finished task 24.0 in stage 61.0 (TID 602) in 59 ms on 172.18.0.8 (executor 0) (27/50)
[2025-12-07T20:03:24.167+0000] {subprocess.py:106} INFO - 25/12/07 20:03:24 INFO TaskSetManager: Finished task 22.0 in stage 61.0 (TID 600) in 61 ms on 172.18.0.8 (executor 0) (28/50)
[2025-12-07T20:03:24.167+0000] {subprocess.py:106} INFO - 25/12/07 20:03:24 INFO TaskSetManager: Finished task 31.0 in stage 61.0 (TID 609) in 46 ms on 172.18.0.8 (executor 0) (29/50)
[2025-12-07T20:03:24.168+0000] {subprocess.py:106} INFO - 25/12/07 20:03:24 INFO TaskSetManager: Finished task 25.0 in stage 61.0 (TID 603) in 59 ms on 172.18.0.8 (executor 0) (30/50)
[2025-12-07T20:03:24.168+0000] {subprocess.py:106} INFO - 25/12/07 20:03:24 INFO TaskSetManager: Finished task 33.0 in stage 61.0 (TID 611) in 43 ms on 172.18.0.8 (executor 0) (31/50)
[2025-12-07T20:03:24.169+0000] {subprocess.py:106} INFO - 25/12/07 20:03:24 INFO TaskSetManager: Finished task 34.0 in stage 61.0 (TID 612) in 43 ms on 172.18.0.8 (executor 0) (32/50)
[2025-12-07T20:03:24.169+0000] {subprocess.py:106} INFO - 25/12/07 20:03:24 INFO TaskSetManager: Finished task 35.0 in stage 61.0 (TID 613) in 32 ms on 172.18.0.8 (executor 0) (33/50)
[2025-12-07T20:03:24.170+0000] {subprocess.py:106} INFO - 25/12/07 20:03:24 INFO TaskSetManager: Finished task 32.0 in stage 61.0 (TID 610) in 45 ms on 172.18.0.8 (executor 0) (34/50)
[2025-12-07T20:03:24.171+0000] {subprocess.py:106} INFO - 25/12/07 20:03:24 INFO TaskSetManager: Finished task 36.0 in stage 61.0 (TID 614) in 20 ms on 172.18.0.8 (executor 0) (35/50)
[2025-12-07T20:03:24.172+0000] {subprocess.py:106} INFO - 25/12/07 20:03:24 INFO TaskSetManager: Finished task 30.0 in stage 61.0 (TID 608) in 50 ms on 172.18.0.8 (executor 0) (36/50)
[2025-12-07T20:03:24.173+0000] {subprocess.py:106} INFO - 25/12/07 20:03:24 INFO TaskSetManager: Finished task 18.0 in stage 61.0 (TID 596) in 67 ms on 172.18.0.8 (executor 0) (37/50)
[2025-12-07T20:03:24.173+0000] {subprocess.py:106} INFO - 25/12/07 20:03:24 INFO TaskSetManager: Finished task 43.0 in stage 61.0 (TID 621) in 21 ms on 172.18.0.8 (executor 0) (38/50)
[2025-12-07T20:03:24.174+0000] {subprocess.py:106} INFO - 25/12/07 20:03:24 INFO TaskSetManager: Finished task 38.0 in stage 61.0 (TID 616) in 25 ms on 172.18.0.8 (executor 0) (39/50)
[2025-12-07T20:03:24.174+0000] {subprocess.py:106} INFO - 25/12/07 20:03:24 INFO TaskSetManager: Finished task 39.0 in stage 61.0 (TID 617) in 25 ms on 172.18.0.8 (executor 0) (40/50)
[2025-12-07T20:03:24.175+0000] {subprocess.py:106} INFO - 25/12/07 20:03:24 INFO TaskSetManager: Finished task 44.0 in stage 61.0 (TID 622) in 23 ms on 172.18.0.8 (executor 0) (41/50)
[2025-12-07T20:03:24.175+0000] {subprocess.py:106} INFO - 25/12/07 20:03:24 INFO TaskSetManager: Finished task 42.0 in stage 61.0 (TID 620) in 24 ms on 172.18.0.8 (executor 0) (42/50)
[2025-12-07T20:03:24.176+0000] {subprocess.py:106} INFO - 25/12/07 20:03:24 INFO TaskSetManager: Finished task 40.0 in stage 61.0 (TID 618) in 25 ms on 172.18.0.8 (executor 0) (43/50)
[2025-12-07T20:03:24.177+0000] {subprocess.py:106} INFO - 25/12/07 20:03:24 INFO TaskSetManager: Finished task 45.0 in stage 61.0 (TID 623) in 25 ms on 172.18.0.8 (executor 0) (44/50)
[2025-12-07T20:03:24.177+0000] {subprocess.py:106} INFO - 25/12/07 20:03:24 INFO TaskSetManager: Finished task 41.0 in stage 61.0 (TID 619) in 26 ms on 172.18.0.8 (executor 0) (45/50)
[2025-12-07T20:03:24.178+0000] {subprocess.py:106} INFO - 25/12/07 20:03:24 INFO TaskSetManager: Finished task 37.0 in stage 61.0 (TID 615) in 30 ms on 172.18.0.8 (executor 0) (46/50)
[2025-12-07T20:03:24.178+0000] {subprocess.py:106} INFO - 25/12/07 20:03:24 INFO TaskSetManager: Finished task 46.0 in stage 61.0 (TID 624) in 18 ms on 172.18.0.8 (executor 0) (47/50)
[2025-12-07T20:03:24.179+0000] {subprocess.py:106} INFO - 25/12/07 20:03:24 INFO TaskSetManager: Finished task 47.0 in stage 61.0 (TID 625) in 18 ms on 172.18.0.8 (executor 0) (48/50)
[2025-12-07T20:03:24.179+0000] {subprocess.py:106} INFO - 25/12/07 20:03:24 INFO TaskSetManager: Finished task 49.0 in stage 61.0 (TID 627) in 21 ms on 172.18.0.8 (executor 0) (49/50)
[2025-12-07T20:03:24.180+0000] {subprocess.py:106} INFO - 25/12/07 20:03:24 INFO TaskSetManager: Finished task 48.0 in stage 61.0 (TID 626) in 26 ms on 172.18.0.8 (executor 0) (50/50)
[2025-12-07T20:03:24.181+0000] {subprocess.py:106} INFO - 25/12/07 20:03:24 INFO TaskSchedulerImpl: Removed TaskSet 61.0, whose tasks have all completed, from pool
[2025-12-07T20:03:24.181+0000] {subprocess.py:106} INFO - 25/12/07 20:03:24 INFO DAGScheduler: ResultStage 61 ($anonfun$recordDeltaOperationInternal$1 at DatabricksLogging.scala:128) finished in 0.137 s
[2025-12-07T20:03:24.182+0000] {subprocess.py:106} INFO - 25/12/07 20:03:24 INFO DAGScheduler: Job 35 is finished. Cancelling potential speculative or zombie tasks for this job
[2025-12-07T20:03:24.182+0000] {subprocess.py:106} INFO - 25/12/07 20:03:24 INFO TaskSchedulerImpl: Killing all running tasks in stage 61: Stage finished
[2025-12-07T20:03:24.183+0000] {subprocess.py:106} INFO - 25/12/07 20:03:24 INFO DAGScheduler: Job 35 finished: $anonfun$recordDeltaOperationInternal$1 at DatabricksLogging.scala:128, took 0.141857 s
[2025-12-07T20:03:24.184+0000] {subprocess.py:106} INFO - 25/12/07 20:03:24 INFO PrepareDeltaScan: DELTA: Done
[2025-12-07T20:03:24.184+0000] {subprocess.py:106} INFO - 25/12/07 20:03:24 INFO FileSourceStrategy: Pushed Filters:
[2025-12-07T20:03:24.185+0000] {subprocess.py:106} INFO - 25/12/07 20:03:24 INFO FileSourceStrategy: Post-Scan Filters:
[2025-12-07T20:03:24.188+0000] {subprocess.py:106} INFO - 25/12/07 20:03:24 INFO ParquetUtils: Using default output committer for Parquet: org.apache.parquet.hadoop.ParquetOutputCommitter
[2025-12-07T20:03:24.202+0000] {subprocess.py:106} INFO - 25/12/07 20:03:24 INFO CodeGenerator: Code generated in 9.472731 ms
[2025-12-07T20:03:24.204+0000] {subprocess.py:106} INFO - 25/12/07 20:03:24 INFO MemoryStore: Block broadcast_60 stored as values in memory (estimated size 214.5 KiB, free 431.0 MiB)
[2025-12-07T20:03:24.211+0000] {subprocess.py:106} INFO - 25/12/07 20:03:24 INFO MemoryStore: Block broadcast_60_piece0 stored as bytes in memory (estimated size 36.9 KiB, free 431.0 MiB)
[2025-12-07T20:03:24.212+0000] {subprocess.py:106} INFO - 25/12/07 20:03:24 INFO BlockManagerInfo: Added broadcast_60_piece0 in memory on 13f196131dae:36513 (size: 36.9 KiB, free: 433.9 MiB)
[2025-12-07T20:03:24.215+0000] {subprocess.py:106} INFO - 25/12/07 20:03:24 INFO SparkContext: Created broadcast 60 from save at <unknown>:0
[2025-12-07T20:03:24.216+0000] {subprocess.py:106} INFO - 25/12/07 20:03:24 INFO FileSourceScanExec: Planning scan with bin packing, max size: 4194304 bytes, open cost is considered as scanning 4194304 bytes.
[2025-12-07T20:03:24.243+0000] {subprocess.py:106} INFO - 25/12/07 20:03:24 INFO SparkContext: Starting job: save at <unknown>:0
[2025-12-07T20:03:24.244+0000] {subprocess.py:106} INFO - 25/12/07 20:03:24 INFO DAGScheduler: Got job 36 (save at <unknown>:0) with 1 output partitions
[2025-12-07T20:03:24.244+0000] {subprocess.py:106} INFO - 25/12/07 20:03:24 INFO DAGScheduler: Final stage: ResultStage 62 (save at <unknown>:0)
[2025-12-07T20:03:24.245+0000] {subprocess.py:106} INFO - 25/12/07 20:03:24 INFO DAGScheduler: Parents of final stage: List()
[2025-12-07T20:03:24.246+0000] {subprocess.py:106} INFO - 25/12/07 20:03:24 INFO DAGScheduler: Missing parents: List()
[2025-12-07T20:03:24.247+0000] {subprocess.py:106} INFO - 25/12/07 20:03:24 INFO DAGScheduler: Submitting ResultStage 62 (MapPartitionsRDD[169] at save at <unknown>:0), which has no missing parents
[2025-12-07T20:03:24.262+0000] {subprocess.py:106} INFO - 25/12/07 20:03:24 INFO MemoryStore: Block broadcast_61 stored as values in memory (estimated size 355.0 KiB, free 430.7 MiB)
[2025-12-07T20:03:24.265+0000] {subprocess.py:106} INFO - 25/12/07 20:03:24 INFO MemoryStore: Block broadcast_61_piece0 stored as bytes in memory (estimated size 127.2 KiB, free 430.5 MiB)
[2025-12-07T20:03:24.266+0000] {subprocess.py:106} INFO - 25/12/07 20:03:24 INFO BlockManagerInfo: Added broadcast_61_piece0 in memory on 13f196131dae:36513 (size: 127.2 KiB, free: 433.7 MiB)
[2025-12-07T20:03:24.266+0000] {subprocess.py:106} INFO - 25/12/07 20:03:24 INFO SparkContext: Created broadcast 61 from broadcast at DAGScheduler.scala:1535
[2025-12-07T20:03:24.267+0000] {subprocess.py:106} INFO - 25/12/07 20:03:24 INFO DAGScheduler: Submitting 1 missing tasks from ResultStage 62 (MapPartitionsRDD[169] at save at <unknown>:0) (first 15 tasks are for partitions Vector(0))
[2025-12-07T20:03:24.269+0000] {subprocess.py:106} INFO - 25/12/07 20:03:24 INFO TaskSchedulerImpl: Adding task set 62.0 with 1 tasks resource profile 0
[2025-12-07T20:03:24.270+0000] {subprocess.py:106} INFO - 25/12/07 20:03:24 INFO TaskSetManager: Starting task 0.0 in stage 62.0 (TID 628) (172.18.0.8, executor 0, partition 0, PROCESS_LOCAL, 7973 bytes)
[2025-12-07T20:03:24.275+0000] {subprocess.py:106} INFO - 25/12/07 20:03:24 INFO BlockManagerInfo: Added broadcast_61_piece0 in memory on 172.18.0.8:41783 (size: 127.2 KiB, free: 433.9 MiB)
[2025-12-07T20:03:24.354+0000] {subprocess.py:106} INFO - 25/12/07 20:03:24 INFO BlockManagerInfo: Added broadcast_60_piece0 in memory on 172.18.0.8:41783 (size: 36.9 KiB, free: 433.9 MiB)
[2025-12-07T20:03:24.437+0000] {subprocess.py:106} INFO - 25/12/07 20:03:24 INFO TaskSetManager: Finished task 0.0 in stage 62.0 (TID 628) in 170 ms on 172.18.0.8 (executor 0) (1/1)
[2025-12-07T20:03:24.440+0000] {subprocess.py:106} INFO - 25/12/07 20:03:24 INFO TaskSchedulerImpl: Removed TaskSet 62.0, whose tasks have all completed, from pool
[2025-12-07T20:03:24.440+0000] {subprocess.py:106} INFO - 25/12/07 20:03:24 INFO DAGScheduler: ResultStage 62 (save at <unknown>:0) finished in 0.193 s
[2025-12-07T20:03:24.441+0000] {subprocess.py:106} INFO - 25/12/07 20:03:24 INFO DAGScheduler: Job 36 is finished. Cancelling potential speculative or zombie tasks for this job
[2025-12-07T20:03:24.441+0000] {subprocess.py:106} INFO - 25/12/07 20:03:24 INFO TaskSchedulerImpl: Killing all running tasks in stage 62: Stage finished
[2025-12-07T20:03:24.442+0000] {subprocess.py:106} INFO - 25/12/07 20:03:24 INFO DAGScheduler: Job 36 finished: save at <unknown>:0, took 0.195895 s
[2025-12-07T20:03:24.442+0000] {subprocess.py:106} INFO - 25/12/07 20:03:24 INFO FileFormatWriter: Start to commit write Job 4423f200-e56d-40a8-8c2a-2326b555bf79.
[2025-12-07T20:03:24.443+0000] {subprocess.py:106} INFO - 25/12/07 20:03:24 INFO FileFormatWriter: Write Job 4423f200-e56d-40a8-8c2a-2326b555bf79 committed. Elapsed time: 0 ms.
[2025-12-07T20:03:24.443+0000] {subprocess.py:106} INFO - 25/12/07 20:03:24 INFO FileFormatWriter: Finished processing stats for write job 4423f200-e56d-40a8-8c2a-2326b555bf79.
[2025-12-07T20:03:24.444+0000] {subprocess.py:106} INFO - 25/12/07 20:03:24 INFO Snapshot: [tableId=71c79032-289f-4322-a439-f1feed9c8fd3] DELTA: Compute snapshot for version: 0
[2025-12-07T20:03:24.444+0000] {subprocess.py:106} INFO - 25/12/07 20:03:24 INFO MemoryStore: Block broadcast_62 stored as values in memory (estimated size 212.3 KiB, free 430.3 MiB)
[2025-12-07T20:03:24.448+0000] {subprocess.py:106} INFO - 25/12/07 20:03:24 INFO MemoryStore: Block broadcast_62_piece0 stored as bytes in memory (estimated size 36.3 KiB, free 430.3 MiB)
[2025-12-07T20:03:24.448+0000] {subprocess.py:106} INFO - 25/12/07 20:03:24 INFO BlockManagerInfo: Added broadcast_62_piece0 in memory on 13f196131dae:36513 (size: 36.3 KiB, free: 433.7 MiB)
[2025-12-07T20:03:24.449+0000] {subprocess.py:106} INFO - 25/12/07 20:03:24 INFO SparkContext: Created broadcast 62 from $anonfun$recordDeltaOperationInternal$1 at DatabricksLogging.scala:128
[2025-12-07T20:03:24.518+0000] {subprocess.py:106} INFO - 25/12/07 20:03:24 INFO BlockManagerInfo: Removed broadcast_59_piece0 on 13f196131dae:36513 in memory (size: 138.6 KiB, free: 433.8 MiB)
[2025-12-07T20:03:24.520+0000] {subprocess.py:106} INFO - 25/12/07 20:03:24 INFO BlockManagerInfo: Removed broadcast_59_piece0 on 172.18.0.8:41783 in memory (size: 138.6 KiB, free: 434.0 MiB)
[2025-12-07T20:03:24.522+0000] {subprocess.py:106} INFO - 25/12/07 20:03:24 INFO BlockManagerInfo: Removed broadcast_61_piece0 on 13f196131dae:36513 in memory (size: 127.2 KiB, free: 434.0 MiB)
[2025-12-07T20:03:24.524+0000] {subprocess.py:106} INFO - 25/12/07 20:03:24 INFO BlockManagerInfo: Removed broadcast_61_piece0 on 172.18.0.8:41783 in memory (size: 127.2 KiB, free: 434.2 MiB)
[2025-12-07T20:03:24.570+0000] {subprocess.py:106} INFO - 25/12/07 20:03:24 INFO FileSourceStrategy: Pushed Filters:
[2025-12-07T20:03:24.571+0000] {subprocess.py:106} INFO - 25/12/07 20:03:24 INFO FileSourceStrategy: Post-Scan Filters:
[2025-12-07T20:03:24.599+0000] {subprocess.py:106} INFO - 25/12/07 20:03:24 INFO MemoryStore: Block broadcast_63 stored as values in memory (estimated size 212.9 KiB, free 431.3 MiB)
[2025-12-07T20:03:24.606+0000] {subprocess.py:106} INFO - 25/12/07 20:03:24 INFO MemoryStore: Block broadcast_63_piece0 stored as bytes in memory (estimated size 36.4 KiB, free 431.2 MiB)
[2025-12-07T20:03:24.606+0000] {subprocess.py:106} INFO - 25/12/07 20:03:24 INFO BlockManagerInfo: Added broadcast_63_piece0 in memory on 13f196131dae:36513 (size: 36.4 KiB, free: 433.9 MiB)
[2025-12-07T20:03:24.607+0000] {subprocess.py:106} INFO - 25/12/07 20:03:24 INFO SparkContext: Created broadcast 63 from $anonfun$recordDeltaOperationInternal$1 at DatabricksLogging.scala:128
[2025-12-07T20:03:24.607+0000] {subprocess.py:106} INFO - 25/12/07 20:03:24 INFO FileSourceScanExec: Planning scan with bin packing, max size: 4194304 bytes, open cost is considered as scanning 4194304 bytes.
[2025-12-07T20:03:24.617+0000] {subprocess.py:106} INFO - 25/12/07 20:03:24 INFO DAGScheduler: Registering RDD 173 ($anonfun$recordDeltaOperationInternal$1 at DatabricksLogging.scala:128) as input to shuffle 14
[2025-12-07T20:03:24.618+0000] {subprocess.py:106} INFO - 25/12/07 20:03:24 INFO DAGScheduler: Got map stage job 37 ($anonfun$recordDeltaOperationInternal$1 at DatabricksLogging.scala:128) with 1 output partitions
[2025-12-07T20:03:24.618+0000] {subprocess.py:106} INFO - 25/12/07 20:03:24 INFO DAGScheduler: Final stage: ShuffleMapStage 63 ($anonfun$recordDeltaOperationInternal$1 at DatabricksLogging.scala:128)
[2025-12-07T20:03:24.619+0000] {subprocess.py:106} INFO - 25/12/07 20:03:24 INFO DAGScheduler: Parents of final stage: List()
[2025-12-07T20:03:24.619+0000] {subprocess.py:106} INFO - 25/12/07 20:03:24 INFO DAGScheduler: Missing parents: List()
[2025-12-07T20:03:24.620+0000] {subprocess.py:106} INFO - 25/12/07 20:03:24 INFO DAGScheduler: Submitting ShuffleMapStage 63 (MapPartitionsRDD[173] at $anonfun$recordDeltaOperationInternal$1 at DatabricksLogging.scala:128), which has no missing parents
[2025-12-07T20:03:24.621+0000] {subprocess.py:106} INFO - 25/12/07 20:03:24 INFO MemoryStore: Block broadcast_64 stored as values in memory (estimated size 138.3 KiB, free 431.1 MiB)
[2025-12-07T20:03:24.622+0000] {subprocess.py:106} INFO - 25/12/07 20:03:24 INFO MemoryStore: Block broadcast_64_piece0 stored as bytes in memory (estimated size 39.0 KiB, free 431.1 MiB)
[2025-12-07T20:03:24.623+0000] {subprocess.py:106} INFO - 25/12/07 20:03:24 INFO BlockManagerInfo: Added broadcast_64_piece0 in memory on 13f196131dae:36513 (size: 39.0 KiB, free: 433.9 MiB)
[2025-12-07T20:03:24.623+0000] {subprocess.py:106} INFO - 25/12/07 20:03:24 INFO SparkContext: Created broadcast 64 from broadcast at DAGScheduler.scala:1535
[2025-12-07T20:03:24.624+0000] {subprocess.py:106} INFO - 25/12/07 20:03:24 INFO DAGScheduler: Submitting 1 missing tasks from ShuffleMapStage 63 (MapPartitionsRDD[173] at $anonfun$recordDeltaOperationInternal$1 at DatabricksLogging.scala:128) (first 15 tasks are for partitions Vector(0))
[2025-12-07T20:03:24.624+0000] {subprocess.py:106} INFO - 25/12/07 20:03:24 INFO TaskSchedulerImpl: Adding task set 63.0 with 1 tasks resource profile 0
[2025-12-07T20:03:24.625+0000] {subprocess.py:106} INFO - 25/12/07 20:03:24 INFO TaskSetManager: Starting task 0.0 in stage 63.0 (TID 629) (172.18.0.8, executor 0, partition 0, PROCESS_LOCAL, 7933 bytes)
[2025-12-07T20:03:24.632+0000] {subprocess.py:106} INFO - 25/12/07 20:03:24 INFO BlockManagerInfo: Added broadcast_64_piece0 in memory on 172.18.0.8:41783 (size: 39.0 KiB, free: 434.1 MiB)
[2025-12-07T20:03:24.650+0000] {subprocess.py:106} INFO - 25/12/07 20:03:24 INFO BlockManagerInfo: Added broadcast_63_piece0 in memory on 172.18.0.8:41783 (size: 36.4 KiB, free: 434.1 MiB)
[2025-12-07T20:03:24.684+0000] {subprocess.py:106} INFO - 25/12/07 20:03:24 INFO TaskSetManager: Finished task 0.0 in stage 63.0 (TID 629) in 59 ms on 172.18.0.8 (executor 0) (1/1)
[2025-12-07T20:03:24.684+0000] {subprocess.py:106} INFO - 25/12/07 20:03:24 INFO TaskSchedulerImpl: Removed TaskSet 63.0, whose tasks have all completed, from pool
[2025-12-07T20:03:24.685+0000] {subprocess.py:106} INFO - 25/12/07 20:03:24 INFO DAGScheduler: ShuffleMapStage 63 ($anonfun$recordDeltaOperationInternal$1 at DatabricksLogging.scala:128) finished in 0.066 s
[2025-12-07T20:03:24.686+0000] {subprocess.py:106} INFO - 25/12/07 20:03:24 INFO DAGScheduler: looking for newly runnable stages
[2025-12-07T20:03:24.686+0000] {subprocess.py:106} INFO - 25/12/07 20:03:24 INFO DAGScheduler: running: Set()
[2025-12-07T20:03:24.686+0000] {subprocess.py:106} INFO - 25/12/07 20:03:24 INFO DAGScheduler: waiting: Set()
[2025-12-07T20:03:24.687+0000] {subprocess.py:106} INFO - 25/12/07 20:03:24 INFO DAGScheduler: failed: Set()
[2025-12-07T20:03:24.698+0000] {subprocess.py:106} INFO - 25/12/07 20:03:24 INFO BlockManagerInfo: Removed broadcast_64_piece0 on 13f196131dae:36513 in memory (size: 39.0 KiB, free: 433.9 MiB)
[2025-12-07T20:03:24.700+0000] {subprocess.py:106} INFO - 25/12/07 20:03:24 INFO BlockManagerInfo: Removed broadcast_64_piece0 on 172.18.0.8:41783 in memory (size: 39.0 KiB, free: 434.1 MiB)
[2025-12-07T20:03:24.840+0000] {subprocess.py:106} INFO - 25/12/07 20:03:24 INFO DAGScheduler: Registering RDD 183 ($anonfun$recordDeltaOperationInternal$1 at DatabricksLogging.scala:128) as input to shuffle 15
[2025-12-07T20:03:24.841+0000] {subprocess.py:106} INFO - 25/12/07 20:03:24 INFO DAGScheduler: Got map stage job 38 ($anonfun$recordDeltaOperationInternal$1 at DatabricksLogging.scala:128) with 50 output partitions
[2025-12-07T20:03:24.842+0000] {subprocess.py:106} INFO - 25/12/07 20:03:24 INFO DAGScheduler: Final stage: ShuffleMapStage 65 ($anonfun$recordDeltaOperationInternal$1 at DatabricksLogging.scala:128)
[2025-12-07T20:03:24.842+0000] {subprocess.py:106} INFO - 25/12/07 20:03:24 INFO DAGScheduler: Parents of final stage: List(ShuffleMapStage 64)
[2025-12-07T20:03:24.843+0000] {subprocess.py:106} INFO - 25/12/07 20:03:24 INFO DAGScheduler: Missing parents: List()
[2025-12-07T20:03:24.843+0000] {subprocess.py:106} INFO - 25/12/07 20:03:24 INFO DAGScheduler: Submitting ShuffleMapStage 65 (MapPartitionsRDD[183] at $anonfun$recordDeltaOperationInternal$1 at DatabricksLogging.scala:128), which has no missing parents
[2025-12-07T20:03:24.857+0000] {subprocess.py:106} INFO - 25/12/07 20:03:24 INFO MemoryStore: Block broadcast_65 stored as values in memory (estimated size 517.2 KiB, free 430.7 MiB)
[2025-12-07T20:03:24.858+0000] {subprocess.py:106} INFO - 25/12/07 20:03:24 INFO MemoryStore: Block broadcast_65_piece0 stored as bytes in memory (estimated size 123.3 KiB, free 430.6 MiB)
[2025-12-07T20:03:24.859+0000] {subprocess.py:106} INFO - 25/12/07 20:03:24 INFO BlockManagerInfo: Added broadcast_65_piece0 in memory on 13f196131dae:36513 (size: 123.3 KiB, free: 433.8 MiB)
[2025-12-07T20:03:24.860+0000] {subprocess.py:106} INFO - 25/12/07 20:03:24 INFO SparkContext: Created broadcast 65 from broadcast at DAGScheduler.scala:1535
[2025-12-07T20:03:24.861+0000] {subprocess.py:106} INFO - 25/12/07 20:03:24 INFO DAGScheduler: Submitting 50 missing tasks from ShuffleMapStage 65 (MapPartitionsRDD[183] at $anonfun$recordDeltaOperationInternal$1 at DatabricksLogging.scala:128) (first 15 tasks are for partitions Vector(0, 1, 2, 3, 4, 5, 6, 7, 8, 9, 10, 11, 12, 13, 14))
[2025-12-07T20:03:24.863+0000] {subprocess.py:106} INFO - 25/12/07 20:03:24 INFO TaskSchedulerImpl: Adding task set 65.0 with 50 tasks resource profile 0
[2025-12-07T20:03:24.868+0000] {subprocess.py:106} INFO - 25/12/07 20:03:24 INFO TaskSetManager: Starting task 3.0 in stage 65.0 (TID 630) (172.18.0.8, executor 0, partition 3, NODE_LOCAL, 7356 bytes)
[2025-12-07T20:03:24.869+0000] {subprocess.py:106} INFO - 25/12/07 20:03:24 INFO TaskSetManager: Starting task 42.0 in stage 65.0 (TID 631) (172.18.0.8, executor 0, partition 42, NODE_LOCAL, 7356 bytes)
[2025-12-07T20:03:24.870+0000] {subprocess.py:106} INFO - 25/12/07 20:03:24 INFO TaskSetManager: Starting task 0.0 in stage 65.0 (TID 632) (172.18.0.8, executor 0, partition 0, PROCESS_LOCAL, 7356 bytes)
[2025-12-07T20:03:24.870+0000] {subprocess.py:106} INFO - 25/12/07 20:03:24 INFO TaskSetManager: Starting task 1.0 in stage 65.0 (TID 633) (172.18.0.8, executor 0, partition 1, PROCESS_LOCAL, 7356 bytes)
[2025-12-07T20:03:24.871+0000] {subprocess.py:106} INFO - 25/12/07 20:03:24 INFO TaskSetManager: Starting task 2.0 in stage 65.0 (TID 634) (172.18.0.8, executor 0, partition 2, PROCESS_LOCAL, 7356 bytes)
[2025-12-07T20:03:24.872+0000] {subprocess.py:106} INFO - 25/12/07 20:03:24 INFO TaskSetManager: Starting task 4.0 in stage 65.0 (TID 635) (172.18.0.8, executor 0, partition 4, PROCESS_LOCAL, 7356 bytes)
[2025-12-07T20:03:24.873+0000] {subprocess.py:106} INFO - 25/12/07 20:03:24 INFO TaskSetManager: Starting task 5.0 in stage 65.0 (TID 636) (172.18.0.8, executor 0, partition 5, PROCESS_LOCAL, 7356 bytes)
[2025-12-07T20:03:24.874+0000] {subprocess.py:106} INFO - 25/12/07 20:03:24 INFO TaskSetManager: Starting task 6.0 in stage 65.0 (TID 637) (172.18.0.8, executor 0, partition 6, PROCESS_LOCAL, 7356 bytes)
[2025-12-07T20:03:24.875+0000] {subprocess.py:106} INFO - 25/12/07 20:03:24 INFO TaskSetManager: Starting task 7.0 in stage 65.0 (TID 638) (172.18.0.8, executor 0, partition 7, PROCESS_LOCAL, 7356 bytes)
[2025-12-07T20:03:24.875+0000] {subprocess.py:106} INFO - 25/12/07 20:03:24 INFO TaskSetManager: Starting task 8.0 in stage 65.0 (TID 639) (172.18.0.8, executor 0, partition 8, PROCESS_LOCAL, 7356 bytes)
[2025-12-07T20:03:24.876+0000] {subprocess.py:106} INFO - 25/12/07 20:03:24 INFO TaskSetManager: Starting task 9.0 in stage 65.0 (TID 640) (172.18.0.8, executor 0, partition 9, PROCESS_LOCAL, 7356 bytes)
[2025-12-07T20:03:24.877+0000] {subprocess.py:106} INFO - 25/12/07 20:03:24 INFO TaskSetManager: Starting task 10.0 in stage 65.0 (TID 641) (172.18.0.8, executor 0, partition 10, PROCESS_LOCAL, 7356 bytes)
[2025-12-07T20:03:24.877+0000] {subprocess.py:106} INFO - 25/12/07 20:03:24 INFO TaskSetManager: Starting task 11.0 in stage 65.0 (TID 642) (172.18.0.8, executor 0, partition 11, PROCESS_LOCAL, 7356 bytes)
[2025-12-07T20:03:24.878+0000] {subprocess.py:106} INFO - 25/12/07 20:03:24 INFO TaskSetManager: Starting task 12.0 in stage 65.0 (TID 643) (172.18.0.8, executor 0, partition 12, PROCESS_LOCAL, 7356 bytes)
[2025-12-07T20:03:24.879+0000] {subprocess.py:106} INFO - 25/12/07 20:03:24 INFO TaskSetManager: Starting task 13.0 in stage 65.0 (TID 644) (172.18.0.8, executor 0, partition 13, PROCESS_LOCAL, 7356 bytes)
[2025-12-07T20:03:24.879+0000] {subprocess.py:106} INFO - 25/12/07 20:03:24 INFO TaskSetManager: Starting task 14.0 in stage 65.0 (TID 645) (172.18.0.8, executor 0, partition 14, PROCESS_LOCAL, 7356 bytes)
[2025-12-07T20:03:24.882+0000] {subprocess.py:106} INFO - 25/12/07 20:03:24 INFO BlockManagerInfo: Added broadcast_65_piece0 in memory on 172.18.0.8:41783 (size: 123.3 KiB, free: 434.0 MiB)
[2025-12-07T20:03:24.907+0000] {subprocess.py:106} INFO - 25/12/07 20:03:24 INFO MapOutputTrackerMasterEndpoint: Asked to send map output locations for shuffle 14 to 172.18.0.8:33606
[2025-12-07T20:03:24.971+0000] {subprocess.py:106} INFO - 25/12/07 20:03:24 INFO BlockManagerInfo: Added rdd_180_1 in memory on 172.18.0.8:41783 (size: 46.0 B, free: 434.0 MiB)
[2025-12-07T20:03:24.972+0000] {subprocess.py:106} INFO - 25/12/07 20:03:24 INFO BlockManagerInfo: Added rdd_180_0 in memory on 172.18.0.8:41783 (size: 46.0 B, free: 434.0 MiB)
[2025-12-07T20:03:24.974+0000] {subprocess.py:106} INFO - 25/12/07 20:03:24 INFO BlockManagerInfo: Added rdd_180_5 in memory on 172.18.0.8:41783 (size: 46.0 B, free: 434.0 MiB)
[2025-12-07T20:03:24.975+0000] {subprocess.py:106} INFO - 25/12/07 20:03:24 INFO BlockManagerInfo: Added rdd_180_11 in memory on 172.18.0.8:41783 (size: 46.0 B, free: 434.0 MiB)
[2025-12-07T20:03:24.976+0000] {subprocess.py:106} INFO - 25/12/07 20:03:24 INFO BlockManagerInfo: Added rdd_180_42 in memory on 172.18.0.8:41783 (size: 506.0 B, free: 434.0 MiB)
[2025-12-07T20:03:24.983+0000] {subprocess.py:106} INFO - 25/12/07 20:03:24 INFO BlockManagerInfo: Added rdd_180_13 in memory on 172.18.0.8:41783 (size: 46.0 B, free: 434.0 MiB)
[2025-12-07T20:03:24.986+0000] {subprocess.py:106} INFO - 25/12/07 20:03:24 INFO BlockManagerInfo: Added rdd_180_3 in memory on 172.18.0.8:41783 (size: 586.0 B, free: 434.0 MiB)
[2025-12-07T20:03:24.988+0000] {subprocess.py:106} INFO - 25/12/07 20:03:24 INFO BlockManagerInfo: Added rdd_180_7 in memory on 172.18.0.8:41783 (size: 46.0 B, free: 434.0 MiB)
[2025-12-07T20:03:24.994+0000] {subprocess.py:106} INFO - 25/12/07 20:03:24 INFO BlockManagerInfo: Added rdd_180_9 in memory on 172.18.0.8:41783 (size: 46.0 B, free: 434.0 MiB)
[2025-12-07T20:03:24.996+0000] {subprocess.py:106} INFO - 25/12/07 20:03:24 INFO BlockManagerInfo: Added rdd_180_8 in memory on 172.18.0.8:41783 (size: 46.0 B, free: 434.0 MiB)
[2025-12-07T20:03:24.999+0000] {subprocess.py:106} INFO - 25/12/07 20:03:24 INFO BlockManagerInfo: Added rdd_180_10 in memory on 172.18.0.8:41783 (size: 46.0 B, free: 434.0 MiB)
[2025-12-07T20:03:25.007+0000] {subprocess.py:106} INFO - 25/12/07 20:03:24 INFO BlockManagerInfo: Added rdd_180_14 in memory on 172.18.0.8:41783 (size: 46.0 B, free: 434.0 MiB)
[2025-12-07T20:03:25.009+0000] {subprocess.py:106} INFO - 25/12/07 20:03:25 INFO TaskSetManager: Starting task 15.0 in stage 65.0 (TID 646) (172.18.0.8, executor 0, partition 15, PROCESS_LOCAL, 7356 bytes)
[2025-12-07T20:03:25.010+0000] {subprocess.py:106} INFO - 25/12/07 20:03:25 INFO TaskSetManager: Starting task 16.0 in stage 65.0 (TID 647) (172.18.0.8, executor 0, partition 16, PROCESS_LOCAL, 7356 bytes)
[2025-12-07T20:03:25.011+0000] {subprocess.py:106} INFO - 25/12/07 20:03:25 INFO TaskSetManager: Starting task 17.0 in stage 65.0 (TID 648) (172.18.0.8, executor 0, partition 17, PROCESS_LOCAL, 7356 bytes)
[2025-12-07T20:03:25.012+0000] {subprocess.py:106} INFO - 25/12/07 20:03:25 INFO TaskSetManager: Finished task 5.0 in stage 65.0 (TID 636) in 135 ms on 172.18.0.8 (executor 0) (1/50)
[2025-12-07T20:03:25.013+0000] {subprocess.py:106} INFO - 25/12/07 20:03:25 INFO BlockManagerInfo: Added rdd_180_6 in memory on 172.18.0.8:41783 (size: 46.0 B, free: 434.0 MiB)
[2025-12-07T20:03:25.014+0000] {subprocess.py:106} INFO - 25/12/07 20:03:25 INFO BlockManagerInfo: Added rdd_180_2 in memory on 172.18.0.8:41783 (size: 46.0 B, free: 434.0 MiB)
[2025-12-07T20:03:25.015+0000] {subprocess.py:106} INFO - 25/12/07 20:03:25 INFO BlockManagerInfo: Added rdd_180_4 in memory on 172.18.0.8:41783 (size: 46.0 B, free: 434.0 MiB)
[2025-12-07T20:03:25.015+0000] {subprocess.py:106} INFO - 25/12/07 20:03:25 INFO TaskSetManager: Finished task 1.0 in stage 65.0 (TID 633) in 137 ms on 172.18.0.8 (executor 0) (2/50)
[2025-12-07T20:03:25.016+0000] {subprocess.py:106} INFO - 25/12/07 20:03:25 INFO TaskSetManager: Finished task 0.0 in stage 65.0 (TID 632) in 137 ms on 172.18.0.8 (executor 0) (3/50)
[2025-12-07T20:03:25.020+0000] {subprocess.py:106} INFO - 25/12/07 20:03:25 INFO TaskSetManager: Starting task 18.0 in stage 65.0 (TID 649) (172.18.0.8, executor 0, partition 18, PROCESS_LOCAL, 7356 bytes)
[2025-12-07T20:03:25.021+0000] {subprocess.py:106} INFO - 25/12/07 20:03:25 INFO TaskSetManager: Finished task 11.0 in stage 65.0 (TID 642) in 139 ms on 172.18.0.8 (executor 0) (4/50)
[2025-12-07T20:03:25.022+0000] {subprocess.py:106} INFO - 25/12/07 20:03:25 INFO BlockManagerInfo: Added rdd_180_12 in memory on 172.18.0.8:41783 (size: 46.0 B, free: 434.0 MiB)
[2025-12-07T20:03:25.041+0000] {subprocess.py:106} INFO - 25/12/07 20:03:25 INFO TaskSetManager: Starting task 19.0 in stage 65.0 (TID 650) (172.18.0.8, executor 0, partition 19, PROCESS_LOCAL, 7356 bytes)
[2025-12-07T20:03:25.043+0000] {subprocess.py:106} INFO - 25/12/07 20:03:25 INFO TaskSetManager: Starting task 20.0 in stage 65.0 (TID 651) (172.18.0.8, executor 0, partition 20, PROCESS_LOCAL, 7356 bytes)
[2025-12-07T20:03:25.044+0000] {subprocess.py:106} INFO - 25/12/07 20:03:25 INFO TaskSetManager: Finished task 7.0 in stage 65.0 (TID 638) in 172 ms on 172.18.0.8 (executor 0) (5/50)
[2025-12-07T20:03:25.046+0000] {subprocess.py:106} INFO - 25/12/07 20:03:25 INFO TaskSetManager: Finished task 3.0 in stage 65.0 (TID 630) in 175 ms on 172.18.0.8 (executor 0) (6/50)
[2025-12-07T20:03:25.053+0000] {subprocess.py:106} INFO - 25/12/07 20:03:25 INFO TaskSetManager: Starting task 21.0 in stage 65.0 (TID 652) (172.18.0.8, executor 0, partition 21, PROCESS_LOCAL, 7356 bytes)
[2025-12-07T20:03:25.055+0000] {subprocess.py:106} INFO - 25/12/07 20:03:25 INFO TaskSetManager: Finished task 9.0 in stage 65.0 (TID 640) in 178 ms on 172.18.0.8 (executor 0) (7/50)
[2025-12-07T20:03:25.057+0000] {subprocess.py:106} INFO - 25/12/07 20:03:25 INFO TaskSetManager: Starting task 22.0 in stage 65.0 (TID 653) (172.18.0.8, executor 0, partition 22, PROCESS_LOCAL, 7356 bytes)
[2025-12-07T20:03:25.059+0000] {subprocess.py:106} INFO - 25/12/07 20:03:25 INFO TaskSetManager: Starting task 23.0 in stage 65.0 (TID 654) (172.18.0.8, executor 0, partition 23, PROCESS_LOCAL, 7356 bytes)
[2025-12-07T20:03:25.060+0000] {subprocess.py:106} INFO - 25/12/07 20:03:25 INFO TaskSetManager: Starting task 24.0 in stage 65.0 (TID 655) (172.18.0.8, executor 0, partition 24, PROCESS_LOCAL, 7356 bytes)
[2025-12-07T20:03:25.062+0000] {subprocess.py:106} INFO - 25/12/07 20:03:25 INFO TaskSetManager: Starting task 25.0 in stage 65.0 (TID 656) (172.18.0.8, executor 0, partition 25, PROCESS_LOCAL, 7356 bytes)
[2025-12-07T20:03:25.063+0000] {subprocess.py:106} INFO - 25/12/07 20:03:25 INFO TaskSetManager: Finished task 2.0 in stage 65.0 (TID 634) in 184 ms on 172.18.0.8 (executor 0) (8/50)
[2025-12-07T20:03:25.064+0000] {subprocess.py:106} INFO - 25/12/07 20:03:25 INFO TaskSetManager: Finished task 4.0 in stage 65.0 (TID 635) in 184 ms on 172.18.0.8 (executor 0) (9/50)
[2025-12-07T20:03:25.065+0000] {subprocess.py:106} INFO - 25/12/07 20:03:25 INFO TaskSetManager: Finished task 42.0 in stage 65.0 (TID 631) in 185 ms on 172.18.0.8 (executor 0) (10/50)
[2025-12-07T20:03:25.070+0000] {subprocess.py:106} INFO - 25/12/07 20:03:25 INFO TaskSetManager: Finished task 8.0 in stage 65.0 (TID 639) in 184 ms on 172.18.0.8 (executor 0) (11/50)
[2025-12-07T20:03:25.072+0000] {subprocess.py:106} INFO - 25/12/07 20:03:25 INFO TaskSetManager: Starting task 26.0 in stage 65.0 (TID 657) (172.18.0.8, executor 0, partition 26, PROCESS_LOCAL, 7356 bytes)
[2025-12-07T20:03:25.074+0000] {subprocess.py:106} INFO - 25/12/07 20:03:25 INFO TaskSetManager: Finished task 6.0 in stage 65.0 (TID 637) in 186 ms on 172.18.0.8 (executor 0) (12/50)
[2025-12-07T20:03:25.076+0000] {subprocess.py:106} INFO - 25/12/07 20:03:25 INFO TaskSetManager: Starting task 27.0 in stage 65.0 (TID 658) (172.18.0.8, executor 0, partition 27, PROCESS_LOCAL, 7356 bytes)
[2025-12-07T20:03:25.078+0000] {subprocess.py:106} INFO - 25/12/07 20:03:25 INFO TaskSetManager: Finished task 14.0 in stage 65.0 (TID 645) in 186 ms on 172.18.0.8 (executor 0) (13/50)
[2025-12-07T20:03:25.079+0000] {subprocess.py:106} INFO - 25/12/07 20:03:25 INFO TaskSetManager: Starting task 28.0 in stage 65.0 (TID 659) (172.18.0.8, executor 0, partition 28, PROCESS_LOCAL, 7356 bytes)
[2025-12-07T20:03:25.080+0000] {subprocess.py:106} INFO - 25/12/07 20:03:25 INFO TaskSetManager: Finished task 10.0 in stage 65.0 (TID 641) in 189 ms on 172.18.0.8 (executor 0) (14/50)
[2025-12-07T20:03:25.081+0000] {subprocess.py:106} INFO - 25/12/07 20:03:25 INFO TaskSetManager: Starting task 29.0 in stage 65.0 (TID 660) (172.18.0.8, executor 0, partition 29, PROCESS_LOCAL, 7356 bytes)
[2025-12-07T20:03:25.082+0000] {subprocess.py:106} INFO - 25/12/07 20:03:25 INFO TaskSetManager: Finished task 12.0 in stage 65.0 (TID 643) in 196 ms on 172.18.0.8 (executor 0) (15/50)
[2025-12-07T20:03:25.083+0000] {subprocess.py:106} INFO - 25/12/07 20:03:25 INFO TaskSetManager: Starting task 30.0 in stage 65.0 (TID 661) (172.18.0.8, executor 0, partition 30, PROCESS_LOCAL, 7356 bytes)
[2025-12-07T20:03:25.084+0000] {subprocess.py:106} INFO - 25/12/07 20:03:25 INFO TaskSetManager: Finished task 13.0 in stage 65.0 (TID 644) in 202 ms on 172.18.0.8 (executor 0) (16/50)
[2025-12-07T20:03:25.104+0000] {subprocess.py:106} INFO - 25/12/07 20:03:25 INFO BlockManagerInfo: Added rdd_180_15 in memory on 172.18.0.8:41783 (size: 46.0 B, free: 434.0 MiB)
[2025-12-07T20:03:25.107+0000] {subprocess.py:106} INFO - 25/12/07 20:03:25 INFO BlockManagerInfo: Added rdd_180_19 in memory on 172.18.0.8:41783 (size: 46.0 B, free: 434.0 MiB)
[2025-12-07T20:03:25.109+0000] {subprocess.py:106} INFO - 25/12/07 20:03:25 INFO BlockManagerInfo: Added rdd_180_17 in memory on 172.18.0.8:41783 (size: 46.0 B, free: 434.0 MiB)
[2025-12-07T20:03:25.116+0000] {subprocess.py:106} INFO - 25/12/07 20:03:25 INFO BlockManagerInfo: Added rdd_180_20 in memory on 172.18.0.8:41783 (size: 46.0 B, free: 434.0 MiB)
[2025-12-07T20:03:25.117+0000] {subprocess.py:106} INFO - 25/12/07 20:03:25 INFO BlockManagerInfo: Added rdd_180_21 in memory on 172.18.0.8:41783 (size: 46.0 B, free: 434.0 MiB)
[2025-12-07T20:03:25.117+0000] {subprocess.py:106} INFO - 25/12/07 20:03:25 INFO BlockManagerInfo: Added rdd_180_16 in memory on 172.18.0.8:41783 (size: 46.0 B, free: 434.0 MiB)
[2025-12-07T20:03:25.121+0000] {subprocess.py:106} INFO - 25/12/07 20:03:25 INFO BlockManagerInfo: Added rdd_180_18 in memory on 172.18.0.8:41783 (size: 46.0 B, free: 434.0 MiB)
[2025-12-07T20:03:25.145+0000] {subprocess.py:106} INFO - 25/12/07 20:03:25 INFO BlockManagerInfo: Added rdd_180_22 in memory on 172.18.0.8:41783 (size: 46.0 B, free: 434.0 MiB)
[2025-12-07T20:03:25.152+0000] {subprocess.py:106} INFO - 25/12/07 20:03:25 INFO BlockManagerInfo: Added rdd_180_24 in memory on 172.18.0.8:41783 (size: 46.0 B, free: 434.0 MiB)
[2025-12-07T20:03:25.155+0000] {subprocess.py:106} INFO - 25/12/07 20:03:25 INFO BlockManagerInfo: Added rdd_180_23 in memory on 172.18.0.8:41783 (size: 46.0 B, free: 434.0 MiB)
[2025-12-07T20:03:25.157+0000] {subprocess.py:106} INFO - 25/12/07 20:03:25 INFO BlockManagerInfo: Added rdd_180_25 in memory on 172.18.0.8:41783 (size: 46.0 B, free: 434.0 MiB)
[2025-12-07T20:03:25.159+0000] {subprocess.py:106} INFO - 25/12/07 20:03:25 INFO TaskSetManager: Starting task 31.0 in stage 65.0 (TID 662) (172.18.0.8, executor 0, partition 31, PROCESS_LOCAL, 7356 bytes)
[2025-12-07T20:03:25.160+0000] {subprocess.py:106} INFO - 25/12/07 20:03:25 INFO TaskSetManager: Finished task 20.0 in stage 65.0 (TID 651) in 105 ms on 172.18.0.8 (executor 0) (17/50)
[2025-12-07T20:03:25.161+0000] {subprocess.py:106} INFO - 25/12/07 20:03:25 INFO BlockManagerInfo: Added rdd_180_26 in memory on 172.18.0.8:41783 (size: 46.0 B, free: 434.0 MiB)
[2025-12-07T20:03:25.162+0000] {subprocess.py:106} INFO - 25/12/07 20:03:25 INFO TaskSetManager: Starting task 32.0 in stage 65.0 (TID 663) (172.18.0.8, executor 0, partition 32, PROCESS_LOCAL, 7356 bytes)
[2025-12-07T20:03:25.164+0000] {subprocess.py:106} INFO - 25/12/07 20:03:25 INFO TaskSetManager: Starting task 33.0 in stage 65.0 (TID 664) (172.18.0.8, executor 0, partition 33, PROCESS_LOCAL, 7356 bytes)
[2025-12-07T20:03:25.165+0000] {subprocess.py:106} INFO - 25/12/07 20:03:25 INFO TaskSetManager: Finished task 15.0 in stage 65.0 (TID 646) in 147 ms on 172.18.0.8 (executor 0) (18/50)
[2025-12-07T20:03:25.166+0000] {subprocess.py:106} INFO - 25/12/07 20:03:25 INFO TaskSetManager: Finished task 16.0 in stage 65.0 (TID 647) in 147 ms on 172.18.0.8 (executor 0) (19/50)
[2025-12-07T20:03:25.167+0000] {subprocess.py:106} INFO - 25/12/07 20:03:25 INFO BlockManagerInfo: Added rdd_180_29 in memory on 172.18.0.8:41783 (size: 46.0 B, free: 434.0 MiB)
[2025-12-07T20:03:25.168+0000] {subprocess.py:106} INFO - 25/12/07 20:03:25 INFO TaskSetManager: Starting task 34.0 in stage 65.0 (TID 665) (172.18.0.8, executor 0, partition 34, PROCESS_LOCAL, 7356 bytes)
[2025-12-07T20:03:25.168+0000] {subprocess.py:106} INFO - 25/12/07 20:03:25 INFO TaskSetManager: Starting task 35.0 in stage 65.0 (TID 666) (172.18.0.8, executor 0, partition 35, PROCESS_LOCAL, 7356 bytes)
[2025-12-07T20:03:25.169+0000] {subprocess.py:106} INFO - 25/12/07 20:03:25 INFO TaskSetManager: Finished task 17.0 in stage 65.0 (TID 648) in 154 ms on 172.18.0.8 (executor 0) (20/50)
[2025-12-07T20:03:25.170+0000] {subprocess.py:106} INFO - 25/12/07 20:03:25 INFO TaskSetManager: Finished task 18.0 in stage 65.0 (TID 649) in 151 ms on 172.18.0.8 (executor 0) (21/50)
[2025-12-07T20:03:25.171+0000] {subprocess.py:106} INFO - 25/12/07 20:03:25 INFO TaskSetManager: Starting task 36.0 in stage 65.0 (TID 667) (172.18.0.8, executor 0, partition 36, PROCESS_LOCAL, 7356 bytes)
[2025-12-07T20:03:25.172+0000] {subprocess.py:106} INFO - 25/12/07 20:03:25 INFO TaskSetManager: Finished task 21.0 in stage 65.0 (TID 652) in 117 ms on 172.18.0.8 (executor 0) (22/50)
[2025-12-07T20:03:25.175+0000] {subprocess.py:106} INFO - 25/12/07 20:03:25 INFO TaskSetManager: Starting task 37.0 in stage 65.0 (TID 668) (172.18.0.8, executor 0, partition 37, PROCESS_LOCAL, 7356 bytes)
[2025-12-07T20:03:25.177+0000] {subprocess.py:106} INFO - 25/12/07 20:03:25 INFO TaskSetManager: Finished task 19.0 in stage 65.0 (TID 650) in 138 ms on 172.18.0.8 (executor 0) (23/50)
[2025-12-07T20:03:25.179+0000] {subprocess.py:106} INFO - 25/12/07 20:03:25 INFO TaskSetManager: Starting task 38.0 in stage 65.0 (TID 669) (172.18.0.8, executor 0, partition 38, PROCESS_LOCAL, 7356 bytes)
[2025-12-07T20:03:25.184+0000] {subprocess.py:106} INFO - 25/12/07 20:03:25 INFO TaskSetManager: Finished task 22.0 in stage 65.0 (TID 653) in 134 ms on 172.18.0.8 (executor 0) (24/50)
[2025-12-07T20:03:25.188+0000] {subprocess.py:106} INFO - 25/12/07 20:03:25 INFO TaskSetManager: Starting task 39.0 in stage 65.0 (TID 670) (172.18.0.8, executor 0, partition 39, PROCESS_LOCAL, 7356 bytes)
[2025-12-07T20:03:25.190+0000] {subprocess.py:106} INFO - 25/12/07 20:03:25 INFO TaskSetManager: Finished task 25.0 in stage 65.0 (TID 656) in 136 ms on 172.18.0.8 (executor 0) (25/50)
[2025-12-07T20:03:25.191+0000] {subprocess.py:106} INFO - 25/12/07 20:03:25 INFO BlockManagerInfo: Added rdd_180_30 in memory on 172.18.0.8:41783 (size: 46.0 B, free: 434.0 MiB)
[2025-12-07T20:03:25.192+0000] {subprocess.py:106} INFO - 25/12/07 20:03:25 INFO BlockManagerInfo: Added rdd_180_27 in memory on 172.18.0.8:41783 (size: 46.0 B, free: 434.0 MiB)
[2025-12-07T20:03:25.194+0000] {subprocess.py:106} INFO - 25/12/07 20:03:25 INFO TaskSetManager: Starting task 40.0 in stage 65.0 (TID 671) (172.18.0.8, executor 0, partition 40, PROCESS_LOCAL, 7356 bytes)
[2025-12-07T20:03:25.200+0000] {subprocess.py:106} INFO - 25/12/07 20:03:25 INFO TaskSetManager: Starting task 41.0 in stage 65.0 (TID 672) (172.18.0.8, executor 0, partition 41, PROCESS_LOCAL, 7356 bytes)
[2025-12-07T20:03:25.201+0000] {subprocess.py:106} INFO - 25/12/07 20:03:25 INFO TaskSetManager: Finished task 24.0 in stage 65.0 (TID 655) in 141 ms on 172.18.0.8 (executor 0) (26/50)
[2025-12-07T20:03:25.202+0000] {subprocess.py:106} INFO - 25/12/07 20:03:25 INFO TaskSetManager: Starting task 43.0 in stage 65.0 (TID 673) (172.18.0.8, executor 0, partition 43, PROCESS_LOCAL, 7356 bytes)
[2025-12-07T20:03:25.203+0000] {subprocess.py:106} INFO - 25/12/07 20:03:25 INFO BlockManagerInfo: Added rdd_180_28 in memory on 172.18.0.8:41783 (size: 46.0 B, free: 434.0 MiB)
[2025-12-07T20:03:25.204+0000] {subprocess.py:106} INFO - 25/12/07 20:03:25 INFO TaskSetManager: Starting task 44.0 in stage 65.0 (TID 674) (172.18.0.8, executor 0, partition 44, PROCESS_LOCAL, 7356 bytes)
[2025-12-07T20:03:25.205+0000] {subprocess.py:106} INFO - 25/12/07 20:03:25 INFO TaskSetManager: Finished task 23.0 in stage 65.0 (TID 654) in 151 ms on 172.18.0.8 (executor 0) (27/50)
[2025-12-07T20:03:25.206+0000] {subprocess.py:106} INFO - 25/12/07 20:03:25 INFO TaskSetManager: Finished task 29.0 in stage 65.0 (TID 660) in 139 ms on 172.18.0.8 (executor 0) (28/50)
[2025-12-07T20:03:25.207+0000] {subprocess.py:106} INFO - 25/12/07 20:03:25 INFO TaskSetManager: Finished task 26.0 in stage 65.0 (TID 657) in 150 ms on 172.18.0.8 (executor 0) (29/50)
[2025-12-07T20:03:25.233+0000] {subprocess.py:106} INFO - 25/12/07 20:03:25 INFO BlockManagerInfo: Added rdd_180_31 in memory on 172.18.0.8:41783 (size: 46.0 B, free: 434.0 MiB)
[2025-12-07T20:03:25.240+0000] {subprocess.py:106} INFO - 25/12/07 20:03:25 INFO TaskSetManager: Starting task 45.0 in stage 65.0 (TID 675) (172.18.0.8, executor 0, partition 45, PROCESS_LOCAL, 7356 bytes)
[2025-12-07T20:03:25.242+0000] {subprocess.py:106} INFO - 25/12/07 20:03:25 INFO TaskSetManager: Finished task 27.0 in stage 65.0 (TID 658) in 179 ms on 172.18.0.8 (executor 0) (30/50)
[2025-12-07T20:03:25.243+0000] {subprocess.py:106} INFO - 25/12/07 20:03:25 INFO BlockManagerInfo: Added rdd_180_33 in memory on 172.18.0.8:41783 (size: 46.0 B, free: 434.0 MiB)
[2025-12-07T20:03:25.244+0000] {subprocess.py:106} INFO - 25/12/07 20:03:25 INFO BlockManagerInfo: Added rdd_180_32 in memory on 172.18.0.8:41783 (size: 46.0 B, free: 434.0 MiB)
[2025-12-07T20:03:25.245+0000] {subprocess.py:106} INFO - 25/12/07 20:03:25 INFO TaskSetManager: Starting task 46.0 in stage 65.0 (TID 676) (172.18.0.8, executor 0, partition 46, PROCESS_LOCAL, 7356 bytes)
[2025-12-07T20:03:25.246+0000] {subprocess.py:106} INFO - 25/12/07 20:03:25 INFO TaskSetManager: Finished task 30.0 in stage 65.0 (TID 661) in 174 ms on 172.18.0.8 (executor 0) (31/50)
[2025-12-07T20:03:25.259+0000] {subprocess.py:106} INFO - 25/12/07 20:03:25 INFO BlockManagerInfo: Added rdd_180_36 in memory on 172.18.0.8:41783 (size: 46.0 B, free: 434.0 MiB)
[2025-12-07T20:03:25.260+0000] {subprocess.py:106} INFO - 25/12/07 20:03:25 INFO BlockManagerInfo: Added rdd_180_35 in memory on 172.18.0.8:41783 (size: 46.0 B, free: 434.0 MiB)
[2025-12-07T20:03:25.262+0000] {subprocess.py:106} INFO - 25/12/07 20:03:25 INFO BlockManagerInfo: Added rdd_180_34 in memory on 172.18.0.8:41783 (size: 46.0 B, free: 434.0 MiB)
[2025-12-07T20:03:25.263+0000] {subprocess.py:106} INFO - 25/12/07 20:03:25 INFO BlockManagerInfo: Added rdd_180_38 in memory on 172.18.0.8:41783 (size: 46.0 B, free: 434.0 MiB)
[2025-12-07T20:03:25.264+0000] {subprocess.py:106} INFO - 25/12/07 20:03:25 INFO BlockManagerInfo: Added rdd_180_43 in memory on 172.18.0.8:41783 (size: 46.0 B, free: 434.0 MiB)
[2025-12-07T20:03:25.271+0000] {subprocess.py:106} INFO - 25/12/07 20:03:25 INFO TaskSetManager: Starting task 47.0 in stage 65.0 (TID 677) (172.18.0.8, executor 0, partition 47, PROCESS_LOCAL, 7356 bytes)
[2025-12-07T20:03:25.273+0000] {subprocess.py:106} INFO - 25/12/07 20:03:25 INFO TaskSetManager: Finished task 31.0 in stage 65.0 (TID 662) in 116 ms on 172.18.0.8 (executor 0) (32/50)
[2025-12-07T20:03:25.274+0000] {subprocess.py:106} INFO - 25/12/07 20:03:25 INFO TaskSetManager: Finished task 28.0 in stage 65.0 (TID 659) in 205 ms on 172.18.0.8 (executor 0) (33/50)
[2025-12-07T20:03:25.275+0000] {subprocess.py:106} INFO - 25/12/07 20:03:25 INFO TaskSetManager: Starting task 48.0 in stage 65.0 (TID 678) (172.18.0.8, executor 0, partition 48, PROCESS_LOCAL, 7356 bytes)
[2025-12-07T20:03:25.277+0000] {subprocess.py:106} INFO - 25/12/07 20:03:25 INFO BlockManagerInfo: Added rdd_180_37 in memory on 172.18.0.8:41783 (size: 46.0 B, free: 434.0 MiB)
[2025-12-07T20:03:25.279+0000] {subprocess.py:106} INFO - 25/12/07 20:03:25 INFO TaskSetManager: Starting task 49.0 in stage 65.0 (TID 679) (172.18.0.8, executor 0, partition 49, PROCESS_LOCAL, 7356 bytes)
[2025-12-07T20:03:25.281+0000] {subprocess.py:106} INFO - 25/12/07 20:03:25 INFO TaskSetManager: Finished task 33.0 in stage 65.0 (TID 664) in 129 ms on 172.18.0.8 (executor 0) (34/50)
[2025-12-07T20:03:25.292+0000] {subprocess.py:106} INFO - 25/12/07 20:03:25 INFO TaskSetManager: Finished task 32.0 in stage 65.0 (TID 663) in 141 ms on 172.18.0.8 (executor 0) (35/50)
[2025-12-07T20:03:25.294+0000] {subprocess.py:106} INFO - 25/12/07 20:03:25 INFO BlockManagerInfo: Added rdd_180_39 in memory on 172.18.0.8:41783 (size: 46.0 B, free: 434.0 MiB)
[2025-12-07T20:03:25.302+0000] {subprocess.py:106} INFO - 25/12/07 20:03:25 INFO TaskSetManager: Finished task 43.0 in stage 65.0 (TID 673) in 103 ms on 172.18.0.8 (executor 0) (36/50)
[2025-12-07T20:03:25.308+0000] {subprocess.py:106} INFO - 25/12/07 20:03:25 INFO TaskSetManager: Finished task 35.0 in stage 65.0 (TID 666) in 139 ms on 172.18.0.8 (executor 0) (37/50)
[2025-12-07T20:03:25.311+0000] {subprocess.py:106} INFO - 25/12/07 20:03:25 INFO BlockManagerInfo: Added rdd_180_41 in memory on 172.18.0.8:41783 (size: 46.0 B, free: 434.0 MiB)
[2025-12-07T20:03:25.312+0000] {subprocess.py:106} INFO - 25/12/07 20:03:25 INFO BlockManagerInfo: Added rdd_180_44 in memory on 172.18.0.8:41783 (size: 46.0 B, free: 434.0 MiB)
[2025-12-07T20:03:25.313+0000] {subprocess.py:106} INFO - 25/12/07 20:03:25 INFO TaskSetManager: Finished task 38.0 in stage 65.0 (TID 669) in 130 ms on 172.18.0.8 (executor 0) (38/50)
[2025-12-07T20:03:25.315+0000] {subprocess.py:106} INFO - 25/12/07 20:03:25 INFO TaskSetManager: Finished task 34.0 in stage 65.0 (TID 665) in 154 ms on 172.18.0.8 (executor 0) (39/50)
[2025-12-07T20:03:25.315+0000] {subprocess.py:106} INFO - 25/12/07 20:03:25 INFO TaskSetManager: Finished task 36.0 in stage 65.0 (TID 667) in 150 ms on 172.18.0.8 (executor 0) (40/50)
[2025-12-07T20:03:25.316+0000] {subprocess.py:106} INFO - 25/12/07 20:03:25 INFO TaskSetManager: Finished task 37.0 in stage 65.0 (TID 668) in 139 ms on 172.18.0.8 (executor 0) (41/50)
[2025-12-07T20:03:25.326+0000] {subprocess.py:106} INFO - 25/12/07 20:03:25 INFO BlockManagerInfo: Added rdd_180_40 in memory on 172.18.0.8:41783 (size: 46.0 B, free: 434.0 MiB)
[2025-12-07T20:03:25.332+0000] {subprocess.py:106} INFO - 25/12/07 20:03:25 INFO TaskSetManager: Finished task 39.0 in stage 65.0 (TID 670) in 144 ms on 172.18.0.8 (executor 0) (42/50)
[2025-12-07T20:03:25.335+0000] {subprocess.py:106} INFO - 25/12/07 20:03:25 INFO BlockManagerInfo: Added rdd_180_45 in memory on 172.18.0.8:41783 (size: 46.0 B, free: 434.0 MiB)
[2025-12-07T20:03:25.338+0000] {subprocess.py:106} INFO - 25/12/07 20:03:25 INFO TaskSetManager: Finished task 44.0 in stage 65.0 (TID 674) in 145 ms on 172.18.0.8 (executor 0) (43/50)
[2025-12-07T20:03:25.340+0000] {subprocess.py:106} INFO - 25/12/07 20:03:25 INFO TaskSetManager: Finished task 41.0 in stage 65.0 (TID 672) in 148 ms on 172.18.0.8 (executor 0) (44/50)
[2025-12-07T20:03:25.342+0000] {subprocess.py:106} INFO - 25/12/07 20:03:25 INFO BlockManagerInfo: Added rdd_180_47 in memory on 172.18.0.8:41783 (size: 46.0 B, free: 434.0 MiB)
[2025-12-07T20:03:25.347+0000] {subprocess.py:106} INFO - 25/12/07 20:03:25 INFO BlockManagerInfo: Added rdd_180_46 in memory on 172.18.0.8:41783 (size: 46.0 B, free: 434.0 MiB)
[2025-12-07T20:03:25.351+0000] {subprocess.py:106} INFO - 25/12/07 20:03:25 INFO TaskSetManager: Finished task 40.0 in stage 65.0 (TID 671) in 160 ms on 172.18.0.8 (executor 0) (45/50)
[2025-12-07T20:03:25.365+0000] {subprocess.py:106} INFO - 25/12/07 20:03:25 INFO BlockManagerInfo: Added rdd_180_49 in memory on 172.18.0.8:41783 (size: 46.0 B, free: 434.0 MiB)
[2025-12-07T20:03:25.367+0000] {subprocess.py:106} INFO - 25/12/07 20:03:25 INFO TaskSetManager: Finished task 45.0 in stage 65.0 (TID 675) in 128 ms on 172.18.0.8 (executor 0) (46/50)
[2025-12-07T20:03:25.368+0000] {subprocess.py:106} INFO - 25/12/07 20:03:25 INFO BlockManagerInfo: Added rdd_180_48 in memory on 172.18.0.8:41783 (size: 46.0 B, free: 434.0 MiB)
[2025-12-07T20:03:25.372+0000] {subprocess.py:106} INFO - 25/12/07 20:03:25 INFO TaskSetManager: Finished task 47.0 in stage 65.0 (TID 677) in 110 ms on 172.18.0.8 (executor 0) (47/50)
[2025-12-07T20:03:25.381+0000] {subprocess.py:106} INFO - 25/12/07 20:03:25 INFO TaskSetManager: Finished task 46.0 in stage 65.0 (TID 676) in 136 ms on 172.18.0.8 (executor 0) (48/50)
[2025-12-07T20:03:25.398+0000] {subprocess.py:106} INFO - 25/12/07 20:03:25 INFO TaskSetManager: Finished task 49.0 in stage 65.0 (TID 679) in 121 ms on 172.18.0.8 (executor 0) (49/50)
[2025-12-07T20:03:25.409+0000] {subprocess.py:106} INFO - 25/12/07 20:03:25 INFO TaskSetManager: Finished task 48.0 in stage 65.0 (TID 678) in 146 ms on 172.18.0.8 (executor 0) (50/50)
[2025-12-07T20:03:25.410+0000] {subprocess.py:106} INFO - 25/12/07 20:03:25 INFO TaskSchedulerImpl: Removed TaskSet 65.0, whose tasks have all completed, from pool
[2025-12-07T20:03:25.411+0000] {subprocess.py:106} INFO - 25/12/07 20:03:25 INFO DAGScheduler: ShuffleMapStage 65 ($anonfun$recordDeltaOperationInternal$1 at DatabricksLogging.scala:128) finished in 0.566 s
[2025-12-07T20:03:25.412+0000] {subprocess.py:106} INFO - 25/12/07 20:03:25 INFO DAGScheduler: looking for newly runnable stages
[2025-12-07T20:03:25.412+0000] {subprocess.py:106} INFO - 25/12/07 20:03:25 INFO DAGScheduler: running: Set()
[2025-12-07T20:03:25.413+0000] {subprocess.py:106} INFO - 25/12/07 20:03:25 INFO DAGScheduler: waiting: Set()
[2025-12-07T20:03:25.414+0000] {subprocess.py:106} INFO - 25/12/07 20:03:25 INFO DAGScheduler: failed: Set()
[2025-12-07T20:03:25.434+0000] {subprocess.py:106} INFO - 25/12/07 20:03:25 INFO SparkContext: Starting job: $anonfun$recordDeltaOperationInternal$1 at DatabricksLogging.scala:128
[2025-12-07T20:03:25.435+0000] {subprocess.py:106} INFO - 25/12/07 20:03:25 INFO DAGScheduler: Got job 39 ($anonfun$recordDeltaOperationInternal$1 at DatabricksLogging.scala:128) with 1 output partitions
[2025-12-07T20:03:25.436+0000] {subprocess.py:106} INFO - 25/12/07 20:03:25 INFO DAGScheduler: Final stage: ResultStage 68 ($anonfun$recordDeltaOperationInternal$1 at DatabricksLogging.scala:128)
[2025-12-07T20:03:25.437+0000] {subprocess.py:106} INFO - 25/12/07 20:03:25 INFO DAGScheduler: Parents of final stage: List(ShuffleMapStage 67)
[2025-12-07T20:03:25.437+0000] {subprocess.py:106} INFO - 25/12/07 20:03:25 INFO DAGScheduler: Missing parents: List()
[2025-12-07T20:03:25.438+0000] {subprocess.py:106} INFO - 25/12/07 20:03:25 INFO DAGScheduler: Submitting ResultStage 68 (MapPartitionsRDD[186] at $anonfun$recordDeltaOperationInternal$1 at DatabricksLogging.scala:128), which has no missing parents
[2025-12-07T20:03:25.441+0000] {subprocess.py:106} INFO - 25/12/07 20:03:25 INFO MemoryStore: Block broadcast_66 stored as values in memory (estimated size 452.3 KiB, free 430.2 MiB)
[2025-12-07T20:03:25.443+0000] {subprocess.py:106} INFO - 25/12/07 20:03:25 INFO MemoryStore: Block broadcast_66_piece0 stored as bytes in memory (estimated size 108.1 KiB, free 430.1 MiB)
[2025-12-07T20:03:25.444+0000] {subprocess.py:106} INFO - 25/12/07 20:03:25 INFO BlockManagerInfo: Added broadcast_66_piece0 in memory on 13f196131dae:36513 (size: 108.1 KiB, free: 433.7 MiB)
[2025-12-07T20:03:25.444+0000] {subprocess.py:106} INFO - 25/12/07 20:03:25 INFO SparkContext: Created broadcast 66 from broadcast at DAGScheduler.scala:1535
[2025-12-07T20:03:25.451+0000] {subprocess.py:106} INFO - 25/12/07 20:03:25 INFO DAGScheduler: Submitting 1 missing tasks from ResultStage 68 (MapPartitionsRDD[186] at $anonfun$recordDeltaOperationInternal$1 at DatabricksLogging.scala:128) (first 15 tasks are for partitions Vector(0))
[2025-12-07T20:03:25.452+0000] {subprocess.py:106} INFO - 25/12/07 20:03:25 INFO TaskSchedulerImpl: Adding task set 68.0 with 1 tasks resource profile 0
[2025-12-07T20:03:25.453+0000] {subprocess.py:106} INFO - 25/12/07 20:03:25 INFO TaskSetManager: Starting task 0.0 in stage 68.0 (TID 680) (172.18.0.8, executor 0, partition 0, NODE_LOCAL, 7367 bytes)
[2025-12-07T20:03:25.460+0000] {subprocess.py:106} INFO - 25/12/07 20:03:25 INFO BlockManagerInfo: Added broadcast_66_piece0 in memory on 172.18.0.8:41783 (size: 108.1 KiB, free: 433.9 MiB)
[2025-12-07T20:03:25.468+0000] {subprocess.py:106} INFO - 25/12/07 20:03:25 INFO MapOutputTrackerMasterEndpoint: Asked to send map output locations for shuffle 15 to 172.18.0.8:33606
[2025-12-07T20:03:25.492+0000] {subprocess.py:106} INFO - 25/12/07 20:03:25 INFO TaskSetManager: Finished task 0.0 in stage 68.0 (TID 680) in 39 ms on 172.18.0.8 (executor 0) (1/1)
[2025-12-07T20:03:25.493+0000] {subprocess.py:106} INFO - 25/12/07 20:03:25 INFO TaskSchedulerImpl: Removed TaskSet 68.0, whose tasks have all completed, from pool
[2025-12-07T20:03:25.494+0000] {subprocess.py:106} INFO - 25/12/07 20:03:25 INFO DAGScheduler: ResultStage 68 ($anonfun$recordDeltaOperationInternal$1 at DatabricksLogging.scala:128) finished in 0.056 s
[2025-12-07T20:03:25.494+0000] {subprocess.py:106} INFO - 25/12/07 20:03:25 INFO DAGScheduler: Job 39 is finished. Cancelling potential speculative or zombie tasks for this job
[2025-12-07T20:03:25.495+0000] {subprocess.py:106} INFO - 25/12/07 20:03:25 INFO TaskSchedulerImpl: Killing all running tasks in stage 68: Stage finished
[2025-12-07T20:03:25.495+0000] {subprocess.py:106} INFO - 25/12/07 20:03:25 INFO DAGScheduler: Job 39 finished: $anonfun$recordDeltaOperationInternal$1 at DatabricksLogging.scala:128, took 0.059743 s
[2025-12-07T20:03:25.504+0000] {subprocess.py:106} INFO - 25/12/07 20:03:25 INFO Snapshot: [tableId=71c79032-289f-4322-a439-f1feed9c8fd3] DELTA: Done
[2025-12-07T20:03:25.578+0000] {subprocess.py:106} INFO - 25/12/07 20:03:25 INFO BlockManagerInfo: Removed broadcast_66_piece0 on 13f196131dae:36513 in memory (size: 108.1 KiB, free: 433.8 MiB)
[2025-12-07T20:03:25.579+0000] {subprocess.py:106} INFO - 25/12/07 20:03:25 INFO BlockManagerInfo: Removed broadcast_66_piece0 on 172.18.0.8:41783 in memory (size: 108.1 KiB, free: 434.0 MiB)
[2025-12-07T20:03:25.584+0000] {subprocess.py:106} INFO - 25/12/07 20:03:25 INFO BlockManagerInfo: Removed broadcast_65_piece0 on 13f196131dae:36513 in memory (size: 123.3 KiB, free: 433.9 MiB)
[2025-12-07T20:03:25.585+0000] {subprocess.py:106} INFO - 25/12/07 20:03:25 INFO BlockManagerInfo: Removed broadcast_65_piece0 on 172.18.0.8:41783 in memory (size: 123.3 KiB, free: 434.1 MiB)
[2025-12-07T20:03:25.609+0000] {subprocess.py:106} INFO - 25/12/07 20:03:25 INFO SparkContext: Starting job: $anonfun$recordDeltaOperationInternal$1 at DatabricksLogging.scala:128
[2025-12-07T20:03:25.610+0000] {subprocess.py:106} INFO - 25/12/07 20:03:25 INFO DAGScheduler: Got job 40 ($anonfun$recordDeltaOperationInternal$1 at DatabricksLogging.scala:128) with 50 output partitions
[2025-12-07T20:03:25.610+0000] {subprocess.py:106} INFO - 25/12/07 20:03:25 INFO DAGScheduler: Final stage: ResultStage 70 ($anonfun$recordDeltaOperationInternal$1 at DatabricksLogging.scala:128)
[2025-12-07T20:03:25.611+0000] {subprocess.py:106} INFO - 25/12/07 20:03:25 INFO DAGScheduler: Parents of final stage: List(ShuffleMapStage 69)
[2025-12-07T20:03:25.611+0000] {subprocess.py:106} INFO - 25/12/07 20:03:25 INFO DAGScheduler: Missing parents: List()
[2025-12-07T20:03:25.612+0000] {subprocess.py:106} INFO - 25/12/07 20:03:25 INFO DAGScheduler: Submitting ResultStage 70 (MapPartitionsRDD[188] at $anonfun$recordDeltaOperationInternal$1 at DatabricksLogging.scala:128), which has no missing parents
[2025-12-07T20:03:25.616+0000] {subprocess.py:106} INFO - 25/12/07 20:03:25 INFO MemoryStore: Block broadcast_67 stored as values in memory (estimated size 592.2 KiB, free 430.7 MiB)
[2025-12-07T20:03:25.618+0000] {subprocess.py:106} INFO - 25/12/07 20:03:25 INFO MemoryStore: Block broadcast_67_piece0 stored as bytes in memory (estimated size 138.5 KiB, free 430.5 MiB)
[2025-12-07T20:03:25.619+0000] {subprocess.py:106} INFO - 25/12/07 20:03:25 INFO BlockManagerInfo: Added broadcast_67_piece0 in memory on 13f196131dae:36513 (size: 138.5 KiB, free: 433.8 MiB)
[2025-12-07T20:03:25.620+0000] {subprocess.py:106} INFO - 25/12/07 20:03:25 INFO SparkContext: Created broadcast 67 from broadcast at DAGScheduler.scala:1535
[2025-12-07T20:03:25.621+0000] {subprocess.py:106} INFO - 25/12/07 20:03:25 INFO DAGScheduler: Submitting 50 missing tasks from ResultStage 70 (MapPartitionsRDD[188] at $anonfun$recordDeltaOperationInternal$1 at DatabricksLogging.scala:128) (first 15 tasks are for partitions Vector(0, 1, 2, 3, 4, 5, 6, 7, 8, 9, 10, 11, 12, 13, 14))
[2025-12-07T20:03:25.621+0000] {subprocess.py:106} INFO - 25/12/07 20:03:25 INFO TaskSchedulerImpl: Adding task set 70.0 with 50 tasks resource profile 0
[2025-12-07T20:03:25.622+0000] {subprocess.py:106} INFO - 25/12/07 20:03:25 INFO TaskSetManager: Starting task 0.0 in stage 70.0 (TID 681) (172.18.0.8, executor 0, partition 0, PROCESS_LOCAL, 7367 bytes)
[2025-12-07T20:03:25.623+0000] {subprocess.py:106} INFO - 25/12/07 20:03:25 INFO TaskSetManager: Starting task 1.0 in stage 70.0 (TID 682) (172.18.0.8, executor 0, partition 1, PROCESS_LOCAL, 7367 bytes)
[2025-12-07T20:03:25.624+0000] {subprocess.py:106} INFO - 25/12/07 20:03:25 INFO TaskSetManager: Starting task 2.0 in stage 70.0 (TID 683) (172.18.0.8, executor 0, partition 2, PROCESS_LOCAL, 7367 bytes)
[2025-12-07T20:03:25.624+0000] {subprocess.py:106} INFO - 25/12/07 20:03:25 INFO TaskSetManager: Starting task 3.0 in stage 70.0 (TID 684) (172.18.0.8, executor 0, partition 3, PROCESS_LOCAL, 7367 bytes)
[2025-12-07T20:03:25.626+0000] {subprocess.py:106} INFO - 25/12/07 20:03:25 INFO TaskSetManager: Starting task 4.0 in stage 70.0 (TID 685) (172.18.0.8, executor 0, partition 4, PROCESS_LOCAL, 7367 bytes)
[2025-12-07T20:03:25.628+0000] {subprocess.py:106} INFO - 25/12/07 20:03:25 INFO TaskSetManager: Starting task 5.0 in stage 70.0 (TID 686) (172.18.0.8, executor 0, partition 5, PROCESS_LOCAL, 7367 bytes)
[2025-12-07T20:03:25.629+0000] {subprocess.py:106} INFO - 25/12/07 20:03:25 INFO TaskSetManager: Starting task 6.0 in stage 70.0 (TID 687) (172.18.0.8, executor 0, partition 6, PROCESS_LOCAL, 7367 bytes)
[2025-12-07T20:03:25.630+0000] {subprocess.py:106} INFO - 25/12/07 20:03:25 INFO TaskSetManager: Starting task 7.0 in stage 70.0 (TID 688) (172.18.0.8, executor 0, partition 7, PROCESS_LOCAL, 7367 bytes)
[2025-12-07T20:03:25.631+0000] {subprocess.py:106} INFO - 25/12/07 20:03:25 INFO TaskSetManager: Starting task 8.0 in stage 70.0 (TID 689) (172.18.0.8, executor 0, partition 8, PROCESS_LOCAL, 7367 bytes)
[2025-12-07T20:03:25.633+0000] {subprocess.py:106} INFO - 25/12/07 20:03:25 INFO TaskSetManager: Starting task 9.0 in stage 70.0 (TID 690) (172.18.0.8, executor 0, partition 9, PROCESS_LOCAL, 7367 bytes)
[2025-12-07T20:03:25.633+0000] {subprocess.py:106} INFO - 25/12/07 20:03:25 INFO TaskSetManager: Starting task 10.0 in stage 70.0 (TID 691) (172.18.0.8, executor 0, partition 10, PROCESS_LOCAL, 7367 bytes)
[2025-12-07T20:03:25.634+0000] {subprocess.py:106} INFO - 25/12/07 20:03:25 INFO TaskSetManager: Starting task 11.0 in stage 70.0 (TID 692) (172.18.0.8, executor 0, partition 11, PROCESS_LOCAL, 7367 bytes)
[2025-12-07T20:03:25.635+0000] {subprocess.py:106} INFO - 25/12/07 20:03:25 INFO TaskSetManager: Starting task 12.0 in stage 70.0 (TID 693) (172.18.0.8, executor 0, partition 12, PROCESS_LOCAL, 7367 bytes)
[2025-12-07T20:03:25.635+0000] {subprocess.py:106} INFO - 25/12/07 20:03:25 INFO TaskSetManager: Starting task 13.0 in stage 70.0 (TID 694) (172.18.0.8, executor 0, partition 13, PROCESS_LOCAL, 7367 bytes)
[2025-12-07T20:03:25.636+0000] {subprocess.py:106} INFO - 25/12/07 20:03:25 INFO TaskSetManager: Starting task 14.0 in stage 70.0 (TID 695) (172.18.0.8, executor 0, partition 14, PROCESS_LOCAL, 7367 bytes)
[2025-12-07T20:03:25.637+0000] {subprocess.py:106} INFO - 25/12/07 20:03:25 INFO TaskSetManager: Starting task 15.0 in stage 70.0 (TID 696) (172.18.0.8, executor 0, partition 15, PROCESS_LOCAL, 7367 bytes)
[2025-12-07T20:03:25.637+0000] {subprocess.py:106} INFO - 25/12/07 20:03:25 INFO BlockManagerInfo: Added broadcast_67_piece0 in memory on 172.18.0.8:41783 (size: 138.5 KiB, free: 434.0 MiB)
[2025-12-07T20:03:25.655+0000] {subprocess.py:106} INFO - 25/12/07 20:03:25 INFO TaskSetManager: Starting task 16.0 in stage 70.0 (TID 697) (172.18.0.8, executor 0, partition 16, PROCESS_LOCAL, 7367 bytes)
[2025-12-07T20:03:25.660+0000] {subprocess.py:106} INFO - 25/12/07 20:03:25 INFO TaskSetManager: Starting task 17.0 in stage 70.0 (TID 698) (172.18.0.8, executor 0, partition 17, PROCESS_LOCAL, 7367 bytes)
[2025-12-07T20:03:25.661+0000] {subprocess.py:106} INFO - 25/12/07 20:03:25 INFO TaskSetManager: Starting task 18.0 in stage 70.0 (TID 699) (172.18.0.8, executor 0, partition 18, PROCESS_LOCAL, 7367 bytes)
[2025-12-07T20:03:25.663+0000] {subprocess.py:106} INFO - 25/12/07 20:03:25 INFO TaskSetManager: Starting task 19.0 in stage 70.0 (TID 700) (172.18.0.8, executor 0, partition 19, PROCESS_LOCAL, 7367 bytes)
[2025-12-07T20:03:25.664+0000] {subprocess.py:106} INFO - 25/12/07 20:03:25 INFO TaskSetManager: Starting task 20.0 in stage 70.0 (TID 701) (172.18.0.8, executor 0, partition 20, PROCESS_LOCAL, 7367 bytes)
[2025-12-07T20:03:25.666+0000] {subprocess.py:106} INFO - 25/12/07 20:03:25 INFO TaskSetManager: Finished task 0.0 in stage 70.0 (TID 681) in 35 ms on 172.18.0.8 (executor 0) (1/50)
[2025-12-07T20:03:25.671+0000] {subprocess.py:106} INFO - 25/12/07 20:03:25 INFO TaskSetManager: Finished task 1.0 in stage 70.0 (TID 682) in 35 ms on 172.18.0.8 (executor 0) (2/50)
[2025-12-07T20:03:25.674+0000] {subprocess.py:106} INFO - 25/12/07 20:03:25 INFO TaskSetManager: Finished task 13.0 in stage 70.0 (TID 694) in 32 ms on 172.18.0.8 (executor 0) (3/50)
[2025-12-07T20:03:25.676+0000] {subprocess.py:106} INFO - 25/12/07 20:03:25 INFO TaskSetManager: Finished task 8.0 in stage 70.0 (TID 689) in 34 ms on 172.18.0.8 (executor 0) (4/50)
[2025-12-07T20:03:25.678+0000] {subprocess.py:106} INFO - 25/12/07 20:03:25 INFO TaskSetManager: Finished task 5.0 in stage 70.0 (TID 686) in 34 ms on 172.18.0.8 (executor 0) (5/50)
[2025-12-07T20:03:25.680+0000] {subprocess.py:106} INFO - 25/12/07 20:03:25 INFO TaskSetManager: Starting task 21.0 in stage 70.0 (TID 702) (172.18.0.8, executor 0, partition 21, PROCESS_LOCAL, 7367 bytes)
[2025-12-07T20:03:25.682+0000] {subprocess.py:106} INFO - 25/12/07 20:03:25 INFO TaskSetManager: Starting task 22.0 in stage 70.0 (TID 703) (172.18.0.8, executor 0, partition 22, PROCESS_LOCAL, 7367 bytes)
[2025-12-07T20:03:25.684+0000] {subprocess.py:106} INFO - 25/12/07 20:03:25 INFO TaskSetManager: Starting task 23.0 in stage 70.0 (TID 704) (172.18.0.8, executor 0, partition 23, PROCESS_LOCAL, 7367 bytes)
[2025-12-07T20:03:25.688+0000] {subprocess.py:106} INFO - 25/12/07 20:03:25 INFO TaskSetManager: Starting task 24.0 in stage 70.0 (TID 705) (172.18.0.8, executor 0, partition 24, PROCESS_LOCAL, 7367 bytes)
[2025-12-07T20:03:25.689+0000] {subprocess.py:106} INFO - 25/12/07 20:03:25 INFO TaskSetManager: Starting task 25.0 in stage 70.0 (TID 706) (172.18.0.8, executor 0, partition 25, PROCESS_LOCAL, 7367 bytes)
[2025-12-07T20:03:25.690+0000] {subprocess.py:106} INFO - 25/12/07 20:03:25 INFO TaskSetManager: Starting task 26.0 in stage 70.0 (TID 707) (172.18.0.8, executor 0, partition 26, PROCESS_LOCAL, 7367 bytes)
[2025-12-07T20:03:25.691+0000] {subprocess.py:106} INFO - 25/12/07 20:03:25 INFO TaskSetManager: Starting task 27.0 in stage 70.0 (TID 708) (172.18.0.8, executor 0, partition 27, PROCESS_LOCAL, 7367 bytes)
[2025-12-07T20:03:25.691+0000] {subprocess.py:106} INFO - 25/12/07 20:03:25 INFO TaskSetManager: Starting task 28.0 in stage 70.0 (TID 709) (172.18.0.8, executor 0, partition 28, PROCESS_LOCAL, 7367 bytes)
[2025-12-07T20:03:25.692+0000] {subprocess.py:106} INFO - 25/12/07 20:03:25 INFO TaskSetManager: Starting task 29.0 in stage 70.0 (TID 710) (172.18.0.8, executor 0, partition 29, PROCESS_LOCAL, 7367 bytes)
[2025-12-07T20:03:25.693+0000] {subprocess.py:106} INFO - 25/12/07 20:03:25 INFO TaskSetManager: Finished task 11.0 in stage 70.0 (TID 692) in 42 ms on 172.18.0.8 (executor 0) (6/50)
[2025-12-07T20:03:25.694+0000] {subprocess.py:106} INFO - 25/12/07 20:03:25 INFO TaskSetManager: Starting task 30.0 in stage 70.0 (TID 711) (172.18.0.8, executor 0, partition 30, PROCESS_LOCAL, 7367 bytes)
[2025-12-07T20:03:25.694+0000] {subprocess.py:106} INFO - 25/12/07 20:03:25 INFO TaskSetManager: Finished task 4.0 in stage 70.0 (TID 685) in 44 ms on 172.18.0.8 (executor 0) (7/50)
[2025-12-07T20:03:25.695+0000] {subprocess.py:106} INFO - 25/12/07 20:03:25 INFO TaskSetManager: Finished task 15.0 in stage 70.0 (TID 696) in 43 ms on 172.18.0.8 (executor 0) (8/50)
[2025-12-07T20:03:25.696+0000] {subprocess.py:106} INFO - 25/12/07 20:03:25 INFO TaskSetManager: Finished task 7.0 in stage 70.0 (TID 688) in 48 ms on 172.18.0.8 (executor 0) (9/50)
[2025-12-07T20:03:25.696+0000] {subprocess.py:106} INFO - 25/12/07 20:03:25 INFO TaskSetManager: Finished task 6.0 in stage 70.0 (TID 687) in 49 ms on 172.18.0.8 (executor 0) (10/50)
[2025-12-07T20:03:25.697+0000] {subprocess.py:106} INFO - 25/12/07 20:03:25 INFO TaskSetManager: Finished task 9.0 in stage 70.0 (TID 690) in 50 ms on 172.18.0.8 (executor 0) (11/50)
[2025-12-07T20:03:25.697+0000] {subprocess.py:106} INFO - 25/12/07 20:03:25 INFO TaskSetManager: Finished task 2.0 in stage 70.0 (TID 683) in 52 ms on 172.18.0.8 (executor 0) (12/50)
[2025-12-07T20:03:25.698+0000] {subprocess.py:106} INFO - 25/12/07 20:03:25 INFO TaskSetManager: Finished task 12.0 in stage 70.0 (TID 693) in 50 ms on 172.18.0.8 (executor 0) (13/50)
[2025-12-07T20:03:25.699+0000] {subprocess.py:106} INFO - 25/12/07 20:03:25 INFO TaskSetManager: Finished task 14.0 in stage 70.0 (TID 695) in 49 ms on 172.18.0.8 (executor 0) (14/50)
[2025-12-07T20:03:25.700+0000] {subprocess.py:106} INFO - 25/12/07 20:03:25 INFO TaskSetManager: Finished task 10.0 in stage 70.0 (TID 691) in 52 ms on 172.18.0.8 (executor 0) (15/50)
[2025-12-07T20:03:25.700+0000] {subprocess.py:106} INFO - 25/12/07 20:03:25 INFO TaskSetManager: Starting task 31.0 in stage 70.0 (TID 712) (172.18.0.8, executor 0, partition 31, PROCESS_LOCAL, 7367 bytes)
[2025-12-07T20:03:25.701+0000] {subprocess.py:106} INFO - 25/12/07 20:03:25 INFO TaskSetManager: Finished task 3.0 in stage 70.0 (TID 684) in 56 ms on 172.18.0.8 (executor 0) (16/50)
[2025-12-07T20:03:25.702+0000] {subprocess.py:106} INFO - 25/12/07 20:03:25 INFO TaskSetManager: Starting task 32.0 in stage 70.0 (TID 713) (172.18.0.8, executor 0, partition 32, PROCESS_LOCAL, 7367 bytes)
[2025-12-07T20:03:25.703+0000] {subprocess.py:106} INFO - 25/12/07 20:03:25 INFO TaskSetManager: Finished task 17.0 in stage 70.0 (TID 698) in 29 ms on 172.18.0.8 (executor 0) (17/50)
[2025-12-07T20:03:25.705+0000] {subprocess.py:106} INFO - 25/12/07 20:03:25 INFO TaskSetManager: Starting task 33.0 in stage 70.0 (TID 714) (172.18.0.8, executor 0, partition 33, PROCESS_LOCAL, 7367 bytes)
[2025-12-07T20:03:25.708+0000] {subprocess.py:106} INFO - 25/12/07 20:03:25 INFO TaskSetManager: Starting task 34.0 in stage 70.0 (TID 715) (172.18.0.8, executor 0, partition 34, PROCESS_LOCAL, 7367 bytes)
[2025-12-07T20:03:25.710+0000] {subprocess.py:106} INFO - 25/12/07 20:03:25 INFO TaskSetManager: Starting task 35.0 in stage 70.0 (TID 716) (172.18.0.8, executor 0, partition 35, PROCESS_LOCAL, 7367 bytes)
[2025-12-07T20:03:25.711+0000] {subprocess.py:106} INFO - 25/12/07 20:03:25 INFO TaskSetManager: Starting task 36.0 in stage 70.0 (TID 717) (172.18.0.8, executor 0, partition 36, PROCESS_LOCAL, 7367 bytes)
[2025-12-07T20:03:25.712+0000] {subprocess.py:106} INFO - 25/12/07 20:03:25 INFO TaskSetManager: Starting task 37.0 in stage 70.0 (TID 718) (172.18.0.8, executor 0, partition 37, PROCESS_LOCAL, 7367 bytes)
[2025-12-07T20:03:25.713+0000] {subprocess.py:106} INFO - 25/12/07 20:03:25 INFO TaskSetManager: Finished task 21.0 in stage 70.0 (TID 702) in 30 ms on 172.18.0.8 (executor 0) (18/50)
[2025-12-07T20:03:25.715+0000] {subprocess.py:106} INFO - 25/12/07 20:03:25 INFO TaskSetManager: Finished task 16.0 in stage 70.0 (TID 697) in 35 ms on 172.18.0.8 (executor 0) (19/50)
[2025-12-07T20:03:25.716+0000] {subprocess.py:106} INFO - 25/12/07 20:03:25 INFO TaskSetManager: Finished task 20.0 in stage 70.0 (TID 701) in 32 ms on 172.18.0.8 (executor 0) (20/50)
[2025-12-07T20:03:25.717+0000] {subprocess.py:106} INFO - 25/12/07 20:03:25 INFO TaskSetManager: Finished task 18.0 in stage 70.0 (TID 699) in 34 ms on 172.18.0.8 (executor 0) (21/50)
[2025-12-07T20:03:25.723+0000] {subprocess.py:106} INFO - 25/12/07 20:03:25 INFO TaskSetManager: Finished task 19.0 in stage 70.0 (TID 700) in 34 ms on 172.18.0.8 (executor 0) (22/50)
[2025-12-07T20:03:25.726+0000] {subprocess.py:106} INFO - 25/12/07 20:03:25 INFO TaskSetManager: Starting task 38.0 in stage 70.0 (TID 719) (172.18.0.8, executor 0, partition 38, PROCESS_LOCAL, 7367 bytes)
[2025-12-07T20:03:25.727+0000] {subprocess.py:106} INFO - 25/12/07 20:03:25 INFO TaskSetManager: Starting task 39.0 in stage 70.0 (TID 720) (172.18.0.8, executor 0, partition 39, PROCESS_LOCAL, 7367 bytes)
[2025-12-07T20:03:25.728+0000] {subprocess.py:106} INFO - 25/12/07 20:03:25 INFO TaskSetManager: Starting task 40.0 in stage 70.0 (TID 721) (172.18.0.8, executor 0, partition 40, PROCESS_LOCAL, 7367 bytes)
[2025-12-07T20:03:25.730+0000] {subprocess.py:106} INFO - 25/12/07 20:03:25 INFO TaskSetManager: Starting task 41.0 in stage 70.0 (TID 722) (172.18.0.8, executor 0, partition 41, PROCESS_LOCAL, 7367 bytes)
[2025-12-07T20:03:25.731+0000] {subprocess.py:106} INFO - 25/12/07 20:03:25 INFO TaskSetManager: Starting task 42.0 in stage 70.0 (TID 723) (172.18.0.8, executor 0, partition 42, PROCESS_LOCAL, 7367 bytes)
[2025-12-07T20:03:25.733+0000] {subprocess.py:106} INFO - 25/12/07 20:03:25 INFO TaskSetManager: Starting task 43.0 in stage 70.0 (TID 724) (172.18.0.8, executor 0, partition 43, PROCESS_LOCAL, 7367 bytes)
[2025-12-07T20:03:25.734+0000] {subprocess.py:106} INFO - 25/12/07 20:03:25 INFO TaskSetManager: Finished task 22.0 in stage 70.0 (TID 703) in 49 ms on 172.18.0.8 (executor 0) (23/50)
[2025-12-07T20:03:25.735+0000] {subprocess.py:106} INFO - 25/12/07 20:03:25 INFO TaskSetManager: Finished task 25.0 in stage 70.0 (TID 706) in 48 ms on 172.18.0.8 (executor 0) (24/50)
[2025-12-07T20:03:25.736+0000] {subprocess.py:106} INFO - 25/12/07 20:03:25 INFO TaskSetManager: Finished task 26.0 in stage 70.0 (TID 707) in 47 ms on 172.18.0.8 (executor 0) (25/50)
[2025-12-07T20:03:25.736+0000] {subprocess.py:106} INFO - 25/12/07 20:03:25 INFO TaskSetManager: Finished task 30.0 in stage 70.0 (TID 711) in 44 ms on 172.18.0.8 (executor 0) (26/50)
[2025-12-07T20:03:25.737+0000] {subprocess.py:106} INFO - 25/12/07 20:03:25 INFO TaskSetManager: Finished task 23.0 in stage 70.0 (TID 704) in 51 ms on 172.18.0.8 (executor 0) (27/50)
[2025-12-07T20:03:25.738+0000] {subprocess.py:106} INFO - 25/12/07 20:03:25 INFO TaskSetManager: Finished task 24.0 in stage 70.0 (TID 705) in 52 ms on 172.18.0.8 (executor 0) (28/50)
[2025-12-07T20:03:25.738+0000] {subprocess.py:106} INFO - 25/12/07 20:03:25 INFO TaskSetManager: Starting task 44.0 in stage 70.0 (TID 725) (172.18.0.8, executor 0, partition 44, PROCESS_LOCAL, 7367 bytes)
[2025-12-07T20:03:25.739+0000] {subprocess.py:106} INFO - 25/12/07 20:03:25 INFO TaskSetManager: Starting task 45.0 in stage 70.0 (TID 726) (172.18.0.8, executor 0, partition 45, PROCESS_LOCAL, 7367 bytes)
[2025-12-07T20:03:25.740+0000] {subprocess.py:106} INFO - 25/12/07 20:03:25 INFO TaskSetManager: Finished task 27.0 in stage 70.0 (TID 708) in 64 ms on 172.18.0.8 (executor 0) (29/50)
[2025-12-07T20:03:25.742+0000] {subprocess.py:106} INFO - 25/12/07 20:03:25 INFO TaskSetManager: Starting task 46.0 in stage 70.0 (TID 727) (172.18.0.8, executor 0, partition 46, PROCESS_LOCAL, 7367 bytes)
[2025-12-07T20:03:25.743+0000] {subprocess.py:106} INFO - 25/12/07 20:03:25 INFO TaskSetManager: Finished task 29.0 in stage 70.0 (TID 710) in 63 ms on 172.18.0.8 (executor 0) (30/50)
[2025-12-07T20:03:25.744+0000] {subprocess.py:106} INFO - 25/12/07 20:03:25 INFO TaskSetManager: Starting task 47.0 in stage 70.0 (TID 728) (172.18.0.8, executor 0, partition 47, PROCESS_LOCAL, 7367 bytes)
[2025-12-07T20:03:25.745+0000] {subprocess.py:106} INFO - 25/12/07 20:03:25 INFO TaskSetManager: Finished task 32.0 in stage 70.0 (TID 713) in 47 ms on 172.18.0.8 (executor 0) (31/50)
[2025-12-07T20:03:25.746+0000] {subprocess.py:106} INFO - 25/12/07 20:03:25 INFO TaskSetManager: Starting task 48.0 in stage 70.0 (TID 729) (172.18.0.8, executor 0, partition 48, PROCESS_LOCAL, 7367 bytes)
[2025-12-07T20:03:25.747+0000] {subprocess.py:106} INFO - 25/12/07 20:03:25 INFO TaskSetManager: Finished task 34.0 in stage 70.0 (TID 715) in 47 ms on 172.18.0.8 (executor 0) (32/50)
[2025-12-07T20:03:25.748+0000] {subprocess.py:106} INFO - 25/12/07 20:03:25 INFO TaskSetManager: Finished task 35.0 in stage 70.0 (TID 716) in 46 ms on 172.18.0.8 (executor 0) (33/50)
[2025-12-07T20:03:25.750+0000] {subprocess.py:106} INFO - 25/12/07 20:03:25 INFO TaskSetManager: Finished task 36.0 in stage 70.0 (TID 717) in 46 ms on 172.18.0.8 (executor 0) (34/50)
[2025-12-07T20:03:25.751+0000] {subprocess.py:106} INFO - 25/12/07 20:03:25 INFO TaskSetManager: Starting task 49.0 in stage 70.0 (TID 730) (172.18.0.8, executor 0, partition 49, PROCESS_LOCAL, 7367 bytes)
[2025-12-07T20:03:25.752+0000] {subprocess.py:106} INFO - 25/12/07 20:03:25 INFO TaskSetManager: Finished task 28.0 in stage 70.0 (TID 709) in 70 ms on 172.18.0.8 (executor 0) (35/50)
[2025-12-07T20:03:25.753+0000] {subprocess.py:106} INFO - 25/12/07 20:03:25 INFO TaskSetManager: Finished task 33.0 in stage 70.0 (TID 714) in 51 ms on 172.18.0.8 (executor 0) (36/50)
[2025-12-07T20:03:25.753+0000] {subprocess.py:106} INFO - 25/12/07 20:03:25 INFO TaskSetManager: Finished task 31.0 in stage 70.0 (TID 712) in 59 ms on 172.18.0.8 (executor 0) (37/50)
[2025-12-07T20:03:25.754+0000] {subprocess.py:106} INFO - 25/12/07 20:03:25 INFO TaskSetManager: Finished task 39.0 in stage 70.0 (TID 720) in 31 ms on 172.18.0.8 (executor 0) (38/50)
[2025-12-07T20:03:25.755+0000] {subprocess.py:106} INFO - 25/12/07 20:03:25 INFO TaskSetManager: Finished task 38.0 in stage 70.0 (TID 719) in 32 ms on 172.18.0.8 (executor 0) (39/50)
[2025-12-07T20:03:25.756+0000] {subprocess.py:106} INFO - 25/12/07 20:03:25 INFO TaskSetManager: Finished task 37.0 in stage 70.0 (TID 718) in 53 ms on 172.18.0.8 (executor 0) (40/50)
[2025-12-07T20:03:25.757+0000] {subprocess.py:106} INFO - 25/12/07 20:03:25 INFO TaskSetManager: Finished task 40.0 in stage 70.0 (TID 721) in 35 ms on 172.18.0.8 (executor 0) (41/50)
[2025-12-07T20:03:25.757+0000] {subprocess.py:106} INFO - 25/12/07 20:03:25 INFO TaskSetManager: Finished task 41.0 in stage 70.0 (TID 722) in 36 ms on 172.18.0.8 (executor 0) (42/50)
[2025-12-07T20:03:25.758+0000] {subprocess.py:106} INFO - 25/12/07 20:03:25 INFO TaskSetManager: Finished task 43.0 in stage 70.0 (TID 724) in 35 ms on 172.18.0.8 (executor 0) (43/50)
[2025-12-07T20:03:25.759+0000] {subprocess.py:106} INFO - 25/12/07 20:03:25 INFO TaskSetManager: Finished task 42.0 in stage 70.0 (TID 723) in 36 ms on 172.18.0.8 (executor 0) (44/50)
[2025-12-07T20:03:25.759+0000] {subprocess.py:106} INFO - 25/12/07 20:03:25 INFO TaskSetManager: Finished task 45.0 in stage 70.0 (TID 726) in 23 ms on 172.18.0.8 (executor 0) (45/50)
[2025-12-07T20:03:25.760+0000] {subprocess.py:106} INFO - 25/12/07 20:03:25 INFO TaskSetManager: Finished task 44.0 in stage 70.0 (TID 725) in 25 ms on 172.18.0.8 (executor 0) (46/50)
[2025-12-07T20:03:25.761+0000] {subprocess.py:106} INFO - 25/12/07 20:03:25 INFO TaskSetManager: Finished task 47.0 in stage 70.0 (TID 728) in 22 ms on 172.18.0.8 (executor 0) (47/50)
[2025-12-07T20:03:25.761+0000] {subprocess.py:106} INFO - 25/12/07 20:03:25 INFO TaskSetManager: Finished task 49.0 in stage 70.0 (TID 730) in 19 ms on 172.18.0.8 (executor 0) (48/50)
[2025-12-07T20:03:25.762+0000] {subprocess.py:106} INFO - 25/12/07 20:03:25 INFO TaskSetManager: Finished task 48.0 in stage 70.0 (TID 729) in 21 ms on 172.18.0.8 (executor 0) (49/50)
[2025-12-07T20:03:25.762+0000] {subprocess.py:106} INFO - 25/12/07 20:03:25 INFO TaskSetManager: Finished task 46.0 in stage 70.0 (TID 727) in 27 ms on 172.18.0.8 (executor 0) (50/50)
[2025-12-07T20:03:25.763+0000] {subprocess.py:106} INFO - 25/12/07 20:03:25 INFO TaskSchedulerImpl: Removed TaskSet 70.0, whose tasks have all completed, from pool
[2025-12-07T20:03:25.764+0000] {subprocess.py:106} INFO - 25/12/07 20:03:25 INFO DAGScheduler: ResultStage 70 ($anonfun$recordDeltaOperationInternal$1 at DatabricksLogging.scala:128) finished in 0.143 s
[2025-12-07T20:03:25.764+0000] {subprocess.py:106} INFO - 25/12/07 20:03:25 INFO DAGScheduler: Job 40 is finished. Cancelling potential speculative or zombie tasks for this job
[2025-12-07T20:03:25.765+0000] {subprocess.py:106} INFO - 25/12/07 20:03:25 INFO TaskSchedulerImpl: Killing all running tasks in stage 70: Stage finished
[2025-12-07T20:03:25.766+0000] {subprocess.py:106} INFO - 25/12/07 20:03:25 INFO DAGScheduler: Job 40 finished: $anonfun$recordDeltaOperationInternal$1 at DatabricksLogging.scala:128, took 0.146961 s
[2025-12-07T20:03:25.766+0000] {subprocess.py:106} INFO - 25/12/07 20:03:25 INFO OptimisticTransaction: [tableId=71c79032,txnId=66573a73] Attempting to commit version 1 with 3 actions with Serializable isolation level
[2025-12-07T20:03:25.843+0000] {subprocess.py:106} INFO - 25/12/07 20:03:25 INFO DeltaLog: Creating a new snapshot v1 for commit version 1
[2025-12-07T20:03:25.844+0000] {subprocess.py:106} INFO - 25/12/07 20:03:25 INFO DeltaLog: Loading version 1.
[2025-12-07T20:03:25.848+0000] {subprocess.py:106} INFO - 25/12/07 20:03:25 INFO DeltaLogFileIndex: Created DeltaLogFileIndex(JSON, numFilesInSegment: 2, totalFileSize: 3183)
[2025-12-07T20:03:25.878+0000] {subprocess.py:106} INFO - 25/12/07 20:03:25 INFO FileSourceStrategy: Pushed Filters:
[2025-12-07T20:03:25.879+0000] {subprocess.py:106} INFO - 25/12/07 20:03:25 INFO FileSourceStrategy: Post-Scan Filters:
[2025-12-07T20:03:25.893+0000] {subprocess.py:106} INFO - 25/12/07 20:03:25 INFO BlockManagerInfo: Removed broadcast_67_piece0 on 13f196131dae:36513 in memory (size: 138.5 KiB, free: 433.9 MiB)
[2025-12-07T20:03:25.894+0000] {subprocess.py:106} INFO - 25/12/07 20:03:25 INFO MemoryStore: Block broadcast_68 stored as values in memory (estimated size 212.9 KiB, free 431.0 MiB)
[2025-12-07T20:03:25.895+0000] {subprocess.py:106} INFO - 25/12/07 20:03:25 INFO BlockManagerInfo: Removed broadcast_67_piece0 on 172.18.0.8:41783 in memory (size: 138.5 KiB, free: 434.1 MiB)
[2025-12-07T20:03:25.901+0000] {subprocess.py:106} INFO - 25/12/07 20:03:25 INFO MemoryStore: Block broadcast_68_piece0 stored as bytes in memory (estimated size 36.4 KiB, free 431.0 MiB)
[2025-12-07T20:03:25.901+0000] {subprocess.py:106} INFO - 25/12/07 20:03:25 INFO BlockManagerInfo: Added broadcast_68_piece0 in memory on 13f196131dae:36513 (size: 36.4 KiB, free: 433.9 MiB)
[2025-12-07T20:03:25.902+0000] {subprocess.py:106} INFO - 25/12/07 20:03:25 INFO SparkContext: Created broadcast 68 from toString at <unknown>:0
[2025-12-07T20:03:25.903+0000] {subprocess.py:106} INFO - 25/12/07 20:03:25 INFO FileSourceScanExec: Planning scan with bin packing, max size: 4194304 bytes, open cost is considered as scanning 4194304 bytes.
[2025-12-07T20:03:25.914+0000] {subprocess.py:106} INFO - 25/12/07 20:03:25 INFO SparkContext: Starting job: toString at <unknown>:0
[2025-12-07T20:03:25.915+0000] {subprocess.py:106} INFO - 25/12/07 20:03:25 INFO DAGScheduler: Got job 41 (toString at <unknown>:0) with 2 output partitions
[2025-12-07T20:03:25.916+0000] {subprocess.py:106} INFO - 25/12/07 20:03:25 INFO DAGScheduler: Final stage: ResultStage 71 (toString at <unknown>:0)
[2025-12-07T20:03:25.917+0000] {subprocess.py:106} INFO - 25/12/07 20:03:25 INFO DAGScheduler: Parents of final stage: List()
[2025-12-07T20:03:25.917+0000] {subprocess.py:106} INFO - 25/12/07 20:03:25 INFO DAGScheduler: Missing parents: List()
[2025-12-07T20:03:25.918+0000] {subprocess.py:106} INFO - 25/12/07 20:03:25 INFO DAGScheduler: Submitting ResultStage 71 (MapPartitionsRDD[192] at toString at <unknown>:0), which has no missing parents
[2025-12-07T20:03:25.918+0000] {subprocess.py:106} INFO - 25/12/07 20:03:25 INFO MemoryStore: Block broadcast_69 stored as values in memory (estimated size 50.4 KiB, free 430.9 MiB)
[2025-12-07T20:03:25.919+0000] {subprocess.py:106} INFO - 25/12/07 20:03:25 INFO MemoryStore: Block broadcast_69_piece0 stored as bytes in memory (estimated size 15.5 KiB, free 430.9 MiB)
[2025-12-07T20:03:25.920+0000] {subprocess.py:106} INFO - 25/12/07 20:03:25 INFO BlockManagerInfo: Added broadcast_69_piece0 in memory on 13f196131dae:36513 (size: 15.5 KiB, free: 433.9 MiB)
[2025-12-07T20:03:25.920+0000] {subprocess.py:106} INFO - 25/12/07 20:03:25 INFO SparkContext: Created broadcast 69 from broadcast at DAGScheduler.scala:1535
[2025-12-07T20:03:25.922+0000] {subprocess.py:106} INFO - 25/12/07 20:03:25 INFO DAGScheduler: Submitting 2 missing tasks from ResultStage 71 (MapPartitionsRDD[192] at toString at <unknown>:0) (first 15 tasks are for partitions Vector(0, 1))
[2025-12-07T20:03:25.923+0000] {subprocess.py:106} INFO - 25/12/07 20:03:25 INFO TaskSchedulerImpl: Adding task set 71.0 with 2 tasks resource profile 0
[2025-12-07T20:03:25.924+0000] {subprocess.py:106} INFO - 25/12/07 20:03:25 INFO TaskSetManager: Starting task 0.0 in stage 71.0 (TID 731) (172.18.0.8, executor 0, partition 0, PROCESS_LOCAL, 7944 bytes)
[2025-12-07T20:03:25.925+0000] {subprocess.py:106} INFO - 25/12/07 20:03:25 INFO TaskSetManager: Starting task 1.0 in stage 71.0 (TID 732) (172.18.0.8, executor 0, partition 1, PROCESS_LOCAL, 7944 bytes)
[2025-12-07T20:03:25.928+0000] {subprocess.py:106} INFO - 25/12/07 20:03:25 INFO BlockManagerInfo: Added broadcast_69_piece0 in memory on 172.18.0.8:41783 (size: 15.5 KiB, free: 434.1 MiB)
[2025-12-07T20:03:25.939+0000] {subprocess.py:106} INFO - 25/12/07 20:03:25 INFO BlockManagerInfo: Added broadcast_68_piece0 in memory on 172.18.0.8:41783 (size: 36.4 KiB, free: 434.1 MiB)
[2025-12-07T20:03:25.962+0000] {subprocess.py:106} INFO - 25/12/07 20:03:25 INFO TaskSetManager: Finished task 1.0 in stage 71.0 (TID 732) in 41 ms on 172.18.0.8 (executor 0) (1/2)
[2025-12-07T20:03:25.962+0000] {subprocess.py:106} INFO - 25/12/07 20:03:25 INFO TaskSetManager: Finished task 0.0 in stage 71.0 (TID 731) in 41 ms on 172.18.0.8 (executor 0) (2/2)
[2025-12-07T20:03:25.963+0000] {subprocess.py:106} INFO - 25/12/07 20:03:25 INFO TaskSchedulerImpl: Removed TaskSet 71.0, whose tasks have all completed, from pool
[2025-12-07T20:03:25.964+0000] {subprocess.py:106} INFO - 25/12/07 20:03:25 INFO DAGScheduler: ResultStage 71 (toString at <unknown>:0) finished in 0.047 s
[2025-12-07T20:03:25.964+0000] {subprocess.py:106} INFO - 25/12/07 20:03:25 INFO DAGScheduler: Job 41 is finished. Cancelling potential speculative or zombie tasks for this job
[2025-12-07T20:03:25.965+0000] {subprocess.py:106} INFO - 25/12/07 20:03:25 INFO TaskSchedulerImpl: Killing all running tasks in stage 71: Stage finished
[2025-12-07T20:03:25.965+0000] {subprocess.py:106} INFO - 25/12/07 20:03:25 INFO DAGScheduler: Job 41 finished: toString at <unknown>:0, took 0.049198 s
[2025-12-07T20:03:25.969+0000] {subprocess.py:106} INFO - 25/12/07 20:03:25 INFO Snapshot: [tableId=71c79032-289f-4322-a439-f1feed9c8fd3] Created snapshot Snapshot(path=s3a://gold/dim_branches/_delta_log, version=1, metadata=Metadata(71c79032-289f-4322-a439-f1feed9c8fd3,null,null,Format(parquet,Map()),{"type":"struct","fields":[{"name":"branch_key","type":"string","nullable":true,"metadata":{}},{"name":"branch_id","type":"string","nullable":true,"metadata":{}},{"name":"branch_name","type":"string","nullable":true,"metadata":{}},{"name":"branch_type","type":"string","nullable":true,"metadata":{}},{"name":"status","type":"string","nullable":true,"metadata":{}},{"name":"last_updated","type":"timestamp","nullable":true,"metadata":{}}]},List(),Map(),Some(1765136698339)), logSegment=LogSegment(s3a://gold/dim_branches/_delta_log,1,WrappedArray(S3AFileStatus{path=s3a://gold/dim_branches/_delta_log/00000000000000000000.json; isDirectory=false; length=1864; replication=1; blocksize=33554432; modification_time=1765136700562; access_time=0; owner=root; group=root; permission=rw-rw-rw-; isSymlink=false; hasAcl=false; isEncrypted=true; isErasureCoded=false} isEmptyDirectory=FALSE eTag=b12ffacee0804ee3bc850e91685ec08f versionId=null, S3AFileStatus{path=s3a://gold/dim_branches/_delta_log/00000000000000000001.json; isDirectory=false; length=1319; replication=1; blocksize=33554432; modification_time=1765137805804; access_time=0; owner=root; group=root; permission=rw-rw-rw-; isSymlink=false; hasAcl=false; isEncrypted=true; isErasureCoded=false} isEmptyDirectory=FALSE eTag=bae1f470cb9f47be24f83972559ad1f7 versionId=null),None,1765137805804), checksumOpt=None)
[2025-12-07T20:03:25.970+0000] {subprocess.py:106} INFO - 25/12/07 20:03:25 INFO DeltaLog: Updated snapshot to Snapshot(path=s3a://gold/dim_branches/_delta_log, version=1, metadata=Metadata(71c79032-289f-4322-a439-f1feed9c8fd3,null,null,Format(parquet,Map()),{"type":"struct","fields":[{"name":"branch_key","type":"string","nullable":true,"metadata":{}},{"name":"branch_id","type":"string","nullable":true,"metadata":{}},{"name":"branch_name","type":"string","nullable":true,"metadata":{}},{"name":"branch_type","type":"string","nullable":true,"metadata":{}},{"name":"status","type":"string","nullable":true,"metadata":{}},{"name":"last_updated","type":"timestamp","nullable":true,"metadata":{}}]},List(),Map(),Some(1765136698339)), logSegment=LogSegment(s3a://gold/dim_branches/_delta_log,1,WrappedArray(S3AFileStatus{path=s3a://gold/dim_branches/_delta_log/00000000000000000000.json; isDirectory=false; length=1864; replication=1; blocksize=33554432; modification_time=1765136700562; access_time=0; owner=root; group=root; permission=rw-rw-rw-; isSymlink=false; hasAcl=false; isEncrypted=true; isErasureCoded=false} isEmptyDirectory=FALSE eTag=b12ffacee0804ee3bc850e91685ec08f versionId=null, S3AFileStatus{path=s3a://gold/dim_branches/_delta_log/00000000000000000001.json; isDirectory=false; length=1319; replication=1; blocksize=33554432; modification_time=1765137805804; access_time=0; owner=root; group=root; permission=rw-rw-rw-; isSymlink=false; hasAcl=false; isEncrypted=true; isErasureCoded=false} isEmptyDirectory=FALSE eTag=bae1f470cb9f47be24f83972559ad1f7 versionId=null),None,1765137805804), checksumOpt=None)
[2025-12-07T20:03:25.970+0000] {subprocess.py:106} INFO - 25/12/07 20:03:25 INFO MapPartitionsRDD: Removing RDD 180 from persistence list
[2025-12-07T20:03:25.971+0000] {subprocess.py:106} INFO - 25/12/07 20:03:25 INFO BlockManager: Removing RDD 180
[2025-12-07T20:03:25.972+0000] {subprocess.py:106} INFO - 25/12/07 20:03:25 INFO Snapshot: [tableId=71c79032-289f-4322-a439-f1feed9c8fd3] DELTA: Compute snapshot for version: 1
[2025-12-07T20:03:25.974+0000] {subprocess.py:106} INFO - 25/12/07 20:03:25 INFO MemoryStore: Block broadcast_70 stored as values in memory (estimated size 212.3 KiB, free 430.7 MiB)
[2025-12-07T20:03:25.986+0000] {subprocess.py:106} INFO - 25/12/07 20:03:25 INFO BlockManagerInfo: Removed broadcast_69_piece0 on 13f196131dae:36513 in memory (size: 15.5 KiB, free: 433.9 MiB)
[2025-12-07T20:03:25.987+0000] {subprocess.py:106} INFO - 25/12/07 20:03:25 INFO BlockManagerInfo: Removed broadcast_69_piece0 on 172.18.0.8:41783 in memory (size: 15.5 KiB, free: 434.1 MiB)
[2025-12-07T20:03:25.990+0000] {subprocess.py:106} INFO - 25/12/07 20:03:25 INFO MemoryStore: Block broadcast_70_piece0 stored as bytes in memory (estimated size 36.3 KiB, free 430.8 MiB)
[2025-12-07T20:03:25.992+0000] {subprocess.py:106} INFO - 25/12/07 20:03:25 INFO BlockManagerInfo: Added broadcast_70_piece0 in memory on 13f196131dae:36513 (size: 36.3 KiB, free: 433.9 MiB)
[2025-12-07T20:03:25.993+0000] {subprocess.py:106} INFO - 25/12/07 20:03:25 INFO BlockManagerInfo: Removed broadcast_68_piece0 on 13f196131dae:36513 in memory (size: 36.4 KiB, free: 433.9 MiB)
[2025-12-07T20:03:25.994+0000] {subprocess.py:106} INFO - 25/12/07 20:03:25 INFO BlockManagerInfo: Removed broadcast_68_piece0 on 172.18.0.8:41783 in memory (size: 36.4 KiB, free: 434.1 MiB)
[2025-12-07T20:03:25.994+0000] {subprocess.py:106} INFO - 25/12/07 20:03:25 INFO SparkContext: Created broadcast 70 from $anonfun$recordDeltaOperationInternal$1 at DatabricksLogging.scala:128
[2025-12-07T20:03:26.138+0000] {subprocess.py:106} INFO - 25/12/07 20:03:26 INFO FileSourceStrategy: Pushed Filters:
[2025-12-07T20:03:26.139+0000] {subprocess.py:106} INFO - 25/12/07 20:03:26 INFO FileSourceStrategy: Post-Scan Filters:
[2025-12-07T20:03:26.174+0000] {subprocess.py:106} INFO - 25/12/07 20:03:26 INFO MemoryStore: Block broadcast_71 stored as values in memory (estimated size 212.9 KiB, free 430.8 MiB)
[2025-12-07T20:03:26.180+0000] {subprocess.py:106} INFO - 25/12/07 20:03:26 INFO MemoryStore: Block broadcast_71_piece0 stored as bytes in memory (estimated size 36.4 KiB, free 430.8 MiB)
[2025-12-07T20:03:26.181+0000] {subprocess.py:106} INFO - 25/12/07 20:03:26 INFO BlockManagerInfo: Added broadcast_71_piece0 in memory on 13f196131dae:36513 (size: 36.4 KiB, free: 433.9 MiB)
[2025-12-07T20:03:26.181+0000] {subprocess.py:106} INFO - 25/12/07 20:03:26 INFO SparkContext: Created broadcast 71 from $anonfun$recordDeltaOperationInternal$1 at DatabricksLogging.scala:128
[2025-12-07T20:03:26.182+0000] {subprocess.py:106} INFO - 25/12/07 20:03:26 INFO FileSourceScanExec: Planning scan with bin packing, max size: 4194304 bytes, open cost is considered as scanning 4194304 bytes.
[2025-12-07T20:03:26.197+0000] {subprocess.py:106} INFO - 25/12/07 20:03:26 INFO DAGScheduler: Registering RDD 196 ($anonfun$recordDeltaOperationInternal$1 at DatabricksLogging.scala:128) as input to shuffle 16
[2025-12-07T20:03:26.198+0000] {subprocess.py:106} INFO - 25/12/07 20:03:26 INFO DAGScheduler: Got map stage job 42 ($anonfun$recordDeltaOperationInternal$1 at DatabricksLogging.scala:128) with 2 output partitions
[2025-12-07T20:03:26.198+0000] {subprocess.py:106} INFO - 25/12/07 20:03:26 INFO DAGScheduler: Final stage: ShuffleMapStage 72 ($anonfun$recordDeltaOperationInternal$1 at DatabricksLogging.scala:128)
[2025-12-07T20:03:26.199+0000] {subprocess.py:106} INFO - 25/12/07 20:03:26 INFO DAGScheduler: Parents of final stage: List()
[2025-12-07T20:03:26.199+0000] {subprocess.py:106} INFO - 25/12/07 20:03:26 INFO DAGScheduler: Missing parents: List()
[2025-12-07T20:03:26.200+0000] {subprocess.py:106} INFO - 25/12/07 20:03:26 INFO DAGScheduler: Submitting ShuffleMapStage 72 (MapPartitionsRDD[196] at $anonfun$recordDeltaOperationInternal$1 at DatabricksLogging.scala:128), which has no missing parents
[2025-12-07T20:03:26.201+0000] {subprocess.py:106} INFO - 25/12/07 20:03:26 INFO MemoryStore: Block broadcast_72 stored as values in memory (estimated size 138.3 KiB, free 430.6 MiB)
[2025-12-07T20:03:26.202+0000] {subprocess.py:106} INFO - 25/12/07 20:03:26 INFO MemoryStore: Block broadcast_72_piece0 stored as bytes in memory (estimated size 39.0 KiB, free 430.6 MiB)
[2025-12-07T20:03:26.203+0000] {subprocess.py:106} INFO - 25/12/07 20:03:26 INFO BlockManagerInfo: Added broadcast_72_piece0 in memory on 13f196131dae:36513 (size: 39.0 KiB, free: 433.8 MiB)
[2025-12-07T20:03:26.203+0000] {subprocess.py:106} INFO - 25/12/07 20:03:26 INFO SparkContext: Created broadcast 72 from broadcast at DAGScheduler.scala:1535
[2025-12-07T20:03:26.204+0000] {subprocess.py:106} INFO - 25/12/07 20:03:26 INFO DAGScheduler: Submitting 2 missing tasks from ShuffleMapStage 72 (MapPartitionsRDD[196] at $anonfun$recordDeltaOperationInternal$1 at DatabricksLogging.scala:128) (first 15 tasks are for partitions Vector(0, 1))
[2025-12-07T20:03:26.204+0000] {subprocess.py:106} INFO - 25/12/07 20:03:26 INFO TaskSchedulerImpl: Adding task set 72.0 with 2 tasks resource profile 0
[2025-12-07T20:03:26.205+0000] {subprocess.py:106} INFO - 25/12/07 20:03:26 INFO TaskSetManager: Starting task 0.0 in stage 72.0 (TID 733) (172.18.0.8, executor 0, partition 0, PROCESS_LOCAL, 7933 bytes)
[2025-12-07T20:03:26.205+0000] {subprocess.py:106} INFO - 25/12/07 20:03:26 INFO TaskSetManager: Starting task 1.0 in stage 72.0 (TID 734) (172.18.0.8, executor 0, partition 1, PROCESS_LOCAL, 7933 bytes)
[2025-12-07T20:03:26.212+0000] {subprocess.py:106} INFO - 25/12/07 20:03:26 INFO BlockManagerInfo: Added broadcast_72_piece0 in memory on 172.18.0.8:41783 (size: 39.0 KiB, free: 434.1 MiB)
[2025-12-07T20:03:26.229+0000] {subprocess.py:106} INFO - 25/12/07 20:03:26 INFO BlockManagerInfo: Added broadcast_71_piece0 in memory on 172.18.0.8:41783 (size: 36.4 KiB, free: 434.1 MiB)
[2025-12-07T20:03:26.254+0000] {subprocess.py:106} INFO - 25/12/07 20:03:26 INFO TaskSetManager: Finished task 0.0 in stage 72.0 (TID 733) in 49 ms on 172.18.0.8 (executor 0) (1/2)
[2025-12-07T20:03:26.254+0000] {subprocess.py:106} INFO - 25/12/07 20:03:26 INFO TaskSetManager: Finished task 1.0 in stage 72.0 (TID 734) in 49 ms on 172.18.0.8 (executor 0) (2/2)
[2025-12-07T20:03:26.255+0000] {subprocess.py:106} INFO - 25/12/07 20:03:26 INFO TaskSchedulerImpl: Removed TaskSet 72.0, whose tasks have all completed, from pool
[2025-12-07T20:03:26.256+0000] {subprocess.py:106} INFO - 25/12/07 20:03:26 INFO DAGScheduler: ShuffleMapStage 72 ($anonfun$recordDeltaOperationInternal$1 at DatabricksLogging.scala:128) finished in 0.057 s
[2025-12-07T20:03:26.256+0000] {subprocess.py:106} INFO - 25/12/07 20:03:26 INFO DAGScheduler: looking for newly runnable stages
[2025-12-07T20:03:26.256+0000] {subprocess.py:106} INFO - 25/12/07 20:03:26 INFO DAGScheduler: running: Set()
[2025-12-07T20:03:26.257+0000] {subprocess.py:106} INFO - 25/12/07 20:03:26 INFO DAGScheduler: waiting: Set()
[2025-12-07T20:03:26.258+0000] {subprocess.py:106} INFO - 25/12/07 20:03:26 INFO DAGScheduler: failed: Set()
[2025-12-07T20:03:26.279+0000] {subprocess.py:106} INFO - 25/12/07 20:03:26 INFO BlockManagerInfo: Removed broadcast_72_piece0 on 13f196131dae:36513 in memory (size: 39.0 KiB, free: 433.9 MiB)
[2025-12-07T20:03:26.280+0000] {subprocess.py:106} INFO - 25/12/07 20:03:26 INFO BlockManagerInfo: Removed broadcast_72_piece0 on 172.18.0.8:41783 in memory (size: 39.0 KiB, free: 434.1 MiB)
[2025-12-07T20:03:26.382+0000] {subprocess.py:106} INFO - 25/12/07 20:03:26 INFO DAGScheduler: Registering RDD 206 ($anonfun$recordDeltaOperationInternal$1 at DatabricksLogging.scala:128) as input to shuffle 17
[2025-12-07T20:03:26.382+0000] {subprocess.py:106} INFO - 25/12/07 20:03:26 INFO DAGScheduler: Got map stage job 43 ($anonfun$recordDeltaOperationInternal$1 at DatabricksLogging.scala:128) with 50 output partitions
[2025-12-07T20:03:26.383+0000] {subprocess.py:106} INFO - 25/12/07 20:03:26 INFO DAGScheduler: Final stage: ShuffleMapStage 74 ($anonfun$recordDeltaOperationInternal$1 at DatabricksLogging.scala:128)
[2025-12-07T20:03:26.384+0000] {subprocess.py:106} INFO - 25/12/07 20:03:26 INFO DAGScheduler: Parents of final stage: List(ShuffleMapStage 73)
[2025-12-07T20:03:26.384+0000] {subprocess.py:106} INFO - 25/12/07 20:03:26 INFO DAGScheduler: Missing parents: List()
[2025-12-07T20:03:26.385+0000] {subprocess.py:106} INFO - 25/12/07 20:03:26 INFO DAGScheduler: Submitting ShuffleMapStage 74 (MapPartitionsRDD[206] at $anonfun$recordDeltaOperationInternal$1 at DatabricksLogging.scala:128), which has no missing parents
[2025-12-07T20:03:26.394+0000] {subprocess.py:106} INFO - 25/12/07 20:03:26 INFO MemoryStore: Block broadcast_73 stored as values in memory (estimated size 517.2 KiB, free 430.2 MiB)
[2025-12-07T20:03:26.396+0000] {subprocess.py:106} INFO - 25/12/07 20:03:26 INFO MemoryStore: Block broadcast_73_piece0 stored as bytes in memory (estimated size 123.3 KiB, free 430.1 MiB)
[2025-12-07T20:03:26.396+0000] {subprocess.py:106} INFO - 25/12/07 20:03:26 INFO BlockManagerInfo: Added broadcast_73_piece0 in memory on 13f196131dae:36513 (size: 123.3 KiB, free: 433.7 MiB)
[2025-12-07T20:03:26.397+0000] {subprocess.py:106} INFO - 25/12/07 20:03:26 INFO SparkContext: Created broadcast 73 from broadcast at DAGScheduler.scala:1535
[2025-12-07T20:03:26.398+0000] {subprocess.py:106} INFO - 25/12/07 20:03:26 INFO DAGScheduler: Submitting 50 missing tasks from ShuffleMapStage 74 (MapPartitionsRDD[206] at $anonfun$recordDeltaOperationInternal$1 at DatabricksLogging.scala:128) (first 15 tasks are for partitions Vector(0, 1, 2, 3, 4, 5, 6, 7, 8, 9, 10, 11, 12, 13, 14))
[2025-12-07T20:03:26.398+0000] {subprocess.py:106} INFO - 25/12/07 20:03:26 INFO TaskSchedulerImpl: Adding task set 74.0 with 50 tasks resource profile 0
[2025-12-07T20:03:26.399+0000] {subprocess.py:106} INFO - 25/12/07 20:03:26 INFO TaskSetManager: Starting task 1.0 in stage 74.0 (TID 735) (172.18.0.8, executor 0, partition 1, NODE_LOCAL, 7356 bytes)
[2025-12-07T20:03:26.399+0000] {subprocess.py:106} INFO - 25/12/07 20:03:26 INFO TaskSetManager: Starting task 3.0 in stage 74.0 (TID 736) (172.18.0.8, executor 0, partition 3, NODE_LOCAL, 7356 bytes)
[2025-12-07T20:03:26.400+0000] {subprocess.py:106} INFO - 25/12/07 20:03:26 INFO TaskSetManager: Starting task 42.0 in stage 74.0 (TID 737) (172.18.0.8, executor 0, partition 42, NODE_LOCAL, 7356 bytes)
[2025-12-07T20:03:26.401+0000] {subprocess.py:106} INFO - 25/12/07 20:03:26 INFO TaskSetManager: Starting task 0.0 in stage 74.0 (TID 738) (172.18.0.8, executor 0, partition 0, PROCESS_LOCAL, 7356 bytes)
[2025-12-07T20:03:26.401+0000] {subprocess.py:106} INFO - 25/12/07 20:03:26 INFO TaskSetManager: Starting task 2.0 in stage 74.0 (TID 739) (172.18.0.8, executor 0, partition 2, PROCESS_LOCAL, 7356 bytes)
[2025-12-07T20:03:26.402+0000] {subprocess.py:106} INFO - 25/12/07 20:03:26 INFO TaskSetManager: Starting task 4.0 in stage 74.0 (TID 740) (172.18.0.8, executor 0, partition 4, PROCESS_LOCAL, 7356 bytes)
[2025-12-07T20:03:26.403+0000] {subprocess.py:106} INFO - 25/12/07 20:03:26 INFO TaskSetManager: Starting task 5.0 in stage 74.0 (TID 741) (172.18.0.8, executor 0, partition 5, PROCESS_LOCAL, 7356 bytes)
[2025-12-07T20:03:26.404+0000] {subprocess.py:106} INFO - 25/12/07 20:03:26 INFO TaskSetManager: Starting task 6.0 in stage 74.0 (TID 742) (172.18.0.8, executor 0, partition 6, PROCESS_LOCAL, 7356 bytes)
[2025-12-07T20:03:26.404+0000] {subprocess.py:106} INFO - 25/12/07 20:03:26 INFO TaskSetManager: Starting task 7.0 in stage 74.0 (TID 743) (172.18.0.8, executor 0, partition 7, PROCESS_LOCAL, 7356 bytes)
[2025-12-07T20:03:26.405+0000] {subprocess.py:106} INFO - 25/12/07 20:03:26 INFO TaskSetManager: Starting task 8.0 in stage 74.0 (TID 744) (172.18.0.8, executor 0, partition 8, PROCESS_LOCAL, 7356 bytes)
[2025-12-07T20:03:26.405+0000] {subprocess.py:106} INFO - 25/12/07 20:03:26 INFO TaskSetManager: Starting task 9.0 in stage 74.0 (TID 745) (172.18.0.8, executor 0, partition 9, PROCESS_LOCAL, 7356 bytes)
[2025-12-07T20:03:26.406+0000] {subprocess.py:106} INFO - 25/12/07 20:03:26 INFO TaskSetManager: Starting task 10.0 in stage 74.0 (TID 746) (172.18.0.8, executor 0, partition 10, PROCESS_LOCAL, 7356 bytes)
[2025-12-07T20:03:26.406+0000] {subprocess.py:106} INFO - 25/12/07 20:03:26 INFO TaskSetManager: Starting task 11.0 in stage 74.0 (TID 747) (172.18.0.8, executor 0, partition 11, PROCESS_LOCAL, 7356 bytes)
[2025-12-07T20:03:26.406+0000] {subprocess.py:106} INFO - 25/12/07 20:03:26 INFO TaskSetManager: Starting task 12.0 in stage 74.0 (TID 748) (172.18.0.8, executor 0, partition 12, PROCESS_LOCAL, 7356 bytes)
[2025-12-07T20:03:26.407+0000] {subprocess.py:106} INFO - 25/12/07 20:03:26 INFO TaskSetManager: Starting task 13.0 in stage 74.0 (TID 749) (172.18.0.8, executor 0, partition 13, PROCESS_LOCAL, 7356 bytes)
[2025-12-07T20:03:26.407+0000] {subprocess.py:106} INFO - 25/12/07 20:03:26 INFO TaskSetManager: Starting task 14.0 in stage 74.0 (TID 750) (172.18.0.8, executor 0, partition 14, PROCESS_LOCAL, 7356 bytes)
[2025-12-07T20:03:26.412+0000] {subprocess.py:106} INFO - 25/12/07 20:03:26 INFO BlockManagerInfo: Added broadcast_73_piece0 in memory on 172.18.0.8:41783 (size: 123.3 KiB, free: 434.0 MiB)
[2025-12-07T20:03:26.426+0000] {subprocess.py:106} INFO - 25/12/07 20:03:26 INFO MapOutputTrackerMasterEndpoint: Asked to send map output locations for shuffle 16 to 172.18.0.8:33606
[2025-12-07T20:03:26.489+0000] {subprocess.py:106} INFO - 25/12/07 20:03:26 INFO BlockManagerInfo: Added rdd_203_4 in memory on 172.18.0.8:41783 (size: 46.0 B, free: 434.0 MiB)
[2025-12-07T20:03:26.495+0000] {subprocess.py:106} INFO - 25/12/07 20:03:26 INFO BlockManagerInfo: Added rdd_203_5 in memory on 172.18.0.8:41783 (size: 46.0 B, free: 434.0 MiB)
[2025-12-07T20:03:26.503+0000] {subprocess.py:106} INFO - 25/12/07 20:03:26 INFO BlockManagerInfo: Added rdd_203_2 in memory on 172.18.0.8:41783 (size: 46.0 B, free: 434.0 MiB)
[2025-12-07T20:03:26.504+0000] {subprocess.py:106} INFO - 25/12/07 20:03:26 INFO BlockManagerInfo: Added rdd_203_11 in memory on 172.18.0.8:41783 (size: 46.0 B, free: 434.0 MiB)
[2025-12-07T20:03:26.505+0000] {subprocess.py:106} INFO - 25/12/07 20:03:26 INFO BlockManagerInfo: Added rdd_203_7 in memory on 172.18.0.8:41783 (size: 46.0 B, free: 434.0 MiB)
[2025-12-07T20:03:26.506+0000] {subprocess.py:106} INFO - 25/12/07 20:03:26 INFO BlockManagerInfo: Added rdd_203_13 in memory on 172.18.0.8:41783 (size: 46.0 B, free: 434.0 MiB)
[2025-12-07T20:03:26.507+0000] {subprocess.py:106} INFO - 25/12/07 20:03:26 INFO BlockManagerInfo: Added rdd_203_12 in memory on 172.18.0.8:41783 (size: 46.0 B, free: 434.0 MiB)
[2025-12-07T20:03:26.509+0000] {subprocess.py:106} INFO - 25/12/07 20:03:26 INFO BlockManagerInfo: Added rdd_203_0 in memory on 172.18.0.8:41783 (size: 46.0 B, free: 434.0 MiB)
[2025-12-07T20:03:26.511+0000] {subprocess.py:106} INFO - 25/12/07 20:03:26 INFO BlockManagerInfo: Added rdd_203_10 in memory on 172.18.0.8:41783 (size: 46.0 B, free: 434.0 MiB)
[2025-12-07T20:03:26.512+0000] {subprocess.py:106} INFO - 25/12/07 20:03:26 INFO BlockManagerInfo: Added rdd_203_42 in memory on 172.18.0.8:41783 (size: 506.0 B, free: 434.0 MiB)
[2025-12-07T20:03:26.515+0000] {subprocess.py:106} INFO - 25/12/07 20:03:26 INFO BlockManagerInfo: Added rdd_203_14 in memory on 172.18.0.8:41783 (size: 46.0 B, free: 434.0 MiB)
[2025-12-07T20:03:26.518+0000] {subprocess.py:106} INFO - 25/12/07 20:03:26 INFO BlockManagerInfo: Added rdd_203_9 in memory on 172.18.0.8:41783 (size: 46.0 B, free: 434.0 MiB)
[2025-12-07T20:03:26.519+0000] {subprocess.py:106} INFO - 25/12/07 20:03:26 INFO BlockManagerInfo: Added rdd_203_8 in memory on 172.18.0.8:41783 (size: 46.0 B, free: 434.0 MiB)
[2025-12-07T20:03:26.520+0000] {subprocess.py:106} INFO - 25/12/07 20:03:26 INFO BlockManagerInfo: Added rdd_203_1 in memory on 172.18.0.8:41783 (size: 586.0 B, free: 434.0 MiB)
[2025-12-07T20:03:26.522+0000] {subprocess.py:106} INFO - 25/12/07 20:03:26 INFO BlockManagerInfo: Added rdd_203_6 in memory on 172.18.0.8:41783 (size: 46.0 B, free: 434.0 MiB)
[2025-12-07T20:03:26.524+0000] {subprocess.py:106} INFO - 25/12/07 20:03:26 INFO TaskSetManager: Starting task 15.0 in stage 74.0 (TID 751) (172.18.0.8, executor 0, partition 15, PROCESS_LOCAL, 7356 bytes)
[2025-12-07T20:03:26.531+0000] {subprocess.py:106} INFO - 25/12/07 20:03:26 INFO TaskSetManager: Starting task 16.0 in stage 74.0 (TID 752) (172.18.0.8, executor 0, partition 16, PROCESS_LOCAL, 7356 bytes)
[2025-12-07T20:03:26.532+0000] {subprocess.py:106} INFO - 25/12/07 20:03:26 INFO TaskSetManager: Starting task 17.0 in stage 74.0 (TID 753) (172.18.0.8, executor 0, partition 17, PROCESS_LOCAL, 7356 bytes)
[2025-12-07T20:03:26.534+0000] {subprocess.py:106} INFO - 25/12/07 20:03:26 INFO TaskSetManager: Finished task 4.0 in stage 74.0 (TID 740) in 126 ms on 172.18.0.8 (executor 0) (1/50)
[2025-12-07T20:03:26.535+0000] {subprocess.py:106} INFO - 25/12/07 20:03:26 INFO TaskSetManager: Finished task 7.0 in stage 74.0 (TID 743) in 126 ms on 172.18.0.8 (executor 0) (2/50)
[2025-12-07T20:03:26.536+0000] {subprocess.py:106} INFO - 25/12/07 20:03:26 INFO TaskSetManager: Starting task 18.0 in stage 74.0 (TID 754) (172.18.0.8, executor 0, partition 18, PROCESS_LOCAL, 7356 bytes)
[2025-12-07T20:03:26.540+0000] {subprocess.py:106} INFO - 25/12/07 20:03:26 INFO TaskSetManager: Starting task 19.0 in stage 74.0 (TID 755) (172.18.0.8, executor 0, partition 19, PROCESS_LOCAL, 7356 bytes)
[2025-12-07T20:03:26.543+0000] {subprocess.py:106} INFO - 25/12/07 20:03:26 INFO TaskSetManager: Finished task 5.0 in stage 74.0 (TID 741) in 130 ms on 172.18.0.8 (executor 0) (3/50)
[2025-12-07T20:03:26.544+0000] {subprocess.py:106} INFO - 25/12/07 20:03:26 INFO TaskSetManager: Finished task 2.0 in stage 74.0 (TID 739) in 131 ms on 172.18.0.8 (executor 0) (4/50)
[2025-12-07T20:03:26.546+0000] {subprocess.py:106} INFO - 25/12/07 20:03:26 INFO TaskSetManager: Finished task 0.0 in stage 74.0 (TID 738) in 131 ms on 172.18.0.8 (executor 0) (5/50)
[2025-12-07T20:03:26.548+0000] {subprocess.py:106} INFO - 25/12/07 20:03:26 INFO TaskSetManager: Starting task 20.0 in stage 74.0 (TID 756) (172.18.0.8, executor 0, partition 20, PROCESS_LOCAL, 7356 bytes)
[2025-12-07T20:03:26.549+0000] {subprocess.py:106} INFO - 25/12/07 20:03:26 INFO TaskSetManager: Finished task 13.0 in stage 74.0 (TID 749) in 130 ms on 172.18.0.8 (executor 0) (6/50)
[2025-12-07T20:03:26.551+0000] {subprocess.py:106} INFO - 25/12/07 20:03:26 INFO TaskSetManager: Finished task 11.0 in stage 74.0 (TID 747) in 132 ms on 172.18.0.8 (executor 0) (7/50)
[2025-12-07T20:03:26.559+0000] {subprocess.py:106} INFO - 25/12/07 20:03:26 INFO TaskSetManager: Starting task 21.0 in stage 74.0 (TID 757) (172.18.0.8, executor 0, partition 21, PROCESS_LOCAL, 7356 bytes)
[2025-12-07T20:03:26.561+0000] {subprocess.py:106} INFO - 25/12/07 20:03:26 INFO TaskSetManager: Starting task 22.0 in stage 74.0 (TID 758) (172.18.0.8, executor 0, partition 22, PROCESS_LOCAL, 7356 bytes)
[2025-12-07T20:03:26.563+0000] {subprocess.py:106} INFO - 25/12/07 20:03:26 INFO TaskSetManager: Finished task 42.0 in stage 74.0 (TID 737) in 142 ms on 172.18.0.8 (executor 0) (8/50)
[2025-12-07T20:03:26.564+0000] {subprocess.py:106} INFO - 25/12/07 20:03:26 INFO TaskSetManager: Starting task 23.0 in stage 74.0 (TID 759) (172.18.0.8, executor 0, partition 23, PROCESS_LOCAL, 7356 bytes)
[2025-12-07T20:03:26.565+0000] {subprocess.py:106} INFO - 25/12/07 20:03:26 INFO TaskSetManager: Finished task 14.0 in stage 74.0 (TID 750) in 141 ms on 172.18.0.8 (executor 0) (9/50)
[2025-12-07T20:03:26.566+0000] {subprocess.py:106} INFO - 25/12/07 20:03:26 INFO TaskSetManager: Starting task 24.0 in stage 74.0 (TID 760) (172.18.0.8, executor 0, partition 24, PROCESS_LOCAL, 7356 bytes)
[2025-12-07T20:03:26.566+0000] {subprocess.py:106} INFO - 25/12/07 20:03:26 INFO TaskSetManager: Finished task 12.0 in stage 74.0 (TID 748) in 145 ms on 172.18.0.8 (executor 0) (10/50)
[2025-12-07T20:03:26.567+0000] {subprocess.py:106} INFO - 25/12/07 20:03:26 INFO TaskSetManager: Starting task 25.0 in stage 74.0 (TID 761) (172.18.0.8, executor 0, partition 25, PROCESS_LOCAL, 7356 bytes)
[2025-12-07T20:03:26.568+0000] {subprocess.py:106} INFO - 25/12/07 20:03:26 INFO TaskSetManager: Finished task 6.0 in stage 74.0 (TID 742) in 147 ms on 172.18.0.8 (executor 0) (11/50)
[2025-12-07T20:03:26.568+0000] {subprocess.py:106} INFO - 25/12/07 20:03:26 INFO TaskSetManager: Starting task 26.0 in stage 74.0 (TID 762) (172.18.0.8, executor 0, partition 26, PROCESS_LOCAL, 7356 bytes)
[2025-12-07T20:03:26.571+0000] {subprocess.py:106} INFO - 25/12/07 20:03:26 INFO TaskSetManager: Finished task 8.0 in stage 74.0 (TID 744) in 148 ms on 172.18.0.8 (executor 0) (12/50)
[2025-12-07T20:03:26.572+0000] {subprocess.py:106} INFO - 25/12/07 20:03:26 INFO TaskSetManager: Starting task 27.0 in stage 74.0 (TID 763) (172.18.0.8, executor 0, partition 27, PROCESS_LOCAL, 7356 bytes)
[2025-12-07T20:03:26.572+0000] {subprocess.py:106} INFO - 25/12/07 20:03:26 INFO BlockManagerInfo: Added rdd_203_3 in memory on 172.18.0.8:41783 (size: 297.0 B, free: 434.0 MiB)
[2025-12-07T20:03:26.573+0000] {subprocess.py:106} INFO - 25/12/07 20:03:26 INFO TaskSetManager: Finished task 9.0 in stage 74.0 (TID 745) in 149 ms on 172.18.0.8 (executor 0) (13/50)
[2025-12-07T20:03:26.574+0000] {subprocess.py:106} INFO - 25/12/07 20:03:26 INFO TaskSetManager: Starting task 28.0 in stage 74.0 (TID 764) (172.18.0.8, executor 0, partition 28, PROCESS_LOCAL, 7356 bytes)
[2025-12-07T20:03:26.577+0000] {subprocess.py:106} INFO - 25/12/07 20:03:26 INFO TaskSetManager: Finished task 10.0 in stage 74.0 (TID 746) in 150 ms on 172.18.0.8 (executor 0) (14/50)
[2025-12-07T20:03:26.579+0000] {subprocess.py:106} INFO - 25/12/07 20:03:26 INFO TaskSetManager: Starting task 29.0 in stage 74.0 (TID 765) (172.18.0.8, executor 0, partition 29, PROCESS_LOCAL, 7356 bytes)
[2025-12-07T20:03:26.580+0000] {subprocess.py:106} INFO - 25/12/07 20:03:26 INFO TaskSetManager: Finished task 1.0 in stage 74.0 (TID 735) in 157 ms on 172.18.0.8 (executor 0) (15/50)
[2025-12-07T20:03:26.619+0000] {subprocess.py:106} INFO - 25/12/07 20:03:26 INFO BlockManagerInfo: Added rdd_203_20 in memory on 172.18.0.8:41783 (size: 46.0 B, free: 434.0 MiB)
[2025-12-07T20:03:26.627+0000] {subprocess.py:106} INFO - 25/12/07 20:03:26 INFO BlockManagerInfo: Added rdd_203_21 in memory on 172.18.0.8:41783 (size: 46.0 B, free: 434.0 MiB)
[2025-12-07T20:03:26.628+0000] {subprocess.py:106} INFO - 25/12/07 20:03:26 INFO BlockManagerInfo: Added rdd_203_18 in memory on 172.18.0.8:41783 (size: 46.0 B, free: 434.0 MiB)
[2025-12-07T20:03:26.629+0000] {subprocess.py:106} INFO - 25/12/07 20:03:26 INFO TaskSetManager: Starting task 30.0 in stage 74.0 (TID 766) (172.18.0.8, executor 0, partition 30, PROCESS_LOCAL, 7356 bytes)
[2025-12-07T20:03:26.629+0000] {subprocess.py:106} INFO - 25/12/07 20:03:26 INFO TaskSetManager: Finished task 3.0 in stage 74.0 (TID 736) in 227 ms on 172.18.0.8 (executor 0) (16/50)
[2025-12-07T20:03:26.637+0000] {subprocess.py:106} INFO - 25/12/07 20:03:26 INFO BlockManagerInfo: Added rdd_203_25 in memory on 172.18.0.8:41783 (size: 46.0 B, free: 434.0 MiB)
[2025-12-07T20:03:26.663+0000] {subprocess.py:106} INFO - 25/12/07 20:03:26 INFO BlockManagerInfo: Added rdd_203_24 in memory on 172.18.0.8:41783 (size: 46.0 B, free: 434.0 MiB)
[2025-12-07T20:03:26.667+0000] {subprocess.py:106} INFO - 25/12/07 20:03:26 INFO BlockManagerInfo: Added rdd_203_17 in memory on 172.18.0.8:41783 (size: 46.0 B, free: 434.0 MiB)
[2025-12-07T20:03:26.669+0000] {subprocess.py:106} INFO - 25/12/07 20:03:26 INFO BlockManagerInfo: Added rdd_203_23 in memory on 172.18.0.8:41783 (size: 46.0 B, free: 434.0 MiB)
[2025-12-07T20:03:26.670+0000] {subprocess.py:106} INFO - 25/12/07 20:03:26 INFO BlockManagerInfo: Added rdd_203_16 in memory on 172.18.0.8:41783 (size: 46.0 B, free: 434.0 MiB)
[2025-12-07T20:03:26.672+0000] {subprocess.py:106} INFO - 25/12/07 20:03:26 INFO BlockManagerInfo: Added rdd_203_29 in memory on 172.18.0.8:41783 (size: 46.0 B, free: 434.0 MiB)
[2025-12-07T20:03:26.673+0000] {subprocess.py:106} INFO - 25/12/07 20:03:26 INFO BlockManagerInfo: Added rdd_203_28 in memory on 172.18.0.8:41783 (size: 46.0 B, free: 434.0 MiB)
[2025-12-07T20:03:26.674+0000] {subprocess.py:106} INFO - 25/12/07 20:03:26 INFO BlockManagerInfo: Added rdd_203_19 in memory on 172.18.0.8:41783 (size: 46.0 B, free: 434.0 MiB)
[2025-12-07T20:03:26.676+0000] {subprocess.py:106} INFO - 25/12/07 20:03:26 INFO BlockManagerInfo: Added rdd_203_15 in memory on 172.18.0.8:41783 (size: 46.0 B, free: 434.0 MiB)
[2025-12-07T20:03:26.680+0000] {subprocess.py:106} INFO - 25/12/07 20:03:26 INFO BlockManagerInfo: Added rdd_203_22 in memory on 172.18.0.8:41783 (size: 46.0 B, free: 434.0 MiB)
[2025-12-07T20:03:26.685+0000] {subprocess.py:106} INFO - 25/12/07 20:03:26 INFO TaskSetManager: Starting task 31.0 in stage 74.0 (TID 767) (172.18.0.8, executor 0, partition 31, PROCESS_LOCAL, 7356 bytes)
[2025-12-07T20:03:26.687+0000] {subprocess.py:106} INFO - 25/12/07 20:03:26 INFO TaskSetManager: Finished task 21.0 in stage 74.0 (TID 757) in 136 ms on 172.18.0.8 (executor 0) (17/50)
[2025-12-07T20:03:26.688+0000] {subprocess.py:106} INFO - 25/12/07 20:03:26 INFO TaskSetManager: Finished task 20.0 in stage 74.0 (TID 756) in 141 ms on 172.18.0.8 (executor 0) (18/50)
[2025-12-07T20:03:26.689+0000] {subprocess.py:106} INFO - 25/12/07 20:03:26 INFO TaskSetManager: Starting task 32.0 in stage 74.0 (TID 768) (172.18.0.8, executor 0, partition 32, PROCESS_LOCAL, 7356 bytes)
[2025-12-07T20:03:26.690+0000] {subprocess.py:106} INFO - 25/12/07 20:03:26 INFO TaskSetManager: Starting task 33.0 in stage 74.0 (TID 769) (172.18.0.8, executor 0, partition 33, PROCESS_LOCAL, 7356 bytes)
[2025-12-07T20:03:26.691+0000] {subprocess.py:106} INFO - 25/12/07 20:03:26 INFO TaskSetManager: Finished task 25.0 in stage 74.0 (TID 761) in 130 ms on 172.18.0.8 (executor 0) (19/50)
[2025-12-07T20:03:26.693+0000] {subprocess.py:106} INFO - 25/12/07 20:03:26 INFO BlockManagerInfo: Added rdd_203_27 in memory on 172.18.0.8:41783 (size: 46.0 B, free: 434.0 MiB)
[2025-12-07T20:03:26.694+0000] {subprocess.py:106} INFO - 25/12/07 20:03:26 INFO TaskSetManager: Starting task 34.0 in stage 74.0 (TID 770) (172.18.0.8, executor 0, partition 34, PROCESS_LOCAL, 7356 bytes)
[2025-12-07T20:03:26.695+0000] {subprocess.py:106} INFO - 25/12/07 20:03:26 INFO BlockManagerInfo: Added rdd_203_26 in memory on 172.18.0.8:41783 (size: 46.0 B, free: 434.0 MiB)
[2025-12-07T20:03:26.696+0000] {subprocess.py:106} INFO - 25/12/07 20:03:26 INFO TaskSetManager: Finished task 18.0 in stage 74.0 (TID 754) in 163 ms on 172.18.0.8 (executor 0) (20/50)
[2025-12-07T20:03:26.697+0000] {subprocess.py:106} INFO - 25/12/07 20:03:26 INFO TaskSetManager: Starting task 35.0 in stage 74.0 (TID 771) (172.18.0.8, executor 0, partition 35, PROCESS_LOCAL, 7356 bytes)
[2025-12-07T20:03:26.697+0000] {subprocess.py:106} INFO - 25/12/07 20:03:26 INFO TaskSetManager: Finished task 24.0 in stage 74.0 (TID 760) in 151 ms on 172.18.0.8 (executor 0) (21/50)
[2025-12-07T20:03:26.720+0000] {subprocess.py:106} INFO - 25/12/07 20:03:26 INFO TaskSetManager: Starting task 36.0 in stage 74.0 (TID 772) (172.18.0.8, executor 0, partition 36, PROCESS_LOCAL, 7356 bytes)
[2025-12-07T20:03:26.722+0000] {subprocess.py:106} INFO - 25/12/07 20:03:26 INFO TaskSetManager: Starting task 37.0 in stage 74.0 (TID 773) (172.18.0.8, executor 0, partition 37, PROCESS_LOCAL, 7356 bytes)
[2025-12-07T20:03:26.723+0000] {subprocess.py:106} INFO - 25/12/07 20:03:26 INFO TaskSetManager: Finished task 17.0 in stage 74.0 (TID 753) in 195 ms on 172.18.0.8 (executor 0) (22/50)
[2025-12-07T20:03:26.724+0000] {subprocess.py:106} INFO - 25/12/07 20:03:26 INFO TaskSetManager: Finished task 23.0 in stage 74.0 (TID 759) in 180 ms on 172.18.0.8 (executor 0) (23/50)
[2025-12-07T20:03:26.733+0000] {subprocess.py:106} INFO - 25/12/07 20:03:26 INFO TaskSetManager: Starting task 38.0 in stage 74.0 (TID 774) (172.18.0.8, executor 0, partition 38, PROCESS_LOCAL, 7356 bytes)
[2025-12-07T20:03:26.735+0000] {subprocess.py:106} INFO - 25/12/07 20:03:26 INFO TaskSetManager: Finished task 16.0 in stage 74.0 (TID 752) in 204 ms on 172.18.0.8 (executor 0) (24/50)
[2025-12-07T20:03:26.736+0000] {subprocess.py:106} INFO - 25/12/07 20:03:26 INFO TaskSetManager: Starting task 39.0 in stage 74.0 (TID 775) (172.18.0.8, executor 0, partition 39, PROCESS_LOCAL, 7356 bytes)
[2025-12-07T20:03:26.737+0000] {subprocess.py:106} INFO - 25/12/07 20:03:26 INFO TaskSetManager: Finished task 28.0 in stage 74.0 (TID 764) in 183 ms on 172.18.0.8 (executor 0) (25/50)
[2025-12-07T20:03:26.738+0000] {subprocess.py:106} INFO - 25/12/07 20:03:26 INFO TaskSetManager: Starting task 40.0 in stage 74.0 (TID 776) (172.18.0.8, executor 0, partition 40, PROCESS_LOCAL, 7356 bytes)
[2025-12-07T20:03:26.739+0000] {subprocess.py:106} INFO - 25/12/07 20:03:26 INFO TaskSetManager: Finished task 15.0 in stage 74.0 (TID 751) in 212 ms on 172.18.0.8 (executor 0) (26/50)
[2025-12-07T20:03:26.740+0000] {subprocess.py:106} INFO - 25/12/07 20:03:26 INFO TaskSetManager: Starting task 41.0 in stage 74.0 (TID 777) (172.18.0.8, executor 0, partition 41, PROCESS_LOCAL, 7356 bytes)
[2025-12-07T20:03:26.741+0000] {subprocess.py:106} INFO - 25/12/07 20:03:26 INFO TaskSetManager: Finished task 22.0 in stage 74.0 (TID 758) in 197 ms on 172.18.0.8 (executor 0) (27/50)
[2025-12-07T20:03:26.743+0000] {subprocess.py:106} INFO - 25/12/07 20:03:26 INFO TaskSetManager: Starting task 43.0 in stage 74.0 (TID 778) (172.18.0.8, executor 0, partition 43, PROCESS_LOCAL, 7356 bytes)
[2025-12-07T20:03:26.745+0000] {subprocess.py:106} INFO - 25/12/07 20:03:26 INFO TaskSetManager: Starting task 44.0 in stage 74.0 (TID 779) (172.18.0.8, executor 0, partition 44, PROCESS_LOCAL, 7356 bytes)
[2025-12-07T20:03:26.746+0000] {subprocess.py:106} INFO - 25/12/07 20:03:26 INFO TaskSetManager: Starting task 45.0 in stage 74.0 (TID 780) (172.18.0.8, executor 0, partition 45, PROCESS_LOCAL, 7356 bytes)
[2025-12-07T20:03:26.748+0000] {subprocess.py:106} INFO - 25/12/07 20:03:26 INFO TaskSetManager: Finished task 27.0 in stage 74.0 (TID 763) in 192 ms on 172.18.0.8 (executor 0) (28/50)
[2025-12-07T20:03:26.749+0000] {subprocess.py:106} INFO - 25/12/07 20:03:26 INFO TaskSetManager: Finished task 29.0 in stage 74.0 (TID 765) in 187 ms on 172.18.0.8 (executor 0) (29/50)
[2025-12-07T20:03:26.750+0000] {subprocess.py:106} INFO - 25/12/07 20:03:26 INFO TaskSetManager: Finished task 19.0 in stage 74.0 (TID 755) in 214 ms on 172.18.0.8 (executor 0) (30/50)
[2025-12-07T20:03:26.751+0000] {subprocess.py:106} INFO - 25/12/07 20:03:26 INFO TaskSetManager: Starting task 46.0 in stage 74.0 (TID 781) (172.18.0.8, executor 0, partition 46, PROCESS_LOCAL, 7356 bytes)
[2025-12-07T20:03:26.755+0000] {subprocess.py:106} INFO - 25/12/07 20:03:26 INFO TaskSetManager: Finished task 26.0 in stage 74.0 (TID 762) in 201 ms on 172.18.0.8 (executor 0) (31/50)
[2025-12-07T20:03:26.763+0000] {subprocess.py:106} INFO - 25/12/07 20:03:26 INFO BlockManagerInfo: Added rdd_203_30 in memory on 172.18.0.8:41783 (size: 46.0 B, free: 434.0 MiB)
[2025-12-07T20:03:26.777+0000] {subprocess.py:106} INFO - 25/12/07 20:03:26 INFO BlockManagerInfo: Added rdd_203_33 in memory on 172.18.0.8:41783 (size: 46.0 B, free: 434.0 MiB)
[2025-12-07T20:03:26.779+0000] {subprocess.py:106} INFO - 25/12/07 20:03:26 INFO BlockManagerInfo: Added rdd_203_31 in memory on 172.18.0.8:41783 (size: 46.0 B, free: 434.0 MiB)
[2025-12-07T20:03:26.786+0000] {subprocess.py:106} INFO - 25/12/07 20:03:26 INFO BlockManagerInfo: Added rdd_203_34 in memory on 172.18.0.8:41783 (size: 46.0 B, free: 434.0 MiB)
[2025-12-07T20:03:26.787+0000] {subprocess.py:106} INFO - 25/12/07 20:03:26 INFO BlockManagerInfo: Added rdd_203_35 in memory on 172.18.0.8:41783 (size: 46.0 B, free: 434.0 MiB)
[2025-12-07T20:03:26.789+0000] {subprocess.py:106} INFO - 25/12/07 20:03:26 INFO BlockManagerInfo: Added rdd_203_37 in memory on 172.18.0.8:41783 (size: 46.0 B, free: 434.0 MiB)
[2025-12-07T20:03:26.794+0000] {subprocess.py:106} INFO - 25/12/07 20:03:26 INFO TaskSetManager: Starting task 47.0 in stage 74.0 (TID 782) (172.18.0.8, executor 0, partition 47, PROCESS_LOCAL, 7356 bytes)
[2025-12-07T20:03:26.795+0000] {subprocess.py:106} INFO - 25/12/07 20:03:26 INFO TaskSetManager: Finished task 30.0 in stage 74.0 (TID 766) in 171 ms on 172.18.0.8 (executor 0) (32/50)
[2025-12-07T20:03:26.796+0000] {subprocess.py:106} INFO - 25/12/07 20:03:26 INFO BlockManagerInfo: Added rdd_203_36 in memory on 172.18.0.8:41783 (size: 46.0 B, free: 434.0 MiB)
[2025-12-07T20:03:26.811+0000] {subprocess.py:106} INFO - 25/12/07 20:03:26 INFO BlockManagerInfo: Added rdd_203_32 in memory on 172.18.0.8:41783 (size: 46.0 B, free: 434.0 MiB)
[2025-12-07T20:03:26.812+0000] {subprocess.py:106} INFO - 25/12/07 20:03:26 INFO BlockManagerInfo: Added rdd_203_39 in memory on 172.18.0.8:41783 (size: 46.0 B, free: 434.0 MiB)
[2025-12-07T20:03:26.817+0000] {subprocess.py:106} INFO - 25/12/07 20:03:26 INFO BlockManagerInfo: Added rdd_203_38 in memory on 172.18.0.8:41783 (size: 46.0 B, free: 434.0 MiB)
[2025-12-07T20:03:26.819+0000] {subprocess.py:106} INFO - 25/12/07 20:03:26 INFO BlockManagerInfo: Added rdd_203_40 in memory on 172.18.0.8:41783 (size: 46.0 B, free: 434.0 MiB)
[2025-12-07T20:03:26.828+0000] {subprocess.py:106} INFO - 25/12/07 20:03:26 INFO TaskSetManager: Starting task 48.0 in stage 74.0 (TID 783) (172.18.0.8, executor 0, partition 48, PROCESS_LOCAL, 7356 bytes)
[2025-12-07T20:03:26.831+0000] {subprocess.py:106} INFO - 25/12/07 20:03:26 INFO TaskSetManager: Finished task 31.0 in stage 74.0 (TID 767) in 159 ms on 172.18.0.8 (executor 0) (33/50)
[2025-12-07T20:03:26.833+0000] {subprocess.py:106} INFO - 25/12/07 20:03:26 INFO TaskSetManager: Starting task 49.0 in stage 74.0 (TID 784) (172.18.0.8, executor 0, partition 49, PROCESS_LOCAL, 7356 bytes)
[2025-12-07T20:03:26.834+0000] {subprocess.py:106} INFO - 25/12/07 20:03:26 INFO TaskSetManager: Finished task 33.0 in stage 74.0 (TID 769) in 154 ms on 172.18.0.8 (executor 0) (34/50)
[2025-12-07T20:03:26.855+0000] {subprocess.py:106} INFO - 25/12/07 20:03:26 INFO BlockManagerInfo: Added rdd_203_41 in memory on 172.18.0.8:41783 (size: 46.0 B, free: 434.0 MiB)
[2025-12-07T20:03:26.856+0000] {subprocess.py:106} INFO - 25/12/07 20:03:26 INFO TaskSetManager: Finished task 34.0 in stage 74.0 (TID 770) in 164 ms on 172.18.0.8 (executor 0) (35/50)
[2025-12-07T20:03:26.863+0000] {subprocess.py:106} INFO - 25/12/07 20:03:26 INFO TaskSetManager: Finished task 39.0 in stage 74.0 (TID 775) in 130 ms on 172.18.0.8 (executor 0) (36/50)
[2025-12-07T20:03:26.869+0000] {subprocess.py:106} INFO - 25/12/07 20:03:26 INFO TaskSetManager: Finished task 37.0 in stage 74.0 (TID 773) in 149 ms on 172.18.0.8 (executor 0) (37/50)
[2025-12-07T20:03:26.871+0000] {subprocess.py:106} INFO - 25/12/07 20:03:26 INFO TaskSetManager: Finished task 38.0 in stage 74.0 (TID 774) in 139 ms on 172.18.0.8 (executor 0) (38/50)
[2025-12-07T20:03:26.875+0000] {subprocess.py:106} INFO - 25/12/07 20:03:26 INFO TaskSetManager: Finished task 35.0 in stage 74.0 (TID 771) in 175 ms on 172.18.0.8 (executor 0) (39/50)
[2025-12-07T20:03:26.877+0000] {subprocess.py:106} INFO - 25/12/07 20:03:26 INFO BlockManagerInfo: Added rdd_203_43 in memory on 172.18.0.8:41783 (size: 46.0 B, free: 434.0 MiB)
[2025-12-07T20:03:26.878+0000] {subprocess.py:106} INFO - 25/12/07 20:03:26 INFO BlockManagerInfo: Added rdd_203_44 in memory on 172.18.0.8:41783 (size: 46.0 B, free: 434.0 MiB)
[2025-12-07T20:03:26.878+0000] {subprocess.py:106} INFO - 25/12/07 20:03:26 INFO TaskSetManager: Finished task 36.0 in stage 74.0 (TID 772) in 154 ms on 172.18.0.8 (executor 0) (40/50)
[2025-12-07T20:03:26.879+0000] {subprocess.py:106} INFO - 25/12/07 20:03:26 INFO TaskSetManager: Finished task 32.0 in stage 74.0 (TID 768) in 198 ms on 172.18.0.8 (executor 0) (41/50)
[2025-12-07T20:03:26.880+0000] {subprocess.py:106} INFO - 25/12/07 20:03:26 INFO BlockManagerInfo: Added rdd_203_45 in memory on 172.18.0.8:41783 (size: 46.0 B, free: 434.0 MiB)
[2025-12-07T20:03:26.881+0000] {subprocess.py:106} INFO - 25/12/07 20:03:26 INFO TaskSetManager: Finished task 40.0 in stage 74.0 (TID 776) in 143 ms on 172.18.0.8 (executor 0) (42/50)
[2025-12-07T20:03:26.887+0000] {subprocess.py:106} INFO - 25/12/07 20:03:26 INFO TaskSetManager: Finished task 41.0 in stage 74.0 (TID 777) in 150 ms on 172.18.0.8 (executor 0) (43/50)
[2025-12-07T20:03:26.888+0000] {subprocess.py:106} INFO - 25/12/07 20:03:26 INFO BlockManagerInfo: Added rdd_203_46 in memory on 172.18.0.8:41783 (size: 46.0 B, free: 434.0 MiB)
[2025-12-07T20:03:26.889+0000] {subprocess.py:106} INFO - 25/12/07 20:03:26 INFO BlockManagerInfo: Added rdd_203_47 in memory on 172.18.0.8:41783 (size: 46.0 B, free: 434.0 MiB)
[2025-12-07T20:03:26.895+0000] {subprocess.py:106} INFO - 25/12/07 20:03:26 INFO TaskSetManager: Finished task 43.0 in stage 74.0 (TID 778) in 155 ms on 172.18.0.8 (executor 0) (44/50)
[2025-12-07T20:03:26.897+0000] {subprocess.py:106} INFO - 25/12/07 20:03:26 INFO TaskSetManager: Finished task 44.0 in stage 74.0 (TID 779) in 154 ms on 172.18.0.8 (executor 0) (45/50)
[2025-12-07T20:03:26.899+0000] {subprocess.py:106} INFO - 25/12/07 20:03:26 INFO TaskSetManager: Finished task 45.0 in stage 74.0 (TID 780) in 157 ms on 172.18.0.8 (executor 0) (46/50)
[2025-12-07T20:03:26.900+0000] {subprocess.py:106} INFO - 25/12/07 20:03:26 INFO BlockManagerInfo: Added rdd_203_48 in memory on 172.18.0.8:41783 (size: 46.0 B, free: 434.0 MiB)
[2025-12-07T20:03:26.903+0000] {subprocess.py:106} INFO - 25/12/07 20:03:26 INFO BlockManagerInfo: Added rdd_203_49 in memory on 172.18.0.8:41783 (size: 46.0 B, free: 434.0 MiB)
[2025-12-07T20:03:26.908+0000] {subprocess.py:106} INFO - 25/12/07 20:03:26 INFO TaskSetManager: Finished task 47.0 in stage 74.0 (TID 782) in 115 ms on 172.18.0.8 (executor 0) (47/50)
[2025-12-07T20:03:26.909+0000] {subprocess.py:106} INFO - 25/12/07 20:03:26 INFO TaskSetManager: Finished task 46.0 in stage 74.0 (TID 781) in 159 ms on 172.18.0.8 (executor 0) (48/50)
[2025-12-07T20:03:26.918+0000] {subprocess.py:106} INFO - 25/12/07 20:03:26 INFO TaskSetManager: Finished task 48.0 in stage 74.0 (TID 783) in 91 ms on 172.18.0.8 (executor 0) (49/50)
[2025-12-07T20:03:26.920+0000] {subprocess.py:106} INFO - 25/12/07 20:03:26 INFO TaskSetManager: Finished task 49.0 in stage 74.0 (TID 784) in 91 ms on 172.18.0.8 (executor 0) (50/50)
[2025-12-07T20:03:26.921+0000] {subprocess.py:106} INFO - 25/12/07 20:03:26 INFO TaskSchedulerImpl: Removed TaskSet 74.0, whose tasks have all completed, from pool
[2025-12-07T20:03:26.922+0000] {subprocess.py:106} INFO - 25/12/07 20:03:26 INFO DAGScheduler: ShuffleMapStage 74 ($anonfun$recordDeltaOperationInternal$1 at DatabricksLogging.scala:128) finished in 0.537 s
[2025-12-07T20:03:26.922+0000] {subprocess.py:106} INFO - 25/12/07 20:03:26 INFO DAGScheduler: looking for newly runnable stages
[2025-12-07T20:03:26.923+0000] {subprocess.py:106} INFO - 25/12/07 20:03:26 INFO DAGScheduler: running: Set()
[2025-12-07T20:03:26.924+0000] {subprocess.py:106} INFO - 25/12/07 20:03:26 INFO DAGScheduler: waiting: Set()
[2025-12-07T20:03:26.924+0000] {subprocess.py:106} INFO - 25/12/07 20:03:26 INFO DAGScheduler: failed: Set()
[2025-12-07T20:03:26.942+0000] {subprocess.py:106} INFO - 25/12/07 20:03:26 INFO SparkContext: Starting job: $anonfun$recordDeltaOperationInternal$1 at DatabricksLogging.scala:128
[2025-12-07T20:03:26.944+0000] {subprocess.py:106} INFO - 25/12/07 20:03:26 INFO DAGScheduler: Got job 44 ($anonfun$recordDeltaOperationInternal$1 at DatabricksLogging.scala:128) with 1 output partitions
[2025-12-07T20:03:26.944+0000] {subprocess.py:106} INFO - 25/12/07 20:03:26 INFO DAGScheduler: Final stage: ResultStage 77 ($anonfun$recordDeltaOperationInternal$1 at DatabricksLogging.scala:128)
[2025-12-07T20:03:26.945+0000] {subprocess.py:106} INFO - 25/12/07 20:03:26 INFO DAGScheduler: Parents of final stage: List(ShuffleMapStage 76)
[2025-12-07T20:03:26.945+0000] {subprocess.py:106} INFO - 25/12/07 20:03:26 INFO DAGScheduler: Missing parents: List()
[2025-12-07T20:03:26.946+0000] {subprocess.py:106} INFO - 25/12/07 20:03:26 INFO DAGScheduler: Submitting ResultStage 77 (MapPartitionsRDD[209] at $anonfun$recordDeltaOperationInternal$1 at DatabricksLogging.scala:128), which has no missing parents
[2025-12-07T20:03:26.949+0000] {subprocess.py:106} INFO - 25/12/07 20:03:26 INFO MemoryStore: Block broadcast_74 stored as values in memory (estimated size 452.4 KiB, free 429.7 MiB)
[2025-12-07T20:03:26.951+0000] {subprocess.py:106} INFO - 25/12/07 20:03:26 INFO MemoryStore: Block broadcast_74_piece0 stored as bytes in memory (estimated size 108.1 KiB, free 429.6 MiB)
[2025-12-07T20:03:26.952+0000] {subprocess.py:106} INFO - 25/12/07 20:03:26 INFO BlockManagerInfo: Added broadcast_74_piece0 in memory on 13f196131dae:36513 (size: 108.1 KiB, free: 433.6 MiB)
[2025-12-07T20:03:26.953+0000] {subprocess.py:106} INFO - 25/12/07 20:03:26 INFO SparkContext: Created broadcast 74 from broadcast at DAGScheduler.scala:1535
[2025-12-07T20:03:26.954+0000] {subprocess.py:106} INFO - 25/12/07 20:03:26 INFO DAGScheduler: Submitting 1 missing tasks from ResultStage 77 (MapPartitionsRDD[209] at $anonfun$recordDeltaOperationInternal$1 at DatabricksLogging.scala:128) (first 15 tasks are for partitions Vector(0))
[2025-12-07T20:03:26.954+0000] {subprocess.py:106} INFO - 25/12/07 20:03:26 INFO TaskSchedulerImpl: Adding task set 77.0 with 1 tasks resource profile 0
[2025-12-07T20:03:26.955+0000] {subprocess.py:106} INFO - 25/12/07 20:03:26 INFO TaskSetManager: Starting task 0.0 in stage 77.0 (TID 785) (172.18.0.8, executor 0, partition 0, NODE_LOCAL, 7367 bytes)
[2025-12-07T20:03:26.963+0000] {subprocess.py:106} INFO - 25/12/07 20:03:26 INFO BlockManagerInfo: Added broadcast_74_piece0 in memory on 172.18.0.8:41783 (size: 108.1 KiB, free: 433.9 MiB)
[2025-12-07T20:03:26.972+0000] {subprocess.py:106} INFO - 25/12/07 20:03:26 INFO MapOutputTrackerMasterEndpoint: Asked to send map output locations for shuffle 17 to 172.18.0.8:33606
[2025-12-07T20:03:26.993+0000] {subprocess.py:106} INFO - 25/12/07 20:03:26 INFO TaskSetManager: Finished task 0.0 in stage 77.0 (TID 785) in 38 ms on 172.18.0.8 (executor 0) (1/1)
[2025-12-07T20:03:26.994+0000] {subprocess.py:106} INFO - 25/12/07 20:03:26 INFO TaskSchedulerImpl: Removed TaskSet 77.0, whose tasks have all completed, from pool
[2025-12-07T20:03:26.995+0000] {subprocess.py:106} INFO - 25/12/07 20:03:26 INFO DAGScheduler: ResultStage 77 ($anonfun$recordDeltaOperationInternal$1 at DatabricksLogging.scala:128) finished in 0.049 s
[2025-12-07T20:03:26.995+0000] {subprocess.py:106} INFO - 25/12/07 20:03:26 INFO DAGScheduler: Job 44 is finished. Cancelling potential speculative or zombie tasks for this job
[2025-12-07T20:03:26.996+0000] {subprocess.py:106} INFO - 25/12/07 20:03:26 INFO TaskSchedulerImpl: Killing all running tasks in stage 77: Stage finished
[2025-12-07T20:03:26.996+0000] {subprocess.py:106} INFO - 25/12/07 20:03:26 INFO DAGScheduler: Job 44 finished: $anonfun$recordDeltaOperationInternal$1 at DatabricksLogging.scala:128, took 0.051904 s
[2025-12-07T20:03:27.002+0000] {subprocess.py:106} INFO - 25/12/07 20:03:27 INFO Snapshot: [tableId=71c79032-289f-4322-a439-f1feed9c8fd3] DELTA: Done
[2025-12-07T20:03:27.003+0000] {subprocess.py:106} INFO - 25/12/07 20:03:27 INFO OptimisticTransaction: [tableId=71c79032,txnId=66573a73] Committed delta #1 to s3a://gold/dim_branches/_delta_log
[2025-12-07T20:03:27.004+0000] {subprocess.py:106} INFO - --> [SUCCESS] Written dim_branches to s3a://gold/dim_branches
[2025-12-07T20:03:27.004+0000] {subprocess.py:106} INFO - Processing Dim Suppliers...
[2025-12-07T20:03:27.022+0000] {subprocess.py:106} INFO - 25/12/07 20:03:27 INFO DelegatingLogStore: LogStore `LogStoreAdapter(io.delta.storage.S3SingleDriverLogStore)` is used for scheme `s3a`
[2025-12-07T20:03:27.042+0000] {subprocess.py:106} INFO - 25/12/07 20:03:27 INFO DeltaLog: Loading version 0.
[2025-12-07T20:03:27.047+0000] {subprocess.py:106} INFO - 25/12/07 20:03:27 INFO DeltaLogFileIndex: Created DeltaLogFileIndex(JSON, numFilesInSegment: 1, totalFileSize: 2226)
[2025-12-07T20:03:27.073+0000] {subprocess.py:106} INFO - 25/12/07 20:03:27 INFO FileSourceStrategy: Pushed Filters:
[2025-12-07T20:03:27.074+0000] {subprocess.py:106} INFO - 25/12/07 20:03:27 INFO FileSourceStrategy: Post-Scan Filters:
[2025-12-07T20:03:27.088+0000] {subprocess.py:106} INFO - 25/12/07 20:03:27 INFO BlockManagerInfo: Removed broadcast_74_piece0 on 13f196131dae:36513 in memory (size: 108.1 KiB, free: 433.7 MiB)
[2025-12-07T20:03:27.090+0000] {subprocess.py:106} INFO - 25/12/07 20:03:27 INFO BlockManagerInfo: Removed broadcast_74_piece0 on 172.18.0.8:41783 in memory (size: 108.1 KiB, free: 434.0 MiB)
[2025-12-07T20:03:27.090+0000] {subprocess.py:106} INFO - 25/12/07 20:03:27 INFO MemoryStore: Block broadcast_75 stored as values in memory (estimated size 212.9 KiB, free 429.9 MiB)
[2025-12-07T20:03:27.094+0000] {subprocess.py:106} INFO - 25/12/07 20:03:27 INFO BlockManagerInfo: Removed broadcast_73_piece0 on 13f196131dae:36513 in memory (size: 123.3 KiB, free: 433.9 MiB)
[2025-12-07T20:03:27.095+0000] {subprocess.py:106} INFO - 25/12/07 20:03:27 INFO BlockManagerInfo: Removed broadcast_73_piece0 on 172.18.0.8:41783 in memory (size: 123.3 KiB, free: 434.1 MiB)
[2025-12-07T20:03:27.099+0000] {subprocess.py:106} INFO - 25/12/07 20:03:27 INFO MemoryStore: Block broadcast_75_piece0 stored as bytes in memory (estimated size 36.4 KiB, free 430.5 MiB)
[2025-12-07T20:03:27.100+0000] {subprocess.py:106} INFO - 25/12/07 20:03:27 INFO BlockManagerInfo: Added broadcast_75_piece0 in memory on 13f196131dae:36513 (size: 36.4 KiB, free: 433.8 MiB)
[2025-12-07T20:03:27.101+0000] {subprocess.py:106} INFO - 25/12/07 20:03:27 INFO SparkContext: Created broadcast 75 from toString at <unknown>:0
[2025-12-07T20:03:27.102+0000] {subprocess.py:106} INFO - 25/12/07 20:03:27 INFO FileSourceScanExec: Planning scan with bin packing, max size: 4194304 bytes, open cost is considered as scanning 4194304 bytes.
[2025-12-07T20:03:27.115+0000] {subprocess.py:106} INFO - 25/12/07 20:03:27 INFO SparkContext: Starting job: toString at <unknown>:0
[2025-12-07T20:03:27.116+0000] {subprocess.py:106} INFO - 25/12/07 20:03:27 INFO DAGScheduler: Got job 45 (toString at <unknown>:0) with 1 output partitions
[2025-12-07T20:03:27.116+0000] {subprocess.py:106} INFO - 25/12/07 20:03:27 INFO DAGScheduler: Final stage: ResultStage 78 (toString at <unknown>:0)
[2025-12-07T20:03:27.117+0000] {subprocess.py:106} INFO - 25/12/07 20:03:27 INFO DAGScheduler: Parents of final stage: List()
[2025-12-07T20:03:27.118+0000] {subprocess.py:106} INFO - 25/12/07 20:03:27 INFO DAGScheduler: Missing parents: List()
[2025-12-07T20:03:27.119+0000] {subprocess.py:106} INFO - 25/12/07 20:03:27 INFO DAGScheduler: Submitting ResultStage 78 (MapPartitionsRDD[213] at toString at <unknown>:0), which has no missing parents
[2025-12-07T20:03:27.119+0000] {subprocess.py:106} INFO - 25/12/07 20:03:27 INFO MemoryStore: Block broadcast_76 stored as values in memory (estimated size 50.4 KiB, free 430.5 MiB)
[2025-12-07T20:03:27.120+0000] {subprocess.py:106} INFO - 25/12/07 20:03:27 INFO MemoryStore: Block broadcast_76_piece0 stored as bytes in memory (estimated size 15.5 KiB, free 430.4 MiB)
[2025-12-07T20:03:27.121+0000] {subprocess.py:106} INFO - 25/12/07 20:03:27 INFO BlockManagerInfo: Added broadcast_76_piece0 in memory on 13f196131dae:36513 (size: 15.5 KiB, free: 433.8 MiB)
[2025-12-07T20:03:27.122+0000] {subprocess.py:106} INFO - 25/12/07 20:03:27 INFO SparkContext: Created broadcast 76 from broadcast at DAGScheduler.scala:1535
[2025-12-07T20:03:27.122+0000] {subprocess.py:106} INFO - 25/12/07 20:03:27 INFO DAGScheduler: Submitting 1 missing tasks from ResultStage 78 (MapPartitionsRDD[213] at toString at <unknown>:0) (first 15 tasks are for partitions Vector(0))
[2025-12-07T20:03:27.123+0000] {subprocess.py:106} INFO - 25/12/07 20:03:27 INFO TaskSchedulerImpl: Adding task set 78.0 with 1 tasks resource profile 0
[2025-12-07T20:03:27.124+0000] {subprocess.py:106} INFO - 25/12/07 20:03:27 INFO TaskSetManager: Starting task 0.0 in stage 78.0 (TID 786) (172.18.0.8, executor 0, partition 0, PROCESS_LOCAL, 7943 bytes)
[2025-12-07T20:03:27.130+0000] {subprocess.py:106} INFO - 25/12/07 20:03:27 INFO BlockManagerInfo: Added broadcast_76_piece0 in memory on 172.18.0.8:41783 (size: 15.5 KiB, free: 434.1 MiB)
[2025-12-07T20:03:27.143+0000] {subprocess.py:106} INFO - 25/12/07 20:03:27 INFO BlockManagerInfo: Added broadcast_75_piece0 in memory on 172.18.0.8:41783 (size: 36.4 KiB, free: 434.0 MiB)
[2025-12-07T20:03:27.172+0000] {subprocess.py:106} INFO - 25/12/07 20:03:27 INFO TaskSetManager: Finished task 0.0 in stage 78.0 (TID 786) in 50 ms on 172.18.0.8 (executor 0) (1/1)
[2025-12-07T20:03:27.173+0000] {subprocess.py:106} INFO - 25/12/07 20:03:27 INFO TaskSchedulerImpl: Removed TaskSet 78.0, whose tasks have all completed, from pool
[2025-12-07T20:03:27.174+0000] {subprocess.py:106} INFO - 25/12/07 20:03:27 INFO DAGScheduler: ResultStage 78 (toString at <unknown>:0) finished in 0.056 s
[2025-12-07T20:03:27.175+0000] {subprocess.py:106} INFO - 25/12/07 20:03:27 INFO DAGScheduler: Job 45 is finished. Cancelling potential speculative or zombie tasks for this job
[2025-12-07T20:03:27.175+0000] {subprocess.py:106} INFO - 25/12/07 20:03:27 INFO TaskSchedulerImpl: Killing all running tasks in stage 78: Stage finished
[2025-12-07T20:03:27.176+0000] {subprocess.py:106} INFO - 25/12/07 20:03:27 INFO DAGScheduler: Job 45 finished: toString at <unknown>:0, took 0.058845 s
[2025-12-07T20:03:27.180+0000] {subprocess.py:106} INFO - 25/12/07 20:03:27 INFO Snapshot: [tableId=71db1fce-a95a-43f7-b17d-3256cd5b679e] Created snapshot Snapshot(path=s3a://silver/suppliers/_delta_log, version=0, metadata=Metadata(72b21a0b-98df-4d56-82bf-c9c6a5c7d284,null,null,Format(parquet,Map()),{"type":"struct","fields":[{"name":"supplier_id","type":"string","nullable":true,"metadata":{}},{"name":"supplier_name","type":"string","nullable":true,"metadata":{}},{"name":"phone","type":"string","nullable":true,"metadata":{}},{"name":"address","type":"string","nullable":true,"metadata":{}},{"name":"tax_id","type":"string","nullable":true,"metadata":{}},{"name":"current_liability","type":"decimal(18,2)","nullable":true,"metadata":{}},{"name":"status","type":"long","nullable":true,"metadata":{}},{"name":"etl_loaded_at","type":"timestamp","nullable":true,"metadata":{}}]},List(),Map(),Some(1765137755757)), logSegment=LogSegment(s3a://silver/suppliers/_delta_log,0,WrappedArray(S3AFileStatus{path=s3a://silver/suppliers/_delta_log/00000000000000000000.json; isDirectory=false; length=2226; replication=1; blocksize=33554432; modification_time=1765137756317; access_time=0; owner=root; group=root; permission=rw-rw-rw-; isSymlink=false; hasAcl=false; isEncrypted=true; isErasureCoded=false} isEmptyDirectory=FALSE eTag=bd9f12d8900dad672ceab2ab713f91b9 versionId=null),None,1765137756317), checksumOpt=None)
[2025-12-07T20:03:27.251+0000] {subprocess.py:106} INFO - 25/12/07 20:03:27 INFO DelegatingLogStore: LogStore `LogStoreAdapter(io.delta.storage.S3SingleDriverLogStore)` is used for scheme `s3a`
[2025-12-07T20:03:27.276+0000] {subprocess.py:106} INFO - 25/12/07 20:03:27 INFO DeltaLog: Loading version 0.
[2025-12-07T20:03:27.281+0000] {subprocess.py:106} INFO - 25/12/07 20:03:27 INFO DeltaLogFileIndex: Created DeltaLogFileIndex(JSON, numFilesInSegment: 1, totalFileSize: 2085)
[2025-12-07T20:03:27.303+0000] {subprocess.py:106} INFO - 25/12/07 20:03:27 INFO FileSourceStrategy: Pushed Filters:
[2025-12-07T20:03:27.304+0000] {subprocess.py:106} INFO - 25/12/07 20:03:27 INFO FileSourceStrategy: Post-Scan Filters:
[2025-12-07T20:03:27.314+0000] {subprocess.py:106} INFO - 25/12/07 20:03:27 INFO MemoryStore: Block broadcast_77 stored as values in memory (estimated size 212.9 KiB, free 430.2 MiB)
[2025-12-07T20:03:27.320+0000] {subprocess.py:106} INFO - 25/12/07 20:03:27 INFO MemoryStore: Block broadcast_77_piece0 stored as bytes in memory (estimated size 36.4 KiB, free 430.2 MiB)
[2025-12-07T20:03:27.321+0000] {subprocess.py:106} INFO - 25/12/07 20:03:27 INFO BlockManagerInfo: Added broadcast_77_piece0 in memory on 13f196131dae:36513 (size: 36.4 KiB, free: 433.8 MiB)
[2025-12-07T20:03:27.322+0000] {subprocess.py:106} INFO - 25/12/07 20:03:27 INFO SparkContext: Created broadcast 77 from toString at <unknown>:0
[2025-12-07T20:03:27.322+0000] {subprocess.py:106} INFO - 25/12/07 20:03:27 INFO FileSourceScanExec: Planning scan with bin packing, max size: 4194304 bytes, open cost is considered as scanning 4194304 bytes.
[2025-12-07T20:03:27.331+0000] {subprocess.py:106} INFO - 25/12/07 20:03:27 INFO SparkContext: Starting job: toString at <unknown>:0
[2025-12-07T20:03:27.332+0000] {subprocess.py:106} INFO - 25/12/07 20:03:27 INFO DAGScheduler: Got job 46 (toString at <unknown>:0) with 1 output partitions
[2025-12-07T20:03:27.333+0000] {subprocess.py:106} INFO - 25/12/07 20:03:27 INFO DAGScheduler: Final stage: ResultStage 79 (toString at <unknown>:0)
[2025-12-07T20:03:27.333+0000] {subprocess.py:106} INFO - 25/12/07 20:03:27 INFO DAGScheduler: Parents of final stage: List()
[2025-12-07T20:03:27.334+0000] {subprocess.py:106} INFO - 25/12/07 20:03:27 INFO DAGScheduler: Missing parents: List()
[2025-12-07T20:03:27.334+0000] {subprocess.py:106} INFO - 25/12/07 20:03:27 INFO DAGScheduler: Submitting ResultStage 79 (MapPartitionsRDD[217] at toString at <unknown>:0), which has no missing parents
[2025-12-07T20:03:27.335+0000] {subprocess.py:106} INFO - 25/12/07 20:03:27 INFO MemoryStore: Block broadcast_78 stored as values in memory (estimated size 50.4 KiB, free 430.2 MiB)
[2025-12-07T20:03:27.342+0000] {subprocess.py:106} INFO - 25/12/07 20:03:27 INFO MemoryStore: Block broadcast_78_piece0 stored as bytes in memory (estimated size 15.5 KiB, free 430.2 MiB)
[2025-12-07T20:03:27.344+0000] {subprocess.py:106} INFO - 25/12/07 20:03:27 INFO BlockManagerInfo: Removed broadcast_76_piece0 on 13f196131dae:36513 in memory (size: 15.5 KiB, free: 433.8 MiB)
[2025-12-07T20:03:27.345+0000] {subprocess.py:106} INFO - 25/12/07 20:03:27 INFO BlockManagerInfo: Added broadcast_78_piece0 in memory on 13f196131dae:36513 (size: 15.5 KiB, free: 433.8 MiB)
[2025-12-07T20:03:27.346+0000] {subprocess.py:106} INFO - 25/12/07 20:03:27 INFO SparkContext: Created broadcast 78 from broadcast at DAGScheduler.scala:1535
[2025-12-07T20:03:27.348+0000] {subprocess.py:106} INFO - 25/12/07 20:03:27 INFO DAGScheduler: Submitting 1 missing tasks from ResultStage 79 (MapPartitionsRDD[217] at toString at <unknown>:0) (first 15 tasks are for partitions Vector(0))
[2025-12-07T20:03:27.349+0000] {subprocess.py:106} INFO - 25/12/07 20:03:27 INFO TaskSchedulerImpl: Adding task set 79.0 with 1 tasks resource profile 0
[2025-12-07T20:03:27.350+0000] {subprocess.py:106} INFO - 25/12/07 20:03:27 INFO BlockManagerInfo: Removed broadcast_76_piece0 on 172.18.0.8:41783 in memory (size: 15.5 KiB, free: 434.1 MiB)
[2025-12-07T20:03:27.350+0000] {subprocess.py:106} INFO - 25/12/07 20:03:27 INFO TaskSetManager: Starting task 0.0 in stage 79.0 (TID 787) (172.18.0.8, executor 0, partition 0, PROCESS_LOCAL, 7945 bytes)
[2025-12-07T20:03:27.351+0000] {subprocess.py:106} INFO - 25/12/07 20:03:27 INFO BlockManagerInfo: Removed broadcast_75_piece0 on 13f196131dae:36513 in memory (size: 36.4 KiB, free: 433.8 MiB)
[2025-12-07T20:03:27.351+0000] {subprocess.py:106} INFO - 25/12/07 20:03:27 INFO BlockManagerInfo: Removed broadcast_75_piece0 on 172.18.0.8:41783 in memory (size: 36.4 KiB, free: 434.1 MiB)
[2025-12-07T20:03:27.355+0000] {subprocess.py:106} INFO - 25/12/07 20:03:27 INFO BlockManagerInfo: Added broadcast_78_piece0 in memory on 172.18.0.8:41783 (size: 15.5 KiB, free: 434.1 MiB)
[2025-12-07T20:03:27.366+0000] {subprocess.py:106} INFO - 25/12/07 20:03:27 INFO BlockManagerInfo: Added broadcast_77_piece0 in memory on 172.18.0.8:41783 (size: 36.4 KiB, free: 434.0 MiB)
[2025-12-07T20:03:27.403+0000] {subprocess.py:106} INFO - 25/12/07 20:03:27 INFO TaskSetManager: Finished task 0.0 in stage 79.0 (TID 787) in 57 ms on 172.18.0.8 (executor 0) (1/1)
[2025-12-07T20:03:27.404+0000] {subprocess.py:106} INFO - 25/12/07 20:03:27 INFO TaskSchedulerImpl: Removed TaskSet 79.0, whose tasks have all completed, from pool
[2025-12-07T20:03:27.405+0000] {subprocess.py:106} INFO - 25/12/07 20:03:27 INFO BlockManagerInfo: Removed broadcast_60_piece0 on 13f196131dae:36513 in memory (size: 36.9 KiB, free: 433.9 MiB)
[2025-12-07T20:03:27.406+0000] {subprocess.py:106} INFO - 25/12/07 20:03:27 INFO DAGScheduler: ResultStage 79 (toString at <unknown>:0) finished in 0.070 s
[2025-12-07T20:03:27.406+0000] {subprocess.py:106} INFO - 25/12/07 20:03:27 INFO DAGScheduler: Job 46 is finished. Cancelling potential speculative or zombie tasks for this job
[2025-12-07T20:03:27.407+0000] {subprocess.py:106} INFO - 25/12/07 20:03:27 INFO TaskSchedulerImpl: Killing all running tasks in stage 79: Stage finished
[2025-12-07T20:03:27.408+0000] {subprocess.py:106} INFO - 25/12/07 20:03:27 INFO DAGScheduler: Job 46 finished: toString at <unknown>:0, took 0.072510 s
[2025-12-07T20:03:27.408+0000] {subprocess.py:106} INFO - 25/12/07 20:03:27 INFO BlockManagerInfo: Removed broadcast_60_piece0 on 172.18.0.8:41783 in memory (size: 36.9 KiB, free: 434.1 MiB)
[2025-12-07T20:03:27.409+0000] {subprocess.py:106} INFO - 25/12/07 20:03:27 INFO BlockManagerInfo: Removed broadcast_63_piece0 on 13f196131dae:36513 in memory (size: 36.4 KiB, free: 433.9 MiB)
[2025-12-07T20:03:27.411+0000] {subprocess.py:106} INFO - 25/12/07 20:03:27 INFO BlockManagerInfo: Removed broadcast_63_piece0 on 172.18.0.8:41783 in memory (size: 36.4 KiB, free: 434.1 MiB)
[2025-12-07T20:03:27.412+0000] {subprocess.py:106} INFO - 25/12/07 20:03:27 INFO Snapshot: [tableId=76682ead-0ee3-47c1-a8a0-9c6290990d80] Created snapshot Snapshot(path=s3a://gold/dim_suppliers/_delta_log, version=0, metadata=Metadata(8ea85646-03cc-4333-b3ca-9b497510ee64,null,null,Format(parquet,Map()),{"type":"struct","fields":[{"name":"supplier_key","type":"string","nullable":true,"metadata":{}},{"name":"supplier_id","type":"string","nullable":true,"metadata":{}},{"name":"supplier_name","type":"string","nullable":true,"metadata":{}},{"name":"phone","type":"string","nullable":true,"metadata":{}},{"name":"address","type":"string","nullable":true,"metadata":{}},{"name":"tax_id","type":"string","nullable":true,"metadata":{}},{"name":"last_updated","type":"timestamp","nullable":true,"metadata":{}}]},List(),Map(),Some(1765136702182)), logSegment=LogSegment(s3a://gold/dim_suppliers/_delta_log,0,WrappedArray(S3AFileStatus{path=s3a://gold/dim_suppliers/_delta_log/00000000000000000000.json; isDirectory=false; length=2085; replication=1; blocksize=33554432; modification_time=1765136704182; access_time=0; owner=root; group=root; permission=rw-rw-rw-; isSymlink=false; hasAcl=false; isEncrypted=true; isErasureCoded=false} isEmptyDirectory=FALSE eTag=3a84ce79ea2da573c46af56117571050 versionId=null),None,1765136704182), checksumOpt=None)
[2025-12-07T20:03:27.414+0000] {subprocess.py:106} INFO - 25/12/07 20:03:27 INFO BlockManager: Removing RDD 180
[2025-12-07T20:03:27.418+0000] {subprocess.py:106} INFO - 25/12/07 20:03:27 INFO BlockManagerInfo: Removed broadcast_62_piece0 on 13f196131dae:36513 in memory (size: 36.3 KiB, free: 433.9 MiB)
[2025-12-07T20:03:27.479+0000] {subprocess.py:106} INFO - 25/12/07 20:03:27 INFO PrepareDeltaScan: DELTA: Filtering files for query
[2025-12-07T20:03:27.480+0000] {subprocess.py:106} INFO - 25/12/07 20:03:27 INFO Snapshot: [tableId=72b21a0b-98df-4d56-82bf-c9c6a5c7d284] DELTA: Compute snapshot for version: 0
[2025-12-07T20:03:27.480+0000] {subprocess.py:106} INFO - 25/12/07 20:03:27 INFO MemoryStore: Block broadcast_79 stored as values in memory (estimated size 212.3 KiB, free 431.0 MiB)
[2025-12-07T20:03:27.487+0000] {subprocess.py:106} INFO - 25/12/07 20:03:27 INFO MemoryStore: Block broadcast_79_piece0 stored as bytes in memory (estimated size 36.3 KiB, free 430.9 MiB)
[2025-12-07T20:03:27.488+0000] {subprocess.py:106} INFO - 25/12/07 20:03:27 INFO BlockManagerInfo: Added broadcast_79_piece0 in memory on 13f196131dae:36513 (size: 36.3 KiB, free: 433.9 MiB)
[2025-12-07T20:03:27.488+0000] {subprocess.py:106} INFO - 25/12/07 20:03:27 INFO SparkContext: Created broadcast 79 from $anonfun$recordDeltaOperationInternal$1 at DatabricksLogging.scala:128
[2025-12-07T20:03:27.566+0000] {subprocess.py:106} INFO - 25/12/07 20:03:27 INFO BlockManagerInfo: Removed broadcast_77_piece0 on 13f196131dae:36513 in memory (size: 36.4 KiB, free: 433.9 MiB)
[2025-12-07T20:03:27.567+0000] {subprocess.py:106} INFO - 25/12/07 20:03:27 INFO BlockManagerInfo: Removed broadcast_77_piece0 on 172.18.0.8:41783 in memory (size: 36.4 KiB, free: 434.2 MiB)
[2025-12-07T20:03:27.570+0000] {subprocess.py:106} INFO - 25/12/07 20:03:27 INFO BlockManagerInfo: Removed broadcast_78_piece0 on 13f196131dae:36513 in memory (size: 15.5 KiB, free: 433.9 MiB)
[2025-12-07T20:03:27.571+0000] {subprocess.py:106} INFO - 25/12/07 20:03:27 INFO BlockManagerInfo: Removed broadcast_78_piece0 on 172.18.0.8:41783 in memory (size: 15.5 KiB, free: 434.2 MiB)
[2025-12-07T20:03:27.598+0000] {subprocess.py:106} INFO - 25/12/07 20:03:27 INFO FileSourceStrategy: Pushed Filters:
[2025-12-07T20:03:27.599+0000] {subprocess.py:106} INFO - 25/12/07 20:03:27 INFO FileSourceStrategy: Post-Scan Filters:
[2025-12-07T20:03:27.631+0000] {subprocess.py:106} INFO - 25/12/07 20:03:27 INFO MemoryStore: Block broadcast_80 stored as values in memory (estimated size 212.9 KiB, free 431.0 MiB)
[2025-12-07T20:03:27.637+0000] {subprocess.py:106} INFO - 25/12/07 20:03:27 INFO MemoryStore: Block broadcast_80_piece0 stored as bytes in memory (estimated size 36.4 KiB, free 431.0 MiB)
[2025-12-07T20:03:27.638+0000] {subprocess.py:106} INFO - 25/12/07 20:03:27 INFO BlockManagerInfo: Added broadcast_80_piece0 in memory on 13f196131dae:36513 (size: 36.4 KiB, free: 433.9 MiB)
[2025-12-07T20:03:27.639+0000] {subprocess.py:106} INFO - 25/12/07 20:03:27 INFO SparkContext: Created broadcast 80 from $anonfun$recordDeltaOperationInternal$1 at DatabricksLogging.scala:128
[2025-12-07T20:03:27.640+0000] {subprocess.py:106} INFO - 25/12/07 20:03:27 INFO FileSourceScanExec: Planning scan with bin packing, max size: 4194304 bytes, open cost is considered as scanning 4194304 bytes.
[2025-12-07T20:03:27.646+0000] {subprocess.py:106} INFO - 25/12/07 20:03:27 INFO DAGScheduler: Registering RDD 221 ($anonfun$recordDeltaOperationInternal$1 at DatabricksLogging.scala:128) as input to shuffle 18
[2025-12-07T20:03:27.646+0000] {subprocess.py:106} INFO - 25/12/07 20:03:27 INFO DAGScheduler: Got map stage job 47 ($anonfun$recordDeltaOperationInternal$1 at DatabricksLogging.scala:128) with 1 output partitions
[2025-12-07T20:03:27.647+0000] {subprocess.py:106} INFO - 25/12/07 20:03:27 INFO DAGScheduler: Final stage: ShuffleMapStage 80 ($anonfun$recordDeltaOperationInternal$1 at DatabricksLogging.scala:128)
[2025-12-07T20:03:27.648+0000] {subprocess.py:106} INFO - 25/12/07 20:03:27 INFO DAGScheduler: Parents of final stage: List()
[2025-12-07T20:03:27.648+0000] {subprocess.py:106} INFO - 25/12/07 20:03:27 INFO DAGScheduler: Missing parents: List()
[2025-12-07T20:03:27.649+0000] {subprocess.py:106} INFO - 25/12/07 20:03:27 INFO DAGScheduler: Submitting ShuffleMapStage 80 (MapPartitionsRDD[221] at $anonfun$recordDeltaOperationInternal$1 at DatabricksLogging.scala:128), which has no missing parents
[2025-12-07T20:03:27.650+0000] {subprocess.py:106} INFO - 25/12/07 20:03:27 INFO MemoryStore: Block broadcast_81 stored as values in memory (estimated size 138.3 KiB, free 430.9 MiB)
[2025-12-07T20:03:27.652+0000] {subprocess.py:106} INFO - 25/12/07 20:03:27 INFO MemoryStore: Block broadcast_81_piece0 stored as bytes in memory (estimated size 39.0 KiB, free 430.8 MiB)
[2025-12-07T20:03:27.653+0000] {subprocess.py:106} INFO - 25/12/07 20:03:27 INFO BlockManagerInfo: Added broadcast_81_piece0 in memory on 13f196131dae:36513 (size: 39.0 KiB, free: 433.9 MiB)
[2025-12-07T20:03:27.653+0000] {subprocess.py:106} INFO - 25/12/07 20:03:27 INFO SparkContext: Created broadcast 81 from broadcast at DAGScheduler.scala:1535
[2025-12-07T20:03:27.654+0000] {subprocess.py:106} INFO - 25/12/07 20:03:27 INFO DAGScheduler: Submitting 1 missing tasks from ShuffleMapStage 80 (MapPartitionsRDD[221] at $anonfun$recordDeltaOperationInternal$1 at DatabricksLogging.scala:128) (first 15 tasks are for partitions Vector(0))
[2025-12-07T20:03:27.656+0000] {subprocess.py:106} INFO - 25/12/07 20:03:27 INFO TaskSchedulerImpl: Adding task set 80.0 with 1 tasks resource profile 0
[2025-12-07T20:03:27.657+0000] {subprocess.py:106} INFO - 25/12/07 20:03:27 INFO TaskSetManager: Starting task 0.0 in stage 80.0 (TID 788) (172.18.0.8, executor 0, partition 0, PROCESS_LOCAL, 7932 bytes)
[2025-12-07T20:03:27.661+0000] {subprocess.py:106} INFO - 25/12/07 20:03:27 INFO BlockManagerInfo: Added broadcast_81_piece0 in memory on 172.18.0.8:41783 (size: 39.0 KiB, free: 434.1 MiB)
[2025-12-07T20:03:27.678+0000] {subprocess.py:106} INFO - 25/12/07 20:03:27 INFO BlockManagerInfo: Added broadcast_80_piece0 in memory on 172.18.0.8:41783 (size: 36.4 KiB, free: 434.1 MiB)
[2025-12-07T20:03:27.703+0000] {subprocess.py:106} INFO - 25/12/07 20:03:27 INFO TaskSetManager: Finished task 0.0 in stage 80.0 (TID 788) in 48 ms on 172.18.0.8 (executor 0) (1/1)
[2025-12-07T20:03:27.704+0000] {subprocess.py:106} INFO - 25/12/07 20:03:27 INFO TaskSchedulerImpl: Removed TaskSet 80.0, whose tasks have all completed, from pool
[2025-12-07T20:03:27.704+0000] {subprocess.py:106} INFO - 25/12/07 20:03:27 INFO DAGScheduler: ShuffleMapStage 80 ($anonfun$recordDeltaOperationInternal$1 at DatabricksLogging.scala:128) finished in 0.056 s
[2025-12-07T20:03:27.705+0000] {subprocess.py:106} INFO - 25/12/07 20:03:27 INFO DAGScheduler: looking for newly runnable stages
[2025-12-07T20:03:27.705+0000] {subprocess.py:106} INFO - 25/12/07 20:03:27 INFO DAGScheduler: running: Set()
[2025-12-07T20:03:27.706+0000] {subprocess.py:106} INFO - 25/12/07 20:03:27 INFO DAGScheduler: waiting: Set()
[2025-12-07T20:03:27.706+0000] {subprocess.py:106} INFO - 25/12/07 20:03:27 INFO DAGScheduler: failed: Set()
[2025-12-07T20:03:27.730+0000] {subprocess.py:106} INFO - 25/12/07 20:03:27 INFO BlockManagerInfo: Removed broadcast_81_piece0 on 13f196131dae:36513 in memory (size: 39.0 KiB, free: 433.9 MiB)
[2025-12-07T20:03:27.731+0000] {subprocess.py:106} INFO - 25/12/07 20:03:27 INFO BlockManagerInfo: Removed broadcast_81_piece0 on 172.18.0.8:41783 in memory (size: 39.0 KiB, free: 434.1 MiB)
[2025-12-07T20:03:27.842+0000] {subprocess.py:106} INFO - 25/12/07 20:03:27 INFO DAGScheduler: Registering RDD 231 ($anonfun$recordDeltaOperationInternal$1 at DatabricksLogging.scala:128) as input to shuffle 19
[2025-12-07T20:03:27.843+0000] {subprocess.py:106} INFO - 25/12/07 20:03:27 INFO DAGScheduler: Got map stage job 48 ($anonfun$recordDeltaOperationInternal$1 at DatabricksLogging.scala:128) with 50 output partitions
[2025-12-07T20:03:27.844+0000] {subprocess.py:106} INFO - 25/12/07 20:03:27 INFO DAGScheduler: Final stage: ShuffleMapStage 82 ($anonfun$recordDeltaOperationInternal$1 at DatabricksLogging.scala:128)
[2025-12-07T20:03:27.844+0000] {subprocess.py:106} INFO - 25/12/07 20:03:27 INFO DAGScheduler: Parents of final stage: List(ShuffleMapStage 81)
[2025-12-07T20:03:27.845+0000] {subprocess.py:106} INFO - 25/12/07 20:03:27 INFO DAGScheduler: Missing parents: List()
[2025-12-07T20:03:27.845+0000] {subprocess.py:106} INFO - 25/12/07 20:03:27 INFO DAGScheduler: Submitting ShuffleMapStage 82 (MapPartitionsRDD[231] at $anonfun$recordDeltaOperationInternal$1 at DatabricksLogging.scala:128), which has no missing parents
[2025-12-07T20:03:27.857+0000] {subprocess.py:106} INFO - 25/12/07 20:03:27 INFO MemoryStore: Block broadcast_82 stored as values in memory (estimated size 517.2 KiB, free 430.5 MiB)
[2025-12-07T20:03:27.858+0000] {subprocess.py:106} INFO - 25/12/07 20:03:27 INFO MemoryStore: Block broadcast_82_piece0 stored as bytes in memory (estimated size 123.3 KiB, free 430.4 MiB)
[2025-12-07T20:03:27.859+0000] {subprocess.py:106} INFO - 25/12/07 20:03:27 INFO BlockManagerInfo: Added broadcast_82_piece0 in memory on 13f196131dae:36513 (size: 123.3 KiB, free: 433.8 MiB)
[2025-12-07T20:03:27.859+0000] {subprocess.py:106} INFO - 25/12/07 20:03:27 INFO SparkContext: Created broadcast 82 from broadcast at DAGScheduler.scala:1535
[2025-12-07T20:03:27.860+0000] {subprocess.py:106} INFO - 25/12/07 20:03:27 INFO DAGScheduler: Submitting 50 missing tasks from ShuffleMapStage 82 (MapPartitionsRDD[231] at $anonfun$recordDeltaOperationInternal$1 at DatabricksLogging.scala:128) (first 15 tasks are for partitions Vector(0, 1, 2, 3, 4, 5, 6, 7, 8, 9, 10, 11, 12, 13, 14))
[2025-12-07T20:03:27.861+0000] {subprocess.py:106} INFO - 25/12/07 20:03:27 INFO TaskSchedulerImpl: Adding task set 82.0 with 50 tasks resource profile 0
[2025-12-07T20:03:27.862+0000] {subprocess.py:106} INFO - 25/12/07 20:03:27 INFO TaskSetManager: Starting task 29.0 in stage 82.0 (TID 789) (172.18.0.8, executor 0, partition 29, NODE_LOCAL, 7356 bytes)
[2025-12-07T20:03:27.862+0000] {subprocess.py:106} INFO - 25/12/07 20:03:27 INFO TaskSetManager: Starting task 42.0 in stage 82.0 (TID 790) (172.18.0.8, executor 0, partition 42, NODE_LOCAL, 7356 bytes)
[2025-12-07T20:03:27.863+0000] {subprocess.py:106} INFO - 25/12/07 20:03:27 INFO TaskSetManager: Starting task 0.0 in stage 82.0 (TID 791) (172.18.0.8, executor 0, partition 0, PROCESS_LOCAL, 7356 bytes)
[2025-12-07T20:03:27.864+0000] {subprocess.py:106} INFO - 25/12/07 20:03:27 INFO TaskSetManager: Starting task 1.0 in stage 82.0 (TID 792) (172.18.0.8, executor 0, partition 1, PROCESS_LOCAL, 7356 bytes)
[2025-12-07T20:03:27.864+0000] {subprocess.py:106} INFO - 25/12/07 20:03:27 INFO TaskSetManager: Starting task 2.0 in stage 82.0 (TID 793) (172.18.0.8, executor 0, partition 2, PROCESS_LOCAL, 7356 bytes)
[2025-12-07T20:03:27.867+0000] {subprocess.py:106} INFO - 25/12/07 20:03:27 INFO TaskSetManager: Starting task 3.0 in stage 82.0 (TID 794) (172.18.0.8, executor 0, partition 3, PROCESS_LOCAL, 7356 bytes)
[2025-12-07T20:03:27.868+0000] {subprocess.py:106} INFO - 25/12/07 20:03:27 INFO TaskSetManager: Starting task 4.0 in stage 82.0 (TID 795) (172.18.0.8, executor 0, partition 4, PROCESS_LOCAL, 7356 bytes)
[2025-12-07T20:03:27.868+0000] {subprocess.py:106} INFO - 25/12/07 20:03:27 INFO TaskSetManager: Starting task 5.0 in stage 82.0 (TID 796) (172.18.0.8, executor 0, partition 5, PROCESS_LOCAL, 7356 bytes)
[2025-12-07T20:03:27.869+0000] {subprocess.py:106} INFO - 25/12/07 20:03:27 INFO TaskSetManager: Starting task 6.0 in stage 82.0 (TID 797) (172.18.0.8, executor 0, partition 6, PROCESS_LOCAL, 7356 bytes)
[2025-12-07T20:03:27.869+0000] {subprocess.py:106} INFO - 25/12/07 20:03:27 INFO TaskSetManager: Starting task 7.0 in stage 82.0 (TID 798) (172.18.0.8, executor 0, partition 7, PROCESS_LOCAL, 7356 bytes)
[2025-12-07T20:03:27.869+0000] {subprocess.py:106} INFO - 25/12/07 20:03:27 INFO TaskSetManager: Starting task 8.0 in stage 82.0 (TID 799) (172.18.0.8, executor 0, partition 8, PROCESS_LOCAL, 7356 bytes)
[2025-12-07T20:03:27.870+0000] {subprocess.py:106} INFO - 25/12/07 20:03:27 INFO TaskSetManager: Starting task 9.0 in stage 82.0 (TID 800) (172.18.0.8, executor 0, partition 9, PROCESS_LOCAL, 7356 bytes)
[2025-12-07T20:03:27.870+0000] {subprocess.py:106} INFO - 25/12/07 20:03:27 INFO TaskSetManager: Starting task 10.0 in stage 82.0 (TID 801) (172.18.0.8, executor 0, partition 10, PROCESS_LOCAL, 7356 bytes)
[2025-12-07T20:03:27.871+0000] {subprocess.py:106} INFO - 25/12/07 20:03:27 INFO TaskSetManager: Starting task 11.0 in stage 82.0 (TID 802) (172.18.0.8, executor 0, partition 11, PROCESS_LOCAL, 7356 bytes)
[2025-12-07T20:03:27.871+0000] {subprocess.py:106} INFO - 25/12/07 20:03:27 INFO TaskSetManager: Starting task 12.0 in stage 82.0 (TID 803) (172.18.0.8, executor 0, partition 12, PROCESS_LOCAL, 7356 bytes)
[2025-12-07T20:03:27.872+0000] {subprocess.py:106} INFO - 25/12/07 20:03:27 INFO TaskSetManager: Starting task 13.0 in stage 82.0 (TID 804) (172.18.0.8, executor 0, partition 13, PROCESS_LOCAL, 7356 bytes)
[2025-12-07T20:03:27.876+0000] {subprocess.py:106} INFO - 25/12/07 20:03:27 INFO BlockManagerInfo: Added broadcast_82_piece0 in memory on 172.18.0.8:41783 (size: 123.3 KiB, free: 434.0 MiB)
[2025-12-07T20:03:27.890+0000] {subprocess.py:106} INFO - 25/12/07 20:03:27 INFO MapOutputTrackerMasterEndpoint: Asked to send map output locations for shuffle 18 to 172.18.0.8:33606
[2025-12-07T20:03:27.935+0000] {subprocess.py:106} INFO - 25/12/07 20:03:27 INFO BlockManagerInfo: Added rdd_228_13 in memory on 172.18.0.8:41783 (size: 46.0 B, free: 434.0 MiB)
[2025-12-07T20:03:27.939+0000] {subprocess.py:106} INFO - 25/12/07 20:03:27 INFO BlockManagerInfo: Added rdd_228_6 in memory on 172.18.0.8:41783 (size: 46.0 B, free: 434.0 MiB)
[2025-12-07T20:03:27.940+0000] {subprocess.py:106} INFO - 25/12/07 20:03:27 INFO BlockManagerInfo: Added rdd_228_9 in memory on 172.18.0.8:41783 (size: 46.0 B, free: 434.0 MiB)
[2025-12-07T20:03:27.941+0000] {subprocess.py:106} INFO - 25/12/07 20:03:27 INFO BlockManagerInfo: Added rdd_228_29 in memory on 172.18.0.8:41783 (size: 747.0 B, free: 434.0 MiB)
[2025-12-07T20:03:27.947+0000] {subprocess.py:106} INFO - 25/12/07 20:03:27 INFO BlockManagerInfo: Added rdd_228_5 in memory on 172.18.0.8:41783 (size: 46.0 B, free: 434.0 MiB)
[2025-12-07T20:03:27.948+0000] {subprocess.py:106} INFO - 25/12/07 20:03:27 INFO BlockManagerInfo: Added rdd_228_8 in memory on 172.18.0.8:41783 (size: 46.0 B, free: 434.0 MiB)
[2025-12-07T20:03:27.952+0000] {subprocess.py:106} INFO - 25/12/07 20:03:27 INFO BlockManagerInfo: Added rdd_228_12 in memory on 172.18.0.8:41783 (size: 46.0 B, free: 434.0 MiB)
[2025-12-07T20:03:27.953+0000] {subprocess.py:106} INFO - 25/12/07 20:03:27 INFO BlockManagerInfo: Added rdd_228_11 in memory on 172.18.0.8:41783 (size: 46.0 B, free: 434.0 MiB)
[2025-12-07T20:03:27.954+0000] {subprocess.py:106} INFO - 25/12/07 20:03:27 INFO BlockManagerInfo: Added rdd_228_10 in memory on 172.18.0.8:41783 (size: 46.0 B, free: 434.0 MiB)
[2025-12-07T20:03:27.955+0000] {subprocess.py:106} INFO - 25/12/07 20:03:27 INFO BlockManagerInfo: Added rdd_228_7 in memory on 172.18.0.8:41783 (size: 46.0 B, free: 434.0 MiB)
[2025-12-07T20:03:27.956+0000] {subprocess.py:106} INFO - 25/12/07 20:03:27 INFO BlockManagerInfo: Added rdd_228_1 in memory on 172.18.0.8:41783 (size: 46.0 B, free: 434.0 MiB)
[2025-12-07T20:03:27.957+0000] {subprocess.py:106} INFO - 25/12/07 20:03:27 INFO BlockManagerInfo: Added rdd_228_3 in memory on 172.18.0.8:41783 (size: 46.0 B, free: 434.0 MiB)
[2025-12-07T20:03:27.959+0000] {subprocess.py:106} INFO - 25/12/07 20:03:27 INFO BlockManagerInfo: Added rdd_228_2 in memory on 172.18.0.8:41783 (size: 46.0 B, free: 434.0 MiB)
[2025-12-07T20:03:27.960+0000] {subprocess.py:106} INFO - 25/12/07 20:03:27 INFO BlockManagerInfo: Added rdd_228_0 in memory on 172.18.0.8:41783 (size: 46.0 B, free: 434.0 MiB)
[2025-12-07T20:03:27.961+0000] {subprocess.py:106} INFO - 25/12/07 20:03:27 INFO BlockManagerInfo: Added rdd_228_4 in memory on 172.18.0.8:41783 (size: 46.0 B, free: 434.0 MiB)
[2025-12-07T20:03:27.976+0000] {subprocess.py:106} INFO - 25/12/07 20:03:27 INFO TaskSetManager: Starting task 14.0 in stage 82.0 (TID 805) (172.18.0.8, executor 0, partition 14, PROCESS_LOCAL, 7356 bytes)
[2025-12-07T20:03:27.980+0000] {subprocess.py:106} INFO - 25/12/07 20:03:27 INFO TaskSetManager: Finished task 13.0 in stage 82.0 (TID 804) in 113 ms on 172.18.0.8 (executor 0) (1/50)
[2025-12-07T20:03:27.982+0000] {subprocess.py:106} INFO - 25/12/07 20:03:27 INFO TaskSetManager: Starting task 15.0 in stage 82.0 (TID 806) (172.18.0.8, executor 0, partition 15, PROCESS_LOCAL, 7356 bytes)
[2025-12-07T20:03:27.987+0000] {subprocess.py:106} INFO - 25/12/07 20:03:27 INFO TaskSetManager: Starting task 16.0 in stage 82.0 (TID 807) (172.18.0.8, executor 0, partition 16, PROCESS_LOCAL, 7356 bytes)
[2025-12-07T20:03:27.989+0000] {subprocess.py:106} INFO - 25/12/07 20:03:27 INFO TaskSetManager: Starting task 17.0 in stage 82.0 (TID 808) (172.18.0.8, executor 0, partition 17, PROCESS_LOCAL, 7356 bytes)
[2025-12-07T20:03:27.990+0000] {subprocess.py:106} INFO - 25/12/07 20:03:27 INFO TaskSetManager: Finished task 9.0 in stage 82.0 (TID 800) in 118 ms on 172.18.0.8 (executor 0) (2/50)
[2025-12-07T20:03:27.992+0000] {subprocess.py:106} INFO - 25/12/07 20:03:27 INFO TaskSetManager: Finished task 12.0 in stage 82.0 (TID 803) in 118 ms on 172.18.0.8 (executor 0) (3/50)
[2025-12-07T20:03:27.993+0000] {subprocess.py:106} INFO - 25/12/07 20:03:27 INFO TaskSetManager: Finished task 10.0 in stage 82.0 (TID 801) in 119 ms on 172.18.0.8 (executor 0) (4/50)
[2025-12-07T20:03:27.996+0000] {subprocess.py:106} INFO - 25/12/07 20:03:27 INFO TaskSetManager: Starting task 18.0 in stage 82.0 (TID 809) (172.18.0.8, executor 0, partition 18, PROCESS_LOCAL, 7356 bytes)
[2025-12-07T20:03:27.997+0000] {subprocess.py:106} INFO - 25/12/07 20:03:27 INFO TaskSetManager: Finished task 29.0 in stage 82.0 (TID 789) in 124 ms on 172.18.0.8 (executor 0) (5/50)
[2025-12-07T20:03:27.999+0000] {subprocess.py:106} INFO - 25/12/07 20:03:27 INFO TaskSetManager: Starting task 19.0 in stage 82.0 (TID 810) (172.18.0.8, executor 0, partition 19, PROCESS_LOCAL, 7356 bytes)
[2025-12-07T20:03:28.000+0000] {subprocess.py:106} INFO - 25/12/07 20:03:27 INFO TaskSetManager: Finished task 6.0 in stage 82.0 (TID 797) in 126 ms on 172.18.0.8 (executor 0) (6/50)
[2025-12-07T20:03:28.001+0000] {subprocess.py:106} INFO - 25/12/07 20:03:27 INFO BlockManagerInfo: Added rdd_228_42 in memory on 172.18.0.8:41783 (size: 564.0 B, free: 434.0 MiB)
[2025-12-07T20:03:28.002+0000] {subprocess.py:106} INFO - 25/12/07 20:03:27 INFO TaskSetManager: Starting task 20.0 in stage 82.0 (TID 811) (172.18.0.8, executor 0, partition 20, PROCESS_LOCAL, 7356 bytes)
[2025-12-07T20:03:28.006+0000] {subprocess.py:106} INFO - 25/12/07 20:03:27 INFO TaskSetManager: Finished task 11.0 in stage 82.0 (TID 802) in 128 ms on 172.18.0.8 (executor 0) (7/50)
[2025-12-07T20:03:28.007+0000] {subprocess.py:106} INFO - 25/12/07 20:03:27 INFO TaskSetManager: Starting task 21.0 in stage 82.0 (TID 812) (172.18.0.8, executor 0, partition 21, PROCESS_LOCAL, 7356 bytes)
[2025-12-07T20:03:28.008+0000] {subprocess.py:106} INFO - 25/12/07 20:03:27 INFO TaskSetManager: Finished task 1.0 in stage 82.0 (TID 792) in 132 ms on 172.18.0.8 (executor 0) (8/50)
[2025-12-07T20:03:28.009+0000] {subprocess.py:106} INFO - 25/12/07 20:03:27 INFO TaskSetManager: Starting task 22.0 in stage 82.0 (TID 813) (172.18.0.8, executor 0, partition 22, PROCESS_LOCAL, 7356 bytes)
[2025-12-07T20:03:28.010+0000] {subprocess.py:106} INFO - 25/12/07 20:03:27 INFO TaskSetManager: Starting task 23.0 in stage 82.0 (TID 814) (172.18.0.8, executor 0, partition 23, PROCESS_LOCAL, 7356 bytes)
[2025-12-07T20:03:28.011+0000] {subprocess.py:106} INFO - 25/12/07 20:03:27 INFO TaskSetManager: Starting task 24.0 in stage 82.0 (TID 815) (172.18.0.8, executor 0, partition 24, PROCESS_LOCAL, 7356 bytes)
[2025-12-07T20:03:28.012+0000] {subprocess.py:106} INFO - 25/12/07 20:03:27 INFO TaskSetManager: Starting task 25.0 in stage 82.0 (TID 816) (172.18.0.8, executor 0, partition 25, PROCESS_LOCAL, 7356 bytes)
[2025-12-07T20:03:28.012+0000] {subprocess.py:106} INFO - 25/12/07 20:03:27 INFO TaskSetManager: Starting task 26.0 in stage 82.0 (TID 817) (172.18.0.8, executor 0, partition 26, PROCESS_LOCAL, 7356 bytes)
[2025-12-07T20:03:28.013+0000] {subprocess.py:106} INFO - 25/12/07 20:03:28 INFO TaskSetManager: Starting task 27.0 in stage 82.0 (TID 818) (172.18.0.8, executor 0, partition 27, PROCESS_LOCAL, 7356 bytes)
[2025-12-07T20:03:28.014+0000] {subprocess.py:106} INFO - 25/12/07 20:03:28 INFO TaskSetManager: Finished task 8.0 in stage 82.0 (TID 799) in 140 ms on 172.18.0.8 (executor 0) (9/50)
[2025-12-07T20:03:28.015+0000] {subprocess.py:106} INFO - 25/12/07 20:03:28 INFO TaskSetManager: Finished task 0.0 in stage 82.0 (TID 791) in 142 ms on 172.18.0.8 (executor 0) (10/50)
[2025-12-07T20:03:28.019+0000] {subprocess.py:106} INFO - 25/12/07 20:03:28 INFO TaskSetManager: Finished task 7.0 in stage 82.0 (TID 798) in 141 ms on 172.18.0.8 (executor 0) (11/50)
[2025-12-07T20:03:28.020+0000] {subprocess.py:106} INFO - 25/12/07 20:03:28 INFO TaskSetManager: Finished task 4.0 in stage 82.0 (TID 795) in 143 ms on 172.18.0.8 (executor 0) (12/50)
[2025-12-07T20:03:28.021+0000] {subprocess.py:106} INFO - 25/12/07 20:03:28 INFO TaskSetManager: Finished task 2.0 in stage 82.0 (TID 793) in 143 ms on 172.18.0.8 (executor 0) (13/50)
[2025-12-07T20:03:28.022+0000] {subprocess.py:106} INFO - 25/12/07 20:03:28 INFO TaskSetManager: Finished task 5.0 in stage 82.0 (TID 796) in 142 ms on 172.18.0.8 (executor 0) (14/50)
[2025-12-07T20:03:28.023+0000] {subprocess.py:106} INFO - 25/12/07 20:03:28 INFO TaskSetManager: Starting task 28.0 in stage 82.0 (TID 819) (172.18.0.8, executor 0, partition 28, PROCESS_LOCAL, 7356 bytes)
[2025-12-07T20:03:28.024+0000] {subprocess.py:106} INFO - 25/12/07 20:03:28 INFO TaskSetManager: Finished task 3.0 in stage 82.0 (TID 794) in 161 ms on 172.18.0.8 (executor 0) (15/50)
[2025-12-07T20:03:28.037+0000] {subprocess.py:106} INFO - 25/12/07 20:03:28 INFO TaskSetManager: Starting task 30.0 in stage 82.0 (TID 820) (172.18.0.8, executor 0, partition 30, PROCESS_LOCAL, 7356 bytes)
[2025-12-07T20:03:28.038+0000] {subprocess.py:106} INFO - 25/12/07 20:03:28 INFO TaskSetManager: Finished task 42.0 in stage 82.0 (TID 790) in 168 ms on 172.18.0.8 (executor 0) (16/50)
[2025-12-07T20:03:28.043+0000] {subprocess.py:106} INFO - 25/12/07 20:03:28 INFO BlockManagerInfo: Added rdd_228_17 in memory on 172.18.0.8:41783 (size: 46.0 B, free: 434.0 MiB)
[2025-12-07T20:03:28.048+0000] {subprocess.py:106} INFO - 25/12/07 20:03:28 INFO BlockManagerInfo: Added rdd_228_16 in memory on 172.18.0.8:41783 (size: 46.0 B, free: 434.0 MiB)
[2025-12-07T20:03:28.050+0000] {subprocess.py:106} INFO - 25/12/07 20:03:28 INFO BlockManagerInfo: Added rdd_228_18 in memory on 172.18.0.8:41783 (size: 46.0 B, free: 434.0 MiB)
[2025-12-07T20:03:28.056+0000] {subprocess.py:106} INFO - 25/12/07 20:03:28 INFO BlockManagerInfo: Added rdd_228_14 in memory on 172.18.0.8:41783 (size: 46.0 B, free: 434.0 MiB)
[2025-12-07T20:03:28.065+0000] {subprocess.py:106} INFO - 25/12/07 20:03:28 INFO BlockManagerInfo: Added rdd_228_15 in memory on 172.18.0.8:41783 (size: 46.0 B, free: 434.0 MiB)
[2025-12-07T20:03:28.071+0000] {subprocess.py:106} INFO - 25/12/07 20:03:28 INFO BlockManagerInfo: Added rdd_228_20 in memory on 172.18.0.8:41783 (size: 46.0 B, free: 434.0 MiB)
[2025-12-07T20:03:28.080+0000] {subprocess.py:106} INFO - 25/12/07 20:03:28 INFO BlockManagerInfo: Added rdd_228_19 in memory on 172.18.0.8:41783 (size: 46.0 B, free: 434.0 MiB)
[2025-12-07T20:03:28.083+0000] {subprocess.py:106} INFO - 25/12/07 20:03:28 INFO TaskSetManager: Starting task 31.0 in stage 82.0 (TID 821) (172.18.0.8, executor 0, partition 31, PROCESS_LOCAL, 7356 bytes)
[2025-12-07T20:03:28.084+0000] {subprocess.py:106} INFO - 25/12/07 20:03:28 INFO TaskSetManager: Finished task 17.0 in stage 82.0 (TID 808) in 100 ms on 172.18.0.8 (executor 0) (17/50)
[2025-12-07T20:03:28.085+0000] {subprocess.py:106} INFO - 25/12/07 20:03:28 INFO BlockManagerInfo: Added rdd_228_23 in memory on 172.18.0.8:41783 (size: 46.0 B, free: 434.0 MiB)
[2025-12-07T20:03:28.086+0000] {subprocess.py:106} INFO - 25/12/07 20:03:28 INFO BlockManagerInfo: Added rdd_228_27 in memory on 172.18.0.8:41783 (size: 46.0 B, free: 434.0 MiB)
[2025-12-07T20:03:28.087+0000] {subprocess.py:106} INFO - 25/12/07 20:03:28 INFO TaskSetManager: Starting task 32.0 in stage 82.0 (TID 822) (172.18.0.8, executor 0, partition 32, PROCESS_LOCAL, 7356 bytes)
[2025-12-07T20:03:28.088+0000] {subprocess.py:106} INFO - 25/12/07 20:03:28 INFO TaskSetManager: Finished task 16.0 in stage 82.0 (TID 807) in 103 ms on 172.18.0.8 (executor 0) (18/50)
[2025-12-07T20:03:28.097+0000] {subprocess.py:106} INFO - 25/12/07 20:03:28 INFO BlockManagerInfo: Added rdd_228_21 in memory on 172.18.0.8:41783 (size: 46.0 B, free: 434.0 MiB)
[2025-12-07T20:03:28.104+0000] {subprocess.py:106} INFO - 25/12/07 20:03:28 INFO BlockManagerInfo: Added rdd_228_24 in memory on 172.18.0.8:41783 (size: 46.0 B, free: 434.0 MiB)
[2025-12-07T20:03:28.111+0000] {subprocess.py:106} INFO - 25/12/07 20:03:28 INFO TaskSetManager: Starting task 33.0 in stage 82.0 (TID 823) (172.18.0.8, executor 0, partition 33, PROCESS_LOCAL, 7356 bytes)
[2025-12-07T20:03:28.114+0000] {subprocess.py:106} INFO - 25/12/07 20:03:28 INFO TaskSetManager: Starting task 34.0 in stage 82.0 (TID 824) (172.18.0.8, executor 0, partition 34, PROCESS_LOCAL, 7356 bytes)
[2025-12-07T20:03:28.116+0000] {subprocess.py:106} INFO - 25/12/07 20:03:28 INFO TaskSetManager: Finished task 15.0 in stage 82.0 (TID 806) in 128 ms on 172.18.0.8 (executor 0) (19/50)
[2025-12-07T20:03:28.117+0000] {subprocess.py:106} INFO - 25/12/07 20:03:28 INFO TaskSetManager: Finished task 14.0 in stage 82.0 (TID 805) in 131 ms on 172.18.0.8 (executor 0) (20/50)
[2025-12-07T20:03:28.119+0000] {subprocess.py:106} INFO - 25/12/07 20:03:28 INFO TaskSetManager: Starting task 35.0 in stage 82.0 (TID 825) (172.18.0.8, executor 0, partition 35, PROCESS_LOCAL, 7356 bytes)
[2025-12-07T20:03:28.121+0000] {subprocess.py:106} INFO - 25/12/07 20:03:28 INFO TaskSetManager: Finished task 18.0 in stage 82.0 (TID 809) in 125 ms on 172.18.0.8 (executor 0) (21/50)
[2025-12-07T20:03:28.122+0000] {subprocess.py:106} INFO - 25/12/07 20:03:28 INFO BlockManagerInfo: Added rdd_228_25 in memory on 172.18.0.8:41783 (size: 46.0 B, free: 434.0 MiB)
[2025-12-07T20:03:28.123+0000] {subprocess.py:106} INFO - 25/12/07 20:03:28 INFO BlockManagerInfo: Added rdd_228_28 in memory on 172.18.0.8:41783 (size: 46.0 B, free: 434.0 MiB)
[2025-12-07T20:03:28.125+0000] {subprocess.py:106} INFO - 25/12/07 20:03:28 INFO BlockManagerInfo: Added rdd_228_26 in memory on 172.18.0.8:41783 (size: 46.0 B, free: 434.0 MiB)
[2025-12-07T20:03:28.126+0000] {subprocess.py:106} INFO - 25/12/07 20:03:28 INFO TaskSetManager: Starting task 36.0 in stage 82.0 (TID 826) (172.18.0.8, executor 0, partition 36, PROCESS_LOCAL, 7356 bytes)
[2025-12-07T20:03:28.128+0000] {subprocess.py:106} INFO - 25/12/07 20:03:28 INFO BlockManagerInfo: Added rdd_228_30 in memory on 172.18.0.8:41783 (size: 46.0 B, free: 434.0 MiB)
[2025-12-07T20:03:28.132+0000] {subprocess.py:106} INFO - 25/12/07 20:03:28 INFO TaskSetManager: Starting task 37.0 in stage 82.0 (TID 827) (172.18.0.8, executor 0, partition 37, PROCESS_LOCAL, 7356 bytes)
[2025-12-07T20:03:28.133+0000] {subprocess.py:106} INFO - 25/12/07 20:03:28 INFO TaskSetManager: Starting task 38.0 in stage 82.0 (TID 828) (172.18.0.8, executor 0, partition 38, PROCESS_LOCAL, 7356 bytes)
[2025-12-07T20:03:28.134+0000] {subprocess.py:106} INFO - 25/12/07 20:03:28 INFO TaskSetManager: Starting task 39.0 in stage 82.0 (TID 829) (172.18.0.8, executor 0, partition 39, PROCESS_LOCAL, 7356 bytes)
[2025-12-07T20:03:28.135+0000] {subprocess.py:106} INFO - 25/12/07 20:03:28 INFO TaskSetManager: Finished task 27.0 in stage 82.0 (TID 818) in 132 ms on 172.18.0.8 (executor 0) (22/50)
[2025-12-07T20:03:28.137+0000] {subprocess.py:106} INFO - 25/12/07 20:03:28 INFO TaskSetManager: Finished task 24.0 in stage 82.0 (TID 815) in 134 ms on 172.18.0.8 (executor 0) (23/50)
[2025-12-07T20:03:28.139+0000] {subprocess.py:106} INFO - 25/12/07 20:03:28 INFO TaskSetManager: Finished task 20.0 in stage 82.0 (TID 811) in 143 ms on 172.18.0.8 (executor 0) (24/50)
[2025-12-07T20:03:28.141+0000] {subprocess.py:106} INFO - 25/12/07 20:03:28 INFO TaskSetManager: Finished task 19.0 in stage 82.0 (TID 810) in 147 ms on 172.18.0.8 (executor 0) (25/50)
[2025-12-07T20:03:28.142+0000] {subprocess.py:106} INFO - 25/12/07 20:03:28 INFO TaskSetManager: Starting task 40.0 in stage 82.0 (TID 830) (172.18.0.8, executor 0, partition 40, PROCESS_LOCAL, 7356 bytes)
[2025-12-07T20:03:28.144+0000] {subprocess.py:106} INFO - 25/12/07 20:03:28 INFO TaskSetManager: Finished task 23.0 in stage 82.0 (TID 814) in 140 ms on 172.18.0.8 (executor 0) (26/50)
[2025-12-07T20:03:28.148+0000] {subprocess.py:106} INFO - 25/12/07 20:03:28 INFO BlockManagerInfo: Added rdd_228_22 in memory on 172.18.0.8:41783 (size: 46.0 B, free: 434.0 MiB)
[2025-12-07T20:03:28.150+0000] {subprocess.py:106} INFO - 25/12/07 20:03:28 INFO TaskSetManager: Starting task 41.0 in stage 82.0 (TID 831) (172.18.0.8, executor 0, partition 41, PROCESS_LOCAL, 7356 bytes)
[2025-12-07T20:03:28.153+0000] {subprocess.py:106} INFO - 25/12/07 20:03:28 INFO TaskSetManager: Finished task 21.0 in stage 82.0 (TID 812) in 157 ms on 172.18.0.8 (executor 0) (27/50)
[2025-12-07T20:03:28.160+0000] {subprocess.py:106} INFO - 25/12/07 20:03:28 INFO TaskSetManager: Starting task 43.0 in stage 82.0 (TID 832) (172.18.0.8, executor 0, partition 43, PROCESS_LOCAL, 7356 bytes)
[2025-12-07T20:03:28.168+0000] {subprocess.py:106} INFO - 25/12/07 20:03:28 INFO TaskSetManager: Starting task 44.0 in stage 82.0 (TID 833) (172.18.0.8, executor 0, partition 44, PROCESS_LOCAL, 7356 bytes)
[2025-12-07T20:03:28.171+0000] {subprocess.py:106} INFO - 25/12/07 20:03:28 INFO TaskSetManager: Finished task 28.0 in stage 82.0 (TID 819) in 152 ms on 172.18.0.8 (executor 0) (28/50)
[2025-12-07T20:03:28.173+0000] {subprocess.py:106} INFO - 25/12/07 20:03:28 INFO TaskSetManager: Finished task 25.0 in stage 82.0 (TID 816) in 160 ms on 172.18.0.8 (executor 0) (29/50)
[2025-12-07T20:03:28.175+0000] {subprocess.py:106} INFO - 25/12/07 20:03:28 INFO TaskSetManager: Starting task 45.0 in stage 82.0 (TID 834) (172.18.0.8, executor 0, partition 45, PROCESS_LOCAL, 7356 bytes)
[2025-12-07T20:03:28.176+0000] {subprocess.py:106} INFO - 25/12/07 20:03:28 INFO BlockManagerInfo: Added rdd_228_31 in memory on 172.18.0.8:41783 (size: 46.0 B, free: 434.0 MiB)
[2025-12-07T20:03:28.179+0000] {subprocess.py:106} INFO - 25/12/07 20:03:28 INFO TaskSetManager: Finished task 26.0 in stage 82.0 (TID 817) in 175 ms on 172.18.0.8 (executor 0) (30/50)
[2025-12-07T20:03:28.215+0000] {subprocess.py:106} INFO - 25/12/07 20:03:28 INFO BlockManagerInfo: Added rdd_228_35 in memory on 172.18.0.8:41783 (size: 46.0 B, free: 434.0 MiB)
[2025-12-07T20:03:28.219+0000] {subprocess.py:106} INFO - 25/12/07 20:03:28 INFO TaskSetManager: Starting task 46.0 in stage 82.0 (TID 835) (172.18.0.8, executor 0, partition 46, PROCESS_LOCAL, 7356 bytes)
[2025-12-07T20:03:28.222+0000] {subprocess.py:106} INFO - 25/12/07 20:03:28 INFO TaskSetManager: Starting task 47.0 in stage 82.0 (TID 836) (172.18.0.8, executor 0, partition 47, PROCESS_LOCAL, 7356 bytes)
[2025-12-07T20:03:28.223+0000] {subprocess.py:106} INFO - 25/12/07 20:03:28 INFO TaskSetManager: Finished task 30.0 in stage 82.0 (TID 820) in 186 ms on 172.18.0.8 (executor 0) (31/50)
[2025-12-07T20:03:28.224+0000] {subprocess.py:106} INFO - 25/12/07 20:03:28 INFO TaskSetManager: Finished task 22.0 in stage 82.0 (TID 813) in 224 ms on 172.18.0.8 (executor 0) (32/50)
[2025-12-07T20:03:28.225+0000] {subprocess.py:106} INFO - 25/12/07 20:03:28 INFO BlockManagerInfo: Added rdd_228_33 in memory on 172.18.0.8:41783 (size: 46.0 B, free: 434.0 MiB)
[2025-12-07T20:03:28.226+0000] {subprocess.py:106} INFO - 25/12/07 20:03:28 INFO BlockManagerInfo: Added rdd_228_32 in memory on 172.18.0.8:41783 (size: 46.0 B, free: 434.0 MiB)
[2025-12-07T20:03:28.228+0000] {subprocess.py:106} INFO - 25/12/07 20:03:28 INFO BlockManagerInfo: Added rdd_228_34 in memory on 172.18.0.8:41783 (size: 46.0 B, free: 434.0 MiB)
[2025-12-07T20:03:28.241+0000] {subprocess.py:106} INFO - 25/12/07 20:03:28 INFO BlockManagerInfo: Added rdd_228_36 in memory on 172.18.0.8:41783 (size: 46.0 B, free: 434.0 MiB)
[2025-12-07T20:03:28.243+0000] {subprocess.py:106} INFO - 25/12/07 20:03:28 INFO BlockManagerInfo: Added rdd_228_39 in memory on 172.18.0.8:41783 (size: 46.0 B, free: 434.0 MiB)
[2025-12-07T20:03:28.253+0000] {subprocess.py:106} INFO - 25/12/07 20:03:28 INFO TaskSetManager: Starting task 48.0 in stage 82.0 (TID 837) (172.18.0.8, executor 0, partition 48, PROCESS_LOCAL, 7356 bytes)
[2025-12-07T20:03:28.255+0000] {subprocess.py:106} INFO - 25/12/07 20:03:28 INFO BlockManagerInfo: Added rdd_228_41 in memory on 172.18.0.8:41783 (size: 46.0 B, free: 434.0 MiB)
[2025-12-07T20:03:28.262+0000] {subprocess.py:106} INFO - 25/12/07 20:03:28 INFO TaskSetManager: Finished task 31.0 in stage 82.0 (TID 821) in 175 ms on 172.18.0.8 (executor 0) (33/50)
[2025-12-07T20:03:28.263+0000] {subprocess.py:106} INFO - 25/12/07 20:03:28 INFO TaskSetManager: Starting task 49.0 in stage 82.0 (TID 838) (172.18.0.8, executor 0, partition 49, PROCESS_LOCAL, 7356 bytes)
[2025-12-07T20:03:28.264+0000] {subprocess.py:106} INFO - 25/12/07 20:03:28 INFO TaskSetManager: Finished task 35.0 in stage 82.0 (TID 825) in 153 ms on 172.18.0.8 (executor 0) (34/50)
[2025-12-07T20:03:28.265+0000] {subprocess.py:106} INFO - 25/12/07 20:03:28 INFO TaskSetManager: Finished task 32.0 in stage 82.0 (TID 822) in 180 ms on 172.18.0.8 (executor 0) (35/50)
[2025-12-07T20:03:28.266+0000] {subprocess.py:106} INFO - 25/12/07 20:03:28 INFO TaskSetManager: Finished task 33.0 in stage 82.0 (TID 823) in 161 ms on 172.18.0.8 (executor 0) (36/50)
[2025-12-07T20:03:28.288+0000] {subprocess.py:106} INFO - 25/12/07 20:03:28 INFO BlockManagerInfo: Added rdd_228_37 in memory on 172.18.0.8:41783 (size: 46.0 B, free: 434.0 MiB)
[2025-12-07T20:03:28.294+0000] {subprocess.py:106} INFO - 25/12/07 20:03:28 INFO TaskSetManager: Finished task 34.0 in stage 82.0 (TID 824) in 179 ms on 172.18.0.8 (executor 0) (37/50)
[2025-12-07T20:03:28.298+0000] {subprocess.py:106} INFO - 25/12/07 20:03:28 INFO BlockManagerInfo: Added rdd_228_40 in memory on 172.18.0.8:41783 (size: 46.0 B, free: 434.0 MiB)
[2025-12-07T20:03:28.303+0000] {subprocess.py:106} INFO - 25/12/07 20:03:28 INFO TaskSetManager: Finished task 39.0 in stage 82.0 (TID 829) in 170 ms on 172.18.0.8 (executor 0) (38/50)
[2025-12-07T20:03:28.305+0000] {subprocess.py:106} INFO - 25/12/07 20:03:28 INFO BlockManagerInfo: Added rdd_228_43 in memory on 172.18.0.8:41783 (size: 46.0 B, free: 434.0 MiB)
[2025-12-07T20:03:28.310+0000] {subprocess.py:106} INFO - 25/12/07 20:03:28 INFO TaskSetManager: Finished task 36.0 in stage 82.0 (TID 826) in 179 ms on 172.18.0.8 (executor 0) (39/50)
[2025-12-07T20:03:28.317+0000] {subprocess.py:106} INFO - 25/12/07 20:03:28 INFO BlockManagerInfo: Added rdd_228_38 in memory on 172.18.0.8:41783 (size: 46.0 B, free: 434.0 MiB)
[2025-12-07T20:03:28.319+0000] {subprocess.py:106} INFO - 25/12/07 20:03:28 INFO TaskSetManager: Finished task 41.0 in stage 82.0 (TID 831) in 168 ms on 172.18.0.8 (executor 0) (40/50)
[2025-12-07T20:03:28.320+0000] {subprocess.py:106} INFO - 25/12/07 20:03:28 INFO TaskSetManager: Finished task 37.0 in stage 82.0 (TID 827) in 187 ms on 172.18.0.8 (executor 0) (41/50)
[2025-12-07T20:03:28.329+0000] {subprocess.py:106} INFO - 25/12/07 20:03:28 INFO BlockManagerInfo: Added rdd_228_44 in memory on 172.18.0.8:41783 (size: 46.0 B, free: 434.0 MiB)
[2025-12-07T20:03:28.331+0000] {subprocess.py:106} INFO - 25/12/07 20:03:28 INFO TaskSetManager: Finished task 40.0 in stage 82.0 (TID 830) in 194 ms on 172.18.0.8 (executor 0) (42/50)
[2025-12-07T20:03:28.338+0000] {subprocess.py:106} INFO - 25/12/07 20:03:28 INFO BlockManagerInfo: Added rdd_228_45 in memory on 172.18.0.8:41783 (size: 46.0 B, free: 434.0 MiB)
[2025-12-07T20:03:28.339+0000] {subprocess.py:106} INFO - 25/12/07 20:03:28 INFO TaskSetManager: Finished task 43.0 in stage 82.0 (TID 832) in 184 ms on 172.18.0.8 (executor 0) (43/50)
[2025-12-07T20:03:28.340+0000] {subprocess.py:106} INFO - 25/12/07 20:03:28 INFO BlockManagerInfo: Added rdd_228_47 in memory on 172.18.0.8:41783 (size: 46.0 B, free: 434.0 MiB)
[2025-12-07T20:03:28.342+0000] {subprocess.py:106} INFO - 25/12/07 20:03:28 INFO BlockManagerInfo: Added rdd_228_48 in memory on 172.18.0.8:41783 (size: 46.0 B, free: 434.0 MiB)
[2025-12-07T20:03:28.343+0000] {subprocess.py:106} INFO - 25/12/07 20:03:28 INFO TaskSetManager: Finished task 38.0 in stage 82.0 (TID 828) in 212 ms on 172.18.0.8 (executor 0) (44/50)
[2025-12-07T20:03:28.350+0000] {subprocess.py:106} INFO - 25/12/07 20:03:28 INFO BlockManagerInfo: Added rdd_228_46 in memory on 172.18.0.8:41783 (size: 46.0 B, free: 434.0 MiB)
[2025-12-07T20:03:28.351+0000] {subprocess.py:106} INFO - 25/12/07 20:03:28 INFO TaskSetManager: Finished task 44.0 in stage 82.0 (TID 833) in 196 ms on 172.18.0.8 (executor 0) (45/50)
[2025-12-07T20:03:28.360+0000] {subprocess.py:106} INFO - 25/12/07 20:03:28 INFO BlockManagerInfo: Added rdd_228_49 in memory on 172.18.0.8:41783 (size: 46.0 B, free: 434.0 MiB)
[2025-12-07T20:03:28.366+0000] {subprocess.py:106} INFO - 25/12/07 20:03:28 INFO TaskSetManager: Finished task 45.0 in stage 82.0 (TID 834) in 193 ms on 172.18.0.8 (executor 0) (46/50)
[2025-12-07T20:03:28.368+0000] {subprocess.py:106} INFO - 25/12/07 20:03:28 INFO TaskSetManager: Finished task 48.0 in stage 82.0 (TID 837) in 115 ms on 172.18.0.8 (executor 0) (47/50)
[2025-12-07T20:03:28.369+0000] {subprocess.py:106} INFO - 25/12/07 20:03:28 INFO TaskSetManager: Finished task 47.0 in stage 82.0 (TID 836) in 155 ms on 172.18.0.8 (executor 0) (48/50)
[2025-12-07T20:03:28.376+0000] {subprocess.py:106} INFO - 25/12/07 20:03:28 INFO TaskSetManager: Finished task 46.0 in stage 82.0 (TID 835) in 164 ms on 172.18.0.8 (executor 0) (49/50)
[2025-12-07T20:03:28.377+0000] {subprocess.py:106} INFO - 25/12/07 20:03:28 INFO TaskSetManager: Finished task 49.0 in stage 82.0 (TID 838) in 120 ms on 172.18.0.8 (executor 0) (50/50)
[2025-12-07T20:03:28.378+0000] {subprocess.py:106} INFO - 25/12/07 20:03:28 INFO TaskSchedulerImpl: Removed TaskSet 82.0, whose tasks have all completed, from pool
[2025-12-07T20:03:28.379+0000] {subprocess.py:106} INFO - 25/12/07 20:03:28 INFO DAGScheduler: ShuffleMapStage 82 ($anonfun$recordDeltaOperationInternal$1 at DatabricksLogging.scala:128) finished in 0.533 s
[2025-12-07T20:03:28.379+0000] {subprocess.py:106} INFO - 25/12/07 20:03:28 INFO DAGScheduler: looking for newly runnable stages
[2025-12-07T20:03:28.380+0000] {subprocess.py:106} INFO - 25/12/07 20:03:28 INFO DAGScheduler: running: Set()
[2025-12-07T20:03:28.381+0000] {subprocess.py:106} INFO - 25/12/07 20:03:28 INFO DAGScheduler: waiting: Set()
[2025-12-07T20:03:28.381+0000] {subprocess.py:106} INFO - 25/12/07 20:03:28 INFO DAGScheduler: failed: Set()
[2025-12-07T20:03:28.415+0000] {subprocess.py:106} INFO - 25/12/07 20:03:28 INFO SparkContext: Starting job: $anonfun$recordDeltaOperationInternal$1 at DatabricksLogging.scala:128
[2025-12-07T20:03:28.416+0000] {subprocess.py:106} INFO - 25/12/07 20:03:28 INFO DAGScheduler: Got job 49 ($anonfun$recordDeltaOperationInternal$1 at DatabricksLogging.scala:128) with 1 output partitions
[2025-12-07T20:03:28.417+0000] {subprocess.py:106} INFO - 25/12/07 20:03:28 INFO DAGScheduler: Final stage: ResultStage 85 ($anonfun$recordDeltaOperationInternal$1 at DatabricksLogging.scala:128)
[2025-12-07T20:03:28.418+0000] {subprocess.py:106} INFO - 25/12/07 20:03:28 INFO DAGScheduler: Parents of final stage: List(ShuffleMapStage 84)
[2025-12-07T20:03:28.418+0000] {subprocess.py:106} INFO - 25/12/07 20:03:28 INFO DAGScheduler: Missing parents: List()
[2025-12-07T20:03:28.419+0000] {subprocess.py:106} INFO - 25/12/07 20:03:28 INFO DAGScheduler: Submitting ResultStage 85 (MapPartitionsRDD[234] at $anonfun$recordDeltaOperationInternal$1 at DatabricksLogging.scala:128), which has no missing parents
[2025-12-07T20:03:28.424+0000] {subprocess.py:106} INFO - 25/12/07 20:03:28 INFO MemoryStore: Block broadcast_83 stored as values in memory (estimated size 452.3 KiB, free 429.9 MiB)
[2025-12-07T20:03:28.425+0000] {subprocess.py:106} INFO - 25/12/07 20:03:28 INFO MemoryStore: Block broadcast_83_piece0 stored as bytes in memory (estimated size 108.1 KiB, free 429.8 MiB)
[2025-12-07T20:03:28.426+0000] {subprocess.py:106} INFO - 25/12/07 20:03:28 INFO BlockManagerInfo: Added broadcast_83_piece0 in memory on 13f196131dae:36513 (size: 108.1 KiB, free: 433.7 MiB)
[2025-12-07T20:03:28.427+0000] {subprocess.py:106} INFO - 25/12/07 20:03:28 INFO SparkContext: Created broadcast 83 from broadcast at DAGScheduler.scala:1535
[2025-12-07T20:03:28.428+0000] {subprocess.py:106} INFO - 25/12/07 20:03:28 INFO DAGScheduler: Submitting 1 missing tasks from ResultStage 85 (MapPartitionsRDD[234] at $anonfun$recordDeltaOperationInternal$1 at DatabricksLogging.scala:128) (first 15 tasks are for partitions Vector(0))
[2025-12-07T20:03:28.429+0000] {subprocess.py:106} INFO - 25/12/07 20:03:28 INFO TaskSchedulerImpl: Adding task set 85.0 with 1 tasks resource profile 0
[2025-12-07T20:03:28.430+0000] {subprocess.py:106} INFO - 25/12/07 20:03:28 INFO TaskSetManager: Starting task 0.0 in stage 85.0 (TID 839) (172.18.0.8, executor 0, partition 0, NODE_LOCAL, 7367 bytes)
[2025-12-07T20:03:28.437+0000] {subprocess.py:106} INFO - 25/12/07 20:03:28 INFO BlockManagerInfo: Added broadcast_83_piece0 in memory on 172.18.0.8:41783 (size: 108.1 KiB, free: 433.9 MiB)
[2025-12-07T20:03:28.445+0000] {subprocess.py:106} INFO - 25/12/07 20:03:28 INFO MapOutputTrackerMasterEndpoint: Asked to send map output locations for shuffle 19 to 172.18.0.8:33606
[2025-12-07T20:03:28.471+0000] {subprocess.py:106} INFO - 25/12/07 20:03:28 INFO TaskSetManager: Finished task 0.0 in stage 85.0 (TID 839) in 42 ms on 172.18.0.8 (executor 0) (1/1)
[2025-12-07T20:03:28.472+0000] {subprocess.py:106} INFO - 25/12/07 20:03:28 INFO TaskSchedulerImpl: Removed TaskSet 85.0, whose tasks have all completed, from pool
[2025-12-07T20:03:28.472+0000] {subprocess.py:106} INFO - 25/12/07 20:03:28 INFO DAGScheduler: ResultStage 85 ($anonfun$recordDeltaOperationInternal$1 at DatabricksLogging.scala:128) finished in 0.053 s
[2025-12-07T20:03:28.473+0000] {subprocess.py:106} INFO - 25/12/07 20:03:28 INFO DAGScheduler: Job 49 is finished. Cancelling potential speculative or zombie tasks for this job
[2025-12-07T20:03:28.473+0000] {subprocess.py:106} INFO - 25/12/07 20:03:28 INFO TaskSchedulerImpl: Killing all running tasks in stage 85: Stage finished
[2025-12-07T20:03:28.474+0000] {subprocess.py:106} INFO - 25/12/07 20:03:28 INFO DAGScheduler: Job 49 finished: $anonfun$recordDeltaOperationInternal$1 at DatabricksLogging.scala:128, took 0.056730 s
[2025-12-07T20:03:28.480+0000] {subprocess.py:106} INFO - 25/12/07 20:03:28 INFO Snapshot: [tableId=72b21a0b-98df-4d56-82bf-c9c6a5c7d284] DELTA: Done
[2025-12-07T20:03:28.574+0000] {subprocess.py:106} INFO - 25/12/07 20:03:28 INFO BlockManagerInfo: Removed broadcast_82_piece0 on 13f196131dae:36513 in memory (size: 123.3 KiB, free: 433.8 MiB)
[2025-12-07T20:03:28.576+0000] {subprocess.py:106} INFO - 25/12/07 20:03:28 INFO BlockManagerInfo: Removed broadcast_82_piece0 on 172.18.0.8:41783 in memory (size: 123.3 KiB, free: 434.0 MiB)
[2025-12-07T20:03:28.580+0000] {subprocess.py:106} INFO - 25/12/07 20:03:28 INFO BlockManagerInfo: Removed broadcast_83_piece0 on 13f196131dae:36513 in memory (size: 108.1 KiB, free: 433.9 MiB)
[2025-12-07T20:03:28.582+0000] {subprocess.py:106} INFO - 25/12/07 20:03:28 INFO BlockManagerInfo: Removed broadcast_83_piece0 on 172.18.0.8:41783 in memory (size: 108.1 KiB, free: 434.1 MiB)
[2025-12-07T20:03:28.611+0000] {subprocess.py:106} INFO - 25/12/07 20:03:28 INFO SparkContext: Starting job: $anonfun$recordDeltaOperationInternal$1 at DatabricksLogging.scala:128
[2025-12-07T20:03:28.613+0000] {subprocess.py:106} INFO - 25/12/07 20:03:28 INFO DAGScheduler: Got job 50 ($anonfun$recordDeltaOperationInternal$1 at DatabricksLogging.scala:128) with 50 output partitions
[2025-12-07T20:03:28.614+0000] {subprocess.py:106} INFO - 25/12/07 20:03:28 INFO DAGScheduler: Final stage: ResultStage 87 ($anonfun$recordDeltaOperationInternal$1 at DatabricksLogging.scala:128)
[2025-12-07T20:03:28.616+0000] {subprocess.py:106} INFO - 25/12/07 20:03:28 INFO DAGScheduler: Parents of final stage: List(ShuffleMapStage 86)
[2025-12-07T20:03:28.617+0000] {subprocess.py:106} INFO - 25/12/07 20:03:28 INFO DAGScheduler: Missing parents: List()
[2025-12-07T20:03:28.617+0000] {subprocess.py:106} INFO - 25/12/07 20:03:28 INFO DAGScheduler: Submitting ResultStage 87 (MapPartitionsRDD[236] at $anonfun$recordDeltaOperationInternal$1 at DatabricksLogging.scala:128), which has no missing parents
[2025-12-07T20:03:28.623+0000] {subprocess.py:106} INFO - 25/12/07 20:03:28 INFO MemoryStore: Block broadcast_84 stored as values in memory (estimated size 592.2 KiB, free 430.4 MiB)
[2025-12-07T20:03:28.627+0000] {subprocess.py:106} INFO - 25/12/07 20:03:28 INFO MemoryStore: Block broadcast_84_piece0 stored as bytes in memory (estimated size 138.6 KiB, free 430.3 MiB)
[2025-12-07T20:03:28.628+0000] {subprocess.py:106} INFO - 25/12/07 20:03:28 INFO BlockManagerInfo: Added broadcast_84_piece0 in memory on 13f196131dae:36513 (size: 138.6 KiB, free: 433.8 MiB)
[2025-12-07T20:03:28.629+0000] {subprocess.py:106} INFO - 25/12/07 20:03:28 INFO SparkContext: Created broadcast 84 from broadcast at DAGScheduler.scala:1535
[2025-12-07T20:03:28.631+0000] {subprocess.py:106} INFO - 25/12/07 20:03:28 INFO DAGScheduler: Submitting 50 missing tasks from ResultStage 87 (MapPartitionsRDD[236] at $anonfun$recordDeltaOperationInternal$1 at DatabricksLogging.scala:128) (first 15 tasks are for partitions Vector(0, 1, 2, 3, 4, 5, 6, 7, 8, 9, 10, 11, 12, 13, 14))
[2025-12-07T20:03:28.633+0000] {subprocess.py:106} INFO - 25/12/07 20:03:28 INFO TaskSchedulerImpl: Adding task set 87.0 with 50 tasks resource profile 0
[2025-12-07T20:03:28.634+0000] {subprocess.py:106} INFO - 25/12/07 20:03:28 INFO TaskSetManager: Starting task 0.0 in stage 87.0 (TID 840) (172.18.0.8, executor 0, partition 0, PROCESS_LOCAL, 7367 bytes)
[2025-12-07T20:03:28.635+0000] {subprocess.py:106} INFO - 25/12/07 20:03:28 INFO TaskSetManager: Starting task 1.0 in stage 87.0 (TID 841) (172.18.0.8, executor 0, partition 1, PROCESS_LOCAL, 7367 bytes)
[2025-12-07T20:03:28.637+0000] {subprocess.py:106} INFO - 25/12/07 20:03:28 INFO TaskSetManager: Starting task 2.0 in stage 87.0 (TID 842) (172.18.0.8, executor 0, partition 2, PROCESS_LOCAL, 7367 bytes)
[2025-12-07T20:03:28.638+0000] {subprocess.py:106} INFO - 25/12/07 20:03:28 INFO TaskSetManager: Starting task 3.0 in stage 87.0 (TID 843) (172.18.0.8, executor 0, partition 3, PROCESS_LOCAL, 7367 bytes)
[2025-12-07T20:03:28.639+0000] {subprocess.py:106} INFO - 25/12/07 20:03:28 INFO TaskSetManager: Starting task 4.0 in stage 87.0 (TID 844) (172.18.0.8, executor 0, partition 4, PROCESS_LOCAL, 7367 bytes)
[2025-12-07T20:03:28.640+0000] {subprocess.py:106} INFO - 25/12/07 20:03:28 INFO TaskSetManager: Starting task 5.0 in stage 87.0 (TID 845) (172.18.0.8, executor 0, partition 5, PROCESS_LOCAL, 7367 bytes)
[2025-12-07T20:03:28.641+0000] {subprocess.py:106} INFO - 25/12/07 20:03:28 INFO TaskSetManager: Starting task 6.0 in stage 87.0 (TID 846) (172.18.0.8, executor 0, partition 6, PROCESS_LOCAL, 7367 bytes)
[2025-12-07T20:03:28.642+0000] {subprocess.py:106} INFO - 25/12/07 20:03:28 INFO TaskSetManager: Starting task 7.0 in stage 87.0 (TID 847) (172.18.0.8, executor 0, partition 7, PROCESS_LOCAL, 7367 bytes)
[2025-12-07T20:03:28.643+0000] {subprocess.py:106} INFO - 25/12/07 20:03:28 INFO TaskSetManager: Starting task 8.0 in stage 87.0 (TID 848) (172.18.0.8, executor 0, partition 8, PROCESS_LOCAL, 7367 bytes)
[2025-12-07T20:03:28.644+0000] {subprocess.py:106} INFO - 25/12/07 20:03:28 INFO TaskSetManager: Starting task 9.0 in stage 87.0 (TID 849) (172.18.0.8, executor 0, partition 9, PROCESS_LOCAL, 7367 bytes)
[2025-12-07T20:03:28.645+0000] {subprocess.py:106} INFO - 25/12/07 20:03:28 INFO TaskSetManager: Starting task 10.0 in stage 87.0 (TID 850) (172.18.0.8, executor 0, partition 10, PROCESS_LOCAL, 7367 bytes)
[2025-12-07T20:03:28.646+0000] {subprocess.py:106} INFO - 25/12/07 20:03:28 INFO TaskSetManager: Starting task 11.0 in stage 87.0 (TID 851) (172.18.0.8, executor 0, partition 11, PROCESS_LOCAL, 7367 bytes)
[2025-12-07T20:03:28.647+0000] {subprocess.py:106} INFO - 25/12/07 20:03:28 INFO TaskSetManager: Starting task 12.0 in stage 87.0 (TID 852) (172.18.0.8, executor 0, partition 12, PROCESS_LOCAL, 7367 bytes)
[2025-12-07T20:03:28.648+0000] {subprocess.py:106} INFO - 25/12/07 20:03:28 INFO TaskSetManager: Starting task 13.0 in stage 87.0 (TID 853) (172.18.0.8, executor 0, partition 13, PROCESS_LOCAL, 7367 bytes)
[2025-12-07T20:03:28.649+0000] {subprocess.py:106} INFO - 25/12/07 20:03:28 INFO TaskSetManager: Starting task 14.0 in stage 87.0 (TID 854) (172.18.0.8, executor 0, partition 14, PROCESS_LOCAL, 7367 bytes)
[2025-12-07T20:03:28.649+0000] {subprocess.py:106} INFO - 25/12/07 20:03:28 INFO TaskSetManager: Starting task 15.0 in stage 87.0 (TID 855) (172.18.0.8, executor 0, partition 15, PROCESS_LOCAL, 7367 bytes)
[2025-12-07T20:03:28.650+0000] {subprocess.py:106} INFO - 25/12/07 20:03:28 INFO BlockManagerInfo: Added broadcast_84_piece0 in memory on 172.18.0.8:41783 (size: 138.6 KiB, free: 434.0 MiB)
[2025-12-07T20:03:28.668+0000] {subprocess.py:106} INFO - 25/12/07 20:03:28 INFO TaskSetManager: Starting task 16.0 in stage 87.0 (TID 856) (172.18.0.8, executor 0, partition 16, PROCESS_LOCAL, 7367 bytes)
[2025-12-07T20:03:28.672+0000] {subprocess.py:106} INFO - 25/12/07 20:03:28 INFO TaskSetManager: Starting task 17.0 in stage 87.0 (TID 857) (172.18.0.8, executor 0, partition 17, PROCESS_LOCAL, 7367 bytes)
[2025-12-07T20:03:28.674+0000] {subprocess.py:106} INFO - 25/12/07 20:03:28 INFO TaskSetManager: Starting task 18.0 in stage 87.0 (TID 858) (172.18.0.8, executor 0, partition 18, PROCESS_LOCAL, 7367 bytes)
[2025-12-07T20:03:28.676+0000] {subprocess.py:106} INFO - 25/12/07 20:03:28 INFO TaskSetManager: Starting task 19.0 in stage 87.0 (TID 859) (172.18.0.8, executor 0, partition 19, PROCESS_LOCAL, 7367 bytes)
[2025-12-07T20:03:28.677+0000] {subprocess.py:106} INFO - 25/12/07 20:03:28 INFO TaskSetManager: Starting task 20.0 in stage 87.0 (TID 860) (172.18.0.8, executor 0, partition 20, PROCESS_LOCAL, 7367 bytes)
[2025-12-07T20:03:28.678+0000] {subprocess.py:106} INFO - 25/12/07 20:03:28 INFO TaskSetManager: Finished task 13.0 in stage 87.0 (TID 853) in 36 ms on 172.18.0.8 (executor 0) (1/50)
[2025-12-07T20:03:28.680+0000] {subprocess.py:106} INFO - 25/12/07 20:03:28 INFO TaskSetManager: Finished task 12.0 in stage 87.0 (TID 852) in 37 ms on 172.18.0.8 (executor 0) (2/50)
[2025-12-07T20:03:28.681+0000] {subprocess.py:106} INFO - 25/12/07 20:03:28 INFO TaskSetManager: Finished task 15.0 in stage 87.0 (TID 855) in 37 ms on 172.18.0.8 (executor 0) (3/50)
[2025-12-07T20:03:28.682+0000] {subprocess.py:106} INFO - 25/12/07 20:03:28 INFO TaskSetManager: Finished task 8.0 in stage 87.0 (TID 848) in 39 ms on 172.18.0.8 (executor 0) (4/50)
[2025-12-07T20:03:28.684+0000] {subprocess.py:106} INFO - 25/12/07 20:03:28 INFO TaskSetManager: Finished task 11.0 in stage 87.0 (TID 851) in 39 ms on 172.18.0.8 (executor 0) (5/50)
[2025-12-07T20:03:28.685+0000] {subprocess.py:106} INFO - 25/12/07 20:03:28 INFO TaskSetManager: Starting task 21.0 in stage 87.0 (TID 861) (172.18.0.8, executor 0, partition 21, PROCESS_LOCAL, 7367 bytes)
[2025-12-07T20:03:28.686+0000] {subprocess.py:106} INFO - 25/12/07 20:03:28 INFO TaskSetManager: Starting task 22.0 in stage 87.0 (TID 862) (172.18.0.8, executor 0, partition 22, PROCESS_LOCAL, 7367 bytes)
[2025-12-07T20:03:28.695+0000] {subprocess.py:106} INFO - 25/12/07 20:03:28 INFO TaskSetManager: Starting task 23.0 in stage 87.0 (TID 863) (172.18.0.8, executor 0, partition 23, PROCESS_LOCAL, 7367 bytes)
[2025-12-07T20:03:28.698+0000] {subprocess.py:106} INFO - 25/12/07 20:03:28 INFO TaskSetManager: Starting task 24.0 in stage 87.0 (TID 864) (172.18.0.8, executor 0, partition 24, PROCESS_LOCAL, 7367 bytes)
[2025-12-07T20:03:28.703+0000] {subprocess.py:106} INFO - 25/12/07 20:03:28 INFO TaskSetManager: Starting task 25.0 in stage 87.0 (TID 865) (172.18.0.8, executor 0, partition 25, PROCESS_LOCAL, 7367 bytes)
[2025-12-07T20:03:28.705+0000] {subprocess.py:106} INFO - 25/12/07 20:03:28 INFO TaskSetManager: Starting task 26.0 in stage 87.0 (TID 866) (172.18.0.8, executor 0, partition 26, PROCESS_LOCAL, 7367 bytes)
[2025-12-07T20:03:28.707+0000] {subprocess.py:106} INFO - 25/12/07 20:03:28 INFO TaskSetManager: Starting task 27.0 in stage 87.0 (TID 867) (172.18.0.8, executor 0, partition 27, PROCESS_LOCAL, 7367 bytes)
[2025-12-07T20:03:28.708+0000] {subprocess.py:106} INFO - 25/12/07 20:03:28 INFO TaskSetManager: Starting task 28.0 in stage 87.0 (TID 868) (172.18.0.8, executor 0, partition 28, PROCESS_LOCAL, 7367 bytes)
[2025-12-07T20:03:28.709+0000] {subprocess.py:106} INFO - 25/12/07 20:03:28 INFO TaskSetManager: Starting task 29.0 in stage 87.0 (TID 869) (172.18.0.8, executor 0, partition 29, PROCESS_LOCAL, 7367 bytes)
[2025-12-07T20:03:28.712+0000] {subprocess.py:106} INFO - 25/12/07 20:03:28 INFO TaskSetManager: Finished task 7.0 in stage 87.0 (TID 847) in 48 ms on 172.18.0.8 (executor 0) (6/50)
[2025-12-07T20:03:28.715+0000] {subprocess.py:106} INFO - 25/12/07 20:03:28 INFO TaskSetManager: Finished task 0.0 in stage 87.0 (TID 840) in 55 ms on 172.18.0.8 (executor 0) (7/50)
[2025-12-07T20:03:28.718+0000] {subprocess.py:106} INFO - 25/12/07 20:03:28 INFO TaskSetManager: Finished task 5.0 in stage 87.0 (TID 845) in 53 ms on 172.18.0.8 (executor 0) (8/50)
[2025-12-07T20:03:28.719+0000] {subprocess.py:106} INFO - 25/12/07 20:03:28 INFO TaskSetManager: Finished task 1.0 in stage 87.0 (TID 841) in 55 ms on 172.18.0.8 (executor 0) (9/50)
[2025-12-07T20:03:28.720+0000] {subprocess.py:106} INFO - 25/12/07 20:03:28 INFO TaskSetManager: Finished task 9.0 in stage 87.0 (TID 849) in 53 ms on 172.18.0.8 (executor 0) (10/50)
[2025-12-07T20:03:28.722+0000] {subprocess.py:106} INFO - 25/12/07 20:03:28 INFO TaskSetManager: Finished task 3.0 in stage 87.0 (TID 843) in 55 ms on 172.18.0.8 (executor 0) (11/50)
[2025-12-07T20:03:28.724+0000] {subprocess.py:106} INFO - 25/12/07 20:03:28 INFO TaskSetManager: Finished task 6.0 in stage 87.0 (TID 846) in 55 ms on 172.18.0.8 (executor 0) (12/50)
[2025-12-07T20:03:28.725+0000] {subprocess.py:106} INFO - 25/12/07 20:03:28 INFO TaskSetManager: Finished task 14.0 in stage 87.0 (TID 854) in 53 ms on 172.18.0.8 (executor 0) (13/50)
[2025-12-07T20:03:28.727+0000] {subprocess.py:106} INFO - 25/12/07 20:03:28 INFO TaskSetManager: Starting task 30.0 in stage 87.0 (TID 870) (172.18.0.8, executor 0, partition 30, PROCESS_LOCAL, 7367 bytes)
[2025-12-07T20:03:28.733+0000] {subprocess.py:106} INFO - 25/12/07 20:03:28 INFO TaskSetManager: Starting task 31.0 in stage 87.0 (TID 871) (172.18.0.8, executor 0, partition 31, PROCESS_LOCAL, 7367 bytes)
[2025-12-07T20:03:28.738+0000] {subprocess.py:106} INFO - 25/12/07 20:03:28 INFO TaskSetManager: Finished task 2.0 in stage 87.0 (TID 842) in 60 ms on 172.18.0.8 (executor 0) (14/50)
[2025-12-07T20:03:28.740+0000] {subprocess.py:106} INFO - 25/12/07 20:03:28 INFO TaskSetManager: Finished task 4.0 in stage 87.0 (TID 844) in 59 ms on 172.18.0.8 (executor 0) (15/50)
[2025-12-07T20:03:28.741+0000] {subprocess.py:106} INFO - 25/12/07 20:03:28 INFO TaskSetManager: Finished task 10.0 in stage 87.0 (TID 850) in 59 ms on 172.18.0.8 (executor 0) (16/50)
[2025-12-07T20:03:28.742+0000] {subprocess.py:106} INFO - 25/12/07 20:03:28 INFO TaskSetManager: Starting task 32.0 in stage 87.0 (TID 872) (172.18.0.8, executor 0, partition 32, PROCESS_LOCAL, 7367 bytes)
[2025-12-07T20:03:28.743+0000] {subprocess.py:106} INFO - 25/12/07 20:03:28 INFO TaskSetManager: Starting task 33.0 in stage 87.0 (TID 873) (172.18.0.8, executor 0, partition 33, PROCESS_LOCAL, 7367 bytes)
[2025-12-07T20:03:28.747+0000] {subprocess.py:106} INFO - 25/12/07 20:03:28 INFO TaskSetManager: Starting task 34.0 in stage 87.0 (TID 874) (172.18.0.8, executor 0, partition 34, PROCESS_LOCAL, 7367 bytes)
[2025-12-07T20:03:28.749+0000] {subprocess.py:106} INFO - 25/12/07 20:03:28 INFO TaskSetManager: Finished task 23.0 in stage 87.0 (TID 863) in 34 ms on 172.18.0.8 (executor 0) (17/50)
[2025-12-07T20:03:28.752+0000] {subprocess.py:106} INFO - 25/12/07 20:03:28 INFO TaskSetManager: Finished task 20.0 in stage 87.0 (TID 860) in 44 ms on 172.18.0.8 (executor 0) (18/50)
[2025-12-07T20:03:28.754+0000] {subprocess.py:106} INFO - 25/12/07 20:03:28 INFO TaskSetManager: Finished task 16.0 in stage 87.0 (TID 856) in 46 ms on 172.18.0.8 (executor 0) (19/50)
[2025-12-07T20:03:28.756+0000] {subprocess.py:106} INFO - 25/12/07 20:03:28 INFO TaskSetManager: Starting task 35.0 in stage 87.0 (TID 875) (172.18.0.8, executor 0, partition 35, PROCESS_LOCAL, 7367 bytes)
[2025-12-07T20:03:28.757+0000] {subprocess.py:106} INFO - 25/12/07 20:03:28 INFO TaskSetManager: Finished task 18.0 in stage 87.0 (TID 858) in 47 ms on 172.18.0.8 (executor 0) (20/50)
[2025-12-07T20:03:28.758+0000] {subprocess.py:106} INFO - 25/12/07 20:03:28 INFO TaskSetManager: Starting task 36.0 in stage 87.0 (TID 876) (172.18.0.8, executor 0, partition 36, PROCESS_LOCAL, 7367 bytes)
[2025-12-07T20:03:28.759+0000] {subprocess.py:106} INFO - 25/12/07 20:03:28 INFO TaskSetManager: Finished task 28.0 in stage 87.0 (TID 868) in 36 ms on 172.18.0.8 (executor 0) (21/50)
[2025-12-07T20:03:28.759+0000] {subprocess.py:106} INFO - 25/12/07 20:03:28 INFO TaskSetManager: Starting task 37.0 in stage 87.0 (TID 877) (172.18.0.8, executor 0, partition 37, PROCESS_LOCAL, 7367 bytes)
[2025-12-07T20:03:28.760+0000] {subprocess.py:106} INFO - 25/12/07 20:03:28 INFO TaskSetManager: Finished task 19.0 in stage 87.0 (TID 859) in 48 ms on 172.18.0.8 (executor 0) (22/50)
[2025-12-07T20:03:28.761+0000] {subprocess.py:106} INFO - 25/12/07 20:03:28 INFO TaskSetManager: Starting task 38.0 in stage 87.0 (TID 878) (172.18.0.8, executor 0, partition 38, PROCESS_LOCAL, 7367 bytes)
[2025-12-07T20:03:28.761+0000] {subprocess.py:106} INFO - 25/12/07 20:03:28 INFO TaskSetManager: Starting task 39.0 in stage 87.0 (TID 879) (172.18.0.8, executor 0, partition 39, PROCESS_LOCAL, 7367 bytes)
[2025-12-07T20:03:28.762+0000] {subprocess.py:106} INFO - 25/12/07 20:03:28 INFO TaskSetManager: Finished task 17.0 in stage 87.0 (TID 857) in 50 ms on 172.18.0.8 (executor 0) (23/50)
[2025-12-07T20:03:28.763+0000] {subprocess.py:106} INFO - 25/12/07 20:03:28 INFO TaskSetManager: Finished task 22.0 in stage 87.0 (TID 862) in 42 ms on 172.18.0.8 (executor 0) (24/50)
[2025-12-07T20:03:28.764+0000] {subprocess.py:106} INFO - 25/12/07 20:03:28 INFO TaskSetManager: Starting task 40.0 in stage 87.0 (TID 880) (172.18.0.8, executor 0, partition 40, PROCESS_LOCAL, 7367 bytes)
[2025-12-07T20:03:28.764+0000] {subprocess.py:106} INFO - 25/12/07 20:03:28 INFO TaskSetManager: Finished task 21.0 in stage 87.0 (TID 861) in 43 ms on 172.18.0.8 (executor 0) (25/50)
[2025-12-07T20:03:28.765+0000] {subprocess.py:106} INFO - 25/12/07 20:03:28 INFO TaskSetManager: Starting task 41.0 in stage 87.0 (TID 881) (172.18.0.8, executor 0, partition 41, PROCESS_LOCAL, 7367 bytes)
[2025-12-07T20:03:28.766+0000] {subprocess.py:106} INFO - 25/12/07 20:03:28 INFO TaskSetManager: Finished task 26.0 in stage 87.0 (TID 866) in 41 ms on 172.18.0.8 (executor 0) (26/50)
[2025-12-07T20:03:28.767+0000] {subprocess.py:106} INFO - 25/12/07 20:03:28 INFO TaskSetManager: Starting task 42.0 in stage 87.0 (TID 882) (172.18.0.8, executor 0, partition 42, PROCESS_LOCAL, 7367 bytes)
[2025-12-07T20:03:28.768+0000] {subprocess.py:106} INFO - 25/12/07 20:03:28 INFO TaskSetManager: Finished task 24.0 in stage 87.0 (TID 864) in 43 ms on 172.18.0.8 (executor 0) (27/50)
[2025-12-07T20:03:28.769+0000] {subprocess.py:106} INFO - 25/12/07 20:03:28 INFO TaskSetManager: Starting task 43.0 in stage 87.0 (TID 883) (172.18.0.8, executor 0, partition 43, PROCESS_LOCAL, 7367 bytes)
[2025-12-07T20:03:28.770+0000] {subprocess.py:106} INFO - 25/12/07 20:03:28 INFO TaskSetManager: Starting task 44.0 in stage 87.0 (TID 884) (172.18.0.8, executor 0, partition 44, PROCESS_LOCAL, 7367 bytes)
[2025-12-07T20:03:28.771+0000] {subprocess.py:106} INFO - 25/12/07 20:03:28 INFO TaskSetManager: Starting task 45.0 in stage 87.0 (TID 885) (172.18.0.8, executor 0, partition 45, PROCESS_LOCAL, 7367 bytes)
[2025-12-07T20:03:28.772+0000] {subprocess.py:106} INFO - 25/12/07 20:03:28 INFO TaskSetManager: Starting task 46.0 in stage 87.0 (TID 886) (172.18.0.8, executor 0, partition 46, PROCESS_LOCAL, 7367 bytes)
[2025-12-07T20:03:28.773+0000] {subprocess.py:106} INFO - 25/12/07 20:03:28 INFO TaskSetManager: Finished task 30.0 in stage 87.0 (TID 870) in 44 ms on 172.18.0.8 (executor 0) (28/50)
[2025-12-07T20:03:28.774+0000] {subprocess.py:106} INFO - 25/12/07 20:03:28 INFO TaskSetManager: Finished task 31.0 in stage 87.0 (TID 871) in 44 ms on 172.18.0.8 (executor 0) (29/50)
[2025-12-07T20:03:28.775+0000] {subprocess.py:106} INFO - 25/12/07 20:03:28 INFO TaskSetManager: Finished task 25.0 in stage 87.0 (TID 865) in 56 ms on 172.18.0.8 (executor 0) (30/50)
[2025-12-07T20:03:28.775+0000] {subprocess.py:106} INFO - 25/12/07 20:03:28 INFO TaskSetManager: Finished task 27.0 in stage 87.0 (TID 867) in 55 ms on 172.18.0.8 (executor 0) (31/50)
[2025-12-07T20:03:28.776+0000] {subprocess.py:106} INFO - 25/12/07 20:03:28 INFO TaskSetManager: Starting task 47.0 in stage 87.0 (TID 887) (172.18.0.8, executor 0, partition 47, PROCESS_LOCAL, 7367 bytes)
[2025-12-07T20:03:28.777+0000] {subprocess.py:106} INFO - 25/12/07 20:03:28 INFO TaskSetManager: Finished task 29.0 in stage 87.0 (TID 869) in 59 ms on 172.18.0.8 (executor 0) (32/50)
[2025-12-07T20:03:28.777+0000] {subprocess.py:106} INFO - 25/12/07 20:03:28 INFO TaskSetManager: Starting task 48.0 in stage 87.0 (TID 888) (172.18.0.8, executor 0, partition 48, PROCESS_LOCAL, 7367 bytes)
[2025-12-07T20:03:28.778+0000] {subprocess.py:106} INFO - 25/12/07 20:03:28 INFO TaskSetManager: Finished task 35.0 in stage 87.0 (TID 875) in 30 ms on 172.18.0.8 (executor 0) (33/50)
[2025-12-07T20:03:28.778+0000] {subprocess.py:106} INFO - 25/12/07 20:03:28 INFO TaskSetManager: Starting task 49.0 in stage 87.0 (TID 889) (172.18.0.8, executor 0, partition 49, PROCESS_LOCAL, 7367 bytes)
[2025-12-07T20:03:28.779+0000] {subprocess.py:106} INFO - 25/12/07 20:03:28 INFO TaskSetManager: Finished task 39.0 in stage 87.0 (TID 879) in 34 ms on 172.18.0.8 (executor 0) (34/50)
[2025-12-07T20:03:28.780+0000] {subprocess.py:106} INFO - 25/12/07 20:03:28 INFO TaskSetManager: Finished task 32.0 in stage 87.0 (TID 872) in 42 ms on 172.18.0.8 (executor 0) (35/50)
[2025-12-07T20:03:28.781+0000] {subprocess.py:106} INFO - 25/12/07 20:03:28 INFO TaskSetManager: Finished task 38.0 in stage 87.0 (TID 878) in 35 ms on 172.18.0.8 (executor 0) (36/50)
[2025-12-07T20:03:28.782+0000] {subprocess.py:106} INFO - 25/12/07 20:03:28 INFO TaskSetManager: Finished task 37.0 in stage 87.0 (TID 877) in 37 ms on 172.18.0.8 (executor 0) (37/50)
[2025-12-07T20:03:28.782+0000] {subprocess.py:106} INFO - 25/12/07 20:03:28 INFO TaskSetManager: Finished task 34.0 in stage 87.0 (TID 874) in 41 ms on 172.18.0.8 (executor 0) (38/50)
[2025-12-07T20:03:28.783+0000] {subprocess.py:106} INFO - 25/12/07 20:03:28 INFO TaskSetManager: Finished task 33.0 in stage 87.0 (TID 873) in 42 ms on 172.18.0.8 (executor 0) (39/50)
[2025-12-07T20:03:28.784+0000] {subprocess.py:106} INFO - 25/12/07 20:03:28 INFO TaskSetManager: Finished task 36.0 in stage 87.0 (TID 876) in 38 ms on 172.18.0.8 (executor 0) (40/50)
[2025-12-07T20:03:28.784+0000] {subprocess.py:106} INFO - 25/12/07 20:03:28 INFO TaskSetManager: Finished task 41.0 in stage 87.0 (TID 881) in 38 ms on 172.18.0.8 (executor 0) (41/50)
[2025-12-07T20:03:28.785+0000] {subprocess.py:106} INFO - 25/12/07 20:03:28 INFO TaskSetManager: Finished task 42.0 in stage 87.0 (TID 882) in 37 ms on 172.18.0.8 (executor 0) (42/50)
[2025-12-07T20:03:28.785+0000] {subprocess.py:106} INFO - 25/12/07 20:03:28 INFO TaskSetManager: Finished task 47.0 in stage 87.0 (TID 887) in 22 ms on 172.18.0.8 (executor 0) (43/50)
[2025-12-07T20:03:28.786+0000] {subprocess.py:106} INFO - 25/12/07 20:03:28 INFO TaskSetManager: Finished task 44.0 in stage 87.0 (TID 884) in 41 ms on 172.18.0.8 (executor 0) (44/50)
[2025-12-07T20:03:28.786+0000] {subprocess.py:106} INFO - 25/12/07 20:03:28 INFO TaskSetManager: Finished task 48.0 in stage 87.0 (TID 888) in 31 ms on 172.18.0.8 (executor 0) (45/50)
[2025-12-07T20:03:28.788+0000] {subprocess.py:106} INFO - 25/12/07 20:03:28 INFO TaskSetManager: Finished task 43.0 in stage 87.0 (TID 883) in 43 ms on 172.18.0.8 (executor 0) (46/50)
[2025-12-07T20:03:28.788+0000] {subprocess.py:106} INFO - 25/12/07 20:03:28 INFO TaskSetManager: Finished task 40.0 in stage 87.0 (TID 880) in 53 ms on 172.18.0.8 (executor 0) (47/50)
[2025-12-07T20:03:28.789+0000] {subprocess.py:106} INFO - 25/12/07 20:03:28 INFO TaskSetManager: Finished task 45.0 in stage 87.0 (TID 885) in 45 ms on 172.18.0.8 (executor 0) (48/50)
[2025-12-07T20:03:28.790+0000] {subprocess.py:106} INFO - 25/12/07 20:03:28 INFO TaskSetManager: Finished task 46.0 in stage 87.0 (TID 886) in 42 ms on 172.18.0.8 (executor 0) (49/50)
[2025-12-07T20:03:28.790+0000] {subprocess.py:106} INFO - 25/12/07 20:03:28 INFO TaskSetManager: Finished task 49.0 in stage 87.0 (TID 889) in 30 ms on 172.18.0.8 (executor 0) (50/50)
[2025-12-07T20:03:28.791+0000] {subprocess.py:106} INFO - 25/12/07 20:03:28 INFO TaskSchedulerImpl: Removed TaskSet 87.0, whose tasks have all completed, from pool
[2025-12-07T20:03:28.792+0000] {subprocess.py:106} INFO - 25/12/07 20:03:28 INFO DAGScheduler: ResultStage 87 ($anonfun$recordDeltaOperationInternal$1 at DatabricksLogging.scala:128) finished in 0.163 s
[2025-12-07T20:03:28.792+0000] {subprocess.py:106} INFO - 25/12/07 20:03:28 INFO DAGScheduler: Job 50 is finished. Cancelling potential speculative or zombie tasks for this job
[2025-12-07T20:03:28.793+0000] {subprocess.py:106} INFO - 25/12/07 20:03:28 INFO TaskSchedulerImpl: Killing all running tasks in stage 87: Stage finished
[2025-12-07T20:03:28.794+0000] {subprocess.py:106} INFO - 25/12/07 20:03:28 INFO DAGScheduler: Job 50 finished: $anonfun$recordDeltaOperationInternal$1 at DatabricksLogging.scala:128, took 0.169657 s
[2025-12-07T20:03:28.795+0000] {subprocess.py:106} INFO - 25/12/07 20:03:28 INFO PrepareDeltaScan: DELTA: Done
[2025-12-07T20:03:28.795+0000] {subprocess.py:106} INFO - 25/12/07 20:03:28 INFO FileSourceStrategy: Pushed Filters:
[2025-12-07T20:03:28.796+0000] {subprocess.py:106} INFO - 25/12/07 20:03:28 INFO FileSourceStrategy: Post-Scan Filters:
[2025-12-07T20:03:28.798+0000] {subprocess.py:106} INFO - 25/12/07 20:03:28 INFO ParquetUtils: Using default output committer for Parquet: org.apache.parquet.hadoop.ParquetOutputCommitter
[2025-12-07T20:03:28.816+0000] {subprocess.py:106} INFO - 25/12/07 20:03:28 INFO CodeGenerator: Code generated in 12.632201 ms
[2025-12-07T20:03:28.819+0000] {subprocess.py:106} INFO - 25/12/07 20:03:28 INFO MemoryStore: Block broadcast_85 stored as values in memory (estimated size 214.6 KiB, free 430.1 MiB)
[2025-12-07T20:03:28.827+0000] {subprocess.py:106} INFO - 25/12/07 20:03:28 INFO MemoryStore: Block broadcast_85_piece0 stored as bytes in memory (estimated size 36.9 KiB, free 430.0 MiB)
[2025-12-07T20:03:28.828+0000] {subprocess.py:106} INFO - 25/12/07 20:03:28 INFO BlockManagerInfo: Added broadcast_85_piece0 in memory on 13f196131dae:36513 (size: 36.9 KiB, free: 433.7 MiB)
[2025-12-07T20:03:28.828+0000] {subprocess.py:106} INFO - 25/12/07 20:03:28 INFO SparkContext: Created broadcast 85 from save at <unknown>:0
[2025-12-07T20:03:28.830+0000] {subprocess.py:106} INFO - 25/12/07 20:03:28 INFO FileSourceScanExec: Planning scan with bin packing, max size: 4194304 bytes, open cost is considered as scanning 4194304 bytes.
[2025-12-07T20:03:28.879+0000] {subprocess.py:106} INFO - 25/12/07 20:03:28 INFO BlockManagerInfo: Removed broadcast_84_piece0 on 13f196131dae:36513 in memory (size: 138.6 KiB, free: 433.9 MiB)
[2025-12-07T20:03:28.880+0000] {subprocess.py:106} INFO - 25/12/07 20:03:28 INFO SparkContext: Starting job: save at <unknown>:0
[2025-12-07T20:03:28.881+0000] {subprocess.py:106} INFO - 25/12/07 20:03:28 INFO BlockManagerInfo: Removed broadcast_84_piece0 on 172.18.0.8:41783 in memory (size: 138.6 KiB, free: 434.1 MiB)
[2025-12-07T20:03:28.883+0000] {subprocess.py:106} INFO - 25/12/07 20:03:28 INFO DAGScheduler: Got job 51 (save at <unknown>:0) with 1 output partitions
[2025-12-07T20:03:28.884+0000] {subprocess.py:106} INFO - 25/12/07 20:03:28 INFO DAGScheduler: Final stage: ResultStage 88 (save at <unknown>:0)
[2025-12-07T20:03:28.885+0000] {subprocess.py:106} INFO - 25/12/07 20:03:28 INFO DAGScheduler: Parents of final stage: List()
[2025-12-07T20:03:28.887+0000] {subprocess.py:106} INFO - 25/12/07 20:03:28 INFO DAGScheduler: Missing parents: List()
[2025-12-07T20:03:28.889+0000] {subprocess.py:106} INFO - 25/12/07 20:03:28 INFO DAGScheduler: Submitting ResultStage 88 (MapPartitionsRDD[239] at save at <unknown>:0), which has no missing parents
[2025-12-07T20:03:28.905+0000] {subprocess.py:106} INFO - 25/12/07 20:03:28 INFO MemoryStore: Block broadcast_86 stored as values in memory (estimated size 358.1 KiB, free 430.4 MiB)
[2025-12-07T20:03:28.907+0000] {subprocess.py:106} INFO - 25/12/07 20:03:28 INFO MemoryStore: Block broadcast_86_piece0 stored as bytes in memory (estimated size 127.7 KiB, free 430.3 MiB)
[2025-12-07T20:03:28.908+0000] {subprocess.py:106} INFO - 25/12/07 20:03:28 INFO BlockManagerInfo: Added broadcast_86_piece0 in memory on 13f196131dae:36513 (size: 127.7 KiB, free: 433.7 MiB)
[2025-12-07T20:03:28.909+0000] {subprocess.py:106} INFO - 25/12/07 20:03:28 INFO SparkContext: Created broadcast 86 from broadcast at DAGScheduler.scala:1535
[2025-12-07T20:03:28.909+0000] {subprocess.py:106} INFO - 25/12/07 20:03:28 INFO DAGScheduler: Submitting 1 missing tasks from ResultStage 88 (MapPartitionsRDD[239] at save at <unknown>:0) (first 15 tasks are for partitions Vector(0))
[2025-12-07T20:03:28.910+0000] {subprocess.py:106} INFO - 25/12/07 20:03:28 INFO TaskSchedulerImpl: Adding task set 88.0 with 1 tasks resource profile 0
[2025-12-07T20:03:28.912+0000] {subprocess.py:106} INFO - 25/12/07 20:03:28 INFO TaskSetManager: Starting task 0.0 in stage 88.0 (TID 890) (172.18.0.8, executor 0, partition 0, PROCESS_LOCAL, 7974 bytes)
[2025-12-07T20:03:28.920+0000] {subprocess.py:106} INFO - 25/12/07 20:03:28 INFO BlockManagerInfo: Added broadcast_86_piece0 in memory on 172.18.0.8:41783 (size: 127.7 KiB, free: 434.0 MiB)
[2025-12-07T20:03:29.017+0000] {subprocess.py:106} INFO - 25/12/07 20:03:29 INFO BlockManagerInfo: Added broadcast_85_piece0 in memory on 172.18.0.8:41783 (size: 36.9 KiB, free: 434.0 MiB)
[2025-12-07T20:03:29.111+0000] {subprocess.py:106} INFO - 25/12/07 20:03:29 INFO TaskSetManager: Finished task 0.0 in stage 88.0 (TID 890) in 200 ms on 172.18.0.8 (executor 0) (1/1)
[2025-12-07T20:03:29.112+0000] {subprocess.py:106} INFO - 25/12/07 20:03:29 INFO TaskSchedulerImpl: Removed TaskSet 88.0, whose tasks have all completed, from pool
[2025-12-07T20:03:29.113+0000] {subprocess.py:106} INFO - 25/12/07 20:03:29 INFO DAGScheduler: ResultStage 88 (save at <unknown>:0) finished in 0.229 s
[2025-12-07T20:03:29.114+0000] {subprocess.py:106} INFO - 25/12/07 20:03:29 INFO DAGScheduler: Job 51 is finished. Cancelling potential speculative or zombie tasks for this job
[2025-12-07T20:03:29.115+0000] {subprocess.py:106} INFO - 25/12/07 20:03:29 INFO TaskSchedulerImpl: Killing all running tasks in stage 88: Stage finished
[2025-12-07T20:03:29.115+0000] {subprocess.py:106} INFO - 25/12/07 20:03:29 INFO DAGScheduler: Job 51 finished: save at <unknown>:0, took 0.232988 s
[2025-12-07T20:03:29.116+0000] {subprocess.py:106} INFO - 25/12/07 20:03:29 INFO FileFormatWriter: Start to commit write Job 79c9eab3-c94a-4c4c-8539-f29b078a0d9f.
[2025-12-07T20:03:29.116+0000] {subprocess.py:106} INFO - 25/12/07 20:03:29 INFO FileFormatWriter: Write Job 79c9eab3-c94a-4c4c-8539-f29b078a0d9f committed. Elapsed time: 0 ms.
[2025-12-07T20:03:29.117+0000] {subprocess.py:106} INFO - 25/12/07 20:03:29 INFO FileFormatWriter: Finished processing stats for write job 79c9eab3-c94a-4c4c-8539-f29b078a0d9f.
[2025-12-07T20:03:29.117+0000] {subprocess.py:106} INFO - 25/12/07 20:03:29 INFO Snapshot: [tableId=8ea85646-03cc-4333-b3ca-9b497510ee64] DELTA: Compute snapshot for version: 0
[2025-12-07T20:03:29.118+0000] {subprocess.py:106} INFO - 25/12/07 20:03:29 INFO MemoryStore: Block broadcast_87 stored as values in memory (estimated size 212.3 KiB, free 430.1 MiB)
[2025-12-07T20:03:29.123+0000] {subprocess.py:106} INFO - 25/12/07 20:03:29 INFO MemoryStore: Block broadcast_87_piece0 stored as bytes in memory (estimated size 36.3 KiB, free 430.0 MiB)
[2025-12-07T20:03:29.124+0000] {subprocess.py:106} INFO - 25/12/07 20:03:29 INFO BlockManagerInfo: Added broadcast_87_piece0 in memory on 13f196131dae:36513 (size: 36.3 KiB, free: 433.7 MiB)
[2025-12-07T20:03:29.125+0000] {subprocess.py:106} INFO - 25/12/07 20:03:29 INFO SparkContext: Created broadcast 87 from $anonfun$recordDeltaOperationInternal$1 at DatabricksLogging.scala:128
[2025-12-07T20:03:29.242+0000] {subprocess.py:106} INFO - 25/12/07 20:03:29 INFO BlockManagerInfo: Removed broadcast_86_piece0 on 13f196131dae:36513 in memory (size: 127.7 KiB, free: 433.8 MiB)
[2025-12-07T20:03:29.243+0000] {subprocess.py:106} INFO - 25/12/07 20:03:29 INFO BlockManagerInfo: Removed broadcast_86_piece0 on 172.18.0.8:41783 in memory (size: 127.7 KiB, free: 434.1 MiB)
[2025-12-07T20:03:29.251+0000] {subprocess.py:106} INFO - 25/12/07 20:03:29 INFO FileSourceStrategy: Pushed Filters:
[2025-12-07T20:03:29.252+0000] {subprocess.py:106} INFO - 25/12/07 20:03:29 INFO FileSourceStrategy: Post-Scan Filters:
[2025-12-07T20:03:29.283+0000] {subprocess.py:106} INFO - 25/12/07 20:03:29 INFO MemoryStore: Block broadcast_88 stored as values in memory (estimated size 212.9 KiB, free 430.3 MiB)
[2025-12-07T20:03:29.289+0000] {subprocess.py:106} INFO - 25/12/07 20:03:29 INFO MemoryStore: Block broadcast_88_piece0 stored as bytes in memory (estimated size 36.4 KiB, free 430.3 MiB)
[2025-12-07T20:03:29.290+0000] {subprocess.py:106} INFO - 25/12/07 20:03:29 INFO BlockManagerInfo: Added broadcast_88_piece0 in memory on 13f196131dae:36513 (size: 36.4 KiB, free: 433.8 MiB)
[2025-12-07T20:03:29.291+0000] {subprocess.py:106} INFO - 25/12/07 20:03:29 INFO SparkContext: Created broadcast 88 from $anonfun$recordDeltaOperationInternal$1 at DatabricksLogging.scala:128
[2025-12-07T20:03:29.291+0000] {subprocess.py:106} INFO - 25/12/07 20:03:29 INFO FileSourceScanExec: Planning scan with bin packing, max size: 4194304 bytes, open cost is considered as scanning 4194304 bytes.
[2025-12-07T20:03:29.298+0000] {subprocess.py:106} INFO - 25/12/07 20:03:29 INFO DAGScheduler: Registering RDD 243 ($anonfun$recordDeltaOperationInternal$1 at DatabricksLogging.scala:128) as input to shuffle 20
[2025-12-07T20:03:29.298+0000] {subprocess.py:106} INFO - 25/12/07 20:03:29 INFO DAGScheduler: Got map stage job 52 ($anonfun$recordDeltaOperationInternal$1 at DatabricksLogging.scala:128) with 1 output partitions
[2025-12-07T20:03:29.299+0000] {subprocess.py:106} INFO - 25/12/07 20:03:29 INFO DAGScheduler: Final stage: ShuffleMapStage 89 ($anonfun$recordDeltaOperationInternal$1 at DatabricksLogging.scala:128)
[2025-12-07T20:03:29.300+0000] {subprocess.py:106} INFO - 25/12/07 20:03:29 INFO DAGScheduler: Parents of final stage: List()
[2025-12-07T20:03:29.300+0000] {subprocess.py:106} INFO - 25/12/07 20:03:29 INFO DAGScheduler: Missing parents: List()
[2025-12-07T20:03:29.301+0000] {subprocess.py:106} INFO - 25/12/07 20:03:29 INFO DAGScheduler: Submitting ShuffleMapStage 89 (MapPartitionsRDD[243] at $anonfun$recordDeltaOperationInternal$1 at DatabricksLogging.scala:128), which has no missing parents
[2025-12-07T20:03:29.302+0000] {subprocess.py:106} INFO - 25/12/07 20:03:29 INFO MemoryStore: Block broadcast_89 stored as values in memory (estimated size 138.3 KiB, free 430.1 MiB)
[2025-12-07T20:03:29.303+0000] {subprocess.py:106} INFO - 25/12/07 20:03:29 INFO MemoryStore: Block broadcast_89_piece0 stored as bytes in memory (estimated size 39.0 KiB, free 430.1 MiB)
[2025-12-07T20:03:29.304+0000] {subprocess.py:106} INFO - 25/12/07 20:03:29 INFO BlockManagerInfo: Added broadcast_89_piece0 in memory on 13f196131dae:36513 (size: 39.0 KiB, free: 433.8 MiB)
[2025-12-07T20:03:29.305+0000] {subprocess.py:106} INFO - 25/12/07 20:03:29 INFO SparkContext: Created broadcast 89 from broadcast at DAGScheduler.scala:1535
[2025-12-07T20:03:29.306+0000] {subprocess.py:106} INFO - 25/12/07 20:03:29 INFO DAGScheduler: Submitting 1 missing tasks from ShuffleMapStage 89 (MapPartitionsRDD[243] at $anonfun$recordDeltaOperationInternal$1 at DatabricksLogging.scala:128) (first 15 tasks are for partitions Vector(0))
[2025-12-07T20:03:29.307+0000] {subprocess.py:106} INFO - 25/12/07 20:03:29 INFO TaskSchedulerImpl: Adding task set 89.0 with 1 tasks resource profile 0
[2025-12-07T20:03:29.307+0000] {subprocess.py:106} INFO - 25/12/07 20:03:29 INFO TaskSetManager: Starting task 0.0 in stage 89.0 (TID 891) (172.18.0.8, executor 0, partition 0, PROCESS_LOCAL, 7934 bytes)
[2025-12-07T20:03:29.313+0000] {subprocess.py:106} INFO - 25/12/07 20:03:29 INFO BlockManagerInfo: Added broadcast_89_piece0 in memory on 172.18.0.8:41783 (size: 39.0 KiB, free: 434.1 MiB)
[2025-12-07T20:03:29.332+0000] {subprocess.py:106} INFO - 25/12/07 20:03:29 INFO BlockManagerInfo: Added broadcast_88_piece0 in memory on 172.18.0.8:41783 (size: 36.4 KiB, free: 434.0 MiB)
[2025-12-07T20:03:29.357+0000] {subprocess.py:106} INFO - 25/12/07 20:03:29 INFO TaskSetManager: Finished task 0.0 in stage 89.0 (TID 891) in 51 ms on 172.18.0.8 (executor 0) (1/1)
[2025-12-07T20:03:29.358+0000] {subprocess.py:106} INFO - 25/12/07 20:03:29 INFO TaskSchedulerImpl: Removed TaskSet 89.0, whose tasks have all completed, from pool
[2025-12-07T20:03:29.358+0000] {subprocess.py:106} INFO - 25/12/07 20:03:29 INFO DAGScheduler: ShuffleMapStage 89 ($anonfun$recordDeltaOperationInternal$1 at DatabricksLogging.scala:128) finished in 0.059 s
[2025-12-07T20:03:29.359+0000] {subprocess.py:106} INFO - 25/12/07 20:03:29 INFO DAGScheduler: looking for newly runnable stages
[2025-12-07T20:03:29.359+0000] {subprocess.py:106} INFO - 25/12/07 20:03:29 INFO DAGScheduler: running: Set()
[2025-12-07T20:03:29.360+0000] {subprocess.py:106} INFO - 25/12/07 20:03:29 INFO DAGScheduler: waiting: Set()
[2025-12-07T20:03:29.360+0000] {subprocess.py:106} INFO - 25/12/07 20:03:29 INFO DAGScheduler: failed: Set()
[2025-12-07T20:03:29.387+0000] {subprocess.py:106} INFO - 25/12/07 20:03:29 INFO BlockManagerInfo: Removed broadcast_89_piece0 on 13f196131dae:36513 in memory (size: 39.0 KiB, free: 433.8 MiB)
[2025-12-07T20:03:29.388+0000] {subprocess.py:106} INFO - 25/12/07 20:03:29 INFO BlockManagerInfo: Removed broadcast_89_piece0 on 172.18.0.8:41783 in memory (size: 39.0 KiB, free: 434.1 MiB)
[2025-12-07T20:03:29.547+0000] {subprocess.py:106} INFO - 25/12/07 20:03:29 INFO DAGScheduler: Registering RDD 253 ($anonfun$recordDeltaOperationInternal$1 at DatabricksLogging.scala:128) as input to shuffle 21
[2025-12-07T20:03:29.548+0000] {subprocess.py:106} INFO - 25/12/07 20:03:29 INFO DAGScheduler: Got map stage job 53 ($anonfun$recordDeltaOperationInternal$1 at DatabricksLogging.scala:128) with 50 output partitions
[2025-12-07T20:03:29.549+0000] {subprocess.py:106} INFO - 25/12/07 20:03:29 INFO DAGScheduler: Final stage: ShuffleMapStage 91 ($anonfun$recordDeltaOperationInternal$1 at DatabricksLogging.scala:128)
[2025-12-07T20:03:29.550+0000] {subprocess.py:106} INFO - 25/12/07 20:03:29 INFO DAGScheduler: Parents of final stage: List(ShuffleMapStage 90)
[2025-12-07T20:03:29.551+0000] {subprocess.py:106} INFO - 25/12/07 20:03:29 INFO DAGScheduler: Missing parents: List()
[2025-12-07T20:03:29.551+0000] {subprocess.py:106} INFO - 25/12/07 20:03:29 INFO DAGScheduler: Submitting ShuffleMapStage 91 (MapPartitionsRDD[253] at $anonfun$recordDeltaOperationInternal$1 at DatabricksLogging.scala:128), which has no missing parents
[2025-12-07T20:03:29.563+0000] {subprocess.py:106} INFO - 25/12/07 20:03:29 INFO MemoryStore: Block broadcast_90 stored as values in memory (estimated size 517.2 KiB, free 429.8 MiB)
[2025-12-07T20:03:29.565+0000] {subprocess.py:106} INFO - 25/12/07 20:03:29 INFO MemoryStore: Block broadcast_90_piece0 stored as bytes in memory (estimated size 123.3 KiB, free 429.6 MiB)
[2025-12-07T20:03:29.569+0000] {subprocess.py:106} INFO - 25/12/07 20:03:29 INFO BlockManagerInfo: Added broadcast_90_piece0 in memory on 13f196131dae:36513 (size: 123.3 KiB, free: 433.7 MiB)
[2025-12-07T20:03:29.571+0000] {subprocess.py:106} INFO - 25/12/07 20:03:29 INFO SparkContext: Created broadcast 90 from broadcast at DAGScheduler.scala:1535
[2025-12-07T20:03:29.572+0000] {subprocess.py:106} INFO - 25/12/07 20:03:29 INFO DAGScheduler: Submitting 50 missing tasks from ShuffleMapStage 91 (MapPartitionsRDD[253] at $anonfun$recordDeltaOperationInternal$1 at DatabricksLogging.scala:128) (first 15 tasks are for partitions Vector(0, 1, 2, 3, 4, 5, 6, 7, 8, 9, 10, 11, 12, 13, 14))
[2025-12-07T20:03:29.574+0000] {subprocess.py:106} INFO - 25/12/07 20:03:29 INFO TaskSchedulerImpl: Adding task set 91.0 with 50 tasks resource profile 0
[2025-12-07T20:03:29.575+0000] {subprocess.py:106} INFO - 25/12/07 20:03:29 INFO TaskSetManager: Starting task 9.0 in stage 91.0 (TID 892) (172.18.0.8, executor 0, partition 9, NODE_LOCAL, 7356 bytes)
[2025-12-07T20:03:29.576+0000] {subprocess.py:106} INFO - 25/12/07 20:03:29 INFO TaskSetManager: Starting task 42.0 in stage 91.0 (TID 893) (172.18.0.8, executor 0, partition 42, NODE_LOCAL, 7356 bytes)
[2025-12-07T20:03:29.577+0000] {subprocess.py:106} INFO - 25/12/07 20:03:29 INFO TaskSetManager: Starting task 0.0 in stage 91.0 (TID 894) (172.18.0.8, executor 0, partition 0, PROCESS_LOCAL, 7356 bytes)
[2025-12-07T20:03:29.578+0000] {subprocess.py:106} INFO - 25/12/07 20:03:29 INFO TaskSetManager: Starting task 1.0 in stage 91.0 (TID 895) (172.18.0.8, executor 0, partition 1, PROCESS_LOCAL, 7356 bytes)
[2025-12-07T20:03:29.579+0000] {subprocess.py:106} INFO - 25/12/07 20:03:29 INFO TaskSetManager: Starting task 2.0 in stage 91.0 (TID 896) (172.18.0.8, executor 0, partition 2, PROCESS_LOCAL, 7356 bytes)
[2025-12-07T20:03:29.580+0000] {subprocess.py:106} INFO - 25/12/07 20:03:29 INFO TaskSetManager: Starting task 3.0 in stage 91.0 (TID 897) (172.18.0.8, executor 0, partition 3, PROCESS_LOCAL, 7356 bytes)
[2025-12-07T20:03:29.580+0000] {subprocess.py:106} INFO - 25/12/07 20:03:29 INFO TaskSetManager: Starting task 4.0 in stage 91.0 (TID 898) (172.18.0.8, executor 0, partition 4, PROCESS_LOCAL, 7356 bytes)
[2025-12-07T20:03:29.581+0000] {subprocess.py:106} INFO - 25/12/07 20:03:29 INFO TaskSetManager: Starting task 5.0 in stage 91.0 (TID 899) (172.18.0.8, executor 0, partition 5, PROCESS_LOCAL, 7356 bytes)
[2025-12-07T20:03:29.582+0000] {subprocess.py:106} INFO - 25/12/07 20:03:29 INFO TaskSetManager: Starting task 6.0 in stage 91.0 (TID 900) (172.18.0.8, executor 0, partition 6, PROCESS_LOCAL, 7356 bytes)
[2025-12-07T20:03:29.582+0000] {subprocess.py:106} INFO - 25/12/07 20:03:29 INFO TaskSetManager: Starting task 7.0 in stage 91.0 (TID 901) (172.18.0.8, executor 0, partition 7, PROCESS_LOCAL, 7356 bytes)
[2025-12-07T20:03:29.583+0000] {subprocess.py:106} INFO - 25/12/07 20:03:29 INFO TaskSetManager: Starting task 8.0 in stage 91.0 (TID 902) (172.18.0.8, executor 0, partition 8, PROCESS_LOCAL, 7356 bytes)
[2025-12-07T20:03:29.583+0000] {subprocess.py:106} INFO - 25/12/07 20:03:29 INFO TaskSetManager: Starting task 10.0 in stage 91.0 (TID 903) (172.18.0.8, executor 0, partition 10, PROCESS_LOCAL, 7356 bytes)
[2025-12-07T20:03:29.584+0000] {subprocess.py:106} INFO - 25/12/07 20:03:29 INFO TaskSetManager: Starting task 11.0 in stage 91.0 (TID 904) (172.18.0.8, executor 0, partition 11, PROCESS_LOCAL, 7356 bytes)
[2025-12-07T20:03:29.584+0000] {subprocess.py:106} INFO - 25/12/07 20:03:29 INFO TaskSetManager: Starting task 12.0 in stage 91.0 (TID 905) (172.18.0.8, executor 0, partition 12, PROCESS_LOCAL, 7356 bytes)
[2025-12-07T20:03:29.585+0000] {subprocess.py:106} INFO - 25/12/07 20:03:29 INFO TaskSetManager: Starting task 13.0 in stage 91.0 (TID 906) (172.18.0.8, executor 0, partition 13, PROCESS_LOCAL, 7356 bytes)
[2025-12-07T20:03:29.586+0000] {subprocess.py:106} INFO - 25/12/07 20:03:29 INFO TaskSetManager: Starting task 14.0 in stage 91.0 (TID 907) (172.18.0.8, executor 0, partition 14, PROCESS_LOCAL, 7356 bytes)
[2025-12-07T20:03:29.586+0000] {subprocess.py:106} INFO - 25/12/07 20:03:29 INFO BlockManagerInfo: Added broadcast_90_piece0 in memory on 172.18.0.8:41783 (size: 123.3 KiB, free: 433.9 MiB)
[2025-12-07T20:03:29.605+0000] {subprocess.py:106} INFO - 25/12/07 20:03:29 INFO MapOutputTrackerMasterEndpoint: Asked to send map output locations for shuffle 20 to 172.18.0.8:33606
[2025-12-07T20:03:29.659+0000] {subprocess.py:106} INFO - 25/12/07 20:03:29 INFO BlockManagerInfo: Added rdd_250_5 in memory on 172.18.0.8:41783 (size: 46.0 B, free: 433.9 MiB)
[2025-12-07T20:03:29.661+0000] {subprocess.py:106} INFO - 25/12/07 20:03:29 INFO BlockManagerInfo: Added rdd_250_9 in memory on 172.18.0.8:41783 (size: 709.0 B, free: 433.9 MiB)
[2025-12-07T20:03:29.662+0000] {subprocess.py:106} INFO - 25/12/07 20:03:29 INFO BlockManagerInfo: Added rdd_250_13 in memory on 172.18.0.8:41783 (size: 46.0 B, free: 433.9 MiB)
[2025-12-07T20:03:29.664+0000] {subprocess.py:106} INFO - 25/12/07 20:03:29 INFO BlockManagerInfo: Added rdd_250_11 in memory on 172.18.0.8:41783 (size: 46.0 B, free: 433.9 MiB)
[2025-12-07T20:03:29.665+0000] {subprocess.py:106} INFO - 25/12/07 20:03:29 INFO BlockManagerInfo: Added rdd_250_12 in memory on 172.18.0.8:41783 (size: 46.0 B, free: 433.9 MiB)
[2025-12-07T20:03:29.666+0000] {subprocess.py:106} INFO - 25/12/07 20:03:29 INFO BlockManagerInfo: Added rdd_250_8 in memory on 172.18.0.8:41783 (size: 46.0 B, free: 433.9 MiB)
[2025-12-07T20:03:29.666+0000] {subprocess.py:106} INFO - 25/12/07 20:03:29 INFO BlockManagerInfo: Added rdd_250_7 in memory on 172.18.0.8:41783 (size: 46.0 B, free: 433.9 MiB)
[2025-12-07T20:03:29.667+0000] {subprocess.py:106} INFO - 25/12/07 20:03:29 INFO BlockManagerInfo: Added rdd_250_6 in memory on 172.18.0.8:41783 (size: 46.0 B, free: 433.9 MiB)
[2025-12-07T20:03:29.668+0000] {subprocess.py:106} INFO - 25/12/07 20:03:29 INFO BlockManagerInfo: Added rdd_250_42 in memory on 172.18.0.8:41783 (size: 516.0 B, free: 433.9 MiB)
[2025-12-07T20:03:29.669+0000] {subprocess.py:106} INFO - 25/12/07 20:03:29 INFO BlockManagerInfo: Added rdd_250_10 in memory on 172.18.0.8:41783 (size: 46.0 B, free: 433.9 MiB)
[2025-12-07T20:03:29.675+0000] {subprocess.py:106} INFO - 25/12/07 20:03:29 INFO BlockManagerInfo: Added rdd_250_3 in memory on 172.18.0.8:41783 (size: 46.0 B, free: 433.9 MiB)
[2025-12-07T20:03:29.678+0000] {subprocess.py:106} INFO - 25/12/07 20:03:29 INFO BlockManagerInfo: Added rdd_250_1 in memory on 172.18.0.8:41783 (size: 46.0 B, free: 433.9 MiB)
[2025-12-07T20:03:29.685+0000] {subprocess.py:106} INFO - 25/12/07 20:03:29 INFO BlockManagerInfo: Added rdd_250_4 in memory on 172.18.0.8:41783 (size: 46.0 B, free: 433.9 MiB)
[2025-12-07T20:03:29.686+0000] {subprocess.py:106} INFO - 25/12/07 20:03:29 INFO TaskSetManager: Starting task 15.0 in stage 91.0 (TID 908) (172.18.0.8, executor 0, partition 15, PROCESS_LOCAL, 7356 bytes)
[2025-12-07T20:03:29.691+0000] {subprocess.py:106} INFO - 25/12/07 20:03:29 INFO TaskSetManager: Starting task 16.0 in stage 91.0 (TID 909) (172.18.0.8, executor 0, partition 16, PROCESS_LOCAL, 7356 bytes)
[2025-12-07T20:03:29.692+0000] {subprocess.py:106} INFO - 25/12/07 20:03:29 INFO TaskSetManager: Finished task 5.0 in stage 91.0 (TID 899) in 111 ms on 172.18.0.8 (executor 0) (1/50)
[2025-12-07T20:03:29.694+0000] {subprocess.py:106} INFO - 25/12/07 20:03:29 INFO TaskSetManager: Finished task 13.0 in stage 91.0 (TID 906) in 110 ms on 172.18.0.8 (executor 0) (2/50)
[2025-12-07T20:03:29.698+0000] {subprocess.py:106} INFO - 25/12/07 20:03:29 INFO BlockManagerInfo: Added rdd_250_14 in memory on 172.18.0.8:41783 (size: 46.0 B, free: 433.9 MiB)
[2025-12-07T20:03:29.701+0000] {subprocess.py:106} INFO - 25/12/07 20:03:29 INFO BlockManagerInfo: Added rdd_250_0 in memory on 172.18.0.8:41783 (size: 46.0 B, free: 433.9 MiB)
[2025-12-07T20:03:29.703+0000] {subprocess.py:106} INFO - 25/12/07 20:03:29 INFO TaskSetManager: Starting task 17.0 in stage 91.0 (TID 910) (172.18.0.8, executor 0, partition 17, PROCESS_LOCAL, 7356 bytes)
[2025-12-07T20:03:29.704+0000] {subprocess.py:106} INFO - 25/12/07 20:03:29 INFO TaskSetManager: Finished task 8.0 in stage 91.0 (TID 902) in 124 ms on 172.18.0.8 (executor 0) (3/50)
[2025-12-07T20:03:29.707+0000] {subprocess.py:106} INFO - 25/12/07 20:03:29 INFO BlockManagerInfo: Added rdd_250_2 in memory on 172.18.0.8:41783 (size: 46.0 B, free: 433.9 MiB)
[2025-12-07T20:03:29.708+0000] {subprocess.py:106} INFO - 25/12/07 20:03:29 INFO TaskSetManager: Starting task 18.0 in stage 91.0 (TID 911) (172.18.0.8, executor 0, partition 18, PROCESS_LOCAL, 7356 bytes)
[2025-12-07T20:03:29.732+0000] {subprocess.py:106} INFO - 25/12/07 20:03:29 INFO TaskSetManager: Starting task 19.0 in stage 91.0 (TID 912) (172.18.0.8, executor 0, partition 19, PROCESS_LOCAL, 7356 bytes)
[2025-12-07T20:03:29.734+0000] {subprocess.py:106} INFO - 25/12/07 20:03:29 INFO TaskSetManager: Starting task 20.0 in stage 91.0 (TID 913) (172.18.0.8, executor 0, partition 20, PROCESS_LOCAL, 7356 bytes)
[2025-12-07T20:03:29.739+0000] {subprocess.py:106} INFO - 25/12/07 20:03:29 INFO TaskSetManager: Finished task 9.0 in stage 91.0 (TID 892) in 160 ms on 172.18.0.8 (executor 0) (4/50)
[2025-12-07T20:03:29.743+0000] {subprocess.py:106} INFO - 25/12/07 20:03:29 INFO TaskSetManager: Finished task 1.0 in stage 91.0 (TID 895) in 160 ms on 172.18.0.8 (executor 0) (5/50)
[2025-12-07T20:03:29.744+0000] {subprocess.py:106} INFO - 25/12/07 20:03:29 INFO TaskSetManager: Finished task 11.0 in stage 91.0 (TID 904) in 160 ms on 172.18.0.8 (executor 0) (6/50)
[2025-12-07T20:03:29.746+0000] {subprocess.py:106} INFO - 25/12/07 20:03:29 INFO TaskSetManager: Starting task 21.0 in stage 91.0 (TID 914) (172.18.0.8, executor 0, partition 21, PROCESS_LOCAL, 7356 bytes)
[2025-12-07T20:03:29.747+0000] {subprocess.py:106} INFO - 25/12/07 20:03:29 INFO TaskSetManager: Starting task 22.0 in stage 91.0 (TID 915) (172.18.0.8, executor 0, partition 22, PROCESS_LOCAL, 7356 bytes)
[2025-12-07T20:03:29.750+0000] {subprocess.py:106} INFO - 25/12/07 20:03:29 INFO TaskSetManager: Finished task 10.0 in stage 91.0 (TID 903) in 162 ms on 172.18.0.8 (executor 0) (7/50)
[2025-12-07T20:03:29.751+0000] {subprocess.py:106} INFO - 25/12/07 20:03:29 INFO TaskSetManager: Starting task 23.0 in stage 91.0 (TID 916) (172.18.0.8, executor 0, partition 23, PROCESS_LOCAL, 7356 bytes)
[2025-12-07T20:03:29.752+0000] {subprocess.py:106} INFO - 25/12/07 20:03:29 INFO TaskSetManager: Starting task 24.0 in stage 91.0 (TID 917) (172.18.0.8, executor 0, partition 24, PROCESS_LOCAL, 7356 bytes)
[2025-12-07T20:03:29.754+0000] {subprocess.py:106} INFO - 25/12/07 20:03:29 INFO TaskSetManager: Starting task 25.0 in stage 91.0 (TID 918) (172.18.0.8, executor 0, partition 25, PROCESS_LOCAL, 7356 bytes)
[2025-12-07T20:03:29.755+0000] {subprocess.py:106} INFO - 25/12/07 20:03:29 INFO TaskSetManager: Starting task 26.0 in stage 91.0 (TID 919) (172.18.0.8, executor 0, partition 26, PROCESS_LOCAL, 7356 bytes)
[2025-12-07T20:03:29.756+0000] {subprocess.py:106} INFO - 25/12/07 20:03:29 INFO TaskSetManager: Finished task 3.0 in stage 91.0 (TID 897) in 165 ms on 172.18.0.8 (executor 0) (8/50)
[2025-12-07T20:03:29.758+0000] {subprocess.py:106} INFO - 25/12/07 20:03:29 INFO TaskSetManager: Starting task 27.0 in stage 91.0 (TID 920) (172.18.0.8, executor 0, partition 27, PROCESS_LOCAL, 7356 bytes)
[2025-12-07T20:03:29.759+0000] {subprocess.py:106} INFO - 25/12/07 20:03:29 INFO TaskSetManager: Finished task 4.0 in stage 91.0 (TID 898) in 166 ms on 172.18.0.8 (executor 0) (9/50)
[2025-12-07T20:03:29.760+0000] {subprocess.py:106} INFO - 25/12/07 20:03:29 INFO TaskSetManager: Finished task 6.0 in stage 91.0 (TID 900) in 166 ms on 172.18.0.8 (executor 0) (10/50)
[2025-12-07T20:03:29.762+0000] {subprocess.py:106} INFO - 25/12/07 20:03:29 INFO TaskSetManager: Finished task 7.0 in stage 91.0 (TID 901) in 168 ms on 172.18.0.8 (executor 0) (11/50)
[2025-12-07T20:03:29.763+0000] {subprocess.py:106} INFO - 25/12/07 20:03:29 INFO TaskSetManager: Finished task 12.0 in stage 91.0 (TID 905) in 171 ms on 172.18.0.8 (executor 0) (12/50)
[2025-12-07T20:03:29.764+0000] {subprocess.py:106} INFO - 25/12/07 20:03:29 INFO TaskSetManager: Finished task 42.0 in stage 91.0 (TID 893) in 175 ms on 172.18.0.8 (executor 0) (13/50)
[2025-12-07T20:03:29.765+0000] {subprocess.py:106} INFO - 25/12/07 20:03:29 INFO TaskSetManager: Starting task 28.0 in stage 91.0 (TID 921) (172.18.0.8, executor 0, partition 28, PROCESS_LOCAL, 7356 bytes)
[2025-12-07T20:03:29.766+0000] {subprocess.py:106} INFO - 25/12/07 20:03:29 INFO TaskSetManager: Finished task 0.0 in stage 91.0 (TID 894) in 186 ms on 172.18.0.8 (executor 0) (14/50)
[2025-12-07T20:03:29.767+0000] {subprocess.py:106} INFO - 25/12/07 20:03:29 INFO TaskSetManager: Starting task 29.0 in stage 91.0 (TID 922) (172.18.0.8, executor 0, partition 29, PROCESS_LOCAL, 7356 bytes)
[2025-12-07T20:03:29.768+0000] {subprocess.py:106} INFO - 25/12/07 20:03:29 INFO TaskSetManager: Finished task 2.0 in stage 91.0 (TID 896) in 189 ms on 172.18.0.8 (executor 0) (15/50)
[2025-12-07T20:03:29.769+0000] {subprocess.py:106} INFO - 25/12/07 20:03:29 INFO TaskSetManager: Starting task 30.0 in stage 91.0 (TID 923) (172.18.0.8, executor 0, partition 30, PROCESS_LOCAL, 7356 bytes)
[2025-12-07T20:03:29.770+0000] {subprocess.py:106} INFO - 25/12/07 20:03:29 INFO TaskSetManager: Finished task 14.0 in stage 91.0 (TID 907) in 190 ms on 172.18.0.8 (executor 0) (16/50)
[2025-12-07T20:03:29.780+0000] {subprocess.py:106} INFO - 25/12/07 20:03:29 INFO BlockManagerInfo: Added rdd_250_16 in memory on 172.18.0.8:41783 (size: 46.0 B, free: 433.9 MiB)
[2025-12-07T20:03:29.783+0000] {subprocess.py:106} INFO - 25/12/07 20:03:29 INFO BlockManagerInfo: Added rdd_250_15 in memory on 172.18.0.8:41783 (size: 46.0 B, free: 433.9 MiB)
[2025-12-07T20:03:29.825+0000] {subprocess.py:106} INFO - 25/12/07 20:03:29 INFO BlockManagerInfo: Added rdd_250_17 in memory on 172.18.0.8:41783 (size: 46.0 B, free: 433.9 MiB)
[2025-12-07T20:03:29.830+0000] {subprocess.py:106} INFO - 25/12/07 20:03:29 INFO TaskSetManager: Starting task 31.0 in stage 91.0 (TID 924) (172.18.0.8, executor 0, partition 31, PROCESS_LOCAL, 7356 bytes)
[2025-12-07T20:03:29.835+0000] {subprocess.py:106} INFO - 25/12/07 20:03:29 INFO TaskSetManager: Finished task 15.0 in stage 91.0 (TID 908) in 149 ms on 172.18.0.8 (executor 0) (17/50)
[2025-12-07T20:03:29.838+0000] {subprocess.py:106} INFO - 25/12/07 20:03:29 INFO BlockManagerInfo: Added rdd_250_20 in memory on 172.18.0.8:41783 (size: 46.0 B, free: 433.9 MiB)
[2025-12-07T20:03:29.839+0000] {subprocess.py:106} INFO - 25/12/07 20:03:29 INFO BlockManagerInfo: Added rdd_250_18 in memory on 172.18.0.8:41783 (size: 46.0 B, free: 433.9 MiB)
[2025-12-07T20:03:29.840+0000] {subprocess.py:106} INFO - 25/12/07 20:03:29 INFO BlockManagerInfo: Added rdd_250_27 in memory on 172.18.0.8:41783 (size: 46.0 B, free: 433.9 MiB)
[2025-12-07T20:03:29.841+0000] {subprocess.py:106} INFO - 25/12/07 20:03:29 INFO TaskSetManager: Starting task 32.0 in stage 91.0 (TID 925) (172.18.0.8, executor 0, partition 32, PROCESS_LOCAL, 7356 bytes)
[2025-12-07T20:03:29.842+0000] {subprocess.py:106} INFO - 25/12/07 20:03:29 INFO TaskSetManager: Finished task 16.0 in stage 91.0 (TID 909) in 154 ms on 172.18.0.8 (executor 0) (18/50)
[2025-12-07T20:03:29.842+0000] {subprocess.py:106} INFO - 25/12/07 20:03:29 INFO BlockManagerInfo: Added rdd_250_25 in memory on 172.18.0.8:41783 (size: 46.0 B, free: 433.9 MiB)
[2025-12-07T20:03:29.843+0000] {subprocess.py:106} INFO - 25/12/07 20:03:29 INFO BlockManagerInfo: Added rdd_250_23 in memory on 172.18.0.8:41783 (size: 46.0 B, free: 433.9 MiB)
[2025-12-07T20:03:29.843+0000] {subprocess.py:106} INFO - 25/12/07 20:03:29 INFO BlockManagerInfo: Added rdd_250_29 in memory on 172.18.0.8:41783 (size: 46.0 B, free: 433.9 MiB)
[2025-12-07T20:03:29.868+0000] {subprocess.py:106} INFO - 25/12/07 20:03:29 INFO BlockManagerInfo: Added rdd_250_22 in memory on 172.18.0.8:41783 (size: 46.0 B, free: 433.9 MiB)
[2025-12-07T20:03:29.869+0000] {subprocess.py:106} INFO - 25/12/07 20:03:29 INFO BlockManagerInfo: Added rdd_250_24 in memory on 172.18.0.8:41783 (size: 46.0 B, free: 433.9 MiB)
[2025-12-07T20:03:29.873+0000] {subprocess.py:106} INFO - 25/12/07 20:03:29 INFO TaskSetManager: Starting task 33.0 in stage 91.0 (TID 926) (172.18.0.8, executor 0, partition 33, PROCESS_LOCAL, 7356 bytes)
[2025-12-07T20:03:29.880+0000] {subprocess.py:106} INFO - 25/12/07 20:03:29 INFO TaskSetManager: Finished task 20.0 in stage 91.0 (TID 913) in 143 ms on 172.18.0.8 (executor 0) (19/50)
[2025-12-07T20:03:29.883+0000] {subprocess.py:106} INFO - 25/12/07 20:03:29 INFO TaskSetManager: Starting task 34.0 in stage 91.0 (TID 927) (172.18.0.8, executor 0, partition 34, PROCESS_LOCAL, 7356 bytes)
[2025-12-07T20:03:29.888+0000] {subprocess.py:106} INFO - 25/12/07 20:03:29 INFO TaskSetManager: Starting task 35.0 in stage 91.0 (TID 928) (172.18.0.8, executor 0, partition 35, PROCESS_LOCAL, 7356 bytes)
[2025-12-07T20:03:29.889+0000] {subprocess.py:106} INFO - 25/12/07 20:03:29 INFO TaskSetManager: Finished task 18.0 in stage 91.0 (TID 911) in 171 ms on 172.18.0.8 (executor 0) (20/50)
[2025-12-07T20:03:29.890+0000] {subprocess.py:106} INFO - 25/12/07 20:03:29 INFO TaskSetManager: Finished task 17.0 in stage 91.0 (TID 910) in 182 ms on 172.18.0.8 (executor 0) (21/50)
[2025-12-07T20:03:29.891+0000] {subprocess.py:106} INFO - 25/12/07 20:03:29 INFO TaskSetManager: Starting task 36.0 in stage 91.0 (TID 929) (172.18.0.8, executor 0, partition 36, PROCESS_LOCAL, 7356 bytes)
[2025-12-07T20:03:29.892+0000] {subprocess.py:106} INFO - 25/12/07 20:03:29 INFO TaskSetManager: Finished task 27.0 in stage 91.0 (TID 920) in 143 ms on 172.18.0.8 (executor 0) (22/50)
[2025-12-07T20:03:29.893+0000] {subprocess.py:106} INFO - 25/12/07 20:03:29 INFO TaskSetManager: Starting task 37.0 in stage 91.0 (TID 930) (172.18.0.8, executor 0, partition 37, PROCESS_LOCAL, 7356 bytes)
[2025-12-07T20:03:29.893+0000] {subprocess.py:106} INFO - 25/12/07 20:03:29 INFO TaskSetManager: Finished task 29.0 in stage 91.0 (TID 922) in 129 ms on 172.18.0.8 (executor 0) (23/50)
[2025-12-07T20:03:29.899+0000] {subprocess.py:106} INFO - 25/12/07 20:03:29 INFO BlockManagerInfo: Added rdd_250_21 in memory on 172.18.0.8:41783 (size: 46.0 B, free: 433.9 MiB)
[2025-12-07T20:03:29.901+0000] {subprocess.py:106} INFO - 25/12/07 20:03:29 INFO TaskSetManager: Starting task 38.0 in stage 91.0 (TID 931) (172.18.0.8, executor 0, partition 38, PROCESS_LOCAL, 7356 bytes)
[2025-12-07T20:03:29.902+0000] {subprocess.py:106} INFO - 25/12/07 20:03:29 INFO BlockManagerInfo: Added rdd_250_19 in memory on 172.18.0.8:41783 (size: 46.0 B, free: 433.9 MiB)
[2025-12-07T20:03:29.903+0000] {subprocess.py:106} INFO - 25/12/07 20:03:29 INFO BlockManagerInfo: Added rdd_250_30 in memory on 172.18.0.8:41783 (size: 46.0 B, free: 433.9 MiB)
[2025-12-07T20:03:29.904+0000] {subprocess.py:106} INFO - 25/12/07 20:03:29 INFO TaskSetManager: Starting task 39.0 in stage 91.0 (TID 932) (172.18.0.8, executor 0, partition 39, PROCESS_LOCAL, 7356 bytes)
[2025-12-07T20:03:29.905+0000] {subprocess.py:106} INFO - 25/12/07 20:03:29 INFO TaskSetManager: Finished task 25.0 in stage 91.0 (TID 918) in 166 ms on 172.18.0.8 (executor 0) (24/50)
[2025-12-07T20:03:29.905+0000] {subprocess.py:106} INFO - 25/12/07 20:03:29 INFO TaskSetManager: Starting task 40.0 in stage 91.0 (TID 933) (172.18.0.8, executor 0, partition 40, PROCESS_LOCAL, 7356 bytes)
[2025-12-07T20:03:29.906+0000] {subprocess.py:106} INFO - 25/12/07 20:03:29 INFO TaskSetManager: Finished task 23.0 in stage 91.0 (TID 916) in 168 ms on 172.18.0.8 (executor 0) (25/50)
[2025-12-07T20:03:29.907+0000] {subprocess.py:106} INFO - 25/12/07 20:03:29 INFO TaskSetManager: Finished task 24.0 in stage 91.0 (TID 917) in 168 ms on 172.18.0.8 (executor 0) (26/50)
[2025-12-07T20:03:29.925+0000] {subprocess.py:106} INFO - 25/12/07 20:03:29 INFO BlockManagerInfo: Added rdd_250_31 in memory on 172.18.0.8:41783 (size: 46.0 B, free: 433.9 MiB)
[2025-12-07T20:03:29.927+0000] {subprocess.py:106} INFO - 25/12/07 20:03:29 INFO TaskSetManager: Starting task 41.0 in stage 91.0 (TID 934) (172.18.0.8, executor 0, partition 41, PROCESS_LOCAL, 7356 bytes)
[2025-12-07T20:03:29.928+0000] {subprocess.py:106} INFO - 25/12/07 20:03:29 INFO BlockManagerInfo: Added rdd_250_26 in memory on 172.18.0.8:41783 (size: 46.0 B, free: 433.9 MiB)
[2025-12-07T20:03:29.929+0000] {subprocess.py:106} INFO - 25/12/07 20:03:29 INFO TaskSetManager: Finished task 22.0 in stage 91.0 (TID 915) in 190 ms on 172.18.0.8 (executor 0) (27/50)
[2025-12-07T20:03:29.946+0000] {subprocess.py:106} INFO - 25/12/07 20:03:29 INFO BlockManagerInfo: Added rdd_250_32 in memory on 172.18.0.8:41783 (size: 46.0 B, free: 433.9 MiB)
[2025-12-07T20:03:29.948+0000] {subprocess.py:106} INFO - 25/12/07 20:03:29 INFO TaskSetManager: Starting task 43.0 in stage 91.0 (TID 935) (172.18.0.8, executor 0, partition 43, PROCESS_LOCAL, 7356 bytes)
[2025-12-07T20:03:29.950+0000] {subprocess.py:106} INFO - 25/12/07 20:03:29 INFO BlockManagerInfo: Added rdd_250_36 in memory on 172.18.0.8:41783 (size: 46.0 B, free: 433.9 MiB)
[2025-12-07T20:03:29.952+0000] {subprocess.py:106} INFO - 25/12/07 20:03:29 INFO BlockManagerInfo: Added rdd_250_35 in memory on 172.18.0.8:41783 (size: 46.0 B, free: 433.9 MiB)
[2025-12-07T20:03:29.953+0000] {subprocess.py:106} INFO - 25/12/07 20:03:29 INFO TaskSetManager: Starting task 44.0 in stage 91.0 (TID 936) (172.18.0.8, executor 0, partition 44, PROCESS_LOCAL, 7356 bytes)
[2025-12-07T20:03:29.954+0000] {subprocess.py:106} INFO - 25/12/07 20:03:29 INFO BlockManagerInfo: Added rdd_250_34 in memory on 172.18.0.8:41783 (size: 46.0 B, free: 433.9 MiB)
[2025-12-07T20:03:29.955+0000] {subprocess.py:106} INFO - 25/12/07 20:03:29 INFO TaskSetManager: Finished task 31.0 in stage 91.0 (TID 924) in 128 ms on 172.18.0.8 (executor 0) (28/50)
[2025-12-07T20:03:29.957+0000] {subprocess.py:106} INFO - 25/12/07 20:03:29 INFO TaskSetManager: Starting task 45.0 in stage 91.0 (TID 937) (172.18.0.8, executor 0, partition 45, PROCESS_LOCAL, 7356 bytes)
[2025-12-07T20:03:29.959+0000] {subprocess.py:106} INFO - 25/12/07 20:03:29 INFO TaskSetManager: Finished task 30.0 in stage 91.0 (TID 923) in 189 ms on 172.18.0.8 (executor 0) (29/50)
[2025-12-07T20:03:29.960+0000] {subprocess.py:106} INFO - 25/12/07 20:03:29 INFO TaskSetManager: Finished task 19.0 in stage 91.0 (TID 912) in 227 ms on 172.18.0.8 (executor 0) (30/50)
[2025-12-07T20:03:29.962+0000] {subprocess.py:106} INFO - 25/12/07 20:03:29 INFO TaskSetManager: Starting task 46.0 in stage 91.0 (TID 938) (172.18.0.8, executor 0, partition 46, PROCESS_LOCAL, 7356 bytes)
[2025-12-07T20:03:29.963+0000] {subprocess.py:106} INFO - 25/12/07 20:03:29 INFO TaskSetManager: Finished task 21.0 in stage 91.0 (TID 914) in 228 ms on 172.18.0.8 (executor 0) (31/50)
[2025-12-07T20:03:29.964+0000] {subprocess.py:106} INFO - 25/12/07 20:03:29 INFO BlockManagerInfo: Added rdd_250_28 in memory on 172.18.0.8:41783 (size: 46.0 B, free: 433.9 MiB)
[2025-12-07T20:03:29.965+0000] {subprocess.py:106} INFO - 25/12/07 20:03:29 INFO BlockManagerInfo: Added rdd_250_33 in memory on 172.18.0.8:41783 (size: 46.0 B, free: 433.9 MiB)
[2025-12-07T20:03:29.967+0000] {subprocess.py:106} INFO - 25/12/07 20:03:29 INFO TaskSetManager: Starting task 47.0 in stage 91.0 (TID 939) (172.18.0.8, executor 0, partition 47, PROCESS_LOCAL, 7356 bytes)
[2025-12-07T20:03:29.968+0000] {subprocess.py:106} INFO - 25/12/07 20:03:29 INFO TaskSetManager: Finished task 26.0 in stage 91.0 (TID 919) in 226 ms on 172.18.0.8 (executor 0) (32/50)
[2025-12-07T20:03:29.999+0000] {subprocess.py:106} INFO - 25/12/07 20:03:29 INFO BlockManagerInfo: Added rdd_250_37 in memory on 172.18.0.8:41783 (size: 46.0 B, free: 433.9 MiB)
[2025-12-07T20:03:30.001+0000] {subprocess.py:106} INFO - 25/12/07 20:03:29 INFO TaskSetManager: Starting task 48.0 in stage 91.0 (TID 940) (172.18.0.8, executor 0, partition 48, PROCESS_LOCAL, 7356 bytes)
[2025-12-07T20:03:30.003+0000] {subprocess.py:106} INFO - 25/12/07 20:03:29 INFO TaskSetManager: Finished task 35.0 in stage 91.0 (TID 928) in 121 ms on 172.18.0.8 (executor 0) (33/50)
[2025-12-07T20:03:30.004+0000] {subprocess.py:106} INFO - 25/12/07 20:03:29 INFO TaskSetManager: Starting task 49.0 in stage 91.0 (TID 941) (172.18.0.8, executor 0, partition 49, PROCESS_LOCAL, 7356 bytes)
[2025-12-07T20:03:30.005+0000] {subprocess.py:106} INFO - 25/12/07 20:03:29 INFO TaskSetManager: Finished task 34.0 in stage 91.0 (TID 927) in 122 ms on 172.18.0.8 (executor 0) (34/50)
[2025-12-07T20:03:30.007+0000] {subprocess.py:106} INFO - 25/12/07 20:03:29 INFO TaskSetManager: Finished task 36.0 in stage 91.0 (TID 929) in 121 ms on 172.18.0.8 (executor 0) (35/50)
[2025-12-07T20:03:30.008+0000] {subprocess.py:106} INFO - 25/12/07 20:03:30 INFO TaskSetManager: Finished task 28.0 in stage 91.0 (TID 921) in 247 ms on 172.18.0.8 (executor 0) (36/50)
[2025-12-07T20:03:30.010+0000] {subprocess.py:106} INFO - 25/12/07 20:03:30 INFO TaskSetManager: Finished task 32.0 in stage 91.0 (TID 925) in 177 ms on 172.18.0.8 (executor 0) (37/50)
[2025-12-07T20:03:30.012+0000] {subprocess.py:106} INFO - 25/12/07 20:03:30 INFO BlockManagerInfo: Added rdd_250_38 in memory on 172.18.0.8:41783 (size: 46.0 B, free: 433.9 MiB)
[2025-12-07T20:03:30.018+0000] {subprocess.py:106} INFO - 25/12/07 20:03:30 INFO BlockManagerInfo: Added rdd_250_39 in memory on 172.18.0.8:41783 (size: 46.0 B, free: 433.9 MiB)
[2025-12-07T20:03:30.031+0000] {subprocess.py:106} INFO - 25/12/07 20:03:30 INFO BlockManagerInfo: Added rdd_250_41 in memory on 172.18.0.8:41783 (size: 46.0 B, free: 433.9 MiB)
[2025-12-07T20:03:30.034+0000] {subprocess.py:106} INFO - 25/12/07 20:03:30 INFO BlockManagerInfo: Added rdd_250_40 in memory on 172.18.0.8:41783 (size: 46.0 B, free: 433.9 MiB)
[2025-12-07T20:03:30.035+0000] {subprocess.py:106} INFO - 25/12/07 20:03:30 INFO BlockManagerInfo: Added rdd_250_43 in memory on 172.18.0.8:41783 (size: 46.0 B, free: 433.9 MiB)
[2025-12-07T20:03:30.039+0000] {subprocess.py:106} INFO - 25/12/07 20:03:30 INFO TaskSetManager: Finished task 33.0 in stage 91.0 (TID 926) in 156 ms on 172.18.0.8 (executor 0) (38/50)
[2025-12-07T20:03:30.041+0000] {subprocess.py:106} INFO - 25/12/07 20:03:30 INFO TaskSetManager: Finished task 37.0 in stage 91.0 (TID 930) in 147 ms on 172.18.0.8 (executor 0) (39/50)
[2025-12-07T20:03:30.044+0000] {subprocess.py:106} INFO - 25/12/07 20:03:30 INFO BlockManagerInfo: Added rdd_250_46 in memory on 172.18.0.8:41783 (size: 46.0 B, free: 433.9 MiB)
[2025-12-07T20:03:30.049+0000] {subprocess.py:106} INFO - 25/12/07 20:03:30 INFO TaskSetManager: Finished task 38.0 in stage 91.0 (TID 931) in 150 ms on 172.18.0.8 (executor 0) (40/50)
[2025-12-07T20:03:30.054+0000] {subprocess.py:106} INFO - 25/12/07 20:03:30 INFO TaskSetManager: Finished task 39.0 in stage 91.0 (TID 932) in 153 ms on 172.18.0.8 (executor 0) (41/50)
[2025-12-07T20:03:30.055+0000] {subprocess.py:106} INFO - 25/12/07 20:03:30 INFO BlockManagerInfo: Added rdd_250_45 in memory on 172.18.0.8:41783 (size: 46.0 B, free: 433.9 MiB)
[2025-12-07T20:03:30.056+0000] {subprocess.py:106} INFO - 25/12/07 20:03:30 INFO TaskSetManager: Finished task 43.0 in stage 91.0 (TID 935) in 106 ms on 172.18.0.8 (executor 0) (42/50)
[2025-12-07T20:03:30.056+0000] {subprocess.py:106} INFO - 25/12/07 20:03:30 INFO TaskSetManager: Finished task 40.0 in stage 91.0 (TID 933) in 152 ms on 172.18.0.8 (executor 0) (43/50)
[2025-12-07T20:03:30.057+0000] {subprocess.py:106} INFO - 25/12/07 20:03:30 INFO TaskSetManager: Finished task 41.0 in stage 91.0 (TID 934) in 133 ms on 172.18.0.8 (executor 0) (44/50)
[2025-12-07T20:03:30.066+0000] {subprocess.py:106} INFO - 25/12/07 20:03:30 INFO BlockManagerInfo: Added rdd_250_49 in memory on 172.18.0.8:41783 (size: 46.0 B, free: 433.9 MiB)
[2025-12-07T20:03:30.067+0000] {subprocess.py:106} INFO - 25/12/07 20:03:30 INFO BlockManagerInfo: Added rdd_250_44 in memory on 172.18.0.8:41783 (size: 46.0 B, free: 433.9 MiB)
[2025-12-07T20:03:30.081+0000] {subprocess.py:106} INFO - 25/12/07 20:03:30 INFO BlockManagerInfo: Added rdd_250_47 in memory on 172.18.0.8:41783 (size: 46.0 B, free: 433.9 MiB)
[2025-12-07T20:03:30.083+0000] {subprocess.py:106} INFO - 25/12/07 20:03:30 INFO BlockManagerInfo: Added rdd_250_48 in memory on 172.18.0.8:41783 (size: 46.0 B, free: 433.9 MiB)
[2025-12-07T20:03:30.084+0000] {subprocess.py:106} INFO - 25/12/07 20:03:30 INFO TaskSetManager: Finished task 46.0 in stage 91.0 (TID 938) in 123 ms on 172.18.0.8 (executor 0) (45/50)
[2025-12-07T20:03:30.088+0000] {subprocess.py:106} INFO - 25/12/07 20:03:30 INFO TaskSetManager: Finished task 45.0 in stage 91.0 (TID 937) in 136 ms on 172.18.0.8 (executor 0) (46/50)
[2025-12-07T20:03:30.098+0000] {subprocess.py:106} INFO - 25/12/07 20:03:30 INFO TaskSetManager: Finished task 44.0 in stage 91.0 (TID 936) in 149 ms on 172.18.0.8 (executor 0) (47/50)
[2025-12-07T20:03:30.099+0000] {subprocess.py:106} INFO - 25/12/07 20:03:30 INFO TaskSetManager: Finished task 49.0 in stage 91.0 (TID 941) in 101 ms on 172.18.0.8 (executor 0) (48/50)
[2025-12-07T20:03:30.100+0000] {subprocess.py:106} INFO - 25/12/07 20:03:30 INFO TaskSetManager: Finished task 47.0 in stage 91.0 (TID 939) in 138 ms on 172.18.0.8 (executor 0) (49/50)
[2025-12-07T20:03:30.101+0000] {subprocess.py:106} INFO - 25/12/07 20:03:30 INFO TaskSetManager: Finished task 48.0 in stage 91.0 (TID 940) in 106 ms on 172.18.0.8 (executor 0) (50/50)
[2025-12-07T20:03:30.102+0000] {subprocess.py:106} INFO - 25/12/07 20:03:30 INFO TaskSchedulerImpl: Removed TaskSet 91.0, whose tasks have all completed, from pool
[2025-12-07T20:03:30.103+0000] {subprocess.py:106} INFO - 25/12/07 20:03:30 INFO DAGScheduler: ShuffleMapStage 91 ($anonfun$recordDeltaOperationInternal$1 at DatabricksLogging.scala:128) finished in 0.551 s
[2025-12-07T20:03:30.103+0000] {subprocess.py:106} INFO - 25/12/07 20:03:30 INFO DAGScheduler: looking for newly runnable stages
[2025-12-07T20:03:30.104+0000] {subprocess.py:106} INFO - 25/12/07 20:03:30 INFO DAGScheduler: running: Set()
[2025-12-07T20:03:30.104+0000] {subprocess.py:106} INFO - 25/12/07 20:03:30 INFO DAGScheduler: waiting: Set()
[2025-12-07T20:03:30.105+0000] {subprocess.py:106} INFO - 25/12/07 20:03:30 INFO DAGScheduler: failed: Set()
[2025-12-07T20:03:30.121+0000] {subprocess.py:106} INFO - 25/12/07 20:03:30 INFO SparkContext: Starting job: $anonfun$recordDeltaOperationInternal$1 at DatabricksLogging.scala:128
[2025-12-07T20:03:30.123+0000] {subprocess.py:106} INFO - 25/12/07 20:03:30 INFO DAGScheduler: Got job 54 ($anonfun$recordDeltaOperationInternal$1 at DatabricksLogging.scala:128) with 1 output partitions
[2025-12-07T20:03:30.124+0000] {subprocess.py:106} INFO - 25/12/07 20:03:30 INFO DAGScheduler: Final stage: ResultStage 94 ($anonfun$recordDeltaOperationInternal$1 at DatabricksLogging.scala:128)
[2025-12-07T20:03:30.125+0000] {subprocess.py:106} INFO - 25/12/07 20:03:30 INFO DAGScheduler: Parents of final stage: List(ShuffleMapStage 93)
[2025-12-07T20:03:30.125+0000] {subprocess.py:106} INFO - 25/12/07 20:03:30 INFO DAGScheduler: Missing parents: List()
[2025-12-07T20:03:30.126+0000] {subprocess.py:106} INFO - 25/12/07 20:03:30 INFO DAGScheduler: Submitting ResultStage 94 (MapPartitionsRDD[256] at $anonfun$recordDeltaOperationInternal$1 at DatabricksLogging.scala:128), which has no missing parents
[2025-12-07T20:03:30.129+0000] {subprocess.py:106} INFO - 25/12/07 20:03:30 INFO MemoryStore: Block broadcast_91 stored as values in memory (estimated size 452.4 KiB, free 429.2 MiB)
[2025-12-07T20:03:30.131+0000] {subprocess.py:106} INFO - 25/12/07 20:03:30 INFO MemoryStore: Block broadcast_91_piece0 stored as bytes in memory (estimated size 108.1 KiB, free 429.1 MiB)
[2025-12-07T20:03:30.132+0000] {subprocess.py:106} INFO - 25/12/07 20:03:30 INFO BlockManagerInfo: Added broadcast_91_piece0 in memory on 13f196131dae:36513 (size: 108.1 KiB, free: 433.6 MiB)
[2025-12-07T20:03:30.133+0000] {subprocess.py:106} INFO - 25/12/07 20:03:30 INFO SparkContext: Created broadcast 91 from broadcast at DAGScheduler.scala:1535
[2025-12-07T20:03:30.133+0000] {subprocess.py:106} INFO - 25/12/07 20:03:30 INFO DAGScheduler: Submitting 1 missing tasks from ResultStage 94 (MapPartitionsRDD[256] at $anonfun$recordDeltaOperationInternal$1 at DatabricksLogging.scala:128) (first 15 tasks are for partitions Vector(0))
[2025-12-07T20:03:30.134+0000] {subprocess.py:106} INFO - 25/12/07 20:03:30 INFO TaskSchedulerImpl: Adding task set 94.0 with 1 tasks resource profile 0
[2025-12-07T20:03:30.134+0000] {subprocess.py:106} INFO - 25/12/07 20:03:30 INFO TaskSetManager: Starting task 0.0 in stage 94.0 (TID 942) (172.18.0.8, executor 0, partition 0, NODE_LOCAL, 7367 bytes)
[2025-12-07T20:03:30.142+0000] {subprocess.py:106} INFO - 25/12/07 20:03:30 INFO BlockManagerInfo: Added broadcast_91_piece0 in memory on 172.18.0.8:41783 (size: 108.1 KiB, free: 433.8 MiB)
[2025-12-07T20:03:30.151+0000] {subprocess.py:106} INFO - 25/12/07 20:03:30 INFO MapOutputTrackerMasterEndpoint: Asked to send map output locations for shuffle 21 to 172.18.0.8:33606
[2025-12-07T20:03:30.170+0000] {subprocess.py:106} INFO - 25/12/07 20:03:30 INFO TaskSetManager: Finished task 0.0 in stage 94.0 (TID 942) in 36 ms on 172.18.0.8 (executor 0) (1/1)
[2025-12-07T20:03:30.171+0000] {subprocess.py:106} INFO - 25/12/07 20:03:30 INFO TaskSchedulerImpl: Removed TaskSet 94.0, whose tasks have all completed, from pool
[2025-12-07T20:03:30.172+0000] {subprocess.py:106} INFO - 25/12/07 20:03:30 INFO DAGScheduler: ResultStage 94 ($anonfun$recordDeltaOperationInternal$1 at DatabricksLogging.scala:128) finished in 0.046 s
[2025-12-07T20:03:30.172+0000] {subprocess.py:106} INFO - 25/12/07 20:03:30 INFO DAGScheduler: Job 54 is finished. Cancelling potential speculative or zombie tasks for this job
[2025-12-07T20:03:30.173+0000] {subprocess.py:106} INFO - 25/12/07 20:03:30 INFO TaskSchedulerImpl: Killing all running tasks in stage 94: Stage finished
[2025-12-07T20:03:30.174+0000] {subprocess.py:106} INFO - 25/12/07 20:03:30 INFO DAGScheduler: Job 54 finished: $anonfun$recordDeltaOperationInternal$1 at DatabricksLogging.scala:128, took 0.049848 s
[2025-12-07T20:03:30.179+0000] {subprocess.py:106} INFO - 25/12/07 20:03:30 INFO Snapshot: [tableId=8ea85646-03cc-4333-b3ca-9b497510ee64] DELTA: Done
[2025-12-07T20:03:30.247+0000] {subprocess.py:106} INFO - 25/12/07 20:03:30 INFO BlockManagerInfo: Removed broadcast_91_piece0 on 13f196131dae:36513 in memory (size: 108.1 KiB, free: 433.7 MiB)
[2025-12-07T20:03:30.248+0000] {subprocess.py:106} INFO - 25/12/07 20:03:30 INFO BlockManagerInfo: Removed broadcast_91_piece0 on 172.18.0.8:41783 in memory (size: 108.1 KiB, free: 433.9 MiB)
[2025-12-07T20:03:30.251+0000] {subprocess.py:106} INFO - 25/12/07 20:03:30 INFO BlockManagerInfo: Removed broadcast_90_piece0 on 13f196131dae:36513 in memory (size: 123.3 KiB, free: 433.8 MiB)
[2025-12-07T20:03:30.252+0000] {subprocess.py:106} INFO - 25/12/07 20:03:30 INFO BlockManagerInfo: Removed broadcast_90_piece0 on 172.18.0.8:41783 in memory (size: 123.3 KiB, free: 434.1 MiB)
[2025-12-07T20:03:30.270+0000] {subprocess.py:106} INFO - 25/12/07 20:03:30 INFO SparkContext: Starting job: $anonfun$recordDeltaOperationInternal$1 at DatabricksLogging.scala:128
[2025-12-07T20:03:30.271+0000] {subprocess.py:106} INFO - 25/12/07 20:03:30 INFO DAGScheduler: Got job 55 ($anonfun$recordDeltaOperationInternal$1 at DatabricksLogging.scala:128) with 50 output partitions
[2025-12-07T20:03:30.271+0000] {subprocess.py:106} INFO - 25/12/07 20:03:30 INFO DAGScheduler: Final stage: ResultStage 96 ($anonfun$recordDeltaOperationInternal$1 at DatabricksLogging.scala:128)
[2025-12-07T20:03:30.272+0000] {subprocess.py:106} INFO - 25/12/07 20:03:30 INFO DAGScheduler: Parents of final stage: List(ShuffleMapStage 95)
[2025-12-07T20:03:30.272+0000] {subprocess.py:106} INFO - 25/12/07 20:03:30 INFO DAGScheduler: Missing parents: List()
[2025-12-07T20:03:30.273+0000] {subprocess.py:106} INFO - 25/12/07 20:03:30 INFO DAGScheduler: Submitting ResultStage 96 (MapPartitionsRDD[258] at $anonfun$recordDeltaOperationInternal$1 at DatabricksLogging.scala:128), which has no missing parents
[2025-12-07T20:03:30.276+0000] {subprocess.py:106} INFO - 25/12/07 20:03:30 INFO MemoryStore: Block broadcast_92 stored as values in memory (estimated size 592.2 KiB, free 429.7 MiB)
[2025-12-07T20:03:30.278+0000] {subprocess.py:106} INFO - 25/12/07 20:03:30 INFO MemoryStore: Block broadcast_92_piece0 stored as bytes in memory (estimated size 138.5 KiB, free 429.6 MiB)
[2025-12-07T20:03:30.279+0000] {subprocess.py:106} INFO - 25/12/07 20:03:30 INFO BlockManagerInfo: Added broadcast_92_piece0 in memory on 13f196131dae:36513 (size: 138.5 KiB, free: 433.7 MiB)
[2025-12-07T20:03:30.279+0000] {subprocess.py:106} INFO - 25/12/07 20:03:30 INFO SparkContext: Created broadcast 92 from broadcast at DAGScheduler.scala:1535
[2025-12-07T20:03:30.280+0000] {subprocess.py:106} INFO - 25/12/07 20:03:30 INFO DAGScheduler: Submitting 50 missing tasks from ResultStage 96 (MapPartitionsRDD[258] at $anonfun$recordDeltaOperationInternal$1 at DatabricksLogging.scala:128) (first 15 tasks are for partitions Vector(0, 1, 2, 3, 4, 5, 6, 7, 8, 9, 10, 11, 12, 13, 14))
[2025-12-07T20:03:30.281+0000] {subprocess.py:106} INFO - 25/12/07 20:03:30 INFO TaskSchedulerImpl: Adding task set 96.0 with 50 tasks resource profile 0
[2025-12-07T20:03:30.281+0000] {subprocess.py:106} INFO - 25/12/07 20:03:30 INFO TaskSetManager: Starting task 0.0 in stage 96.0 (TID 943) (172.18.0.8, executor 0, partition 0, PROCESS_LOCAL, 7367 bytes)
[2025-12-07T20:03:30.282+0000] {subprocess.py:106} INFO - 25/12/07 20:03:30 INFO TaskSetManager: Starting task 1.0 in stage 96.0 (TID 944) (172.18.0.8, executor 0, partition 1, PROCESS_LOCAL, 7367 bytes)
[2025-12-07T20:03:30.283+0000] {subprocess.py:106} INFO - 25/12/07 20:03:30 INFO TaskSetManager: Starting task 2.0 in stage 96.0 (TID 945) (172.18.0.8, executor 0, partition 2, PROCESS_LOCAL, 7367 bytes)
[2025-12-07T20:03:30.284+0000] {subprocess.py:106} INFO - 25/12/07 20:03:30 INFO TaskSetManager: Starting task 3.0 in stage 96.0 (TID 946) (172.18.0.8, executor 0, partition 3, PROCESS_LOCAL, 7367 bytes)
[2025-12-07T20:03:30.284+0000] {subprocess.py:106} INFO - 25/12/07 20:03:30 INFO TaskSetManager: Starting task 4.0 in stage 96.0 (TID 947) (172.18.0.8, executor 0, partition 4, PROCESS_LOCAL, 7367 bytes)
[2025-12-07T20:03:30.285+0000] {subprocess.py:106} INFO - 25/12/07 20:03:30 INFO TaskSetManager: Starting task 5.0 in stage 96.0 (TID 948) (172.18.0.8, executor 0, partition 5, PROCESS_LOCAL, 7367 bytes)
[2025-12-07T20:03:30.285+0000] {subprocess.py:106} INFO - 25/12/07 20:03:30 INFO TaskSetManager: Starting task 6.0 in stage 96.0 (TID 949) (172.18.0.8, executor 0, partition 6, PROCESS_LOCAL, 7367 bytes)
[2025-12-07T20:03:30.286+0000] {subprocess.py:106} INFO - 25/12/07 20:03:30 INFO TaskSetManager: Starting task 7.0 in stage 96.0 (TID 950) (172.18.0.8, executor 0, partition 7, PROCESS_LOCAL, 7367 bytes)
[2025-12-07T20:03:30.286+0000] {subprocess.py:106} INFO - 25/12/07 20:03:30 INFO TaskSetManager: Starting task 8.0 in stage 96.0 (TID 951) (172.18.0.8, executor 0, partition 8, PROCESS_LOCAL, 7367 bytes)
[2025-12-07T20:03:30.287+0000] {subprocess.py:106} INFO - 25/12/07 20:03:30 INFO TaskSetManager: Starting task 9.0 in stage 96.0 (TID 952) (172.18.0.8, executor 0, partition 9, PROCESS_LOCAL, 7367 bytes)
[2025-12-07T20:03:30.287+0000] {subprocess.py:106} INFO - 25/12/07 20:03:30 INFO TaskSetManager: Starting task 10.0 in stage 96.0 (TID 953) (172.18.0.8, executor 0, partition 10, PROCESS_LOCAL, 7367 bytes)
[2025-12-07T20:03:30.288+0000] {subprocess.py:106} INFO - 25/12/07 20:03:30 INFO TaskSetManager: Starting task 11.0 in stage 96.0 (TID 954) (172.18.0.8, executor 0, partition 11, PROCESS_LOCAL, 7367 bytes)
[2025-12-07T20:03:30.288+0000] {subprocess.py:106} INFO - 25/12/07 20:03:30 INFO TaskSetManager: Starting task 12.0 in stage 96.0 (TID 955) (172.18.0.8, executor 0, partition 12, PROCESS_LOCAL, 7367 bytes)
[2025-12-07T20:03:30.289+0000] {subprocess.py:106} INFO - 25/12/07 20:03:30 INFO TaskSetManager: Starting task 13.0 in stage 96.0 (TID 956) (172.18.0.8, executor 0, partition 13, PROCESS_LOCAL, 7367 bytes)
[2025-12-07T20:03:30.289+0000] {subprocess.py:106} INFO - 25/12/07 20:03:30 INFO TaskSetManager: Starting task 14.0 in stage 96.0 (TID 957) (172.18.0.8, executor 0, partition 14, PROCESS_LOCAL, 7367 bytes)
[2025-12-07T20:03:30.290+0000] {subprocess.py:106} INFO - 25/12/07 20:03:30 INFO TaskSetManager: Starting task 15.0 in stage 96.0 (TID 958) (172.18.0.8, executor 0, partition 15, PROCESS_LOCAL, 7367 bytes)
[2025-12-07T20:03:30.294+0000] {subprocess.py:106} INFO - 25/12/07 20:03:30 INFO BlockManagerInfo: Added broadcast_92_piece0 in memory on 172.18.0.8:41783 (size: 138.5 KiB, free: 433.9 MiB)
[2025-12-07T20:03:30.317+0000] {subprocess.py:106} INFO - 25/12/07 20:03:30 INFO TaskSetManager: Starting task 16.0 in stage 96.0 (TID 959) (172.18.0.8, executor 0, partition 16, PROCESS_LOCAL, 7367 bytes)
[2025-12-07T20:03:30.318+0000] {subprocess.py:106} INFO - 25/12/07 20:03:30 INFO TaskSetManager: Starting task 17.0 in stage 96.0 (TID 960) (172.18.0.8, executor 0, partition 17, PROCESS_LOCAL, 7367 bytes)
[2025-12-07T20:03:30.319+0000] {subprocess.py:106} INFO - 25/12/07 20:03:30 INFO TaskSetManager: Finished task 4.0 in stage 96.0 (TID 947) in 36 ms on 172.18.0.8 (executor 0) (1/50)
[2025-12-07T20:03:30.320+0000] {subprocess.py:106} INFO - 25/12/07 20:03:30 INFO TaskSetManager: Finished task 1.0 in stage 96.0 (TID 944) in 37 ms on 172.18.0.8 (executor 0) (2/50)
[2025-12-07T20:03:30.323+0000] {subprocess.py:106} INFO - 25/12/07 20:03:30 INFO TaskSetManager: Starting task 18.0 in stage 96.0 (TID 961) (172.18.0.8, executor 0, partition 18, PROCESS_LOCAL, 7367 bytes)
[2025-12-07T20:03:30.325+0000] {subprocess.py:106} INFO - 25/12/07 20:03:30 INFO TaskSetManager: Starting task 19.0 in stage 96.0 (TID 962) (172.18.0.8, executor 0, partition 19, PROCESS_LOCAL, 7367 bytes)
[2025-12-07T20:03:30.326+0000] {subprocess.py:106} INFO - 25/12/07 20:03:30 INFO TaskSetManager: Finished task 15.0 in stage 96.0 (TID 958) in 37 ms on 172.18.0.8 (executor 0) (3/50)
[2025-12-07T20:03:30.329+0000] {subprocess.py:106} INFO - 25/12/07 20:03:30 INFO TaskSetManager: Starting task 20.0 in stage 96.0 (TID 963) (172.18.0.8, executor 0, partition 20, PROCESS_LOCAL, 7367 bytes)
[2025-12-07T20:03:30.330+0000] {subprocess.py:106} INFO - 25/12/07 20:03:30 INFO TaskSetManager: Starting task 21.0 in stage 96.0 (TID 964) (172.18.0.8, executor 0, partition 21, PROCESS_LOCAL, 7367 bytes)
[2025-12-07T20:03:30.332+0000] {subprocess.py:106} INFO - 25/12/07 20:03:30 INFO TaskSetManager: Starting task 22.0 in stage 96.0 (TID 965) (172.18.0.8, executor 0, partition 22, PROCESS_LOCAL, 7367 bytes)
[2025-12-07T20:03:30.333+0000] {subprocess.py:106} INFO - 25/12/07 20:03:30 INFO TaskSetManager: Starting task 23.0 in stage 96.0 (TID 966) (172.18.0.8, executor 0, partition 23, PROCESS_LOCAL, 7367 bytes)
[2025-12-07T20:03:30.334+0000] {subprocess.py:106} INFO - 25/12/07 20:03:30 INFO TaskSetManager: Finished task 11.0 in stage 96.0 (TID 954) in 41 ms on 172.18.0.8 (executor 0) (4/50)
[2025-12-07T20:03:30.336+0000] {subprocess.py:106} INFO - 25/12/07 20:03:30 INFO TaskSetManager: Finished task 6.0 in stage 96.0 (TID 949) in 43 ms on 172.18.0.8 (executor 0) (5/50)
[2025-12-07T20:03:30.336+0000] {subprocess.py:106} INFO - 25/12/07 20:03:30 INFO TaskSetManager: Finished task 0.0 in stage 96.0 (TID 943) in 45 ms on 172.18.0.8 (executor 0) (6/50)
[2025-12-07T20:03:30.337+0000] {subprocess.py:106} INFO - 25/12/07 20:03:30 INFO TaskSetManager: Finished task 12.0 in stage 96.0 (TID 955) in 44 ms on 172.18.0.8 (executor 0) (7/50)
[2025-12-07T20:03:30.338+0000] {subprocess.py:106} INFO - 25/12/07 20:03:30 INFO TaskSetManager: Starting task 24.0 in stage 96.0 (TID 967) (172.18.0.8, executor 0, partition 24, PROCESS_LOCAL, 7367 bytes)
[2025-12-07T20:03:30.340+0000] {subprocess.py:106} INFO - 25/12/07 20:03:30 INFO TaskSetManager: Starting task 25.0 in stage 96.0 (TID 968) (172.18.0.8, executor 0, partition 25, PROCESS_LOCAL, 7367 bytes)
[2025-12-07T20:03:30.342+0000] {subprocess.py:106} INFO - 25/12/07 20:03:30 INFO TaskSetManager: Starting task 26.0 in stage 96.0 (TID 969) (172.18.0.8, executor 0, partition 26, PROCESS_LOCAL, 7367 bytes)
[2025-12-07T20:03:30.343+0000] {subprocess.py:106} INFO - 25/12/07 20:03:30 INFO TaskSetManager: Starting task 27.0 in stage 96.0 (TID 970) (172.18.0.8, executor 0, partition 27, PROCESS_LOCAL, 7367 bytes)
[2025-12-07T20:03:30.344+0000] {subprocess.py:106} INFO - 25/12/07 20:03:30 INFO TaskSetManager: Starting task 28.0 in stage 96.0 (TID 971) (172.18.0.8, executor 0, partition 28, PROCESS_LOCAL, 7367 bytes)
[2025-12-07T20:03:30.345+0000] {subprocess.py:106} INFO - 25/12/07 20:03:30 INFO TaskSetManager: Starting task 29.0 in stage 96.0 (TID 972) (172.18.0.8, executor 0, partition 29, PROCESS_LOCAL, 7367 bytes)
[2025-12-07T20:03:30.346+0000] {subprocess.py:106} INFO - 25/12/07 20:03:30 INFO TaskSetManager: Starting task 30.0 in stage 96.0 (TID 973) (172.18.0.8, executor 0, partition 30, PROCESS_LOCAL, 7367 bytes)
[2025-12-07T20:03:30.348+0000] {subprocess.py:106} INFO - 25/12/07 20:03:30 INFO TaskSetManager: Starting task 31.0 in stage 96.0 (TID 974) (172.18.0.8, executor 0, partition 31, PROCESS_LOCAL, 7367 bytes)
[2025-12-07T20:03:30.349+0000] {subprocess.py:106} INFO - 25/12/07 20:03:30 INFO TaskSetManager: Finished task 10.0 in stage 96.0 (TID 953) in 52 ms on 172.18.0.8 (executor 0) (8/50)
[2025-12-07T20:03:30.351+0000] {subprocess.py:106} INFO - 25/12/07 20:03:30 INFO TaskSetManager: Finished task 5.0 in stage 96.0 (TID 948) in 53 ms on 172.18.0.8 (executor 0) (9/50)
[2025-12-07T20:03:30.352+0000] {subprocess.py:106} INFO - 25/12/07 20:03:30 INFO TaskSetManager: Finished task 14.0 in stage 96.0 (TID 957) in 53 ms on 172.18.0.8 (executor 0) (10/50)
[2025-12-07T20:03:30.354+0000] {subprocess.py:106} INFO - 25/12/07 20:03:30 INFO TaskSetManager: Finished task 2.0 in stage 96.0 (TID 945) in 56 ms on 172.18.0.8 (executor 0) (11/50)
[2025-12-07T20:03:30.355+0000] {subprocess.py:106} INFO - 25/12/07 20:03:30 INFO TaskSetManager: Finished task 7.0 in stage 96.0 (TID 950) in 55 ms on 172.18.0.8 (executor 0) (12/50)
[2025-12-07T20:03:30.358+0000] {subprocess.py:106} INFO - 25/12/07 20:03:30 INFO TaskSetManager: Finished task 3.0 in stage 96.0 (TID 946) in 56 ms on 172.18.0.8 (executor 0) (13/50)
[2025-12-07T20:03:30.360+0000] {subprocess.py:106} INFO - 25/12/07 20:03:30 INFO TaskSetManager: Finished task 9.0 in stage 96.0 (TID 952) in 56 ms on 172.18.0.8 (executor 0) (14/50)
[2025-12-07T20:03:30.360+0000] {subprocess.py:106} INFO - 25/12/07 20:03:30 INFO TaskSetManager: Starting task 32.0 in stage 96.0 (TID 975) (172.18.0.8, executor 0, partition 32, PROCESS_LOCAL, 7367 bytes)
[2025-12-07T20:03:30.361+0000] {subprocess.py:106} INFO - 25/12/07 20:03:30 INFO TaskSetManager: Starting task 33.0 in stage 96.0 (TID 976) (172.18.0.8, executor 0, partition 33, PROCESS_LOCAL, 7367 bytes)
[2025-12-07T20:03:30.362+0000] {subprocess.py:106} INFO - 25/12/07 20:03:30 INFO TaskSetManager: Finished task 13.0 in stage 96.0 (TID 956) in 62 ms on 172.18.0.8 (executor 0) (15/50)
[2025-12-07T20:03:30.362+0000] {subprocess.py:106} INFO - 25/12/07 20:03:30 INFO TaskSetManager: Finished task 8.0 in stage 96.0 (TID 951) in 63 ms on 172.18.0.8 (executor 0) (16/50)
[2025-12-07T20:03:30.363+0000] {subprocess.py:106} INFO - 25/12/07 20:03:30 INFO TaskSetManager: Finished task 19.0 in stage 96.0 (TID 962) in 28 ms on 172.18.0.8 (executor 0) (17/50)
[2025-12-07T20:03:30.364+0000] {subprocess.py:106} INFO - 25/12/07 20:03:30 INFO TaskSetManager: Finished task 16.0 in stage 96.0 (TID 959) in 32 ms on 172.18.0.8 (executor 0) (18/50)
[2025-12-07T20:03:30.364+0000] {subprocess.py:106} INFO - 25/12/07 20:03:30 INFO TaskSetManager: Starting task 34.0 in stage 96.0 (TID 977) (172.18.0.8, executor 0, partition 34, PROCESS_LOCAL, 7367 bytes)
[2025-12-07T20:03:30.365+0000] {subprocess.py:106} INFO - 25/12/07 20:03:30 INFO TaskSetManager: Starting task 35.0 in stage 96.0 (TID 978) (172.18.0.8, executor 0, partition 35, PROCESS_LOCAL, 7367 bytes)
[2025-12-07T20:03:30.365+0000] {subprocess.py:106} INFO - 25/12/07 20:03:30 INFO TaskSetManager: Finished task 22.0 in stage 96.0 (TID 965) in 28 ms on 172.18.0.8 (executor 0) (19/50)
[2025-12-07T20:03:30.366+0000] {subprocess.py:106} INFO - 25/12/07 20:03:30 INFO TaskSetManager: Starting task 36.0 in stage 96.0 (TID 979) (172.18.0.8, executor 0, partition 36, PROCESS_LOCAL, 7367 bytes)
[2025-12-07T20:03:30.367+0000] {subprocess.py:106} INFO - 25/12/07 20:03:30 INFO TaskSetManager: Starting task 37.0 in stage 96.0 (TID 980) (172.18.0.8, executor 0, partition 37, PROCESS_LOCAL, 7367 bytes)
[2025-12-07T20:03:30.368+0000] {subprocess.py:106} INFO - 25/12/07 20:03:30 INFO TaskSetManager: Finished task 21.0 in stage 96.0 (TID 964) in 32 ms on 172.18.0.8 (executor 0) (20/50)
[2025-12-07T20:03:30.368+0000] {subprocess.py:106} INFO - 25/12/07 20:03:30 INFO TaskSetManager: Starting task 38.0 in stage 96.0 (TID 981) (172.18.0.8, executor 0, partition 38, PROCESS_LOCAL, 7367 bytes)
[2025-12-07T20:03:30.369+0000] {subprocess.py:106} INFO - 25/12/07 20:03:30 INFO TaskSetManager: Finished task 20.0 in stage 96.0 (TID 963) in 34 ms on 172.18.0.8 (executor 0) (21/50)
[2025-12-07T20:03:30.369+0000] {subprocess.py:106} INFO - 25/12/07 20:03:30 INFO TaskSetManager: Starting task 39.0 in stage 96.0 (TID 982) (172.18.0.8, executor 0, partition 39, PROCESS_LOCAL, 7367 bytes)
[2025-12-07T20:03:30.374+0000] {subprocess.py:106} INFO - 25/12/07 20:03:30 INFO TaskSetManager: Starting task 40.0 in stage 96.0 (TID 983) (172.18.0.8, executor 0, partition 40, PROCESS_LOCAL, 7367 bytes)
[2025-12-07T20:03:30.379+0000] {subprocess.py:106} INFO - 25/12/07 20:03:30 INFO TaskSetManager: Finished task 18.0 in stage 96.0 (TID 961) in 38 ms on 172.18.0.8 (executor 0) (22/50)
[2025-12-07T20:03:30.384+0000] {subprocess.py:106} INFO - 25/12/07 20:03:30 INFO TaskSetManager: Finished task 23.0 in stage 96.0 (TID 966) in 34 ms on 172.18.0.8 (executor 0) (23/50)
[2025-12-07T20:03:30.386+0000] {subprocess.py:106} INFO - 25/12/07 20:03:30 INFO TaskSetManager: Starting task 41.0 in stage 96.0 (TID 984) (172.18.0.8, executor 0, partition 41, PROCESS_LOCAL, 7367 bytes)
[2025-12-07T20:03:30.387+0000] {subprocess.py:106} INFO - 25/12/07 20:03:30 INFO TaskSetManager: Starting task 42.0 in stage 96.0 (TID 985) (172.18.0.8, executor 0, partition 42, PROCESS_LOCAL, 7367 bytes)
[2025-12-07T20:03:30.388+0000] {subprocess.py:106} INFO - 25/12/07 20:03:30 INFO TaskSetManager: Finished task 27.0 in stage 96.0 (TID 970) in 29 ms on 172.18.0.8 (executor 0) (24/50)
[2025-12-07T20:03:30.389+0000] {subprocess.py:106} INFO - 25/12/07 20:03:30 INFO TaskSetManager: Finished task 17.0 in stage 96.0 (TID 960) in 42 ms on 172.18.0.8 (executor 0) (25/50)
[2025-12-07T20:03:30.392+0000] {subprocess.py:106} INFO - 25/12/07 20:03:30 INFO TaskSetManager: Finished task 28.0 in stage 96.0 (TID 971) in 29 ms on 172.18.0.8 (executor 0) (26/50)
[2025-12-07T20:03:30.396+0000] {subprocess.py:106} INFO - 25/12/07 20:03:30 INFO TaskSetManager: Finished task 31.0 in stage 96.0 (TID 974) in 27 ms on 172.18.0.8 (executor 0) (27/50)
[2025-12-07T20:03:30.397+0000] {subprocess.py:106} INFO - 25/12/07 20:03:30 INFO TaskSetManager: Starting task 43.0 in stage 96.0 (TID 986) (172.18.0.8, executor 0, partition 43, PROCESS_LOCAL, 7367 bytes)
[2025-12-07T20:03:30.398+0000] {subprocess.py:106} INFO - 25/12/07 20:03:30 INFO TaskSetManager: Starting task 44.0 in stage 96.0 (TID 987) (172.18.0.8, executor 0, partition 44, PROCESS_LOCAL, 7367 bytes)
[2025-12-07T20:03:30.400+0000] {subprocess.py:106} INFO - 25/12/07 20:03:30 INFO TaskSetManager: Starting task 45.0 in stage 96.0 (TID 988) (172.18.0.8, executor 0, partition 45, PROCESS_LOCAL, 7367 bytes)
[2025-12-07T20:03:30.401+0000] {subprocess.py:106} INFO - 25/12/07 20:03:30 INFO TaskSetManager: Starting task 46.0 in stage 96.0 (TID 989) (172.18.0.8, executor 0, partition 46, PROCESS_LOCAL, 7367 bytes)
[2025-12-07T20:03:30.402+0000] {subprocess.py:106} INFO - 25/12/07 20:03:30 INFO TaskSetManager: Starting task 47.0 in stage 96.0 (TID 990) (172.18.0.8, executor 0, partition 47, PROCESS_LOCAL, 7367 bytes)
[2025-12-07T20:03:30.402+0000] {subprocess.py:106} INFO - 25/12/07 20:03:30 INFO TaskSetManager: Finished task 26.0 in stage 96.0 (TID 969) in 48 ms on 172.18.0.8 (executor 0) (28/50)
[2025-12-07T20:03:30.403+0000] {subprocess.py:106} INFO - 25/12/07 20:03:30 INFO TaskSetManager: Finished task 25.0 in stage 96.0 (TID 968) in 49 ms on 172.18.0.8 (executor 0) (29/50)
[2025-12-07T20:03:30.404+0000] {subprocess.py:106} INFO - 25/12/07 20:03:30 INFO TaskSetManager: Finished task 24.0 in stage 96.0 (TID 967) in 54 ms on 172.18.0.8 (executor 0) (30/50)
[2025-12-07T20:03:30.404+0000] {subprocess.py:106} INFO - 25/12/07 20:03:30 INFO TaskSetManager: Finished task 30.0 in stage 96.0 (TID 973) in 50 ms on 172.18.0.8 (executor 0) (31/50)
[2025-12-07T20:03:30.405+0000] {subprocess.py:106} INFO - 25/12/07 20:03:30 INFO TaskSetManager: Finished task 29.0 in stage 96.0 (TID 972) in 50 ms on 172.18.0.8 (executor 0) (32/50)
[2025-12-07T20:03:30.411+0000] {subprocess.py:106} INFO - 25/12/07 20:03:30 INFO TaskSetManager: Starting task 48.0 in stage 96.0 (TID 991) (172.18.0.8, executor 0, partition 48, PROCESS_LOCAL, 7367 bytes)
[2025-12-07T20:03:30.412+0000] {subprocess.py:106} INFO - 25/12/07 20:03:30 INFO TaskSetManager: Finished task 32.0 in stage 96.0 (TID 975) in 45 ms on 172.18.0.8 (executor 0) (33/50)
[2025-12-07T20:03:30.413+0000] {subprocess.py:106} INFO - 25/12/07 20:03:30 INFO TaskSetManager: Starting task 49.0 in stage 96.0 (TID 992) (172.18.0.8, executor 0, partition 49, PROCESS_LOCAL, 7367 bytes)
[2025-12-07T20:03:30.414+0000] {subprocess.py:106} INFO - 25/12/07 20:03:30 INFO TaskSetManager: Finished task 33.0 in stage 96.0 (TID 976) in 47 ms on 172.18.0.8 (executor 0) (34/50)
[2025-12-07T20:03:30.414+0000] {subprocess.py:106} INFO - 25/12/07 20:03:30 INFO TaskSetManager: Finished task 35.0 in stage 96.0 (TID 978) in 38 ms on 172.18.0.8 (executor 0) (35/50)
[2025-12-07T20:03:30.415+0000] {subprocess.py:106} INFO - 25/12/07 20:03:30 INFO TaskSetManager: Finished task 38.0 in stage 96.0 (TID 981) in 35 ms on 172.18.0.8 (executor 0) (36/50)
[2025-12-07T20:03:30.416+0000] {subprocess.py:106} INFO - 25/12/07 20:03:30 INFO TaskSetManager: Finished task 34.0 in stage 96.0 (TID 977) in 41 ms on 172.18.0.8 (executor 0) (37/50)
[2025-12-07T20:03:30.416+0000] {subprocess.py:106} INFO - 25/12/07 20:03:30 INFO TaskSetManager: Finished task 39.0 in stage 96.0 (TID 982) in 39 ms on 172.18.0.8 (executor 0) (38/50)
[2025-12-07T20:03:30.417+0000] {subprocess.py:106} INFO - 25/12/07 20:03:30 INFO TaskSetManager: Finished task 36.0 in stage 96.0 (TID 979) in 43 ms on 172.18.0.8 (executor 0) (39/50)
[2025-12-07T20:03:30.418+0000] {subprocess.py:106} INFO - 25/12/07 20:03:30 INFO TaskSetManager: Finished task 42.0 in stage 96.0 (TID 985) in 37 ms on 172.18.0.8 (executor 0) (40/50)
[2025-12-07T20:03:30.418+0000] {subprocess.py:106} INFO - 25/12/07 20:03:30 INFO TaskSetManager: Finished task 47.0 in stage 96.0 (TID 990) in 18 ms on 172.18.0.8 (executor 0) (41/50)
[2025-12-07T20:03:30.419+0000] {subprocess.py:106} INFO - 25/12/07 20:03:30 INFO TaskSetManager: Finished task 37.0 in stage 96.0 (TID 980) in 44 ms on 172.18.0.8 (executor 0) (42/50)
[2025-12-07T20:03:30.420+0000] {subprocess.py:106} INFO - 25/12/07 20:03:30 INFO TaskSetManager: Finished task 46.0 in stage 96.0 (TID 989) in 24 ms on 172.18.0.8 (executor 0) (43/50)
[2025-12-07T20:03:30.421+0000] {subprocess.py:106} INFO - 25/12/07 20:03:30 INFO TaskSetManager: Finished task 40.0 in stage 96.0 (TID 983) in 47 ms on 172.18.0.8 (executor 0) (44/50)
[2025-12-07T20:03:30.421+0000] {subprocess.py:106} INFO - 25/12/07 20:03:30 INFO TaskSetManager: Finished task 41.0 in stage 96.0 (TID 984) in 54 ms on 172.18.0.8 (executor 0) (45/50)
[2025-12-07T20:03:30.422+0000] {subprocess.py:106} INFO - 25/12/07 20:03:30 INFO TaskSetManager: Finished task 43.0 in stage 96.0 (TID 986) in 36 ms on 172.18.0.8 (executor 0) (46/50)
[2025-12-07T20:03:30.423+0000] {subprocess.py:106} INFO - 25/12/07 20:03:30 INFO TaskSetManager: Finished task 44.0 in stage 96.0 (TID 987) in 36 ms on 172.18.0.8 (executor 0) (47/50)
[2025-12-07T20:03:30.423+0000] {subprocess.py:106} INFO - 25/12/07 20:03:30 INFO TaskSetManager: Finished task 45.0 in stage 96.0 (TID 988) in 37 ms on 172.18.0.8 (executor 0) (48/50)
[2025-12-07T20:03:30.424+0000] {subprocess.py:106} INFO - 25/12/07 20:03:30 INFO TaskSetManager: Finished task 49.0 in stage 96.0 (TID 992) in 35 ms on 172.18.0.8 (executor 0) (49/50)
[2025-12-07T20:03:30.425+0000] {subprocess.py:106} INFO - 25/12/07 20:03:30 INFO TaskSetManager: Finished task 48.0 in stage 96.0 (TID 991) in 36 ms on 172.18.0.8 (executor 0) (50/50)
[2025-12-07T20:03:30.426+0000] {subprocess.py:106} INFO - 25/12/07 20:03:30 INFO TaskSchedulerImpl: Removed TaskSet 96.0, whose tasks have all completed, from pool
[2025-12-07T20:03:30.426+0000] {subprocess.py:106} INFO - 25/12/07 20:03:30 INFO DAGScheduler: ResultStage 96 ($anonfun$recordDeltaOperationInternal$1 at DatabricksLogging.scala:128) finished in 0.148 s
[2025-12-07T20:03:30.427+0000] {subprocess.py:106} INFO - 25/12/07 20:03:30 INFO DAGScheduler: Job 55 is finished. Cancelling potential speculative or zombie tasks for this job
[2025-12-07T20:03:30.428+0000] {subprocess.py:106} INFO - 25/12/07 20:03:30 INFO TaskSchedulerImpl: Killing all running tasks in stage 96: Stage finished
[2025-12-07T20:03:30.428+0000] {subprocess.py:106} INFO - 25/12/07 20:03:30 INFO DAGScheduler: Job 55 finished: $anonfun$recordDeltaOperationInternal$1 at DatabricksLogging.scala:128, took 0.151307 s
[2025-12-07T20:03:30.431+0000] {subprocess.py:106} INFO - 25/12/07 20:03:30 INFO OptimisticTransaction: [tableId=8ea85646,txnId=ae3c3bed] Attempting to commit version 1 with 3 actions with Serializable isolation level
[2025-12-07T20:03:30.511+0000] {subprocess.py:106} INFO - 25/12/07 20:03:30 INFO DeltaLog: Creating a new snapshot v1 for commit version 1
[2025-12-07T20:03:30.512+0000] {subprocess.py:106} INFO - 25/12/07 20:03:30 INFO DeltaLog: Loading version 1.
[2025-12-07T20:03:30.515+0000] {subprocess.py:106} INFO - 25/12/07 20:03:30 INFO DeltaLogFileIndex: Created DeltaLogFileIndex(JSON, numFilesInSegment: 2, totalFileSize: 3548)
[2025-12-07T20:03:30.529+0000] {subprocess.py:106} INFO - 25/12/07 20:03:30 INFO BlockManagerInfo: Removed broadcast_92_piece0 on 13f196131dae:36513 in memory (size: 138.5 KiB, free: 433.8 MiB)
[2025-12-07T20:03:30.530+0000] {subprocess.py:106} INFO - 25/12/07 20:03:30 INFO BlockManagerInfo: Removed broadcast_92_piece0 on 172.18.0.8:41783 in memory (size: 138.5 KiB, free: 434.1 MiB)
[2025-12-07T20:03:30.543+0000] {subprocess.py:106} INFO - 25/12/07 20:03:30 INFO FileSourceStrategy: Pushed Filters:
[2025-12-07T20:03:30.544+0000] {subprocess.py:106} INFO - 25/12/07 20:03:30 INFO FileSourceStrategy: Post-Scan Filters:
[2025-12-07T20:03:30.555+0000] {subprocess.py:106} INFO - 25/12/07 20:03:30 INFO MemoryStore: Block broadcast_93 stored as values in memory (estimated size 212.9 KiB, free 430.1 MiB)
[2025-12-07T20:03:30.562+0000] {subprocess.py:106} INFO - 25/12/07 20:03:30 INFO MemoryStore: Block broadcast_93_piece0 stored as bytes in memory (estimated size 36.4 KiB, free 430.0 MiB)
[2025-12-07T20:03:30.562+0000] {subprocess.py:106} INFO - 25/12/07 20:03:30 INFO BlockManagerInfo: Added broadcast_93_piece0 in memory on 13f196131dae:36513 (size: 36.4 KiB, free: 433.8 MiB)
[2025-12-07T20:03:30.563+0000] {subprocess.py:106} INFO - 25/12/07 20:03:30 INFO SparkContext: Created broadcast 93 from toString at <unknown>:0
[2025-12-07T20:03:30.564+0000] {subprocess.py:106} INFO - 25/12/07 20:03:30 INFO FileSourceScanExec: Planning scan with bin packing, max size: 4194304 bytes, open cost is considered as scanning 4194304 bytes.
[2025-12-07T20:03:30.577+0000] {subprocess.py:106} INFO - 25/12/07 20:03:30 INFO SparkContext: Starting job: toString at <unknown>:0
[2025-12-07T20:03:30.578+0000] {subprocess.py:106} INFO - 25/12/07 20:03:30 INFO DAGScheduler: Got job 56 (toString at <unknown>:0) with 2 output partitions
[2025-12-07T20:03:30.579+0000] {subprocess.py:106} INFO - 25/12/07 20:03:30 INFO DAGScheduler: Final stage: ResultStage 97 (toString at <unknown>:0)
[2025-12-07T20:03:30.580+0000] {subprocess.py:106} INFO - 25/12/07 20:03:30 INFO DAGScheduler: Parents of final stage: List()
[2025-12-07T20:03:30.580+0000] {subprocess.py:106} INFO - 25/12/07 20:03:30 INFO DAGScheduler: Missing parents: List()
[2025-12-07T20:03:30.581+0000] {subprocess.py:106} INFO - 25/12/07 20:03:30 INFO DAGScheduler: Submitting ResultStage 97 (MapPartitionsRDD[262] at toString at <unknown>:0), which has no missing parents
[2025-12-07T20:03:30.581+0000] {subprocess.py:106} INFO - 25/12/07 20:03:30 INFO MemoryStore: Block broadcast_94 stored as values in memory (estimated size 50.4 KiB, free 430.0 MiB)
[2025-12-07T20:03:30.582+0000] {subprocess.py:106} INFO - 25/12/07 20:03:30 INFO MemoryStore: Block broadcast_94_piece0 stored as bytes in memory (estimated size 15.5 KiB, free 430.0 MiB)
[2025-12-07T20:03:30.582+0000] {subprocess.py:106} INFO - 25/12/07 20:03:30 INFO BlockManagerInfo: Added broadcast_94_piece0 in memory on 13f196131dae:36513 (size: 15.5 KiB, free: 433.7 MiB)
[2025-12-07T20:03:30.583+0000] {subprocess.py:106} INFO - 25/12/07 20:03:30 INFO SparkContext: Created broadcast 94 from broadcast at DAGScheduler.scala:1535
[2025-12-07T20:03:30.584+0000] {subprocess.py:106} INFO - 25/12/07 20:03:30 INFO DAGScheduler: Submitting 2 missing tasks from ResultStage 97 (MapPartitionsRDD[262] at toString at <unknown>:0) (first 15 tasks are for partitions Vector(0, 1))
[2025-12-07T20:03:30.585+0000] {subprocess.py:106} INFO - 25/12/07 20:03:30 INFO TaskSchedulerImpl: Adding task set 97.0 with 2 tasks resource profile 0
[2025-12-07T20:03:30.586+0000] {subprocess.py:106} INFO - 25/12/07 20:03:30 INFO TaskSetManager: Starting task 0.0 in stage 97.0 (TID 993) (172.18.0.8, executor 0, partition 0, PROCESS_LOCAL, 7945 bytes)
[2025-12-07T20:03:30.586+0000] {subprocess.py:106} INFO - 25/12/07 20:03:30 INFO TaskSetManager: Starting task 1.0 in stage 97.0 (TID 994) (172.18.0.8, executor 0, partition 1, PROCESS_LOCAL, 7945 bytes)
[2025-12-07T20:03:30.591+0000] {subprocess.py:106} INFO - 25/12/07 20:03:30 INFO BlockManagerInfo: Added broadcast_94_piece0 in memory on 172.18.0.8:41783 (size: 15.5 KiB, free: 434.0 MiB)
[2025-12-07T20:03:30.602+0000] {subprocess.py:106} INFO - 25/12/07 20:03:30 INFO BlockManagerInfo: Added broadcast_93_piece0 in memory on 172.18.0.8:41783 (size: 36.4 KiB, free: 434.0 MiB)
[2025-12-07T20:03:30.621+0000] {subprocess.py:106} INFO - 25/12/07 20:03:30 INFO TaskSetManager: Finished task 1.0 in stage 97.0 (TID 994) in 38 ms on 172.18.0.8 (executor 0) (1/2)
[2025-12-07T20:03:30.622+0000] {subprocess.py:106} INFO - 25/12/07 20:03:30 INFO TaskSetManager: Finished task 0.0 in stage 97.0 (TID 993) in 38 ms on 172.18.0.8 (executor 0) (2/2)
[2025-12-07T20:03:30.623+0000] {subprocess.py:106} INFO - 25/12/07 20:03:30 INFO TaskSchedulerImpl: Removed TaskSet 97.0, whose tasks have all completed, from pool
[2025-12-07T20:03:30.623+0000] {subprocess.py:106} INFO - 25/12/07 20:03:30 INFO DAGScheduler: ResultStage 97 (toString at <unknown>:0) finished in 0.043 s
[2025-12-07T20:03:30.624+0000] {subprocess.py:106} INFO - 25/12/07 20:03:30 INFO DAGScheduler: Job 56 is finished. Cancelling potential speculative or zombie tasks for this job
[2025-12-07T20:03:30.624+0000] {subprocess.py:106} INFO - 25/12/07 20:03:30 INFO TaskSchedulerImpl: Killing all running tasks in stage 97: Stage finished
[2025-12-07T20:03:30.625+0000] {subprocess.py:106} INFO - 25/12/07 20:03:30 INFO DAGScheduler: Job 56 finished: toString at <unknown>:0, took 0.045104 s
[2025-12-07T20:03:30.627+0000] {subprocess.py:106} INFO - 25/12/07 20:03:30 INFO Snapshot: [tableId=8ea85646-03cc-4333-b3ca-9b497510ee64] Created snapshot Snapshot(path=s3a://gold/dim_suppliers/_delta_log, version=1, metadata=Metadata(8ea85646-03cc-4333-b3ca-9b497510ee64,null,null,Format(parquet,Map()),{"type":"struct","fields":[{"name":"supplier_key","type":"string","nullable":true,"metadata":{}},{"name":"supplier_id","type":"string","nullable":true,"metadata":{}},{"name":"supplier_name","type":"string","nullable":true,"metadata":{}},{"name":"phone","type":"string","nullable":true,"metadata":{}},{"name":"address","type":"string","nullable":true,"metadata":{}},{"name":"tax_id","type":"string","nullable":true,"metadata":{}},{"name":"last_updated","type":"timestamp","nullable":true,"metadata":{}}]},List(),Map(),Some(1765136702182)), logSegment=LogSegment(s3a://gold/dim_suppliers/_delta_log,1,WrappedArray(S3AFileStatus{path=s3a://gold/dim_suppliers/_delta_log/00000000000000000000.json; isDirectory=false; length=2085; replication=1; blocksize=33554432; modification_time=1765136704182; access_time=0; owner=root; group=root; permission=rw-rw-rw-; isSymlink=false; hasAcl=false; isEncrypted=true; isErasureCoded=false} isEmptyDirectory=FALSE eTag=3a84ce79ea2da573c46af56117571050 versionId=null, S3AFileStatus{path=s3a://gold/dim_suppliers/_delta_log/00000000000000000001.json; isDirectory=false; length=1463; replication=1; blocksize=33554432; modification_time=1765137810474; access_time=0; owner=root; group=root; permission=rw-rw-rw-; isSymlink=false; hasAcl=false; isEncrypted=true; isErasureCoded=false} isEmptyDirectory=FALSE eTag=018e150b480175905a0dc184fba41370 versionId=null),None,1765137810474), checksumOpt=None)
[2025-12-07T20:03:30.628+0000] {subprocess.py:106} INFO - 25/12/07 20:03:30 INFO DeltaLog: Updated snapshot to Snapshot(path=s3a://gold/dim_suppliers/_delta_log, version=1, metadata=Metadata(8ea85646-03cc-4333-b3ca-9b497510ee64,null,null,Format(parquet,Map()),{"type":"struct","fields":[{"name":"supplier_key","type":"string","nullable":true,"metadata":{}},{"name":"supplier_id","type":"string","nullable":true,"metadata":{}},{"name":"supplier_name","type":"string","nullable":true,"metadata":{}},{"name":"phone","type":"string","nullable":true,"metadata":{}},{"name":"address","type":"string","nullable":true,"metadata":{}},{"name":"tax_id","type":"string","nullable":true,"metadata":{}},{"name":"last_updated","type":"timestamp","nullable":true,"metadata":{}}]},List(),Map(),Some(1765136702182)), logSegment=LogSegment(s3a://gold/dim_suppliers/_delta_log,1,WrappedArray(S3AFileStatus{path=s3a://gold/dim_suppliers/_delta_log/00000000000000000000.json; isDirectory=false; length=2085; replication=1; blocksize=33554432; modification_time=1765136704182; access_time=0; owner=root; group=root; permission=rw-rw-rw-; isSymlink=false; hasAcl=false; isEncrypted=true; isErasureCoded=false} isEmptyDirectory=FALSE eTag=3a84ce79ea2da573c46af56117571050 versionId=null, S3AFileStatus{path=s3a://gold/dim_suppliers/_delta_log/00000000000000000001.json; isDirectory=false; length=1463; replication=1; blocksize=33554432; modification_time=1765137810474; access_time=0; owner=root; group=root; permission=rw-rw-rw-; isSymlink=false; hasAcl=false; isEncrypted=true; isErasureCoded=false} isEmptyDirectory=FALSE eTag=018e150b480175905a0dc184fba41370 versionId=null),None,1765137810474), checksumOpt=None)
[2025-12-07T20:03:30.629+0000] {subprocess.py:106} INFO - 25/12/07 20:03:30 INFO MapPartitionsRDD: Removing RDD 250 from persistence list
[2025-12-07T20:03:30.629+0000] {subprocess.py:106} INFO - 25/12/07 20:03:30 INFO BlockManager: Removing RDD 250
[2025-12-07T20:03:30.630+0000] {subprocess.py:106} INFO - 25/12/07 20:03:30 INFO Snapshot: [tableId=8ea85646-03cc-4333-b3ca-9b497510ee64] DELTA: Compute snapshot for version: 1
[2025-12-07T20:03:30.632+0000] {subprocess.py:106} INFO - 25/12/07 20:03:30 INFO MemoryStore: Block broadcast_95 stored as values in memory (estimated size 212.3 KiB, free 429.8 MiB)
[2025-12-07T20:03:30.643+0000] {subprocess.py:106} INFO - 25/12/07 20:03:30 INFO BlockManagerInfo: Removed broadcast_94_piece0 on 13f196131dae:36513 in memory (size: 15.5 KiB, free: 433.8 MiB)
[2025-12-07T20:03:30.645+0000] {subprocess.py:106} INFO - 25/12/07 20:03:30 INFO BlockManagerInfo: Removed broadcast_94_piece0 on 172.18.0.8:41783 in memory (size: 15.5 KiB, free: 434.0 MiB)
[2025-12-07T20:03:30.646+0000] {subprocess.py:106} INFO - 25/12/07 20:03:30 INFO MemoryStore: Block broadcast_95_piece0 stored as bytes in memory (estimated size 36.3 KiB, free 429.8 MiB)
[2025-12-07T20:03:30.651+0000] {subprocess.py:106} INFO - 25/12/07 20:03:30 INFO BlockManagerInfo: Added broadcast_95_piece0 in memory on 13f196131dae:36513 (size: 36.3 KiB, free: 433.7 MiB)
[2025-12-07T20:03:30.652+0000] {subprocess.py:106} INFO - 25/12/07 20:03:30 INFO BlockManagerInfo: Removed broadcast_93_piece0 on 13f196131dae:36513 in memory (size: 36.4 KiB, free: 433.8 MiB)
[2025-12-07T20:03:30.653+0000] {subprocess.py:106} INFO - 25/12/07 20:03:30 INFO SparkContext: Created broadcast 95 from $anonfun$recordDeltaOperationInternal$1 at DatabricksLogging.scala:128
[2025-12-07T20:03:30.653+0000] {subprocess.py:106} INFO - 25/12/07 20:03:30 INFO BlockManagerInfo: Removed broadcast_93_piece0 on 172.18.0.8:41783 in memory (size: 36.4 KiB, free: 434.1 MiB)
[2025-12-07T20:03:30.804+0000] {subprocess.py:106} INFO - 25/12/07 20:03:30 INFO FileSourceStrategy: Pushed Filters:
[2025-12-07T20:03:30.805+0000] {subprocess.py:106} INFO - 25/12/07 20:03:30 INFO FileSourceStrategy: Post-Scan Filters:
[2025-12-07T20:03:30.838+0000] {subprocess.py:106} INFO - 25/12/07 20:03:30 INFO MemoryStore: Block broadcast_96 stored as values in memory (estimated size 212.9 KiB, free 429.8 MiB)
[2025-12-07T20:03:30.843+0000] {subprocess.py:106} INFO - 25/12/07 20:03:30 INFO MemoryStore: Block broadcast_96_piece0 stored as bytes in memory (estimated size 36.4 KiB, free 429.8 MiB)
[2025-12-07T20:03:30.844+0000] {subprocess.py:106} INFO - 25/12/07 20:03:30 INFO BlockManagerInfo: Added broadcast_96_piece0 in memory on 13f196131dae:36513 (size: 36.4 KiB, free: 433.7 MiB)
[2025-12-07T20:03:30.845+0000] {subprocess.py:106} INFO - 25/12/07 20:03:30 INFO SparkContext: Created broadcast 96 from $anonfun$recordDeltaOperationInternal$1 at DatabricksLogging.scala:128
[2025-12-07T20:03:30.845+0000] {subprocess.py:106} INFO - 25/12/07 20:03:30 INFO FileSourceScanExec: Planning scan with bin packing, max size: 4194304 bytes, open cost is considered as scanning 4194304 bytes.
[2025-12-07T20:03:30.851+0000] {subprocess.py:106} INFO - 25/12/07 20:03:30 INFO DAGScheduler: Registering RDD 266 ($anonfun$recordDeltaOperationInternal$1 at DatabricksLogging.scala:128) as input to shuffle 22
[2025-12-07T20:03:30.852+0000] {subprocess.py:106} INFO - 25/12/07 20:03:30 INFO DAGScheduler: Got map stage job 57 ($anonfun$recordDeltaOperationInternal$1 at DatabricksLogging.scala:128) with 2 output partitions
[2025-12-07T20:03:30.853+0000] {subprocess.py:106} INFO - 25/12/07 20:03:30 INFO DAGScheduler: Final stage: ShuffleMapStage 98 ($anonfun$recordDeltaOperationInternal$1 at DatabricksLogging.scala:128)
[2025-12-07T20:03:30.853+0000] {subprocess.py:106} INFO - 25/12/07 20:03:30 INFO DAGScheduler: Parents of final stage: List()
[2025-12-07T20:03:30.854+0000] {subprocess.py:106} INFO - 25/12/07 20:03:30 INFO DAGScheduler: Missing parents: List()
[2025-12-07T20:03:30.854+0000] {subprocess.py:106} INFO - 25/12/07 20:03:30 INFO DAGScheduler: Submitting ShuffleMapStage 98 (MapPartitionsRDD[266] at $anonfun$recordDeltaOperationInternal$1 at DatabricksLogging.scala:128), which has no missing parents
[2025-12-07T20:03:30.855+0000] {subprocess.py:106} INFO - 25/12/07 20:03:30 INFO MemoryStore: Block broadcast_97 stored as values in memory (estimated size 138.3 KiB, free 429.6 MiB)
[2025-12-07T20:03:30.856+0000] {subprocess.py:106} INFO - 25/12/07 20:03:30 INFO MemoryStore: Block broadcast_97_piece0 stored as bytes in memory (estimated size 39.0 KiB, free 429.6 MiB)
[2025-12-07T20:03:30.857+0000] {subprocess.py:106} INFO - 25/12/07 20:03:30 INFO BlockManagerInfo: Added broadcast_97_piece0 in memory on 13f196131dae:36513 (size: 39.0 KiB, free: 433.7 MiB)
[2025-12-07T20:03:30.857+0000] {subprocess.py:106} INFO - 25/12/07 20:03:30 INFO SparkContext: Created broadcast 97 from broadcast at DAGScheduler.scala:1535
[2025-12-07T20:03:30.858+0000] {subprocess.py:106} INFO - 25/12/07 20:03:30 INFO DAGScheduler: Submitting 2 missing tasks from ShuffleMapStage 98 (MapPartitionsRDD[266] at $anonfun$recordDeltaOperationInternal$1 at DatabricksLogging.scala:128) (first 15 tasks are for partitions Vector(0, 1))
[2025-12-07T20:03:30.858+0000] {subprocess.py:106} INFO - 25/12/07 20:03:30 INFO TaskSchedulerImpl: Adding task set 98.0 with 2 tasks resource profile 0
[2025-12-07T20:03:30.859+0000] {subprocess.py:106} INFO - 25/12/07 20:03:30 INFO TaskSetManager: Starting task 0.0 in stage 98.0 (TID 995) (172.18.0.8, executor 0, partition 0, PROCESS_LOCAL, 7934 bytes)
[2025-12-07T20:03:30.859+0000] {subprocess.py:106} INFO - 25/12/07 20:03:30 INFO TaskSetManager: Starting task 1.0 in stage 98.0 (TID 996) (172.18.0.8, executor 0, partition 1, PROCESS_LOCAL, 7934 bytes)
[2025-12-07T20:03:30.866+0000] {subprocess.py:106} INFO - 25/12/07 20:03:30 INFO BlockManagerInfo: Added broadcast_97_piece0 in memory on 172.18.0.8:41783 (size: 39.0 KiB, free: 434.0 MiB)
[2025-12-07T20:03:30.882+0000] {subprocess.py:106} INFO - 25/12/07 20:03:30 INFO BlockManagerInfo: Added broadcast_96_piece0 in memory on 172.18.0.8:41783 (size: 36.4 KiB, free: 434.0 MiB)
[2025-12-07T20:03:30.906+0000] {subprocess.py:106} INFO - 25/12/07 20:03:30 INFO TaskSetManager: Finished task 0.0 in stage 98.0 (TID 995) in 47 ms on 172.18.0.8 (executor 0) (1/2)
[2025-12-07T20:03:30.907+0000] {subprocess.py:106} INFO - 25/12/07 20:03:30 INFO TaskSetManager: Finished task 1.0 in stage 98.0 (TID 996) in 48 ms on 172.18.0.8 (executor 0) (2/2)
[2025-12-07T20:03:30.908+0000] {subprocess.py:106} INFO - 25/12/07 20:03:30 INFO TaskSchedulerImpl: Removed TaskSet 98.0, whose tasks have all completed, from pool
[2025-12-07T20:03:30.908+0000] {subprocess.py:106} INFO - 25/12/07 20:03:30 INFO DAGScheduler: ShuffleMapStage 98 ($anonfun$recordDeltaOperationInternal$1 at DatabricksLogging.scala:128) finished in 0.054 s
[2025-12-07T20:03:30.909+0000] {subprocess.py:106} INFO - 25/12/07 20:03:30 INFO DAGScheduler: looking for newly runnable stages
[2025-12-07T20:03:30.909+0000] {subprocess.py:106} INFO - 25/12/07 20:03:30 INFO DAGScheduler: running: Set()
[2025-12-07T20:03:30.909+0000] {subprocess.py:106} INFO - 25/12/07 20:03:30 INFO DAGScheduler: waiting: Set()
[2025-12-07T20:03:30.910+0000] {subprocess.py:106} INFO - 25/12/07 20:03:30 INFO DAGScheduler: failed: Set()
[2025-12-07T20:03:30.921+0000] {subprocess.py:106} INFO - 25/12/07 20:03:30 INFO BlockManagerInfo: Removed broadcast_97_piece0 on 13f196131dae:36513 in memory (size: 39.0 KiB, free: 433.7 MiB)
[2025-12-07T20:03:30.923+0000] {subprocess.py:106} INFO - 25/12/07 20:03:30 INFO BlockManagerInfo: Removed broadcast_97_piece0 on 172.18.0.8:41783 in memory (size: 39.0 KiB, free: 434.0 MiB)
[2025-12-07T20:03:31.039+0000] {subprocess.py:106} INFO - 25/12/07 20:03:31 INFO DAGScheduler: Registering RDD 276 ($anonfun$recordDeltaOperationInternal$1 at DatabricksLogging.scala:128) as input to shuffle 23
[2025-12-07T20:03:31.041+0000] {subprocess.py:106} INFO - 25/12/07 20:03:31 INFO DAGScheduler: Got map stage job 58 ($anonfun$recordDeltaOperationInternal$1 at DatabricksLogging.scala:128) with 50 output partitions
[2025-12-07T20:03:31.041+0000] {subprocess.py:106} INFO - 25/12/07 20:03:31 INFO DAGScheduler: Final stage: ShuffleMapStage 100 ($anonfun$recordDeltaOperationInternal$1 at DatabricksLogging.scala:128)
[2025-12-07T20:03:31.042+0000] {subprocess.py:106} INFO - 25/12/07 20:03:31 INFO DAGScheduler: Parents of final stage: List(ShuffleMapStage 99)
[2025-12-07T20:03:31.042+0000] {subprocess.py:106} INFO - 25/12/07 20:03:31 INFO DAGScheduler: Missing parents: List()
[2025-12-07T20:03:31.043+0000] {subprocess.py:106} INFO - 25/12/07 20:03:31 INFO DAGScheduler: Submitting ShuffleMapStage 100 (MapPartitionsRDD[276] at $anonfun$recordDeltaOperationInternal$1 at DatabricksLogging.scala:128), which has no missing parents
[2025-12-07T20:03:31.052+0000] {subprocess.py:106} INFO - 25/12/07 20:03:31 INFO MemoryStore: Block broadcast_98 stored as values in memory (estimated size 517.2 KiB, free 429.3 MiB)
[2025-12-07T20:03:31.053+0000] {subprocess.py:106} INFO - 25/12/07 20:03:31 INFO MemoryStore: Block broadcast_98_piece0 stored as bytes in memory (estimated size 123.3 KiB, free 429.2 MiB)
[2025-12-07T20:03:31.054+0000] {subprocess.py:106} INFO - 25/12/07 20:03:31 INFO BlockManagerInfo: Added broadcast_98_piece0 in memory on 13f196131dae:36513 (size: 123.3 KiB, free: 433.6 MiB)
[2025-12-07T20:03:31.055+0000] {subprocess.py:106} INFO - 25/12/07 20:03:31 INFO SparkContext: Created broadcast 98 from broadcast at DAGScheduler.scala:1535
[2025-12-07T20:03:31.055+0000] {subprocess.py:106} INFO - 25/12/07 20:03:31 INFO DAGScheduler: Submitting 50 missing tasks from ShuffleMapStage 100 (MapPartitionsRDD[276] at $anonfun$recordDeltaOperationInternal$1 at DatabricksLogging.scala:128) (first 15 tasks are for partitions Vector(0, 1, 2, 3, 4, 5, 6, 7, 8, 9, 10, 11, 12, 13, 14))
[2025-12-07T20:03:31.056+0000] {subprocess.py:106} INFO - 25/12/07 20:03:31 INFO TaskSchedulerImpl: Adding task set 100.0 with 50 tasks resource profile 0
[2025-12-07T20:03:31.057+0000] {subprocess.py:106} INFO - 25/12/07 20:03:31 INFO TaskSetManager: Starting task 6.0 in stage 100.0 (TID 997) (172.18.0.8, executor 0, partition 6, NODE_LOCAL, 7356 bytes)
[2025-12-07T20:03:31.057+0000] {subprocess.py:106} INFO - 25/12/07 20:03:31 INFO TaskSetManager: Starting task 9.0 in stage 100.0 (TID 998) (172.18.0.8, executor 0, partition 9, NODE_LOCAL, 7356 bytes)
[2025-12-07T20:03:31.058+0000] {subprocess.py:106} INFO - 25/12/07 20:03:31 INFO TaskSetManager: Starting task 42.0 in stage 100.0 (TID 999) (172.18.0.8, executor 0, partition 42, NODE_LOCAL, 7356 bytes)
[2025-12-07T20:03:31.059+0000] {subprocess.py:106} INFO - 25/12/07 20:03:31 INFO TaskSetManager: Starting task 0.0 in stage 100.0 (TID 1000) (172.18.0.8, executor 0, partition 0, PROCESS_LOCAL, 7356 bytes)
[2025-12-07T20:03:31.059+0000] {subprocess.py:106} INFO - 25/12/07 20:03:31 INFO TaskSetManager: Starting task 1.0 in stage 100.0 (TID 1001) (172.18.0.8, executor 0, partition 1, PROCESS_LOCAL, 7356 bytes)
[2025-12-07T20:03:31.061+0000] {subprocess.py:106} INFO - 25/12/07 20:03:31 INFO TaskSetManager: Starting task 2.0 in stage 100.0 (TID 1002) (172.18.0.8, executor 0, partition 2, PROCESS_LOCAL, 7356 bytes)
[2025-12-07T20:03:31.061+0000] {subprocess.py:106} INFO - 25/12/07 20:03:31 INFO TaskSetManager: Starting task 3.0 in stage 100.0 (TID 1003) (172.18.0.8, executor 0, partition 3, PROCESS_LOCAL, 7356 bytes)
[2025-12-07T20:03:31.062+0000] {subprocess.py:106} INFO - 25/12/07 20:03:31 INFO TaskSetManager: Starting task 4.0 in stage 100.0 (TID 1004) (172.18.0.8, executor 0, partition 4, PROCESS_LOCAL, 7356 bytes)
[2025-12-07T20:03:31.063+0000] {subprocess.py:106} INFO - 25/12/07 20:03:31 INFO TaskSetManager: Starting task 5.0 in stage 100.0 (TID 1005) (172.18.0.8, executor 0, partition 5, PROCESS_LOCAL, 7356 bytes)
[2025-12-07T20:03:31.064+0000] {subprocess.py:106} INFO - 25/12/07 20:03:31 INFO TaskSetManager: Starting task 7.0 in stage 100.0 (TID 1006) (172.18.0.8, executor 0, partition 7, PROCESS_LOCAL, 7356 bytes)
[2025-12-07T20:03:31.064+0000] {subprocess.py:106} INFO - 25/12/07 20:03:31 INFO TaskSetManager: Starting task 8.0 in stage 100.0 (TID 1007) (172.18.0.8, executor 0, partition 8, PROCESS_LOCAL, 7356 bytes)
[2025-12-07T20:03:31.065+0000] {subprocess.py:106} INFO - 25/12/07 20:03:31 INFO TaskSetManager: Starting task 10.0 in stage 100.0 (TID 1008) (172.18.0.8, executor 0, partition 10, PROCESS_LOCAL, 7356 bytes)
[2025-12-07T20:03:31.065+0000] {subprocess.py:106} INFO - 25/12/07 20:03:31 INFO TaskSetManager: Starting task 11.0 in stage 100.0 (TID 1009) (172.18.0.8, executor 0, partition 11, PROCESS_LOCAL, 7356 bytes)
[2025-12-07T20:03:31.065+0000] {subprocess.py:106} INFO - 25/12/07 20:03:31 INFO TaskSetManager: Starting task 12.0 in stage 100.0 (TID 1010) (172.18.0.8, executor 0, partition 12, PROCESS_LOCAL, 7356 bytes)
[2025-12-07T20:03:31.066+0000] {subprocess.py:106} INFO - 25/12/07 20:03:31 INFO TaskSetManager: Starting task 13.0 in stage 100.0 (TID 1011) (172.18.0.8, executor 0, partition 13, PROCESS_LOCAL, 7356 bytes)
[2025-12-07T20:03:31.066+0000] {subprocess.py:106} INFO - 25/12/07 20:03:31 INFO TaskSetManager: Starting task 14.0 in stage 100.0 (TID 1012) (172.18.0.8, executor 0, partition 14, PROCESS_LOCAL, 7356 bytes)
[2025-12-07T20:03:31.069+0000] {subprocess.py:106} INFO - 25/12/07 20:03:31 INFO BlockManagerInfo: Added broadcast_98_piece0 in memory on 172.18.0.8:41783 (size: 123.3 KiB, free: 433.9 MiB)
[2025-12-07T20:03:31.084+0000] {subprocess.py:106} INFO - 25/12/07 20:03:31 INFO MapOutputTrackerMasterEndpoint: Asked to send map output locations for shuffle 22 to 172.18.0.8:33606
[2025-12-07T20:03:31.143+0000] {subprocess.py:106} INFO - 25/12/07 20:03:31 INFO BlockManagerInfo: Added rdd_273_14 in memory on 172.18.0.8:41783 (size: 46.0 B, free: 433.9 MiB)
[2025-12-07T20:03:31.147+0000] {subprocess.py:106} INFO - 25/12/07 20:03:31 INFO BlockManagerInfo: Added rdd_273_10 in memory on 172.18.0.8:41783 (size: 46.0 B, free: 433.9 MiB)
[2025-12-07T20:03:31.148+0000] {subprocess.py:106} INFO - 25/12/07 20:03:31 INFO BlockManagerInfo: Added rdd_273_12 in memory on 172.18.0.8:41783 (size: 46.0 B, free: 433.9 MiB)
[2025-12-07T20:03:31.149+0000] {subprocess.py:106} INFO - 25/12/07 20:03:31 INFO BlockManagerInfo: Added rdd_273_8 in memory on 172.18.0.8:41783 (size: 46.0 B, free: 433.9 MiB)
[2025-12-07T20:03:31.151+0000] {subprocess.py:106} INFO - 25/12/07 20:03:31 INFO BlockManagerInfo: Added rdd_273_0 in memory on 172.18.0.8:41783 (size: 46.0 B, free: 433.9 MiB)
[2025-12-07T20:03:31.152+0000] {subprocess.py:106} INFO - 25/12/07 20:03:31 INFO BlockManagerInfo: Added rdd_273_3 in memory on 172.18.0.8:41783 (size: 46.0 B, free: 433.9 MiB)
[2025-12-07T20:03:31.153+0000] {subprocess.py:106} INFO - 25/12/07 20:03:31 INFO BlockManagerInfo: Added rdd_273_11 in memory on 172.18.0.8:41783 (size: 46.0 B, free: 433.9 MiB)
[2025-12-07T20:03:31.153+0000] {subprocess.py:106} INFO - 25/12/07 20:03:31 INFO BlockManagerInfo: Added rdd_273_5 in memory on 172.18.0.8:41783 (size: 46.0 B, free: 433.9 MiB)
[2025-12-07T20:03:31.154+0000] {subprocess.py:106} INFO - 25/12/07 20:03:31 INFO BlockManagerInfo: Added rdd_273_42 in memory on 172.18.0.8:41783 (size: 516.0 B, free: 433.9 MiB)
[2025-12-07T20:03:31.155+0000] {subprocess.py:106} INFO - 25/12/07 20:03:31 INFO BlockManagerInfo: Added rdd_273_4 in memory on 172.18.0.8:41783 (size: 46.0 B, free: 433.9 MiB)
[2025-12-07T20:03:31.156+0000] {subprocess.py:106} INFO - 25/12/07 20:03:31 INFO BlockManagerInfo: Added rdd_273_7 in memory on 172.18.0.8:41783 (size: 46.0 B, free: 433.9 MiB)
[2025-12-07T20:03:31.157+0000] {subprocess.py:106} INFO - 25/12/07 20:03:31 INFO BlockManagerInfo: Added rdd_273_9 in memory on 172.18.0.8:41783 (size: 300.0 B, free: 433.9 MiB)
[2025-12-07T20:03:31.157+0000] {subprocess.py:106} INFO - 25/12/07 20:03:31 INFO BlockManagerInfo: Added rdd_273_6 in memory on 172.18.0.8:41783 (size: 709.0 B, free: 433.9 MiB)
[2025-12-07T20:03:31.159+0000] {subprocess.py:106} INFO - 25/12/07 20:03:31 INFO BlockManagerInfo: Added rdd_273_13 in memory on 172.18.0.8:41783 (size: 46.0 B, free: 433.9 MiB)
[2025-12-07T20:03:31.160+0000] {subprocess.py:106} INFO - 25/12/07 20:03:31 INFO BlockManagerInfo: Added rdd_273_1 in memory on 172.18.0.8:41783 (size: 46.0 B, free: 433.9 MiB)
[2025-12-07T20:03:31.161+0000] {subprocess.py:106} INFO - 25/12/07 20:03:31 INFO TaskSetManager: Starting task 15.0 in stage 100.0 (TID 1013) (172.18.0.8, executor 0, partition 15, PROCESS_LOCAL, 7356 bytes)
[2025-12-07T20:03:31.164+0000] {subprocess.py:106} INFO - 25/12/07 20:03:31 INFO TaskSetManager: Finished task 14.0 in stage 100.0 (TID 1012) in 100 ms on 172.18.0.8 (executor 0) (1/50)
[2025-12-07T20:03:31.165+0000] {subprocess.py:106} INFO - 25/12/07 20:03:31 INFO BlockManagerInfo: Added rdd_273_2 in memory on 172.18.0.8:41783 (size: 46.0 B, free: 433.9 MiB)
[2025-12-07T20:03:31.168+0000] {subprocess.py:106} INFO - 25/12/07 20:03:31 INFO TaskSetManager: Starting task 16.0 in stage 100.0 (TID 1014) (172.18.0.8, executor 0, partition 16, PROCESS_LOCAL, 7356 bytes)
[2025-12-07T20:03:31.170+0000] {subprocess.py:106} INFO - 25/12/07 20:03:31 INFO TaskSetManager: Starting task 17.0 in stage 100.0 (TID 1015) (172.18.0.8, executor 0, partition 17, PROCESS_LOCAL, 7356 bytes)
[2025-12-07T20:03:31.172+0000] {subprocess.py:106} INFO - 25/12/07 20:03:31 INFO TaskSetManager: Starting task 18.0 in stage 100.0 (TID 1016) (172.18.0.8, executor 0, partition 18, PROCESS_LOCAL, 7356 bytes)
[2025-12-07T20:03:31.173+0000] {subprocess.py:106} INFO - 25/12/07 20:03:31 INFO TaskSetManager: Starting task 19.0 in stage 100.0 (TID 1017) (172.18.0.8, executor 0, partition 19, PROCESS_LOCAL, 7356 bytes)
[2025-12-07T20:03:31.174+0000] {subprocess.py:106} INFO - 25/12/07 20:03:31 INFO TaskSetManager: Finished task 5.0 in stage 100.0 (TID 1005) in 109 ms on 172.18.0.8 (executor 0) (2/50)
[2025-12-07T20:03:31.175+0000] {subprocess.py:106} INFO - 25/12/07 20:03:31 INFO TaskSetManager: Starting task 20.0 in stage 100.0 (TID 1018) (172.18.0.8, executor 0, partition 20, PROCESS_LOCAL, 7356 bytes)
[2025-12-07T20:03:31.177+0000] {subprocess.py:106} INFO - 25/12/07 20:03:31 INFO TaskSetManager: Finished task 10.0 in stage 100.0 (TID 1008) in 108 ms on 172.18.0.8 (executor 0) (3/50)
[2025-12-07T20:03:31.178+0000] {subprocess.py:106} INFO - 25/12/07 20:03:31 INFO TaskSetManager: Starting task 21.0 in stage 100.0 (TID 1019) (172.18.0.8, executor 0, partition 21, PROCESS_LOCAL, 7356 bytes)
[2025-12-07T20:03:31.179+0000] {subprocess.py:106} INFO - 25/12/07 20:03:31 INFO TaskSetManager: Finished task 12.0 in stage 100.0 (TID 1010) in 109 ms on 172.18.0.8 (executor 0) (4/50)
[2025-12-07T20:03:31.179+0000] {subprocess.py:106} INFO - 25/12/07 20:03:31 INFO TaskSetManager: Finished task 3.0 in stage 100.0 (TID 1003) in 110 ms on 172.18.0.8 (executor 0) (5/50)
[2025-12-07T20:03:31.181+0000] {subprocess.py:106} INFO - 25/12/07 20:03:31 INFO TaskSetManager: Finished task 42.0 in stage 100.0 (TID 999) in 113 ms on 172.18.0.8 (executor 0) (6/50)
[2025-12-07T20:03:31.182+0000] {subprocess.py:106} INFO - 25/12/07 20:03:31 INFO TaskSetManager: Finished task 4.0 in stage 100.0 (TID 1004) in 114 ms on 172.18.0.8 (executor 0) (7/50)
[2025-12-07T20:03:31.184+0000] {subprocess.py:106} INFO - 25/12/07 20:03:31 INFO TaskSetManager: Starting task 22.0 in stage 100.0 (TID 1020) (172.18.0.8, executor 0, partition 22, PROCESS_LOCAL, 7356 bytes)
[2025-12-07T20:03:31.187+0000] {subprocess.py:106} INFO - 25/12/07 20:03:31 INFO TaskSetManager: Finished task 1.0 in stage 100.0 (TID 1001) in 126 ms on 172.18.0.8 (executor 0) (8/50)
[2025-12-07T20:03:31.188+0000] {subprocess.py:106} INFO - 25/12/07 20:03:31 INFO TaskSetManager: Starting task 23.0 in stage 100.0 (TID 1021) (172.18.0.8, executor 0, partition 23, PROCESS_LOCAL, 7356 bytes)
[2025-12-07T20:03:31.189+0000] {subprocess.py:106} INFO - 25/12/07 20:03:31 INFO TaskSetManager: Finished task 11.0 in stage 100.0 (TID 1009) in 125 ms on 172.18.0.8 (executor 0) (9/50)
[2025-12-07T20:03:31.190+0000] {subprocess.py:106} INFO - 25/12/07 20:03:31 INFO TaskSetManager: Starting task 24.0 in stage 100.0 (TID 1022) (172.18.0.8, executor 0, partition 24, PROCESS_LOCAL, 7356 bytes)
[2025-12-07T20:03:31.190+0000] {subprocess.py:106} INFO - 25/12/07 20:03:31 INFO TaskSetManager: Starting task 25.0 in stage 100.0 (TID 1023) (172.18.0.8, executor 0, partition 25, PROCESS_LOCAL, 7356 bytes)
[2025-12-07T20:03:31.191+0000] {subprocess.py:106} INFO - 25/12/07 20:03:31 INFO TaskSetManager: Starting task 26.0 in stage 100.0 (TID 1024) (172.18.0.8, executor 0, partition 26, PROCESS_LOCAL, 7356 bytes)
[2025-12-07T20:03:31.192+0000] {subprocess.py:106} INFO - 25/12/07 20:03:31 INFO TaskSetManager: Starting task 27.0 in stage 100.0 (TID 1025) (172.18.0.8, executor 0, partition 27, PROCESS_LOCAL, 7356 bytes)
[2025-12-07T20:03:31.193+0000] {subprocess.py:106} INFO - 25/12/07 20:03:31 INFO TaskSetManager: Starting task 28.0 in stage 100.0 (TID 1026) (172.18.0.8, executor 0, partition 28, PROCESS_LOCAL, 7356 bytes)
[2025-12-07T20:03:31.194+0000] {subprocess.py:106} INFO - 25/12/07 20:03:31 INFO TaskSetManager: Finished task 7.0 in stage 100.0 (TID 1006) in 128 ms on 172.18.0.8 (executor 0) (10/50)
[2025-12-07T20:03:31.194+0000] {subprocess.py:106} INFO - 25/12/07 20:03:31 INFO TaskSetManager: Finished task 0.0 in stage 100.0 (TID 1000) in 130 ms on 172.18.0.8 (executor 0) (11/50)
[2025-12-07T20:03:31.195+0000] {subprocess.py:106} INFO - 25/12/07 20:03:31 INFO TaskSetManager: Finished task 9.0 in stage 100.0 (TID 998) in 130 ms on 172.18.0.8 (executor 0) (12/50)
[2025-12-07T20:03:31.195+0000] {subprocess.py:106} INFO - 25/12/07 20:03:31 INFO TaskSetManager: Finished task 13.0 in stage 100.0 (TID 1011) in 128 ms on 172.18.0.8 (executor 0) (13/50)
[2025-12-07T20:03:31.196+0000] {subprocess.py:106} INFO - 25/12/07 20:03:31 INFO TaskSetManager: Finished task 8.0 in stage 100.0 (TID 1007) in 129 ms on 172.18.0.8 (executor 0) (14/50)
[2025-12-07T20:03:31.203+0000] {subprocess.py:106} INFO - 25/12/07 20:03:31 INFO TaskSetManager: Starting task 29.0 in stage 100.0 (TID 1027) (172.18.0.8, executor 0, partition 29, PROCESS_LOCAL, 7356 bytes)
[2025-12-07T20:03:31.204+0000] {subprocess.py:106} INFO - 25/12/07 20:03:31 INFO TaskSetManager: Finished task 6.0 in stage 100.0 (TID 997) in 143 ms on 172.18.0.8 (executor 0) (15/50)
[2025-12-07T20:03:31.207+0000] {subprocess.py:106} INFO - 25/12/07 20:03:31 INFO TaskSetManager: Starting task 30.0 in stage 100.0 (TID 1028) (172.18.0.8, executor 0, partition 30, PROCESS_LOCAL, 7356 bytes)
[2025-12-07T20:03:31.209+0000] {subprocess.py:106} INFO - 25/12/07 20:03:31 INFO TaskSetManager: Finished task 2.0 in stage 100.0 (TID 1002) in 147 ms on 172.18.0.8 (executor 0) (16/50)
[2025-12-07T20:03:31.247+0000] {subprocess.py:106} INFO - 25/12/07 20:03:31 INFO BlockManagerInfo: Added rdd_273_16 in memory on 172.18.0.8:41783 (size: 46.0 B, free: 433.9 MiB)
[2025-12-07T20:03:31.250+0000] {subprocess.py:106} INFO - 25/12/07 20:03:31 INFO BlockManagerInfo: Added rdd_273_15 in memory on 172.18.0.8:41783 (size: 46.0 B, free: 433.9 MiB)
[2025-12-07T20:03:31.256+0000] {subprocess.py:106} INFO - 25/12/07 20:03:31 INFO BlockManagerInfo: Added rdd_273_17 in memory on 172.18.0.8:41783 (size: 46.0 B, free: 433.9 MiB)
[2025-12-07T20:03:31.267+0000] {subprocess.py:106} INFO - 25/12/07 20:03:31 INFO BlockManagerInfo: Added rdd_273_18 in memory on 172.18.0.8:41783 (size: 46.0 B, free: 433.9 MiB)
[2025-12-07T20:03:31.268+0000] {subprocess.py:106} INFO - 25/12/07 20:03:31 INFO BlockManagerInfo: Added rdd_273_20 in memory on 172.18.0.8:41783 (size: 46.0 B, free: 433.9 MiB)
[2025-12-07T20:03:31.270+0000] {subprocess.py:106} INFO - 25/12/07 20:03:31 INFO BlockManagerInfo: Added rdd_273_27 in memory on 172.18.0.8:41783 (size: 46.0 B, free: 433.9 MiB)
[2025-12-07T20:03:31.271+0000] {subprocess.py:106} INFO - 25/12/07 20:03:31 INFO BlockManagerInfo: Added rdd_273_21 in memory on 172.18.0.8:41783 (size: 46.0 B, free: 433.9 MiB)
[2025-12-07T20:03:31.272+0000] {subprocess.py:106} INFO - 25/12/07 20:03:31 INFO BlockManagerInfo: Added rdd_273_23 in memory on 172.18.0.8:41783 (size: 46.0 B, free: 433.9 MiB)
[2025-12-07T20:03:31.273+0000] {subprocess.py:106} INFO - 25/12/07 20:03:31 INFO BlockManagerInfo: Added rdd_273_24 in memory on 172.18.0.8:41783 (size: 46.0 B, free: 433.9 MiB)
[2025-12-07T20:03:31.275+0000] {subprocess.py:106} INFO - 25/12/07 20:03:31 INFO TaskSetManager: Starting task 31.0 in stage 100.0 (TID 1029) (172.18.0.8, executor 0, partition 31, PROCESS_LOCAL, 7356 bytes)
[2025-12-07T20:03:31.282+0000] {subprocess.py:106} INFO - 25/12/07 20:03:31 INFO TaskSetManager: Finished task 16.0 in stage 100.0 (TID 1014) in 118 ms on 172.18.0.8 (executor 0) (17/50)
[2025-12-07T20:03:31.290+0000] {subprocess.py:106} INFO - 25/12/07 20:03:31 INFO BlockManagerInfo: Added rdd_273_26 in memory on 172.18.0.8:41783 (size: 46.0 B, free: 433.9 MiB)
[2025-12-07T20:03:31.291+0000] {subprocess.py:106} INFO - 25/12/07 20:03:31 INFO TaskSetManager: Starting task 32.0 in stage 100.0 (TID 1030) (172.18.0.8, executor 0, partition 32, PROCESS_LOCAL, 7356 bytes)
[2025-12-07T20:03:31.295+0000] {subprocess.py:106} INFO - 25/12/07 20:03:31 INFO BlockManagerInfo: Added rdd_273_19 in memory on 172.18.0.8:41783 (size: 46.0 B, free: 433.9 MiB)
[2025-12-07T20:03:31.299+0000] {subprocess.py:106} INFO - 25/12/07 20:03:31 INFO BlockManagerInfo: Added rdd_273_28 in memory on 172.18.0.8:41783 (size: 46.0 B, free: 433.9 MiB)
[2025-12-07T20:03:31.302+0000] {subprocess.py:106} INFO - 25/12/07 20:03:31 INFO BlockManagerInfo: Added rdd_273_30 in memory on 172.18.0.8:41783 (size: 46.0 B, free: 433.9 MiB)
[2025-12-07T20:03:31.303+0000] {subprocess.py:106} INFO - 25/12/07 20:03:31 INFO TaskSetManager: Finished task 17.0 in stage 100.0 (TID 1015) in 127 ms on 172.18.0.8 (executor 0) (18/50)
[2025-12-07T20:03:31.306+0000] {subprocess.py:106} INFO - 25/12/07 20:03:31 INFO TaskSetManager: Starting task 33.0 in stage 100.0 (TID 1031) (172.18.0.8, executor 0, partition 33, PROCESS_LOCAL, 7356 bytes)
[2025-12-07T20:03:31.308+0000] {subprocess.py:106} INFO - 25/12/07 20:03:31 INFO TaskSetManager: Finished task 15.0 in stage 100.0 (TID 1013) in 142 ms on 172.18.0.8 (executor 0) (19/50)
[2025-12-07T20:03:31.309+0000] {subprocess.py:106} INFO - 25/12/07 20:03:31 INFO TaskSetManager: Starting task 34.0 in stage 100.0 (TID 1032) (172.18.0.8, executor 0, partition 34, PROCESS_LOCAL, 7356 bytes)
[2025-12-07T20:03:31.309+0000] {subprocess.py:106} INFO - 25/12/07 20:03:31 INFO TaskSetManager: Starting task 35.0 in stage 100.0 (TID 1033) (172.18.0.8, executor 0, partition 35, PROCESS_LOCAL, 7356 bytes)
[2025-12-07T20:03:31.311+0000] {subprocess.py:106} INFO - 25/12/07 20:03:31 INFO TaskSetManager: Finished task 24.0 in stage 100.0 (TID 1022) in 119 ms on 172.18.0.8 (executor 0) (20/50)
[2025-12-07T20:03:31.312+0000] {subprocess.py:106} INFO - 25/12/07 20:03:31 INFO TaskSetManager: Finished task 18.0 in stage 100.0 (TID 1016) in 139 ms on 172.18.0.8 (executor 0) (21/50)
[2025-12-07T20:03:31.313+0000] {subprocess.py:106} INFO - 25/12/07 20:03:31 INFO BlockManagerInfo: Added rdd_273_29 in memory on 172.18.0.8:41783 (size: 46.0 B, free: 433.9 MiB)
[2025-12-07T20:03:31.317+0000] {subprocess.py:106} INFO - 25/12/07 20:03:31 INFO BlockManagerInfo: Added rdd_273_25 in memory on 172.18.0.8:41783 (size: 46.0 B, free: 433.9 MiB)
[2025-12-07T20:03:31.337+0000] {subprocess.py:106} INFO - 25/12/07 20:03:31 INFO TaskSetManager: Starting task 36.0 in stage 100.0 (TID 1034) (172.18.0.8, executor 0, partition 36, PROCESS_LOCAL, 7356 bytes)
[2025-12-07T20:03:31.339+0000] {subprocess.py:106} INFO - 25/12/07 20:03:31 INFO TaskSetManager: Finished task 21.0 in stage 100.0 (TID 1019) in 169 ms on 172.18.0.8 (executor 0) (22/50)
[2025-12-07T20:03:31.341+0000] {subprocess.py:106} INFO - 25/12/07 20:03:31 INFO BlockManagerInfo: Added rdd_273_22 in memory on 172.18.0.8:41783 (size: 46.0 B, free: 433.9 MiB)
[2025-12-07T20:03:31.345+0000] {subprocess.py:106} INFO - 25/12/07 20:03:31 INFO TaskSetManager: Starting task 37.0 in stage 100.0 (TID 1035) (172.18.0.8, executor 0, partition 37, PROCESS_LOCAL, 7356 bytes)
[2025-12-07T20:03:31.347+0000] {subprocess.py:106} INFO - 25/12/07 20:03:31 INFO TaskSetManager: Starting task 38.0 in stage 100.0 (TID 1036) (172.18.0.8, executor 0, partition 38, PROCESS_LOCAL, 7356 bytes)
[2025-12-07T20:03:31.348+0000] {subprocess.py:106} INFO - 25/12/07 20:03:31 INFO TaskSetManager: Starting task 39.0 in stage 100.0 (TID 1037) (172.18.0.8, executor 0, partition 39, PROCESS_LOCAL, 7356 bytes)
[2025-12-07T20:03:31.349+0000] {subprocess.py:106} INFO - 25/12/07 20:03:31 INFO TaskSetManager: Finished task 23.0 in stage 100.0 (TID 1021) in 161 ms on 172.18.0.8 (executor 0) (23/50)
[2025-12-07T20:03:31.350+0000] {subprocess.py:106} INFO - 25/12/07 20:03:31 INFO TaskSetManager: Finished task 28.0 in stage 100.0 (TID 1026) in 159 ms on 172.18.0.8 (executor 0) (24/50)
[2025-12-07T20:03:31.351+0000] {subprocess.py:106} INFO - 25/12/07 20:03:31 INFO TaskSetManager: Finished task 26.0 in stage 100.0 (TID 1024) in 161 ms on 172.18.0.8 (executor 0) (25/50)
[2025-12-07T20:03:31.355+0000] {subprocess.py:106} INFO - 25/12/07 20:03:31 INFO TaskSetManager: Starting task 40.0 in stage 100.0 (TID 1038) (172.18.0.8, executor 0, partition 40, PROCESS_LOCAL, 7356 bytes)
[2025-12-07T20:03:31.356+0000] {subprocess.py:106} INFO - 25/12/07 20:03:31 INFO TaskSetManager: Finished task 19.0 in stage 100.0 (TID 1017) in 183 ms on 172.18.0.8 (executor 0) (26/50)
[2025-12-07T20:03:31.357+0000] {subprocess.py:106} INFO - 25/12/07 20:03:31 INFO TaskSetManager: Starting task 41.0 in stage 100.0 (TID 1039) (172.18.0.8, executor 0, partition 41, PROCESS_LOCAL, 7356 bytes)
[2025-12-07T20:03:31.359+0000] {subprocess.py:106} INFO - 25/12/07 20:03:31 INFO TaskSetManager: Finished task 20.0 in stage 100.0 (TID 1018) in 185 ms on 172.18.0.8 (executor 0) (27/50)
[2025-12-07T20:03:31.361+0000] {subprocess.py:106} INFO - 25/12/07 20:03:31 INFO TaskSetManager: Starting task 43.0 in stage 100.0 (TID 1040) (172.18.0.8, executor 0, partition 43, PROCESS_LOCAL, 7356 bytes)
[2025-12-07T20:03:31.362+0000] {subprocess.py:106} INFO - 25/12/07 20:03:31 INFO TaskSetManager: Finished task 27.0 in stage 100.0 (TID 1025) in 173 ms on 172.18.0.8 (executor 0) (28/50)
[2025-12-07T20:03:31.364+0000] {subprocess.py:106} INFO - 25/12/07 20:03:31 INFO TaskSetManager: Starting task 44.0 in stage 100.0 (TID 1041) (172.18.0.8, executor 0, partition 44, PROCESS_LOCAL, 7356 bytes)
[2025-12-07T20:03:31.365+0000] {subprocess.py:106} INFO - 25/12/07 20:03:31 INFO TaskSetManager: Finished task 30.0 in stage 100.0 (TID 1028) in 155 ms on 172.18.0.8 (executor 0) (29/50)
[2025-12-07T20:03:31.388+0000] {subprocess.py:106} INFO - 25/12/07 20:03:31 INFO TaskSetManager: Starting task 45.0 in stage 100.0 (TID 1042) (172.18.0.8, executor 0, partition 45, PROCESS_LOCAL, 7356 bytes)
[2025-12-07T20:03:31.403+0000] {subprocess.py:106} INFO - 25/12/07 20:03:31 INFO TaskSetManager: Finished task 25.0 in stage 100.0 (TID 1023) in 200 ms on 172.18.0.8 (executor 0) (30/50)
[2025-12-07T20:03:31.405+0000] {subprocess.py:106} INFO - 25/12/07 20:03:31 INFO TaskSetManager: Starting task 46.0 in stage 100.0 (TID 1043) (172.18.0.8, executor 0, partition 46, PROCESS_LOCAL, 7356 bytes)
[2025-12-07T20:03:31.407+0000] {subprocess.py:106} INFO - 25/12/07 20:03:31 INFO TaskSetManager: Starting task 47.0 in stage 100.0 (TID 1044) (172.18.0.8, executor 0, partition 47, PROCESS_LOCAL, 7356 bytes)
[2025-12-07T20:03:31.410+0000] {subprocess.py:106} INFO - 25/12/07 20:03:31 INFO TaskSetManager: Finished task 29.0 in stage 100.0 (TID 1027) in 207 ms on 172.18.0.8 (executor 0) (31/50)
[2025-12-07T20:03:31.411+0000] {subprocess.py:106} INFO - 25/12/07 20:03:31 INFO TaskSetManager: Finished task 22.0 in stage 100.0 (TID 1020) in 225 ms on 172.18.0.8 (executor 0) (32/50)
[2025-12-07T20:03:31.419+0000] {subprocess.py:106} INFO - 25/12/07 20:03:31 INFO BlockManagerInfo: Added rdd_273_31 in memory on 172.18.0.8:41783 (size: 46.0 B, free: 433.9 MiB)
[2025-12-07T20:03:31.422+0000] {subprocess.py:106} INFO - 25/12/07 20:03:31 INFO BlockManagerInfo: Added rdd_273_32 in memory on 172.18.0.8:41783 (size: 46.0 B, free: 433.9 MiB)
[2025-12-07T20:03:31.424+0000] {subprocess.py:106} INFO - 25/12/07 20:03:31 INFO BlockManagerInfo: Added rdd_273_33 in memory on 172.18.0.8:41783 (size: 46.0 B, free: 433.9 MiB)
[2025-12-07T20:03:31.445+0000] {subprocess.py:106} INFO - 25/12/07 20:03:31 INFO BlockManagerInfo: Added rdd_273_34 in memory on 172.18.0.8:41783 (size: 46.0 B, free: 433.9 MiB)
[2025-12-07T20:03:31.448+0000] {subprocess.py:106} INFO - 25/12/07 20:03:31 INFO BlockManagerInfo: Added rdd_273_36 in memory on 172.18.0.8:41783 (size: 46.0 B, free: 433.9 MiB)
[2025-12-07T20:03:31.453+0000] {subprocess.py:106} INFO - 25/12/07 20:03:31 INFO TaskSetManager: Starting task 48.0 in stage 100.0 (TID 1045) (172.18.0.8, executor 0, partition 48, PROCESS_LOCAL, 7356 bytes)
[2025-12-07T20:03:31.456+0000] {subprocess.py:106} INFO - 25/12/07 20:03:31 INFO TaskSetManager: Finished task 31.0 in stage 100.0 (TID 1029) in 179 ms on 172.18.0.8 (executor 0) (33/50)
[2025-12-07T20:03:31.460+0000] {subprocess.py:106} INFO - 25/12/07 20:03:31 INFO BlockManagerInfo: Added rdd_273_37 in memory on 172.18.0.8:41783 (size: 46.0 B, free: 433.9 MiB)
[2025-12-07T20:03:31.462+0000] {subprocess.py:106} INFO - 25/12/07 20:03:31 INFO BlockManagerInfo: Added rdd_273_38 in memory on 172.18.0.8:41783 (size: 46.0 B, free: 433.9 MiB)
[2025-12-07T20:03:31.464+0000] {subprocess.py:106} INFO - 25/12/07 20:03:31 INFO BlockManagerInfo: Added rdd_273_41 in memory on 172.18.0.8:41783 (size: 46.0 B, free: 433.9 MiB)
[2025-12-07T20:03:31.464+0000] {subprocess.py:106} INFO - 25/12/07 20:03:31 INFO BlockManagerInfo: Added rdd_273_44 in memory on 172.18.0.8:41783 (size: 46.0 B, free: 433.9 MiB)
[2025-12-07T20:03:31.465+0000] {subprocess.py:106} INFO - 25/12/07 20:03:31 INFO BlockManagerInfo: Added rdd_273_35 in memory on 172.18.0.8:41783 (size: 46.0 B, free: 433.9 MiB)
[2025-12-07T20:03:31.474+0000] {subprocess.py:106} INFO - 25/12/07 20:03:31 INFO BlockManagerInfo: Added rdd_273_40 in memory on 172.18.0.8:41783 (size: 46.0 B, free: 433.9 MiB)
[2025-12-07T20:03:31.479+0000] {subprocess.py:106} INFO - 25/12/07 20:03:31 INFO BlockManagerInfo: Added rdd_273_39 in memory on 172.18.0.8:41783 (size: 46.0 B, free: 433.9 MiB)
[2025-12-07T20:03:31.488+0000] {subprocess.py:106} INFO - 25/12/07 20:03:31 INFO TaskSetManager: Starting task 49.0 in stage 100.0 (TID 1046) (172.18.0.8, executor 0, partition 49, PROCESS_LOCAL, 7356 bytes)
[2025-12-07T20:03:31.489+0000] {subprocess.py:106} INFO - 25/12/07 20:03:31 INFO TaskSetManager: Finished task 36.0 in stage 100.0 (TID 1034) in 153 ms on 172.18.0.8 (executor 0) (34/50)
[2025-12-07T20:03:31.490+0000] {subprocess.py:106} INFO - 25/12/07 20:03:31 INFO TaskSetManager: Finished task 33.0 in stage 100.0 (TID 1031) in 193 ms on 172.18.0.8 (executor 0) (35/50)
[2025-12-07T20:03:31.491+0000] {subprocess.py:106} INFO - 25/12/07 20:03:31 INFO TaskSetManager: Finished task 34.0 in stage 100.0 (TID 1032) in 188 ms on 172.18.0.8 (executor 0) (36/50)
[2025-12-07T20:03:31.492+0000] {subprocess.py:106} INFO - 25/12/07 20:03:31 INFO TaskSetManager: Finished task 32.0 in stage 100.0 (TID 1030) in 202 ms on 172.18.0.8 (executor 0) (37/50)
[2025-12-07T20:03:31.493+0000] {subprocess.py:106} INFO - 25/12/07 20:03:31 INFO TaskSetManager: Finished task 41.0 in stage 100.0 (TID 1039) in 141 ms on 172.18.0.8 (executor 0) (38/50)
[2025-12-07T20:03:31.503+0000] {subprocess.py:106} INFO - 25/12/07 20:03:31 INFO TaskSetManager: Finished task 37.0 in stage 100.0 (TID 1035) in 160 ms on 172.18.0.8 (executor 0) (39/50)
[2025-12-07T20:03:31.508+0000] {subprocess.py:106} INFO - 25/12/07 20:03:31 INFO BlockManagerInfo: Added rdd_273_43 in memory on 172.18.0.8:41783 (size: 46.0 B, free: 433.9 MiB)
[2025-12-07T20:03:31.511+0000] {subprocess.py:106} INFO - 25/12/07 20:03:31 INFO TaskSetManager: Finished task 44.0 in stage 100.0 (TID 1041) in 143 ms on 172.18.0.8 (executor 0) (40/50)
[2025-12-07T20:03:31.515+0000] {subprocess.py:106} INFO - 25/12/07 20:03:31 INFO TaskSetManager: Finished task 38.0 in stage 100.0 (TID 1036) in 160 ms on 172.18.0.8 (executor 0) (41/50)
[2025-12-07T20:03:31.516+0000] {subprocess.py:106} INFO - 25/12/07 20:03:31 INFO BlockManagerInfo: Added rdd_273_45 in memory on 172.18.0.8:41783 (size: 46.0 B, free: 433.9 MiB)
[2025-12-07T20:03:31.519+0000] {subprocess.py:106} INFO - 25/12/07 20:03:31 INFO BlockManagerInfo: Added rdd_273_46 in memory on 172.18.0.8:41783 (size: 46.0 B, free: 433.9 MiB)
[2025-12-07T20:03:31.520+0000] {subprocess.py:106} INFO - 25/12/07 20:03:31 INFO TaskSetManager: Finished task 35.0 in stage 100.0 (TID 1033) in 204 ms on 172.18.0.8 (executor 0) (42/50)
[2025-12-07T20:03:31.521+0000] {subprocess.py:106} INFO - 25/12/07 20:03:31 INFO TaskSetManager: Finished task 39.0 in stage 100.0 (TID 1037) in 165 ms on 172.18.0.8 (executor 0) (43/50)
[2025-12-07T20:03:31.522+0000] {subprocess.py:106} INFO - 25/12/07 20:03:31 INFO TaskSetManager: Finished task 40.0 in stage 100.0 (TID 1038) in 165 ms on 172.18.0.8 (executor 0) (44/50)
[2025-12-07T20:03:31.522+0000] {subprocess.py:106} INFO - 25/12/07 20:03:31 INFO BlockManagerInfo: Added rdd_273_47 in memory on 172.18.0.8:41783 (size: 46.0 B, free: 433.9 MiB)
[2025-12-07T20:03:31.531+0000] {subprocess.py:106} INFO - 25/12/07 20:03:31 INFO TaskSetManager: Finished task 43.0 in stage 100.0 (TID 1040) in 172 ms on 172.18.0.8 (executor 0) (45/50)
[2025-12-07T20:03:31.535+0000] {subprocess.py:106} INFO - 25/12/07 20:03:31 INFO TaskSetManager: Finished task 45.0 in stage 100.0 (TID 1042) in 157 ms on 172.18.0.8 (executor 0) (46/50)
[2025-12-07T20:03:31.536+0000] {subprocess.py:106} INFO - 25/12/07 20:03:31 INFO TaskSetManager: Finished task 46.0 in stage 100.0 (TID 1043) in 133 ms on 172.18.0.8 (executor 0) (47/50)
[2025-12-07T20:03:31.537+0000] {subprocess.py:106} INFO - 25/12/07 20:03:31 INFO BlockManagerInfo: Added rdd_273_48 in memory on 172.18.0.8:41783 (size: 46.0 B, free: 433.9 MiB)
[2025-12-07T20:03:31.545+0000] {subprocess.py:106} INFO - 25/12/07 20:03:31 INFO TaskSetManager: Finished task 47.0 in stage 100.0 (TID 1044) in 139 ms on 172.18.0.8 (executor 0) (48/50)
[2025-12-07T20:03:31.548+0000] {subprocess.py:106} INFO - 25/12/07 20:03:31 INFO BlockManagerInfo: Added rdd_273_49 in memory on 172.18.0.8:41783 (size: 46.0 B, free: 433.9 MiB)
[2025-12-07T20:03:31.567+0000] {subprocess.py:106} INFO - 25/12/07 20:03:31 INFO TaskSetManager: Finished task 48.0 in stage 100.0 (TID 1045) in 114 ms on 172.18.0.8 (executor 0) (49/50)
[2025-12-07T20:03:31.578+0000] {subprocess.py:106} INFO - 25/12/07 20:03:31 INFO TaskSetManager: Finished task 49.0 in stage 100.0 (TID 1046) in 91 ms on 172.18.0.8 (executor 0) (50/50)
[2025-12-07T20:03:31.579+0000] {subprocess.py:106} INFO - 25/12/07 20:03:31 INFO TaskSchedulerImpl: Removed TaskSet 100.0, whose tasks have all completed, from pool
[2025-12-07T20:03:31.580+0000] {subprocess.py:106} INFO - 25/12/07 20:03:31 INFO DAGScheduler: ShuffleMapStage 100 ($anonfun$recordDeltaOperationInternal$1 at DatabricksLogging.scala:128) finished in 0.537 s
[2025-12-07T20:03:31.580+0000] {subprocess.py:106} INFO - 25/12/07 20:03:31 INFO DAGScheduler: looking for newly runnable stages
[2025-12-07T20:03:31.581+0000] {subprocess.py:106} INFO - 25/12/07 20:03:31 INFO DAGScheduler: running: Set()
[2025-12-07T20:03:31.581+0000] {subprocess.py:106} INFO - 25/12/07 20:03:31 INFO DAGScheduler: waiting: Set()
[2025-12-07T20:03:31.582+0000] {subprocess.py:106} INFO - 25/12/07 20:03:31 INFO DAGScheduler: failed: Set()
[2025-12-07T20:03:31.600+0000] {subprocess.py:106} INFO - 25/12/07 20:03:31 INFO SparkContext: Starting job: $anonfun$recordDeltaOperationInternal$1 at DatabricksLogging.scala:128
[2025-12-07T20:03:31.601+0000] {subprocess.py:106} INFO - 25/12/07 20:03:31 INFO DAGScheduler: Got job 59 ($anonfun$recordDeltaOperationInternal$1 at DatabricksLogging.scala:128) with 1 output partitions
[2025-12-07T20:03:31.602+0000] {subprocess.py:106} INFO - 25/12/07 20:03:31 INFO DAGScheduler: Final stage: ResultStage 103 ($anonfun$recordDeltaOperationInternal$1 at DatabricksLogging.scala:128)
[2025-12-07T20:03:31.602+0000] {subprocess.py:106} INFO - 25/12/07 20:03:31 INFO DAGScheduler: Parents of final stage: List(ShuffleMapStage 102)
[2025-12-07T20:03:31.603+0000] {subprocess.py:106} INFO - 25/12/07 20:03:31 INFO DAGScheduler: Missing parents: List()
[2025-12-07T20:03:31.604+0000] {subprocess.py:106} INFO - 25/12/07 20:03:31 INFO DAGScheduler: Submitting ResultStage 103 (MapPartitionsRDD[279] at $anonfun$recordDeltaOperationInternal$1 at DatabricksLogging.scala:128), which has no missing parents
[2025-12-07T20:03:31.607+0000] {subprocess.py:106} INFO - 25/12/07 20:03:31 INFO MemoryStore: Block broadcast_99 stored as values in memory (estimated size 452.4 KiB, free 428.7 MiB)
[2025-12-07T20:03:31.609+0000] {subprocess.py:106} INFO - 25/12/07 20:03:31 INFO MemoryStore: Block broadcast_99_piece0 stored as bytes in memory (estimated size 108.1 KiB, free 428.6 MiB)
[2025-12-07T20:03:31.610+0000] {subprocess.py:106} INFO - 25/12/07 20:03:31 INFO BlockManagerInfo: Added broadcast_99_piece0 in memory on 13f196131dae:36513 (size: 108.1 KiB, free: 433.5 MiB)
[2025-12-07T20:03:31.611+0000] {subprocess.py:106} INFO - 25/12/07 20:03:31 INFO SparkContext: Created broadcast 99 from broadcast at DAGScheduler.scala:1535
[2025-12-07T20:03:31.612+0000] {subprocess.py:106} INFO - 25/12/07 20:03:31 INFO DAGScheduler: Submitting 1 missing tasks from ResultStage 103 (MapPartitionsRDD[279] at $anonfun$recordDeltaOperationInternal$1 at DatabricksLogging.scala:128) (first 15 tasks are for partitions Vector(0))
[2025-12-07T20:03:31.613+0000] {subprocess.py:106} INFO - 25/12/07 20:03:31 INFO TaskSchedulerImpl: Adding task set 103.0 with 1 tasks resource profile 0
[2025-12-07T20:03:31.613+0000] {subprocess.py:106} INFO - 25/12/07 20:03:31 INFO TaskSetManager: Starting task 0.0 in stage 103.0 (TID 1047) (172.18.0.8, executor 0, partition 0, NODE_LOCAL, 7367 bytes)
[2025-12-07T20:03:31.622+0000] {subprocess.py:106} INFO - 25/12/07 20:03:31 INFO BlockManagerInfo: Added broadcast_99_piece0 in memory on 172.18.0.8:41783 (size: 108.1 KiB, free: 433.8 MiB)
[2025-12-07T20:03:31.631+0000] {subprocess.py:106} INFO - 25/12/07 20:03:31 INFO MapOutputTrackerMasterEndpoint: Asked to send map output locations for shuffle 23 to 172.18.0.8:33606
[2025-12-07T20:03:31.653+0000] {subprocess.py:106} INFO - 25/12/07 20:03:31 INFO TaskSetManager: Finished task 0.0 in stage 103.0 (TID 1047) in 40 ms on 172.18.0.8 (executor 0) (1/1)
[2025-12-07T20:03:31.654+0000] {subprocess.py:106} INFO - 25/12/07 20:03:31 INFO TaskSchedulerImpl: Removed TaskSet 103.0, whose tasks have all completed, from pool
[2025-12-07T20:03:31.656+0000] {subprocess.py:106} INFO - 25/12/07 20:03:31 INFO DAGScheduler: ResultStage 103 ($anonfun$recordDeltaOperationInternal$1 at DatabricksLogging.scala:128) finished in 0.051 s
[2025-12-07T20:03:31.657+0000] {subprocess.py:106} INFO - 25/12/07 20:03:31 INFO DAGScheduler: Job 59 is finished. Cancelling potential speculative or zombie tasks for this job
[2025-12-07T20:03:31.658+0000] {subprocess.py:106} INFO - 25/12/07 20:03:31 INFO TaskSchedulerImpl: Killing all running tasks in stage 103: Stage finished
[2025-12-07T20:03:31.658+0000] {subprocess.py:106} INFO - 25/12/07 20:03:31 INFO DAGScheduler: Job 59 finished: $anonfun$recordDeltaOperationInternal$1 at DatabricksLogging.scala:128, took 0.054940 s
[2025-12-07T20:03:31.664+0000] {subprocess.py:106} INFO - 25/12/07 20:03:31 INFO Snapshot: [tableId=8ea85646-03cc-4333-b3ca-9b497510ee64] DELTA: Done
[2025-12-07T20:03:31.666+0000] {subprocess.py:106} INFO - 25/12/07 20:03:31 INFO OptimisticTransaction: [tableId=8ea85646,txnId=ae3c3bed] Committed delta #1 to s3a://gold/dim_suppliers/_delta_log
[2025-12-07T20:03:31.667+0000] {subprocess.py:106} INFO - --> [SUCCESS] Written dim_suppliers to s3a://gold/dim_suppliers
[2025-12-07T20:03:31.668+0000] {subprocess.py:106} INFO - 25/12/07 20:03:31 INFO SparkContext: SparkContext is stopping with exitCode 0.
[2025-12-07T20:03:31.693+0000] {subprocess.py:106} INFO - 25/12/07 20:03:31 INFO SparkUI: Stopped Spark web UI at http://13f196131dae:4040
[2025-12-07T20:03:31.701+0000] {subprocess.py:106} INFO - 25/12/07 20:03:31 INFO StandaloneSchedulerBackend: Shutting down all executors
[2025-12-07T20:03:31.702+0000] {subprocess.py:106} INFO - 25/12/07 20:03:31 INFO StandaloneSchedulerBackend$StandaloneDriverEndpoint: Asking each executor to shut down
[2025-12-07T20:03:31.740+0000] {subprocess.py:106} INFO - 25/12/07 20:03:31 INFO MapOutputTrackerMasterEndpoint: MapOutputTrackerMasterEndpoint stopped!
[2025-12-07T20:03:31.772+0000] {subprocess.py:106} INFO - 25/12/07 20:03:31 INFO MemoryStore: MemoryStore cleared
[2025-12-07T20:03:31.773+0000] {subprocess.py:106} INFO - 25/12/07 20:03:31 INFO BlockManager: BlockManager stopped
[2025-12-07T20:03:31.779+0000] {subprocess.py:106} INFO - 25/12/07 20:03:31 INFO BlockManagerMaster: BlockManagerMaster stopped
[2025-12-07T20:03:31.789+0000] {subprocess.py:106} INFO - 25/12/07 20:03:31 INFO OutputCommitCoordinator$OutputCommitCoordinatorEndpoint: OutputCommitCoordinator stopped!
[2025-12-07T20:03:31.968+0000] {subprocess.py:106} INFO - 25/12/07 20:03:31 INFO SparkContext: Successfully stopped SparkContext
[2025-12-07T20:03:32.152+0000] {subprocess.py:106} INFO - 25/12/07 20:03:32 INFO ShutdownHookManager: Shutdown hook called
[2025-12-07T20:03:32.153+0000] {subprocess.py:106} INFO - 25/12/07 20:03:32 INFO ShutdownHookManager: Deleting directory /tmp/spark-68afc5be-0e19-4460-b733-e32be7f8c17b
[2025-12-07T20:03:32.158+0000] {subprocess.py:106} INFO - 25/12/07 20:03:32 INFO ShutdownHookManager: Deleting directory /tmp/spark-f14b88c5-1376-4a0b-a50d-f8bd8404c763/pyspark-c7781f8d-e00b-4fbd-9b16-0f340b796e82
[2025-12-07T20:03:32.164+0000] {subprocess.py:106} INFO - 25/12/07 20:03:32 INFO ShutdownHookManager: Deleting directory /tmp/spark-f14b88c5-1376-4a0b-a50d-f8bd8404c763
[2025-12-07T20:03:32.180+0000] {subprocess.py:106} INFO - 25/12/07 20:03:32 INFO MetricsSystemImpl: Stopping s3a-file-system metrics system...
[2025-12-07T20:03:32.181+0000] {subprocess.py:106} INFO - 25/12/07 20:03:32 INFO MetricsSystemImpl: s3a-file-system metrics system stopped.
[2025-12-07T20:03:32.181+0000] {subprocess.py:106} INFO - 25/12/07 20:03:32 INFO MetricsSystemImpl: s3a-file-system metrics system shutdown complete.
[2025-12-07T20:03:32.359+0000] {subprocess.py:110} INFO - Command exited with return code 0
[2025-12-07T20:03:32.392+0000] {taskinstance.py:349} INFO - ::group::Post task execution logs
[2025-12-07T20:03:32.393+0000] {taskinstance.py:361} INFO - Marking task as SUCCESS. dag_id=ETL_process, task_id=Silver_to_Gold_Dimensions, run_id=manual__2025-12-07T19:53:04.128635+00:00, execution_date=20251207T195304, start_date=20251207T200239, end_date=20251207T200332
[2025-12-07T20:03:32.445+0000] {local_task_job_runner.py:266} INFO - Task exited with return code 0
[2025-12-07T20:03:32.475+0000] {taskinstance.py:3924} INFO - 1 downstream tasks scheduled from follow-on schedule check
[2025-12-07T20:03:32.477+0000] {local_task_job_runner.py:245} INFO - ::endgroup::
