[2025-12-16T03:16:34.937+0000] {local_task_job_runner.py:123} INFO - ::group::Pre task execution logs
[2025-12-16T03:16:34.970+0000] {taskinstance.py:2631} INFO - Dependencies all met for dep_context=non-requeueable deps ti=<TaskInstance: ETL_process.Silver_to_Gold_Dimensions manual__2025-12-08T15:21:50.375058+00:00 [queued]>
[2025-12-16T03:16:34.983+0000] {taskinstance.py:2631} INFO - Dependencies all met for dep_context=requeueable deps ti=<TaskInstance: ETL_process.Silver_to_Gold_Dimensions manual__2025-12-08T15:21:50.375058+00:00 [queued]>
[2025-12-16T03:16:34.984+0000] {taskinstance.py:2884} INFO - Starting attempt 1 of 3
[2025-12-16T03:16:35.001+0000] {taskinstance.py:2907} INFO - Executing <Task(BashOperator): Silver_to_Gold_Dimensions> on 2025-12-08 15:21:50.375058+00:00
[2025-12-16T03:16:35.013+0000] {logging_mixin.py:190} WARNING - /home/airflow/.local/lib/python3.12/site-packages/airflow/task/task_runner/standard_task_runner.py:70 DeprecationWarning: This process (pid=508) is multi-threaded, use of fork() may lead to deadlocks in the child.
[2025-12-16T03:16:35.016+0000] {standard_task_runner.py:72} INFO - Started process 509 to run task
[2025-12-16T03:16:35.014+0000] {standard_task_runner.py:104} INFO - Running: ['airflow', 'tasks', 'run', 'ETL_process', 'Silver_to_Gold_Dimensions', 'manual__2025-12-08T15:21:50.375058+00:00', '--job-id', '21', '--raw', '--subdir', 'DAGS_FOLDER/ETL.py', '--cfg-path', '/tmp/tmp0c9kkk14']
[2025-12-16T03:16:35.017+0000] {standard_task_runner.py:105} INFO - Job 21: Subtask Silver_to_Gold_Dimensions
[2025-12-16T03:16:35.094+0000] {task_command.py:467} INFO - Running <TaskInstance: ETL_process.Silver_to_Gold_Dimensions manual__2025-12-08T15:21:50.375058+00:00 [running]> on host 2a50f1bacb3c
[2025-12-16T03:16:35.185+0000] {taskinstance.py:3157} INFO - Exporting env vars: AIRFLOW_CTX_DAG_OWNER='airflow' AIRFLOW_CTX_DAG_ID='ETL_process' AIRFLOW_CTX_TASK_ID='Silver_to_Gold_Dimensions' AIRFLOW_CTX_EXECUTION_DATE='2025-12-08T15:21:50.375058+00:00' AIRFLOW_CTX_TRY_NUMBER='1' AIRFLOW_CTX_DAG_RUN_ID='manual__2025-12-08T15:21:50.375058+00:00'
[2025-12-16T03:16:35.186+0000] {taskinstance.py:740} INFO - ::endgroup::
[2025-12-16T03:16:35.208+0000] {subprocess.py:78} INFO - Tmp dir root location: /tmp
[2025-12-16T03:16:35.211+0000] {subprocess.py:88} INFO - Running command: ['/usr/bin/bash', '-c', '\n            docker exec spark-master bash -c \'\n            export PYTHONPATH=/opt/spark/work-dir/batch-etl && \n            /opt/spark/bin/spark-submit                 --master spark://spark-master:7077                 --packages io.delta:delta-core_2.12:2.4.0,org.apache.hadoop:hadoop-aws:3.3.4                 --conf "spark.sql.extensions=io.delta.sql.DeltaSparkSessionExtension"                 --conf "spark.sql.catalog.spark_catalog=org.apache.spark.sql.delta.catalog.DeltaCatalog"                 /opt/spark/work-dir/batch-etl/silver_to_gold/etl_dimensions.py\n            \'\n        ']
[2025-12-16T03:16:35.231+0000] {subprocess.py:99} INFO - Output:
[2025-12-16T03:16:37.972+0000] {subprocess.py:106} INFO - :: loading settings :: url = jar:file:/opt/spark/jars/ivy-2.5.1.jar!/org/apache/ivy/core/settings/ivysettings.xml
[2025-12-16T03:16:38.177+0000] {subprocess.py:106} INFO - Ivy Default Cache set to: /root/.ivy2/cache
[2025-12-16T03:16:38.178+0000] {subprocess.py:106} INFO - The jars for the packages stored in: /root/.ivy2/jars
[2025-12-16T03:16:38.185+0000] {subprocess.py:106} INFO - io.delta#delta-core_2.12 added as a dependency
[2025-12-16T03:16:38.186+0000] {subprocess.py:106} INFO - org.apache.hadoop#hadoop-aws added as a dependency
[2025-12-16T03:16:38.187+0000] {subprocess.py:106} INFO - :: resolving dependencies :: org.apache.spark#spark-submit-parent-574232e0-bee2-4ddc-acf3-22bab88142d0;1.0
[2025-12-16T03:16:38.188+0000] {subprocess.py:106} INFO - 	confs: [default]
[2025-12-16T03:16:38.361+0000] {subprocess.py:106} INFO - 	found io.delta#delta-core_2.12;2.4.0 in central
[2025-12-16T03:16:38.405+0000] {subprocess.py:106} INFO - 	found io.delta#delta-storage;2.4.0 in central
[2025-12-16T03:16:38.445+0000] {subprocess.py:106} INFO - 	found org.antlr#antlr4-runtime;4.9.3 in central
[2025-12-16T03:16:41.646+0000] {subprocess.py:106} INFO - 	found org.apache.hadoop#hadoop-aws;3.3.4 in central
[2025-12-16T03:16:42.487+0000] {subprocess.py:106} INFO - 	found com.amazonaws#aws-java-sdk-bundle;1.12.262 in central
[2025-12-16T03:16:42.518+0000] {subprocess.py:106} INFO - 	found org.wildfly.openssl#wildfly-openssl;1.0.7.Final in central
[2025-12-16T03:16:42.609+0000] {subprocess.py:106} INFO - downloading https://repo1.maven.org/maven2/org/apache/hadoop/hadoop-aws/3.3.4/hadoop-aws-3.3.4.jar ...
[2025-12-16T03:16:43.186+0000] {subprocess.py:106} INFO - 	[SUCCESSFUL ] org.apache.hadoop#hadoop-aws;3.3.4!hadoop-aws.jar (648ms)
[2025-12-16T03:16:43.283+0000] {subprocess.py:106} INFO - downloading https://repo1.maven.org/maven2/com/amazonaws/aws-java-sdk-bundle/1.12.262/aws-java-sdk-bundle-1.12.262.jar ...
[2025-12-16T03:18:05.217+0000] {subprocess.py:106} INFO - 	[SUCCESSFUL ] com.amazonaws#aws-java-sdk-bundle;1.12.262!aws-java-sdk-bundle.jar (82022ms)
[2025-12-16T03:18:05.218+0000] {subprocess.py:106} INFO - :: resolution report :: resolve 4346ms :: artifacts dl 82686ms
[2025-12-16T03:18:05.224+0000] {subprocess.py:106} INFO - 	:: modules in use:
[2025-12-16T03:18:05.225+0000] {subprocess.py:106} INFO - 	com.amazonaws#aws-java-sdk-bundle;1.12.262 from central in [default]
[2025-12-16T03:18:05.225+0000] {subprocess.py:106} INFO - 	io.delta#delta-core_2.12;2.4.0 from central in [default]
[2025-12-16T03:18:05.226+0000] {subprocess.py:106} INFO - 	io.delta#delta-storage;2.4.0 from central in [default]
[2025-12-16T03:18:05.226+0000] {subprocess.py:106} INFO - 	org.antlr#antlr4-runtime;4.9.3 from central in [default]
[2025-12-16T03:18:05.226+0000] {subprocess.py:106} INFO - 	org.apache.hadoop#hadoop-aws;3.3.4 from central in [default]
[2025-12-16T03:18:05.227+0000] {subprocess.py:106} INFO - 	org.wildfly.openssl#wildfly-openssl;1.0.7.Final from central in [default]
[2025-12-16T03:18:05.227+0000] {subprocess.py:106} INFO - 	---------------------------------------------------------------------
[2025-12-16T03:18:05.227+0000] {subprocess.py:106} INFO - 	|                  |            modules            ||   artifacts   |
[2025-12-16T03:18:05.228+0000] {subprocess.py:106} INFO - 	|       conf       | number| search|dwnlded|evicted|| number|dwnlded|
[2025-12-16T03:18:05.228+0000] {subprocess.py:106} INFO - 	---------------------------------------------------------------------
[2025-12-16T03:18:05.228+0000] {subprocess.py:106} INFO - 	|      default     |   6   |   2   |   2   |   0   ||   6   |   2   |
[2025-12-16T03:18:05.229+0000] {subprocess.py:106} INFO - 	---------------------------------------------------------------------
[2025-12-16T03:18:05.229+0000] {subprocess.py:106} INFO - :: retrieving :: org.apache.spark#spark-submit-parent-574232e0-bee2-4ddc-acf3-22bab88142d0
[2025-12-16T03:18:05.230+0000] {subprocess.py:106} INFO - 	confs: [default]
[2025-12-16T03:18:05.980+0000] {subprocess.py:106} INFO - 	2 artifacts copied, 4 already retrieved (275007kB/756ms)
[2025-12-16T03:18:06.229+0000] {subprocess.py:106} INFO - 25/12/16 03:18:06 WARN NativeCodeLoader: Unable to load native-hadoop library for your platform... using builtin-java classes where applicable
[2025-12-16T03:18:07.233+0000] {subprocess.py:106} INFO - 25/12/16 03:18:07 INFO SparkContext: Running Spark version 3.4.0
[2025-12-16T03:18:07.256+0000] {subprocess.py:106} INFO - 25/12/16 03:18:07 INFO ResourceUtils: ==============================================================
[2025-12-16T03:18:07.257+0000] {subprocess.py:106} INFO - 25/12/16 03:18:07 INFO ResourceUtils: No custom resources configured for spark.driver.
[2025-12-16T03:18:07.257+0000] {subprocess.py:106} INFO - 25/12/16 03:18:07 INFO ResourceUtils: ==============================================================
[2025-12-16T03:18:07.258+0000] {subprocess.py:106} INFO - 25/12/16 03:18:07 INFO SparkContext: Submitted application: Gold_Dimensions_ETL
[2025-12-16T03:18:07.283+0000] {subprocess.py:106} INFO - 25/12/16 03:18:07 INFO ResourceProfile: Default ResourceProfile created, executor resources: Map(memory -> name: memory, amount: 1024, script: , vendor: , offHeap -> name: offHeap, amount: 0, script: , vendor: ), task resources: Map(cpus -> name: cpus, amount: 1.0)
[2025-12-16T03:18:07.292+0000] {subprocess.py:106} INFO - 25/12/16 03:18:07 INFO ResourceProfile: Limiting resource is cpu
[2025-12-16T03:18:07.293+0000] {subprocess.py:106} INFO - 25/12/16 03:18:07 INFO ResourceProfileManager: Added ResourceProfile id: 0
[2025-12-16T03:18:07.357+0000] {subprocess.py:106} INFO - 25/12/16 03:18:07 INFO SecurityManager: Changing view acls to: root
[2025-12-16T03:18:07.357+0000] {subprocess.py:106} INFO - 25/12/16 03:18:07 INFO SecurityManager: Changing modify acls to: root
[2025-12-16T03:18:07.358+0000] {subprocess.py:106} INFO - 25/12/16 03:18:07 INFO SecurityManager: Changing view acls groups to:
[2025-12-16T03:18:07.358+0000] {subprocess.py:106} INFO - 25/12/16 03:18:07 INFO SecurityManager: Changing modify acls groups to:
[2025-12-16T03:18:07.359+0000] {subprocess.py:106} INFO - 25/12/16 03:18:07 INFO SecurityManager: SecurityManager: authentication disabled; ui acls disabled; users with view permissions: root; groups with view permissions: EMPTY; users with modify permissions: root; groups with modify permissions: EMPTY
[2025-12-16T03:18:07.606+0000] {subprocess.py:106} INFO - 25/12/16 03:18:07 INFO Utils: Successfully started service 'sparkDriver' on port 40829.
[2025-12-16T03:18:07.644+0000] {subprocess.py:106} INFO - 25/12/16 03:18:07 INFO SparkEnv: Registering MapOutputTracker
[2025-12-16T03:18:07.680+0000] {subprocess.py:106} INFO - 25/12/16 03:18:07 INFO SparkEnv: Registering BlockManagerMaster
[2025-12-16T03:18:07.700+0000] {subprocess.py:106} INFO - 25/12/16 03:18:07 INFO BlockManagerMasterEndpoint: Using org.apache.spark.storage.DefaultTopologyMapper for getting topology information
[2025-12-16T03:18:07.701+0000] {subprocess.py:106} INFO - 25/12/16 03:18:07 INFO BlockManagerMasterEndpoint: BlockManagerMasterEndpoint up
[2025-12-16T03:18:07.705+0000] {subprocess.py:106} INFO - 25/12/16 03:18:07 INFO SparkEnv: Registering BlockManagerMasterHeartbeat
[2025-12-16T03:18:07.736+0000] {subprocess.py:106} INFO - 25/12/16 03:18:07 INFO DiskBlockManager: Created local directory at /tmp/blockmgr-6388033d-0072-46f9-bb17-621e7d16482c
[2025-12-16T03:18:07.772+0000] {subprocess.py:106} INFO - 25/12/16 03:18:07 INFO MemoryStore: MemoryStore started with capacity 434.4 MiB
[2025-12-16T03:18:07.790+0000] {subprocess.py:106} INFO - 25/12/16 03:18:07 INFO SparkEnv: Registering OutputCommitCoordinator
[2025-12-16T03:18:07.934+0000] {subprocess.py:106} INFO - 25/12/16 03:18:07 INFO JettyUtils: Start Jetty 0.0.0.0:4040 for SparkUI
[2025-12-16T03:18:08.026+0000] {subprocess.py:106} INFO - 25/12/16 03:18:08 INFO Utils: Successfully started service 'SparkUI' on port 4040.
[2025-12-16T03:18:08.062+0000] {subprocess.py:106} INFO - 25/12/16 03:18:08 INFO SparkContext: Added JAR file:///root/.ivy2/jars/io.delta_delta-core_2.12-2.4.0.jar at spark://3ad9a82189be:40829/jars/io.delta_delta-core_2.12-2.4.0.jar with timestamp 1765855087222
[2025-12-16T03:18:08.062+0000] {subprocess.py:106} INFO - 25/12/16 03:18:08 INFO SparkContext: Added JAR file:///root/.ivy2/jars/org.apache.hadoop_hadoop-aws-3.3.4.jar at spark://3ad9a82189be:40829/jars/org.apache.hadoop_hadoop-aws-3.3.4.jar with timestamp 1765855087222
[2025-12-16T03:18:08.063+0000] {subprocess.py:106} INFO - 25/12/16 03:18:08 INFO SparkContext: Added JAR file:///root/.ivy2/jars/io.delta_delta-storage-2.4.0.jar at spark://3ad9a82189be:40829/jars/io.delta_delta-storage-2.4.0.jar with timestamp 1765855087222
[2025-12-16T03:18:08.063+0000] {subprocess.py:106} INFO - 25/12/16 03:18:08 INFO SparkContext: Added JAR file:///root/.ivy2/jars/org.antlr_antlr4-runtime-4.9.3.jar at spark://3ad9a82189be:40829/jars/org.antlr_antlr4-runtime-4.9.3.jar with timestamp 1765855087222
[2025-12-16T03:18:08.064+0000] {subprocess.py:106} INFO - 25/12/16 03:18:08 INFO SparkContext: Added JAR file:///root/.ivy2/jars/com.amazonaws_aws-java-sdk-bundle-1.12.262.jar at spark://3ad9a82189be:40829/jars/com.amazonaws_aws-java-sdk-bundle-1.12.262.jar with timestamp 1765855087222
[2025-12-16T03:18:08.064+0000] {subprocess.py:106} INFO - 25/12/16 03:18:08 INFO SparkContext: Added JAR file:///root/.ivy2/jars/org.wildfly.openssl_wildfly-openssl-1.0.7.Final.jar at spark://3ad9a82189be:40829/jars/org.wildfly.openssl_wildfly-openssl-1.0.7.Final.jar with timestamp 1765855087222
[2025-12-16T03:18:08.065+0000] {subprocess.py:106} INFO - 25/12/16 03:18:08 INFO SparkContext: Added file file:///root/.ivy2/jars/io.delta_delta-core_2.12-2.4.0.jar at spark://3ad9a82189be:40829/files/io.delta_delta-core_2.12-2.4.0.jar with timestamp 1765855087222
[2025-12-16T03:18:08.068+0000] {subprocess.py:106} INFO - 25/12/16 03:18:08 INFO Utils: Copying /root/.ivy2/jars/io.delta_delta-core_2.12-2.4.0.jar to /tmp/spark-8c31e578-c2e1-4605-a7ad-3ebda6cbc4b0/userFiles-13184caf-1acc-4e34-91f5-a57d6dd12759/io.delta_delta-core_2.12-2.4.0.jar
[2025-12-16T03:18:08.088+0000] {subprocess.py:106} INFO - 25/12/16 03:18:08 INFO SparkContext: Added file file:///root/.ivy2/jars/org.apache.hadoop_hadoop-aws-3.3.4.jar at spark://3ad9a82189be:40829/files/org.apache.hadoop_hadoop-aws-3.3.4.jar with timestamp 1765855087222
[2025-12-16T03:18:08.089+0000] {subprocess.py:106} INFO - 25/12/16 03:18:08 INFO Utils: Copying /root/.ivy2/jars/org.apache.hadoop_hadoop-aws-3.3.4.jar to /tmp/spark-8c31e578-c2e1-4605-a7ad-3ebda6cbc4b0/userFiles-13184caf-1acc-4e34-91f5-a57d6dd12759/org.apache.hadoop_hadoop-aws-3.3.4.jar
[2025-12-16T03:18:08.118+0000] {subprocess.py:106} INFO - 25/12/16 03:18:08 INFO SparkContext: Added file file:///root/.ivy2/jars/io.delta_delta-storage-2.4.0.jar at spark://3ad9a82189be:40829/files/io.delta_delta-storage-2.4.0.jar with timestamp 1765855087222
[2025-12-16T03:18:08.119+0000] {subprocess.py:106} INFO - 25/12/16 03:18:08 INFO Utils: Copying /root/.ivy2/jars/io.delta_delta-storage-2.4.0.jar to /tmp/spark-8c31e578-c2e1-4605-a7ad-3ebda6cbc4b0/userFiles-13184caf-1acc-4e34-91f5-a57d6dd12759/io.delta_delta-storage-2.4.0.jar
[2025-12-16T03:18:08.124+0000] {subprocess.py:106} INFO - 25/12/16 03:18:08 INFO SparkContext: Added file file:///root/.ivy2/jars/org.antlr_antlr4-runtime-4.9.3.jar at spark://3ad9a82189be:40829/files/org.antlr_antlr4-runtime-4.9.3.jar with timestamp 1765855087222
[2025-12-16T03:18:08.125+0000] {subprocess.py:106} INFO - 25/12/16 03:18:08 INFO Utils: Copying /root/.ivy2/jars/org.antlr_antlr4-runtime-4.9.3.jar to /tmp/spark-8c31e578-c2e1-4605-a7ad-3ebda6cbc4b0/userFiles-13184caf-1acc-4e34-91f5-a57d6dd12759/org.antlr_antlr4-runtime-4.9.3.jar
[2025-12-16T03:18:08.130+0000] {subprocess.py:106} INFO - 25/12/16 03:18:08 INFO SparkContext: Added file file:///root/.ivy2/jars/com.amazonaws_aws-java-sdk-bundle-1.12.262.jar at spark://3ad9a82189be:40829/files/com.amazonaws_aws-java-sdk-bundle-1.12.262.jar with timestamp 1765855087222
[2025-12-16T03:18:08.131+0000] {subprocess.py:106} INFO - 25/12/16 03:18:08 INFO Utils: Copying /root/.ivy2/jars/com.amazonaws_aws-java-sdk-bundle-1.12.262.jar to /tmp/spark-8c31e578-c2e1-4605-a7ad-3ebda6cbc4b0/userFiles-13184caf-1acc-4e34-91f5-a57d6dd12759/com.amazonaws_aws-java-sdk-bundle-1.12.262.jar
[2025-12-16T03:18:08.696+0000] {subprocess.py:106} INFO - 25/12/16 03:18:08 INFO SparkContext: Added file file:///root/.ivy2/jars/org.wildfly.openssl_wildfly-openssl-1.0.7.Final.jar at spark://3ad9a82189be:40829/files/org.wildfly.openssl_wildfly-openssl-1.0.7.Final.jar with timestamp 1765855087222
[2025-12-16T03:18:08.697+0000] {subprocess.py:106} INFO - 25/12/16 03:18:08 INFO Utils: Copying /root/.ivy2/jars/org.wildfly.openssl_wildfly-openssl-1.0.7.Final.jar to /tmp/spark-8c31e578-c2e1-4605-a7ad-3ebda6cbc4b0/userFiles-13184caf-1acc-4e34-91f5-a57d6dd12759/org.wildfly.openssl_wildfly-openssl-1.0.7.Final.jar
[2025-12-16T03:18:08.817+0000] {subprocess.py:106} INFO - 25/12/16 03:18:08 INFO StandaloneAppClient$ClientEndpoint: Connecting to master spark://spark-master:7077...
[2025-12-16T03:18:08.885+0000] {subprocess.py:106} INFO - 25/12/16 03:18:08 INFO TransportClientFactory: Successfully created connection to spark-master/172.18.0.5:7077 after 40 ms (0 ms spent in bootstraps)
[2025-12-16T03:18:08.997+0000] {subprocess.py:106} INFO - 25/12/16 03:18:08 INFO StandaloneSchedulerBackend: Connected to Spark cluster with app ID app-20251216031808-0002
[2025-12-16T03:18:09.006+0000] {subprocess.py:106} INFO - 25/12/16 03:18:09 INFO Utils: Successfully started service 'org.apache.spark.network.netty.NettyBlockTransferService' on port 37965.
[2025-12-16T03:18:09.007+0000] {subprocess.py:106} INFO - 25/12/16 03:18:09 INFO NettyBlockTransferService: Server created on 3ad9a82189be:37965
[2025-12-16T03:18:09.008+0000] {subprocess.py:106} INFO - 25/12/16 03:18:09 INFO BlockManager: Using org.apache.spark.storage.RandomBlockReplicationPolicy for block replication policy
[2025-12-16T03:18:09.024+0000] {subprocess.py:106} INFO - 25/12/16 03:18:09 INFO BlockManagerMaster: Registering BlockManager BlockManagerId(driver, 3ad9a82189be, 37965, None)
[2025-12-16T03:18:09.028+0000] {subprocess.py:106} INFO - 25/12/16 03:18:09 INFO BlockManagerMasterEndpoint: Registering block manager 3ad9a82189be:37965 with 434.4 MiB RAM, BlockManagerId(driver, 3ad9a82189be, 37965, None)
[2025-12-16T03:18:09.031+0000] {subprocess.py:106} INFO - 25/12/16 03:18:09 INFO BlockManagerMaster: Registered BlockManager BlockManagerId(driver, 3ad9a82189be, 37965, None)
[2025-12-16T03:18:09.033+0000] {subprocess.py:106} INFO - 25/12/16 03:18:09 INFO BlockManager: Initialized BlockManager: BlockManagerId(driver, 3ad9a82189be, 37965, None)
[2025-12-16T03:18:09.229+0000] {subprocess.py:106} INFO - 25/12/16 03:18:09 INFO StandaloneSchedulerBackend: SchedulerBackend is ready for scheduling beginning after reached minRegisteredResourcesRatio: 0.0
[2025-12-16T03:18:09.541+0000] {subprocess.py:106} INFO - Processing Dim Products...
[2025-12-16T03:18:09.547+0000] {subprocess.py:106} INFO - 25/12/16 03:18:09 INFO SharedState: Setting hive.metastore.warehouse.dir ('null') to the value of spark.sql.warehouse.dir.
[2025-12-16T03:18:09.549+0000] {subprocess.py:106} INFO - 25/12/16 03:18:09 INFO SharedState: Warehouse path is 'file:/opt/spark/work-dir/spark-warehouse'.
[2025-12-16T03:18:10.743+0000] {subprocess.py:106} INFO - 25/12/16 03:18:10 WARN MetricsConfig: Cannot locate configuration: tried hadoop-metrics2-s3a-file-system.properties,hadoop-metrics2.properties
[2025-12-16T03:18:10.778+0000] {subprocess.py:106} INFO - 25/12/16 03:18:10 INFO MetricsSystemImpl: Scheduled Metric snapshot period at 10 second(s).
[2025-12-16T03:18:10.779+0000] {subprocess.py:106} INFO - 25/12/16 03:18:10 INFO MetricsSystemImpl: s3a-file-system metrics system started
[2025-12-16T03:18:12.289+0000] {subprocess.py:106} INFO - 25/12/16 03:18:12 INFO DelegatingLogStore: LogStore `LogStoreAdapter(io.delta.storage.S3SingleDriverLogStore)` is used for scheme `s3a`
[2025-12-16T03:18:12.385+0000] {subprocess.py:106} INFO - 25/12/16 03:18:12 INFO DeltaLog: Loading version 0.
[2025-12-16T03:18:14.315+0000] {subprocess.py:106} INFO - 25/12/16 03:18:14 INFO DeltaLogFileIndex: Created DeltaLogFileIndex(JSON, numFilesInSegment: 1, totalFileSize: 2048)
[2025-12-16T03:18:15.425+0000] {subprocess.py:106} INFO - 25/12/16 03:18:15 INFO FileSourceStrategy: Pushed Filters:
[2025-12-16T03:18:15.425+0000] {subprocess.py:106} INFO - 25/12/16 03:18:15 INFO FileSourceStrategy: Post-Scan Filters:
[2025-12-16T03:18:16.002+0000] {subprocess.py:106} INFO - 25/12/16 03:18:16 INFO CodeGenerator: Code generated in 271.952444 ms
[2025-12-16T03:18:16.123+0000] {subprocess.py:106} INFO - 25/12/16 03:18:16 INFO MemoryStore: Block broadcast_0 stored as values in memory (estimated size 212.7 KiB, free 434.2 MiB)
[2025-12-16T03:18:16.204+0000] {subprocess.py:106} INFO - 25/12/16 03:18:16 INFO MemoryStore: Block broadcast_0_piece0 stored as bytes in memory (estimated size 36.3 KiB, free 434.2 MiB)
[2025-12-16T03:18:16.209+0000] {subprocess.py:106} INFO - 25/12/16 03:18:16 INFO BlockManagerInfo: Added broadcast_0_piece0 in memory on 3ad9a82189be:37965 (size: 36.3 KiB, free: 434.4 MiB)
[2025-12-16T03:18:16.216+0000] {subprocess.py:106} INFO - 25/12/16 03:18:16 INFO SparkContext: Created broadcast 0 from toString at <unknown>:0
[2025-12-16T03:18:16.246+0000] {subprocess.py:106} INFO - 25/12/16 03:18:16 INFO FileSourceScanExec: Planning scan with bin packing, max size: 4194304 bytes, open cost is considered as scanning 4194304 bytes.
[2025-12-16T03:18:16.411+0000] {subprocess.py:106} INFO - 25/12/16 03:18:16 INFO SparkContext: Starting job: toString at <unknown>:0
[2025-12-16T03:18:16.427+0000] {subprocess.py:106} INFO - 25/12/16 03:18:16 INFO DAGScheduler: Got job 0 (toString at <unknown>:0) with 1 output partitions
[2025-12-16T03:18:16.428+0000] {subprocess.py:106} INFO - 25/12/16 03:18:16 INFO DAGScheduler: Final stage: ResultStage 0 (toString at <unknown>:0)
[2025-12-16T03:18:16.429+0000] {subprocess.py:106} INFO - 25/12/16 03:18:16 INFO DAGScheduler: Parents of final stage: List()
[2025-12-16T03:18:16.429+0000] {subprocess.py:106} INFO - 25/12/16 03:18:16 INFO DAGScheduler: Missing parents: List()
[2025-12-16T03:18:16.435+0000] {subprocess.py:106} INFO - 25/12/16 03:18:16 INFO DAGScheduler: Submitting ResultStage 0 (MapPartitionsRDD[3] at toString at <unknown>:0), which has no missing parents
[2025-12-16T03:18:16.462+0000] {subprocess.py:106} INFO - 25/12/16 03:18:16 INFO MemoryStore: Block broadcast_1 stored as values in memory (estimated size 50.4 KiB, free 434.1 MiB)
[2025-12-16T03:18:16.474+0000] {subprocess.py:106} INFO - 25/12/16 03:18:16 INFO MemoryStore: Block broadcast_1_piece0 stored as bytes in memory (estimated size 15.5 KiB, free 434.1 MiB)
[2025-12-16T03:18:16.475+0000] {subprocess.py:106} INFO - 25/12/16 03:18:16 INFO BlockManagerInfo: Added broadcast_1_piece0 in memory on 3ad9a82189be:37965 (size: 15.5 KiB, free: 434.3 MiB)
[2025-12-16T03:18:16.476+0000] {subprocess.py:106} INFO - 25/12/16 03:18:16 INFO SparkContext: Created broadcast 1 from broadcast at DAGScheduler.scala:1535
[2025-12-16T03:18:16.499+0000] {subprocess.py:106} INFO - 25/12/16 03:18:16 INFO DAGScheduler: Submitting 1 missing tasks from ResultStage 0 (MapPartitionsRDD[3] at toString at <unknown>:0) (first 15 tasks are for partitions Vector(0))
[2025-12-16T03:18:16.500+0000] {subprocess.py:106} INFO - 25/12/16 03:18:16 INFO TaskSchedulerImpl: Adding task set 0.0 with 1 tasks resource profile 0
[2025-12-16T03:18:31.536+0000] {subprocess.py:106} INFO - 25/12/16 03:18:31 WARN TaskSchedulerImpl: Initial job has not accepted any resources; check your cluster UI to ensure that workers are registered and have sufficient resources
[2025-12-16T03:18:46.536+0000] {subprocess.py:106} INFO - 25/12/16 03:18:46 WARN TaskSchedulerImpl: Initial job has not accepted any resources; check your cluster UI to ensure that workers are registered and have sufficient resources
[2025-12-16T03:19:01.537+0000] {subprocess.py:106} INFO - 25/12/16 03:19:01 WARN TaskSchedulerImpl: Initial job has not accepted any resources; check your cluster UI to ensure that workers are registered and have sufficient resources
[2025-12-16T03:19:16.540+0000] {subprocess.py:106} INFO - 25/12/16 03:19:16 WARN TaskSchedulerImpl: Initial job has not accepted any resources; check your cluster UI to ensure that workers are registered and have sufficient resources
[2025-12-16T03:19:31.537+0000] {subprocess.py:106} INFO - 25/12/16 03:19:31 WARN TaskSchedulerImpl: Initial job has not accepted any resources; check your cluster UI to ensure that workers are registered and have sufficient resources
[2025-12-16T03:19:46.535+0000] {subprocess.py:106} INFO - 25/12/16 03:19:46 WARN TaskSchedulerImpl: Initial job has not accepted any resources; check your cluster UI to ensure that workers are registered and have sufficient resources
[2025-12-16T03:20:01.536+0000] {subprocess.py:106} INFO - 25/12/16 03:20:01 WARN TaskSchedulerImpl: Initial job has not accepted any resources; check your cluster UI to ensure that workers are registered and have sufficient resources
[2025-12-16T03:20:16.540+0000] {subprocess.py:106} INFO - 25/12/16 03:20:16 WARN TaskSchedulerImpl: Initial job has not accepted any resources; check your cluster UI to ensure that workers are registered and have sufficient resources
[2025-12-16T03:20:31.536+0000] {subprocess.py:106} INFO - 25/12/16 03:20:31 WARN TaskSchedulerImpl: Initial job has not accepted any resources; check your cluster UI to ensure that workers are registered and have sufficient resources
[2025-12-16T03:20:46.539+0000] {subprocess.py:106} INFO - 25/12/16 03:20:46 WARN TaskSchedulerImpl: Initial job has not accepted any resources; check your cluster UI to ensure that workers are registered and have sufficient resources
[2025-12-16T03:21:01.537+0000] {subprocess.py:106} INFO - 25/12/16 03:21:01 WARN TaskSchedulerImpl: Initial job has not accepted any resources; check your cluster UI to ensure that workers are registered and have sufficient resources
[2025-12-16T03:21:16.536+0000] {subprocess.py:106} INFO - 25/12/16 03:21:16 WARN TaskSchedulerImpl: Initial job has not accepted any resources; check your cluster UI to ensure that workers are registered and have sufficient resources
[2025-12-16T03:21:31.545+0000] {subprocess.py:106} INFO - 25/12/16 03:21:31 WARN TaskSchedulerImpl: Initial job has not accepted any resources; check your cluster UI to ensure that workers are registered and have sufficient resources
[2025-12-16T03:21:46.547+0000] {subprocess.py:106} INFO - 25/12/16 03:21:46 WARN TaskSchedulerImpl: Initial job has not accepted any resources; check your cluster UI to ensure that workers are registered and have sufficient resources
[2025-12-16T03:22:01.538+0000] {subprocess.py:106} INFO - 25/12/16 03:22:01 WARN TaskSchedulerImpl: Initial job has not accepted any resources; check your cluster UI to ensure that workers are registered and have sufficient resources
[2025-12-16T03:22:16.541+0000] {subprocess.py:106} INFO - 25/12/16 03:22:16 WARN TaskSchedulerImpl: Initial job has not accepted any resources; check your cluster UI to ensure that workers are registered and have sufficient resources
[2025-12-16T03:22:31.545+0000] {subprocess.py:106} INFO - 25/12/16 03:22:31 WARN TaskSchedulerImpl: Initial job has not accepted any resources; check your cluster UI to ensure that workers are registered and have sufficient resources
[2025-12-16T03:22:46.538+0000] {subprocess.py:106} INFO - 25/12/16 03:22:46 WARN TaskSchedulerImpl: Initial job has not accepted any resources; check your cluster UI to ensure that workers are registered and have sufficient resources
[2025-12-16T03:23:01.543+0000] {subprocess.py:106} INFO - 25/12/16 03:23:01 WARN TaskSchedulerImpl: Initial job has not accepted any resources; check your cluster UI to ensure that workers are registered and have sufficient resources
[2025-12-16T03:23:16.538+0000] {subprocess.py:106} INFO - 25/12/16 03:23:16 WARN TaskSchedulerImpl: Initial job has not accepted any resources; check your cluster UI to ensure that workers are registered and have sufficient resources
[2025-12-16T03:23:31.541+0000] {subprocess.py:106} INFO - 25/12/16 03:23:31 WARN TaskSchedulerImpl: Initial job has not accepted any resources; check your cluster UI to ensure that workers are registered and have sufficient resources
[2025-12-16T03:23:46.542+0000] {subprocess.py:106} INFO - 25/12/16 03:23:46 WARN TaskSchedulerImpl: Initial job has not accepted any resources; check your cluster UI to ensure that workers are registered and have sufficient resources
[2025-12-16T03:24:01.541+0000] {subprocess.py:106} INFO - 25/12/16 03:24:01 WARN TaskSchedulerImpl: Initial job has not accepted any resources; check your cluster UI to ensure that workers are registered and have sufficient resources
[2025-12-16T03:24:16.558+0000] {subprocess.py:106} INFO - 25/12/16 03:24:16 WARN TaskSchedulerImpl: Initial job has not accepted any resources; check your cluster UI to ensure that workers are registered and have sufficient resources
[2025-12-16T03:24:31.543+0000] {subprocess.py:106} INFO - 25/12/16 03:24:31 WARN TaskSchedulerImpl: Initial job has not accepted any resources; check your cluster UI to ensure that workers are registered and have sufficient resources
[2025-12-16T03:24:46.537+0000] {subprocess.py:106} INFO - 25/12/16 03:24:46 WARN TaskSchedulerImpl: Initial job has not accepted any resources; check your cluster UI to ensure that workers are registered and have sufficient resources
[2025-12-16T03:25:01.539+0000] {subprocess.py:106} INFO - 25/12/16 03:25:01 WARN TaskSchedulerImpl: Initial job has not accepted any resources; check your cluster UI to ensure that workers are registered and have sufficient resources
[2025-12-16T03:25:16.537+0000] {subprocess.py:106} INFO - 25/12/16 03:25:16 WARN TaskSchedulerImpl: Initial job has not accepted any resources; check your cluster UI to ensure that workers are registered and have sufficient resources
[2025-12-16T03:25:31.543+0000] {subprocess.py:106} INFO - 25/12/16 03:25:31 WARN TaskSchedulerImpl: Initial job has not accepted any resources; check your cluster UI to ensure that workers are registered and have sufficient resources
[2025-12-16T03:25:46.542+0000] {subprocess.py:106} INFO - 25/12/16 03:25:46 WARN TaskSchedulerImpl: Initial job has not accepted any resources; check your cluster UI to ensure that workers are registered and have sufficient resources
[2025-12-16T03:26:01.539+0000] {subprocess.py:106} INFO - 25/12/16 03:26:01 WARN TaskSchedulerImpl: Initial job has not accepted any resources; check your cluster UI to ensure that workers are registered and have sufficient resources
[2025-12-16T03:26:16.545+0000] {subprocess.py:106} INFO - 25/12/16 03:26:16 WARN TaskSchedulerImpl: Initial job has not accepted any resources; check your cluster UI to ensure that workers are registered and have sufficient resources
[2025-12-16T03:26:31.539+0000] {subprocess.py:106} INFO - 25/12/16 03:26:31 WARN TaskSchedulerImpl: Initial job has not accepted any resources; check your cluster UI to ensure that workers are registered and have sufficient resources
[2025-12-16T03:26:46.555+0000] {subprocess.py:106} INFO - 25/12/16 03:26:46 WARN TaskSchedulerImpl: Initial job has not accepted any resources; check your cluster UI to ensure that workers are registered and have sufficient resources
[2025-12-16T03:27:01.539+0000] {subprocess.py:106} INFO - 25/12/16 03:27:01 WARN TaskSchedulerImpl: Initial job has not accepted any resources; check your cluster UI to ensure that workers are registered and have sufficient resources
[2025-12-16T03:27:16.546+0000] {subprocess.py:106} INFO - 25/12/16 03:27:16 WARN TaskSchedulerImpl: Initial job has not accepted any resources; check your cluster UI to ensure that workers are registered and have sufficient resources
[2025-12-16T03:27:31.538+0000] {subprocess.py:106} INFO - 25/12/16 03:27:31 WARN TaskSchedulerImpl: Initial job has not accepted any resources; check your cluster UI to ensure that workers are registered and have sufficient resources
[2025-12-16T03:27:46.543+0000] {subprocess.py:106} INFO - 25/12/16 03:27:46 WARN TaskSchedulerImpl: Initial job has not accepted any resources; check your cluster UI to ensure that workers are registered and have sufficient resources
[2025-12-16T03:28:01.543+0000] {subprocess.py:106} INFO - 25/12/16 03:28:01 WARN TaskSchedulerImpl: Initial job has not accepted any resources; check your cluster UI to ensure that workers are registered and have sufficient resources
[2025-12-16T03:28:16.572+0000] {subprocess.py:106} INFO - 25/12/16 03:28:16 WARN TaskSchedulerImpl: Initial job has not accepted any resources; check your cluster UI to ensure that workers are registered and have sufficient resources
[2025-12-16T03:28:31.540+0000] {subprocess.py:106} INFO - 25/12/16 03:28:31 WARN TaskSchedulerImpl: Initial job has not accepted any resources; check your cluster UI to ensure that workers are registered and have sufficient resources
[2025-12-16T03:28:46.537+0000] {subprocess.py:106} INFO - 25/12/16 03:28:46 WARN TaskSchedulerImpl: Initial job has not accepted any resources; check your cluster UI to ensure that workers are registered and have sufficient resources
[2025-12-16T03:29:01.556+0000] {subprocess.py:106} INFO - 25/12/16 03:29:01 WARN TaskSchedulerImpl: Initial job has not accepted any resources; check your cluster UI to ensure that workers are registered and have sufficient resources
[2025-12-16T03:29:14.045+0000] {subprocess.py:106} INFO - 25/12/16 03:29:14 INFO StandaloneAppClient$ClientEndpoint: Executor added: app-20251216031808-0002/0 on worker-20251216030335-172.18.0.7-41979 (172.18.0.7:41979) with 16 core(s)
[2025-12-16T03:29:14.049+0000] {subprocess.py:106} INFO - 25/12/16 03:29:14 INFO StandaloneSchedulerBackend: Granted executor ID app-20251216031808-0002/0 on hostPort 172.18.0.7:41979 with 16 core(s), 1024.0 MiB RAM
[2025-12-16T03:29:14.630+0000] {subprocess.py:106} INFO - 25/12/16 03:29:14 INFO StandaloneAppClient$ClientEndpoint: Executor updated: app-20251216031808-0002/0 is now RUNNING
[2025-12-16T03:29:16.535+0000] {subprocess.py:106} INFO - 25/12/16 03:29:16 WARN TaskSchedulerImpl: Initial job has not accepted any resources; check your cluster UI to ensure that workers are registered and have sufficient resources
[2025-12-16T03:29:19.462+0000] {subprocess.py:106} INFO - 25/12/16 03:29:19 INFO StandaloneSchedulerBackend$StandaloneDriverEndpoint: Registered executor NettyRpcEndpointRef(spark-client://Executor) (172.18.0.7:60316) with ID 0,  ResourceProfileId 0
[2025-12-16T03:29:19.587+0000] {subprocess.py:106} INFO - 25/12/16 03:29:19 INFO BlockManagerMasterEndpoint: Registering block manager 172.18.0.7:41729 with 434.4 MiB RAM, BlockManagerId(0, 172.18.0.7, 41729, None)
[2025-12-16T03:29:24.873+0000] {subprocess.py:106} INFO - 25/12/16 03:29:24 INFO TaskSetManager: Starting task 0.0 in stage 0.0 (TID 0) (172.18.0.7, executor 0, partition 0, PROCESS_LOCAL, 7942 bytes)
[2025-12-16T03:29:25.207+0000] {subprocess.py:106} INFO - 25/12/16 03:29:25 INFO BlockManagerInfo: Added broadcast_1_piece0 in memory on 172.18.0.7:41729 (size: 15.5 KiB, free: 434.4 MiB)
[2025-12-16T03:29:27.103+0000] {subprocess.py:106} INFO - 25/12/16 03:29:27 INFO BlockManagerInfo: Added broadcast_0_piece0 in memory on 172.18.0.7:41729 (size: 36.3 KiB, free: 434.3 MiB)
[2025-12-16T03:29:29.527+0000] {subprocess.py:106} INFO - 25/12/16 03:29:29 INFO TaskSetManager: Finished task 0.0 in stage 0.0 (TID 0) in 4671 ms on 172.18.0.7 (executor 0) (1/1)
[2025-12-16T03:29:29.532+0000] {subprocess.py:106} INFO - 25/12/16 03:29:29 INFO TaskSchedulerImpl: Removed TaskSet 0.0, whose tasks have all completed, from pool
[2025-12-16T03:29:29.542+0000] {subprocess.py:106} INFO - 25/12/16 03:29:29 INFO DAGScheduler: ResultStage 0 (toString at <unknown>:0) finished in 673.088 s
[2025-12-16T03:29:29.548+0000] {subprocess.py:106} INFO - 25/12/16 03:29:29 INFO DAGScheduler: Job 0 is finished. Cancelling potential speculative or zombie tasks for this job
[2025-12-16T03:29:29.549+0000] {subprocess.py:106} INFO - 25/12/16 03:29:29 INFO TaskSchedulerImpl: Killing all running tasks in stage 0: Stage finished
[2025-12-16T03:29:29.554+0000] {subprocess.py:106} INFO - 25/12/16 03:29:29 INFO DAGScheduler: Job 0 finished: toString at <unknown>:0, took 673.355319 s
[2025-12-16T03:29:29.724+0000] {subprocess.py:106} INFO - 25/12/16 03:29:29 INFO CodeGenerator: Code generated in 102.594362 ms
[2025-12-16T03:29:29.741+0000] {subprocess.py:106} INFO - 25/12/16 03:29:29 INFO Snapshot: [tableId=0809ed81-a561-463e-b127-aeb890d464d7] Created snapshot Snapshot(path=s3a://silver/products/_delta_log, version=0, metadata=Metadata(ea7f9373-3abb-435f-88d8-2fe489252926,null,null,Format(parquet,Map()),{"type":"struct","fields":[{"name":"product_id","type":"string","nullable":true,"metadata":{}},{"name":"product_name","type":"string","nullable":true,"metadata":{}},{"name":"brand","type":"string","nullable":true,"metadata":{}},{"name":"sale_price","type":"decimal(18,2)","nullable":true,"metadata":{}},{"name":"cost_price","type":"decimal(18,2)","nullable":true,"metadata":{}},{"name":"unit_of_measure","type":"string","nullable":true,"metadata":{}},{"name":"etl_loaded_at","type":"timestamp","nullable":true,"metadata":{}}]},List(),Map(),Some(1765854984687)), logSegment=LogSegment(s3a://silver/products/_delta_log,0,WrappedArray(S3AFileStatus{path=s3a://silver/products/_delta_log/00000000000000000000.json; isDirectory=false; length=2048; replication=1; blocksize=33554432; modification_time=1765854986635; access_time=0; owner=root; group=root; permission=rw-rw-rw-; isSymlink=false; hasAcl=false; isEncrypted=true; isErasureCoded=false} isEmptyDirectory=FALSE eTag=3173ce61b93b6436ec4e1907266e713d versionId=null),None,1765854986635), checksumOpt=None)
[2025-12-16T03:29:29.856+0000] {subprocess.py:106} INFO - 25/12/16 03:29:29 INFO BlockManagerInfo: Removed broadcast_1_piece0 on 3ad9a82189be:37965 in memory (size: 15.5 KiB, free: 434.4 MiB)
[2025-12-16T03:29:29.864+0000] {subprocess.py:106} INFO - 25/12/16 03:29:29 INFO BlockManagerInfo: Removed broadcast_1_piece0 on 172.18.0.7:41729 in memory (size: 15.5 KiB, free: 434.4 MiB)
[2025-12-16T03:29:30.338+0000] {subprocess.py:106} INFO - 25/12/16 03:29:30 INFO DelegatingLogStore: LogStore `LogStoreAdapter(io.delta.storage.S3SingleDriverLogStore)` is used for scheme `s3a`
[2025-12-16T03:29:30.368+0000] {subprocess.py:106} INFO - 25/12/16 03:29:30 INFO DeltaLog: Creating initial snapshot without metadata, because the directory is empty
[2025-12-16T03:29:30.376+0000] {subprocess.py:106} INFO - 25/12/16 03:29:30 INFO InitialSnapshot: [tableId=df25e5a3-098b-42db-855a-b3e7ba54dade] Created snapshot InitialSnapshot(path=s3a://gold/dim_products/_delta_log, version=-1, metadata=Metadata(07fb8204-89db-42b1-acc8-0fc7aab1c166,null,null,Format(parquet,Map()),null,List(),Map(),Some(1765855770371)), logSegment=LogSegment(s3a://gold/dim_products/_delta_log,-1,List(),None,-1), checksumOpt=None)
[2025-12-16T03:29:30.471+0000] {subprocess.py:106} INFO - 25/12/16 03:29:30 INFO DeltaLog: No delta log found for the Delta table at s3a://gold/dim_products/_delta_log
[2025-12-16T03:29:30.473+0000] {subprocess.py:106} INFO - 25/12/16 03:29:30 INFO InitialSnapshot: [tableId=07fb8204-89db-42b1-acc8-0fc7aab1c166] Created snapshot InitialSnapshot(path=s3a://gold/dim_products/_delta_log, version=-1, metadata=Metadata(4ab65392-6181-4790-8240-37730b3c550a,null,null,Format(parquet,Map()),null,List(),Map(),Some(1765855770470)), logSegment=LogSegment(s3a://gold/dim_products/_delta_log,-1,List(),None,-1), checksumOpt=None)
[2025-12-16T03:29:30.541+0000] {subprocess.py:106} INFO - 25/12/16 03:29:30 INFO OptimisticTransaction: [tableId=4ab65392,txnId=ceea0a2b] Updated metadata from - to Metadata(0e262853-9824-48c4-a6ca-dea8afceb846,null,null,Format(parquet,Map()),{"type":"struct","fields":[{"name":"product_key","type":"string","nullable":true,"metadata":{}},{"name":"product_id","type":"string","nullable":true,"metadata":{}},{"name":"product_name","type":"string","nullable":true,"metadata":{}},{"name":"brand","type":"string","nullable":true,"metadata":{}},{"name":"unit_of_measure","type":"string","nullable":true,"metadata":{}},{"name":"current_list_price","type":"decimal(18,2)","nullable":true,"metadata":{}},{"name":"current_cost_price","type":"decimal(18,2)","nullable":true,"metadata":{}},{"name":"last_updated","type":"timestamp","nullable":true,"metadata":{}}]},List(),Map(),Some(1765855770519))
[2025-12-16T03:29:30.824+0000] {subprocess.py:106} INFO - 25/12/16 03:29:30 INFO BlockManagerInfo: Removed broadcast_0_piece0 on 3ad9a82189be:37965 in memory (size: 36.3 KiB, free: 434.4 MiB)
[2025-12-16T03:29:30.837+0000] {subprocess.py:106} INFO - 25/12/16 03:29:30 INFO BlockManagerInfo: Removed broadcast_0_piece0 on 172.18.0.7:41729 in memory (size: 36.3 KiB, free: 434.4 MiB)
[2025-12-16T03:29:31.262+0000] {subprocess.py:106} INFO - 25/12/16 03:29:31 INFO DeltaLog: Loading version 1.
[2025-12-16T03:29:31.271+0000] {subprocess.py:106} INFO - 25/12/16 03:29:31 INFO DeltaLogFileIndex: Created DeltaLogFileIndex(JSON, numFilesInSegment: 2, totalFileSize: 3452)
[2025-12-16T03:29:31.402+0000] {subprocess.py:106} INFO - 25/12/16 03:29:31 INFO FileSourceStrategy: Pushed Filters:
[2025-12-16T03:29:31.403+0000] {subprocess.py:106} INFO - 25/12/16 03:29:31 INFO FileSourceStrategy: Post-Scan Filters:
[2025-12-16T03:29:31.450+0000] {subprocess.py:106} INFO - 25/12/16 03:29:31 INFO MemoryStore: Block broadcast_2 stored as values in memory (estimated size 212.7 KiB, free 434.2 MiB)
[2025-12-16T03:29:31.485+0000] {subprocess.py:106} INFO - 25/12/16 03:29:31 INFO MemoryStore: Block broadcast_2_piece0 stored as bytes in memory (estimated size 36.3 KiB, free 434.2 MiB)
[2025-12-16T03:29:31.488+0000] {subprocess.py:106} INFO - 25/12/16 03:29:31 INFO BlockManagerInfo: Added broadcast_2_piece0 in memory on 3ad9a82189be:37965 (size: 36.3 KiB, free: 434.4 MiB)
[2025-12-16T03:29:31.491+0000] {subprocess.py:106} INFO - 25/12/16 03:29:31 INFO SparkContext: Created broadcast 2 from toString at <unknown>:0
[2025-12-16T03:29:31.493+0000] {subprocess.py:106} INFO - 25/12/16 03:29:31 INFO FileSourceScanExec: Planning scan with bin packing, max size: 4194304 bytes, open cost is considered as scanning 4194304 bytes.
[2025-12-16T03:29:31.539+0000] {subprocess.py:106} INFO - 25/12/16 03:29:31 INFO SparkContext: Starting job: toString at <unknown>:0
[2025-12-16T03:29:31.542+0000] {subprocess.py:106} INFO - 25/12/16 03:29:31 INFO DAGScheduler: Got job 1 (toString at <unknown>:0) with 2 output partitions
[2025-12-16T03:29:31.543+0000] {subprocess.py:106} INFO - 25/12/16 03:29:31 INFO DAGScheduler: Final stage: ResultStage 1 (toString at <unknown>:0)
[2025-12-16T03:29:31.545+0000] {subprocess.py:106} INFO - 25/12/16 03:29:31 INFO DAGScheduler: Parents of final stage: List()
[2025-12-16T03:29:31.546+0000] {subprocess.py:106} INFO - 25/12/16 03:29:31 INFO DAGScheduler: Missing parents: List()
[2025-12-16T03:29:31.547+0000] {subprocess.py:106} INFO - 25/12/16 03:29:31 INFO DAGScheduler: Submitting ResultStage 1 (MapPartitionsRDD[7] at toString at <unknown>:0), which has no missing parents
[2025-12-16T03:29:31.554+0000] {subprocess.py:106} INFO - 25/12/16 03:29:31 INFO MemoryStore: Block broadcast_3 stored as values in memory (estimated size 50.4 KiB, free 434.1 MiB)
[2025-12-16T03:29:31.570+0000] {subprocess.py:106} INFO - 25/12/16 03:29:31 INFO MemoryStore: Block broadcast_3_piece0 stored as bytes in memory (estimated size 15.6 KiB, free 434.1 MiB)
[2025-12-16T03:29:31.571+0000] {subprocess.py:106} INFO - 25/12/16 03:29:31 INFO BlockManagerInfo: Added broadcast_3_piece0 in memory on 3ad9a82189be:37965 (size: 15.6 KiB, free: 434.3 MiB)
[2025-12-16T03:29:31.573+0000] {subprocess.py:106} INFO - 25/12/16 03:29:31 INFO SparkContext: Created broadcast 3 from broadcast at DAGScheduler.scala:1535
[2025-12-16T03:29:31.574+0000] {subprocess.py:106} INFO - 25/12/16 03:29:31 INFO DAGScheduler: Submitting 2 missing tasks from ResultStage 1 (MapPartitionsRDD[7] at toString at <unknown>:0) (first 15 tasks are for partitions Vector(0, 1))
[2025-12-16T03:29:31.575+0000] {subprocess.py:106} INFO - 25/12/16 03:29:31 INFO TaskSchedulerImpl: Adding task set 1.0 with 2 tasks resource profile 0
[2025-12-16T03:29:31.577+0000] {subprocess.py:106} INFO - 25/12/16 03:29:31 INFO TaskSetManager: Starting task 0.0 in stage 1.0 (TID 1) (172.18.0.7, executor 0, partition 0, PROCESS_LOCAL, 7942 bytes)
[2025-12-16T03:29:31.579+0000] {subprocess.py:106} INFO - 25/12/16 03:29:31 INFO TaskSetManager: Starting task 1.0 in stage 1.0 (TID 2) (172.18.0.7, executor 0, partition 1, PROCESS_LOCAL, 7942 bytes)
[2025-12-16T03:29:31.707+0000] {subprocess.py:106} INFO - 25/12/16 03:29:31 INFO BlockManagerInfo: Added broadcast_3_piece0 in memory on 172.18.0.7:41729 (size: 15.6 KiB, free: 434.4 MiB)
[2025-12-16T03:29:31.765+0000] {subprocess.py:106} INFO - 25/12/16 03:29:31 INFO BlockManagerInfo: Added broadcast_2_piece0 in memory on 172.18.0.7:41729 (size: 36.3 KiB, free: 434.3 MiB)
[2025-12-16T03:29:31.874+0000] {subprocess.py:106} INFO - 25/12/16 03:29:31 INFO TaskSetManager: Finished task 0.0 in stage 1.0 (TID 1) in 296 ms on 172.18.0.7 (executor 0) (1/2)
[2025-12-16T03:29:31.875+0000] {subprocess.py:106} INFO - 25/12/16 03:29:31 INFO TaskSetManager: Finished task 1.0 in stage 1.0 (TID 2) in 296 ms on 172.18.0.7 (executor 0) (2/2)
[2025-12-16T03:29:31.876+0000] {subprocess.py:106} INFO - 25/12/16 03:29:31 INFO TaskSchedulerImpl: Removed TaskSet 1.0, whose tasks have all completed, from pool
[2025-12-16T03:29:31.877+0000] {subprocess.py:106} INFO - 25/12/16 03:29:31 INFO DAGScheduler: ResultStage 1 (toString at <unknown>:0) finished in 0.325 s
[2025-12-16T03:29:31.878+0000] {subprocess.py:106} INFO - 25/12/16 03:29:31 INFO DAGScheduler: Job 1 is finished. Cancelling potential speculative or zombie tasks for this job
[2025-12-16T03:29:31.879+0000] {subprocess.py:106} INFO - 25/12/16 03:29:31 INFO TaskSchedulerImpl: Killing all running tasks in stage 1: Stage finished
[2025-12-16T03:29:31.883+0000] {subprocess.py:106} INFO - 25/12/16 03:29:31 INFO DAGScheduler: Job 1 finished: toString at <unknown>:0, took 0.342840 s
[2025-12-16T03:29:31.909+0000] {subprocess.py:106} INFO - 25/12/16 03:29:31 INFO Snapshot: [tableId=ea7f9373-3abb-435f-88d8-2fe489252926] Created snapshot Snapshot(path=s3a://silver/products/_delta_log, version=1, metadata=Metadata(ea7f9373-3abb-435f-88d8-2fe489252926,null,null,Format(parquet,Map()),{"type":"struct","fields":[{"name":"product_id","type":"string","nullable":true,"metadata":{}},{"name":"product_name","type":"string","nullable":true,"metadata":{}},{"name":"brand","type":"string","nullable":true,"metadata":{}},{"name":"sale_price","type":"decimal(18,2)","nullable":true,"metadata":{}},{"name":"cost_price","type":"decimal(18,2)","nullable":true,"metadata":{}},{"name":"unit_of_measure","type":"string","nullable":true,"metadata":{}},{"name":"etl_loaded_at","type":"timestamp","nullable":true,"metadata":{}}]},List(),Map(),Some(1765854984687)), logSegment=LogSegment(s3a://silver/products/_delta_log,1,WrappedArray(S3AFileStatus{path=s3a://silver/products/_delta_log/00000000000000000000.json; isDirectory=false; length=2048; replication=1; blocksize=33554432; modification_time=1765854986635; access_time=0; owner=root; group=root; permission=rw-rw-rw-; isSymlink=false; hasAcl=false; isEncrypted=true; isErasureCoded=false} isEmptyDirectory=FALSE eTag=3173ce61b93b6436ec4e1907266e713d versionId=null, S3AFileStatus{path=s3a://silver/products/_delta_log/00000000000000000001.json; isDirectory=false; length=1404; replication=1; blocksize=33554432; modification_time=1765855747665; access_time=0; owner=root; group=root; permission=rw-rw-rw-; isSymlink=false; hasAcl=false; isEncrypted=true; isErasureCoded=false} isEmptyDirectory=FALSE eTag=c73becf99cbf17f621c39aea3d517b77 versionId=null),None,1765855747665), checksumOpt=None)
[2025-12-16T03:29:31.913+0000] {subprocess.py:106} INFO - 25/12/16 03:29:31 INFO DeltaLog: Updated snapshot to Snapshot(path=s3a://silver/products/_delta_log, version=1, metadata=Metadata(ea7f9373-3abb-435f-88d8-2fe489252926,null,null,Format(parquet,Map()),{"type":"struct","fields":[{"name":"product_id","type":"string","nullable":true,"metadata":{}},{"name":"product_name","type":"string","nullable":true,"metadata":{}},{"name":"brand","type":"string","nullable":true,"metadata":{}},{"name":"sale_price","type":"decimal(18,2)","nullable":true,"metadata":{}},{"name":"cost_price","type":"decimal(18,2)","nullable":true,"metadata":{}},{"name":"unit_of_measure","type":"string","nullable":true,"metadata":{}},{"name":"etl_loaded_at","type":"timestamp","nullable":true,"metadata":{}}]},List(),Map(),Some(1765854984687)), logSegment=LogSegment(s3a://silver/products/_delta_log,1,WrappedArray(S3AFileStatus{path=s3a://silver/products/_delta_log/00000000000000000000.json; isDirectory=false; length=2048; replication=1; blocksize=33554432; modification_time=1765854986635; access_time=0; owner=root; group=root; permission=rw-rw-rw-; isSymlink=false; hasAcl=false; isEncrypted=true; isErasureCoded=false} isEmptyDirectory=FALSE eTag=3173ce61b93b6436ec4e1907266e713d versionId=null, S3AFileStatus{path=s3a://silver/products/_delta_log/00000000000000000001.json; isDirectory=false; length=1404; replication=1; blocksize=33554432; modification_time=1765855747665; access_time=0; owner=root; group=root; permission=rw-rw-rw-; isSymlink=false; hasAcl=false; isEncrypted=true; isErasureCoded=false} isEmptyDirectory=FALSE eTag=c73becf99cbf17f621c39aea3d517b77 versionId=null),None,1765855747665), checksumOpt=None)
[2025-12-16T03:29:31.930+0000] {subprocess.py:106} INFO - 25/12/16 03:29:31 INFO PrepareDeltaScan: DELTA: Filtering files for query
[2025-12-16T03:29:31.938+0000] {subprocess.py:106} INFO - 25/12/16 03:29:31 INFO Snapshot: [tableId=ea7f9373-3abb-435f-88d8-2fe489252926] DELTA: Compute snapshot for version: 1
[2025-12-16T03:29:31.962+0000] {subprocess.py:106} INFO - 25/12/16 03:29:31 INFO MemoryStore: Block broadcast_4 stored as values in memory (estimated size 212.2 KiB, free 433.9 MiB)
[2025-12-16T03:29:31.984+0000] {subprocess.py:106} INFO - 25/12/16 03:29:31 INFO BlockManagerInfo: Removed broadcast_3_piece0 on 3ad9a82189be:37965 in memory (size: 15.6 KiB, free: 434.4 MiB)
[2025-12-16T03:29:31.989+0000] {subprocess.py:106} INFO - 25/12/16 03:29:31 INFO BlockManagerInfo: Removed broadcast_3_piece0 on 172.18.0.7:41729 in memory (size: 15.6 KiB, free: 434.4 MiB)
[2025-12-16T03:29:31.990+0000] {subprocess.py:106} INFO - 25/12/16 03:29:31 INFO MemoryStore: Block broadcast_4_piece0 stored as bytes in memory (estimated size 36.2 KiB, free 433.9 MiB)
[2025-12-16T03:29:31.994+0000] {subprocess.py:106} INFO - 25/12/16 03:29:31 INFO BlockManagerInfo: Added broadcast_4_piece0 in memory on 3ad9a82189be:37965 (size: 36.2 KiB, free: 434.3 MiB)
[2025-12-16T03:29:31.998+0000] {subprocess.py:106} INFO - 25/12/16 03:29:31 INFO SparkContext: Created broadcast 4 from $anonfun$recordDeltaOperationInternal$1 at DatabricksLogging.scala:128
[2025-12-16T03:29:32.493+0000] {subprocess.py:106} INFO - 25/12/16 03:29:32 INFO BlockManagerInfo: Removed broadcast_2_piece0 on 3ad9a82189be:37965 in memory (size: 36.3 KiB, free: 434.4 MiB)
[2025-12-16T03:29:32.499+0000] {subprocess.py:106} INFO - 25/12/16 03:29:32 INFO BlockManagerInfo: Removed broadcast_2_piece0 on 172.18.0.7:41729 in memory (size: 36.3 KiB, free: 434.4 MiB)
[2025-12-16T03:29:33.037+0000] {subprocess.py:106} INFO - 25/12/16 03:29:33 INFO FileSourceStrategy: Pushed Filters:
[2025-12-16T03:29:33.038+0000] {subprocess.py:106} INFO - 25/12/16 03:29:33 INFO FileSourceStrategy: Post-Scan Filters:
[2025-12-16T03:29:33.156+0000] {subprocess.py:106} INFO - 25/12/16 03:29:33 WARN package: Truncated the string representation of a plan since it was too large. This behavior can be adjusted by setting 'spark.sql.debug.maxToStringFields'.
[2025-12-16T03:29:33.530+0000] {subprocess.py:106} INFO - 25/12/16 03:29:33 INFO CodeGenerator: Code generated in 241.261476 ms
[2025-12-16T03:29:33.536+0000] {subprocess.py:106} INFO - 25/12/16 03:29:33 INFO MemoryStore: Block broadcast_5 stored as values in memory (estimated size 212.7 KiB, free 433.9 MiB)
[2025-12-16T03:29:33.567+0000] {subprocess.py:106} INFO - 25/12/16 03:29:33 INFO MemoryStore: Block broadcast_5_piece0 stored as bytes in memory (estimated size 36.3 KiB, free 433.9 MiB)
[2025-12-16T03:29:33.570+0000] {subprocess.py:106} INFO - 25/12/16 03:29:33 INFO BlockManagerInfo: Added broadcast_5_piece0 in memory on 3ad9a82189be:37965 (size: 36.3 KiB, free: 434.3 MiB)
[2025-12-16T03:29:33.573+0000] {subprocess.py:106} INFO - 25/12/16 03:29:33 INFO SparkContext: Created broadcast 5 from $anonfun$recordDeltaOperationInternal$1 at DatabricksLogging.scala:128
[2025-12-16T03:29:33.575+0000] {subprocess.py:106} INFO - 25/12/16 03:29:33 INFO FileSourceScanExec: Planning scan with bin packing, max size: 4194304 bytes, open cost is considered as scanning 4194304 bytes.
[2025-12-16T03:29:33.791+0000] {subprocess.py:106} INFO - 25/12/16 03:29:33 INFO DAGScheduler: Registering RDD 11 ($anonfun$recordDeltaOperationInternal$1 at DatabricksLogging.scala:128) as input to shuffle 0
[2025-12-16T03:29:33.799+0000] {subprocess.py:106} INFO - 25/12/16 03:29:33 INFO DAGScheduler: Got map stage job 2 ($anonfun$recordDeltaOperationInternal$1 at DatabricksLogging.scala:128) with 2 output partitions
[2025-12-16T03:29:33.800+0000] {subprocess.py:106} INFO - 25/12/16 03:29:33 INFO DAGScheduler: Final stage: ShuffleMapStage 2 ($anonfun$recordDeltaOperationInternal$1 at DatabricksLogging.scala:128)
[2025-12-16T03:29:33.802+0000] {subprocess.py:106} INFO - 25/12/16 03:29:33 INFO DAGScheduler: Parents of final stage: List()
[2025-12-16T03:29:33.803+0000] {subprocess.py:106} INFO - 25/12/16 03:29:33 INFO DAGScheduler: Missing parents: List()
[2025-12-16T03:29:33.805+0000] {subprocess.py:106} INFO - 25/12/16 03:29:33 INFO DAGScheduler: Submitting ShuffleMapStage 2 (MapPartitionsRDD[11] at $anonfun$recordDeltaOperationInternal$1 at DatabricksLogging.scala:128), which has no missing parents
[2025-12-16T03:29:33.856+0000] {subprocess.py:106} INFO - 25/12/16 03:29:33 INFO MemoryStore: Block broadcast_6 stored as values in memory (estimated size 138.3 KiB, free 433.8 MiB)
[2025-12-16T03:29:33.870+0000] {subprocess.py:106} INFO - 25/12/16 03:29:33 INFO MemoryStore: Block broadcast_6_piece0 stored as bytes in memory (estimated size 39.0 KiB, free 433.7 MiB)
[2025-12-16T03:29:33.873+0000] {subprocess.py:106} INFO - 25/12/16 03:29:33 INFO BlockManagerInfo: Added broadcast_6_piece0 in memory on 3ad9a82189be:37965 (size: 39.0 KiB, free: 434.3 MiB)
[2025-12-16T03:29:33.874+0000] {subprocess.py:106} INFO - 25/12/16 03:29:33 INFO SparkContext: Created broadcast 6 from broadcast at DAGScheduler.scala:1535
[2025-12-16T03:29:33.880+0000] {subprocess.py:106} INFO - 25/12/16 03:29:33 INFO DAGScheduler: Submitting 2 missing tasks from ShuffleMapStage 2 (MapPartitionsRDD[11] at $anonfun$recordDeltaOperationInternal$1 at DatabricksLogging.scala:128) (first 15 tasks are for partitions Vector(0, 1))
[2025-12-16T03:29:33.881+0000] {subprocess.py:106} INFO - 25/12/16 03:29:33 INFO TaskSchedulerImpl: Adding task set 2.0 with 2 tasks resource profile 0
[2025-12-16T03:29:33.883+0000] {subprocess.py:106} INFO - 25/12/16 03:29:33 INFO TaskSetManager: Starting task 0.0 in stage 2.0 (TID 3) (172.18.0.7, executor 0, partition 0, PROCESS_LOCAL, 7931 bytes)
[2025-12-16T03:29:33.884+0000] {subprocess.py:106} INFO - 25/12/16 03:29:33 INFO TaskSetManager: Starting task 1.0 in stage 2.0 (TID 4) (172.18.0.7, executor 0, partition 1, PROCESS_LOCAL, 7931 bytes)
[2025-12-16T03:29:33.931+0000] {subprocess.py:106} INFO - 25/12/16 03:29:33 INFO BlockManagerInfo: Added broadcast_6_piece0 in memory on 172.18.0.7:41729 (size: 39.0 KiB, free: 434.4 MiB)
[2025-12-16T03:29:34.985+0000] {subprocess.py:106} INFO - 25/12/16 03:29:34 INFO BlockManagerInfo: Added broadcast_5_piece0 in memory on 172.18.0.7:41729 (size: 36.3 KiB, free: 434.3 MiB)
[2025-12-16T03:29:36.907+0000] {subprocess.py:106} INFO - 25/12/16 03:29:36 INFO TaskSetManager: Finished task 0.0 in stage 2.0 (TID 3) in 3025 ms on 172.18.0.7 (executor 0) (1/2)
[2025-12-16T03:29:36.912+0000] {subprocess.py:106} INFO - 25/12/16 03:29:36 INFO TaskSetManager: Finished task 1.0 in stage 2.0 (TID 4) in 3024 ms on 172.18.0.7 (executor 0) (2/2)
[2025-12-16T03:29:36.913+0000] {subprocess.py:106} INFO - 25/12/16 03:29:36 INFO TaskSchedulerImpl: Removed TaskSet 2.0, whose tasks have all completed, from pool
[2025-12-16T03:29:36.914+0000] {subprocess.py:106} INFO - 25/12/16 03:29:36 INFO DAGScheduler: ShuffleMapStage 2 ($anonfun$recordDeltaOperationInternal$1 at DatabricksLogging.scala:128) finished in 3.103 s
[2025-12-16T03:29:36.915+0000] {subprocess.py:106} INFO - 25/12/16 03:29:36 INFO DAGScheduler: looking for newly runnable stages
[2025-12-16T03:29:36.916+0000] {subprocess.py:106} INFO - 25/12/16 03:29:36 INFO DAGScheduler: running: Set()
[2025-12-16T03:29:36.917+0000] {subprocess.py:106} INFO - 25/12/16 03:29:36 INFO DAGScheduler: waiting: Set()
[2025-12-16T03:29:36.917+0000] {subprocess.py:106} INFO - 25/12/16 03:29:36 INFO DAGScheduler: failed: Set()
[2025-12-16T03:29:37.059+0000] {subprocess.py:106} INFO - 25/12/16 03:29:37 INFO BlockManagerInfo: Removed broadcast_6_piece0 on 3ad9a82189be:37965 in memory (size: 39.0 KiB, free: 434.3 MiB)
[2025-12-16T03:29:37.064+0000] {subprocess.py:106} INFO - 25/12/16 03:29:37 INFO BlockManagerInfo: Removed broadcast_6_piece0 on 172.18.0.7:41729 in memory (size: 39.0 KiB, free: 434.4 MiB)
[2025-12-16T03:29:37.517+0000] {subprocess.py:106} INFO - 25/12/16 03:29:37 INFO CodeGenerator: Generated method too long to be JIT compiled: org.apache.spark.sql.catalyst.expressions.GeneratedClass$GeneratedIteratorForCodegenStage3.serializefromobject_doConsume_0$ is 19938 bytes
[2025-12-16T03:29:37.519+0000] {subprocess.py:106} INFO - 25/12/16 03:29:37 INFO CodeGenerator: Code generated in 379.635044 ms
[2025-12-16T03:29:37.642+0000] {subprocess.py:106} INFO - 25/12/16 03:29:37 INFO CodeGenerator: Code generated in 90.146176 ms
[2025-12-16T03:29:38.258+0000] {subprocess.py:106} INFO - 25/12/16 03:29:38 INFO CodeGenerator: Code generated in 62.968278 ms
[2025-12-16T03:29:38.275+0000] {subprocess.py:106} INFO - 25/12/16 03:29:38 INFO DAGScheduler: Registering RDD 21 ($anonfun$recordDeltaOperationInternal$1 at DatabricksLogging.scala:128) as input to shuffle 1
[2025-12-16T03:29:38.276+0000] {subprocess.py:106} INFO - 25/12/16 03:29:38 INFO DAGScheduler: Got map stage job 3 ($anonfun$recordDeltaOperationInternal$1 at DatabricksLogging.scala:128) with 50 output partitions
[2025-12-16T03:29:38.277+0000] {subprocess.py:106} INFO - 25/12/16 03:29:38 INFO DAGScheduler: Final stage: ShuffleMapStage 4 ($anonfun$recordDeltaOperationInternal$1 at DatabricksLogging.scala:128)
[2025-12-16T03:29:38.278+0000] {subprocess.py:106} INFO - 25/12/16 03:29:38 INFO DAGScheduler: Parents of final stage: List(ShuffleMapStage 3)
[2025-12-16T03:29:38.282+0000] {subprocess.py:106} INFO - 25/12/16 03:29:38 INFO DAGScheduler: Missing parents: List()
[2025-12-16T03:29:38.283+0000] {subprocess.py:106} INFO - 25/12/16 03:29:38 INFO DAGScheduler: Submitting ShuffleMapStage 4 (MapPartitionsRDD[21] at $anonfun$recordDeltaOperationInternal$1 at DatabricksLogging.scala:128), which has no missing parents
[2025-12-16T03:29:38.491+0000] {subprocess.py:106} INFO - 25/12/16 03:29:38 INFO MemoryStore: Block broadcast_7 stored as values in memory (estimated size 517.2 KiB, free 433.4 MiB)
[2025-12-16T03:29:38.496+0000] {subprocess.py:106} INFO - 25/12/16 03:29:38 INFO MemoryStore: Block broadcast_7_piece0 stored as bytes in memory (estimated size 123.2 KiB, free 433.3 MiB)
[2025-12-16T03:29:38.499+0000] {subprocess.py:106} INFO - 25/12/16 03:29:38 INFO BlockManagerInfo: Added broadcast_7_piece0 in memory on 3ad9a82189be:37965 (size: 123.2 KiB, free: 434.2 MiB)
[2025-12-16T03:29:38.500+0000] {subprocess.py:106} INFO - 25/12/16 03:29:38 INFO SparkContext: Created broadcast 7 from broadcast at DAGScheduler.scala:1535
[2025-12-16T03:29:38.501+0000] {subprocess.py:106} INFO - 25/12/16 03:29:38 INFO DAGScheduler: Submitting 50 missing tasks from ShuffleMapStage 4 (MapPartitionsRDD[21] at $anonfun$recordDeltaOperationInternal$1 at DatabricksLogging.scala:128) (first 15 tasks are for partitions Vector(0, 1, 2, 3, 4, 5, 6, 7, 8, 9, 10, 11, 12, 13, 14))
[2025-12-16T03:29:38.502+0000] {subprocess.py:106} INFO - 25/12/16 03:29:38 INFO TaskSchedulerImpl: Adding task set 4.0 with 50 tasks resource profile 0
[2025-12-16T03:29:38.511+0000] {subprocess.py:106} INFO - 25/12/16 03:29:38 INFO TaskSetManager: Starting task 18.0 in stage 4.0 (TID 5) (172.18.0.7, executor 0, partition 18, NODE_LOCAL, 7356 bytes)
[2025-12-16T03:29:38.513+0000] {subprocess.py:106} INFO - 25/12/16 03:29:38 INFO TaskSetManager: Starting task 32.0 in stage 4.0 (TID 6) (172.18.0.7, executor 0, partition 32, NODE_LOCAL, 7356 bytes)
[2025-12-16T03:29:38.514+0000] {subprocess.py:106} INFO - 25/12/16 03:29:38 INFO TaskSetManager: Starting task 42.0 in stage 4.0 (TID 7) (172.18.0.7, executor 0, partition 42, NODE_LOCAL, 7356 bytes)
[2025-12-16T03:29:38.522+0000] {subprocess.py:106} INFO - 25/12/16 03:29:38 INFO TaskSetManager: Starting task 0.0 in stage 4.0 (TID 8) (172.18.0.7, executor 0, partition 0, PROCESS_LOCAL, 7356 bytes)
[2025-12-16T03:29:38.523+0000] {subprocess.py:106} INFO - 25/12/16 03:29:38 INFO TaskSetManager: Starting task 1.0 in stage 4.0 (TID 9) (172.18.0.7, executor 0, partition 1, PROCESS_LOCAL, 7356 bytes)
[2025-12-16T03:29:38.524+0000] {subprocess.py:106} INFO - 25/12/16 03:29:38 INFO TaskSetManager: Starting task 2.0 in stage 4.0 (TID 10) (172.18.0.7, executor 0, partition 2, PROCESS_LOCAL, 7356 bytes)
[2025-12-16T03:29:38.525+0000] {subprocess.py:106} INFO - 25/12/16 03:29:38 INFO TaskSetManager: Starting task 3.0 in stage 4.0 (TID 11) (172.18.0.7, executor 0, partition 3, PROCESS_LOCAL, 7356 bytes)
[2025-12-16T03:29:38.527+0000] {subprocess.py:106} INFO - 25/12/16 03:29:38 INFO TaskSetManager: Starting task 4.0 in stage 4.0 (TID 12) (172.18.0.7, executor 0, partition 4, PROCESS_LOCAL, 7356 bytes)
[2025-12-16T03:29:38.527+0000] {subprocess.py:106} INFO - 25/12/16 03:29:38 INFO TaskSetManager: Starting task 5.0 in stage 4.0 (TID 13) (172.18.0.7, executor 0, partition 5, PROCESS_LOCAL, 7356 bytes)
[2025-12-16T03:29:38.528+0000] {subprocess.py:106} INFO - 25/12/16 03:29:38 INFO TaskSetManager: Starting task 6.0 in stage 4.0 (TID 14) (172.18.0.7, executor 0, partition 6, PROCESS_LOCAL, 7356 bytes)
[2025-12-16T03:29:38.529+0000] {subprocess.py:106} INFO - 25/12/16 03:29:38 INFO TaskSetManager: Starting task 7.0 in stage 4.0 (TID 15) (172.18.0.7, executor 0, partition 7, PROCESS_LOCAL, 7356 bytes)
[2025-12-16T03:29:38.531+0000] {subprocess.py:106} INFO - 25/12/16 03:29:38 INFO TaskSetManager: Starting task 8.0 in stage 4.0 (TID 16) (172.18.0.7, executor 0, partition 8, PROCESS_LOCAL, 7356 bytes)
[2025-12-16T03:29:38.532+0000] {subprocess.py:106} INFO - 25/12/16 03:29:38 INFO TaskSetManager: Starting task 9.0 in stage 4.0 (TID 17) (172.18.0.7, executor 0, partition 9, PROCESS_LOCAL, 7356 bytes)
[2025-12-16T03:29:38.532+0000] {subprocess.py:106} INFO - 25/12/16 03:29:38 INFO TaskSetManager: Starting task 10.0 in stage 4.0 (TID 18) (172.18.0.7, executor 0, partition 10, PROCESS_LOCAL, 7356 bytes)
[2025-12-16T03:29:38.533+0000] {subprocess.py:106} INFO - 25/12/16 03:29:38 INFO TaskSetManager: Starting task 11.0 in stage 4.0 (TID 19) (172.18.0.7, executor 0, partition 11, PROCESS_LOCAL, 7356 bytes)
[2025-12-16T03:29:38.534+0000] {subprocess.py:106} INFO - 25/12/16 03:29:38 INFO TaskSetManager: Starting task 12.0 in stage 4.0 (TID 20) (172.18.0.7, executor 0, partition 12, PROCESS_LOCAL, 7356 bytes)
[2025-12-16T03:29:38.601+0000] {subprocess.py:106} INFO - 25/12/16 03:29:38 INFO BlockManagerInfo: Added broadcast_7_piece0 in memory on 172.18.0.7:41729 (size: 123.2 KiB, free: 434.2 MiB)
[2025-12-16T03:29:39.244+0000] {subprocess.py:106} INFO - 25/12/16 03:29:39 INFO MapOutputTrackerMasterEndpoint: Asked to send map output locations for shuffle 0 to 172.18.0.7:60316
[2025-12-16T03:29:40.649+0000] {subprocess.py:106} INFO - 25/12/16 03:29:40 INFO BlockManagerInfo: Added rdd_18_12 in memory on 172.18.0.7:41729 (size: 46.0 B, free: 434.2 MiB)
[2025-12-16T03:29:40.654+0000] {subprocess.py:106} INFO - 25/12/16 03:29:40 INFO BlockManagerInfo: Added rdd_18_18 in memory on 172.18.0.7:41729 (size: 300.0 B, free: 434.2 MiB)
[2025-12-16T03:29:40.655+0000] {subprocess.py:106} INFO - 25/12/16 03:29:40 INFO BlockManagerInfo: Added rdd_18_10 in memory on 172.18.0.7:41729 (size: 46.0 B, free: 434.2 MiB)
[2025-12-16T03:29:40.656+0000] {subprocess.py:106} INFO - 25/12/16 03:29:40 INFO BlockManagerInfo: Added rdd_18_5 in memory on 172.18.0.7:41729 (size: 46.0 B, free: 434.2 MiB)
[2025-12-16T03:29:40.657+0000] {subprocess.py:106} INFO - 25/12/16 03:29:40 INFO BlockManagerInfo: Added rdd_18_9 in memory on 172.18.0.7:41729 (size: 46.0 B, free: 434.2 MiB)
[2025-12-16T03:29:40.659+0000] {subprocess.py:106} INFO - 25/12/16 03:29:40 INFO BlockManagerInfo: Added rdd_18_4 in memory on 172.18.0.7:41729 (size: 46.0 B, free: 434.2 MiB)
[2025-12-16T03:29:40.670+0000] {subprocess.py:106} INFO - 25/12/16 03:29:40 INFO BlockManagerInfo: Added rdd_18_3 in memory on 172.18.0.7:41729 (size: 46.0 B, free: 434.2 MiB)
[2025-12-16T03:29:40.671+0000] {subprocess.py:106} INFO - 25/12/16 03:29:40 INFO BlockManagerInfo: Added rdd_18_11 in memory on 172.18.0.7:41729 (size: 46.0 B, free: 434.2 MiB)
[2025-12-16T03:29:40.673+0000] {subprocess.py:106} INFO - 25/12/16 03:29:40 INFO BlockManagerInfo: Added rdd_18_1 in memory on 172.18.0.7:41729 (size: 46.0 B, free: 434.2 MiB)
[2025-12-16T03:29:40.674+0000] {subprocess.py:106} INFO - 25/12/16 03:29:40 INFO BlockManagerInfo: Added rdd_18_6 in memory on 172.18.0.7:41729 (size: 46.0 B, free: 434.2 MiB)
[2025-12-16T03:29:40.675+0000] {subprocess.py:106} INFO - 25/12/16 03:29:40 INFO BlockManagerInfo: Added rdd_18_7 in memory on 172.18.0.7:41729 (size: 46.0 B, free: 434.2 MiB)
[2025-12-16T03:29:40.676+0000] {subprocess.py:106} INFO - 25/12/16 03:29:40 INFO BlockManagerInfo: Added rdd_18_8 in memory on 172.18.0.7:41729 (size: 46.0 B, free: 434.2 MiB)
[2025-12-16T03:29:40.677+0000] {subprocess.py:106} INFO - 25/12/16 03:29:40 INFO BlockManagerInfo: Added rdd_18_0 in memory on 172.18.0.7:41729 (size: 46.0 B, free: 434.2 MiB)
[2025-12-16T03:29:40.677+0000] {subprocess.py:106} INFO - 25/12/16 03:29:40 INFO BlockManagerInfo: Added rdd_18_2 in memory on 172.18.0.7:41729 (size: 46.0 B, free: 434.2 MiB)
[2025-12-16T03:29:40.678+0000] {subprocess.py:106} INFO - 25/12/16 03:29:40 INFO BlockManagerInfo: Added rdd_18_32 in memory on 172.18.0.7:41729 (size: 648.0 B, free: 434.2 MiB)
[2025-12-16T03:29:40.723+0000] {subprocess.py:106} INFO - 25/12/16 03:29:40 INFO BlockManagerInfo: Added rdd_18_42 in memory on 172.18.0.7:41729 (size: 553.0 B, free: 434.2 MiB)
[2025-12-16T03:29:41.594+0000] {subprocess.py:106} INFO - 25/12/16 03:29:41 INFO TaskSetManager: Starting task 13.0 in stage 4.0 (TID 21) (172.18.0.7, executor 0, partition 13, PROCESS_LOCAL, 7356 bytes)
[2025-12-16T03:29:41.596+0000] {subprocess.py:106} INFO - 25/12/16 03:29:41 INFO TaskSetManager: Starting task 14.0 in stage 4.0 (TID 22) (172.18.0.7, executor 0, partition 14, PROCESS_LOCAL, 7356 bytes)
[2025-12-16T03:29:41.598+0000] {subprocess.py:106} INFO - 25/12/16 03:29:41 INFO TaskSetManager: Finished task 0.0 in stage 4.0 (TID 8) in 3080 ms on 172.18.0.7 (executor 0) (1/50)
[2025-12-16T03:29:41.600+0000] {subprocess.py:106} INFO - 25/12/16 03:29:41 INFO TaskSetManager: Finished task 8.0 in stage 4.0 (TID 16) in 3079 ms on 172.18.0.7 (executor 0) (2/50)
[2025-12-16T03:29:41.605+0000] {subprocess.py:106} INFO - 25/12/16 03:29:41 INFO TaskSetManager: Starting task 15.0 in stage 4.0 (TID 23) (172.18.0.7, executor 0, partition 15, PROCESS_LOCAL, 7356 bytes)
[2025-12-16T03:29:41.607+0000] {subprocess.py:106} INFO - 25/12/16 03:29:41 INFO TaskSetManager: Starting task 16.0 in stage 4.0 (TID 24) (172.18.0.7, executor 0, partition 16, PROCESS_LOCAL, 7356 bytes)
[2025-12-16T03:29:41.609+0000] {subprocess.py:106} INFO - 25/12/16 03:29:41 INFO TaskSetManager: Finished task 42.0 in stage 4.0 (TID 7) in 3090 ms on 172.18.0.7 (executor 0) (3/50)
[2025-12-16T03:29:41.615+0000] {subprocess.py:106} INFO - 25/12/16 03:29:41 INFO TaskSetManager: Starting task 17.0 in stage 4.0 (TID 25) (172.18.0.7, executor 0, partition 17, PROCESS_LOCAL, 7356 bytes)
[2025-12-16T03:29:41.617+0000] {subprocess.py:106} INFO - 25/12/16 03:29:41 INFO TaskSetManager: Starting task 19.0 in stage 4.0 (TID 26) (172.18.0.7, executor 0, partition 19, PROCESS_LOCAL, 7356 bytes)
[2025-12-16T03:29:41.619+0000] {subprocess.py:106} INFO - 25/12/16 03:29:41 INFO TaskSetManager: Finished task 32.0 in stage 4.0 (TID 6) in 3096 ms on 172.18.0.7 (executor 0) (4/50)
[2025-12-16T03:29:41.621+0000] {subprocess.py:106} INFO - 25/12/16 03:29:41 INFO TaskSetManager: Finished task 18.0 in stage 4.0 (TID 5) in 3099 ms on 172.18.0.7 (executor 0) (5/50)
[2025-12-16T03:29:41.623+0000] {subprocess.py:106} INFO - 25/12/16 03:29:41 INFO TaskSetManager: Starting task 20.0 in stage 4.0 (TID 27) (172.18.0.7, executor 0, partition 20, PROCESS_LOCAL, 7356 bytes)
[2025-12-16T03:29:41.626+0000] {subprocess.py:106} INFO - 25/12/16 03:29:41 INFO TaskSetManager: Starting task 21.0 in stage 4.0 (TID 28) (172.18.0.7, executor 0, partition 21, PROCESS_LOCAL, 7356 bytes)
[2025-12-16T03:29:41.628+0000] {subprocess.py:106} INFO - 25/12/16 03:29:41 INFO TaskSetManager: Starting task 22.0 in stage 4.0 (TID 29) (172.18.0.7, executor 0, partition 22, PROCESS_LOCAL, 7356 bytes)
[2025-12-16T03:29:41.629+0000] {subprocess.py:106} INFO - 25/12/16 03:29:41 INFO TaskSetManager: Starting task 23.0 in stage 4.0 (TID 30) (172.18.0.7, executor 0, partition 23, PROCESS_LOCAL, 7356 bytes)
[2025-12-16T03:29:41.630+0000] {subprocess.py:106} INFO - 25/12/16 03:29:41 INFO TaskSetManager: Finished task 11.0 in stage 4.0 (TID 19) in 3100 ms on 172.18.0.7 (executor 0) (6/50)
[2025-12-16T03:29:41.632+0000] {subprocess.py:106} INFO - 25/12/16 03:29:41 INFO TaskSetManager: Finished task 2.0 in stage 4.0 (TID 10) in 3105 ms on 172.18.0.7 (executor 0) (7/50)
[2025-12-16T03:29:41.633+0000] {subprocess.py:106} INFO - 25/12/16 03:29:41 INFO TaskSetManager: Finished task 10.0 in stage 4.0 (TID 18) in 3102 ms on 172.18.0.7 (executor 0) (8/50)
[2025-12-16T03:29:41.634+0000] {subprocess.py:106} INFO - 25/12/16 03:29:41 INFO TaskSetManager: Finished task 1.0 in stage 4.0 (TID 9) in 3106 ms on 172.18.0.7 (executor 0) (9/50)
[2025-12-16T03:29:41.637+0000] {subprocess.py:106} INFO - 25/12/16 03:29:41 INFO TaskSetManager: Starting task 24.0 in stage 4.0 (TID 31) (172.18.0.7, executor 0, partition 24, PROCESS_LOCAL, 7356 bytes)
[2025-12-16T03:29:41.638+0000] {subprocess.py:106} INFO - 25/12/16 03:29:41 INFO TaskSetManager: Starting task 25.0 in stage 4.0 (TID 32) (172.18.0.7, executor 0, partition 25, PROCESS_LOCAL, 7356 bytes)
[2025-12-16T03:29:41.640+0000] {subprocess.py:106} INFO - 25/12/16 03:29:41 INFO TaskSetManager: Finished task 3.0 in stage 4.0 (TID 11) in 3111 ms on 172.18.0.7 (executor 0) (10/50)
[2025-12-16T03:29:41.641+0000] {subprocess.py:106} INFO - 25/12/16 03:29:41 INFO TaskSetManager: Finished task 5.0 in stage 4.0 (TID 13) in 3111 ms on 172.18.0.7 (executor 0) (11/50)
[2025-12-16T03:29:41.642+0000] {subprocess.py:106} INFO - 25/12/16 03:29:41 INFO TaskSetManager: Finished task 4.0 in stage 4.0 (TID 12) in 3112 ms on 172.18.0.7 (executor 0) (12/50)
[2025-12-16T03:29:41.647+0000] {subprocess.py:106} INFO - 25/12/16 03:29:41 INFO TaskSetManager: Starting task 26.0 in stage 4.0 (TID 33) (172.18.0.7, executor 0, partition 26, PROCESS_LOCAL, 7356 bytes)
[2025-12-16T03:29:41.651+0000] {subprocess.py:106} INFO - 25/12/16 03:29:41 INFO TaskSetManager: Finished task 9.0 in stage 4.0 (TID 17) in 3121 ms on 172.18.0.7 (executor 0) (13/50)
[2025-12-16T03:29:41.656+0000] {subprocess.py:106} INFO - 25/12/16 03:29:41 INFO TaskSetManager: Starting task 27.0 in stage 4.0 (TID 34) (172.18.0.7, executor 0, partition 27, PROCESS_LOCAL, 7356 bytes)
[2025-12-16T03:29:41.659+0000] {subprocess.py:106} INFO - 25/12/16 03:29:41 INFO TaskSetManager: Starting task 28.0 in stage 4.0 (TID 35) (172.18.0.7, executor 0, partition 28, PROCESS_LOCAL, 7356 bytes)
[2025-12-16T03:29:41.662+0000] {subprocess.py:106} INFO - 25/12/16 03:29:41 INFO TaskSetManager: Finished task 6.0 in stage 4.0 (TID 14) in 3137 ms on 172.18.0.7 (executor 0) (14/50)
[2025-12-16T03:29:41.664+0000] {subprocess.py:106} INFO - 25/12/16 03:29:41 INFO TaskSetManager: Starting task 29.0 in stage 4.0 (TID 36) (172.18.0.7, executor 0, partition 29, PROCESS_LOCAL, 7356 bytes)
[2025-12-16T03:29:41.670+0000] {subprocess.py:106} INFO - 25/12/16 03:29:41 INFO TaskSetManager: Finished task 12.0 in stage 4.0 (TID 20) in 3142 ms on 172.18.0.7 (executor 0) (15/50)
[2025-12-16T03:29:41.671+0000] {subprocess.py:106} INFO - 25/12/16 03:29:41 INFO TaskSetManager: Finished task 7.0 in stage 4.0 (TID 15) in 3151 ms on 172.18.0.7 (executor 0) (16/50)
[2025-12-16T03:29:41.841+0000] {subprocess.py:106} INFO - 25/12/16 03:29:41 INFO BlockManagerInfo: Added rdd_18_17 in memory on 172.18.0.7:41729 (size: 46.0 B, free: 434.2 MiB)
[2025-12-16T03:29:41.842+0000] {subprocess.py:106} INFO - 25/12/16 03:29:41 INFO BlockManagerInfo: Added rdd_18_27 in memory on 172.18.0.7:41729 (size: 46.0 B, free: 434.2 MiB)
[2025-12-16T03:29:41.845+0000] {subprocess.py:106} INFO - 25/12/16 03:29:41 INFO BlockManagerInfo: Added rdd_18_13 in memory on 172.18.0.7:41729 (size: 46.0 B, free: 434.2 MiB)
[2025-12-16T03:29:41.868+0000] {subprocess.py:106} INFO - 25/12/16 03:29:41 INFO BlockManagerInfo: Added rdd_18_15 in memory on 172.18.0.7:41729 (size: 46.0 B, free: 434.2 MiB)
[2025-12-16T03:29:41.869+0000] {subprocess.py:106} INFO - 25/12/16 03:29:41 INFO BlockManagerInfo: Added rdd_18_19 in memory on 172.18.0.7:41729 (size: 46.0 B, free: 434.2 MiB)
[2025-12-16T03:29:41.871+0000] {subprocess.py:106} INFO - 25/12/16 03:29:41 INFO BlockManagerInfo: Added rdd_18_14 in memory on 172.18.0.7:41729 (size: 46.0 B, free: 434.2 MiB)
[2025-12-16T03:29:41.896+0000] {subprocess.py:106} INFO - 25/12/16 03:29:41 INFO BlockManagerInfo: Added rdd_18_25 in memory on 172.18.0.7:41729 (size: 46.0 B, free: 434.2 MiB)
[2025-12-16T03:29:41.901+0000] {subprocess.py:106} INFO - 25/12/16 03:29:41 INFO BlockManagerInfo: Added rdd_18_26 in memory on 172.18.0.7:41729 (size: 46.0 B, free: 434.2 MiB)
[2025-12-16T03:29:41.902+0000] {subprocess.py:106} INFO - 25/12/16 03:29:41 INFO BlockManagerInfo: Added rdd_18_23 in memory on 172.18.0.7:41729 (size: 46.0 B, free: 434.2 MiB)
[2025-12-16T03:29:41.903+0000] {subprocess.py:106} INFO - 25/12/16 03:29:41 INFO BlockManagerInfo: Added rdd_18_16 in memory on 172.18.0.7:41729 (size: 46.0 B, free: 434.2 MiB)
[2025-12-16T03:29:41.938+0000] {subprocess.py:106} INFO - 25/12/16 03:29:41 INFO BlockManagerInfo: Added rdd_18_28 in memory on 172.18.0.7:41729 (size: 46.0 B, free: 434.2 MiB)
[2025-12-16T03:29:41.939+0000] {subprocess.py:106} INFO - 25/12/16 03:29:41 INFO BlockManagerInfo: Added rdd_18_24 in memory on 172.18.0.7:41729 (size: 46.0 B, free: 434.2 MiB)
[2025-12-16T03:29:41.940+0000] {subprocess.py:106} INFO - 25/12/16 03:29:41 INFO BlockManagerInfo: Added rdd_18_21 in memory on 172.18.0.7:41729 (size: 46.0 B, free: 434.2 MiB)
[2025-12-16T03:29:41.941+0000] {subprocess.py:106} INFO - 25/12/16 03:29:41 INFO BlockManagerInfo: Added rdd_18_20 in memory on 172.18.0.7:41729 (size: 46.0 B, free: 434.2 MiB)
[2025-12-16T03:29:41.942+0000] {subprocess.py:106} INFO - 25/12/16 03:29:41 INFO BlockManagerInfo: Added rdd_18_29 in memory on 172.18.0.7:41729 (size: 46.0 B, free: 434.2 MiB)
[2025-12-16T03:29:41.943+0000] {subprocess.py:106} INFO - 25/12/16 03:29:41 INFO BlockManagerInfo: Added rdd_18_22 in memory on 172.18.0.7:41729 (size: 46.0 B, free: 434.2 MiB)
[2025-12-16T03:29:41.967+0000] {subprocess.py:106} INFO - 25/12/16 03:29:41 INFO TaskSetManager: Starting task 30.0 in stage 4.0 (TID 37) (172.18.0.7, executor 0, partition 30, PROCESS_LOCAL, 7356 bytes)
[2025-12-16T03:29:41.968+0000] {subprocess.py:106} INFO - 25/12/16 03:29:41 INFO TaskSetManager: Finished task 14.0 in stage 4.0 (TID 22) in 374 ms on 172.18.0.7 (executor 0) (17/50)
[2025-12-16T03:29:41.983+0000] {subprocess.py:106} INFO - 25/12/16 03:29:41 INFO TaskSetManager: Starting task 31.0 in stage 4.0 (TID 38) (172.18.0.7, executor 0, partition 31, PROCESS_LOCAL, 7356 bytes)
[2025-12-16T03:29:41.985+0000] {subprocess.py:106} INFO - 25/12/16 03:29:41 INFO TaskSetManager: Starting task 33.0 in stage 4.0 (TID 39) (172.18.0.7, executor 0, partition 33, PROCESS_LOCAL, 7356 bytes)
[2025-12-16T03:29:41.990+0000] {subprocess.py:106} INFO - 25/12/16 03:29:41 INFO TaskSetManager: Finished task 27.0 in stage 4.0 (TID 34) in 335 ms on 172.18.0.7 (executor 0) (18/50)
[2025-12-16T03:29:41.992+0000] {subprocess.py:106} INFO - 25/12/16 03:29:41 INFO TaskSetManager: Finished task 19.0 in stage 4.0 (TID 26) in 381 ms on 172.18.0.7 (executor 0) (19/50)
[2025-12-16T03:29:41.994+0000] {subprocess.py:106} INFO - 25/12/16 03:29:41 INFO TaskSetManager: Starting task 34.0 in stage 4.0 (TID 40) (172.18.0.7, executor 0, partition 34, PROCESS_LOCAL, 7356 bytes)
[2025-12-16T03:29:41.995+0000] {subprocess.py:106} INFO - 25/12/16 03:29:41 INFO TaskSetManager: Starting task 35.0 in stage 4.0 (TID 41) (172.18.0.7, executor 0, partition 35, PROCESS_LOCAL, 7356 bytes)
[2025-12-16T03:29:41.998+0000] {subprocess.py:106} INFO - 25/12/16 03:29:41 INFO TaskSetManager: Finished task 15.0 in stage 4.0 (TID 23) in 394 ms on 172.18.0.7 (executor 0) (20/50)
[2025-12-16T03:29:41.999+0000] {subprocess.py:106} INFO - 25/12/16 03:29:41 INFO TaskSetManager: Finished task 13.0 in stage 4.0 (TID 21) in 406 ms on 172.18.0.7 (executor 0) (21/50)
[2025-12-16T03:29:42.008+0000] {subprocess.py:106} INFO - 25/12/16 03:29:42 INFO TaskSetManager: Starting task 36.0 in stage 4.0 (TID 42) (172.18.0.7, executor 0, partition 36, PROCESS_LOCAL, 7356 bytes)
[2025-12-16T03:29:42.009+0000] {subprocess.py:106} INFO - 25/12/16 03:29:42 INFO TaskSetManager: Finished task 17.0 in stage 4.0 (TID 25) in 402 ms on 172.18.0.7 (executor 0) (22/50)
[2025-12-16T03:29:42.011+0000] {subprocess.py:106} INFO - 25/12/16 03:29:42 INFO TaskSetManager: Starting task 37.0 in stage 4.0 (TID 43) (172.18.0.7, executor 0, partition 37, PROCESS_LOCAL, 7356 bytes)
[2025-12-16T03:29:42.012+0000] {subprocess.py:106} INFO - 25/12/16 03:29:42 INFO TaskSetManager: Finished task 16.0 in stage 4.0 (TID 24) in 407 ms on 172.18.0.7 (executor 0) (23/50)
[2025-12-16T03:29:42.013+0000] {subprocess.py:106} INFO - 25/12/16 03:29:42 INFO TaskSetManager: Starting task 38.0 in stage 4.0 (TID 44) (172.18.0.7, executor 0, partition 38, PROCESS_LOCAL, 7356 bytes)
[2025-12-16T03:29:42.014+0000] {subprocess.py:106} INFO - 25/12/16 03:29:42 INFO TaskSetManager: Finished task 23.0 in stage 4.0 (TID 30) in 393 ms on 172.18.0.7 (executor 0) (24/50)
[2025-12-16T03:29:42.019+0000] {subprocess.py:106} INFO - 25/12/16 03:29:42 INFO TaskSetManager: Starting task 39.0 in stage 4.0 (TID 45) (172.18.0.7, executor 0, partition 39, PROCESS_LOCAL, 7356 bytes)
[2025-12-16T03:29:42.022+0000] {subprocess.py:106} INFO - 25/12/16 03:29:42 INFO TaskSetManager: Finished task 26.0 in stage 4.0 (TID 33) in 382 ms on 172.18.0.7 (executor 0) (25/50)
[2025-12-16T03:29:42.052+0000] {subprocess.py:106} INFO - 25/12/16 03:29:42 INFO TaskSetManager: Starting task 40.0 in stage 4.0 (TID 46) (172.18.0.7, executor 0, partition 40, PROCESS_LOCAL, 7356 bytes)
[2025-12-16T03:29:42.055+0000] {subprocess.py:106} INFO - 25/12/16 03:29:42 INFO TaskSetManager: Starting task 41.0 in stage 4.0 (TID 47) (172.18.0.7, executor 0, partition 41, PROCESS_LOCAL, 7356 bytes)
[2025-12-16T03:29:42.057+0000] {subprocess.py:106} INFO - 25/12/16 03:29:42 INFO TaskSetManager: Finished task 25.0 in stage 4.0 (TID 32) in 429 ms on 172.18.0.7 (executor 0) (26/50)
[2025-12-16T03:29:42.059+0000] {subprocess.py:106} INFO - 25/12/16 03:29:42 INFO TaskSetManager: Finished task 22.0 in stage 4.0 (TID 29) in 440 ms on 172.18.0.7 (executor 0) (27/50)
[2025-12-16T03:29:42.061+0000] {subprocess.py:106} INFO - 25/12/16 03:29:42 INFO TaskSetManager: Starting task 43.0 in stage 4.0 (TID 48) (172.18.0.7, executor 0, partition 43, PROCESS_LOCAL, 7356 bytes)
[2025-12-16T03:29:42.062+0000] {subprocess.py:106} INFO - 25/12/16 03:29:42 INFO TaskSetManager: Finished task 24.0 in stage 4.0 (TID 31) in 437 ms on 172.18.0.7 (executor 0) (28/50)
[2025-12-16T03:29:42.064+0000] {subprocess.py:106} INFO - 25/12/16 03:29:42 INFO TaskSetManager: Starting task 44.0 in stage 4.0 (TID 49) (172.18.0.7, executor 0, partition 44, PROCESS_LOCAL, 7356 bytes)
[2025-12-16T03:29:42.065+0000] {subprocess.py:106} INFO - 25/12/16 03:29:42 INFO TaskSetManager: Finished task 21.0 in stage 4.0 (TID 28) in 449 ms on 172.18.0.7 (executor 0) (29/50)
[2025-12-16T03:29:42.071+0000] {subprocess.py:106} INFO - 25/12/16 03:29:42 INFO TaskSetManager: Starting task 45.0 in stage 4.0 (TID 50) (172.18.0.7, executor 0, partition 45, PROCESS_LOCAL, 7356 bytes)
[2025-12-16T03:29:42.073+0000] {subprocess.py:106} INFO - 25/12/16 03:29:42 INFO TaskSetManager: Finished task 20.0 in stage 4.0 (TID 27) in 458 ms on 172.18.0.7 (executor 0) (30/50)
[2025-12-16T03:29:42.077+0000] {subprocess.py:106} INFO - 25/12/16 03:29:42 INFO TaskSetManager: Starting task 46.0 in stage 4.0 (TID 51) (172.18.0.7, executor 0, partition 46, PROCESS_LOCAL, 7356 bytes)
[2025-12-16T03:29:42.080+0000] {subprocess.py:106} INFO - 25/12/16 03:29:42 INFO TaskSetManager: Finished task 29.0 in stage 4.0 (TID 36) in 413 ms on 172.18.0.7 (executor 0) (31/50)
[2025-12-16T03:29:42.081+0000] {subprocess.py:106} INFO - 25/12/16 03:29:42 INFO TaskSetManager: Starting task 47.0 in stage 4.0 (TID 52) (172.18.0.7, executor 0, partition 47, PROCESS_LOCAL, 7356 bytes)
[2025-12-16T03:29:42.083+0000] {subprocess.py:106} INFO - 25/12/16 03:29:42 INFO TaskSetManager: Finished task 28.0 in stage 4.0 (TID 35) in 423 ms on 172.18.0.7 (executor 0) (32/50)
[2025-12-16T03:29:42.143+0000] {subprocess.py:106} INFO - 25/12/16 03:29:42 INFO BlockManagerInfo: Added rdd_18_33 in memory on 172.18.0.7:41729 (size: 46.0 B, free: 434.2 MiB)
[2025-12-16T03:29:42.163+0000] {subprocess.py:106} INFO - 25/12/16 03:29:42 INFO BlockManagerInfo: Added rdd_18_35 in memory on 172.18.0.7:41729 (size: 46.0 B, free: 434.2 MiB)
[2025-12-16T03:29:42.187+0000] {subprocess.py:106} INFO - 25/12/16 03:29:42 INFO BlockManagerInfo: Added rdd_18_30 in memory on 172.18.0.7:41729 (size: 46.0 B, free: 434.2 MiB)
[2025-12-16T03:29:42.192+0000] {subprocess.py:106} INFO - 25/12/16 03:29:42 INFO BlockManagerInfo: Added rdd_18_37 in memory on 172.18.0.7:41729 (size: 46.0 B, free: 434.2 MiB)
[2025-12-16T03:29:42.194+0000] {subprocess.py:106} INFO - 25/12/16 03:29:42 INFO BlockManagerInfo: Added rdd_18_34 in memory on 172.18.0.7:41729 (size: 46.0 B, free: 434.2 MiB)
[2025-12-16T03:29:42.217+0000] {subprocess.py:106} INFO - 25/12/16 03:29:42 INFO BlockManagerInfo: Added rdd_18_31 in memory on 172.18.0.7:41729 (size: 46.0 B, free: 434.2 MiB)
[2025-12-16T03:29:42.240+0000] {subprocess.py:106} INFO - 25/12/16 03:29:42 INFO BlockManagerInfo: Added rdd_18_36 in memory on 172.18.0.7:41729 (size: 46.0 B, free: 434.2 MiB)
[2025-12-16T03:29:42.242+0000] {subprocess.py:106} INFO - 25/12/16 03:29:42 INFO BlockManagerInfo: Added rdd_18_40 in memory on 172.18.0.7:41729 (size: 46.0 B, free: 434.2 MiB)
[2025-12-16T03:29:42.250+0000] {subprocess.py:106} INFO - 25/12/16 03:29:42 INFO BlockManagerInfo: Added rdd_18_44 in memory on 172.18.0.7:41729 (size: 46.0 B, free: 434.2 MiB)
[2025-12-16T03:29:42.255+0000] {subprocess.py:106} INFO - 25/12/16 03:29:42 INFO BlockManagerInfo: Added rdd_18_38 in memory on 172.18.0.7:41729 (size: 46.0 B, free: 434.2 MiB)
[2025-12-16T03:29:42.256+0000] {subprocess.py:106} INFO - 25/12/16 03:29:42 INFO TaskSetManager: Starting task 48.0 in stage 4.0 (TID 53) (172.18.0.7, executor 0, partition 48, PROCESS_LOCAL, 7356 bytes)
[2025-12-16T03:29:42.258+0000] {subprocess.py:106} INFO - 25/12/16 03:29:42 INFO BlockManagerInfo: Added rdd_18_47 in memory on 172.18.0.7:41729 (size: 46.0 B, free: 434.2 MiB)
[2025-12-16T03:29:42.259+0000] {subprocess.py:106} INFO - 25/12/16 03:29:42 INFO TaskSetManager: Finished task 33.0 in stage 4.0 (TID 39) in 275 ms on 172.18.0.7 (executor 0) (33/50)
[2025-12-16T03:29:42.260+0000] {subprocess.py:106} INFO - 25/12/16 03:29:42 INFO BlockManagerInfo: Added rdd_18_41 in memory on 172.18.0.7:41729 (size: 46.0 B, free: 434.2 MiB)
[2025-12-16T03:29:42.267+0000] {subprocess.py:106} INFO - 25/12/16 03:29:42 INFO TaskSetManager: Starting task 49.0 in stage 4.0 (TID 54) (172.18.0.7, executor 0, partition 49, PROCESS_LOCAL, 7356 bytes)
[2025-12-16T03:29:42.269+0000] {subprocess.py:106} INFO - 25/12/16 03:29:42 INFO TaskSetManager: Finished task 37.0 in stage 4.0 (TID 43) in 261 ms on 172.18.0.7 (executor 0) (34/50)
[2025-12-16T03:29:42.270+0000] {subprocess.py:106} INFO - 25/12/16 03:29:42 INFO BlockManagerInfo: Added rdd_18_43 in memory on 172.18.0.7:41729 (size: 46.0 B, free: 434.2 MiB)
[2025-12-16T03:29:42.271+0000] {subprocess.py:106} INFO - 25/12/16 03:29:42 INFO TaskSetManager: Finished task 35.0 in stage 4.0 (TID 41) in 279 ms on 172.18.0.7 (executor 0) (35/50)
[2025-12-16T03:29:42.272+0000] {subprocess.py:106} INFO - 25/12/16 03:29:42 INFO BlockManagerInfo: Added rdd_18_39 in memory on 172.18.0.7:41729 (size: 46.0 B, free: 434.2 MiB)
[2025-12-16T03:29:42.273+0000] {subprocess.py:106} INFO - 25/12/16 03:29:42 INFO BlockManagerInfo: Added rdd_18_45 in memory on 172.18.0.7:41729 (size: 46.0 B, free: 434.2 MiB)
[2025-12-16T03:29:42.278+0000] {subprocess.py:106} INFO - 25/12/16 03:29:42 INFO TaskSetManager: Finished task 34.0 in stage 4.0 (TID 40) in 283 ms on 172.18.0.7 (executor 0) (36/50)
[2025-12-16T03:29:42.293+0000] {subprocess.py:106} INFO - 25/12/16 03:29:42 INFO BlockManagerInfo: Added rdd_18_46 in memory on 172.18.0.7:41729 (size: 46.0 B, free: 434.2 MiB)
[2025-12-16T03:29:42.294+0000] {subprocess.py:106} INFO - 25/12/16 03:29:42 INFO TaskSetManager: Finished task 30.0 in stage 4.0 (TID 37) in 322 ms on 172.18.0.7 (executor 0) (37/50)
[2025-12-16T03:29:42.300+0000] {subprocess.py:106} INFO - 25/12/16 03:29:42 INFO TaskSetManager: Finished task 40.0 in stage 4.0 (TID 46) in 248 ms on 172.18.0.7 (executor 0) (38/50)
[2025-12-16T03:29:42.309+0000] {subprocess.py:106} INFO - 25/12/16 03:29:42 INFO TaskSetManager: Finished task 36.0 in stage 4.0 (TID 42) in 304 ms on 172.18.0.7 (executor 0) (39/50)
[2025-12-16T03:29:42.311+0000] {subprocess.py:106} INFO - 25/12/16 03:29:42 INFO TaskSetManager: Finished task 31.0 in stage 4.0 (TID 38) in 332 ms on 172.18.0.7 (executor 0) (40/50)
[2025-12-16T03:29:42.312+0000] {subprocess.py:106} INFO - 25/12/16 03:29:42 INFO TaskSetManager: Finished task 44.0 in stage 4.0 (TID 49) in 250 ms on 172.18.0.7 (executor 0) (41/50)
[2025-12-16T03:29:42.313+0000] {subprocess.py:106} INFO - 25/12/16 03:29:42 INFO TaskSetManager: Finished task 47.0 in stage 4.0 (TID 52) in 238 ms on 172.18.0.7 (executor 0) (42/50)
[2025-12-16T03:29:42.327+0000] {subprocess.py:106} INFO - 25/12/16 03:29:42 INFO TaskSetManager: Finished task 41.0 in stage 4.0 (TID 47) in 270 ms on 172.18.0.7 (executor 0) (43/50)
[2025-12-16T03:29:42.339+0000] {subprocess.py:106} INFO - 25/12/16 03:29:42 INFO TaskSetManager: Finished task 45.0 in stage 4.0 (TID 50) in 272 ms on 172.18.0.7 (executor 0) (44/50)
[2025-12-16T03:29:42.342+0000] {subprocess.py:106} INFO - 25/12/16 03:29:42 INFO TaskSetManager: Finished task 43.0 in stage 4.0 (TID 48) in 282 ms on 172.18.0.7 (executor 0) (45/50)
[2025-12-16T03:29:42.344+0000] {subprocess.py:106} INFO - 25/12/16 03:29:42 INFO TaskSetManager: Finished task 39.0 in stage 4.0 (TID 45) in 324 ms on 172.18.0.7 (executor 0) (46/50)
[2025-12-16T03:29:42.346+0000] {subprocess.py:106} INFO - 25/12/16 03:29:42 INFO TaskSetManager: Finished task 38.0 in stage 4.0 (TID 44) in 335 ms on 172.18.0.7 (executor 0) (47/50)
[2025-12-16T03:29:42.348+0000] {subprocess.py:106} INFO - 25/12/16 03:29:42 INFO TaskSetManager: Finished task 46.0 in stage 4.0 (TID 51) in 278 ms on 172.18.0.7 (executor 0) (48/50)
[2025-12-16T03:29:42.367+0000] {subprocess.py:106} INFO - 25/12/16 03:29:42 INFO BlockManagerInfo: Added rdd_18_48 in memory on 172.18.0.7:41729 (size: 46.0 B, free: 434.2 MiB)
[2025-12-16T03:29:42.368+0000] {subprocess.py:106} INFO - 25/12/16 03:29:42 INFO BlockManagerInfo: Added rdd_18_49 in memory on 172.18.0.7:41729 (size: 46.0 B, free: 434.2 MiB)
[2025-12-16T03:29:42.395+0000] {subprocess.py:106} INFO - 25/12/16 03:29:42 INFO TaskSetManager: Finished task 49.0 in stage 4.0 (TID 54) in 130 ms on 172.18.0.7 (executor 0) (49/50)
[2025-12-16T03:29:42.396+0000] {subprocess.py:106} INFO - 25/12/16 03:29:42 INFO TaskSetManager: Finished task 48.0 in stage 4.0 (TID 53) in 142 ms on 172.18.0.7 (executor 0) (50/50)
[2025-12-16T03:29:42.397+0000] {subprocess.py:106} INFO - 25/12/16 03:29:42 INFO TaskSchedulerImpl: Removed TaskSet 4.0, whose tasks have all completed, from pool
[2025-12-16T03:29:42.398+0000] {subprocess.py:106} INFO - 25/12/16 03:29:42 INFO DAGScheduler: ShuffleMapStage 4 ($anonfun$recordDeltaOperationInternal$1 at DatabricksLogging.scala:128) finished in 4.094 s
[2025-12-16T03:29:42.398+0000] {subprocess.py:106} INFO - 25/12/16 03:29:42 INFO DAGScheduler: looking for newly runnable stages
[2025-12-16T03:29:42.399+0000] {subprocess.py:106} INFO - 25/12/16 03:29:42 INFO DAGScheduler: running: Set()
[2025-12-16T03:29:42.399+0000] {subprocess.py:106} INFO - 25/12/16 03:29:42 INFO DAGScheduler: waiting: Set()
[2025-12-16T03:29:42.400+0000] {subprocess.py:106} INFO - 25/12/16 03:29:42 INFO DAGScheduler: failed: Set()
[2025-12-16T03:29:42.442+0000] {subprocess.py:106} INFO - 25/12/16 03:29:42 INFO BlockManagerInfo: Removed broadcast_7_piece0 on 3ad9a82189be:37965 in memory (size: 123.2 KiB, free: 434.3 MiB)
[2025-12-16T03:29:42.443+0000] {subprocess.py:106} INFO - 25/12/16 03:29:42 INFO BlockManagerInfo: Removed broadcast_7_piece0 on 172.18.0.7:41729 in memory (size: 123.2 KiB, free: 434.4 MiB)
[2025-12-16T03:29:42.455+0000] {subprocess.py:106} INFO - 25/12/16 03:29:42 INFO SparkContext: Starting job: $anonfun$recordDeltaOperationInternal$1 at DatabricksLogging.scala:128
[2025-12-16T03:29:42.457+0000] {subprocess.py:106} INFO - 25/12/16 03:29:42 INFO DAGScheduler: Got job 4 ($anonfun$recordDeltaOperationInternal$1 at DatabricksLogging.scala:128) with 1 output partitions
[2025-12-16T03:29:42.458+0000] {subprocess.py:106} INFO - 25/12/16 03:29:42 INFO DAGScheduler: Final stage: ResultStage 7 ($anonfun$recordDeltaOperationInternal$1 at DatabricksLogging.scala:128)
[2025-12-16T03:29:42.459+0000] {subprocess.py:106} INFO - 25/12/16 03:29:42 INFO DAGScheduler: Parents of final stage: List(ShuffleMapStage 6)
[2025-12-16T03:29:42.460+0000] {subprocess.py:106} INFO - 25/12/16 03:29:42 INFO DAGScheduler: Missing parents: List()
[2025-12-16T03:29:42.461+0000] {subprocess.py:106} INFO - 25/12/16 03:29:42 INFO DAGScheduler: Submitting ResultStage 7 (MapPartitionsRDD[24] at $anonfun$recordDeltaOperationInternal$1 at DatabricksLogging.scala:128), which has no missing parents
[2025-12-16T03:29:42.468+0000] {subprocess.py:106} INFO - 25/12/16 03:29:42 INFO MemoryStore: Block broadcast_8 stored as values in memory (estimated size 452.3 KiB, free 433.5 MiB)
[2025-12-16T03:29:42.472+0000] {subprocess.py:106} INFO - 25/12/16 03:29:42 INFO MemoryStore: Block broadcast_8_piece0 stored as bytes in memory (estimated size 108.1 KiB, free 433.4 MiB)
[2025-12-16T03:29:42.474+0000] {subprocess.py:106} INFO - 25/12/16 03:29:42 INFO BlockManagerInfo: Added broadcast_8_piece0 in memory on 3ad9a82189be:37965 (size: 108.1 KiB, free: 434.2 MiB)
[2025-12-16T03:29:42.475+0000] {subprocess.py:106} INFO - 25/12/16 03:29:42 INFO SparkContext: Created broadcast 8 from broadcast at DAGScheduler.scala:1535
[2025-12-16T03:29:42.476+0000] {subprocess.py:106} INFO - 25/12/16 03:29:42 INFO DAGScheduler: Submitting 1 missing tasks from ResultStage 7 (MapPartitionsRDD[24] at $anonfun$recordDeltaOperationInternal$1 at DatabricksLogging.scala:128) (first 15 tasks are for partitions Vector(0))
[2025-12-16T03:29:42.478+0000] {subprocess.py:106} INFO - 25/12/16 03:29:42 INFO TaskSchedulerImpl: Adding task set 7.0 with 1 tasks resource profile 0
[2025-12-16T03:29:42.479+0000] {subprocess.py:106} INFO - 25/12/16 03:29:42 INFO TaskSetManager: Starting task 0.0 in stage 7.0 (TID 55) (172.18.0.7, executor 0, partition 0, NODE_LOCAL, 7367 bytes)
[2025-12-16T03:29:42.506+0000] {subprocess.py:106} INFO - 25/12/16 03:29:42 INFO BlockManagerInfo: Added broadcast_8_piece0 in memory on 172.18.0.7:41729 (size: 108.1 KiB, free: 434.3 MiB)
[2025-12-16T03:29:42.525+0000] {subprocess.py:106} INFO - 25/12/16 03:29:42 INFO MapOutputTrackerMasterEndpoint: Asked to send map output locations for shuffle 1 to 172.18.0.7:60316
[2025-12-16T03:29:42.625+0000] {subprocess.py:106} INFO - 25/12/16 03:29:42 INFO TaskSetManager: Finished task 0.0 in stage 7.0 (TID 55) in 147 ms on 172.18.0.7 (executor 0) (1/1)
[2025-12-16T03:29:42.626+0000] {subprocess.py:106} INFO - 25/12/16 03:29:42 INFO TaskSchedulerImpl: Removed TaskSet 7.0, whose tasks have all completed, from pool
[2025-12-16T03:29:42.627+0000] {subprocess.py:106} INFO - 25/12/16 03:29:42 INFO DAGScheduler: ResultStage 7 ($anonfun$recordDeltaOperationInternal$1 at DatabricksLogging.scala:128) finished in 0.164 s
[2025-12-16T03:29:42.628+0000] {subprocess.py:106} INFO - 25/12/16 03:29:42 INFO DAGScheduler: Job 4 is finished. Cancelling potential speculative or zombie tasks for this job
[2025-12-16T03:29:42.628+0000] {subprocess.py:106} INFO - 25/12/16 03:29:42 INFO TaskSchedulerImpl: Killing all running tasks in stage 7: Stage finished
[2025-12-16T03:29:42.629+0000] {subprocess.py:106} INFO - 25/12/16 03:29:42 INFO DAGScheduler: Job 4 finished: $anonfun$recordDeltaOperationInternal$1 at DatabricksLogging.scala:128, took 0.171868 s
[2025-12-16T03:29:42.681+0000] {subprocess.py:106} INFO - 25/12/16 03:29:42 INFO CodeGenerator: Code generated in 39.852937 ms
[2025-12-16T03:29:42.685+0000] {subprocess.py:106} INFO - 25/12/16 03:29:42 INFO Snapshot: [tableId=ea7f9373-3abb-435f-88d8-2fe489252926] DELTA: Done
[2025-12-16T03:29:42.735+0000] {subprocess.py:106} INFO - 25/12/16 03:29:42 INFO BlockManagerInfo: Removed broadcast_8_piece0 on 3ad9a82189be:37965 in memory (size: 108.1 KiB, free: 434.3 MiB)
[2025-12-16T03:29:42.738+0000] {subprocess.py:106} INFO - 25/12/16 03:29:42 INFO BlockManagerInfo: Removed broadcast_8_piece0 on 172.18.0.7:41729 in memory (size: 108.1 KiB, free: 434.4 MiB)
[2025-12-16T03:29:43.086+0000] {subprocess.py:106} INFO - 25/12/16 03:29:43 INFO CodeGenerator: Code generated in 118.690048 ms
[2025-12-16T03:29:43.111+0000] {subprocess.py:106} INFO - 25/12/16 03:29:43 INFO SparkContext: Starting job: $anonfun$recordDeltaOperationInternal$1 at DatabricksLogging.scala:128
[2025-12-16T03:29:43.112+0000] {subprocess.py:106} INFO - 25/12/16 03:29:43 INFO DAGScheduler: Got job 5 ($anonfun$recordDeltaOperationInternal$1 at DatabricksLogging.scala:128) with 50 output partitions
[2025-12-16T03:29:43.113+0000] {subprocess.py:106} INFO - 25/12/16 03:29:43 INFO DAGScheduler: Final stage: ResultStage 9 ($anonfun$recordDeltaOperationInternal$1 at DatabricksLogging.scala:128)
[2025-12-16T03:29:43.113+0000] {subprocess.py:106} INFO - 25/12/16 03:29:43 INFO DAGScheduler: Parents of final stage: List(ShuffleMapStage 8)
[2025-12-16T03:29:43.115+0000] {subprocess.py:106} INFO - 25/12/16 03:29:43 INFO DAGScheduler: Missing parents: List()
[2025-12-16T03:29:43.116+0000] {subprocess.py:106} INFO - 25/12/16 03:29:43 INFO DAGScheduler: Submitting ResultStage 9 (MapPartitionsRDD[26] at $anonfun$recordDeltaOperationInternal$1 at DatabricksLogging.scala:128), which has no missing parents
[2025-12-16T03:29:43.124+0000] {subprocess.py:106} INFO - 25/12/16 03:29:43 INFO MemoryStore: Block broadcast_9 stored as values in memory (estimated size 592.3 KiB, free 433.3 MiB)
[2025-12-16T03:29:43.128+0000] {subprocess.py:106} INFO - 25/12/16 03:29:43 INFO MemoryStore: Block broadcast_9_piece0 stored as bytes in memory (estimated size 138.5 KiB, free 433.2 MiB)
[2025-12-16T03:29:43.131+0000] {subprocess.py:106} INFO - 25/12/16 03:29:43 INFO BlockManagerInfo: Added broadcast_9_piece0 in memory on 3ad9a82189be:37965 (size: 138.5 KiB, free: 434.2 MiB)
[2025-12-16T03:29:43.132+0000] {subprocess.py:106} INFO - 25/12/16 03:29:43 INFO SparkContext: Created broadcast 9 from broadcast at DAGScheduler.scala:1535
[2025-12-16T03:29:43.132+0000] {subprocess.py:106} INFO - 25/12/16 03:29:43 INFO DAGScheduler: Submitting 50 missing tasks from ResultStage 9 (MapPartitionsRDD[26] at $anonfun$recordDeltaOperationInternal$1 at DatabricksLogging.scala:128) (first 15 tasks are for partitions Vector(0, 1, 2, 3, 4, 5, 6, 7, 8, 9, 10, 11, 12, 13, 14))
[2025-12-16T03:29:43.133+0000] {subprocess.py:106} INFO - 25/12/16 03:29:43 INFO TaskSchedulerImpl: Adding task set 9.0 with 50 tasks resource profile 0
[2025-12-16T03:29:43.137+0000] {subprocess.py:106} INFO - 25/12/16 03:29:43 INFO TaskSetManager: Starting task 0.0 in stage 9.0 (TID 56) (172.18.0.7, executor 0, partition 0, PROCESS_LOCAL, 7367 bytes)
[2025-12-16T03:29:43.138+0000] {subprocess.py:106} INFO - 25/12/16 03:29:43 INFO TaskSetManager: Starting task 1.0 in stage 9.0 (TID 57) (172.18.0.7, executor 0, partition 1, PROCESS_LOCAL, 7367 bytes)
[2025-12-16T03:29:43.143+0000] {subprocess.py:106} INFO - 25/12/16 03:29:43 INFO TaskSetManager: Starting task 2.0 in stage 9.0 (TID 58) (172.18.0.7, executor 0, partition 2, PROCESS_LOCAL, 7367 bytes)
[2025-12-16T03:29:43.147+0000] {subprocess.py:106} INFO - 25/12/16 03:29:43 INFO TaskSetManager: Starting task 3.0 in stage 9.0 (TID 59) (172.18.0.7, executor 0, partition 3, PROCESS_LOCAL, 7367 bytes)
[2025-12-16T03:29:43.148+0000] {subprocess.py:106} INFO - 25/12/16 03:29:43 INFO TaskSetManager: Starting task 4.0 in stage 9.0 (TID 60) (172.18.0.7, executor 0, partition 4, PROCESS_LOCAL, 7367 bytes)
[2025-12-16T03:29:43.148+0000] {subprocess.py:106} INFO - 25/12/16 03:29:43 INFO TaskSetManager: Starting task 5.0 in stage 9.0 (TID 61) (172.18.0.7, executor 0, partition 5, PROCESS_LOCAL, 7367 bytes)
[2025-12-16T03:29:43.149+0000] {subprocess.py:106} INFO - 25/12/16 03:29:43 INFO TaskSetManager: Starting task 6.0 in stage 9.0 (TID 62) (172.18.0.7, executor 0, partition 6, PROCESS_LOCAL, 7367 bytes)
[2025-12-16T03:29:43.151+0000] {subprocess.py:106} INFO - 25/12/16 03:29:43 INFO TaskSetManager: Starting task 7.0 in stage 9.0 (TID 63) (172.18.0.7, executor 0, partition 7, PROCESS_LOCAL, 7367 bytes)
[2025-12-16T03:29:43.152+0000] {subprocess.py:106} INFO - 25/12/16 03:29:43 INFO TaskSetManager: Starting task 8.0 in stage 9.0 (TID 64) (172.18.0.7, executor 0, partition 8, PROCESS_LOCAL, 7367 bytes)
[2025-12-16T03:29:43.153+0000] {subprocess.py:106} INFO - 25/12/16 03:29:43 INFO TaskSetManager: Starting task 9.0 in stage 9.0 (TID 65) (172.18.0.7, executor 0, partition 9, PROCESS_LOCAL, 7367 bytes)
[2025-12-16T03:29:43.154+0000] {subprocess.py:106} INFO - 25/12/16 03:29:43 INFO TaskSetManager: Starting task 10.0 in stage 9.0 (TID 66) (172.18.0.7, executor 0, partition 10, PROCESS_LOCAL, 7367 bytes)
[2025-12-16T03:29:43.156+0000] {subprocess.py:106} INFO - 25/12/16 03:29:43 INFO TaskSetManager: Starting task 11.0 in stage 9.0 (TID 67) (172.18.0.7, executor 0, partition 11, PROCESS_LOCAL, 7367 bytes)
[2025-12-16T03:29:43.157+0000] {subprocess.py:106} INFO - 25/12/16 03:29:43 INFO TaskSetManager: Starting task 12.0 in stage 9.0 (TID 68) (172.18.0.7, executor 0, partition 12, PROCESS_LOCAL, 7367 bytes)
[2025-12-16T03:29:43.162+0000] {subprocess.py:106} INFO - 25/12/16 03:29:43 INFO TaskSetManager: Starting task 13.0 in stage 9.0 (TID 69) (172.18.0.7, executor 0, partition 13, PROCESS_LOCAL, 7367 bytes)
[2025-12-16T03:29:43.163+0000] {subprocess.py:106} INFO - 25/12/16 03:29:43 INFO TaskSetManager: Starting task 14.0 in stage 9.0 (TID 70) (172.18.0.7, executor 0, partition 14, PROCESS_LOCAL, 7367 bytes)
[2025-12-16T03:29:43.164+0000] {subprocess.py:106} INFO - 25/12/16 03:29:43 INFO TaskSetManager: Starting task 15.0 in stage 9.0 (TID 71) (172.18.0.7, executor 0, partition 15, PROCESS_LOCAL, 7367 bytes)
[2025-12-16T03:29:43.183+0000] {subprocess.py:106} INFO - 25/12/16 03:29:43 INFO BlockManagerInfo: Added broadcast_9_piece0 in memory on 172.18.0.7:41729 (size: 138.5 KiB, free: 434.2 MiB)
[2025-12-16T03:29:43.487+0000] {subprocess.py:106} INFO - 25/12/16 03:29:43 INFO TaskSetManager: Starting task 16.0 in stage 9.0 (TID 72) (172.18.0.7, executor 0, partition 16, PROCESS_LOCAL, 7367 bytes)
[2025-12-16T03:29:43.488+0000] {subprocess.py:106} INFO - 25/12/16 03:29:43 INFO TaskSetManager: Starting task 17.0 in stage 9.0 (TID 73) (172.18.0.7, executor 0, partition 17, PROCESS_LOCAL, 7367 bytes)
[2025-12-16T03:29:43.489+0000] {subprocess.py:106} INFO - 25/12/16 03:29:43 INFO TaskSetManager: Finished task 7.0 in stage 9.0 (TID 63) in 344 ms on 172.18.0.7 (executor 0) (1/50)
[2025-12-16T03:29:43.491+0000] {subprocess.py:106} INFO - 25/12/16 03:29:43 INFO TaskSetManager: Starting task 18.0 in stage 9.0 (TID 74) (172.18.0.7, executor 0, partition 18, PROCESS_LOCAL, 7367 bytes)
[2025-12-16T03:29:43.494+0000] {subprocess.py:106} INFO - 25/12/16 03:29:43 INFO TaskSetManager: Finished task 2.0 in stage 9.0 (TID 58) in 349 ms on 172.18.0.7 (executor 0) (2/50)
[2025-12-16T03:29:43.498+0000] {subprocess.py:106} INFO - 25/12/16 03:29:43 INFO TaskSetManager: Starting task 19.0 in stage 9.0 (TID 75) (172.18.0.7, executor 0, partition 19, PROCESS_LOCAL, 7367 bytes)
[2025-12-16T03:29:43.500+0000] {subprocess.py:106} INFO - 25/12/16 03:29:43 INFO TaskSetManager: Finished task 0.0 in stage 9.0 (TID 56) in 357 ms on 172.18.0.7 (executor 0) (3/50)
[2025-12-16T03:29:43.506+0000] {subprocess.py:106} INFO - 25/12/16 03:29:43 INFO TaskSetManager: Starting task 20.0 in stage 9.0 (TID 76) (172.18.0.7, executor 0, partition 20, PROCESS_LOCAL, 7367 bytes)
[2025-12-16T03:29:43.509+0000] {subprocess.py:106} INFO - 25/12/16 03:29:43 INFO TaskSetManager: Starting task 21.0 in stage 9.0 (TID 77) (172.18.0.7, executor 0, partition 21, PROCESS_LOCAL, 7367 bytes)
[2025-12-16T03:29:43.510+0000] {subprocess.py:106} INFO - 25/12/16 03:29:43 INFO TaskSetManager: Starting task 22.0 in stage 9.0 (TID 78) (172.18.0.7, executor 0, partition 22, PROCESS_LOCAL, 7367 bytes)
[2025-12-16T03:29:43.511+0000] {subprocess.py:106} INFO - 25/12/16 03:29:43 INFO TaskSetManager: Starting task 23.0 in stage 9.0 (TID 79) (172.18.0.7, executor 0, partition 23, PROCESS_LOCAL, 7367 bytes)
[2025-12-16T03:29:43.512+0000] {subprocess.py:106} INFO - 25/12/16 03:29:43 INFO TaskSetManager: Finished task 13.0 in stage 9.0 (TID 69) in 357 ms on 172.18.0.7 (executor 0) (4/50)
[2025-12-16T03:29:43.513+0000] {subprocess.py:106} INFO - 25/12/16 03:29:43 INFO TaskSetManager: Finished task 1.0 in stage 9.0 (TID 57) in 367 ms on 172.18.0.7 (executor 0) (5/50)
[2025-12-16T03:29:43.516+0000] {subprocess.py:106} INFO - 25/12/16 03:29:43 INFO TaskSetManager: Finished task 5.0 in stage 9.0 (TID 61) in 361 ms on 172.18.0.7 (executor 0) (6/50)
[2025-12-16T03:29:43.517+0000] {subprocess.py:106} INFO - 25/12/16 03:29:43 INFO TaskSetManager: Finished task 8.0 in stage 9.0 (TID 64) in 361 ms on 172.18.0.7 (executor 0) (7/50)
[2025-12-16T03:29:43.520+0000] {subprocess.py:106} INFO - 25/12/16 03:29:43 INFO TaskSetManager: Finished task 3.0 in stage 9.0 (TID 59) in 364 ms on 172.18.0.7 (executor 0) (8/50)
[2025-12-16T03:29:43.521+0000] {subprocess.py:106} INFO - 25/12/16 03:29:43 INFO TaskSetManager: Starting task 24.0 in stage 9.0 (TID 80) (172.18.0.7, executor 0, partition 24, PROCESS_LOCAL, 7367 bytes)
[2025-12-16T03:29:43.524+0000] {subprocess.py:106} INFO - 25/12/16 03:29:43 INFO TaskSetManager: Finished task 14.0 in stage 9.0 (TID 70) in 363 ms on 172.18.0.7 (executor 0) (9/50)
[2025-12-16T03:29:43.526+0000] {subprocess.py:106} INFO - 25/12/16 03:29:43 INFO TaskSetManager: Starting task 25.0 in stage 9.0 (TID 81) (172.18.0.7, executor 0, partition 25, PROCESS_LOCAL, 7367 bytes)
[2025-12-16T03:29:43.529+0000] {subprocess.py:106} INFO - 25/12/16 03:29:43 INFO TaskSetManager: Finished task 12.0 in stage 9.0 (TID 68) in 367 ms on 172.18.0.7 (executor 0) (10/50)
[2025-12-16T03:29:43.531+0000] {subprocess.py:106} INFO - 25/12/16 03:29:43 INFO TaskSetManager: Starting task 26.0 in stage 9.0 (TID 82) (172.18.0.7, executor 0, partition 26, PROCESS_LOCAL, 7367 bytes)
[2025-12-16T03:29:43.536+0000] {subprocess.py:106} INFO - 25/12/16 03:29:43 INFO TaskSetManager: Finished task 4.0 in stage 9.0 (TID 60) in 372 ms on 172.18.0.7 (executor 0) (11/50)
[2025-12-16T03:29:43.538+0000] {subprocess.py:106} INFO - 25/12/16 03:29:43 INFO TaskSetManager: Starting task 27.0 in stage 9.0 (TID 83) (172.18.0.7, executor 0, partition 27, PROCESS_LOCAL, 7367 bytes)
[2025-12-16T03:29:43.540+0000] {subprocess.py:106} INFO - 25/12/16 03:29:43 INFO TaskSetManager: Starting task 28.0 in stage 9.0 (TID 84) (172.18.0.7, executor 0, partition 28, PROCESS_LOCAL, 7367 bytes)
[2025-12-16T03:29:43.541+0000] {subprocess.py:106} INFO - 25/12/16 03:29:43 INFO TaskSetManager: Finished task 10.0 in stage 9.0 (TID 66) in 373 ms on 172.18.0.7 (executor 0) (12/50)
[2025-12-16T03:29:43.549+0000] {subprocess.py:106} INFO - 25/12/16 03:29:43 INFO TaskSetManager: Finished task 6.0 in stage 9.0 (TID 62) in 375 ms on 172.18.0.7 (executor 0) (13/50)
[2025-12-16T03:29:43.551+0000] {subprocess.py:106} INFO - 25/12/16 03:29:43 INFO TaskSetManager: Starting task 29.0 in stage 9.0 (TID 85) (172.18.0.7, executor 0, partition 29, PROCESS_LOCAL, 7367 bytes)
[2025-12-16T03:29:43.555+0000] {subprocess.py:106} INFO - 25/12/16 03:29:43 INFO TaskSetManager: Starting task 30.0 in stage 9.0 (TID 86) (172.18.0.7, executor 0, partition 30, PROCESS_LOCAL, 7367 bytes)
[2025-12-16T03:29:43.560+0000] {subprocess.py:106} INFO - 25/12/16 03:29:43 INFO TaskSetManager: Finished task 15.0 in stage 9.0 (TID 71) in 375 ms on 172.18.0.7 (executor 0) (14/50)
[2025-12-16T03:29:43.563+0000] {subprocess.py:106} INFO - 25/12/16 03:29:43 INFO TaskSetManager: Finished task 11.0 in stage 9.0 (TID 67) in 377 ms on 172.18.0.7 (executor 0) (15/50)
[2025-12-16T03:29:43.567+0000] {subprocess.py:106} INFO - 25/12/16 03:29:43 INFO TaskSetManager: Starting task 31.0 in stage 9.0 (TID 87) (172.18.0.7, executor 0, partition 31, PROCESS_LOCAL, 7367 bytes)
[2025-12-16T03:29:43.570+0000] {subprocess.py:106} INFO - 25/12/16 03:29:43 INFO TaskSetManager: Finished task 9.0 in stage 9.0 (TID 65) in 382 ms on 172.18.0.7 (executor 0) (16/50)
[2025-12-16T03:29:43.572+0000] {subprocess.py:106} INFO - 25/12/16 03:29:43 INFO TaskSetManager: Starting task 32.0 in stage 9.0 (TID 88) (172.18.0.7, executor 0, partition 32, PROCESS_LOCAL, 7367 bytes)
[2025-12-16T03:29:43.573+0000] {subprocess.py:106} INFO - 25/12/16 03:29:43 INFO TaskSetManager: Finished task 17.0 in stage 9.0 (TID 73) in 60 ms on 172.18.0.7 (executor 0) (17/50)
[2025-12-16T03:29:43.575+0000] {subprocess.py:106} INFO - 25/12/16 03:29:43 INFO TaskSetManager: Starting task 33.0 in stage 9.0 (TID 89) (172.18.0.7, executor 0, partition 33, PROCESS_LOCAL, 7367 bytes)
[2025-12-16T03:29:43.576+0000] {subprocess.py:106} INFO - 25/12/16 03:29:43 INFO TaskSetManager: Finished task 16.0 in stage 9.0 (TID 72) in 66 ms on 172.18.0.7 (executor 0) (18/50)
[2025-12-16T03:29:43.577+0000] {subprocess.py:106} INFO - 25/12/16 03:29:43 INFO TaskSetManager: Starting task 34.0 in stage 9.0 (TID 90) (172.18.0.7, executor 0, partition 34, PROCESS_LOCAL, 7367 bytes)
[2025-12-16T03:29:43.578+0000] {subprocess.py:106} INFO - 25/12/16 03:29:43 INFO TaskSetManager: Starting task 35.0 in stage 9.0 (TID 91) (172.18.0.7, executor 0, partition 35, PROCESS_LOCAL, 7367 bytes)
[2025-12-16T03:29:43.579+0000] {subprocess.py:106} INFO - 25/12/16 03:29:43 INFO TaskSetManager: Finished task 22.0 in stage 9.0 (TID 78) in 67 ms on 172.18.0.7 (executor 0) (19/50)
[2025-12-16T03:29:43.580+0000] {subprocess.py:106} INFO - 25/12/16 03:29:43 INFO TaskSetManager: Finished task 18.0 in stage 9.0 (TID 74) in 77 ms on 172.18.0.7 (executor 0) (20/50)
[2025-12-16T03:29:43.582+0000] {subprocess.py:106} INFO - 25/12/16 03:29:43 INFO TaskSetManager: Starting task 36.0 in stage 9.0 (TID 92) (172.18.0.7, executor 0, partition 36, PROCESS_LOCAL, 7367 bytes)
[2025-12-16T03:29:43.583+0000] {subprocess.py:106} INFO - 25/12/16 03:29:43 INFO TaskSetManager: Starting task 37.0 in stage 9.0 (TID 93) (172.18.0.7, executor 0, partition 37, PROCESS_LOCAL, 7367 bytes)
[2025-12-16T03:29:43.584+0000] {subprocess.py:106} INFO - 25/12/16 03:29:43 INFO TaskSetManager: Starting task 38.0 in stage 9.0 (TID 94) (172.18.0.7, executor 0, partition 38, PROCESS_LOCAL, 7367 bytes)
[2025-12-16T03:29:43.585+0000] {subprocess.py:106} INFO - 25/12/16 03:29:43 INFO TaskSetManager: Starting task 39.0 in stage 9.0 (TID 95) (172.18.0.7, executor 0, partition 39, PROCESS_LOCAL, 7367 bytes)
[2025-12-16T03:29:43.587+0000] {subprocess.py:106} INFO - 25/12/16 03:29:43 INFO TaskSetManager: Starting task 40.0 in stage 9.0 (TID 96) (172.18.0.7, executor 0, partition 40, PROCESS_LOCAL, 7367 bytes)
[2025-12-16T03:29:43.588+0000] {subprocess.py:106} INFO - 25/12/16 03:29:43 INFO TaskSetManager: Starting task 41.0 in stage 9.0 (TID 97) (172.18.0.7, executor 0, partition 41, PROCESS_LOCAL, 7367 bytes)
[2025-12-16T03:29:43.589+0000] {subprocess.py:106} INFO - 25/12/16 03:29:43 INFO TaskSetManager: Finished task 24.0 in stage 9.0 (TID 80) in 70 ms on 172.18.0.7 (executor 0) (21/50)
[2025-12-16T03:29:43.590+0000] {subprocess.py:106} INFO - 25/12/16 03:29:43 INFO TaskSetManager: Starting task 42.0 in stage 9.0 (TID 98) (172.18.0.7, executor 0, partition 42, PROCESS_LOCAL, 7367 bytes)
[2025-12-16T03:29:43.591+0000] {subprocess.py:106} INFO - 25/12/16 03:29:43 INFO TaskSetManager: Finished task 21.0 in stage 9.0 (TID 77) in 85 ms on 172.18.0.7 (executor 0) (22/50)
[2025-12-16T03:29:43.592+0000] {subprocess.py:106} INFO - 25/12/16 03:29:43 INFO TaskSetManager: Starting task 43.0 in stage 9.0 (TID 99) (172.18.0.7, executor 0, partition 43, PROCESS_LOCAL, 7367 bytes)
[2025-12-16T03:29:43.593+0000] {subprocess.py:106} INFO - 25/12/16 03:29:43 INFO TaskSetManager: Finished task 19.0 in stage 9.0 (TID 75) in 91 ms on 172.18.0.7 (executor 0) (23/50)
[2025-12-16T03:29:43.595+0000] {subprocess.py:106} INFO - 25/12/16 03:29:43 INFO TaskSetManager: Finished task 25.0 in stage 9.0 (TID 81) in 72 ms on 172.18.0.7 (executor 0) (24/50)
[2025-12-16T03:29:43.596+0000] {subprocess.py:106} INFO - 25/12/16 03:29:43 INFO TaskSetManager: Finished task 27.0 in stage 9.0 (TID 83) in 67 ms on 172.18.0.7 (executor 0) (25/50)
[2025-12-16T03:29:43.598+0000] {subprocess.py:106} INFO - 25/12/16 03:29:43 INFO TaskSetManager: Finished task 20.0 in stage 9.0 (TID 76) in 91 ms on 172.18.0.7 (executor 0) (26/50)
[2025-12-16T03:29:43.599+0000] {subprocess.py:106} INFO - 25/12/16 03:29:43 INFO TaskSetManager: Finished task 28.0 in stage 9.0 (TID 84) in 68 ms on 172.18.0.7 (executor 0) (27/50)
[2025-12-16T03:29:43.600+0000] {subprocess.py:106} INFO - 25/12/16 03:29:43 INFO TaskSetManager: Finished task 29.0 in stage 9.0 (TID 85) in 66 ms on 172.18.0.7 (executor 0) (28/50)
[2025-12-16T03:29:43.648+0000] {subprocess.py:106} INFO - 25/12/16 03:29:43 INFO TaskSetManager: Starting task 44.0 in stage 9.0 (TID 100) (172.18.0.7, executor 0, partition 44, PROCESS_LOCAL, 7367 bytes)
[2025-12-16T03:29:43.649+0000] {subprocess.py:106} INFO - 25/12/16 03:29:43 INFO TaskSetManager: Starting task 45.0 in stage 9.0 (TID 101) (172.18.0.7, executor 0, partition 45, PROCESS_LOCAL, 7367 bytes)
[2025-12-16T03:29:43.651+0000] {subprocess.py:106} INFO - 25/12/16 03:29:43 INFO TaskSetManager: Finished task 23.0 in stage 9.0 (TID 79) in 148 ms on 172.18.0.7 (executor 0) (29/50)
[2025-12-16T03:29:43.652+0000] {subprocess.py:106} INFO - 25/12/16 03:29:43 INFO TaskSetManager: Starting task 46.0 in stage 9.0 (TID 102) (172.18.0.7, executor 0, partition 46, PROCESS_LOCAL, 7367 bytes)
[2025-12-16T03:29:43.656+0000] {subprocess.py:106} INFO - 25/12/16 03:29:43 INFO TaskSetManager: Starting task 47.0 in stage 9.0 (TID 103) (172.18.0.7, executor 0, partition 47, PROCESS_LOCAL, 7367 bytes)
[2025-12-16T03:29:43.658+0000] {subprocess.py:106} INFO - 25/12/16 03:29:43 INFO TaskSetManager: Starting task 48.0 in stage 9.0 (TID 104) (172.18.0.7, executor 0, partition 48, PROCESS_LOCAL, 7367 bytes)
[2025-12-16T03:29:43.660+0000] {subprocess.py:106} INFO - 25/12/16 03:29:43 INFO TaskSetManager: Starting task 49.0 in stage 9.0 (TID 105) (172.18.0.7, executor 0, partition 49, PROCESS_LOCAL, 7367 bytes)
[2025-12-16T03:29:43.661+0000] {subprocess.py:106} INFO - 25/12/16 03:29:43 INFO TaskSetManager: Finished task 32.0 in stage 9.0 (TID 88) in 115 ms on 172.18.0.7 (executor 0) (30/50)
[2025-12-16T03:29:43.662+0000] {subprocess.py:106} INFO - 25/12/16 03:29:43 INFO TaskSetManager: Finished task 26.0 in stage 9.0 (TID 82) in 142 ms on 172.18.0.7 (executor 0) (31/50)
[2025-12-16T03:29:43.664+0000] {subprocess.py:106} INFO - 25/12/16 03:29:43 INFO TaskSetManager: Finished task 36.0 in stage 9.0 (TID 92) in 89 ms on 172.18.0.7 (executor 0) (32/50)
[2025-12-16T03:29:43.667+0000] {subprocess.py:106} INFO - 25/12/16 03:29:43 INFO TaskSetManager: Finished task 34.0 in stage 9.0 (TID 90) in 101 ms on 172.18.0.7 (executor 0) (33/50)
[2025-12-16T03:29:43.668+0000] {subprocess.py:106} INFO - 25/12/16 03:29:43 INFO TaskSetManager: Finished task 37.0 in stage 9.0 (TID 93) in 91 ms on 172.18.0.7 (executor 0) (34/50)
[2025-12-16T03:29:43.669+0000] {subprocess.py:106} INFO - 25/12/16 03:29:43 INFO TaskSetManager: Finished task 31.0 in stage 9.0 (TID 87) in 138 ms on 172.18.0.7 (executor 0) (35/50)
[2025-12-16T03:29:43.671+0000] {subprocess.py:106} INFO - 25/12/16 03:29:43 INFO TaskSetManager: Finished task 30.0 in stage 9.0 (TID 86) in 143 ms on 172.18.0.7 (executor 0) (36/50)
[2025-12-16T03:29:43.672+0000] {subprocess.py:106} INFO - 25/12/16 03:29:43 INFO TaskSetManager: Finished task 35.0 in stage 9.0 (TID 91) in 103 ms on 172.18.0.7 (executor 0) (37/50)
[2025-12-16T03:29:43.673+0000] {subprocess.py:106} INFO - 25/12/16 03:29:43 INFO TaskSetManager: Finished task 33.0 in stage 9.0 (TID 89) in 117 ms on 172.18.0.7 (executor 0) (38/50)
[2025-12-16T03:29:43.674+0000] {subprocess.py:106} INFO - 25/12/16 03:29:43 INFO TaskSetManager: Finished task 40.0 in stage 9.0 (TID 96) in 92 ms on 172.18.0.7 (executor 0) (39/50)
[2025-12-16T03:29:43.674+0000] {subprocess.py:106} INFO - 25/12/16 03:29:43 INFO TaskSetManager: Finished task 38.0 in stage 9.0 (TID 94) in 97 ms on 172.18.0.7 (executor 0) (40/50)
[2025-12-16T03:29:43.675+0000] {subprocess.py:106} INFO - 25/12/16 03:29:43 INFO TaskSetManager: Finished task 39.0 in stage 9.0 (TID 95) in 95 ms on 172.18.0.7 (executor 0) (41/50)
[2025-12-16T03:29:43.676+0000] {subprocess.py:106} INFO - 25/12/16 03:29:43 INFO TaskSetManager: Finished task 41.0 in stage 9.0 (TID 97) in 93 ms on 172.18.0.7 (executor 0) (42/50)
[2025-12-16T03:29:43.703+0000] {subprocess.py:106} INFO - 25/12/16 03:29:43 INFO TaskSetManager: Finished task 42.0 in stage 9.0 (TID 98) in 115 ms on 172.18.0.7 (executor 0) (43/50)
[2025-12-16T03:29:43.706+0000] {subprocess.py:106} INFO - 25/12/16 03:29:43 INFO TaskSetManager: Finished task 43.0 in stage 9.0 (TID 99) in 123 ms on 172.18.0.7 (executor 0) (44/50)
[2025-12-16T03:29:43.707+0000] {subprocess.py:106} INFO - 25/12/16 03:29:43 INFO TaskSetManager: Finished task 49.0 in stage 9.0 (TID 105) in 52 ms on 172.18.0.7 (executor 0) (45/50)
[2025-12-16T03:29:43.708+0000] {subprocess.py:106} INFO - 25/12/16 03:29:43 INFO TaskSetManager: Finished task 46.0 in stage 9.0 (TID 102) in 58 ms on 172.18.0.7 (executor 0) (46/50)
[2025-12-16T03:29:43.709+0000] {subprocess.py:106} INFO - 25/12/16 03:29:43 INFO TaskSetManager: Finished task 45.0 in stage 9.0 (TID 101) in 62 ms on 172.18.0.7 (executor 0) (47/50)
[2025-12-16T03:29:43.710+0000] {subprocess.py:106} INFO - 25/12/16 03:29:43 INFO TaskSetManager: Finished task 47.0 in stage 9.0 (TID 103) in 58 ms on 172.18.0.7 (executor 0) (48/50)
[2025-12-16T03:29:43.712+0000] {subprocess.py:106} INFO - 25/12/16 03:29:43 INFO TaskSetManager: Finished task 44.0 in stage 9.0 (TID 100) in 66 ms on 172.18.0.7 (executor 0) (49/50)
[2025-12-16T03:29:43.713+0000] {subprocess.py:106} INFO - 25/12/16 03:29:43 INFO TaskSetManager: Finished task 48.0 in stage 9.0 (TID 104) in 58 ms on 172.18.0.7 (executor 0) (50/50)
[2025-12-16T03:29:43.714+0000] {subprocess.py:106} INFO - 25/12/16 03:29:43 INFO TaskSchedulerImpl: Removed TaskSet 9.0, whose tasks have all completed, from pool
[2025-12-16T03:29:43.715+0000] {subprocess.py:106} INFO - 25/12/16 03:29:43 INFO DAGScheduler: ResultStage 9 ($anonfun$recordDeltaOperationInternal$1 at DatabricksLogging.scala:128) finished in 0.595 s
[2025-12-16T03:29:43.716+0000] {subprocess.py:106} INFO - 25/12/16 03:29:43 INFO DAGScheduler: Job 5 is finished. Cancelling potential speculative or zombie tasks for this job
[2025-12-16T03:29:43.717+0000] {subprocess.py:106} INFO - 25/12/16 03:29:43 INFO TaskSchedulerImpl: Killing all running tasks in stage 9: Stage finished
[2025-12-16T03:29:43.717+0000] {subprocess.py:106} INFO - 25/12/16 03:29:43 INFO DAGScheduler: Job 5 finished: $anonfun$recordDeltaOperationInternal$1 at DatabricksLogging.scala:128, took 0.608632 s
[2025-12-16T03:29:43.773+0000] {subprocess.py:106} INFO - 25/12/16 03:29:43 INFO BlockManagerInfo: Removed broadcast_9_piece0 on 3ad9a82189be:37965 in memory (size: 138.5 KiB, free: 434.3 MiB)
[2025-12-16T03:29:43.774+0000] {subprocess.py:106} INFO - 25/12/16 03:29:43 INFO CodeGenerator: Code generated in 46.370032 ms
[2025-12-16T03:29:43.775+0000] {subprocess.py:106} INFO - 25/12/16 03:29:43 INFO BlockManagerInfo: Removed broadcast_9_piece0 on 172.18.0.7:41729 in memory (size: 138.5 KiB, free: 434.4 MiB)
[2025-12-16T03:29:43.779+0000] {subprocess.py:106} INFO - 25/12/16 03:29:43 INFO PrepareDeltaScan: DELTA: Done
[2025-12-16T03:29:43.794+0000] {subprocess.py:106} INFO - 25/12/16 03:29:43 INFO FileSourceStrategy: Pushed Filters:
[2025-12-16T03:29:43.795+0000] {subprocess.py:106} INFO - 25/12/16 03:29:43 INFO FileSourceStrategy: Post-Scan Filters:
[2025-12-16T03:29:43.893+0000] {subprocess.py:106} INFO - 25/12/16 03:29:43 INFO ParquetUtils: Using default output committer for Parquet: org.apache.parquet.hadoop.ParquetOutputCommitter
[2025-12-16T03:29:43.937+0000] {subprocess.py:106} INFO - 25/12/16 03:29:43 INFO CodeGenerator: Code generated in 14.860488 ms
[2025-12-16T03:29:43.947+0000] {subprocess.py:106} INFO - 25/12/16 03:29:43 INFO MemoryStore: Block broadcast_10 stored as values in memory (estimated size 214.6 KiB, free 433.7 MiB)
[2025-12-16T03:29:43.956+0000] {subprocess.py:106} INFO - 25/12/16 03:29:43 INFO MemoryStore: Block broadcast_10_piece0 stored as bytes in memory (estimated size 37.0 KiB, free 433.7 MiB)
[2025-12-16T03:29:43.957+0000] {subprocess.py:106} INFO - 25/12/16 03:29:43 INFO BlockManagerInfo: Added broadcast_10_piece0 in memory on 3ad9a82189be:37965 (size: 37.0 KiB, free: 434.3 MiB)
[2025-12-16T03:29:43.958+0000] {subprocess.py:106} INFO - 25/12/16 03:29:43 INFO SparkContext: Created broadcast 10 from save at <unknown>:0
[2025-12-16T03:29:43.967+0000] {subprocess.py:106} INFO - 25/12/16 03:29:43 INFO FileSourceScanExec: Planning scan with bin packing, max size: 4194304 bytes, open cost is considered as scanning 4194304 bytes.
[2025-12-16T03:29:44.053+0000] {subprocess.py:106} INFO - 25/12/16 03:29:44 INFO SparkContext: Starting job: save at <unknown>:0
[2025-12-16T03:29:44.054+0000] {subprocess.py:106} INFO - 25/12/16 03:29:44 INFO DAGScheduler: Got job 6 (save at <unknown>:0) with 1 output partitions
[2025-12-16T03:29:44.055+0000] {subprocess.py:106} INFO - 25/12/16 03:29:44 INFO DAGScheduler: Final stage: ResultStage 10 (save at <unknown>:0)
[2025-12-16T03:29:44.056+0000] {subprocess.py:106} INFO - 25/12/16 03:29:44 INFO DAGScheduler: Parents of final stage: List()
[2025-12-16T03:29:44.057+0000] {subprocess.py:106} INFO - 25/12/16 03:29:44 INFO DAGScheduler: Missing parents: List()
[2025-12-16T03:29:44.057+0000] {subprocess.py:106} INFO - 25/12/16 03:29:44 INFO DAGScheduler: Submitting ResultStage 10 (MapPartitionsRDD[29] at save at <unknown>:0), which has no missing parents
[2025-12-16T03:29:44.109+0000] {subprocess.py:106} INFO - 25/12/16 03:29:44 INFO MemoryStore: Block broadcast_11 stored as values in memory (estimated size 358.3 KiB, free 433.3 MiB)
[2025-12-16T03:29:44.113+0000] {subprocess.py:106} INFO - 25/12/16 03:29:44 INFO MemoryStore: Block broadcast_11_piece0 stored as bytes in memory (estimated size 127.9 KiB, free 433.2 MiB)
[2025-12-16T03:29:44.115+0000] {subprocess.py:106} INFO - 25/12/16 03:29:44 INFO BlockManagerInfo: Added broadcast_11_piece0 in memory on 3ad9a82189be:37965 (size: 127.9 KiB, free: 434.2 MiB)
[2025-12-16T03:29:44.116+0000] {subprocess.py:106} INFO - 25/12/16 03:29:44 INFO SparkContext: Created broadcast 11 from broadcast at DAGScheduler.scala:1535
[2025-12-16T03:29:44.117+0000] {subprocess.py:106} INFO - 25/12/16 03:29:44 INFO DAGScheduler: Submitting 1 missing tasks from ResultStage 10 (MapPartitionsRDD[29] at save at <unknown>:0) (first 15 tasks are for partitions Vector(0))
[2025-12-16T03:29:44.118+0000] {subprocess.py:106} INFO - 25/12/16 03:29:44 INFO TaskSchedulerImpl: Adding task set 10.0 with 1 tasks resource profile 0
[2025-12-16T03:29:44.119+0000] {subprocess.py:106} INFO - 25/12/16 03:29:44 INFO TaskSetManager: Starting task 0.0 in stage 10.0 (TID 106) (172.18.0.7, executor 0, partition 0, PROCESS_LOCAL, 7973 bytes)
[2025-12-16T03:29:44.136+0000] {subprocess.py:106} INFO - 25/12/16 03:29:44 INFO BlockManagerInfo: Added broadcast_11_piece0 in memory on 172.18.0.7:41729 (size: 127.9 KiB, free: 434.2 MiB)
[2025-12-16T03:29:44.855+0000] {subprocess.py:106} INFO - 25/12/16 03:29:44 INFO BlockManagerInfo: Added broadcast_10_piece0 in memory on 172.18.0.7:41729 (size: 37.0 KiB, free: 434.2 MiB)
[2025-12-16T03:29:45.495+0000] {subprocess.py:106} INFO - 25/12/16 03:29:45 INFO TaskSetManager: Finished task 0.0 in stage 10.0 (TID 106) in 1376 ms on 172.18.0.7 (executor 0) (1/1)
[2025-12-16T03:29:45.496+0000] {subprocess.py:106} INFO - 25/12/16 03:29:45 INFO TaskSchedulerImpl: Removed TaskSet 10.0, whose tasks have all completed, from pool
[2025-12-16T03:29:45.496+0000] {subprocess.py:106} INFO - 25/12/16 03:29:45 INFO DAGScheduler: ResultStage 10 (save at <unknown>:0) finished in 1.438 s
[2025-12-16T03:29:45.497+0000] {subprocess.py:106} INFO - 25/12/16 03:29:45 INFO DAGScheduler: Job 6 is finished. Cancelling potential speculative or zombie tasks for this job
[2025-12-16T03:29:45.497+0000] {subprocess.py:106} INFO - 25/12/16 03:29:45 INFO TaskSchedulerImpl: Killing all running tasks in stage 10: Stage finished
[2025-12-16T03:29:45.498+0000] {subprocess.py:106} INFO - 25/12/16 03:29:45 INFO DAGScheduler: Job 6 finished: save at <unknown>:0, took 1.444104 s
[2025-12-16T03:29:45.499+0000] {subprocess.py:106} INFO - 25/12/16 03:29:45 INFO FileFormatWriter: Start to commit write Job 754e947d-42f1-4421-9b09-93573e361016.
[2025-12-16T03:29:45.501+0000] {subprocess.py:106} INFO - 25/12/16 03:29:45 INFO FileFormatWriter: Write Job 754e947d-42f1-4421-9b09-93573e361016 committed. Elapsed time: 1 ms.
[2025-12-16T03:29:45.505+0000] {subprocess.py:106} INFO - 25/12/16 03:29:45 INFO FileFormatWriter: Finished processing stats for write job 754e947d-42f1-4421-9b09-93573e361016.
[2025-12-16T03:29:45.541+0000] {subprocess.py:106} INFO - 25/12/16 03:29:45 INFO BlockManagerInfo: Removed broadcast_11_piece0 on 3ad9a82189be:37965 in memory (size: 127.9 KiB, free: 434.3 MiB)
[2025-12-16T03:29:45.544+0000] {subprocess.py:106} INFO - 25/12/16 03:29:45 INFO BlockManagerInfo: Removed broadcast_11_piece0 on 172.18.0.7:41729 in memory (size: 127.9 KiB, free: 434.3 MiB)
[2025-12-16T03:29:45.691+0000] {subprocess.py:106} INFO - 25/12/16 03:29:45 INFO SparkContext: Starting job: $anonfun$recordDeltaOperationInternal$1 at DatabricksLogging.scala:128
[2025-12-16T03:29:45.692+0000] {subprocess.py:106} INFO - 25/12/16 03:29:45 INFO DAGScheduler: Job 7 finished: $anonfun$recordDeltaOperationInternal$1 at DatabricksLogging.scala:128, took 0.000332 s
[2025-12-16T03:29:45.737+0000] {subprocess.py:106} INFO - 25/12/16 03:29:45 INFO OptimisticTransaction: [tableId=4ab65392,txnId=ceea0a2b] Attempting to commit version 0 with 4 actions with Serializable isolation level
[2025-12-16T03:29:45.969+0000] {subprocess.py:106} INFO - 25/12/16 03:29:45 INFO DeltaLog: Creating a new snapshot v0 for commit version 0
[2025-12-16T03:29:45.970+0000] {subprocess.py:106} INFO - 25/12/16 03:29:45 INFO DeltaLog: Loading version 0.
[2025-12-16T03:29:45.974+0000] {subprocess.py:106} INFO - 25/12/16 03:29:45 INFO DeltaLogFileIndex: Created DeltaLogFileIndex(JSON, numFilesInSegment: 1, totalFileSize: 2272)
[2025-12-16T03:29:46.003+0000] {subprocess.py:106} INFO - 25/12/16 03:29:46 INFO FileSourceStrategy: Pushed Filters:
[2025-12-16T03:29:46.004+0000] {subprocess.py:106} INFO - 25/12/16 03:29:46 INFO FileSourceStrategy: Post-Scan Filters:
[2025-12-16T03:29:46.020+0000] {subprocess.py:106} INFO - 25/12/16 03:29:46 INFO MemoryStore: Block broadcast_12 stored as values in memory (estimated size 212.9 KiB, free 433.5 MiB)
[2025-12-16T03:29:46.028+0000] {subprocess.py:106} INFO - 25/12/16 03:29:46 INFO MemoryStore: Block broadcast_12_piece0 stored as bytes in memory (estimated size 36.4 KiB, free 433.4 MiB)
[2025-12-16T03:29:46.029+0000] {subprocess.py:106} INFO - 25/12/16 03:29:46 INFO BlockManagerInfo: Added broadcast_12_piece0 in memory on 3ad9a82189be:37965 (size: 36.4 KiB, free: 434.3 MiB)
[2025-12-16T03:29:46.031+0000] {subprocess.py:106} INFO - 25/12/16 03:29:46 INFO SparkContext: Created broadcast 12 from toString at <unknown>:0
[2025-12-16T03:29:46.032+0000] {subprocess.py:106} INFO - 25/12/16 03:29:46 INFO FileSourceScanExec: Planning scan with bin packing, max size: 4194304 bytes, open cost is considered as scanning 4194304 bytes.
[2025-12-16T03:29:46.050+0000] {subprocess.py:106} INFO - 25/12/16 03:29:46 INFO SparkContext: Starting job: toString at <unknown>:0
[2025-12-16T03:29:46.051+0000] {subprocess.py:106} INFO - 25/12/16 03:29:46 INFO DAGScheduler: Got job 8 (toString at <unknown>:0) with 1 output partitions
[2025-12-16T03:29:46.052+0000] {subprocess.py:106} INFO - 25/12/16 03:29:46 INFO DAGScheduler: Final stage: ResultStage 11 (toString at <unknown>:0)
[2025-12-16T03:29:46.053+0000] {subprocess.py:106} INFO - 25/12/16 03:29:46 INFO DAGScheduler: Parents of final stage: List()
[2025-12-16T03:29:46.053+0000] {subprocess.py:106} INFO - 25/12/16 03:29:46 INFO DAGScheduler: Missing parents: List()
[2025-12-16T03:29:46.054+0000] {subprocess.py:106} INFO - 25/12/16 03:29:46 INFO DAGScheduler: Submitting ResultStage 11 (MapPartitionsRDD[37] at toString at <unknown>:0), which has no missing parents
[2025-12-16T03:29:46.055+0000] {subprocess.py:106} INFO - 25/12/16 03:29:46 INFO MemoryStore: Block broadcast_13 stored as values in memory (estimated size 50.4 KiB, free 433.4 MiB)
[2025-12-16T03:29:46.057+0000] {subprocess.py:106} INFO - 25/12/16 03:29:46 INFO MemoryStore: Block broadcast_13_piece0 stored as bytes in memory (estimated size 15.5 KiB, free 433.4 MiB)
[2025-12-16T03:29:46.058+0000] {subprocess.py:106} INFO - 25/12/16 03:29:46 INFO BlockManagerInfo: Added broadcast_13_piece0 in memory on 3ad9a82189be:37965 (size: 15.5 KiB, free: 434.2 MiB)
[2025-12-16T03:29:46.058+0000] {subprocess.py:106} INFO - 25/12/16 03:29:46 INFO SparkContext: Created broadcast 13 from broadcast at DAGScheduler.scala:1535
[2025-12-16T03:29:46.059+0000] {subprocess.py:106} INFO - 25/12/16 03:29:46 INFO DAGScheduler: Submitting 1 missing tasks from ResultStage 11 (MapPartitionsRDD[37] at toString at <unknown>:0) (first 15 tasks are for partitions Vector(0))
[2025-12-16T03:29:46.059+0000] {subprocess.py:106} INFO - 25/12/16 03:29:46 INFO TaskSchedulerImpl: Adding task set 11.0 with 1 tasks resource profile 0
[2025-12-16T03:29:46.060+0000] {subprocess.py:106} INFO - 25/12/16 03:29:46 INFO TaskSetManager: Starting task 0.0 in stage 11.0 (TID 107) (172.18.0.7, executor 0, partition 0, PROCESS_LOCAL, 7944 bytes)
[2025-12-16T03:29:46.073+0000] {subprocess.py:106} INFO - 25/12/16 03:29:46 INFO BlockManagerInfo: Added broadcast_13_piece0 in memory on 172.18.0.7:41729 (size: 15.5 KiB, free: 434.3 MiB)
[2025-12-16T03:29:46.089+0000] {subprocess.py:106} INFO - 25/12/16 03:29:46 INFO BlockManagerInfo: Added broadcast_12_piece0 in memory on 172.18.0.7:41729 (size: 36.4 KiB, free: 434.3 MiB)
[2025-12-16T03:29:46.126+0000] {subprocess.py:106} INFO - 25/12/16 03:29:46 INFO TaskSetManager: Finished task 0.0 in stage 11.0 (TID 107) in 65 ms on 172.18.0.7 (executor 0) (1/1)
[2025-12-16T03:29:46.127+0000] {subprocess.py:106} INFO - 25/12/16 03:29:46 INFO TaskSchedulerImpl: Removed TaskSet 11.0, whose tasks have all completed, from pool
[2025-12-16T03:29:46.128+0000] {subprocess.py:106} INFO - 25/12/16 03:29:46 INFO DAGScheduler: ResultStage 11 (toString at <unknown>:0) finished in 0.072 s
[2025-12-16T03:29:46.128+0000] {subprocess.py:106} INFO - 25/12/16 03:29:46 INFO DAGScheduler: Job 8 is finished. Cancelling potential speculative or zombie tasks for this job
[2025-12-16T03:29:46.129+0000] {subprocess.py:106} INFO - 25/12/16 03:29:46 INFO TaskSchedulerImpl: Killing all running tasks in stage 11: Stage finished
[2025-12-16T03:29:46.129+0000] {subprocess.py:106} INFO - 25/12/16 03:29:46 INFO DAGScheduler: Job 8 finished: toString at <unknown>:0, took 0.076599 s
[2025-12-16T03:29:46.134+0000] {subprocess.py:106} INFO - 25/12/16 03:29:46 INFO Snapshot: [tableId=4ab65392-6181-4790-8240-37730b3c550a] Created snapshot Snapshot(path=s3a://gold/dim_products/_delta_log, version=0, metadata=Metadata(0e262853-9824-48c4-a6ca-dea8afceb846,null,null,Format(parquet,Map()),{"type":"struct","fields":[{"name":"product_key","type":"string","nullable":true,"metadata":{}},{"name":"product_id","type":"string","nullable":true,"metadata":{}},{"name":"product_name","type":"string","nullable":true,"metadata":{}},{"name":"brand","type":"string","nullable":true,"metadata":{}},{"name":"unit_of_measure","type":"string","nullable":true,"metadata":{}},{"name":"current_list_price","type":"decimal(18,2)","nullable":true,"metadata":{}},{"name":"current_cost_price","type":"decimal(18,2)","nullable":true,"metadata":{}},{"name":"last_updated","type":"timestamp","nullable":true,"metadata":{}}]},List(),Map(),Some(1765855770519)), logSegment=LogSegment(s3a://gold/dim_products/_delta_log,0,WrappedArray(S3AFileStatus{path=s3a://gold/dim_products/_delta_log/00000000000000000000.json; isDirectory=false; length=2272; replication=1; blocksize=33554432; modification_time=1765855785930; access_time=0; owner=root; group=root; permission=rw-rw-rw-; isSymlink=false; hasAcl=false; isEncrypted=true; isErasureCoded=false} isEmptyDirectory=FALSE eTag=42b3f70e8ddc6e93e3b01caf980c78d4 versionId=null),None,1765855785930), checksumOpt=None)
[2025-12-16T03:29:46.135+0000] {subprocess.py:106} INFO - 25/12/16 03:29:46 INFO DeltaLog: Updated snapshot to Snapshot(path=s3a://gold/dim_products/_delta_log, version=0, metadata=Metadata(0e262853-9824-48c4-a6ca-dea8afceb846,null,null,Format(parquet,Map()),{"type":"struct","fields":[{"name":"product_key","type":"string","nullable":true,"metadata":{}},{"name":"product_id","type":"string","nullable":true,"metadata":{}},{"name":"product_name","type":"string","nullable":true,"metadata":{}},{"name":"brand","type":"string","nullable":true,"metadata":{}},{"name":"unit_of_measure","type":"string","nullable":true,"metadata":{}},{"name":"current_list_price","type":"decimal(18,2)","nullable":true,"metadata":{}},{"name":"current_cost_price","type":"decimal(18,2)","nullable":true,"metadata":{}},{"name":"last_updated","type":"timestamp","nullable":true,"metadata":{}}]},List(),Map(),Some(1765855770519)), logSegment=LogSegment(s3a://gold/dim_products/_delta_log,0,WrappedArray(S3AFileStatus{path=s3a://gold/dim_products/_delta_log/00000000000000000000.json; isDirectory=false; length=2272; replication=1; blocksize=33554432; modification_time=1765855785930; access_time=0; owner=root; group=root; permission=rw-rw-rw-; isSymlink=false; hasAcl=false; isEncrypted=true; isErasureCoded=false} isEmptyDirectory=FALSE eTag=42b3f70e8ddc6e93e3b01caf980c78d4 versionId=null),None,1765855785930), checksumOpt=None)
[2025-12-16T03:29:46.136+0000] {subprocess.py:106} INFO - 25/12/16 03:29:46 INFO Snapshot: [tableId=0e262853-9824-48c4-a6ca-dea8afceb846] DELTA: Compute snapshot for version: 0
[2025-12-16T03:29:46.140+0000] {subprocess.py:106} INFO - 25/12/16 03:29:46 INFO MemoryStore: Block broadcast_14 stored as values in memory (estimated size 212.3 KiB, free 433.2 MiB)
[2025-12-16T03:29:46.153+0000] {subprocess.py:106} INFO - 25/12/16 03:29:46 INFO BlockManagerInfo: Removed broadcast_13_piece0 on 3ad9a82189be:37965 in memory (size: 15.5 KiB, free: 434.3 MiB)
[2025-12-16T03:29:46.155+0000] {subprocess.py:106} INFO - 25/12/16 03:29:46 INFO BlockManagerInfo: Removed broadcast_13_piece0 on 172.18.0.7:41729 in memory (size: 15.5 KiB, free: 434.3 MiB)
[2025-12-16T03:29:46.157+0000] {subprocess.py:106} INFO - 25/12/16 03:29:46 INFO MemoryStore: Block broadcast_14_piece0 stored as bytes in memory (estimated size 36.3 KiB, free 433.2 MiB)
[2025-12-16T03:29:46.158+0000] {subprocess.py:106} INFO - 25/12/16 03:29:46 INFO BlockManagerInfo: Added broadcast_14_piece0 in memory on 3ad9a82189be:37965 (size: 36.3 KiB, free: 434.2 MiB)
[2025-12-16T03:29:46.158+0000] {subprocess.py:106} INFO - 25/12/16 03:29:46 INFO SparkContext: Created broadcast 14 from $anonfun$recordDeltaOperationInternal$1 at DatabricksLogging.scala:128
[2025-12-16T03:29:46.246+0000] {subprocess.py:106} INFO - 25/12/16 03:29:46 INFO BlockManagerInfo: Removed broadcast_12_piece0 on 3ad9a82189be:37965 in memory (size: 36.4 KiB, free: 434.3 MiB)
[2025-12-16T03:29:46.248+0000] {subprocess.py:106} INFO - 25/12/16 03:29:46 INFO BlockManagerInfo: Removed broadcast_12_piece0 on 172.18.0.7:41729 in memory (size: 36.4 KiB, free: 434.3 MiB)
[2025-12-16T03:29:46.342+0000] {subprocess.py:106} INFO - 25/12/16 03:29:46 INFO FileSourceStrategy: Pushed Filters:
[2025-12-16T03:29:46.343+0000] {subprocess.py:106} INFO - 25/12/16 03:29:46 INFO FileSourceStrategy: Post-Scan Filters:
[2025-12-16T03:29:46.393+0000] {subprocess.py:106} INFO - 25/12/16 03:29:46 INFO MemoryStore: Block broadcast_15 stored as values in memory (estimated size 212.9 KiB, free 433.2 MiB)
[2025-12-16T03:29:46.400+0000] {subprocess.py:106} INFO - 25/12/16 03:29:46 INFO MemoryStore: Block broadcast_15_piece0 stored as bytes in memory (estimated size 36.4 KiB, free 433.2 MiB)
[2025-12-16T03:29:46.401+0000] {subprocess.py:106} INFO - 25/12/16 03:29:46 INFO BlockManagerInfo: Added broadcast_15_piece0 in memory on 3ad9a82189be:37965 (size: 36.4 KiB, free: 434.2 MiB)
[2025-12-16T03:29:46.402+0000] {subprocess.py:106} INFO - 25/12/16 03:29:46 INFO SparkContext: Created broadcast 15 from $anonfun$recordDeltaOperationInternal$1 at DatabricksLogging.scala:128
[2025-12-16T03:29:46.404+0000] {subprocess.py:106} INFO - 25/12/16 03:29:46 INFO FileSourceScanExec: Planning scan with bin packing, max size: 4194304 bytes, open cost is considered as scanning 4194304 bytes.
[2025-12-16T03:29:46.414+0000] {subprocess.py:106} INFO - 25/12/16 03:29:46 INFO DAGScheduler: Registering RDD 41 ($anonfun$recordDeltaOperationInternal$1 at DatabricksLogging.scala:128) as input to shuffle 2
[2025-12-16T03:29:46.415+0000] {subprocess.py:106} INFO - 25/12/16 03:29:46 INFO DAGScheduler: Got map stage job 9 ($anonfun$recordDeltaOperationInternal$1 at DatabricksLogging.scala:128) with 1 output partitions
[2025-12-16T03:29:46.416+0000] {subprocess.py:106} INFO - 25/12/16 03:29:46 INFO DAGScheduler: Final stage: ShuffleMapStage 12 ($anonfun$recordDeltaOperationInternal$1 at DatabricksLogging.scala:128)
[2025-12-16T03:29:46.417+0000] {subprocess.py:106} INFO - 25/12/16 03:29:46 INFO DAGScheduler: Parents of final stage: List()
[2025-12-16T03:29:46.417+0000] {subprocess.py:106} INFO - 25/12/16 03:29:46 INFO DAGScheduler: Missing parents: List()
[2025-12-16T03:29:46.417+0000] {subprocess.py:106} INFO - 25/12/16 03:29:46 INFO DAGScheduler: Submitting ShuffleMapStage 12 (MapPartitionsRDD[41] at $anonfun$recordDeltaOperationInternal$1 at DatabricksLogging.scala:128), which has no missing parents
[2025-12-16T03:29:46.428+0000] {subprocess.py:106} INFO - 25/12/16 03:29:46 INFO MemoryStore: Block broadcast_16 stored as values in memory (estimated size 138.3 KiB, free 433.0 MiB)
[2025-12-16T03:29:46.430+0000] {subprocess.py:106} INFO - 25/12/16 03:29:46 INFO MemoryStore: Block broadcast_16_piece0 stored as bytes in memory (estimated size 39.0 KiB, free 433.0 MiB)
[2025-12-16T03:29:46.431+0000] {subprocess.py:106} INFO - 25/12/16 03:29:46 INFO BlockManagerInfo: Added broadcast_16_piece0 in memory on 3ad9a82189be:37965 (size: 39.0 KiB, free: 434.2 MiB)
[2025-12-16T03:29:46.432+0000] {subprocess.py:106} INFO - 25/12/16 03:29:46 INFO SparkContext: Created broadcast 16 from broadcast at DAGScheduler.scala:1535
[2025-12-16T03:29:46.433+0000] {subprocess.py:106} INFO - 25/12/16 03:29:46 INFO DAGScheduler: Submitting 1 missing tasks from ShuffleMapStage 12 (MapPartitionsRDD[41] at $anonfun$recordDeltaOperationInternal$1 at DatabricksLogging.scala:128) (first 15 tasks are for partitions Vector(0))
[2025-12-16T03:29:46.433+0000] {subprocess.py:106} INFO - 25/12/16 03:29:46 INFO TaskSchedulerImpl: Adding task set 12.0 with 1 tasks resource profile 0
[2025-12-16T03:29:46.434+0000] {subprocess.py:106} INFO - 25/12/16 03:29:46 INFO TaskSetManager: Starting task 0.0 in stage 12.0 (TID 108) (172.18.0.7, executor 0, partition 0, PROCESS_LOCAL, 7933 bytes)
[2025-12-16T03:29:46.448+0000] {subprocess.py:106} INFO - 25/12/16 03:29:46 INFO BlockManagerInfo: Added broadcast_16_piece0 in memory on 172.18.0.7:41729 (size: 39.0 KiB, free: 434.3 MiB)
[2025-12-16T03:29:46.474+0000] {subprocess.py:106} INFO - 25/12/16 03:29:46 INFO BlockManagerInfo: Added broadcast_15_piece0 in memory on 172.18.0.7:41729 (size: 36.4 KiB, free: 434.3 MiB)
[2025-12-16T03:29:46.516+0000] {subprocess.py:106} INFO - 25/12/16 03:29:46 INFO TaskSetManager: Finished task 0.0 in stage 12.0 (TID 108) in 82 ms on 172.18.0.7 (executor 0) (1/1)
[2025-12-16T03:29:46.517+0000] {subprocess.py:106} INFO - 25/12/16 03:29:46 INFO TaskSchedulerImpl: Removed TaskSet 12.0, whose tasks have all completed, from pool
[2025-12-16T03:29:46.517+0000] {subprocess.py:106} INFO - 25/12/16 03:29:46 INFO DAGScheduler: ShuffleMapStage 12 ($anonfun$recordDeltaOperationInternal$1 at DatabricksLogging.scala:128) finished in 0.100 s
[2025-12-16T03:29:46.518+0000] {subprocess.py:106} INFO - 25/12/16 03:29:46 INFO DAGScheduler: looking for newly runnable stages
[2025-12-16T03:29:46.518+0000] {subprocess.py:106} INFO - 25/12/16 03:29:46 INFO DAGScheduler: running: Set()
[2025-12-16T03:29:46.519+0000] {subprocess.py:106} INFO - 25/12/16 03:29:46 INFO DAGScheduler: waiting: Set()
[2025-12-16T03:29:46.520+0000] {subprocess.py:106} INFO - 25/12/16 03:29:46 INFO DAGScheduler: failed: Set()
[2025-12-16T03:29:46.538+0000] {subprocess.py:106} INFO - 25/12/16 03:29:46 INFO BlockManagerInfo: Removed broadcast_16_piece0 on 3ad9a82189be:37965 in memory (size: 39.0 KiB, free: 434.2 MiB)
[2025-12-16T03:29:46.541+0000] {subprocess.py:106} INFO - 25/12/16 03:29:46 INFO BlockManagerInfo: Removed broadcast_16_piece0 on 172.18.0.7:41729 in memory (size: 39.0 KiB, free: 434.3 MiB)
[2025-12-16T03:29:46.742+0000] {subprocess.py:106} INFO - 25/12/16 03:29:46 INFO DAGScheduler: Registering RDD 51 ($anonfun$recordDeltaOperationInternal$1 at DatabricksLogging.scala:128) as input to shuffle 3
[2025-12-16T03:29:46.743+0000] {subprocess.py:106} INFO - 25/12/16 03:29:46 INFO DAGScheduler: Got map stage job 10 ($anonfun$recordDeltaOperationInternal$1 at DatabricksLogging.scala:128) with 50 output partitions
[2025-12-16T03:29:46.743+0000] {subprocess.py:106} INFO - 25/12/16 03:29:46 INFO DAGScheduler: Final stage: ShuffleMapStage 14 ($anonfun$recordDeltaOperationInternal$1 at DatabricksLogging.scala:128)
[2025-12-16T03:29:46.744+0000] {subprocess.py:106} INFO - 25/12/16 03:29:46 INFO DAGScheduler: Parents of final stage: List(ShuffleMapStage 13)
[2025-12-16T03:29:46.744+0000] {subprocess.py:106} INFO - 25/12/16 03:29:46 INFO DAGScheduler: Missing parents: List()
[2025-12-16T03:29:46.745+0000] {subprocess.py:106} INFO - 25/12/16 03:29:46 INFO DAGScheduler: Submitting ShuffleMapStage 14 (MapPartitionsRDD[51] at $anonfun$recordDeltaOperationInternal$1 at DatabricksLogging.scala:128), which has no missing parents
[2025-12-16T03:29:46.809+0000] {subprocess.py:106} INFO - 25/12/16 03:29:46 INFO MemoryStore: Block broadcast_17 stored as values in memory (estimated size 517.2 KiB, free 432.7 MiB)
[2025-12-16T03:29:46.811+0000] {subprocess.py:106} INFO - 25/12/16 03:29:46 INFO MemoryStore: Block broadcast_17_piece0 stored as bytes in memory (estimated size 123.3 KiB, free 432.6 MiB)
[2025-12-16T03:29:46.813+0000] {subprocess.py:106} INFO - 25/12/16 03:29:46 INFO BlockManagerInfo: Added broadcast_17_piece0 in memory on 3ad9a82189be:37965 (size: 123.3 KiB, free: 434.1 MiB)
[2025-12-16T03:29:46.813+0000] {subprocess.py:106} INFO - 25/12/16 03:29:46 INFO SparkContext: Created broadcast 17 from broadcast at DAGScheduler.scala:1535
[2025-12-16T03:29:46.814+0000] {subprocess.py:106} INFO - 25/12/16 03:29:46 INFO DAGScheduler: Submitting 50 missing tasks from ShuffleMapStage 14 (MapPartitionsRDD[51] at $anonfun$recordDeltaOperationInternal$1 at DatabricksLogging.scala:128) (first 15 tasks are for partitions Vector(0, 1, 2, 3, 4, 5, 6, 7, 8, 9, 10, 11, 12, 13, 14))
[2025-12-16T03:29:46.815+0000] {subprocess.py:106} INFO - 25/12/16 03:29:46 INFO TaskSchedulerImpl: Adding task set 14.0 with 50 tasks resource profile 0
[2025-12-16T03:29:46.817+0000] {subprocess.py:106} INFO - 25/12/16 03:29:46 INFO TaskSetManager: Starting task 13.0 in stage 14.0 (TID 109) (172.18.0.7, executor 0, partition 13, NODE_LOCAL, 7356 bytes)
[2025-12-16T03:29:46.818+0000] {subprocess.py:106} INFO - 25/12/16 03:29:46 INFO TaskSetManager: Starting task 42.0 in stage 14.0 (TID 110) (172.18.0.7, executor 0, partition 42, NODE_LOCAL, 7356 bytes)
[2025-12-16T03:29:46.819+0000] {subprocess.py:106} INFO - 25/12/16 03:29:46 INFO TaskSetManager: Starting task 0.0 in stage 14.0 (TID 111) (172.18.0.7, executor 0, partition 0, PROCESS_LOCAL, 7356 bytes)
[2025-12-16T03:29:46.819+0000] {subprocess.py:106} INFO - 25/12/16 03:29:46 INFO TaskSetManager: Starting task 1.0 in stage 14.0 (TID 112) (172.18.0.7, executor 0, partition 1, PROCESS_LOCAL, 7356 bytes)
[2025-12-16T03:29:46.820+0000] {subprocess.py:106} INFO - 25/12/16 03:29:46 INFO TaskSetManager: Starting task 2.0 in stage 14.0 (TID 113) (172.18.0.7, executor 0, partition 2, PROCESS_LOCAL, 7356 bytes)
[2025-12-16T03:29:46.821+0000] {subprocess.py:106} INFO - 25/12/16 03:29:46 INFO TaskSetManager: Starting task 3.0 in stage 14.0 (TID 114) (172.18.0.7, executor 0, partition 3, PROCESS_LOCAL, 7356 bytes)
[2025-12-16T03:29:46.822+0000] {subprocess.py:106} INFO - 25/12/16 03:29:46 INFO TaskSetManager: Starting task 4.0 in stage 14.0 (TID 115) (172.18.0.7, executor 0, partition 4, PROCESS_LOCAL, 7356 bytes)
[2025-12-16T03:29:46.823+0000] {subprocess.py:106} INFO - 25/12/16 03:29:46 INFO TaskSetManager: Starting task 5.0 in stage 14.0 (TID 116) (172.18.0.7, executor 0, partition 5, PROCESS_LOCAL, 7356 bytes)
[2025-12-16T03:29:46.824+0000] {subprocess.py:106} INFO - 25/12/16 03:29:46 INFO TaskSetManager: Starting task 6.0 in stage 14.0 (TID 117) (172.18.0.7, executor 0, partition 6, PROCESS_LOCAL, 7356 bytes)
[2025-12-16T03:29:46.826+0000] {subprocess.py:106} INFO - 25/12/16 03:29:46 INFO TaskSetManager: Starting task 7.0 in stage 14.0 (TID 118) (172.18.0.7, executor 0, partition 7, PROCESS_LOCAL, 7356 bytes)
[2025-12-16T03:29:46.828+0000] {subprocess.py:106} INFO - 25/12/16 03:29:46 INFO TaskSetManager: Starting task 8.0 in stage 14.0 (TID 119) (172.18.0.7, executor 0, partition 8, PROCESS_LOCAL, 7356 bytes)
[2025-12-16T03:29:46.829+0000] {subprocess.py:106} INFO - 25/12/16 03:29:46 INFO TaskSetManager: Starting task 9.0 in stage 14.0 (TID 120) (172.18.0.7, executor 0, partition 9, PROCESS_LOCAL, 7356 bytes)
[2025-12-16T03:29:46.831+0000] {subprocess.py:106} INFO - 25/12/16 03:29:46 INFO TaskSetManager: Starting task 10.0 in stage 14.0 (TID 121) (172.18.0.7, executor 0, partition 10, PROCESS_LOCAL, 7356 bytes)
[2025-12-16T03:29:46.833+0000] {subprocess.py:106} INFO - 25/12/16 03:29:46 INFO TaskSetManager: Starting task 11.0 in stage 14.0 (TID 122) (172.18.0.7, executor 0, partition 11, PROCESS_LOCAL, 7356 bytes)
[2025-12-16T03:29:46.834+0000] {subprocess.py:106} INFO - 25/12/16 03:29:46 INFO TaskSetManager: Starting task 12.0 in stage 14.0 (TID 123) (172.18.0.7, executor 0, partition 12, PROCESS_LOCAL, 7356 bytes)
[2025-12-16T03:29:46.835+0000] {subprocess.py:106} INFO - 25/12/16 03:29:46 INFO TaskSetManager: Starting task 14.0 in stage 14.0 (TID 124) (172.18.0.7, executor 0, partition 14, PROCESS_LOCAL, 7356 bytes)
[2025-12-16T03:29:46.850+0000] {subprocess.py:106} INFO - 25/12/16 03:29:46 INFO BlockManagerInfo: Added broadcast_17_piece0 in memory on 172.18.0.7:41729 (size: 123.3 KiB, free: 434.2 MiB)
[2025-12-16T03:29:46.875+0000] {subprocess.py:106} INFO - 25/12/16 03:29:46 INFO MapOutputTrackerMasterEndpoint: Asked to send map output locations for shuffle 2 to 172.18.0.7:60316
[2025-12-16T03:29:46.933+0000] {subprocess.py:106} INFO - 25/12/16 03:29:46 INFO BlockManagerInfo: Added rdd_48_4 in memory on 172.18.0.7:41729 (size: 46.0 B, free: 434.2 MiB)
[2025-12-16T03:29:46.941+0000] {subprocess.py:106} INFO - 25/12/16 03:29:46 INFO BlockManagerInfo: Added rdd_48_7 in memory on 172.18.0.7:41729 (size: 46.0 B, free: 434.2 MiB)
[2025-12-16T03:29:46.946+0000] {subprocess.py:106} INFO - 25/12/16 03:29:46 INFO BlockManagerInfo: Added rdd_48_3 in memory on 172.18.0.7:41729 (size: 46.0 B, free: 434.2 MiB)
[2025-12-16T03:29:46.947+0000] {subprocess.py:106} INFO - 25/12/16 03:29:46 INFO BlockManagerInfo: Added rdd_48_9 in memory on 172.18.0.7:41729 (size: 46.0 B, free: 434.2 MiB)
[2025-12-16T03:29:46.948+0000] {subprocess.py:106} INFO - 25/12/16 03:29:46 INFO BlockManagerInfo: Added rdd_48_13 in memory on 172.18.0.7:41729 (size: 678.0 B, free: 434.2 MiB)
[2025-12-16T03:29:46.949+0000] {subprocess.py:106} INFO - 25/12/16 03:29:46 INFO BlockManagerInfo: Added rdd_48_10 in memory on 172.18.0.7:41729 (size: 46.0 B, free: 434.2 MiB)
[2025-12-16T03:29:46.949+0000] {subprocess.py:106} INFO - 25/12/16 03:29:46 INFO BlockManagerInfo: Added rdd_48_2 in memory on 172.18.0.7:41729 (size: 46.0 B, free: 434.2 MiB)
[2025-12-16T03:29:46.958+0000] {subprocess.py:106} INFO - 25/12/16 03:29:46 INFO BlockManagerInfo: Added rdd_48_11 in memory on 172.18.0.7:41729 (size: 46.0 B, free: 434.2 MiB)
[2025-12-16T03:29:46.963+0000] {subprocess.py:106} INFO - 25/12/16 03:29:46 INFO BlockManagerInfo: Added rdd_48_1 in memory on 172.18.0.7:41729 (size: 46.0 B, free: 434.2 MiB)
[2025-12-16T03:29:46.964+0000] {subprocess.py:106} INFO - 25/12/16 03:29:46 INFO BlockManagerInfo: Added rdd_48_0 in memory on 172.18.0.7:41729 (size: 46.0 B, free: 434.2 MiB)
[2025-12-16T03:29:46.970+0000] {subprocess.py:106} INFO - 25/12/16 03:29:46 INFO BlockManagerInfo: Added rdd_48_6 in memory on 172.18.0.7:41729 (size: 46.0 B, free: 434.2 MiB)
[2025-12-16T03:29:46.971+0000] {subprocess.py:106} INFO - 25/12/16 03:29:46 INFO BlockManagerInfo: Added rdd_48_42 in memory on 172.18.0.7:41729 (size: 562.0 B, free: 434.2 MiB)
[2025-12-16T03:29:46.973+0000] {subprocess.py:106} INFO - 25/12/16 03:29:46 INFO BlockManagerInfo: Added rdd_48_14 in memory on 172.18.0.7:41729 (size: 46.0 B, free: 434.2 MiB)
[2025-12-16T03:29:46.983+0000] {subprocess.py:106} INFO - 25/12/16 03:29:46 INFO BlockManagerInfo: Added rdd_48_8 in memory on 172.18.0.7:41729 (size: 46.0 B, free: 434.2 MiB)
[2025-12-16T03:29:46.984+0000] {subprocess.py:106} INFO - 25/12/16 03:29:46 INFO BlockManagerInfo: Added rdd_48_12 in memory on 172.18.0.7:41729 (size: 46.0 B, free: 434.2 MiB)
[2025-12-16T03:29:46.985+0000] {subprocess.py:106} INFO - 25/12/16 03:29:46 INFO BlockManagerInfo: Added rdd_48_5 in memory on 172.18.0.7:41729 (size: 46.0 B, free: 434.2 MiB)
[2025-12-16T03:29:46.986+0000] {subprocess.py:106} INFO - 25/12/16 03:29:46 INFO TaskSetManager: Starting task 15.0 in stage 14.0 (TID 125) (172.18.0.7, executor 0, partition 15, PROCESS_LOCAL, 7356 bytes)
[2025-12-16T03:29:46.990+0000] {subprocess.py:106} INFO - 25/12/16 03:29:46 INFO TaskSetManager: Starting task 16.0 in stage 14.0 (TID 126) (172.18.0.7, executor 0, partition 16, PROCESS_LOCAL, 7356 bytes)
[2025-12-16T03:29:46.992+0000] {subprocess.py:106} INFO - 25/12/16 03:29:46 INFO TaskSetManager: Finished task 9.0 in stage 14.0 (TID 120) in 170 ms on 172.18.0.7 (executor 0) (1/50)
[2025-12-16T03:29:46.996+0000] {subprocess.py:106} INFO - 25/12/16 03:29:46 INFO TaskSetManager: Starting task 17.0 in stage 14.0 (TID 127) (172.18.0.7, executor 0, partition 17, PROCESS_LOCAL, 7356 bytes)
[2025-12-16T03:29:47.000+0000] {subprocess.py:106} INFO - 25/12/16 03:29:46 INFO TaskSetManager: Finished task 3.0 in stage 14.0 (TID 114) in 180 ms on 172.18.0.7 (executor 0) (2/50)
[2025-12-16T03:29:47.002+0000] {subprocess.py:106} INFO - 25/12/16 03:29:46 INFO TaskSetManager: Finished task 10.0 in stage 14.0 (TID 121) in 179 ms on 172.18.0.7 (executor 0) (3/50)
[2025-12-16T03:29:47.003+0000] {subprocess.py:106} INFO - 25/12/16 03:29:46 INFO TaskSetManager: Starting task 18.0 in stage 14.0 (TID 128) (172.18.0.7, executor 0, partition 18, PROCESS_LOCAL, 7356 bytes)
[2025-12-16T03:29:47.004+0000] {subprocess.py:106} INFO - 25/12/16 03:29:47 INFO TaskSetManager: Starting task 19.0 in stage 14.0 (TID 129) (172.18.0.7, executor 0, partition 19, PROCESS_LOCAL, 7356 bytes)
[2025-12-16T03:29:47.009+0000] {subprocess.py:106} INFO - 25/12/16 03:29:47 INFO TaskSetManager: Starting task 20.0 in stage 14.0 (TID 130) (172.18.0.7, executor 0, partition 20, PROCESS_LOCAL, 7356 bytes)
[2025-12-16T03:29:47.010+0000] {subprocess.py:106} INFO - 25/12/16 03:29:47 INFO TaskSetManager: Finished task 2.0 in stage 14.0 (TID 113) in 191 ms on 172.18.0.7 (executor 0) (4/50)
[2025-12-16T03:29:47.014+0000] {subprocess.py:106} INFO - 25/12/16 03:29:47 INFO TaskSetManager: Starting task 21.0 in stage 14.0 (TID 131) (172.18.0.7, executor 0, partition 21, PROCESS_LOCAL, 7356 bytes)
[2025-12-16T03:29:47.016+0000] {subprocess.py:106} INFO - 25/12/16 03:29:47 INFO TaskSetManager: Finished task 1.0 in stage 14.0 (TID 112) in 194 ms on 172.18.0.7 (executor 0) (5/50)
[2025-12-16T03:29:47.017+0000] {subprocess.py:106} INFO - 25/12/16 03:29:47 INFO TaskSetManager: Finished task 4.0 in stage 14.0 (TID 115) in 193 ms on 172.18.0.7 (executor 0) (6/50)
[2025-12-16T03:29:47.022+0000] {subprocess.py:106} INFO - 25/12/16 03:29:47 INFO TaskSetManager: Starting task 22.0 in stage 14.0 (TID 132) (172.18.0.7, executor 0, partition 22, PROCESS_LOCAL, 7356 bytes)
[2025-12-16T03:29:47.023+0000] {subprocess.py:106} INFO - 25/12/16 03:29:47 INFO TaskSetManager: Finished task 0.0 in stage 14.0 (TID 111) in 196 ms on 172.18.0.7 (executor 0) (7/50)
[2025-12-16T03:29:47.024+0000] {subprocess.py:106} INFO - 25/12/16 03:29:47 INFO TaskSetManager: Starting task 23.0 in stage 14.0 (TID 133) (172.18.0.7, executor 0, partition 23, PROCESS_LOCAL, 7356 bytes)
[2025-12-16T03:29:47.026+0000] {subprocess.py:106} INFO - 25/12/16 03:29:47 INFO TaskSetManager: Finished task 8.0 in stage 14.0 (TID 119) in 194 ms on 172.18.0.7 (executor 0) (8/50)
[2025-12-16T03:29:47.030+0000] {subprocess.py:106} INFO - 25/12/16 03:29:47 INFO TaskSetManager: Starting task 24.0 in stage 14.0 (TID 134) (172.18.0.7, executor 0, partition 24, PROCESS_LOCAL, 7356 bytes)
[2025-12-16T03:29:47.031+0000] {subprocess.py:106} INFO - 25/12/16 03:29:47 INFO TaskSetManager: Finished task 42.0 in stage 14.0 (TID 110) in 200 ms on 172.18.0.7 (executor 0) (9/50)
[2025-12-16T03:29:47.032+0000] {subprocess.py:106} INFO - 25/12/16 03:29:47 INFO TaskSetManager: Finished task 11.0 in stage 14.0 (TID 122) in 195 ms on 172.18.0.7 (executor 0) (10/50)
[2025-12-16T03:29:47.033+0000] {subprocess.py:106} INFO - 25/12/16 03:29:47 INFO TaskSetManager: Starting task 25.0 in stage 14.0 (TID 135) (172.18.0.7, executor 0, partition 25, PROCESS_LOCAL, 7356 bytes)
[2025-12-16T03:29:47.035+0000] {subprocess.py:106} INFO - 25/12/16 03:29:47 INFO TaskSetManager: Finished task 13.0 in stage 14.0 (TID 109) in 211 ms on 172.18.0.7 (executor 0) (11/50)
[2025-12-16T03:29:47.037+0000] {subprocess.py:106} INFO - 25/12/16 03:29:47 INFO TaskSetManager: Starting task 26.0 in stage 14.0 (TID 136) (172.18.0.7, executor 0, partition 26, PROCESS_LOCAL, 7356 bytes)
[2025-12-16T03:29:47.038+0000] {subprocess.py:106} INFO - 25/12/16 03:29:47 INFO TaskSetManager: Finished task 12.0 in stage 14.0 (TID 123) in 210 ms on 172.18.0.7 (executor 0) (12/50)
[2025-12-16T03:29:47.039+0000] {subprocess.py:106} INFO - 25/12/16 03:29:47 INFO TaskSetManager: Starting task 27.0 in stage 14.0 (TID 137) (172.18.0.7, executor 0, partition 27, PROCESS_LOCAL, 7356 bytes)
[2025-12-16T03:29:47.041+0000] {subprocess.py:106} INFO - 25/12/16 03:29:47 INFO TaskSetManager: Starting task 28.0 in stage 14.0 (TID 138) (172.18.0.7, executor 0, partition 28, PROCESS_LOCAL, 7356 bytes)
[2025-12-16T03:29:47.042+0000] {subprocess.py:106} INFO - 25/12/16 03:29:47 INFO TaskSetManager: Starting task 29.0 in stage 14.0 (TID 139) (172.18.0.7, executor 0, partition 29, PROCESS_LOCAL, 7356 bytes)
[2025-12-16T03:29:47.043+0000] {subprocess.py:106} INFO - 25/12/16 03:29:47 INFO TaskSetManager: Finished task 6.0 in stage 14.0 (TID 117) in 218 ms on 172.18.0.7 (executor 0) (13/50)
[2025-12-16T03:29:47.047+0000] {subprocess.py:106} INFO - 25/12/16 03:29:47 INFO TaskSetManager: Finished task 14.0 in stage 14.0 (TID 124) in 217 ms on 172.18.0.7 (executor 0) (14/50)
[2025-12-16T03:29:47.048+0000] {subprocess.py:106} INFO - 25/12/16 03:29:47 INFO TaskSetManager: Finished task 5.0 in stage 14.0 (TID 116) in 222 ms on 172.18.0.7 (executor 0) (15/50)
[2025-12-16T03:29:47.049+0000] {subprocess.py:106} INFO - 25/12/16 03:29:47 INFO TaskSetManager: Starting task 30.0 in stage 14.0 (TID 140) (172.18.0.7, executor 0, partition 30, PROCESS_LOCAL, 7356 bytes)
[2025-12-16T03:29:47.051+0000] {subprocess.py:106} INFO - 25/12/16 03:29:47 INFO TaskSetManager: Finished task 7.0 in stage 14.0 (TID 118) in 227 ms on 172.18.0.7 (executor 0) (16/50)
[2025-12-16T03:29:47.123+0000] {subprocess.py:106} INFO - 25/12/16 03:29:47 INFO BlockManagerInfo: Added rdd_48_15 in memory on 172.18.0.7:41729 (size: 46.0 B, free: 434.2 MiB)
[2025-12-16T03:29:47.137+0000] {subprocess.py:106} INFO - 25/12/16 03:29:47 INFO BlockManagerInfo: Added rdd_48_16 in memory on 172.18.0.7:41729 (size: 46.0 B, free: 434.2 MiB)
[2025-12-16T03:29:47.158+0000] {subprocess.py:106} INFO - 25/12/16 03:29:47 INFO BlockManagerInfo: Added rdd_48_24 in memory on 172.18.0.7:41729 (size: 46.0 B, free: 434.2 MiB)
[2025-12-16T03:29:47.161+0000] {subprocess.py:106} INFO - 25/12/16 03:29:47 INFO BlockManagerInfo: Added rdd_48_23 in memory on 172.18.0.7:41729 (size: 46.0 B, free: 434.2 MiB)
[2025-12-16T03:29:47.162+0000] {subprocess.py:106} INFO - 25/12/16 03:29:47 INFO BlockManagerInfo: Added rdd_48_28 in memory on 172.18.0.7:41729 (size: 46.0 B, free: 434.2 MiB)
[2025-12-16T03:29:47.163+0000] {subprocess.py:106} INFO - 25/12/16 03:29:47 INFO BlockManagerInfo: Added rdd_48_19 in memory on 172.18.0.7:41729 (size: 46.0 B, free: 434.2 MiB)
[2025-12-16T03:29:47.174+0000] {subprocess.py:106} INFO - 25/12/16 03:29:47 INFO BlockManagerInfo: Added rdd_48_17 in memory on 172.18.0.7:41729 (size: 46.0 B, free: 434.2 MiB)
[2025-12-16T03:29:47.181+0000] {subprocess.py:106} INFO - 25/12/16 03:29:47 INFO BlockManagerInfo: Added rdd_48_30 in memory on 172.18.0.7:41729 (size: 46.0 B, free: 434.2 MiB)
[2025-12-16T03:29:47.182+0000] {subprocess.py:106} INFO - 25/12/16 03:29:47 INFO BlockManagerInfo: Added rdd_48_20 in memory on 172.18.0.7:41729 (size: 46.0 B, free: 434.2 MiB)
[2025-12-16T03:29:47.186+0000] {subprocess.py:106} INFO - 25/12/16 03:29:47 INFO BlockManagerInfo: Added rdd_48_21 in memory on 172.18.0.7:41729 (size: 46.0 B, free: 434.2 MiB)
[2025-12-16T03:29:47.186+0000] {subprocess.py:106} INFO - 25/12/16 03:29:47 INFO BlockManagerInfo: Added rdd_48_22 in memory on 172.18.0.7:41729 (size: 46.0 B, free: 434.2 MiB)
[2025-12-16T03:29:47.187+0000] {subprocess.py:106} INFO - 25/12/16 03:29:47 INFO BlockManagerInfo: Added rdd_48_26 in memory on 172.18.0.7:41729 (size: 46.0 B, free: 434.2 MiB)
[2025-12-16T03:29:47.188+0000] {subprocess.py:106} INFO - 25/12/16 03:29:47 INFO BlockManagerInfo: Added rdd_48_18 in memory on 172.18.0.7:41729 (size: 46.0 B, free: 434.2 MiB)
[2025-12-16T03:29:47.195+0000] {subprocess.py:106} INFO - 25/12/16 03:29:47 INFO BlockManagerInfo: Added rdd_48_27 in memory on 172.18.0.7:41729 (size: 46.0 B, free: 434.2 MiB)
[2025-12-16T03:29:47.199+0000] {subprocess.py:106} INFO - 25/12/16 03:29:47 INFO TaskSetManager: Starting task 31.0 in stage 14.0 (TID 141) (172.18.0.7, executor 0, partition 31, PROCESS_LOCAL, 7356 bytes)
[2025-12-16T03:29:47.200+0000] {subprocess.py:106} INFO - 25/12/16 03:29:47 INFO BlockManagerInfo: Added rdd_48_29 in memory on 172.18.0.7:41729 (size: 46.0 B, free: 434.2 MiB)
[2025-12-16T03:29:47.201+0000] {subprocess.py:106} INFO - 25/12/16 03:29:47 INFO TaskSetManager: Finished task 16.0 in stage 14.0 (TID 126) in 208 ms on 172.18.0.7 (executor 0) (17/50)
[2025-12-16T03:29:47.231+0000] {subprocess.py:106} INFO - 25/12/16 03:29:47 INFO BlockManagerInfo: Added rdd_48_25 in memory on 172.18.0.7:41729 (size: 46.0 B, free: 434.2 MiB)
[2025-12-16T03:29:47.232+0000] {subprocess.py:106} INFO - 25/12/16 03:29:47 INFO TaskSetManager: Starting task 32.0 in stage 14.0 (TID 142) (172.18.0.7, executor 0, partition 32, PROCESS_LOCAL, 7356 bytes)
[2025-12-16T03:29:47.234+0000] {subprocess.py:106} INFO - 25/12/16 03:29:47 INFO TaskSetManager: Finished task 24.0 in stage 14.0 (TID 134) in 216 ms on 172.18.0.7 (executor 0) (18/50)
[2025-12-16T03:29:47.235+0000] {subprocess.py:106} INFO - 25/12/16 03:29:47 INFO TaskSetManager: Starting task 33.0 in stage 14.0 (TID 143) (172.18.0.7, executor 0, partition 33, PROCESS_LOCAL, 7356 bytes)
[2025-12-16T03:29:47.242+0000] {subprocess.py:106} INFO - 25/12/16 03:29:47 INFO TaskSetManager: Finished task 15.0 in stage 14.0 (TID 125) in 247 ms on 172.18.0.7 (executor 0) (19/50)
[2025-12-16T03:29:47.243+0000] {subprocess.py:106} INFO - 25/12/16 03:29:47 INFO TaskSetManager: Starting task 34.0 in stage 14.0 (TID 144) (172.18.0.7, executor 0, partition 34, PROCESS_LOCAL, 7356 bytes)
[2025-12-16T03:29:47.250+0000] {subprocess.py:106} INFO - 25/12/16 03:29:47 INFO TaskSetManager: Finished task 19.0 in stage 14.0 (TID 129) in 233 ms on 172.18.0.7 (executor 0) (20/50)
[2025-12-16T03:29:47.254+0000] {subprocess.py:106} INFO - 25/12/16 03:29:47 INFO TaskSetManager: Starting task 35.0 in stage 14.0 (TID 145) (172.18.0.7, executor 0, partition 35, PROCESS_LOCAL, 7356 bytes)
[2025-12-16T03:29:47.255+0000] {subprocess.py:106} INFO - 25/12/16 03:29:47 INFO TaskSetManager: Starting task 36.0 in stage 14.0 (TID 146) (172.18.0.7, executor 0, partition 36, PROCESS_LOCAL, 7356 bytes)
[2025-12-16T03:29:47.257+0000] {subprocess.py:106} INFO - 25/12/16 03:29:47 INFO TaskSetManager: Starting task 37.0 in stage 14.0 (TID 147) (172.18.0.7, executor 0, partition 37, PROCESS_LOCAL, 7356 bytes)
[2025-12-16T03:29:47.260+0000] {subprocess.py:106} INFO - 25/12/16 03:29:47 INFO TaskSetManager: Finished task 23.0 in stage 14.0 (TID 133) in 226 ms on 172.18.0.7 (executor 0) (21/50)
[2025-12-16T03:29:47.262+0000] {subprocess.py:106} INFO - 25/12/16 03:29:47 INFO TaskSetManager: Finished task 22.0 in stage 14.0 (TID 132) in 228 ms on 172.18.0.7 (executor 0) (22/50)
[2025-12-16T03:29:47.263+0000] {subprocess.py:106} INFO - 25/12/16 03:29:47 INFO TaskSetManager: Finished task 28.0 in stage 14.0 (TID 138) in 207 ms on 172.18.0.7 (executor 0) (23/50)
[2025-12-16T03:29:47.264+0000] {subprocess.py:106} INFO - 25/12/16 03:29:47 INFO TaskSetManager: Starting task 38.0 in stage 14.0 (TID 148) (172.18.0.7, executor 0, partition 38, PROCESS_LOCAL, 7356 bytes)
[2025-12-16T03:29:47.265+0000] {subprocess.py:106} INFO - 25/12/16 03:29:47 INFO TaskSetManager: Starting task 39.0 in stage 14.0 (TID 149) (172.18.0.7, executor 0, partition 39, PROCESS_LOCAL, 7356 bytes)
[2025-12-16T03:29:47.267+0000] {subprocess.py:106} INFO - 25/12/16 03:29:47 INFO TaskSetManager: Starting task 40.0 in stage 14.0 (TID 150) (172.18.0.7, executor 0, partition 40, PROCESS_LOCAL, 7356 bytes)
[2025-12-16T03:29:47.268+0000] {subprocess.py:106} INFO - 25/12/16 03:29:47 INFO TaskSetManager: Starting task 41.0 in stage 14.0 (TID 151) (172.18.0.7, executor 0, partition 41, PROCESS_LOCAL, 7356 bytes)
[2025-12-16T03:29:47.271+0000] {subprocess.py:106} INFO - 25/12/16 03:29:47 INFO TaskSetManager: Finished task 27.0 in stage 14.0 (TID 137) in 216 ms on 172.18.0.7 (executor 0) (24/50)
[2025-12-16T03:29:47.272+0000] {subprocess.py:106} INFO - 25/12/16 03:29:47 INFO TaskSetManager: Finished task 17.0 in stage 14.0 (TID 127) in 253 ms on 172.18.0.7 (executor 0) (25/50)
[2025-12-16T03:29:47.273+0000] {subprocess.py:106} INFO - 25/12/16 03:29:47 INFO TaskSetManager: Finished task 26.0 in stage 14.0 (TID 136) in 220 ms on 172.18.0.7 (executor 0) (26/50)
[2025-12-16T03:29:47.275+0000] {subprocess.py:106} INFO - 25/12/16 03:29:47 INFO TaskSetManager: Finished task 21.0 in stage 14.0 (TID 131) in 239 ms on 172.18.0.7 (executor 0) (27/50)
[2025-12-16T03:29:47.275+0000] {subprocess.py:106} INFO - 25/12/16 03:29:47 INFO TaskSetManager: Starting task 43.0 in stage 14.0 (TID 152) (172.18.0.7, executor 0, partition 43, PROCESS_LOCAL, 7356 bytes)
[2025-12-16T03:29:47.276+0000] {subprocess.py:106} INFO - 25/12/16 03:29:47 INFO TaskSetManager: Starting task 44.0 in stage 14.0 (TID 153) (172.18.0.7, executor 0, partition 44, PROCESS_LOCAL, 7356 bytes)
[2025-12-16T03:29:47.277+0000] {subprocess.py:106} INFO - 25/12/16 03:29:47 INFO TaskSetManager: Starting task 45.0 in stage 14.0 (TID 154) (172.18.0.7, executor 0, partition 45, PROCESS_LOCAL, 7356 bytes)
[2025-12-16T03:29:47.278+0000] {subprocess.py:106} INFO - 25/12/16 03:29:47 INFO TaskSetManager: Starting task 46.0 in stage 14.0 (TID 155) (172.18.0.7, executor 0, partition 46, PROCESS_LOCAL, 7356 bytes)
[2025-12-16T03:29:47.279+0000] {subprocess.py:106} INFO - 25/12/16 03:29:47 INFO TaskSetManager: Finished task 20.0 in stage 14.0 (TID 130) in 262 ms on 172.18.0.7 (executor 0) (28/50)
[2025-12-16T03:29:47.280+0000] {subprocess.py:106} INFO - 25/12/16 03:29:47 INFO TaskSetManager: Finished task 30.0 in stage 14.0 (TID 140) in 223 ms on 172.18.0.7 (executor 0) (29/50)
[2025-12-16T03:29:47.282+0000] {subprocess.py:106} INFO - 25/12/16 03:29:47 INFO TaskSetManager: Finished task 18.0 in stage 14.0 (TID 128) in 270 ms on 172.18.0.7 (executor 0) (30/50)
[2025-12-16T03:29:47.286+0000] {subprocess.py:106} INFO - 25/12/16 03:29:47 INFO TaskSetManager: Finished task 29.0 in stage 14.0 (TID 139) in 236 ms on 172.18.0.7 (executor 0) (31/50)
[2025-12-16T03:29:47.302+0000] {subprocess.py:106} INFO - 25/12/16 03:29:47 INFO TaskSetManager: Starting task 47.0 in stage 14.0 (TID 156) (172.18.0.7, executor 0, partition 47, PROCESS_LOCAL, 7356 bytes)
[2025-12-16T03:29:47.303+0000] {subprocess.py:106} INFO - 25/12/16 03:29:47 INFO TaskSetManager: Finished task 25.0 in stage 14.0 (TID 135) in 265 ms on 172.18.0.7 (executor 0) (32/50)
[2025-12-16T03:29:47.330+0000] {subprocess.py:106} INFO - 25/12/16 03:29:47 INFO BlockManagerInfo: Added rdd_48_31 in memory on 172.18.0.7:41729 (size: 46.0 B, free: 434.2 MiB)
[2025-12-16T03:29:47.331+0000] {subprocess.py:106} INFO - 25/12/16 03:29:47 INFO BlockManagerInfo: Added rdd_48_33 in memory on 172.18.0.7:41729 (size: 46.0 B, free: 434.2 MiB)
[2025-12-16T03:29:47.338+0000] {subprocess.py:106} INFO - 25/12/16 03:29:47 INFO BlockManagerInfo: Added rdd_48_38 in memory on 172.18.0.7:41729 (size: 46.0 B, free: 434.2 MiB)
[2025-12-16T03:29:47.342+0000] {subprocess.py:106} INFO - 25/12/16 03:29:47 INFO BlockManagerInfo: Added rdd_48_32 in memory on 172.18.0.7:41729 (size: 46.0 B, free: 434.2 MiB)
[2025-12-16T03:29:47.358+0000] {subprocess.py:106} INFO - 25/12/16 03:29:47 INFO BlockManagerInfo: Added rdd_48_35 in memory on 172.18.0.7:41729 (size: 46.0 B, free: 434.2 MiB)
[2025-12-16T03:29:47.360+0000] {subprocess.py:106} INFO - 25/12/16 03:29:47 INFO BlockManagerInfo: Added rdd_48_36 in memory on 172.18.0.7:41729 (size: 46.0 B, free: 434.2 MiB)
[2025-12-16T03:29:47.366+0000] {subprocess.py:106} INFO - 25/12/16 03:29:47 INFO BlockManagerInfo: Added rdd_48_40 in memory on 172.18.0.7:41729 (size: 46.0 B, free: 434.2 MiB)
[2025-12-16T03:29:47.367+0000] {subprocess.py:106} INFO - 25/12/16 03:29:47 INFO BlockManagerInfo: Added rdd_48_46 in memory on 172.18.0.7:41729 (size: 46.0 B, free: 434.2 MiB)
[2025-12-16T03:29:47.368+0000] {subprocess.py:106} INFO - 25/12/16 03:29:47 INFO BlockManagerInfo: Added rdd_48_39 in memory on 172.18.0.7:41729 (size: 46.0 B, free: 434.2 MiB)
[2025-12-16T03:29:47.382+0000] {subprocess.py:106} INFO - 25/12/16 03:29:47 INFO BlockManagerInfo: Added rdd_48_37 in memory on 172.18.0.7:41729 (size: 46.0 B, free: 434.2 MiB)
[2025-12-16T03:29:47.383+0000] {subprocess.py:106} INFO - 25/12/16 03:29:47 INFO BlockManagerInfo: Added rdd_48_45 in memory on 172.18.0.7:41729 (size: 46.0 B, free: 434.2 MiB)
[2025-12-16T03:29:47.384+0000] {subprocess.py:106} INFO - 25/12/16 03:29:47 INFO TaskSetManager: Starting task 48.0 in stage 14.0 (TID 157) (172.18.0.7, executor 0, partition 48, PROCESS_LOCAL, 7356 bytes)
[2025-12-16T03:29:47.385+0000] {subprocess.py:106} INFO - 25/12/16 03:29:47 INFO BlockManagerInfo: Added rdd_48_43 in memory on 172.18.0.7:41729 (size: 46.0 B, free: 434.2 MiB)
[2025-12-16T03:29:47.390+0000] {subprocess.py:106} INFO - 25/12/16 03:29:47 INFO TaskSetManager: Finished task 38.0 in stage 14.0 (TID 148) in 136 ms on 172.18.0.7 (executor 0) (33/50)
[2025-12-16T03:29:47.391+0000] {subprocess.py:106} INFO - 25/12/16 03:29:47 INFO TaskSetManager: Starting task 49.0 in stage 14.0 (TID 158) (172.18.0.7, executor 0, partition 49, PROCESS_LOCAL, 7356 bytes)
[2025-12-16T03:29:47.392+0000] {subprocess.py:106} INFO - 25/12/16 03:29:47 INFO TaskSetManager: Finished task 33.0 in stage 14.0 (TID 143) in 151 ms on 172.18.0.7 (executor 0) (34/50)
[2025-12-16T03:29:47.399+0000] {subprocess.py:106} INFO - 25/12/16 03:29:47 INFO BlockManagerInfo: Added rdd_48_34 in memory on 172.18.0.7:41729 (size: 46.0 B, free: 434.2 MiB)
[2025-12-16T03:29:47.401+0000] {subprocess.py:106} INFO - 25/12/16 03:29:47 INFO BlockManagerInfo: Added rdd_48_44 in memory on 172.18.0.7:41729 (size: 46.0 B, free: 434.2 MiB)
[2025-12-16T03:29:47.402+0000] {subprocess.py:106} INFO - 25/12/16 03:29:47 INFO TaskSetManager: Finished task 35.0 in stage 14.0 (TID 145) in 163 ms on 172.18.0.7 (executor 0) (35/50)
[2025-12-16T03:29:47.406+0000] {subprocess.py:106} INFO - 25/12/16 03:29:47 INFO TaskSetManager: Finished task 32.0 in stage 14.0 (TID 142) in 170 ms on 172.18.0.7 (executor 0) (36/50)
[2025-12-16T03:29:47.411+0000] {subprocess.py:106} INFO - 25/12/16 03:29:47 INFO BlockManagerInfo: Added rdd_48_47 in memory on 172.18.0.7:41729 (size: 46.0 B, free: 434.2 MiB)
[2025-12-16T03:29:47.412+0000] {subprocess.py:106} INFO - 25/12/16 03:29:47 INFO BlockManagerInfo: Added rdd_48_41 in memory on 172.18.0.7:41729 (size: 46.0 B, free: 434.2 MiB)
[2025-12-16T03:29:47.414+0000] {subprocess.py:106} INFO - 25/12/16 03:29:47 INFO TaskSetManager: Finished task 31.0 in stage 14.0 (TID 141) in 213 ms on 172.18.0.7 (executor 0) (37/50)
[2025-12-16T03:29:47.414+0000] {subprocess.py:106} INFO - 25/12/16 03:29:47 INFO TaskSetManager: Finished task 46.0 in stage 14.0 (TID 155) in 147 ms on 172.18.0.7 (executor 0) (38/50)
[2025-12-16T03:29:47.416+0000] {subprocess.py:106} INFO - 25/12/16 03:29:47 INFO TaskSetManager: Finished task 45.0 in stage 14.0 (TID 154) in 151 ms on 172.18.0.7 (executor 0) (39/50)
[2025-12-16T03:29:47.416+0000] {subprocess.py:106} INFO - 25/12/16 03:29:47 INFO TaskSetManager: Finished task 36.0 in stage 14.0 (TID 146) in 178 ms on 172.18.0.7 (executor 0) (40/50)
[2025-12-16T03:29:47.417+0000] {subprocess.py:106} INFO - 25/12/16 03:29:47 INFO TaskSetManager: Finished task 40.0 in stage 14.0 (TID 150) in 169 ms on 172.18.0.7 (executor 0) (41/50)
[2025-12-16T03:29:47.418+0000] {subprocess.py:106} INFO - 25/12/16 03:29:47 INFO TaskSetManager: Finished task 39.0 in stage 14.0 (TID 149) in 171 ms on 172.18.0.7 (executor 0) (42/50)
[2025-12-16T03:29:47.438+0000] {subprocess.py:106} INFO - 25/12/16 03:29:47 INFO TaskSetManager: Finished task 43.0 in stage 14.0 (TID 152) in 180 ms on 172.18.0.7 (executor 0) (43/50)
[2025-12-16T03:29:47.440+0000] {subprocess.py:106} INFO - 25/12/16 03:29:47 INFO TaskSetManager: Finished task 37.0 in stage 14.0 (TID 147) in 200 ms on 172.18.0.7 (executor 0) (44/50)
[2025-12-16T03:29:47.443+0000] {subprocess.py:106} INFO - 25/12/16 03:29:47 INFO TaskSetManager: Finished task 34.0 in stage 14.0 (TID 144) in 209 ms on 172.18.0.7 (executor 0) (45/50)
[2025-12-16T03:29:47.445+0000] {subprocess.py:106} INFO - 25/12/16 03:29:47 INFO TaskSetManager: Finished task 44.0 in stage 14.0 (TID 153) in 186 ms on 172.18.0.7 (executor 0) (46/50)
[2025-12-16T03:29:47.450+0000] {subprocess.py:106} INFO - 25/12/16 03:29:47 INFO TaskSetManager: Finished task 41.0 in stage 14.0 (TID 151) in 203 ms on 172.18.0.7 (executor 0) (47/50)
[2025-12-16T03:29:47.452+0000] {subprocess.py:106} INFO - 25/12/16 03:29:47 INFO TaskSetManager: Finished task 47.0 in stage 14.0 (TID 156) in 162 ms on 172.18.0.7 (executor 0) (48/50)
[2025-12-16T03:29:47.484+0000] {subprocess.py:106} INFO - 25/12/16 03:29:47 INFO BlockManagerInfo: Added rdd_48_49 in memory on 172.18.0.7:41729 (size: 46.0 B, free: 434.2 MiB)
[2025-12-16T03:29:47.486+0000] {subprocess.py:106} INFO - 25/12/16 03:29:47 INFO BlockManagerInfo: Added rdd_48_48 in memory on 172.18.0.7:41729 (size: 46.0 B, free: 434.2 MiB)
[2025-12-16T03:29:47.511+0000] {subprocess.py:106} INFO - 25/12/16 03:29:47 INFO TaskSetManager: Finished task 48.0 in stage 14.0 (TID 157) in 132 ms on 172.18.0.7 (executor 0) (49/50)
[2025-12-16T03:29:47.512+0000] {subprocess.py:106} INFO - 25/12/16 03:29:47 INFO TaskSetManager: Finished task 49.0 in stage 14.0 (TID 158) in 129 ms on 172.18.0.7 (executor 0) (50/50)
[2025-12-16T03:29:47.512+0000] {subprocess.py:106} INFO - 25/12/16 03:29:47 INFO TaskSchedulerImpl: Removed TaskSet 14.0, whose tasks have all completed, from pool
[2025-12-16T03:29:47.513+0000] {subprocess.py:106} INFO - 25/12/16 03:29:47 INFO DAGScheduler: ShuffleMapStage 14 ($anonfun$recordDeltaOperationInternal$1 at DatabricksLogging.scala:128) finished in 0.765 s
[2025-12-16T03:29:47.514+0000] {subprocess.py:106} INFO - 25/12/16 03:29:47 INFO DAGScheduler: looking for newly runnable stages
[2025-12-16T03:29:47.515+0000] {subprocess.py:106} INFO - 25/12/16 03:29:47 INFO DAGScheduler: running: Set()
[2025-12-16T03:29:47.515+0000] {subprocess.py:106} INFO - 25/12/16 03:29:47 INFO DAGScheduler: waiting: Set()
[2025-12-16T03:29:47.516+0000] {subprocess.py:106} INFO - 25/12/16 03:29:47 INFO DAGScheduler: failed: Set()
[2025-12-16T03:29:47.549+0000] {subprocess.py:106} INFO - 25/12/16 03:29:47 INFO SparkContext: Starting job: $anonfun$recordDeltaOperationInternal$1 at DatabricksLogging.scala:128
[2025-12-16T03:29:47.550+0000] {subprocess.py:106} INFO - 25/12/16 03:29:47 INFO DAGScheduler: Got job 11 ($anonfun$recordDeltaOperationInternal$1 at DatabricksLogging.scala:128) with 1 output partitions
[2025-12-16T03:29:47.551+0000] {subprocess.py:106} INFO - 25/12/16 03:29:47 INFO DAGScheduler: Final stage: ResultStage 17 ($anonfun$recordDeltaOperationInternal$1 at DatabricksLogging.scala:128)
[2025-12-16T03:29:47.552+0000] {subprocess.py:106} INFO - 25/12/16 03:29:47 INFO DAGScheduler: Parents of final stage: List(ShuffleMapStage 16)
[2025-12-16T03:29:47.553+0000] {subprocess.py:106} INFO - 25/12/16 03:29:47 INFO DAGScheduler: Missing parents: List()
[2025-12-16T03:29:47.553+0000] {subprocess.py:106} INFO - 25/12/16 03:29:47 INFO DAGScheduler: Submitting ResultStage 17 (MapPartitionsRDD[54] at $anonfun$recordDeltaOperationInternal$1 at DatabricksLogging.scala:128), which has no missing parents
[2025-12-16T03:29:47.558+0000] {subprocess.py:106} INFO - 25/12/16 03:29:47 INFO MemoryStore: Block broadcast_18 stored as values in memory (estimated size 452.3 KiB, free 432.1 MiB)
[2025-12-16T03:29:47.561+0000] {subprocess.py:106} INFO - 25/12/16 03:29:47 INFO MemoryStore: Block broadcast_18_piece0 stored as bytes in memory (estimated size 108.1 KiB, free 432.0 MiB)
[2025-12-16T03:29:47.562+0000] {subprocess.py:106} INFO - 25/12/16 03:29:47 INFO BlockManagerInfo: Added broadcast_18_piece0 in memory on 3ad9a82189be:37965 (size: 108.1 KiB, free: 434.0 MiB)
[2025-12-16T03:29:47.563+0000] {subprocess.py:106} INFO - 25/12/16 03:29:47 INFO SparkContext: Created broadcast 18 from broadcast at DAGScheduler.scala:1535
[2025-12-16T03:29:47.563+0000] {subprocess.py:106} INFO - 25/12/16 03:29:47 INFO DAGScheduler: Submitting 1 missing tasks from ResultStage 17 (MapPartitionsRDD[54] at $anonfun$recordDeltaOperationInternal$1 at DatabricksLogging.scala:128) (first 15 tasks are for partitions Vector(0))
[2025-12-16T03:29:47.564+0000] {subprocess.py:106} INFO - 25/12/16 03:29:47 INFO TaskSchedulerImpl: Adding task set 17.0 with 1 tasks resource profile 0
[2025-12-16T03:29:47.565+0000] {subprocess.py:106} INFO - 25/12/16 03:29:47 INFO TaskSetManager: Starting task 0.0 in stage 17.0 (TID 159) (172.18.0.7, executor 0, partition 0, NODE_LOCAL, 7367 bytes)
[2025-12-16T03:29:47.578+0000] {subprocess.py:106} INFO - 25/12/16 03:29:47 INFO BlockManagerInfo: Added broadcast_18_piece0 in memory on 172.18.0.7:41729 (size: 108.1 KiB, free: 434.1 MiB)
[2025-12-16T03:29:47.590+0000] {subprocess.py:106} INFO - 25/12/16 03:29:47 INFO MapOutputTrackerMasterEndpoint: Asked to send map output locations for shuffle 3 to 172.18.0.7:60316
[2025-12-16T03:29:47.628+0000] {subprocess.py:106} INFO - 25/12/16 03:29:47 INFO TaskSetManager: Finished task 0.0 in stage 17.0 (TID 159) in 63 ms on 172.18.0.7 (executor 0) (1/1)
[2025-12-16T03:29:47.629+0000] {subprocess.py:106} INFO - 25/12/16 03:29:47 INFO TaskSchedulerImpl: Removed TaskSet 17.0, whose tasks have all completed, from pool
[2025-12-16T03:29:47.630+0000] {subprocess.py:106} INFO - 25/12/16 03:29:47 INFO DAGScheduler: ResultStage 17 ($anonfun$recordDeltaOperationInternal$1 at DatabricksLogging.scala:128) finished in 0.076 s
[2025-12-16T03:29:47.630+0000] {subprocess.py:106} INFO - 25/12/16 03:29:47 INFO DAGScheduler: Job 11 is finished. Cancelling potential speculative or zombie tasks for this job
[2025-12-16T03:29:47.631+0000] {subprocess.py:106} INFO - 25/12/16 03:29:47 INFO TaskSchedulerImpl: Killing all running tasks in stage 17: Stage finished
[2025-12-16T03:29:47.631+0000] {subprocess.py:106} INFO - 25/12/16 03:29:47 INFO DAGScheduler: Job 11 finished: $anonfun$recordDeltaOperationInternal$1 at DatabricksLogging.scala:128, took 0.080573 s
[2025-12-16T03:29:47.643+0000] {subprocess.py:106} INFO - 25/12/16 03:29:47 INFO Snapshot: [tableId=0e262853-9824-48c4-a6ca-dea8afceb846] DELTA: Done
[2025-12-16T03:29:47.668+0000] {subprocess.py:106} INFO - 25/12/16 03:29:47 INFO OptimisticTransaction: [tableId=4ab65392,txnId=ceea0a2b] Committed delta #0 to s3a://gold/dim_products/_delta_log
[2025-12-16T03:29:47.672+0000] {subprocess.py:106} INFO - --> [SUCCESS] Written dim_products to s3a://gold/dim_products
[2025-12-16T03:29:47.673+0000] {subprocess.py:106} INFO - Processing Dim Customers...
[2025-12-16T03:29:47.692+0000] {subprocess.py:106} INFO - 25/12/16 03:29:47 INFO DelegatingLogStore: LogStore `LogStoreAdapter(io.delta.storage.S3SingleDriverLogStore)` is used for scheme `s3a`
[2025-12-16T03:29:47.713+0000] {subprocess.py:106} INFO - 25/12/16 03:29:47 INFO DeltaLog: Loading version 0.
[2025-12-16T03:29:47.718+0000] {subprocess.py:106} INFO - 25/12/16 03:29:47 INFO DeltaLogFileIndex: Created DeltaLogFileIndex(JSON, numFilesInSegment: 1, totalFileSize: 2263)
[2025-12-16T03:29:47.753+0000] {subprocess.py:106} INFO - 25/12/16 03:29:47 INFO FileSourceStrategy: Pushed Filters:
[2025-12-16T03:29:47.754+0000] {subprocess.py:106} INFO - 25/12/16 03:29:47 INFO FileSourceStrategy: Post-Scan Filters:
[2025-12-16T03:29:47.769+0000] {subprocess.py:106} INFO - 25/12/16 03:29:47 INFO BlockManagerInfo: Removed broadcast_18_piece0 on 3ad9a82189be:37965 in memory (size: 108.1 KiB, free: 434.1 MiB)
[2025-12-16T03:29:47.771+0000] {subprocess.py:106} INFO - 25/12/16 03:29:47 INFO BlockManagerInfo: Removed broadcast_18_piece0 on 172.18.0.7:41729 in memory (size: 108.1 KiB, free: 434.2 MiB)
[2025-12-16T03:29:47.778+0000] {subprocess.py:106} INFO - 25/12/16 03:29:47 INFO BlockManagerInfo: Removed broadcast_17_piece0 on 3ad9a82189be:37965 in memory (size: 123.3 KiB, free: 434.2 MiB)
[2025-12-16T03:29:47.779+0000] {subprocess.py:106} INFO - 25/12/16 03:29:47 INFO MemoryStore: Block broadcast_19 stored as values in memory (estimated size 212.9 KiB, free 433.0 MiB)
[2025-12-16T03:29:47.780+0000] {subprocess.py:106} INFO - 25/12/16 03:29:47 INFO BlockManagerInfo: Removed broadcast_17_piece0 on 172.18.0.7:41729 in memory (size: 123.3 KiB, free: 434.3 MiB)
[2025-12-16T03:29:47.788+0000] {subprocess.py:106} INFO - 25/12/16 03:29:47 INFO MemoryStore: Block broadcast_19_piece0 stored as bytes in memory (estimated size 36.4 KiB, free 432.9 MiB)
[2025-12-16T03:29:47.789+0000] {subprocess.py:106} INFO - 25/12/16 03:29:47 INFO BlockManagerInfo: Added broadcast_19_piece0 in memory on 3ad9a82189be:37965 (size: 36.4 KiB, free: 434.2 MiB)
[2025-12-16T03:29:47.790+0000] {subprocess.py:106} INFO - 25/12/16 03:29:47 INFO SparkContext: Created broadcast 19 from toString at <unknown>:0
[2025-12-16T03:29:47.791+0000] {subprocess.py:106} INFO - 25/12/16 03:29:47 INFO FileSourceScanExec: Planning scan with bin packing, max size: 4194304 bytes, open cost is considered as scanning 4194304 bytes.
[2025-12-16T03:29:47.805+0000] {subprocess.py:106} INFO - 25/12/16 03:29:47 INFO SparkContext: Starting job: toString at <unknown>:0
[2025-12-16T03:29:47.806+0000] {subprocess.py:106} INFO - 25/12/16 03:29:47 INFO DAGScheduler: Got job 12 (toString at <unknown>:0) with 1 output partitions
[2025-12-16T03:29:47.807+0000] {subprocess.py:106} INFO - 25/12/16 03:29:47 INFO DAGScheduler: Final stage: ResultStage 18 (toString at <unknown>:0)
[2025-12-16T03:29:47.807+0000] {subprocess.py:106} INFO - 25/12/16 03:29:47 INFO DAGScheduler: Parents of final stage: List()
[2025-12-16T03:29:47.808+0000] {subprocess.py:106} INFO - 25/12/16 03:29:47 INFO DAGScheduler: Missing parents: List()
[2025-12-16T03:29:47.808+0000] {subprocess.py:106} INFO - 25/12/16 03:29:47 INFO DAGScheduler: Submitting ResultStage 18 (MapPartitionsRDD[58] at toString at <unknown>:0), which has no missing parents
[2025-12-16T03:29:47.809+0000] {subprocess.py:106} INFO - 25/12/16 03:29:47 INFO MemoryStore: Block broadcast_20 stored as values in memory (estimated size 50.4 KiB, free 432.9 MiB)
[2025-12-16T03:29:47.811+0000] {subprocess.py:106} INFO - 25/12/16 03:29:47 INFO MemoryStore: Block broadcast_20_piece0 stored as bytes in memory (estimated size 15.5 KiB, free 432.9 MiB)
[2025-12-16T03:29:47.812+0000] {subprocess.py:106} INFO - 25/12/16 03:29:47 INFO BlockManagerInfo: Added broadcast_20_piece0 in memory on 3ad9a82189be:37965 (size: 15.5 KiB, free: 434.2 MiB)
[2025-12-16T03:29:47.813+0000] {subprocess.py:106} INFO - 25/12/16 03:29:47 INFO SparkContext: Created broadcast 20 from broadcast at DAGScheduler.scala:1535
[2025-12-16T03:29:47.814+0000] {subprocess.py:106} INFO - 25/12/16 03:29:47 INFO DAGScheduler: Submitting 1 missing tasks from ResultStage 18 (MapPartitionsRDD[58] at toString at <unknown>:0) (first 15 tasks are for partitions Vector(0))
[2025-12-16T03:29:47.814+0000] {subprocess.py:106} INFO - 25/12/16 03:29:47 INFO TaskSchedulerImpl: Adding task set 18.0 with 1 tasks resource profile 0
[2025-12-16T03:29:47.815+0000] {subprocess.py:106} INFO - 25/12/16 03:29:47 INFO TaskSetManager: Starting task 0.0 in stage 18.0 (TID 160) (172.18.0.7, executor 0, partition 0, PROCESS_LOCAL, 7943 bytes)
[2025-12-16T03:29:47.826+0000] {subprocess.py:106} INFO - 25/12/16 03:29:47 INFO BlockManagerInfo: Added broadcast_20_piece0 in memory on 172.18.0.7:41729 (size: 15.5 KiB, free: 434.3 MiB)
[2025-12-16T03:29:47.840+0000] {subprocess.py:106} INFO - 25/12/16 03:29:47 INFO BlockManagerInfo: Added broadcast_19_piece0 in memory on 172.18.0.7:41729 (size: 36.4 KiB, free: 434.2 MiB)
[2025-12-16T03:29:47.875+0000] {subprocess.py:106} INFO - 25/12/16 03:29:47 INFO TaskSetManager: Finished task 0.0 in stage 18.0 (TID 160) in 60 ms on 172.18.0.7 (executor 0) (1/1)
[2025-12-16T03:29:47.876+0000] {subprocess.py:106} INFO - 25/12/16 03:29:47 INFO TaskSchedulerImpl: Removed TaskSet 18.0, whose tasks have all completed, from pool
[2025-12-16T03:29:47.881+0000] {subprocess.py:106} INFO - 25/12/16 03:29:47 INFO DAGScheduler: ResultStage 18 (toString at <unknown>:0) finished in 0.068 s
[2025-12-16T03:29:47.883+0000] {subprocess.py:106} INFO - 25/12/16 03:29:47 INFO DAGScheduler: Job 12 is finished. Cancelling potential speculative or zombie tasks for this job
[2025-12-16T03:29:47.883+0000] {subprocess.py:106} INFO - 25/12/16 03:29:47 INFO TaskSchedulerImpl: Killing all running tasks in stage 18: Stage finished
[2025-12-16T03:29:47.884+0000] {subprocess.py:106} INFO - 25/12/16 03:29:47 INFO DAGScheduler: Job 12 finished: toString at <unknown>:0, took 0.071121 s
[2025-12-16T03:29:47.884+0000] {subprocess.py:106} INFO - 25/12/16 03:29:47 INFO Snapshot: [tableId=6fb29a9d-faf6-45a2-9a99-0c7df63cfb3e] Created snapshot Snapshot(path=s3a://silver/customers/_delta_log, version=0, metadata=Metadata(2a6b006e-f64b-4180-be07-82b7baeafd0e,null,null,Format(parquet,Map()),{"type":"struct","fields":[{"name":"customer_id","type":"string","nullable":true,"metadata":{}},{"name":"customer_name","type":"string","nullable":true,"metadata":{}},{"name":"phone","type":"string","nullable":true,"metadata":{}},{"name":"address","type":"string","nullable":true,"metadata":{}},{"name":"customer_group","type":"string","nullable":true,"metadata":{}},{"name":"current_debt","type":"decimal(18,2)","nullable":true,"metadata":{}},{"name":"status","type":"integer","nullable":true,"metadata":{}},{"name":"etl_loaded_at","type":"timestamp","nullable":true,"metadata":{}}]},List(),Map(),Some(1765855048397)), logSegment=LogSegment(s3a://silver/customers/_delta_log,0,WrappedArray(S3AFileStatus{path=s3a://silver/customers/_delta_log/00000000000000000000.json; isDirectory=false; length=2263; replication=1; blocksize=33554432; modification_time=1765855051914; access_time=0; owner=root; group=root; permission=rw-rw-rw-; isSymlink=false; hasAcl=false; isEncrypted=true; isErasureCoded=false} isEmptyDirectory=FALSE eTag=c5e78a0eb1e56e79931108a549a312e8 versionId=null),None,1765855051914), checksumOpt=None)
[2025-12-16T03:29:47.945+0000] {subprocess.py:106} INFO - 25/12/16 03:29:47 INFO DelegatingLogStore: LogStore `LogStoreAdapter(io.delta.storage.S3SingleDriverLogStore)` is used for scheme `s3a`
[2025-12-16T03:29:47.959+0000] {subprocess.py:106} INFO - 25/12/16 03:29:47 INFO DeltaLog: Creating initial snapshot without metadata, because the directory is empty
[2025-12-16T03:29:47.960+0000] {subprocess.py:106} INFO - 25/12/16 03:29:47 INFO InitialSnapshot: [tableId=15eb8368-ec74-4d1e-abf0-9163e83c3664] Created snapshot InitialSnapshot(path=s3a://gold/dim_customers/_delta_log, version=-1, metadata=Metadata(e5801430-c169-425c-9465-5dc19988d899,null,null,Format(parquet,Map()),null,List(),Map(),Some(1765855787958)), logSegment=LogSegment(s3a://gold/dim_customers/_delta_log,-1,List(),None,-1), checksumOpt=None)
[2025-12-16T03:29:47.973+0000] {subprocess.py:106} INFO - 25/12/16 03:29:47 INFO DeltaLog: No delta log found for the Delta table at s3a://gold/dim_customers/_delta_log
[2025-12-16T03:29:47.974+0000] {subprocess.py:106} INFO - 25/12/16 03:29:47 INFO InitialSnapshot: [tableId=e5801430-c169-425c-9465-5dc19988d899] Created snapshot InitialSnapshot(path=s3a://gold/dim_customers/_delta_log, version=-1, metadata=Metadata(c6236eba-2949-40c2-b260-650a15cb4a2c,null,null,Format(parquet,Map()),null,List(),Map(),Some(1765855787972)), logSegment=LogSegment(s3a://gold/dim_customers/_delta_log,-1,List(),None,-1), checksumOpt=None)
[2025-12-16T03:29:47.984+0000] {subprocess.py:106} INFO - 25/12/16 03:29:47 INFO OptimisticTransaction: [tableId=c6236eba,txnId=44e76bf7] Updated metadata from - to Metadata(16e4fe15-0e59-48b6-867e-459a77d1dfd5,null,null,Format(parquet,Map()),{"type":"struct","fields":[{"name":"customer_key","type":"string","nullable":true,"metadata":{}},{"name":"customer_id","type":"string","nullable":true,"metadata":{}},{"name":"customer_name","type":"string","nullable":true,"metadata":{}},{"name":"phone","type":"string","nullable":true,"metadata":{}},{"name":"address","type":"string","nullable":true,"metadata":{}},{"name":"customer_group","type":"string","nullable":true,"metadata":{}},{"name":"status","type":"integer","nullable":true,"metadata":{}},{"name":"last_updated","type":"timestamp","nullable":true,"metadata":{}}]},List(),Map(),Some(1765855787975))
[2025-12-16T03:29:48.095+0000] {subprocess.py:106} INFO - 25/12/16 03:29:48 INFO PrepareDeltaScan: DELTA: Filtering files for query
[2025-12-16T03:29:48.096+0000] {subprocess.py:106} INFO - 25/12/16 03:29:48 INFO Snapshot: [tableId=2a6b006e-f64b-4180-be07-82b7baeafd0e] DELTA: Compute snapshot for version: 0
[2025-12-16T03:29:48.099+0000] {subprocess.py:106} INFO - 25/12/16 03:29:48 INFO MemoryStore: Block broadcast_21 stored as values in memory (estimated size 212.3 KiB, free 432.7 MiB)
[2025-12-16T03:29:48.106+0000] {subprocess.py:106} INFO - 25/12/16 03:29:48 INFO MemoryStore: Block broadcast_21_piece0 stored as bytes in memory (estimated size 36.3 KiB, free 432.6 MiB)
[2025-12-16T03:29:48.108+0000] {subprocess.py:106} INFO - 25/12/16 03:29:48 INFO BlockManagerInfo: Added broadcast_21_piece0 in memory on 3ad9a82189be:37965 (size: 36.3 KiB, free: 434.1 MiB)
[2025-12-16T03:29:48.109+0000] {subprocess.py:106} INFO - 25/12/16 03:29:48 INFO SparkContext: Created broadcast 21 from $anonfun$recordDeltaOperationInternal$1 at DatabricksLogging.scala:128
[2025-12-16T03:29:48.131+0000] {subprocess.py:106} INFO - 25/12/16 03:29:48 INFO BlockManagerInfo: Removed broadcast_20_piece0 on 3ad9a82189be:37965 in memory (size: 15.5 KiB, free: 434.2 MiB)
[2025-12-16T03:29:48.133+0000] {subprocess.py:106} INFO - 25/12/16 03:29:48 INFO BlockManagerInfo: Removed broadcast_20_piece0 on 172.18.0.7:41729 in memory (size: 15.5 KiB, free: 434.3 MiB)
[2025-12-16T03:29:48.141+0000] {subprocess.py:106} INFO - 25/12/16 03:29:48 INFO BlockManagerInfo: Removed broadcast_19_piece0 on 3ad9a82189be:37965 in memory (size: 36.4 KiB, free: 434.2 MiB)
[2025-12-16T03:29:48.143+0000] {subprocess.py:106} INFO - 25/12/16 03:29:48 INFO BlockManagerInfo: Removed broadcast_19_piece0 on 172.18.0.7:41729 in memory (size: 36.4 KiB, free: 434.3 MiB)
[2025-12-16T03:29:48.315+0000] {subprocess.py:106} INFO - 25/12/16 03:29:48 INFO FileSourceStrategy: Pushed Filters:
[2025-12-16T03:29:48.316+0000] {subprocess.py:106} INFO - 25/12/16 03:29:48 INFO FileSourceStrategy: Post-Scan Filters:
[2025-12-16T03:29:48.357+0000] {subprocess.py:106} INFO - 25/12/16 03:29:48 INFO MemoryStore: Block broadcast_22 stored as values in memory (estimated size 212.9 KiB, free 432.7 MiB)
[2025-12-16T03:29:48.367+0000] {subprocess.py:106} INFO - 25/12/16 03:29:48 INFO MemoryStore: Block broadcast_22_piece0 stored as bytes in memory (estimated size 36.4 KiB, free 432.7 MiB)
[2025-12-16T03:29:48.368+0000] {subprocess.py:106} INFO - 25/12/16 03:29:48 INFO BlockManagerInfo: Added broadcast_22_piece0 in memory on 3ad9a82189be:37965 (size: 36.4 KiB, free: 434.2 MiB)
[2025-12-16T03:29:48.368+0000] {subprocess.py:106} INFO - 25/12/16 03:29:48 INFO SparkContext: Created broadcast 22 from $anonfun$recordDeltaOperationInternal$1 at DatabricksLogging.scala:128
[2025-12-16T03:29:48.369+0000] {subprocess.py:106} INFO - 25/12/16 03:29:48 INFO FileSourceScanExec: Planning scan with bin packing, max size: 4194304 bytes, open cost is considered as scanning 4194304 bytes.
[2025-12-16T03:29:48.382+0000] {subprocess.py:106} INFO - 25/12/16 03:29:48 INFO DAGScheduler: Registering RDD 62 ($anonfun$recordDeltaOperationInternal$1 at DatabricksLogging.scala:128) as input to shuffle 4
[2025-12-16T03:29:48.383+0000] {subprocess.py:106} INFO - 25/12/16 03:29:48 INFO DAGScheduler: Got map stage job 13 ($anonfun$recordDeltaOperationInternal$1 at DatabricksLogging.scala:128) with 1 output partitions
[2025-12-16T03:29:48.384+0000] {subprocess.py:106} INFO - 25/12/16 03:29:48 INFO DAGScheduler: Final stage: ShuffleMapStage 19 ($anonfun$recordDeltaOperationInternal$1 at DatabricksLogging.scala:128)
[2025-12-16T03:29:48.384+0000] {subprocess.py:106} INFO - 25/12/16 03:29:48 INFO DAGScheduler: Parents of final stage: List()
[2025-12-16T03:29:48.385+0000] {subprocess.py:106} INFO - 25/12/16 03:29:48 INFO DAGScheduler: Missing parents: List()
[2025-12-16T03:29:48.385+0000] {subprocess.py:106} INFO - 25/12/16 03:29:48 INFO DAGScheduler: Submitting ShuffleMapStage 19 (MapPartitionsRDD[62] at $anonfun$recordDeltaOperationInternal$1 at DatabricksLogging.scala:128), which has no missing parents
[2025-12-16T03:29:48.387+0000] {subprocess.py:106} INFO - 25/12/16 03:29:48 INFO MemoryStore: Block broadcast_23 stored as values in memory (estimated size 138.3 KiB, free 432.6 MiB)
[2025-12-16T03:29:48.388+0000] {subprocess.py:106} INFO - 25/12/16 03:29:48 INFO MemoryStore: Block broadcast_23_piece0 stored as bytes in memory (estimated size 39.0 KiB, free 432.5 MiB)
[2025-12-16T03:29:48.389+0000] {subprocess.py:106} INFO - 25/12/16 03:29:48 INFO BlockManagerInfo: Added broadcast_23_piece0 in memory on 3ad9a82189be:37965 (size: 39.0 KiB, free: 434.1 MiB)
[2025-12-16T03:29:48.390+0000] {subprocess.py:106} INFO - 25/12/16 03:29:48 INFO SparkContext: Created broadcast 23 from broadcast at DAGScheduler.scala:1535
[2025-12-16T03:29:48.390+0000] {subprocess.py:106} INFO - 25/12/16 03:29:48 INFO DAGScheduler: Submitting 1 missing tasks from ShuffleMapStage 19 (MapPartitionsRDD[62] at $anonfun$recordDeltaOperationInternal$1 at DatabricksLogging.scala:128) (first 15 tasks are for partitions Vector(0))
[2025-12-16T03:29:48.391+0000] {subprocess.py:106} INFO - 25/12/16 03:29:48 INFO TaskSchedulerImpl: Adding task set 19.0 with 1 tasks resource profile 0
[2025-12-16T03:29:48.392+0000] {subprocess.py:106} INFO - 25/12/16 03:29:48 INFO TaskSetManager: Starting task 0.0 in stage 19.0 (TID 161) (172.18.0.7, executor 0, partition 0, PROCESS_LOCAL, 7932 bytes)
[2025-12-16T03:29:48.404+0000] {subprocess.py:106} INFO - 25/12/16 03:29:48 INFO BlockManagerInfo: Added broadcast_23_piece0 in memory on 172.18.0.7:41729 (size: 39.0 KiB, free: 434.2 MiB)
[2025-12-16T03:29:48.425+0000] {subprocess.py:106} INFO - 25/12/16 03:29:48 INFO BlockManagerInfo: Added broadcast_22_piece0 in memory on 172.18.0.7:41729 (size: 36.4 KiB, free: 434.2 MiB)
[2025-12-16T03:29:48.463+0000] {subprocess.py:106} INFO - 25/12/16 03:29:48 INFO TaskSetManager: Finished task 0.0 in stage 19.0 (TID 161) in 71 ms on 172.18.0.7 (executor 0) (1/1)
[2025-12-16T03:29:48.463+0000] {subprocess.py:106} INFO - 25/12/16 03:29:48 INFO TaskSchedulerImpl: Removed TaskSet 19.0, whose tasks have all completed, from pool
[2025-12-16T03:29:48.464+0000] {subprocess.py:106} INFO - 25/12/16 03:29:48 INFO DAGScheduler: ShuffleMapStage 19 ($anonfun$recordDeltaOperationInternal$1 at DatabricksLogging.scala:128) finished in 0.080 s
[2025-12-16T03:29:48.464+0000] {subprocess.py:106} INFO - 25/12/16 03:29:48 INFO DAGScheduler: looking for newly runnable stages
[2025-12-16T03:29:48.465+0000] {subprocess.py:106} INFO - 25/12/16 03:29:48 INFO DAGScheduler: running: Set()
[2025-12-16T03:29:48.465+0000] {subprocess.py:106} INFO - 25/12/16 03:29:48 INFO DAGScheduler: waiting: Set()
[2025-12-16T03:29:48.466+0000] {subprocess.py:106} INFO - 25/12/16 03:29:48 INFO DAGScheduler: failed: Set()
[2025-12-16T03:29:48.500+0000] {subprocess.py:106} INFO - 25/12/16 03:29:48 INFO BlockManagerInfo: Removed broadcast_23_piece0 on 3ad9a82189be:37965 in memory (size: 39.0 KiB, free: 434.2 MiB)
[2025-12-16T03:29:48.502+0000] {subprocess.py:106} INFO - 25/12/16 03:29:48 INFO BlockManagerInfo: Removed broadcast_23_piece0 on 172.18.0.7:41729 in memory (size: 39.0 KiB, free: 434.3 MiB)
[2025-12-16T03:29:48.624+0000] {subprocess.py:106} INFO - 25/12/16 03:29:48 INFO DAGScheduler: Registering RDD 72 ($anonfun$recordDeltaOperationInternal$1 at DatabricksLogging.scala:128) as input to shuffle 5
[2025-12-16T03:29:48.625+0000] {subprocess.py:106} INFO - 25/12/16 03:29:48 INFO DAGScheduler: Got map stage job 14 ($anonfun$recordDeltaOperationInternal$1 at DatabricksLogging.scala:128) with 50 output partitions
[2025-12-16T03:29:48.625+0000] {subprocess.py:106} INFO - 25/12/16 03:29:48 INFO DAGScheduler: Final stage: ShuffleMapStage 21 ($anonfun$recordDeltaOperationInternal$1 at DatabricksLogging.scala:128)
[2025-12-16T03:29:48.626+0000] {subprocess.py:106} INFO - 25/12/16 03:29:48 INFO DAGScheduler: Parents of final stage: List(ShuffleMapStage 20)
[2025-12-16T03:29:48.626+0000] {subprocess.py:106} INFO - 25/12/16 03:29:48 INFO DAGScheduler: Missing parents: List()
[2025-12-16T03:29:48.627+0000] {subprocess.py:106} INFO - 25/12/16 03:29:48 INFO DAGScheduler: Submitting ShuffleMapStage 21 (MapPartitionsRDD[72] at $anonfun$recordDeltaOperationInternal$1 at DatabricksLogging.scala:128), which has no missing parents
[2025-12-16T03:29:48.665+0000] {subprocess.py:106} INFO - 25/12/16 03:29:48 INFO MemoryStore: Block broadcast_24 stored as values in memory (estimated size 517.2 KiB, free 432.2 MiB)
[2025-12-16T03:29:48.668+0000] {subprocess.py:106} INFO - 25/12/16 03:29:48 INFO MemoryStore: Block broadcast_24_piece0 stored as bytes in memory (estimated size 123.4 KiB, free 432.1 MiB)
[2025-12-16T03:29:48.668+0000] {subprocess.py:106} INFO - 25/12/16 03:29:48 INFO BlockManagerInfo: Added broadcast_24_piece0 in memory on 3ad9a82189be:37965 (size: 123.4 KiB, free: 434.0 MiB)
[2025-12-16T03:29:48.669+0000] {subprocess.py:106} INFO - 25/12/16 03:29:48 INFO SparkContext: Created broadcast 24 from broadcast at DAGScheduler.scala:1535
[2025-12-16T03:29:48.670+0000] {subprocess.py:106} INFO - 25/12/16 03:29:48 INFO DAGScheduler: Submitting 50 missing tasks from ShuffleMapStage 21 (MapPartitionsRDD[72] at $anonfun$recordDeltaOperationInternal$1 at DatabricksLogging.scala:128) (first 15 tasks are for partitions Vector(0, 1, 2, 3, 4, 5, 6, 7, 8, 9, 10, 11, 12, 13, 14))
[2025-12-16T03:29:48.670+0000] {subprocess.py:106} INFO - 25/12/16 03:29:48 INFO TaskSchedulerImpl: Adding task set 21.0 with 50 tasks resource profile 0
[2025-12-16T03:29:48.671+0000] {subprocess.py:106} INFO - 25/12/16 03:29:48 INFO TaskSetManager: Starting task 14.0 in stage 21.0 (TID 162) (172.18.0.7, executor 0, partition 14, NODE_LOCAL, 7356 bytes)
[2025-12-16T03:29:48.672+0000] {subprocess.py:106} INFO - 25/12/16 03:29:48 INFO TaskSetManager: Starting task 42.0 in stage 21.0 (TID 163) (172.18.0.7, executor 0, partition 42, NODE_LOCAL, 7356 bytes)
[2025-12-16T03:29:48.673+0000] {subprocess.py:106} INFO - 25/12/16 03:29:48 INFO TaskSetManager: Starting task 0.0 in stage 21.0 (TID 164) (172.18.0.7, executor 0, partition 0, PROCESS_LOCAL, 7356 bytes)
[2025-12-16T03:29:48.673+0000] {subprocess.py:106} INFO - 25/12/16 03:29:48 INFO TaskSetManager: Starting task 1.0 in stage 21.0 (TID 165) (172.18.0.7, executor 0, partition 1, PROCESS_LOCAL, 7356 bytes)
[2025-12-16T03:29:48.674+0000] {subprocess.py:106} INFO - 25/12/16 03:29:48 INFO TaskSetManager: Starting task 2.0 in stage 21.0 (TID 166) (172.18.0.7, executor 0, partition 2, PROCESS_LOCAL, 7356 bytes)
[2025-12-16T03:29:48.674+0000] {subprocess.py:106} INFO - 25/12/16 03:29:48 INFO TaskSetManager: Starting task 3.0 in stage 21.0 (TID 167) (172.18.0.7, executor 0, partition 3, PROCESS_LOCAL, 7356 bytes)
[2025-12-16T03:29:48.675+0000] {subprocess.py:106} INFO - 25/12/16 03:29:48 INFO TaskSetManager: Starting task 4.0 in stage 21.0 (TID 168) (172.18.0.7, executor 0, partition 4, PROCESS_LOCAL, 7356 bytes)
[2025-12-16T03:29:48.675+0000] {subprocess.py:106} INFO - 25/12/16 03:29:48 INFO TaskSetManager: Starting task 5.0 in stage 21.0 (TID 169) (172.18.0.7, executor 0, partition 5, PROCESS_LOCAL, 7356 bytes)
[2025-12-16T03:29:48.676+0000] {subprocess.py:106} INFO - 25/12/16 03:29:48 INFO TaskSetManager: Starting task 6.0 in stage 21.0 (TID 170) (172.18.0.7, executor 0, partition 6, PROCESS_LOCAL, 7356 bytes)
[2025-12-16T03:29:48.677+0000] {subprocess.py:106} INFO - 25/12/16 03:29:48 INFO TaskSetManager: Starting task 7.0 in stage 21.0 (TID 171) (172.18.0.7, executor 0, partition 7, PROCESS_LOCAL, 7356 bytes)
[2025-12-16T03:29:48.677+0000] {subprocess.py:106} INFO - 25/12/16 03:29:48 INFO TaskSetManager: Starting task 8.0 in stage 21.0 (TID 172) (172.18.0.7, executor 0, partition 8, PROCESS_LOCAL, 7356 bytes)
[2025-12-16T03:29:48.678+0000] {subprocess.py:106} INFO - 25/12/16 03:29:48 INFO TaskSetManager: Starting task 9.0 in stage 21.0 (TID 173) (172.18.0.7, executor 0, partition 9, PROCESS_LOCAL, 7356 bytes)
[2025-12-16T03:29:48.679+0000] {subprocess.py:106} INFO - 25/12/16 03:29:48 INFO TaskSetManager: Starting task 10.0 in stage 21.0 (TID 174) (172.18.0.7, executor 0, partition 10, PROCESS_LOCAL, 7356 bytes)
[2025-12-16T03:29:48.679+0000] {subprocess.py:106} INFO - 25/12/16 03:29:48 INFO TaskSetManager: Starting task 11.0 in stage 21.0 (TID 175) (172.18.0.7, executor 0, partition 11, PROCESS_LOCAL, 7356 bytes)
[2025-12-16T03:29:48.680+0000] {subprocess.py:106} INFO - 25/12/16 03:29:48 INFO TaskSetManager: Starting task 12.0 in stage 21.0 (TID 176) (172.18.0.7, executor 0, partition 12, PROCESS_LOCAL, 7356 bytes)
[2025-12-16T03:29:48.681+0000] {subprocess.py:106} INFO - 25/12/16 03:29:48 INFO TaskSetManager: Starting task 13.0 in stage 21.0 (TID 177) (172.18.0.7, executor 0, partition 13, PROCESS_LOCAL, 7356 bytes)
[2025-12-16T03:29:48.691+0000] {subprocess.py:106} INFO - 25/12/16 03:29:48 INFO BlockManagerInfo: Added broadcast_24_piece0 in memory on 172.18.0.7:41729 (size: 123.4 KiB, free: 434.1 MiB)
[2025-12-16T03:29:48.709+0000] {subprocess.py:106} INFO - 25/12/16 03:29:48 INFO MapOutputTrackerMasterEndpoint: Asked to send map output locations for shuffle 4 to 172.18.0.7:60316
[2025-12-16T03:29:48.769+0000] {subprocess.py:106} INFO - 25/12/16 03:29:48 INFO BlockManagerInfo: Added rdd_69_6 in memory on 172.18.0.7:41729 (size: 46.0 B, free: 434.1 MiB)
[2025-12-16T03:29:48.770+0000] {subprocess.py:106} INFO - 25/12/16 03:29:48 INFO BlockManagerInfo: Added rdd_69_13 in memory on 172.18.0.7:41729 (size: 46.0 B, free: 434.1 MiB)
[2025-12-16T03:29:48.772+0000] {subprocess.py:106} INFO - 25/12/16 03:29:48 INFO BlockManagerInfo: Added rdd_69_4 in memory on 172.18.0.7:41729 (size: 46.0 B, free: 434.1 MiB)
[2025-12-16T03:29:48.774+0000] {subprocess.py:106} INFO - 25/12/16 03:29:48 INFO BlockManagerInfo: Added rdd_69_8 in memory on 172.18.0.7:41729 (size: 46.0 B, free: 434.1 MiB)
[2025-12-16T03:29:48.776+0000] {subprocess.py:106} INFO - 25/12/16 03:29:48 INFO BlockManagerInfo: Added rdd_69_5 in memory on 172.18.0.7:41729 (size: 46.0 B, free: 434.1 MiB)
[2025-12-16T03:29:48.777+0000] {subprocess.py:106} INFO - 25/12/16 03:29:48 INFO BlockManagerInfo: Added rdd_69_9 in memory on 172.18.0.7:41729 (size: 46.0 B, free: 434.1 MiB)
[2025-12-16T03:29:48.778+0000] {subprocess.py:106} INFO - 25/12/16 03:29:48 INFO BlockManagerInfo: Added rdd_69_2 in memory on 172.18.0.7:41729 (size: 46.0 B, free: 434.1 MiB)
[2025-12-16T03:29:48.780+0000] {subprocess.py:106} INFO - 25/12/16 03:29:48 INFO BlockManagerInfo: Added rdd_69_12 in memory on 172.18.0.7:41729 (size: 46.0 B, free: 434.1 MiB)
[2025-12-16T03:29:48.784+0000] {subprocess.py:106} INFO - 25/12/16 03:29:48 INFO BlockManagerInfo: Added rdd_69_3 in memory on 172.18.0.7:41729 (size: 46.0 B, free: 434.1 MiB)
[2025-12-16T03:29:48.786+0000] {subprocess.py:106} INFO - 25/12/16 03:29:48 INFO BlockManagerInfo: Added rdd_69_14 in memory on 172.18.0.7:41729 (size: 767.0 B, free: 434.1 MiB)
[2025-12-16T03:29:48.788+0000] {subprocess.py:106} INFO - 25/12/16 03:29:48 INFO BlockManagerInfo: Added rdd_69_42 in memory on 172.18.0.7:41729 (size: 566.0 B, free: 434.1 MiB)
[2025-12-16T03:29:48.789+0000] {subprocess.py:106} INFO - 25/12/16 03:29:48 INFO BlockManagerInfo: Added rdd_69_0 in memory on 172.18.0.7:41729 (size: 46.0 B, free: 434.1 MiB)
[2025-12-16T03:29:48.790+0000] {subprocess.py:106} INFO - 25/12/16 03:29:48 INFO BlockManagerInfo: Added rdd_69_10 in memory on 172.18.0.7:41729 (size: 46.0 B, free: 434.1 MiB)
[2025-12-16T03:29:48.790+0000] {subprocess.py:106} INFO - 25/12/16 03:29:48 INFO BlockManagerInfo: Added rdd_69_1 in memory on 172.18.0.7:41729 (size: 46.0 B, free: 434.1 MiB)
[2025-12-16T03:29:48.810+0000] {subprocess.py:106} INFO - 25/12/16 03:29:48 INFO BlockManagerInfo: Added rdd_69_7 in memory on 172.18.0.7:41729 (size: 46.0 B, free: 434.1 MiB)
[2025-12-16T03:29:48.814+0000] {subprocess.py:106} INFO - 25/12/16 03:29:48 INFO BlockManagerInfo: Added rdd_69_11 in memory on 172.18.0.7:41729 (size: 46.0 B, free: 434.1 MiB)
[2025-12-16T03:29:48.815+0000] {subprocess.py:106} INFO - 25/12/16 03:29:48 INFO TaskSetManager: Starting task 15.0 in stage 21.0 (TID 178) (172.18.0.7, executor 0, partition 15, PROCESS_LOCAL, 7356 bytes)
[2025-12-16T03:29:48.816+0000] {subprocess.py:106} INFO - 25/12/16 03:29:48 INFO TaskSetManager: Finished task 9.0 in stage 21.0 (TID 173) in 139 ms on 172.18.0.7 (executor 0) (1/50)
[2025-12-16T03:29:48.830+0000] {subprocess.py:106} INFO - 25/12/16 03:29:48 INFO TaskSetManager: Starting task 16.0 in stage 21.0 (TID 179) (172.18.0.7, executor 0, partition 16, PROCESS_LOCAL, 7356 bytes)
[2025-12-16T03:29:48.832+0000] {subprocess.py:106} INFO - 25/12/16 03:29:48 INFO TaskSetManager: Starting task 17.0 in stage 21.0 (TID 180) (172.18.0.7, executor 0, partition 17, PROCESS_LOCAL, 7356 bytes)
[2025-12-16T03:29:48.833+0000] {subprocess.py:106} INFO - 25/12/16 03:29:48 INFO TaskSetManager: Finished task 2.0 in stage 21.0 (TID 166) in 156 ms on 172.18.0.7 (executor 0) (2/50)
[2025-12-16T03:29:48.836+0000] {subprocess.py:106} INFO - 25/12/16 03:29:48 INFO TaskSetManager: Finished task 6.0 in stage 21.0 (TID 170) in 156 ms on 172.18.0.7 (executor 0) (3/50)
[2025-12-16T03:29:48.838+0000] {subprocess.py:106} INFO - 25/12/16 03:29:48 INFO TaskSetManager: Starting task 18.0 in stage 21.0 (TID 181) (172.18.0.7, executor 0, partition 18, PROCESS_LOCAL, 7356 bytes)
[2025-12-16T03:29:48.839+0000] {subprocess.py:106} INFO - 25/12/16 03:29:48 INFO TaskSetManager: Starting task 19.0 in stage 21.0 (TID 182) (172.18.0.7, executor 0, partition 19, PROCESS_LOCAL, 7356 bytes)
[2025-12-16T03:29:48.841+0000] {subprocess.py:106} INFO - 25/12/16 03:29:48 INFO TaskSetManager: Starting task 20.0 in stage 21.0 (TID 183) (172.18.0.7, executor 0, partition 20, PROCESS_LOCAL, 7356 bytes)
[2025-12-16T03:29:48.843+0000] {subprocess.py:106} INFO - 25/12/16 03:29:48 INFO TaskSetManager: Finished task 12.0 in stage 21.0 (TID 176) in 159 ms on 172.18.0.7 (executor 0) (4/50)
[2025-12-16T03:29:48.844+0000] {subprocess.py:106} INFO - 25/12/16 03:29:48 INFO TaskSetManager: Finished task 13.0 in stage 21.0 (TID 177) in 160 ms on 172.18.0.7 (executor 0) (5/50)
[2025-12-16T03:29:48.846+0000] {subprocess.py:106} INFO - 25/12/16 03:29:48 INFO TaskSetManager: Finished task 4.0 in stage 21.0 (TID 168) in 162 ms on 172.18.0.7 (executor 0) (6/50)
[2025-12-16T03:29:48.847+0000] {subprocess.py:106} INFO - 25/12/16 03:29:48 INFO TaskSetManager: Starting task 21.0 in stage 21.0 (TID 184) (172.18.0.7, executor 0, partition 21, PROCESS_LOCAL, 7356 bytes)
[2025-12-16T03:29:48.849+0000] {subprocess.py:106} INFO - 25/12/16 03:29:48 INFO TaskSetManager: Finished task 0.0 in stage 21.0 (TID 164) in 170 ms on 172.18.0.7 (executor 0) (7/50)
[2025-12-16T03:29:48.851+0000] {subprocess.py:106} INFO - 25/12/16 03:29:48 INFO TaskSetManager: Starting task 22.0 in stage 21.0 (TID 185) (172.18.0.7, executor 0, partition 22, PROCESS_LOCAL, 7356 bytes)
[2025-12-16T03:29:48.853+0000] {subprocess.py:106} INFO - 25/12/16 03:29:48 INFO TaskSetManager: Starting task 23.0 in stage 21.0 (TID 186) (172.18.0.7, executor 0, partition 23, PROCESS_LOCAL, 7356 bytes)
[2025-12-16T03:29:48.855+0000] {subprocess.py:106} INFO - 25/12/16 03:29:48 INFO TaskSetManager: Finished task 8.0 in stage 21.0 (TID 172) in 172 ms on 172.18.0.7 (executor 0) (8/50)
[2025-12-16T03:29:48.857+0000] {subprocess.py:106} INFO - 25/12/16 03:29:48 INFO TaskSetManager: Finished task 5.0 in stage 21.0 (TID 169) in 175 ms on 172.18.0.7 (executor 0) (9/50)
[2025-12-16T03:29:48.859+0000] {subprocess.py:106} INFO - 25/12/16 03:29:48 INFO TaskSetManager: Starting task 24.0 in stage 21.0 (TID 187) (172.18.0.7, executor 0, partition 24, PROCESS_LOCAL, 7356 bytes)
[2025-12-16T03:29:48.860+0000] {subprocess.py:106} INFO - 25/12/16 03:29:48 INFO TaskSetManager: Starting task 25.0 in stage 21.0 (TID 188) (172.18.0.7, executor 0, partition 25, PROCESS_LOCAL, 7356 bytes)
[2025-12-16T03:29:48.861+0000] {subprocess.py:106} INFO - 25/12/16 03:29:48 INFO TaskSetManager: Starting task 26.0 in stage 21.0 (TID 189) (172.18.0.7, executor 0, partition 26, PROCESS_LOCAL, 7356 bytes)
[2025-12-16T03:29:48.862+0000] {subprocess.py:106} INFO - 25/12/16 03:29:48 INFO TaskSetManager: Finished task 42.0 in stage 21.0 (TID 163) in 184 ms on 172.18.0.7 (executor 0) (10/50)
[2025-12-16T03:29:48.863+0000] {subprocess.py:106} INFO - 25/12/16 03:29:48 INFO TaskSetManager: Finished task 3.0 in stage 21.0 (TID 167) in 184 ms on 172.18.0.7 (executor 0) (11/50)
[2025-12-16T03:29:48.863+0000] {subprocess.py:106} INFO - 25/12/16 03:29:48 INFO TaskSetManager: Finished task 7.0 in stage 21.0 (TID 171) in 186 ms on 172.18.0.7 (executor 0) (12/50)
[2025-12-16T03:29:48.888+0000] {subprocess.py:106} INFO - 25/12/16 03:29:48 INFO TaskSetManager: Starting task 27.0 in stage 21.0 (TID 190) (172.18.0.7, executor 0, partition 27, PROCESS_LOCAL, 7356 bytes)
[2025-12-16T03:29:48.890+0000] {subprocess.py:106} INFO - 25/12/16 03:29:48 INFO TaskSetManager: Starting task 28.0 in stage 21.0 (TID 191) (172.18.0.7, executor 0, partition 28, PROCESS_LOCAL, 7356 bytes)
[2025-12-16T03:29:48.892+0000] {subprocess.py:106} INFO - 25/12/16 03:29:48 INFO TaskSetManager: Starting task 29.0 in stage 21.0 (TID 192) (172.18.0.7, executor 0, partition 29, PROCESS_LOCAL, 7356 bytes)
[2025-12-16T03:29:48.898+0000] {subprocess.py:106} INFO - 25/12/16 03:29:48 INFO TaskSetManager: Finished task 10.0 in stage 21.0 (TID 174) in 215 ms on 172.18.0.7 (executor 0) (13/50)
[2025-12-16T03:29:48.899+0000] {subprocess.py:106} INFO - 25/12/16 03:29:48 INFO TaskSetManager: Starting task 30.0 in stage 21.0 (TID 193) (172.18.0.7, executor 0, partition 30, PROCESS_LOCAL, 7356 bytes)
[2025-12-16T03:29:48.900+0000] {subprocess.py:106} INFO - 25/12/16 03:29:48 INFO TaskSetManager: Finished task 1.0 in stage 21.0 (TID 165) in 219 ms on 172.18.0.7 (executor 0) (14/50)
[2025-12-16T03:29:48.901+0000] {subprocess.py:106} INFO - 25/12/16 03:29:48 INFO TaskSetManager: Finished task 11.0 in stage 21.0 (TID 175) in 218 ms on 172.18.0.7 (executor 0) (15/50)
[2025-12-16T03:29:48.902+0000] {subprocess.py:106} INFO - 25/12/16 03:29:48 INFO TaskSetManager: Finished task 14.0 in stage 21.0 (TID 162) in 222 ms on 172.18.0.7 (executor 0) (16/50)
[2025-12-16T03:29:48.930+0000] {subprocess.py:106} INFO - 25/12/16 03:29:48 INFO BlockManagerInfo: Added rdd_69_15 in memory on 172.18.0.7:41729 (size: 46.0 B, free: 434.1 MiB)
[2025-12-16T03:29:48.958+0000] {subprocess.py:106} INFO - 25/12/16 03:29:48 INFO BlockManagerInfo: Added rdd_69_19 in memory on 172.18.0.7:41729 (size: 46.0 B, free: 434.1 MiB)
[2025-12-16T03:29:48.961+0000] {subprocess.py:106} INFO - 25/12/16 03:29:48 INFO BlockManagerInfo: Added rdd_69_17 in memory on 172.18.0.7:41729 (size: 46.0 B, free: 434.1 MiB)
[2025-12-16T03:29:48.962+0000] {subprocess.py:106} INFO - 25/12/16 03:29:48 INFO BlockManagerInfo: Added rdd_69_16 in memory on 172.18.0.7:41729 (size: 46.0 B, free: 434.1 MiB)
[2025-12-16T03:29:48.965+0000] {subprocess.py:106} INFO - 25/12/16 03:29:48 INFO BlockManagerInfo: Added rdd_69_25 in memory on 172.18.0.7:41729 (size: 46.0 B, free: 434.1 MiB)
[2025-12-16T03:29:48.967+0000] {subprocess.py:106} INFO - 25/12/16 03:29:48 INFO BlockManagerInfo: Added rdd_69_20 in memory on 172.18.0.7:41729 (size: 46.0 B, free: 434.1 MiB)
[2025-12-16T03:29:48.968+0000] {subprocess.py:106} INFO - 25/12/16 03:29:48 INFO TaskSetManager: Starting task 31.0 in stage 21.0 (TID 194) (172.18.0.7, executor 0, partition 31, PROCESS_LOCAL, 7356 bytes)
[2025-12-16T03:29:48.969+0000] {subprocess.py:106} INFO - 25/12/16 03:29:48 INFO TaskSetManager: Finished task 15.0 in stage 21.0 (TID 178) in 159 ms on 172.18.0.7 (executor 0) (17/50)
[2025-12-16T03:29:48.985+0000] {subprocess.py:106} INFO - 25/12/16 03:29:48 INFO BlockManagerInfo: Added rdd_69_22 in memory on 172.18.0.7:41729 (size: 46.0 B, free: 434.1 MiB)
[2025-12-16T03:29:48.987+0000] {subprocess.py:106} INFO - 25/12/16 03:29:48 INFO BlockManagerInfo: Added rdd_69_23 in memory on 172.18.0.7:41729 (size: 46.0 B, free: 434.1 MiB)
[2025-12-16T03:29:48.988+0000] {subprocess.py:106} INFO - 25/12/16 03:29:48 INFO BlockManagerInfo: Added rdd_69_18 in memory on 172.18.0.7:41729 (size: 46.0 B, free: 434.1 MiB)
[2025-12-16T03:29:48.989+0000] {subprocess.py:106} INFO - 25/12/16 03:29:48 INFO BlockManagerInfo: Added rdd_69_27 in memory on 172.18.0.7:41729 (size: 46.0 B, free: 434.1 MiB)
[2025-12-16T03:29:48.993+0000] {subprocess.py:106} INFO - 25/12/16 03:29:48 INFO BlockManagerInfo: Added rdd_69_24 in memory on 172.18.0.7:41729 (size: 46.0 B, free: 434.1 MiB)
[2025-12-16T03:29:48.996+0000] {subprocess.py:106} INFO - 25/12/16 03:29:48 INFO TaskSetManager: Starting task 32.0 in stage 21.0 (TID 195) (172.18.0.7, executor 0, partition 32, PROCESS_LOCAL, 7356 bytes)
[2025-12-16T03:29:49.002+0000] {subprocess.py:106} INFO - 25/12/16 03:29:48 INFO TaskSetManager: Finished task 19.0 in stage 21.0 (TID 182) in 168 ms on 172.18.0.7 (executor 0) (18/50)
[2025-12-16T03:29:49.003+0000] {subprocess.py:106} INFO - 25/12/16 03:29:48 INFO BlockManagerInfo: Added rdd_69_21 in memory on 172.18.0.7:41729 (size: 46.0 B, free: 434.1 MiB)
[2025-12-16T03:29:49.004+0000] {subprocess.py:106} INFO - 25/12/16 03:29:49 INFO TaskSetManager: Starting task 33.0 in stage 21.0 (TID 196) (172.18.0.7, executor 0, partition 33, PROCESS_LOCAL, 7356 bytes)
[2025-12-16T03:29:49.005+0000] {subprocess.py:106} INFO - 25/12/16 03:29:49 INFO TaskSetManager: Finished task 16.0 in stage 21.0 (TID 179) in 180 ms on 172.18.0.7 (executor 0) (19/50)
[2025-12-16T03:29:49.008+0000] {subprocess.py:106} INFO - 25/12/16 03:29:49 INFO TaskSetManager: Starting task 34.0 in stage 21.0 (TID 197) (172.18.0.7, executor 0, partition 34, PROCESS_LOCAL, 7356 bytes)
[2025-12-16T03:29:49.010+0000] {subprocess.py:106} INFO - 25/12/16 03:29:49 INFO TaskSetManager: Finished task 25.0 in stage 21.0 (TID 188) in 157 ms on 172.18.0.7 (executor 0) (20/50)
[2025-12-16T03:29:49.015+0000] {subprocess.py:106} INFO - 25/12/16 03:29:49 INFO TaskSetManager: Starting task 35.0 in stage 21.0 (TID 198) (172.18.0.7, executor 0, partition 35, PROCESS_LOCAL, 7356 bytes)
[2025-12-16T03:29:49.018+0000] {subprocess.py:106} INFO - 25/12/16 03:29:49 INFO BlockManagerInfo: Added rdd_69_30 in memory on 172.18.0.7:41729 (size: 46.0 B, free: 434.1 MiB)
[2025-12-16T03:29:49.019+0000] {subprocess.py:106} INFO - 25/12/16 03:29:49 INFO TaskSetManager: Finished task 17.0 in stage 21.0 (TID 180) in 190 ms on 172.18.0.7 (executor 0) (21/50)
[2025-12-16T03:29:49.021+0000] {subprocess.py:106} INFO - 25/12/16 03:29:49 INFO BlockManagerInfo: Added rdd_69_29 in memory on 172.18.0.7:41729 (size: 46.0 B, free: 434.1 MiB)
[2025-12-16T03:29:49.022+0000] {subprocess.py:106} INFO - 25/12/16 03:29:49 INFO BlockManagerInfo: Added rdd_69_28 in memory on 172.18.0.7:41729 (size: 46.0 B, free: 434.1 MiB)
[2025-12-16T03:29:49.024+0000] {subprocess.py:106} INFO - 25/12/16 03:29:49 INFO TaskSetManager: Starting task 36.0 in stage 21.0 (TID 199) (172.18.0.7, executor 0, partition 36, PROCESS_LOCAL, 7356 bytes)
[2025-12-16T03:29:49.025+0000] {subprocess.py:106} INFO - 25/12/16 03:29:49 INFO TaskSetManager: Finished task 20.0 in stage 21.0 (TID 183) in 186 ms on 172.18.0.7 (executor 0) (22/50)
[2025-12-16T03:29:49.042+0000] {subprocess.py:106} INFO - 25/12/16 03:29:49 INFO BlockManagerInfo: Added rdd_69_26 in memory on 172.18.0.7:41729 (size: 46.0 B, free: 434.1 MiB)
[2025-12-16T03:29:49.043+0000] {subprocess.py:106} INFO - 25/12/16 03:29:49 INFO TaskSetManager: Starting task 37.0 in stage 21.0 (TID 200) (172.18.0.7, executor 0, partition 37, PROCESS_LOCAL, 7356 bytes)
[2025-12-16T03:29:49.046+0000] {subprocess.py:106} INFO - 25/12/16 03:29:49 INFO TaskSetManager: Starting task 38.0 in stage 21.0 (TID 201) (172.18.0.7, executor 0, partition 38, PROCESS_LOCAL, 7356 bytes)
[2025-12-16T03:29:49.047+0000] {subprocess.py:106} INFO - 25/12/16 03:29:49 INFO TaskSetManager: Finished task 18.0 in stage 21.0 (TID 181) in 214 ms on 172.18.0.7 (executor 0) (23/50)
[2025-12-16T03:29:49.049+0000] {subprocess.py:106} INFO - 25/12/16 03:29:49 INFO TaskSetManager: Finished task 27.0 in stage 21.0 (TID 190) in 162 ms on 172.18.0.7 (executor 0) (24/50)
[2025-12-16T03:29:49.051+0000] {subprocess.py:106} INFO - 25/12/16 03:29:49 INFO TaskSetManager: Starting task 39.0 in stage 21.0 (TID 202) (172.18.0.7, executor 0, partition 39, PROCESS_LOCAL, 7356 bytes)
[2025-12-16T03:29:49.052+0000] {subprocess.py:106} INFO - 25/12/16 03:29:49 INFO TaskSetManager: Finished task 24.0 in stage 21.0 (TID 187) in 199 ms on 172.18.0.7 (executor 0) (25/50)
[2025-12-16T03:29:49.054+0000] {subprocess.py:106} INFO - 25/12/16 03:29:49 INFO TaskSetManager: Finished task 23.0 in stage 21.0 (TID 186) in 205 ms on 172.18.0.7 (executor 0) (26/50)
[2025-12-16T03:29:49.055+0000] {subprocess.py:106} INFO - 25/12/16 03:29:49 INFO TaskSetManager: Starting task 40.0 in stage 21.0 (TID 203) (172.18.0.7, executor 0, partition 40, PROCESS_LOCAL, 7356 bytes)
[2025-12-16T03:29:49.056+0000] {subprocess.py:106} INFO - 25/12/16 03:29:49 INFO TaskSetManager: Starting task 41.0 in stage 21.0 (TID 204) (172.18.0.7, executor 0, partition 41, PROCESS_LOCAL, 7356 bytes)
[2025-12-16T03:29:49.057+0000] {subprocess.py:106} INFO - 25/12/16 03:29:49 INFO TaskSetManager: Starting task 43.0 in stage 21.0 (TID 205) (172.18.0.7, executor 0, partition 43, PROCESS_LOCAL, 7356 bytes)
[2025-12-16T03:29:49.057+0000] {subprocess.py:106} INFO - 25/12/16 03:29:49 INFO TaskSetManager: Finished task 21.0 in stage 21.0 (TID 184) in 214 ms on 172.18.0.7 (executor 0) (27/50)
[2025-12-16T03:29:49.059+0000] {subprocess.py:106} INFO - 25/12/16 03:29:49 INFO TaskSetManager: Finished task 22.0 in stage 21.0 (TID 185) in 212 ms on 172.18.0.7 (executor 0) (28/50)
[2025-12-16T03:29:49.066+0000] {subprocess.py:106} INFO - 25/12/16 03:29:49 INFO TaskSetManager: Starting task 44.0 in stage 21.0 (TID 206) (172.18.0.7, executor 0, partition 44, PROCESS_LOCAL, 7356 bytes)
[2025-12-16T03:29:49.067+0000] {subprocess.py:106} INFO - 25/12/16 03:29:49 INFO TaskSetManager: Starting task 45.0 in stage 21.0 (TID 207) (172.18.0.7, executor 0, partition 45, PROCESS_LOCAL, 7356 bytes)
[2025-12-16T03:29:49.068+0000] {subprocess.py:106} INFO - 25/12/16 03:29:49 INFO TaskSetManager: Finished task 30.0 in stage 21.0 (TID 193) in 175 ms on 172.18.0.7 (executor 0) (29/50)
[2025-12-16T03:29:49.069+0000] {subprocess.py:106} INFO - 25/12/16 03:29:49 INFO TaskSetManager: Finished task 28.0 in stage 21.0 (TID 191) in 180 ms on 172.18.0.7 (executor 0) (30/50)
[2025-12-16T03:29:49.074+0000] {subprocess.py:106} INFO - 25/12/16 03:29:49 INFO TaskSetManager: Starting task 46.0 in stage 21.0 (TID 208) (172.18.0.7, executor 0, partition 46, PROCESS_LOCAL, 7356 bytes)
[2025-12-16T03:29:49.075+0000] {subprocess.py:106} INFO - 25/12/16 03:29:49 INFO BlockManagerInfo: Added rdd_69_31 in memory on 172.18.0.7:41729 (size: 46.0 B, free: 434.1 MiB)
[2025-12-16T03:29:49.076+0000] {subprocess.py:106} INFO - 25/12/16 03:29:49 INFO TaskSetManager: Finished task 29.0 in stage 21.0 (TID 192) in 185 ms on 172.18.0.7 (executor 0) (31/50)
[2025-12-16T03:29:49.096+0000] {subprocess.py:106} INFO - 25/12/16 03:29:49 INFO BlockManagerInfo: Added rdd_69_34 in memory on 172.18.0.7:41729 (size: 46.0 B, free: 434.1 MiB)
[2025-12-16T03:29:49.098+0000] {subprocess.py:106} INFO - 25/12/16 03:29:49 INFO BlockManagerInfo: Added rdd_69_33 in memory on 172.18.0.7:41729 (size: 46.0 B, free: 434.1 MiB)
[2025-12-16T03:29:49.099+0000] {subprocess.py:106} INFO - 25/12/16 03:29:49 INFO BlockManagerInfo: Added rdd_69_36 in memory on 172.18.0.7:41729 (size: 46.0 B, free: 434.1 MiB)
[2025-12-16T03:29:49.118+0000] {subprocess.py:106} INFO - 25/12/16 03:29:49 INFO TaskSetManager: Starting task 47.0 in stage 21.0 (TID 209) (172.18.0.7, executor 0, partition 47, PROCESS_LOCAL, 7356 bytes)
[2025-12-16T03:29:49.120+0000] {subprocess.py:106} INFO - 25/12/16 03:29:49 INFO TaskSetManager: Finished task 26.0 in stage 21.0 (TID 189) in 264 ms on 172.18.0.7 (executor 0) (32/50)
[2025-12-16T03:29:49.142+0000] {subprocess.py:106} INFO - 25/12/16 03:29:49 INFO TaskSetManager: Starting task 48.0 in stage 21.0 (TID 210) (172.18.0.7, executor 0, partition 48, PROCESS_LOCAL, 7356 bytes)
[2025-12-16T03:29:49.145+0000] {subprocess.py:106} INFO - 25/12/16 03:29:49 INFO BlockManagerInfo: Added rdd_69_38 in memory on 172.18.0.7:41729 (size: 46.0 B, free: 434.1 MiB)
[2025-12-16T03:29:49.146+0000] {subprocess.py:106} INFO - 25/12/16 03:29:49 INFO BlockManagerInfo: Added rdd_69_35 in memory on 172.18.0.7:41729 (size: 46.0 B, free: 434.1 MiB)
[2025-12-16T03:29:49.148+0000] {subprocess.py:106} INFO - 25/12/16 03:29:49 INFO BlockManagerInfo: Added rdd_69_32 in memory on 172.18.0.7:41729 (size: 46.0 B, free: 434.1 MiB)
[2025-12-16T03:29:49.149+0000] {subprocess.py:106} INFO - 25/12/16 03:29:49 INFO TaskSetManager: Starting task 49.0 in stage 21.0 (TID 211) (172.18.0.7, executor 0, partition 49, PROCESS_LOCAL, 7356 bytes)
[2025-12-16T03:29:49.149+0000] {subprocess.py:106} INFO - 25/12/16 03:29:49 INFO TaskSetManager: Finished task 33.0 in stage 21.0 (TID 196) in 144 ms on 172.18.0.7 (executor 0) (33/50)
[2025-12-16T03:29:49.154+0000] {subprocess.py:106} INFO - 25/12/16 03:29:49 INFO TaskSetManager: Finished task 31.0 in stage 21.0 (TID 194) in 183 ms on 172.18.0.7 (executor 0) (34/50)
[2025-12-16T03:29:49.155+0000] {subprocess.py:106} INFO - 25/12/16 03:29:49 INFO TaskSetManager: Finished task 34.0 in stage 21.0 (TID 197) in 142 ms on 172.18.0.7 (executor 0) (35/50)
[2025-12-16T03:29:49.163+0000] {subprocess.py:106} INFO - 25/12/16 03:29:49 INFO TaskSetManager: Finished task 36.0 in stage 21.0 (TID 199) in 143 ms on 172.18.0.7 (executor 0) (36/50)
[2025-12-16T03:29:49.165+0000] {subprocess.py:106} INFO - 25/12/16 03:29:49 INFO BlockManagerInfo: Added rdd_69_45 in memory on 172.18.0.7:41729 (size: 46.0 B, free: 434.1 MiB)
[2025-12-16T03:29:49.170+0000] {subprocess.py:106} INFO - 25/12/16 03:29:49 INFO BlockManagerInfo: Added rdd_69_41 in memory on 172.18.0.7:41729 (size: 46.0 B, free: 434.1 MiB)
[2025-12-16T03:29:49.173+0000] {subprocess.py:106} INFO - 25/12/16 03:29:49 INFO BlockManagerInfo: Added rdd_69_37 in memory on 172.18.0.7:41729 (size: 46.0 B, free: 434.1 MiB)
[2025-12-16T03:29:49.185+0000] {subprocess.py:106} INFO - 25/12/16 03:29:49 INFO TaskSetManager: Finished task 38.0 in stage 21.0 (TID 201) in 143 ms on 172.18.0.7 (executor 0) (37/50)
[2025-12-16T03:29:49.199+0000] {subprocess.py:106} INFO - 25/12/16 03:29:49 INFO BlockManagerInfo: Added rdd_69_39 in memory on 172.18.0.7:41729 (size: 46.0 B, free: 434.1 MiB)
[2025-12-16T03:29:49.206+0000] {subprocess.py:106} INFO - 25/12/16 03:29:49 INFO BlockManagerInfo: Added rdd_69_44 in memory on 172.18.0.7:41729 (size: 46.0 B, free: 434.1 MiB)
[2025-12-16T03:29:49.207+0000] {subprocess.py:106} INFO - 25/12/16 03:29:49 INFO BlockManagerInfo: Added rdd_69_40 in memory on 172.18.0.7:41729 (size: 46.0 B, free: 434.1 MiB)
[2025-12-16T03:29:49.208+0000] {subprocess.py:106} INFO - 25/12/16 03:29:49 INFO TaskSetManager: Finished task 32.0 in stage 21.0 (TID 195) in 210 ms on 172.18.0.7 (executor 0) (38/50)
[2025-12-16T03:29:49.209+0000] {subprocess.py:106} INFO - 25/12/16 03:29:49 INFO BlockManagerInfo: Added rdd_69_43 in memory on 172.18.0.7:41729 (size: 46.0 B, free: 434.1 MiB)
[2025-12-16T03:29:49.211+0000] {subprocess.py:106} INFO - 25/12/16 03:29:49 INFO TaskSetManager: Finished task 45.0 in stage 21.0 (TID 207) in 145 ms on 172.18.0.7 (executor 0) (39/50)
[2025-12-16T03:29:49.213+0000] {subprocess.py:106} INFO - 25/12/16 03:29:49 INFO TaskSetManager: Finished task 35.0 in stage 21.0 (TID 198) in 200 ms on 172.18.0.7 (executor 0) (40/50)
[2025-12-16T03:29:49.218+0000] {subprocess.py:106} INFO - 25/12/16 03:29:49 INFO BlockManagerInfo: Added rdd_69_46 in memory on 172.18.0.7:41729 (size: 46.0 B, free: 434.1 MiB)
[2025-12-16T03:29:49.219+0000] {subprocess.py:106} INFO - 25/12/16 03:29:49 INFO TaskSetManager: Finished task 41.0 in stage 21.0 (TID 204) in 164 ms on 172.18.0.7 (executor 0) (41/50)
[2025-12-16T03:29:49.220+0000] {subprocess.py:106} INFO - 25/12/16 03:29:49 INFO TaskSetManager: Finished task 37.0 in stage 21.0 (TID 200) in 178 ms on 172.18.0.7 (executor 0) (42/50)
[2025-12-16T03:29:49.223+0000] {subprocess.py:106} INFO - 25/12/16 03:29:49 INFO TaskSetManager: Finished task 40.0 in stage 21.0 (TID 203) in 172 ms on 172.18.0.7 (executor 0) (43/50)
[2025-12-16T03:29:49.225+0000] {subprocess.py:106} INFO - 25/12/16 03:29:49 INFO TaskSetManager: Finished task 44.0 in stage 21.0 (TID 206) in 162 ms on 172.18.0.7 (executor 0) (44/50)
[2025-12-16T03:29:49.226+0000] {subprocess.py:106} INFO - 25/12/16 03:29:49 INFO BlockManagerInfo: Added rdd_69_49 in memory on 172.18.0.7:41729 (size: 46.0 B, free: 434.1 MiB)
[2025-12-16T03:29:49.227+0000] {subprocess.py:106} INFO - 25/12/16 03:29:49 INFO BlockManagerInfo: Added rdd_69_47 in memory on 172.18.0.7:41729 (size: 46.0 B, free: 434.1 MiB)
[2025-12-16T03:29:49.228+0000] {subprocess.py:106} INFO - 25/12/16 03:29:49 INFO BlockManagerInfo: Added rdd_69_48 in memory on 172.18.0.7:41729 (size: 46.0 B, free: 434.1 MiB)
[2025-12-16T03:29:49.229+0000] {subprocess.py:106} INFO - 25/12/16 03:29:49 INFO TaskSetManager: Finished task 39.0 in stage 21.0 (TID 202) in 182 ms on 172.18.0.7 (executor 0) (45/50)
[2025-12-16T03:29:49.238+0000] {subprocess.py:106} INFO - 25/12/16 03:29:49 INFO TaskSetManager: Finished task 43.0 in stage 21.0 (TID 205) in 184 ms on 172.18.0.7 (executor 0) (46/50)
[2025-12-16T03:29:49.239+0000] {subprocess.py:106} INFO - 25/12/16 03:29:49 INFO TaskSetManager: Finished task 46.0 in stage 21.0 (TID 208) in 167 ms on 172.18.0.7 (executor 0) (47/50)
[2025-12-16T03:29:49.245+0000] {subprocess.py:106} INFO - 25/12/16 03:29:49 INFO TaskSetManager: Finished task 49.0 in stage 21.0 (TID 211) in 99 ms on 172.18.0.7 (executor 0) (48/50)
[2025-12-16T03:29:49.246+0000] {subprocess.py:106} INFO - 25/12/16 03:29:49 INFO TaskSetManager: Finished task 48.0 in stage 21.0 (TID 210) in 104 ms on 172.18.0.7 (executor 0) (49/50)
[2025-12-16T03:29:49.247+0000] {subprocess.py:106} INFO - 25/12/16 03:29:49 INFO TaskSetManager: Finished task 47.0 in stage 21.0 (TID 209) in 129 ms on 172.18.0.7 (executor 0) (50/50)
[2025-12-16T03:29:49.248+0000] {subprocess.py:106} INFO - 25/12/16 03:29:49 INFO TaskSchedulerImpl: Removed TaskSet 21.0, whose tasks have all completed, from pool
[2025-12-16T03:29:49.249+0000] {subprocess.py:106} INFO - 25/12/16 03:29:49 INFO DAGScheduler: ShuffleMapStage 21 ($anonfun$recordDeltaOperationInternal$1 at DatabricksLogging.scala:128) finished in 0.620 s
[2025-12-16T03:29:49.250+0000] {subprocess.py:106} INFO - 25/12/16 03:29:49 INFO DAGScheduler: looking for newly runnable stages
[2025-12-16T03:29:49.251+0000] {subprocess.py:106} INFO - 25/12/16 03:29:49 INFO DAGScheduler: running: Set()
[2025-12-16T03:29:49.251+0000] {subprocess.py:106} INFO - 25/12/16 03:29:49 INFO DAGScheduler: waiting: Set()
[2025-12-16T03:29:49.252+0000] {subprocess.py:106} INFO - 25/12/16 03:29:49 INFO DAGScheduler: failed: Set()
[2025-12-16T03:29:49.271+0000] {subprocess.py:106} INFO - 25/12/16 03:29:49 INFO BlockManagerInfo: Removed broadcast_24_piece0 on 3ad9a82189be:37965 in memory (size: 123.4 KiB, free: 434.2 MiB)
[2025-12-16T03:29:49.273+0000] {subprocess.py:106} INFO - 25/12/16 03:29:49 INFO BlockManagerInfo: Removed broadcast_24_piece0 on 172.18.0.7:41729 in memory (size: 123.4 KiB, free: 434.2 MiB)
[2025-12-16T03:29:49.286+0000] {subprocess.py:106} INFO - 25/12/16 03:29:49 INFO SparkContext: Starting job: $anonfun$recordDeltaOperationInternal$1 at DatabricksLogging.scala:128
[2025-12-16T03:29:49.288+0000] {subprocess.py:106} INFO - 25/12/16 03:29:49 INFO DAGScheduler: Got job 15 ($anonfun$recordDeltaOperationInternal$1 at DatabricksLogging.scala:128) with 1 output partitions
[2025-12-16T03:29:49.288+0000] {subprocess.py:106} INFO - 25/12/16 03:29:49 INFO DAGScheduler: Final stage: ResultStage 24 ($anonfun$recordDeltaOperationInternal$1 at DatabricksLogging.scala:128)
[2025-12-16T03:29:49.289+0000] {subprocess.py:106} INFO - 25/12/16 03:29:49 INFO DAGScheduler: Parents of final stage: List(ShuffleMapStage 23)
[2025-12-16T03:29:49.289+0000] {subprocess.py:106} INFO - 25/12/16 03:29:49 INFO DAGScheduler: Missing parents: List()
[2025-12-16T03:29:49.290+0000] {subprocess.py:106} INFO - 25/12/16 03:29:49 INFO DAGScheduler: Submitting ResultStage 24 (MapPartitionsRDD[75] at $anonfun$recordDeltaOperationInternal$1 at DatabricksLogging.scala:128), which has no missing parents
[2025-12-16T03:29:49.295+0000] {subprocess.py:106} INFO - 25/12/16 03:29:49 INFO MemoryStore: Block broadcast_25 stored as values in memory (estimated size 452.3 KiB, free 432.3 MiB)
[2025-12-16T03:29:49.298+0000] {subprocess.py:106} INFO - 25/12/16 03:29:49 INFO MemoryStore: Block broadcast_25_piece0 stored as bytes in memory (estimated size 108.1 KiB, free 432.1 MiB)
[2025-12-16T03:29:49.299+0000] {subprocess.py:106} INFO - 25/12/16 03:29:49 INFO BlockManagerInfo: Added broadcast_25_piece0 in memory on 3ad9a82189be:37965 (size: 108.1 KiB, free: 434.0 MiB)
[2025-12-16T03:29:49.300+0000] {subprocess.py:106} INFO - 25/12/16 03:29:49 INFO SparkContext: Created broadcast 25 from broadcast at DAGScheduler.scala:1535
[2025-12-16T03:29:49.301+0000] {subprocess.py:106} INFO - 25/12/16 03:29:49 INFO DAGScheduler: Submitting 1 missing tasks from ResultStage 24 (MapPartitionsRDD[75] at $anonfun$recordDeltaOperationInternal$1 at DatabricksLogging.scala:128) (first 15 tasks are for partitions Vector(0))
[2025-12-16T03:29:49.301+0000] {subprocess.py:106} INFO - 25/12/16 03:29:49 INFO TaskSchedulerImpl: Adding task set 24.0 with 1 tasks resource profile 0
[2025-12-16T03:29:49.302+0000] {subprocess.py:106} INFO - 25/12/16 03:29:49 INFO TaskSetManager: Starting task 0.0 in stage 24.0 (TID 212) (172.18.0.7, executor 0, partition 0, NODE_LOCAL, 7367 bytes)
[2025-12-16T03:29:49.312+0000] {subprocess.py:106} INFO - 25/12/16 03:29:49 INFO BlockManagerInfo: Added broadcast_25_piece0 in memory on 172.18.0.7:41729 (size: 108.1 KiB, free: 434.1 MiB)
[2025-12-16T03:29:49.322+0000] {subprocess.py:106} INFO - 25/12/16 03:29:49 INFO MapOutputTrackerMasterEndpoint: Asked to send map output locations for shuffle 5 to 172.18.0.7:60316
[2025-12-16T03:29:49.356+0000] {subprocess.py:106} INFO - 25/12/16 03:29:49 INFO TaskSetManager: Finished task 0.0 in stage 24.0 (TID 212) in 54 ms on 172.18.0.7 (executor 0) (1/1)
[2025-12-16T03:29:49.358+0000] {subprocess.py:106} INFO - 25/12/16 03:29:49 INFO TaskSchedulerImpl: Removed TaskSet 24.0, whose tasks have all completed, from pool
[2025-12-16T03:29:49.358+0000] {subprocess.py:106} INFO - 25/12/16 03:29:49 INFO DAGScheduler: ResultStage 24 ($anonfun$recordDeltaOperationInternal$1 at DatabricksLogging.scala:128) finished in 0.067 s
[2025-12-16T03:29:49.359+0000] {subprocess.py:106} INFO - 25/12/16 03:29:49 INFO DAGScheduler: Job 15 is finished. Cancelling potential speculative or zombie tasks for this job
[2025-12-16T03:29:49.360+0000] {subprocess.py:106} INFO - 25/12/16 03:29:49 INFO TaskSchedulerImpl: Killing all running tasks in stage 24: Stage finished
[2025-12-16T03:29:49.360+0000] {subprocess.py:106} INFO - 25/12/16 03:29:49 INFO DAGScheduler: Job 15 finished: $anonfun$recordDeltaOperationInternal$1 at DatabricksLogging.scala:128, took 0.072089 s
[2025-12-16T03:29:49.385+0000] {subprocess.py:106} INFO - 25/12/16 03:29:49 INFO BlockManagerInfo: Removed broadcast_10_piece0 on 3ad9a82189be:37965 in memory (size: 37.0 KiB, free: 434.1 MiB)
[2025-12-16T03:29:49.386+0000] {subprocess.py:106} INFO - 25/12/16 03:29:49 INFO Snapshot: [tableId=2a6b006e-f64b-4180-be07-82b7baeafd0e] DELTA: Done
[2025-12-16T03:29:49.387+0000] {subprocess.py:106} INFO - 25/12/16 03:29:49 INFO BlockManagerInfo: Removed broadcast_10_piece0 on 172.18.0.7:41729 in memory (size: 37.0 KiB, free: 434.2 MiB)
[2025-12-16T03:29:49.509+0000] {subprocess.py:106} INFO - 25/12/16 03:29:49 INFO BlockManagerInfo: Removed broadcast_25_piece0 on 3ad9a82189be:37965 in memory (size: 108.1 KiB, free: 434.2 MiB)
[2025-12-16T03:29:49.510+0000] {subprocess.py:106} INFO - 25/12/16 03:29:49 INFO BlockManagerInfo: Removed broadcast_25_piece0 on 172.18.0.7:41729 in memory (size: 108.1 KiB, free: 434.3 MiB)
[2025-12-16T03:29:49.536+0000] {subprocess.py:106} INFO - 25/12/16 03:29:49 INFO SparkContext: Starting job: $anonfun$recordDeltaOperationInternal$1 at DatabricksLogging.scala:128
[2025-12-16T03:29:49.537+0000] {subprocess.py:106} INFO - 25/12/16 03:29:49 INFO DAGScheduler: Got job 16 ($anonfun$recordDeltaOperationInternal$1 at DatabricksLogging.scala:128) with 50 output partitions
[2025-12-16T03:29:49.538+0000] {subprocess.py:106} INFO - 25/12/16 03:29:49 INFO DAGScheduler: Final stage: ResultStage 26 ($anonfun$recordDeltaOperationInternal$1 at DatabricksLogging.scala:128)
[2025-12-16T03:29:49.539+0000] {subprocess.py:106} INFO - 25/12/16 03:29:49 INFO DAGScheduler: Parents of final stage: List(ShuffleMapStage 25)
[2025-12-16T03:29:49.539+0000] {subprocess.py:106} INFO - 25/12/16 03:29:49 INFO DAGScheduler: Missing parents: List()
[2025-12-16T03:29:49.540+0000] {subprocess.py:106} INFO - 25/12/16 03:29:49 INFO DAGScheduler: Submitting ResultStage 26 (MapPartitionsRDD[77] at $anonfun$recordDeltaOperationInternal$1 at DatabricksLogging.scala:128), which has no missing parents
[2025-12-16T03:29:49.547+0000] {subprocess.py:106} INFO - 25/12/16 03:29:49 INFO MemoryStore: Block broadcast_26 stored as values in memory (estimated size 592.2 KiB, free 432.4 MiB)
[2025-12-16T03:29:49.550+0000] {subprocess.py:106} INFO - 25/12/16 03:29:49 INFO MemoryStore: Block broadcast_26_piece0 stored as bytes in memory (estimated size 138.6 KiB, free 432.2 MiB)
[2025-12-16T03:29:49.551+0000] {subprocess.py:106} INFO - 25/12/16 03:29:49 INFO BlockManagerInfo: Added broadcast_26_piece0 in memory on 3ad9a82189be:37965 (size: 138.6 KiB, free: 434.1 MiB)
[2025-12-16T03:29:49.552+0000] {subprocess.py:106} INFO - 25/12/16 03:29:49 INFO SparkContext: Created broadcast 26 from broadcast at DAGScheduler.scala:1535
[2025-12-16T03:29:49.553+0000] {subprocess.py:106} INFO - 25/12/16 03:29:49 INFO DAGScheduler: Submitting 50 missing tasks from ResultStage 26 (MapPartitionsRDD[77] at $anonfun$recordDeltaOperationInternal$1 at DatabricksLogging.scala:128) (first 15 tasks are for partitions Vector(0, 1, 2, 3, 4, 5, 6, 7, 8, 9, 10, 11, 12, 13, 14))
[2025-12-16T03:29:49.553+0000] {subprocess.py:106} INFO - 25/12/16 03:29:49 INFO TaskSchedulerImpl: Adding task set 26.0 with 50 tasks resource profile 0
[2025-12-16T03:29:49.555+0000] {subprocess.py:106} INFO - 25/12/16 03:29:49 INFO TaskSetManager: Starting task 0.0 in stage 26.0 (TID 213) (172.18.0.7, executor 0, partition 0, PROCESS_LOCAL, 7367 bytes)
[2025-12-16T03:29:49.556+0000] {subprocess.py:106} INFO - 25/12/16 03:29:49 INFO TaskSetManager: Starting task 1.0 in stage 26.0 (TID 214) (172.18.0.7, executor 0, partition 1, PROCESS_LOCAL, 7367 bytes)
[2025-12-16T03:29:49.556+0000] {subprocess.py:106} INFO - 25/12/16 03:29:49 INFO TaskSetManager: Starting task 2.0 in stage 26.0 (TID 215) (172.18.0.7, executor 0, partition 2, PROCESS_LOCAL, 7367 bytes)
[2025-12-16T03:29:49.557+0000] {subprocess.py:106} INFO - 25/12/16 03:29:49 INFO TaskSetManager: Starting task 3.0 in stage 26.0 (TID 216) (172.18.0.7, executor 0, partition 3, PROCESS_LOCAL, 7367 bytes)
[2025-12-16T03:29:49.558+0000] {subprocess.py:106} INFO - 25/12/16 03:29:49 INFO TaskSetManager: Starting task 4.0 in stage 26.0 (TID 217) (172.18.0.7, executor 0, partition 4, PROCESS_LOCAL, 7367 bytes)
[2025-12-16T03:29:49.559+0000] {subprocess.py:106} INFO - 25/12/16 03:29:49 INFO TaskSetManager: Starting task 5.0 in stage 26.0 (TID 218) (172.18.0.7, executor 0, partition 5, PROCESS_LOCAL, 7367 bytes)
[2025-12-16T03:29:49.559+0000] {subprocess.py:106} INFO - 25/12/16 03:29:49 INFO TaskSetManager: Starting task 6.0 in stage 26.0 (TID 219) (172.18.0.7, executor 0, partition 6, PROCESS_LOCAL, 7367 bytes)
[2025-12-16T03:29:49.560+0000] {subprocess.py:106} INFO - 25/12/16 03:29:49 INFO TaskSetManager: Starting task 7.0 in stage 26.0 (TID 220) (172.18.0.7, executor 0, partition 7, PROCESS_LOCAL, 7367 bytes)
[2025-12-16T03:29:49.561+0000] {subprocess.py:106} INFO - 25/12/16 03:29:49 INFO TaskSetManager: Starting task 8.0 in stage 26.0 (TID 221) (172.18.0.7, executor 0, partition 8, PROCESS_LOCAL, 7367 bytes)
[2025-12-16T03:29:49.562+0000] {subprocess.py:106} INFO - 25/12/16 03:29:49 INFO TaskSetManager: Starting task 9.0 in stage 26.0 (TID 222) (172.18.0.7, executor 0, partition 9, PROCESS_LOCAL, 7367 bytes)
[2025-12-16T03:29:49.563+0000] {subprocess.py:106} INFO - 25/12/16 03:29:49 INFO TaskSetManager: Starting task 10.0 in stage 26.0 (TID 223) (172.18.0.7, executor 0, partition 10, PROCESS_LOCAL, 7367 bytes)
[2025-12-16T03:29:49.565+0000] {subprocess.py:106} INFO - 25/12/16 03:29:49 INFO TaskSetManager: Starting task 11.0 in stage 26.0 (TID 224) (172.18.0.7, executor 0, partition 11, PROCESS_LOCAL, 7367 bytes)
[2025-12-16T03:29:49.565+0000] {subprocess.py:106} INFO - 25/12/16 03:29:49 INFO TaskSetManager: Starting task 12.0 in stage 26.0 (TID 225) (172.18.0.7, executor 0, partition 12, PROCESS_LOCAL, 7367 bytes)
[2025-12-16T03:29:49.566+0000] {subprocess.py:106} INFO - 25/12/16 03:29:49 INFO TaskSetManager: Starting task 13.0 in stage 26.0 (TID 226) (172.18.0.7, executor 0, partition 13, PROCESS_LOCAL, 7367 bytes)
[2025-12-16T03:29:49.566+0000] {subprocess.py:106} INFO - 25/12/16 03:29:49 INFO TaskSetManager: Starting task 14.0 in stage 26.0 (TID 227) (172.18.0.7, executor 0, partition 14, PROCESS_LOCAL, 7367 bytes)
[2025-12-16T03:29:49.567+0000] {subprocess.py:106} INFO - 25/12/16 03:29:49 INFO TaskSetManager: Starting task 15.0 in stage 26.0 (TID 228) (172.18.0.7, executor 0, partition 15, PROCESS_LOCAL, 7367 bytes)
[2025-12-16T03:29:49.574+0000] {subprocess.py:106} INFO - 25/12/16 03:29:49 INFO BlockManagerInfo: Added broadcast_26_piece0 in memory on 172.18.0.7:41729 (size: 138.6 KiB, free: 434.1 MiB)
[2025-12-16T03:29:49.610+0000] {subprocess.py:106} INFO - 25/12/16 03:29:49 INFO TaskSetManager: Starting task 16.0 in stage 26.0 (TID 229) (172.18.0.7, executor 0, partition 16, PROCESS_LOCAL, 7367 bytes)
[2025-12-16T03:29:49.613+0000] {subprocess.py:106} INFO - 25/12/16 03:29:49 INFO TaskSetManager: Finished task 15.0 in stage 26.0 (TID 228) in 49 ms on 172.18.0.7 (executor 0) (1/50)
[2025-12-16T03:29:49.614+0000] {subprocess.py:106} INFO - 25/12/16 03:29:49 INFO TaskSetManager: Starting task 17.0 in stage 26.0 (TID 230) (172.18.0.7, executor 0, partition 17, PROCESS_LOCAL, 7367 bytes)
[2025-12-16T03:29:49.614+0000] {subprocess.py:106} INFO - 25/12/16 03:29:49 INFO TaskSetManager: Finished task 0.0 in stage 26.0 (TID 213) in 54 ms on 172.18.0.7 (executor 0) (2/50)
[2025-12-16T03:29:49.616+0000] {subprocess.py:106} INFO - 25/12/16 03:29:49 INFO TaskSetManager: Starting task 18.0 in stage 26.0 (TID 231) (172.18.0.7, executor 0, partition 18, PROCESS_LOCAL, 7367 bytes)
[2025-12-16T03:29:49.617+0000] {subprocess.py:106} INFO - 25/12/16 03:29:49 INFO TaskSetManager: Starting task 19.0 in stage 26.0 (TID 232) (172.18.0.7, executor 0, partition 19, PROCESS_LOCAL, 7367 bytes)
[2025-12-16T03:29:49.618+0000] {subprocess.py:106} INFO - 25/12/16 03:29:49 INFO TaskSetManager: Finished task 14.0 in stage 26.0 (TID 227) in 53 ms on 172.18.0.7 (executor 0) (3/50)
[2025-12-16T03:29:49.619+0000] {subprocess.py:106} INFO - 25/12/16 03:29:49 INFO TaskSetManager: Finished task 12.0 in stage 26.0 (TID 225) in 54 ms on 172.18.0.7 (executor 0) (4/50)
[2025-12-16T03:29:49.623+0000] {subprocess.py:106} INFO - 25/12/16 03:29:49 INFO TaskSetManager: Starting task 20.0 in stage 26.0 (TID 233) (172.18.0.7, executor 0, partition 20, PROCESS_LOCAL, 7367 bytes)
[2025-12-16T03:29:49.630+0000] {subprocess.py:106} INFO - 25/12/16 03:29:49 INFO TaskSetManager: Starting task 21.0 in stage 26.0 (TID 234) (172.18.0.7, executor 0, partition 21, PROCESS_LOCAL, 7367 bytes)
[2025-12-16T03:29:49.631+0000] {subprocess.py:106} INFO - 25/12/16 03:29:49 INFO TaskSetManager: Starting task 22.0 in stage 26.0 (TID 235) (172.18.0.7, executor 0, partition 22, PROCESS_LOCAL, 7367 bytes)
[2025-12-16T03:29:49.636+0000] {subprocess.py:106} INFO - 25/12/16 03:29:49 INFO TaskSetManager: Finished task 10.0 in stage 26.0 (TID 223) in 67 ms on 172.18.0.7 (executor 0) (5/50)
[2025-12-16T03:29:49.637+0000] {subprocess.py:106} INFO - 25/12/16 03:29:49 INFO TaskSetManager: Finished task 11.0 in stage 26.0 (TID 224) in 68 ms on 172.18.0.7 (executor 0) (6/50)
[2025-12-16T03:29:49.638+0000] {subprocess.py:106} INFO - 25/12/16 03:29:49 INFO TaskSetManager: Finished task 8.0 in stage 26.0 (TID 221) in 70 ms on 172.18.0.7 (executor 0) (7/50)
[2025-12-16T03:29:49.639+0000] {subprocess.py:106} INFO - 25/12/16 03:29:49 INFO TaskSetManager: Starting task 23.0 in stage 26.0 (TID 236) (172.18.0.7, executor 0, partition 23, PROCESS_LOCAL, 7367 bytes)
[2025-12-16T03:29:49.640+0000] {subprocess.py:106} INFO - 25/12/16 03:29:49 INFO TaskSetManager: Starting task 24.0 in stage 26.0 (TID 237) (172.18.0.7, executor 0, partition 24, PROCESS_LOCAL, 7367 bytes)
[2025-12-16T03:29:49.641+0000] {subprocess.py:106} INFO - 25/12/16 03:29:49 INFO TaskSetManager: Finished task 9.0 in stage 26.0 (TID 222) in 74 ms on 172.18.0.7 (executor 0) (8/50)
[2025-12-16T03:29:49.642+0000] {subprocess.py:106} INFO - 25/12/16 03:29:49 INFO TaskSetManager: Finished task 7.0 in stage 26.0 (TID 220) in 75 ms on 172.18.0.7 (executor 0) (9/50)
[2025-12-16T03:29:49.643+0000] {subprocess.py:106} INFO - 25/12/16 03:29:49 INFO TaskSetManager: Starting task 25.0 in stage 26.0 (TID 238) (172.18.0.7, executor 0, partition 25, PROCESS_LOCAL, 7367 bytes)
[2025-12-16T03:29:49.646+0000] {subprocess.py:106} INFO - 25/12/16 03:29:49 INFO TaskSetManager: Finished task 13.0 in stage 26.0 (TID 226) in 79 ms on 172.18.0.7 (executor 0) (10/50)
[2025-12-16T03:29:49.647+0000] {subprocess.py:106} INFO - 25/12/16 03:29:49 INFO TaskSetManager: Starting task 26.0 in stage 26.0 (TID 239) (172.18.0.7, executor 0, partition 26, PROCESS_LOCAL, 7367 bytes)
[2025-12-16T03:29:49.648+0000] {subprocess.py:106} INFO - 25/12/16 03:29:49 INFO TaskSetManager: Finished task 5.0 in stage 26.0 (TID 218) in 85 ms on 172.18.0.7 (executor 0) (11/50)
[2025-12-16T03:29:49.649+0000] {subprocess.py:106} INFO - 25/12/16 03:29:49 INFO TaskSetManager: Starting task 27.0 in stage 26.0 (TID 240) (172.18.0.7, executor 0, partition 27, PROCESS_LOCAL, 7367 bytes)
[2025-12-16T03:29:49.650+0000] {subprocess.py:106} INFO - 25/12/16 03:29:49 INFO TaskSetManager: Starting task 28.0 in stage 26.0 (TID 241) (172.18.0.7, executor 0, partition 28, PROCESS_LOCAL, 7367 bytes)
[2025-12-16T03:29:49.651+0000] {subprocess.py:106} INFO - 25/12/16 03:29:49 INFO TaskSetManager: Finished task 1.0 in stage 26.0 (TID 214) in 91 ms on 172.18.0.7 (executor 0) (12/50)
[2025-12-16T03:29:49.657+0000] {subprocess.py:106} INFO - 25/12/16 03:29:49 INFO TaskSetManager: Finished task 6.0 in stage 26.0 (TID 219) in 89 ms on 172.18.0.7 (executor 0) (13/50)
[2025-12-16T03:29:49.658+0000] {subprocess.py:106} INFO - 25/12/16 03:29:49 INFO TaskSetManager: Starting task 29.0 in stage 26.0 (TID 242) (172.18.0.7, executor 0, partition 29, PROCESS_LOCAL, 7367 bytes)
[2025-12-16T03:29:49.659+0000] {subprocess.py:106} INFO - 25/12/16 03:29:49 INFO TaskSetManager: Starting task 30.0 in stage 26.0 (TID 243) (172.18.0.7, executor 0, partition 30, PROCESS_LOCAL, 7367 bytes)
[2025-12-16T03:29:49.661+0000] {subprocess.py:106} INFO - 25/12/16 03:29:49 INFO TaskSetManager: Starting task 31.0 in stage 26.0 (TID 244) (172.18.0.7, executor 0, partition 31, PROCESS_LOCAL, 7367 bytes)
[2025-12-16T03:29:49.662+0000] {subprocess.py:106} INFO - 25/12/16 03:29:49 INFO TaskSetManager: Starting task 32.0 in stage 26.0 (TID 245) (172.18.0.7, executor 0, partition 32, PROCESS_LOCAL, 7367 bytes)
[2025-12-16T03:29:49.664+0000] {subprocess.py:106} INFO - 25/12/16 03:29:49 INFO TaskSetManager: Starting task 33.0 in stage 26.0 (TID 246) (172.18.0.7, executor 0, partition 33, PROCESS_LOCAL, 7367 bytes)
[2025-12-16T03:29:49.664+0000] {subprocess.py:106} INFO - 25/12/16 03:29:49 INFO TaskSetManager: Starting task 34.0 in stage 26.0 (TID 247) (172.18.0.7, executor 0, partition 34, PROCESS_LOCAL, 7367 bytes)
[2025-12-16T03:29:49.668+0000] {subprocess.py:106} INFO - 25/12/16 03:29:49 INFO TaskSetManager: Finished task 3.0 in stage 26.0 (TID 216) in 97 ms on 172.18.0.7 (executor 0) (14/50)
[2025-12-16T03:29:49.669+0000] {subprocess.py:106} INFO - 25/12/16 03:29:49 INFO TaskSetManager: Finished task 18.0 in stage 26.0 (TID 231) in 44 ms on 172.18.0.7 (executor 0) (15/50)
[2025-12-16T03:29:49.670+0000] {subprocess.py:106} INFO - 25/12/16 03:29:49 INFO TaskSetManager: Finished task 4.0 in stage 26.0 (TID 217) in 100 ms on 172.18.0.7 (executor 0) (16/50)
[2025-12-16T03:29:49.672+0000] {subprocess.py:106} INFO - 25/12/16 03:29:49 INFO TaskSetManager: Finished task 16.0 in stage 26.0 (TID 229) in 50 ms on 172.18.0.7 (executor 0) (17/50)
[2025-12-16T03:29:49.673+0000] {subprocess.py:106} INFO - 25/12/16 03:29:49 INFO TaskSetManager: Finished task 2.0 in stage 26.0 (TID 215) in 102 ms on 172.18.0.7 (executor 0) (18/50)
[2025-12-16T03:29:49.674+0000] {subprocess.py:106} INFO - 25/12/16 03:29:49 INFO TaskSetManager: Finished task 17.0 in stage 26.0 (TID 230) in 49 ms on 172.18.0.7 (executor 0) (19/50)
[2025-12-16T03:29:49.675+0000] {subprocess.py:106} INFO - 25/12/16 03:29:49 INFO TaskSetManager: Starting task 35.0 in stage 26.0 (TID 248) (172.18.0.7, executor 0, partition 35, PROCESS_LOCAL, 7367 bytes)
[2025-12-16T03:29:49.676+0000] {subprocess.py:106} INFO - 25/12/16 03:29:49 INFO TaskSetManager: Starting task 36.0 in stage 26.0 (TID 249) (172.18.0.7, executor 0, partition 36, PROCESS_LOCAL, 7367 bytes)
[2025-12-16T03:29:49.677+0000] {subprocess.py:106} INFO - 25/12/16 03:29:49 INFO TaskSetManager: Finished task 19.0 in stage 26.0 (TID 232) in 50 ms on 172.18.0.7 (executor 0) (20/50)
[2025-12-16T03:29:49.678+0000] {subprocess.py:106} INFO - 25/12/16 03:29:49 INFO TaskSetManager: Finished task 20.0 in stage 26.0 (TID 233) in 41 ms on 172.18.0.7 (executor 0) (21/50)
[2025-12-16T03:29:49.679+0000] {subprocess.py:106} INFO - 25/12/16 03:29:49 INFO TaskSetManager: Starting task 37.0 in stage 26.0 (TID 250) (172.18.0.7, executor 0, partition 37, PROCESS_LOCAL, 7367 bytes)
[2025-12-16T03:29:49.680+0000] {subprocess.py:106} INFO - 25/12/16 03:29:49 INFO TaskSetManager: Finished task 21.0 in stage 26.0 (TID 234) in 55 ms on 172.18.0.7 (executor 0) (22/50)
[2025-12-16T03:29:49.681+0000] {subprocess.py:106} INFO - 25/12/16 03:29:49 INFO TaskSetManager: Starting task 38.0 in stage 26.0 (TID 251) (172.18.0.7, executor 0, partition 38, PROCESS_LOCAL, 7367 bytes)
[2025-12-16T03:29:49.681+0000] {subprocess.py:106} INFO - 25/12/16 03:29:49 INFO TaskSetManager: Starting task 39.0 in stage 26.0 (TID 252) (172.18.0.7, executor 0, partition 39, PROCESS_LOCAL, 7367 bytes)
[2025-12-16T03:29:49.682+0000] {subprocess.py:106} INFO - 25/12/16 03:29:49 INFO TaskSetManager: Finished task 23.0 in stage 26.0 (TID 236) in 51 ms on 172.18.0.7 (executor 0) (23/50)
[2025-12-16T03:29:49.683+0000] {subprocess.py:106} INFO - 25/12/16 03:29:49 INFO TaskSetManager: Starting task 40.0 in stage 26.0 (TID 253) (172.18.0.7, executor 0, partition 40, PROCESS_LOCAL, 7367 bytes)
[2025-12-16T03:29:49.683+0000] {subprocess.py:106} INFO - 25/12/16 03:29:49 INFO TaskSetManager: Starting task 41.0 in stage 26.0 (TID 254) (172.18.0.7, executor 0, partition 41, PROCESS_LOCAL, 7367 bytes)
[2025-12-16T03:29:49.684+0000] {subprocess.py:106} INFO - 25/12/16 03:29:49 INFO TaskSetManager: Starting task 42.0 in stage 26.0 (TID 255) (172.18.0.7, executor 0, partition 42, PROCESS_LOCAL, 7367 bytes)
[2025-12-16T03:29:49.685+0000] {subprocess.py:106} INFO - 25/12/16 03:29:49 INFO TaskSetManager: Starting task 43.0 in stage 26.0 (TID 256) (172.18.0.7, executor 0, partition 43, PROCESS_LOCAL, 7367 bytes)
[2025-12-16T03:29:49.694+0000] {subprocess.py:106} INFO - 25/12/16 03:29:49 INFO TaskSetManager: Finished task 25.0 in stage 26.0 (TID 238) in 52 ms on 172.18.0.7 (executor 0) (24/50)
[2025-12-16T03:29:49.697+0000] {subprocess.py:106} INFO - 25/12/16 03:29:49 INFO TaskSetManager: Finished task 32.0 in stage 26.0 (TID 245) in 37 ms on 172.18.0.7 (executor 0) (25/50)
[2025-12-16T03:29:49.698+0000] {subprocess.py:106} INFO - 25/12/16 03:29:49 INFO TaskSetManager: Finished task 29.0 in stage 26.0 (TID 242) in 41 ms on 172.18.0.7 (executor 0) (26/50)
[2025-12-16T03:29:49.699+0000] {subprocess.py:106} INFO - 25/12/16 03:29:49 INFO TaskSetManager: Starting task 44.0 in stage 26.0 (TID 257) (172.18.0.7, executor 0, partition 44, PROCESS_LOCAL, 7367 bytes)
[2025-12-16T03:29:49.700+0000] {subprocess.py:106} INFO - 25/12/16 03:29:49 INFO TaskSetManager: Starting task 45.0 in stage 26.0 (TID 258) (172.18.0.7, executor 0, partition 45, PROCESS_LOCAL, 7367 bytes)
[2025-12-16T03:29:49.701+0000] {subprocess.py:106} INFO - 25/12/16 03:29:49 INFO TaskSetManager: Starting task 46.0 in stage 26.0 (TID 259) (172.18.0.7, executor 0, partition 46, PROCESS_LOCAL, 7367 bytes)
[2025-12-16T03:29:49.702+0000] {subprocess.py:106} INFO - 25/12/16 03:29:49 INFO TaskSetManager: Finished task 31.0 in stage 26.0 (TID 244) in 44 ms on 172.18.0.7 (executor 0) (27/50)
[2025-12-16T03:29:49.703+0000] {subprocess.py:106} INFO - 25/12/16 03:29:49 INFO TaskSetManager: Starting task 47.0 in stage 26.0 (TID 260) (172.18.0.7, executor 0, partition 47, PROCESS_LOCAL, 7367 bytes)
[2025-12-16T03:29:49.710+0000] {subprocess.py:106} INFO - 25/12/16 03:29:49 INFO TaskSetManager: Finished task 33.0 in stage 26.0 (TID 246) in 44 ms on 172.18.0.7 (executor 0) (28/50)
[2025-12-16T03:29:49.713+0000] {subprocess.py:106} INFO - 25/12/16 03:29:49 INFO TaskSetManager: Starting task 48.0 in stage 26.0 (TID 261) (172.18.0.7, executor 0, partition 48, PROCESS_LOCAL, 7367 bytes)
[2025-12-16T03:29:49.714+0000] {subprocess.py:106} INFO - 25/12/16 03:29:49 INFO TaskSetManager: Finished task 22.0 in stage 26.0 (TID 235) in 73 ms on 172.18.0.7 (executor 0) (29/50)
[2025-12-16T03:29:49.715+0000] {subprocess.py:106} INFO - 25/12/16 03:29:49 INFO TaskSetManager: Finished task 26.0 in stage 26.0 (TID 239) in 58 ms on 172.18.0.7 (executor 0) (30/50)
[2025-12-16T03:29:49.718+0000] {subprocess.py:106} INFO - 25/12/16 03:29:49 INFO TaskSetManager: Finished task 30.0 in stage 26.0 (TID 243) in 50 ms on 172.18.0.7 (executor 0) (31/50)
[2025-12-16T03:29:49.719+0000] {subprocess.py:106} INFO - 25/12/16 03:29:49 INFO TaskSetManager: Finished task 24.0 in stage 26.0 (TID 237) in 68 ms on 172.18.0.7 (executor 0) (32/50)
[2025-12-16T03:29:49.721+0000] {subprocess.py:106} INFO - 25/12/16 03:29:49 INFO TaskSetManager: Finished task 28.0 in stage 26.0 (TID 241) in 55 ms on 172.18.0.7 (executor 0) (33/50)
[2025-12-16T03:29:49.721+0000] {subprocess.py:106} INFO - 25/12/16 03:29:49 INFO TaskSetManager: Starting task 49.0 in stage 26.0 (TID 262) (172.18.0.7, executor 0, partition 49, PROCESS_LOCAL, 7367 bytes)
[2025-12-16T03:29:49.722+0000] {subprocess.py:106} INFO - 25/12/16 03:29:49 INFO TaskSetManager: Finished task 27.0 in stage 26.0 (TID 240) in 63 ms on 172.18.0.7 (executor 0) (34/50)
[2025-12-16T03:29:49.723+0000] {subprocess.py:106} INFO - 25/12/16 03:29:49 INFO TaskSetManager: Finished task 35.0 in stage 26.0 (TID 248) in 57 ms on 172.18.0.7 (executor 0) (35/50)
[2025-12-16T03:29:49.726+0000] {subprocess.py:106} INFO - 25/12/16 03:29:49 INFO TaskSetManager: Finished task 34.0 in stage 26.0 (TID 247) in 74 ms on 172.18.0.7 (executor 0) (36/50)
[2025-12-16T03:29:49.727+0000] {subprocess.py:106} INFO - 25/12/16 03:29:49 INFO TaskSetManager: Finished task 36.0 in stage 26.0 (TID 249) in 68 ms on 172.18.0.7 (executor 0) (37/50)
[2025-12-16T03:29:49.747+0000] {subprocess.py:106} INFO - 25/12/16 03:29:49 INFO TaskSetManager: Finished task 47.0 in stage 26.0 (TID 260) in 53 ms on 172.18.0.7 (executor 0) (38/50)
[2025-12-16T03:29:49.749+0000] {subprocess.py:106} INFO - 25/12/16 03:29:49 INFO TaskSetManager: Finished task 38.0 in stage 26.0 (TID 251) in 70 ms on 172.18.0.7 (executor 0) (39/50)
[2025-12-16T03:29:49.751+0000] {subprocess.py:106} INFO - 25/12/16 03:29:49 INFO TaskSetManager: Finished task 41.0 in stage 26.0 (TID 254) in 68 ms on 172.18.0.7 (executor 0) (40/50)
[2025-12-16T03:29:49.752+0000] {subprocess.py:106} INFO - 25/12/16 03:29:49 INFO TaskSetManager: Finished task 49.0 in stage 26.0 (TID 262) in 45 ms on 172.18.0.7 (executor 0) (41/50)
[2025-12-16T03:29:49.753+0000] {subprocess.py:106} INFO - 25/12/16 03:29:49 INFO TaskSetManager: Finished task 45.0 in stage 26.0 (TID 258) in 60 ms on 172.18.0.7 (executor 0) (42/50)
[2025-12-16T03:29:49.754+0000] {subprocess.py:106} INFO - 25/12/16 03:29:49 INFO TaskSetManager: Finished task 44.0 in stage 26.0 (TID 257) in 61 ms on 172.18.0.7 (executor 0) (43/50)
[2025-12-16T03:29:49.755+0000] {subprocess.py:106} INFO - 25/12/16 03:29:49 INFO TaskSetManager: Finished task 48.0 in stage 26.0 (TID 261) in 55 ms on 172.18.0.7 (executor 0) (44/50)
[2025-12-16T03:29:49.756+0000] {subprocess.py:106} INFO - 25/12/16 03:29:49 INFO TaskSetManager: Finished task 40.0 in stage 26.0 (TID 253) in 72 ms on 172.18.0.7 (executor 0) (45/50)
[2025-12-16T03:29:49.757+0000] {subprocess.py:106} INFO - 25/12/16 03:29:49 INFO TaskSetManager: Finished task 46.0 in stage 26.0 (TID 259) in 61 ms on 172.18.0.7 (executor 0) (46/50)
[2025-12-16T03:29:49.758+0000] {subprocess.py:106} INFO - 25/12/16 03:29:49 INFO TaskSetManager: Finished task 42.0 in stage 26.0 (TID 255) in 71 ms on 172.18.0.7 (executor 0) (47/50)
[2025-12-16T03:29:49.758+0000] {subprocess.py:106} INFO - 25/12/16 03:29:49 INFO TaskSetManager: Finished task 43.0 in stage 26.0 (TID 256) in 70 ms on 172.18.0.7 (executor 0) (48/50)
[2025-12-16T03:29:49.759+0000] {subprocess.py:106} INFO - 25/12/16 03:29:49 INFO TaskSetManager: Finished task 37.0 in stage 26.0 (TID 250) in 77 ms on 172.18.0.7 (executor 0) (49/50)
[2025-12-16T03:29:49.759+0000] {subprocess.py:106} INFO - 25/12/16 03:29:49 INFO TaskSetManager: Finished task 39.0 in stage 26.0 (TID 252) in 78 ms on 172.18.0.7 (executor 0) (50/50)
[2025-12-16T03:29:49.760+0000] {subprocess.py:106} INFO - 25/12/16 03:29:49 INFO TaskSchedulerImpl: Removed TaskSet 26.0, whose tasks have all completed, from pool
[2025-12-16T03:29:49.760+0000] {subprocess.py:106} INFO - 25/12/16 03:29:49 INFO DAGScheduler: ResultStage 26 ($anonfun$recordDeltaOperationInternal$1 at DatabricksLogging.scala:128) finished in 0.215 s
[2025-12-16T03:29:49.761+0000] {subprocess.py:106} INFO - 25/12/16 03:29:49 INFO DAGScheduler: Job 16 is finished. Cancelling potential speculative or zombie tasks for this job
[2025-12-16T03:29:49.761+0000] {subprocess.py:106} INFO - 25/12/16 03:29:49 INFO TaskSchedulerImpl: Killing all running tasks in stage 26: Stage finished
[2025-12-16T03:29:49.762+0000] {subprocess.py:106} INFO - 25/12/16 03:29:49 INFO DAGScheduler: Job 16 finished: $anonfun$recordDeltaOperationInternal$1 at DatabricksLogging.scala:128, took 0.221946 s
[2025-12-16T03:29:49.767+0000] {subprocess.py:106} INFO - 25/12/16 03:29:49 INFO PrepareDeltaScan: DELTA: Done
[2025-12-16T03:29:49.771+0000] {subprocess.py:106} INFO - 25/12/16 03:29:49 INFO FileSourceStrategy: Pushed Filters:
[2025-12-16T03:29:49.772+0000] {subprocess.py:106} INFO - 25/12/16 03:29:49 INFO FileSourceStrategy: Post-Scan Filters:
[2025-12-16T03:29:49.777+0000] {subprocess.py:106} INFO - 25/12/16 03:29:49 INFO ParquetUtils: Using default output committer for Parquet: org.apache.parquet.hadoop.ParquetOutputCommitter
[2025-12-16T03:29:49.793+0000] {subprocess.py:106} INFO - 25/12/16 03:29:49 INFO CodeGenerator: Code generated in 10.807035 ms
[2025-12-16T03:29:49.801+0000] {subprocess.py:106} INFO - 25/12/16 03:29:49 INFO MemoryStore: Block broadcast_27 stored as values in memory (estimated size 214.8 KiB, free 432.0 MiB)
[2025-12-16T03:29:49.809+0000] {subprocess.py:106} INFO - 25/12/16 03:29:49 INFO MemoryStore: Block broadcast_27_piece0 stored as bytes in memory (estimated size 37.0 KiB, free 432.0 MiB)
[2025-12-16T03:29:49.810+0000] {subprocess.py:106} INFO - 25/12/16 03:29:49 INFO BlockManagerInfo: Added broadcast_27_piece0 in memory on 3ad9a82189be:37965 (size: 37.0 KiB, free: 434.0 MiB)
[2025-12-16T03:29:49.811+0000] {subprocess.py:106} INFO - 25/12/16 03:29:49 INFO SparkContext: Created broadcast 27 from save at <unknown>:0
[2025-12-16T03:29:49.813+0000] {subprocess.py:106} INFO - 25/12/16 03:29:49 INFO FileSourceScanExec: Planning scan with bin packing, max size: 4194304 bytes, open cost is considered as scanning 4194304 bytes.
[2025-12-16T03:29:49.826+0000] {subprocess.py:106} INFO - 25/12/16 03:29:49 INFO BlockManagerInfo: Removed broadcast_26_piece0 on 3ad9a82189be:37965 in memory (size: 138.6 KiB, free: 434.2 MiB)
[2025-12-16T03:29:49.827+0000] {subprocess.py:106} INFO - 25/12/16 03:29:49 INFO BlockManagerInfo: Removed broadcast_26_piece0 on 172.18.0.7:41729 in memory (size: 138.6 KiB, free: 434.3 MiB)
[2025-12-16T03:29:49.849+0000] {subprocess.py:106} INFO - 25/12/16 03:29:49 INFO SparkContext: Starting job: save at <unknown>:0
[2025-12-16T03:29:49.850+0000] {subprocess.py:106} INFO - 25/12/16 03:29:49 INFO DAGScheduler: Got job 17 (save at <unknown>:0) with 1 output partitions
[2025-12-16T03:29:49.851+0000] {subprocess.py:106} INFO - 25/12/16 03:29:49 INFO DAGScheduler: Final stage: ResultStage 27 (save at <unknown>:0)
[2025-12-16T03:29:49.851+0000] {subprocess.py:106} INFO - 25/12/16 03:29:49 INFO DAGScheduler: Parents of final stage: List()
[2025-12-16T03:29:49.852+0000] {subprocess.py:106} INFO - 25/12/16 03:29:49 INFO DAGScheduler: Missing parents: List()
[2025-12-16T03:29:49.853+0000] {subprocess.py:106} INFO - 25/12/16 03:29:49 INFO DAGScheduler: Submitting ResultStage 27 (MapPartitionsRDD[80] at save at <unknown>:0), which has no missing parents
[2025-12-16T03:29:49.872+0000] {subprocess.py:106} INFO - 25/12/16 03:29:49 INFO MemoryStore: Block broadcast_28 stored as values in memory (estimated size 359.6 KiB, free 432.3 MiB)
[2025-12-16T03:29:49.873+0000] {subprocess.py:106} INFO - 25/12/16 03:29:49 INFO MemoryStore: Block broadcast_28_piece0 stored as bytes in memory (estimated size 128.2 KiB, free 432.2 MiB)
[2025-12-16T03:29:49.874+0000] {subprocess.py:106} INFO - 25/12/16 03:29:49 INFO BlockManagerInfo: Added broadcast_28_piece0 in memory on 3ad9a82189be:37965 (size: 128.2 KiB, free: 434.0 MiB)
[2025-12-16T03:29:49.875+0000] {subprocess.py:106} INFO - 25/12/16 03:29:49 INFO SparkContext: Created broadcast 28 from broadcast at DAGScheduler.scala:1535
[2025-12-16T03:29:49.876+0000] {subprocess.py:106} INFO - 25/12/16 03:29:49 INFO DAGScheduler: Submitting 1 missing tasks from ResultStage 27 (MapPartitionsRDD[80] at save at <unknown>:0) (first 15 tasks are for partitions Vector(0))
[2025-12-16T03:29:49.876+0000] {subprocess.py:106} INFO - 25/12/16 03:29:49 INFO TaskSchedulerImpl: Adding task set 27.0 with 1 tasks resource profile 0
[2025-12-16T03:29:49.877+0000] {subprocess.py:106} INFO - 25/12/16 03:29:49 INFO TaskSetManager: Starting task 0.0 in stage 27.0 (TID 263) (172.18.0.7, executor 0, partition 0, PROCESS_LOCAL, 7974 bytes)
[2025-12-16T03:29:49.887+0000] {subprocess.py:106} INFO - 25/12/16 03:29:49 INFO BlockManagerInfo: Added broadcast_28_piece0 in memory on 172.18.0.7:41729 (size: 128.2 KiB, free: 434.2 MiB)
[2025-12-16T03:29:50.017+0000] {subprocess.py:106} INFO - 25/12/16 03:29:50 INFO BlockManagerInfo: Added broadcast_27_piece0 in memory on 172.18.0.7:41729 (size: 37.0 KiB, free: 434.1 MiB)
[2025-12-16T03:29:50.193+0000] {subprocess.py:106} INFO - 25/12/16 03:29:50 INFO TaskSetManager: Finished task 0.0 in stage 27.0 (TID 263) in 316 ms on 172.18.0.7 (executor 0) (1/1)
[2025-12-16T03:29:50.194+0000] {subprocess.py:106} INFO - 25/12/16 03:29:50 INFO TaskSchedulerImpl: Removed TaskSet 27.0, whose tasks have all completed, from pool
[2025-12-16T03:29:50.194+0000] {subprocess.py:106} INFO - 25/12/16 03:29:50 INFO DAGScheduler: ResultStage 27 (save at <unknown>:0) finished in 0.341 s
[2025-12-16T03:29:50.195+0000] {subprocess.py:106} INFO - 25/12/16 03:29:50 INFO DAGScheduler: Job 17 is finished. Cancelling potential speculative or zombie tasks for this job
[2025-12-16T03:29:50.196+0000] {subprocess.py:106} INFO - 25/12/16 03:29:50 INFO TaskSchedulerImpl: Killing all running tasks in stage 27: Stage finished
[2025-12-16T03:29:50.196+0000] {subprocess.py:106} INFO - 25/12/16 03:29:50 INFO DAGScheduler: Job 17 finished: save at <unknown>:0, took 0.345068 s
[2025-12-16T03:29:50.197+0000] {subprocess.py:106} INFO - 25/12/16 03:29:50 INFO FileFormatWriter: Start to commit write Job 496e4154-cb3f-4f61-a874-c4959ef3cfab.
[2025-12-16T03:29:50.197+0000] {subprocess.py:106} INFO - 25/12/16 03:29:50 INFO FileFormatWriter: Write Job 496e4154-cb3f-4f61-a874-c4959ef3cfab committed. Elapsed time: 0 ms.
[2025-12-16T03:29:50.198+0000] {subprocess.py:106} INFO - 25/12/16 03:29:50 INFO FileFormatWriter: Finished processing stats for write job 496e4154-cb3f-4f61-a874-c4959ef3cfab.
[2025-12-16T03:29:50.284+0000] {subprocess.py:106} INFO - 25/12/16 03:29:50 INFO BlockManagerInfo: Removed broadcast_28_piece0 on 3ad9a82189be:37965 in memory (size: 128.2 KiB, free: 434.2 MiB)
[2025-12-16T03:29:50.285+0000] {subprocess.py:106} INFO - 25/12/16 03:29:50 INFO BlockManagerInfo: Removed broadcast_28_piece0 on 172.18.0.7:41729 in memory (size: 128.2 KiB, free: 434.2 MiB)
[2025-12-16T03:29:50.355+0000] {subprocess.py:106} INFO - 25/12/16 03:29:50 INFO SparkContext: Starting job: $anonfun$recordDeltaOperationInternal$1 at DatabricksLogging.scala:128
[2025-12-16T03:29:50.356+0000] {subprocess.py:106} INFO - 25/12/16 03:29:50 INFO DAGScheduler: Job 18 finished: $anonfun$recordDeltaOperationInternal$1 at DatabricksLogging.scala:128, took 0.000269 s
[2025-12-16T03:29:50.367+0000] {subprocess.py:106} INFO - 25/12/16 03:29:50 INFO OptimisticTransaction: [tableId=c6236eba,txnId=44e76bf7] Attempting to commit version 0 with 4 actions with Serializable isolation level
[2025-12-16T03:29:50.444+0000] {subprocess.py:106} INFO - 25/12/16 03:29:50 INFO DeltaLog: Creating a new snapshot v0 for commit version 0
[2025-12-16T03:29:50.445+0000] {subprocess.py:106} INFO - 25/12/16 03:29:50 INFO DeltaLog: Loading version 0.
[2025-12-16T03:29:50.449+0000] {subprocess.py:106} INFO - 25/12/16 03:29:50 INFO DeltaLogFileIndex: Created DeltaLogFileIndex(JSON, numFilesInSegment: 1, totalFileSize: 2245)
[2025-12-16T03:29:50.479+0000] {subprocess.py:106} INFO - 25/12/16 03:29:50 INFO FileSourceStrategy: Pushed Filters:
[2025-12-16T03:29:50.480+0000] {subprocess.py:106} INFO - 25/12/16 03:29:50 INFO FileSourceStrategy: Post-Scan Filters:
[2025-12-16T03:29:50.493+0000] {subprocess.py:106} INFO - 25/12/16 03:29:50 INFO MemoryStore: Block broadcast_29 stored as values in memory (estimated size 212.9 KiB, free 432.5 MiB)
[2025-12-16T03:29:50.499+0000] {subprocess.py:106} INFO - 25/12/16 03:29:50 INFO MemoryStore: Block broadcast_29_piece0 stored as bytes in memory (estimated size 36.4 KiB, free 432.5 MiB)
[2025-12-16T03:29:50.500+0000] {subprocess.py:106} INFO - 25/12/16 03:29:50 INFO BlockManagerInfo: Added broadcast_29_piece0 in memory on 3ad9a82189be:37965 (size: 36.4 KiB, free: 434.1 MiB)
[2025-12-16T03:29:50.501+0000] {subprocess.py:106} INFO - 25/12/16 03:29:50 INFO SparkContext: Created broadcast 29 from toString at <unknown>:0
[2025-12-16T03:29:50.501+0000] {subprocess.py:106} INFO - 25/12/16 03:29:50 INFO FileSourceScanExec: Planning scan with bin packing, max size: 4194304 bytes, open cost is considered as scanning 4194304 bytes.
[2025-12-16T03:29:50.511+0000] {subprocess.py:106} INFO - 25/12/16 03:29:50 INFO SparkContext: Starting job: toString at <unknown>:0
[2025-12-16T03:29:50.513+0000] {subprocess.py:106} INFO - 25/12/16 03:29:50 INFO DAGScheduler: Got job 19 (toString at <unknown>:0) with 1 output partitions
[2025-12-16T03:29:50.513+0000] {subprocess.py:106} INFO - 25/12/16 03:29:50 INFO DAGScheduler: Final stage: ResultStage 28 (toString at <unknown>:0)
[2025-12-16T03:29:50.514+0000] {subprocess.py:106} INFO - 25/12/16 03:29:50 INFO DAGScheduler: Parents of final stage: List()
[2025-12-16T03:29:50.514+0000] {subprocess.py:106} INFO - 25/12/16 03:29:50 INFO DAGScheduler: Missing parents: List()
[2025-12-16T03:29:50.516+0000] {subprocess.py:106} INFO - 25/12/16 03:29:50 INFO DAGScheduler: Submitting ResultStage 28 (MapPartitionsRDD[88] at toString at <unknown>:0), which has no missing parents
[2025-12-16T03:29:50.517+0000] {subprocess.py:106} INFO - 25/12/16 03:29:50 INFO MemoryStore: Block broadcast_30 stored as values in memory (estimated size 50.4 KiB, free 432.4 MiB)
[2025-12-16T03:29:50.523+0000] {subprocess.py:106} INFO - 25/12/16 03:29:50 INFO MemoryStore: Block broadcast_30_piece0 stored as bytes in memory (estimated size 15.5 KiB, free 432.4 MiB)
[2025-12-16T03:29:50.524+0000] {subprocess.py:106} INFO - 25/12/16 03:29:50 INFO BlockManagerInfo: Added broadcast_30_piece0 in memory on 3ad9a82189be:37965 (size: 15.5 KiB, free: 434.1 MiB)
[2025-12-16T03:29:50.525+0000] {subprocess.py:106} INFO - 25/12/16 03:29:50 INFO SparkContext: Created broadcast 30 from broadcast at DAGScheduler.scala:1535
[2025-12-16T03:29:50.525+0000] {subprocess.py:106} INFO - 25/12/16 03:29:50 INFO DAGScheduler: Submitting 1 missing tasks from ResultStage 28 (MapPartitionsRDD[88] at toString at <unknown>:0) (first 15 tasks are for partitions Vector(0))
[2025-12-16T03:29:50.526+0000] {subprocess.py:106} INFO - 25/12/16 03:29:50 INFO TaskSchedulerImpl: Adding task set 28.0 with 1 tasks resource profile 0
[2025-12-16T03:29:50.526+0000] {subprocess.py:106} INFO - 25/12/16 03:29:50 INFO TaskSetManager: Starting task 0.0 in stage 28.0 (TID 264) (172.18.0.7, executor 0, partition 0, PROCESS_LOCAL, 7945 bytes)
[2025-12-16T03:29:50.536+0000] {subprocess.py:106} INFO - 25/12/16 03:29:50 INFO BlockManagerInfo: Added broadcast_30_piece0 in memory on 172.18.0.7:41729 (size: 15.5 KiB, free: 434.2 MiB)
[2025-12-16T03:29:50.550+0000] {subprocess.py:106} INFO - 25/12/16 03:29:50 INFO BlockManagerInfo: Added broadcast_29_piece0 in memory on 172.18.0.7:41729 (size: 36.4 KiB, free: 434.2 MiB)
[2025-12-16T03:29:50.585+0000] {subprocess.py:106} INFO - 25/12/16 03:29:50 INFO TaskSetManager: Finished task 0.0 in stage 28.0 (TID 264) in 58 ms on 172.18.0.7 (executor 0) (1/1)
[2025-12-16T03:29:50.586+0000] {subprocess.py:106} INFO - 25/12/16 03:29:50 INFO TaskSchedulerImpl: Removed TaskSet 28.0, whose tasks have all completed, from pool
[2025-12-16T03:29:50.587+0000] {subprocess.py:106} INFO - 25/12/16 03:29:50 INFO DAGScheduler: ResultStage 28 (toString at <unknown>:0) finished in 0.071 s
[2025-12-16T03:29:50.587+0000] {subprocess.py:106} INFO - 25/12/16 03:29:50 INFO DAGScheduler: Job 19 is finished. Cancelling potential speculative or zombie tasks for this job
[2025-12-16T03:29:50.589+0000] {subprocess.py:106} INFO - 25/12/16 03:29:50 INFO TaskSchedulerImpl: Killing all running tasks in stage 28: Stage finished
[2025-12-16T03:29:50.589+0000] {subprocess.py:106} INFO - 25/12/16 03:29:50 INFO DAGScheduler: Job 19 finished: toString at <unknown>:0, took 0.074322 s
[2025-12-16T03:29:50.593+0000] {subprocess.py:106} INFO - 25/12/16 03:29:50 INFO Snapshot: [tableId=c6236eba-2949-40c2-b260-650a15cb4a2c] Created snapshot Snapshot(path=s3a://gold/dim_customers/_delta_log, version=0, metadata=Metadata(16e4fe15-0e59-48b6-867e-459a77d1dfd5,null,null,Format(parquet,Map()),{"type":"struct","fields":[{"name":"customer_key","type":"string","nullable":true,"metadata":{}},{"name":"customer_id","type":"string","nullable":true,"metadata":{}},{"name":"customer_name","type":"string","nullable":true,"metadata":{}},{"name":"phone","type":"string","nullable":true,"metadata":{}},{"name":"address","type":"string","nullable":true,"metadata":{}},{"name":"customer_group","type":"string","nullable":true,"metadata":{}},{"name":"status","type":"integer","nullable":true,"metadata":{}},{"name":"last_updated","type":"timestamp","nullable":true,"metadata":{}}]},List(),Map(),Some(1765855787975)), logSegment=LogSegment(s3a://gold/dim_customers/_delta_log,0,WrappedArray(S3AFileStatus{path=s3a://gold/dim_customers/_delta_log/00000000000000000000.json; isDirectory=false; length=2245; replication=1; blocksize=33554432; modification_time=1765855790405; access_time=0; owner=root; group=root; permission=rw-rw-rw-; isSymlink=false; hasAcl=false; isEncrypted=true; isErasureCoded=false} isEmptyDirectory=FALSE eTag=3b2cc986ad5951874a66a6398e527692 versionId=null),None,1765855790405), checksumOpt=None)
[2025-12-16T03:29:50.594+0000] {subprocess.py:106} INFO - 25/12/16 03:29:50 INFO DeltaLog: Updated snapshot to Snapshot(path=s3a://gold/dim_customers/_delta_log, version=0, metadata=Metadata(16e4fe15-0e59-48b6-867e-459a77d1dfd5,null,null,Format(parquet,Map()),{"type":"struct","fields":[{"name":"customer_key","type":"string","nullable":true,"metadata":{}},{"name":"customer_id","type":"string","nullable":true,"metadata":{}},{"name":"customer_name","type":"string","nullable":true,"metadata":{}},{"name":"phone","type":"string","nullable":true,"metadata":{}},{"name":"address","type":"string","nullable":true,"metadata":{}},{"name":"customer_group","type":"string","nullable":true,"metadata":{}},{"name":"status","type":"integer","nullable":true,"metadata":{}},{"name":"last_updated","type":"timestamp","nullable":true,"metadata":{}}]},List(),Map(),Some(1765855787975)), logSegment=LogSegment(s3a://gold/dim_customers/_delta_log,0,WrappedArray(S3AFileStatus{path=s3a://gold/dim_customers/_delta_log/00000000000000000000.json; isDirectory=false; length=2245; replication=1; blocksize=33554432; modification_time=1765855790405; access_time=0; owner=root; group=root; permission=rw-rw-rw-; isSymlink=false; hasAcl=false; isEncrypted=true; isErasureCoded=false} isEmptyDirectory=FALSE eTag=3b2cc986ad5951874a66a6398e527692 versionId=null),None,1765855790405), checksumOpt=None)
[2025-12-16T03:29:50.595+0000] {subprocess.py:106} INFO - 25/12/16 03:29:50 INFO Snapshot: [tableId=16e4fe15-0e59-48b6-867e-459a77d1dfd5] DELTA: Compute snapshot for version: 0
[2025-12-16T03:29:50.599+0000] {subprocess.py:106} INFO - 25/12/16 03:29:50 INFO MemoryStore: Block broadcast_31 stored as values in memory (estimated size 212.3 KiB, free 432.2 MiB)
[2025-12-16T03:29:50.608+0000] {subprocess.py:106} INFO - 25/12/16 03:29:50 INFO MemoryStore: Block broadcast_31_piece0 stored as bytes in memory (estimated size 36.3 KiB, free 432.1 MiB)
[2025-12-16T03:29:50.609+0000] {subprocess.py:106} INFO - 25/12/16 03:29:50 INFO BlockManagerInfo: Added broadcast_31_piece0 in memory on 3ad9a82189be:37965 (size: 36.3 KiB, free: 434.1 MiB)
[2025-12-16T03:29:50.609+0000] {subprocess.py:106} INFO - 25/12/16 03:29:50 INFO SparkContext: Created broadcast 31 from $anonfun$recordDeltaOperationInternal$1 at DatabricksLogging.scala:128
[2025-12-16T03:29:50.703+0000] {subprocess.py:106} INFO - 25/12/16 03:29:50 INFO BlockManagerInfo: Removed broadcast_29_piece0 on 3ad9a82189be:37965 in memory (size: 36.4 KiB, free: 434.1 MiB)
[2025-12-16T03:29:50.704+0000] {subprocess.py:106} INFO - 25/12/16 03:29:50 INFO BlockManagerInfo: Removed broadcast_29_piece0 on 172.18.0.7:41729 in memory (size: 36.4 KiB, free: 434.2 MiB)
[2025-12-16T03:29:50.709+0000] {subprocess.py:106} INFO - 25/12/16 03:29:50 INFO BlockManagerInfo: Removed broadcast_30_piece0 on 3ad9a82189be:37965 in memory (size: 15.5 KiB, free: 434.1 MiB)
[2025-12-16T03:29:50.711+0000] {subprocess.py:106} INFO - 25/12/16 03:29:50 INFO BlockManagerInfo: Removed broadcast_30_piece0 on 172.18.0.7:41729 in memory (size: 15.5 KiB, free: 434.2 MiB)
[2025-12-16T03:29:50.750+0000] {subprocess.py:106} INFO - 25/12/16 03:29:50 INFO FileSourceStrategy: Pushed Filters:
[2025-12-16T03:29:50.751+0000] {subprocess.py:106} INFO - 25/12/16 03:29:50 INFO FileSourceStrategy: Post-Scan Filters:
[2025-12-16T03:29:50.790+0000] {subprocess.py:106} INFO - 25/12/16 03:29:50 INFO MemoryStore: Block broadcast_32 stored as values in memory (estimated size 212.9 KiB, free 432.2 MiB)
[2025-12-16T03:29:50.796+0000] {subprocess.py:106} INFO - 25/12/16 03:29:50 INFO MemoryStore: Block broadcast_32_piece0 stored as bytes in memory (estimated size 36.4 KiB, free 432.2 MiB)
[2025-12-16T03:29:50.797+0000] {subprocess.py:106} INFO - 25/12/16 03:29:50 INFO BlockManagerInfo: Added broadcast_32_piece0 in memory on 3ad9a82189be:37965 (size: 36.4 KiB, free: 434.1 MiB)
[2025-12-16T03:29:50.798+0000] {subprocess.py:106} INFO - 25/12/16 03:29:50 INFO SparkContext: Created broadcast 32 from $anonfun$recordDeltaOperationInternal$1 at DatabricksLogging.scala:128
[2025-12-16T03:29:50.798+0000] {subprocess.py:106} INFO - 25/12/16 03:29:50 INFO FileSourceScanExec: Planning scan with bin packing, max size: 4194304 bytes, open cost is considered as scanning 4194304 bytes.
[2025-12-16T03:29:50.810+0000] {subprocess.py:106} INFO - 25/12/16 03:29:50 INFO DAGScheduler: Registering RDD 92 ($anonfun$recordDeltaOperationInternal$1 at DatabricksLogging.scala:128) as input to shuffle 6
[2025-12-16T03:29:50.810+0000] {subprocess.py:106} INFO - 25/12/16 03:29:50 INFO DAGScheduler: Got map stage job 20 ($anonfun$recordDeltaOperationInternal$1 at DatabricksLogging.scala:128) with 1 output partitions
[2025-12-16T03:29:50.811+0000] {subprocess.py:106} INFO - 25/12/16 03:29:50 INFO DAGScheduler: Final stage: ShuffleMapStage 29 ($anonfun$recordDeltaOperationInternal$1 at DatabricksLogging.scala:128)
[2025-12-16T03:29:50.812+0000] {subprocess.py:106} INFO - 25/12/16 03:29:50 INFO DAGScheduler: Parents of final stage: List()
[2025-12-16T03:29:50.813+0000] {subprocess.py:106} INFO - 25/12/16 03:29:50 INFO DAGScheduler: Missing parents: List()
[2025-12-16T03:29:50.814+0000] {subprocess.py:106} INFO - 25/12/16 03:29:50 INFO DAGScheduler: Submitting ShuffleMapStage 29 (MapPartitionsRDD[92] at $anonfun$recordDeltaOperationInternal$1 at DatabricksLogging.scala:128), which has no missing parents
[2025-12-16T03:29:50.817+0000] {subprocess.py:106} INFO - 25/12/16 03:29:50 INFO MemoryStore: Block broadcast_33 stored as values in memory (estimated size 138.3 KiB, free 432.1 MiB)
[2025-12-16T03:29:50.818+0000] {subprocess.py:106} INFO - 25/12/16 03:29:50 INFO MemoryStore: Block broadcast_33_piece0 stored as bytes in memory (estimated size 39.0 KiB, free 432.0 MiB)
[2025-12-16T03:29:50.819+0000] {subprocess.py:106} INFO - 25/12/16 03:29:50 INFO BlockManagerInfo: Added broadcast_33_piece0 in memory on 3ad9a82189be:37965 (size: 39.0 KiB, free: 434.0 MiB)
[2025-12-16T03:29:50.819+0000] {subprocess.py:106} INFO - 25/12/16 03:29:50 INFO SparkContext: Created broadcast 33 from broadcast at DAGScheduler.scala:1535
[2025-12-16T03:29:50.820+0000] {subprocess.py:106} INFO - 25/12/16 03:29:50 INFO DAGScheduler: Submitting 1 missing tasks from ShuffleMapStage 29 (MapPartitionsRDD[92] at $anonfun$recordDeltaOperationInternal$1 at DatabricksLogging.scala:128) (first 15 tasks are for partitions Vector(0))
[2025-12-16T03:29:50.820+0000] {subprocess.py:106} INFO - 25/12/16 03:29:50 INFO TaskSchedulerImpl: Adding task set 29.0 with 1 tasks resource profile 0
[2025-12-16T03:29:50.821+0000] {subprocess.py:106} INFO - 25/12/16 03:29:50 INFO TaskSetManager: Starting task 0.0 in stage 29.0 (TID 265) (172.18.0.7, executor 0, partition 0, PROCESS_LOCAL, 7934 bytes)
[2025-12-16T03:29:50.831+0000] {subprocess.py:106} INFO - 25/12/16 03:29:50 INFO BlockManagerInfo: Added broadcast_33_piece0 in memory on 172.18.0.7:41729 (size: 39.0 KiB, free: 434.2 MiB)
[2025-12-16T03:29:50.852+0000] {subprocess.py:106} INFO - 25/12/16 03:29:50 INFO BlockManagerInfo: Added broadcast_32_piece0 in memory on 172.18.0.7:41729 (size: 36.4 KiB, free: 434.2 MiB)
[2025-12-16T03:29:50.885+0000] {subprocess.py:106} INFO - 25/12/16 03:29:50 INFO TaskSetManager: Finished task 0.0 in stage 29.0 (TID 265) in 64 ms on 172.18.0.7 (executor 0) (1/1)
[2025-12-16T03:29:50.886+0000] {subprocess.py:106} INFO - 25/12/16 03:29:50 INFO TaskSchedulerImpl: Removed TaskSet 29.0, whose tasks have all completed, from pool
[2025-12-16T03:29:50.886+0000] {subprocess.py:106} INFO - 25/12/16 03:29:50 INFO DAGScheduler: ShuffleMapStage 29 ($anonfun$recordDeltaOperationInternal$1 at DatabricksLogging.scala:128) finished in 0.074 s
[2025-12-16T03:29:50.887+0000] {subprocess.py:106} INFO - 25/12/16 03:29:50 INFO DAGScheduler: looking for newly runnable stages
[2025-12-16T03:29:50.887+0000] {subprocess.py:106} INFO - 25/12/16 03:29:50 INFO DAGScheduler: running: Set()
[2025-12-16T03:29:50.888+0000] {subprocess.py:106} INFO - 25/12/16 03:29:50 INFO DAGScheduler: waiting: Set()
[2025-12-16T03:29:50.889+0000] {subprocess.py:106} INFO - 25/12/16 03:29:50 INFO DAGScheduler: failed: Set()
[2025-12-16T03:29:50.927+0000] {subprocess.py:106} INFO - 25/12/16 03:29:50 INFO BlockManagerInfo: Removed broadcast_33_piece0 on 3ad9a82189be:37965 in memory (size: 39.0 KiB, free: 434.1 MiB)
[2025-12-16T03:29:50.929+0000] {subprocess.py:106} INFO - 25/12/16 03:29:50 INFO BlockManagerInfo: Removed broadcast_33_piece0 on 172.18.0.7:41729 in memory (size: 39.0 KiB, free: 434.2 MiB)
[2025-12-16T03:29:51.042+0000] {subprocess.py:106} INFO - 25/12/16 03:29:51 INFO DAGScheduler: Registering RDD 102 ($anonfun$recordDeltaOperationInternal$1 at DatabricksLogging.scala:128) as input to shuffle 7
[2025-12-16T03:29:51.043+0000] {subprocess.py:106} INFO - 25/12/16 03:29:51 INFO DAGScheduler: Got map stage job 21 ($anonfun$recordDeltaOperationInternal$1 at DatabricksLogging.scala:128) with 50 output partitions
[2025-12-16T03:29:51.044+0000] {subprocess.py:106} INFO - 25/12/16 03:29:51 INFO DAGScheduler: Final stage: ShuffleMapStage 31 ($anonfun$recordDeltaOperationInternal$1 at DatabricksLogging.scala:128)
[2025-12-16T03:29:51.044+0000] {subprocess.py:106} INFO - 25/12/16 03:29:51 INFO DAGScheduler: Parents of final stage: List(ShuffleMapStage 30)
[2025-12-16T03:29:51.045+0000] {subprocess.py:106} INFO - 25/12/16 03:29:51 INFO DAGScheduler: Missing parents: List()
[2025-12-16T03:29:51.045+0000] {subprocess.py:106} INFO - 25/12/16 03:29:51 INFO DAGScheduler: Submitting ShuffleMapStage 31 (MapPartitionsRDD[102] at $anonfun$recordDeltaOperationInternal$1 at DatabricksLogging.scala:128), which has no missing parents
[2025-12-16T03:29:51.069+0000] {subprocess.py:106} INFO - 25/12/16 03:29:51 INFO MemoryStore: Block broadcast_34 stored as values in memory (estimated size 517.2 KiB, free 431.7 MiB)
[2025-12-16T03:29:51.071+0000] {subprocess.py:106} INFO - 25/12/16 03:29:51 INFO MemoryStore: Block broadcast_34_piece0 stored as bytes in memory (estimated size 123.3 KiB, free 431.6 MiB)
[2025-12-16T03:29:51.071+0000] {subprocess.py:106} INFO - 25/12/16 03:29:51 INFO BlockManagerInfo: Added broadcast_34_piece0 in memory on 3ad9a82189be:37965 (size: 123.3 KiB, free: 434.0 MiB)
[2025-12-16T03:29:51.072+0000] {subprocess.py:106} INFO - 25/12/16 03:29:51 INFO SparkContext: Created broadcast 34 from broadcast at DAGScheduler.scala:1535
[2025-12-16T03:29:51.077+0000] {subprocess.py:106} INFO - 25/12/16 03:29:51 INFO DAGScheduler: Submitting 50 missing tasks from ShuffleMapStage 31 (MapPartitionsRDD[102] at $anonfun$recordDeltaOperationInternal$1 at DatabricksLogging.scala:128) (first 15 tasks are for partitions Vector(0, 1, 2, 3, 4, 5, 6, 7, 8, 9, 10, 11, 12, 13, 14))
[2025-12-16T03:29:51.078+0000] {subprocess.py:106} INFO - 25/12/16 03:29:51 INFO TaskSchedulerImpl: Adding task set 31.0 with 50 tasks resource profile 0
[2025-12-16T03:29:51.079+0000] {subprocess.py:106} INFO - 25/12/16 03:29:51 INFO TaskSetManager: Starting task 19.0 in stage 31.0 (TID 266) (172.18.0.7, executor 0, partition 19, NODE_LOCAL, 7356 bytes)
[2025-12-16T03:29:51.080+0000] {subprocess.py:106} INFO - 25/12/16 03:29:51 INFO TaskSetManager: Starting task 42.0 in stage 31.0 (TID 267) (172.18.0.7, executor 0, partition 42, NODE_LOCAL, 7356 bytes)
[2025-12-16T03:29:51.081+0000] {subprocess.py:106} INFO - 25/12/16 03:29:51 INFO TaskSetManager: Starting task 0.0 in stage 31.0 (TID 268) (172.18.0.7, executor 0, partition 0, PROCESS_LOCAL, 7356 bytes)
[2025-12-16T03:29:51.082+0000] {subprocess.py:106} INFO - 25/12/16 03:29:51 INFO TaskSetManager: Starting task 1.0 in stage 31.0 (TID 269) (172.18.0.7, executor 0, partition 1, PROCESS_LOCAL, 7356 bytes)
[2025-12-16T03:29:51.084+0000] {subprocess.py:106} INFO - 25/12/16 03:29:51 INFO TaskSetManager: Starting task 2.0 in stage 31.0 (TID 270) (172.18.0.7, executor 0, partition 2, PROCESS_LOCAL, 7356 bytes)
[2025-12-16T03:29:51.086+0000] {subprocess.py:106} INFO - 25/12/16 03:29:51 INFO TaskSetManager: Starting task 3.0 in stage 31.0 (TID 271) (172.18.0.7, executor 0, partition 3, PROCESS_LOCAL, 7356 bytes)
[2025-12-16T03:29:51.086+0000] {subprocess.py:106} INFO - 25/12/16 03:29:51 INFO TaskSetManager: Starting task 4.0 in stage 31.0 (TID 272) (172.18.0.7, executor 0, partition 4, PROCESS_LOCAL, 7356 bytes)
[2025-12-16T03:29:51.087+0000] {subprocess.py:106} INFO - 25/12/16 03:29:51 INFO TaskSetManager: Starting task 5.0 in stage 31.0 (TID 273) (172.18.0.7, executor 0, partition 5, PROCESS_LOCAL, 7356 bytes)
[2025-12-16T03:29:51.087+0000] {subprocess.py:106} INFO - 25/12/16 03:29:51 INFO TaskSetManager: Starting task 6.0 in stage 31.0 (TID 274) (172.18.0.7, executor 0, partition 6, PROCESS_LOCAL, 7356 bytes)
[2025-12-16T03:29:51.088+0000] {subprocess.py:106} INFO - 25/12/16 03:29:51 INFO TaskSetManager: Starting task 7.0 in stage 31.0 (TID 275) (172.18.0.7, executor 0, partition 7, PROCESS_LOCAL, 7356 bytes)
[2025-12-16T03:29:51.088+0000] {subprocess.py:106} INFO - 25/12/16 03:29:51 INFO TaskSetManager: Starting task 8.0 in stage 31.0 (TID 276) (172.18.0.7, executor 0, partition 8, PROCESS_LOCAL, 7356 bytes)
[2025-12-16T03:29:51.089+0000] {subprocess.py:106} INFO - 25/12/16 03:29:51 INFO TaskSetManager: Starting task 9.0 in stage 31.0 (TID 277) (172.18.0.7, executor 0, partition 9, PROCESS_LOCAL, 7356 bytes)
[2025-12-16T03:29:51.089+0000] {subprocess.py:106} INFO - 25/12/16 03:29:51 INFO TaskSetManager: Starting task 10.0 in stage 31.0 (TID 278) (172.18.0.7, executor 0, partition 10, PROCESS_LOCAL, 7356 bytes)
[2025-12-16T03:29:51.090+0000] {subprocess.py:106} INFO - 25/12/16 03:29:51 INFO TaskSetManager: Starting task 11.0 in stage 31.0 (TID 279) (172.18.0.7, executor 0, partition 11, PROCESS_LOCAL, 7356 bytes)
[2025-12-16T03:29:51.090+0000] {subprocess.py:106} INFO - 25/12/16 03:29:51 INFO TaskSetManager: Starting task 12.0 in stage 31.0 (TID 280) (172.18.0.7, executor 0, partition 12, PROCESS_LOCAL, 7356 bytes)
[2025-12-16T03:29:51.091+0000] {subprocess.py:106} INFO - 25/12/16 03:29:51 INFO TaskSetManager: Starting task 13.0 in stage 31.0 (TID 281) (172.18.0.7, executor 0, partition 13, PROCESS_LOCAL, 7356 bytes)
[2025-12-16T03:29:51.096+0000] {subprocess.py:106} INFO - 25/12/16 03:29:51 INFO BlockManagerInfo: Added broadcast_34_piece0 in memory on 172.18.0.7:41729 (size: 123.3 KiB, free: 434.1 MiB)
[2025-12-16T03:29:51.112+0000] {subprocess.py:106} INFO - 25/12/16 03:29:51 INFO MapOutputTrackerMasterEndpoint: Asked to send map output locations for shuffle 6 to 172.18.0.7:60316
[2025-12-16T03:29:51.204+0000] {subprocess.py:106} INFO - 25/12/16 03:29:51 INFO BlockManagerInfo: Added rdd_99_10 in memory on 172.18.0.7:41729 (size: 46.0 B, free: 434.1 MiB)
[2025-12-16T03:29:51.206+0000] {subprocess.py:106} INFO - 25/12/16 03:29:51 INFO BlockManagerInfo: Added rdd_99_6 in memory on 172.18.0.7:41729 (size: 46.0 B, free: 434.1 MiB)
[2025-12-16T03:29:51.209+0000] {subprocess.py:106} INFO - 25/12/16 03:29:51 INFO BlockManagerInfo: Added rdd_99_7 in memory on 172.18.0.7:41729 (size: 46.0 B, free: 434.1 MiB)
[2025-12-16T03:29:51.210+0000] {subprocess.py:106} INFO - 25/12/16 03:29:51 INFO BlockManagerInfo: Added rdd_99_3 in memory on 172.18.0.7:41729 (size: 46.0 B, free: 434.1 MiB)
[2025-12-16T03:29:51.212+0000] {subprocess.py:106} INFO - 25/12/16 03:29:51 INFO BlockManagerInfo: Added rdd_99_12 in memory on 172.18.0.7:41729 (size: 46.0 B, free: 434.1 MiB)
[2025-12-16T03:29:51.213+0000] {subprocess.py:106} INFO - 25/12/16 03:29:51 INFO BlockManagerInfo: Added rdd_99_1 in memory on 172.18.0.7:41729 (size: 46.0 B, free: 434.1 MiB)
[2025-12-16T03:29:51.218+0000] {subprocess.py:106} INFO - 25/12/16 03:29:51 INFO BlockManagerInfo: Added rdd_99_2 in memory on 172.18.0.7:41729 (size: 46.0 B, free: 434.1 MiB)
[2025-12-16T03:29:51.226+0000] {subprocess.py:106} INFO - 25/12/16 03:29:51 INFO BlockManagerInfo: Added rdd_99_9 in memory on 172.18.0.7:41729 (size: 46.0 B, free: 434.1 MiB)
[2025-12-16T03:29:51.227+0000] {subprocess.py:106} INFO - 25/12/16 03:29:51 INFO BlockManagerInfo: Added rdd_99_5 in memory on 172.18.0.7:41729 (size: 46.0 B, free: 434.1 MiB)
[2025-12-16T03:29:51.228+0000] {subprocess.py:106} INFO - 25/12/16 03:29:51 INFO BlockManagerInfo: Added rdd_99_19 in memory on 172.18.0.7:41729 (size: 745.0 B, free: 434.1 MiB)
[2025-12-16T03:29:51.229+0000] {subprocess.py:106} INFO - 25/12/16 03:29:51 INFO BlockManagerInfo: Added rdd_99_11 in memory on 172.18.0.7:41729 (size: 46.0 B, free: 434.1 MiB)
[2025-12-16T03:29:51.230+0000] {subprocess.py:106} INFO - 25/12/16 03:29:51 INFO BlockManagerInfo: Added rdd_99_42 in memory on 172.18.0.7:41729 (size: 539.0 B, free: 434.1 MiB)
[2025-12-16T03:29:51.231+0000] {subprocess.py:106} INFO - 25/12/16 03:29:51 INFO BlockManagerInfo: Added rdd_99_8 in memory on 172.18.0.7:41729 (size: 46.0 B, free: 434.1 MiB)
[2025-12-16T03:29:51.232+0000] {subprocess.py:106} INFO - 25/12/16 03:29:51 INFO BlockManagerInfo: Added rdd_99_13 in memory on 172.18.0.7:41729 (size: 46.0 B, free: 434.1 MiB)
[2025-12-16T03:29:51.241+0000] {subprocess.py:106} INFO - 25/12/16 03:29:51 INFO TaskSetManager: Starting task 14.0 in stage 31.0 (TID 282) (172.18.0.7, executor 0, partition 14, PROCESS_LOCAL, 7356 bytes)
[2025-12-16T03:29:51.243+0000] {subprocess.py:106} INFO - 25/12/16 03:29:51 INFO BlockManagerInfo: Added rdd_99_0 in memory on 172.18.0.7:41729 (size: 46.0 B, free: 434.1 MiB)
[2025-12-16T03:29:51.244+0000] {subprocess.py:106} INFO - 25/12/16 03:29:51 INFO BlockManagerInfo: Added rdd_99_4 in memory on 172.18.0.7:41729 (size: 46.0 B, free: 434.1 MiB)
[2025-12-16T03:29:51.245+0000] {subprocess.py:106} INFO - 25/12/16 03:29:51 INFO TaskSetManager: Starting task 15.0 in stage 31.0 (TID 283) (172.18.0.7, executor 0, partition 15, PROCESS_LOCAL, 7356 bytes)
[2025-12-16T03:29:51.246+0000] {subprocess.py:106} INFO - 25/12/16 03:29:51 INFO TaskSetManager: Starting task 16.0 in stage 31.0 (TID 284) (172.18.0.7, executor 0, partition 16, PROCESS_LOCAL, 7356 bytes)
[2025-12-16T03:29:51.247+0000] {subprocess.py:106} INFO - 25/12/16 03:29:51 INFO TaskSetManager: Finished task 7.0 in stage 31.0 (TID 275) in 158 ms on 172.18.0.7 (executor 0) (1/50)
[2025-12-16T03:29:51.248+0000] {subprocess.py:106} INFO - 25/12/16 03:29:51 INFO TaskSetManager: Finished task 3.0 in stage 31.0 (TID 271) in 162 ms on 172.18.0.7 (executor 0) (2/50)
[2025-12-16T03:29:51.249+0000] {subprocess.py:106} INFO - 25/12/16 03:29:51 INFO TaskSetManager: Finished task 6.0 in stage 31.0 (TID 274) in 162 ms on 172.18.0.7 (executor 0) (3/50)
[2025-12-16T03:29:51.250+0000] {subprocess.py:106} INFO - 25/12/16 03:29:51 INFO TaskSetManager: Finished task 12.0 in stage 31.0 (TID 280) in 161 ms on 172.18.0.7 (executor 0) (4/50)
[2025-12-16T03:29:51.252+0000] {subprocess.py:106} INFO - 25/12/16 03:29:51 INFO TaskSetManager: Starting task 17.0 in stage 31.0 (TID 285) (172.18.0.7, executor 0, partition 17, PROCESS_LOCAL, 7356 bytes)
[2025-12-16T03:29:51.258+0000] {subprocess.py:106} INFO - 25/12/16 03:29:51 INFO TaskSetManager: Starting task 18.0 in stage 31.0 (TID 286) (172.18.0.7, executor 0, partition 18, PROCESS_LOCAL, 7356 bytes)
[2025-12-16T03:29:51.259+0000] {subprocess.py:106} INFO - 25/12/16 03:29:51 INFO TaskSetManager: Starting task 20.0 in stage 31.0 (TID 287) (172.18.0.7, executor 0, partition 20, PROCESS_LOCAL, 7356 bytes)
[2025-12-16T03:29:51.261+0000] {subprocess.py:106} INFO - 25/12/16 03:29:51 INFO TaskSetManager: Finished task 5.0 in stage 31.0 (TID 273) in 174 ms on 172.18.0.7 (executor 0) (5/50)
[2025-12-16T03:29:51.262+0000] {subprocess.py:106} INFO - 25/12/16 03:29:51 INFO TaskSetManager: Starting task 21.0 in stage 31.0 (TID 288) (172.18.0.7, executor 0, partition 21, PROCESS_LOCAL, 7356 bytes)
[2025-12-16T03:29:51.263+0000] {subprocess.py:106} INFO - 25/12/16 03:29:51 INFO TaskSetManager: Finished task 10.0 in stage 31.0 (TID 278) in 174 ms on 172.18.0.7 (executor 0) (6/50)
[2025-12-16T03:29:51.264+0000] {subprocess.py:106} INFO - 25/12/16 03:29:51 INFO TaskSetManager: Starting task 22.0 in stage 31.0 (TID 289) (172.18.0.7, executor 0, partition 22, PROCESS_LOCAL, 7356 bytes)
[2025-12-16T03:29:51.265+0000] {subprocess.py:106} INFO - 25/12/16 03:29:51 INFO TaskSetManager: Finished task 9.0 in stage 31.0 (TID 277) in 176 ms on 172.18.0.7 (executor 0) (7/50)
[2025-12-16T03:29:51.270+0000] {subprocess.py:106} INFO - 25/12/16 03:29:51 INFO TaskSetManager: Starting task 23.0 in stage 31.0 (TID 290) (172.18.0.7, executor 0, partition 23, PROCESS_LOCAL, 7356 bytes)
[2025-12-16T03:29:51.271+0000] {subprocess.py:106} INFO - 25/12/16 03:29:51 INFO TaskSetManager: Finished task 2.0 in stage 31.0 (TID 270) in 179 ms on 172.18.0.7 (executor 0) (8/50)
[2025-12-16T03:29:51.272+0000] {subprocess.py:106} INFO - 25/12/16 03:29:51 INFO TaskSetManager: Finished task 1.0 in stage 31.0 (TID 269) in 179 ms on 172.18.0.7 (executor 0) (9/50)
[2025-12-16T03:29:51.274+0000] {subprocess.py:106} INFO - 25/12/16 03:29:51 INFO TaskSetManager: Starting task 24.0 in stage 31.0 (TID 291) (172.18.0.7, executor 0, partition 24, PROCESS_LOCAL, 7356 bytes)
[2025-12-16T03:29:51.275+0000] {subprocess.py:106} INFO - 25/12/16 03:29:51 INFO TaskSetManager: Finished task 19.0 in stage 31.0 (TID 266) in 182 ms on 172.18.0.7 (executor 0) (10/50)
[2025-12-16T03:29:51.276+0000] {subprocess.py:106} INFO - 25/12/16 03:29:51 INFO TaskSetManager: Starting task 25.0 in stage 31.0 (TID 292) (172.18.0.7, executor 0, partition 25, PROCESS_LOCAL, 7356 bytes)
[2025-12-16T03:29:51.277+0000] {subprocess.py:106} INFO - 25/12/16 03:29:51 INFO TaskSetManager: Starting task 26.0 in stage 31.0 (TID 293) (172.18.0.7, executor 0, partition 26, PROCESS_LOCAL, 7356 bytes)
[2025-12-16T03:29:51.278+0000] {subprocess.py:106} INFO - 25/12/16 03:29:51 INFO TaskSetManager: Starting task 27.0 in stage 31.0 (TID 294) (172.18.0.7, executor 0, partition 27, PROCESS_LOCAL, 7356 bytes)
[2025-12-16T03:29:51.279+0000] {subprocess.py:106} INFO - 25/12/16 03:29:51 INFO TaskSetManager: Finished task 11.0 in stage 31.0 (TID 279) in 189 ms on 172.18.0.7 (executor 0) (11/50)
[2025-12-16T03:29:51.279+0000] {subprocess.py:106} INFO - 25/12/16 03:29:51 INFO TaskSetManager: Finished task 13.0 in stage 31.0 (TID 281) in 190 ms on 172.18.0.7 (executor 0) (12/50)
[2025-12-16T03:29:51.280+0000] {subprocess.py:106} INFO - 25/12/16 03:29:51 INFO TaskSetManager: Finished task 42.0 in stage 31.0 (TID 267) in 194 ms on 172.18.0.7 (executor 0) (13/50)
[2025-12-16T03:29:51.280+0000] {subprocess.py:106} INFO - 25/12/16 03:29:51 INFO TaskSetManager: Starting task 28.0 in stage 31.0 (TID 295) (172.18.0.7, executor 0, partition 28, PROCESS_LOCAL, 7356 bytes)
[2025-12-16T03:29:51.281+0000] {subprocess.py:106} INFO - 25/12/16 03:29:51 INFO TaskSetManager: Starting task 29.0 in stage 31.0 (TID 296) (172.18.0.7, executor 0, partition 29, PROCESS_LOCAL, 7356 bytes)
[2025-12-16T03:29:51.282+0000] {subprocess.py:106} INFO - 25/12/16 03:29:51 INFO TaskSetManager: Finished task 8.0 in stage 31.0 (TID 276) in 195 ms on 172.18.0.7 (executor 0) (14/50)
[2025-12-16T03:29:51.285+0000] {subprocess.py:106} INFO - 25/12/16 03:29:51 INFO TaskSetManager: Starting task 30.0 in stage 31.0 (TID 297) (172.18.0.7, executor 0, partition 30, PROCESS_LOCAL, 7356 bytes)
[2025-12-16T03:29:51.287+0000] {subprocess.py:106} INFO - 25/12/16 03:29:51 INFO TaskSetManager: Finished task 0.0 in stage 31.0 (TID 268) in 197 ms on 172.18.0.7 (executor 0) (15/50)
[2025-12-16T03:29:51.288+0000] {subprocess.py:106} INFO - 25/12/16 03:29:51 INFO TaskSetManager: Finished task 4.0 in stage 31.0 (TID 272) in 197 ms on 172.18.0.7 (executor 0) (16/50)
[2025-12-16T03:29:51.323+0000] {subprocess.py:106} INFO - 25/12/16 03:29:51 INFO BlockManagerInfo: Added rdd_99_14 in memory on 172.18.0.7:41729 (size: 46.0 B, free: 434.1 MiB)
[2025-12-16T03:29:51.327+0000] {subprocess.py:106} INFO - 25/12/16 03:29:51 INFO BlockManagerInfo: Added rdd_99_15 in memory on 172.18.0.7:41729 (size: 46.0 B, free: 434.1 MiB)
[2025-12-16T03:29:51.328+0000] {subprocess.py:106} INFO - 25/12/16 03:29:51 INFO BlockManagerInfo: Added rdd_99_16 in memory on 172.18.0.7:41729 (size: 46.0 B, free: 434.1 MiB)
[2025-12-16T03:29:51.337+0000] {subprocess.py:106} INFO - 25/12/16 03:29:51 INFO BlockManagerInfo: Added rdd_99_25 in memory on 172.18.0.7:41729 (size: 46.0 B, free: 434.1 MiB)
[2025-12-16T03:29:51.342+0000] {subprocess.py:106} INFO - 25/12/16 03:29:51 INFO BlockManagerInfo: Added rdd_99_22 in memory on 172.18.0.7:41729 (size: 46.0 B, free: 434.1 MiB)
[2025-12-16T03:29:51.343+0000] {subprocess.py:106} INFO - 25/12/16 03:29:51 INFO BlockManagerInfo: Added rdd_99_17 in memory on 172.18.0.7:41729 (size: 46.0 B, free: 434.1 MiB)
[2025-12-16T03:29:51.344+0000] {subprocess.py:106} INFO - 25/12/16 03:29:51 INFO BlockManagerInfo: Added rdd_99_20 in memory on 172.18.0.7:41729 (size: 46.0 B, free: 434.1 MiB)
[2025-12-16T03:29:51.351+0000] {subprocess.py:106} INFO - 25/12/16 03:29:51 INFO BlockManagerInfo: Added rdd_99_26 in memory on 172.18.0.7:41729 (size: 46.0 B, free: 434.1 MiB)
[2025-12-16T03:29:51.352+0000] {subprocess.py:106} INFO - 25/12/16 03:29:51 INFO BlockManagerInfo: Added rdd_99_21 in memory on 172.18.0.7:41729 (size: 46.0 B, free: 434.1 MiB)
[2025-12-16T03:29:51.354+0000] {subprocess.py:106} INFO - 25/12/16 03:29:51 INFO BlockManagerInfo: Added rdd_99_18 in memory on 172.18.0.7:41729 (size: 46.0 B, free: 434.1 MiB)
[2025-12-16T03:29:51.355+0000] {subprocess.py:106} INFO - 25/12/16 03:29:51 INFO BlockManagerInfo: Added rdd_99_24 in memory on 172.18.0.7:41729 (size: 46.0 B, free: 434.1 MiB)
[2025-12-16T03:29:51.356+0000] {subprocess.py:106} INFO - 25/12/16 03:29:51 INFO BlockManagerInfo: Added rdd_99_30 in memory on 172.18.0.7:41729 (size: 46.0 B, free: 434.1 MiB)
[2025-12-16T03:29:51.373+0000] {subprocess.py:106} INFO - 25/12/16 03:29:51 INFO TaskSetManager: Starting task 31.0 in stage 31.0 (TID 298) (172.18.0.7, executor 0, partition 31, PROCESS_LOCAL, 7356 bytes)
[2025-12-16T03:29:51.374+0000] {subprocess.py:106} INFO - 25/12/16 03:29:51 INFO BlockManagerInfo: Added rdd_99_23 in memory on 172.18.0.7:41729 (size: 46.0 B, free: 434.1 MiB)
[2025-12-16T03:29:51.381+0000] {subprocess.py:106} INFO - 25/12/16 03:29:51 INFO TaskSetManager: Finished task 15.0 in stage 31.0 (TID 283) in 134 ms on 172.18.0.7 (executor 0) (17/50)
[2025-12-16T03:29:51.382+0000] {subprocess.py:106} INFO - 25/12/16 03:29:51 INFO TaskSetManager: Starting task 32.0 in stage 31.0 (TID 299) (172.18.0.7, executor 0, partition 32, PROCESS_LOCAL, 7356 bytes)
[2025-12-16T03:29:51.383+0000] {subprocess.py:106} INFO - 25/12/16 03:29:51 INFO TaskSetManager: Starting task 33.0 in stage 31.0 (TID 300) (172.18.0.7, executor 0, partition 33, PROCESS_LOCAL, 7356 bytes)
[2025-12-16T03:29:51.384+0000] {subprocess.py:106} INFO - 25/12/16 03:29:51 INFO BlockManagerInfo: Added rdd_99_27 in memory on 172.18.0.7:41729 (size: 46.0 B, free: 434.1 MiB)
[2025-12-16T03:29:51.386+0000] {subprocess.py:106} INFO - 25/12/16 03:29:51 INFO TaskSetManager: Finished task 22.0 in stage 31.0 (TID 289) in 126 ms on 172.18.0.7 (executor 0) (18/50)
[2025-12-16T03:29:51.393+0000] {subprocess.py:106} INFO - 25/12/16 03:29:51 INFO TaskSetManager: Finished task 14.0 in stage 31.0 (TID 282) in 150 ms on 172.18.0.7 (executor 0) (19/50)
[2025-12-16T03:29:51.395+0000] {subprocess.py:106} INFO - 25/12/16 03:29:51 INFO TaskSetManager: Starting task 34.0 in stage 31.0 (TID 301) (172.18.0.7, executor 0, partition 34, PROCESS_LOCAL, 7356 bytes)
[2025-12-16T03:29:51.398+0000] {subprocess.py:106} INFO - 25/12/16 03:29:51 INFO TaskSetManager: Finished task 20.0 in stage 31.0 (TID 287) in 131 ms on 172.18.0.7 (executor 0) (20/50)
[2025-12-16T03:29:51.399+0000] {subprocess.py:106} INFO - 25/12/16 03:29:51 INFO TaskSetManager: Starting task 35.0 in stage 31.0 (TID 302) (172.18.0.7, executor 0, partition 35, PROCESS_LOCAL, 7356 bytes)
[2025-12-16T03:29:51.400+0000] {subprocess.py:106} INFO - 25/12/16 03:29:51 INFO TaskSetManager: Finished task 17.0 in stage 31.0 (TID 285) in 143 ms on 172.18.0.7 (executor 0) (21/50)
[2025-12-16T03:29:51.401+0000] {subprocess.py:106} INFO - 25/12/16 03:29:51 INFO TaskSetManager: Starting task 36.0 in stage 31.0 (TID 303) (172.18.0.7, executor 0, partition 36, PROCESS_LOCAL, 7356 bytes)
[2025-12-16T03:29:51.403+0000] {subprocess.py:106} INFO - 25/12/16 03:29:51 INFO TaskSetManager: Finished task 25.0 in stage 31.0 (TID 292) in 119 ms on 172.18.0.7 (executor 0) (22/50)
[2025-12-16T03:29:51.404+0000] {subprocess.py:106} INFO - 25/12/16 03:29:51 INFO TaskSetManager: Starting task 37.0 in stage 31.0 (TID 304) (172.18.0.7, executor 0, partition 37, PROCESS_LOCAL, 7356 bytes)
[2025-12-16T03:29:51.405+0000] {subprocess.py:106} INFO - 25/12/16 03:29:51 INFO TaskSetManager: Starting task 38.0 in stage 31.0 (TID 305) (172.18.0.7, executor 0, partition 38, PROCESS_LOCAL, 7356 bytes)
[2025-12-16T03:29:51.406+0000] {subprocess.py:106} INFO - 25/12/16 03:29:51 INFO TaskSetManager: Finished task 26.0 in stage 31.0 (TID 293) in 123 ms on 172.18.0.7 (executor 0) (23/50)
[2025-12-16T03:29:51.407+0000] {subprocess.py:106} INFO - 25/12/16 03:29:51 INFO TaskSetManager: Finished task 16.0 in stage 31.0 (TID 284) in 155 ms on 172.18.0.7 (executor 0) (24/50)
[2025-12-16T03:29:51.413+0000] {subprocess.py:106} INFO - 25/12/16 03:29:51 INFO TaskSetManager: Starting task 39.0 in stage 31.0 (TID 306) (172.18.0.7, executor 0, partition 39, PROCESS_LOCAL, 7356 bytes)
[2025-12-16T03:29:51.415+0000] {subprocess.py:106} INFO - 25/12/16 03:29:51 INFO TaskSetManager: Finished task 23.0 in stage 31.0 (TID 290) in 152 ms on 172.18.0.7 (executor 0) (25/50)
[2025-12-16T03:29:51.416+0000] {subprocess.py:106} INFO - 25/12/16 03:29:51 INFO BlockManagerInfo: Added rdd_99_29 in memory on 172.18.0.7:41729 (size: 46.0 B, free: 434.1 MiB)
[2025-12-16T03:29:51.417+0000] {subprocess.py:106} INFO - 25/12/16 03:29:51 INFO TaskSetManager: Starting task 40.0 in stage 31.0 (TID 307) (172.18.0.7, executor 0, partition 40, PROCESS_LOCAL, 7356 bytes)
[2025-12-16T03:29:51.418+0000] {subprocess.py:106} INFO - 25/12/16 03:29:51 INFO BlockManagerInfo: Added rdd_99_28 in memory on 172.18.0.7:41729 (size: 46.0 B, free: 434.1 MiB)
[2025-12-16T03:29:51.420+0000] {subprocess.py:106} INFO - 25/12/16 03:29:51 INFO TaskSetManager: Starting task 41.0 in stage 31.0 (TID 308) (172.18.0.7, executor 0, partition 41, PROCESS_LOCAL, 7356 bytes)
[2025-12-16T03:29:51.421+0000] {subprocess.py:106} INFO - 25/12/16 03:29:51 INFO TaskSetManager: Starting task 43.0 in stage 31.0 (TID 309) (172.18.0.7, executor 0, partition 43, PROCESS_LOCAL, 7356 bytes)
[2025-12-16T03:29:51.422+0000] {subprocess.py:106} INFO - 25/12/16 03:29:51 INFO TaskSetManager: Finished task 21.0 in stage 31.0 (TID 288) in 159 ms on 172.18.0.7 (executor 0) (26/50)
[2025-12-16T03:29:51.423+0000] {subprocess.py:106} INFO - 25/12/16 03:29:51 INFO TaskSetManager: Finished task 18.0 in stage 31.0 (TID 286) in 165 ms on 172.18.0.7 (executor 0) (27/50)
[2025-12-16T03:29:51.424+0000] {subprocess.py:106} INFO - 25/12/16 03:29:51 INFO TaskSetManager: Finished task 24.0 in stage 31.0 (TID 291) in 158 ms on 172.18.0.7 (executor 0) (28/50)
[2025-12-16T03:29:51.425+0000] {subprocess.py:106} INFO - 25/12/16 03:29:51 INFO TaskSetManager: Starting task 44.0 in stage 31.0 (TID 310) (172.18.0.7, executor 0, partition 44, PROCESS_LOCAL, 7356 bytes)
[2025-12-16T03:29:51.430+0000] {subprocess.py:106} INFO - 25/12/16 03:29:51 INFO TaskSetManager: Finished task 30.0 in stage 31.0 (TID 297) in 150 ms on 172.18.0.7 (executor 0) (29/50)
[2025-12-16T03:29:51.458+0000] {subprocess.py:106} INFO - 25/12/16 03:29:51 INFO BlockManagerInfo: Added rdd_99_31 in memory on 172.18.0.7:41729 (size: 46.0 B, free: 434.1 MiB)
[2025-12-16T03:29:51.464+0000] {subprocess.py:106} INFO - 25/12/16 03:29:51 INFO TaskSetManager: Starting task 45.0 in stage 31.0 (TID 311) (172.18.0.7, executor 0, partition 45, PROCESS_LOCAL, 7356 bytes)
[2025-12-16T03:29:51.468+0000] {subprocess.py:106} INFO - 25/12/16 03:29:51 INFO TaskSetManager: Finished task 28.0 in stage 31.0 (TID 295) in 191 ms on 172.18.0.7 (executor 0) (30/50)
[2025-12-16T03:29:51.469+0000] {subprocess.py:106} INFO - 25/12/16 03:29:51 INFO BlockManagerInfo: Added rdd_99_34 in memory on 172.18.0.7:41729 (size: 46.0 B, free: 434.1 MiB)
[2025-12-16T03:29:51.482+0000] {subprocess.py:106} INFO - 25/12/16 03:29:51 INFO TaskSetManager: Starting task 46.0 in stage 31.0 (TID 312) (172.18.0.7, executor 0, partition 46, PROCESS_LOCAL, 7356 bytes)
[2025-12-16T03:29:51.483+0000] {subprocess.py:106} INFO - 25/12/16 03:29:51 INFO TaskSetManager: Finished task 29.0 in stage 31.0 (TID 296) in 199 ms on 172.18.0.7 (executor 0) (31/50)
[2025-12-16T03:29:51.486+0000] {subprocess.py:106} INFO - 25/12/16 03:29:51 INFO BlockManagerInfo: Added rdd_99_32 in memory on 172.18.0.7:41729 (size: 46.0 B, free: 434.1 MiB)
[2025-12-16T03:29:51.487+0000] {subprocess.py:106} INFO - 25/12/16 03:29:51 INFO BlockManagerInfo: Added rdd_99_33 in memory on 172.18.0.7:41729 (size: 46.0 B, free: 434.1 MiB)
[2025-12-16T03:29:51.491+0000] {subprocess.py:106} INFO - 25/12/16 03:29:51 INFO TaskSetManager: Starting task 47.0 in stage 31.0 (TID 313) (172.18.0.7, executor 0, partition 47, PROCESS_LOCAL, 7356 bytes)
[2025-12-16T03:29:51.492+0000] {subprocess.py:106} INFO - 25/12/16 03:29:51 INFO TaskSetManager: Finished task 27.0 in stage 31.0 (TID 294) in 220 ms on 172.18.0.7 (executor 0) (32/50)
[2025-12-16T03:29:51.498+0000] {subprocess.py:106} INFO - 25/12/16 03:29:51 INFO BlockManagerInfo: Added rdd_99_38 in memory on 172.18.0.7:41729 (size: 46.0 B, free: 434.1 MiB)
[2025-12-16T03:29:51.499+0000] {subprocess.py:106} INFO - 25/12/16 03:29:51 INFO BlockManagerInfo: Added rdd_99_43 in memory on 172.18.0.7:41729 (size: 46.0 B, free: 434.1 MiB)
[2025-12-16T03:29:51.501+0000] {subprocess.py:106} INFO - 25/12/16 03:29:51 INFO BlockManagerInfo: Added rdd_99_36 in memory on 172.18.0.7:41729 (size: 46.0 B, free: 434.1 MiB)
[2025-12-16T03:29:51.502+0000] {subprocess.py:106} INFO - 25/12/16 03:29:51 INFO TaskSetManager: Starting task 48.0 in stage 31.0 (TID 314) (172.18.0.7, executor 0, partition 48, PROCESS_LOCAL, 7356 bytes)
[2025-12-16T03:29:51.503+0000] {subprocess.py:106} INFO - 25/12/16 03:29:51 INFO TaskSetManager: Finished task 31.0 in stage 31.0 (TID 298) in 131 ms on 172.18.0.7 (executor 0) (33/50)
[2025-12-16T03:29:51.504+0000] {subprocess.py:106} INFO - 25/12/16 03:29:51 INFO TaskSetManager: Finished task 34.0 in stage 31.0 (TID 301) in 115 ms on 172.18.0.7 (executor 0) (34/50)
[2025-12-16T03:29:51.504+0000] {subprocess.py:106} INFO - 25/12/16 03:29:51 INFO TaskSetManager: Starting task 49.0 in stage 31.0 (TID 315) (172.18.0.7, executor 0, partition 49, PROCESS_LOCAL, 7356 bytes)
[2025-12-16T03:29:51.529+0000] {subprocess.py:106} INFO - 25/12/16 03:29:51 INFO BlockManagerInfo: Added rdd_99_39 in memory on 172.18.0.7:41729 (size: 46.0 B, free: 434.1 MiB)
[2025-12-16T03:29:51.531+0000] {subprocess.py:106} INFO - 25/12/16 03:29:51 INFO BlockManagerInfo: Added rdd_99_37 in memory on 172.18.0.7:41729 (size: 46.0 B, free: 434.1 MiB)
[2025-12-16T03:29:51.534+0000] {subprocess.py:106} INFO - 25/12/16 03:29:51 INFO BlockManagerInfo: Added rdd_99_35 in memory on 172.18.0.7:41729 (size: 46.0 B, free: 434.1 MiB)
[2025-12-16T03:29:51.536+0000] {subprocess.py:106} INFO - 25/12/16 03:29:51 INFO BlockManagerInfo: Added rdd_99_40 in memory on 172.18.0.7:41729 (size: 46.0 B, free: 434.1 MiB)
[2025-12-16T03:29:51.541+0000] {subprocess.py:106} INFO - 25/12/16 03:29:51 INFO TaskSetManager: Finished task 32.0 in stage 31.0 (TID 299) in 160 ms on 172.18.0.7 (executor 0) (35/50)
[2025-12-16T03:29:51.554+0000] {subprocess.py:106} INFO - 25/12/16 03:29:51 INFO TaskSetManager: Finished task 43.0 in stage 31.0 (TID 309) in 136 ms on 172.18.0.7 (executor 0) (36/50)
[2025-12-16T03:29:51.558+0000] {subprocess.py:106} INFO - 25/12/16 03:29:51 INFO TaskSetManager: Finished task 38.0 in stage 31.0 (TID 305) in 159 ms on 172.18.0.7 (executor 0) (37/50)
[2025-12-16T03:29:51.562+0000] {subprocess.py:106} INFO - 25/12/16 03:29:51 INFO BlockManagerInfo: Added rdd_99_41 in memory on 172.18.0.7:41729 (size: 46.0 B, free: 434.1 MiB)
[2025-12-16T03:29:51.563+0000] {subprocess.py:106} INFO - 25/12/16 03:29:51 INFO TaskSetManager: Finished task 35.0 in stage 31.0 (TID 302) in 174 ms on 172.18.0.7 (executor 0) (38/50)
[2025-12-16T03:29:51.565+0000] {subprocess.py:106} INFO - 25/12/16 03:29:51 INFO TaskSetManager: Finished task 33.0 in stage 31.0 (TID 300) in 179 ms on 172.18.0.7 (executor 0) (39/50)
[2025-12-16T03:29:51.566+0000] {subprocess.py:106} INFO - 25/12/16 03:29:51 INFO TaskSetManager: Finished task 36.0 in stage 31.0 (TID 303) in 174 ms on 172.18.0.7 (executor 0) (40/50)
[2025-12-16T03:29:51.568+0000] {subprocess.py:106} INFO - 25/12/16 03:29:51 INFO TaskSetManager: Finished task 37.0 in stage 31.0 (TID 304) in 178 ms on 172.18.0.7 (executor 0) (41/50)
[2025-12-16T03:29:51.570+0000] {subprocess.py:106} INFO - 25/12/16 03:29:51 INFO TaskSetManager: Finished task 39.0 in stage 31.0 (TID 306) in 160 ms on 172.18.0.7 (executor 0) (42/50)
[2025-12-16T03:29:51.573+0000] {subprocess.py:106} INFO - 25/12/16 03:29:51 INFO BlockManagerInfo: Added rdd_99_45 in memory on 172.18.0.7:41729 (size: 46.0 B, free: 434.1 MiB)
[2025-12-16T03:29:51.574+0000] {subprocess.py:106} INFO - 25/12/16 03:29:51 INFO BlockManagerInfo: Added rdd_99_44 in memory on 172.18.0.7:41729 (size: 46.0 B, free: 434.1 MiB)
[2025-12-16T03:29:51.575+0000] {subprocess.py:106} INFO - 25/12/16 03:29:51 INFO BlockManagerInfo: Added rdd_99_46 in memory on 172.18.0.7:41729 (size: 46.0 B, free: 434.1 MiB)
[2025-12-16T03:29:51.579+0000] {subprocess.py:106} INFO - 25/12/16 03:29:51 INFO TaskSetManager: Finished task 40.0 in stage 31.0 (TID 307) in 167 ms on 172.18.0.7 (executor 0) (43/50)
[2025-12-16T03:29:51.580+0000] {subprocess.py:106} INFO - 25/12/16 03:29:51 INFO BlockManagerInfo: Added rdd_99_49 in memory on 172.18.0.7:41729 (size: 46.0 B, free: 434.1 MiB)
[2025-12-16T03:29:51.584+0000] {subprocess.py:106} INFO - 25/12/16 03:29:51 INFO BlockManagerInfo: Added rdd_99_47 in memory on 172.18.0.7:41729 (size: 46.0 B, free: 434.1 MiB)
[2025-12-16T03:29:51.585+0000] {subprocess.py:106} INFO - 25/12/16 03:29:51 INFO BlockManagerInfo: Added rdd_99_48 in memory on 172.18.0.7:41729 (size: 46.0 B, free: 434.1 MiB)
[2025-12-16T03:29:51.587+0000] {subprocess.py:106} INFO - 25/12/16 03:29:51 INFO TaskSetManager: Finished task 41.0 in stage 31.0 (TID 308) in 175 ms on 172.18.0.7 (executor 0) (44/50)
[2025-12-16T03:29:51.598+0000] {subprocess.py:106} INFO - 25/12/16 03:29:51 INFO TaskSetManager: Finished task 44.0 in stage 31.0 (TID 310) in 177 ms on 172.18.0.7 (executor 0) (45/50)
[2025-12-16T03:29:51.599+0000] {subprocess.py:106} INFO - 25/12/16 03:29:51 INFO TaskSetManager: Finished task 45.0 in stage 31.0 (TID 311) in 136 ms on 172.18.0.7 (executor 0) (46/50)
[2025-12-16T03:29:51.600+0000] {subprocess.py:106} INFO - 25/12/16 03:29:51 INFO TaskSetManager: Finished task 46.0 in stage 31.0 (TID 312) in 127 ms on 172.18.0.7 (executor 0) (47/50)
[2025-12-16T03:29:51.604+0000] {subprocess.py:106} INFO - 25/12/16 03:29:51 INFO TaskSetManager: Finished task 49.0 in stage 31.0 (TID 315) in 102 ms on 172.18.0.7 (executor 0) (48/50)
[2025-12-16T03:29:51.606+0000] {subprocess.py:106} INFO - 25/12/16 03:29:51 INFO TaskSetManager: Finished task 47.0 in stage 31.0 (TID 313) in 117 ms on 172.18.0.7 (executor 0) (49/50)
[2025-12-16T03:29:51.607+0000] {subprocess.py:106} INFO - 25/12/16 03:29:51 INFO TaskSetManager: Finished task 48.0 in stage 31.0 (TID 314) in 108 ms on 172.18.0.7 (executor 0) (50/50)
[2025-12-16T03:29:51.608+0000] {subprocess.py:106} INFO - 25/12/16 03:29:51 INFO TaskSchedulerImpl: Removed TaskSet 31.0, whose tasks have all completed, from pool
[2025-12-16T03:29:51.609+0000] {subprocess.py:106} INFO - 25/12/16 03:29:51 INFO DAGScheduler: ShuffleMapStage 31 ($anonfun$recordDeltaOperationInternal$1 at DatabricksLogging.scala:128) finished in 0.562 s
[2025-12-16T03:29:51.610+0000] {subprocess.py:106} INFO - 25/12/16 03:29:51 INFO DAGScheduler: looking for newly runnable stages
[2025-12-16T03:29:51.610+0000] {subprocess.py:106} INFO - 25/12/16 03:29:51 INFO DAGScheduler: running: Set()
[2025-12-16T03:29:51.611+0000] {subprocess.py:106} INFO - 25/12/16 03:29:51 INFO DAGScheduler: waiting: Set()
[2025-12-16T03:29:51.611+0000] {subprocess.py:106} INFO - 25/12/16 03:29:51 INFO DAGScheduler: failed: Set()
[2025-12-16T03:29:51.640+0000] {subprocess.py:106} INFO - 25/12/16 03:29:51 INFO BlockManagerInfo: Removed broadcast_34_piece0 on 3ad9a82189be:37965 in memory (size: 123.3 KiB, free: 434.1 MiB)
[2025-12-16T03:29:51.643+0000] {subprocess.py:106} INFO - 25/12/16 03:29:51 INFO BlockManagerInfo: Removed broadcast_34_piece0 on 172.18.0.7:41729 in memory (size: 123.3 KiB, free: 434.2 MiB)
[2025-12-16T03:29:51.647+0000] {subprocess.py:106} INFO - 25/12/16 03:29:51 INFO SparkContext: Starting job: $anonfun$recordDeltaOperationInternal$1 at DatabricksLogging.scala:128
[2025-12-16T03:29:51.650+0000] {subprocess.py:106} INFO - 25/12/16 03:29:51 INFO DAGScheduler: Got job 22 ($anonfun$recordDeltaOperationInternal$1 at DatabricksLogging.scala:128) with 1 output partitions
[2025-12-16T03:29:51.651+0000] {subprocess.py:106} INFO - 25/12/16 03:29:51 INFO DAGScheduler: Final stage: ResultStage 34 ($anonfun$recordDeltaOperationInternal$1 at DatabricksLogging.scala:128)
[2025-12-16T03:29:51.652+0000] {subprocess.py:106} INFO - 25/12/16 03:29:51 INFO DAGScheduler: Parents of final stage: List(ShuffleMapStage 33)
[2025-12-16T03:29:51.653+0000] {subprocess.py:106} INFO - 25/12/16 03:29:51 INFO DAGScheduler: Missing parents: List()
[2025-12-16T03:29:51.653+0000] {subprocess.py:106} INFO - 25/12/16 03:29:51 INFO DAGScheduler: Submitting ResultStage 34 (MapPartitionsRDD[105] at $anonfun$recordDeltaOperationInternal$1 at DatabricksLogging.scala:128), which has no missing parents
[2025-12-16T03:29:51.657+0000] {subprocess.py:106} INFO - 25/12/16 03:29:51 INFO MemoryStore: Block broadcast_35 stored as values in memory (estimated size 452.4 KiB, free 431.8 MiB)
[2025-12-16T03:29:51.660+0000] {subprocess.py:106} INFO - 25/12/16 03:29:51 INFO MemoryStore: Block broadcast_35_piece0 stored as bytes in memory (estimated size 108.1 KiB, free 431.7 MiB)
[2025-12-16T03:29:51.661+0000] {subprocess.py:106} INFO - 25/12/16 03:29:51 INFO BlockManagerInfo: Added broadcast_35_piece0 in memory on 3ad9a82189be:37965 (size: 108.1 KiB, free: 434.0 MiB)
[2025-12-16T03:29:51.661+0000] {subprocess.py:106} INFO - 25/12/16 03:29:51 INFO SparkContext: Created broadcast 35 from broadcast at DAGScheduler.scala:1535
[2025-12-16T03:29:51.662+0000] {subprocess.py:106} INFO - 25/12/16 03:29:51 INFO DAGScheduler: Submitting 1 missing tasks from ResultStage 34 (MapPartitionsRDD[105] at $anonfun$recordDeltaOperationInternal$1 at DatabricksLogging.scala:128) (first 15 tasks are for partitions Vector(0))
[2025-12-16T03:29:51.663+0000] {subprocess.py:106} INFO - 25/12/16 03:29:51 INFO TaskSchedulerImpl: Adding task set 34.0 with 1 tasks resource profile 0
[2025-12-16T03:29:51.663+0000] {subprocess.py:106} INFO - 25/12/16 03:29:51 INFO TaskSetManager: Starting task 0.0 in stage 34.0 (TID 316) (172.18.0.7, executor 0, partition 0, NODE_LOCAL, 7367 bytes)
[2025-12-16T03:29:51.674+0000] {subprocess.py:106} INFO - 25/12/16 03:29:51 INFO BlockManagerInfo: Added broadcast_35_piece0 in memory on 172.18.0.7:41729 (size: 108.1 KiB, free: 434.1 MiB)
[2025-12-16T03:29:51.699+0000] {subprocess.py:106} INFO - 25/12/16 03:29:51 INFO MapOutputTrackerMasterEndpoint: Asked to send map output locations for shuffle 7 to 172.18.0.7:60316
[2025-12-16T03:29:51.736+0000] {subprocess.py:106} INFO - 25/12/16 03:29:51 INFO TaskSetManager: Finished task 0.0 in stage 34.0 (TID 316) in 73 ms on 172.18.0.7 (executor 0) (1/1)
[2025-12-16T03:29:51.737+0000] {subprocess.py:106} INFO - 25/12/16 03:29:51 INFO TaskSchedulerImpl: Removed TaskSet 34.0, whose tasks have all completed, from pool
[2025-12-16T03:29:51.738+0000] {subprocess.py:106} INFO - 25/12/16 03:29:51 INFO DAGScheduler: ResultStage 34 ($anonfun$recordDeltaOperationInternal$1 at DatabricksLogging.scala:128) finished in 0.086 s
[2025-12-16T03:29:51.739+0000] {subprocess.py:106} INFO - 25/12/16 03:29:51 INFO DAGScheduler: Job 22 is finished. Cancelling potential speculative or zombie tasks for this job
[2025-12-16T03:29:51.739+0000] {subprocess.py:106} INFO - 25/12/16 03:29:51 INFO TaskSchedulerImpl: Killing all running tasks in stage 34: Stage finished
[2025-12-16T03:29:51.740+0000] {subprocess.py:106} INFO - 25/12/16 03:29:51 INFO DAGScheduler: Job 22 finished: $anonfun$recordDeltaOperationInternal$1 at DatabricksLogging.scala:128, took 0.090410 s
[2025-12-16T03:29:51.746+0000] {subprocess.py:106} INFO - 25/12/16 03:29:51 INFO Snapshot: [tableId=16e4fe15-0e59-48b6-867e-459a77d1dfd5] DELTA: Done
[2025-12-16T03:29:51.748+0000] {subprocess.py:106} INFO - 25/12/16 03:29:51 INFO OptimisticTransaction: [tableId=c6236eba,txnId=44e76bf7] Committed delta #0 to s3a://gold/dim_customers/_delta_log
[2025-12-16T03:29:51.748+0000] {subprocess.py:106} INFO - --> [SUCCESS] Written dim_customers to s3a://gold/dim_customers
[2025-12-16T03:29:51.749+0000] {subprocess.py:106} INFO - Processing Dim Branches...
[2025-12-16T03:29:51.768+0000] {subprocess.py:106} INFO - 25/12/16 03:29:51 INFO DelegatingLogStore: LogStore `LogStoreAdapter(io.delta.storage.S3SingleDriverLogStore)` is used for scheme `s3a`
[2025-12-16T03:29:51.788+0000] {subprocess.py:106} INFO - 25/12/16 03:29:51 INFO DeltaLog: Loading version 0.
[2025-12-16T03:29:51.793+0000] {subprocess.py:106} INFO - 25/12/16 03:29:51 INFO DeltaLogFileIndex: Created DeltaLogFileIndex(JSON, numFilesInSegment: 1, totalFileSize: 1719)
[2025-12-16T03:29:51.819+0000] {subprocess.py:106} INFO - 25/12/16 03:29:51 INFO FileSourceStrategy: Pushed Filters:
[2025-12-16T03:29:51.819+0000] {subprocess.py:106} INFO - 25/12/16 03:29:51 INFO FileSourceStrategy: Post-Scan Filters:
[2025-12-16T03:29:51.832+0000] {subprocess.py:106} INFO - 25/12/16 03:29:51 INFO MemoryStore: Block broadcast_36 stored as values in memory (estimated size 212.9 KiB, free 431.5 MiB)
[2025-12-16T03:29:51.838+0000] {subprocess.py:106} INFO - 25/12/16 03:29:51 INFO MemoryStore: Block broadcast_36_piece0 stored as bytes in memory (estimated size 36.4 KiB, free 431.4 MiB)
[2025-12-16T03:29:51.838+0000] {subprocess.py:106} INFO - 25/12/16 03:29:51 INFO BlockManagerInfo: Added broadcast_36_piece0 in memory on 3ad9a82189be:37965 (size: 36.4 KiB, free: 433.9 MiB)
[2025-12-16T03:29:51.839+0000] {subprocess.py:106} INFO - 25/12/16 03:29:51 INFO SparkContext: Created broadcast 36 from toString at <unknown>:0
[2025-12-16T03:29:51.840+0000] {subprocess.py:106} INFO - 25/12/16 03:29:51 INFO FileSourceScanExec: Planning scan with bin packing, max size: 4194304 bytes, open cost is considered as scanning 4194304 bytes.
[2025-12-16T03:29:51.849+0000] {subprocess.py:106} INFO - 25/12/16 03:29:51 INFO SparkContext: Starting job: toString at <unknown>:0
[2025-12-16T03:29:51.850+0000] {subprocess.py:106} INFO - 25/12/16 03:29:51 INFO DAGScheduler: Got job 23 (toString at <unknown>:0) with 1 output partitions
[2025-12-16T03:29:51.850+0000] {subprocess.py:106} INFO - 25/12/16 03:29:51 INFO DAGScheduler: Final stage: ResultStage 35 (toString at <unknown>:0)
[2025-12-16T03:29:51.851+0000] {subprocess.py:106} INFO - 25/12/16 03:29:51 INFO DAGScheduler: Parents of final stage: List()
[2025-12-16T03:29:51.851+0000] {subprocess.py:106} INFO - 25/12/16 03:29:51 INFO DAGScheduler: Missing parents: List()
[2025-12-16T03:29:51.852+0000] {subprocess.py:106} INFO - 25/12/16 03:29:51 INFO DAGScheduler: Submitting ResultStage 35 (MapPartitionsRDD[109] at toString at <unknown>:0), which has no missing parents
[2025-12-16T03:29:51.852+0000] {subprocess.py:106} INFO - 25/12/16 03:29:51 INFO MemoryStore: Block broadcast_37 stored as values in memory (estimated size 50.4 KiB, free 431.4 MiB)
[2025-12-16T03:29:51.853+0000] {subprocess.py:106} INFO - 25/12/16 03:29:51 INFO MemoryStore: Block broadcast_37_piece0 stored as bytes in memory (estimated size 15.5 KiB, free 431.4 MiB)
[2025-12-16T03:29:51.854+0000] {subprocess.py:106} INFO - 25/12/16 03:29:51 INFO BlockManagerInfo: Added broadcast_37_piece0 in memory on 3ad9a82189be:37965 (size: 15.5 KiB, free: 433.9 MiB)
[2025-12-16T03:29:51.854+0000] {subprocess.py:106} INFO - 25/12/16 03:29:51 INFO SparkContext: Created broadcast 37 from broadcast at DAGScheduler.scala:1535
[2025-12-16T03:29:51.854+0000] {subprocess.py:106} INFO - 25/12/16 03:29:51 INFO DAGScheduler: Submitting 1 missing tasks from ResultStage 35 (MapPartitionsRDD[109] at toString at <unknown>:0) (first 15 tasks are for partitions Vector(0))
[2025-12-16T03:29:51.855+0000] {subprocess.py:106} INFO - 25/12/16 03:29:51 INFO TaskSchedulerImpl: Adding task set 35.0 with 1 tasks resource profile 0
[2025-12-16T03:29:51.855+0000] {subprocess.py:106} INFO - 25/12/16 03:29:51 INFO TaskSetManager: Starting task 0.0 in stage 35.0 (TID 317) (172.18.0.7, executor 0, partition 0, PROCESS_LOCAL, 7942 bytes)
[2025-12-16T03:29:51.865+0000] {subprocess.py:106} INFO - 25/12/16 03:29:51 INFO BlockManagerInfo: Added broadcast_37_piece0 in memory on 172.18.0.7:41729 (size: 15.5 KiB, free: 434.1 MiB)
[2025-12-16T03:29:51.876+0000] {subprocess.py:106} INFO - 25/12/16 03:29:51 INFO BlockManagerInfo: Added broadcast_36_piece0 in memory on 172.18.0.7:41729 (size: 36.4 KiB, free: 434.1 MiB)
[2025-12-16T03:29:51.902+0000] {subprocess.py:106} INFO - 25/12/16 03:29:51 INFO TaskSetManager: Finished task 0.0 in stage 35.0 (TID 317) in 46 ms on 172.18.0.7 (executor 0) (1/1)
[2025-12-16T03:29:51.903+0000] {subprocess.py:106} INFO - 25/12/16 03:29:51 INFO TaskSchedulerImpl: Removed TaskSet 35.0, whose tasks have all completed, from pool
[2025-12-16T03:29:51.903+0000] {subprocess.py:106} INFO - 25/12/16 03:29:51 INFO DAGScheduler: ResultStage 35 (toString at <unknown>:0) finished in 0.050 s
[2025-12-16T03:29:51.904+0000] {subprocess.py:106} INFO - 25/12/16 03:29:51 INFO DAGScheduler: Job 23 is finished. Cancelling potential speculative or zombie tasks for this job
[2025-12-16T03:29:51.904+0000] {subprocess.py:106} INFO - 25/12/16 03:29:51 INFO TaskSchedulerImpl: Killing all running tasks in stage 35: Stage finished
[2025-12-16T03:29:51.905+0000] {subprocess.py:106} INFO - 25/12/16 03:29:51 INFO DAGScheduler: Job 23 finished: toString at <unknown>:0, took 0.054085 s
[2025-12-16T03:29:51.909+0000] {subprocess.py:106} INFO - 25/12/16 03:29:51 INFO Snapshot: [tableId=16dd9086-cc11-4cd2-b95c-125c4418ca6b] Created snapshot Snapshot(path=s3a://silver/branches/_delta_log, version=0, metadata=Metadata(271c68aa-1f86-4bb9-9025-4e95e7ec30d4,null,null,Format(parquet,Map()),{"type":"struct","fields":[{"name":"branch_id","type":"string","nullable":true,"metadata":{}},{"name":"branch_name","type":"string","nullable":true,"metadata":{}},{"name":"branch_type","type":"string","nullable":true,"metadata":{}},{"name":"status","type":"string","nullable":true,"metadata":{}},{"name":"etl_loaded_at","type":"timestamp","nullable":true,"metadata":{}}]},List(),Map(),Some(1765855005244)), logSegment=LogSegment(s3a://silver/branches/_delta_log,0,WrappedArray(S3AFileStatus{path=s3a://silver/branches/_delta_log/00000000000000000000.json; isDirectory=false; length=1719; replication=1; blocksize=33554432; modification_time=1765855016106; access_time=0; owner=root; group=root; permission=rw-rw-rw-; isSymlink=false; hasAcl=false; isEncrypted=true; isErasureCoded=false} isEmptyDirectory=FALSE eTag=dcad6394ec0a1b9c67e112c851d8d3f8 versionId=null),None,1765855016106), checksumOpt=None)
[2025-12-16T03:29:51.952+0000] {subprocess.py:106} INFO - 25/12/16 03:29:51 INFO BlockManagerInfo: Removed broadcast_37_piece0 on 3ad9a82189be:37965 in memory (size: 15.5 KiB, free: 433.9 MiB)
[2025-12-16T03:29:51.954+0000] {subprocess.py:106} INFO - 25/12/16 03:29:51 INFO BlockManagerInfo: Removed broadcast_37_piece0 on 172.18.0.7:41729 in memory (size: 15.5 KiB, free: 434.1 MiB)
[2025-12-16T03:29:51.959+0000] {subprocess.py:106} INFO - 25/12/16 03:29:51 INFO BlockManagerInfo: Removed broadcast_35_piece0 on 3ad9a82189be:37965 in memory (size: 108.1 KiB, free: 434.0 MiB)
[2025-12-16T03:29:51.961+0000] {subprocess.py:106} INFO - 25/12/16 03:29:51 INFO BlockManagerInfo: Removed broadcast_35_piece0 on 172.18.0.7:41729 in memory (size: 108.1 KiB, free: 434.2 MiB)
[2025-12-16T03:29:51.965+0000] {subprocess.py:106} INFO - 25/12/16 03:29:51 INFO DelegatingLogStore: LogStore `LogStoreAdapter(io.delta.storage.S3SingleDriverLogStore)` is used for scheme `s3a`
[2025-12-16T03:29:51.978+0000] {subprocess.py:106} INFO - 25/12/16 03:29:51 INFO DeltaLog: Creating initial snapshot without metadata, because the directory is empty
[2025-12-16T03:29:51.979+0000] {subprocess.py:106} INFO - 25/12/16 03:29:51 INFO InitialSnapshot: [tableId=3116a2b2-e807-4e28-bfa5-956e90195f00] Created snapshot InitialSnapshot(path=s3a://gold/dim_branches/_delta_log, version=-1, metadata=Metadata(e1cccc6c-6e7f-44b6-8608-5ae933795cdd,null,null,Format(parquet,Map()),null,List(),Map(),Some(1765855791977)), logSegment=LogSegment(s3a://gold/dim_branches/_delta_log,-1,List(),None,-1), checksumOpt=None)
[2025-12-16T03:29:51.990+0000] {subprocess.py:106} INFO - 25/12/16 03:29:51 INFO DeltaLog: No delta log found for the Delta table at s3a://gold/dim_branches/_delta_log
[2025-12-16T03:29:51.991+0000] {subprocess.py:106} INFO - 25/12/16 03:29:51 INFO InitialSnapshot: [tableId=e1cccc6c-6e7f-44b6-8608-5ae933795cdd] Created snapshot InitialSnapshot(path=s3a://gold/dim_branches/_delta_log, version=-1, metadata=Metadata(f44013fb-5120-4a0b-b1ec-886fd1e4cc3f,null,null,Format(parquet,Map()),null,List(),Map(),Some(1765855791989)), logSegment=LogSegment(s3a://gold/dim_branches/_delta_log,-1,List(),None,-1), checksumOpt=None)
[2025-12-16T03:29:51.995+0000] {subprocess.py:106} INFO - 25/12/16 03:29:51 INFO OptimisticTransaction: [tableId=f44013fb,txnId=fb172aeb] Updated metadata from - to Metadata(85fe58c8-48ef-4a7e-a6a2-f52c2432683a,null,null,Format(parquet,Map()),{"type":"struct","fields":[{"name":"branch_key","type":"string","nullable":true,"metadata":{}},{"name":"branch_id","type":"string","nullable":true,"metadata":{}},{"name":"branch_name","type":"string","nullable":true,"metadata":{}},{"name":"branch_type","type":"string","nullable":true,"metadata":{}},{"name":"status","type":"string","nullable":true,"metadata":{}},{"name":"last_updated","type":"timestamp","nullable":true,"metadata":{}}]},List(),Map(),Some(1765855791991))
[2025-12-16T03:29:52.077+0000] {subprocess.py:106} INFO - 25/12/16 03:29:52 INFO PrepareDeltaScan: DELTA: Filtering files for query
[2025-12-16T03:29:52.078+0000] {subprocess.py:106} INFO - 25/12/16 03:29:52 INFO Snapshot: [tableId=271c68aa-1f86-4bb9-9025-4e95e7ec30d4] DELTA: Compute snapshot for version: 0
[2025-12-16T03:29:52.079+0000] {subprocess.py:106} INFO - 25/12/16 03:29:52 INFO MemoryStore: Block broadcast_38 stored as values in memory (estimated size 212.3 KiB, free 431.8 MiB)
[2025-12-16T03:29:52.085+0000] {subprocess.py:106} INFO - 25/12/16 03:29:52 INFO MemoryStore: Block broadcast_38_piece0 stored as bytes in memory (estimated size 36.3 KiB, free 431.7 MiB)
[2025-12-16T03:29:52.086+0000] {subprocess.py:106} INFO - 25/12/16 03:29:52 INFO BlockManagerInfo: Added broadcast_38_piece0 in memory on 3ad9a82189be:37965 (size: 36.3 KiB, free: 434.0 MiB)
[2025-12-16T03:29:52.086+0000] {subprocess.py:106} INFO - 25/12/16 03:29:52 INFO SparkContext: Created broadcast 38 from $anonfun$recordDeltaOperationInternal$1 at DatabricksLogging.scala:128
[2025-12-16T03:29:52.189+0000] {subprocess.py:106} INFO - 25/12/16 03:29:52 INFO FileSourceStrategy: Pushed Filters:
[2025-12-16T03:29:52.190+0000] {subprocess.py:106} INFO - 25/12/16 03:29:52 INFO FileSourceStrategy: Post-Scan Filters:
[2025-12-16T03:29:52.223+0000] {subprocess.py:106} INFO - 25/12/16 03:29:52 INFO MemoryStore: Block broadcast_39 stored as values in memory (estimated size 212.9 KiB, free 431.5 MiB)
[2025-12-16T03:29:52.228+0000] {subprocess.py:106} INFO - 25/12/16 03:29:52 INFO MemoryStore: Block broadcast_39_piece0 stored as bytes in memory (estimated size 36.4 KiB, free 431.5 MiB)
[2025-12-16T03:29:52.228+0000] {subprocess.py:106} INFO - 25/12/16 03:29:52 INFO BlockManagerInfo: Added broadcast_39_piece0 in memory on 3ad9a82189be:37965 (size: 36.4 KiB, free: 434.0 MiB)
[2025-12-16T03:29:52.229+0000] {subprocess.py:106} INFO - 25/12/16 03:29:52 INFO SparkContext: Created broadcast 39 from $anonfun$recordDeltaOperationInternal$1 at DatabricksLogging.scala:128
[2025-12-16T03:29:52.229+0000] {subprocess.py:106} INFO - 25/12/16 03:29:52 INFO FileSourceScanExec: Planning scan with bin packing, max size: 4194304 bytes, open cost is considered as scanning 4194304 bytes.
[2025-12-16T03:29:52.236+0000] {subprocess.py:106} INFO - 25/12/16 03:29:52 INFO DAGScheduler: Registering RDD 113 ($anonfun$recordDeltaOperationInternal$1 at DatabricksLogging.scala:128) as input to shuffle 8
[2025-12-16T03:29:52.237+0000] {subprocess.py:106} INFO - 25/12/16 03:29:52 INFO DAGScheduler: Got map stage job 24 ($anonfun$recordDeltaOperationInternal$1 at DatabricksLogging.scala:128) with 1 output partitions
[2025-12-16T03:29:52.237+0000] {subprocess.py:106} INFO - 25/12/16 03:29:52 INFO DAGScheduler: Final stage: ShuffleMapStage 36 ($anonfun$recordDeltaOperationInternal$1 at DatabricksLogging.scala:128)
[2025-12-16T03:29:52.238+0000] {subprocess.py:106} INFO - 25/12/16 03:29:52 INFO DAGScheduler: Parents of final stage: List()
[2025-12-16T03:29:52.238+0000] {subprocess.py:106} INFO - 25/12/16 03:29:52 INFO DAGScheduler: Missing parents: List()
[2025-12-16T03:29:52.238+0000] {subprocess.py:106} INFO - 25/12/16 03:29:52 INFO DAGScheduler: Submitting ShuffleMapStage 36 (MapPartitionsRDD[113] at $anonfun$recordDeltaOperationInternal$1 at DatabricksLogging.scala:128), which has no missing parents
[2025-12-16T03:29:52.240+0000] {subprocess.py:106} INFO - 25/12/16 03:29:52 INFO MemoryStore: Block broadcast_40 stored as values in memory (estimated size 138.3 KiB, free 431.3 MiB)
[2025-12-16T03:29:52.240+0000] {subprocess.py:106} INFO - 25/12/16 03:29:52 INFO MemoryStore: Block broadcast_40_piece0 stored as bytes in memory (estimated size 39.0 KiB, free 431.3 MiB)
[2025-12-16T03:29:52.241+0000] {subprocess.py:106} INFO - 25/12/16 03:29:52 INFO BlockManagerInfo: Added broadcast_40_piece0 in memory on 3ad9a82189be:37965 (size: 39.0 KiB, free: 433.9 MiB)
[2025-12-16T03:29:52.241+0000] {subprocess.py:106} INFO - 25/12/16 03:29:52 INFO SparkContext: Created broadcast 40 from broadcast at DAGScheduler.scala:1535
[2025-12-16T03:29:52.242+0000] {subprocess.py:106} INFO - 25/12/16 03:29:52 INFO DAGScheduler: Submitting 1 missing tasks from ShuffleMapStage 36 (MapPartitionsRDD[113] at $anonfun$recordDeltaOperationInternal$1 at DatabricksLogging.scala:128) (first 15 tasks are for partitions Vector(0))
[2025-12-16T03:29:52.242+0000] {subprocess.py:106} INFO - 25/12/16 03:29:52 INFO TaskSchedulerImpl: Adding task set 36.0 with 1 tasks resource profile 0
[2025-12-16T03:29:52.243+0000] {subprocess.py:106} INFO - 25/12/16 03:29:52 INFO TaskSetManager: Starting task 0.0 in stage 36.0 (TID 318) (172.18.0.7, executor 0, partition 0, PROCESS_LOCAL, 7931 bytes)
[2025-12-16T03:29:52.251+0000] {subprocess.py:106} INFO - 25/12/16 03:29:52 INFO BlockManagerInfo: Added broadcast_40_piece0 in memory on 172.18.0.7:41729 (size: 39.0 KiB, free: 434.1 MiB)
[2025-12-16T03:29:52.270+0000] {subprocess.py:106} INFO - 25/12/16 03:29:52 INFO BlockManagerInfo: Added broadcast_39_piece0 in memory on 172.18.0.7:41729 (size: 36.4 KiB, free: 434.1 MiB)
[2025-12-16T03:29:52.301+0000] {subprocess.py:106} INFO - 25/12/16 03:29:52 INFO TaskSetManager: Finished task 0.0 in stage 36.0 (TID 318) in 57 ms on 172.18.0.7 (executor 0) (1/1)
[2025-12-16T03:29:52.302+0000] {subprocess.py:106} INFO - 25/12/16 03:29:52 INFO TaskSchedulerImpl: Removed TaskSet 36.0, whose tasks have all completed, from pool
[2025-12-16T03:29:52.302+0000] {subprocess.py:106} INFO - 25/12/16 03:29:52 INFO DAGScheduler: ShuffleMapStage 36 ($anonfun$recordDeltaOperationInternal$1 at DatabricksLogging.scala:128) finished in 0.063 s
[2025-12-16T03:29:52.303+0000] {subprocess.py:106} INFO - 25/12/16 03:29:52 INFO DAGScheduler: looking for newly runnable stages
[2025-12-16T03:29:52.303+0000] {subprocess.py:106} INFO - 25/12/16 03:29:52 INFO DAGScheduler: running: Set()
[2025-12-16T03:29:52.304+0000] {subprocess.py:106} INFO - 25/12/16 03:29:52 INFO DAGScheduler: waiting: Set()
[2025-12-16T03:29:52.304+0000] {subprocess.py:106} INFO - 25/12/16 03:29:52 INFO DAGScheduler: failed: Set()
[2025-12-16T03:29:52.330+0000] {subprocess.py:106} INFO - 25/12/16 03:29:52 INFO BlockManagerInfo: Removed broadcast_40_piece0 on 3ad9a82189be:37965 in memory (size: 39.0 KiB, free: 434.0 MiB)
[2025-12-16T03:29:52.331+0000] {subprocess.py:106} INFO - 25/12/16 03:29:52 INFO BlockManagerInfo: Removed broadcast_40_piece0 on 172.18.0.7:41729 in memory (size: 39.0 KiB, free: 434.1 MiB)
[2025-12-16T03:29:52.434+0000] {subprocess.py:106} INFO - 25/12/16 03:29:52 INFO DAGScheduler: Registering RDD 123 ($anonfun$recordDeltaOperationInternal$1 at DatabricksLogging.scala:128) as input to shuffle 9
[2025-12-16T03:29:52.435+0000] {subprocess.py:106} INFO - 25/12/16 03:29:52 INFO DAGScheduler: Got map stage job 25 ($anonfun$recordDeltaOperationInternal$1 at DatabricksLogging.scala:128) with 50 output partitions
[2025-12-16T03:29:52.435+0000] {subprocess.py:106} INFO - 25/12/16 03:29:52 INFO DAGScheduler: Final stage: ShuffleMapStage 38 ($anonfun$recordDeltaOperationInternal$1 at DatabricksLogging.scala:128)
[2025-12-16T03:29:52.436+0000] {subprocess.py:106} INFO - 25/12/16 03:29:52 INFO DAGScheduler: Parents of final stage: List(ShuffleMapStage 37)
[2025-12-16T03:29:52.436+0000] {subprocess.py:106} INFO - 25/12/16 03:29:52 INFO DAGScheduler: Missing parents: List()
[2025-12-16T03:29:52.437+0000] {subprocess.py:106} INFO - 25/12/16 03:29:52 INFO DAGScheduler: Submitting ShuffleMapStage 38 (MapPartitionsRDD[123] at $anonfun$recordDeltaOperationInternal$1 at DatabricksLogging.scala:128), which has no missing parents
[2025-12-16T03:29:52.449+0000] {subprocess.py:106} INFO - 25/12/16 03:29:52 INFO MemoryStore: Block broadcast_41 stored as values in memory (estimated size 517.2 KiB, free 431.0 MiB)
[2025-12-16T03:29:52.450+0000] {subprocess.py:106} INFO - 25/12/16 03:29:52 INFO MemoryStore: Block broadcast_41_piece0 stored as bytes in memory (estimated size 123.3 KiB, free 430.9 MiB)
[2025-12-16T03:29:52.451+0000] {subprocess.py:106} INFO - 25/12/16 03:29:52 INFO BlockManagerInfo: Added broadcast_41_piece0 in memory on 3ad9a82189be:37965 (size: 123.3 KiB, free: 433.9 MiB)
[2025-12-16T03:29:52.451+0000] {subprocess.py:106} INFO - 25/12/16 03:29:52 INFO SparkContext: Created broadcast 41 from broadcast at DAGScheduler.scala:1535
[2025-12-16T03:29:52.452+0000] {subprocess.py:106} INFO - 25/12/16 03:29:52 INFO DAGScheduler: Submitting 50 missing tasks from ShuffleMapStage 38 (MapPartitionsRDD[123] at $anonfun$recordDeltaOperationInternal$1 at DatabricksLogging.scala:128) (first 15 tasks are for partitions Vector(0, 1, 2, 3, 4, 5, 6, 7, 8, 9, 10, 11, 12, 13, 14))
[2025-12-16T03:29:52.453+0000] {subprocess.py:106} INFO - 25/12/16 03:29:52 INFO TaskSchedulerImpl: Adding task set 38.0 with 50 tasks resource profile 0
[2025-12-16T03:29:52.453+0000] {subprocess.py:106} INFO - 25/12/16 03:29:52 INFO TaskSetManager: Starting task 26.0 in stage 38.0 (TID 319) (172.18.0.7, executor 0, partition 26, NODE_LOCAL, 7356 bytes)
[2025-12-16T03:29:52.454+0000] {subprocess.py:106} INFO - 25/12/16 03:29:52 INFO TaskSetManager: Starting task 42.0 in stage 38.0 (TID 320) (172.18.0.7, executor 0, partition 42, NODE_LOCAL, 7356 bytes)
[2025-12-16T03:29:52.455+0000] {subprocess.py:106} INFO - 25/12/16 03:29:52 INFO TaskSetManager: Starting task 0.0 in stage 38.0 (TID 321) (172.18.0.7, executor 0, partition 0, PROCESS_LOCAL, 7356 bytes)
[2025-12-16T03:29:52.457+0000] {subprocess.py:106} INFO - 25/12/16 03:29:52 INFO TaskSetManager: Starting task 1.0 in stage 38.0 (TID 322) (172.18.0.7, executor 0, partition 1, PROCESS_LOCAL, 7356 bytes)
[2025-12-16T03:29:52.458+0000] {subprocess.py:106} INFO - 25/12/16 03:29:52 INFO TaskSetManager: Starting task 2.0 in stage 38.0 (TID 323) (172.18.0.7, executor 0, partition 2, PROCESS_LOCAL, 7356 bytes)
[2025-12-16T03:29:52.460+0000] {subprocess.py:106} INFO - 25/12/16 03:29:52 INFO TaskSetManager: Starting task 3.0 in stage 38.0 (TID 324) (172.18.0.7, executor 0, partition 3, PROCESS_LOCAL, 7356 bytes)
[2025-12-16T03:29:52.460+0000] {subprocess.py:106} INFO - 25/12/16 03:29:52 INFO TaskSetManager: Starting task 4.0 in stage 38.0 (TID 325) (172.18.0.7, executor 0, partition 4, PROCESS_LOCAL, 7356 bytes)
[2025-12-16T03:29:52.461+0000] {subprocess.py:106} INFO - 25/12/16 03:29:52 INFO TaskSetManager: Starting task 5.0 in stage 38.0 (TID 326) (172.18.0.7, executor 0, partition 5, PROCESS_LOCAL, 7356 bytes)
[2025-12-16T03:29:52.461+0000] {subprocess.py:106} INFO - 25/12/16 03:29:52 INFO TaskSetManager: Starting task 6.0 in stage 38.0 (TID 327) (172.18.0.7, executor 0, partition 6, PROCESS_LOCAL, 7356 bytes)
[2025-12-16T03:29:52.462+0000] {subprocess.py:106} INFO - 25/12/16 03:29:52 INFO TaskSetManager: Starting task 7.0 in stage 38.0 (TID 328) (172.18.0.7, executor 0, partition 7, PROCESS_LOCAL, 7356 bytes)
[2025-12-16T03:29:52.463+0000] {subprocess.py:106} INFO - 25/12/16 03:29:52 INFO TaskSetManager: Starting task 8.0 in stage 38.0 (TID 329) (172.18.0.7, executor 0, partition 8, PROCESS_LOCAL, 7356 bytes)
[2025-12-16T03:29:52.463+0000] {subprocess.py:106} INFO - 25/12/16 03:29:52 INFO TaskSetManager: Starting task 9.0 in stage 38.0 (TID 330) (172.18.0.7, executor 0, partition 9, PROCESS_LOCAL, 7356 bytes)
[2025-12-16T03:29:52.464+0000] {subprocess.py:106} INFO - 25/12/16 03:29:52 INFO TaskSetManager: Starting task 10.0 in stage 38.0 (TID 331) (172.18.0.7, executor 0, partition 10, PROCESS_LOCAL, 7356 bytes)
[2025-12-16T03:29:52.464+0000] {subprocess.py:106} INFO - 25/12/16 03:29:52 INFO TaskSetManager: Starting task 11.0 in stage 38.0 (TID 332) (172.18.0.7, executor 0, partition 11, PROCESS_LOCAL, 7356 bytes)
[2025-12-16T03:29:52.464+0000] {subprocess.py:106} INFO - 25/12/16 03:29:52 INFO TaskSetManager: Starting task 12.0 in stage 38.0 (TID 333) (172.18.0.7, executor 0, partition 12, PROCESS_LOCAL, 7356 bytes)
[2025-12-16T03:29:52.465+0000] {subprocess.py:106} INFO - 25/12/16 03:29:52 INFO TaskSetManager: Starting task 13.0 in stage 38.0 (TID 334) (172.18.0.7, executor 0, partition 13, PROCESS_LOCAL, 7356 bytes)
[2025-12-16T03:29:52.468+0000] {subprocess.py:106} INFO - 25/12/16 03:29:52 INFO BlockManagerInfo: Added broadcast_41_piece0 in memory on 172.18.0.7:41729 (size: 123.3 KiB, free: 434.0 MiB)
[2025-12-16T03:29:52.483+0000] {subprocess.py:106} INFO - 25/12/16 03:29:52 INFO MapOutputTrackerMasterEndpoint: Asked to send map output locations for shuffle 8 to 172.18.0.7:60316
[2025-12-16T03:29:52.546+0000] {subprocess.py:106} INFO - 25/12/16 03:29:52 INFO BlockManagerInfo: Added rdd_120_10 in memory on 172.18.0.7:41729 (size: 46.0 B, free: 434.0 MiB)
[2025-12-16T03:29:52.550+0000] {subprocess.py:106} INFO - 25/12/16 03:29:52 INFO BlockManagerInfo: Added rdd_120_0 in memory on 172.18.0.7:41729 (size: 46.0 B, free: 434.0 MiB)
[2025-12-16T03:29:52.551+0000] {subprocess.py:106} INFO - 25/12/16 03:29:52 INFO BlockManagerInfo: Added rdd_120_4 in memory on 172.18.0.7:41729 (size: 46.0 B, free: 434.0 MiB)
[2025-12-16T03:29:52.552+0000] {subprocess.py:106} INFO - 25/12/16 03:29:52 INFO BlockManagerInfo: Added rdd_120_26 in memory on 172.18.0.7:41729 (size: 570.0 B, free: 434.0 MiB)
[2025-12-16T03:29:52.553+0000] {subprocess.py:106} INFO - 25/12/16 03:29:52 INFO BlockManagerInfo: Added rdd_120_1 in memory on 172.18.0.7:41729 (size: 46.0 B, free: 434.0 MiB)
[2025-12-16T03:29:52.559+0000] {subprocess.py:106} INFO - 25/12/16 03:29:52 INFO BlockManagerInfo: Added rdd_120_2 in memory on 172.18.0.7:41729 (size: 46.0 B, free: 434.0 MiB)
[2025-12-16T03:29:52.586+0000] {subprocess.py:106} INFO - 25/12/16 03:29:52 INFO BlockManagerInfo: Added rdd_120_13 in memory on 172.18.0.7:41729 (size: 46.0 B, free: 434.0 MiB)
[2025-12-16T03:29:52.587+0000] {subprocess.py:106} INFO - 25/12/16 03:29:52 INFO TaskSetManager: Starting task 14.0 in stage 38.0 (TID 335) (172.18.0.7, executor 0, partition 14, PROCESS_LOCAL, 7356 bytes)
[2025-12-16T03:29:52.588+0000] {subprocess.py:106} INFO - 25/12/16 03:29:52 INFO BlockManagerInfo: Added rdd_120_42 in memory on 172.18.0.7:41729 (size: 505.0 B, free: 434.0 MiB)
[2025-12-16T03:29:52.589+0000] {subprocess.py:106} INFO - 25/12/16 03:29:52 INFO BlockManagerInfo: Added rdd_120_9 in memory on 172.18.0.7:41729 (size: 46.0 B, free: 434.0 MiB)
[2025-12-16T03:29:52.590+0000] {subprocess.py:106} INFO - 25/12/16 03:29:52 INFO BlockManagerInfo: Added rdd_120_12 in memory on 172.18.0.7:41729 (size: 46.0 B, free: 434.0 MiB)
[2025-12-16T03:29:52.591+0000] {subprocess.py:106} INFO - 25/12/16 03:29:52 INFO BlockManagerInfo: Added rdd_120_5 in memory on 172.18.0.7:41729 (size: 46.0 B, free: 434.0 MiB)
[2025-12-16T03:29:52.593+0000] {subprocess.py:106} INFO - 25/12/16 03:29:52 INFO TaskSetManager: Starting task 15.0 in stage 38.0 (TID 336) (172.18.0.7, executor 0, partition 15, PROCESS_LOCAL, 7356 bytes)
[2025-12-16T03:29:52.593+0000] {subprocess.py:106} INFO - 25/12/16 03:29:52 INFO TaskSetManager: Starting task 16.0 in stage 38.0 (TID 337) (172.18.0.7, executor 0, partition 16, PROCESS_LOCAL, 7356 bytes)
[2025-12-16T03:29:52.594+0000] {subprocess.py:106} INFO - 25/12/16 03:29:52 INFO TaskSetManager: Starting task 17.0 in stage 38.0 (TID 338) (172.18.0.7, executor 0, partition 17, PROCESS_LOCAL, 7356 bytes)
[2025-12-16T03:29:52.595+0000] {subprocess.py:106} INFO - 25/12/16 03:29:52 INFO TaskSetManager: Finished task 1.0 in stage 38.0 (TID 322) in 134 ms on 172.18.0.7 (executor 0) (1/50)
[2025-12-16T03:29:52.596+0000] {subprocess.py:106} INFO - 25/12/16 03:29:52 INFO TaskSetManager: Finished task 26.0 in stage 38.0 (TID 319) in 136 ms on 172.18.0.7 (executor 0) (2/50)
[2025-12-16T03:29:52.597+0000] {subprocess.py:106} INFO - 25/12/16 03:29:52 INFO TaskSetManager: Finished task 0.0 in stage 38.0 (TID 321) in 135 ms on 172.18.0.7 (executor 0) (3/50)
[2025-12-16T03:29:52.602+0000] {subprocess.py:106} INFO - 25/12/16 03:29:52 INFO TaskSetManager: Finished task 4.0 in stage 38.0 (TID 325) in 134 ms on 172.18.0.7 (executor 0) (4/50)
[2025-12-16T03:29:52.603+0000] {subprocess.py:106} INFO - 25/12/16 03:29:52 INFO BlockManagerInfo: Added rdd_120_6 in memory on 172.18.0.7:41729 (size: 46.0 B, free: 434.0 MiB)
[2025-12-16T03:29:52.606+0000] {subprocess.py:106} INFO - 25/12/16 03:29:52 INFO TaskSetManager: Starting task 18.0 in stage 38.0 (TID 339) (172.18.0.7, executor 0, partition 18, PROCESS_LOCAL, 7356 bytes)
[2025-12-16T03:29:52.607+0000] {subprocess.py:106} INFO - 25/12/16 03:29:52 INFO TaskSetManager: Finished task 10.0 in stage 38.0 (TID 331) in 137 ms on 172.18.0.7 (executor 0) (5/50)
[2025-12-16T03:29:52.608+0000] {subprocess.py:106} INFO - 25/12/16 03:29:52 INFO BlockManagerInfo: Removed broadcast_27_piece0 on 3ad9a82189be:37965 in memory (size: 37.0 KiB, free: 433.9 MiB)
[2025-12-16T03:29:52.610+0000] {subprocess.py:106} INFO - 25/12/16 03:29:52 INFO BlockManagerInfo: Removed broadcast_27_piece0 on 172.18.0.7:41729 in memory (size: 37.0 KiB, free: 434.1 MiB)
[2025-12-16T03:29:52.616+0000] {subprocess.py:106} INFO - 25/12/16 03:29:52 INFO BlockManagerInfo: Added rdd_120_11 in memory on 172.18.0.7:41729 (size: 46.0 B, free: 434.1 MiB)
[2025-12-16T03:29:52.618+0000] {subprocess.py:106} INFO - 25/12/16 03:29:52 INFO TaskSetManager: Starting task 19.0 in stage 38.0 (TID 340) (172.18.0.7, executor 0, partition 19, PROCESS_LOCAL, 7356 bytes)
[2025-12-16T03:29:52.619+0000] {subprocess.py:106} INFO - 25/12/16 03:29:52 INFO TaskSetManager: Starting task 20.0 in stage 38.0 (TID 341) (172.18.0.7, executor 0, partition 20, PROCESS_LOCAL, 7356 bytes)
[2025-12-16T03:29:52.620+0000] {subprocess.py:106} INFO - 25/12/16 03:29:52 INFO BlockManagerInfo: Added rdd_120_8 in memory on 172.18.0.7:41729 (size: 46.0 B, free: 434.1 MiB)
[2025-12-16T03:29:52.622+0000] {subprocess.py:106} INFO - 25/12/16 03:29:52 INFO TaskSetManager: Finished task 2.0 in stage 38.0 (TID 323) in 166 ms on 172.18.0.7 (executor 0) (6/50)
[2025-12-16T03:29:52.622+0000] {subprocess.py:106} INFO - 25/12/16 03:29:52 INFO TaskSetManager: Finished task 42.0 in stage 38.0 (TID 320) in 167 ms on 172.18.0.7 (executor 0) (7/50)
[2025-12-16T03:29:52.625+0000] {subprocess.py:106} INFO - 25/12/16 03:29:52 INFO TaskSetManager: Starting task 21.0 in stage 38.0 (TID 342) (172.18.0.7, executor 0, partition 21, PROCESS_LOCAL, 7356 bytes)
[2025-12-16T03:29:52.627+0000] {subprocess.py:106} INFO - 25/12/16 03:29:52 INFO TaskSetManager: Finished task 13.0 in stage 38.0 (TID 334) in 166 ms on 172.18.0.7 (executor 0) (8/50)
[2025-12-16T03:29:52.628+0000] {subprocess.py:106} INFO - 25/12/16 03:29:52 INFO BlockManagerInfo: Removed broadcast_36_piece0 on 3ad9a82189be:37965 in memory (size: 36.4 KiB, free: 433.9 MiB)
[2025-12-16T03:29:52.650+0000] {subprocess.py:106} INFO - 25/12/16 03:29:52 INFO BlockManagerInfo: Added rdd_120_3 in memory on 172.18.0.7:41729 (size: 46.0 B, free: 434.1 MiB)
[2025-12-16T03:29:52.651+0000] {subprocess.py:106} INFO - 25/12/16 03:29:52 INFO BlockManagerInfo: Added rdd_120_7 in memory on 172.18.0.7:41729 (size: 46.0 B, free: 434.1 MiB)
[2025-12-16T03:29:52.658+0000] {subprocess.py:106} INFO - 25/12/16 03:29:52 INFO TaskSetManager: Starting task 22.0 in stage 38.0 (TID 343) (172.18.0.7, executor 0, partition 22, PROCESS_LOCAL, 7356 bytes)
[2025-12-16T03:29:52.662+0000] {subprocess.py:106} INFO - 25/12/16 03:29:52 INFO TaskSetManager: Finished task 12.0 in stage 38.0 (TID 333) in 190 ms on 172.18.0.7 (executor 0) (9/50)
[2025-12-16T03:29:52.664+0000] {subprocess.py:106} INFO - 25/12/16 03:29:52 INFO TaskSetManager: Starting task 23.0 in stage 38.0 (TID 344) (172.18.0.7, executor 0, partition 23, PROCESS_LOCAL, 7356 bytes)
[2025-12-16T03:29:52.665+0000] {subprocess.py:106} INFO - 25/12/16 03:29:52 INFO TaskSetManager: Finished task 6.0 in stage 38.0 (TID 327) in 192 ms on 172.18.0.7 (executor 0) (10/50)
[2025-12-16T03:29:52.666+0000] {subprocess.py:106} INFO - 25/12/16 03:29:52 INFO TaskSetManager: Starting task 24.0 in stage 38.0 (TID 345) (172.18.0.7, executor 0, partition 24, PROCESS_LOCAL, 7356 bytes)
[2025-12-16T03:29:52.667+0000] {subprocess.py:106} INFO - 25/12/16 03:29:52 INFO TaskSetManager: Finished task 9.0 in stage 38.0 (TID 330) in 196 ms on 172.18.0.7 (executor 0) (11/50)
[2025-12-16T03:29:52.671+0000] {subprocess.py:106} INFO - 25/12/16 03:29:52 INFO BlockManagerInfo: Removed broadcast_36_piece0 on 172.18.0.7:41729 in memory (size: 36.4 KiB, free: 434.1 MiB)
[2025-12-16T03:29:52.672+0000] {subprocess.py:106} INFO - 25/12/16 03:29:52 INFO TaskSetManager: Starting task 25.0 in stage 38.0 (TID 346) (172.18.0.7, executor 0, partition 25, PROCESS_LOCAL, 7356 bytes)
[2025-12-16T03:29:52.673+0000] {subprocess.py:106} INFO - 25/12/16 03:29:52 INFO TaskSetManager: Finished task 5.0 in stage 38.0 (TID 326) in 215 ms on 172.18.0.7 (executor 0) (12/50)
[2025-12-16T03:29:52.674+0000] {subprocess.py:106} INFO - 25/12/16 03:29:52 INFO TaskSetManager: Starting task 27.0 in stage 38.0 (TID 347) (172.18.0.7, executor 0, partition 27, PROCESS_LOCAL, 7356 bytes)
[2025-12-16T03:29:52.675+0000] {subprocess.py:106} INFO - 25/12/16 03:29:52 INFO BlockManagerInfo: Added rdd_120_15 in memory on 172.18.0.7:41729 (size: 46.0 B, free: 434.1 MiB)
[2025-12-16T03:29:52.676+0000] {subprocess.py:106} INFO - 25/12/16 03:29:52 INFO TaskSetManager: Finished task 8.0 in stage 38.0 (TID 329) in 220 ms on 172.18.0.7 (executor 0) (13/50)
[2025-12-16T03:29:52.681+0000] {subprocess.py:106} INFO - 25/12/16 03:29:52 INFO TaskSetManager: Starting task 28.0 in stage 38.0 (TID 348) (172.18.0.7, executor 0, partition 28, PROCESS_LOCAL, 7356 bytes)
[2025-12-16T03:29:52.690+0000] {subprocess.py:106} INFO - 25/12/16 03:29:52 INFO TaskSetManager: Finished task 11.0 in stage 38.0 (TID 332) in 226 ms on 172.18.0.7 (executor 0) (14/50)
[2025-12-16T03:29:52.691+0000] {subprocess.py:106} INFO - 25/12/16 03:29:52 INFO BlockManagerInfo: Added rdd_120_18 in memory on 172.18.0.7:41729 (size: 46.0 B, free: 434.1 MiB)
[2025-12-16T03:29:52.733+0000] {subprocess.py:106} INFO - 25/12/16 03:29:52 INFO TaskSetManager: Starting task 29.0 in stage 38.0 (TID 349) (172.18.0.7, executor 0, partition 29, PROCESS_LOCAL, 7356 bytes)
[2025-12-16T03:29:52.734+0000] {subprocess.py:106} INFO - 25/12/16 03:29:52 INFO TaskSetManager: Finished task 7.0 in stage 38.0 (TID 328) in 276 ms on 172.18.0.7 (executor 0) (15/50)
[2025-12-16T03:29:52.735+0000] {subprocess.py:106} INFO - 25/12/16 03:29:52 INFO BlockManagerInfo: Added rdd_120_21 in memory on 172.18.0.7:41729 (size: 46.0 B, free: 434.1 MiB)
[2025-12-16T03:29:52.736+0000] {subprocess.py:106} INFO - 25/12/16 03:29:52 INFO TaskSetManager: Starting task 30.0 in stage 38.0 (TID 350) (172.18.0.7, executor 0, partition 30, PROCESS_LOCAL, 7356 bytes)
[2025-12-16T03:29:52.742+0000] {subprocess.py:106} INFO - 25/12/16 03:29:52 INFO TaskSetManager: Finished task 15.0 in stage 38.0 (TID 336) in 151 ms on 172.18.0.7 (executor 0) (16/50)
[2025-12-16T03:29:52.747+0000] {subprocess.py:106} INFO - 25/12/16 03:29:52 INFO TaskSetManager: Starting task 31.0 in stage 38.0 (TID 351) (172.18.0.7, executor 0, partition 31, PROCESS_LOCAL, 7356 bytes)
[2025-12-16T03:29:52.748+0000] {subprocess.py:106} INFO - 25/12/16 03:29:52 INFO TaskSetManager: Finished task 18.0 in stage 38.0 (TID 339) in 148 ms on 172.18.0.7 (executor 0) (17/50)
[2025-12-16T03:29:52.750+0000] {subprocess.py:106} INFO - 25/12/16 03:29:52 INFO BlockManagerInfo: Added rdd_120_14 in memory on 172.18.0.7:41729 (size: 46.0 B, free: 434.1 MiB)
[2025-12-16T03:29:52.751+0000] {subprocess.py:106} INFO - 25/12/16 03:29:52 INFO BlockManagerInfo: Added rdd_120_27 in memory on 172.18.0.7:41729 (size: 46.0 B, free: 434.1 MiB)
[2025-12-16T03:29:52.754+0000] {subprocess.py:106} INFO - 25/12/16 03:29:52 INFO BlockManagerInfo: Added rdd_120_19 in memory on 172.18.0.7:41729 (size: 46.0 B, free: 434.1 MiB)
[2025-12-16T03:29:52.755+0000] {subprocess.py:106} INFO - 25/12/16 03:29:52 INFO BlockManagerInfo: Added rdd_120_20 in memory on 172.18.0.7:41729 (size: 46.0 B, free: 434.1 MiB)
[2025-12-16T03:29:52.756+0000] {subprocess.py:106} INFO - 25/12/16 03:29:52 INFO BlockManagerInfo: Added rdd_120_16 in memory on 172.18.0.7:41729 (size: 46.0 B, free: 434.1 MiB)
[2025-12-16T03:29:52.757+0000] {subprocess.py:106} INFO - 25/12/16 03:29:52 INFO TaskSetManager: Starting task 32.0 in stage 38.0 (TID 352) (172.18.0.7, executor 0, partition 32, PROCESS_LOCAL, 7356 bytes)
[2025-12-16T03:29:52.758+0000] {subprocess.py:106} INFO - 25/12/16 03:29:52 INFO BlockManagerInfo: Added rdd_120_24 in memory on 172.18.0.7:41729 (size: 46.0 B, free: 434.1 MiB)
[2025-12-16T03:29:52.759+0000] {subprocess.py:106} INFO - 25/12/16 03:29:52 INFO TaskSetManager: Finished task 3.0 in stage 38.0 (TID 324) in 302 ms on 172.18.0.7 (executor 0) (18/50)
[2025-12-16T03:29:52.769+0000] {subprocess.py:106} INFO - 25/12/16 03:29:52 INFO BlockManagerInfo: Added rdd_120_28 in memory on 172.18.0.7:41729 (size: 46.0 B, free: 434.1 MiB)
[2025-12-16T03:29:52.771+0000] {subprocess.py:106} INFO - 25/12/16 03:29:52 INFO TaskSetManager: Starting task 33.0 in stage 38.0 (TID 353) (172.18.0.7, executor 0, partition 33, PROCESS_LOCAL, 7356 bytes)
[2025-12-16T03:29:52.772+0000] {subprocess.py:106} INFO - 25/12/16 03:29:52 INFO TaskSetManager: Finished task 21.0 in stage 38.0 (TID 342) in 150 ms on 172.18.0.7 (executor 0) (19/50)
[2025-12-16T03:29:52.791+0000] {subprocess.py:106} INFO - 25/12/16 03:29:52 INFO BlockManagerInfo: Added rdd_120_22 in memory on 172.18.0.7:41729 (size: 46.0 B, free: 434.1 MiB)
[2025-12-16T03:29:52.794+0000] {subprocess.py:106} INFO - 25/12/16 03:29:52 INFO TaskSetManager: Starting task 34.0 in stage 38.0 (TID 354) (172.18.0.7, executor 0, partition 34, PROCESS_LOCAL, 7356 bytes)
[2025-12-16T03:29:52.798+0000] {subprocess.py:106} INFO - 25/12/16 03:29:52 INFO BlockManagerInfo: Added rdd_120_23 in memory on 172.18.0.7:41729 (size: 46.0 B, free: 434.1 MiB)
[2025-12-16T03:29:52.799+0000] {subprocess.py:106} INFO - 25/12/16 03:29:52 INFO BlockManagerInfo: Added rdd_120_17 in memory on 172.18.0.7:41729 (size: 46.0 B, free: 434.1 MiB)
[2025-12-16T03:29:52.800+0000] {subprocess.py:106} INFO - 25/12/16 03:29:52 INFO TaskSetManager: Finished task 14.0 in stage 38.0 (TID 335) in 208 ms on 172.18.0.7 (executor 0) (20/50)
[2025-12-16T03:29:52.801+0000] {subprocess.py:106} INFO - 25/12/16 03:29:52 INFO TaskSetManager: Starting task 35.0 in stage 38.0 (TID 355) (172.18.0.7, executor 0, partition 35, PROCESS_LOCAL, 7356 bytes)
[2025-12-16T03:29:52.803+0000] {subprocess.py:106} INFO - 25/12/16 03:29:52 INFO BlockManagerInfo: Added rdd_120_25 in memory on 172.18.0.7:41729 (size: 46.0 B, free: 434.1 MiB)
[2025-12-16T03:29:52.804+0000] {subprocess.py:106} INFO - 25/12/16 03:29:52 INFO TaskSetManager: Starting task 36.0 in stage 38.0 (TID 356) (172.18.0.7, executor 0, partition 36, PROCESS_LOCAL, 7356 bytes)
[2025-12-16T03:29:52.805+0000] {subprocess.py:106} INFO - 25/12/16 03:29:52 INFO TaskSetManager: Finished task 27.0 in stage 38.0 (TID 347) in 129 ms on 172.18.0.7 (executor 0) (21/50)
[2025-12-16T03:29:52.806+0000] {subprocess.py:106} INFO - 25/12/16 03:29:52 INFO TaskSetManager: Finished task 20.0 in stage 38.0 (TID 341) in 184 ms on 172.18.0.7 (executor 0) (22/50)
[2025-12-16T03:29:52.807+0000] {subprocess.py:106} INFO - 25/12/16 03:29:52 INFO TaskSetManager: Starting task 37.0 in stage 38.0 (TID 357) (172.18.0.7, executor 0, partition 37, PROCESS_LOCAL, 7356 bytes)
[2025-12-16T03:29:52.808+0000] {subprocess.py:106} INFO - 25/12/16 03:29:52 INFO TaskSetManager: Starting task 38.0 in stage 38.0 (TID 358) (172.18.0.7, executor 0, partition 38, PROCESS_LOCAL, 7356 bytes)
[2025-12-16T03:29:52.809+0000] {subprocess.py:106} INFO - 25/12/16 03:29:52 INFO TaskSetManager: Finished task 24.0 in stage 38.0 (TID 345) in 156 ms on 172.18.0.7 (executor 0) (23/50)
[2025-12-16T03:29:52.810+0000] {subprocess.py:106} INFO - 25/12/16 03:29:52 INFO TaskSetManager: Finished task 19.0 in stage 38.0 (TID 340) in 193 ms on 172.18.0.7 (executor 0) (24/50)
[2025-12-16T03:29:52.812+0000] {subprocess.py:106} INFO - 25/12/16 03:29:52 INFO TaskSetManager: Starting task 39.0 in stage 38.0 (TID 359) (172.18.0.7, executor 0, partition 39, PROCESS_LOCAL, 7356 bytes)
[2025-12-16T03:29:52.815+0000] {subprocess.py:106} INFO - 25/12/16 03:29:52 INFO TaskSetManager: Finished task 16.0 in stage 38.0 (TID 337) in 227 ms on 172.18.0.7 (executor 0) (25/50)
[2025-12-16T03:29:52.820+0000] {subprocess.py:106} INFO - 25/12/16 03:29:52 INFO TaskSetManager: Starting task 40.0 in stage 38.0 (TID 360) (172.18.0.7, executor 0, partition 40, PROCESS_LOCAL, 7356 bytes)
[2025-12-16T03:29:52.822+0000] {subprocess.py:106} INFO - 25/12/16 03:29:52 INFO TaskSetManager: Finished task 28.0 in stage 38.0 (TID 348) in 139 ms on 172.18.0.7 (executor 0) (26/50)
[2025-12-16T03:29:52.826+0000] {subprocess.py:106} INFO - 25/12/16 03:29:52 INFO BlockManagerInfo: Added rdd_120_30 in memory on 172.18.0.7:41729 (size: 46.0 B, free: 434.1 MiB)
[2025-12-16T03:29:52.827+0000] {subprocess.py:106} INFO - 25/12/16 03:29:52 INFO BlockManagerInfo: Added rdd_120_29 in memory on 172.18.0.7:41729 (size: 46.0 B, free: 434.1 MiB)
[2025-12-16T03:29:52.830+0000] {subprocess.py:106} INFO - 25/12/16 03:29:52 INFO TaskSetManager: Starting task 41.0 in stage 38.0 (TID 361) (172.18.0.7, executor 0, partition 41, PROCESS_LOCAL, 7356 bytes)
[2025-12-16T03:29:52.831+0000] {subprocess.py:106} INFO - 25/12/16 03:29:52 INFO TaskSetManager: Starting task 43.0 in stage 38.0 (TID 362) (172.18.0.7, executor 0, partition 43, PROCESS_LOCAL, 7356 bytes)
[2025-12-16T03:29:52.838+0000] {subprocess.py:106} INFO - 25/12/16 03:29:52 INFO TaskSetManager: Finished task 22.0 in stage 38.0 (TID 343) in 185 ms on 172.18.0.7 (executor 0) (27/50)
[2025-12-16T03:29:52.839+0000] {subprocess.py:106} INFO - 25/12/16 03:29:52 INFO TaskSetManager: Finished task 17.0 in stage 38.0 (TID 338) in 247 ms on 172.18.0.7 (executor 0) (28/50)
[2025-12-16T03:29:52.842+0000] {subprocess.py:106} INFO - 25/12/16 03:29:52 INFO BlockManagerInfo: Added rdd_120_31 in memory on 172.18.0.7:41729 (size: 46.0 B, free: 434.1 MiB)
[2025-12-16T03:29:52.852+0000] {subprocess.py:106} INFO - 25/12/16 03:29:52 INFO TaskSetManager: Starting task 44.0 in stage 38.0 (TID 363) (172.18.0.7, executor 0, partition 44, PROCESS_LOCAL, 7356 bytes)
[2025-12-16T03:29:52.853+0000] {subprocess.py:106} INFO - 25/12/16 03:29:52 INFO TaskSetManager: Finished task 23.0 in stage 38.0 (TID 344) in 197 ms on 172.18.0.7 (executor 0) (29/50)
[2025-12-16T03:29:52.854+0000] {subprocess.py:106} INFO - 25/12/16 03:29:52 INFO TaskSetManager: Starting task 45.0 in stage 38.0 (TID 364) (172.18.0.7, executor 0, partition 45, PROCESS_LOCAL, 7356 bytes)
[2025-12-16T03:29:52.855+0000] {subprocess.py:106} INFO - 25/12/16 03:29:52 INFO TaskSetManager: Finished task 25.0 in stage 38.0 (TID 346) in 181 ms on 172.18.0.7 (executor 0) (30/50)
[2025-12-16T03:29:52.859+0000] {subprocess.py:106} INFO - 25/12/16 03:29:52 INFO TaskSetManager: Starting task 46.0 in stage 38.0 (TID 365) (172.18.0.7, executor 0, partition 46, PROCESS_LOCAL, 7356 bytes)
[2025-12-16T03:29:52.860+0000] {subprocess.py:106} INFO - 25/12/16 03:29:52 INFO TaskSetManager: Finished task 30.0 in stage 38.0 (TID 350) in 122 ms on 172.18.0.7 (executor 0) (31/50)
[2025-12-16T03:29:52.863+0000] {subprocess.py:106} INFO - 25/12/16 03:29:52 INFO TaskSetManager: Starting task 47.0 in stage 38.0 (TID 366) (172.18.0.7, executor 0, partition 47, PROCESS_LOCAL, 7356 bytes)
[2025-12-16T03:29:52.865+0000] {subprocess.py:106} INFO - 25/12/16 03:29:52 INFO BlockManagerInfo: Added rdd_120_33 in memory on 172.18.0.7:41729 (size: 46.0 B, free: 434.1 MiB)
[2025-12-16T03:29:52.871+0000] {subprocess.py:106} INFO - 25/12/16 03:29:52 INFO TaskSetManager: Finished task 29.0 in stage 38.0 (TID 349) in 133 ms on 172.18.0.7 (executor 0) (32/50)
[2025-12-16T03:29:52.872+0000] {subprocess.py:106} INFO - 25/12/16 03:29:52 INFO BlockManagerInfo: Added rdd_120_34 in memory on 172.18.0.7:41729 (size: 46.0 B, free: 434.1 MiB)
[2025-12-16T03:29:52.877+0000] {subprocess.py:106} INFO - 25/12/16 03:29:52 INFO BlockManagerInfo: Added rdd_120_35 in memory on 172.18.0.7:41729 (size: 46.0 B, free: 434.1 MiB)
[2025-12-16T03:29:52.879+0000] {subprocess.py:106} INFO - 25/12/16 03:29:52 INFO TaskSetManager: Starting task 48.0 in stage 38.0 (TID 367) (172.18.0.7, executor 0, partition 48, PROCESS_LOCAL, 7356 bytes)
[2025-12-16T03:29:52.884+0000] {subprocess.py:106} INFO - 25/12/16 03:29:52 INFO TaskSetManager: Finished task 31.0 in stage 38.0 (TID 351) in 139 ms on 172.18.0.7 (executor 0) (33/50)
[2025-12-16T03:29:52.885+0000] {subprocess.py:106} INFO - 25/12/16 03:29:52 INFO BlockManagerInfo: Added rdd_120_32 in memory on 172.18.0.7:41729 (size: 46.0 B, free: 434.1 MiB)
[2025-12-16T03:29:52.893+0000] {subprocess.py:106} INFO - 25/12/16 03:29:52 INFO BlockManagerInfo: Added rdd_120_36 in memory on 172.18.0.7:41729 (size: 46.0 B, free: 434.1 MiB)
[2025-12-16T03:29:52.895+0000] {subprocess.py:106} INFO - 25/12/16 03:29:52 INFO BlockManagerInfo: Added rdd_120_38 in memory on 172.18.0.7:41729 (size: 46.0 B, free: 434.1 MiB)
[2025-12-16T03:29:52.897+0000] {subprocess.py:106} INFO - 25/12/16 03:29:52 INFO TaskSetManager: Starting task 49.0 in stage 38.0 (TID 368) (172.18.0.7, executor 0, partition 49, PROCESS_LOCAL, 7356 bytes)
[2025-12-16T03:29:52.899+0000] {subprocess.py:106} INFO - 25/12/16 03:29:52 INFO BlockManagerInfo: Added rdd_120_37 in memory on 172.18.0.7:41729 (size: 46.0 B, free: 434.1 MiB)
[2025-12-16T03:29:52.901+0000] {subprocess.py:106} INFO - 25/12/16 03:29:52 INFO TaskSetManager: Finished task 33.0 in stage 38.0 (TID 353) in 131 ms on 172.18.0.7 (executor 0) (34/50)
[2025-12-16T03:29:52.903+0000] {subprocess.py:106} INFO - 25/12/16 03:29:52 INFO TaskSetManager: Finished task 34.0 in stage 38.0 (TID 354) in 114 ms on 172.18.0.7 (executor 0) (35/50)
[2025-12-16T03:29:52.925+0000] {subprocess.py:106} INFO - 25/12/16 03:29:52 INFO TaskSetManager: Finished task 35.0 in stage 38.0 (TID 355) in 118 ms on 172.18.0.7 (executor 0) (36/50)
[2025-12-16T03:29:52.927+0000] {subprocess.py:106} INFO - 25/12/16 03:29:52 INFO BlockManagerInfo: Added rdd_120_39 in memory on 172.18.0.7:41729 (size: 46.0 B, free: 434.1 MiB)
[2025-12-16T03:29:52.929+0000] {subprocess.py:106} INFO - 25/12/16 03:29:52 INFO BlockManagerInfo: Added rdd_120_41 in memory on 172.18.0.7:41729 (size: 46.0 B, free: 434.1 MiB)
[2025-12-16T03:29:52.930+0000] {subprocess.py:106} INFO - 25/12/16 03:29:52 INFO BlockManagerInfo: Added rdd_120_40 in memory on 172.18.0.7:41729 (size: 46.0 B, free: 434.1 MiB)
[2025-12-16T03:29:52.934+0000] {subprocess.py:106} INFO - 25/12/16 03:29:52 INFO BlockManagerInfo: Added rdd_120_43 in memory on 172.18.0.7:41729 (size: 46.0 B, free: 434.1 MiB)
[2025-12-16T03:29:52.940+0000] {subprocess.py:106} INFO - 25/12/16 03:29:52 INFO TaskSetManager: Finished task 32.0 in stage 38.0 (TID 352) in 184 ms on 172.18.0.7 (executor 0) (37/50)
[2025-12-16T03:29:52.945+0000] {subprocess.py:106} INFO - 25/12/16 03:29:52 INFO TaskSetManager: Finished task 38.0 in stage 38.0 (TID 358) in 137 ms on 172.18.0.7 (executor 0) (38/50)
[2025-12-16T03:29:52.947+0000] {subprocess.py:106} INFO - 25/12/16 03:29:52 INFO TaskSetManager: Finished task 37.0 in stage 38.0 (TID 357) in 141 ms on 172.18.0.7 (executor 0) (39/50)
[2025-12-16T03:29:52.952+0000] {subprocess.py:106} INFO - 25/12/16 03:29:52 INFO TaskSetManager: Finished task 36.0 in stage 38.0 (TID 356) in 147 ms on 172.18.0.7 (executor 0) (40/50)
[2025-12-16T03:29:52.954+0000] {subprocess.py:106} INFO - 25/12/16 03:29:52 INFO TaskSetManager: Finished task 41.0 in stage 38.0 (TID 361) in 121 ms on 172.18.0.7 (executor 0) (41/50)
[2025-12-16T03:29:52.956+0000] {subprocess.py:106} INFO - 25/12/16 03:29:52 INFO BlockManagerInfo: Added rdd_120_45 in memory on 172.18.0.7:41729 (size: 46.0 B, free: 434.1 MiB)
[2025-12-16T03:29:52.957+0000] {subprocess.py:106} INFO - 25/12/16 03:29:52 INFO BlockManagerInfo: Added rdd_120_44 in memory on 172.18.0.7:41729 (size: 46.0 B, free: 434.1 MiB)
[2025-12-16T03:29:52.958+0000] {subprocess.py:106} INFO - 25/12/16 03:29:52 INFO TaskSetManager: Finished task 40.0 in stage 38.0 (TID 360) in 134 ms on 172.18.0.7 (executor 0) (42/50)
[2025-12-16T03:29:52.959+0000] {subprocess.py:106} INFO - 25/12/16 03:29:52 INFO BlockManagerInfo: Added rdd_120_47 in memory on 172.18.0.7:41729 (size: 46.0 B, free: 434.1 MiB)
[2025-12-16T03:29:52.960+0000] {subprocess.py:106} INFO - 25/12/16 03:29:52 INFO TaskSetManager: Finished task 39.0 in stage 38.0 (TID 359) in 144 ms on 172.18.0.7 (executor 0) (43/50)
[2025-12-16T03:29:52.961+0000] {subprocess.py:106} INFO - 25/12/16 03:29:52 INFO BlockManagerInfo: Added rdd_120_46 in memory on 172.18.0.7:41729 (size: 46.0 B, free: 434.1 MiB)
[2025-12-16T03:29:52.966+0000] {subprocess.py:106} INFO - 25/12/16 03:29:52 INFO TaskSetManager: Finished task 43.0 in stage 38.0 (TID 362) in 138 ms on 172.18.0.7 (executor 0) (44/50)
[2025-12-16T03:29:52.967+0000] {subprocess.py:106} INFO - 25/12/16 03:29:52 INFO BlockManagerInfo: Added rdd_120_48 in memory on 172.18.0.7:41729 (size: 46.0 B, free: 434.1 MiB)
[2025-12-16T03:29:52.974+0000] {subprocess.py:106} INFO - 25/12/16 03:29:52 INFO BlockManagerInfo: Added rdd_120_49 in memory on 172.18.0.7:41729 (size: 46.0 B, free: 434.1 MiB)
[2025-12-16T03:29:52.978+0000] {subprocess.py:106} INFO - 25/12/16 03:29:52 INFO TaskSetManager: Finished task 44.0 in stage 38.0 (TID 363) in 135 ms on 172.18.0.7 (executor 0) (45/50)
[2025-12-16T03:29:52.979+0000] {subprocess.py:106} INFO - 25/12/16 03:29:52 INFO TaskSetManager: Finished task 45.0 in stage 38.0 (TID 364) in 129 ms on 172.18.0.7 (executor 0) (46/50)
[2025-12-16T03:29:52.981+0000] {subprocess.py:106} INFO - 25/12/16 03:29:52 INFO TaskSetManager: Finished task 46.0 in stage 38.0 (TID 365) in 128 ms on 172.18.0.7 (executor 0) (47/50)
[2025-12-16T03:29:52.982+0000] {subprocess.py:106} INFO - 25/12/16 03:29:52 INFO TaskSetManager: Finished task 47.0 in stage 38.0 (TID 366) in 120 ms on 172.18.0.7 (executor 0) (48/50)
[2025-12-16T03:29:52.986+0000] {subprocess.py:106} INFO - 25/12/16 03:29:52 INFO TaskSetManager: Finished task 48.0 in stage 38.0 (TID 367) in 109 ms on 172.18.0.7 (executor 0) (49/50)
[2025-12-16T03:29:52.993+0000] {subprocess.py:106} INFO - 25/12/16 03:29:52 INFO TaskSetManager: Finished task 49.0 in stage 38.0 (TID 368) in 99 ms on 172.18.0.7 (executor 0) (50/50)
[2025-12-16T03:29:52.994+0000] {subprocess.py:106} INFO - 25/12/16 03:29:52 INFO TaskSchedulerImpl: Removed TaskSet 38.0, whose tasks have all completed, from pool
[2025-12-16T03:29:52.995+0000] {subprocess.py:106} INFO - 25/12/16 03:29:52 INFO DAGScheduler: ShuffleMapStage 38 ($anonfun$recordDeltaOperationInternal$1 at DatabricksLogging.scala:128) finished in 0.557 s
[2025-12-16T03:29:52.996+0000] {subprocess.py:106} INFO - 25/12/16 03:29:52 INFO DAGScheduler: looking for newly runnable stages
[2025-12-16T03:29:52.996+0000] {subprocess.py:106} INFO - 25/12/16 03:29:52 INFO DAGScheduler: running: Set()
[2025-12-16T03:29:52.997+0000] {subprocess.py:106} INFO - 25/12/16 03:29:52 INFO DAGScheduler: waiting: Set()
[2025-12-16T03:29:52.997+0000] {subprocess.py:106} INFO - 25/12/16 03:29:52 INFO DAGScheduler: failed: Set()
[2025-12-16T03:29:53.022+0000] {subprocess.py:106} INFO - 25/12/16 03:29:53 INFO SparkContext: Starting job: $anonfun$recordDeltaOperationInternal$1 at DatabricksLogging.scala:128
[2025-12-16T03:29:53.024+0000] {subprocess.py:106} INFO - 25/12/16 03:29:53 INFO DAGScheduler: Got job 26 ($anonfun$recordDeltaOperationInternal$1 at DatabricksLogging.scala:128) with 1 output partitions
[2025-12-16T03:29:53.024+0000] {subprocess.py:106} INFO - 25/12/16 03:29:53 INFO DAGScheduler: Final stage: ResultStage 41 ($anonfun$recordDeltaOperationInternal$1 at DatabricksLogging.scala:128)
[2025-12-16T03:29:53.025+0000] {subprocess.py:106} INFO - 25/12/16 03:29:53 INFO DAGScheduler: Parents of final stage: List(ShuffleMapStage 40)
[2025-12-16T03:29:53.025+0000] {subprocess.py:106} INFO - 25/12/16 03:29:53 INFO DAGScheduler: Missing parents: List()
[2025-12-16T03:29:53.026+0000] {subprocess.py:106} INFO - 25/12/16 03:29:53 INFO DAGScheduler: Submitting ResultStage 41 (MapPartitionsRDD[126] at $anonfun$recordDeltaOperationInternal$1 at DatabricksLogging.scala:128), which has no missing parents
[2025-12-16T03:29:53.030+0000] {subprocess.py:106} INFO - 25/12/16 03:29:53 INFO MemoryStore: Block broadcast_42 stored as values in memory (estimated size 452.3 KiB, free 430.9 MiB)
[2025-12-16T03:29:53.032+0000] {subprocess.py:106} INFO - 25/12/16 03:29:53 INFO MemoryStore: Block broadcast_42_piece0 stored as bytes in memory (estimated size 108.0 KiB, free 430.8 MiB)
[2025-12-16T03:29:53.033+0000] {subprocess.py:106} INFO - 25/12/16 03:29:53 INFO BlockManagerInfo: Added broadcast_42_piece0 in memory on 3ad9a82189be:37965 (size: 108.0 KiB, free: 433.8 MiB)
[2025-12-16T03:29:53.034+0000] {subprocess.py:106} INFO - 25/12/16 03:29:53 INFO SparkContext: Created broadcast 42 from broadcast at DAGScheduler.scala:1535
[2025-12-16T03:29:53.034+0000] {subprocess.py:106} INFO - 25/12/16 03:29:53 INFO DAGScheduler: Submitting 1 missing tasks from ResultStage 41 (MapPartitionsRDD[126] at $anonfun$recordDeltaOperationInternal$1 at DatabricksLogging.scala:128) (first 15 tasks are for partitions Vector(0))
[2025-12-16T03:29:53.035+0000] {subprocess.py:106} INFO - 25/12/16 03:29:53 INFO TaskSchedulerImpl: Adding task set 41.0 with 1 tasks resource profile 0
[2025-12-16T03:29:53.036+0000] {subprocess.py:106} INFO - 25/12/16 03:29:53 INFO TaskSetManager: Starting task 0.0 in stage 41.0 (TID 369) (172.18.0.7, executor 0, partition 0, NODE_LOCAL, 7367 bytes)
[2025-12-16T03:29:53.045+0000] {subprocess.py:106} INFO - 25/12/16 03:29:53 INFO BlockManagerInfo: Added broadcast_42_piece0 in memory on 172.18.0.7:41729 (size: 108.0 KiB, free: 434.0 MiB)
[2025-12-16T03:29:53.059+0000] {subprocess.py:106} INFO - 25/12/16 03:29:53 INFO MapOutputTrackerMasterEndpoint: Asked to send map output locations for shuffle 9 to 172.18.0.7:60316
[2025-12-16T03:29:53.090+0000] {subprocess.py:106} INFO - 25/12/16 03:29:53 INFO TaskSetManager: Finished task 0.0 in stage 41.0 (TID 369) in 49 ms on 172.18.0.7 (executor 0) (1/1)
[2025-12-16T03:29:53.091+0000] {subprocess.py:106} INFO - 25/12/16 03:29:53 INFO TaskSchedulerImpl: Removed TaskSet 41.0, whose tasks have all completed, from pool
[2025-12-16T03:29:53.092+0000] {subprocess.py:106} INFO - 25/12/16 03:29:53 INFO DAGScheduler: ResultStage 41 ($anonfun$recordDeltaOperationInternal$1 at DatabricksLogging.scala:128) finished in 0.061 s
[2025-12-16T03:29:53.093+0000] {subprocess.py:106} INFO - 25/12/16 03:29:53 INFO DAGScheduler: Job 26 is finished. Cancelling potential speculative or zombie tasks for this job
[2025-12-16T03:29:53.093+0000] {subprocess.py:106} INFO - 25/12/16 03:29:53 INFO TaskSchedulerImpl: Killing all running tasks in stage 41: Stage finished
[2025-12-16T03:29:53.094+0000] {subprocess.py:106} INFO - 25/12/16 03:29:53 INFO DAGScheduler: Job 26 finished: $anonfun$recordDeltaOperationInternal$1 at DatabricksLogging.scala:128, took 0.064141 s
[2025-12-16T03:29:53.097+0000] {subprocess.py:106} INFO - 25/12/16 03:29:53 INFO Snapshot: [tableId=271c68aa-1f86-4bb9-9025-4e95e7ec30d4] DELTA: Done
[2025-12-16T03:29:53.111+0000] {subprocess.py:106} INFO - 25/12/16 03:29:53 INFO BlockManagerInfo: Removed broadcast_42_piece0 on 3ad9a82189be:37965 in memory (size: 108.0 KiB, free: 433.9 MiB)
[2025-12-16T03:29:53.113+0000] {subprocess.py:106} INFO - 25/12/16 03:29:53 INFO BlockManagerInfo: Removed broadcast_42_piece0 on 172.18.0.7:41729 in memory (size: 108.0 KiB, free: 434.1 MiB)
[2025-12-16T03:29:53.118+0000] {subprocess.py:106} INFO - 25/12/16 03:29:53 INFO BlockManagerInfo: Removed broadcast_41_piece0 on 3ad9a82189be:37965 in memory (size: 123.3 KiB, free: 434.0 MiB)
[2025-12-16T03:29:53.120+0000] {subprocess.py:106} INFO - 25/12/16 03:29:53 INFO BlockManagerInfo: Removed broadcast_41_piece0 on 172.18.0.7:41729 in memory (size: 123.3 KiB, free: 434.2 MiB)
[2025-12-16T03:29:53.216+0000] {subprocess.py:106} INFO - 25/12/16 03:29:53 INFO SparkContext: Starting job: $anonfun$recordDeltaOperationInternal$1 at DatabricksLogging.scala:128
[2025-12-16T03:29:53.217+0000] {subprocess.py:106} INFO - 25/12/16 03:29:53 INFO DAGScheduler: Got job 27 ($anonfun$recordDeltaOperationInternal$1 at DatabricksLogging.scala:128) with 50 output partitions
[2025-12-16T03:29:53.218+0000] {subprocess.py:106} INFO - 25/12/16 03:29:53 INFO DAGScheduler: Final stage: ResultStage 43 ($anonfun$recordDeltaOperationInternal$1 at DatabricksLogging.scala:128)
[2025-12-16T03:29:53.218+0000] {subprocess.py:106} INFO - 25/12/16 03:29:53 INFO DAGScheduler: Parents of final stage: List(ShuffleMapStage 42)
[2025-12-16T03:29:53.219+0000] {subprocess.py:106} INFO - 25/12/16 03:29:53 INFO DAGScheduler: Missing parents: List()
[2025-12-16T03:29:53.219+0000] {subprocess.py:106} INFO - 25/12/16 03:29:53 INFO DAGScheduler: Submitting ResultStage 43 (MapPartitionsRDD[128] at $anonfun$recordDeltaOperationInternal$1 at DatabricksLogging.scala:128), which has no missing parents
[2025-12-16T03:29:53.224+0000] {subprocess.py:106} INFO - 25/12/16 03:29:53 INFO MemoryStore: Block broadcast_43 stored as values in memory (estimated size 592.2 KiB, free 431.4 MiB)
[2025-12-16T03:29:53.231+0000] {subprocess.py:106} INFO - 25/12/16 03:29:53 INFO MemoryStore: Block broadcast_43_piece0 stored as bytes in memory (estimated size 138.6 KiB, free 431.3 MiB)
[2025-12-16T03:29:53.233+0000] {subprocess.py:106} INFO - 25/12/16 03:29:53 INFO BlockManagerInfo: Added broadcast_43_piece0 in memory on 3ad9a82189be:37965 (size: 138.6 KiB, free: 433.9 MiB)
[2025-12-16T03:29:53.238+0000] {subprocess.py:106} INFO - 25/12/16 03:29:53 INFO SparkContext: Created broadcast 43 from broadcast at DAGScheduler.scala:1535
[2025-12-16T03:29:53.238+0000] {subprocess.py:106} INFO - 25/12/16 03:29:53 INFO DAGScheduler: Submitting 50 missing tasks from ResultStage 43 (MapPartitionsRDD[128] at $anonfun$recordDeltaOperationInternal$1 at DatabricksLogging.scala:128) (first 15 tasks are for partitions Vector(0, 1, 2, 3, 4, 5, 6, 7, 8, 9, 10, 11, 12, 13, 14))
[2025-12-16T03:29:53.241+0000] {subprocess.py:106} INFO - 25/12/16 03:29:53 INFO TaskSchedulerImpl: Adding task set 43.0 with 50 tasks resource profile 0
[2025-12-16T03:29:53.242+0000] {subprocess.py:106} INFO - 25/12/16 03:29:53 INFO TaskSetManager: Starting task 0.0 in stage 43.0 (TID 370) (172.18.0.7, executor 0, partition 0, PROCESS_LOCAL, 7367 bytes)
[2025-12-16T03:29:53.242+0000] {subprocess.py:106} INFO - 25/12/16 03:29:53 INFO TaskSetManager: Starting task 1.0 in stage 43.0 (TID 371) (172.18.0.7, executor 0, partition 1, PROCESS_LOCAL, 7367 bytes)
[2025-12-16T03:29:53.243+0000] {subprocess.py:106} INFO - 25/12/16 03:29:53 INFO TaskSetManager: Starting task 2.0 in stage 43.0 (TID 372) (172.18.0.7, executor 0, partition 2, PROCESS_LOCAL, 7367 bytes)
[2025-12-16T03:29:53.243+0000] {subprocess.py:106} INFO - 25/12/16 03:29:53 INFO TaskSetManager: Starting task 3.0 in stage 43.0 (TID 373) (172.18.0.7, executor 0, partition 3, PROCESS_LOCAL, 7367 bytes)
[2025-12-16T03:29:53.244+0000] {subprocess.py:106} INFO - 25/12/16 03:29:53 INFO TaskSetManager: Starting task 4.0 in stage 43.0 (TID 374) (172.18.0.7, executor 0, partition 4, PROCESS_LOCAL, 7367 bytes)
[2025-12-16T03:29:53.245+0000] {subprocess.py:106} INFO - 25/12/16 03:29:53 INFO TaskSetManager: Starting task 5.0 in stage 43.0 (TID 375) (172.18.0.7, executor 0, partition 5, PROCESS_LOCAL, 7367 bytes)
[2025-12-16T03:29:53.245+0000] {subprocess.py:106} INFO - 25/12/16 03:29:53 INFO TaskSetManager: Starting task 6.0 in stage 43.0 (TID 376) (172.18.0.7, executor 0, partition 6, PROCESS_LOCAL, 7367 bytes)
[2025-12-16T03:29:53.246+0000] {subprocess.py:106} INFO - 25/12/16 03:29:53 INFO TaskSetManager: Starting task 7.0 in stage 43.0 (TID 377) (172.18.0.7, executor 0, partition 7, PROCESS_LOCAL, 7367 bytes)
[2025-12-16T03:29:53.246+0000] {subprocess.py:106} INFO - 25/12/16 03:29:53 INFO TaskSetManager: Starting task 8.0 in stage 43.0 (TID 378) (172.18.0.7, executor 0, partition 8, PROCESS_LOCAL, 7367 bytes)
[2025-12-16T03:29:53.247+0000] {subprocess.py:106} INFO - 25/12/16 03:29:53 INFO TaskSetManager: Starting task 9.0 in stage 43.0 (TID 379) (172.18.0.7, executor 0, partition 9, PROCESS_LOCAL, 7367 bytes)
[2025-12-16T03:29:53.247+0000] {subprocess.py:106} INFO - 25/12/16 03:29:53 INFO TaskSetManager: Starting task 10.0 in stage 43.0 (TID 380) (172.18.0.7, executor 0, partition 10, PROCESS_LOCAL, 7367 bytes)
[2025-12-16T03:29:53.248+0000] {subprocess.py:106} INFO - 25/12/16 03:29:53 INFO TaskSetManager: Starting task 11.0 in stage 43.0 (TID 381) (172.18.0.7, executor 0, partition 11, PROCESS_LOCAL, 7367 bytes)
[2025-12-16T03:29:53.248+0000] {subprocess.py:106} INFO - 25/12/16 03:29:53 INFO TaskSetManager: Starting task 12.0 in stage 43.0 (TID 382) (172.18.0.7, executor 0, partition 12, PROCESS_LOCAL, 7367 bytes)
[2025-12-16T03:29:53.249+0000] {subprocess.py:106} INFO - 25/12/16 03:29:53 INFO TaskSetManager: Starting task 13.0 in stage 43.0 (TID 383) (172.18.0.7, executor 0, partition 13, PROCESS_LOCAL, 7367 bytes)
[2025-12-16T03:29:53.249+0000] {subprocess.py:106} INFO - 25/12/16 03:29:53 INFO TaskSetManager: Starting task 14.0 in stage 43.0 (TID 384) (172.18.0.7, executor 0, partition 14, PROCESS_LOCAL, 7367 bytes)
[2025-12-16T03:29:53.250+0000] {subprocess.py:106} INFO - 25/12/16 03:29:53 INFO TaskSetManager: Starting task 15.0 in stage 43.0 (TID 385) (172.18.0.7, executor 0, partition 15, PROCESS_LOCAL, 7367 bytes)
[2025-12-16T03:29:53.252+0000] {subprocess.py:106} INFO - 25/12/16 03:29:53 INFO BlockManagerInfo: Added broadcast_43_piece0 in memory on 172.18.0.7:41729 (size: 138.6 KiB, free: 434.1 MiB)
[2025-12-16T03:29:53.270+0000] {subprocess.py:106} INFO - 25/12/16 03:29:53 INFO TaskSetManager: Starting task 16.0 in stage 43.0 (TID 386) (172.18.0.7, executor 0, partition 16, PROCESS_LOCAL, 7367 bytes)
[2025-12-16T03:29:53.271+0000] {subprocess.py:106} INFO - 25/12/16 03:29:53 INFO TaskSetManager: Starting task 17.0 in stage 43.0 (TID 387) (172.18.0.7, executor 0, partition 17, PROCESS_LOCAL, 7367 bytes)
[2025-12-16T03:29:53.272+0000] {subprocess.py:106} INFO - 25/12/16 03:29:53 INFO TaskSetManager: Finished task 5.0 in stage 43.0 (TID 375) in 34 ms on 172.18.0.7 (executor 0) (1/50)
[2025-12-16T03:29:53.273+0000] {subprocess.py:106} INFO - 25/12/16 03:29:53 INFO TaskSetManager: Finished task 6.0 in stage 43.0 (TID 376) in 34 ms on 172.18.0.7 (executor 0) (2/50)
[2025-12-16T03:29:53.275+0000] {subprocess.py:106} INFO - 25/12/16 03:29:53 INFO TaskSetManager: Starting task 18.0 in stage 43.0 (TID 388) (172.18.0.7, executor 0, partition 18, PROCESS_LOCAL, 7367 bytes)
[2025-12-16T03:29:53.276+0000] {subprocess.py:106} INFO - 25/12/16 03:29:53 INFO TaskSetManager: Starting task 19.0 in stage 43.0 (TID 389) (172.18.0.7, executor 0, partition 19, PROCESS_LOCAL, 7367 bytes)
[2025-12-16T03:29:53.279+0000] {subprocess.py:106} INFO - 25/12/16 03:29:53 INFO TaskSetManager: Starting task 20.0 in stage 43.0 (TID 390) (172.18.0.7, executor 0, partition 20, PROCESS_LOCAL, 7367 bytes)
[2025-12-16T03:29:53.281+0000] {subprocess.py:106} INFO - 25/12/16 03:29:53 INFO TaskSetManager: Finished task 15.0 in stage 43.0 (TID 385) in 36 ms on 172.18.0.7 (executor 0) (3/50)
[2025-12-16T03:29:53.282+0000] {subprocess.py:106} INFO - 25/12/16 03:29:53 INFO TaskSetManager: Starting task 21.0 in stage 43.0 (TID 391) (172.18.0.7, executor 0, partition 21, PROCESS_LOCAL, 7367 bytes)
[2025-12-16T03:29:53.286+0000] {subprocess.py:106} INFO - 25/12/16 03:29:53 INFO TaskSetManager: Starting task 22.0 in stage 43.0 (TID 392) (172.18.0.7, executor 0, partition 22, PROCESS_LOCAL, 7367 bytes)
[2025-12-16T03:29:53.287+0000] {subprocess.py:106} INFO - 25/12/16 03:29:53 INFO TaskSetManager: Starting task 23.0 in stage 43.0 (TID 393) (172.18.0.7, executor 0, partition 23, PROCESS_LOCAL, 7367 bytes)
[2025-12-16T03:29:53.288+0000] {subprocess.py:106} INFO - 25/12/16 03:29:53 INFO TaskSetManager: Starting task 24.0 in stage 43.0 (TID 394) (172.18.0.7, executor 0, partition 24, PROCESS_LOCAL, 7367 bytes)
[2025-12-16T03:29:53.288+0000] {subprocess.py:106} INFO - 25/12/16 03:29:53 INFO TaskSetManager: Finished task 12.0 in stage 43.0 (TID 382) in 42 ms on 172.18.0.7 (executor 0) (4/50)
[2025-12-16T03:29:53.289+0000] {subprocess.py:106} INFO - 25/12/16 03:29:53 INFO TaskSetManager: Finished task 13.0 in stage 43.0 (TID 383) in 42 ms on 172.18.0.7 (executor 0) (5/50)
[2025-12-16T03:29:53.290+0000] {subprocess.py:106} INFO - 25/12/16 03:29:53 INFO TaskSetManager: Finished task 1.0 in stage 43.0 (TID 371) in 46 ms on 172.18.0.7 (executor 0) (6/50)
[2025-12-16T03:29:53.294+0000] {subprocess.py:106} INFO - 25/12/16 03:29:53 INFO TaskSetManager: Finished task 14.0 in stage 43.0 (TID 384) in 43 ms on 172.18.0.7 (executor 0) (7/50)
[2025-12-16T03:29:53.295+0000] {subprocess.py:106} INFO - 25/12/16 03:29:53 INFO TaskSetManager: Finished task 11.0 in stage 43.0 (TID 381) in 45 ms on 172.18.0.7 (executor 0) (8/50)
[2025-12-16T03:29:53.296+0000] {subprocess.py:106} INFO - 25/12/16 03:29:53 INFO TaskSetManager: Finished task 9.0 in stage 43.0 (TID 379) in 45 ms on 172.18.0.7 (executor 0) (9/50)
[2025-12-16T03:29:53.297+0000] {subprocess.py:106} INFO - 25/12/16 03:29:53 INFO TaskSetManager: Starting task 25.0 in stage 43.0 (TID 395) (172.18.0.7, executor 0, partition 25, PROCESS_LOCAL, 7367 bytes)
[2025-12-16T03:29:53.298+0000] {subprocess.py:106} INFO - 25/12/16 03:29:53 INFO TaskSetManager: Starting task 26.0 in stage 43.0 (TID 396) (172.18.0.7, executor 0, partition 26, PROCESS_LOCAL, 7367 bytes)
[2025-12-16T03:29:53.299+0000] {subprocess.py:106} INFO - 25/12/16 03:29:53 INFO TaskSetManager: Finished task 10.0 in stage 43.0 (TID 380) in 48 ms on 172.18.0.7 (executor 0) (10/50)
[2025-12-16T03:29:53.299+0000] {subprocess.py:106} INFO - 25/12/16 03:29:53 INFO TaskSetManager: Finished task 0.0 in stage 43.0 (TID 370) in 52 ms on 172.18.0.7 (executor 0) (11/50)
[2025-12-16T03:29:53.300+0000] {subprocess.py:106} INFO - 25/12/16 03:29:53 INFO TaskSetManager: Finished task 2.0 in stage 43.0 (TID 372) in 52 ms on 172.18.0.7 (executor 0) (12/50)
[2025-12-16T03:29:53.301+0000] {subprocess.py:106} INFO - 25/12/16 03:29:53 INFO TaskSetManager: Starting task 27.0 in stage 43.0 (TID 397) (172.18.0.7, executor 0, partition 27, PROCESS_LOCAL, 7367 bytes)
[2025-12-16T03:29:53.302+0000] {subprocess.py:106} INFO - 25/12/16 03:29:53 INFO TaskSetManager: Starting task 28.0 in stage 43.0 (TID 398) (172.18.0.7, executor 0, partition 28, PROCESS_LOCAL, 7367 bytes)
[2025-12-16T03:29:53.302+0000] {subprocess.py:106} INFO - 25/12/16 03:29:53 INFO TaskSetManager: Starting task 29.0 in stage 43.0 (TID 399) (172.18.0.7, executor 0, partition 29, PROCESS_LOCAL, 7367 bytes)
[2025-12-16T03:29:53.326+0000] {subprocess.py:106} INFO - 25/12/16 03:29:53 INFO TaskSetManager: Finished task 17.0 in stage 43.0 (TID 387) in 48 ms on 172.18.0.7 (executor 0) (13/50)
[2025-12-16T03:29:53.330+0000] {subprocess.py:106} INFO - 25/12/16 03:29:53 INFO TaskSetManager: Starting task 30.0 in stage 43.0 (TID 400) (172.18.0.7, executor 0, partition 30, PROCESS_LOCAL, 7367 bytes)
[2025-12-16T03:29:53.331+0000] {subprocess.py:106} INFO - 25/12/16 03:29:53 INFO TaskSetManager: Starting task 31.0 in stage 43.0 (TID 401) (172.18.0.7, executor 0, partition 31, PROCESS_LOCAL, 7367 bytes)
[2025-12-16T03:29:53.332+0000] {subprocess.py:106} INFO - 25/12/16 03:29:53 INFO TaskSetManager: Finished task 3.0 in stage 43.0 (TID 373) in 83 ms on 172.18.0.7 (executor 0) (14/50)
[2025-12-16T03:29:53.333+0000] {subprocess.py:106} INFO - 25/12/16 03:29:53 INFO TaskSetManager: Starting task 32.0 in stage 43.0 (TID 402) (172.18.0.7, executor 0, partition 32, PROCESS_LOCAL, 7367 bytes)
[2025-12-16T03:29:53.334+0000] {subprocess.py:106} INFO - 25/12/16 03:29:53 INFO TaskSetManager: Starting task 33.0 in stage 43.0 (TID 403) (172.18.0.7, executor 0, partition 33, PROCESS_LOCAL, 7367 bytes)
[2025-12-16T03:29:53.335+0000] {subprocess.py:106} INFO - 25/12/16 03:29:53 INFO TaskSetManager: Finished task 18.0 in stage 43.0 (TID 388) in 49 ms on 172.18.0.7 (executor 0) (15/50)
[2025-12-16T03:29:53.336+0000] {subprocess.py:106} INFO - 25/12/16 03:29:53 INFO TaskSetManager: Finished task 19.0 in stage 43.0 (TID 389) in 48 ms on 172.18.0.7 (executor 0) (16/50)
[2025-12-16T03:29:53.337+0000] {subprocess.py:106} INFO - 25/12/16 03:29:53 INFO TaskSetManager: Finished task 4.0 in stage 43.0 (TID 374) in 85 ms on 172.18.0.7 (executor 0) (17/50)
[2025-12-16T03:29:53.338+0000] {subprocess.py:106} INFO - 25/12/16 03:29:53 INFO TaskSetManager: Finished task 8.0 in stage 43.0 (TID 378) in 85 ms on 172.18.0.7 (executor 0) (18/50)
[2025-12-16T03:29:53.339+0000] {subprocess.py:106} INFO - 25/12/16 03:29:53 INFO TaskSetManager: Starting task 34.0 in stage 43.0 (TID 404) (172.18.0.7, executor 0, partition 34, PROCESS_LOCAL, 7367 bytes)
[2025-12-16T03:29:53.340+0000] {subprocess.py:106} INFO - 25/12/16 03:29:53 INFO TaskSetManager: Starting task 35.0 in stage 43.0 (TID 405) (172.18.0.7, executor 0, partition 35, PROCESS_LOCAL, 7367 bytes)
[2025-12-16T03:29:53.341+0000] {subprocess.py:106} INFO - 25/12/16 03:29:53 INFO TaskSetManager: Starting task 36.0 in stage 43.0 (TID 406) (172.18.0.7, executor 0, partition 36, PROCESS_LOCAL, 7367 bytes)
[2025-12-16T03:29:53.341+0000] {subprocess.py:106} INFO - 25/12/16 03:29:53 INFO TaskSetManager: Finished task 7.0 in stage 43.0 (TID 377) in 89 ms on 172.18.0.7 (executor 0) (19/50)
[2025-12-16T03:29:53.346+0000] {subprocess.py:106} INFO - 25/12/16 03:29:53 INFO TaskSetManager: Finished task 20.0 in stage 43.0 (TID 390) in 53 ms on 172.18.0.7 (executor 0) (20/50)
[2025-12-16T03:29:53.347+0000] {subprocess.py:106} INFO - 25/12/16 03:29:53 INFO TaskSetManager: Starting task 37.0 in stage 43.0 (TID 407) (172.18.0.7, executor 0, partition 37, PROCESS_LOCAL, 7367 bytes)
[2025-12-16T03:29:53.348+0000] {subprocess.py:106} INFO - 25/12/16 03:29:53 INFO TaskSetManager: Finished task 24.0 in stage 43.0 (TID 394) in 50 ms on 172.18.0.7 (executor 0) (21/50)
[2025-12-16T03:29:53.349+0000] {subprocess.py:106} INFO - 25/12/16 03:29:53 INFO TaskSetManager: Finished task 21.0 in stage 43.0 (TID 391) in 55 ms on 172.18.0.7 (executor 0) (22/50)
[2025-12-16T03:29:53.350+0000] {subprocess.py:106} INFO - 25/12/16 03:29:53 INFO TaskSetManager: Starting task 38.0 in stage 43.0 (TID 408) (172.18.0.7, executor 0, partition 38, PROCESS_LOCAL, 7367 bytes)
[2025-12-16T03:29:53.351+0000] {subprocess.py:106} INFO - 25/12/16 03:29:53 INFO TaskSetManager: Starting task 39.0 in stage 43.0 (TID 409) (172.18.0.7, executor 0, partition 39, PROCESS_LOCAL, 7367 bytes)
[2025-12-16T03:29:53.352+0000] {subprocess.py:106} INFO - 25/12/16 03:29:53 INFO TaskSetManager: Finished task 16.0 in stage 43.0 (TID 386) in 69 ms on 172.18.0.7 (executor 0) (23/50)
[2025-12-16T03:29:53.353+0000] {subprocess.py:106} INFO - 25/12/16 03:29:53 INFO TaskSetManager: Starting task 40.0 in stage 43.0 (TID 410) (172.18.0.7, executor 0, partition 40, PROCESS_LOCAL, 7367 bytes)
[2025-12-16T03:29:53.353+0000] {subprocess.py:106} INFO - 25/12/16 03:29:53 INFO TaskSetManager: Finished task 27.0 in stage 43.0 (TID 397) in 52 ms on 172.18.0.7 (executor 0) (24/50)
[2025-12-16T03:29:53.354+0000] {subprocess.py:106} INFO - 25/12/16 03:29:53 INFO TaskSetManager: Finished task 23.0 in stage 43.0 (TID 393) in 61 ms on 172.18.0.7 (executor 0) (25/50)
[2025-12-16T03:29:53.355+0000] {subprocess.py:106} INFO - 25/12/16 03:29:53 INFO TaskSetManager: Starting task 41.0 in stage 43.0 (TID 411) (172.18.0.7, executor 0, partition 41, PROCESS_LOCAL, 7367 bytes)
[2025-12-16T03:29:53.356+0000] {subprocess.py:106} INFO - 25/12/16 03:29:53 INFO TaskSetManager: Starting task 42.0 in stage 43.0 (TID 412) (172.18.0.7, executor 0, partition 42, PROCESS_LOCAL, 7367 bytes)
[2025-12-16T03:29:53.358+0000] {subprocess.py:106} INFO - 25/12/16 03:29:53 INFO TaskSetManager: Finished task 25.0 in stage 43.0 (TID 395) in 59 ms on 172.18.0.7 (executor 0) (26/50)
[2025-12-16T03:29:53.359+0000] {subprocess.py:106} INFO - 25/12/16 03:29:53 INFO TaskSetManager: Starting task 43.0 in stage 43.0 (TID 413) (172.18.0.7, executor 0, partition 43, PROCESS_LOCAL, 7367 bytes)
[2025-12-16T03:29:53.366+0000] {subprocess.py:106} INFO - 25/12/16 03:29:53 INFO TaskSetManager: Finished task 26.0 in stage 43.0 (TID 396) in 58 ms on 172.18.0.7 (executor 0) (27/50)
[2025-12-16T03:29:53.368+0000] {subprocess.py:106} INFO - 25/12/16 03:29:53 INFO TaskSetManager: Starting task 44.0 in stage 43.0 (TID 414) (172.18.0.7, executor 0, partition 44, PROCESS_LOCAL, 7367 bytes)
[2025-12-16T03:29:53.369+0000] {subprocess.py:106} INFO - 25/12/16 03:29:53 INFO TaskSetManager: Starting task 45.0 in stage 43.0 (TID 415) (172.18.0.7, executor 0, partition 45, PROCESS_LOCAL, 7367 bytes)
[2025-12-16T03:29:53.370+0000] {subprocess.py:106} INFO - 25/12/16 03:29:53 INFO TaskSetManager: Finished task 22.0 in stage 43.0 (TID 392) in 66 ms on 172.18.0.7 (executor 0) (28/50)
[2025-12-16T03:29:53.371+0000] {subprocess.py:106} INFO - 25/12/16 03:29:53 INFO TaskSetManager: Finished task 28.0 in stage 43.0 (TID 398) in 51 ms on 172.18.0.7 (executor 0) (29/50)
[2025-12-16T03:29:53.372+0000] {subprocess.py:106} INFO - 25/12/16 03:29:53 INFO TaskSetManager: Finished task 33.0 in stage 43.0 (TID 403) in 25 ms on 172.18.0.7 (executor 0) (30/50)
[2025-12-16T03:29:53.373+0000] {subprocess.py:106} INFO - 25/12/16 03:29:53 INFO TaskSetManager: Starting task 46.0 in stage 43.0 (TID 416) (172.18.0.7, executor 0, partition 46, PROCESS_LOCAL, 7367 bytes)
[2025-12-16T03:29:53.374+0000] {subprocess.py:106} INFO - 25/12/16 03:29:53 INFO TaskSetManager: Finished task 30.0 in stage 43.0 (TID 400) in 32 ms on 172.18.0.7 (executor 0) (31/50)
[2025-12-16T03:29:53.375+0000] {subprocess.py:106} INFO - 25/12/16 03:29:53 INFO TaskSetManager: Starting task 47.0 in stage 43.0 (TID 417) (172.18.0.7, executor 0, partition 47, PROCESS_LOCAL, 7367 bytes)
[2025-12-16T03:29:53.376+0000] {subprocess.py:106} INFO - 25/12/16 03:29:53 INFO TaskSetManager: Finished task 32.0 in stage 43.0 (TID 402) in 36 ms on 172.18.0.7 (executor 0) (32/50)
[2025-12-16T03:29:53.376+0000] {subprocess.py:106} INFO - 25/12/16 03:29:53 INFO TaskSetManager: Starting task 48.0 in stage 43.0 (TID 418) (172.18.0.7, executor 0, partition 48, PROCESS_LOCAL, 7367 bytes)
[2025-12-16T03:29:53.377+0000] {subprocess.py:106} INFO - 25/12/16 03:29:53 INFO TaskSetManager: Finished task 29.0 in stage 43.0 (TID 399) in 64 ms on 172.18.0.7 (executor 0) (33/50)
[2025-12-16T03:29:53.378+0000] {subprocess.py:106} INFO - 25/12/16 03:29:53 INFO TaskSetManager: Starting task 49.0 in stage 43.0 (TID 419) (172.18.0.7, executor 0, partition 49, PROCESS_LOCAL, 7367 bytes)
[2025-12-16T03:29:53.379+0000] {subprocess.py:106} INFO - 25/12/16 03:29:53 INFO TaskSetManager: Finished task 37.0 in stage 43.0 (TID 407) in 38 ms on 172.18.0.7 (executor 0) (34/50)
[2025-12-16T03:29:53.379+0000] {subprocess.py:106} INFO - 25/12/16 03:29:53 INFO TaskSetManager: Finished task 31.0 in stage 43.0 (TID 401) in 47 ms on 172.18.0.7 (executor 0) (35/50)
[2025-12-16T03:29:53.380+0000] {subprocess.py:106} INFO - 25/12/16 03:29:53 INFO TaskSetManager: Finished task 39.0 in stage 43.0 (TID 409) in 34 ms on 172.18.0.7 (executor 0) (36/50)
[2025-12-16T03:29:53.380+0000] {subprocess.py:106} INFO - 25/12/16 03:29:53 INFO TaskSetManager: Finished task 41.0 in stage 43.0 (TID 411) in 31 ms on 172.18.0.7 (executor 0) (37/50)
[2025-12-16T03:29:53.381+0000] {subprocess.py:106} INFO - 25/12/16 03:29:53 INFO TaskSetManager: Finished task 46.0 in stage 43.0 (TID 416) in 24 ms on 172.18.0.7 (executor 0) (38/50)
[2025-12-16T03:29:53.382+0000] {subprocess.py:106} INFO - 25/12/16 03:29:53 INFO TaskSetManager: Finished task 45.0 in stage 43.0 (TID 415) in 30 ms on 172.18.0.7 (executor 0) (39/50)
[2025-12-16T03:29:53.383+0000] {subprocess.py:106} INFO - 25/12/16 03:29:53 INFO TaskSetManager: Finished task 42.0 in stage 43.0 (TID 412) in 32 ms on 172.18.0.7 (executor 0) (40/50)
[2025-12-16T03:29:53.384+0000] {subprocess.py:106} INFO - 25/12/16 03:29:53 INFO TaskSetManager: Finished task 43.0 in stage 43.0 (TID 413) in 31 ms on 172.18.0.7 (executor 0) (41/50)
[2025-12-16T03:29:53.385+0000] {subprocess.py:106} INFO - 25/12/16 03:29:53 INFO TaskSetManager: Finished task 36.0 in stage 43.0 (TID 406) in 49 ms on 172.18.0.7 (executor 0) (42/50)
[2025-12-16T03:29:53.387+0000] {subprocess.py:106} INFO - 25/12/16 03:29:53 INFO TaskSetManager: Finished task 40.0 in stage 43.0 (TID 410) in 48 ms on 172.18.0.7 (executor 0) (43/50)
[2025-12-16T03:29:53.388+0000] {subprocess.py:106} INFO - 25/12/16 03:29:53 INFO TaskSetManager: Finished task 35.0 in stage 43.0 (TID 405) in 64 ms on 172.18.0.7 (executor 0) (44/50)
[2025-12-16T03:29:53.389+0000] {subprocess.py:106} INFO - 25/12/16 03:29:53 INFO TaskSetManager: Finished task 38.0 in stage 43.0 (TID 408) in 58 ms on 172.18.0.7 (executor 0) (45/50)
[2025-12-16T03:29:53.390+0000] {subprocess.py:106} INFO - 25/12/16 03:29:53 INFO TaskSetManager: Finished task 48.0 in stage 43.0 (TID 418) in 32 ms on 172.18.0.7 (executor 0) (46/50)
[2025-12-16T03:29:53.391+0000] {subprocess.py:106} INFO - 25/12/16 03:29:53 INFO TaskSetManager: Finished task 34.0 in stage 43.0 (TID 404) in 68 ms on 172.18.0.7 (executor 0) (47/50)
[2025-12-16T03:29:53.391+0000] {subprocess.py:106} INFO - 25/12/16 03:29:53 INFO TaskSetManager: Finished task 47.0 in stage 43.0 (TID 417) in 34 ms on 172.18.0.7 (executor 0) (48/50)
[2025-12-16T03:29:53.392+0000] {subprocess.py:106} INFO - 25/12/16 03:29:53 INFO TaskSetManager: Finished task 44.0 in stage 43.0 (TID 414) in 50 ms on 172.18.0.7 (executor 0) (49/50)
[2025-12-16T03:29:53.394+0000] {subprocess.py:106} INFO - 25/12/16 03:29:53 INFO TaskSetManager: Finished task 49.0 in stage 43.0 (TID 419) in 30 ms on 172.18.0.7 (executor 0) (50/50)
[2025-12-16T03:29:53.395+0000] {subprocess.py:106} INFO - 25/12/16 03:29:53 INFO TaskSchedulerImpl: Removed TaskSet 43.0, whose tasks have all completed, from pool
[2025-12-16T03:29:53.396+0000] {subprocess.py:106} INFO - 25/12/16 03:29:53 INFO DAGScheduler: ResultStage 43 ($anonfun$recordDeltaOperationInternal$1 at DatabricksLogging.scala:128) finished in 0.175 s
[2025-12-16T03:29:53.396+0000] {subprocess.py:106} INFO - 25/12/16 03:29:53 INFO DAGScheduler: Job 27 is finished. Cancelling potential speculative or zombie tasks for this job
[2025-12-16T03:29:53.397+0000] {subprocess.py:106} INFO - 25/12/16 03:29:53 INFO TaskSchedulerImpl: Killing all running tasks in stage 43: Stage finished
[2025-12-16T03:29:53.397+0000] {subprocess.py:106} INFO - 25/12/16 03:29:53 INFO DAGScheduler: Job 27 finished: $anonfun$recordDeltaOperationInternal$1 at DatabricksLogging.scala:128, took 0.179348 s
[2025-12-16T03:29:53.402+0000] {subprocess.py:106} INFO - 25/12/16 03:29:53 INFO PrepareDeltaScan: DELTA: Done
[2025-12-16T03:29:53.405+0000] {subprocess.py:106} INFO - 25/12/16 03:29:53 INFO FileSourceStrategy: Pushed Filters:
[2025-12-16T03:29:53.406+0000] {subprocess.py:106} INFO - 25/12/16 03:29:53 INFO FileSourceStrategy: Post-Scan Filters:
[2025-12-16T03:29:53.410+0000] {subprocess.py:106} INFO - 25/12/16 03:29:53 INFO ParquetUtils: Using default output committer for Parquet: org.apache.parquet.hadoop.ParquetOutputCommitter
[2025-12-16T03:29:53.425+0000] {subprocess.py:106} INFO - 25/12/16 03:29:53 INFO CodeGenerator: Code generated in 11.133231 ms
[2025-12-16T03:29:53.428+0000] {subprocess.py:106} INFO - 25/12/16 03:29:53 INFO MemoryStore: Block broadcast_44 stored as values in memory (estimated size 214.5 KiB, free 431.0 MiB)
[2025-12-16T03:29:53.434+0000] {subprocess.py:106} INFO - 25/12/16 03:29:53 INFO MemoryStore: Block broadcast_44_piece0 stored as bytes in memory (estimated size 37.0 KiB, free 431.0 MiB)
[2025-12-16T03:29:53.435+0000] {subprocess.py:106} INFO - 25/12/16 03:29:53 INFO BlockManagerInfo: Added broadcast_44_piece0 in memory on 3ad9a82189be:37965 (size: 37.0 KiB, free: 433.9 MiB)
[2025-12-16T03:29:53.436+0000] {subprocess.py:106} INFO - 25/12/16 03:29:53 INFO SparkContext: Created broadcast 44 from save at <unknown>:0
[2025-12-16T03:29:53.437+0000] {subprocess.py:106} INFO - 25/12/16 03:29:53 INFO FileSourceScanExec: Planning scan with bin packing, max size: 4194304 bytes, open cost is considered as scanning 4194304 bytes.
[2025-12-16T03:29:53.455+0000] {subprocess.py:106} INFO - 25/12/16 03:29:53 INFO BlockManagerInfo: Removed broadcast_43_piece0 on 3ad9a82189be:37965 in memory (size: 138.6 KiB, free: 434.0 MiB)
[2025-12-16T03:29:53.456+0000] {subprocess.py:106} INFO - 25/12/16 03:29:53 INFO BlockManagerInfo: Removed broadcast_43_piece0 on 172.18.0.7:41729 in memory (size: 138.6 KiB, free: 434.2 MiB)
[2025-12-16T03:29:53.471+0000] {subprocess.py:106} INFO - 25/12/16 03:29:53 INFO SparkContext: Starting job: save at <unknown>:0
[2025-12-16T03:29:53.472+0000] {subprocess.py:106} INFO - 25/12/16 03:29:53 INFO DAGScheduler: Got job 28 (save at <unknown>:0) with 1 output partitions
[2025-12-16T03:29:53.472+0000] {subprocess.py:106} INFO - 25/12/16 03:29:53 INFO DAGScheduler: Final stage: ResultStage 44 (save at <unknown>:0)
[2025-12-16T03:29:53.473+0000] {subprocess.py:106} INFO - 25/12/16 03:29:53 INFO DAGScheduler: Parents of final stage: List()
[2025-12-16T03:29:53.473+0000] {subprocess.py:106} INFO - 25/12/16 03:29:53 INFO DAGScheduler: Missing parents: List()
[2025-12-16T03:29:53.474+0000] {subprocess.py:106} INFO - 25/12/16 03:29:53 INFO DAGScheduler: Submitting ResultStage 44 (MapPartitionsRDD[131] at save at <unknown>:0), which has no missing parents
[2025-12-16T03:29:53.495+0000] {subprocess.py:106} INFO - 25/12/16 03:29:53 INFO MemoryStore: Block broadcast_45 stored as values in memory (estimated size 355.0 KiB, free 431.4 MiB)
[2025-12-16T03:29:53.498+0000] {subprocess.py:106} INFO - 25/12/16 03:29:53 INFO MemoryStore: Block broadcast_45_piece0 stored as bytes in memory (estimated size 127.3 KiB, free 431.3 MiB)
[2025-12-16T03:29:53.499+0000] {subprocess.py:106} INFO - 25/12/16 03:29:53 INFO BlockManagerInfo: Added broadcast_45_piece0 in memory on 3ad9a82189be:37965 (size: 127.3 KiB, free: 433.9 MiB)
[2025-12-16T03:29:53.499+0000] {subprocess.py:106} INFO - 25/12/16 03:29:53 INFO SparkContext: Created broadcast 45 from broadcast at DAGScheduler.scala:1535
[2025-12-16T03:29:53.500+0000] {subprocess.py:106} INFO - 25/12/16 03:29:53 INFO DAGScheduler: Submitting 1 missing tasks from ResultStage 44 (MapPartitionsRDD[131] at save at <unknown>:0) (first 15 tasks are for partitions Vector(0))
[2025-12-16T03:29:53.501+0000] {subprocess.py:106} INFO - 25/12/16 03:29:53 INFO TaskSchedulerImpl: Adding task set 44.0 with 1 tasks resource profile 0
[2025-12-16T03:29:53.501+0000] {subprocess.py:106} INFO - 25/12/16 03:29:53 INFO TaskSetManager: Starting task 0.0 in stage 44.0 (TID 420) (172.18.0.7, executor 0, partition 0, PROCESS_LOCAL, 7973 bytes)
[2025-12-16T03:29:53.512+0000] {subprocess.py:106} INFO - 25/12/16 03:29:53 INFO BlockManagerInfo: Added broadcast_45_piece0 in memory on 172.18.0.7:41729 (size: 127.3 KiB, free: 434.1 MiB)
[2025-12-16T03:29:53.639+0000] {subprocess.py:106} INFO - 25/12/16 03:29:53 INFO BlockManagerInfo: Added broadcast_44_piece0 in memory on 172.18.0.7:41729 (size: 37.0 KiB, free: 434.0 MiB)
[2025-12-16T03:29:53.753+0000] {subprocess.py:106} INFO - 25/12/16 03:29:53 INFO TaskSetManager: Finished task 0.0 in stage 44.0 (TID 420) in 252 ms on 172.18.0.7 (executor 0) (1/1)
[2025-12-16T03:29:53.754+0000] {subprocess.py:106} INFO - 25/12/16 03:29:53 INFO TaskSchedulerImpl: Removed TaskSet 44.0, whose tasks have all completed, from pool
[2025-12-16T03:29:53.755+0000] {subprocess.py:106} INFO - 25/12/16 03:29:53 INFO DAGScheduler: ResultStage 44 (save at <unknown>:0) finished in 0.281 s
[2025-12-16T03:29:53.755+0000] {subprocess.py:106} INFO - 25/12/16 03:29:53 INFO DAGScheduler: Job 28 is finished. Cancelling potential speculative or zombie tasks for this job
[2025-12-16T03:29:53.756+0000] {subprocess.py:106} INFO - 25/12/16 03:29:53 INFO TaskSchedulerImpl: Killing all running tasks in stage 44: Stage finished
[2025-12-16T03:29:53.757+0000] {subprocess.py:106} INFO - 25/12/16 03:29:53 INFO DAGScheduler: Job 28 finished: save at <unknown>:0, took 0.283855 s
[2025-12-16T03:29:53.757+0000] {subprocess.py:106} INFO - 25/12/16 03:29:53 INFO FileFormatWriter: Start to commit write Job 58919d08-223f-4f2e-8afb-c451dfe074b6.
[2025-12-16T03:29:53.758+0000] {subprocess.py:106} INFO - 25/12/16 03:29:53 INFO FileFormatWriter: Write Job 58919d08-223f-4f2e-8afb-c451dfe074b6 committed. Elapsed time: 0 ms.
[2025-12-16T03:29:53.758+0000] {subprocess.py:106} INFO - 25/12/16 03:29:53 INFO FileFormatWriter: Finished processing stats for write job 58919d08-223f-4f2e-8afb-c451dfe074b6.
[2025-12-16T03:29:53.844+0000] {subprocess.py:106} INFO - 25/12/16 03:29:53 INFO BlockManagerInfo: Removed broadcast_45_piece0 on 3ad9a82189be:37965 in memory (size: 127.3 KiB, free: 434.0 MiB)
[2025-12-16T03:29:53.845+0000] {subprocess.py:106} INFO - 25/12/16 03:29:53 INFO BlockManagerInfo: Removed broadcast_45_piece0 on 172.18.0.7:41729 in memory (size: 127.3 KiB, free: 434.2 MiB)
[2025-12-16T03:29:53.887+0000] {subprocess.py:106} INFO - 25/12/16 03:29:53 INFO SparkContext: Starting job: $anonfun$recordDeltaOperationInternal$1 at DatabricksLogging.scala:128
[2025-12-16T03:29:53.888+0000] {subprocess.py:106} INFO - 25/12/16 03:29:53 INFO DAGScheduler: Job 29 finished: $anonfun$recordDeltaOperationInternal$1 at DatabricksLogging.scala:128, took 0.000685 s
[2025-12-16T03:29:53.900+0000] {subprocess.py:106} INFO - 25/12/16 03:29:53 INFO OptimisticTransaction: [tableId=f44013fb,txnId=fb172aeb] Attempting to commit version 0 with 4 actions with Serializable isolation level
[2025-12-16T03:29:53.971+0000] {subprocess.py:106} INFO - 25/12/16 03:29:53 INFO DeltaLog: Creating a new snapshot v0 for commit version 0
[2025-12-16T03:29:53.972+0000] {subprocess.py:106} INFO - 25/12/16 03:29:53 INFO DeltaLog: Loading version 0.
[2025-12-16T03:29:53.976+0000] {subprocess.py:106} INFO - 25/12/16 03:29:53 INFO DeltaLogFileIndex: Created DeltaLogFileIndex(JSON, numFilesInSegment: 1, totalFileSize: 1864)
[2025-12-16T03:29:53.998+0000] {subprocess.py:106} INFO - 25/12/16 03:29:53 INFO FileSourceStrategy: Pushed Filters:
[2025-12-16T03:29:53.999+0000] {subprocess.py:106} INFO - 25/12/16 03:29:53 INFO FileSourceStrategy: Post-Scan Filters:
[2025-12-16T03:29:54.009+0000] {subprocess.py:106} INFO - 25/12/16 03:29:54 INFO MemoryStore: Block broadcast_46 stored as values in memory (estimated size 212.9 KiB, free 431.5 MiB)
[2025-12-16T03:29:54.015+0000] {subprocess.py:106} INFO - 25/12/16 03:29:54 INFO MemoryStore: Block broadcast_46_piece0 stored as bytes in memory (estimated size 36.4 KiB, free 431.5 MiB)
[2025-12-16T03:29:54.016+0000] {subprocess.py:106} INFO - 25/12/16 03:29:54 INFO BlockManagerInfo: Added broadcast_46_piece0 in memory on 3ad9a82189be:37965 (size: 36.4 KiB, free: 434.0 MiB)
[2025-12-16T03:29:54.016+0000] {subprocess.py:106} INFO - 25/12/16 03:29:54 INFO SparkContext: Created broadcast 46 from toString at <unknown>:0
[2025-12-16T03:29:54.017+0000] {subprocess.py:106} INFO - 25/12/16 03:29:54 INFO FileSourceScanExec: Planning scan with bin packing, max size: 4194304 bytes, open cost is considered as scanning 4194304 bytes.
[2025-12-16T03:29:54.026+0000] {subprocess.py:106} INFO - 25/12/16 03:29:54 INFO SparkContext: Starting job: toString at <unknown>:0
[2025-12-16T03:29:54.027+0000] {subprocess.py:106} INFO - 25/12/16 03:29:54 INFO DAGScheduler: Got job 30 (toString at <unknown>:0) with 1 output partitions
[2025-12-16T03:29:54.030+0000] {subprocess.py:106} INFO - 25/12/16 03:29:54 INFO DAGScheduler: Final stage: ResultStage 45 (toString at <unknown>:0)
[2025-12-16T03:29:54.030+0000] {subprocess.py:106} INFO - 25/12/16 03:29:54 INFO DAGScheduler: Parents of final stage: List()
[2025-12-16T03:29:54.031+0000] {subprocess.py:106} INFO - 25/12/16 03:29:54 INFO DAGScheduler: Missing parents: List()
[2025-12-16T03:29:54.032+0000] {subprocess.py:106} INFO - 25/12/16 03:29:54 INFO DAGScheduler: Submitting ResultStage 45 (MapPartitionsRDD[139] at toString at <unknown>:0), which has no missing parents
[2025-12-16T03:29:54.032+0000] {subprocess.py:106} INFO - 25/12/16 03:29:54 INFO MemoryStore: Block broadcast_47 stored as values in memory (estimated size 50.4 KiB, free 431.4 MiB)
[2025-12-16T03:29:54.033+0000] {subprocess.py:106} INFO - 25/12/16 03:29:54 INFO MemoryStore: Block broadcast_47_piece0 stored as bytes in memory (estimated size 15.5 KiB, free 431.4 MiB)
[2025-12-16T03:29:54.033+0000] {subprocess.py:106} INFO - 25/12/16 03:29:54 INFO BlockManagerInfo: Added broadcast_47_piece0 in memory on 3ad9a82189be:37965 (size: 15.5 KiB, free: 434.0 MiB)
[2025-12-16T03:29:54.033+0000] {subprocess.py:106} INFO - 25/12/16 03:29:54 INFO SparkContext: Created broadcast 47 from broadcast at DAGScheduler.scala:1535
[2025-12-16T03:29:54.034+0000] {subprocess.py:106} INFO - 25/12/16 03:29:54 INFO DAGScheduler: Submitting 1 missing tasks from ResultStage 45 (MapPartitionsRDD[139] at toString at <unknown>:0) (first 15 tasks are for partitions Vector(0))
[2025-12-16T03:29:54.034+0000] {subprocess.py:106} INFO - 25/12/16 03:29:54 INFO TaskSchedulerImpl: Adding task set 45.0 with 1 tasks resource profile 0
[2025-12-16T03:29:54.035+0000] {subprocess.py:106} INFO - 25/12/16 03:29:54 INFO TaskSetManager: Starting task 0.0 in stage 45.0 (TID 421) (172.18.0.7, executor 0, partition 0, PROCESS_LOCAL, 7944 bytes)
[2025-12-16T03:29:54.043+0000] {subprocess.py:106} INFO - 25/12/16 03:29:54 INFO BlockManagerInfo: Added broadcast_47_piece0 in memory on 172.18.0.7:41729 (size: 15.5 KiB, free: 434.2 MiB)
[2025-12-16T03:29:54.054+0000] {subprocess.py:106} INFO - 25/12/16 03:29:54 INFO BlockManagerInfo: Added broadcast_46_piece0 in memory on 172.18.0.7:41729 (size: 36.4 KiB, free: 434.1 MiB)
[2025-12-16T03:29:54.078+0000] {subprocess.py:106} INFO - 25/12/16 03:29:54 INFO TaskSetManager: Finished task 0.0 in stage 45.0 (TID 421) in 43 ms on 172.18.0.7 (executor 0) (1/1)
[2025-12-16T03:29:54.079+0000] {subprocess.py:106} INFO - 25/12/16 03:29:54 INFO TaskSchedulerImpl: Removed TaskSet 45.0, whose tasks have all completed, from pool
[2025-12-16T03:29:54.080+0000] {subprocess.py:106} INFO - 25/12/16 03:29:54 INFO DAGScheduler: ResultStage 45 (toString at <unknown>:0) finished in 0.050 s
[2025-12-16T03:29:54.081+0000] {subprocess.py:106} INFO - 25/12/16 03:29:54 INFO DAGScheduler: Job 30 is finished. Cancelling potential speculative or zombie tasks for this job
[2025-12-16T03:29:54.082+0000] {subprocess.py:106} INFO - 25/12/16 03:29:54 INFO TaskSchedulerImpl: Killing all running tasks in stage 45: Stage finished
[2025-12-16T03:29:54.082+0000] {subprocess.py:106} INFO - 25/12/16 03:29:54 INFO DAGScheduler: Job 30 finished: toString at <unknown>:0, took 0.052666 s
[2025-12-16T03:29:54.087+0000] {subprocess.py:106} INFO - 25/12/16 03:29:54 INFO BlockManagerInfo: Removed broadcast_47_piece0 on 3ad9a82189be:37965 in memory (size: 15.5 KiB, free: 434.0 MiB)
[2025-12-16T03:29:54.088+0000] {subprocess.py:106} INFO - 25/12/16 03:29:54 INFO BlockManagerInfo: Removed broadcast_47_piece0 on 172.18.0.7:41729 in memory (size: 15.5 KiB, free: 434.1 MiB)
[2025-12-16T03:29:54.090+0000] {subprocess.py:106} INFO - 25/12/16 03:29:54 INFO Snapshot: [tableId=f44013fb-5120-4a0b-b1ec-886fd1e4cc3f] Created snapshot Snapshot(path=s3a://gold/dim_branches/_delta_log, version=0, metadata=Metadata(85fe58c8-48ef-4a7e-a6a2-f52c2432683a,null,null,Format(parquet,Map()),{"type":"struct","fields":[{"name":"branch_key","type":"string","nullable":true,"metadata":{}},{"name":"branch_id","type":"string","nullable":true,"metadata":{}},{"name":"branch_name","type":"string","nullable":true,"metadata":{}},{"name":"branch_type","type":"string","nullable":true,"metadata":{}},{"name":"status","type":"string","nullable":true,"metadata":{}},{"name":"last_updated","type":"timestamp","nullable":true,"metadata":{}}]},List(),Map(),Some(1765855791991)), logSegment=LogSegment(s3a://gold/dim_branches/_delta_log,0,WrappedArray(S3AFileStatus{path=s3a://gold/dim_branches/_delta_log/00000000000000000000.json; isDirectory=false; length=1864; replication=1; blocksize=33554432; modification_time=1765855793937; access_time=0; owner=root; group=root; permission=rw-rw-rw-; isSymlink=false; hasAcl=false; isEncrypted=true; isErasureCoded=false} isEmptyDirectory=FALSE eTag=4c391cdb6ac9b89ca8bcad1e845ce969 versionId=null),None,1765855793937), checksumOpt=None)
[2025-12-16T03:29:54.091+0000] {subprocess.py:106} INFO - 25/12/16 03:29:54 INFO DeltaLog: Updated snapshot to Snapshot(path=s3a://gold/dim_branches/_delta_log, version=0, metadata=Metadata(85fe58c8-48ef-4a7e-a6a2-f52c2432683a,null,null,Format(parquet,Map()),{"type":"struct","fields":[{"name":"branch_key","type":"string","nullable":true,"metadata":{}},{"name":"branch_id","type":"string","nullable":true,"metadata":{}},{"name":"branch_name","type":"string","nullable":true,"metadata":{}},{"name":"branch_type","type":"string","nullable":true,"metadata":{}},{"name":"status","type":"string","nullable":true,"metadata":{}},{"name":"last_updated","type":"timestamp","nullable":true,"metadata":{}}]},List(),Map(),Some(1765855791991)), logSegment=LogSegment(s3a://gold/dim_branches/_delta_log,0,WrappedArray(S3AFileStatus{path=s3a://gold/dim_branches/_delta_log/00000000000000000000.json; isDirectory=false; length=1864; replication=1; blocksize=33554432; modification_time=1765855793937; access_time=0; owner=root; group=root; permission=rw-rw-rw-; isSymlink=false; hasAcl=false; isEncrypted=true; isErasureCoded=false} isEmptyDirectory=FALSE eTag=4c391cdb6ac9b89ca8bcad1e845ce969 versionId=null),None,1765855793937), checksumOpt=None)
[2025-12-16T03:29:54.092+0000] {subprocess.py:106} INFO - 25/12/16 03:29:54 INFO Snapshot: [tableId=85fe58c8-48ef-4a7e-a6a2-f52c2432683a] DELTA: Compute snapshot for version: 0
[2025-12-16T03:29:54.094+0000] {subprocess.py:106} INFO - 25/12/16 03:29:54 INFO MemoryStore: Block broadcast_48 stored as values in memory (estimated size 212.3 KiB, free 431.3 MiB)
[2025-12-16T03:29:54.101+0000] {subprocess.py:106} INFO - 25/12/16 03:29:54 INFO MemoryStore: Block broadcast_48_piece0 stored as bytes in memory (estimated size 36.3 KiB, free 431.2 MiB)
[2025-12-16T03:29:54.102+0000] {subprocess.py:106} INFO - 25/12/16 03:29:54 INFO BlockManagerInfo: Added broadcast_48_piece0 in memory on 3ad9a82189be:37965 (size: 36.3 KiB, free: 433.9 MiB)
[2025-12-16T03:29:54.102+0000] {subprocess.py:106} INFO - 25/12/16 03:29:54 INFO SparkContext: Created broadcast 48 from $anonfun$recordDeltaOperationInternal$1 at DatabricksLogging.scala:128
[2025-12-16T03:29:54.199+0000] {subprocess.py:106} INFO - 25/12/16 03:29:54 INFO BlockManagerInfo: Removed broadcast_46_piece0 on 3ad9a82189be:37965 in memory (size: 36.4 KiB, free: 434.0 MiB)
[2025-12-16T03:29:54.202+0000] {subprocess.py:106} INFO - 25/12/16 03:29:54 INFO BlockManagerInfo: Removed broadcast_46_piece0 on 172.18.0.7:41729 in memory (size: 36.4 KiB, free: 434.2 MiB)
[2025-12-16T03:29:54.285+0000] {subprocess.py:106} INFO - 25/12/16 03:29:54 INFO FileSourceStrategy: Pushed Filters:
[2025-12-16T03:29:54.285+0000] {subprocess.py:106} INFO - 25/12/16 03:29:54 INFO FileSourceStrategy: Post-Scan Filters:
[2025-12-16T03:29:54.323+0000] {subprocess.py:106} INFO - 25/12/16 03:29:54 INFO MemoryStore: Block broadcast_49 stored as values in memory (estimated size 212.9 KiB, free 431.3 MiB)
[2025-12-16T03:29:54.328+0000] {subprocess.py:106} INFO - 25/12/16 03:29:54 INFO MemoryStore: Block broadcast_49_piece0 stored as bytes in memory (estimated size 36.4 KiB, free 431.2 MiB)
[2025-12-16T03:29:54.329+0000] {subprocess.py:106} INFO - 25/12/16 03:29:54 INFO BlockManagerInfo: Added broadcast_49_piece0 in memory on 3ad9a82189be:37965 (size: 36.4 KiB, free: 433.9 MiB)
[2025-12-16T03:29:54.329+0000] {subprocess.py:106} INFO - 25/12/16 03:29:54 INFO SparkContext: Created broadcast 49 from $anonfun$recordDeltaOperationInternal$1 at DatabricksLogging.scala:128
[2025-12-16T03:29:54.330+0000] {subprocess.py:106} INFO - 25/12/16 03:29:54 INFO FileSourceScanExec: Planning scan with bin packing, max size: 4194304 bytes, open cost is considered as scanning 4194304 bytes.
[2025-12-16T03:29:54.336+0000] {subprocess.py:106} INFO - 25/12/16 03:29:54 INFO DAGScheduler: Registering RDD 143 ($anonfun$recordDeltaOperationInternal$1 at DatabricksLogging.scala:128) as input to shuffle 10
[2025-12-16T03:29:54.337+0000] {subprocess.py:106} INFO - 25/12/16 03:29:54 INFO DAGScheduler: Got map stage job 31 ($anonfun$recordDeltaOperationInternal$1 at DatabricksLogging.scala:128) with 1 output partitions
[2025-12-16T03:29:54.338+0000] {subprocess.py:106} INFO - 25/12/16 03:29:54 INFO DAGScheduler: Final stage: ShuffleMapStage 46 ($anonfun$recordDeltaOperationInternal$1 at DatabricksLogging.scala:128)
[2025-12-16T03:29:54.338+0000] {subprocess.py:106} INFO - 25/12/16 03:29:54 INFO DAGScheduler: Parents of final stage: List()
[2025-12-16T03:29:54.339+0000] {subprocess.py:106} INFO - 25/12/16 03:29:54 INFO DAGScheduler: Missing parents: List()
[2025-12-16T03:29:54.339+0000] {subprocess.py:106} INFO - 25/12/16 03:29:54 INFO DAGScheduler: Submitting ShuffleMapStage 46 (MapPartitionsRDD[143] at $anonfun$recordDeltaOperationInternal$1 at DatabricksLogging.scala:128), which has no missing parents
[2025-12-16T03:29:54.341+0000] {subprocess.py:106} INFO - 25/12/16 03:29:54 INFO MemoryStore: Block broadcast_50 stored as values in memory (estimated size 138.3 KiB, free 431.1 MiB)
[2025-12-16T03:29:54.343+0000] {subprocess.py:106} INFO - 25/12/16 03:29:54 INFO MemoryStore: Block broadcast_50_piece0 stored as bytes in memory (estimated size 39.0 KiB, free 431.1 MiB)
[2025-12-16T03:29:54.344+0000] {subprocess.py:106} INFO - 25/12/16 03:29:54 INFO BlockManagerInfo: Added broadcast_50_piece0 in memory on 3ad9a82189be:37965 (size: 39.0 KiB, free: 433.9 MiB)
[2025-12-16T03:29:54.344+0000] {subprocess.py:106} INFO - 25/12/16 03:29:54 INFO SparkContext: Created broadcast 50 from broadcast at DAGScheduler.scala:1535
[2025-12-16T03:29:54.345+0000] {subprocess.py:106} INFO - 25/12/16 03:29:54 INFO DAGScheduler: Submitting 1 missing tasks from ShuffleMapStage 46 (MapPartitionsRDD[143] at $anonfun$recordDeltaOperationInternal$1 at DatabricksLogging.scala:128) (first 15 tasks are for partitions Vector(0))
[2025-12-16T03:29:54.345+0000] {subprocess.py:106} INFO - 25/12/16 03:29:54 INFO TaskSchedulerImpl: Adding task set 46.0 with 1 tasks resource profile 0
[2025-12-16T03:29:54.346+0000] {subprocess.py:106} INFO - 25/12/16 03:29:54 INFO TaskSetManager: Starting task 0.0 in stage 46.0 (TID 422) (172.18.0.7, executor 0, partition 0, PROCESS_LOCAL, 7933 bytes)
[2025-12-16T03:29:54.354+0000] {subprocess.py:106} INFO - 25/12/16 03:29:54 INFO BlockManagerInfo: Added broadcast_50_piece0 in memory on 172.18.0.7:41729 (size: 39.0 KiB, free: 434.1 MiB)
[2025-12-16T03:29:54.371+0000] {subprocess.py:106} INFO - 25/12/16 03:29:54 INFO BlockManagerInfo: Added broadcast_49_piece0 in memory on 172.18.0.7:41729 (size: 36.4 KiB, free: 434.1 MiB)
[2025-12-16T03:29:54.397+0000] {subprocess.py:106} INFO - 25/12/16 03:29:54 INFO TaskSetManager: Finished task 0.0 in stage 46.0 (TID 422) in 50 ms on 172.18.0.7 (executor 0) (1/1)
[2025-12-16T03:29:54.398+0000] {subprocess.py:106} INFO - 25/12/16 03:29:54 INFO TaskSchedulerImpl: Removed TaskSet 46.0, whose tasks have all completed, from pool
[2025-12-16T03:29:54.399+0000] {subprocess.py:106} INFO - 25/12/16 03:29:54 INFO DAGScheduler: ShuffleMapStage 46 ($anonfun$recordDeltaOperationInternal$1 at DatabricksLogging.scala:128) finished in 0.060 s
[2025-12-16T03:29:54.399+0000] {subprocess.py:106} INFO - 25/12/16 03:29:54 INFO DAGScheduler: looking for newly runnable stages
[2025-12-16T03:29:54.400+0000] {subprocess.py:106} INFO - 25/12/16 03:29:54 INFO DAGScheduler: running: Set()
[2025-12-16T03:29:54.400+0000] {subprocess.py:106} INFO - 25/12/16 03:29:54 INFO DAGScheduler: waiting: Set()
[2025-12-16T03:29:54.401+0000] {subprocess.py:106} INFO - 25/12/16 03:29:54 INFO DAGScheduler: failed: Set()
[2025-12-16T03:29:54.412+0000] {subprocess.py:106} INFO - 25/12/16 03:29:54 INFO BlockManagerInfo: Removed broadcast_50_piece0 on 3ad9a82189be:37965 in memory (size: 39.0 KiB, free: 433.9 MiB)
[2025-12-16T03:29:54.413+0000] {subprocess.py:106} INFO - 25/12/16 03:29:54 INFO BlockManagerInfo: Removed broadcast_50_piece0 on 172.18.0.7:41729 in memory (size: 39.0 KiB, free: 434.1 MiB)
[2025-12-16T03:29:54.541+0000] {subprocess.py:106} INFO - 25/12/16 03:29:54 INFO DAGScheduler: Registering RDD 153 ($anonfun$recordDeltaOperationInternal$1 at DatabricksLogging.scala:128) as input to shuffle 11
[2025-12-16T03:29:54.542+0000] {subprocess.py:106} INFO - 25/12/16 03:29:54 INFO DAGScheduler: Got map stage job 32 ($anonfun$recordDeltaOperationInternal$1 at DatabricksLogging.scala:128) with 50 output partitions
[2025-12-16T03:29:54.544+0000] {subprocess.py:106} INFO - 25/12/16 03:29:54 INFO DAGScheduler: Final stage: ShuffleMapStage 48 ($anonfun$recordDeltaOperationInternal$1 at DatabricksLogging.scala:128)
[2025-12-16T03:29:54.546+0000] {subprocess.py:106} INFO - 25/12/16 03:29:54 INFO DAGScheduler: Parents of final stage: List(ShuffleMapStage 47)
[2025-12-16T03:29:54.546+0000] {subprocess.py:106} INFO - 25/12/16 03:29:54 INFO DAGScheduler: Missing parents: List()
[2025-12-16T03:29:54.547+0000] {subprocess.py:106} INFO - 25/12/16 03:29:54 INFO DAGScheduler: Submitting ShuffleMapStage 48 (MapPartitionsRDD[153] at $anonfun$recordDeltaOperationInternal$1 at DatabricksLogging.scala:128), which has no missing parents
[2025-12-16T03:29:54.558+0000] {subprocess.py:106} INFO - 25/12/16 03:29:54 INFO MemoryStore: Block broadcast_51 stored as values in memory (estimated size 517.2 KiB, free 430.7 MiB)
[2025-12-16T03:29:54.566+0000] {subprocess.py:106} INFO - 25/12/16 03:29:54 INFO MemoryStore: Block broadcast_51_piece0 stored as bytes in memory (estimated size 123.3 KiB, free 430.6 MiB)
[2025-12-16T03:29:54.566+0000] {subprocess.py:106} INFO - 25/12/16 03:29:54 INFO BlockManagerInfo: Added broadcast_51_piece0 in memory on 3ad9a82189be:37965 (size: 123.3 KiB, free: 433.8 MiB)
[2025-12-16T03:29:54.568+0000] {subprocess.py:106} INFO - 25/12/16 03:29:54 INFO SparkContext: Created broadcast 51 from broadcast at DAGScheduler.scala:1535
[2025-12-16T03:29:54.568+0000] {subprocess.py:106} INFO - 25/12/16 03:29:54 INFO DAGScheduler: Submitting 50 missing tasks from ShuffleMapStage 48 (MapPartitionsRDD[153] at $anonfun$recordDeltaOperationInternal$1 at DatabricksLogging.scala:128) (first 15 tasks are for partitions Vector(0, 1, 2, 3, 4, 5, 6, 7, 8, 9, 10, 11, 12, 13, 14))
[2025-12-16T03:29:54.569+0000] {subprocess.py:106} INFO - 25/12/16 03:29:54 INFO TaskSchedulerImpl: Adding task set 48.0 with 50 tasks resource profile 0
[2025-12-16T03:29:54.570+0000] {subprocess.py:106} INFO - 25/12/16 03:29:54 INFO TaskSetManager: Starting task 2.0 in stage 48.0 (TID 423) (172.18.0.7, executor 0, partition 2, NODE_LOCAL, 7356 bytes)
[2025-12-16T03:29:54.571+0000] {subprocess.py:106} INFO - 25/12/16 03:29:54 INFO TaskSetManager: Starting task 42.0 in stage 48.0 (TID 424) (172.18.0.7, executor 0, partition 42, NODE_LOCAL, 7356 bytes)
[2025-12-16T03:29:54.572+0000] {subprocess.py:106} INFO - 25/12/16 03:29:54 INFO TaskSetManager: Starting task 0.0 in stage 48.0 (TID 425) (172.18.0.7, executor 0, partition 0, PROCESS_LOCAL, 7356 bytes)
[2025-12-16T03:29:54.574+0000] {subprocess.py:106} INFO - 25/12/16 03:29:54 INFO TaskSetManager: Starting task 1.0 in stage 48.0 (TID 426) (172.18.0.7, executor 0, partition 1, PROCESS_LOCAL, 7356 bytes)
[2025-12-16T03:29:54.575+0000] {subprocess.py:106} INFO - 25/12/16 03:29:54 INFO TaskSetManager: Starting task 3.0 in stage 48.0 (TID 427) (172.18.0.7, executor 0, partition 3, PROCESS_LOCAL, 7356 bytes)
[2025-12-16T03:29:54.577+0000] {subprocess.py:106} INFO - 25/12/16 03:29:54 INFO TaskSetManager: Starting task 4.0 in stage 48.0 (TID 428) (172.18.0.7, executor 0, partition 4, PROCESS_LOCAL, 7356 bytes)
[2025-12-16T03:29:54.578+0000] {subprocess.py:106} INFO - 25/12/16 03:29:54 INFO TaskSetManager: Starting task 5.0 in stage 48.0 (TID 429) (172.18.0.7, executor 0, partition 5, PROCESS_LOCAL, 7356 bytes)
[2025-12-16T03:29:54.579+0000] {subprocess.py:106} INFO - 25/12/16 03:29:54 INFO TaskSetManager: Starting task 6.0 in stage 48.0 (TID 430) (172.18.0.7, executor 0, partition 6, PROCESS_LOCAL, 7356 bytes)
[2025-12-16T03:29:54.580+0000] {subprocess.py:106} INFO - 25/12/16 03:29:54 INFO TaskSetManager: Starting task 7.0 in stage 48.0 (TID 431) (172.18.0.7, executor 0, partition 7, PROCESS_LOCAL, 7356 bytes)
[2025-12-16T03:29:54.581+0000] {subprocess.py:106} INFO - 25/12/16 03:29:54 INFO TaskSetManager: Starting task 8.0 in stage 48.0 (TID 432) (172.18.0.7, executor 0, partition 8, PROCESS_LOCAL, 7356 bytes)
[2025-12-16T03:29:54.581+0000] {subprocess.py:106} INFO - 25/12/16 03:29:54 INFO TaskSetManager: Starting task 9.0 in stage 48.0 (TID 433) (172.18.0.7, executor 0, partition 9, PROCESS_LOCAL, 7356 bytes)
[2025-12-16T03:29:54.582+0000] {subprocess.py:106} INFO - 25/12/16 03:29:54 INFO TaskSetManager: Starting task 10.0 in stage 48.0 (TID 434) (172.18.0.7, executor 0, partition 10, PROCESS_LOCAL, 7356 bytes)
[2025-12-16T03:29:54.583+0000] {subprocess.py:106} INFO - 25/12/16 03:29:54 INFO TaskSetManager: Starting task 11.0 in stage 48.0 (TID 435) (172.18.0.7, executor 0, partition 11, PROCESS_LOCAL, 7356 bytes)
[2025-12-16T03:29:54.583+0000] {subprocess.py:106} INFO - 25/12/16 03:29:54 INFO TaskSetManager: Starting task 12.0 in stage 48.0 (TID 436) (172.18.0.7, executor 0, partition 12, PROCESS_LOCAL, 7356 bytes)
[2025-12-16T03:29:54.584+0000] {subprocess.py:106} INFO - 25/12/16 03:29:54 INFO TaskSetManager: Starting task 13.0 in stage 48.0 (TID 437) (172.18.0.7, executor 0, partition 13, PROCESS_LOCAL, 7356 bytes)
[2025-12-16T03:29:54.585+0000] {subprocess.py:106} INFO - 25/12/16 03:29:54 INFO TaskSetManager: Starting task 14.0 in stage 48.0 (TID 438) (172.18.0.7, executor 0, partition 14, PROCESS_LOCAL, 7356 bytes)
[2025-12-16T03:29:54.589+0000] {subprocess.py:106} INFO - 25/12/16 03:29:54 INFO BlockManagerInfo: Added broadcast_51_piece0 in memory on 172.18.0.7:41729 (size: 123.3 KiB, free: 434.0 MiB)
[2025-12-16T03:29:54.606+0000] {subprocess.py:106} INFO - 25/12/16 03:29:54 INFO MapOutputTrackerMasterEndpoint: Asked to send map output locations for shuffle 10 to 172.18.0.7:60316
[2025-12-16T03:29:54.662+0000] {subprocess.py:106} INFO - 25/12/16 03:29:54 INFO BlockManagerInfo: Added rdd_150_9 in memory on 172.18.0.7:41729 (size: 46.0 B, free: 434.0 MiB)
[2025-12-16T03:29:54.665+0000] {subprocess.py:106} INFO - 25/12/16 03:29:54 INFO BlockManagerInfo: Added rdd_150_0 in memory on 172.18.0.7:41729 (size: 46.0 B, free: 434.0 MiB)
[2025-12-16T03:29:54.670+0000] {subprocess.py:106} INFO - 25/12/16 03:29:54 INFO BlockManagerInfo: Added rdd_150_7 in memory on 172.18.0.7:41729 (size: 46.0 B, free: 434.0 MiB)
[2025-12-16T03:29:54.671+0000] {subprocess.py:106} INFO - 25/12/16 03:29:54 INFO BlockManagerInfo: Added rdd_150_6 in memory on 172.18.0.7:41729 (size: 46.0 B, free: 434.0 MiB)
[2025-12-16T03:29:54.673+0000] {subprocess.py:106} INFO - 25/12/16 03:29:54 INFO BlockManagerInfo: Added rdd_150_2 in memory on 172.18.0.7:41729 (size: 586.0 B, free: 434.0 MiB)
[2025-12-16T03:29:54.676+0000] {subprocess.py:106} INFO - 25/12/16 03:29:54 INFO BlockManagerInfo: Added rdd_150_42 in memory on 172.18.0.7:41729 (size: 506.0 B, free: 434.0 MiB)
[2025-12-16T03:29:54.677+0000] {subprocess.py:106} INFO - 25/12/16 03:29:54 INFO BlockManagerInfo: Added rdd_150_8 in memory on 172.18.0.7:41729 (size: 46.0 B, free: 434.0 MiB)
[2025-12-16T03:29:54.682+0000] {subprocess.py:106} INFO - 25/12/16 03:29:54 INFO BlockManagerInfo: Added rdd_150_14 in memory on 172.18.0.7:41729 (size: 46.0 B, free: 434.0 MiB)
[2025-12-16T03:29:54.683+0000] {subprocess.py:106} INFO - 25/12/16 03:29:54 INFO BlockManagerInfo: Added rdd_150_5 in memory on 172.18.0.7:41729 (size: 46.0 B, free: 434.0 MiB)
[2025-12-16T03:29:54.684+0000] {subprocess.py:106} INFO - 25/12/16 03:29:54 INFO BlockManagerInfo: Added rdd_150_11 in memory on 172.18.0.7:41729 (size: 46.0 B, free: 434.0 MiB)
[2025-12-16T03:29:54.685+0000] {subprocess.py:106} INFO - 25/12/16 03:29:54 INFO BlockManagerInfo: Added rdd_150_10 in memory on 172.18.0.7:41729 (size: 46.0 B, free: 434.0 MiB)
[2025-12-16T03:29:54.685+0000] {subprocess.py:106} INFO - 25/12/16 03:29:54 INFO BlockManagerInfo: Added rdd_150_3 in memory on 172.18.0.7:41729 (size: 46.0 B, free: 434.0 MiB)
[2025-12-16T03:29:54.686+0000] {subprocess.py:106} INFO - 25/12/16 03:29:54 INFO BlockManagerInfo: Added rdd_150_4 in memory on 172.18.0.7:41729 (size: 46.0 B, free: 434.0 MiB)
[2025-12-16T03:29:54.714+0000] {subprocess.py:106} INFO - 25/12/16 03:29:54 INFO BlockManagerInfo: Added rdd_150_1 in memory on 172.18.0.7:41729 (size: 46.0 B, free: 434.0 MiB)
[2025-12-16T03:29:54.720+0000] {subprocess.py:106} INFO - 25/12/16 03:29:54 INFO BlockManagerInfo: Added rdd_150_12 in memory on 172.18.0.7:41729 (size: 46.0 B, free: 434.0 MiB)
[2025-12-16T03:29:54.721+0000] {subprocess.py:106} INFO - 25/12/16 03:29:54 INFO TaskSetManager: Starting task 15.0 in stage 48.0 (TID 439) (172.18.0.7, executor 0, partition 15, PROCESS_LOCAL, 7356 bytes)
[2025-12-16T03:29:54.723+0000] {subprocess.py:106} INFO - 25/12/16 03:29:54 INFO TaskSetManager: Finished task 7.0 in stage 48.0 (TID 431) in 142 ms on 172.18.0.7 (executor 0) (1/50)
[2025-12-16T03:29:54.724+0000] {subprocess.py:106} INFO - 25/12/16 03:29:54 INFO TaskSetManager: Starting task 16.0 in stage 48.0 (TID 440) (172.18.0.7, executor 0, partition 16, PROCESS_LOCAL, 7356 bytes)
[2025-12-16T03:29:54.725+0000] {subprocess.py:106} INFO - 25/12/16 03:29:54 INFO BlockManagerInfo: Added rdd_150_13 in memory on 172.18.0.7:41729 (size: 46.0 B, free: 434.0 MiB)
[2025-12-16T03:29:54.730+0000] {subprocess.py:106} INFO - 25/12/16 03:29:54 INFO TaskSetManager: Starting task 17.0 in stage 48.0 (TID 441) (172.18.0.7, executor 0, partition 17, PROCESS_LOCAL, 7356 bytes)
[2025-12-16T03:29:54.732+0000] {subprocess.py:106} INFO - 25/12/16 03:29:54 INFO TaskSetManager: Starting task 18.0 in stage 48.0 (TID 442) (172.18.0.7, executor 0, partition 18, PROCESS_LOCAL, 7356 bytes)
[2025-12-16T03:29:54.733+0000] {subprocess.py:106} INFO - 25/12/16 03:29:54 INFO TaskSetManager: Finished task 42.0 in stage 48.0 (TID 424) in 153 ms on 172.18.0.7 (executor 0) (2/50)
[2025-12-16T03:29:54.734+0000] {subprocess.py:106} INFO - 25/12/16 03:29:54 INFO TaskSetManager: Finished task 2.0 in stage 48.0 (TID 423) in 154 ms on 172.18.0.7 (executor 0) (3/50)
[2025-12-16T03:29:54.736+0000] {subprocess.py:106} INFO - 25/12/16 03:29:54 INFO TaskSetManager: Finished task 11.0 in stage 48.0 (TID 435) in 152 ms on 172.18.0.7 (executor 0) (4/50)
[2025-12-16T03:29:54.738+0000] {subprocess.py:106} INFO - 25/12/16 03:29:54 INFO TaskSetManager: Starting task 19.0 in stage 48.0 (TID 443) (172.18.0.7, executor 0, partition 19, PROCESS_LOCAL, 7356 bytes)
[2025-12-16T03:29:54.739+0000] {subprocess.py:106} INFO - 25/12/16 03:29:54 INFO TaskSetManager: Finished task 14.0 in stage 48.0 (TID 438) in 156 ms on 172.18.0.7 (executor 0) (5/50)
[2025-12-16T03:29:54.742+0000] {subprocess.py:106} INFO - 25/12/16 03:29:54 INFO TaskSetManager: Starting task 20.0 in stage 48.0 (TID 444) (172.18.0.7, executor 0, partition 20, PROCESS_LOCAL, 7356 bytes)
[2025-12-16T03:29:54.744+0000] {subprocess.py:106} INFO - 25/12/16 03:29:54 INFO TaskSetManager: Starting task 21.0 in stage 48.0 (TID 445) (172.18.0.7, executor 0, partition 21, PROCESS_LOCAL, 7356 bytes)
[2025-12-16T03:29:54.745+0000] {subprocess.py:106} INFO - 25/12/16 03:29:54 INFO TaskSetManager: Starting task 22.0 in stage 48.0 (TID 446) (172.18.0.7, executor 0, partition 22, PROCESS_LOCAL, 7356 bytes)
[2025-12-16T03:29:54.750+0000] {subprocess.py:106} INFO - 25/12/16 03:29:54 INFO TaskSetManager: Starting task 23.0 in stage 48.0 (TID 447) (172.18.0.7, executor 0, partition 23, PROCESS_LOCAL, 7356 bytes)
[2025-12-16T03:29:54.758+0000] {subprocess.py:106} INFO - 25/12/16 03:29:54 INFO TaskSetManager: Starting task 24.0 in stage 48.0 (TID 448) (172.18.0.7, executor 0, partition 24, PROCESS_LOCAL, 7356 bytes)
[2025-12-16T03:29:54.759+0000] {subprocess.py:106} INFO - 25/12/16 03:29:54 INFO TaskSetManager: Starting task 25.0 in stage 48.0 (TID 449) (172.18.0.7, executor 0, partition 25, PROCESS_LOCAL, 7356 bytes)
[2025-12-16T03:29:54.760+0000] {subprocess.py:106} INFO - 25/12/16 03:29:54 INFO TaskSetManager: Finished task 10.0 in stage 48.0 (TID 434) in 172 ms on 172.18.0.7 (executor 0) (6/50)
[2025-12-16T03:29:54.761+0000] {subprocess.py:106} INFO - 25/12/16 03:29:54 INFO TaskSetManager: Finished task 4.0 in stage 48.0 (TID 428) in 174 ms on 172.18.0.7 (executor 0) (7/50)
[2025-12-16T03:29:54.762+0000] {subprocess.py:106} INFO - 25/12/16 03:29:54 INFO TaskSetManager: Finished task 6.0 in stage 48.0 (TID 430) in 176 ms on 172.18.0.7 (executor 0) (8/50)
[2025-12-16T03:29:54.763+0000] {subprocess.py:106} INFO - 25/12/16 03:29:54 INFO TaskSetManager: Finished task 1.0 in stage 48.0 (TID 426) in 178 ms on 172.18.0.7 (executor 0) (9/50)
[2025-12-16T03:29:54.765+0000] {subprocess.py:106} INFO - 25/12/16 03:29:54 INFO TaskSetManager: Finished task 8.0 in stage 48.0 (TID 432) in 176 ms on 172.18.0.7 (executor 0) (10/50)
[2025-12-16T03:29:54.767+0000] {subprocess.py:106} INFO - 25/12/16 03:29:54 INFO TaskSetManager: Finished task 3.0 in stage 48.0 (TID 427) in 178 ms on 172.18.0.7 (executor 0) (11/50)
[2025-12-16T03:29:54.769+0000] {subprocess.py:106} INFO - 25/12/16 03:29:54 INFO TaskSetManager: Starting task 26.0 in stage 48.0 (TID 450) (172.18.0.7, executor 0, partition 26, PROCESS_LOCAL, 7356 bytes)
[2025-12-16T03:29:54.770+0000] {subprocess.py:106} INFO - 25/12/16 03:29:54 INFO TaskSetManager: Finished task 12.0 in stage 48.0 (TID 436) in 180 ms on 172.18.0.7 (executor 0) (12/50)
[2025-12-16T03:29:54.770+0000] {subprocess.py:106} INFO - 25/12/16 03:29:54 INFO TaskSetManager: Starting task 27.0 in stage 48.0 (TID 451) (172.18.0.7, executor 0, partition 27, PROCESS_LOCAL, 7356 bytes)
[2025-12-16T03:29:54.771+0000] {subprocess.py:106} INFO - 25/12/16 03:29:54 INFO TaskSetManager: Finished task 9.0 in stage 48.0 (TID 433) in 182 ms on 172.18.0.7 (executor 0) (13/50)
[2025-12-16T03:29:54.772+0000] {subprocess.py:106} INFO - 25/12/16 03:29:54 INFO TaskSetManager: Starting task 28.0 in stage 48.0 (TID 452) (172.18.0.7, executor 0, partition 28, PROCESS_LOCAL, 7356 bytes)
[2025-12-16T03:29:54.776+0000] {subprocess.py:106} INFO - 25/12/16 03:29:54 INFO TaskSetManager: Starting task 29.0 in stage 48.0 (TID 453) (172.18.0.7, executor 0, partition 29, PROCESS_LOCAL, 7356 bytes)
[2025-12-16T03:29:54.783+0000] {subprocess.py:106} INFO - 25/12/16 03:29:54 INFO TaskSetManager: Starting task 30.0 in stage 48.0 (TID 454) (172.18.0.7, executor 0, partition 30, PROCESS_LOCAL, 7356 bytes)
[2025-12-16T03:29:54.786+0000] {subprocess.py:106} INFO - 25/12/16 03:29:54 INFO TaskSetManager: Finished task 13.0 in stage 48.0 (TID 437) in 185 ms on 172.18.0.7 (executor 0) (14/50)
[2025-12-16T03:29:54.787+0000] {subprocess.py:106} INFO - 25/12/16 03:29:54 INFO TaskSetManager: Finished task 0.0 in stage 48.0 (TID 425) in 190 ms on 172.18.0.7 (executor 0) (15/50)
[2025-12-16T03:29:54.788+0000] {subprocess.py:106} INFO - 25/12/16 03:29:54 INFO TaskSetManager: Finished task 5.0 in stage 48.0 (TID 429) in 190 ms on 172.18.0.7 (executor 0) (16/50)
[2025-12-16T03:29:54.803+0000] {subprocess.py:106} INFO - 25/12/16 03:29:54 INFO BlockManagerInfo: Added rdd_150_15 in memory on 172.18.0.7:41729 (size: 46.0 B, free: 434.0 MiB)
[2025-12-16T03:29:54.856+0000] {subprocess.py:106} INFO - 25/12/16 03:29:54 INFO BlockManagerInfo: Added rdd_150_16 in memory on 172.18.0.7:41729 (size: 46.0 B, free: 434.0 MiB)
[2025-12-16T03:29:54.866+0000] {subprocess.py:106} INFO - 25/12/16 03:29:54 INFO BlockManagerInfo: Added rdd_150_19 in memory on 172.18.0.7:41729 (size: 46.0 B, free: 434.0 MiB)
[2025-12-16T03:29:54.868+0000] {subprocess.py:106} INFO - 25/12/16 03:29:54 INFO BlockManagerInfo: Added rdd_150_18 in memory on 172.18.0.7:41729 (size: 46.0 B, free: 434.0 MiB)
[2025-12-16T03:29:54.868+0000] {subprocess.py:106} INFO - 25/12/16 03:29:54 INFO TaskSetManager: Starting task 31.0 in stage 48.0 (TID 455) (172.18.0.7, executor 0, partition 31, PROCESS_LOCAL, 7356 bytes)
[2025-12-16T03:29:54.869+0000] {subprocess.py:106} INFO - 25/12/16 03:29:54 INFO BlockManagerInfo: Added rdd_150_17 in memory on 172.18.0.7:41729 (size: 46.0 B, free: 434.0 MiB)
[2025-12-16T03:29:54.870+0000] {subprocess.py:106} INFO - 25/12/16 03:29:54 INFO BlockManagerInfo: Added rdd_150_25 in memory on 172.18.0.7:41729 (size: 46.0 B, free: 434.0 MiB)
[2025-12-16T03:29:54.871+0000] {subprocess.py:106} INFO - 25/12/16 03:29:54 INFO BlockManagerInfo: Added rdd_150_24 in memory on 172.18.0.7:41729 (size: 46.0 B, free: 434.0 MiB)
[2025-12-16T03:29:54.872+0000] {subprocess.py:106} INFO - 25/12/16 03:29:54 INFO TaskSetManager: Finished task 15.0 in stage 48.0 (TID 439) in 146 ms on 172.18.0.7 (executor 0) (17/50)
[2025-12-16T03:29:54.912+0000] {subprocess.py:106} INFO - 25/12/16 03:29:54 INFO BlockManagerInfo: Added rdd_150_27 in memory on 172.18.0.7:41729 (size: 46.0 B, free: 434.0 MiB)
[2025-12-16T03:29:54.914+0000] {subprocess.py:106} INFO - 25/12/16 03:29:54 INFO BlockManagerInfo: Added rdd_150_21 in memory on 172.18.0.7:41729 (size: 46.0 B, free: 434.0 MiB)
[2025-12-16T03:29:54.916+0000] {subprocess.py:106} INFO - 25/12/16 03:29:54 INFO BlockManagerInfo: Added rdd_150_29 in memory on 172.18.0.7:41729 (size: 46.0 B, free: 434.0 MiB)
[2025-12-16T03:29:54.918+0000] {subprocess.py:106} INFO - 25/12/16 03:29:54 INFO BlockManagerInfo: Added rdd_150_22 in memory on 172.18.0.7:41729 (size: 46.0 B, free: 434.0 MiB)
[2025-12-16T03:29:54.931+0000] {subprocess.py:106} INFO - 25/12/16 03:29:54 INFO BlockManagerInfo: Added rdd_150_20 in memory on 172.18.0.7:41729 (size: 46.0 B, free: 434.0 MiB)
[2025-12-16T03:29:54.933+0000] {subprocess.py:106} INFO - 25/12/16 03:29:54 INFO BlockManagerInfo: Added rdd_150_26 in memory on 172.18.0.7:41729 (size: 46.0 B, free: 434.0 MiB)
[2025-12-16T03:29:54.939+0000] {subprocess.py:106} INFO - 25/12/16 03:29:54 INFO BlockManagerInfo: Added rdd_150_23 in memory on 172.18.0.7:41729 (size: 46.0 B, free: 434.0 MiB)
[2025-12-16T03:29:54.944+0000] {subprocess.py:106} INFO - 25/12/16 03:29:54 INFO TaskSetManager: Starting task 32.0 in stage 48.0 (TID 456) (172.18.0.7, executor 0, partition 32, PROCESS_LOCAL, 7356 bytes)
[2025-12-16T03:29:54.954+0000] {subprocess.py:106} INFO - 25/12/16 03:29:54 INFO TaskSetManager: Starting task 33.0 in stage 48.0 (TID 457) (172.18.0.7, executor 0, partition 33, PROCESS_LOCAL, 7356 bytes)
[2025-12-16T03:29:54.955+0000] {subprocess.py:106} INFO - 25/12/16 03:29:54 INFO TaskSetManager: Finished task 18.0 in stage 48.0 (TID 442) in 220 ms on 172.18.0.7 (executor 0) (18/50)
[2025-12-16T03:29:54.956+0000] {subprocess.py:106} INFO - 25/12/16 03:29:54 INFO TaskSetManager: Finished task 16.0 in stage 48.0 (TID 440) in 222 ms on 172.18.0.7 (executor 0) (19/50)
[2025-12-16T03:29:54.957+0000] {subprocess.py:106} INFO - 25/12/16 03:29:54 INFO BlockManagerInfo: Added rdd_150_28 in memory on 172.18.0.7:41729 (size: 46.0 B, free: 434.0 MiB)
[2025-12-16T03:29:54.958+0000] {subprocess.py:106} INFO - 25/12/16 03:29:54 INFO TaskSetManager: Starting task 34.0 in stage 48.0 (TID 458) (172.18.0.7, executor 0, partition 34, PROCESS_LOCAL, 7356 bytes)
[2025-12-16T03:29:54.959+0000] {subprocess.py:106} INFO - 25/12/16 03:29:54 INFO TaskSetManager: Starting task 35.0 in stage 48.0 (TID 459) (172.18.0.7, executor 0, partition 35, PROCESS_LOCAL, 7356 bytes)
[2025-12-16T03:29:54.960+0000] {subprocess.py:106} INFO - 25/12/16 03:29:54 INFO TaskSetManager: Starting task 36.0 in stage 48.0 (TID 460) (172.18.0.7, executor 0, partition 36, PROCESS_LOCAL, 7356 bytes)
[2025-12-16T03:29:54.961+0000] {subprocess.py:106} INFO - 25/12/16 03:29:54 INFO TaskSetManager: Starting task 37.0 in stage 48.0 (TID 461) (172.18.0.7, executor 0, partition 37, PROCESS_LOCAL, 7356 bytes)
[2025-12-16T03:29:54.962+0000] {subprocess.py:106} INFO - 25/12/16 03:29:54 INFO TaskSetManager: Starting task 38.0 in stage 48.0 (TID 462) (172.18.0.7, executor 0, partition 38, PROCESS_LOCAL, 7356 bytes)
[2025-12-16T03:29:54.963+0000] {subprocess.py:106} INFO - 25/12/16 03:29:54 INFO TaskSetManager: Finished task 25.0 in stage 48.0 (TID 449) in 213 ms on 172.18.0.7 (executor 0) (20/50)
[2025-12-16T03:29:54.965+0000] {subprocess.py:106} INFO - 25/12/16 03:29:54 INFO BlockManagerInfo: Added rdd_150_30 in memory on 172.18.0.7:41729 (size: 46.0 B, free: 434.0 MiB)
[2025-12-16T03:29:54.967+0000] {subprocess.py:106} INFO - 25/12/16 03:29:54 INFO TaskSetManager: Finished task 24.0 in stage 48.0 (TID 448) in 216 ms on 172.18.0.7 (executor 0) (21/50)
[2025-12-16T03:29:54.971+0000] {subprocess.py:106} INFO - 25/12/16 03:29:54 INFO TaskSetManager: Finished task 27.0 in stage 48.0 (TID 451) in 204 ms on 172.18.0.7 (executor 0) (22/50)
[2025-12-16T03:29:54.973+0000] {subprocess.py:106} INFO - 25/12/16 03:29:54 INFO TaskSetManager: Finished task 19.0 in stage 48.0 (TID 443) in 231 ms on 172.18.0.7 (executor 0) (23/50)
[2025-12-16T03:29:54.974+0000] {subprocess.py:106} INFO - 25/12/16 03:29:54 INFO TaskSetManager: Finished task 20.0 in stage 48.0 (TID 444) in 224 ms on 172.18.0.7 (executor 0) (24/50)
[2025-12-16T03:29:54.975+0000] {subprocess.py:106} INFO - 25/12/16 03:29:54 INFO TaskSetManager: Starting task 39.0 in stage 48.0 (TID 463) (172.18.0.7, executor 0, partition 39, PROCESS_LOCAL, 7356 bytes)
[2025-12-16T03:29:54.976+0000] {subprocess.py:106} INFO - 25/12/16 03:29:54 INFO TaskSetManager: Finished task 21.0 in stage 48.0 (TID 445) in 228 ms on 172.18.0.7 (executor 0) (25/50)
[2025-12-16T03:29:54.976+0000] {subprocess.py:106} INFO - 25/12/16 03:29:54 INFO TaskSetManager: Starting task 40.0 in stage 48.0 (TID 464) (172.18.0.7, executor 0, partition 40, PROCESS_LOCAL, 7356 bytes)
[2025-12-16T03:29:54.977+0000] {subprocess.py:106} INFO - 25/12/16 03:29:54 INFO TaskSetManager: Starting task 41.0 in stage 48.0 (TID 465) (172.18.0.7, executor 0, partition 41, PROCESS_LOCAL, 7356 bytes)
[2025-12-16T03:29:54.978+0000] {subprocess.py:106} INFO - 25/12/16 03:29:54 INFO TaskSetManager: Finished task 17.0 in stage 48.0 (TID 441) in 248 ms on 172.18.0.7 (executor 0) (26/50)
[2025-12-16T03:29:54.982+0000] {subprocess.py:106} INFO - 25/12/16 03:29:54 INFO TaskSetManager: Finished task 26.0 in stage 48.0 (TID 450) in 215 ms on 172.18.0.7 (executor 0) (27/50)
[2025-12-16T03:29:54.984+0000] {subprocess.py:106} INFO - 25/12/16 03:29:54 INFO TaskSetManager: Starting task 43.0 in stage 48.0 (TID 466) (172.18.0.7, executor 0, partition 43, PROCESS_LOCAL, 7356 bytes)
[2025-12-16T03:29:54.985+0000] {subprocess.py:106} INFO - 25/12/16 03:29:54 INFO TaskSetManager: Finished task 22.0 in stage 48.0 (TID 446) in 231 ms on 172.18.0.7 (executor 0) (28/50)
[2025-12-16T03:29:54.986+0000] {subprocess.py:106} INFO - 25/12/16 03:29:54 INFO TaskSetManager: Starting task 44.0 in stage 48.0 (TID 467) (172.18.0.7, executor 0, partition 44, PROCESS_LOCAL, 7356 bytes)
[2025-12-16T03:29:54.987+0000] {subprocess.py:106} INFO - 25/12/16 03:29:54 INFO TaskSetManager: Finished task 29.0 in stage 48.0 (TID 453) in 217 ms on 172.18.0.7 (executor 0) (29/50)
[2025-12-16T03:29:54.988+0000] {subprocess.py:106} INFO - 25/12/16 03:29:54 INFO BlockManagerInfo: Added rdd_150_31 in memory on 172.18.0.7:41729 (size: 46.0 B, free: 434.0 MiB)
[2025-12-16T03:29:55.020+0000] {subprocess.py:106} INFO - 25/12/16 03:29:55 INFO TaskSetManager: Starting task 45.0 in stage 48.0 (TID 468) (172.18.0.7, executor 0, partition 45, PROCESS_LOCAL, 7356 bytes)
[2025-12-16T03:29:55.021+0000] {subprocess.py:106} INFO - 25/12/16 03:29:55 INFO TaskSetManager: Finished task 28.0 in stage 48.0 (TID 452) in 265 ms on 172.18.0.7 (executor 0) (30/50)
[2025-12-16T03:29:55.022+0000] {subprocess.py:106} INFO - 25/12/16 03:29:55 INFO TaskSetManager: Starting task 46.0 in stage 48.0 (TID 469) (172.18.0.7, executor 0, partition 46, PROCESS_LOCAL, 7356 bytes)
[2025-12-16T03:29:55.023+0000] {subprocess.py:106} INFO - 25/12/16 03:29:55 INFO TaskSetManager: Finished task 30.0 in stage 48.0 (TID 454) in 266 ms on 172.18.0.7 (executor 0) (31/50)
[2025-12-16T03:29:55.051+0000] {subprocess.py:106} INFO - 25/12/16 03:29:55 INFO TaskSetManager: Starting task 47.0 in stage 48.0 (TID 470) (172.18.0.7, executor 0, partition 47, PROCESS_LOCAL, 7356 bytes)
[2025-12-16T03:29:55.054+0000] {subprocess.py:106} INFO - 25/12/16 03:29:55 INFO TaskSetManager: Finished task 23.0 in stage 48.0 (TID 447) in 308 ms on 172.18.0.7 (executor 0) (32/50)
[2025-12-16T03:29:55.065+0000] {subprocess.py:106} INFO - 25/12/16 03:29:55 INFO TaskSetManager: Starting task 48.0 in stage 48.0 (TID 471) (172.18.0.7, executor 0, partition 48, PROCESS_LOCAL, 7356 bytes)
[2025-12-16T03:29:55.070+0000] {subprocess.py:106} INFO - 25/12/16 03:29:55 INFO TaskSetManager: Finished task 31.0 in stage 48.0 (TID 455) in 220 ms on 172.18.0.7 (executor 0) (33/50)
[2025-12-16T03:29:55.080+0000] {subprocess.py:106} INFO - 25/12/16 03:29:55 INFO BlockManagerInfo: Added rdd_150_35 in memory on 172.18.0.7:41729 (size: 46.0 B, free: 434.0 MiB)
[2025-12-16T03:29:55.086+0000] {subprocess.py:106} INFO - 25/12/16 03:29:55 INFO BlockManagerInfo: Added rdd_150_34 in memory on 172.18.0.7:41729 (size: 46.0 B, free: 434.0 MiB)
[2025-12-16T03:29:55.095+0000] {subprocess.py:106} INFO - 25/12/16 03:29:55 INFO BlockManagerInfo: Added rdd_150_33 in memory on 172.18.0.7:41729 (size: 46.0 B, free: 434.0 MiB)
[2025-12-16T03:29:55.097+0000] {subprocess.py:106} INFO - 25/12/16 03:29:55 INFO BlockManagerInfo: Added rdd_150_39 in memory on 172.18.0.7:41729 (size: 46.0 B, free: 434.0 MiB)
[2025-12-16T03:29:55.098+0000] {subprocess.py:106} INFO - 25/12/16 03:29:55 INFO BlockManagerInfo: Added rdd_150_37 in memory on 172.18.0.7:41729 (size: 46.0 B, free: 434.0 MiB)
[2025-12-16T03:29:55.101+0000] {subprocess.py:106} INFO - 25/12/16 03:29:55 INFO BlockManagerInfo: Added rdd_150_36 in memory on 172.18.0.7:41729 (size: 46.0 B, free: 434.0 MiB)
[2025-12-16T03:29:55.102+0000] {subprocess.py:106} INFO - 25/12/16 03:29:55 INFO BlockManagerInfo: Added rdd_150_32 in memory on 172.18.0.7:41729 (size: 46.0 B, free: 434.0 MiB)
[2025-12-16T03:29:55.103+0000] {subprocess.py:106} INFO - 25/12/16 03:29:55 INFO BlockManagerInfo: Added rdd_150_44 in memory on 172.18.0.7:41729 (size: 46.0 B, free: 434.0 MiB)
[2025-12-16T03:29:55.106+0000] {subprocess.py:106} INFO - 25/12/16 03:29:55 INFO BlockManagerInfo: Added rdd_150_40 in memory on 172.18.0.7:41729 (size: 46.0 B, free: 434.0 MiB)
[2025-12-16T03:29:55.107+0000] {subprocess.py:106} INFO - 25/12/16 03:29:55 INFO BlockManagerInfo: Added rdd_150_38 in memory on 172.18.0.7:41729 (size: 46.0 B, free: 434.0 MiB)
[2025-12-16T03:29:55.119+0000] {subprocess.py:106} INFO - 25/12/16 03:29:55 INFO TaskSetManager: Starting task 49.0 in stage 48.0 (TID 472) (172.18.0.7, executor 0, partition 49, PROCESS_LOCAL, 7356 bytes)
[2025-12-16T03:29:55.120+0000] {subprocess.py:106} INFO - 25/12/16 03:29:55 INFO BlockManagerInfo: Added rdd_150_41 in memory on 172.18.0.7:41729 (size: 46.0 B, free: 434.0 MiB)
[2025-12-16T03:29:55.125+0000] {subprocess.py:106} INFO - 25/12/16 03:29:55 INFO BlockManagerInfo: Added rdd_150_46 in memory on 172.18.0.7:41729 (size: 46.0 B, free: 434.0 MiB)
[2025-12-16T03:29:55.126+0000] {subprocess.py:106} INFO - 25/12/16 03:29:55 INFO TaskSetManager: Finished task 35.0 in stage 48.0 (TID 459) in 169 ms on 172.18.0.7 (executor 0) (34/50)
[2025-12-16T03:29:55.126+0000] {subprocess.py:106} INFO - 25/12/16 03:29:55 INFO TaskSetManager: Finished task 34.0 in stage 48.0 (TID 458) in 171 ms on 172.18.0.7 (executor 0) (35/50)
[2025-12-16T03:29:55.130+0000] {subprocess.py:106} INFO - 25/12/16 03:29:55 INFO TaskSetManager: Finished task 39.0 in stage 48.0 (TID 463) in 158 ms on 172.18.0.7 (executor 0) (36/50)
[2025-12-16T03:29:55.137+0000] {subprocess.py:106} INFO - 25/12/16 03:29:55 INFO BlockManagerInfo: Added rdd_150_47 in memory on 172.18.0.7:41729 (size: 46.0 B, free: 434.0 MiB)
[2025-12-16T03:29:55.139+0000] {subprocess.py:106} INFO - 25/12/16 03:29:55 INFO BlockManagerInfo: Added rdd_150_43 in memory on 172.18.0.7:41729 (size: 46.0 B, free: 434.0 MiB)
[2025-12-16T03:29:55.140+0000] {subprocess.py:106} INFO - 25/12/16 03:29:55 INFO TaskSetManager: Finished task 33.0 in stage 48.0 (TID 457) in 198 ms on 172.18.0.7 (executor 0) (37/50)
[2025-12-16T03:29:55.142+0000] {subprocess.py:106} INFO - 25/12/16 03:29:55 INFO TaskSetManager: Finished task 40.0 in stage 48.0 (TID 464) in 175 ms on 172.18.0.7 (executor 0) (38/50)
[2025-12-16T03:29:55.143+0000] {subprocess.py:106} INFO - 25/12/16 03:29:55 INFO TaskSetManager: Finished task 44.0 in stage 48.0 (TID 467) in 172 ms on 172.18.0.7 (executor 0) (39/50)
[2025-12-16T03:29:55.144+0000] {subprocess.py:106} INFO - 25/12/16 03:29:55 INFO TaskSetManager: Finished task 32.0 in stage 48.0 (TID 456) in 210 ms on 172.18.0.7 (executor 0) (40/50)
[2025-12-16T03:29:55.146+0000] {subprocess.py:106} INFO - 25/12/16 03:29:55 INFO TaskSetManager: Finished task 38.0 in stage 48.0 (TID 462) in 191 ms on 172.18.0.7 (executor 0) (41/50)
[2025-12-16T03:29:55.149+0000] {subprocess.py:106} INFO - 25/12/16 03:29:55 INFO TaskSetManager: Finished task 36.0 in stage 48.0 (TID 460) in 198 ms on 172.18.0.7 (executor 0) (42/50)
[2025-12-16T03:29:55.152+0000] {subprocess.py:106} INFO - 25/12/16 03:29:55 INFO BlockManagerInfo: Added rdd_150_45 in memory on 172.18.0.7:41729 (size: 46.0 B, free: 434.0 MiB)
[2025-12-16T03:29:55.159+0000] {subprocess.py:106} INFO - 25/12/16 03:29:55 INFO TaskSetManager: Finished task 37.0 in stage 48.0 (TID 461) in 203 ms on 172.18.0.7 (executor 0) (43/50)
[2025-12-16T03:29:55.160+0000] {subprocess.py:106} INFO - 25/12/16 03:29:55 INFO TaskSetManager: Finished task 46.0 in stage 48.0 (TID 469) in 137 ms on 172.18.0.7 (executor 0) (44/50)
[2025-12-16T03:29:55.166+0000] {subprocess.py:106} INFO - 25/12/16 03:29:55 INFO BlockManagerInfo: Added rdd_150_48 in memory on 172.18.0.7:41729 (size: 46.0 B, free: 434.0 MiB)
[2025-12-16T03:29:55.168+0000] {subprocess.py:106} INFO - 25/12/16 03:29:55 INFO TaskSetManager: Finished task 41.0 in stage 48.0 (TID 465) in 200 ms on 172.18.0.7 (executor 0) (45/50)
[2025-12-16T03:29:55.176+0000] {subprocess.py:106} INFO - 25/12/16 03:29:55 INFO TaskSetManager: Finished task 43.0 in stage 48.0 (TID 466) in 208 ms on 172.18.0.7 (executor 0) (46/50)
[2025-12-16T03:29:55.180+0000] {subprocess.py:106} INFO - 25/12/16 03:29:55 INFO TaskSetManager: Finished task 47.0 in stage 48.0 (TID 470) in 134 ms on 172.18.0.7 (executor 0) (47/50)
[2025-12-16T03:29:55.183+0000] {subprocess.py:106} INFO - 25/12/16 03:29:55 INFO BlockManagerInfo: Added rdd_150_49 in memory on 172.18.0.7:41729 (size: 46.0 B, free: 434.0 MiB)
[2025-12-16T03:29:55.184+0000] {subprocess.py:106} INFO - 25/12/16 03:29:55 INFO TaskSetManager: Finished task 45.0 in stage 48.0 (TID 468) in 166 ms on 172.18.0.7 (executor 0) (48/50)
[2025-12-16T03:29:55.187+0000] {subprocess.py:106} INFO - 25/12/16 03:29:55 INFO TaskSetManager: Finished task 48.0 in stage 48.0 (TID 471) in 123 ms on 172.18.0.7 (executor 0) (49/50)
[2025-12-16T03:29:55.205+0000] {subprocess.py:106} INFO - 25/12/16 03:29:55 INFO TaskSetManager: Finished task 49.0 in stage 48.0 (TID 472) in 87 ms on 172.18.0.7 (executor 0) (50/50)
[2025-12-16T03:29:55.206+0000] {subprocess.py:106} INFO - 25/12/16 03:29:55 INFO TaskSchedulerImpl: Removed TaskSet 48.0, whose tasks have all completed, from pool
[2025-12-16T03:29:55.207+0000] {subprocess.py:106} INFO - 25/12/16 03:29:55 INFO DAGScheduler: ShuffleMapStage 48 ($anonfun$recordDeltaOperationInternal$1 at DatabricksLogging.scala:128) finished in 0.662 s
[2025-12-16T03:29:55.208+0000] {subprocess.py:106} INFO - 25/12/16 03:29:55 INFO DAGScheduler: looking for newly runnable stages
[2025-12-16T03:29:55.208+0000] {subprocess.py:106} INFO - 25/12/16 03:29:55 INFO DAGScheduler: running: Set()
[2025-12-16T03:29:55.209+0000] {subprocess.py:106} INFO - 25/12/16 03:29:55 INFO DAGScheduler: waiting: Set()
[2025-12-16T03:29:55.209+0000] {subprocess.py:106} INFO - 25/12/16 03:29:55 INFO DAGScheduler: failed: Set()
[2025-12-16T03:29:55.230+0000] {subprocess.py:106} INFO - 25/12/16 03:29:55 INFO SparkContext: Starting job: $anonfun$recordDeltaOperationInternal$1 at DatabricksLogging.scala:128
[2025-12-16T03:29:55.231+0000] {subprocess.py:106} INFO - 25/12/16 03:29:55 INFO DAGScheduler: Got job 33 ($anonfun$recordDeltaOperationInternal$1 at DatabricksLogging.scala:128) with 1 output partitions
[2025-12-16T03:29:55.232+0000] {subprocess.py:106} INFO - 25/12/16 03:29:55 INFO DAGScheduler: Final stage: ResultStage 51 ($anonfun$recordDeltaOperationInternal$1 at DatabricksLogging.scala:128)
[2025-12-16T03:29:55.233+0000] {subprocess.py:106} INFO - 25/12/16 03:29:55 INFO DAGScheduler: Parents of final stage: List(ShuffleMapStage 50)
[2025-12-16T03:29:55.233+0000] {subprocess.py:106} INFO - 25/12/16 03:29:55 INFO DAGScheduler: Missing parents: List()
[2025-12-16T03:29:55.234+0000] {subprocess.py:106} INFO - 25/12/16 03:29:55 INFO DAGScheduler: Submitting ResultStage 51 (MapPartitionsRDD[156] at $anonfun$recordDeltaOperationInternal$1 at DatabricksLogging.scala:128), which has no missing parents
[2025-12-16T03:29:55.244+0000] {subprocess.py:106} INFO - 25/12/16 03:29:55 INFO BlockManagerInfo: Removed broadcast_51_piece0 on 3ad9a82189be:37965 in memory (size: 123.3 KiB, free: 433.9 MiB)
[2025-12-16T03:29:55.245+0000] {subprocess.py:106} INFO - 25/12/16 03:29:55 INFO MemoryStore: Block broadcast_52 stored as values in memory (estimated size 452.3 KiB, free 430.8 MiB)
[2025-12-16T03:29:55.246+0000] {subprocess.py:106} INFO - 25/12/16 03:29:55 INFO BlockManagerInfo: Removed broadcast_51_piece0 on 172.18.0.7:41729 in memory (size: 123.3 KiB, free: 434.1 MiB)
[2025-12-16T03:29:55.248+0000] {subprocess.py:106} INFO - 25/12/16 03:29:55 INFO MemoryStore: Block broadcast_52_piece0 stored as bytes in memory (estimated size 108.0 KiB, free 430.7 MiB)
[2025-12-16T03:29:55.249+0000] {subprocess.py:106} INFO - 25/12/16 03:29:55 INFO BlockManagerInfo: Added broadcast_52_piece0 in memory on 3ad9a82189be:37965 (size: 108.0 KiB, free: 433.8 MiB)
[2025-12-16T03:29:55.250+0000] {subprocess.py:106} INFO - 25/12/16 03:29:55 INFO SparkContext: Created broadcast 52 from broadcast at DAGScheduler.scala:1535
[2025-12-16T03:29:55.251+0000] {subprocess.py:106} INFO - 25/12/16 03:29:55 INFO DAGScheduler: Submitting 1 missing tasks from ResultStage 51 (MapPartitionsRDD[156] at $anonfun$recordDeltaOperationInternal$1 at DatabricksLogging.scala:128) (first 15 tasks are for partitions Vector(0))
[2025-12-16T03:29:55.251+0000] {subprocess.py:106} INFO - 25/12/16 03:29:55 INFO TaskSchedulerImpl: Adding task set 51.0 with 1 tasks resource profile 0
[2025-12-16T03:29:55.252+0000] {subprocess.py:106} INFO - 25/12/16 03:29:55 INFO TaskSetManager: Starting task 0.0 in stage 51.0 (TID 473) (172.18.0.7, executor 0, partition 0, NODE_LOCAL, 7367 bytes)
[2025-12-16T03:29:55.259+0000] {subprocess.py:106} INFO - 25/12/16 03:29:55 INFO BlockManagerInfo: Added broadcast_52_piece0 in memory on 172.18.0.7:41729 (size: 108.0 KiB, free: 434.0 MiB)
[2025-12-16T03:29:55.268+0000] {subprocess.py:106} INFO - 25/12/16 03:29:55 INFO MapOutputTrackerMasterEndpoint: Asked to send map output locations for shuffle 11 to 172.18.0.7:60316
[2025-12-16T03:29:55.293+0000] {subprocess.py:106} INFO - 25/12/16 03:29:55 INFO TaskSetManager: Finished task 0.0 in stage 51.0 (TID 473) in 43 ms on 172.18.0.7 (executor 0) (1/1)
[2025-12-16T03:29:55.294+0000] {subprocess.py:106} INFO - 25/12/16 03:29:55 INFO TaskSchedulerImpl: Removed TaskSet 51.0, whose tasks have all completed, from pool
[2025-12-16T03:29:55.295+0000] {subprocess.py:106} INFO - 25/12/16 03:29:55 INFO DAGScheduler: ResultStage 51 ($anonfun$recordDeltaOperationInternal$1 at DatabricksLogging.scala:128) finished in 0.061 s
[2025-12-16T03:29:55.295+0000] {subprocess.py:106} INFO - 25/12/16 03:29:55 INFO DAGScheduler: Job 33 is finished. Cancelling potential speculative or zombie tasks for this job
[2025-12-16T03:29:55.296+0000] {subprocess.py:106} INFO - 25/12/16 03:29:55 INFO TaskSchedulerImpl: Killing all running tasks in stage 51: Stage finished
[2025-12-16T03:29:55.296+0000] {subprocess.py:106} INFO - 25/12/16 03:29:55 INFO DAGScheduler: Job 33 finished: $anonfun$recordDeltaOperationInternal$1 at DatabricksLogging.scala:128, took 0.064323 s
[2025-12-16T03:29:55.302+0000] {subprocess.py:106} INFO - 25/12/16 03:29:55 INFO Snapshot: [tableId=85fe58c8-48ef-4a7e-a6a2-f52c2432683a] DELTA: Done
[2025-12-16T03:29:55.304+0000] {subprocess.py:106} INFO - 25/12/16 03:29:55 INFO OptimisticTransaction: [tableId=f44013fb,txnId=fb172aeb] Committed delta #0 to s3a://gold/dim_branches/_delta_log
[2025-12-16T03:29:55.304+0000] {subprocess.py:106} INFO - --> [SUCCESS] Written dim_branches to s3a://gold/dim_branches
[2025-12-16T03:29:55.305+0000] {subprocess.py:106} INFO - Processing Dim Suppliers...
[2025-12-16T03:29:55.322+0000] {subprocess.py:106} INFO - 25/12/16 03:29:55 INFO DelegatingLogStore: LogStore `LogStoreAdapter(io.delta.storage.S3SingleDriverLogStore)` is used for scheme `s3a`
[2025-12-16T03:29:55.336+0000] {subprocess.py:106} INFO - 25/12/16 03:29:55 INFO BlockManagerInfo: Removed broadcast_52_piece0 on 3ad9a82189be:37965 in memory (size: 108.0 KiB, free: 433.9 MiB)
[2025-12-16T03:29:55.343+0000] {subprocess.py:106} INFO - 25/12/16 03:29:55 INFO BlockManagerInfo: Removed broadcast_52_piece0 on 172.18.0.7:41729 in memory (size: 108.0 KiB, free: 434.1 MiB)
[2025-12-16T03:29:55.353+0000] {subprocess.py:106} INFO - 25/12/16 03:29:55 INFO DeltaLog: Loading version 1.
[2025-12-16T03:29:55.358+0000] {subprocess.py:106} INFO - 25/12/16 03:29:55 INFO DeltaLogFileIndex: Created DeltaLogFileIndex(JSON, numFilesInSegment: 2, totalFileSize: 3743)
[2025-12-16T03:29:55.384+0000] {subprocess.py:106} INFO - 25/12/16 03:29:55 INFO FileSourceStrategy: Pushed Filters:
[2025-12-16T03:29:55.385+0000] {subprocess.py:106} INFO - 25/12/16 03:29:55 INFO FileSourceStrategy: Post-Scan Filters:
[2025-12-16T03:29:55.397+0000] {subprocess.py:106} INFO - 25/12/16 03:29:55 INFO MemoryStore: Block broadcast_53 stored as values in memory (estimated size 212.9 KiB, free 431.0 MiB)
[2025-12-16T03:29:55.403+0000] {subprocess.py:106} INFO - 25/12/16 03:29:55 INFO MemoryStore: Block broadcast_53_piece0 stored as bytes in memory (estimated size 36.4 KiB, free 431.0 MiB)
[2025-12-16T03:29:55.404+0000] {subprocess.py:106} INFO - 25/12/16 03:29:55 INFO BlockManagerInfo: Added broadcast_53_piece0 in memory on 3ad9a82189be:37965 (size: 36.4 KiB, free: 433.9 MiB)
[2025-12-16T03:29:55.405+0000] {subprocess.py:106} INFO - 25/12/16 03:29:55 INFO SparkContext: Created broadcast 53 from toString at <unknown>:0
[2025-12-16T03:29:55.406+0000] {subprocess.py:106} INFO - 25/12/16 03:29:55 INFO FileSourceScanExec: Planning scan with bin packing, max size: 4194304 bytes, open cost is considered as scanning 4194304 bytes.
[2025-12-16T03:29:55.415+0000] {subprocess.py:106} INFO - 25/12/16 03:29:55 INFO SparkContext: Starting job: toString at <unknown>:0
[2025-12-16T03:29:55.416+0000] {subprocess.py:106} INFO - 25/12/16 03:29:55 INFO DAGScheduler: Got job 34 (toString at <unknown>:0) with 2 output partitions
[2025-12-16T03:29:55.416+0000] {subprocess.py:106} INFO - 25/12/16 03:29:55 INFO DAGScheduler: Final stage: ResultStage 52 (toString at <unknown>:0)
[2025-12-16T03:29:55.417+0000] {subprocess.py:106} INFO - 25/12/16 03:29:55 INFO DAGScheduler: Parents of final stage: List()
[2025-12-16T03:29:55.418+0000] {subprocess.py:106} INFO - 25/12/16 03:29:55 INFO DAGScheduler: Missing parents: List()
[2025-12-16T03:29:55.418+0000] {subprocess.py:106} INFO - 25/12/16 03:29:55 INFO DAGScheduler: Submitting ResultStage 52 (MapPartitionsRDD[160] at toString at <unknown>:0), which has no missing parents
[2025-12-16T03:29:55.419+0000] {subprocess.py:106} INFO - 25/12/16 03:29:55 INFO MemoryStore: Block broadcast_54 stored as values in memory (estimated size 50.4 KiB, free 430.9 MiB)
[2025-12-16T03:29:55.420+0000] {subprocess.py:106} INFO - 25/12/16 03:29:55 INFO MemoryStore: Block broadcast_54_piece0 stored as bytes in memory (estimated size 15.5 KiB, free 430.9 MiB)
[2025-12-16T03:29:55.420+0000] {subprocess.py:106} INFO - 25/12/16 03:29:55 INFO BlockManagerInfo: Added broadcast_54_piece0 in memory on 3ad9a82189be:37965 (size: 15.5 KiB, free: 433.9 MiB)
[2025-12-16T03:29:55.421+0000] {subprocess.py:106} INFO - 25/12/16 03:29:55 INFO SparkContext: Created broadcast 54 from broadcast at DAGScheduler.scala:1535
[2025-12-16T03:29:55.421+0000] {subprocess.py:106} INFO - 25/12/16 03:29:55 INFO DAGScheduler: Submitting 2 missing tasks from ResultStage 52 (MapPartitionsRDD[160] at toString at <unknown>:0) (first 15 tasks are for partitions Vector(0, 1))
[2025-12-16T03:29:55.422+0000] {subprocess.py:106} INFO - 25/12/16 03:29:55 INFO TaskSchedulerImpl: Adding task set 52.0 with 2 tasks resource profile 0
[2025-12-16T03:29:55.422+0000] {subprocess.py:106} INFO - 25/12/16 03:29:55 INFO TaskSetManager: Starting task 0.0 in stage 52.0 (TID 474) (172.18.0.7, executor 0, partition 0, PROCESS_LOCAL, 7943 bytes)
[2025-12-16T03:29:55.423+0000] {subprocess.py:106} INFO - 25/12/16 03:29:55 INFO TaskSetManager: Starting task 1.0 in stage 52.0 (TID 475) (172.18.0.7, executor 0, partition 1, PROCESS_LOCAL, 7943 bytes)
[2025-12-16T03:29:55.430+0000] {subprocess.py:106} INFO - 25/12/16 03:29:55 INFO BlockManagerInfo: Added broadcast_54_piece0 in memory on 172.18.0.7:41729 (size: 15.5 KiB, free: 434.1 MiB)
[2025-12-16T03:29:55.442+0000] {subprocess.py:106} INFO - 25/12/16 03:29:55 INFO BlockManagerInfo: Added broadcast_53_piece0 in memory on 172.18.0.7:41729 (size: 36.4 KiB, free: 434.1 MiB)
[2025-12-16T03:29:55.466+0000] {subprocess.py:106} INFO - 25/12/16 03:29:55 INFO TaskSetManager: Finished task 0.0 in stage 52.0 (TID 474) in 44 ms on 172.18.0.7 (executor 0) (1/2)
[2025-12-16T03:29:55.467+0000] {subprocess.py:106} INFO - 25/12/16 03:29:55 INFO TaskSetManager: Finished task 1.0 in stage 52.0 (TID 475) in 44 ms on 172.18.0.7 (executor 0) (2/2)
[2025-12-16T03:29:55.467+0000] {subprocess.py:106} INFO - 25/12/16 03:29:55 INFO TaskSchedulerImpl: Removed TaskSet 52.0, whose tasks have all completed, from pool
[2025-12-16T03:29:55.468+0000] {subprocess.py:106} INFO - 25/12/16 03:29:55 INFO DAGScheduler: ResultStage 52 (toString at <unknown>:0) finished in 0.050 s
[2025-12-16T03:29:55.468+0000] {subprocess.py:106} INFO - 25/12/16 03:29:55 INFO DAGScheduler: Job 34 is finished. Cancelling potential speculative or zombie tasks for this job
[2025-12-16T03:29:55.469+0000] {subprocess.py:106} INFO - 25/12/16 03:29:55 INFO TaskSchedulerImpl: Killing all running tasks in stage 52: Stage finished
[2025-12-16T03:29:55.469+0000] {subprocess.py:106} INFO - 25/12/16 03:29:55 INFO DAGScheduler: Job 34 finished: toString at <unknown>:0, took 0.052231 s
[2025-12-16T03:29:55.473+0000] {subprocess.py:106} INFO - 25/12/16 03:29:55 INFO Snapshot: [tableId=472052fe-dffb-44e6-a01f-390fa3bf2088] Created snapshot Snapshot(path=s3a://silver/suppliers/_delta_log, version=1, metadata=Metadata(c9acc475-943f-4af6-9014-0536f2724871,null,null,Format(parquet,Map()),{"type":"struct","fields":[{"name":"supplier_id","type":"string","nullable":true,"metadata":{}},{"name":"supplier_name","type":"string","nullable":true,"metadata":{}},{"name":"phone","type":"string","nullable":true,"metadata":{}},{"name":"address","type":"string","nullable":true,"metadata":{}},{"name":"tax_id","type":"string","nullable":true,"metadata":{}},{"name":"current_liability","type":"decimal(18,2)","nullable":true,"metadata":{}},{"name":"status","type":"long","nullable":true,"metadata":{}},{"name":"etl_loaded_at","type":"timestamp","nullable":true,"metadata":{}}]},List(),Map(),Some(1765854989081)), logSegment=LogSegment(s3a://silver/suppliers/_delta_log,1,WrappedArray(S3AFileStatus{path=s3a://silver/suppliers/_delta_log/00000000000000000000.json; isDirectory=false; length=2226; replication=1; blocksize=33554432; modification_time=1765854989866; access_time=0; owner=root; group=root; permission=rw-rw-rw-; isSymlink=false; hasAcl=false; isEncrypted=true; isErasureCoded=false} isEmptyDirectory=FALSE eTag=60dae733710d842f203176b9edbbc00e versionId=null, S3AFileStatus{path=s3a://silver/suppliers/_delta_log/00000000000000000001.json; isDirectory=false; length=1517; replication=1; blocksize=33554432; modification_time=1765855752542; access_time=0; owner=root; group=root; permission=rw-rw-rw-; isSymlink=false; hasAcl=false; isEncrypted=true; isErasureCoded=false} isEmptyDirectory=FALSE eTag=742875e246b174365e2e942b187d1229 versionId=null),None,1765855752542), checksumOpt=None)
[2025-12-16T03:29:55.525+0000] {subprocess.py:106} INFO - 25/12/16 03:29:55 INFO DelegatingLogStore: LogStore `LogStoreAdapter(io.delta.storage.S3SingleDriverLogStore)` is used for scheme `s3a`
[2025-12-16T03:29:55.537+0000] {subprocess.py:106} INFO - 25/12/16 03:29:55 INFO DeltaLog: Creating initial snapshot without metadata, because the directory is empty
[2025-12-16T03:29:55.538+0000] {subprocess.py:106} INFO - 25/12/16 03:29:55 INFO InitialSnapshot: [tableId=b5639d96-9321-4bcf-a5be-1ce47ea858b2] Created snapshot InitialSnapshot(path=s3a://gold/dim_suppliers/_delta_log, version=-1, metadata=Metadata(284d783e-da9a-4118-898e-7dcc3d10bcb3,null,null,Format(parquet,Map()),null,List(),Map(),Some(1765855795536)), logSegment=LogSegment(s3a://gold/dim_suppliers/_delta_log,-1,List(),None,-1), checksumOpt=None)
[2025-12-16T03:29:55.550+0000] {subprocess.py:106} INFO - 25/12/16 03:29:55 INFO DeltaLog: No delta log found for the Delta table at s3a://gold/dim_suppliers/_delta_log
[2025-12-16T03:29:55.551+0000] {subprocess.py:106} INFO - 25/12/16 03:29:55 INFO InitialSnapshot: [tableId=284d783e-da9a-4118-898e-7dcc3d10bcb3] Created snapshot InitialSnapshot(path=s3a://gold/dim_suppliers/_delta_log, version=-1, metadata=Metadata(104c7026-19f8-48ae-a7f6-d9dbf0a57d4b,null,null,Format(parquet,Map()),null,List(),Map(),Some(1765855795548)), logSegment=LogSegment(s3a://gold/dim_suppliers/_delta_log,-1,List(),None,-1), checksumOpt=None)
[2025-12-16T03:29:55.554+0000] {subprocess.py:106} INFO - 25/12/16 03:29:55 INFO OptimisticTransaction: [tableId=104c7026,txnId=b02dec58] Updated metadata from - to Metadata(7b18240a-4a69-4c7f-a2e4-5d317e81ff36,null,null,Format(parquet,Map()),{"type":"struct","fields":[{"name":"supplier_key","type":"string","nullable":true,"metadata":{}},{"name":"supplier_id","type":"string","nullable":true,"metadata":{}},{"name":"supplier_name","type":"string","nullable":true,"metadata":{}},{"name":"phone","type":"string","nullable":true,"metadata":{}},{"name":"address","type":"string","nullable":true,"metadata":{}},{"name":"tax_id","type":"string","nullable":true,"metadata":{}},{"name":"last_updated","type":"timestamp","nullable":true,"metadata":{}}]},List(),Map(),Some(1765855795550))
[2025-12-16T03:29:55.570+0000] {subprocess.py:106} INFO - 25/12/16 03:29:55 INFO BlockManagerInfo: Removed broadcast_54_piece0 on 3ad9a82189be:37965 in memory (size: 15.5 KiB, free: 433.9 MiB)
[2025-12-16T03:29:55.572+0000] {subprocess.py:106} INFO - 25/12/16 03:29:55 INFO BlockManagerInfo: Removed broadcast_54_piece0 on 172.18.0.7:41729 in memory (size: 15.5 KiB, free: 434.1 MiB)
[2025-12-16T03:29:55.575+0000] {subprocess.py:106} INFO - 25/12/16 03:29:55 INFO BlockManagerInfo: Removed broadcast_53_piece0 on 3ad9a82189be:37965 in memory (size: 36.4 KiB, free: 433.9 MiB)
[2025-12-16T03:29:55.576+0000] {subprocess.py:106} INFO - 25/12/16 03:29:55 INFO BlockManagerInfo: Removed broadcast_53_piece0 on 172.18.0.7:41729 in memory (size: 36.4 KiB, free: 434.1 MiB)
[2025-12-16T03:29:55.637+0000] {subprocess.py:106} INFO - 25/12/16 03:29:55 INFO PrepareDeltaScan: DELTA: Filtering files for query
[2025-12-16T03:29:55.638+0000] {subprocess.py:106} INFO - 25/12/16 03:29:55 INFO Snapshot: [tableId=c9acc475-943f-4af6-9014-0536f2724871] DELTA: Compute snapshot for version: 1
[2025-12-16T03:29:55.639+0000] {subprocess.py:106} INFO - 25/12/16 03:29:55 INFO MemoryStore: Block broadcast_55 stored as values in memory (estimated size 212.3 KiB, free 431.0 MiB)
[2025-12-16T03:29:55.651+0000] {subprocess.py:106} INFO - 25/12/16 03:29:55 INFO MemoryStore: Block broadcast_55_piece0 stored as bytes in memory (estimated size 36.3 KiB, free 431.0 MiB)
[2025-12-16T03:29:55.652+0000] {subprocess.py:106} INFO - 25/12/16 03:29:55 INFO BlockManagerInfo: Added broadcast_55_piece0 in memory on 3ad9a82189be:37965 (size: 36.3 KiB, free: 433.9 MiB)
[2025-12-16T03:29:55.653+0000] {subprocess.py:106} INFO - 25/12/16 03:29:55 INFO SparkContext: Created broadcast 55 from $anonfun$recordDeltaOperationInternal$1 at DatabricksLogging.scala:128
[2025-12-16T03:29:55.700+0000] {subprocess.py:106} INFO - 25/12/16 03:29:55 INFO BlockManagerInfo: Removed broadcast_44_piece0 on 3ad9a82189be:37965 in memory (size: 37.0 KiB, free: 433.9 MiB)
[2025-12-16T03:29:55.701+0000] {subprocess.py:106} INFO - 25/12/16 03:29:55 INFO BlockManagerInfo: Removed broadcast_44_piece0 on 172.18.0.7:41729 in memory (size: 37.0 KiB, free: 434.2 MiB)
[2025-12-16T03:29:55.853+0000] {subprocess.py:106} INFO - 25/12/16 03:29:55 INFO FileSourceStrategy: Pushed Filters:
[2025-12-16T03:29:55.854+0000] {subprocess.py:106} INFO - 25/12/16 03:29:55 INFO FileSourceStrategy: Post-Scan Filters:
[2025-12-16T03:29:55.911+0000] {subprocess.py:106} INFO - 25/12/16 03:29:55 INFO MemoryStore: Block broadcast_56 stored as values in memory (estimated size 212.9 KiB, free 431.0 MiB)
[2025-12-16T03:29:55.917+0000] {subprocess.py:106} INFO - 25/12/16 03:29:55 INFO MemoryStore: Block broadcast_56_piece0 stored as bytes in memory (estimated size 36.4 KiB, free 431.0 MiB)
[2025-12-16T03:29:55.918+0000] {subprocess.py:106} INFO - 25/12/16 03:29:55 INFO BlockManagerInfo: Added broadcast_56_piece0 in memory on 3ad9a82189be:37965 (size: 36.4 KiB, free: 433.9 MiB)
[2025-12-16T03:29:55.918+0000] {subprocess.py:106} INFO - 25/12/16 03:29:55 INFO SparkContext: Created broadcast 56 from $anonfun$recordDeltaOperationInternal$1 at DatabricksLogging.scala:128
[2025-12-16T03:29:55.919+0000] {subprocess.py:106} INFO - 25/12/16 03:29:55 INFO FileSourceScanExec: Planning scan with bin packing, max size: 4194304 bytes, open cost is considered as scanning 4194304 bytes.
[2025-12-16T03:29:55.930+0000] {subprocess.py:106} INFO - 25/12/16 03:29:55 INFO DAGScheduler: Registering RDD 164 ($anonfun$recordDeltaOperationInternal$1 at DatabricksLogging.scala:128) as input to shuffle 12
[2025-12-16T03:29:55.931+0000] {subprocess.py:106} INFO - 25/12/16 03:29:55 INFO DAGScheduler: Got map stage job 35 ($anonfun$recordDeltaOperationInternal$1 at DatabricksLogging.scala:128) with 2 output partitions
[2025-12-16T03:29:55.931+0000] {subprocess.py:106} INFO - 25/12/16 03:29:55 INFO DAGScheduler: Final stage: ShuffleMapStage 53 ($anonfun$recordDeltaOperationInternal$1 at DatabricksLogging.scala:128)
[2025-12-16T03:29:55.932+0000] {subprocess.py:106} INFO - 25/12/16 03:29:55 INFO DAGScheduler: Parents of final stage: List()
[2025-12-16T03:29:55.932+0000] {subprocess.py:106} INFO - 25/12/16 03:29:55 INFO DAGScheduler: Missing parents: List()
[2025-12-16T03:29:55.932+0000] {subprocess.py:106} INFO - 25/12/16 03:29:55 INFO DAGScheduler: Submitting ShuffleMapStage 53 (MapPartitionsRDD[164] at $anonfun$recordDeltaOperationInternal$1 at DatabricksLogging.scala:128), which has no missing parents
[2025-12-16T03:29:55.934+0000] {subprocess.py:106} INFO - 25/12/16 03:29:55 INFO MemoryStore: Block broadcast_57 stored as values in memory (estimated size 138.3 KiB, free 430.9 MiB)
[2025-12-16T03:29:55.935+0000] {subprocess.py:106} INFO - 25/12/16 03:29:55 INFO MemoryStore: Block broadcast_57_piece0 stored as bytes in memory (estimated size 39.0 KiB, free 430.8 MiB)
[2025-12-16T03:29:55.936+0000] {subprocess.py:106} INFO - 25/12/16 03:29:55 INFO BlockManagerInfo: Added broadcast_57_piece0 in memory on 3ad9a82189be:37965 (size: 39.0 KiB, free: 433.9 MiB)
[2025-12-16T03:29:55.936+0000] {subprocess.py:106} INFO - 25/12/16 03:29:55 INFO SparkContext: Created broadcast 57 from broadcast at DAGScheduler.scala:1535
[2025-12-16T03:29:55.938+0000] {subprocess.py:106} INFO - 25/12/16 03:29:55 INFO DAGScheduler: Submitting 2 missing tasks from ShuffleMapStage 53 (MapPartitionsRDD[164] at $anonfun$recordDeltaOperationInternal$1 at DatabricksLogging.scala:128) (first 15 tasks are for partitions Vector(0, 1))
[2025-12-16T03:29:55.938+0000] {subprocess.py:106} INFO - 25/12/16 03:29:55 INFO TaskSchedulerImpl: Adding task set 53.0 with 2 tasks resource profile 0
[2025-12-16T03:29:55.939+0000] {subprocess.py:106} INFO - 25/12/16 03:29:55 INFO TaskSetManager: Starting task 0.0 in stage 53.0 (TID 476) (172.18.0.7, executor 0, partition 0, PROCESS_LOCAL, 7932 bytes)
[2025-12-16T03:29:55.939+0000] {subprocess.py:106} INFO - 25/12/16 03:29:55 INFO TaskSetManager: Starting task 1.0 in stage 53.0 (TID 477) (172.18.0.7, executor 0, partition 1, PROCESS_LOCAL, 7932 bytes)
[2025-12-16T03:29:55.946+0000] {subprocess.py:106} INFO - 25/12/16 03:29:55 INFO BlockManagerInfo: Added broadcast_57_piece0 in memory on 172.18.0.7:41729 (size: 39.0 KiB, free: 434.1 MiB)
[2025-12-16T03:29:55.963+0000] {subprocess.py:106} INFO - 25/12/16 03:29:55 INFO BlockManagerInfo: Added broadcast_56_piece0 in memory on 172.18.0.7:41729 (size: 36.4 KiB, free: 434.1 MiB)
[2025-12-16T03:29:55.990+0000] {subprocess.py:106} INFO - 25/12/16 03:29:55 INFO TaskSetManager: Finished task 0.0 in stage 53.0 (TID 476) in 51 ms on 172.18.0.7 (executor 0) (1/2)
[2025-12-16T03:29:55.991+0000] {subprocess.py:106} INFO - 25/12/16 03:29:55 INFO TaskSetManager: Finished task 1.0 in stage 53.0 (TID 477) in 51 ms on 172.18.0.7 (executor 0) (2/2)
[2025-12-16T03:29:55.992+0000] {subprocess.py:106} INFO - 25/12/16 03:29:55 INFO TaskSchedulerImpl: Removed TaskSet 53.0, whose tasks have all completed, from pool
[2025-12-16T03:29:55.992+0000] {subprocess.py:106} INFO - 25/12/16 03:29:55 INFO DAGScheduler: ShuffleMapStage 53 ($anonfun$recordDeltaOperationInternal$1 at DatabricksLogging.scala:128) finished in 0.060 s
[2025-12-16T03:29:55.993+0000] {subprocess.py:106} INFO - 25/12/16 03:29:55 INFO DAGScheduler: looking for newly runnable stages
[2025-12-16T03:29:55.993+0000] {subprocess.py:106} INFO - 25/12/16 03:29:55 INFO DAGScheduler: running: Set()
[2025-12-16T03:29:55.994+0000] {subprocess.py:106} INFO - 25/12/16 03:29:55 INFO DAGScheduler: waiting: Set()
[2025-12-16T03:29:55.994+0000] {subprocess.py:106} INFO - 25/12/16 03:29:55 INFO DAGScheduler: failed: Set()
[2025-12-16T03:29:56.016+0000] {subprocess.py:106} INFO - 25/12/16 03:29:56 INFO BlockManagerInfo: Removed broadcast_57_piece0 on 3ad9a82189be:37965 in memory (size: 39.0 KiB, free: 433.9 MiB)
[2025-12-16T03:29:56.017+0000] {subprocess.py:106} INFO - 25/12/16 03:29:56 INFO BlockManagerInfo: Removed broadcast_57_piece0 on 172.18.0.7:41729 in memory (size: 39.0 KiB, free: 434.1 MiB)
[2025-12-16T03:29:56.118+0000] {subprocess.py:106} INFO - 25/12/16 03:29:56 INFO DAGScheduler: Registering RDD 174 ($anonfun$recordDeltaOperationInternal$1 at DatabricksLogging.scala:128) as input to shuffle 13
[2025-12-16T03:29:56.119+0000] {subprocess.py:106} INFO - 25/12/16 03:29:56 INFO DAGScheduler: Got map stage job 36 ($anonfun$recordDeltaOperationInternal$1 at DatabricksLogging.scala:128) with 50 output partitions
[2025-12-16T03:29:56.120+0000] {subprocess.py:106} INFO - 25/12/16 03:29:56 INFO DAGScheduler: Final stage: ShuffleMapStage 55 ($anonfun$recordDeltaOperationInternal$1 at DatabricksLogging.scala:128)
[2025-12-16T03:29:56.120+0000] {subprocess.py:106} INFO - 25/12/16 03:29:56 INFO DAGScheduler: Parents of final stage: List(ShuffleMapStage 54)
[2025-12-16T03:29:56.120+0000] {subprocess.py:106} INFO - 25/12/16 03:29:56 INFO DAGScheduler: Missing parents: List()
[2025-12-16T03:29:56.121+0000] {subprocess.py:106} INFO - 25/12/16 03:29:56 INFO DAGScheduler: Submitting ShuffleMapStage 55 (MapPartitionsRDD[174] at $anonfun$recordDeltaOperationInternal$1 at DatabricksLogging.scala:128), which has no missing parents
[2025-12-16T03:29:56.134+0000] {subprocess.py:106} INFO - 25/12/16 03:29:56 INFO MemoryStore: Block broadcast_58 stored as values in memory (estimated size 517.2 KiB, free 430.5 MiB)
[2025-12-16T03:29:56.135+0000] {subprocess.py:106} INFO - 25/12/16 03:29:56 INFO MemoryStore: Block broadcast_58_piece0 stored as bytes in memory (estimated size 123.3 KiB, free 430.4 MiB)
[2025-12-16T03:29:56.136+0000] {subprocess.py:106} INFO - 25/12/16 03:29:56 INFO BlockManagerInfo: Added broadcast_58_piece0 in memory on 3ad9a82189be:37965 (size: 123.3 KiB, free: 433.8 MiB)
[2025-12-16T03:29:56.136+0000] {subprocess.py:106} INFO - 25/12/16 03:29:56 INFO SparkContext: Created broadcast 58 from broadcast at DAGScheduler.scala:1535
[2025-12-16T03:29:56.137+0000] {subprocess.py:106} INFO - 25/12/16 03:29:56 INFO DAGScheduler: Submitting 50 missing tasks from ShuffleMapStage 55 (MapPartitionsRDD[174] at $anonfun$recordDeltaOperationInternal$1 at DatabricksLogging.scala:128) (first 15 tasks are for partitions Vector(0, 1, 2, 3, 4, 5, 6, 7, 8, 9, 10, 11, 12, 13, 14))
[2025-12-16T03:29:56.137+0000] {subprocess.py:106} INFO - 25/12/16 03:29:56 INFO TaskSchedulerImpl: Adding task set 55.0 with 50 tasks resource profile 0
[2025-12-16T03:29:56.138+0000] {subprocess.py:106} INFO - 25/12/16 03:29:56 INFO TaskSetManager: Starting task 3.0 in stage 55.0 (TID 478) (172.18.0.7, executor 0, partition 3, NODE_LOCAL, 7356 bytes)
[2025-12-16T03:29:56.139+0000] {subprocess.py:106} INFO - 25/12/16 03:29:56 INFO TaskSetManager: Starting task 16.0 in stage 55.0 (TID 479) (172.18.0.7, executor 0, partition 16, NODE_LOCAL, 7356 bytes)
[2025-12-16T03:29:56.139+0000] {subprocess.py:106} INFO - 25/12/16 03:29:56 INFO TaskSetManager: Starting task 42.0 in stage 55.0 (TID 480) (172.18.0.7, executor 0, partition 42, NODE_LOCAL, 7356 bytes)
[2025-12-16T03:29:56.140+0000] {subprocess.py:106} INFO - 25/12/16 03:29:56 INFO TaskSetManager: Starting task 0.0 in stage 55.0 (TID 481) (172.18.0.7, executor 0, partition 0, PROCESS_LOCAL, 7356 bytes)
[2025-12-16T03:29:56.140+0000] {subprocess.py:106} INFO - 25/12/16 03:29:56 INFO TaskSetManager: Starting task 1.0 in stage 55.0 (TID 482) (172.18.0.7, executor 0, partition 1, PROCESS_LOCAL, 7356 bytes)
[2025-12-16T03:29:56.141+0000] {subprocess.py:106} INFO - 25/12/16 03:29:56 INFO TaskSetManager: Starting task 2.0 in stage 55.0 (TID 483) (172.18.0.7, executor 0, partition 2, PROCESS_LOCAL, 7356 bytes)
[2025-12-16T03:29:56.142+0000] {subprocess.py:106} INFO - 25/12/16 03:29:56 INFO TaskSetManager: Starting task 4.0 in stage 55.0 (TID 484) (172.18.0.7, executor 0, partition 4, PROCESS_LOCAL, 7356 bytes)
[2025-12-16T03:29:56.143+0000] {subprocess.py:106} INFO - 25/12/16 03:29:56 INFO TaskSetManager: Starting task 5.0 in stage 55.0 (TID 485) (172.18.0.7, executor 0, partition 5, PROCESS_LOCAL, 7356 bytes)
[2025-12-16T03:29:56.143+0000] {subprocess.py:106} INFO - 25/12/16 03:29:56 INFO TaskSetManager: Starting task 6.0 in stage 55.0 (TID 486) (172.18.0.7, executor 0, partition 6, PROCESS_LOCAL, 7356 bytes)
[2025-12-16T03:29:56.144+0000] {subprocess.py:106} INFO - 25/12/16 03:29:56 INFO TaskSetManager: Starting task 7.0 in stage 55.0 (TID 487) (172.18.0.7, executor 0, partition 7, PROCESS_LOCAL, 7356 bytes)
[2025-12-16T03:29:56.144+0000] {subprocess.py:106} INFO - 25/12/16 03:29:56 INFO TaskSetManager: Starting task 8.0 in stage 55.0 (TID 488) (172.18.0.7, executor 0, partition 8, PROCESS_LOCAL, 7356 bytes)
[2025-12-16T03:29:56.145+0000] {subprocess.py:106} INFO - 25/12/16 03:29:56 INFO TaskSetManager: Starting task 9.0 in stage 55.0 (TID 489) (172.18.0.7, executor 0, partition 9, PROCESS_LOCAL, 7356 bytes)
[2025-12-16T03:29:56.145+0000] {subprocess.py:106} INFO - 25/12/16 03:29:56 INFO TaskSetManager: Starting task 10.0 in stage 55.0 (TID 490) (172.18.0.7, executor 0, partition 10, PROCESS_LOCAL, 7356 bytes)
[2025-12-16T03:29:56.146+0000] {subprocess.py:106} INFO - 25/12/16 03:29:56 INFO TaskSetManager: Starting task 11.0 in stage 55.0 (TID 491) (172.18.0.7, executor 0, partition 11, PROCESS_LOCAL, 7356 bytes)
[2025-12-16T03:29:56.146+0000] {subprocess.py:106} INFO - 25/12/16 03:29:56 INFO TaskSetManager: Starting task 12.0 in stage 55.0 (TID 492) (172.18.0.7, executor 0, partition 12, PROCESS_LOCAL, 7356 bytes)
[2025-12-16T03:29:56.146+0000] {subprocess.py:106} INFO - 25/12/16 03:29:56 INFO TaskSetManager: Starting task 13.0 in stage 55.0 (TID 493) (172.18.0.7, executor 0, partition 13, PROCESS_LOCAL, 7356 bytes)
[2025-12-16T03:29:56.150+0000] {subprocess.py:106} INFO - 25/12/16 03:29:56 INFO BlockManagerInfo: Added broadcast_58_piece0 in memory on 172.18.0.7:41729 (size: 123.3 KiB, free: 434.0 MiB)
[2025-12-16T03:29:56.179+0000] {subprocess.py:106} INFO - 25/12/16 03:29:56 INFO MapOutputTrackerMasterEndpoint: Asked to send map output locations for shuffle 12 to 172.18.0.7:60316
[2025-12-16T03:29:56.216+0000] {subprocess.py:106} INFO - 25/12/16 03:29:56 INFO BlockManagerInfo: Added rdd_171_7 in memory on 172.18.0.7:41729 (size: 46.0 B, free: 434.0 MiB)
[2025-12-16T03:29:56.217+0000] {subprocess.py:106} INFO - 25/12/16 03:29:56 INFO BlockManagerInfo: Added rdd_171_1 in memory on 172.18.0.7:41729 (size: 46.0 B, free: 434.0 MiB)
[2025-12-16T03:29:56.218+0000] {subprocess.py:106} INFO - 25/12/16 03:29:56 INFO BlockManagerInfo: Added rdd_171_11 in memory on 172.18.0.7:41729 (size: 46.0 B, free: 434.0 MiB)
[2025-12-16T03:29:56.219+0000] {subprocess.py:106} INFO - 25/12/16 03:29:56 INFO BlockManagerInfo: Added rdd_171_2 in memory on 172.18.0.7:41729 (size: 46.0 B, free: 434.0 MiB)
[2025-12-16T03:29:56.219+0000] {subprocess.py:106} INFO - 25/12/16 03:29:56 INFO BlockManagerInfo: Added rdd_171_8 in memory on 172.18.0.7:41729 (size: 46.0 B, free: 434.0 MiB)
[2025-12-16T03:29:56.220+0000] {subprocess.py:106} INFO - 25/12/16 03:29:56 INFO BlockManagerInfo: Added rdd_171_16 in memory on 172.18.0.7:41729 (size: 747.0 B, free: 434.0 MiB)
[2025-12-16T03:29:56.226+0000] {subprocess.py:106} INFO - 25/12/16 03:29:56 INFO BlockManagerInfo: Added rdd_171_42 in memory on 172.18.0.7:41729 (size: 564.0 B, free: 434.0 MiB)
[2025-12-16T03:29:56.227+0000] {subprocess.py:106} INFO - 25/12/16 03:29:56 INFO BlockManagerInfo: Added rdd_171_4 in memory on 172.18.0.7:41729 (size: 46.0 B, free: 434.0 MiB)
[2025-12-16T03:29:56.242+0000] {subprocess.py:106} INFO - 25/12/16 03:29:56 INFO BlockManagerInfo: Added rdd_171_0 in memory on 172.18.0.7:41729 (size: 46.0 B, free: 434.0 MiB)
[2025-12-16T03:29:56.243+0000] {subprocess.py:106} INFO - 25/12/16 03:29:56 INFO BlockManagerInfo: Added rdd_171_12 in memory on 172.18.0.7:41729 (size: 46.0 B, free: 434.0 MiB)
[2025-12-16T03:29:56.250+0000] {subprocess.py:106} INFO - 25/12/16 03:29:56 INFO TaskSetManager: Starting task 14.0 in stage 55.0 (TID 494) (172.18.0.7, executor 0, partition 14, PROCESS_LOCAL, 7356 bytes)
[2025-12-16T03:29:56.251+0000] {subprocess.py:106} INFO - 25/12/16 03:29:56 INFO TaskSetManager: Finished task 8.0 in stage 55.0 (TID 488) in 110 ms on 172.18.0.7 (executor 0) (1/50)
[2025-12-16T03:29:56.258+0000] {subprocess.py:106} INFO - 25/12/16 03:29:56 INFO BlockManagerInfo: Added rdd_171_13 in memory on 172.18.0.7:41729 (size: 46.0 B, free: 434.0 MiB)
[2025-12-16T03:29:56.260+0000] {subprocess.py:106} INFO - 25/12/16 03:29:56 INFO BlockManagerInfo: Added rdd_171_10 in memory on 172.18.0.7:41729 (size: 46.0 B, free: 434.0 MiB)
[2025-12-16T03:29:56.265+0000] {subprocess.py:106} INFO - 25/12/16 03:29:56 INFO BlockManagerInfo: Added rdd_171_3 in memory on 172.18.0.7:41729 (size: 300.0 B, free: 434.0 MiB)
[2025-12-16T03:29:56.286+0000] {subprocess.py:106} INFO - 25/12/16 03:29:56 INFO TaskSetManager: Starting task 15.0 in stage 55.0 (TID 495) (172.18.0.7, executor 0, partition 15, PROCESS_LOCAL, 7356 bytes)
[2025-12-16T03:29:56.287+0000] {subprocess.py:106} INFO - 25/12/16 03:29:56 INFO TaskSetManager: Starting task 17.0 in stage 55.0 (TID 496) (172.18.0.7, executor 0, partition 17, PROCESS_LOCAL, 7356 bytes)
[2025-12-16T03:29:56.287+0000] {subprocess.py:106} INFO - 25/12/16 03:29:56 INFO BlockManagerInfo: Added rdd_171_9 in memory on 172.18.0.7:41729 (size: 46.0 B, free: 434.0 MiB)
[2025-12-16T03:29:56.294+0000] {subprocess.py:106} INFO - 25/12/16 03:29:56 INFO TaskSetManager: Finished task 2.0 in stage 55.0 (TID 483) in 143 ms on 172.18.0.7 (executor 0) (2/50)
[2025-12-16T03:29:56.295+0000] {subprocess.py:106} INFO - 25/12/16 03:29:56 INFO TaskSetManager: Finished task 4.0 in stage 55.0 (TID 484) in 144 ms on 172.18.0.7 (executor 0) (3/50)
[2025-12-16T03:29:56.298+0000] {subprocess.py:106} INFO - 25/12/16 03:29:56 INFO BlockManagerInfo: Added rdd_171_5 in memory on 172.18.0.7:41729 (size: 46.0 B, free: 434.0 MiB)
[2025-12-16T03:29:56.306+0000] {subprocess.py:106} INFO - 25/12/16 03:29:56 INFO TaskSetManager: Starting task 18.0 in stage 55.0 (TID 497) (172.18.0.7, executor 0, partition 18, PROCESS_LOCAL, 7356 bytes)
[2025-12-16T03:29:56.307+0000] {subprocess.py:106} INFO - 25/12/16 03:29:56 INFO BlockManagerInfo: Added rdd_171_6 in memory on 172.18.0.7:41729 (size: 46.0 B, free: 434.0 MiB)
[2025-12-16T03:29:56.308+0000] {subprocess.py:106} INFO - 25/12/16 03:29:56 INFO TaskSetManager: Finished task 0.0 in stage 55.0 (TID 481) in 165 ms on 172.18.0.7 (executor 0) (4/50)
[2025-12-16T03:29:56.309+0000] {subprocess.py:106} INFO - 25/12/16 03:29:56 INFO TaskSetManager: Starting task 19.0 in stage 55.0 (TID 498) (172.18.0.7, executor 0, partition 19, PROCESS_LOCAL, 7356 bytes)
[2025-12-16T03:29:56.311+0000] {subprocess.py:106} INFO - 25/12/16 03:29:56 INFO TaskSetManager: Finished task 7.0 in stage 55.0 (TID 487) in 166 ms on 172.18.0.7 (executor 0) (5/50)
[2025-12-16T03:29:56.312+0000] {subprocess.py:106} INFO - 25/12/16 03:29:56 INFO TaskSetManager: Starting task 20.0 in stage 55.0 (TID 499) (172.18.0.7, executor 0, partition 20, PROCESS_LOCAL, 7356 bytes)
[2025-12-16T03:29:56.314+0000] {subprocess.py:106} INFO - 25/12/16 03:29:56 INFO TaskSetManager: Finished task 11.0 in stage 55.0 (TID 491) in 167 ms on 172.18.0.7 (executor 0) (6/50)
[2025-12-16T03:29:56.315+0000] {subprocess.py:106} INFO - 25/12/16 03:29:56 INFO TaskSetManager: Starting task 21.0 in stage 55.0 (TID 500) (172.18.0.7, executor 0, partition 21, PROCESS_LOCAL, 7356 bytes)
[2025-12-16T03:29:56.321+0000] {subprocess.py:106} INFO - 25/12/16 03:29:56 INFO TaskSetManager: Finished task 16.0 in stage 55.0 (TID 479) in 171 ms on 172.18.0.7 (executor 0) (7/50)
[2025-12-16T03:29:56.324+0000] {subprocess.py:106} INFO - 25/12/16 03:29:56 INFO TaskSetManager: Starting task 22.0 in stage 55.0 (TID 501) (172.18.0.7, executor 0, partition 22, PROCESS_LOCAL, 7356 bytes)
[2025-12-16T03:29:56.325+0000] {subprocess.py:106} INFO - 25/12/16 03:29:56 INFO TaskSetManager: Starting task 23.0 in stage 55.0 (TID 502) (172.18.0.7, executor 0, partition 23, PROCESS_LOCAL, 7356 bytes)
[2025-12-16T03:29:56.327+0000] {subprocess.py:106} INFO - 25/12/16 03:29:56 INFO TaskSetManager: Starting task 24.0 in stage 55.0 (TID 503) (172.18.0.7, executor 0, partition 24, PROCESS_LOCAL, 7356 bytes)
[2025-12-16T03:29:56.328+0000] {subprocess.py:106} INFO - 25/12/16 03:29:56 INFO TaskSetManager: Starting task 25.0 in stage 55.0 (TID 504) (172.18.0.7, executor 0, partition 25, PROCESS_LOCAL, 7356 bytes)
[2025-12-16T03:29:56.329+0000] {subprocess.py:106} INFO - 25/12/16 03:29:56 INFO TaskSetManager: Starting task 26.0 in stage 55.0 (TID 505) (172.18.0.7, executor 0, partition 26, PROCESS_LOCAL, 7356 bytes)
[2025-12-16T03:29:56.332+0000] {subprocess.py:106} INFO - 25/12/16 03:29:56 INFO TaskSetManager: Finished task 12.0 in stage 55.0 (TID 492) in 175 ms on 172.18.0.7 (executor 0) (8/50)
[2025-12-16T03:29:56.337+0000] {subprocess.py:106} INFO - 25/12/16 03:29:56 INFO TaskSetManager: Finished task 3.0 in stage 55.0 (TID 478) in 178 ms on 172.18.0.7 (executor 0) (9/50)
[2025-12-16T03:29:56.340+0000] {subprocess.py:106} INFO - 25/12/16 03:29:56 INFO TaskSetManager: Finished task 13.0 in stage 55.0 (TID 493) in 175 ms on 172.18.0.7 (executor 0) (10/50)
[2025-12-16T03:29:56.344+0000] {subprocess.py:106} INFO - 25/12/16 03:29:56 INFO TaskSetManager: Finished task 42.0 in stage 55.0 (TID 480) in 179 ms on 172.18.0.7 (executor 0) (11/50)
[2025-12-16T03:29:56.345+0000] {subprocess.py:106} INFO - 25/12/16 03:29:56 INFO TaskSetManager: Finished task 9.0 in stage 55.0 (TID 489) in 178 ms on 172.18.0.7 (executor 0) (12/50)
[2025-12-16T03:29:56.348+0000] {subprocess.py:106} INFO - 25/12/16 03:29:56 INFO TaskSetManager: Finished task 1.0 in stage 55.0 (TID 482) in 179 ms on 172.18.0.7 (executor 0) (13/50)
[2025-12-16T03:29:56.351+0000] {subprocess.py:106} INFO - 25/12/16 03:29:56 INFO TaskSetManager: Starting task 27.0 in stage 55.0 (TID 506) (172.18.0.7, executor 0, partition 27, PROCESS_LOCAL, 7356 bytes)
[2025-12-16T03:29:56.354+0000] {subprocess.py:106} INFO - 25/12/16 03:29:56 INFO TaskSetManager: Starting task 28.0 in stage 55.0 (TID 507) (172.18.0.7, executor 0, partition 28, PROCESS_LOCAL, 7356 bytes)
[2025-12-16T03:29:56.356+0000] {subprocess.py:106} INFO - 25/12/16 03:29:56 INFO TaskSetManager: Finished task 10.0 in stage 55.0 (TID 490) in 180 ms on 172.18.0.7 (executor 0) (14/50)
[2025-12-16T03:29:56.360+0000] {subprocess.py:106} INFO - 25/12/16 03:29:56 INFO TaskSetManager: Starting task 29.0 in stage 55.0 (TID 508) (172.18.0.7, executor 0, partition 29, PROCESS_LOCAL, 7356 bytes)
[2025-12-16T03:29:56.361+0000] {subprocess.py:106} INFO - 25/12/16 03:29:56 INFO TaskSetManager: Finished task 5.0 in stage 55.0 (TID 485) in 204 ms on 172.18.0.7 (executor 0) (15/50)
[2025-12-16T03:29:56.363+0000] {subprocess.py:106} INFO - 25/12/16 03:29:56 INFO BlockManagerInfo: Added rdd_171_14 in memory on 172.18.0.7:41729 (size: 46.0 B, free: 434.0 MiB)
[2025-12-16T03:29:56.365+0000] {subprocess.py:106} INFO - 25/12/16 03:29:56 INFO BlockManagerInfo: Added rdd_171_15 in memory on 172.18.0.7:41729 (size: 46.0 B, free: 434.0 MiB)
[2025-12-16T03:29:56.378+0000] {subprocess.py:106} INFO - 25/12/16 03:29:56 INFO TaskSetManager: Starting task 30.0 in stage 55.0 (TID 509) (172.18.0.7, executor 0, partition 30, PROCESS_LOCAL, 7356 bytes)
[2025-12-16T03:29:56.380+0000] {subprocess.py:106} INFO - 25/12/16 03:29:56 INFO TaskSetManager: Finished task 6.0 in stage 55.0 (TID 486) in 232 ms on 172.18.0.7 (executor 0) (16/50)
[2025-12-16T03:29:56.392+0000] {subprocess.py:106} INFO - 25/12/16 03:29:56 INFO BlockManagerInfo: Added rdd_171_26 in memory on 172.18.0.7:41729 (size: 46.0 B, free: 434.0 MiB)
[2025-12-16T03:29:56.393+0000] {subprocess.py:106} INFO - 25/12/16 03:29:56 INFO BlockManagerInfo: Added rdd_171_25 in memory on 172.18.0.7:41729 (size: 46.0 B, free: 434.0 MiB)
[2025-12-16T03:29:56.395+0000] {subprocess.py:106} INFO - 25/12/16 03:29:56 INFO BlockManagerInfo: Added rdd_171_24 in memory on 172.18.0.7:41729 (size: 46.0 B, free: 434.0 MiB)
[2025-12-16T03:29:56.414+0000] {subprocess.py:106} INFO - 25/12/16 03:29:56 INFO TaskSetManager: Starting task 31.0 in stage 55.0 (TID 510) (172.18.0.7, executor 0, partition 31, PROCESS_LOCAL, 7356 bytes)
[2025-12-16T03:29:56.420+0000] {subprocess.py:106} INFO - 25/12/16 03:29:56 INFO TaskSetManager: Finished task 15.0 in stage 55.0 (TID 495) in 135 ms on 172.18.0.7 (executor 0) (17/50)
[2025-12-16T03:29:56.422+0000] {subprocess.py:106} INFO - 25/12/16 03:29:56 INFO BlockManagerInfo: Added rdd_171_23 in memory on 172.18.0.7:41729 (size: 46.0 B, free: 434.0 MiB)
[2025-12-16T03:29:56.424+0000] {subprocess.py:106} INFO - 25/12/16 03:29:56 INFO BlockManagerInfo: Added rdd_171_20 in memory on 172.18.0.7:41729 (size: 46.0 B, free: 434.0 MiB)
[2025-12-16T03:29:56.430+0000] {subprocess.py:106} INFO - 25/12/16 03:29:56 INFO BlockManagerInfo: Added rdd_171_21 in memory on 172.18.0.7:41729 (size: 46.0 B, free: 434.0 MiB)
[2025-12-16T03:29:56.431+0000] {subprocess.py:106} INFO - 25/12/16 03:29:56 INFO BlockManagerInfo: Added rdd_171_18 in memory on 172.18.0.7:41729 (size: 46.0 B, free: 434.0 MiB)
[2025-12-16T03:29:56.432+0000] {subprocess.py:106} INFO - 25/12/16 03:29:56 INFO TaskSetManager: Starting task 32.0 in stage 55.0 (TID 511) (172.18.0.7, executor 0, partition 32, PROCESS_LOCAL, 7356 bytes)
[2025-12-16T03:29:56.437+0000] {subprocess.py:106} INFO - 25/12/16 03:29:56 INFO TaskSetManager: Finished task 14.0 in stage 55.0 (TID 494) in 174 ms on 172.18.0.7 (executor 0) (18/50)
[2025-12-16T03:29:56.441+0000] {subprocess.py:106} INFO - 25/12/16 03:29:56 INFO BlockManagerInfo: Added rdd_171_19 in memory on 172.18.0.7:41729 (size: 46.0 B, free: 434.0 MiB)
[2025-12-16T03:29:56.442+0000] {subprocess.py:106} INFO - 25/12/16 03:29:56 INFO BlockManagerInfo: Added rdd_171_28 in memory on 172.18.0.7:41729 (size: 46.0 B, free: 434.0 MiB)
[2025-12-16T03:29:56.444+0000] {subprocess.py:106} INFO - 25/12/16 03:29:56 INFO TaskSetManager: Starting task 33.0 in stage 55.0 (TID 512) (172.18.0.7, executor 0, partition 33, PROCESS_LOCAL, 7356 bytes)
[2025-12-16T03:29:56.445+0000] {subprocess.py:106} INFO - 25/12/16 03:29:56 INFO BlockManagerInfo: Added rdd_171_17 in memory on 172.18.0.7:41729 (size: 46.0 B, free: 434.0 MiB)
[2025-12-16T03:29:56.447+0000] {subprocess.py:106} INFO - 25/12/16 03:29:56 INFO TaskSetManager: Finished task 26.0 in stage 55.0 (TID 505) in 125 ms on 172.18.0.7 (executor 0) (19/50)
[2025-12-16T03:29:56.454+0000] {subprocess.py:106} INFO - 25/12/16 03:29:56 INFO TaskSetManager: Starting task 34.0 in stage 55.0 (TID 513) (172.18.0.7, executor 0, partition 34, PROCESS_LOCAL, 7356 bytes)
[2025-12-16T03:29:56.458+0000] {subprocess.py:106} INFO - 25/12/16 03:29:56 INFO BlockManagerInfo: Added rdd_171_27 in memory on 172.18.0.7:41729 (size: 46.0 B, free: 434.0 MiB)
[2025-12-16T03:29:56.459+0000] {subprocess.py:106} INFO - 25/12/16 03:29:56 INFO TaskSetManager: Starting task 35.0 in stage 55.0 (TID 514) (172.18.0.7, executor 0, partition 35, PROCESS_LOCAL, 7356 bytes)
[2025-12-16T03:29:56.461+0000] {subprocess.py:106} INFO - 25/12/16 03:29:56 INFO TaskSetManager: Starting task 36.0 in stage 55.0 (TID 515) (172.18.0.7, executor 0, partition 36, PROCESS_LOCAL, 7356 bytes)
[2025-12-16T03:29:56.469+0000] {subprocess.py:106} INFO - 25/12/16 03:29:56 INFO TaskSetManager: Finished task 25.0 in stage 55.0 (TID 504) in 146 ms on 172.18.0.7 (executor 0) (20/50)
[2025-12-16T03:29:56.470+0000] {subprocess.py:106} INFO - 25/12/16 03:29:56 INFO TaskSetManager: Finished task 21.0 in stage 55.0 (TID 500) in 152 ms on 172.18.0.7 (executor 0) (21/50)
[2025-12-16T03:29:56.472+0000] {subprocess.py:106} INFO - 25/12/16 03:29:56 INFO TaskSetManager: Finished task 24.0 in stage 55.0 (TID 503) in 148 ms on 172.18.0.7 (executor 0) (22/50)
[2025-12-16T03:29:56.473+0000] {subprocess.py:106} INFO - 25/12/16 03:29:56 INFO BlockManagerInfo: Added rdd_171_22 in memory on 172.18.0.7:41729 (size: 46.0 B, free: 434.0 MiB)
[2025-12-16T03:29:56.474+0000] {subprocess.py:106} INFO - 25/12/16 03:29:56 INFO BlockManagerInfo: Added rdd_171_29 in memory on 172.18.0.7:41729 (size: 46.0 B, free: 434.0 MiB)
[2025-12-16T03:29:56.476+0000] {subprocess.py:106} INFO - 25/12/16 03:29:56 INFO TaskSetManager: Starting task 37.0 in stage 55.0 (TID 516) (172.18.0.7, executor 0, partition 37, PROCESS_LOCAL, 7356 bytes)
[2025-12-16T03:29:56.477+0000] {subprocess.py:106} INFO - 25/12/16 03:29:56 INFO TaskSetManager: Finished task 18.0 in stage 55.0 (TID 497) in 169 ms on 172.18.0.7 (executor 0) (23/50)
[2025-12-16T03:29:56.478+0000] {subprocess.py:106} INFO - 25/12/16 03:29:56 INFO TaskSetManager: Starting task 38.0 in stage 55.0 (TID 517) (172.18.0.7, executor 0, partition 38, PROCESS_LOCAL, 7356 bytes)
[2025-12-16T03:29:56.479+0000] {subprocess.py:106} INFO - 25/12/16 03:29:56 INFO TaskSetManager: Starting task 39.0 in stage 55.0 (TID 518) (172.18.0.7, executor 0, partition 39, PROCESS_LOCAL, 7356 bytes)
[2025-12-16T03:29:56.480+0000] {subprocess.py:106} INFO - 25/12/16 03:29:56 INFO TaskSetManager: Finished task 20.0 in stage 55.0 (TID 499) in 171 ms on 172.18.0.7 (executor 0) (24/50)
[2025-12-16T03:29:56.483+0000] {subprocess.py:106} INFO - 25/12/16 03:29:56 INFO BlockManagerInfo: Added rdd_171_30 in memory on 172.18.0.7:41729 (size: 46.0 B, free: 434.0 MiB)
[2025-12-16T03:29:56.486+0000] {subprocess.py:106} INFO - 25/12/16 03:29:56 INFO TaskSetManager: Finished task 28.0 in stage 55.0 (TID 507) in 158 ms on 172.18.0.7 (executor 0) (25/50)
[2025-12-16T03:29:56.494+0000] {subprocess.py:106} INFO - 25/12/16 03:29:56 INFO TaskSetManager: Starting task 40.0 in stage 55.0 (TID 519) (172.18.0.7, executor 0, partition 40, PROCESS_LOCAL, 7356 bytes)
[2025-12-16T03:29:56.495+0000] {subprocess.py:106} INFO - 25/12/16 03:29:56 INFO TaskSetManager: Finished task 19.0 in stage 55.0 (TID 498) in 176 ms on 172.18.0.7 (executor 0) (26/50)
[2025-12-16T03:29:56.496+0000] {subprocess.py:106} INFO - 25/12/16 03:29:56 INFO TaskSetManager: Starting task 41.0 in stage 55.0 (TID 520) (172.18.0.7, executor 0, partition 41, PROCESS_LOCAL, 7356 bytes)
[2025-12-16T03:29:56.498+0000] {subprocess.py:106} INFO - 25/12/16 03:29:56 INFO TaskSetManager: Starting task 43.0 in stage 55.0 (TID 521) (172.18.0.7, executor 0, partition 43, PROCESS_LOCAL, 7356 bytes)
[2025-12-16T03:29:56.501+0000] {subprocess.py:106} INFO - 25/12/16 03:29:56 INFO TaskSetManager: Finished task 17.0 in stage 55.0 (TID 496) in 203 ms on 172.18.0.7 (executor 0) (27/50)
[2025-12-16T03:29:56.504+0000] {subprocess.py:106} INFO - 25/12/16 03:29:56 INFO TaskSetManager: Finished task 23.0 in stage 55.0 (TID 502) in 175 ms on 172.18.0.7 (executor 0) (28/50)
[2025-12-16T03:29:56.505+0000] {subprocess.py:106} INFO - 25/12/16 03:29:56 INFO TaskSetManager: Starting task 44.0 in stage 55.0 (TID 522) (172.18.0.7, executor 0, partition 44, PROCESS_LOCAL, 7356 bytes)
[2025-12-16T03:29:56.508+0000] {subprocess.py:106} INFO - 25/12/16 03:29:56 INFO TaskSetManager: Finished task 27.0 in stage 55.0 (TID 506) in 170 ms on 172.18.0.7 (executor 0) (29/50)
[2025-12-16T03:29:56.512+0000] {subprocess.py:106} INFO - 25/12/16 03:29:56 INFO BlockManagerInfo: Added rdd_171_32 in memory on 172.18.0.7:41729 (size: 46.0 B, free: 434.0 MiB)
[2025-12-16T03:29:56.514+0000] {subprocess.py:106} INFO - 25/12/16 03:29:56 INFO TaskSetManager: Starting task 45.0 in stage 55.0 (TID 523) (172.18.0.7, executor 0, partition 45, PROCESS_LOCAL, 7356 bytes)
[2025-12-16T03:29:56.521+0000] {subprocess.py:106} INFO - 25/12/16 03:29:56 INFO TaskSetManager: Starting task 46.0 in stage 55.0 (TID 524) (172.18.0.7, executor 0, partition 46, PROCESS_LOCAL, 7356 bytes)
[2025-12-16T03:29:56.525+0000] {subprocess.py:106} INFO - 25/12/16 03:29:56 INFO TaskSetManager: Finished task 22.0 in stage 55.0 (TID 501) in 207 ms on 172.18.0.7 (executor 0) (30/50)
[2025-12-16T03:29:56.531+0000] {subprocess.py:106} INFO - 25/12/16 03:29:56 INFO TaskSetManager: Finished task 30.0 in stage 55.0 (TID 509) in 146 ms on 172.18.0.7 (executor 0) (31/50)
[2025-12-16T03:29:56.533+0000] {subprocess.py:106} INFO - 25/12/16 03:29:56 INFO BlockManagerInfo: Added rdd_171_31 in memory on 172.18.0.7:41729 (size: 46.0 B, free: 434.0 MiB)
[2025-12-16T03:29:56.535+0000] {subprocess.py:106} INFO - 25/12/16 03:29:56 INFO BlockManagerInfo: Added rdd_171_33 in memory on 172.18.0.7:41729 (size: 46.0 B, free: 434.0 MiB)
[2025-12-16T03:29:56.543+0000] {subprocess.py:106} INFO - 25/12/16 03:29:56 INFO BlockManagerInfo: Added rdd_171_34 in memory on 172.18.0.7:41729 (size: 46.0 B, free: 434.0 MiB)
[2025-12-16T03:29:56.545+0000] {subprocess.py:106} INFO - 25/12/16 03:29:56 INFO BlockManagerInfo: Added rdd_171_35 in memory on 172.18.0.7:41729 (size: 46.0 B, free: 434.0 MiB)
[2025-12-16T03:29:56.548+0000] {subprocess.py:106} INFO - 25/12/16 03:29:56 INFO TaskSetManager: Starting task 47.0 in stage 55.0 (TID 525) (172.18.0.7, executor 0, partition 47, PROCESS_LOCAL, 7356 bytes)
[2025-12-16T03:29:56.550+0000] {subprocess.py:106} INFO - 25/12/16 03:29:56 INFO TaskSetManager: Finished task 29.0 in stage 55.0 (TID 508) in 209 ms on 172.18.0.7 (executor 0) (32/50)
[2025-12-16T03:29:56.574+0000] {subprocess.py:106} INFO - 25/12/16 03:29:56 INFO BlockManagerInfo: Added rdd_171_36 in memory on 172.18.0.7:41729 (size: 46.0 B, free: 434.0 MiB)
[2025-12-16T03:29:56.575+0000] {subprocess.py:106} INFO - 25/12/16 03:29:56 INFO TaskSetManager: Starting task 48.0 in stage 55.0 (TID 526) (172.18.0.7, executor 0, partition 48, PROCESS_LOCAL, 7356 bytes)
[2025-12-16T03:29:56.581+0000] {subprocess.py:106} INFO - 25/12/16 03:29:56 INFO TaskSetManager: Starting task 49.0 in stage 55.0 (TID 527) (172.18.0.7, executor 0, partition 49, PROCESS_LOCAL, 7356 bytes)
[2025-12-16T03:29:56.584+0000] {subprocess.py:106} INFO - 25/12/16 03:29:56 INFO TaskSetManager: Finished task 31.0 in stage 55.0 (TID 510) in 155 ms on 172.18.0.7 (executor 0) (33/50)
[2025-12-16T03:29:56.586+0000] {subprocess.py:106} INFO - 25/12/16 03:29:56 INFO TaskSetManager: Finished task 32.0 in stage 55.0 (TID 511) in 145 ms on 172.18.0.7 (executor 0) (34/50)
[2025-12-16T03:29:56.591+0000] {subprocess.py:106} INFO - 25/12/16 03:29:56 INFO BlockManagerInfo: Added rdd_171_37 in memory on 172.18.0.7:41729 (size: 46.0 B, free: 434.0 MiB)
[2025-12-16T03:29:56.593+0000] {subprocess.py:106} INFO - 25/12/16 03:29:56 INFO BlockManagerInfo: Added rdd_171_39 in memory on 172.18.0.7:41729 (size: 46.0 B, free: 434.0 MiB)
[2025-12-16T03:29:56.594+0000] {subprocess.py:106} INFO - 25/12/16 03:29:56 INFO TaskSetManager: Finished task 33.0 in stage 55.0 (TID 512) in 149 ms on 172.18.0.7 (executor 0) (35/50)
[2025-12-16T03:29:56.598+0000] {subprocess.py:106} INFO - 25/12/16 03:29:56 INFO TaskSetManager: Finished task 35.0 in stage 55.0 (TID 514) in 136 ms on 172.18.0.7 (executor 0) (36/50)
[2025-12-16T03:29:56.600+0000] {subprocess.py:106} INFO - 25/12/16 03:29:56 INFO TaskSetManager: Finished task 34.0 in stage 55.0 (TID 513) in 141 ms on 172.18.0.7 (executor 0) (37/50)
[2025-12-16T03:29:56.601+0000] {subprocess.py:106} INFO - 25/12/16 03:29:56 INFO BlockManagerInfo: Added rdd_171_43 in memory on 172.18.0.7:41729 (size: 46.0 B, free: 434.0 MiB)
[2025-12-16T03:29:56.610+0000] {subprocess.py:106} INFO - 25/12/16 03:29:56 INFO BlockManagerInfo: Added rdd_171_40 in memory on 172.18.0.7:41729 (size: 46.0 B, free: 434.0 MiB)
[2025-12-16T03:29:56.614+0000] {subprocess.py:106} INFO - 25/12/16 03:29:56 INFO TaskSetManager: Finished task 36.0 in stage 55.0 (TID 515) in 157 ms on 172.18.0.7 (executor 0) (38/50)
[2025-12-16T03:29:56.616+0000] {subprocess.py:106} INFO - 25/12/16 03:29:56 INFO BlockManagerInfo: Added rdd_171_38 in memory on 172.18.0.7:41729 (size: 46.0 B, free: 434.0 MiB)
[2025-12-16T03:29:56.618+0000] {subprocess.py:106} INFO - 25/12/16 03:29:56 INFO TaskSetManager: Finished task 39.0 in stage 55.0 (TID 518) in 140 ms on 172.18.0.7 (executor 0) (39/50)
[2025-12-16T03:29:56.620+0000] {subprocess.py:106} INFO - 25/12/16 03:29:56 INFO BlockManagerInfo: Added rdd_171_41 in memory on 172.18.0.7:41729 (size: 46.0 B, free: 434.0 MiB)
[2025-12-16T03:29:56.621+0000] {subprocess.py:106} INFO - 25/12/16 03:29:56 INFO TaskSetManager: Finished task 37.0 in stage 55.0 (TID 516) in 155 ms on 172.18.0.7 (executor 0) (40/50)
[2025-12-16T03:29:56.622+0000] {subprocess.py:106} INFO - 25/12/16 03:29:56 INFO BlockManagerInfo: Added rdd_171_45 in memory on 172.18.0.7:41729 (size: 46.0 B, free: 434.0 MiB)
[2025-12-16T03:29:56.624+0000] {subprocess.py:106} INFO - 25/12/16 03:29:56 INFO BlockManagerInfo: Added rdd_171_47 in memory on 172.18.0.7:41729 (size: 46.0 B, free: 434.0 MiB)
[2025-12-16T03:29:56.625+0000] {subprocess.py:106} INFO - 25/12/16 03:29:56 INFO BlockManagerInfo: Added rdd_171_44 in memory on 172.18.0.7:41729 (size: 46.0 B, free: 434.0 MiB)
[2025-12-16T03:29:56.641+0000] {subprocess.py:106} INFO - 25/12/16 03:29:56 INFO TaskSetManager: Finished task 43.0 in stage 55.0 (TID 521) in 155 ms on 172.18.0.7 (executor 0) (41/50)
[2025-12-16T03:29:56.643+0000] {subprocess.py:106} INFO - 25/12/16 03:29:56 INFO BlockManagerInfo: Added rdd_171_46 in memory on 172.18.0.7:41729 (size: 46.0 B, free: 434.0 MiB)
[2025-12-16T03:29:56.645+0000] {subprocess.py:106} INFO - 25/12/16 03:29:56 INFO TaskSetManager: Finished task 38.0 in stage 55.0 (TID 517) in 171 ms on 172.18.0.7 (executor 0) (42/50)
[2025-12-16T03:29:56.646+0000] {subprocess.py:106} INFO - 25/12/16 03:29:56 INFO TaskSetManager: Finished task 40.0 in stage 55.0 (TID 519) in 165 ms on 172.18.0.7 (executor 0) (43/50)
[2025-12-16T03:29:56.649+0000] {subprocess.py:106} INFO - 25/12/16 03:29:56 INFO TaskSetManager: Finished task 41.0 in stage 55.0 (TID 520) in 166 ms on 172.18.0.7 (executor 0) (44/50)
[2025-12-16T03:29:56.650+0000] {subprocess.py:106} INFO - 25/12/16 03:29:56 INFO TaskSetManager: Finished task 45.0 in stage 55.0 (TID 523) in 136 ms on 172.18.0.7 (executor 0) (45/50)
[2025-12-16T03:29:56.651+0000] {subprocess.py:106} INFO - 25/12/16 03:29:56 INFO TaskSetManager: Finished task 47.0 in stage 55.0 (TID 525) in 104 ms on 172.18.0.7 (executor 0) (46/50)
[2025-12-16T03:29:56.652+0000] {subprocess.py:106} INFO - 25/12/16 03:29:56 INFO BlockManagerInfo: Added rdd_171_49 in memory on 172.18.0.7:41729 (size: 46.0 B, free: 434.0 MiB)
[2025-12-16T03:29:56.653+0000] {subprocess.py:106} INFO - 25/12/16 03:29:56 INFO BlockManagerInfo: Added rdd_171_48 in memory on 172.18.0.7:41729 (size: 46.0 B, free: 434.0 MiB)
[2025-12-16T03:29:56.658+0000] {subprocess.py:106} INFO - 25/12/16 03:29:56 INFO TaskSetManager: Finished task 44.0 in stage 55.0 (TID 522) in 171 ms on 172.18.0.7 (executor 0) (47/50)
[2025-12-16T03:29:56.663+0000] {subprocess.py:106} INFO - 25/12/16 03:29:56 INFO TaskSetManager: Finished task 46.0 in stage 55.0 (TID 524) in 148 ms on 172.18.0.7 (executor 0) (48/50)
[2025-12-16T03:29:56.669+0000] {subprocess.py:106} INFO - 25/12/16 03:29:56 INFO TaskSetManager: Finished task 49.0 in stage 55.0 (TID 527) in 103 ms on 172.18.0.7 (executor 0) (49/50)
[2025-12-16T03:29:56.672+0000] {subprocess.py:106} INFO - 25/12/16 03:29:56 INFO TaskSetManager: Finished task 48.0 in stage 55.0 (TID 526) in 105 ms on 172.18.0.7 (executor 0) (50/50)
[2025-12-16T03:29:56.673+0000] {subprocess.py:106} INFO - 25/12/16 03:29:56 INFO TaskSchedulerImpl: Removed TaskSet 55.0, whose tasks have all completed, from pool
[2025-12-16T03:29:56.675+0000] {subprocess.py:106} INFO - 25/12/16 03:29:56 INFO DAGScheduler: ShuffleMapStage 55 ($anonfun$recordDeltaOperationInternal$1 at DatabricksLogging.scala:128) finished in 0.550 s
[2025-12-16T03:29:56.676+0000] {subprocess.py:106} INFO - 25/12/16 03:29:56 INFO DAGScheduler: looking for newly runnable stages
[2025-12-16T03:29:56.677+0000] {subprocess.py:106} INFO - 25/12/16 03:29:56 INFO DAGScheduler: running: Set()
[2025-12-16T03:29:56.677+0000] {subprocess.py:106} INFO - 25/12/16 03:29:56 INFO DAGScheduler: waiting: Set()
[2025-12-16T03:29:56.678+0000] {subprocess.py:106} INFO - 25/12/16 03:29:56 INFO DAGScheduler: failed: Set()
[2025-12-16T03:29:56.699+0000] {subprocess.py:106} INFO - 25/12/16 03:29:56 INFO SparkContext: Starting job: $anonfun$recordDeltaOperationInternal$1 at DatabricksLogging.scala:128
[2025-12-16T03:29:56.700+0000] {subprocess.py:106} INFO - 25/12/16 03:29:56 INFO DAGScheduler: Got job 37 ($anonfun$recordDeltaOperationInternal$1 at DatabricksLogging.scala:128) with 1 output partitions
[2025-12-16T03:29:56.701+0000] {subprocess.py:106} INFO - 25/12/16 03:29:56 INFO DAGScheduler: Final stage: ResultStage 58 ($anonfun$recordDeltaOperationInternal$1 at DatabricksLogging.scala:128)
[2025-12-16T03:29:56.702+0000] {subprocess.py:106} INFO - 25/12/16 03:29:56 INFO DAGScheduler: Parents of final stage: List(ShuffleMapStage 57)
[2025-12-16T03:29:56.702+0000] {subprocess.py:106} INFO - 25/12/16 03:29:56 INFO DAGScheduler: Missing parents: List()
[2025-12-16T03:29:56.703+0000] {subprocess.py:106} INFO - 25/12/16 03:29:56 INFO DAGScheduler: Submitting ResultStage 58 (MapPartitionsRDD[177] at $anonfun$recordDeltaOperationInternal$1 at DatabricksLogging.scala:128), which has no missing parents
[2025-12-16T03:29:56.706+0000] {subprocess.py:106} INFO - 25/12/16 03:29:56 INFO MemoryStore: Block broadcast_59 stored as values in memory (estimated size 452.4 KiB, free 429.9 MiB)
[2025-12-16T03:29:56.708+0000] {subprocess.py:106} INFO - 25/12/16 03:29:56 INFO MemoryStore: Block broadcast_59_piece0 stored as bytes in memory (estimated size 108.1 KiB, free 429.8 MiB)
[2025-12-16T03:29:56.709+0000] {subprocess.py:106} INFO - 25/12/16 03:29:56 INFO BlockManagerInfo: Added broadcast_59_piece0 in memory on 3ad9a82189be:37965 (size: 108.1 KiB, free: 433.7 MiB)
[2025-12-16T03:29:56.710+0000] {subprocess.py:106} INFO - 25/12/16 03:29:56 INFO SparkContext: Created broadcast 59 from broadcast at DAGScheduler.scala:1535
[2025-12-16T03:29:56.710+0000] {subprocess.py:106} INFO - 25/12/16 03:29:56 INFO DAGScheduler: Submitting 1 missing tasks from ResultStage 58 (MapPartitionsRDD[177] at $anonfun$recordDeltaOperationInternal$1 at DatabricksLogging.scala:128) (first 15 tasks are for partitions Vector(0))
[2025-12-16T03:29:56.711+0000] {subprocess.py:106} INFO - 25/12/16 03:29:56 INFO TaskSchedulerImpl: Adding task set 58.0 with 1 tasks resource profile 0
[2025-12-16T03:29:56.712+0000] {subprocess.py:106} INFO - 25/12/16 03:29:56 INFO TaskSetManager: Starting task 0.0 in stage 58.0 (TID 528) (172.18.0.7, executor 0, partition 0, NODE_LOCAL, 7367 bytes)
[2025-12-16T03:29:56.720+0000] {subprocess.py:106} INFO - 25/12/16 03:29:56 INFO BlockManagerInfo: Added broadcast_59_piece0 in memory on 172.18.0.7:41729 (size: 108.1 KiB, free: 433.9 MiB)
[2025-12-16T03:29:56.730+0000] {subprocess.py:106} INFO - 25/12/16 03:29:56 INFO MapOutputTrackerMasterEndpoint: Asked to send map output locations for shuffle 13 to 172.18.0.7:60316
[2025-12-16T03:29:56.753+0000] {subprocess.py:106} INFO - 25/12/16 03:29:56 INFO TaskSetManager: Finished task 0.0 in stage 58.0 (TID 528) in 42 ms on 172.18.0.7 (executor 0) (1/1)
[2025-12-16T03:29:56.754+0000] {subprocess.py:106} INFO - 25/12/16 03:29:56 INFO TaskSchedulerImpl: Removed TaskSet 58.0, whose tasks have all completed, from pool
[2025-12-16T03:29:56.755+0000] {subprocess.py:106} INFO - 25/12/16 03:29:56 INFO DAGScheduler: ResultStage 58 ($anonfun$recordDeltaOperationInternal$1 at DatabricksLogging.scala:128) finished in 0.052 s
[2025-12-16T03:29:56.755+0000] {subprocess.py:106} INFO - 25/12/16 03:29:56 INFO DAGScheduler: Job 37 is finished. Cancelling potential speculative or zombie tasks for this job
[2025-12-16T03:29:56.756+0000] {subprocess.py:106} INFO - 25/12/16 03:29:56 INFO TaskSchedulerImpl: Killing all running tasks in stage 58: Stage finished
[2025-12-16T03:29:56.756+0000] {subprocess.py:106} INFO - 25/12/16 03:29:56 INFO DAGScheduler: Job 37 finished: $anonfun$recordDeltaOperationInternal$1 at DatabricksLogging.scala:128, took 0.055352 s
[2025-12-16T03:29:56.765+0000] {subprocess.py:106} INFO - 25/12/16 03:29:56 INFO BlockManagerInfo: Removed broadcast_59_piece0 on 3ad9a82189be:37965 in memory (size: 108.1 KiB, free: 433.8 MiB)
[2025-12-16T03:29:56.767+0000] {subprocess.py:106} INFO - 25/12/16 03:29:56 INFO Snapshot: [tableId=c9acc475-943f-4af6-9014-0536f2724871] DELTA: Done
[2025-12-16T03:29:56.767+0000] {subprocess.py:106} INFO - 25/12/16 03:29:56 INFO BlockManagerInfo: Removed broadcast_59_piece0 on 172.18.0.7:41729 in memory (size: 108.1 KiB, free: 434.0 MiB)
[2025-12-16T03:29:56.770+0000] {subprocess.py:106} INFO - 25/12/16 03:29:56 INFO BlockManagerInfo: Removed broadcast_58_piece0 on 3ad9a82189be:37965 in memory (size: 123.3 KiB, free: 433.9 MiB)
[2025-12-16T03:29:56.772+0000] {subprocess.py:106} INFO - 25/12/16 03:29:56 INFO BlockManagerInfo: Removed broadcast_58_piece0 on 172.18.0.7:41729 in memory (size: 123.3 KiB, free: 434.1 MiB)
[2025-12-16T03:29:56.870+0000] {subprocess.py:106} INFO - 25/12/16 03:29:56 INFO SparkContext: Starting job: $anonfun$recordDeltaOperationInternal$1 at DatabricksLogging.scala:128
[2025-12-16T03:29:56.871+0000] {subprocess.py:106} INFO - 25/12/16 03:29:56 INFO DAGScheduler: Got job 38 ($anonfun$recordDeltaOperationInternal$1 at DatabricksLogging.scala:128) with 50 output partitions
[2025-12-16T03:29:56.872+0000] {subprocess.py:106} INFO - 25/12/16 03:29:56 INFO DAGScheduler: Final stage: ResultStage 60 ($anonfun$recordDeltaOperationInternal$1 at DatabricksLogging.scala:128)
[2025-12-16T03:29:56.873+0000] {subprocess.py:106} INFO - 25/12/16 03:29:56 INFO DAGScheduler: Parents of final stage: List(ShuffleMapStage 59)
[2025-12-16T03:29:56.874+0000] {subprocess.py:106} INFO - 25/12/16 03:29:56 INFO DAGScheduler: Missing parents: List()
[2025-12-16T03:29:56.875+0000] {subprocess.py:106} INFO - 25/12/16 03:29:56 INFO DAGScheduler: Submitting ResultStage 60 (MapPartitionsRDD[179] at $anonfun$recordDeltaOperationInternal$1 at DatabricksLogging.scala:128), which has no missing parents
[2025-12-16T03:29:56.878+0000] {subprocess.py:106} INFO - 25/12/16 03:29:56 INFO MemoryStore: Block broadcast_60 stored as values in memory (estimated size 592.3 KiB, free 430.4 MiB)
[2025-12-16T03:29:56.880+0000] {subprocess.py:106} INFO - 25/12/16 03:29:56 INFO MemoryStore: Block broadcast_60_piece0 stored as bytes in memory (estimated size 138.5 KiB, free 430.3 MiB)
[2025-12-16T03:29:56.881+0000] {subprocess.py:106} INFO - 25/12/16 03:29:56 INFO BlockManagerInfo: Added broadcast_60_piece0 in memory on 3ad9a82189be:37965 (size: 138.5 KiB, free: 433.8 MiB)
[2025-12-16T03:29:56.882+0000] {subprocess.py:106} INFO - 25/12/16 03:29:56 INFO SparkContext: Created broadcast 60 from broadcast at DAGScheduler.scala:1535
[2025-12-16T03:29:56.883+0000] {subprocess.py:106} INFO - 25/12/16 03:29:56 INFO DAGScheduler: Submitting 50 missing tasks from ResultStage 60 (MapPartitionsRDD[179] at $anonfun$recordDeltaOperationInternal$1 at DatabricksLogging.scala:128) (first 15 tasks are for partitions Vector(0, 1, 2, 3, 4, 5, 6, 7, 8, 9, 10, 11, 12, 13, 14))
[2025-12-16T03:29:56.884+0000] {subprocess.py:106} INFO - 25/12/16 03:29:56 INFO TaskSchedulerImpl: Adding task set 60.0 with 50 tasks resource profile 0
[2025-12-16T03:29:56.884+0000] {subprocess.py:106} INFO - 25/12/16 03:29:56 INFO TaskSetManager: Starting task 0.0 in stage 60.0 (TID 529) (172.18.0.7, executor 0, partition 0, PROCESS_LOCAL, 7367 bytes)
[2025-12-16T03:29:56.885+0000] {subprocess.py:106} INFO - 25/12/16 03:29:56 INFO TaskSetManager: Starting task 1.0 in stage 60.0 (TID 530) (172.18.0.7, executor 0, partition 1, PROCESS_LOCAL, 7367 bytes)
[2025-12-16T03:29:56.886+0000] {subprocess.py:106} INFO - 25/12/16 03:29:56 INFO TaskSetManager: Starting task 2.0 in stage 60.0 (TID 531) (172.18.0.7, executor 0, partition 2, PROCESS_LOCAL, 7367 bytes)
[2025-12-16T03:29:56.886+0000] {subprocess.py:106} INFO - 25/12/16 03:29:56 INFO TaskSetManager: Starting task 3.0 in stage 60.0 (TID 532) (172.18.0.7, executor 0, partition 3, PROCESS_LOCAL, 7367 bytes)
[2025-12-16T03:29:56.888+0000] {subprocess.py:106} INFO - 25/12/16 03:29:56 INFO TaskSetManager: Starting task 4.0 in stage 60.0 (TID 533) (172.18.0.7, executor 0, partition 4, PROCESS_LOCAL, 7367 bytes)
[2025-12-16T03:29:56.889+0000] {subprocess.py:106} INFO - 25/12/16 03:29:56 INFO TaskSetManager: Starting task 5.0 in stage 60.0 (TID 534) (172.18.0.7, executor 0, partition 5, PROCESS_LOCAL, 7367 bytes)
[2025-12-16T03:29:56.890+0000] {subprocess.py:106} INFO - 25/12/16 03:29:56 INFO TaskSetManager: Starting task 6.0 in stage 60.0 (TID 535) (172.18.0.7, executor 0, partition 6, PROCESS_LOCAL, 7367 bytes)
[2025-12-16T03:29:56.891+0000] {subprocess.py:106} INFO - 25/12/16 03:29:56 INFO TaskSetManager: Starting task 7.0 in stage 60.0 (TID 536) (172.18.0.7, executor 0, partition 7, PROCESS_LOCAL, 7367 bytes)
[2025-12-16T03:29:56.891+0000] {subprocess.py:106} INFO - 25/12/16 03:29:56 INFO TaskSetManager: Starting task 8.0 in stage 60.0 (TID 537) (172.18.0.7, executor 0, partition 8, PROCESS_LOCAL, 7367 bytes)
[2025-12-16T03:29:56.892+0000] {subprocess.py:106} INFO - 25/12/16 03:29:56 INFO TaskSetManager: Starting task 9.0 in stage 60.0 (TID 538) (172.18.0.7, executor 0, partition 9, PROCESS_LOCAL, 7367 bytes)
[2025-12-16T03:29:56.892+0000] {subprocess.py:106} INFO - 25/12/16 03:29:56 INFO TaskSetManager: Starting task 10.0 in stage 60.0 (TID 539) (172.18.0.7, executor 0, partition 10, PROCESS_LOCAL, 7367 bytes)
[2025-12-16T03:29:56.893+0000] {subprocess.py:106} INFO - 25/12/16 03:29:56 INFO TaskSetManager: Starting task 11.0 in stage 60.0 (TID 540) (172.18.0.7, executor 0, partition 11, PROCESS_LOCAL, 7367 bytes)
[2025-12-16T03:29:56.893+0000] {subprocess.py:106} INFO - 25/12/16 03:29:56 INFO TaskSetManager: Starting task 12.0 in stage 60.0 (TID 541) (172.18.0.7, executor 0, partition 12, PROCESS_LOCAL, 7367 bytes)
[2025-12-16T03:29:56.894+0000] {subprocess.py:106} INFO - 25/12/16 03:29:56 INFO TaskSetManager: Starting task 13.0 in stage 60.0 (TID 542) (172.18.0.7, executor 0, partition 13, PROCESS_LOCAL, 7367 bytes)
[2025-12-16T03:29:56.894+0000] {subprocess.py:106} INFO - 25/12/16 03:29:56 INFO TaskSetManager: Starting task 14.0 in stage 60.0 (TID 543) (172.18.0.7, executor 0, partition 14, PROCESS_LOCAL, 7367 bytes)
[2025-12-16T03:29:56.895+0000] {subprocess.py:106} INFO - 25/12/16 03:29:56 INFO TaskSetManager: Starting task 15.0 in stage 60.0 (TID 544) (172.18.0.7, executor 0, partition 15, PROCESS_LOCAL, 7367 bytes)
[2025-12-16T03:29:56.900+0000] {subprocess.py:106} INFO - 25/12/16 03:29:56 INFO BlockManagerInfo: Added broadcast_60_piece0 in memory on 172.18.0.7:41729 (size: 138.5 KiB, free: 434.0 MiB)
[2025-12-16T03:29:56.929+0000] {subprocess.py:106} INFO - 25/12/16 03:29:56 INFO TaskSetManager: Starting task 16.0 in stage 60.0 (TID 545) (172.18.0.7, executor 0, partition 16, PROCESS_LOCAL, 7367 bytes)
[2025-12-16T03:29:56.932+0000] {subprocess.py:106} INFO - 25/12/16 03:29:56 INFO TaskSetManager: Finished task 10.0 in stage 60.0 (TID 539) in 43 ms on 172.18.0.7 (executor 0) (1/50)
[2025-12-16T03:29:56.934+0000] {subprocess.py:106} INFO - 25/12/16 03:29:56 INFO TaskSetManager: Starting task 17.0 in stage 60.0 (TID 546) (172.18.0.7, executor 0, partition 17, PROCESS_LOCAL, 7367 bytes)
[2025-12-16T03:29:56.935+0000] {subprocess.py:106} INFO - 25/12/16 03:29:56 INFO TaskSetManager: Finished task 8.0 in stage 60.0 (TID 537) in 44 ms on 172.18.0.7 (executor 0) (2/50)
[2025-12-16T03:29:56.936+0000] {subprocess.py:106} INFO - 25/12/16 03:29:56 INFO TaskSetManager: Starting task 18.0 in stage 60.0 (TID 547) (172.18.0.7, executor 0, partition 18, PROCESS_LOCAL, 7367 bytes)
[2025-12-16T03:29:56.937+0000] {subprocess.py:106} INFO - 25/12/16 03:29:56 INFO TaskSetManager: Starting task 19.0 in stage 60.0 (TID 548) (172.18.0.7, executor 0, partition 19, PROCESS_LOCAL, 7367 bytes)
[2025-12-16T03:29:56.937+0000] {subprocess.py:106} INFO - 25/12/16 03:29:56 INFO TaskSetManager: Finished task 12.0 in stage 60.0 (TID 541) in 45 ms on 172.18.0.7 (executor 0) (3/50)
[2025-12-16T03:29:56.938+0000] {subprocess.py:106} INFO - 25/12/16 03:29:56 INFO TaskSetManager: Starting task 20.0 in stage 60.0 (TID 549) (172.18.0.7, executor 0, partition 20, PROCESS_LOCAL, 7367 bytes)
[2025-12-16T03:29:56.938+0000] {subprocess.py:106} INFO - 25/12/16 03:29:56 INFO TaskSetManager: Starting task 21.0 in stage 60.0 (TID 550) (172.18.0.7, executor 0, partition 21, PROCESS_LOCAL, 7367 bytes)
[2025-12-16T03:29:56.939+0000] {subprocess.py:106} INFO - 25/12/16 03:29:56 INFO TaskSetManager: Finished task 13.0 in stage 60.0 (TID 542) in 46 ms on 172.18.0.7 (executor 0) (4/50)
[2025-12-16T03:29:56.941+0000] {subprocess.py:106} INFO - 25/12/16 03:29:56 INFO TaskSetManager: Starting task 22.0 in stage 60.0 (TID 551) (172.18.0.7, executor 0, partition 22, PROCESS_LOCAL, 7367 bytes)
[2025-12-16T03:29:56.946+0000] {subprocess.py:106} INFO - 25/12/16 03:29:56 INFO TaskSetManager: Finished task 6.0 in stage 60.0 (TID 535) in 47 ms on 172.18.0.7 (executor 0) (5/50)
[2025-12-16T03:29:56.949+0000] {subprocess.py:106} INFO - 25/12/16 03:29:56 INFO TaskSetManager: Starting task 23.0 in stage 60.0 (TID 552) (172.18.0.7, executor 0, partition 23, PROCESS_LOCAL, 7367 bytes)
[2025-12-16T03:29:56.950+0000] {subprocess.py:106} INFO - 25/12/16 03:29:56 INFO TaskSetManager: Starting task 24.0 in stage 60.0 (TID 553) (172.18.0.7, executor 0, partition 24, PROCESS_LOCAL, 7367 bytes)
[2025-12-16T03:29:56.951+0000] {subprocess.py:106} INFO - 25/12/16 03:29:56 INFO TaskSetManager: Starting task 25.0 in stage 60.0 (TID 554) (172.18.0.7, executor 0, partition 25, PROCESS_LOCAL, 7367 bytes)
[2025-12-16T03:29:56.952+0000] {subprocess.py:106} INFO - 25/12/16 03:29:56 INFO TaskSetManager: Starting task 26.0 in stage 60.0 (TID 555) (172.18.0.7, executor 0, partition 26, PROCESS_LOCAL, 7367 bytes)
[2025-12-16T03:29:56.952+0000] {subprocess.py:106} INFO - 25/12/16 03:29:56 INFO TaskSetManager: Finished task 4.0 in stage 60.0 (TID 533) in 51 ms on 172.18.0.7 (executor 0) (6/50)
[2025-12-16T03:29:56.953+0000] {subprocess.py:106} INFO - 25/12/16 03:29:56 INFO TaskSetManager: Finished task 1.0 in stage 60.0 (TID 530) in 52 ms on 172.18.0.7 (executor 0) (7/50)
[2025-12-16T03:29:56.954+0000] {subprocess.py:106} INFO - 25/12/16 03:29:56 INFO TaskSetManager: Finished task 3.0 in stage 60.0 (TID 532) in 52 ms on 172.18.0.7 (executor 0) (8/50)
[2025-12-16T03:29:56.955+0000] {subprocess.py:106} INFO - 25/12/16 03:29:56 INFO TaskSetManager: Finished task 14.0 in stage 60.0 (TID 543) in 50 ms on 172.18.0.7 (executor 0) (9/50)
[2025-12-16T03:29:56.956+0000] {subprocess.py:106} INFO - 25/12/16 03:29:56 INFO TaskSetManager: Finished task 9.0 in stage 60.0 (TID 538) in 51 ms on 172.18.0.7 (executor 0) (10/50)
[2025-12-16T03:29:56.957+0000] {subprocess.py:106} INFO - 25/12/16 03:29:56 INFO TaskSetManager: Finished task 7.0 in stage 60.0 (TID 536) in 51 ms on 172.18.0.7 (executor 0) (11/50)
[2025-12-16T03:29:56.958+0000] {subprocess.py:106} INFO - 25/12/16 03:29:56 INFO TaskSetManager: Starting task 27.0 in stage 60.0 (TID 556) (172.18.0.7, executor 0, partition 27, PROCESS_LOCAL, 7367 bytes)
[2025-12-16T03:29:56.959+0000] {subprocess.py:106} INFO - 25/12/16 03:29:56 INFO TaskSetManager: Starting task 28.0 in stage 60.0 (TID 557) (172.18.0.7, executor 0, partition 28, PROCESS_LOCAL, 7367 bytes)
[2025-12-16T03:29:56.960+0000] {subprocess.py:106} INFO - 25/12/16 03:29:56 INFO TaskSetManager: Finished task 5.0 in stage 60.0 (TID 534) in 57 ms on 172.18.0.7 (executor 0) (12/50)
[2025-12-16T03:29:56.960+0000] {subprocess.py:106} INFO - 25/12/16 03:29:56 INFO TaskSetManager: Starting task 29.0 in stage 60.0 (TID 558) (172.18.0.7, executor 0, partition 29, PROCESS_LOCAL, 7367 bytes)
[2025-12-16T03:29:56.961+0000] {subprocess.py:106} INFO - 25/12/16 03:29:56 INFO TaskSetManager: Starting task 30.0 in stage 60.0 (TID 559) (172.18.0.7, executor 0, partition 30, PROCESS_LOCAL, 7367 bytes)
[2025-12-16T03:29:56.962+0000] {subprocess.py:106} INFO - 25/12/16 03:29:56 INFO TaskSetManager: Finished task 2.0 in stage 60.0 (TID 531) in 59 ms on 172.18.0.7 (executor 0) (13/50)
[2025-12-16T03:29:56.963+0000] {subprocess.py:106} INFO - 25/12/16 03:29:56 INFO TaskSetManager: Finished task 0.0 in stage 60.0 (TID 529) in 61 ms on 172.18.0.7 (executor 0) (14/50)
[2025-12-16T03:29:56.963+0000] {subprocess.py:106} INFO - 25/12/16 03:29:56 INFO TaskSetManager: Finished task 15.0 in stage 60.0 (TID 544) in 58 ms on 172.18.0.7 (executor 0) (15/50)
[2025-12-16T03:29:56.964+0000] {subprocess.py:106} INFO - 25/12/16 03:29:56 INFO TaskSetManager: Finished task 11.0 in stage 60.0 (TID 540) in 59 ms on 172.18.0.7 (executor 0) (16/50)
[2025-12-16T03:29:56.965+0000] {subprocess.py:106} INFO - 25/12/16 03:29:56 INFO TaskSetManager: Starting task 31.0 in stage 60.0 (TID 560) (172.18.0.7, executor 0, partition 31, PROCESS_LOCAL, 7367 bytes)
[2025-12-16T03:29:56.966+0000] {subprocess.py:106} INFO - 25/12/16 03:29:56 INFO TaskSetManager: Starting task 32.0 in stage 60.0 (TID 561) (172.18.0.7, executor 0, partition 32, PROCESS_LOCAL, 7367 bytes)
[2025-12-16T03:29:56.967+0000] {subprocess.py:106} INFO - 25/12/16 03:29:56 INFO TaskSetManager: Starting task 33.0 in stage 60.0 (TID 562) (172.18.0.7, executor 0, partition 33, PROCESS_LOCAL, 7367 bytes)
[2025-12-16T03:29:56.968+0000] {subprocess.py:106} INFO - 25/12/16 03:29:56 INFO TaskSetManager: Finished task 21.0 in stage 60.0 (TID 550) in 24 ms on 172.18.0.7 (executor 0) (17/50)
[2025-12-16T03:29:56.970+0000] {subprocess.py:106} INFO - 25/12/16 03:29:56 INFO TaskSetManager: Finished task 23.0 in stage 60.0 (TID 552) in 24 ms on 172.18.0.7 (executor 0) (18/50)
[2025-12-16T03:29:56.971+0000] {subprocess.py:106} INFO - 25/12/16 03:29:56 INFO TaskSetManager: Starting task 34.0 in stage 60.0 (TID 563) (172.18.0.7, executor 0, partition 34, PROCESS_LOCAL, 7367 bytes)
[2025-12-16T03:29:56.972+0000] {subprocess.py:106} INFO - 25/12/16 03:29:56 INFO TaskSetManager: Finished task 19.0 in stage 60.0 (TID 548) in 36 ms on 172.18.0.7 (executor 0) (19/50)
[2025-12-16T03:29:56.974+0000] {subprocess.py:106} INFO - 25/12/16 03:29:56 INFO TaskSetManager: Starting task 35.0 in stage 60.0 (TID 564) (172.18.0.7, executor 0, partition 35, PROCESS_LOCAL, 7367 bytes)
[2025-12-16T03:29:56.979+0000] {subprocess.py:106} INFO - 25/12/16 03:29:56 INFO TaskSetManager: Finished task 18.0 in stage 60.0 (TID 547) in 39 ms on 172.18.0.7 (executor 0) (20/50)
[2025-12-16T03:29:56.980+0000] {subprocess.py:106} INFO - 25/12/16 03:29:56 INFO TaskSetManager: Starting task 36.0 in stage 60.0 (TID 565) (172.18.0.7, executor 0, partition 36, PROCESS_LOCAL, 7367 bytes)
[2025-12-16T03:29:56.982+0000] {subprocess.py:106} INFO - 25/12/16 03:29:56 INFO TaskSetManager: Starting task 37.0 in stage 60.0 (TID 566) (172.18.0.7, executor 0, partition 37, PROCESS_LOCAL, 7367 bytes)
[2025-12-16T03:29:56.983+0000] {subprocess.py:106} INFO - 25/12/16 03:29:56 INFO TaskSetManager: Finished task 16.0 in stage 60.0 (TID 545) in 43 ms on 172.18.0.7 (executor 0) (21/50)
[2025-12-16T03:29:56.984+0000] {subprocess.py:106} INFO - 25/12/16 03:29:56 INFO TaskSetManager: Finished task 17.0 in stage 60.0 (TID 546) in 42 ms on 172.18.0.7 (executor 0) (22/50)
[2025-12-16T03:29:56.987+0000] {subprocess.py:106} INFO - 25/12/16 03:29:56 INFO TaskSetManager: Starting task 38.0 in stage 60.0 (TID 567) (172.18.0.7, executor 0, partition 38, PROCESS_LOCAL, 7367 bytes)
[2025-12-16T03:29:56.988+0000] {subprocess.py:106} INFO - 25/12/16 03:29:56 INFO TaskSetManager: Finished task 26.0 in stage 60.0 (TID 555) in 38 ms on 172.18.0.7 (executor 0) (23/50)
[2025-12-16T03:29:56.990+0000] {subprocess.py:106} INFO - 25/12/16 03:29:56 INFO TaskSetManager: Starting task 39.0 in stage 60.0 (TID 568) (172.18.0.7, executor 0, partition 39, PROCESS_LOCAL, 7367 bytes)
[2025-12-16T03:29:56.991+0000] {subprocess.py:106} INFO - 25/12/16 03:29:56 INFO TaskSetManager: Starting task 40.0 in stage 60.0 (TID 569) (172.18.0.7, executor 0, partition 40, PROCESS_LOCAL, 7367 bytes)
[2025-12-16T03:29:56.994+0000] {subprocess.py:106} INFO - 25/12/16 03:29:56 INFO TaskSetManager: Starting task 41.0 in stage 60.0 (TID 570) (172.18.0.7, executor 0, partition 41, PROCESS_LOCAL, 7367 bytes)
[2025-12-16T03:29:56.997+0000] {subprocess.py:106} INFO - 25/12/16 03:29:56 INFO TaskSetManager: Finished task 22.0 in stage 60.0 (TID 551) in 42 ms on 172.18.0.7 (executor 0) (24/50)
[2025-12-16T03:29:56.999+0000] {subprocess.py:106} INFO - 25/12/16 03:29:56 INFO TaskSetManager: Starting task 42.0 in stage 60.0 (TID 571) (172.18.0.7, executor 0, partition 42, PROCESS_LOCAL, 7367 bytes)
[2025-12-16T03:29:57.001+0000] {subprocess.py:106} INFO - 25/12/16 03:29:56 INFO TaskSetManager: Starting task 43.0 in stage 60.0 (TID 572) (172.18.0.7, executor 0, partition 43, PROCESS_LOCAL, 7367 bytes)
[2025-12-16T03:29:57.002+0000] {subprocess.py:106} INFO - 25/12/16 03:29:56 INFO TaskSetManager: Finished task 28.0 in stage 60.0 (TID 557) in 35 ms on 172.18.0.7 (executor 0) (25/50)
[2025-12-16T03:29:57.004+0000] {subprocess.py:106} INFO - 25/12/16 03:29:56 INFO TaskSetManager: Finished task 20.0 in stage 60.0 (TID 549) in 45 ms on 172.18.0.7 (executor 0) (26/50)
[2025-12-16T03:29:57.004+0000] {subprocess.py:106} INFO - 25/12/16 03:29:56 INFO TaskSetManager: Starting task 44.0 in stage 60.0 (TID 573) (172.18.0.7, executor 0, partition 44, PROCESS_LOCAL, 7367 bytes)
[2025-12-16T03:29:57.005+0000] {subprocess.py:106} INFO - 25/12/16 03:29:56 INFO TaskSetManager: Starting task 45.0 in stage 60.0 (TID 574) (172.18.0.7, executor 0, partition 45, PROCESS_LOCAL, 7367 bytes)
[2025-12-16T03:29:57.006+0000] {subprocess.py:106} INFO - 25/12/16 03:29:56 INFO TaskSetManager: Starting task 46.0 in stage 60.0 (TID 575) (172.18.0.7, executor 0, partition 46, PROCESS_LOCAL, 7367 bytes)
[2025-12-16T03:29:57.007+0000] {subprocess.py:106} INFO - 25/12/16 03:29:56 INFO TaskSetManager: Finished task 25.0 in stage 60.0 (TID 554) in 48 ms on 172.18.0.7 (executor 0) (27/50)
[2025-12-16T03:29:57.007+0000] {subprocess.py:106} INFO - 25/12/16 03:29:56 INFO TaskSetManager: Finished task 29.0 in stage 60.0 (TID 558) in 41 ms on 172.18.0.7 (executor 0) (28/50)
[2025-12-16T03:29:57.008+0000] {subprocess.py:106} INFO - 25/12/16 03:29:56 INFO TaskSetManager: Finished task 27.0 in stage 60.0 (TID 556) in 44 ms on 172.18.0.7 (executor 0) (29/50)
[2025-12-16T03:29:57.008+0000] {subprocess.py:106} INFO - 25/12/16 03:29:56 INFO TaskSetManager: Starting task 47.0 in stage 60.0 (TID 576) (172.18.0.7, executor 0, partition 47, PROCESS_LOCAL, 7367 bytes)
[2025-12-16T03:29:57.009+0000] {subprocess.py:106} INFO - 25/12/16 03:29:56 INFO TaskSetManager: Starting task 48.0 in stage 60.0 (TID 577) (172.18.0.7, executor 0, partition 48, PROCESS_LOCAL, 7367 bytes)
[2025-12-16T03:29:57.013+0000] {subprocess.py:106} INFO - 25/12/16 03:29:56 INFO TaskSetManager: Finished task 32.0 in stage 60.0 (TID 561) in 33 ms on 172.18.0.7 (executor 0) (30/50)
[2025-12-16T03:29:57.014+0000] {subprocess.py:106} INFO - 25/12/16 03:29:56 INFO TaskSetManager: Finished task 24.0 in stage 60.0 (TID 553) in 56 ms on 172.18.0.7 (executor 0) (31/50)
[2025-12-16T03:29:57.015+0000] {subprocess.py:106} INFO - 25/12/16 03:29:56 INFO TaskSetManager: Finished task 30.0 in stage 60.0 (TID 559) in 48 ms on 172.18.0.7 (executor 0) (32/50)
[2025-12-16T03:29:57.016+0000] {subprocess.py:106} INFO - 25/12/16 03:29:56 INFO TaskSetManager: Finished task 31.0 in stage 60.0 (TID 560) in 45 ms on 172.18.0.7 (executor 0) (33/50)
[2025-12-16T03:29:57.017+0000] {subprocess.py:106} INFO - 25/12/16 03:29:56 INFO TaskSetManager: Starting task 49.0 in stage 60.0 (TID 578) (172.18.0.7, executor 0, partition 49, PROCESS_LOCAL, 7367 bytes)
[2025-12-16T03:29:57.018+0000] {subprocess.py:106} INFO - 25/12/16 03:29:56 INFO TaskSetManager: Finished task 34.0 in stage 60.0 (TID 563) in 31 ms on 172.18.0.7 (executor 0) (34/50)
[2025-12-16T03:29:57.019+0000] {subprocess.py:106} INFO - 25/12/16 03:29:56 INFO TaskSetManager: Finished task 40.0 in stage 60.0 (TID 569) in 25 ms on 172.18.0.7 (executor 0) (35/50)
[2025-12-16T03:29:57.020+0000] {subprocess.py:106} INFO - 25/12/16 03:29:57 INFO TaskSetManager: Finished task 37.0 in stage 60.0 (TID 566) in 32 ms on 172.18.0.7 (executor 0) (36/50)
[2025-12-16T03:29:57.021+0000] {subprocess.py:106} INFO - 25/12/16 03:29:57 INFO TaskSetManager: Finished task 36.0 in stage 60.0 (TID 565) in 34 ms on 172.18.0.7 (executor 0) (37/50)
[2025-12-16T03:29:57.021+0000] {subprocess.py:106} INFO - 25/12/16 03:29:57 INFO TaskSetManager: Finished task 33.0 in stage 60.0 (TID 562) in 47 ms on 172.18.0.7 (executor 0) (38/50)
[2025-12-16T03:29:57.022+0000] {subprocess.py:106} INFO - 25/12/16 03:29:57 INFO TaskSetManager: Finished task 35.0 in stage 60.0 (TID 564) in 35 ms on 172.18.0.7 (executor 0) (39/50)
[2025-12-16T03:29:57.038+0000] {subprocess.py:106} INFO - 25/12/16 03:29:57 INFO TaskSetManager: Finished task 39.0 in stage 60.0 (TID 568) in 62 ms on 172.18.0.7 (executor 0) (40/50)
[2025-12-16T03:29:57.045+0000] {subprocess.py:106} INFO - 25/12/16 03:29:57 INFO TaskSetManager: Finished task 43.0 in stage 60.0 (TID 572) in 61 ms on 172.18.0.7 (executor 0) (41/50)
[2025-12-16T03:29:57.047+0000] {subprocess.py:106} INFO - 25/12/16 03:29:57 INFO TaskSetManager: Finished task 47.0 in stage 60.0 (TID 576) in 53 ms on 172.18.0.7 (executor 0) (42/50)
[2025-12-16T03:29:57.052+0000] {subprocess.py:106} INFO - 25/12/16 03:29:57 INFO TaskSetManager: Finished task 46.0 in stage 60.0 (TID 575) in 59 ms on 172.18.0.7 (executor 0) (43/50)
[2025-12-16T03:29:57.056+0000] {subprocess.py:106} INFO - 25/12/16 03:29:57 INFO TaskSetManager: Finished task 38.0 in stage 60.0 (TID 567) in 68 ms on 172.18.0.7 (executor 0) (44/50)
[2025-12-16T03:29:57.062+0000] {subprocess.py:106} INFO - 25/12/16 03:29:57 INFO TaskSetManager: Finished task 44.0 in stage 60.0 (TID 573) in 62 ms on 172.18.0.7 (executor 0) (45/50)
[2025-12-16T03:29:57.063+0000] {subprocess.py:106} INFO - 25/12/16 03:29:57 INFO TaskSetManager: Finished task 48.0 in stage 60.0 (TID 577) in 52 ms on 172.18.0.7 (executor 0) (46/50)
[2025-12-16T03:29:57.063+0000] {subprocess.py:106} INFO - 25/12/16 03:29:57 INFO TaskSetManager: Finished task 41.0 in stage 60.0 (TID 570) in 65 ms on 172.18.0.7 (executor 0) (47/50)
[2025-12-16T03:29:57.064+0000] {subprocess.py:106} INFO - 25/12/16 03:29:57 INFO TaskSetManager: Finished task 45.0 in stage 60.0 (TID 574) in 62 ms on 172.18.0.7 (executor 0) (48/50)
[2025-12-16T03:29:57.065+0000] {subprocess.py:106} INFO - 25/12/16 03:29:57 INFO TaskSetManager: Finished task 42.0 in stage 60.0 (TID 571) in 65 ms on 172.18.0.7 (executor 0) (49/50)
[2025-12-16T03:29:57.066+0000] {subprocess.py:106} INFO - 25/12/16 03:29:57 INFO TaskSetManager: Finished task 49.0 in stage 60.0 (TID 578) in 51 ms on 172.18.0.7 (executor 0) (50/50)
[2025-12-16T03:29:57.066+0000] {subprocess.py:106} INFO - 25/12/16 03:29:57 INFO TaskSchedulerImpl: Removed TaskSet 60.0, whose tasks have all completed, from pool
[2025-12-16T03:29:57.067+0000] {subprocess.py:106} INFO - 25/12/16 03:29:57 INFO DAGScheduler: ResultStage 60 ($anonfun$recordDeltaOperationInternal$1 at DatabricksLogging.scala:128) finished in 0.175 s
[2025-12-16T03:29:57.068+0000] {subprocess.py:106} INFO - 25/12/16 03:29:57 INFO DAGScheduler: Job 38 is finished. Cancelling potential speculative or zombie tasks for this job
[2025-12-16T03:29:57.068+0000] {subprocess.py:106} INFO - 25/12/16 03:29:57 INFO TaskSchedulerImpl: Killing all running tasks in stage 60: Stage finished
[2025-12-16T03:29:57.069+0000] {subprocess.py:106} INFO - 25/12/16 03:29:57 INFO DAGScheduler: Job 38 finished: $anonfun$recordDeltaOperationInternal$1 at DatabricksLogging.scala:128, took 0.178844 s
[2025-12-16T03:29:57.070+0000] {subprocess.py:106} INFO - 25/12/16 03:29:57 INFO PrepareDeltaScan: DELTA: Done
[2025-12-16T03:29:57.070+0000] {subprocess.py:106} INFO - 25/12/16 03:29:57 INFO FileSourceStrategy: Pushed Filters:
[2025-12-16T03:29:57.071+0000] {subprocess.py:106} INFO - 25/12/16 03:29:57 INFO FileSourceStrategy: Post-Scan Filters:
[2025-12-16T03:29:57.072+0000] {subprocess.py:106} INFO - 25/12/16 03:29:57 INFO ParquetUtils: Using default output committer for Parquet: org.apache.parquet.hadoop.ParquetOutputCommitter
[2025-12-16T03:29:57.083+0000] {subprocess.py:106} INFO - 25/12/16 03:29:57 INFO CodeGenerator: Code generated in 13.599427 ms
[2025-12-16T03:29:57.086+0000] {subprocess.py:106} INFO - 25/12/16 03:29:57 INFO MemoryStore: Block broadcast_61 stored as values in memory (estimated size 214.6 KiB, free 430.1 MiB)
[2025-12-16T03:29:57.095+0000] {subprocess.py:106} INFO - 25/12/16 03:29:57 INFO MemoryStore: Block broadcast_61_piece0 stored as bytes in memory (estimated size 36.9 KiB, free 430.0 MiB)
[2025-12-16T03:29:57.095+0000] {subprocess.py:106} INFO - 25/12/16 03:29:57 INFO BlockManagerInfo: Added broadcast_61_piece0 in memory on 3ad9a82189be:37965 (size: 36.9 KiB, free: 433.7 MiB)
[2025-12-16T03:29:57.096+0000] {subprocess.py:106} INFO - 25/12/16 03:29:57 INFO SparkContext: Created broadcast 61 from save at <unknown>:0
[2025-12-16T03:29:57.097+0000] {subprocess.py:106} INFO - 25/12/16 03:29:57 INFO FileSourceScanExec: Planning scan with bin packing, max size: 4194304 bytes, open cost is considered as scanning 4194304 bytes.
[2025-12-16T03:29:57.136+0000] {subprocess.py:106} INFO - 25/12/16 03:29:57 INFO SparkContext: Starting job: save at <unknown>:0
[2025-12-16T03:29:57.137+0000] {subprocess.py:106} INFO - 25/12/16 03:29:57 INFO DAGScheduler: Got job 39 (save at <unknown>:0) with 1 output partitions
[2025-12-16T03:29:57.138+0000] {subprocess.py:106} INFO - 25/12/16 03:29:57 INFO DAGScheduler: Final stage: ResultStage 61 (save at <unknown>:0)
[2025-12-16T03:29:57.139+0000] {subprocess.py:106} INFO - 25/12/16 03:29:57 INFO DAGScheduler: Parents of final stage: List()
[2025-12-16T03:29:57.139+0000] {subprocess.py:106} INFO - 25/12/16 03:29:57 INFO DAGScheduler: Missing parents: List()
[2025-12-16T03:29:57.140+0000] {subprocess.py:106} INFO - 25/12/16 03:29:57 INFO DAGScheduler: Submitting ResultStage 61 (MapPartitionsRDD[182] at save at <unknown>:0), which has no missing parents
[2025-12-16T03:29:57.161+0000] {subprocess.py:106} INFO - 25/12/16 03:29:57 INFO BlockManagerInfo: Removed broadcast_60_piece0 on 3ad9a82189be:37965 in memory (size: 138.5 KiB, free: 433.9 MiB)
[2025-12-16T03:29:57.163+0000] {subprocess.py:106} INFO - 25/12/16 03:29:57 INFO BlockManagerInfo: Removed broadcast_60_piece0 on 172.18.0.7:41729 in memory (size: 138.5 KiB, free: 434.1 MiB)
[2025-12-16T03:29:57.164+0000] {subprocess.py:106} INFO - 25/12/16 03:29:57 INFO MemoryStore: Block broadcast_62 stored as values in memory (estimated size 358.1 KiB, free 430.4 MiB)
[2025-12-16T03:29:57.167+0000] {subprocess.py:106} INFO - 25/12/16 03:29:57 INFO MemoryStore: Block broadcast_62_piece0 stored as bytes in memory (estimated size 127.8 KiB, free 430.3 MiB)
[2025-12-16T03:29:57.167+0000] {subprocess.py:106} INFO - 25/12/16 03:29:57 INFO BlockManagerInfo: Added broadcast_62_piece0 in memory on 3ad9a82189be:37965 (size: 127.8 KiB, free: 433.7 MiB)
[2025-12-16T03:29:57.168+0000] {subprocess.py:106} INFO - 25/12/16 03:29:57 INFO SparkContext: Created broadcast 62 from broadcast at DAGScheduler.scala:1535
[2025-12-16T03:29:57.169+0000] {subprocess.py:106} INFO - 25/12/16 03:29:57 INFO DAGScheduler: Submitting 1 missing tasks from ResultStage 61 (MapPartitionsRDD[182] at save at <unknown>:0) (first 15 tasks are for partitions Vector(0))
[2025-12-16T03:29:57.170+0000] {subprocess.py:106} INFO - 25/12/16 03:29:57 INFO TaskSchedulerImpl: Adding task set 61.0 with 1 tasks resource profile 0
[2025-12-16T03:29:57.170+0000] {subprocess.py:106} INFO - 25/12/16 03:29:57 INFO TaskSetManager: Starting task 0.0 in stage 61.0 (TID 579) (172.18.0.7, executor 0, partition 0, PROCESS_LOCAL, 7974 bytes)
[2025-12-16T03:29:57.178+0000] {subprocess.py:106} INFO - 25/12/16 03:29:57 INFO BlockManagerInfo: Added broadcast_62_piece0 in memory on 172.18.0.7:41729 (size: 127.8 KiB, free: 434.0 MiB)
[2025-12-16T03:29:57.277+0000] {subprocess.py:106} INFO - 25/12/16 03:29:57 INFO BlockManagerInfo: Added broadcast_61_piece0 in memory on 172.18.0.7:41729 (size: 36.9 KiB, free: 434.0 MiB)
[2025-12-16T03:29:57.372+0000] {subprocess.py:106} INFO - 25/12/16 03:29:57 INFO TaskSetManager: Finished task 0.0 in stage 61.0 (TID 579) in 203 ms on 172.18.0.7 (executor 0) (1/1)
[2025-12-16T03:29:57.374+0000] {subprocess.py:106} INFO - 25/12/16 03:29:57 INFO TaskSchedulerImpl: Removed TaskSet 61.0, whose tasks have all completed, from pool
[2025-12-16T03:29:57.375+0000] {subprocess.py:106} INFO - 25/12/16 03:29:57 INFO DAGScheduler: ResultStage 61 (save at <unknown>:0) finished in 0.235 s
[2025-12-16T03:29:57.376+0000] {subprocess.py:106} INFO - 25/12/16 03:29:57 INFO DAGScheduler: Job 39 is finished. Cancelling potential speculative or zombie tasks for this job
[2025-12-16T03:29:57.376+0000] {subprocess.py:106} INFO - 25/12/16 03:29:57 INFO TaskSchedulerImpl: Killing all running tasks in stage 61: Stage finished
[2025-12-16T03:29:57.377+0000] {subprocess.py:106} INFO - 25/12/16 03:29:57 INFO DAGScheduler: Job 39 finished: save at <unknown>:0, took 0.238127 s
[2025-12-16T03:29:57.377+0000] {subprocess.py:106} INFO - 25/12/16 03:29:57 INFO FileFormatWriter: Start to commit write Job 79e3e736-927e-49f7-8f5c-8080717205c8.
[2025-12-16T03:29:57.378+0000] {subprocess.py:106} INFO - 25/12/16 03:29:57 INFO FileFormatWriter: Write Job 79e3e736-927e-49f7-8f5c-8080717205c8 committed. Elapsed time: 0 ms.
[2025-12-16T03:29:57.378+0000] {subprocess.py:106} INFO - 25/12/16 03:29:57 INFO FileFormatWriter: Finished processing stats for write job 79e3e736-927e-49f7-8f5c-8080717205c8.
[2025-12-16T03:29:57.484+0000] {subprocess.py:106} INFO - 25/12/16 03:29:57 INFO BlockManagerInfo: Removed broadcast_62_piece0 on 3ad9a82189be:37965 in memory (size: 127.8 KiB, free: 433.9 MiB)
[2025-12-16T03:29:57.486+0000] {subprocess.py:106} INFO - 25/12/16 03:29:57 INFO BlockManagerInfo: Removed broadcast_62_piece0 on 172.18.0.7:41729 in memory (size: 127.8 KiB, free: 434.1 MiB)
[2025-12-16T03:29:57.506+0000] {subprocess.py:106} INFO - 25/12/16 03:29:57 INFO SparkContext: Starting job: $anonfun$recordDeltaOperationInternal$1 at DatabricksLogging.scala:128
[2025-12-16T03:29:57.507+0000] {subprocess.py:106} INFO - 25/12/16 03:29:57 INFO DAGScheduler: Job 40 finished: $anonfun$recordDeltaOperationInternal$1 at DatabricksLogging.scala:128, took 0.000299 s
[2025-12-16T03:29:57.518+0000] {subprocess.py:106} INFO - 25/12/16 03:29:57 INFO OptimisticTransaction: [tableId=104c7026,txnId=b02dec58] Attempting to commit version 0 with 4 actions with Serializable isolation level
[2025-12-16T03:29:57.585+0000] {subprocess.py:106} INFO - 25/12/16 03:29:57 INFO DeltaLog: Creating a new snapshot v0 for commit version 0
[2025-12-16T03:29:57.586+0000] {subprocess.py:106} INFO - 25/12/16 03:29:57 INFO DeltaLog: Loading version 0.
[2025-12-16T03:29:57.589+0000] {subprocess.py:106} INFO - 25/12/16 03:29:57 INFO DeltaLogFileIndex: Created DeltaLogFileIndex(JSON, numFilesInSegment: 1, totalFileSize: 2085)
[2025-12-16T03:29:57.615+0000] {subprocess.py:106} INFO - 25/12/16 03:29:57 INFO FileSourceStrategy: Pushed Filters:
[2025-12-16T03:29:57.616+0000] {subprocess.py:106} INFO - 25/12/16 03:29:57 INFO FileSourceStrategy: Post-Scan Filters:
[2025-12-16T03:29:57.624+0000] {subprocess.py:106} INFO - 25/12/16 03:29:57 INFO MemoryStore: Block broadcast_63 stored as values in memory (estimated size 212.9 KiB, free 430.5 MiB)
[2025-12-16T03:29:57.630+0000] {subprocess.py:106} INFO - 25/12/16 03:29:57 INFO MemoryStore: Block broadcast_63_piece0 stored as bytes in memory (estimated size 36.4 KiB, free 430.5 MiB)
[2025-12-16T03:29:57.631+0000] {subprocess.py:106} INFO - 25/12/16 03:29:57 INFO BlockManagerInfo: Added broadcast_63_piece0 in memory on 3ad9a82189be:37965 (size: 36.4 KiB, free: 433.8 MiB)
[2025-12-16T03:29:57.631+0000] {subprocess.py:106} INFO - 25/12/16 03:29:57 INFO SparkContext: Created broadcast 63 from toString at <unknown>:0
[2025-12-16T03:29:57.632+0000] {subprocess.py:106} INFO - 25/12/16 03:29:57 INFO FileSourceScanExec: Planning scan with bin packing, max size: 4194304 bytes, open cost is considered as scanning 4194304 bytes.
[2025-12-16T03:29:57.641+0000] {subprocess.py:106} INFO - 25/12/16 03:29:57 INFO SparkContext: Starting job: toString at <unknown>:0
[2025-12-16T03:29:57.641+0000] {subprocess.py:106} INFO - 25/12/16 03:29:57 INFO DAGScheduler: Got job 41 (toString at <unknown>:0) with 1 output partitions
[2025-12-16T03:29:57.642+0000] {subprocess.py:106} INFO - 25/12/16 03:29:57 INFO DAGScheduler: Final stage: ResultStage 62 (toString at <unknown>:0)
[2025-12-16T03:29:57.643+0000] {subprocess.py:106} INFO - 25/12/16 03:29:57 INFO DAGScheduler: Parents of final stage: List()
[2025-12-16T03:29:57.643+0000] {subprocess.py:106} INFO - 25/12/16 03:29:57 INFO DAGScheduler: Missing parents: List()
[2025-12-16T03:29:57.644+0000] {subprocess.py:106} INFO - 25/12/16 03:29:57 INFO DAGScheduler: Submitting ResultStage 62 (MapPartitionsRDD[190] at toString at <unknown>:0), which has no missing parents
[2025-12-16T03:29:57.644+0000] {subprocess.py:106} INFO - 25/12/16 03:29:57 INFO MemoryStore: Block broadcast_64 stored as values in memory (estimated size 50.4 KiB, free 430.5 MiB)
[2025-12-16T03:29:57.645+0000] {subprocess.py:106} INFO - 25/12/16 03:29:57 INFO MemoryStore: Block broadcast_64_piece0 stored as bytes in memory (estimated size 15.5 KiB, free 430.4 MiB)
[2025-12-16T03:29:57.645+0000] {subprocess.py:106} INFO - 25/12/16 03:29:57 INFO BlockManagerInfo: Added broadcast_64_piece0 in memory on 3ad9a82189be:37965 (size: 15.5 KiB, free: 433.8 MiB)
[2025-12-16T03:29:57.645+0000] {subprocess.py:106} INFO - 25/12/16 03:29:57 INFO SparkContext: Created broadcast 64 from broadcast at DAGScheduler.scala:1535
[2025-12-16T03:29:57.646+0000] {subprocess.py:106} INFO - 25/12/16 03:29:57 INFO DAGScheduler: Submitting 1 missing tasks from ResultStage 62 (MapPartitionsRDD[190] at toString at <unknown>:0) (first 15 tasks are for partitions Vector(0))
[2025-12-16T03:29:57.646+0000] {subprocess.py:106} INFO - 25/12/16 03:29:57 INFO TaskSchedulerImpl: Adding task set 62.0 with 1 tasks resource profile 0
[2025-12-16T03:29:57.647+0000] {subprocess.py:106} INFO - 25/12/16 03:29:57 INFO TaskSetManager: Starting task 0.0 in stage 62.0 (TID 580) (172.18.0.7, executor 0, partition 0, PROCESS_LOCAL, 7945 bytes)
[2025-12-16T03:29:57.653+0000] {subprocess.py:106} INFO - 25/12/16 03:29:57 INFO BlockManagerInfo: Added broadcast_64_piece0 in memory on 172.18.0.7:41729 (size: 15.5 KiB, free: 434.1 MiB)
[2025-12-16T03:29:57.664+0000] {subprocess.py:106} INFO - 25/12/16 03:29:57 INFO BlockManagerInfo: Added broadcast_63_piece0 in memory on 172.18.0.7:41729 (size: 36.4 KiB, free: 434.0 MiB)
[2025-12-16T03:29:57.686+0000] {subprocess.py:106} INFO - 25/12/16 03:29:57 INFO TaskSetManager: Finished task 0.0 in stage 62.0 (TID 580) in 41 ms on 172.18.0.7 (executor 0) (1/1)
[2025-12-16T03:29:57.687+0000] {subprocess.py:106} INFO - 25/12/16 03:29:57 INFO TaskSchedulerImpl: Removed TaskSet 62.0, whose tasks have all completed, from pool
[2025-12-16T03:29:57.688+0000] {subprocess.py:106} INFO - 25/12/16 03:29:57 INFO DAGScheduler: ResultStage 62 (toString at <unknown>:0) finished in 0.045 s
[2025-12-16T03:29:57.688+0000] {subprocess.py:106} INFO - 25/12/16 03:29:57 INFO DAGScheduler: Job 41 is finished. Cancelling potential speculative or zombie tasks for this job
[2025-12-16T03:29:57.689+0000] {subprocess.py:106} INFO - 25/12/16 03:29:57 INFO TaskSchedulerImpl: Killing all running tasks in stage 62: Stage finished
[2025-12-16T03:29:57.689+0000] {subprocess.py:106} INFO - 25/12/16 03:29:57 INFO DAGScheduler: Job 41 finished: toString at <unknown>:0, took 0.047144 s
[2025-12-16T03:29:57.693+0000] {subprocess.py:106} INFO - 25/12/16 03:29:57 INFO Snapshot: [tableId=104c7026-19f8-48ae-a7f6-d9dbf0a57d4b] Created snapshot Snapshot(path=s3a://gold/dim_suppliers/_delta_log, version=0, metadata=Metadata(7b18240a-4a69-4c7f-a2e4-5d317e81ff36,null,null,Format(parquet,Map()),{"type":"struct","fields":[{"name":"supplier_key","type":"string","nullable":true,"metadata":{}},{"name":"supplier_id","type":"string","nullable":true,"metadata":{}},{"name":"supplier_name","type":"string","nullable":true,"metadata":{}},{"name":"phone","type":"string","nullable":true,"metadata":{}},{"name":"address","type":"string","nullable":true,"metadata":{}},{"name":"tax_id","type":"string","nullable":true,"metadata":{}},{"name":"last_updated","type":"timestamp","nullable":true,"metadata":{}}]},List(),Map(),Some(1765855795550)), logSegment=LogSegment(s3a://gold/dim_suppliers/_delta_log,0,WrappedArray(S3AFileStatus{path=s3a://gold/dim_suppliers/_delta_log/00000000000000000000.json; isDirectory=false; length=2085; replication=1; blocksize=33554432; modification_time=1765855797551; access_time=0; owner=root; group=root; permission=rw-rw-rw-; isSymlink=false; hasAcl=false; isEncrypted=true; isErasureCoded=false} isEmptyDirectory=FALSE eTag=a0a130cbe53ddd9df197fbcead85750d versionId=null),None,1765855797551), checksumOpt=None)
[2025-12-16T03:29:57.693+0000] {subprocess.py:106} INFO - 25/12/16 03:29:57 INFO DeltaLog: Updated snapshot to Snapshot(path=s3a://gold/dim_suppliers/_delta_log, version=0, metadata=Metadata(7b18240a-4a69-4c7f-a2e4-5d317e81ff36,null,null,Format(parquet,Map()),{"type":"struct","fields":[{"name":"supplier_key","type":"string","nullable":true,"metadata":{}},{"name":"supplier_id","type":"string","nullable":true,"metadata":{}},{"name":"supplier_name","type":"string","nullable":true,"metadata":{}},{"name":"phone","type":"string","nullable":true,"metadata":{}},{"name":"address","type":"string","nullable":true,"metadata":{}},{"name":"tax_id","type":"string","nullable":true,"metadata":{}},{"name":"last_updated","type":"timestamp","nullable":true,"metadata":{}}]},List(),Map(),Some(1765855795550)), logSegment=LogSegment(s3a://gold/dim_suppliers/_delta_log,0,WrappedArray(S3AFileStatus{path=s3a://gold/dim_suppliers/_delta_log/00000000000000000000.json; isDirectory=false; length=2085; replication=1; blocksize=33554432; modification_time=1765855797551; access_time=0; owner=root; group=root; permission=rw-rw-rw-; isSymlink=false; hasAcl=false; isEncrypted=true; isErasureCoded=false} isEmptyDirectory=FALSE eTag=a0a130cbe53ddd9df197fbcead85750d versionId=null),None,1765855797551), checksumOpt=None)
[2025-12-16T03:29:57.694+0000] {subprocess.py:106} INFO - 25/12/16 03:29:57 INFO Snapshot: [tableId=7b18240a-4a69-4c7f-a2e4-5d317e81ff36] DELTA: Compute snapshot for version: 0
[2025-12-16T03:29:57.695+0000] {subprocess.py:106} INFO - 25/12/16 03:29:57 INFO MemoryStore: Block broadcast_65 stored as values in memory (estimated size 212.3 KiB, free 430.2 MiB)
[2025-12-16T03:29:57.702+0000] {subprocess.py:106} INFO - 25/12/16 03:29:57 INFO MemoryStore: Block broadcast_65_piece0 stored as bytes in memory (estimated size 36.3 KiB, free 430.2 MiB)
[2025-12-16T03:29:57.703+0000] {subprocess.py:106} INFO - 25/12/16 03:29:57 INFO BlockManagerInfo: Added broadcast_65_piece0 in memory on 3ad9a82189be:37965 (size: 36.3 KiB, free: 433.8 MiB)
[2025-12-16T03:29:57.703+0000] {subprocess.py:106} INFO - 25/12/16 03:29:57 INFO SparkContext: Created broadcast 65 from $anonfun$recordDeltaOperationInternal$1 at DatabricksLogging.scala:128
[2025-12-16T03:29:57.737+0000] {subprocess.py:106} INFO - 25/12/16 03:29:57 INFO BlockManagerInfo: Removed broadcast_64_piece0 on 3ad9a82189be:37965 in memory (size: 15.5 KiB, free: 433.8 MiB)
[2025-12-16T03:29:57.739+0000] {subprocess.py:106} INFO - 25/12/16 03:29:57 INFO BlockManagerInfo: Removed broadcast_64_piece0 on 172.18.0.7:41729 in memory (size: 15.5 KiB, free: 434.1 MiB)
[2025-12-16T03:29:57.742+0000] {subprocess.py:106} INFO - 25/12/16 03:29:57 INFO BlockManagerInfo: Removed broadcast_63_piece0 on 3ad9a82189be:37965 in memory (size: 36.4 KiB, free: 433.8 MiB)
[2025-12-16T03:29:57.743+0000] {subprocess.py:106} INFO - 25/12/16 03:29:57 INFO BlockManagerInfo: Removed broadcast_63_piece0 on 172.18.0.7:41729 in memory (size: 36.4 KiB, free: 434.1 MiB)
[2025-12-16T03:29:57.814+0000] {subprocess.py:106} INFO - 25/12/16 03:29:57 INFO FileSourceStrategy: Pushed Filters:
[2025-12-16T03:29:57.816+0000] {subprocess.py:106} INFO - 25/12/16 03:29:57 INFO FileSourceStrategy: Post-Scan Filters:
[2025-12-16T03:29:57.854+0000] {subprocess.py:106} INFO - 25/12/16 03:29:57 INFO MemoryStore: Block broadcast_66 stored as values in memory (estimated size 212.9 KiB, free 430.3 MiB)
[2025-12-16T03:29:57.860+0000] {subprocess.py:106} INFO - 25/12/16 03:29:57 INFO MemoryStore: Block broadcast_66_piece0 stored as bytes in memory (estimated size 36.4 KiB, free 430.3 MiB)
[2025-12-16T03:29:57.861+0000] {subprocess.py:106} INFO - 25/12/16 03:29:57 INFO BlockManagerInfo: Added broadcast_66_piece0 in memory on 3ad9a82189be:37965 (size: 36.4 KiB, free: 433.8 MiB)
[2025-12-16T03:29:57.862+0000] {subprocess.py:106} INFO - 25/12/16 03:29:57 INFO SparkContext: Created broadcast 66 from $anonfun$recordDeltaOperationInternal$1 at DatabricksLogging.scala:128
[2025-12-16T03:29:57.862+0000] {subprocess.py:106} INFO - 25/12/16 03:29:57 INFO FileSourceScanExec: Planning scan with bin packing, max size: 4194304 bytes, open cost is considered as scanning 4194304 bytes.
[2025-12-16T03:29:57.869+0000] {subprocess.py:106} INFO - 25/12/16 03:29:57 INFO DAGScheduler: Registering RDD 194 ($anonfun$recordDeltaOperationInternal$1 at DatabricksLogging.scala:128) as input to shuffle 14
[2025-12-16T03:29:57.870+0000] {subprocess.py:106} INFO - 25/12/16 03:29:57 INFO DAGScheduler: Got map stage job 42 ($anonfun$recordDeltaOperationInternal$1 at DatabricksLogging.scala:128) with 1 output partitions
[2025-12-16T03:29:57.870+0000] {subprocess.py:106} INFO - 25/12/16 03:29:57 INFO DAGScheduler: Final stage: ShuffleMapStage 63 ($anonfun$recordDeltaOperationInternal$1 at DatabricksLogging.scala:128)
[2025-12-16T03:29:57.871+0000] {subprocess.py:106} INFO - 25/12/16 03:29:57 INFO DAGScheduler: Parents of final stage: List()
[2025-12-16T03:29:57.871+0000] {subprocess.py:106} INFO - 25/12/16 03:29:57 INFO DAGScheduler: Missing parents: List()
[2025-12-16T03:29:57.872+0000] {subprocess.py:106} INFO - 25/12/16 03:29:57 INFO DAGScheduler: Submitting ShuffleMapStage 63 (MapPartitionsRDD[194] at $anonfun$recordDeltaOperationInternal$1 at DatabricksLogging.scala:128), which has no missing parents
[2025-12-16T03:29:57.873+0000] {subprocess.py:106} INFO - 25/12/16 03:29:57 INFO MemoryStore: Block broadcast_67 stored as values in memory (estimated size 138.3 KiB, free 430.1 MiB)
[2025-12-16T03:29:57.874+0000] {subprocess.py:106} INFO - 25/12/16 03:29:57 INFO MemoryStore: Block broadcast_67_piece0 stored as bytes in memory (estimated size 39.0 KiB, free 430.1 MiB)
[2025-12-16T03:29:57.874+0000] {subprocess.py:106} INFO - 25/12/16 03:29:57 INFO BlockManagerInfo: Added broadcast_67_piece0 in memory on 3ad9a82189be:37965 (size: 39.0 KiB, free: 433.8 MiB)
[2025-12-16T03:29:57.875+0000] {subprocess.py:106} INFO - 25/12/16 03:29:57 INFO SparkContext: Created broadcast 67 from broadcast at DAGScheduler.scala:1535
[2025-12-16T03:29:57.875+0000] {subprocess.py:106} INFO - 25/12/16 03:29:57 INFO DAGScheduler: Submitting 1 missing tasks from ShuffleMapStage 63 (MapPartitionsRDD[194] at $anonfun$recordDeltaOperationInternal$1 at DatabricksLogging.scala:128) (first 15 tasks are for partitions Vector(0))
[2025-12-16T03:29:57.876+0000] {subprocess.py:106} INFO - 25/12/16 03:29:57 INFO TaskSchedulerImpl: Adding task set 63.0 with 1 tasks resource profile 0
[2025-12-16T03:29:57.876+0000] {subprocess.py:106} INFO - 25/12/16 03:29:57 INFO TaskSetManager: Starting task 0.0 in stage 63.0 (TID 581) (172.18.0.7, executor 0, partition 0, PROCESS_LOCAL, 7934 bytes)
[2025-12-16T03:29:57.886+0000] {subprocess.py:106} INFO - 25/12/16 03:29:57 INFO BlockManagerInfo: Added broadcast_67_piece0 in memory on 172.18.0.7:41729 (size: 39.0 KiB, free: 434.1 MiB)
[2025-12-16T03:29:57.904+0000] {subprocess.py:106} INFO - 25/12/16 03:29:57 INFO BlockManagerInfo: Added broadcast_66_piece0 in memory on 172.18.0.7:41729 (size: 36.4 KiB, free: 434.0 MiB)
[2025-12-16T03:29:57.932+0000] {subprocess.py:106} INFO - 25/12/16 03:29:57 INFO TaskSetManager: Finished task 0.0 in stage 63.0 (TID 581) in 55 ms on 172.18.0.7 (executor 0) (1/1)
[2025-12-16T03:29:57.933+0000] {subprocess.py:106} INFO - 25/12/16 03:29:57 INFO TaskSchedulerImpl: Removed TaskSet 63.0, whose tasks have all completed, from pool
[2025-12-16T03:29:57.933+0000] {subprocess.py:106} INFO - 25/12/16 03:29:57 INFO DAGScheduler: ShuffleMapStage 63 ($anonfun$recordDeltaOperationInternal$1 at DatabricksLogging.scala:128) finished in 0.062 s
[2025-12-16T03:29:57.934+0000] {subprocess.py:106} INFO - 25/12/16 03:29:57 INFO DAGScheduler: looking for newly runnable stages
[2025-12-16T03:29:57.935+0000] {subprocess.py:106} INFO - 25/12/16 03:29:57 INFO DAGScheduler: running: Set()
[2025-12-16T03:29:57.935+0000] {subprocess.py:106} INFO - 25/12/16 03:29:57 INFO DAGScheduler: waiting: Set()
[2025-12-16T03:29:57.935+0000] {subprocess.py:106} INFO - 25/12/16 03:29:57 INFO DAGScheduler: failed: Set()
[2025-12-16T03:29:57.959+0000] {subprocess.py:106} INFO - 25/12/16 03:29:57 INFO BlockManagerInfo: Removed broadcast_67_piece0 on 3ad9a82189be:37965 in memory (size: 39.0 KiB, free: 433.8 MiB)
[2025-12-16T03:29:57.960+0000] {subprocess.py:106} INFO - 25/12/16 03:29:57 INFO BlockManagerInfo: Removed broadcast_67_piece0 on 172.18.0.7:41729 in memory (size: 39.0 KiB, free: 434.1 MiB)
[2025-12-16T03:29:58.060+0000] {subprocess.py:106} INFO - 25/12/16 03:29:58 INFO DAGScheduler: Registering RDD 204 ($anonfun$recordDeltaOperationInternal$1 at DatabricksLogging.scala:128) as input to shuffle 15
[2025-12-16T03:29:58.061+0000] {subprocess.py:106} INFO - 25/12/16 03:29:58 INFO DAGScheduler: Got map stage job 43 ($anonfun$recordDeltaOperationInternal$1 at DatabricksLogging.scala:128) with 50 output partitions
[2025-12-16T03:29:58.061+0000] {subprocess.py:106} INFO - 25/12/16 03:29:58 INFO DAGScheduler: Final stage: ShuffleMapStage 65 ($anonfun$recordDeltaOperationInternal$1 at DatabricksLogging.scala:128)
[2025-12-16T03:29:58.062+0000] {subprocess.py:106} INFO - 25/12/16 03:29:58 INFO DAGScheduler: Parents of final stage: List(ShuffleMapStage 64)
[2025-12-16T03:29:58.062+0000] {subprocess.py:106} INFO - 25/12/16 03:29:58 INFO DAGScheduler: Missing parents: List()
[2025-12-16T03:29:58.063+0000] {subprocess.py:106} INFO - 25/12/16 03:29:58 INFO DAGScheduler: Submitting ShuffleMapStage 65 (MapPartitionsRDD[204] at $anonfun$recordDeltaOperationInternal$1 at DatabricksLogging.scala:128), which has no missing parents
[2025-12-16T03:29:58.073+0000] {subprocess.py:106} INFO - 25/12/16 03:29:58 INFO MemoryStore: Block broadcast_68 stored as values in memory (estimated size 517.2 KiB, free 429.8 MiB)
[2025-12-16T03:29:58.076+0000] {subprocess.py:106} INFO - 25/12/16 03:29:58 INFO MemoryStore: Block broadcast_68_piece0 stored as bytes in memory (estimated size 123.3 KiB, free 429.6 MiB)
[2025-12-16T03:29:58.077+0000] {subprocess.py:106} INFO - 25/12/16 03:29:58 INFO BlockManagerInfo: Added broadcast_68_piece0 in memory on 3ad9a82189be:37965 (size: 123.3 KiB, free: 433.7 MiB)
[2025-12-16T03:29:58.078+0000] {subprocess.py:106} INFO - 25/12/16 03:29:58 INFO SparkContext: Created broadcast 68 from broadcast at DAGScheduler.scala:1535
[2025-12-16T03:29:58.086+0000] {subprocess.py:106} INFO - 25/12/16 03:29:58 INFO DAGScheduler: Submitting 50 missing tasks from ShuffleMapStage 65 (MapPartitionsRDD[204] at $anonfun$recordDeltaOperationInternal$1 at DatabricksLogging.scala:128) (first 15 tasks are for partitions Vector(0, 1, 2, 3, 4, 5, 6, 7, 8, 9, 10, 11, 12, 13, 14))
[2025-12-16T03:29:58.087+0000] {subprocess.py:106} INFO - 25/12/16 03:29:58 INFO TaskSchedulerImpl: Adding task set 65.0 with 50 tasks resource profile 0
[2025-12-16T03:29:58.088+0000] {subprocess.py:106} INFO - 25/12/16 03:29:58 INFO TaskSetManager: Starting task 30.0 in stage 65.0 (TID 582) (172.18.0.7, executor 0, partition 30, NODE_LOCAL, 7356 bytes)
[2025-12-16T03:29:58.089+0000] {subprocess.py:106} INFO - 25/12/16 03:29:58 INFO TaskSetManager: Starting task 42.0 in stage 65.0 (TID 583) (172.18.0.7, executor 0, partition 42, NODE_LOCAL, 7356 bytes)
[2025-12-16T03:29:58.090+0000] {subprocess.py:106} INFO - 25/12/16 03:29:58 INFO TaskSetManager: Starting task 0.0 in stage 65.0 (TID 584) (172.18.0.7, executor 0, partition 0, PROCESS_LOCAL, 7356 bytes)
[2025-12-16T03:29:58.091+0000] {subprocess.py:106} INFO - 25/12/16 03:29:58 INFO TaskSetManager: Starting task 1.0 in stage 65.0 (TID 585) (172.18.0.7, executor 0, partition 1, PROCESS_LOCAL, 7356 bytes)
[2025-12-16T03:29:58.091+0000] {subprocess.py:106} INFO - 25/12/16 03:29:58 INFO TaskSetManager: Starting task 2.0 in stage 65.0 (TID 586) (172.18.0.7, executor 0, partition 2, PROCESS_LOCAL, 7356 bytes)
[2025-12-16T03:29:58.092+0000] {subprocess.py:106} INFO - 25/12/16 03:29:58 INFO TaskSetManager: Starting task 3.0 in stage 65.0 (TID 587) (172.18.0.7, executor 0, partition 3, PROCESS_LOCAL, 7356 bytes)
[2025-12-16T03:29:58.093+0000] {subprocess.py:106} INFO - 25/12/16 03:29:58 INFO TaskSetManager: Starting task 4.0 in stage 65.0 (TID 588) (172.18.0.7, executor 0, partition 4, PROCESS_LOCAL, 7356 bytes)
[2025-12-16T03:29:58.094+0000] {subprocess.py:106} INFO - 25/12/16 03:29:58 INFO TaskSetManager: Starting task 5.0 in stage 65.0 (TID 589) (172.18.0.7, executor 0, partition 5, PROCESS_LOCAL, 7356 bytes)
[2025-12-16T03:29:58.095+0000] {subprocess.py:106} INFO - 25/12/16 03:29:58 INFO TaskSetManager: Starting task 6.0 in stage 65.0 (TID 590) (172.18.0.7, executor 0, partition 6, PROCESS_LOCAL, 7356 bytes)
[2025-12-16T03:29:58.095+0000] {subprocess.py:106} INFO - 25/12/16 03:29:58 INFO TaskSetManager: Starting task 7.0 in stage 65.0 (TID 591) (172.18.0.7, executor 0, partition 7, PROCESS_LOCAL, 7356 bytes)
[2025-12-16T03:29:58.095+0000] {subprocess.py:106} INFO - 25/12/16 03:29:58 INFO TaskSetManager: Starting task 8.0 in stage 65.0 (TID 592) (172.18.0.7, executor 0, partition 8, PROCESS_LOCAL, 7356 bytes)
[2025-12-16T03:29:58.096+0000] {subprocess.py:106} INFO - 25/12/16 03:29:58 INFO TaskSetManager: Starting task 9.0 in stage 65.0 (TID 593) (172.18.0.7, executor 0, partition 9, PROCESS_LOCAL, 7356 bytes)
[2025-12-16T03:29:58.096+0000] {subprocess.py:106} INFO - 25/12/16 03:29:58 INFO TaskSetManager: Starting task 10.0 in stage 65.0 (TID 594) (172.18.0.7, executor 0, partition 10, PROCESS_LOCAL, 7356 bytes)
[2025-12-16T03:29:58.097+0000] {subprocess.py:106} INFO - 25/12/16 03:29:58 INFO TaskSetManager: Starting task 11.0 in stage 65.0 (TID 595) (172.18.0.7, executor 0, partition 11, PROCESS_LOCAL, 7356 bytes)
[2025-12-16T03:29:58.097+0000] {subprocess.py:106} INFO - 25/12/16 03:29:58 INFO TaskSetManager: Starting task 12.0 in stage 65.0 (TID 596) (172.18.0.7, executor 0, partition 12, PROCESS_LOCAL, 7356 bytes)
[2025-12-16T03:29:58.098+0000] {subprocess.py:106} INFO - 25/12/16 03:29:58 INFO TaskSetManager: Starting task 13.0 in stage 65.0 (TID 597) (172.18.0.7, executor 0, partition 13, PROCESS_LOCAL, 7356 bytes)
[2025-12-16T03:29:58.103+0000] {subprocess.py:106} INFO - 25/12/16 03:29:58 INFO BlockManagerInfo: Added broadcast_68_piece0 in memory on 172.18.0.7:41729 (size: 123.3 KiB, free: 433.9 MiB)
[2025-12-16T03:29:58.136+0000] {subprocess.py:106} INFO - 25/12/16 03:29:58 INFO MapOutputTrackerMasterEndpoint: Asked to send map output locations for shuffle 14 to 172.18.0.7:60316
[2025-12-16T03:29:58.175+0000] {subprocess.py:106} INFO - 25/12/16 03:29:58 INFO BlockManagerInfo: Added rdd_201_13 in memory on 172.18.0.7:41729 (size: 46.0 B, free: 433.9 MiB)
[2025-12-16T03:29:58.177+0000] {subprocess.py:106} INFO - 25/12/16 03:29:58 INFO BlockManagerInfo: Added rdd_201_2 in memory on 172.18.0.7:41729 (size: 46.0 B, free: 433.9 MiB)
[2025-12-16T03:29:58.179+0000] {subprocess.py:106} INFO - 25/12/16 03:29:58 INFO BlockManagerInfo: Added rdd_201_4 in memory on 172.18.0.7:41729 (size: 46.0 B, free: 433.9 MiB)
[2025-12-16T03:29:58.179+0000] {subprocess.py:106} INFO - 25/12/16 03:29:58 INFO BlockManagerInfo: Added rdd_201_5 in memory on 172.18.0.7:41729 (size: 46.0 B, free: 433.9 MiB)
[2025-12-16T03:29:58.180+0000] {subprocess.py:106} INFO - 25/12/16 03:29:58 INFO BlockManagerInfo: Added rdd_201_3 in memory on 172.18.0.7:41729 (size: 46.0 B, free: 433.9 MiB)
[2025-12-16T03:29:58.181+0000] {subprocess.py:106} INFO - 25/12/16 03:29:58 INFO BlockManagerInfo: Added rdd_201_0 in memory on 172.18.0.7:41729 (size: 46.0 B, free: 433.9 MiB)
[2025-12-16T03:29:58.182+0000] {subprocess.py:106} INFO - 25/12/16 03:29:58 INFO BlockManagerInfo: Added rdd_201_1 in memory on 172.18.0.7:41729 (size: 46.0 B, free: 433.9 MiB)
[2025-12-16T03:29:58.182+0000] {subprocess.py:106} INFO - 25/12/16 03:29:58 INFO BlockManagerInfo: Added rdd_201_30 in memory on 172.18.0.7:41729 (size: 709.0 B, free: 433.9 MiB)
[2025-12-16T03:29:58.183+0000] {subprocess.py:106} INFO - 25/12/16 03:29:58 INFO BlockManagerInfo: Added rdd_201_11 in memory on 172.18.0.7:41729 (size: 46.0 B, free: 433.9 MiB)
[2025-12-16T03:29:58.188+0000] {subprocess.py:106} INFO - 25/12/16 03:29:58 INFO BlockManagerInfo: Added rdd_201_7 in memory on 172.18.0.7:41729 (size: 46.0 B, free: 433.9 MiB)
[2025-12-16T03:29:58.189+0000] {subprocess.py:106} INFO - 25/12/16 03:29:58 INFO BlockManagerInfo: Added rdd_201_9 in memory on 172.18.0.7:41729 (size: 46.0 B, free: 433.9 MiB)
[2025-12-16T03:29:58.194+0000] {subprocess.py:106} INFO - 25/12/16 03:29:58 INFO BlockManagerInfo: Added rdd_201_42 in memory on 172.18.0.7:41729 (size: 516.0 B, free: 433.9 MiB)
[2025-12-16T03:29:58.196+0000] {subprocess.py:106} INFO - 25/12/16 03:29:58 INFO BlockManagerInfo: Added rdd_201_10 in memory on 172.18.0.7:41729 (size: 46.0 B, free: 433.9 MiB)
[2025-12-16T03:29:58.198+0000] {subprocess.py:106} INFO - 25/12/16 03:29:58 INFO BlockManagerInfo: Added rdd_201_8 in memory on 172.18.0.7:41729 (size: 46.0 B, free: 433.9 MiB)
[2025-12-16T03:29:58.200+0000] {subprocess.py:106} INFO - 25/12/16 03:29:58 INFO BlockManagerInfo: Added rdd_201_12 in memory on 172.18.0.7:41729 (size: 46.0 B, free: 433.9 MiB)
[2025-12-16T03:29:58.205+0000] {subprocess.py:106} INFO - 25/12/16 03:29:58 INFO TaskSetManager: Starting task 14.0 in stage 65.0 (TID 598) (172.18.0.7, executor 0, partition 14, PROCESS_LOCAL, 7356 bytes)
[2025-12-16T03:29:58.206+0000] {subprocess.py:106} INFO - 25/12/16 03:29:58 INFO TaskSetManager: Finished task 4.0 in stage 65.0 (TID 588) in 116 ms on 172.18.0.7 (executor 0) (1/50)
[2025-12-16T03:29:58.210+0000] {subprocess.py:106} INFO - 25/12/16 03:29:58 INFO BlockManagerInfo: Added rdd_201_6 in memory on 172.18.0.7:41729 (size: 46.0 B, free: 433.9 MiB)
[2025-12-16T03:29:58.211+0000] {subprocess.py:106} INFO - 25/12/16 03:29:58 INFO TaskSetManager: Starting task 15.0 in stage 65.0 (TID 599) (172.18.0.7, executor 0, partition 15, PROCESS_LOCAL, 7356 bytes)
[2025-12-16T03:29:58.212+0000] {subprocess.py:106} INFO - 25/12/16 03:29:58 INFO TaskSetManager: Starting task 16.0 in stage 65.0 (TID 600) (172.18.0.7, executor 0, partition 16, PROCESS_LOCAL, 7356 bytes)
[2025-12-16T03:29:58.213+0000] {subprocess.py:106} INFO - 25/12/16 03:29:58 INFO TaskSetManager: Finished task 5.0 in stage 65.0 (TID 589) in 123 ms on 172.18.0.7 (executor 0) (2/50)
[2025-12-16T03:29:58.218+0000] {subprocess.py:106} INFO - 25/12/16 03:29:58 INFO TaskSetManager: Starting task 17.0 in stage 65.0 (TID 601) (172.18.0.7, executor 0, partition 17, PROCESS_LOCAL, 7356 bytes)
[2025-12-16T03:29:58.219+0000] {subprocess.py:106} INFO - 25/12/16 03:29:58 INFO TaskSetManager: Finished task 13.0 in stage 65.0 (TID 597) in 123 ms on 172.18.0.7 (executor 0) (3/50)
[2025-12-16T03:29:58.227+0000] {subprocess.py:106} INFO - 25/12/16 03:29:58 INFO TaskSetManager: Starting task 18.0 in stage 65.0 (TID 602) (172.18.0.7, executor 0, partition 18, PROCESS_LOCAL, 7356 bytes)
[2025-12-16T03:29:58.228+0000] {subprocess.py:106} INFO - 25/12/16 03:29:58 INFO TaskSetManager: Starting task 19.0 in stage 65.0 (TID 603) (172.18.0.7, executor 0, partition 19, PROCESS_LOCAL, 7356 bytes)
[2025-12-16T03:29:58.229+0000] {subprocess.py:106} INFO - 25/12/16 03:29:58 INFO TaskSetManager: Finished task 9.0 in stage 65.0 (TID 593) in 138 ms on 172.18.0.7 (executor 0) (4/50)
[2025-12-16T03:29:58.231+0000] {subprocess.py:106} INFO - 25/12/16 03:29:58 INFO TaskSetManager: Finished task 30.0 in stage 65.0 (TID 582) in 140 ms on 172.18.0.7 (executor 0) (5/50)
[2025-12-16T03:29:58.232+0000] {subprocess.py:106} INFO - 25/12/16 03:29:58 INFO TaskSetManager: Finished task 7.0 in stage 65.0 (TID 591) in 138 ms on 172.18.0.7 (executor 0) (6/50)
[2025-12-16T03:29:58.233+0000] {subprocess.py:106} INFO - 25/12/16 03:29:58 INFO TaskSetManager: Starting task 20.0 in stage 65.0 (TID 604) (172.18.0.7, executor 0, partition 20, PROCESS_LOCAL, 7356 bytes)
[2025-12-16T03:29:58.233+0000] {subprocess.py:106} INFO - 25/12/16 03:29:58 INFO TaskSetManager: Finished task 10.0 in stage 65.0 (TID 594) in 139 ms on 172.18.0.7 (executor 0) (7/50)
[2025-12-16T03:29:58.234+0000] {subprocess.py:106} INFO - 25/12/16 03:29:58 INFO TaskSetManager: Starting task 21.0 in stage 65.0 (TID 605) (172.18.0.7, executor 0, partition 21, PROCESS_LOCAL, 7356 bytes)
[2025-12-16T03:29:58.235+0000] {subprocess.py:106} INFO - 25/12/16 03:29:58 INFO TaskSetManager: Finished task 3.0 in stage 65.0 (TID 587) in 141 ms on 172.18.0.7 (executor 0) (8/50)
[2025-12-16T03:29:58.236+0000] {subprocess.py:106} INFO - 25/12/16 03:29:58 INFO TaskSetManager: Starting task 22.0 in stage 65.0 (TID 606) (172.18.0.7, executor 0, partition 22, PROCESS_LOCAL, 7356 bytes)
[2025-12-16T03:29:58.237+0000] {subprocess.py:106} INFO - 25/12/16 03:29:58 INFO TaskSetManager: Finished task 1.0 in stage 65.0 (TID 585) in 142 ms on 172.18.0.7 (executor 0) (9/50)
[2025-12-16T03:29:58.238+0000] {subprocess.py:106} INFO - 25/12/16 03:29:58 INFO TaskSetManager: Starting task 23.0 in stage 65.0 (TID 607) (172.18.0.7, executor 0, partition 23, PROCESS_LOCAL, 7356 bytes)
[2025-12-16T03:29:58.239+0000] {subprocess.py:106} INFO - 25/12/16 03:29:58 INFO TaskSetManager: Finished task 42.0 in stage 65.0 (TID 583) in 144 ms on 172.18.0.7 (executor 0) (10/50)
[2025-12-16T03:29:58.240+0000] {subprocess.py:106} INFO - 25/12/16 03:29:58 INFO TaskSetManager: Starting task 24.0 in stage 65.0 (TID 608) (172.18.0.7, executor 0, partition 24, PROCESS_LOCAL, 7356 bytes)
[2025-12-16T03:29:58.246+0000] {subprocess.py:106} INFO - 25/12/16 03:29:58 INFO TaskSetManager: Finished task 2.0 in stage 65.0 (TID 586) in 147 ms on 172.18.0.7 (executor 0) (11/50)
[2025-12-16T03:29:58.247+0000] {subprocess.py:106} INFO - 25/12/16 03:29:58 INFO TaskSetManager: Starting task 25.0 in stage 65.0 (TID 609) (172.18.0.7, executor 0, partition 25, PROCESS_LOCAL, 7356 bytes)
[2025-12-16T03:29:58.251+0000] {subprocess.py:106} INFO - 25/12/16 03:29:58 INFO TaskSetManager: Finished task 12.0 in stage 65.0 (TID 596) in 146 ms on 172.18.0.7 (executor 0) (12/50)
[2025-12-16T03:29:58.252+0000] {subprocess.py:106} INFO - 25/12/16 03:29:58 INFO TaskSetManager: Starting task 26.0 in stage 65.0 (TID 610) (172.18.0.7, executor 0, partition 26, PROCESS_LOCAL, 7356 bytes)
[2025-12-16T03:29:58.253+0000] {subprocess.py:106} INFO - 25/12/16 03:29:58 INFO TaskSetManager: Finished task 0.0 in stage 65.0 (TID 584) in 150 ms on 172.18.0.7 (executor 0) (13/50)
[2025-12-16T03:29:58.254+0000] {subprocess.py:106} INFO - 25/12/16 03:29:58 INFO TaskSetManager: Starting task 27.0 in stage 65.0 (TID 611) (172.18.0.7, executor 0, partition 27, PROCESS_LOCAL, 7356 bytes)
[2025-12-16T03:29:58.255+0000] {subprocess.py:106} INFO - 25/12/16 03:29:58 INFO TaskSetManager: Finished task 11.0 in stage 65.0 (TID 595) in 149 ms on 172.18.0.7 (executor 0) (14/50)
[2025-12-16T03:29:58.256+0000] {subprocess.py:106} INFO - 25/12/16 03:29:58 INFO TaskSetManager: Starting task 28.0 in stage 65.0 (TID 612) (172.18.0.7, executor 0, partition 28, PROCESS_LOCAL, 7356 bytes)
[2025-12-16T03:29:58.257+0000] {subprocess.py:106} INFO - 25/12/16 03:29:58 INFO TaskSetManager: Starting task 29.0 in stage 65.0 (TID 613) (172.18.0.7, executor 0, partition 29, PROCESS_LOCAL, 7356 bytes)
[2025-12-16T03:29:58.258+0000] {subprocess.py:106} INFO - 25/12/16 03:29:58 INFO TaskSetManager: Finished task 8.0 in stage 65.0 (TID 592) in 150 ms on 172.18.0.7 (executor 0) (15/50)
[2025-12-16T03:29:58.262+0000] {subprocess.py:106} INFO - 25/12/16 03:29:58 INFO TaskSetManager: Finished task 6.0 in stage 65.0 (TID 590) in 150 ms on 172.18.0.7 (executor 0) (16/50)
[2025-12-16T03:29:58.294+0000] {subprocess.py:106} INFO - 25/12/16 03:29:58 INFO BlockManagerInfo: Added rdd_201_14 in memory on 172.18.0.7:41729 (size: 46.0 B, free: 433.9 MiB)
[2025-12-16T03:29:58.303+0000] {subprocess.py:106} INFO - 25/12/16 03:29:58 INFO BlockManagerInfo: Added rdd_201_16 in memory on 172.18.0.7:41729 (size: 46.0 B, free: 433.9 MiB)
[2025-12-16T03:29:58.305+0000] {subprocess.py:106} INFO - 25/12/16 03:29:58 INFO BlockManagerInfo: Added rdd_201_15 in memory on 172.18.0.7:41729 (size: 46.0 B, free: 433.9 MiB)
[2025-12-16T03:29:58.306+0000] {subprocess.py:106} INFO - 25/12/16 03:29:58 INFO BlockManagerInfo: Added rdd_201_21 in memory on 172.18.0.7:41729 (size: 46.0 B, free: 433.9 MiB)
[2025-12-16T03:29:58.308+0000] {subprocess.py:106} INFO - 25/12/16 03:29:58 INFO BlockManagerInfo: Added rdd_201_23 in memory on 172.18.0.7:41729 (size: 46.0 B, free: 433.9 MiB)
[2025-12-16T03:29:58.309+0000] {subprocess.py:106} INFO - 25/12/16 03:29:58 INFO BlockManagerInfo: Added rdd_201_20 in memory on 172.18.0.7:41729 (size: 46.0 B, free: 433.9 MiB)
[2025-12-16T03:29:58.311+0000] {subprocess.py:106} INFO - 25/12/16 03:29:58 INFO BlockManagerInfo: Added rdd_201_24 in memory on 172.18.0.7:41729 (size: 46.0 B, free: 433.9 MiB)
[2025-12-16T03:29:58.312+0000] {subprocess.py:106} INFO - 25/12/16 03:29:58 INFO BlockManagerInfo: Added rdd_201_27 in memory on 172.18.0.7:41729 (size: 46.0 B, free: 433.9 MiB)
[2025-12-16T03:29:58.313+0000] {subprocess.py:106} INFO - 25/12/16 03:29:58 INFO BlockManagerInfo: Added rdd_201_19 in memory on 172.18.0.7:41729 (size: 46.0 B, free: 433.9 MiB)
[2025-12-16T03:29:58.318+0000] {subprocess.py:106} INFO - 25/12/16 03:29:58 INFO BlockManagerInfo: Added rdd_201_29 in memory on 172.18.0.7:41729 (size: 46.0 B, free: 433.9 MiB)
[2025-12-16T03:29:58.319+0000] {subprocess.py:106} INFO - 25/12/16 03:29:58 INFO BlockManagerInfo: Added rdd_201_28 in memory on 172.18.0.7:41729 (size: 46.0 B, free: 433.9 MiB)
[2025-12-16T03:29:58.320+0000] {subprocess.py:106} INFO - 25/12/16 03:29:58 INFO TaskSetManager: Starting task 31.0 in stage 65.0 (TID 614) (172.18.0.7, executor 0, partition 31, PROCESS_LOCAL, 7356 bytes)
[2025-12-16T03:29:58.321+0000] {subprocess.py:106} INFO - 25/12/16 03:29:58 INFO TaskSetManager: Finished task 16.0 in stage 65.0 (TID 600) in 99 ms on 172.18.0.7 (executor 0) (17/50)
[2025-12-16T03:29:58.323+0000] {subprocess.py:106} INFO - 25/12/16 03:29:58 INFO TaskSetManager: Starting task 32.0 in stage 65.0 (TID 615) (172.18.0.7, executor 0, partition 32, PROCESS_LOCAL, 7356 bytes)
[2025-12-16T03:29:58.324+0000] {subprocess.py:106} INFO - 25/12/16 03:29:58 INFO BlockManagerInfo: Added rdd_201_17 in memory on 172.18.0.7:41729 (size: 46.0 B, free: 433.9 MiB)
[2025-12-16T03:29:58.325+0000] {subprocess.py:106} INFO - 25/12/16 03:29:58 INFO TaskSetManager: Starting task 33.0 in stage 65.0 (TID 616) (172.18.0.7, executor 0, partition 33, PROCESS_LOCAL, 7356 bytes)
[2025-12-16T03:29:58.326+0000] {subprocess.py:106} INFO - 25/12/16 03:29:58 INFO TaskSetManager: Finished task 15.0 in stage 65.0 (TID 599) in 105 ms on 172.18.0.7 (executor 0) (18/50)
[2025-12-16T03:29:58.327+0000] {subprocess.py:106} INFO - 25/12/16 03:29:58 INFO TaskSetManager: Finished task 14.0 in stage 65.0 (TID 598) in 111 ms on 172.18.0.7 (executor 0) (19/50)
[2025-12-16T03:29:58.329+0000] {subprocess.py:106} INFO - 25/12/16 03:29:58 INFO TaskSetManager: Starting task 34.0 in stage 65.0 (TID 617) (172.18.0.7, executor 0, partition 34, PROCESS_LOCAL, 7356 bytes)
[2025-12-16T03:29:58.330+0000] {subprocess.py:106} INFO - 25/12/16 03:29:58 INFO TaskSetManager: Finished task 23.0 in stage 65.0 (TID 607) in 90 ms on 172.18.0.7 (executor 0) (20/50)
[2025-12-16T03:29:58.331+0000] {subprocess.py:106} INFO - 25/12/16 03:29:58 INFO TaskSetManager: Starting task 35.0 in stage 65.0 (TID 618) (172.18.0.7, executor 0, partition 35, PROCESS_LOCAL, 7356 bytes)
[2025-12-16T03:29:58.332+0000] {subprocess.py:106} INFO - 25/12/16 03:29:58 INFO TaskSetManager: Starting task 36.0 in stage 65.0 (TID 619) (172.18.0.7, executor 0, partition 36, PROCESS_LOCAL, 7356 bytes)
[2025-12-16T03:29:58.333+0000] {subprocess.py:106} INFO - 25/12/16 03:29:58 INFO TaskSetManager: Finished task 21.0 in stage 65.0 (TID 605) in 101 ms on 172.18.0.7 (executor 0) (21/50)
[2025-12-16T03:29:58.334+0000] {subprocess.py:106} INFO - 25/12/16 03:29:58 INFO TaskSetManager: Starting task 37.0 in stage 65.0 (TID 620) (172.18.0.7, executor 0, partition 37, PROCESS_LOCAL, 7356 bytes)
[2025-12-16T03:29:58.335+0000] {subprocess.py:106} INFO - 25/12/16 03:29:58 INFO TaskSetManager: Finished task 24.0 in stage 65.0 (TID 608) in 95 ms on 172.18.0.7 (executor 0) (22/50)
[2025-12-16T03:29:58.336+0000] {subprocess.py:106} INFO - 25/12/16 03:29:58 INFO TaskSetManager: Finished task 20.0 in stage 65.0 (TID 604) in 104 ms on 172.18.0.7 (executor 0) (23/50)
[2025-12-16T03:29:58.346+0000] {subprocess.py:106} INFO - 25/12/16 03:29:58 INFO BlockManagerInfo: Added rdd_201_18 in memory on 172.18.0.7:41729 (size: 46.0 B, free: 433.9 MiB)
[2025-12-16T03:29:58.347+0000] {subprocess.py:106} INFO - 25/12/16 03:29:58 INFO BlockManagerInfo: Added rdd_201_26 in memory on 172.18.0.7:41729 (size: 46.0 B, free: 433.9 MiB)
[2025-12-16T03:29:58.349+0000] {subprocess.py:106} INFO - 25/12/16 03:29:58 INFO BlockManagerInfo: Added rdd_201_22 in memory on 172.18.0.7:41729 (size: 46.0 B, free: 433.9 MiB)
[2025-12-16T03:29:58.350+0000] {subprocess.py:106} INFO - 25/12/16 03:29:58 INFO BlockManagerInfo: Added rdd_201_25 in memory on 172.18.0.7:41729 (size: 46.0 B, free: 433.9 MiB)
[2025-12-16T03:29:58.351+0000] {subprocess.py:106} INFO - 25/12/16 03:29:58 INFO TaskSetManager: Starting task 38.0 in stage 65.0 (TID 621) (172.18.0.7, executor 0, partition 38, PROCESS_LOCAL, 7356 bytes)
[2025-12-16T03:29:58.354+0000] {subprocess.py:106} INFO - 25/12/16 03:29:58 INFO TaskSetManager: Starting task 39.0 in stage 65.0 (TID 622) (172.18.0.7, executor 0, partition 39, PROCESS_LOCAL, 7356 bytes)
[2025-12-16T03:29:58.356+0000] {subprocess.py:106} INFO - 25/12/16 03:29:58 INFO TaskSetManager: Finished task 19.0 in stage 65.0 (TID 603) in 123 ms on 172.18.0.7 (executor 0) (24/50)
[2025-12-16T03:29:58.357+0000] {subprocess.py:106} INFO - 25/12/16 03:29:58 INFO TaskSetManager: Finished task 28.0 in stage 65.0 (TID 612) in 111 ms on 172.18.0.7 (executor 0) (25/50)
[2025-12-16T03:29:58.358+0000] {subprocess.py:106} INFO - 25/12/16 03:29:58 INFO TaskSetManager: Starting task 40.0 in stage 65.0 (TID 623) (172.18.0.7, executor 0, partition 40, PROCESS_LOCAL, 7356 bytes)
[2025-12-16T03:29:58.360+0000] {subprocess.py:106} INFO - 25/12/16 03:29:58 INFO TaskSetManager: Starting task 41.0 in stage 65.0 (TID 624) (172.18.0.7, executor 0, partition 41, PROCESS_LOCAL, 7356 bytes)
[2025-12-16T03:29:58.361+0000] {subprocess.py:106} INFO - 25/12/16 03:29:58 INFO TaskSetManager: Starting task 43.0 in stage 65.0 (TID 625) (172.18.0.7, executor 0, partition 43, PROCESS_LOCAL, 7356 bytes)
[2025-12-16T03:29:58.362+0000] {subprocess.py:106} INFO - 25/12/16 03:29:58 INFO TaskSetManager: Finished task 27.0 in stage 65.0 (TID 611) in 119 ms on 172.18.0.7 (executor 0) (26/50)
[2025-12-16T03:29:58.366+0000] {subprocess.py:106} INFO - 25/12/16 03:29:58 INFO TaskSetManager: Finished task 17.0 in stage 65.0 (TID 601) in 147 ms on 172.18.0.7 (executor 0) (27/50)
[2025-12-16T03:29:58.372+0000] {subprocess.py:106} INFO - 25/12/16 03:29:58 INFO TaskSetManager: Finished task 29.0 in stage 65.0 (TID 613) in 122 ms on 172.18.0.7 (executor 0) (28/50)
[2025-12-16T03:29:58.383+0000] {subprocess.py:106} INFO - 25/12/16 03:29:58 INFO TaskSetManager: Starting task 44.0 in stage 65.0 (TID 626) (172.18.0.7, executor 0, partition 44, PROCESS_LOCAL, 7356 bytes)
[2025-12-16T03:29:58.385+0000] {subprocess.py:106} INFO - 25/12/16 03:29:58 INFO TaskSetManager: Finished task 22.0 in stage 65.0 (TID 606) in 154 ms on 172.18.0.7 (executor 0) (29/50)
[2025-12-16T03:29:58.400+0000] {subprocess.py:106} INFO - 25/12/16 03:29:58 INFO BlockManagerInfo: Added rdd_201_32 in memory on 172.18.0.7:41729 (size: 46.0 B, free: 433.9 MiB)
[2025-12-16T03:29:58.401+0000] {subprocess.py:106} INFO - 25/12/16 03:29:58 INFO TaskSetManager: Finished task 25.0 in stage 65.0 (TID 609) in 158 ms on 172.18.0.7 (executor 0) (30/50)
[2025-12-16T03:29:58.402+0000] {subprocess.py:106} INFO - 25/12/16 03:29:58 INFO TaskSetManager: Starting task 45.0 in stage 65.0 (TID 627) (172.18.0.7, executor 0, partition 45, PROCESS_LOCAL, 7356 bytes)
[2025-12-16T03:29:58.404+0000] {subprocess.py:106} INFO - 25/12/16 03:29:58 INFO BlockManagerInfo: Added rdd_201_31 in memory on 172.18.0.7:41729 (size: 46.0 B, free: 433.9 MiB)
[2025-12-16T03:29:58.405+0000] {subprocess.py:106} INFO - 25/12/16 03:29:58 INFO BlockManagerInfo: Added rdd_201_34 in memory on 172.18.0.7:41729 (size: 46.0 B, free: 433.9 MiB)
[2025-12-16T03:29:58.406+0000] {subprocess.py:106} INFO - 25/12/16 03:29:58 INFO BlockManagerInfo: Added rdd_201_35 in memory on 172.18.0.7:41729 (size: 46.0 B, free: 433.9 MiB)
[2025-12-16T03:29:58.407+0000] {subprocess.py:106} INFO - 25/12/16 03:29:58 INFO TaskSetManager: Starting task 46.0 in stage 65.0 (TID 628) (172.18.0.7, executor 0, partition 46, PROCESS_LOCAL, 7356 bytes)
[2025-12-16T03:29:58.412+0000] {subprocess.py:106} INFO - 25/12/16 03:29:58 INFO TaskSetManager: Finished task 18.0 in stage 65.0 (TID 602) in 172 ms on 172.18.0.7 (executor 0) (31/50)
[2025-12-16T03:29:58.414+0000] {subprocess.py:106} INFO - 25/12/16 03:29:58 INFO TaskSetManager: Starting task 47.0 in stage 65.0 (TID 629) (172.18.0.7, executor 0, partition 47, PROCESS_LOCAL, 7356 bytes)
[2025-12-16T03:29:58.416+0000] {subprocess.py:106} INFO - 25/12/16 03:29:58 INFO TaskSetManager: Finished task 26.0 in stage 65.0 (TID 610) in 165 ms on 172.18.0.7 (executor 0) (32/50)
[2025-12-16T03:29:58.417+0000] {subprocess.py:106} INFO - 25/12/16 03:29:58 INFO BlockManagerInfo: Added rdd_201_37 in memory on 172.18.0.7:41729 (size: 46.0 B, free: 433.9 MiB)
[2025-12-16T03:29:58.419+0000] {subprocess.py:106} INFO - 25/12/16 03:29:58 INFO BlockManagerInfo: Added rdd_201_43 in memory on 172.18.0.7:41729 (size: 46.0 B, free: 433.9 MiB)
[2025-12-16T03:29:58.420+0000] {subprocess.py:106} INFO - 25/12/16 03:29:58 INFO TaskSetManager: Starting task 48.0 in stage 65.0 (TID 630) (172.18.0.7, executor 0, partition 48, PROCESS_LOCAL, 7356 bytes)
[2025-12-16T03:29:58.421+0000] {subprocess.py:106} INFO - 25/12/16 03:29:58 INFO TaskSetManager: Finished task 32.0 in stage 65.0 (TID 615) in 109 ms on 172.18.0.7 (executor 0) (33/50)
[2025-12-16T03:29:58.437+0000] {subprocess.py:106} INFO - 25/12/16 03:29:58 INFO BlockManagerInfo: Added rdd_201_36 in memory on 172.18.0.7:41729 (size: 46.0 B, free: 433.9 MiB)
[2025-12-16T03:29:58.443+0000] {subprocess.py:106} INFO - 25/12/16 03:29:58 INFO BlockManagerInfo: Added rdd_201_33 in memory on 172.18.0.7:41729 (size: 46.0 B, free: 433.9 MiB)
[2025-12-16T03:29:58.446+0000] {subprocess.py:106} INFO - 25/12/16 03:29:58 INFO BlockManagerInfo: Added rdd_201_38 in memory on 172.18.0.7:41729 (size: 46.0 B, free: 433.9 MiB)
[2025-12-16T03:29:58.447+0000] {subprocess.py:106} INFO - 25/12/16 03:29:58 INFO BlockManagerInfo: Added rdd_201_40 in memory on 172.18.0.7:41729 (size: 46.0 B, free: 433.9 MiB)
[2025-12-16T03:29:58.463+0000] {subprocess.py:106} INFO - 25/12/16 03:29:58 INFO BlockManagerInfo: Added rdd_201_39 in memory on 172.18.0.7:41729 (size: 46.0 B, free: 433.9 MiB)
[2025-12-16T03:29:58.464+0000] {subprocess.py:106} INFO - 25/12/16 03:29:58 INFO TaskSetManager: Starting task 49.0 in stage 65.0 (TID 631) (172.18.0.7, executor 0, partition 49, PROCESS_LOCAL, 7356 bytes)
[2025-12-16T03:29:58.465+0000] {subprocess.py:106} INFO - 25/12/16 03:29:58 INFO TaskSetManager: Finished task 31.0 in stage 65.0 (TID 614) in 153 ms on 172.18.0.7 (executor 0) (34/50)
[2025-12-16T03:29:58.467+0000] {subprocess.py:106} INFO - 25/12/16 03:29:58 INFO TaskSetManager: Finished task 37.0 in stage 65.0 (TID 620) in 133 ms on 172.18.0.7 (executor 0) (35/50)
[2025-12-16T03:29:58.467+0000] {subprocess.py:106} INFO - 25/12/16 03:29:58 INFO TaskSetManager: Finished task 43.0 in stage 65.0 (TID 625) in 109 ms on 172.18.0.7 (executor 0) (36/50)
[2025-12-16T03:29:58.469+0000] {subprocess.py:106} INFO - 25/12/16 03:29:58 INFO BlockManagerInfo: Added rdd_201_41 in memory on 172.18.0.7:41729 (size: 46.0 B, free: 433.9 MiB)
[2025-12-16T03:29:58.470+0000] {subprocess.py:106} INFO - 25/12/16 03:29:58 INFO BlockManagerInfo: Added rdd_201_44 in memory on 172.18.0.7:41729 (size: 46.0 B, free: 433.9 MiB)
[2025-12-16T03:29:58.471+0000] {subprocess.py:106} INFO - 25/12/16 03:29:58 INFO TaskSetManager: Finished task 34.0 in stage 65.0 (TID 617) in 151 ms on 172.18.0.7 (executor 0) (37/50)
[2025-12-16T03:29:58.482+0000] {subprocess.py:106} INFO - 25/12/16 03:29:58 INFO TaskSetManager: Finished task 35.0 in stage 65.0 (TID 618) in 151 ms on 172.18.0.7 (executor 0) (38/50)
[2025-12-16T03:29:58.486+0000] {subprocess.py:106} INFO - 25/12/16 03:29:58 INFO TaskSetManager: Finished task 33.0 in stage 65.0 (TID 616) in 168 ms on 172.18.0.7 (executor 0) (39/50)
[2025-12-16T03:29:58.492+0000] {subprocess.py:106} INFO - 25/12/16 03:29:58 INFO TaskSetManager: Finished task 38.0 in stage 65.0 (TID 621) in 142 ms on 172.18.0.7 (executor 0) (40/50)
[2025-12-16T03:29:58.493+0000] {subprocess.py:106} INFO - 25/12/16 03:29:58 INFO BlockManagerInfo: Added rdd_201_45 in memory on 172.18.0.7:41729 (size: 46.0 B, free: 433.9 MiB)
[2025-12-16T03:29:58.494+0000] {subprocess.py:106} INFO - 25/12/16 03:29:58 INFO TaskSetManager: Finished task 40.0 in stage 65.0 (TID 623) in 137 ms on 172.18.0.7 (executor 0) (41/50)
[2025-12-16T03:29:58.495+0000] {subprocess.py:106} INFO - 25/12/16 03:29:58 INFO BlockManagerInfo: Added rdd_201_47 in memory on 172.18.0.7:41729 (size: 46.0 B, free: 433.9 MiB)
[2025-12-16T03:29:58.496+0000] {subprocess.py:106} INFO - 25/12/16 03:29:58 INFO TaskSetManager: Finished task 36.0 in stage 65.0 (TID 619) in 161 ms on 172.18.0.7 (executor 0) (42/50)
[2025-12-16T03:29:58.497+0000] {subprocess.py:106} INFO - 25/12/16 03:29:58 INFO TaskSetManager: Finished task 39.0 in stage 65.0 (TID 622) in 144 ms on 172.18.0.7 (executor 0) (43/50)
[2025-12-16T03:29:58.497+0000] {subprocess.py:106} INFO - 25/12/16 03:29:58 INFO TaskSetManager: Finished task 44.0 in stage 65.0 (TID 626) in 114 ms on 172.18.0.7 (executor 0) (44/50)
[2025-12-16T03:29:58.498+0000] {subprocess.py:106} INFO - 25/12/16 03:29:58 INFO TaskSetManager: Finished task 41.0 in stage 65.0 (TID 624) in 142 ms on 172.18.0.7 (executor 0) (45/50)
[2025-12-16T03:29:58.512+0000] {subprocess.py:106} INFO - 25/12/16 03:29:58 INFO BlockManagerInfo: Added rdd_201_46 in memory on 172.18.0.7:41729 (size: 46.0 B, free: 433.9 MiB)
[2025-12-16T03:29:58.514+0000] {subprocess.py:106} INFO - 25/12/16 03:29:58 INFO BlockManagerInfo: Added rdd_201_48 in memory on 172.18.0.7:41729 (size: 46.0 B, free: 433.9 MiB)
[2025-12-16T03:29:58.522+0000] {subprocess.py:106} INFO - 25/12/16 03:29:58 INFO TaskSetManager: Finished task 45.0 in stage 65.0 (TID 627) in 128 ms on 172.18.0.7 (executor 0) (46/50)
[2025-12-16T03:29:58.523+0000] {subprocess.py:106} INFO - 25/12/16 03:29:58 INFO TaskSetManager: Finished task 47.0 in stage 65.0 (TID 629) in 121 ms on 172.18.0.7 (executor 0) (47/50)
[2025-12-16T03:29:58.532+0000] {subprocess.py:106} INFO - 25/12/16 03:29:58 INFO BlockManagerInfo: Added rdd_201_49 in memory on 172.18.0.7:41729 (size: 46.0 B, free: 433.9 MiB)
[2025-12-16T03:29:58.533+0000] {subprocess.py:106} INFO - 25/12/16 03:29:58 INFO TaskSetManager: Finished task 46.0 in stage 65.0 (TID 628) in 135 ms on 172.18.0.7 (executor 0) (48/50)
[2025-12-16T03:29:58.534+0000] {subprocess.py:106} INFO - 25/12/16 03:29:58 INFO TaskSetManager: Finished task 48.0 in stage 65.0 (TID 630) in 115 ms on 172.18.0.7 (executor 0) (49/50)
[2025-12-16T03:29:58.548+0000] {subprocess.py:106} INFO - 25/12/16 03:29:58 INFO TaskSetManager: Finished task 49.0 in stage 65.0 (TID 631) in 86 ms on 172.18.0.7 (executor 0) (50/50)
[2025-12-16T03:29:58.549+0000] {subprocess.py:106} INFO - 25/12/16 03:29:58 INFO TaskSchedulerImpl: Removed TaskSet 65.0, whose tasks have all completed, from pool
[2025-12-16T03:29:58.550+0000] {subprocess.py:106} INFO - 25/12/16 03:29:58 INFO DAGScheduler: ShuffleMapStage 65 ($anonfun$recordDeltaOperationInternal$1 at DatabricksLogging.scala:128) finished in 0.487 s
[2025-12-16T03:29:58.550+0000] {subprocess.py:106} INFO - 25/12/16 03:29:58 INFO DAGScheduler: looking for newly runnable stages
[2025-12-16T03:29:58.551+0000] {subprocess.py:106} INFO - 25/12/16 03:29:58 INFO DAGScheduler: running: Set()
[2025-12-16T03:29:58.551+0000] {subprocess.py:106} INFO - 25/12/16 03:29:58 INFO DAGScheduler: waiting: Set()
[2025-12-16T03:29:58.552+0000] {subprocess.py:106} INFO - 25/12/16 03:29:58 INFO DAGScheduler: failed: Set()
[2025-12-16T03:29:58.568+0000] {subprocess.py:106} INFO - 25/12/16 03:29:58 INFO SparkContext: Starting job: $anonfun$recordDeltaOperationInternal$1 at DatabricksLogging.scala:128
[2025-12-16T03:29:58.570+0000] {subprocess.py:106} INFO - 25/12/16 03:29:58 INFO DAGScheduler: Got job 44 ($anonfun$recordDeltaOperationInternal$1 at DatabricksLogging.scala:128) with 1 output partitions
[2025-12-16T03:29:58.570+0000] {subprocess.py:106} INFO - 25/12/16 03:29:58 INFO DAGScheduler: Final stage: ResultStage 68 ($anonfun$recordDeltaOperationInternal$1 at DatabricksLogging.scala:128)
[2025-12-16T03:29:58.571+0000] {subprocess.py:106} INFO - 25/12/16 03:29:58 INFO DAGScheduler: Parents of final stage: List(ShuffleMapStage 67)
[2025-12-16T03:29:58.571+0000] {subprocess.py:106} INFO - 25/12/16 03:29:58 INFO DAGScheduler: Missing parents: List()
[2025-12-16T03:29:58.571+0000] {subprocess.py:106} INFO - 25/12/16 03:29:58 INFO DAGScheduler: Submitting ResultStage 68 (MapPartitionsRDD[207] at $anonfun$recordDeltaOperationInternal$1 at DatabricksLogging.scala:128), which has no missing parents
[2025-12-16T03:29:58.575+0000] {subprocess.py:106} INFO - 25/12/16 03:29:58 INFO MemoryStore: Block broadcast_69 stored as values in memory (estimated size 452.4 KiB, free 429.2 MiB)
[2025-12-16T03:29:58.576+0000] {subprocess.py:106} INFO - 25/12/16 03:29:58 INFO MemoryStore: Block broadcast_69_piece0 stored as bytes in memory (estimated size 108.0 KiB, free 429.1 MiB)
[2025-12-16T03:29:58.577+0000] {subprocess.py:106} INFO - 25/12/16 03:29:58 INFO BlockManagerInfo: Added broadcast_69_piece0 in memory on 3ad9a82189be:37965 (size: 108.0 KiB, free: 433.6 MiB)
[2025-12-16T03:29:58.578+0000] {subprocess.py:106} INFO - 25/12/16 03:29:58 INFO SparkContext: Created broadcast 69 from broadcast at DAGScheduler.scala:1535
[2025-12-16T03:29:58.578+0000] {subprocess.py:106} INFO - 25/12/16 03:29:58 INFO DAGScheduler: Submitting 1 missing tasks from ResultStage 68 (MapPartitionsRDD[207] at $anonfun$recordDeltaOperationInternal$1 at DatabricksLogging.scala:128) (first 15 tasks are for partitions Vector(0))
[2025-12-16T03:29:58.579+0000] {subprocess.py:106} INFO - 25/12/16 03:29:58 INFO TaskSchedulerImpl: Adding task set 68.0 with 1 tasks resource profile 0
[2025-12-16T03:29:58.579+0000] {subprocess.py:106} INFO - 25/12/16 03:29:58 INFO TaskSetManager: Starting task 0.0 in stage 68.0 (TID 632) (172.18.0.7, executor 0, partition 0, NODE_LOCAL, 7367 bytes)
[2025-12-16T03:29:58.587+0000] {subprocess.py:106} INFO - 25/12/16 03:29:58 INFO BlockManagerInfo: Added broadcast_69_piece0 in memory on 172.18.0.7:41729 (size: 108.0 KiB, free: 433.8 MiB)
[2025-12-16T03:29:58.596+0000] {subprocess.py:106} INFO - 25/12/16 03:29:58 INFO MapOutputTrackerMasterEndpoint: Asked to send map output locations for shuffle 15 to 172.18.0.7:60316
[2025-12-16T03:29:58.620+0000] {subprocess.py:106} INFO - 25/12/16 03:29:58 INFO TaskSetManager: Finished task 0.0 in stage 68.0 (TID 632) in 39 ms on 172.18.0.7 (executor 0) (1/1)
[2025-12-16T03:29:58.621+0000] {subprocess.py:106} INFO - 25/12/16 03:29:58 INFO TaskSchedulerImpl: Removed TaskSet 68.0, whose tasks have all completed, from pool
[2025-12-16T03:29:58.621+0000] {subprocess.py:106} INFO - 25/12/16 03:29:58 INFO DAGScheduler: ResultStage 68 ($anonfun$recordDeltaOperationInternal$1 at DatabricksLogging.scala:128) finished in 0.049 s
[2025-12-16T03:29:58.622+0000] {subprocess.py:106} INFO - 25/12/16 03:29:58 INFO DAGScheduler: Job 44 is finished. Cancelling potential speculative or zombie tasks for this job
[2025-12-16T03:29:58.623+0000] {subprocess.py:106} INFO - 25/12/16 03:29:58 INFO TaskSchedulerImpl: Killing all running tasks in stage 68: Stage finished
[2025-12-16T03:29:58.623+0000] {subprocess.py:106} INFO - 25/12/16 03:29:58 INFO DAGScheduler: Job 44 finished: $anonfun$recordDeltaOperationInternal$1 at DatabricksLogging.scala:128, took 0.052391 s
[2025-12-16T03:29:58.629+0000] {subprocess.py:106} INFO - 25/12/16 03:29:58 INFO Snapshot: [tableId=7b18240a-4a69-4c7f-a2e4-5d317e81ff36] DELTA: Done
[2025-12-16T03:29:58.630+0000] {subprocess.py:106} INFO - 25/12/16 03:29:58 INFO OptimisticTransaction: [tableId=104c7026,txnId=b02dec58] Committed delta #0 to s3a://gold/dim_suppliers/_delta_log
[2025-12-16T03:29:58.631+0000] {subprocess.py:106} INFO - --> [SUCCESS] Written dim_suppliers to s3a://gold/dim_suppliers
[2025-12-16T03:29:58.632+0000] {subprocess.py:106} INFO - 25/12/16 03:29:58 INFO SparkContext: SparkContext is stopping with exitCode 0.
[2025-12-16T03:29:58.686+0000] {subprocess.py:106} INFO - 25/12/16 03:29:58 INFO SparkUI: Stopped Spark web UI at http://3ad9a82189be:4040
[2025-12-16T03:29:58.692+0000] {subprocess.py:106} INFO - 25/12/16 03:29:58 INFO StandaloneSchedulerBackend: Shutting down all executors
[2025-12-16T03:29:58.693+0000] {subprocess.py:106} INFO - 25/12/16 03:29:58 INFO StandaloneSchedulerBackend$StandaloneDriverEndpoint: Asking each executor to shut down
[2025-12-16T03:29:58.722+0000] {subprocess.py:106} INFO - 25/12/16 03:29:58 INFO MapOutputTrackerMasterEndpoint: MapOutputTrackerMasterEndpoint stopped!
[2025-12-16T03:29:58.754+0000] {subprocess.py:106} INFO - 25/12/16 03:29:58 INFO MemoryStore: MemoryStore cleared
[2025-12-16T03:29:58.755+0000] {subprocess.py:106} INFO - 25/12/16 03:29:58 INFO BlockManager: BlockManager stopped
[2025-12-16T03:29:58.767+0000] {subprocess.py:106} INFO - 25/12/16 03:29:58 INFO BlockManagerMaster: BlockManagerMaster stopped
[2025-12-16T03:29:58.786+0000] {subprocess.py:106} INFO - 25/12/16 03:29:58 INFO OutputCommitCoordinator$OutputCommitCoordinatorEndpoint: OutputCommitCoordinator stopped!
[2025-12-16T03:29:58.860+0000] {subprocess.py:106} INFO - 25/12/16 03:29:58 INFO SparkContext: Successfully stopped SparkContext
[2025-12-16T03:29:59.169+0000] {subprocess.py:106} INFO - 25/12/16 03:29:59 INFO ShutdownHookManager: Shutdown hook called
[2025-12-16T03:29:59.170+0000] {subprocess.py:106} INFO - 25/12/16 03:29:59 INFO ShutdownHookManager: Deleting directory /tmp/spark-ca3e2514-a71e-48c8-bae5-399f3d4c0e09
[2025-12-16T03:29:59.175+0000] {subprocess.py:106} INFO - 25/12/16 03:29:59 INFO ShutdownHookManager: Deleting directory /tmp/spark-8c31e578-c2e1-4605-a7ad-3ebda6cbc4b0/pyspark-0343f484-c2a7-44a4-996d-b29c971d3627
[2025-12-16T03:29:59.182+0000] {subprocess.py:106} INFO - 25/12/16 03:29:59 INFO ShutdownHookManager: Deleting directory /tmp/spark-8c31e578-c2e1-4605-a7ad-3ebda6cbc4b0
[2025-12-16T03:29:59.202+0000] {subprocess.py:106} INFO - 25/12/16 03:29:59 INFO MetricsSystemImpl: Stopping s3a-file-system metrics system...
[2025-12-16T03:29:59.203+0000] {subprocess.py:106} INFO - 25/12/16 03:29:59 INFO MetricsSystemImpl: s3a-file-system metrics system stopped.
[2025-12-16T03:29:59.204+0000] {subprocess.py:106} INFO - 25/12/16 03:29:59 INFO MetricsSystemImpl: s3a-file-system metrics system shutdown complete.
[2025-12-16T03:29:59.396+0000] {subprocess.py:110} INFO - Command exited with return code 0
[2025-12-16T03:29:59.438+0000] {taskinstance.py:349} INFO - ::group::Post task execution logs
[2025-12-16T03:29:59.439+0000] {taskinstance.py:361} INFO - Marking task as SUCCESS. dag_id=ETL_process, task_id=Silver_to_Gold_Dimensions, run_id=manual__2025-12-08T15:21:50.375058+00:00, execution_date=20251208T152150, start_date=20251216T031634, end_date=20251216T032959
[2025-12-16T03:29:59.518+0000] {local_task_job_runner.py:266} INFO - Task exited with return code 0
[2025-12-16T03:29:59.550+0000] {taskinstance.py:3924} INFO - 1 downstream tasks scheduled from follow-on schedule check
[2025-12-16T03:29:59.553+0000] {local_task_job_runner.py:245} INFO - ::endgroup::
