[2025-12-07T20:04:07.485+0000] {local_task_job_runner.py:123} INFO - ::group::Pre task execution logs
[2025-12-07T20:04:07.516+0000] {taskinstance.py:2631} INFO - Dependencies all met for dep_context=non-requeueable deps ti=<TaskInstance: ETL_process.Silver_to_Gold_Facts manual__2025-12-07T19:53:04.128635+00:00 [queued]>
[2025-12-07T20:04:07.526+0000] {taskinstance.py:2631} INFO - Dependencies all met for dep_context=requeueable deps ti=<TaskInstance: ETL_process.Silver_to_Gold_Facts manual__2025-12-07T19:53:04.128635+00:00 [queued]>
[2025-12-07T20:04:07.527+0000] {taskinstance.py:2884} INFO - Starting attempt 1 of 3
[2025-12-07T20:04:07.539+0000] {taskinstance.py:2907} INFO - Executing <Task(BashOperator): Silver_to_Gold_Facts> on 2025-12-07 19:53:04.128635+00:00
[2025-12-07T20:04:07.550+0000] {logging_mixin.py:190} WARNING - /home/airflow/.local/lib/python3.12/site-packages/airflow/task/task_runner/standard_task_runner.py:70 DeprecationWarning: This process (pid=2435) is multi-threaded, use of fork() may lead to deadlocks in the child.
[2025-12-07T20:04:07.551+0000] {standard_task_runner.py:72} INFO - Started process 2436 to run task
[2025-12-07T20:04:07.550+0000] {standard_task_runner.py:104} INFO - Running: ['airflow', 'tasks', 'run', 'ETL_process', 'Silver_to_Gold_Facts', 'manual__2025-12-07T19:53:04.128635+00:00', '--job-id', '43', '--raw', '--subdir', 'DAGS_FOLDER/ETL.py', '--cfg-path', '/tmp/tmpgt4sf3zn']
[2025-12-07T20:04:07.552+0000] {standard_task_runner.py:105} INFO - Job 43: Subtask Silver_to_Gold_Facts
[2025-12-07T20:04:07.618+0000] {task_command.py:467} INFO - Running <TaskInstance: ETL_process.Silver_to_Gold_Facts manual__2025-12-07T19:53:04.128635+00:00 [running]> on host 8736f8ce0a1c
[2025-12-07T20:04:07.701+0000] {taskinstance.py:3157} INFO - Exporting env vars: AIRFLOW_CTX_DAG_OWNER='airflow' AIRFLOW_CTX_DAG_ID='ETL_process' AIRFLOW_CTX_TASK_ID='Silver_to_Gold_Facts' AIRFLOW_CTX_EXECUTION_DATE='2025-12-07T19:53:04.128635+00:00' AIRFLOW_CTX_TRY_NUMBER='1' AIRFLOW_CTX_DAG_RUN_ID='manual__2025-12-07T19:53:04.128635+00:00'
[2025-12-07T20:04:07.705+0000] {taskinstance.py:740} INFO - ::endgroup::
[2025-12-07T20:04:07.718+0000] {subprocess.py:78} INFO - Tmp dir root location: /tmp
[2025-12-07T20:04:07.720+0000] {subprocess.py:88} INFO - Running command: ['/usr/bin/bash', '-c', 'docker exec spark-master bash -c \'\n            export PYTHONPATH=/opt/spark/work-dir/batch-etl && \n            /opt/spark/bin/spark-submit                 --master spark://spark-master:7077                 --packages io.delta:delta-core_2.12:2.4.0,org.apache.hadoop:hadoop-aws:3.3.4                 --conf "spark.sql.extensions=io.delta.sql.DeltaSparkSessionExtension"                 --conf "spark.sql.catalog.spark_catalog=org.apache.spark.sql.delta.catalog.DeltaCatalog"                 /opt/spark/work-dir/batch-etl/silver_to_gold/etl_facts.py\n            \'\n        ']
[2025-12-07T20:04:07.737+0000] {subprocess.py:99} INFO - Output:
[2025-12-07T20:04:09.755+0000] {subprocess.py:106} INFO - :: loading settings :: url = jar:file:/opt/spark/jars/ivy-2.5.1.jar!/org/apache/ivy/core/settings/ivysettings.xml
[2025-12-07T20:04:09.887+0000] {subprocess.py:106} INFO - Ivy Default Cache set to: /root/.ivy2/cache
[2025-12-07T20:04:09.887+0000] {subprocess.py:106} INFO - The jars for the packages stored in: /root/.ivy2/jars
[2025-12-07T20:04:09.892+0000] {subprocess.py:106} INFO - io.delta#delta-core_2.12 added as a dependency
[2025-12-07T20:04:09.893+0000] {subprocess.py:106} INFO - org.apache.hadoop#hadoop-aws added as a dependency
[2025-12-07T20:04:09.893+0000] {subprocess.py:106} INFO - :: resolving dependencies :: org.apache.spark#spark-submit-parent-878ab7d8-ec13-48ef-a448-57dbb0162a28;1.0
[2025-12-07T20:04:09.894+0000] {subprocess.py:106} INFO - 	confs: [default]
[2025-12-07T20:04:09.992+0000] {subprocess.py:106} INFO - 	found io.delta#delta-core_2.12;2.4.0 in central
[2025-12-07T20:04:10.021+0000] {subprocess.py:106} INFO - 	found io.delta#delta-storage;2.4.0 in central
[2025-12-07T20:04:10.043+0000] {subprocess.py:106} INFO - 	found org.antlr#antlr4-runtime;4.9.3 in central
[2025-12-07T20:04:10.096+0000] {subprocess.py:106} INFO - 	found org.apache.hadoop#hadoop-aws;3.3.4 in central
[2025-12-07T20:04:10.119+0000] {subprocess.py:106} INFO - 	found com.amazonaws#aws-java-sdk-bundle;1.12.262 in central
[2025-12-07T20:04:10.141+0000] {subprocess.py:106} INFO - 	found org.wildfly.openssl#wildfly-openssl;1.0.7.Final in central
[2025-12-07T20:04:10.163+0000] {subprocess.py:106} INFO - :: resolution report :: resolve 260ms :: artifacts dl 10ms
[2025-12-07T20:04:10.164+0000] {subprocess.py:106} INFO - 	:: modules in use:
[2025-12-07T20:04:10.165+0000] {subprocess.py:106} INFO - 	com.amazonaws#aws-java-sdk-bundle;1.12.262 from central in [default]
[2025-12-07T20:04:10.166+0000] {subprocess.py:106} INFO - 	io.delta#delta-core_2.12;2.4.0 from central in [default]
[2025-12-07T20:04:10.167+0000] {subprocess.py:106} INFO - 	io.delta#delta-storage;2.4.0 from central in [default]
[2025-12-07T20:04:10.167+0000] {subprocess.py:106} INFO - 	org.antlr#antlr4-runtime;4.9.3 from central in [default]
[2025-12-07T20:04:10.168+0000] {subprocess.py:106} INFO - 	org.apache.hadoop#hadoop-aws;3.3.4 from central in [default]
[2025-12-07T20:04:10.168+0000] {subprocess.py:106} INFO - 	org.wildfly.openssl#wildfly-openssl;1.0.7.Final from central in [default]
[2025-12-07T20:04:10.169+0000] {subprocess.py:106} INFO - 	---------------------------------------------------------------------
[2025-12-07T20:04:10.170+0000] {subprocess.py:106} INFO - 	|                  |            modules            ||   artifacts   |
[2025-12-07T20:04:10.170+0000] {subprocess.py:106} INFO - 	|       conf       | number| search|dwnlded|evicted|| number|dwnlded|
[2025-12-07T20:04:10.171+0000] {subprocess.py:106} INFO - 	---------------------------------------------------------------------
[2025-12-07T20:04:10.171+0000] {subprocess.py:106} INFO - 	|      default     |   6   |   0   |   0   |   0   ||   6   |   0   |
[2025-12-07T20:04:10.172+0000] {subprocess.py:106} INFO - 	---------------------------------------------------------------------
[2025-12-07T20:04:10.172+0000] {subprocess.py:106} INFO - :: retrieving :: org.apache.spark#spark-submit-parent-878ab7d8-ec13-48ef-a448-57dbb0162a28
[2025-12-07T20:04:10.173+0000] {subprocess.py:106} INFO - 	confs: [default]
[2025-12-07T20:04:10.181+0000] {subprocess.py:106} INFO - 	0 artifacts copied, 6 already retrieved (0kB/9ms)
[2025-12-07T20:04:10.378+0000] {subprocess.py:106} INFO - 25/12/07 20:04:10 WARN NativeCodeLoader: Unable to load native-hadoop library for your platform... using builtin-java classes where applicable
[2025-12-07T20:04:11.211+0000] {subprocess.py:106} INFO - 25/12/07 20:04:11 INFO SparkContext: Running Spark version 3.4.0
[2025-12-07T20:04:11.236+0000] {subprocess.py:106} INFO - 25/12/07 20:04:11 INFO ResourceUtils: ==============================================================
[2025-12-07T20:04:11.237+0000] {subprocess.py:106} INFO - 25/12/07 20:04:11 INFO ResourceUtils: No custom resources configured for spark.driver.
[2025-12-07T20:04:11.237+0000] {subprocess.py:106} INFO - 25/12/07 20:04:11 INFO ResourceUtils: ==============================================================
[2025-12-07T20:04:11.238+0000] {subprocess.py:106} INFO - 25/12/07 20:04:11 INFO SparkContext: Submitted application: Gold_Facts_ETL
[2025-12-07T20:04:11.266+0000] {subprocess.py:106} INFO - 25/12/07 20:04:11 INFO ResourceProfile: Default ResourceProfile created, executor resources: Map(memory -> name: memory, amount: 1024, script: , vendor: , offHeap -> name: offHeap, amount: 0, script: , vendor: ), task resources: Map(cpus -> name: cpus, amount: 1.0)
[2025-12-07T20:04:11.282+0000] {subprocess.py:106} INFO - 25/12/07 20:04:11 INFO ResourceProfile: Limiting resource is cpu
[2025-12-07T20:04:11.283+0000] {subprocess.py:106} INFO - 25/12/07 20:04:11 INFO ResourceProfileManager: Added ResourceProfile id: 0
[2025-12-07T20:04:11.357+0000] {subprocess.py:106} INFO - 25/12/07 20:04:11 INFO SecurityManager: Changing view acls to: root
[2025-12-07T20:04:11.358+0000] {subprocess.py:106} INFO - 25/12/07 20:04:11 INFO SecurityManager: Changing modify acls to: root
[2025-12-07T20:04:11.359+0000] {subprocess.py:106} INFO - 25/12/07 20:04:11 INFO SecurityManager: Changing view acls groups to:
[2025-12-07T20:04:11.360+0000] {subprocess.py:106} INFO - 25/12/07 20:04:11 INFO SecurityManager: Changing modify acls groups to:
[2025-12-07T20:04:11.360+0000] {subprocess.py:106} INFO - 25/12/07 20:04:11 INFO SecurityManager: SecurityManager: authentication disabled; ui acls disabled; users with view permissions: root; groups with view permissions: EMPTY; users with modify permissions: root; groups with modify permissions: EMPTY
[2025-12-07T20:04:11.632+0000] {subprocess.py:106} INFO - 25/12/07 20:04:11 INFO Utils: Successfully started service 'sparkDriver' on port 43487.
[2025-12-07T20:04:11.661+0000] {subprocess.py:106} INFO - 25/12/07 20:04:11 INFO SparkEnv: Registering MapOutputTracker
[2025-12-07T20:04:11.701+0000] {subprocess.py:106} INFO - 25/12/07 20:04:11 INFO SparkEnv: Registering BlockManagerMaster
[2025-12-07T20:04:11.717+0000] {subprocess.py:106} INFO - 25/12/07 20:04:11 INFO BlockManagerMasterEndpoint: Using org.apache.spark.storage.DefaultTopologyMapper for getting topology information
[2025-12-07T20:04:11.718+0000] {subprocess.py:106} INFO - 25/12/07 20:04:11 INFO BlockManagerMasterEndpoint: BlockManagerMasterEndpoint up
[2025-12-07T20:04:11.722+0000] {subprocess.py:106} INFO - 25/12/07 20:04:11 INFO SparkEnv: Registering BlockManagerMasterHeartbeat
[2025-12-07T20:04:11.742+0000] {subprocess.py:106} INFO - 25/12/07 20:04:11 INFO DiskBlockManager: Created local directory at /tmp/blockmgr-a4c0819b-e9b0-4920-88d2-0d6f34d03672
[2025-12-07T20:04:11.756+0000] {subprocess.py:106} INFO - 25/12/07 20:04:11 INFO MemoryStore: MemoryStore started with capacity 434.4 MiB
[2025-12-07T20:04:11.772+0000] {subprocess.py:106} INFO - 25/12/07 20:04:11 INFO SparkEnv: Registering OutputCommitCoordinator
[2025-12-07T20:04:11.900+0000] {subprocess.py:106} INFO - 25/12/07 20:04:11 INFO JettyUtils: Start Jetty 0.0.0.0:4040 for SparkUI
[2025-12-07T20:04:11.966+0000] {subprocess.py:106} INFO - 25/12/07 20:04:11 INFO Utils: Successfully started service 'SparkUI' on port 4040.
[2025-12-07T20:04:11.997+0000] {subprocess.py:106} INFO - 25/12/07 20:04:11 INFO SparkContext: Added JAR file:///root/.ivy2/jars/io.delta_delta-core_2.12-2.4.0.jar at spark://13f196131dae:43487/jars/io.delta_delta-core_2.12-2.4.0.jar with timestamp 1765137851200
[2025-12-07T20:04:11.998+0000] {subprocess.py:106} INFO - 25/12/07 20:04:11 INFO SparkContext: Added JAR file:///root/.ivy2/jars/org.apache.hadoop_hadoop-aws-3.3.4.jar at spark://13f196131dae:43487/jars/org.apache.hadoop_hadoop-aws-3.3.4.jar with timestamp 1765137851200
[2025-12-07T20:04:11.999+0000] {subprocess.py:106} INFO - 25/12/07 20:04:11 INFO SparkContext: Added JAR file:///root/.ivy2/jars/io.delta_delta-storage-2.4.0.jar at spark://13f196131dae:43487/jars/io.delta_delta-storage-2.4.0.jar with timestamp 1765137851200
[2025-12-07T20:04:11.999+0000] {subprocess.py:106} INFO - 25/12/07 20:04:11 INFO SparkContext: Added JAR file:///root/.ivy2/jars/org.antlr_antlr4-runtime-4.9.3.jar at spark://13f196131dae:43487/jars/org.antlr_antlr4-runtime-4.9.3.jar with timestamp 1765137851200
[2025-12-07T20:04:11.999+0000] {subprocess.py:106} INFO - 25/12/07 20:04:11 INFO SparkContext: Added JAR file:///root/.ivy2/jars/com.amazonaws_aws-java-sdk-bundle-1.12.262.jar at spark://13f196131dae:43487/jars/com.amazonaws_aws-java-sdk-bundle-1.12.262.jar with timestamp 1765137851200
[2025-12-07T20:04:12.000+0000] {subprocess.py:106} INFO - 25/12/07 20:04:11 INFO SparkContext: Added JAR file:///root/.ivy2/jars/org.wildfly.openssl_wildfly-openssl-1.0.7.Final.jar at spark://13f196131dae:43487/jars/org.wildfly.openssl_wildfly-openssl-1.0.7.Final.jar with timestamp 1765137851200
[2025-12-07T20:04:12.000+0000] {subprocess.py:106} INFO - 25/12/07 20:04:11 INFO SparkContext: Added file file:///root/.ivy2/jars/io.delta_delta-core_2.12-2.4.0.jar at spark://13f196131dae:43487/files/io.delta_delta-core_2.12-2.4.0.jar with timestamp 1765137851200
[2025-12-07T20:04:12.002+0000] {subprocess.py:106} INFO - 25/12/07 20:04:12 INFO Utils: Copying /root/.ivy2/jars/io.delta_delta-core_2.12-2.4.0.jar to /tmp/spark-41bb0722-d322-46a9-926e-6592c9664a73/userFiles-8df91aca-b661-486e-8761-f7da05f72aae/io.delta_delta-core_2.12-2.4.0.jar
[2025-12-07T20:04:12.021+0000] {subprocess.py:106} INFO - 25/12/07 20:04:12 INFO SparkContext: Added file file:///root/.ivy2/jars/org.apache.hadoop_hadoop-aws-3.3.4.jar at spark://13f196131dae:43487/files/org.apache.hadoop_hadoop-aws-3.3.4.jar with timestamp 1765137851200
[2025-12-07T20:04:12.021+0000] {subprocess.py:106} INFO - 25/12/07 20:04:12 INFO Utils: Copying /root/.ivy2/jars/org.apache.hadoop_hadoop-aws-3.3.4.jar to /tmp/spark-41bb0722-d322-46a9-926e-6592c9664a73/userFiles-8df91aca-b661-486e-8761-f7da05f72aae/org.apache.hadoop_hadoop-aws-3.3.4.jar
[2025-12-07T20:04:12.029+0000] {subprocess.py:106} INFO - 25/12/07 20:04:12 INFO SparkContext: Added file file:///root/.ivy2/jars/io.delta_delta-storage-2.4.0.jar at spark://13f196131dae:43487/files/io.delta_delta-storage-2.4.0.jar with timestamp 1765137851200
[2025-12-07T20:04:12.030+0000] {subprocess.py:106} INFO - 25/12/07 20:04:12 INFO Utils: Copying /root/.ivy2/jars/io.delta_delta-storage-2.4.0.jar to /tmp/spark-41bb0722-d322-46a9-926e-6592c9664a73/userFiles-8df91aca-b661-486e-8761-f7da05f72aae/io.delta_delta-storage-2.4.0.jar
[2025-12-07T20:04:12.036+0000] {subprocess.py:106} INFO - 25/12/07 20:04:12 INFO SparkContext: Added file file:///root/.ivy2/jars/org.antlr_antlr4-runtime-4.9.3.jar at spark://13f196131dae:43487/files/org.antlr_antlr4-runtime-4.9.3.jar with timestamp 1765137851200
[2025-12-07T20:04:12.036+0000] {subprocess.py:106} INFO - 25/12/07 20:04:12 INFO Utils: Copying /root/.ivy2/jars/org.antlr_antlr4-runtime-4.9.3.jar to /tmp/spark-41bb0722-d322-46a9-926e-6592c9664a73/userFiles-8df91aca-b661-486e-8761-f7da05f72aae/org.antlr_antlr4-runtime-4.9.3.jar
[2025-12-07T20:04:12.044+0000] {subprocess.py:106} INFO - 25/12/07 20:04:12 INFO SparkContext: Added file file:///root/.ivy2/jars/com.amazonaws_aws-java-sdk-bundle-1.12.262.jar at spark://13f196131dae:43487/files/com.amazonaws_aws-java-sdk-bundle-1.12.262.jar with timestamp 1765137851200
[2025-12-07T20:04:12.045+0000] {subprocess.py:106} INFO - 25/12/07 20:04:12 INFO Utils: Copying /root/.ivy2/jars/com.amazonaws_aws-java-sdk-bundle-1.12.262.jar to /tmp/spark-41bb0722-d322-46a9-926e-6592c9664a73/userFiles-8df91aca-b661-486e-8761-f7da05f72aae/com.amazonaws_aws-java-sdk-bundle-1.12.262.jar
[2025-12-07T20:04:12.490+0000] {subprocess.py:106} INFO - 25/12/07 20:04:12 INFO SparkContext: Added file file:///root/.ivy2/jars/org.wildfly.openssl_wildfly-openssl-1.0.7.Final.jar at spark://13f196131dae:43487/files/org.wildfly.openssl_wildfly-openssl-1.0.7.Final.jar with timestamp 1765137851200
[2025-12-07T20:04:12.491+0000] {subprocess.py:106} INFO - 25/12/07 20:04:12 INFO Utils: Copying /root/.ivy2/jars/org.wildfly.openssl_wildfly-openssl-1.0.7.Final.jar to /tmp/spark-41bb0722-d322-46a9-926e-6592c9664a73/userFiles-8df91aca-b661-486e-8761-f7da05f72aae/org.wildfly.openssl_wildfly-openssl-1.0.7.Final.jar
[2025-12-07T20:04:12.568+0000] {subprocess.py:106} INFO - 25/12/07 20:04:12 INFO StandaloneAppClient$ClientEndpoint: Connecting to master spark://spark-master:7077...
[2025-12-07T20:04:12.613+0000] {subprocess.py:106} INFO - 25/12/07 20:04:12 INFO TransportClientFactory: Successfully created connection to spark-master/172.18.0.5:7077 after 25 ms (0 ms spent in bootstraps)
[2025-12-07T20:04:12.713+0000] {subprocess.py:106} INFO - 25/12/07 20:04:12 INFO StandaloneSchedulerBackend: Connected to Spark cluster with app ID app-20251207200412-0010
[2025-12-07T20:04:12.714+0000] {subprocess.py:106} INFO - 25/12/07 20:04:12 INFO StandaloneAppClient$ClientEndpoint: Executor added: app-20251207200412-0010/0 on worker-20251207183208-172.18.0.8-34203 (172.18.0.8:34203) with 16 core(s)
[2025-12-07T20:04:12.718+0000] {subprocess.py:106} INFO - 25/12/07 20:04:12 INFO StandaloneSchedulerBackend: Granted executor ID app-20251207200412-0010/0 on hostPort 172.18.0.8:34203 with 16 core(s), 1024.0 MiB RAM
[2025-12-07T20:04:12.725+0000] {subprocess.py:106} INFO - 25/12/07 20:04:12 INFO Utils: Successfully started service 'org.apache.spark.network.netty.NettyBlockTransferService' on port 46673.
[2025-12-07T20:04:12.726+0000] {subprocess.py:106} INFO - 25/12/07 20:04:12 INFO NettyBlockTransferService: Server created on 13f196131dae:46673
[2025-12-07T20:04:12.728+0000] {subprocess.py:106} INFO - 25/12/07 20:04:12 INFO BlockManager: Using org.apache.spark.storage.RandomBlockReplicationPolicy for block replication policy
[2025-12-07T20:04:12.737+0000] {subprocess.py:106} INFO - 25/12/07 20:04:12 INFO BlockManagerMaster: Registering BlockManager BlockManagerId(driver, 13f196131dae, 46673, None)
[2025-12-07T20:04:12.741+0000] {subprocess.py:106} INFO - 25/12/07 20:04:12 INFO BlockManagerMasterEndpoint: Registering block manager 13f196131dae:46673 with 434.4 MiB RAM, BlockManagerId(driver, 13f196131dae, 46673, None)
[2025-12-07T20:04:12.745+0000] {subprocess.py:106} INFO - 25/12/07 20:04:12 INFO BlockManagerMaster: Registered BlockManager BlockManagerId(driver, 13f196131dae, 46673, None)
[2025-12-07T20:04:12.746+0000] {subprocess.py:106} INFO - 25/12/07 20:04:12 INFO BlockManager: Initialized BlockManager: BlockManagerId(driver, 13f196131dae, 46673, None)
[2025-12-07T20:04:12.809+0000] {subprocess.py:106} INFO - 25/12/07 20:04:12 INFO StandaloneAppClient$ClientEndpoint: Executor updated: app-20251207200412-0010/0 is now RUNNING
[2025-12-07T20:04:12.967+0000] {subprocess.py:106} INFO - 25/12/07 20:04:12 INFO StandaloneSchedulerBackend: SchedulerBackend is ready for scheduling beginning after reached minRegisteredResourcesRatio: 0.0
[2025-12-07T20:04:13.323+0000] {subprocess.py:106} INFO - Processing Fact Sales...
[2025-12-07T20:04:13.333+0000] {subprocess.py:106} INFO - 25/12/07 20:04:13 INFO SharedState: Setting hive.metastore.warehouse.dir ('null') to the value of spark.sql.warehouse.dir.
[2025-12-07T20:04:13.336+0000] {subprocess.py:106} INFO - 25/12/07 20:04:13 INFO SharedState: Warehouse path is 'file:/opt/spark/work-dir/spark-warehouse'.
[2025-12-07T20:04:14.968+0000] {subprocess.py:106} INFO - 25/12/07 20:04:14 WARN MetricsConfig: Cannot locate configuration: tried hadoop-metrics2-s3a-file-system.properties,hadoop-metrics2.properties
[2025-12-07T20:04:14.985+0000] {subprocess.py:106} INFO - 25/12/07 20:04:14 INFO MetricsSystemImpl: Scheduled Metric snapshot period at 10 second(s).
[2025-12-07T20:04:14.986+0000] {subprocess.py:106} INFO - 25/12/07 20:04:14 INFO MetricsSystemImpl: s3a-file-system metrics system started
[2025-12-07T20:04:15.797+0000] {subprocess.py:106} INFO - 25/12/07 20:04:15 INFO StandaloneSchedulerBackend$StandaloneDriverEndpoint: Registered executor NettyRpcEndpointRef(spark-client://Executor) (172.18.0.8:44278) with ID 0,  ResourceProfileId 0
[2025-12-07T20:04:15.908+0000] {subprocess.py:106} INFO - 25/12/07 20:04:15 INFO BlockManagerMasterEndpoint: Registering block manager 172.18.0.8:33107 with 434.4 MiB RAM, BlockManagerId(0, 172.18.0.8, 33107, None)
[2025-12-07T20:04:17.435+0000] {subprocess.py:106} INFO - 25/12/07 20:04:17 INFO DelegatingLogStore: LogStore `LogStoreAdapter(io.delta.storage.S3SingleDriverLogStore)` is used for scheme `s3a`
[2025-12-07T20:04:17.553+0000] {subprocess.py:106} INFO - 25/12/07 20:04:17 INFO DeltaLog: Loading version 0.
[2025-12-07T20:04:20.273+0000] {subprocess.py:106} INFO - 25/12/07 20:04:20 INFO DeltaLogFileIndex: Created DeltaLogFileIndex(JSON, numFilesInSegment: 1, totalFileSize: 5810209)
[2025-12-07T20:04:21.504+0000] {subprocess.py:106} INFO - 25/12/07 20:04:21 INFO FileSourceStrategy: Pushed Filters:
[2025-12-07T20:04:21.505+0000] {subprocess.py:106} INFO - 25/12/07 20:04:21 INFO FileSourceStrategy: Post-Scan Filters:
[2025-12-07T20:04:22.161+0000] {subprocess.py:106} INFO - 25/12/07 20:04:22 INFO CodeGenerator: Code generated in 339.574027 ms
[2025-12-07T20:04:22.260+0000] {subprocess.py:106} INFO - 25/12/07 20:04:22 INFO MemoryStore: Block broadcast_0 stored as values in memory (estimated size 212.7 KiB, free 434.2 MiB)
[2025-12-07T20:04:22.335+0000] {subprocess.py:106} INFO - 25/12/07 20:04:22 INFO MemoryStore: Block broadcast_0_piece0 stored as bytes in memory (estimated size 36.3 KiB, free 434.2 MiB)
[2025-12-07T20:04:22.341+0000] {subprocess.py:106} INFO - 25/12/07 20:04:22 INFO BlockManagerInfo: Added broadcast_0_piece0 in memory on 13f196131dae:46673 (size: 36.3 KiB, free: 434.4 MiB)
[2025-12-07T20:04:22.349+0000] {subprocess.py:106} INFO - 25/12/07 20:04:22 INFO SparkContext: Created broadcast 0 from toString at <unknown>:0
[2025-12-07T20:04:22.380+0000] {subprocess.py:106} INFO - 25/12/07 20:04:22 INFO FileSourceScanExec: Planning scan with bin packing, max size: 4194304 bytes, open cost is considered as scanning 4194304 bytes.
[2025-12-07T20:04:22.529+0000] {subprocess.py:106} INFO - 25/12/07 20:04:22 INFO SparkContext: Starting job: toString at <unknown>:0
[2025-12-07T20:04:22.547+0000] {subprocess.py:106} INFO - 25/12/07 20:04:22 INFO DAGScheduler: Got job 0 (toString at <unknown>:0) with 2 output partitions
[2025-12-07T20:04:22.548+0000] {subprocess.py:106} INFO - 25/12/07 20:04:22 INFO DAGScheduler: Final stage: ResultStage 0 (toString at <unknown>:0)
[2025-12-07T20:04:22.549+0000] {subprocess.py:106} INFO - 25/12/07 20:04:22 INFO DAGScheduler: Parents of final stage: List()
[2025-12-07T20:04:22.549+0000] {subprocess.py:106} INFO - 25/12/07 20:04:22 INFO DAGScheduler: Missing parents: List()
[2025-12-07T20:04:22.560+0000] {subprocess.py:106} INFO - 25/12/07 20:04:22 INFO DAGScheduler: Submitting ResultStage 0 (MapPartitionsRDD[3] at toString at <unknown>:0), which has no missing parents
[2025-12-07T20:04:22.581+0000] {subprocess.py:106} INFO - 25/12/07 20:04:22 INFO MemoryStore: Block broadcast_1 stored as values in memory (estimated size 50.4 KiB, free 434.1 MiB)
[2025-12-07T20:04:22.590+0000] {subprocess.py:106} INFO - 25/12/07 20:04:22 INFO MemoryStore: Block broadcast_1_piece0 stored as bytes in memory (estimated size 15.5 KiB, free 434.1 MiB)
[2025-12-07T20:04:22.591+0000] {subprocess.py:106} INFO - 25/12/07 20:04:22 INFO BlockManagerInfo: Added broadcast_1_piece0 in memory on 13f196131dae:46673 (size: 15.5 KiB, free: 434.3 MiB)
[2025-12-07T20:04:22.593+0000] {subprocess.py:106} INFO - 25/12/07 20:04:22 INFO SparkContext: Created broadcast 1 from broadcast at DAGScheduler.scala:1535
[2025-12-07T20:04:22.615+0000] {subprocess.py:106} INFO - 25/12/07 20:04:22 INFO DAGScheduler: Submitting 2 missing tasks from ResultStage 0 (MapPartitionsRDD[3] at toString at <unknown>:0) (first 15 tasks are for partitions Vector(0, 1))
[2025-12-07T20:04:22.617+0000] {subprocess.py:106} INFO - 25/12/07 20:04:22 INFO TaskSchedulerImpl: Adding task set 0.0 with 2 tasks resource profile 0
[2025-12-07T20:04:22.672+0000] {subprocess.py:106} INFO - 25/12/07 20:04:22 INFO TaskSetManager: Starting task 0.0 in stage 0.0 (TID 0) (172.18.0.8, executor 0, partition 0, PROCESS_LOCAL, 7942 bytes)
[2025-12-07T20:04:22.676+0000] {subprocess.py:106} INFO - 25/12/07 20:04:22 INFO TaskSetManager: Starting task 1.0 in stage 0.0 (TID 1) (172.18.0.8, executor 0, partition 1, PROCESS_LOCAL, 7942 bytes)
[2025-12-07T20:04:22.946+0000] {subprocess.py:106} INFO - 25/12/07 20:04:22 INFO BlockManagerInfo: Added broadcast_1_piece0 in memory on 172.18.0.8:33107 (size: 15.5 KiB, free: 434.4 MiB)
[2025-12-07T20:04:24.053+0000] {subprocess.py:106} INFO - 25/12/07 20:04:24 INFO BlockManagerInfo: Added broadcast_0_piece0 in memory on 172.18.0.8:33107 (size: 36.3 KiB, free: 434.3 MiB)
[2025-12-07T20:04:25.517+0000] {subprocess.py:106} INFO - 25/12/07 20:04:25 INFO TaskSetManager: Finished task 0.0 in stage 0.0 (TID 0) in 2856 ms on 172.18.0.8 (executor 0) (1/2)
[2025-12-07T20:04:25.518+0000] {subprocess.py:106} INFO - 25/12/07 20:04:25 INFO TaskSetManager: Finished task 1.0 in stage 0.0 (TID 1) in 2843 ms on 172.18.0.8 (executor 0) (2/2)
[2025-12-07T20:04:25.520+0000] {subprocess.py:106} INFO - 25/12/07 20:04:25 INFO TaskSchedulerImpl: Removed TaskSet 0.0, whose tasks have all completed, from pool
[2025-12-07T20:04:25.528+0000] {subprocess.py:106} INFO - 25/12/07 20:04:25 INFO DAGScheduler: ResultStage 0 (toString at <unknown>:0) finished in 2.953 s
[2025-12-07T20:04:25.534+0000] {subprocess.py:106} INFO - 25/12/07 20:04:25 INFO DAGScheduler: Job 0 is finished. Cancelling potential speculative or zombie tasks for this job
[2025-12-07T20:04:25.535+0000] {subprocess.py:106} INFO - 25/12/07 20:04:25 INFO TaskSchedulerImpl: Killing all running tasks in stage 0: Stage finished
[2025-12-07T20:04:25.537+0000] {subprocess.py:106} INFO - 25/12/07 20:04:25 INFO DAGScheduler: Job 0 finished: toString at <unknown>:0, took 3.007790 s
[2025-12-07T20:04:25.638+0000] {subprocess.py:106} INFO - 25/12/07 20:04:25 INFO CodeGenerator: Code generated in 63.892315 ms
[2025-12-07T20:04:25.655+0000] {subprocess.py:106} INFO - 25/12/07 20:04:25 INFO Snapshot: [tableId=ffbac087-7a72-4b11-b01f-2ac2de75e9f5] Created snapshot Snapshot(path=s3a://silver/invoices/_delta_log, version=0, metadata=Metadata(c8bb7acb-533d-4a13-99a4-141cf3eaed6c,null,null,Format(parquet,Map()),{"type":"struct","fields":[{"name":"invoice_id","type":"string","nullable":true,"metadata":{}},{"name":"created_at","type":"timestamp","nullable":true,"metadata":{}},{"name":"status","type":"string","nullable":true,"metadata":{}},{"name":"subtotal","type":"decimal(18,2)","nullable":true,"metadata":{}},{"name":"invoice_discount","type":"decimal(18,2)","nullable":true,"metadata":{}},{"name":"total_amount","type":"decimal(18,2)","nullable":true,"metadata":{}},{"name":"salesperson_name","type":"string","nullable":true,"metadata":{}},{"name":"customer_id","type":"string","nullable":true,"metadata":{}},{"name":"branch_id","type":"string","nullable":true,"metadata":{}},{"name":"invoice_date","type":"date","nullable":true,"metadata":{}},{"name":"etl_loaded_at","type":"timestamp","nullable":true,"metadata":{}}]},List(invoice_date),Map(),Some(1765137694866)), logSegment=LogSegment(s3a://silver/invoices/_delta_log,0,WrappedArray(S3AFileStatus{path=s3a://silver/invoices/_delta_log/00000000000000000000.json; isDirectory=false; length=5810209; replication=1; blocksize=33554432; modification_time=1765137745562; access_time=0; owner=root; group=root; permission=rw-rw-rw-; isSymlink=false; hasAcl=false; isEncrypted=true; isErasureCoded=false} isEmptyDirectory=FALSE eTag=6931d2a906d9e0a9128eadd6f138ce00 versionId=null),None,1765137745562), checksumOpt=None)
[2025-12-07T20:04:25.681+0000] {subprocess.py:106} INFO - 25/12/07 20:04:25 INFO BlockManagerInfo: Removed broadcast_1_piece0 on 13f196131dae:46673 in memory (size: 15.5 KiB, free: 434.4 MiB)
[2025-12-07T20:04:25.688+0000] {subprocess.py:106} INFO - 25/12/07 20:04:25 INFO BlockManagerInfo: Removed broadcast_1_piece0 on 172.18.0.8:33107 in memory (size: 15.5 KiB, free: 434.4 MiB)
[2025-12-07T20:04:25.842+0000] {subprocess.py:106} INFO - 25/12/07 20:04:25 INFO DelegatingLogStore: LogStore `LogStoreAdapter(io.delta.storage.S3SingleDriverLogStore)` is used for scheme `s3a`
[2025-12-07T20:04:25.865+0000] {subprocess.py:106} INFO - 25/12/07 20:04:25 INFO DeltaLog: Loading version 0.
[2025-12-07T20:04:25.871+0000] {subprocess.py:106} INFO - 25/12/07 20:04:25 INFO DeltaLogFileIndex: Created DeltaLogFileIndex(JSON, numFilesInSegment: 1, totalFileSize: 2799095)
[2025-12-07T20:04:25.964+0000] {subprocess.py:106} INFO - 25/12/07 20:04:25 INFO FileSourceStrategy: Pushed Filters:
[2025-12-07T20:04:25.965+0000] {subprocess.py:106} INFO - 25/12/07 20:04:25 INFO FileSourceStrategy: Post-Scan Filters:
[2025-12-07T20:04:25.971+0000] {subprocess.py:106} INFO - 25/12/07 20:04:25 INFO BlockManagerInfo: Removed broadcast_0_piece0 on 13f196131dae:46673 in memory (size: 36.3 KiB, free: 434.4 MiB)
[2025-12-07T20:04:25.976+0000] {subprocess.py:106} INFO - 25/12/07 20:04:25 INFO BlockManagerInfo: Removed broadcast_0_piece0 on 172.18.0.8:33107 in memory (size: 36.3 KiB, free: 434.4 MiB)
[2025-12-07T20:04:26.001+0000] {subprocess.py:106} INFO - 25/12/07 20:04:25 INFO MemoryStore: Block broadcast_2 stored as values in memory (estimated size 212.7 KiB, free 434.2 MiB)
[2025-12-07T20:04:26.016+0000] {subprocess.py:106} INFO - 25/12/07 20:04:26 INFO MemoryStore: Block broadcast_2_piece0 stored as bytes in memory (estimated size 36.3 KiB, free 434.2 MiB)
[2025-12-07T20:04:26.017+0000] {subprocess.py:106} INFO - 25/12/07 20:04:26 INFO BlockManagerInfo: Added broadcast_2_piece0 in memory on 13f196131dae:46673 (size: 36.3 KiB, free: 434.4 MiB)
[2025-12-07T20:04:26.021+0000] {subprocess.py:106} INFO - 25/12/07 20:04:26 INFO SparkContext: Created broadcast 2 from toString at <unknown>:0
[2025-12-07T20:04:26.022+0000] {subprocess.py:106} INFO - 25/12/07 20:04:26 INFO FileSourceScanExec: Planning scan with bin packing, max size: 4194304 bytes, open cost is considered as scanning 4194304 bytes.
[2025-12-07T20:04:26.054+0000] {subprocess.py:106} INFO - 25/12/07 20:04:26 INFO SparkContext: Starting job: toString at <unknown>:0
[2025-12-07T20:04:26.056+0000] {subprocess.py:106} INFO - 25/12/07 20:04:26 INFO DAGScheduler: Got job 1 (toString at <unknown>:0) with 1 output partitions
[2025-12-07T20:04:26.057+0000] {subprocess.py:106} INFO - 25/12/07 20:04:26 INFO DAGScheduler: Final stage: ResultStage 1 (toString at <unknown>:0)
[2025-12-07T20:04:26.058+0000] {subprocess.py:106} INFO - 25/12/07 20:04:26 INFO DAGScheduler: Parents of final stage: List()
[2025-12-07T20:04:26.058+0000] {subprocess.py:106} INFO - 25/12/07 20:04:26 INFO DAGScheduler: Missing parents: List()
[2025-12-07T20:04:26.059+0000] {subprocess.py:106} INFO - 25/12/07 20:04:26 INFO DAGScheduler: Submitting ResultStage 1 (MapPartitionsRDD[7] at toString at <unknown>:0), which has no missing parents
[2025-12-07T20:04:26.063+0000] {subprocess.py:106} INFO - 25/12/07 20:04:26 INFO MemoryStore: Block broadcast_3 stored as values in memory (estimated size 50.4 KiB, free 434.1 MiB)
[2025-12-07T20:04:26.072+0000] {subprocess.py:106} INFO - 25/12/07 20:04:26 INFO MemoryStore: Block broadcast_3_piece0 stored as bytes in memory (estimated size 15.6 KiB, free 434.1 MiB)
[2025-12-07T20:04:26.077+0000] {subprocess.py:106} INFO - 25/12/07 20:04:26 INFO BlockManagerInfo: Added broadcast_3_piece0 in memory on 13f196131dae:46673 (size: 15.6 KiB, free: 434.3 MiB)
[2025-12-07T20:04:26.080+0000] {subprocess.py:106} INFO - 25/12/07 20:04:26 INFO SparkContext: Created broadcast 3 from broadcast at DAGScheduler.scala:1535
[2025-12-07T20:04:26.080+0000] {subprocess.py:106} INFO - 25/12/07 20:04:26 INFO DAGScheduler: Submitting 1 missing tasks from ResultStage 1 (MapPartitionsRDD[7] at toString at <unknown>:0) (first 15 tasks are for partitions Vector(0))
[2025-12-07T20:04:26.081+0000] {subprocess.py:106} INFO - 25/12/07 20:04:26 INFO TaskSchedulerImpl: Adding task set 1.0 with 1 tasks resource profile 0
[2025-12-07T20:04:26.082+0000] {subprocess.py:106} INFO - 25/12/07 20:04:26 INFO TaskSetManager: Starting task 0.0 in stage 1.0 (TID 2) (172.18.0.8, executor 0, partition 0, PROCESS_LOCAL, 7949 bytes)
[2025-12-07T20:04:26.138+0000] {subprocess.py:106} INFO - 25/12/07 20:04:26 INFO BlockManagerInfo: Added broadcast_3_piece0 in memory on 172.18.0.8:33107 (size: 15.6 KiB, free: 434.4 MiB)
[2025-12-07T20:04:26.180+0000] {subprocess.py:106} INFO - 25/12/07 20:04:26 INFO BlockManagerInfo: Added broadcast_2_piece0 in memory on 172.18.0.8:33107 (size: 36.3 KiB, free: 434.3 MiB)
[2025-12-07T20:04:26.277+0000] {subprocess.py:106} INFO - 25/12/07 20:04:26 INFO TaskSetManager: Finished task 0.0 in stage 1.0 (TID 2) in 199 ms on 172.18.0.8 (executor 0) (1/1)
[2025-12-07T20:04:26.278+0000] {subprocess.py:106} INFO - 25/12/07 20:04:26 INFO TaskSchedulerImpl: Removed TaskSet 1.0, whose tasks have all completed, from pool
[2025-12-07T20:04:26.279+0000] {subprocess.py:106} INFO - 25/12/07 20:04:26 INFO DAGScheduler: ResultStage 1 (toString at <unknown>:0) finished in 0.217 s
[2025-12-07T20:04:26.280+0000] {subprocess.py:106} INFO - 25/12/07 20:04:26 INFO DAGScheduler: Job 1 is finished. Cancelling potential speculative or zombie tasks for this job
[2025-12-07T20:04:26.281+0000] {subprocess.py:106} INFO - 25/12/07 20:04:26 INFO TaskSchedulerImpl: Killing all running tasks in stage 1: Stage finished
[2025-12-07T20:04:26.282+0000] {subprocess.py:106} INFO - 25/12/07 20:04:26 INFO DAGScheduler: Job 1 finished: toString at <unknown>:0, took 0.225787 s
[2025-12-07T20:04:26.306+0000] {subprocess.py:106} INFO - 25/12/07 20:04:26 INFO Snapshot: [tableId=7b5caea0-bfb5-47a7-b26b-ff4d2ed22dc7] Created snapshot Snapshot(path=s3a://silver/invoice_details/_delta_log, version=0, metadata=Metadata(c1aae412-288f-4204-b702-e59c5622508d,null,null,Format(parquet,Map()),{"type":"struct","fields":[{"name":"invoice_item_id","type":"long","nullable":true,"metadata":{}},{"name":"invoice_id","type":"string","nullable":true,"metadata":{}},{"name":"product_id","type":"string","nullable":true,"metadata":{}},{"name":"quantity","type":"integer","nullable":true,"metadata":{}},{"name":"unit_price","type":"decimal(18,2)","nullable":true,"metadata":{}},{"name":"sale_price","type":"decimal(18,2)","nullable":true,"metadata":{}},{"name":"line_total","type":"decimal(18,2)","nullable":true,"metadata":{}},{"name":"etl_loaded_at","type":"timestamp","nullable":true,"metadata":{}}]},List(),Map(),Some(1765137432337)), logSegment=LogSegment(s3a://silver/invoice_details/_delta_log,0,WrappedArray(S3AFileStatus{path=s3a://silver/invoice_details/_delta_log/00000000000000000000.json; isDirectory=false; length=2799095; replication=1; blocksize=33554432; modification_time=1765137535054; access_time=0; owner=root; group=root; permission=rw-rw-rw-; isSymlink=false; hasAcl=false; isEncrypted=true; isErasureCoded=false} isEmptyDirectory=FALSE eTag=30ce8cbf8c7ed18bd5dcf33904078a46 versionId=null),None,1765137535054), checksumOpt=None)
[2025-12-07T20:04:26.337+0000] {subprocess.py:106} INFO - 25/12/07 20:04:26 INFO DelegatingLogStore: LogStore `LogStoreAdapter(io.delta.storage.S3SingleDriverLogStore)` is used for scheme `s3a`
[2025-12-07T20:04:26.362+0000] {subprocess.py:106} INFO - 25/12/07 20:04:26 INFO DeltaLog: Loading version 0.
[2025-12-07T20:04:26.368+0000] {subprocess.py:106} INFO - 25/12/07 20:04:26 INFO DeltaLogFileIndex: Created DeltaLogFileIndex(JSON, numFilesInSegment: 1, totalFileSize: 2048)
[2025-12-07T20:04:26.437+0000] {subprocess.py:106} INFO - 25/12/07 20:04:26 INFO FileSourceStrategy: Pushed Filters:
[2025-12-07T20:04:26.438+0000] {subprocess.py:106} INFO - 25/12/07 20:04:26 INFO FileSourceStrategy: Post-Scan Filters:
[2025-12-07T20:04:26.465+0000] {subprocess.py:106} INFO - 25/12/07 20:04:26 INFO MemoryStore: Block broadcast_4 stored as values in memory (estimated size 212.7 KiB, free 433.9 MiB)
[2025-12-07T20:04:26.481+0000] {subprocess.py:106} INFO - 25/12/07 20:04:26 INFO BlockManagerInfo: Removed broadcast_3_piece0 on 13f196131dae:46673 in memory (size: 15.6 KiB, free: 434.4 MiB)
[2025-12-07T20:04:26.485+0000] {subprocess.py:106} INFO - 25/12/07 20:04:26 INFO BlockManagerInfo: Removed broadcast_3_piece0 on 172.18.0.8:33107 in memory (size: 15.6 KiB, free: 434.4 MiB)
[2025-12-07T20:04:26.486+0000] {subprocess.py:106} INFO - 25/12/07 20:04:26 INFO MemoryStore: Block broadcast_4_piece0 stored as bytes in memory (estimated size 36.3 KiB, free 433.9 MiB)
[2025-12-07T20:04:26.489+0000] {subprocess.py:106} INFO - 25/12/07 20:04:26 INFO BlockManagerInfo: Added broadcast_4_piece0 in memory on 13f196131dae:46673 (size: 36.3 KiB, free: 434.3 MiB)
[2025-12-07T20:04:26.490+0000] {subprocess.py:106} INFO - 25/12/07 20:04:26 INFO SparkContext: Created broadcast 4 from toString at <unknown>:0
[2025-12-07T20:04:26.492+0000] {subprocess.py:106} INFO - 25/12/07 20:04:26 INFO FileSourceScanExec: Planning scan with bin packing, max size: 4194304 bytes, open cost is considered as scanning 4194304 bytes.
[2025-12-07T20:04:26.499+0000] {subprocess.py:106} INFO - 25/12/07 20:04:26 INFO BlockManagerInfo: Removed broadcast_2_piece0 on 13f196131dae:46673 in memory (size: 36.3 KiB, free: 434.4 MiB)
[2025-12-07T20:04:26.503+0000] {subprocess.py:106} INFO - 25/12/07 20:04:26 INFO BlockManagerInfo: Removed broadcast_2_piece0 on 172.18.0.8:33107 in memory (size: 36.3 KiB, free: 434.4 MiB)
[2025-12-07T20:04:26.532+0000] {subprocess.py:106} INFO - 25/12/07 20:04:26 INFO SparkContext: Starting job: toString at <unknown>:0
[2025-12-07T20:04:26.533+0000] {subprocess.py:106} INFO - 25/12/07 20:04:26 INFO DAGScheduler: Got job 2 (toString at <unknown>:0) with 1 output partitions
[2025-12-07T20:04:26.535+0000] {subprocess.py:106} INFO - 25/12/07 20:04:26 INFO DAGScheduler: Final stage: ResultStage 2 (toString at <unknown>:0)
[2025-12-07T20:04:26.536+0000] {subprocess.py:106} INFO - 25/12/07 20:04:26 INFO DAGScheduler: Parents of final stage: List()
[2025-12-07T20:04:26.537+0000] {subprocess.py:106} INFO - 25/12/07 20:04:26 INFO DAGScheduler: Missing parents: List()
[2025-12-07T20:04:26.538+0000] {subprocess.py:106} INFO - 25/12/07 20:04:26 INFO DAGScheduler: Submitting ResultStage 2 (MapPartitionsRDD[11] at toString at <unknown>:0), which has no missing parents
[2025-12-07T20:04:26.541+0000] {subprocess.py:106} INFO - 25/12/07 20:04:26 INFO MemoryStore: Block broadcast_5 stored as values in memory (estimated size 50.4 KiB, free 434.1 MiB)
[2025-12-07T20:04:26.550+0000] {subprocess.py:106} INFO - 25/12/07 20:04:26 INFO MemoryStore: Block broadcast_5_piece0 stored as bytes in memory (estimated size 15.6 KiB, free 434.1 MiB)
[2025-12-07T20:04:26.551+0000] {subprocess.py:106} INFO - 25/12/07 20:04:26 INFO BlockManagerInfo: Added broadcast_5_piece0 in memory on 13f196131dae:46673 (size: 15.6 KiB, free: 434.3 MiB)
[2025-12-07T20:04:26.552+0000] {subprocess.py:106} INFO - 25/12/07 20:04:26 INFO SparkContext: Created broadcast 5 from broadcast at DAGScheduler.scala:1535
[2025-12-07T20:04:26.554+0000] {subprocess.py:106} INFO - 25/12/07 20:04:26 INFO DAGScheduler: Submitting 1 missing tasks from ResultStage 2 (MapPartitionsRDD[11] at toString at <unknown>:0) (first 15 tasks are for partitions Vector(0))
[2025-12-07T20:04:26.555+0000] {subprocess.py:106} INFO - 25/12/07 20:04:26 INFO TaskSchedulerImpl: Adding task set 2.0 with 1 tasks resource profile 0
[2025-12-07T20:04:26.557+0000] {subprocess.py:106} INFO - 25/12/07 20:04:26 INFO TaskSetManager: Starting task 0.0 in stage 2.0 (TID 3) (172.18.0.8, executor 0, partition 0, PROCESS_LOCAL, 7942 bytes)
[2025-12-07T20:04:26.593+0000] {subprocess.py:106} INFO - 25/12/07 20:04:26 INFO BlockManagerInfo: Added broadcast_5_piece0 in memory on 172.18.0.8:33107 (size: 15.6 KiB, free: 434.4 MiB)
[2025-12-07T20:04:26.627+0000] {subprocess.py:106} INFO - 25/12/07 20:04:26 INFO BlockManagerInfo: Added broadcast_4_piece0 in memory on 172.18.0.8:33107 (size: 36.3 KiB, free: 434.3 MiB)
[2025-12-07T20:04:26.682+0000] {subprocess.py:106} INFO - 25/12/07 20:04:26 INFO TaskSetManager: Finished task 0.0 in stage 2.0 (TID 3) in 124 ms on 172.18.0.8 (executor 0) (1/1)
[2025-12-07T20:04:26.683+0000] {subprocess.py:106} INFO - 25/12/07 20:04:26 INFO TaskSchedulerImpl: Removed TaskSet 2.0, whose tasks have all completed, from pool
[2025-12-07T20:04:26.684+0000] {subprocess.py:106} INFO - 25/12/07 20:04:26 INFO DAGScheduler: ResultStage 2 (toString at <unknown>:0) finished in 0.146 s
[2025-12-07T20:04:26.685+0000] {subprocess.py:106} INFO - 25/12/07 20:04:26 INFO DAGScheduler: Job 2 is finished. Cancelling potential speculative or zombie tasks for this job
[2025-12-07T20:04:26.685+0000] {subprocess.py:106} INFO - 25/12/07 20:04:26 INFO TaskSchedulerImpl: Killing all running tasks in stage 2: Stage finished
[2025-12-07T20:04:26.686+0000] {subprocess.py:106} INFO - 25/12/07 20:04:26 INFO DAGScheduler: Job 2 finished: toString at <unknown>:0, took 0.153335 s
[2025-12-07T20:04:26.702+0000] {subprocess.py:106} INFO - 25/12/07 20:04:26 INFO Snapshot: [tableId=62861678-7a64-479c-843c-b069080e5b67] Created snapshot Snapshot(path=s3a://silver/products/_delta_log, version=0, metadata=Metadata(2a52f804-17f1-4dfb-8c0c-76e104a6ee2a,null,null,Format(parquet,Map()),{"type":"struct","fields":[{"name":"product_id","type":"string","nullable":true,"metadata":{}},{"name":"product_name","type":"string","nullable":true,"metadata":{}},{"name":"brand","type":"string","nullable":true,"metadata":{}},{"name":"sale_price","type":"decimal(18,2)","nullable":true,"metadata":{}},{"name":"cost_price","type":"decimal(18,2)","nullable":true,"metadata":{}},{"name":"unit_of_measure","type":"string","nullable":true,"metadata":{}},{"name":"etl_loaded_at","type":"timestamp","nullable":true,"metadata":{}}]},List(),Map(),Some(1765137752351)), logSegment=LogSegment(s3a://silver/products/_delta_log,0,WrappedArray(S3AFileStatus{path=s3a://silver/products/_delta_log/00000000000000000000.json; isDirectory=false; length=2048; replication=1; blocksize=33554432; modification_time=1765137753853; access_time=0; owner=root; group=root; permission=rw-rw-rw-; isSymlink=false; hasAcl=false; isEncrypted=true; isErasureCoded=false} isEmptyDirectory=FALSE eTag=63ab64775f2c9ef9f92042bc141feedf versionId=null),None,1765137753853), checksumOpt=None)
[2025-12-07T20:04:26.875+0000] {subprocess.py:106} INFO - 25/12/07 20:04:26 INFO BlockManagerInfo: Removed broadcast_5_piece0 on 13f196131dae:46673 in memory (size: 15.6 KiB, free: 434.4 MiB)
[2025-12-07T20:04:26.879+0000] {subprocess.py:106} INFO - 25/12/07 20:04:26 INFO BlockManagerInfo: Removed broadcast_5_piece0 on 172.18.0.8:33107 in memory (size: 15.6 KiB, free: 434.4 MiB)
[2025-12-07T20:04:26.996+0000] {subprocess.py:106} INFO - 25/12/07 20:04:26 WARN package: Truncated the string representation of a plan since it was too large. This behavior can be adjusted by setting 'spark.sql.debug.maxToStringFields'.
[2025-12-07T20:04:27.038+0000] {subprocess.py:106} INFO - 25/12/07 20:04:27 INFO DelegatingLogStore: LogStore `LogStoreAdapter(io.delta.storage.S3SingleDriverLogStore)` is used for scheme `s3a`
[2025-12-07T20:04:27.063+0000] {subprocess.py:106} INFO - 25/12/07 20:04:27 INFO DeltaLog: Loading version 0.
[2025-12-07T20:04:27.068+0000] {subprocess.py:106} INFO - 25/12/07 20:04:27 INFO DeltaLogFileIndex: Created DeltaLogFileIndex(JSON, numFilesInSegment: 1, totalFileSize: 6781472)
[2025-12-07T20:04:27.122+0000] {subprocess.py:106} INFO - 25/12/07 20:04:27 INFO FileSourceStrategy: Pushed Filters:
[2025-12-07T20:04:27.123+0000] {subprocess.py:106} INFO - 25/12/07 20:04:27 INFO FileSourceStrategy: Post-Scan Filters:
[2025-12-07T20:04:27.138+0000] {subprocess.py:106} INFO - 25/12/07 20:04:27 INFO BlockManagerInfo: Removed broadcast_4_piece0 on 13f196131dae:46673 in memory (size: 36.3 KiB, free: 434.4 MiB)
[2025-12-07T20:04:27.142+0000] {subprocess.py:106} INFO - 25/12/07 20:04:27 INFO BlockManagerInfo: Removed broadcast_4_piece0 on 172.18.0.8:33107 in memory (size: 36.3 KiB, free: 434.4 MiB)
[2025-12-07T20:04:27.157+0000] {subprocess.py:106} INFO - 25/12/07 20:04:27 INFO MemoryStore: Block broadcast_6 stored as values in memory (estimated size 212.7 KiB, free 434.2 MiB)
[2025-12-07T20:04:27.180+0000] {subprocess.py:106} INFO - 25/12/07 20:04:27 INFO MemoryStore: Block broadcast_6_piece0 stored as bytes in memory (estimated size 36.3 KiB, free 434.2 MiB)
[2025-12-07T20:04:27.183+0000] {subprocess.py:106} INFO - 25/12/07 20:04:27 INFO BlockManagerInfo: Added broadcast_6_piece0 in memory on 13f196131dae:46673 (size: 36.3 KiB, free: 434.4 MiB)
[2025-12-07T20:04:27.185+0000] {subprocess.py:106} INFO - 25/12/07 20:04:27 INFO SparkContext: Created broadcast 6 from toString at <unknown>:0
[2025-12-07T20:04:27.186+0000] {subprocess.py:106} INFO - 25/12/07 20:04:27 INFO FileSourceScanExec: Planning scan with bin packing, max size: 4194304 bytes, open cost is considered as scanning 4194304 bytes.
[2025-12-07T20:04:27.208+0000] {subprocess.py:106} INFO - 25/12/07 20:04:27 INFO SparkContext: Starting job: toString at <unknown>:0
[2025-12-07T20:04:27.209+0000] {subprocess.py:106} INFO - 25/12/07 20:04:27 INFO DAGScheduler: Got job 3 (toString at <unknown>:0) with 2 output partitions
[2025-12-07T20:04:27.209+0000] {subprocess.py:106} INFO - 25/12/07 20:04:27 INFO DAGScheduler: Final stage: ResultStage 3 (toString at <unknown>:0)
[2025-12-07T20:04:27.210+0000] {subprocess.py:106} INFO - 25/12/07 20:04:27 INFO DAGScheduler: Parents of final stage: List()
[2025-12-07T20:04:27.210+0000] {subprocess.py:106} INFO - 25/12/07 20:04:27 INFO DAGScheduler: Missing parents: List()
[2025-12-07T20:04:27.211+0000] {subprocess.py:106} INFO - 25/12/07 20:04:27 INFO DAGScheduler: Submitting ResultStage 3 (MapPartitionsRDD[15] at toString at <unknown>:0), which has no missing parents
[2025-12-07T20:04:27.214+0000] {subprocess.py:106} INFO - 25/12/07 20:04:27 INFO MemoryStore: Block broadcast_7 stored as values in memory (estimated size 50.4 KiB, free 434.1 MiB)
[2025-12-07T20:04:27.224+0000] {subprocess.py:106} INFO - 25/12/07 20:04:27 INFO MemoryStore: Block broadcast_7_piece0 stored as bytes in memory (estimated size 15.6 KiB, free 434.1 MiB)
[2025-12-07T20:04:27.226+0000] {subprocess.py:106} INFO - 25/12/07 20:04:27 INFO BlockManagerInfo: Added broadcast_7_piece0 in memory on 13f196131dae:46673 (size: 15.6 KiB, free: 434.3 MiB)
[2025-12-07T20:04:27.227+0000] {subprocess.py:106} INFO - 25/12/07 20:04:27 INFO SparkContext: Created broadcast 7 from broadcast at DAGScheduler.scala:1535
[2025-12-07T20:04:27.228+0000] {subprocess.py:106} INFO - 25/12/07 20:04:27 INFO DAGScheduler: Submitting 2 missing tasks from ResultStage 3 (MapPartitionsRDD[15] at toString at <unknown>:0) (first 15 tasks are for partitions Vector(0, 1))
[2025-12-07T20:04:27.228+0000] {subprocess.py:106} INFO - 25/12/07 20:04:27 INFO TaskSchedulerImpl: Adding task set 3.0 with 2 tasks resource profile 0
[2025-12-07T20:04:27.231+0000] {subprocess.py:106} INFO - 25/12/07 20:04:27 INFO TaskSetManager: Starting task 0.0 in stage 3.0 (TID 4) (172.18.0.8, executor 0, partition 0, PROCESS_LOCAL, 7942 bytes)
[2025-12-07T20:04:27.232+0000] {subprocess.py:106} INFO - 25/12/07 20:04:27 INFO TaskSetManager: Starting task 1.0 in stage 3.0 (TID 5) (172.18.0.8, executor 0, partition 1, PROCESS_LOCAL, 7942 bytes)
[2025-12-07T20:04:27.266+0000] {subprocess.py:106} INFO - 25/12/07 20:04:27 INFO BlockManagerInfo: Added broadcast_7_piece0 in memory on 172.18.0.8:33107 (size: 15.6 KiB, free: 434.4 MiB)
[2025-12-07T20:04:27.298+0000] {subprocess.py:106} INFO - 25/12/07 20:04:27 INFO BlockManagerInfo: Added broadcast_6_piece0 in memory on 172.18.0.8:33107 (size: 36.3 KiB, free: 434.3 MiB)
[2025-12-07T20:04:27.385+0000] {subprocess.py:106} INFO - 25/12/07 20:04:27 INFO TaskSetManager: Finished task 1.0 in stage 3.0 (TID 5) in 153 ms on 172.18.0.8 (executor 0) (1/2)
[2025-12-07T20:04:27.410+0000] {subprocess.py:106} INFO - 25/12/07 20:04:27 INFO TaskSetManager: Finished task 0.0 in stage 3.0 (TID 4) in 178 ms on 172.18.0.8 (executor 0) (2/2)
[2025-12-07T20:04:27.411+0000] {subprocess.py:106} INFO - 25/12/07 20:04:27 INFO TaskSchedulerImpl: Removed TaskSet 3.0, whose tasks have all completed, from pool
[2025-12-07T20:04:27.412+0000] {subprocess.py:106} INFO - 25/12/07 20:04:27 INFO DAGScheduler: ResultStage 3 (toString at <unknown>:0) finished in 0.199 s
[2025-12-07T20:04:27.412+0000] {subprocess.py:106} INFO - 25/12/07 20:04:27 INFO DAGScheduler: Job 3 is finished. Cancelling potential speculative or zombie tasks for this job
[2025-12-07T20:04:27.413+0000] {subprocess.py:106} INFO - 25/12/07 20:04:27 INFO TaskSchedulerImpl: Killing all running tasks in stage 3: Stage finished
[2025-12-07T20:04:27.414+0000] {subprocess.py:106} INFO - 25/12/07 20:04:27 INFO DAGScheduler: Job 3 finished: toString at <unknown>:0, took 0.204219 s
[2025-12-07T20:04:27.426+0000] {subprocess.py:106} INFO - 25/12/07 20:04:27 INFO Snapshot: [tableId=4ea2fe01-3dfb-4f4a-9dcf-b104116a038a] Created snapshot Snapshot(path=s3a://gold/fact_sales/_delta_log, version=0, metadata=Metadata(0c019af0-eb78-4898-b436-bf8b6d282e3f,null,null,Format(parquet,Map()),{"type":"struct","fields":[{"name":"sales_key","type":"long","nullable":true,"metadata":{}},{"name":"invoice_id","type":"string","nullable":true,"metadata":{"__metadata_col":true}},{"name":"invoice_date","type":"date","nullable":true,"metadata":{}},{"name":"transaction_time","type":"timestamp","nullable":true,"metadata":{}},{"name":"customer_key","type":"string","nullable":true,"metadata":{}},{"name":"branch_key","type":"string","nullable":true,"metadata":{}},{"name":"product_key","type":"string","nullable":true,"metadata":{}},{"name":"salesperson_name","type":"string","nullable":true,"metadata":{}},{"name":"quantity","type":"integer","nullable":true,"metadata":{}},{"name":"unit_list_price","type":"decimal(18,2)","nullable":true,"metadata":{}},{"name":"unit_actual_price","type":"decimal(18,2)","nullable":true,"metadata":{}},{"name":"total_revenue","type":"decimal(18,2)","nullable":true,"metadata":{}},{"name":"unit_cost","type":"decimal(18,2)","nullable":true,"metadata":{}},{"name":"total_cogs","type":"decimal(29,2)","nullable":true,"metadata":{}},{"name":"gross_profit","type":"decimal(30,2)","nullable":true,"metadata":{}}]},List(invoice_date),Map(),Some(1765136762334)), logSegment=LogSegment(s3a://gold/fact_sales/_delta_log,0,WrappedArray(S3AFileStatus{path=s3a://gold/fact_sales/_delta_log/00000000000000000000.json; isDirectory=false; length=6781472; replication=1; blocksize=33554432; modification_time=1765136829640; access_time=0; owner=root; group=root; permission=rw-rw-rw-; isSymlink=false; hasAcl=false; isEncrypted=true; isErasureCoded=false} isEmptyDirectory=FALSE eTag=da5bd16c0e987dfe3e42d31678107924 versionId=null),None,1765136829640), checksumOpt=None)
[2025-12-07T20:04:27.599+0000] {subprocess.py:106} INFO - 25/12/07 20:04:27 INFO BlockManagerInfo: Removed broadcast_7_piece0 on 13f196131dae:46673 in memory (size: 15.6 KiB, free: 434.4 MiB)
[2025-12-07T20:04:27.602+0000] {subprocess.py:106} INFO - 25/12/07 20:04:27 INFO BlockManagerInfo: Removed broadcast_7_piece0 on 172.18.0.8:33107 in memory (size: 15.6 KiB, free: 434.4 MiB)
[2025-12-07T20:04:27.838+0000] {subprocess.py:106} INFO - 25/12/07 20:04:27 INFO PrepareDeltaScan: DELTA: Filtering files for query
[2025-12-07T20:04:27.883+0000] {subprocess.py:106} INFO - 25/12/07 20:04:27 INFO MemoryStore: Block broadcast_8 stored as values in memory (estimated size 212.1 KiB, free 433.9 MiB)
[2025-12-07T20:04:27.902+0000] {subprocess.py:106} INFO - 25/12/07 20:04:27 INFO MemoryStore: Block broadcast_8_piece0 stored as bytes in memory (estimated size 36.2 KiB, free 433.9 MiB)
[2025-12-07T20:04:27.903+0000] {subprocess.py:106} INFO - 25/12/07 20:04:27 INFO BlockManagerInfo: Added broadcast_8_piece0 in memory on 13f196131dae:46673 (size: 36.2 KiB, free: 434.3 MiB)
[2025-12-07T20:04:27.904+0000] {subprocess.py:106} INFO - 25/12/07 20:04:27 INFO SparkContext: Created broadcast 8 from $anonfun$recordDeltaOperationInternal$1 at DatabricksLogging.scala:128
[2025-12-07T20:04:27.987+0000] {subprocess.py:106} INFO - 25/12/07 20:04:27 INFO BlockManagerInfo: Removed broadcast_6_piece0 on 13f196131dae:46673 in memory (size: 36.3 KiB, free: 434.4 MiB)
[2025-12-07T20:04:27.991+0000] {subprocess.py:106} INFO - 25/12/07 20:04:27 INFO BlockManagerInfo: Removed broadcast_6_piece0 on 172.18.0.8:33107 in memory (size: 36.3 KiB, free: 434.4 MiB)
[2025-12-07T20:04:28.428+0000] {subprocess.py:106} INFO - 25/12/07 20:04:28 INFO FileSourceStrategy: Pushed Filters:
[2025-12-07T20:04:28.429+0000] {subprocess.py:106} INFO - 25/12/07 20:04:28 INFO FileSourceStrategy: Post-Scan Filters:
[2025-12-07T20:04:28.816+0000] {subprocess.py:106} INFO - 25/12/07 20:04:28 INFO CodeGenerator: Code generated in 243.909411 ms
[2025-12-07T20:04:28.822+0000] {subprocess.py:106} INFO - 25/12/07 20:04:28 INFO MemoryStore: Block broadcast_9 stored as values in memory (estimated size 212.7 KiB, free 433.9 MiB)
[2025-12-07T20:04:28.838+0000] {subprocess.py:106} INFO - 25/12/07 20:04:28 INFO MemoryStore: Block broadcast_9_piece0 stored as bytes in memory (estimated size 36.3 KiB, free 433.9 MiB)
[2025-12-07T20:04:28.840+0000] {subprocess.py:106} INFO - 25/12/07 20:04:28 INFO BlockManagerInfo: Added broadcast_9_piece0 in memory on 13f196131dae:46673 (size: 36.3 KiB, free: 434.3 MiB)
[2025-12-07T20:04:28.845+0000] {subprocess.py:106} INFO - 25/12/07 20:04:28 INFO SparkContext: Created broadcast 9 from $anonfun$recordDeltaOperationInternal$1 at DatabricksLogging.scala:128
[2025-12-07T20:04:28.846+0000] {subprocess.py:106} INFO - 25/12/07 20:04:28 INFO FileSourceScanExec: Planning scan with bin packing, max size: 4194304 bytes, open cost is considered as scanning 4194304 bytes.
[2025-12-07T20:04:28.936+0000] {subprocess.py:106} INFO - 25/12/07 20:04:28 INFO DAGScheduler: Registering RDD 19 ($anonfun$recordDeltaOperationInternal$1 at DatabricksLogging.scala:128) as input to shuffle 0
[2025-12-07T20:04:28.941+0000] {subprocess.py:106} INFO - 25/12/07 20:04:28 INFO DAGScheduler: Got map stage job 4 ($anonfun$recordDeltaOperationInternal$1 at DatabricksLogging.scala:128) with 1 output partitions
[2025-12-07T20:04:28.942+0000] {subprocess.py:106} INFO - 25/12/07 20:04:28 INFO DAGScheduler: Final stage: ShuffleMapStage 4 ($anonfun$recordDeltaOperationInternal$1 at DatabricksLogging.scala:128)
[2025-12-07T20:04:28.943+0000] {subprocess.py:106} INFO - 25/12/07 20:04:28 INFO DAGScheduler: Parents of final stage: List()
[2025-12-07T20:04:28.944+0000] {subprocess.py:106} INFO - 25/12/07 20:04:28 INFO DAGScheduler: Missing parents: List()
[2025-12-07T20:04:28.945+0000] {subprocess.py:106} INFO - 25/12/07 20:04:28 INFO DAGScheduler: Submitting ShuffleMapStage 4 (MapPartitionsRDD[19] at $anonfun$recordDeltaOperationInternal$1 at DatabricksLogging.scala:128), which has no missing parents
[2025-12-07T20:04:28.979+0000] {subprocess.py:106} INFO - 25/12/07 20:04:28 INFO MemoryStore: Block broadcast_10 stored as values in memory (estimated size 138.3 KiB, free 433.8 MiB)
[2025-12-07T20:04:28.990+0000] {subprocess.py:106} INFO - 25/12/07 20:04:28 INFO MemoryStore: Block broadcast_10_piece0 stored as bytes in memory (estimated size 39.0 KiB, free 433.7 MiB)
[2025-12-07T20:04:28.992+0000] {subprocess.py:106} INFO - 25/12/07 20:04:28 INFO BlockManagerInfo: Added broadcast_10_piece0 in memory on 13f196131dae:46673 (size: 39.0 KiB, free: 434.3 MiB)
[2025-12-07T20:04:28.997+0000] {subprocess.py:106} INFO - 25/12/07 20:04:28 INFO SparkContext: Created broadcast 10 from broadcast at DAGScheduler.scala:1535
[2025-12-07T20:04:28.998+0000] {subprocess.py:106} INFO - 25/12/07 20:04:28 INFO DAGScheduler: Submitting 1 missing tasks from ShuffleMapStage 4 (MapPartitionsRDD[19] at $anonfun$recordDeltaOperationInternal$1 at DatabricksLogging.scala:128) (first 15 tasks are for partitions Vector(0))
[2025-12-07T20:04:28.999+0000] {subprocess.py:106} INFO - 25/12/07 20:04:28 INFO TaskSchedulerImpl: Adding task set 4.0 with 1 tasks resource profile 0
[2025-12-07T20:04:29.000+0000] {subprocess.py:106} INFO - 25/12/07 20:04:28 INFO TaskSetManager: Starting task 0.0 in stage 4.0 (TID 6) (172.18.0.8, executor 0, partition 0, PROCESS_LOCAL, 7938 bytes)
[2025-12-07T20:04:29.037+0000] {subprocess.py:106} INFO - 25/12/07 20:04:29 INFO BlockManagerInfo: Added broadcast_10_piece0 in memory on 172.18.0.8:33107 (size: 39.0 KiB, free: 434.4 MiB)
[2025-12-07T20:04:29.563+0000] {subprocess.py:106} INFO - 25/12/07 20:04:29 INFO BlockManagerInfo: Added broadcast_9_piece0 in memory on 172.18.0.8:33107 (size: 36.3 KiB, free: 434.3 MiB)
[2025-12-07T20:04:30.692+0000] {subprocess.py:106} INFO - 25/12/07 20:04:30 INFO TaskSetManager: Finished task 0.0 in stage 4.0 (TID 6) in 1694 ms on 172.18.0.8 (executor 0) (1/1)
[2025-12-07T20:04:30.693+0000] {subprocess.py:106} INFO - 25/12/07 20:04:30 INFO TaskSchedulerImpl: Removed TaskSet 4.0, whose tasks have all completed, from pool
[2025-12-07T20:04:30.697+0000] {subprocess.py:106} INFO - 25/12/07 20:04:30 INFO DAGScheduler: ShuffleMapStage 4 ($anonfun$recordDeltaOperationInternal$1 at DatabricksLogging.scala:128) finished in 1.746 s
[2025-12-07T20:04:30.698+0000] {subprocess.py:106} INFO - 25/12/07 20:04:30 INFO DAGScheduler: looking for newly runnable stages
[2025-12-07T20:04:30.699+0000] {subprocess.py:106} INFO - 25/12/07 20:04:30 INFO DAGScheduler: running: Set()
[2025-12-07T20:04:30.699+0000] {subprocess.py:106} INFO - 25/12/07 20:04:30 INFO DAGScheduler: waiting: Set()
[2025-12-07T20:04:30.700+0000] {subprocess.py:106} INFO - 25/12/07 20:04:30 INFO DAGScheduler: failed: Set()
[2025-12-07T20:04:30.807+0000] {subprocess.py:106} INFO - 25/12/07 20:04:30 INFO BlockManagerInfo: Removed broadcast_10_piece0 on 13f196131dae:46673 in memory (size: 39.0 KiB, free: 434.3 MiB)
[2025-12-07T20:04:30.811+0000] {subprocess.py:106} INFO - 25/12/07 20:04:30 INFO BlockManagerInfo: Removed broadcast_10_piece0 on 172.18.0.8:33107 in memory (size: 39.0 KiB, free: 434.4 MiB)
[2025-12-07T20:04:31.101+0000] {subprocess.py:106} INFO - 25/12/07 20:04:31 INFO CodeGenerator: Generated method too long to be JIT compiled: org.apache.spark.sql.catalyst.expressions.GeneratedClass$GeneratedIteratorForCodegenStage3.serializefromobject_doConsume_0$ is 19938 bytes
[2025-12-07T20:04:31.102+0000] {subprocess.py:106} INFO - 25/12/07 20:04:31 INFO CodeGenerator: Code generated in 210.602855 ms
[2025-12-07T20:04:31.215+0000] {subprocess.py:106} INFO - 25/12/07 20:04:31 INFO CodeGenerator: Code generated in 86.816566 ms
[2025-12-07T20:04:31.806+0000] {subprocess.py:106} INFO - 25/12/07 20:04:31 INFO CodeGenerator: Code generated in 147.482711 ms
[2025-12-07T20:04:31.966+0000] {subprocess.py:106} INFO - 25/12/07 20:04:31 INFO CodeGenerator: Code generated in 52.575508 ms
[2025-12-07T20:04:32.086+0000] {subprocess.py:106} INFO - 25/12/07 20:04:32 INFO SparkContext: Starting job: $anonfun$recordDeltaOperationInternal$1 at DatabricksLogging.scala:128
[2025-12-07T20:04:32.088+0000] {subprocess.py:106} INFO - 25/12/07 20:04:32 INFO DAGScheduler: Got job 5 ($anonfun$recordDeltaOperationInternal$1 at DatabricksLogging.scala:128) with 50 output partitions
[2025-12-07T20:04:32.089+0000] {subprocess.py:106} INFO - 25/12/07 20:04:32 INFO DAGScheduler: Final stage: ResultStage 6 ($anonfun$recordDeltaOperationInternal$1 at DatabricksLogging.scala:128)
[2025-12-07T20:04:32.091+0000] {subprocess.py:106} INFO - 25/12/07 20:04:32 INFO DAGScheduler: Parents of final stage: List(ShuffleMapStage 5)
[2025-12-07T20:04:32.097+0000] {subprocess.py:106} INFO - 25/12/07 20:04:32 INFO DAGScheduler: Missing parents: List()
[2025-12-07T20:04:32.099+0000] {subprocess.py:106} INFO - 25/12/07 20:04:32 INFO DAGScheduler: Submitting ResultStage 6 (MapPartitionsRDD[32] at $anonfun$recordDeltaOperationInternal$1 at DatabricksLogging.scala:128), which has no missing parents
[2025-12-07T20:04:32.125+0000] {subprocess.py:106} INFO - 25/12/07 20:04:32 INFO MemoryStore: Block broadcast_11 stored as values in memory (estimated size 655.9 KiB, free 433.3 MiB)
[2025-12-07T20:04:32.128+0000] {subprocess.py:106} INFO - 25/12/07 20:04:32 INFO MemoryStore: Block broadcast_11_piece0 stored as bytes in memory (estimated size 156.2 KiB, free 433.1 MiB)
[2025-12-07T20:04:32.130+0000] {subprocess.py:106} INFO - 25/12/07 20:04:32 INFO BlockManagerInfo: Added broadcast_11_piece0 in memory on 13f196131dae:46673 (size: 156.2 KiB, free: 434.2 MiB)
[2025-12-07T20:04:32.130+0000] {subprocess.py:106} INFO - 25/12/07 20:04:32 INFO SparkContext: Created broadcast 11 from broadcast at DAGScheduler.scala:1535
[2025-12-07T20:04:32.131+0000] {subprocess.py:106} INFO - 25/12/07 20:04:32 INFO DAGScheduler: Submitting 50 missing tasks from ResultStage 6 (MapPartitionsRDD[32] at $anonfun$recordDeltaOperationInternal$1 at DatabricksLogging.scala:128) (first 15 tasks are for partitions Vector(0, 1, 2, 3, 4, 5, 6, 7, 8, 9, 10, 11, 12, 13, 14))
[2025-12-07T20:04:32.132+0000] {subprocess.py:106} INFO - 25/12/07 20:04:32 INFO TaskSchedulerImpl: Adding task set 6.0 with 50 tasks resource profile 0
[2025-12-07T20:04:32.139+0000] {subprocess.py:106} INFO - 25/12/07 20:04:32 INFO TaskSetManager: Starting task 0.0 in stage 6.0 (TID 7) (172.18.0.8, executor 0, partition 0, NODE_LOCAL, 7367 bytes)
[2025-12-07T20:04:32.140+0000] {subprocess.py:106} INFO - 25/12/07 20:04:32 INFO TaskSetManager: Starting task 1.0 in stage 6.0 (TID 8) (172.18.0.8, executor 0, partition 1, NODE_LOCAL, 7367 bytes)
[2025-12-07T20:04:32.141+0000] {subprocess.py:106} INFO - 25/12/07 20:04:32 INFO TaskSetManager: Starting task 2.0 in stage 6.0 (TID 9) (172.18.0.8, executor 0, partition 2, NODE_LOCAL, 7367 bytes)
[2025-12-07T20:04:32.141+0000] {subprocess.py:106} INFO - 25/12/07 20:04:32 INFO TaskSetManager: Starting task 3.0 in stage 6.0 (TID 10) (172.18.0.8, executor 0, partition 3, NODE_LOCAL, 7367 bytes)
[2025-12-07T20:04:32.142+0000] {subprocess.py:106} INFO - 25/12/07 20:04:32 INFO TaskSetManager: Starting task 4.0 in stage 6.0 (TID 11) (172.18.0.8, executor 0, partition 4, NODE_LOCAL, 7367 bytes)
[2025-12-07T20:04:32.142+0000] {subprocess.py:106} INFO - 25/12/07 20:04:32 INFO TaskSetManager: Starting task 5.0 in stage 6.0 (TID 12) (172.18.0.8, executor 0, partition 5, NODE_LOCAL, 7367 bytes)
[2025-12-07T20:04:32.143+0000] {subprocess.py:106} INFO - 25/12/07 20:04:32 INFO TaskSetManager: Starting task 6.0 in stage 6.0 (TID 13) (172.18.0.8, executor 0, partition 6, NODE_LOCAL, 7367 bytes)
[2025-12-07T20:04:32.144+0000] {subprocess.py:106} INFO - 25/12/07 20:04:32 INFO TaskSetManager: Starting task 7.0 in stage 6.0 (TID 14) (172.18.0.8, executor 0, partition 7, NODE_LOCAL, 7367 bytes)
[2025-12-07T20:04:32.145+0000] {subprocess.py:106} INFO - 25/12/07 20:04:32 INFO TaskSetManager: Starting task 8.0 in stage 6.0 (TID 15) (172.18.0.8, executor 0, partition 8, NODE_LOCAL, 7367 bytes)
[2025-12-07T20:04:32.145+0000] {subprocess.py:106} INFO - 25/12/07 20:04:32 INFO TaskSetManager: Starting task 9.0 in stage 6.0 (TID 16) (172.18.0.8, executor 0, partition 9, NODE_LOCAL, 7367 bytes)
[2025-12-07T20:04:32.146+0000] {subprocess.py:106} INFO - 25/12/07 20:04:32 INFO TaskSetManager: Starting task 10.0 in stage 6.0 (TID 17) (172.18.0.8, executor 0, partition 10, NODE_LOCAL, 7367 bytes)
[2025-12-07T20:04:32.146+0000] {subprocess.py:106} INFO - 25/12/07 20:04:32 INFO TaskSetManager: Starting task 11.0 in stage 6.0 (TID 18) (172.18.0.8, executor 0, partition 11, NODE_LOCAL, 7367 bytes)
[2025-12-07T20:04:32.147+0000] {subprocess.py:106} INFO - 25/12/07 20:04:32 INFO TaskSetManager: Starting task 12.0 in stage 6.0 (TID 19) (172.18.0.8, executor 0, partition 12, NODE_LOCAL, 7367 bytes)
[2025-12-07T20:04:32.147+0000] {subprocess.py:106} INFO - 25/12/07 20:04:32 INFO TaskSetManager: Starting task 13.0 in stage 6.0 (TID 20) (172.18.0.8, executor 0, partition 13, NODE_LOCAL, 7367 bytes)
[2025-12-07T20:04:32.148+0000] {subprocess.py:106} INFO - 25/12/07 20:04:32 INFO TaskSetManager: Starting task 14.0 in stage 6.0 (TID 21) (172.18.0.8, executor 0, partition 14, NODE_LOCAL, 7367 bytes)
[2025-12-07T20:04:32.149+0000] {subprocess.py:106} INFO - 25/12/07 20:04:32 INFO TaskSetManager: Starting task 15.0 in stage 6.0 (TID 22) (172.18.0.8, executor 0, partition 15, NODE_LOCAL, 7367 bytes)
[2025-12-07T20:04:32.184+0000] {subprocess.py:106} INFO - 25/12/07 20:04:32 INFO BlockManagerInfo: Added broadcast_11_piece0 in memory on 172.18.0.8:33107 (size: 156.2 KiB, free: 434.2 MiB)
[2025-12-07T20:04:32.823+0000] {subprocess.py:106} INFO - 25/12/07 20:04:32 INFO MapOutputTrackerMasterEndpoint: Asked to send map output locations for shuffle 0 to 172.18.0.8:44278
[2025-12-07T20:04:33.910+0000] {subprocess.py:106} INFO - 25/12/07 20:04:33 INFO BlockManagerInfo: Added rdd_26_7 in memory on 172.18.0.8:33107 (size: 12.5 KiB, free: 434.2 MiB)
[2025-12-07T20:04:33.912+0000] {subprocess.py:106} INFO - 25/12/07 20:04:33 INFO BlockManagerInfo: Added rdd_26_15 in memory on 172.18.0.8:33107 (size: 11.1 KiB, free: 434.2 MiB)
[2025-12-07T20:04:33.914+0000] {subprocess.py:106} INFO - 25/12/07 20:04:33 INFO BlockManagerInfo: Added rdd_26_0 in memory on 172.18.0.8:33107 (size: 12.0 KiB, free: 434.2 MiB)
[2025-12-07T20:04:33.914+0000] {subprocess.py:106} INFO - 25/12/07 20:04:33 INFO BlockManagerInfo: Added rdd_26_2 in memory on 172.18.0.8:33107 (size: 11.1 KiB, free: 434.2 MiB)
[2025-12-07T20:04:33.916+0000] {subprocess.py:106} INFO - 25/12/07 20:04:33 INFO BlockManagerInfo: Added rdd_26_10 in memory on 172.18.0.8:33107 (size: 9.3 KiB, free: 434.2 MiB)
[2025-12-07T20:04:33.918+0000] {subprocess.py:106} INFO - 25/12/07 20:04:33 INFO BlockManagerInfo: Added rdd_26_5 in memory on 172.18.0.8:33107 (size: 9.7 KiB, free: 434.1 MiB)
[2025-12-07T20:04:33.919+0000] {subprocess.py:106} INFO - 25/12/07 20:04:33 INFO BlockManagerInfo: Added rdd_26_6 in memory on 172.18.0.8:33107 (size: 13.6 KiB, free: 434.1 MiB)
[2025-12-07T20:04:33.925+0000] {subprocess.py:106} INFO - 25/12/07 20:04:33 INFO BlockManagerInfo: Added rdd_26_11 in memory on 172.18.0.8:33107 (size: 12.6 KiB, free: 434.1 MiB)
[2025-12-07T20:04:33.926+0000] {subprocess.py:106} INFO - 25/12/07 20:04:33 INFO BlockManagerInfo: Added rdd_26_4 in memory on 172.18.0.8:33107 (size: 11.9 KiB, free: 434.1 MiB)
[2025-12-07T20:04:33.930+0000] {subprocess.py:106} INFO - 25/12/07 20:04:33 INFO BlockManagerInfo: Added rdd_26_13 in memory on 172.18.0.8:33107 (size: 10.8 KiB, free: 434.1 MiB)
[2025-12-07T20:04:33.932+0000] {subprocess.py:106} INFO - 25/12/07 20:04:33 INFO BlockManagerInfo: Added rdd_26_8 in memory on 172.18.0.8:33107 (size: 12.5 KiB, free: 434.1 MiB)
[2025-12-07T20:04:33.933+0000] {subprocess.py:106} INFO - 25/12/07 20:04:33 INFO BlockManagerInfo: Added rdd_26_14 in memory on 172.18.0.8:33107 (size: 11.1 KiB, free: 434.1 MiB)
[2025-12-07T20:04:33.934+0000] {subprocess.py:106} INFO - 25/12/07 20:04:33 INFO BlockManagerInfo: Added rdd_26_3 in memory on 172.18.0.8:33107 (size: 10.8 KiB, free: 434.1 MiB)
[2025-12-07T20:04:33.935+0000] {subprocess.py:106} INFO - 25/12/07 20:04:33 INFO BlockManagerInfo: Added rdd_26_9 in memory on 172.18.0.8:33107 (size: 11.6 KiB, free: 434.1 MiB)
[2025-12-07T20:04:33.935+0000] {subprocess.py:106} INFO - 25/12/07 20:04:33 INFO BlockManagerInfo: Added rdd_26_1 in memory on 172.18.0.8:33107 (size: 12.0 KiB, free: 434.0 MiB)
[2025-12-07T20:04:33.936+0000] {subprocess.py:106} INFO - 25/12/07 20:04:33 INFO BlockManagerInfo: Added rdd_26_12 in memory on 172.18.0.8:33107 (size: 12.1 KiB, free: 434.0 MiB)
[2025-12-07T20:04:34.282+0000] {subprocess.py:106} INFO - 25/12/07 20:04:34 INFO BlockManagerInfo: Added rdd_30_10 in memory on 172.18.0.8:33107 (size: 8.3 KiB, free: 434.0 MiB)
[2025-12-07T20:04:34.283+0000] {subprocess.py:106} INFO - 25/12/07 20:04:34 INFO BlockManagerInfo: Added rdd_30_15 in memory on 172.18.0.8:33107 (size: 9.8 KiB, free: 434.0 MiB)
[2025-12-07T20:04:34.284+0000] {subprocess.py:106} INFO - 25/12/07 20:04:34 INFO BlockManagerInfo: Added rdd_30_5 in memory on 172.18.0.8:33107 (size: 8.7 KiB, free: 434.0 MiB)
[2025-12-07T20:04:34.287+0000] {subprocess.py:106} INFO - 25/12/07 20:04:34 INFO BlockManagerInfo: Added rdd_30_9 in memory on 172.18.0.8:33107 (size: 10.5 KiB, free: 434.0 MiB)
[2025-12-07T20:04:34.300+0000] {subprocess.py:106} INFO - 25/12/07 20:04:34 INFO BlockManagerInfo: Added rdd_30_14 in memory on 172.18.0.8:33107 (size: 10.1 KiB, free: 434.0 MiB)
[2025-12-07T20:04:34.303+0000] {subprocess.py:106} INFO - 25/12/07 20:04:34 INFO BlockManagerInfo: Added rdd_30_13 in memory on 172.18.0.8:33107 (size: 9.7 KiB, free: 434.0 MiB)
[2025-12-07T20:04:34.304+0000] {subprocess.py:106} INFO - 25/12/07 20:04:34 INFO BlockManagerInfo: Added rdd_30_0 in memory on 172.18.0.8:33107 (size: 10.9 KiB, free: 434.0 MiB)
[2025-12-07T20:04:34.315+0000] {subprocess.py:106} INFO - 25/12/07 20:04:34 INFO BlockManagerInfo: Added rdd_30_1 in memory on 172.18.0.8:33107 (size: 11.1 KiB, free: 434.0 MiB)
[2025-12-07T20:04:34.316+0000] {subprocess.py:106} INFO - 25/12/07 20:04:34 INFO BlockManagerInfo: Added rdd_30_2 in memory on 172.18.0.8:33107 (size: 10.1 KiB, free: 433.9 MiB)
[2025-12-07T20:04:34.318+0000] {subprocess.py:106} INFO - 25/12/07 20:04:34 INFO BlockManagerInfo: Added rdd_30_8 in memory on 172.18.0.8:33107 (size: 11.5 KiB, free: 433.9 MiB)
[2025-12-07T20:04:34.319+0000] {subprocess.py:106} INFO - 25/12/07 20:04:34 INFO BlockManagerInfo: Added rdd_30_7 in memory on 172.18.0.8:33107 (size: 11.5 KiB, free: 433.9 MiB)
[2025-12-07T20:04:34.321+0000] {subprocess.py:106} INFO - 25/12/07 20:04:34 INFO BlockManagerInfo: Added rdd_30_6 in memory on 172.18.0.8:33107 (size: 12.3 KiB, free: 433.9 MiB)
[2025-12-07T20:04:34.323+0000] {subprocess.py:106} INFO - 25/12/07 20:04:34 INFO BlockManagerInfo: Added rdd_30_4 in memory on 172.18.0.8:33107 (size: 10.9 KiB, free: 433.9 MiB)
[2025-12-07T20:04:34.324+0000] {subprocess.py:106} INFO - 25/12/07 20:04:34 INFO BlockManagerInfo: Added rdd_30_11 in memory on 172.18.0.8:33107 (size: 11.8 KiB, free: 433.9 MiB)
[2025-12-07T20:04:34.339+0000] {subprocess.py:106} INFO - 25/12/07 20:04:34 INFO BlockManagerInfo: Added rdd_30_3 in memory on 172.18.0.8:33107 (size: 9.8 KiB, free: 433.9 MiB)
[2025-12-07T20:04:34.341+0000] {subprocess.py:106} INFO - 25/12/07 20:04:34 INFO BlockManagerInfo: Added rdd_30_12 in memory on 172.18.0.8:33107 (size: 11.2 KiB, free: 433.9 MiB)
[2025-12-07T20:04:34.421+0000] {subprocess.py:106} INFO - 25/12/07 20:04:34 INFO TaskSetManager: Starting task 16.0 in stage 6.0 (TID 23) (172.18.0.8, executor 0, partition 16, NODE_LOCAL, 7367 bytes)
[2025-12-07T20:04:34.425+0000] {subprocess.py:106} INFO - 25/12/07 20:04:34 INFO TaskSetManager: Finished task 3.0 in stage 6.0 (TID 10) in 2282 ms on 172.18.0.8 (executor 0) (1/50)
[2025-12-07T20:04:34.427+0000] {subprocess.py:106} INFO - 25/12/07 20:04:34 INFO TaskSetManager: Starting task 17.0 in stage 6.0 (TID 24) (172.18.0.8, executor 0, partition 17, NODE_LOCAL, 7367 bytes)
[2025-12-07T20:04:34.428+0000] {subprocess.py:106} INFO - 25/12/07 20:04:34 INFO TaskSetManager: Starting task 18.0 in stage 6.0 (TID 25) (172.18.0.8, executor 0, partition 18, NODE_LOCAL, 7367 bytes)
[2025-12-07T20:04:34.433+0000] {subprocess.py:106} INFO - 25/12/07 20:04:34 INFO TaskSetManager: Finished task 11.0 in stage 6.0 (TID 18) in 2287 ms on 172.18.0.8 (executor 0) (2/50)
[2025-12-07T20:04:34.434+0000] {subprocess.py:106} INFO - 25/12/07 20:04:34 INFO TaskSetManager: Finished task 5.0 in stage 6.0 (TID 12) in 2291 ms on 172.18.0.8 (executor 0) (3/50)
[2025-12-07T20:04:34.436+0000] {subprocess.py:106} INFO - 25/12/07 20:04:34 INFO TaskSetManager: Starting task 19.0 in stage 6.0 (TID 26) (172.18.0.8, executor 0, partition 19, NODE_LOCAL, 7367 bytes)
[2025-12-07T20:04:34.440+0000] {subprocess.py:106} INFO - 25/12/07 20:04:34 INFO TaskSetManager: Finished task 2.0 in stage 6.0 (TID 9) in 2298 ms on 172.18.0.8 (executor 0) (4/50)
[2025-12-07T20:04:34.445+0000] {subprocess.py:106} INFO - 25/12/07 20:04:34 INFO TaskSetManager: Finished task 6.0 in stage 6.0 (TID 13) in 2297 ms on 172.18.0.8 (executor 0) (5/50)
[2025-12-07T20:04:34.446+0000] {subprocess.py:106} INFO - 25/12/07 20:04:34 INFO TaskSetManager: Starting task 20.0 in stage 6.0 (TID 27) (172.18.0.8, executor 0, partition 20, NODE_LOCAL, 7367 bytes)
[2025-12-07T20:04:34.453+0000] {subprocess.py:106} INFO - 25/12/07 20:04:34 INFO TaskSetManager: Starting task 21.0 in stage 6.0 (TID 28) (172.18.0.8, executor 0, partition 21, NODE_LOCAL, 7367 bytes)
[2025-12-07T20:04:34.455+0000] {subprocess.py:106} INFO - 25/12/07 20:04:34 INFO TaskSetManager: Finished task 7.0 in stage 6.0 (TID 14) in 2303 ms on 172.18.0.8 (executor 0) (6/50)
[2025-12-07T20:04:34.456+0000] {subprocess.py:106} INFO - 25/12/07 20:04:34 INFO TaskSetManager: Starting task 22.0 in stage 6.0 (TID 29) (172.18.0.8, executor 0, partition 22, NODE_LOCAL, 7367 bytes)
[2025-12-07T20:04:34.458+0000] {subprocess.py:106} INFO - 25/12/07 20:04:34 INFO TaskSetManager: Starting task 23.0 in stage 6.0 (TID 30) (172.18.0.8, executor 0, partition 23, NODE_LOCAL, 7367 bytes)
[2025-12-07T20:04:34.459+0000] {subprocess.py:106} INFO - 25/12/07 20:04:34 INFO TaskSetManager: Finished task 14.0 in stage 6.0 (TID 21) in 2307 ms on 172.18.0.8 (executor 0) (7/50)
[2025-12-07T20:04:34.460+0000] {subprocess.py:106} INFO - 25/12/07 20:04:34 INFO TaskSetManager: Starting task 24.0 in stage 6.0 (TID 31) (172.18.0.8, executor 0, partition 24, NODE_LOCAL, 7367 bytes)
[2025-12-07T20:04:34.461+0000] {subprocess.py:106} INFO - 25/12/07 20:04:34 INFO TaskSetManager: Finished task 12.0 in stage 6.0 (TID 19) in 2310 ms on 172.18.0.8 (executor 0) (8/50)
[2025-12-07T20:04:34.462+0000] {subprocess.py:106} INFO - 25/12/07 20:04:34 INFO TaskSetManager: Starting task 25.0 in stage 6.0 (TID 32) (172.18.0.8, executor 0, partition 25, NODE_LOCAL, 7367 bytes)
[2025-12-07T20:04:34.463+0000] {subprocess.py:106} INFO - 25/12/07 20:04:34 INFO TaskSetManager: Finished task 15.0 in stage 6.0 (TID 22) in 2312 ms on 172.18.0.8 (executor 0) (9/50)
[2025-12-07T20:04:34.464+0000] {subprocess.py:106} INFO - 25/12/07 20:04:34 INFO TaskSetManager: Finished task 8.0 in stage 6.0 (TID 15) in 2316 ms on 172.18.0.8 (executor 0) (10/50)
[2025-12-07T20:04:34.465+0000] {subprocess.py:106} INFO - 25/12/07 20:04:34 INFO TaskSetManager: Starting task 26.0 in stage 6.0 (TID 33) (172.18.0.8, executor 0, partition 26, NODE_LOCAL, 7367 bytes)
[2025-12-07T20:04:34.469+0000] {subprocess.py:106} INFO - 25/12/07 20:04:34 INFO TaskSetManager: Finished task 10.0 in stage 6.0 (TID 17) in 2317 ms on 172.18.0.8 (executor 0) (11/50)
[2025-12-07T20:04:34.471+0000] {subprocess.py:106} INFO - 25/12/07 20:04:34 INFO TaskSetManager: Starting task 27.0 in stage 6.0 (TID 34) (172.18.0.8, executor 0, partition 27, NODE_LOCAL, 7367 bytes)
[2025-12-07T20:04:34.472+0000] {subprocess.py:106} INFO - 25/12/07 20:04:34 INFO TaskSetManager: Finished task 9.0 in stage 6.0 (TID 16) in 2321 ms on 172.18.0.8 (executor 0) (12/50)
[2025-12-07T20:04:34.473+0000] {subprocess.py:106} INFO - 25/12/07 20:04:34 INFO TaskSetManager: Starting task 28.0 in stage 6.0 (TID 35) (172.18.0.8, executor 0, partition 28, NODE_LOCAL, 7367 bytes)
[2025-12-07T20:04:34.475+0000] {subprocess.py:106} INFO - 25/12/07 20:04:34 INFO TaskSetManager: Finished task 4.0 in stage 6.0 (TID 11) in 2327 ms on 172.18.0.8 (executor 0) (13/50)
[2025-12-07T20:04:34.476+0000] {subprocess.py:106} INFO - 25/12/07 20:04:34 INFO TaskSetManager: Starting task 29.0 in stage 6.0 (TID 36) (172.18.0.8, executor 0, partition 29, NODE_LOCAL, 7367 bytes)
[2025-12-07T20:04:34.481+0000] {subprocess.py:106} INFO - 25/12/07 20:04:34 INFO TaskSetManager: Starting task 30.0 in stage 6.0 (TID 37) (172.18.0.8, executor 0, partition 30, NODE_LOCAL, 7367 bytes)
[2025-12-07T20:04:34.483+0000] {subprocess.py:106} INFO - 25/12/07 20:04:34 INFO TaskSetManager: Finished task 1.0 in stage 6.0 (TID 8) in 2334 ms on 172.18.0.8 (executor 0) (14/50)
[2025-12-07T20:04:34.485+0000] {subprocess.py:106} INFO - 25/12/07 20:04:34 INFO TaskSetManager: Starting task 31.0 in stage 6.0 (TID 38) (172.18.0.8, executor 0, partition 31, NODE_LOCAL, 7367 bytes)
[2025-12-07T20:04:34.486+0000] {subprocess.py:106} INFO - 25/12/07 20:04:34 INFO TaskSetManager: Finished task 0.0 in stage 6.0 (TID 7) in 2340 ms on 172.18.0.8 (executor 0) (15/50)
[2025-12-07T20:04:34.487+0000] {subprocess.py:106} INFO - 25/12/07 20:04:34 INFO TaskSetManager: Finished task 13.0 in stage 6.0 (TID 20) in 2332 ms on 172.18.0.8 (executor 0) (16/50)
[2025-12-07T20:04:34.774+0000] {subprocess.py:106} INFO - 25/12/07 20:04:34 INFO BlockManagerInfo: Added rdd_26_19 in memory on 172.18.0.8:33107 (size: 11.2 KiB, free: 433.9 MiB)
[2025-12-07T20:04:34.781+0000] {subprocess.py:106} INFO - 25/12/07 20:04:34 INFO BlockManagerInfo: Added rdd_26_18 in memory on 172.18.0.8:33107 (size: 10.1 KiB, free: 433.8 MiB)
[2025-12-07T20:04:34.783+0000] {subprocess.py:106} INFO - 25/12/07 20:04:34 INFO BlockManagerInfo: Added rdd_26_25 in memory on 172.18.0.8:33107 (size: 8.2 KiB, free: 433.8 MiB)
[2025-12-07T20:04:34.784+0000] {subprocess.py:106} INFO - 25/12/07 20:04:34 INFO BlockManagerInfo: Added rdd_26_26 in memory on 172.18.0.8:33107 (size: 11.6 KiB, free: 433.8 MiB)
[2025-12-07T20:04:34.787+0000] {subprocess.py:106} INFO - 25/12/07 20:04:34 INFO BlockManagerInfo: Added rdd_26_24 in memory on 172.18.0.8:33107 (size: 11.5 KiB, free: 433.8 MiB)
[2025-12-07T20:04:34.789+0000] {subprocess.py:106} INFO - 25/12/07 20:04:34 INFO BlockManagerInfo: Added rdd_26_21 in memory on 172.18.0.8:33107 (size: 15.0 KiB, free: 433.8 MiB)
[2025-12-07T20:04:34.805+0000] {subprocess.py:106} INFO - 25/12/07 20:04:34 INFO BlockManagerInfo: Added rdd_26_16 in memory on 172.18.0.8:33107 (size: 9.0 KiB, free: 433.8 MiB)
[2025-12-07T20:04:34.834+0000] {subprocess.py:106} INFO - 25/12/07 20:04:34 INFO BlockManagerInfo: Added rdd_26_29 in memory on 172.18.0.8:33107 (size: 9.4 KiB, free: 433.8 MiB)
[2025-12-07T20:04:34.845+0000] {subprocess.py:106} INFO - 25/12/07 20:04:34 INFO BlockManagerInfo: Added rdd_26_30 in memory on 172.18.0.8:33107 (size: 11.0 KiB, free: 433.8 MiB)
[2025-12-07T20:04:34.846+0000] {subprocess.py:106} INFO - 25/12/07 20:04:34 INFO BlockManagerInfo: Added rdd_26_27 in memory on 172.18.0.8:33107 (size: 10.3 KiB, free: 433.8 MiB)
[2025-12-07T20:04:34.848+0000] {subprocess.py:106} INFO - 25/12/07 20:04:34 INFO BlockManagerInfo: Added rdd_26_17 in memory on 172.18.0.8:33107 (size: 11.9 KiB, free: 433.8 MiB)
[2025-12-07T20:04:34.849+0000] {subprocess.py:106} INFO - 25/12/07 20:04:34 INFO BlockManagerInfo: Added rdd_26_31 in memory on 172.18.0.8:33107 (size: 11.0 KiB, free: 433.7 MiB)
[2025-12-07T20:04:34.878+0000] {subprocess.py:106} INFO - 25/12/07 20:04:34 INFO BlockManagerInfo: Added rdd_26_22 in memory on 172.18.0.8:33107 (size: 9.8 KiB, free: 433.7 MiB)
[2025-12-07T20:04:34.884+0000] {subprocess.py:106} INFO - 25/12/07 20:04:34 INFO BlockManagerInfo: Added rdd_30_25 in memory on 172.18.0.8:33107 (size: 7.5 KiB, free: 433.7 MiB)
[2025-12-07T20:04:34.887+0000] {subprocess.py:106} INFO - 25/12/07 20:04:34 INFO BlockManagerInfo: Added rdd_30_26 in memory on 172.18.0.8:33107 (size: 10.6 KiB, free: 433.7 MiB)
[2025-12-07T20:04:34.899+0000] {subprocess.py:106} INFO - 25/12/07 20:04:34 INFO BlockManagerInfo: Added rdd_30_29 in memory on 172.18.0.8:33107 (size: 8.5 KiB, free: 433.7 MiB)
[2025-12-07T20:04:34.901+0000] {subprocess.py:106} INFO - 25/12/07 20:04:34 INFO BlockManagerInfo: Added rdd_26_23 in memory on 172.18.0.8:33107 (size: 11.7 KiB, free: 433.7 MiB)
[2025-12-07T20:04:34.903+0000] {subprocess.py:106} INFO - 25/12/07 20:04:34 INFO BlockManagerInfo: Added rdd_30_16 in memory on 172.18.0.8:33107 (size: 8.2 KiB, free: 433.7 MiB)
[2025-12-07T20:04:34.905+0000] {subprocess.py:106} INFO - 25/12/07 20:04:34 INFO BlockManagerInfo: Added rdd_26_28 in memory on 172.18.0.8:33107 (size: 9.8 KiB, free: 433.7 MiB)
[2025-12-07T20:04:34.909+0000] {subprocess.py:106} INFO - 25/12/07 20:04:34 INFO BlockManagerInfo: Added rdd_26_20 in memory on 172.18.0.8:33107 (size: 10.7 KiB, free: 433.7 MiB)
[2025-12-07T20:04:34.911+0000] {subprocess.py:106} INFO - 25/12/07 20:04:34 INFO BlockManagerInfo: Added rdd_30_18 in memory on 172.18.0.8:33107 (size: 9.2 KiB, free: 433.7 MiB)
[2025-12-07T20:04:34.914+0000] {subprocess.py:106} INFO - 25/12/07 20:04:34 INFO BlockManagerInfo: Added rdd_30_19 in memory on 172.18.0.8:33107 (size: 10.4 KiB, free: 433.6 MiB)
[2025-12-07T20:04:34.915+0000] {subprocess.py:106} INFO - 25/12/07 20:04:34 INFO BlockManagerInfo: Added rdd_30_24 in memory on 172.18.0.8:33107 (size: 10.6 KiB, free: 433.6 MiB)
[2025-12-07T20:04:34.916+0000] {subprocess.py:106} INFO - 25/12/07 20:04:34 INFO BlockManagerInfo: Added rdd_30_30 in memory on 172.18.0.8:33107 (size: 10.0 KiB, free: 433.6 MiB)
[2025-12-07T20:04:34.921+0000] {subprocess.py:106} INFO - 25/12/07 20:04:34 INFO TaskSetManager: Starting task 32.0 in stage 6.0 (TID 39) (172.18.0.8, executor 0, partition 32, NODE_LOCAL, 7367 bytes)
[2025-12-07T20:04:34.927+0000] {subprocess.py:106} INFO - 25/12/07 20:04:34 INFO TaskSetManager: Finished task 25.0 in stage 6.0 (TID 32) in 470 ms on 172.18.0.8 (executor 0) (17/50)
[2025-12-07T20:04:34.933+0000] {subprocess.py:106} INFO - 25/12/07 20:04:34 INFO TaskSetManager: Starting task 33.0 in stage 6.0 (TID 40) (172.18.0.8, executor 0, partition 33, NODE_LOCAL, 7367 bytes)
[2025-12-07T20:04:34.938+0000] {subprocess.py:106} INFO - 25/12/07 20:04:34 INFO TaskSetManager: Starting task 34.0 in stage 6.0 (TID 41) (172.18.0.8, executor 0, partition 34, NODE_LOCAL, 7367 bytes)
[2025-12-07T20:04:34.939+0000] {subprocess.py:106} INFO - 25/12/07 20:04:34 INFO TaskSetManager: Finished task 26.0 in stage 6.0 (TID 33) in 479 ms on 172.18.0.8 (executor 0) (18/50)
[2025-12-07T20:04:34.941+0000] {subprocess.py:106} INFO - 25/12/07 20:04:34 INFO TaskSetManager: Finished task 29.0 in stage 6.0 (TID 36) in 471 ms on 172.18.0.8 (executor 0) (19/50)
[2025-12-07T20:04:34.949+0000] {subprocess.py:106} INFO - 25/12/07 20:04:34 INFO BlockManagerInfo: Added rdd_30_27 in memory on 172.18.0.8:33107 (size: 9.3 KiB, free: 433.6 MiB)
[2025-12-07T20:04:34.950+0000] {subprocess.py:106} INFO - 25/12/07 20:04:34 INFO BlockManagerInfo: Added rdd_30_17 in memory on 172.18.0.8:33107 (size: 11.0 KiB, free: 433.6 MiB)
[2025-12-07T20:04:34.953+0000] {subprocess.py:106} INFO - 25/12/07 20:04:34 INFO TaskSetManager: Starting task 35.0 in stage 6.0 (TID 42) (172.18.0.8, executor 0, partition 35, NODE_LOCAL, 7367 bytes)
[2025-12-07T20:04:34.957+0000] {subprocess.py:106} INFO - 25/12/07 20:04:34 INFO TaskSetManager: Starting task 36.0 in stage 6.0 (TID 43) (172.18.0.8, executor 0, partition 36, NODE_LOCAL, 7367 bytes)
[2025-12-07T20:04:34.958+0000] {subprocess.py:106} INFO - 25/12/07 20:04:34 INFO BlockManagerInfo: Added rdd_30_22 in memory on 172.18.0.8:33107 (size: 9.0 KiB, free: 433.6 MiB)
[2025-12-07T20:04:34.960+0000] {subprocess.py:106} INFO - 25/12/07 20:04:34 INFO BlockManagerInfo: Added rdd_30_28 in memory on 172.18.0.8:33107 (size: 8.8 KiB, free: 433.6 MiB)
[2025-12-07T20:04:34.962+0000] {subprocess.py:106} INFO - 25/12/07 20:04:34 INFO BlockManagerInfo: Added rdd_30_21 in memory on 172.18.0.8:33107 (size: 13.4 KiB, free: 433.6 MiB)
[2025-12-07T20:04:34.964+0000] {subprocess.py:106} INFO - 25/12/07 20:04:34 INFO TaskSetManager: Finished task 19.0 in stage 6.0 (TID 26) in 523 ms on 172.18.0.8 (executor 0) (20/50)
[2025-12-07T20:04:34.966+0000] {subprocess.py:106} INFO - 25/12/07 20:04:34 INFO BlockManagerInfo: Added rdd_30_20 in memory on 172.18.0.8:33107 (size: 9.5 KiB, free: 433.6 MiB)
[2025-12-07T20:04:34.967+0000] {subprocess.py:106} INFO - 25/12/07 20:04:34 INFO TaskSetManager: Finished task 16.0 in stage 6.0 (TID 23) in 546 ms on 172.18.0.8 (executor 0) (21/50)
[2025-12-07T20:04:34.971+0000] {subprocess.py:106} INFO - 25/12/07 20:04:34 INFO BlockManagerInfo: Added rdd_30_23 in memory on 172.18.0.8:33107 (size: 10.7 KiB, free: 433.6 MiB)
[2025-12-07T20:04:34.973+0000] {subprocess.py:106} INFO - 25/12/07 20:04:34 INFO TaskSetManager: Starting task 37.0 in stage 6.0 (TID 44) (172.18.0.8, executor 0, partition 37, NODE_LOCAL, 7367 bytes)
[2025-12-07T20:04:34.975+0000] {subprocess.py:106} INFO - 25/12/07 20:04:34 INFO BlockManagerInfo: Added rdd_30_31 in memory on 172.18.0.8:33107 (size: 9.8 KiB, free: 433.5 MiB)
[2025-12-07T20:04:34.976+0000] {subprocess.py:106} INFO - 25/12/07 20:04:34 INFO TaskSetManager: Finished task 24.0 in stage 6.0 (TID 31) in 520 ms on 172.18.0.8 (executor 0) (22/50)
[2025-12-07T20:04:34.977+0000] {subprocess.py:106} INFO - 25/12/07 20:04:34 INFO TaskSetManager: Starting task 38.0 in stage 6.0 (TID 45) (172.18.0.8, executor 0, partition 38, NODE_LOCAL, 7367 bytes)
[2025-12-07T20:04:34.978+0000] {subprocess.py:106} INFO - 25/12/07 20:04:34 INFO TaskSetManager: Finished task 30.0 in stage 6.0 (TID 37) in 505 ms on 172.18.0.8 (executor 0) (23/50)
[2025-12-07T20:04:34.992+0000] {subprocess.py:106} INFO - 25/12/07 20:04:34 INFO TaskSetManager: Starting task 39.0 in stage 6.0 (TID 46) (172.18.0.8, executor 0, partition 39, NODE_LOCAL, 7367 bytes)
[2025-12-07T20:04:34.994+0000] {subprocess.py:106} INFO - 25/12/07 20:04:34 INFO TaskSetManager: Finished task 18.0 in stage 6.0 (TID 25) in 567 ms on 172.18.0.8 (executor 0) (24/50)
[2025-12-07T20:04:34.995+0000] {subprocess.py:106} INFO - 25/12/07 20:04:34 INFO TaskSetManager: Starting task 40.0 in stage 6.0 (TID 47) (172.18.0.8, executor 0, partition 40, NODE_LOCAL, 7367 bytes)
[2025-12-07T20:04:34.999+0000] {subprocess.py:106} INFO - 25/12/07 20:04:34 INFO TaskSetManager: Finished task 27.0 in stage 6.0 (TID 34) in 533 ms on 172.18.0.8 (executor 0) (25/50)
[2025-12-07T20:04:35.017+0000] {subprocess.py:106} INFO - 25/12/07 20:04:35 INFO TaskSetManager: Starting task 41.0 in stage 6.0 (TID 48) (172.18.0.8, executor 0, partition 41, NODE_LOCAL, 7367 bytes)
[2025-12-07T20:04:35.018+0000] {subprocess.py:106} INFO - 25/12/07 20:04:35 INFO TaskSetManager: Finished task 28.0 in stage 6.0 (TID 35) in 551 ms on 172.18.0.8 (executor 0) (26/50)
[2025-12-07T20:04:35.019+0000] {subprocess.py:106} INFO - 25/12/07 20:04:35 INFO TaskSetManager: Starting task 42.0 in stage 6.0 (TID 49) (172.18.0.8, executor 0, partition 42, NODE_LOCAL, 7367 bytes)
[2025-12-07T20:04:35.022+0000] {subprocess.py:106} INFO - 25/12/07 20:04:35 INFO TaskSetManager: Starting task 43.0 in stage 6.0 (TID 50) (172.18.0.8, executor 0, partition 43, NODE_LOCAL, 7367 bytes)
[2025-12-07T20:04:35.029+0000] {subprocess.py:106} INFO - 25/12/07 20:04:35 INFO TaskSetManager: Finished task 17.0 in stage 6.0 (TID 24) in 598 ms on 172.18.0.8 (executor 0) (27/50)
[2025-12-07T20:04:35.031+0000] {subprocess.py:106} INFO - 25/12/07 20:04:35 INFO TaskSetManager: Starting task 44.0 in stage 6.0 (TID 51) (172.18.0.8, executor 0, partition 44, NODE_LOCAL, 7367 bytes)
[2025-12-07T20:04:35.034+0000] {subprocess.py:106} INFO - 25/12/07 20:04:35 INFO TaskSetManager: Finished task 22.0 in stage 6.0 (TID 29) in 577 ms on 172.18.0.8 (executor 0) (28/50)
[2025-12-07T20:04:35.037+0000] {subprocess.py:106} INFO - 25/12/07 20:04:35 INFO TaskSetManager: Starting task 45.0 in stage 6.0 (TID 52) (172.18.0.8, executor 0, partition 45, NODE_LOCAL, 7367 bytes)
[2025-12-07T20:04:35.038+0000] {subprocess.py:106} INFO - 25/12/07 20:04:35 INFO TaskSetManager: Starting task 46.0 in stage 6.0 (TID 53) (172.18.0.8, executor 0, partition 46, NODE_LOCAL, 7367 bytes)
[2025-12-07T20:04:35.039+0000] {subprocess.py:106} INFO - 25/12/07 20:04:35 INFO TaskSetManager: Finished task 20.0 in stage 6.0 (TID 27) in 589 ms on 172.18.0.8 (executor 0) (29/50)
[2025-12-07T20:04:35.040+0000] {subprocess.py:106} INFO - 25/12/07 20:04:35 INFO TaskSetManager: Finished task 23.0 in stage 6.0 (TID 30) in 581 ms on 172.18.0.8 (executor 0) (30/50)
[2025-12-07T20:04:35.040+0000] {subprocess.py:106} INFO - 25/12/07 20:04:35 INFO TaskSetManager: Finished task 31.0 in stage 6.0 (TID 38) in 556 ms on 172.18.0.8 (executor 0) (31/50)
[2025-12-07T20:04:35.049+0000] {subprocess.py:106} INFO - 25/12/07 20:04:35 INFO TaskSetManager: Starting task 47.0 in stage 6.0 (TID 54) (172.18.0.8, executor 0, partition 47, NODE_LOCAL, 7367 bytes)
[2025-12-07T20:04:35.053+0000] {subprocess.py:106} INFO - 25/12/07 20:04:35 INFO TaskSetManager: Finished task 21.0 in stage 6.0 (TID 28) in 604 ms on 172.18.0.8 (executor 0) (32/50)
[2025-12-07T20:04:35.195+0000] {subprocess.py:106} INFO - 25/12/07 20:04:35 INFO BlockManagerInfo: Added rdd_26_32 in memory on 172.18.0.8:33107 (size: 10.9 KiB, free: 433.5 MiB)
[2025-12-07T20:04:35.198+0000] {subprocess.py:106} INFO - 25/12/07 20:04:35 INFO BlockManagerInfo: Added rdd_26_33 in memory on 172.18.0.8:33107 (size: 13.5 KiB, free: 433.5 MiB)
[2025-12-07T20:04:35.250+0000] {subprocess.py:106} INFO - 25/12/07 20:04:35 INFO BlockManagerInfo: Added rdd_26_38 in memory on 172.18.0.8:33107 (size: 14.0 KiB, free: 433.5 MiB)
[2025-12-07T20:04:35.251+0000] {subprocess.py:106} INFO - 25/12/07 20:04:35 INFO BlockManagerInfo: Added rdd_26_39 in memory on 172.18.0.8:33107 (size: 11.0 KiB, free: 433.5 MiB)
[2025-12-07T20:04:35.252+0000] {subprocess.py:106} INFO - 25/12/07 20:04:35 INFO BlockManagerInfo: Added rdd_26_34 in memory on 172.18.0.8:33107 (size: 11.1 KiB, free: 433.5 MiB)
[2025-12-07T20:04:35.254+0000] {subprocess.py:106} INFO - 25/12/07 20:04:35 INFO BlockManagerInfo: Added rdd_26_36 in memory on 172.18.0.8:33107 (size: 11.6 KiB, free: 433.5 MiB)
[2025-12-07T20:04:35.255+0000] {subprocess.py:106} INFO - 25/12/07 20:04:35 INFO BlockManagerInfo: Added rdd_26_40 in memory on 172.18.0.8:33107 (size: 11.9 KiB, free: 433.5 MiB)
[2025-12-07T20:04:35.256+0000] {subprocess.py:106} INFO - 25/12/07 20:04:35 INFO BlockManagerInfo: Added rdd_30_33 in memory on 172.18.0.8:33107 (size: 12.3 KiB, free: 433.5 MiB)
[2025-12-07T20:04:35.257+0000] {subprocess.py:106} INFO - 25/12/07 20:04:35 INFO BlockManagerInfo: Added rdd_26_37 in memory on 172.18.0.8:33107 (size: 10.0 KiB, free: 433.4 MiB)
[2025-12-07T20:04:35.261+0000] {subprocess.py:106} INFO - 25/12/07 20:04:35 INFO BlockManagerInfo: Added rdd_30_32 in memory on 172.18.0.8:33107 (size: 9.8 KiB, free: 433.4 MiB)
[2025-12-07T20:04:35.263+0000] {subprocess.py:106} INFO - 25/12/07 20:04:35 INFO BlockManagerInfo: Added rdd_26_41 in memory on 172.18.0.8:33107 (size: 12.0 KiB, free: 433.4 MiB)
[2025-12-07T20:04:35.266+0000] {subprocess.py:106} INFO - 25/12/07 20:04:35 INFO BlockManagerInfo: Added rdd_26_43 in memory on 172.18.0.8:33107 (size: 11.8 KiB, free: 433.4 MiB)
[2025-12-07T20:04:35.269+0000] {subprocess.py:106} INFO - 25/12/07 20:04:35 INFO BlockManagerInfo: Added rdd_26_46 in memory on 172.18.0.8:33107 (size: 10.7 KiB, free: 433.4 MiB)
[2025-12-07T20:04:35.271+0000] {subprocess.py:106} INFO - 25/12/07 20:04:35 INFO BlockManagerInfo: Added rdd_26_35 in memory on 172.18.0.8:33107 (size: 11.1 KiB, free: 433.4 MiB)
[2025-12-07T20:04:35.276+0000] {subprocess.py:106} INFO - 25/12/07 20:04:35 INFO BlockManagerInfo: Added rdd_26_47 in memory on 172.18.0.8:33107 (size: 11.5 KiB, free: 433.4 MiB)
[2025-12-07T20:04:35.280+0000] {subprocess.py:106} INFO - 25/12/07 20:04:35 INFO BlockManagerInfo: Added rdd_26_45 in memory on 172.18.0.8:33107 (size: 11.9 KiB, free: 433.4 MiB)
[2025-12-07T20:04:35.281+0000] {subprocess.py:106} INFO - 25/12/07 20:04:35 INFO BlockManagerInfo: Added rdd_26_44 in memory on 172.18.0.8:33107 (size: 11.5 KiB, free: 433.4 MiB)
[2025-12-07T20:04:35.289+0000] {subprocess.py:106} INFO - 25/12/07 20:04:35 INFO BlockManagerInfo: Added rdd_30_39 in memory on 172.18.0.8:33107 (size: 10.2 KiB, free: 433.3 MiB)
[2025-12-07T20:04:35.298+0000] {subprocess.py:106} INFO - 25/12/07 20:04:35 INFO BlockManagerInfo: Added rdd_30_34 in memory on 172.18.0.8:33107 (size: 10.2 KiB, free: 433.3 MiB)
[2025-12-07T20:04:35.318+0000] {subprocess.py:106} INFO - 25/12/07 20:04:35 INFO TaskSetManager: Starting task 48.0 in stage 6.0 (TID 55) (172.18.0.8, executor 0, partition 48, NODE_LOCAL, 7367 bytes)
[2025-12-07T20:04:35.320+0000] {subprocess.py:106} INFO - 25/12/07 20:04:35 INFO TaskSetManager: Finished task 32.0 in stage 6.0 (TID 39) in 398 ms on 172.18.0.8 (executor 0) (33/50)
[2025-12-07T20:04:35.324+0000] {subprocess.py:106} INFO - 25/12/07 20:04:35 INFO TaskSetManager: Starting task 49.0 in stage 6.0 (TID 56) (172.18.0.8, executor 0, partition 49, NODE_LOCAL, 7367 bytes)
[2025-12-07T20:04:35.326+0000] {subprocess.py:106} INFO - 25/12/07 20:04:35 INFO TaskSetManager: Finished task 33.0 in stage 6.0 (TID 40) in 392 ms on 172.18.0.8 (executor 0) (34/50)
[2025-12-07T20:04:35.329+0000] {subprocess.py:106} INFO - 25/12/07 20:04:35 INFO BlockManagerInfo: Added rdd_30_38 in memory on 172.18.0.8:33107 (size: 12.4 KiB, free: 433.3 MiB)
[2025-12-07T20:04:35.330+0000] {subprocess.py:106} INFO - 25/12/07 20:04:35 INFO BlockManagerInfo: Added rdd_30_40 in memory on 172.18.0.8:33107 (size: 10.9 KiB, free: 433.3 MiB)
[2025-12-07T20:04:35.331+0000] {subprocess.py:106} INFO - 25/12/07 20:04:35 INFO BlockManagerInfo: Added rdd_30_46 in memory on 172.18.0.8:33107 (size: 9.7 KiB, free: 433.3 MiB)
[2025-12-07T20:04:35.332+0000] {subprocess.py:106} INFO - 25/12/07 20:04:35 INFO BlockManagerInfo: Added rdd_30_36 in memory on 172.18.0.8:33107 (size: 10.7 KiB, free: 433.3 MiB)
[2025-12-07T20:04:35.333+0000] {subprocess.py:106} INFO - 25/12/07 20:04:35 INFO TaskSetManager: Finished task 39.0 in stage 6.0 (TID 46) in 339 ms on 172.18.0.8 (executor 0) (35/50)
[2025-12-07T20:04:35.334+0000] {subprocess.py:106} INFO - 25/12/07 20:04:35 INFO BlockManagerInfo: Added rdd_30_37 in memory on 172.18.0.8:33107 (size: 8.9 KiB, free: 433.3 MiB)
[2025-12-07T20:04:35.335+0000] {subprocess.py:106} INFO - 25/12/07 20:04:35 INFO BlockManagerInfo: Added rdd_30_47 in memory on 172.18.0.8:33107 (size: 10.6 KiB, free: 433.3 MiB)
[2025-12-07T20:04:35.336+0000] {subprocess.py:106} INFO - 25/12/07 20:04:35 INFO BlockManagerInfo: Added rdd_30_35 in memory on 172.18.0.8:33107 (size: 10.2 KiB, free: 433.3 MiB)
[2025-12-07T20:04:35.337+0000] {subprocess.py:106} INFO - 25/12/07 20:04:35 INFO BlockManagerInfo: Added rdd_30_41 in memory on 172.18.0.8:33107 (size: 11.2 KiB, free: 433.3 MiB)
[2025-12-07T20:04:35.337+0000] {subprocess.py:106} INFO - 25/12/07 20:04:35 INFO BlockManagerInfo: Added rdd_30_44 in memory on 172.18.0.8:33107 (size: 10.3 KiB, free: 433.2 MiB)
[2025-12-07T20:04:35.359+0000] {subprocess.py:106} INFO - 25/12/07 20:04:35 INFO BlockManagerInfo: Added rdd_30_45 in memory on 172.18.0.8:33107 (size: 10.9 KiB, free: 433.2 MiB)
[2025-12-07T20:04:35.370+0000] {subprocess.py:106} INFO - 25/12/07 20:04:35 INFO BlockManagerInfo: Added rdd_30_43 in memory on 172.18.0.8:33107 (size: 10.7 KiB, free: 433.2 MiB)
[2025-12-07T20:04:35.372+0000] {subprocess.py:106} INFO - 25/12/07 20:04:35 INFO TaskSetManager: Finished task 36.0 in stage 6.0 (TID 43) in 416 ms on 172.18.0.8 (executor 0) (36/50)
[2025-12-07T20:04:35.377+0000] {subprocess.py:106} INFO - 25/12/07 20:04:35 INFO TaskSetManager: Finished task 37.0 in stage 6.0 (TID 44) in 402 ms on 172.18.0.8 (executor 0) (37/50)
[2025-12-07T20:04:35.387+0000] {subprocess.py:106} INFO - 25/12/07 20:04:35 INFO TaskSetManager: Finished task 40.0 in stage 6.0 (TID 47) in 390 ms on 172.18.0.8 (executor 0) (38/50)
[2025-12-07T20:04:35.394+0000] {subprocess.py:106} INFO - 25/12/07 20:04:35 INFO TaskSetManager: Finished task 41.0 in stage 6.0 (TID 48) in 369 ms on 172.18.0.8 (executor 0) (39/50)
[2025-12-07T20:04:35.395+0000] {subprocess.py:106} INFO - 25/12/07 20:04:35 INFO TaskSetManager: Finished task 47.0 in stage 6.0 (TID 54) in 341 ms on 172.18.0.8 (executor 0) (40/50)
[2025-12-07T20:04:35.396+0000] {subprocess.py:106} INFO - 25/12/07 20:04:35 INFO TaskSetManager: Finished task 34.0 in stage 6.0 (TID 41) in 452 ms on 172.18.0.8 (executor 0) (41/50)
[2025-12-07T20:04:35.401+0000] {subprocess.py:106} INFO - 25/12/07 20:04:35 INFO TaskSetManager: Finished task 35.0 in stage 6.0 (TID 42) in 440 ms on 172.18.0.8 (executor 0) (42/50)
[2025-12-07T20:04:35.403+0000] {subprocess.py:106} INFO - 25/12/07 20:04:35 INFO TaskSetManager: Finished task 38.0 in stage 6.0 (TID 45) in 416 ms on 172.18.0.8 (executor 0) (43/50)
[2025-12-07T20:04:35.404+0000] {subprocess.py:106} INFO - 25/12/07 20:04:35 INFO TaskSetManager: Finished task 44.0 in stage 6.0 (TID 51) in 370 ms on 172.18.0.8 (executor 0) (44/50)
[2025-12-07T20:04:35.404+0000] {subprocess.py:106} INFO - 25/12/07 20:04:35 INFO TaskSetManager: Finished task 46.0 in stage 6.0 (TID 53) in 366 ms on 172.18.0.8 (executor 0) (45/50)
[2025-12-07T20:04:35.405+0000] {subprocess.py:106} INFO - 25/12/07 20:04:35 INFO TaskSetManager: Finished task 45.0 in stage 6.0 (TID 52) in 372 ms on 172.18.0.8 (executor 0) (46/50)
[2025-12-07T20:04:35.416+0000] {subprocess.py:106} INFO - 25/12/07 20:04:35 INFO TaskSetManager: Finished task 43.0 in stage 6.0 (TID 50) in 394 ms on 172.18.0.8 (executor 0) (47/50)
[2025-12-07T20:04:35.462+0000] {subprocess.py:106} INFO - 25/12/07 20:04:35 INFO BlockManagerInfo: Added rdd_26_49 in memory on 172.18.0.8:33107 (size: 11.1 KiB, free: 433.2 MiB)
[2025-12-07T20:04:35.463+0000] {subprocess.py:106} INFO - 25/12/07 20:04:35 INFO BlockManagerInfo: Added rdd_26_48 in memory on 172.18.0.8:33107 (size: 8.4 KiB, free: 433.2 MiB)
[2025-12-07T20:04:35.482+0000] {subprocess.py:106} INFO - 25/12/07 20:04:35 INFO BlockManagerInfo: Added rdd_30_48 in memory on 172.18.0.8:33107 (size: 7.5 KiB, free: 433.2 MiB)
[2025-12-07T20:04:35.483+0000] {subprocess.py:106} INFO - 25/12/07 20:04:35 INFO BlockManagerInfo: Added rdd_30_49 in memory on 172.18.0.8:33107 (size: 9.9 KiB, free: 433.2 MiB)
[2025-12-07T20:04:35.497+0000] {subprocess.py:106} INFO - 25/12/07 20:04:35 INFO TaskSetManager: Finished task 48.0 in stage 6.0 (TID 55) in 181 ms on 172.18.0.8 (executor 0) (48/50)
[2025-12-07T20:04:35.500+0000] {subprocess.py:106} INFO - 25/12/07 20:04:35 INFO TaskSetManager: Finished task 49.0 in stage 6.0 (TID 56) in 178 ms on 172.18.0.8 (executor 0) (49/50)
[2025-12-07T20:04:35.629+0000] {subprocess.py:106} INFO - 25/12/07 20:04:35 INFO BlockManagerInfo: Added rdd_26_42 in memory on 172.18.0.8:33107 (size: 12.7 KiB, free: 433.2 MiB)
[2025-12-07T20:04:35.647+0000] {subprocess.py:106} INFO - 25/12/07 20:04:35 INFO BlockManagerInfo: Added rdd_30_42 in memory on 172.18.0.8:33107 (size: 11.5 KiB, free: 433.2 MiB)
[2025-12-07T20:04:35.660+0000] {subprocess.py:106} INFO - 25/12/07 20:04:35 INFO TaskSetManager: Finished task 42.0 in stage 6.0 (TID 49) in 642 ms on 172.18.0.8 (executor 0) (50/50)
[2025-12-07T20:04:35.661+0000] {subprocess.py:106} INFO - 25/12/07 20:04:35 INFO TaskSchedulerImpl: Removed TaskSet 6.0, whose tasks have all completed, from pool
[2025-12-07T20:04:35.663+0000] {subprocess.py:106} INFO - 25/12/07 20:04:35 INFO DAGScheduler: ResultStage 6 ($anonfun$recordDeltaOperationInternal$1 at DatabricksLogging.scala:128) finished in 3.545 s
[2025-12-07T20:04:35.663+0000] {subprocess.py:106} INFO - 25/12/07 20:04:35 INFO DAGScheduler: Job 5 is finished. Cancelling potential speculative or zombie tasks for this job
[2025-12-07T20:04:35.664+0000] {subprocess.py:106} INFO - 25/12/07 20:04:35 INFO TaskSchedulerImpl: Killing all running tasks in stage 6: Stage finished
[2025-12-07T20:04:35.664+0000] {subprocess.py:106} INFO - 25/12/07 20:04:35 INFO DAGScheduler: Job 5 finished: $anonfun$recordDeltaOperationInternal$1 at DatabricksLogging.scala:128, took 3.575842 s
[2025-12-07T20:04:35.709+0000] {subprocess.py:106} INFO - 25/12/07 20:04:35 INFO BlockManagerInfo: Removed broadcast_11_piece0 on 13f196131dae:46673 in memory (size: 156.2 KiB, free: 434.3 MiB)
[2025-12-07T20:04:35.712+0000] {subprocess.py:106} INFO - 25/12/07 20:04:35 INFO BlockManagerInfo: Removed broadcast_11_piece0 on 172.18.0.8:33107 in memory (size: 156.2 KiB, free: 433.3 MiB)
[2025-12-07T20:04:35.714+0000] {subprocess.py:106} INFO - 25/12/07 20:04:35 INFO CodeGenerator: Code generated in 37.753452 ms
[2025-12-07T20:04:35.733+0000] {subprocess.py:106} INFO - 25/12/07 20:04:35 INFO PrepareDeltaScan: DELTA: Done
[2025-12-07T20:04:35.780+0000] {subprocess.py:106} INFO - 25/12/07 20:04:35 INFO PrepareDeltaScan: DELTA: Filtering files for query
[2025-12-07T20:04:35.787+0000] {subprocess.py:106} INFO - 25/12/07 20:04:35 INFO MemoryStore: Block broadcast_12 stored as values in memory (estimated size 212.1 KiB, free 433.7 MiB)
[2025-12-07T20:04:35.797+0000] {subprocess.py:106} INFO - 25/12/07 20:04:35 INFO MemoryStore: Block broadcast_12_piece0 stored as bytes in memory (estimated size 36.2 KiB, free 433.7 MiB)
[2025-12-07T20:04:35.798+0000] {subprocess.py:106} INFO - 25/12/07 20:04:35 INFO BlockManagerInfo: Added broadcast_12_piece0 in memory on 13f196131dae:46673 (size: 36.2 KiB, free: 434.3 MiB)
[2025-12-07T20:04:35.799+0000] {subprocess.py:106} INFO - 25/12/07 20:04:35 INFO SparkContext: Created broadcast 12 from $anonfun$recordDeltaOperationInternal$1 at DatabricksLogging.scala:128
[2025-12-07T20:04:35.978+0000] {subprocess.py:106} INFO - 25/12/07 20:04:35 INFO FileSourceStrategy: Pushed Filters:
[2025-12-07T20:04:35.985+0000] {subprocess.py:106} INFO - 25/12/07 20:04:35 INFO FileSourceStrategy: Post-Scan Filters:
[2025-12-07T20:04:36.033+0000] {subprocess.py:106} INFO - 25/12/07 20:04:36 INFO MemoryStore: Block broadcast_13 stored as values in memory (estimated size 212.7 KiB, free 433.5 MiB)
[2025-12-07T20:04:36.042+0000] {subprocess.py:106} INFO - 25/12/07 20:04:36 INFO MemoryStore: Block broadcast_13_piece0 stored as bytes in memory (estimated size 36.3 KiB, free 433.4 MiB)
[2025-12-07T20:04:36.043+0000] {subprocess.py:106} INFO - 25/12/07 20:04:36 INFO BlockManagerInfo: Added broadcast_13_piece0 in memory on 13f196131dae:46673 (size: 36.3 KiB, free: 434.3 MiB)
[2025-12-07T20:04:36.044+0000] {subprocess.py:106} INFO - 25/12/07 20:04:36 INFO SparkContext: Created broadcast 13 from $anonfun$recordDeltaOperationInternal$1 at DatabricksLogging.scala:128
[2025-12-07T20:04:36.045+0000] {subprocess.py:106} INFO - 25/12/07 20:04:36 INFO FileSourceScanExec: Planning scan with bin packing, max size: 4194304 bytes, open cost is considered as scanning 4194304 bytes.
[2025-12-07T20:04:36.059+0000] {subprocess.py:106} INFO - 25/12/07 20:04:36 INFO DAGScheduler: Registering RDD 36 ($anonfun$recordDeltaOperationInternal$1 at DatabricksLogging.scala:128) as input to shuffle 1
[2025-12-07T20:04:36.060+0000] {subprocess.py:106} INFO - 25/12/07 20:04:36 INFO DAGScheduler: Got map stage job 6 ($anonfun$recordDeltaOperationInternal$1 at DatabricksLogging.scala:128) with 2 output partitions
[2025-12-07T20:04:36.061+0000] {subprocess.py:106} INFO - 25/12/07 20:04:36 INFO DAGScheduler: Final stage: ShuffleMapStage 7 ($anonfun$recordDeltaOperationInternal$1 at DatabricksLogging.scala:128)
[2025-12-07T20:04:36.062+0000] {subprocess.py:106} INFO - 25/12/07 20:04:36 INFO DAGScheduler: Parents of final stage: List()
[2025-12-07T20:04:36.063+0000] {subprocess.py:106} INFO - 25/12/07 20:04:36 INFO DAGScheduler: Missing parents: List()
[2025-12-07T20:04:36.063+0000] {subprocess.py:106} INFO - 25/12/07 20:04:36 INFO DAGScheduler: Submitting ShuffleMapStage 7 (MapPartitionsRDD[36] at $anonfun$recordDeltaOperationInternal$1 at DatabricksLogging.scala:128), which has no missing parents
[2025-12-07T20:04:36.073+0000] {subprocess.py:106} INFO - 25/12/07 20:04:36 INFO MemoryStore: Block broadcast_14 stored as values in memory (estimated size 138.3 KiB, free 433.3 MiB)
[2025-12-07T20:04:36.075+0000] {subprocess.py:106} INFO - 25/12/07 20:04:36 INFO MemoryStore: Block broadcast_14_piece0 stored as bytes in memory (estimated size 39.0 KiB, free 433.3 MiB)
[2025-12-07T20:04:36.076+0000] {subprocess.py:106} INFO - 25/12/07 20:04:36 INFO BlockManagerInfo: Added broadcast_14_piece0 in memory on 13f196131dae:46673 (size: 39.0 KiB, free: 434.2 MiB)
[2025-12-07T20:04:36.077+0000] {subprocess.py:106} INFO - 25/12/07 20:04:36 INFO SparkContext: Created broadcast 14 from broadcast at DAGScheduler.scala:1535
[2025-12-07T20:04:36.077+0000] {subprocess.py:106} INFO - 25/12/07 20:04:36 INFO DAGScheduler: Submitting 2 missing tasks from ShuffleMapStage 7 (MapPartitionsRDD[36] at $anonfun$recordDeltaOperationInternal$1 at DatabricksLogging.scala:128) (first 15 tasks are for partitions Vector(0, 1))
[2025-12-07T20:04:36.078+0000] {subprocess.py:106} INFO - 25/12/07 20:04:36 INFO TaskSchedulerImpl: Adding task set 7.0 with 2 tasks resource profile 0
[2025-12-07T20:04:36.079+0000] {subprocess.py:106} INFO - 25/12/07 20:04:36 INFO TaskSetManager: Starting task 0.0 in stage 7.0 (TID 57) (172.18.0.8, executor 0, partition 0, PROCESS_LOCAL, 7931 bytes)
[2025-12-07T20:04:36.080+0000] {subprocess.py:106} INFO - 25/12/07 20:04:36 INFO TaskSetManager: Starting task 1.0 in stage 7.0 (TID 58) (172.18.0.8, executor 0, partition 1, PROCESS_LOCAL, 7931 bytes)
[2025-12-07T20:04:36.095+0000] {subprocess.py:106} INFO - 25/12/07 20:04:36 INFO BlockManagerInfo: Added broadcast_14_piece0 in memory on 172.18.0.8:33107 (size: 39.0 KiB, free: 433.3 MiB)
[2025-12-07T20:04:36.122+0000] {subprocess.py:106} INFO - 25/12/07 20:04:36 INFO BlockManagerInfo: Added broadcast_13_piece0 in memory on 172.18.0.8:33107 (size: 36.3 KiB, free: 433.2 MiB)
[2025-12-07T20:04:36.267+0000] {subprocess.py:106} INFO - 25/12/07 20:04:36 INFO TaskSetManager: Finished task 1.0 in stage 7.0 (TID 58) in 186 ms on 172.18.0.8 (executor 0) (1/2)
[2025-12-07T20:04:36.364+0000] {subprocess.py:106} INFO - 25/12/07 20:04:36 INFO TaskSetManager: Finished task 0.0 in stage 7.0 (TID 57) in 285 ms on 172.18.0.8 (executor 0) (2/2)
[2025-12-07T20:04:36.365+0000] {subprocess.py:106} INFO - 25/12/07 20:04:36 INFO TaskSchedulerImpl: Removed TaskSet 7.0, whose tasks have all completed, from pool
[2025-12-07T20:04:36.366+0000] {subprocess.py:106} INFO - 25/12/07 20:04:36 INFO DAGScheduler: ShuffleMapStage 7 ($anonfun$recordDeltaOperationInternal$1 at DatabricksLogging.scala:128) finished in 0.303 s
[2025-12-07T20:04:36.367+0000] {subprocess.py:106} INFO - 25/12/07 20:04:36 INFO DAGScheduler: looking for newly runnable stages
[2025-12-07T20:04:36.367+0000] {subprocess.py:106} INFO - 25/12/07 20:04:36 INFO DAGScheduler: running: Set()
[2025-12-07T20:04:36.368+0000] {subprocess.py:106} INFO - 25/12/07 20:04:36 INFO DAGScheduler: waiting: Set()
[2025-12-07T20:04:36.368+0000] {subprocess.py:106} INFO - 25/12/07 20:04:36 INFO DAGScheduler: failed: Set()
[2025-12-07T20:04:36.410+0000] {subprocess.py:106} INFO - 25/12/07 20:04:36 INFO BlockManagerInfo: Removed broadcast_14_piece0 on 13f196131dae:46673 in memory (size: 39.0 KiB, free: 434.3 MiB)
[2025-12-07T20:04:36.413+0000] {subprocess.py:106} INFO - 25/12/07 20:04:36 INFO BlockManagerInfo: Removed broadcast_14_piece0 on 172.18.0.8:33107 in memory (size: 39.0 KiB, free: 433.3 MiB)
[2025-12-07T20:04:36.738+0000] {subprocess.py:106} INFO - 25/12/07 20:04:36 INFO CodeGenerator: Code generated in 41.533637 ms
[2025-12-07T20:04:36.799+0000] {subprocess.py:106} INFO - 25/12/07 20:04:36 INFO SparkContext: Starting job: $anonfun$recordDeltaOperationInternal$1 at DatabricksLogging.scala:128
[2025-12-07T20:04:36.801+0000] {subprocess.py:106} INFO - 25/12/07 20:04:36 INFO DAGScheduler: Got job 7 ($anonfun$recordDeltaOperationInternal$1 at DatabricksLogging.scala:128) with 50 output partitions
[2025-12-07T20:04:36.801+0000] {subprocess.py:106} INFO - 25/12/07 20:04:36 INFO DAGScheduler: Final stage: ResultStage 9 ($anonfun$recordDeltaOperationInternal$1 at DatabricksLogging.scala:128)
[2025-12-07T20:04:36.802+0000] {subprocess.py:106} INFO - 25/12/07 20:04:36 INFO DAGScheduler: Parents of final stage: List(ShuffleMapStage 8)
[2025-12-07T20:04:36.802+0000] {subprocess.py:106} INFO - 25/12/07 20:04:36 INFO DAGScheduler: Missing parents: List()
[2025-12-07T20:04:36.803+0000] {subprocess.py:106} INFO - 25/12/07 20:04:36 INFO DAGScheduler: Submitting ResultStage 9 (MapPartitionsRDD[49] at $anonfun$recordDeltaOperationInternal$1 at DatabricksLogging.scala:128), which has no missing parents
[2025-12-07T20:04:36.815+0000] {subprocess.py:106} INFO - 25/12/07 20:04:36 INFO MemoryStore: Block broadcast_15 stored as values in memory (estimated size 658.1 KiB, free 432.8 MiB)
[2025-12-07T20:04:36.818+0000] {subprocess.py:106} INFO - 25/12/07 20:04:36 INFO MemoryStore: Block broadcast_15_piece0 stored as bytes in memory (estimated size 156.8 KiB, free 432.6 MiB)
[2025-12-07T20:04:36.819+0000] {subprocess.py:106} INFO - 25/12/07 20:04:36 INFO BlockManagerInfo: Added broadcast_15_piece0 in memory on 13f196131dae:46673 (size: 156.8 KiB, free: 434.1 MiB)
[2025-12-07T20:04:36.820+0000] {subprocess.py:106} INFO - 25/12/07 20:04:36 INFO SparkContext: Created broadcast 15 from broadcast at DAGScheduler.scala:1535
[2025-12-07T20:04:36.821+0000] {subprocess.py:106} INFO - 25/12/07 20:04:36 INFO DAGScheduler: Submitting 50 missing tasks from ResultStage 9 (MapPartitionsRDD[49] at $anonfun$recordDeltaOperationInternal$1 at DatabricksLogging.scala:128) (first 15 tasks are for partitions Vector(0, 1, 2, 3, 4, 5, 6, 7, 8, 9, 10, 11, 12, 13, 14))
[2025-12-07T20:04:36.821+0000] {subprocess.py:106} INFO - 25/12/07 20:04:36 INFO TaskSchedulerImpl: Adding task set 9.0 with 50 tasks resource profile 0
[2025-12-07T20:04:36.822+0000] {subprocess.py:106} INFO - 25/12/07 20:04:36 INFO TaskSetManager: Starting task 0.0 in stage 9.0 (TID 59) (172.18.0.8, executor 0, partition 0, NODE_LOCAL, 7367 bytes)
[2025-12-07T20:04:36.823+0000] {subprocess.py:106} INFO - 25/12/07 20:04:36 INFO TaskSetManager: Starting task 1.0 in stage 9.0 (TID 60) (172.18.0.8, executor 0, partition 1, NODE_LOCAL, 7367 bytes)
[2025-12-07T20:04:36.824+0000] {subprocess.py:106} INFO - 25/12/07 20:04:36 INFO TaskSetManager: Starting task 2.0 in stage 9.0 (TID 61) (172.18.0.8, executor 0, partition 2, NODE_LOCAL, 7367 bytes)
[2025-12-07T20:04:36.825+0000] {subprocess.py:106} INFO - 25/12/07 20:04:36 INFO TaskSetManager: Starting task 3.0 in stage 9.0 (TID 62) (172.18.0.8, executor 0, partition 3, NODE_LOCAL, 7367 bytes)
[2025-12-07T20:04:36.825+0000] {subprocess.py:106} INFO - 25/12/07 20:04:36 INFO TaskSetManager: Starting task 4.0 in stage 9.0 (TID 63) (172.18.0.8, executor 0, partition 4, NODE_LOCAL, 7367 bytes)
[2025-12-07T20:04:36.826+0000] {subprocess.py:106} INFO - 25/12/07 20:04:36 INFO TaskSetManager: Starting task 5.0 in stage 9.0 (TID 64) (172.18.0.8, executor 0, partition 5, NODE_LOCAL, 7367 bytes)
[2025-12-07T20:04:36.827+0000] {subprocess.py:106} INFO - 25/12/07 20:04:36 INFO TaskSetManager: Starting task 6.0 in stage 9.0 (TID 65) (172.18.0.8, executor 0, partition 6, NODE_LOCAL, 7367 bytes)
[2025-12-07T20:04:36.827+0000] {subprocess.py:106} INFO - 25/12/07 20:04:36 INFO TaskSetManager: Starting task 7.0 in stage 9.0 (TID 66) (172.18.0.8, executor 0, partition 7, NODE_LOCAL, 7367 bytes)
[2025-12-07T20:04:36.828+0000] {subprocess.py:106} INFO - 25/12/07 20:04:36 INFO TaskSetManager: Starting task 8.0 in stage 9.0 (TID 67) (172.18.0.8, executor 0, partition 8, NODE_LOCAL, 7367 bytes)
[2025-12-07T20:04:36.829+0000] {subprocess.py:106} INFO - 25/12/07 20:04:36 INFO TaskSetManager: Starting task 9.0 in stage 9.0 (TID 68) (172.18.0.8, executor 0, partition 9, NODE_LOCAL, 7367 bytes)
[2025-12-07T20:04:36.829+0000] {subprocess.py:106} INFO - 25/12/07 20:04:36 INFO TaskSetManager: Starting task 10.0 in stage 9.0 (TID 69) (172.18.0.8, executor 0, partition 10, NODE_LOCAL, 7367 bytes)
[2025-12-07T20:04:36.832+0000] {subprocess.py:106} INFO - 25/12/07 20:04:36 INFO TaskSetManager: Starting task 11.0 in stage 9.0 (TID 70) (172.18.0.8, executor 0, partition 11, NODE_LOCAL, 7367 bytes)
[2025-12-07T20:04:36.833+0000] {subprocess.py:106} INFO - 25/12/07 20:04:36 INFO TaskSetManager: Starting task 12.0 in stage 9.0 (TID 71) (172.18.0.8, executor 0, partition 12, NODE_LOCAL, 7367 bytes)
[2025-12-07T20:04:36.834+0000] {subprocess.py:106} INFO - 25/12/07 20:04:36 INFO TaskSetManager: Starting task 13.0 in stage 9.0 (TID 72) (172.18.0.8, executor 0, partition 13, NODE_LOCAL, 7367 bytes)
[2025-12-07T20:04:36.834+0000] {subprocess.py:106} INFO - 25/12/07 20:04:36 INFO TaskSetManager: Starting task 14.0 in stage 9.0 (TID 73) (172.18.0.8, executor 0, partition 14, NODE_LOCAL, 7367 bytes)
[2025-12-07T20:04:36.839+0000] {subprocess.py:106} INFO - 25/12/07 20:04:36 INFO TaskSetManager: Starting task 15.0 in stage 9.0 (TID 74) (172.18.0.8, executor 0, partition 15, NODE_LOCAL, 7367 bytes)
[2025-12-07T20:04:36.851+0000] {subprocess.py:106} INFO - 25/12/07 20:04:36 INFO BlockManagerInfo: Added broadcast_15_piece0 in memory on 172.18.0.8:33107 (size: 156.8 KiB, free: 433.1 MiB)
[2025-12-07T20:04:36.889+0000] {subprocess.py:106} INFO - 25/12/07 20:04:36 INFO MapOutputTrackerMasterEndpoint: Asked to send map output locations for shuffle 1 to 172.18.0.8:44278
[2025-12-07T20:04:37.001+0000] {subprocess.py:106} INFO - 25/12/07 20:04:36 INFO BlockManagerInfo: Added rdd_43_10 in memory on 172.18.0.8:33107 (size: 18.4 KiB, free: 433.1 MiB)
[2025-12-07T20:04:37.003+0000] {subprocess.py:106} INFO - 25/12/07 20:04:36 INFO BlockManagerInfo: Added rdd_43_14 in memory on 172.18.0.8:33107 (size: 19.1 KiB, free: 433.1 MiB)
[2025-12-07T20:04:37.020+0000] {subprocess.py:106} INFO - 25/12/07 20:04:37 INFO BlockManagerInfo: Added rdd_43_9 in memory on 172.18.0.8:33107 (size: 18.8 KiB, free: 433.1 MiB)
[2025-12-07T20:04:37.043+0000] {subprocess.py:106} INFO - 25/12/07 20:04:37 INFO BlockManagerInfo: Added rdd_43_12 in memory on 172.18.0.8:33107 (size: 20.7 KiB, free: 433.0 MiB)
[2025-12-07T20:04:37.045+0000] {subprocess.py:106} INFO - 25/12/07 20:04:37 INFO BlockManagerInfo: Added rdd_43_6 in memory on 172.18.0.8:33107 (size: 19.9 KiB, free: 433.0 MiB)
[2025-12-07T20:04:37.053+0000] {subprocess.py:106} INFO - 25/12/07 20:04:37 INFO BlockManagerInfo: Added rdd_43_5 in memory on 172.18.0.8:33107 (size: 19.5 KiB, free: 433.0 MiB)
[2025-12-07T20:04:37.055+0000] {subprocess.py:106} INFO - 25/12/07 20:04:37 INFO BlockManagerInfo: Added rdd_43_11 in memory on 172.18.0.8:33107 (size: 20.3 KiB, free: 433.0 MiB)
[2025-12-07T20:04:37.059+0000] {subprocess.py:106} INFO - 25/12/07 20:04:37 INFO BlockManagerInfo: Added rdd_43_4 in memory on 172.18.0.8:33107 (size: 20.8 KiB, free: 433.0 MiB)
[2025-12-07T20:04:37.060+0000] {subprocess.py:106} INFO - 25/12/07 20:04:37 INFO BlockManagerInfo: Added rdd_43_7 in memory on 172.18.0.8:33107 (size: 19.4 KiB, free: 433.0 MiB)
[2025-12-07T20:04:37.061+0000] {subprocess.py:106} INFO - 25/12/07 20:04:37 INFO BlockManagerInfo: Added rdd_43_15 in memory on 172.18.0.8:33107 (size: 21.4 KiB, free: 432.9 MiB)
[2025-12-07T20:04:37.065+0000] {subprocess.py:106} INFO - 25/12/07 20:04:37 INFO BlockManagerInfo: Added rdd_43_1 in memory on 172.18.0.8:33107 (size: 20.6 KiB, free: 432.9 MiB)
[2025-12-07T20:04:37.067+0000] {subprocess.py:106} INFO - 25/12/07 20:04:37 INFO BlockManagerInfo: Added rdd_43_8 in memory on 172.18.0.8:33107 (size: 22.0 KiB, free: 432.9 MiB)
[2025-12-07T20:04:37.068+0000] {subprocess.py:106} INFO - 25/12/07 20:04:37 INFO BlockManagerInfo: Added rdd_43_3 in memory on 172.18.0.8:33107 (size: 23.3 KiB, free: 432.9 MiB)
[2025-12-07T20:04:37.068+0000] {subprocess.py:106} INFO - 25/12/07 20:04:37 INFO BlockManagerInfo: Added rdd_43_0 in memory on 172.18.0.8:33107 (size: 17.6 KiB, free: 432.8 MiB)
[2025-12-07T20:04:37.069+0000] {subprocess.py:106} INFO - 25/12/07 20:04:37 INFO BlockManagerInfo: Added rdd_43_13 in memory on 172.18.0.8:33107 (size: 22.6 KiB, free: 432.8 MiB)
[2025-12-07T20:04:37.070+0000] {subprocess.py:106} INFO - 25/12/07 20:04:37 INFO BlockManagerInfo: Added rdd_43_2 in memory on 172.18.0.8:33107 (size: 22.0 KiB, free: 432.8 MiB)
[2025-12-07T20:04:37.152+0000] {subprocess.py:106} INFO - 25/12/07 20:04:37 INFO BlockManagerInfo: Added rdd_47_10 in memory on 172.18.0.8:33107 (size: 15.6 KiB, free: 432.8 MiB)
[2025-12-07T20:04:37.167+0000] {subprocess.py:106} INFO - 25/12/07 20:04:37 INFO BlockManagerInfo: Added rdd_47_1 in memory on 172.18.0.8:33107 (size: 17.8 KiB, free: 432.8 MiB)
[2025-12-07T20:04:37.172+0000] {subprocess.py:106} INFO - 25/12/07 20:04:37 INFO BlockManagerInfo: Added rdd_47_14 in memory on 172.18.0.8:33107 (size: 16.6 KiB, free: 432.8 MiB)
[2025-12-07T20:04:37.178+0000] {subprocess.py:106} INFO - 25/12/07 20:04:37 INFO BlockManagerInfo: Added rdd_47_2 in memory on 172.18.0.8:33107 (size: 18.8 KiB, free: 432.7 MiB)
[2025-12-07T20:04:37.180+0000] {subprocess.py:106} INFO - 25/12/07 20:04:37 INFO BlockManagerInfo: Added rdd_47_0 in memory on 172.18.0.8:33107 (size: 14.7 KiB, free: 432.7 MiB)
[2025-12-07T20:04:37.182+0000] {subprocess.py:106} INFO - 25/12/07 20:04:37 INFO BlockManagerInfo: Added rdd_47_12 in memory on 172.18.0.8:33107 (size: 18.0 KiB, free: 432.7 MiB)
[2025-12-07T20:04:37.184+0000] {subprocess.py:106} INFO - 25/12/07 20:04:37 INFO BlockManagerInfo: Added rdd_47_15 in memory on 172.18.0.8:33107 (size: 19.1 KiB, free: 432.7 MiB)
[2025-12-07T20:04:37.185+0000] {subprocess.py:106} INFO - 25/12/07 20:04:37 INFO BlockManagerInfo: Added rdd_47_3 in memory on 172.18.0.8:33107 (size: 20.4 KiB, free: 432.7 MiB)
[2025-12-07T20:04:37.196+0000] {subprocess.py:106} INFO - 25/12/07 20:04:37 INFO BlockManagerInfo: Added rdd_47_6 in memory on 172.18.0.8:33107 (size: 17.6 KiB, free: 432.7 MiB)
[2025-12-07T20:04:37.197+0000] {subprocess.py:106} INFO - 25/12/07 20:04:37 INFO BlockManagerInfo: Added rdd_47_9 in memory on 172.18.0.8:33107 (size: 16.0 KiB, free: 432.6 MiB)
[2025-12-07T20:04:37.202+0000] {subprocess.py:106} INFO - 25/12/07 20:04:37 INFO BlockManagerInfo: Added rdd_47_4 in memory on 172.18.0.8:33107 (size: 17.9 KiB, free: 432.6 MiB)
[2025-12-07T20:04:37.203+0000] {subprocess.py:106} INFO - 25/12/07 20:04:37 INFO BlockManagerInfo: Added rdd_47_8 in memory on 172.18.0.8:33107 (size: 19.3 KiB, free: 432.6 MiB)
[2025-12-07T20:04:37.204+0000] {subprocess.py:106} INFO - 25/12/07 20:04:37 INFO BlockManagerInfo: Added rdd_47_5 in memory on 172.18.0.8:33107 (size: 17.0 KiB, free: 432.6 MiB)
[2025-12-07T20:04:37.204+0000] {subprocess.py:106} INFO - 25/12/07 20:04:37 INFO BlockManagerInfo: Added rdd_47_7 in memory on 172.18.0.8:33107 (size: 16.8 KiB, free: 432.6 MiB)
[2025-12-07T20:04:37.205+0000] {subprocess.py:106} INFO - 25/12/07 20:04:37 INFO BlockManagerInfo: Added rdd_47_13 in memory on 172.18.0.8:33107 (size: 19.8 KiB, free: 432.5 MiB)
[2025-12-07T20:04:37.206+0000] {subprocess.py:106} INFO - 25/12/07 20:04:37 INFO BlockManagerInfo: Added rdd_47_11 in memory on 172.18.0.8:33107 (size: 17.5 KiB, free: 432.5 MiB)
[2025-12-07T20:04:37.274+0000] {subprocess.py:106} INFO - 25/12/07 20:04:37 INFO TaskSetManager: Starting task 16.0 in stage 9.0 (TID 75) (172.18.0.8, executor 0, partition 16, NODE_LOCAL, 7367 bytes)
[2025-12-07T20:04:37.277+0000] {subprocess.py:106} INFO - 25/12/07 20:04:37 INFO TaskSetManager: Starting task 17.0 in stage 9.0 (TID 76) (172.18.0.8, executor 0, partition 17, NODE_LOCAL, 7367 bytes)
[2025-12-07T20:04:37.286+0000] {subprocess.py:106} INFO - 25/12/07 20:04:37 INFO TaskSetManager: Finished task 5.0 in stage 9.0 (TID 64) in 450 ms on 172.18.0.8 (executor 0) (1/50)
[2025-12-07T20:04:37.288+0000] {subprocess.py:106} INFO - 25/12/07 20:04:37 INFO TaskSetManager: Starting task 18.0 in stage 9.0 (TID 77) (172.18.0.8, executor 0, partition 18, NODE_LOCAL, 7367 bytes)
[2025-12-07T20:04:37.291+0000] {subprocess.py:106} INFO - 25/12/07 20:04:37 INFO TaskSetManager: Finished task 6.0 in stage 9.0 (TID 65) in 452 ms on 172.18.0.8 (executor 0) (2/50)
[2025-12-07T20:04:37.293+0000] {subprocess.py:106} INFO - 25/12/07 20:04:37 INFO TaskSetManager: Finished task 14.0 in stage 9.0 (TID 73) in 448 ms on 172.18.0.8 (executor 0) (3/50)
[2025-12-07T20:04:37.294+0000] {subprocess.py:106} INFO - 25/12/07 20:04:37 INFO TaskSetManager: Starting task 19.0 in stage 9.0 (TID 78) (172.18.0.8, executor 0, partition 19, NODE_LOCAL, 7367 bytes)
[2025-12-07T20:04:37.295+0000] {subprocess.py:106} INFO - 25/12/07 20:04:37 INFO TaskSetManager: Starting task 20.0 in stage 9.0 (TID 79) (172.18.0.8, executor 0, partition 20, NODE_LOCAL, 7367 bytes)
[2025-12-07T20:04:37.297+0000] {subprocess.py:106} INFO - 25/12/07 20:04:37 INFO TaskSetManager: Starting task 21.0 in stage 9.0 (TID 80) (172.18.0.8, executor 0, partition 21, NODE_LOCAL, 7367 bytes)
[2025-12-07T20:04:37.301+0000] {subprocess.py:106} INFO - 25/12/07 20:04:37 INFO TaskSetManager: Starting task 22.0 in stage 9.0 (TID 81) (172.18.0.8, executor 0, partition 22, NODE_LOCAL, 7367 bytes)
[2025-12-07T20:04:37.303+0000] {subprocess.py:106} INFO - 25/12/07 20:04:37 INFO TaskSetManager: Starting task 23.0 in stage 9.0 (TID 82) (172.18.0.8, executor 0, partition 23, NODE_LOCAL, 7367 bytes)
[2025-12-07T20:04:37.304+0000] {subprocess.py:106} INFO - 25/12/07 20:04:37 INFO TaskSetManager: Starting task 24.0 in stage 9.0 (TID 83) (172.18.0.8, executor 0, partition 24, NODE_LOCAL, 7367 bytes)
[2025-12-07T20:04:37.306+0000] {subprocess.py:106} INFO - 25/12/07 20:04:37 INFO TaskSetManager: Starting task 25.0 in stage 9.0 (TID 84) (172.18.0.8, executor 0, partition 25, NODE_LOCAL, 7367 bytes)
[2025-12-07T20:04:37.307+0000] {subprocess.py:106} INFO - 25/12/07 20:04:37 INFO TaskSetManager: Finished task 11.0 in stage 9.0 (TID 70) in 463 ms on 172.18.0.8 (executor 0) (4/50)
[2025-12-07T20:04:37.308+0000] {subprocess.py:106} INFO - 25/12/07 20:04:37 INFO TaskSetManager: Starting task 26.0 in stage 9.0 (TID 85) (172.18.0.8, executor 0, partition 26, NODE_LOCAL, 7367 bytes)
[2025-12-07T20:04:37.308+0000] {subprocess.py:106} INFO - 25/12/07 20:04:37 INFO TaskSetManager: Finished task 3.0 in stage 9.0 (TID 62) in 469 ms on 172.18.0.8 (executor 0) (5/50)
[2025-12-07T20:04:37.309+0000] {subprocess.py:106} INFO - 25/12/07 20:04:37 INFO TaskSetManager: Finished task 4.0 in stage 9.0 (TID 63) in 469 ms on 172.18.0.8 (executor 0) (6/50)
[2025-12-07T20:04:37.310+0000] {subprocess.py:106} INFO - 25/12/07 20:04:37 INFO TaskSetManager: Starting task 27.0 in stage 9.0 (TID 86) (172.18.0.8, executor 0, partition 27, NODE_LOCAL, 7367 bytes)
[2025-12-07T20:04:37.310+0000] {subprocess.py:106} INFO - 25/12/07 20:04:37 INFO TaskSetManager: Finished task 0.0 in stage 9.0 (TID 59) in 474 ms on 172.18.0.8 (executor 0) (7/50)
[2025-12-07T20:04:37.311+0000] {subprocess.py:106} INFO - 25/12/07 20:04:37 INFO TaskSetManager: Finished task 15.0 in stage 9.0 (TID 74) in 468 ms on 172.18.0.8 (executor 0) (8/50)
[2025-12-07T20:04:37.312+0000] {subprocess.py:106} INFO - 25/12/07 20:04:37 INFO TaskSetManager: Starting task 28.0 in stage 9.0 (TID 87) (172.18.0.8, executor 0, partition 28, NODE_LOCAL, 7367 bytes)
[2025-12-07T20:04:37.313+0000] {subprocess.py:106} INFO - 25/12/07 20:04:37 INFO TaskSetManager: Starting task 29.0 in stage 9.0 (TID 88) (172.18.0.8, executor 0, partition 29, NODE_LOCAL, 7367 bytes)
[2025-12-07T20:04:37.314+0000] {subprocess.py:106} INFO - 25/12/07 20:04:37 INFO TaskSetManager: Starting task 30.0 in stage 9.0 (TID 89) (172.18.0.8, executor 0, partition 30, NODE_LOCAL, 7367 bytes)
[2025-12-07T20:04:37.314+0000] {subprocess.py:106} INFO - 25/12/07 20:04:37 INFO TaskSetManager: Finished task 10.0 in stage 9.0 (TID 69) in 477 ms on 172.18.0.8 (executor 0) (9/50)
[2025-12-07T20:04:37.315+0000] {subprocess.py:106} INFO - 25/12/07 20:04:37 INFO TaskSetManager: Finished task 8.0 in stage 9.0 (TID 67) in 479 ms on 172.18.0.8 (executor 0) (10/50)
[2025-12-07T20:04:37.316+0000] {subprocess.py:106} INFO - 25/12/07 20:04:37 INFO TaskSetManager: Finished task 9.0 in stage 9.0 (TID 68) in 479 ms on 172.18.0.8 (executor 0) (11/50)
[2025-12-07T20:04:37.317+0000] {subprocess.py:106} INFO - 25/12/07 20:04:37 INFO TaskSetManager: Starting task 31.0 in stage 9.0 (TID 90) (172.18.0.8, executor 0, partition 31, NODE_LOCAL, 7367 bytes)
[2025-12-07T20:04:37.323+0000] {subprocess.py:106} INFO - 25/12/07 20:04:37 INFO TaskSetManager: Finished task 1.0 in stage 9.0 (TID 60) in 485 ms on 172.18.0.8 (executor 0) (12/50)
[2025-12-07T20:04:37.324+0000] {subprocess.py:106} INFO - 25/12/07 20:04:37 INFO TaskSetManager: Finished task 12.0 in stage 9.0 (TID 71) in 481 ms on 172.18.0.8 (executor 0) (13/50)
[2025-12-07T20:04:37.325+0000] {subprocess.py:106} INFO - 25/12/07 20:04:37 INFO TaskSetManager: Finished task 7.0 in stage 9.0 (TID 66) in 484 ms on 172.18.0.8 (executor 0) (14/50)
[2025-12-07T20:04:37.326+0000] {subprocess.py:106} INFO - 25/12/07 20:04:37 INFO TaskSetManager: Finished task 13.0 in stage 9.0 (TID 72) in 482 ms on 172.18.0.8 (executor 0) (15/50)
[2025-12-07T20:04:37.327+0000] {subprocess.py:106} INFO - 25/12/07 20:04:37 INFO TaskSetManager: Finished task 2.0 in stage 9.0 (TID 61) in 486 ms on 172.18.0.8 (executor 0) (16/50)
[2025-12-07T20:04:37.458+0000] {subprocess.py:106} INFO - 25/12/07 20:04:37 INFO BlockManagerInfo: Added rdd_43_16 in memory on 172.18.0.8:33107 (size: 18.6 KiB, free: 432.5 MiB)
[2025-12-07T20:04:37.464+0000] {subprocess.py:106} INFO - 25/12/07 20:04:37 INFO BlockManagerInfo: Added rdd_43_21 in memory on 172.18.0.8:33107 (size: 19.6 KiB, free: 432.5 MiB)
[2025-12-07T20:04:37.469+0000] {subprocess.py:106} INFO - 25/12/07 20:04:37 INFO BlockManagerInfo: Added rdd_43_18 in memory on 172.18.0.8:33107 (size: 18.8 KiB, free: 432.5 MiB)
[2025-12-07T20:04:37.470+0000] {subprocess.py:106} INFO - 25/12/07 20:04:37 INFO BlockManagerInfo: Added rdd_43_17 in memory on 172.18.0.8:33107 (size: 16.3 KiB, free: 432.5 MiB)
[2025-12-07T20:04:37.472+0000] {subprocess.py:106} INFO - 25/12/07 20:04:37 INFO BlockManagerInfo: Added rdd_43_19 in memory on 172.18.0.8:33107 (size: 19.1 KiB, free: 432.4 MiB)
[2025-12-07T20:04:37.473+0000] {subprocess.py:106} INFO - 25/12/07 20:04:37 INFO BlockManagerInfo: Added rdd_43_20 in memory on 172.18.0.8:33107 (size: 23.6 KiB, free: 432.4 MiB)
[2025-12-07T20:04:37.490+0000] {subprocess.py:106} INFO - 25/12/07 20:04:37 INFO BlockManagerInfo: Added rdd_43_22 in memory on 172.18.0.8:33107 (size: 25.4 KiB, free: 432.4 MiB)
[2025-12-07T20:04:37.506+0000] {subprocess.py:106} INFO - 25/12/07 20:04:37 INFO BlockManagerInfo: Added rdd_43_25 in memory on 172.18.0.8:33107 (size: 21.6 KiB, free: 432.4 MiB)
[2025-12-07T20:04:37.511+0000] {subprocess.py:106} INFO - 25/12/07 20:04:37 INFO BlockManagerInfo: Added rdd_43_24 in memory on 172.18.0.8:33107 (size: 21.0 KiB, free: 432.4 MiB)
[2025-12-07T20:04:37.514+0000] {subprocess.py:106} INFO - 25/12/07 20:04:37 INFO BlockManagerInfo: Added rdd_43_28 in memory on 172.18.0.8:33107 (size: 16.7 KiB, free: 432.3 MiB)
[2025-12-07T20:04:37.517+0000] {subprocess.py:106} INFO - 25/12/07 20:04:37 INFO BlockManagerInfo: Added rdd_43_26 in memory on 172.18.0.8:33107 (size: 21.0 KiB, free: 432.3 MiB)
[2025-12-07T20:04:37.525+0000] {subprocess.py:106} INFO - 25/12/07 20:04:37 INFO BlockManagerInfo: Added rdd_47_16 in memory on 172.18.0.8:33107 (size: 15.7 KiB, free: 432.3 MiB)
[2025-12-07T20:04:37.527+0000] {subprocess.py:106} INFO - 25/12/07 20:04:37 INFO BlockManagerInfo: Added rdd_43_27 in memory on 172.18.0.8:33107 (size: 19.5 KiB, free: 432.3 MiB)
[2025-12-07T20:04:37.582+0000] {subprocess.py:106} INFO - 25/12/07 20:04:37 INFO BlockManagerInfo: Added rdd_47_19 in memory on 172.18.0.8:33107 (size: 16.7 KiB, free: 432.3 MiB)
[2025-12-07T20:04:37.590+0000] {subprocess.py:106} INFO - 25/12/07 20:04:37 INFO TaskSetManager: Starting task 32.0 in stage 9.0 (TID 91) (172.18.0.8, executor 0, partition 32, NODE_LOCAL, 7367 bytes)
[2025-12-07T20:04:37.591+0000] {subprocess.py:106} INFO - 25/12/07 20:04:37 INFO BlockManagerInfo: Added rdd_43_29 in memory on 172.18.0.8:33107 (size: 21.3 KiB, free: 432.2 MiB)
[2025-12-07T20:04:37.593+0000] {subprocess.py:106} INFO - 25/12/07 20:04:37 INFO TaskSetManager: Finished task 16.0 in stage 9.0 (TID 75) in 317 ms on 172.18.0.8 (executor 0) (17/50)
[2025-12-07T20:04:37.594+0000] {subprocess.py:106} INFO - 25/12/07 20:04:37 INFO BlockManagerInfo: Added rdd_47_18 in memory on 172.18.0.8:33107 (size: 16.1 KiB, free: 432.2 MiB)
[2025-12-07T20:04:37.595+0000] {subprocess.py:106} INFO - 25/12/07 20:04:37 INFO BlockManagerInfo: Added rdd_47_22 in memory on 172.18.0.8:33107 (size: 21.6 KiB, free: 432.2 MiB)
[2025-12-07T20:04:37.597+0000] {subprocess.py:106} INFO - 25/12/07 20:04:37 INFO BlockManagerInfo: Added rdd_43_23 in memory on 172.18.0.8:33107 (size: 19.8 KiB, free: 432.2 MiB)
[2025-12-07T20:04:37.615+0000] {subprocess.py:106} INFO - 25/12/07 20:04:37 INFO BlockManagerInfo: Added rdd_47_21 in memory on 172.18.0.8:33107 (size: 16.7 KiB, free: 432.2 MiB)
[2025-12-07T20:04:37.616+0000] {subprocess.py:106} INFO - 25/12/07 20:04:37 INFO BlockManagerInfo: Added rdd_43_31 in memory on 172.18.0.8:33107 (size: 22.5 KiB, free: 432.1 MiB)
[2025-12-07T20:04:37.617+0000] {subprocess.py:106} INFO - 25/12/07 20:04:37 INFO BlockManagerInfo: Added rdd_47_20 in memory on 172.18.0.8:33107 (size: 20.1 KiB, free: 432.1 MiB)
[2025-12-07T20:04:37.618+0000] {subprocess.py:106} INFO - 25/12/07 20:04:37 INFO BlockManagerInfo: Added rdd_43_30 in memory on 172.18.0.8:33107 (size: 20.0 KiB, free: 432.1 MiB)
[2025-12-07T20:04:37.627+0000] {subprocess.py:106} INFO - 25/12/07 20:04:37 INFO BlockManagerInfo: Added rdd_47_17 in memory on 172.18.0.8:33107 (size: 14.1 KiB, free: 432.1 MiB)
[2025-12-07T20:04:37.628+0000] {subprocess.py:106} INFO - 25/12/07 20:04:37 INFO BlockManagerInfo: Added rdd_47_24 in memory on 172.18.0.8:33107 (size: 18.4 KiB, free: 432.1 MiB)
[2025-12-07T20:04:37.629+0000] {subprocess.py:106} INFO - 25/12/07 20:04:37 INFO TaskSetManager: Starting task 33.0 in stage 9.0 (TID 92) (172.18.0.8, executor 0, partition 33, NODE_LOCAL, 7367 bytes)
[2025-12-07T20:04:37.630+0000] {subprocess.py:106} INFO - 25/12/07 20:04:37 INFO TaskSetManager: Finished task 19.0 in stage 9.0 (TID 78) in 352 ms on 172.18.0.8 (executor 0) (18/50)
[2025-12-07T20:04:37.648+0000] {subprocess.py:106} INFO - 25/12/07 20:04:37 INFO TaskSetManager: Starting task 34.0 in stage 9.0 (TID 93) (172.18.0.8, executor 0, partition 34, NODE_LOCAL, 7367 bytes)
[2025-12-07T20:04:37.650+0000] {subprocess.py:106} INFO - 25/12/07 20:04:37 INFO BlockManagerInfo: Added rdd_47_27 in memory on 172.18.0.8:33107 (size: 16.9 KiB, free: 432.1 MiB)
[2025-12-07T20:04:37.651+0000] {subprocess.py:106} INFO - 25/12/07 20:04:37 INFO BlockManagerInfo: Added rdd_47_26 in memory on 172.18.0.8:33107 (size: 18.5 KiB, free: 432.0 MiB)
[2025-12-07T20:04:37.652+0000] {subprocess.py:106} INFO - 25/12/07 20:04:37 INFO TaskSetManager: Finished task 18.0 in stage 9.0 (TID 77) in 367 ms on 172.18.0.8 (executor 0) (19/50)
[2025-12-07T20:04:37.657+0000] {subprocess.py:106} INFO - 25/12/07 20:04:37 INFO BlockManagerInfo: Added rdd_47_25 in memory on 172.18.0.8:33107 (size: 18.9 KiB, free: 432.0 MiB)
[2025-12-07T20:04:37.659+0000] {subprocess.py:106} INFO - 25/12/07 20:04:37 INFO TaskSetManager: Starting task 35.0 in stage 9.0 (TID 94) (172.18.0.8, executor 0, partition 35, NODE_LOCAL, 7367 bytes)
[2025-12-07T20:04:37.660+0000] {subprocess.py:106} INFO - 25/12/07 20:04:37 INFO TaskSetManager: Starting task 36.0 in stage 9.0 (TID 95) (172.18.0.8, executor 0, partition 36, NODE_LOCAL, 7367 bytes)
[2025-12-07T20:04:37.666+0000] {subprocess.py:106} INFO - 25/12/07 20:04:37 INFO BlockManagerInfo: Added rdd_47_28 in memory on 172.18.0.8:33107 (size: 14.2 KiB, free: 432.0 MiB)
[2025-12-07T20:04:37.668+0000] {subprocess.py:106} INFO - 25/12/07 20:04:37 INFO TaskSetManager: Finished task 22.0 in stage 9.0 (TID 81) in 367 ms on 172.18.0.8 (executor 0) (20/50)
[2025-12-07T20:04:37.670+0000] {subprocess.py:106} INFO - 25/12/07 20:04:37 INFO TaskSetManager: Finished task 21.0 in stage 9.0 (TID 80) in 369 ms on 172.18.0.8 (executor 0) (21/50)
[2025-12-07T20:04:37.672+0000] {subprocess.py:106} INFO - 25/12/07 20:04:37 INFO TaskSetManager: Starting task 37.0 in stage 9.0 (TID 96) (172.18.0.8, executor 0, partition 37, NODE_LOCAL, 7367 bytes)
[2025-12-07T20:04:37.685+0000] {subprocess.py:106} INFO - 25/12/07 20:04:37 INFO TaskSetManager: Finished task 20.0 in stage 9.0 (TID 79) in 382 ms on 172.18.0.8 (executor 0) (22/50)
[2025-12-07T20:04:37.687+0000] {subprocess.py:106} INFO - 25/12/07 20:04:37 INFO TaskSetManager: Starting task 38.0 in stage 9.0 (TID 97) (172.18.0.8, executor 0, partition 38, NODE_LOCAL, 7367 bytes)
[2025-12-07T20:04:37.688+0000] {subprocess.py:106} INFO - 25/12/07 20:04:37 INFO TaskSetManager: Finished task 17.0 in stage 9.0 (TID 76) in 397 ms on 172.18.0.8 (executor 0) (23/50)
[2025-12-07T20:04:37.692+0000] {subprocess.py:106} INFO - 25/12/07 20:04:37 INFO TaskSetManager: Starting task 39.0 in stage 9.0 (TID 98) (172.18.0.8, executor 0, partition 39, NODE_LOCAL, 7367 bytes)
[2025-12-07T20:04:37.694+0000] {subprocess.py:106} INFO - 25/12/07 20:04:37 INFO TaskSetManager: Finished task 27.0 in stage 9.0 (TID 86) in 385 ms on 172.18.0.8 (executor 0) (24/50)
[2025-12-07T20:04:37.699+0000] {subprocess.py:106} INFO - 25/12/07 20:04:37 INFO TaskSetManager: Starting task 40.0 in stage 9.0 (TID 99) (172.18.0.8, executor 0, partition 40, NODE_LOCAL, 7367 bytes)
[2025-12-07T20:04:37.701+0000] {subprocess.py:106} INFO - 25/12/07 20:04:37 INFO BlockManagerInfo: Added rdd_47_29 in memory on 172.18.0.8:33107 (size: 18.6 KiB, free: 432.0 MiB)
[2025-12-07T20:04:37.702+0000] {subprocess.py:106} INFO - 25/12/07 20:04:37 INFO TaskSetManager: Starting task 41.0 in stage 9.0 (TID 100) (172.18.0.8, executor 0, partition 41, NODE_LOCAL, 7367 bytes)
[2025-12-07T20:04:37.703+0000] {subprocess.py:106} INFO - 25/12/07 20:04:37 INFO TaskSetManager: Starting task 42.0 in stage 9.0 (TID 101) (172.18.0.8, executor 0, partition 42, NODE_LOCAL, 7367 bytes)
[2025-12-07T20:04:37.707+0000] {subprocess.py:106} INFO - 25/12/07 20:04:37 INFO TaskSetManager: Finished task 24.0 in stage 9.0 (TID 83) in 410 ms on 172.18.0.8 (executor 0) (25/50)
[2025-12-07T20:04:37.709+0000] {subprocess.py:106} INFO - 25/12/07 20:04:37 INFO BlockManagerInfo: Added rdd_47_23 in memory on 172.18.0.8:33107 (size: 17.2 KiB, free: 432.0 MiB)
[2025-12-07T20:04:37.711+0000] {subprocess.py:106} INFO - 25/12/07 20:04:37 INFO TaskSetManager: Starting task 43.0 in stage 9.0 (TID 102) (172.18.0.8, executor 0, partition 43, NODE_LOCAL, 7367 bytes)
[2025-12-07T20:04:37.712+0000] {subprocess.py:106} INFO - 25/12/07 20:04:37 INFO BlockManagerInfo: Added rdd_47_30 in memory on 172.18.0.8:33107 (size: 17.3 KiB, free: 432.0 MiB)
[2025-12-07T20:04:37.713+0000] {subprocess.py:106} INFO - 25/12/07 20:04:37 INFO TaskSetManager: Finished task 28.0 in stage 9.0 (TID 87) in 405 ms on 172.18.0.8 (executor 0) (26/50)
[2025-12-07T20:04:37.720+0000] {subprocess.py:106} INFO - 25/12/07 20:04:37 INFO TaskSetManager: Finished task 26.0 in stage 9.0 (TID 85) in 412 ms on 172.18.0.8 (executor 0) (27/50)
[2025-12-07T20:04:37.722+0000] {subprocess.py:106} INFO - 25/12/07 20:04:37 INFO TaskSetManager: Finished task 25.0 in stage 9.0 (TID 84) in 417 ms on 172.18.0.8 (executor 0) (28/50)
[2025-12-07T20:04:37.729+0000] {subprocess.py:106} INFO - 25/12/07 20:04:37 INFO BlockManagerInfo: Added rdd_47_31 in memory on 172.18.0.8:33107 (size: 20.0 KiB, free: 431.9 MiB)
[2025-12-07T20:04:37.733+0000] {subprocess.py:106} INFO - 25/12/07 20:04:37 INFO TaskSetManager: Starting task 44.0 in stage 9.0 (TID 103) (172.18.0.8, executor 0, partition 44, NODE_LOCAL, 7367 bytes)
[2025-12-07T20:04:37.734+0000] {subprocess.py:106} INFO - 25/12/07 20:04:37 INFO TaskSetManager: Finished task 29.0 in stage 9.0 (TID 88) in 425 ms on 172.18.0.8 (executor 0) (29/50)
[2025-12-07T20:04:37.735+0000] {subprocess.py:106} INFO - 25/12/07 20:04:37 INFO TaskSetManager: Starting task 45.0 in stage 9.0 (TID 104) (172.18.0.8, executor 0, partition 45, NODE_LOCAL, 7367 bytes)
[2025-12-07T20:04:37.736+0000] {subprocess.py:106} INFO - 25/12/07 20:04:37 INFO TaskSetManager: Finished task 23.0 in stage 9.0 (TID 82) in 448 ms on 172.18.0.8 (executor 0) (30/50)
[2025-12-07T20:04:37.747+0000] {subprocess.py:106} INFO - 25/12/07 20:04:37 INFO TaskSetManager: Starting task 46.0 in stage 9.0 (TID 105) (172.18.0.8, executor 0, partition 46, NODE_LOCAL, 7367 bytes)
[2025-12-07T20:04:37.750+0000] {subprocess.py:106} INFO - 25/12/07 20:04:37 INFO TaskSetManager: Finished task 30.0 in stage 9.0 (TID 89) in 442 ms on 172.18.0.8 (executor 0) (31/50)
[2025-12-07T20:04:37.758+0000] {subprocess.py:106} INFO - 25/12/07 20:04:37 INFO TaskSetManager: Starting task 47.0 in stage 9.0 (TID 106) (172.18.0.8, executor 0, partition 47, NODE_LOCAL, 7367 bytes)
[2025-12-07T20:04:37.765+0000] {subprocess.py:106} INFO - 25/12/07 20:04:37 INFO TaskSetManager: Finished task 31.0 in stage 9.0 (TID 90) in 456 ms on 172.18.0.8 (executor 0) (32/50)
[2025-12-07T20:04:37.833+0000] {subprocess.py:106} INFO - 25/12/07 20:04:37 INFO BlockManagerInfo: Added rdd_43_32 in memory on 172.18.0.8:33107 (size: 21.2 KiB, free: 431.9 MiB)
[2025-12-07T20:04:37.849+0000] {subprocess.py:106} INFO - 25/12/07 20:04:37 INFO BlockManagerInfo: Added rdd_43_33 in memory on 172.18.0.8:33107 (size: 19.0 KiB, free: 431.9 MiB)
[2025-12-07T20:04:37.868+0000] {subprocess.py:106} INFO - 25/12/07 20:04:37 INFO BlockManagerInfo: Added rdd_43_37 in memory on 172.18.0.8:33107 (size: 17.8 KiB, free: 431.9 MiB)
[2025-12-07T20:04:37.873+0000] {subprocess.py:106} INFO - 25/12/07 20:04:37 INFO BlockManagerInfo: Added rdd_43_40 in memory on 172.18.0.8:33107 (size: 20.6 KiB, free: 431.9 MiB)
[2025-12-07T20:04:37.884+0000] {subprocess.py:106} INFO - 25/12/07 20:04:37 INFO BlockManagerInfo: Added rdd_43_36 in memory on 172.18.0.8:33107 (size: 18.7 KiB, free: 431.8 MiB)
[2025-12-07T20:04:37.886+0000] {subprocess.py:106} INFO - 25/12/07 20:04:37 INFO BlockManagerInfo: Added rdd_43_41 in memory on 172.18.0.8:33107 (size: 21.3 KiB, free: 431.8 MiB)
[2025-12-07T20:04:37.925+0000] {subprocess.py:106} INFO - 25/12/07 20:04:37 INFO BlockManagerInfo: Added rdd_43_35 in memory on 172.18.0.8:33107 (size: 21.6 KiB, free: 431.8 MiB)
[2025-12-07T20:04:37.928+0000] {subprocess.py:106} INFO - 25/12/07 20:04:37 INFO BlockManagerInfo: Added rdd_43_34 in memory on 172.18.0.8:33107 (size: 19.1 KiB, free: 431.8 MiB)
[2025-12-07T20:04:37.930+0000] {subprocess.py:106} INFO - 25/12/07 20:04:37 INFO BlockManagerInfo: Added rdd_43_38 in memory on 172.18.0.8:33107 (size: 18.9 KiB, free: 431.8 MiB)
[2025-12-07T20:04:37.932+0000] {subprocess.py:106} INFO - 25/12/07 20:04:37 INFO BlockManagerInfo: Added rdd_47_40 in memory on 172.18.0.8:33107 (size: 18.0 KiB, free: 431.7 MiB)
[2025-12-07T20:04:37.937+0000] {subprocess.py:106} INFO - 25/12/07 20:04:37 INFO BlockManagerInfo: Added rdd_47_33 in memory on 172.18.0.8:33107 (size: 16.4 KiB, free: 431.7 MiB)
[2025-12-07T20:04:37.944+0000] {subprocess.py:106} INFO - 25/12/07 20:04:37 INFO BlockManagerInfo: Added rdd_43_43 in memory on 172.18.0.8:33107 (size: 20.5 KiB, free: 431.7 MiB)
[2025-12-07T20:04:37.950+0000] {subprocess.py:106} INFO - 25/12/07 20:04:37 INFO BlockManagerInfo: Added rdd_47_37 in memory on 172.18.0.8:33107 (size: 14.9 KiB, free: 431.7 MiB)
[2025-12-07T20:04:37.951+0000] {subprocess.py:106} INFO - 25/12/07 20:04:37 INFO BlockManagerInfo: Added rdd_47_32 in memory on 172.18.0.8:33107 (size: 18.3 KiB, free: 431.7 MiB)
[2025-12-07T20:04:37.958+0000] {subprocess.py:106} INFO - 25/12/07 20:04:37 INFO BlockManagerInfo: Added rdd_47_36 in memory on 172.18.0.8:33107 (size: 16.1 KiB, free: 431.7 MiB)
[2025-12-07T20:04:37.965+0000] {subprocess.py:106} INFO - 25/12/07 20:04:37 INFO BlockManagerInfo: Added rdd_43_44 in memory on 172.18.0.8:33107 (size: 21.5 KiB, free: 431.6 MiB)
[2025-12-07T20:04:37.967+0000] {subprocess.py:106} INFO - 25/12/07 20:04:37 INFO BlockManagerInfo: Added rdd_43_42 in memory on 172.18.0.8:33107 (size: 21.2 KiB, free: 431.6 MiB)
[2025-12-07T20:04:37.990+0000] {subprocess.py:106} INFO - 25/12/07 20:04:37 INFO BlockManagerInfo: Added rdd_43_39 in memory on 172.18.0.8:33107 (size: 21.0 KiB, free: 431.6 MiB)
[2025-12-07T20:04:37.995+0000] {subprocess.py:106} INFO - 25/12/07 20:04:37 INFO TaskSetManager: Starting task 48.0 in stage 9.0 (TID 107) (172.18.0.8, executor 0, partition 48, NODE_LOCAL, 7367 bytes)
[2025-12-07T20:04:37.999+0000] {subprocess.py:106} INFO - 25/12/07 20:04:37 INFO TaskSetManager: Starting task 49.0 in stage 9.0 (TID 108) (172.18.0.8, executor 0, partition 49, NODE_LOCAL, 7367 bytes)
[2025-12-07T20:04:38.000+0000] {subprocess.py:106} INFO - 25/12/07 20:04:37 INFO TaskSetManager: Finished task 33.0 in stage 9.0 (TID 92) in 373 ms on 172.18.0.8 (executor 0) (33/50)
[2025-12-07T20:04:38.001+0000] {subprocess.py:106} INFO - 25/12/07 20:04:37 INFO TaskSetManager: Finished task 40.0 in stage 9.0 (TID 99) in 315 ms on 172.18.0.8 (executor 0) (34/50)
[2025-12-07T20:04:38.006+0000] {subprocess.py:106} INFO - 25/12/07 20:04:38 INFO BlockManagerInfo: Added rdd_47_38 in memory on 172.18.0.8:33107 (size: 16.1 KiB, free: 431.6 MiB)
[2025-12-07T20:04:38.008+0000] {subprocess.py:106} INFO - 25/12/07 20:04:38 INFO TaskSetManager: Finished task 32.0 in stage 9.0 (TID 91) in 419 ms on 172.18.0.8 (executor 0) (35/50)
[2025-12-07T20:04:38.014+0000] {subprocess.py:106} INFO - 25/12/07 20:04:38 INFO TaskSetManager: Finished task 37.0 in stage 9.0 (TID 96) in 355 ms on 172.18.0.8 (executor 0) (36/50)
[2025-12-07T20:04:38.016+0000] {subprocess.py:106} INFO - 25/12/07 20:04:38 INFO BlockManagerInfo: Added rdd_43_47 in memory on 172.18.0.8:33107 (size: 21.4 KiB, free: 431.6 MiB)
[2025-12-07T20:04:38.017+0000] {subprocess.py:106} INFO - 25/12/07 20:04:38 INFO BlockManagerInfo: Added rdd_47_35 in memory on 172.18.0.8:33107 (size: 19.1 KiB, free: 431.5 MiB)
[2025-12-07T20:04:38.029+0000] {subprocess.py:106} INFO - 25/12/07 20:04:38 INFO TaskSetManager: Finished task 36.0 in stage 9.0 (TID 95) in 371 ms on 172.18.0.8 (executor 0) (37/50)
[2025-12-07T20:04:38.035+0000] {subprocess.py:106} INFO - 25/12/07 20:04:38 INFO BlockManagerInfo: Added rdd_43_45 in memory on 172.18.0.8:33107 (size: 17.3 KiB, free: 431.5 MiB)
[2025-12-07T20:04:38.039+0000] {subprocess.py:106} INFO - 25/12/07 20:04:38 INFO BlockManagerInfo: Added rdd_43_46 in memory on 172.18.0.8:33107 (size: 21.7 KiB, free: 431.5 MiB)
[2025-12-07T20:04:38.040+0000] {subprocess.py:106} INFO - 25/12/07 20:04:38 INFO TaskSetManager: Finished task 38.0 in stage 9.0 (TID 97) in 366 ms on 172.18.0.8 (executor 0) (38/50)
[2025-12-07T20:04:38.041+0000] {subprocess.py:106} INFO - 25/12/07 20:04:38 INFO BlockManagerInfo: Added rdd_47_34 in memory on 172.18.0.8:33107 (size: 16.7 KiB, free: 431.5 MiB)
[2025-12-07T20:04:38.042+0000] {subprocess.py:106} INFO - 25/12/07 20:04:38 INFO BlockManagerInfo: Added rdd_47_43 in memory on 172.18.0.8:33107 (size: 17.9 KiB, free: 431.5 MiB)
[2025-12-07T20:04:38.042+0000] {subprocess.py:106} INFO - 25/12/07 20:04:38 INFO BlockManagerInfo: Added rdd_47_41 in memory on 172.18.0.8:33107 (size: 18.6 KiB, free: 431.5 MiB)
[2025-12-07T20:04:38.052+0000] {subprocess.py:106} INFO - 25/12/07 20:04:38 INFO BlockManagerInfo: Added rdd_47_44 in memory on 172.18.0.8:33107 (size: 18.7 KiB, free: 431.4 MiB)
[2025-12-07T20:04:38.054+0000] {subprocess.py:106} INFO - 25/12/07 20:04:38 INFO TaskSetManager: Finished task 35.0 in stage 9.0 (TID 94) in 406 ms on 172.18.0.8 (executor 0) (39/50)
[2025-12-07T20:04:38.070+0000] {subprocess.py:106} INFO - 25/12/07 20:04:38 INFO BlockManagerInfo: Added rdd_47_39 in memory on 172.18.0.8:33107 (size: 18.4 KiB, free: 431.4 MiB)
[2025-12-07T20:04:38.082+0000] {subprocess.py:106} INFO - 25/12/07 20:04:38 INFO TaskSetManager: Finished task 43.0 in stage 9.0 (TID 102) in 378 ms on 172.18.0.8 (executor 0) (40/50)
[2025-12-07T20:04:38.084+0000] {subprocess.py:106} INFO - 25/12/07 20:04:38 INFO TaskSetManager: Finished task 34.0 in stage 9.0 (TID 93) in 438 ms on 172.18.0.8 (executor 0) (41/50)
[2025-12-07T20:04:38.085+0000] {subprocess.py:106} INFO - 25/12/07 20:04:38 INFO TaskSetManager: Finished task 41.0 in stage 9.0 (TID 100) in 386 ms on 172.18.0.8 (executor 0) (42/50)
[2025-12-07T20:04:38.087+0000] {subprocess.py:106} INFO - 25/12/07 20:04:38 INFO TaskSetManager: Finished task 44.0 in stage 9.0 (TID 103) in 359 ms on 172.18.0.8 (executor 0) (43/50)
[2025-12-07T20:04:38.088+0000] {subprocess.py:106} INFO - 25/12/07 20:04:38 INFO BlockManagerInfo: Added rdd_47_42 in memory on 172.18.0.8:33107 (size: 17.9 KiB, free: 431.4 MiB)
[2025-12-07T20:04:38.090+0000] {subprocess.py:106} INFO - 25/12/07 20:04:38 INFO BlockManagerInfo: Added rdd_47_47 in memory on 172.18.0.8:33107 (size: 18.9 KiB, free: 431.4 MiB)
[2025-12-07T20:04:38.091+0000] {subprocess.py:106} INFO - 25/12/07 20:04:38 INFO BlockManagerInfo: Added rdd_47_45 in memory on 172.18.0.8:33107 (size: 14.2 KiB, free: 431.4 MiB)
[2025-12-07T20:04:38.096+0000] {subprocess.py:106} INFO - 25/12/07 20:04:38 INFO BlockManagerInfo: Added rdd_47_46 in memory on 172.18.0.8:33107 (size: 18.7 KiB, free: 431.4 MiB)
[2025-12-07T20:04:38.098+0000] {subprocess.py:106} INFO - 25/12/07 20:04:38 INFO TaskSetManager: Finished task 39.0 in stage 9.0 (TID 98) in 420 ms on 172.18.0.8 (executor 0) (44/50)
[2025-12-07T20:04:38.105+0000] {subprocess.py:106} INFO - 25/12/07 20:04:38 INFO TaskSetManager: Finished task 42.0 in stage 9.0 (TID 101) in 409 ms on 172.18.0.8 (executor 0) (45/50)
[2025-12-07T20:04:38.110+0000] {subprocess.py:106} INFO - 25/12/07 20:04:38 INFO TaskSetManager: Finished task 47.0 in stage 9.0 (TID 106) in 357 ms on 172.18.0.8 (executor 0) (46/50)
[2025-12-07T20:04:38.111+0000] {subprocess.py:106} INFO - 25/12/07 20:04:38 INFO TaskSetManager: Finished task 45.0 in stage 9.0 (TID 104) in 379 ms on 172.18.0.8 (executor 0) (47/50)
[2025-12-07T20:04:38.115+0000] {subprocess.py:106} INFO - 25/12/07 20:04:38 INFO TaskSetManager: Finished task 46.0 in stage 9.0 (TID 105) in 372 ms on 172.18.0.8 (executor 0) (48/50)
[2025-12-07T20:04:38.138+0000] {subprocess.py:106} INFO - 25/12/07 20:04:38 INFO BlockManagerInfo: Added rdd_43_48 in memory on 172.18.0.8:33107 (size: 20.4 KiB, free: 431.3 MiB)
[2025-12-07T20:04:38.139+0000] {subprocess.py:106} INFO - 25/12/07 20:04:38 INFO BlockManagerInfo: Added rdd_43_49 in memory on 172.18.0.8:33107 (size: 22.0 KiB, free: 431.3 MiB)
[2025-12-07T20:04:38.159+0000] {subprocess.py:106} INFO - 25/12/07 20:04:38 INFO BlockManagerInfo: Added rdd_47_48 in memory on 172.18.0.8:33107 (size: 17.8 KiB, free: 431.3 MiB)
[2025-12-07T20:04:38.160+0000] {subprocess.py:106} INFO - 25/12/07 20:04:38 INFO BlockManagerInfo: Added rdd_47_49 in memory on 172.18.0.8:33107 (size: 19.7 KiB, free: 431.3 MiB)
[2025-12-07T20:04:38.173+0000] {subprocess.py:106} INFO - 25/12/07 20:04:38 INFO TaskSetManager: Finished task 49.0 in stage 9.0 (TID 108) in 175 ms on 172.18.0.8 (executor 0) (49/50)
[2025-12-07T20:04:38.174+0000] {subprocess.py:106} INFO - 25/12/07 20:04:38 INFO TaskSetManager: Finished task 48.0 in stage 9.0 (TID 107) in 180 ms on 172.18.0.8 (executor 0) (50/50)
[2025-12-07T20:04:38.175+0000] {subprocess.py:106} INFO - 25/12/07 20:04:38 INFO TaskSchedulerImpl: Removed TaskSet 9.0, whose tasks have all completed, from pool
[2025-12-07T20:04:38.175+0000] {subprocess.py:106} INFO - 25/12/07 20:04:38 INFO DAGScheduler: ResultStage 9 ($anonfun$recordDeltaOperationInternal$1 at DatabricksLogging.scala:128) finished in 1.365 s
[2025-12-07T20:04:38.176+0000] {subprocess.py:106} INFO - 25/12/07 20:04:38 INFO DAGScheduler: Job 7 is finished. Cancelling potential speculative or zombie tasks for this job
[2025-12-07T20:04:38.176+0000] {subprocess.py:106} INFO - 25/12/07 20:04:38 INFO TaskSchedulerImpl: Killing all running tasks in stage 9: Stage finished
[2025-12-07T20:04:38.177+0000] {subprocess.py:106} INFO - 25/12/07 20:04:38 INFO DAGScheduler: Job 7 finished: $anonfun$recordDeltaOperationInternal$1 at DatabricksLogging.scala:128, took 1.374908 s
[2025-12-07T20:04:38.194+0000] {subprocess.py:106} INFO - 25/12/07 20:04:38 INFO PrepareDeltaScan: DELTA: Done
[2025-12-07T20:04:38.217+0000] {subprocess.py:106} INFO - 25/12/07 20:04:38 INFO PrepareDeltaScan: DELTA: Filtering files for query
[2025-12-07T20:04:38.222+0000] {subprocess.py:106} INFO - 25/12/07 20:04:38 INFO MemoryStore: Block broadcast_16 stored as values in memory (estimated size 212.1 KiB, free 432.4 MiB)
[2025-12-07T20:04:38.231+0000] {subprocess.py:106} INFO - 25/12/07 20:04:38 INFO MemoryStore: Block broadcast_16_piece0 stored as bytes in memory (estimated size 36.2 KiB, free 432.4 MiB)
[2025-12-07T20:04:38.232+0000] {subprocess.py:106} INFO - 25/12/07 20:04:38 INFO BlockManagerInfo: Added broadcast_16_piece0 in memory on 13f196131dae:46673 (size: 36.2 KiB, free: 434.1 MiB)
[2025-12-07T20:04:38.233+0000] {subprocess.py:106} INFO - 25/12/07 20:04:38 INFO SparkContext: Created broadcast 16 from $anonfun$recordDeltaOperationInternal$1 at DatabricksLogging.scala:128
[2025-12-07T20:04:38.265+0000] {subprocess.py:106} INFO - 25/12/07 20:04:38 INFO BlockManagerInfo: Removed broadcast_15_piece0 on 13f196131dae:46673 in memory (size: 156.8 KiB, free: 434.2 MiB)
[2025-12-07T20:04:38.267+0000] {subprocess.py:106} INFO - 25/12/07 20:04:38 INFO BlockManagerInfo: Removed broadcast_15_piece0 on 172.18.0.8:33107 in memory (size: 156.8 KiB, free: 431.4 MiB)
[2025-12-07T20:04:38.403+0000] {subprocess.py:106} INFO - 25/12/07 20:04:38 INFO FileSourceStrategy: Pushed Filters:
[2025-12-07T20:04:38.404+0000] {subprocess.py:106} INFO - 25/12/07 20:04:38 INFO FileSourceStrategy: Post-Scan Filters:
[2025-12-07T20:04:38.452+0000] {subprocess.py:106} INFO - 25/12/07 20:04:38 INFO MemoryStore: Block broadcast_17 stored as values in memory (estimated size 212.7 KiB, free 433.0 MiB)
[2025-12-07T20:04:38.458+0000] {subprocess.py:106} INFO - 25/12/07 20:04:38 INFO MemoryStore: Block broadcast_17_piece0 stored as bytes in memory (estimated size 36.3 KiB, free 432.9 MiB)
[2025-12-07T20:04:38.459+0000] {subprocess.py:106} INFO - 25/12/07 20:04:38 INFO BlockManagerInfo: Added broadcast_17_piece0 in memory on 13f196131dae:46673 (size: 36.3 KiB, free: 434.2 MiB)
[2025-12-07T20:04:38.461+0000] {subprocess.py:106} INFO - 25/12/07 20:04:38 INFO SparkContext: Created broadcast 17 from $anonfun$recordDeltaOperationInternal$1 at DatabricksLogging.scala:128
[2025-12-07T20:04:38.461+0000] {subprocess.py:106} INFO - 25/12/07 20:04:38 INFO FileSourceScanExec: Planning scan with bin packing, max size: 4194304 bytes, open cost is considered as scanning 4194304 bytes.
[2025-12-07T20:04:38.470+0000] {subprocess.py:106} INFO - 25/12/07 20:04:38 INFO DAGScheduler: Registering RDD 53 ($anonfun$recordDeltaOperationInternal$1 at DatabricksLogging.scala:128) as input to shuffle 2
[2025-12-07T20:04:38.471+0000] {subprocess.py:106} INFO - 25/12/07 20:04:38 INFO DAGScheduler: Got map stage job 8 ($anonfun$recordDeltaOperationInternal$1 at DatabricksLogging.scala:128) with 1 output partitions
[2025-12-07T20:04:38.472+0000] {subprocess.py:106} INFO - 25/12/07 20:04:38 INFO DAGScheduler: Final stage: ShuffleMapStage 10 ($anonfun$recordDeltaOperationInternal$1 at DatabricksLogging.scala:128)
[2025-12-07T20:04:38.474+0000] {subprocess.py:106} INFO - 25/12/07 20:04:38 INFO DAGScheduler: Parents of final stage: List()
[2025-12-07T20:04:38.475+0000] {subprocess.py:106} INFO - 25/12/07 20:04:38 INFO DAGScheduler: Missing parents: List()
[2025-12-07T20:04:38.479+0000] {subprocess.py:106} INFO - 25/12/07 20:04:38 INFO DAGScheduler: Submitting ShuffleMapStage 10 (MapPartitionsRDD[53] at $anonfun$recordDeltaOperationInternal$1 at DatabricksLogging.scala:128), which has no missing parents
[2025-12-07T20:04:38.480+0000] {subprocess.py:106} INFO - 25/12/07 20:04:38 INFO MemoryStore: Block broadcast_18 stored as values in memory (estimated size 138.3 KiB, free 432.8 MiB)
[2025-12-07T20:04:38.481+0000] {subprocess.py:106} INFO - 25/12/07 20:04:38 INFO MemoryStore: Block broadcast_18_piece0 stored as bytes in memory (estimated size 39.0 KiB, free 432.8 MiB)
[2025-12-07T20:04:38.481+0000] {subprocess.py:106} INFO - 25/12/07 20:04:38 INFO BlockManagerInfo: Added broadcast_18_piece0 in memory on 13f196131dae:46673 (size: 39.0 KiB, free: 434.1 MiB)
[2025-12-07T20:04:38.482+0000] {subprocess.py:106} INFO - 25/12/07 20:04:38 INFO SparkContext: Created broadcast 18 from broadcast at DAGScheduler.scala:1535
[2025-12-07T20:04:38.483+0000] {subprocess.py:106} INFO - 25/12/07 20:04:38 INFO DAGScheduler: Submitting 1 missing tasks from ShuffleMapStage 10 (MapPartitionsRDD[53] at $anonfun$recordDeltaOperationInternal$1 at DatabricksLogging.scala:128) (first 15 tasks are for partitions Vector(0))
[2025-12-07T20:04:38.483+0000] {subprocess.py:106} INFO - 25/12/07 20:04:38 INFO TaskSchedulerImpl: Adding task set 10.0 with 1 tasks resource profile 0
[2025-12-07T20:04:38.484+0000] {subprocess.py:106} INFO - 25/12/07 20:04:38 INFO TaskSetManager: Starting task 0.0 in stage 10.0 (TID 109) (172.18.0.8, executor 0, partition 0, PROCESS_LOCAL, 7931 bytes)
[2025-12-07T20:04:38.494+0000] {subprocess.py:106} INFO - 25/12/07 20:04:38 INFO BlockManagerInfo: Added broadcast_18_piece0 in memory on 172.18.0.8:33107 (size: 39.0 KiB, free: 431.4 MiB)
[2025-12-07T20:04:38.517+0000] {subprocess.py:106} INFO - 25/12/07 20:04:38 INFO BlockManagerInfo: Added broadcast_17_piece0 in memory on 172.18.0.8:33107 (size: 36.3 KiB, free: 431.4 MiB)
[2025-12-07T20:04:38.552+0000] {subprocess.py:106} INFO - 25/12/07 20:04:38 INFO TaskSetManager: Finished task 0.0 in stage 10.0 (TID 109) in 68 ms on 172.18.0.8 (executor 0) (1/1)
[2025-12-07T20:04:38.553+0000] {subprocess.py:106} INFO - 25/12/07 20:04:38 INFO TaskSchedulerImpl: Removed TaskSet 10.0, whose tasks have all completed, from pool
[2025-12-07T20:04:38.553+0000] {subprocess.py:106} INFO - 25/12/07 20:04:38 INFO DAGScheduler: ShuffleMapStage 10 ($anonfun$recordDeltaOperationInternal$1 at DatabricksLogging.scala:128) finished in 0.079 s
[2025-12-07T20:04:38.554+0000] {subprocess.py:106} INFO - 25/12/07 20:04:38 INFO DAGScheduler: looking for newly runnable stages
[2025-12-07T20:04:38.554+0000] {subprocess.py:106} INFO - 25/12/07 20:04:38 INFO DAGScheduler: running: Set()
[2025-12-07T20:04:38.555+0000] {subprocess.py:106} INFO - 25/12/07 20:04:38 INFO DAGScheduler: waiting: Set()
[2025-12-07T20:04:38.556+0000] {subprocess.py:106} INFO - 25/12/07 20:04:38 INFO DAGScheduler: failed: Set()
[2025-12-07T20:04:38.598+0000] {subprocess.py:106} INFO - 25/12/07 20:04:38 INFO BlockManagerInfo: Removed broadcast_18_piece0 on 13f196131dae:46673 in memory (size: 39.0 KiB, free: 434.2 MiB)
[2025-12-07T20:04:38.600+0000] {subprocess.py:106} INFO - 25/12/07 20:04:38 INFO BlockManagerInfo: Removed broadcast_18_piece0 on 172.18.0.8:33107 in memory (size: 39.0 KiB, free: 431.4 MiB)
[2025-12-07T20:04:38.937+0000] {subprocess.py:106} INFO - 25/12/07 20:04:38 INFO CodeGenerator: Code generated in 36.47917 ms
[2025-12-07T20:04:38.977+0000] {subprocess.py:106} INFO - 25/12/07 20:04:38 INFO SparkContext: Starting job: $anonfun$recordDeltaOperationInternal$1 at DatabricksLogging.scala:128
[2025-12-07T20:04:38.978+0000] {subprocess.py:106} INFO - 25/12/07 20:04:38 INFO DAGScheduler: Got job 9 ($anonfun$recordDeltaOperationInternal$1 at DatabricksLogging.scala:128) with 50 output partitions
[2025-12-07T20:04:38.979+0000] {subprocess.py:106} INFO - 25/12/07 20:04:38 INFO DAGScheduler: Final stage: ResultStage 12 ($anonfun$recordDeltaOperationInternal$1 at DatabricksLogging.scala:128)
[2025-12-07T20:04:38.979+0000] {subprocess.py:106} INFO - 25/12/07 20:04:38 INFO DAGScheduler: Parents of final stage: List(ShuffleMapStage 11)
[2025-12-07T20:04:38.980+0000] {subprocess.py:106} INFO - 25/12/07 20:04:38 INFO DAGScheduler: Missing parents: List()
[2025-12-07T20:04:38.981+0000] {subprocess.py:106} INFO - 25/12/07 20:04:38 INFO DAGScheduler: Submitting ResultStage 12 (MapPartitionsRDD[66] at $anonfun$recordDeltaOperationInternal$1 at DatabricksLogging.scala:128), which has no missing parents
[2025-12-07T20:04:38.993+0000] {subprocess.py:106} INFO - 25/12/07 20:04:38 INFO MemoryStore: Block broadcast_19 stored as values in memory (estimated size 654.5 KiB, free 432.3 MiB)
[2025-12-07T20:04:38.997+0000] {subprocess.py:106} INFO - 25/12/07 20:04:38 INFO MemoryStore: Block broadcast_19_piece0 stored as bytes in memory (estimated size 155.6 KiB, free 432.2 MiB)
[2025-12-07T20:04:38.998+0000] {subprocess.py:106} INFO - 25/12/07 20:04:38 INFO BlockManagerInfo: Added broadcast_19_piece0 in memory on 13f196131dae:46673 (size: 155.6 KiB, free: 434.0 MiB)
[2025-12-07T20:04:38.999+0000] {subprocess.py:106} INFO - 25/12/07 20:04:38 INFO SparkContext: Created broadcast 19 from broadcast at DAGScheduler.scala:1535
[2025-12-07T20:04:39.000+0000] {subprocess.py:106} INFO - 25/12/07 20:04:38 INFO DAGScheduler: Submitting 50 missing tasks from ResultStage 12 (MapPartitionsRDD[66] at $anonfun$recordDeltaOperationInternal$1 at DatabricksLogging.scala:128) (first 15 tasks are for partitions Vector(0, 1, 2, 3, 4, 5, 6, 7, 8, 9, 10, 11, 12, 13, 14))
[2025-12-07T20:04:39.000+0000] {subprocess.py:106} INFO - 25/12/07 20:04:38 INFO TaskSchedulerImpl: Adding task set 12.0 with 50 tasks resource profile 0
[2025-12-07T20:04:39.002+0000] {subprocess.py:106} INFO - 25/12/07 20:04:39 INFO TaskSetManager: Starting task 29.0 in stage 12.0 (TID 110) (172.18.0.8, executor 0, partition 29, NODE_LOCAL, 7367 bytes)
[2025-12-07T20:04:39.003+0000] {subprocess.py:106} INFO - 25/12/07 20:04:39 INFO TaskSetManager: Starting task 42.0 in stage 12.0 (TID 111) (172.18.0.8, executor 0, partition 42, NODE_LOCAL, 7367 bytes)
[2025-12-07T20:04:39.004+0000] {subprocess.py:106} INFO - 25/12/07 20:04:39 INFO TaskSetManager: Starting task 0.0 in stage 12.0 (TID 112) (172.18.0.8, executor 0, partition 0, PROCESS_LOCAL, 7367 bytes)
[2025-12-07T20:04:39.004+0000] {subprocess.py:106} INFO - 25/12/07 20:04:39 INFO TaskSetManager: Starting task 1.0 in stage 12.0 (TID 113) (172.18.0.8, executor 0, partition 1, PROCESS_LOCAL, 7367 bytes)
[2025-12-07T20:04:39.005+0000] {subprocess.py:106} INFO - 25/12/07 20:04:39 INFO TaskSetManager: Starting task 2.0 in stage 12.0 (TID 114) (172.18.0.8, executor 0, partition 2, PROCESS_LOCAL, 7367 bytes)
[2025-12-07T20:04:39.006+0000] {subprocess.py:106} INFO - 25/12/07 20:04:39 INFO TaskSetManager: Starting task 3.0 in stage 12.0 (TID 115) (172.18.0.8, executor 0, partition 3, PROCESS_LOCAL, 7367 bytes)
[2025-12-07T20:04:39.006+0000] {subprocess.py:106} INFO - 25/12/07 20:04:39 INFO TaskSetManager: Starting task 4.0 in stage 12.0 (TID 116) (172.18.0.8, executor 0, partition 4, PROCESS_LOCAL, 7367 bytes)
[2025-12-07T20:04:39.007+0000] {subprocess.py:106} INFO - 25/12/07 20:04:39 INFO TaskSetManager: Starting task 5.0 in stage 12.0 (TID 117) (172.18.0.8, executor 0, partition 5, PROCESS_LOCAL, 7367 bytes)
[2025-12-07T20:04:39.007+0000] {subprocess.py:106} INFO - 25/12/07 20:04:39 INFO TaskSetManager: Starting task 6.0 in stage 12.0 (TID 118) (172.18.0.8, executor 0, partition 6, PROCESS_LOCAL, 7367 bytes)
[2025-12-07T20:04:39.008+0000] {subprocess.py:106} INFO - 25/12/07 20:04:39 INFO TaskSetManager: Starting task 7.0 in stage 12.0 (TID 119) (172.18.0.8, executor 0, partition 7, PROCESS_LOCAL, 7367 bytes)
[2025-12-07T20:04:39.009+0000] {subprocess.py:106} INFO - 25/12/07 20:04:39 INFO TaskSetManager: Starting task 8.0 in stage 12.0 (TID 120) (172.18.0.8, executor 0, partition 8, PROCESS_LOCAL, 7367 bytes)
[2025-12-07T20:04:39.010+0000] {subprocess.py:106} INFO - 25/12/07 20:04:39 INFO TaskSetManager: Starting task 9.0 in stage 12.0 (TID 121) (172.18.0.8, executor 0, partition 9, PROCESS_LOCAL, 7367 bytes)
[2025-12-07T20:04:39.011+0000] {subprocess.py:106} INFO - 25/12/07 20:04:39 INFO TaskSetManager: Starting task 10.0 in stage 12.0 (TID 122) (172.18.0.8, executor 0, partition 10, PROCESS_LOCAL, 7367 bytes)
[2025-12-07T20:04:39.012+0000] {subprocess.py:106} INFO - 25/12/07 20:04:39 INFO TaskSetManager: Starting task 11.0 in stage 12.0 (TID 123) (172.18.0.8, executor 0, partition 11, PROCESS_LOCAL, 7367 bytes)
[2025-12-07T20:04:39.013+0000] {subprocess.py:106} INFO - 25/12/07 20:04:39 INFO TaskSetManager: Starting task 12.0 in stage 12.0 (TID 124) (172.18.0.8, executor 0, partition 12, PROCESS_LOCAL, 7367 bytes)
[2025-12-07T20:04:39.014+0000] {subprocess.py:106} INFO - 25/12/07 20:04:39 INFO TaskSetManager: Starting task 13.0 in stage 12.0 (TID 125) (172.18.0.8, executor 0, partition 13, PROCESS_LOCAL, 7367 bytes)
[2025-12-07T20:04:39.024+0000] {subprocess.py:106} INFO - 25/12/07 20:04:39 INFO BlockManagerInfo: Added broadcast_19_piece0 in memory on 172.18.0.8:33107 (size: 155.6 KiB, free: 431.2 MiB)
[2025-12-07T20:04:39.054+0000] {subprocess.py:106} INFO - 25/12/07 20:04:39 INFO MapOutputTrackerMasterEndpoint: Asked to send map output locations for shuffle 2 to 172.18.0.8:44278
[2025-12-07T20:04:39.155+0000] {subprocess.py:106} INFO - 25/12/07 20:04:39 INFO BlockManagerInfo: Added rdd_60_4 in memory on 172.18.0.8:33107 (size: 46.0 B, free: 431.2 MiB)
[2025-12-07T20:04:39.157+0000] {subprocess.py:106} INFO - 25/12/07 20:04:39 INFO BlockManagerInfo: Added rdd_60_2 in memory on 172.18.0.8:33107 (size: 46.0 B, free: 431.2 MiB)
[2025-12-07T20:04:39.160+0000] {subprocess.py:106} INFO - 25/12/07 20:04:39 INFO BlockManagerInfo: Added rdd_60_10 in memory on 172.18.0.8:33107 (size: 46.0 B, free: 431.2 MiB)
[2025-12-07T20:04:39.160+0000] {subprocess.py:106} INFO - 25/12/07 20:04:39 INFO BlockManagerInfo: Added rdd_60_9 in memory on 172.18.0.8:33107 (size: 46.0 B, free: 431.2 MiB)
[2025-12-07T20:04:39.161+0000] {subprocess.py:106} INFO - 25/12/07 20:04:39 INFO BlockManagerInfo: Added rdd_60_6 in memory on 172.18.0.8:33107 (size: 46.0 B, free: 431.2 MiB)
[2025-12-07T20:04:39.172+0000] {subprocess.py:106} INFO - 25/12/07 20:04:39 INFO BlockManagerInfo: Added rdd_60_11 in memory on 172.18.0.8:33107 (size: 46.0 B, free: 431.2 MiB)
[2025-12-07T20:04:39.177+0000] {subprocess.py:106} INFO - 25/12/07 20:04:39 INFO BlockManagerInfo: Added rdd_60_1 in memory on 172.18.0.8:33107 (size: 46.0 B, free: 431.2 MiB)
[2025-12-07T20:04:39.179+0000] {subprocess.py:106} INFO - 25/12/07 20:04:39 INFO BlockManagerInfo: Added rdd_60_29 in memory on 172.18.0.8:33107 (size: 648.0 B, free: 431.2 MiB)
[2025-12-07T20:04:39.181+0000] {subprocess.py:106} INFO - 25/12/07 20:04:39 INFO BlockManagerInfo: Added rdd_60_42 in memory on 172.18.0.8:33107 (size: 553.0 B, free: 431.2 MiB)
[2025-12-07T20:04:39.189+0000] {subprocess.py:106} INFO - 25/12/07 20:04:39 INFO BlockManagerInfo: Added rdd_60_3 in memory on 172.18.0.8:33107 (size: 46.0 B, free: 431.2 MiB)
[2025-12-07T20:04:39.192+0000] {subprocess.py:106} INFO - 25/12/07 20:04:39 INFO BlockManagerInfo: Added rdd_60_13 in memory on 172.18.0.8:33107 (size: 46.0 B, free: 431.2 MiB)
[2025-12-07T20:04:39.193+0000] {subprocess.py:106} INFO - 25/12/07 20:04:39 INFO BlockManagerInfo: Added rdd_60_7 in memory on 172.18.0.8:33107 (size: 46.0 B, free: 431.2 MiB)
[2025-12-07T20:04:39.199+0000] {subprocess.py:106} INFO - 25/12/07 20:04:39 INFO BlockManagerInfo: Added rdd_60_5 in memory on 172.18.0.8:33107 (size: 46.0 B, free: 431.2 MiB)
[2025-12-07T20:04:39.200+0000] {subprocess.py:106} INFO - 25/12/07 20:04:39 INFO BlockManagerInfo: Added rdd_60_8 in memory on 172.18.0.8:33107 (size: 46.0 B, free: 431.2 MiB)
[2025-12-07T20:04:39.210+0000] {subprocess.py:106} INFO - 25/12/07 20:04:39 INFO BlockManagerInfo: Added rdd_60_0 in memory on 172.18.0.8:33107 (size: 46.0 B, free: 431.2 MiB)
[2025-12-07T20:04:39.211+0000] {subprocess.py:106} INFO - 25/12/07 20:04:39 INFO BlockManagerInfo: Added rdd_60_12 in memory on 172.18.0.8:33107 (size: 46.0 B, free: 431.2 MiB)
[2025-12-07T20:04:39.231+0000] {subprocess.py:106} INFO - 25/12/07 20:04:39 INFO BlockManagerInfo: Added rdd_64_7 in memory on 172.18.0.8:33107 (size: 46.0 B, free: 431.2 MiB)
[2025-12-07T20:04:39.233+0000] {subprocess.py:106} INFO - 25/12/07 20:04:39 INFO BlockManagerInfo: Added rdd_64_42 in memory on 172.18.0.8:33107 (size: 46.0 B, free: 431.2 MiB)
[2025-12-07T20:04:39.234+0000] {subprocess.py:106} INFO - 25/12/07 20:04:39 INFO BlockManagerInfo: Added rdd_64_6 in memory on 172.18.0.8:33107 (size: 46.0 B, free: 431.2 MiB)
[2025-12-07T20:04:39.235+0000] {subprocess.py:106} INFO - 25/12/07 20:04:39 INFO BlockManagerInfo: Added rdd_64_11 in memory on 172.18.0.8:33107 (size: 46.0 B, free: 431.2 MiB)
[2025-12-07T20:04:39.236+0000] {subprocess.py:106} INFO - 25/12/07 20:04:39 INFO BlockManagerInfo: Added rdd_64_8 in memory on 172.18.0.8:33107 (size: 46.0 B, free: 431.2 MiB)
[2025-12-07T20:04:39.241+0000] {subprocess.py:106} INFO - 25/12/07 20:04:39 INFO BlockManagerInfo: Added rdd_64_2 in memory on 172.18.0.8:33107 (size: 46.0 B, free: 431.2 MiB)
[2025-12-07T20:04:39.242+0000] {subprocess.py:106} INFO - 25/12/07 20:04:39 INFO BlockManagerInfo: Added rdd_64_12 in memory on 172.18.0.8:33107 (size: 46.0 B, free: 431.2 MiB)
[2025-12-07T20:04:39.243+0000] {subprocess.py:106} INFO - 25/12/07 20:04:39 INFO BlockManagerInfo: Added rdd_64_3 in memory on 172.18.0.8:33107 (size: 46.0 B, free: 431.2 MiB)
[2025-12-07T20:04:39.244+0000] {subprocess.py:106} INFO - 25/12/07 20:04:39 INFO BlockManagerInfo: Added rdd_64_0 in memory on 172.18.0.8:33107 (size: 46.0 B, free: 431.2 MiB)
[2025-12-07T20:04:39.244+0000] {subprocess.py:106} INFO - 25/12/07 20:04:39 INFO BlockManagerInfo: Added rdd_64_9 in memory on 172.18.0.8:33107 (size: 46.0 B, free: 431.2 MiB)
[2025-12-07T20:04:39.245+0000] {subprocess.py:106} INFO - 25/12/07 20:04:39 INFO BlockManagerInfo: Added rdd_64_5 in memory on 172.18.0.8:33107 (size: 46.0 B, free: 431.2 MiB)
[2025-12-07T20:04:39.245+0000] {subprocess.py:106} INFO - 25/12/07 20:04:39 INFO BlockManagerInfo: Added rdd_64_4 in memory on 172.18.0.8:33107 (size: 46.0 B, free: 431.2 MiB)
[2025-12-07T20:04:39.249+0000] {subprocess.py:106} INFO - 25/12/07 20:04:39 INFO BlockManagerInfo: Added rdd_64_10 in memory on 172.18.0.8:33107 (size: 46.0 B, free: 431.2 MiB)
[2025-12-07T20:04:39.251+0000] {subprocess.py:106} INFO - 25/12/07 20:04:39 INFO BlockManagerInfo: Added rdd_64_13 in memory on 172.18.0.8:33107 (size: 46.0 B, free: 431.2 MiB)
[2025-12-07T20:04:39.252+0000] {subprocess.py:106} INFO - 25/12/07 20:04:39 INFO BlockManagerInfo: Added rdd_64_1 in memory on 172.18.0.8:33107 (size: 46.0 B, free: 431.2 MiB)
[2025-12-07T20:04:39.252+0000] {subprocess.py:106} INFO - 25/12/07 20:04:39 INFO BlockManagerInfo: Added rdd_64_29 in memory on 172.18.0.8:33107 (size: 512.0 B, free: 431.2 MiB)
[2025-12-07T20:04:39.311+0000] {subprocess.py:106} INFO - 25/12/07 20:04:39 INFO TaskSetManager: Starting task 14.0 in stage 12.0 (TID 126) (172.18.0.8, executor 0, partition 14, PROCESS_LOCAL, 7367 bytes)
[2025-12-07T20:04:39.316+0000] {subprocess.py:106} INFO - 25/12/07 20:04:39 INFO TaskSetManager: Starting task 15.0 in stage 12.0 (TID 127) (172.18.0.8, executor 0, partition 15, PROCESS_LOCAL, 7367 bytes)
[2025-12-07T20:04:39.318+0000] {subprocess.py:106} INFO - 25/12/07 20:04:39 INFO TaskSetManager: Finished task 7.0 in stage 12.0 (TID 119) in 306 ms on 172.18.0.8 (executor 0) (1/50)
[2025-12-07T20:04:39.321+0000] {subprocess.py:106} INFO - 25/12/07 20:04:39 INFO TaskSetManager: Starting task 16.0 in stage 12.0 (TID 128) (172.18.0.8, executor 0, partition 16, PROCESS_LOCAL, 7367 bytes)
[2025-12-07T20:04:39.326+0000] {subprocess.py:106} INFO - 25/12/07 20:04:39 INFO TaskSetManager: Finished task 0.0 in stage 12.0 (TID 112) in 310 ms on 172.18.0.8 (executor 0) (2/50)
[2025-12-07T20:04:39.329+0000] {subprocess.py:106} INFO - 25/12/07 20:04:39 INFO TaskSetManager: Starting task 17.0 in stage 12.0 (TID 129) (172.18.0.8, executor 0, partition 17, PROCESS_LOCAL, 7367 bytes)
[2025-12-07T20:04:39.330+0000] {subprocess.py:106} INFO - 25/12/07 20:04:39 INFO TaskSetManager: Starting task 18.0 in stage 12.0 (TID 130) (172.18.0.8, executor 0, partition 18, PROCESS_LOCAL, 7367 bytes)
[2025-12-07T20:04:39.331+0000] {subprocess.py:106} INFO - 25/12/07 20:04:39 INFO TaskSetManager: Finished task 8.0 in stage 12.0 (TID 120) in 311 ms on 172.18.0.8 (executor 0) (3/50)
[2025-12-07T20:04:39.333+0000] {subprocess.py:106} INFO - 25/12/07 20:04:39 INFO TaskSetManager: Finished task 3.0 in stage 12.0 (TID 115) in 313 ms on 172.18.0.8 (executor 0) (4/50)
[2025-12-07T20:04:39.335+0000] {subprocess.py:106} INFO - 25/12/07 20:04:39 INFO TaskSetManager: Finished task 2.0 in stage 12.0 (TID 114) in 314 ms on 172.18.0.8 (executor 0) (5/50)
[2025-12-07T20:04:39.339+0000] {subprocess.py:106} INFO - 25/12/07 20:04:39 INFO TaskSetManager: Starting task 19.0 in stage 12.0 (TID 131) (172.18.0.8, executor 0, partition 19, PROCESS_LOCAL, 7367 bytes)
[2025-12-07T20:04:39.345+0000] {subprocess.py:106} INFO - 25/12/07 20:04:39 INFO TaskSetManager: Finished task 6.0 in stage 12.0 (TID 118) in 313 ms on 172.18.0.8 (executor 0) (6/50)
[2025-12-07T20:04:39.347+0000] {subprocess.py:106} INFO - 25/12/07 20:04:39 INFO TaskSetManager: Starting task 20.0 in stage 12.0 (TID 132) (172.18.0.8, executor 0, partition 20, PROCESS_LOCAL, 7367 bytes)
[2025-12-07T20:04:39.348+0000] {subprocess.py:106} INFO - 25/12/07 20:04:39 INFO TaskSetManager: Starting task 21.0 in stage 12.0 (TID 133) (172.18.0.8, executor 0, partition 21, PROCESS_LOCAL, 7367 bytes)
[2025-12-07T20:04:39.349+0000] {subprocess.py:106} INFO - 25/12/07 20:04:39 INFO TaskSetManager: Starting task 22.0 in stage 12.0 (TID 134) (172.18.0.8, executor 0, partition 22, PROCESS_LOCAL, 7367 bytes)
[2025-12-07T20:04:39.349+0000] {subprocess.py:106} INFO - 25/12/07 20:04:39 INFO TaskSetManager: Finished task 4.0 in stage 12.0 (TID 116) in 319 ms on 172.18.0.8 (executor 0) (7/50)
[2025-12-07T20:04:39.351+0000] {subprocess.py:106} INFO - 25/12/07 20:04:39 INFO TaskSetManager: Finished task 13.0 in stage 12.0 (TID 125) in 316 ms on 172.18.0.8 (executor 0) (8/50)
[2025-12-07T20:04:39.352+0000] {subprocess.py:106} INFO - 25/12/07 20:04:39 INFO TaskSetManager: Starting task 23.0 in stage 12.0 (TID 135) (172.18.0.8, executor 0, partition 23, PROCESS_LOCAL, 7367 bytes)
[2025-12-07T20:04:39.353+0000] {subprocess.py:106} INFO - 25/12/07 20:04:39 INFO TaskSetManager: Finished task 10.0 in stage 12.0 (TID 122) in 319 ms on 172.18.0.8 (executor 0) (9/50)
[2025-12-07T20:04:39.357+0000] {subprocess.py:106} INFO - 25/12/07 20:04:39 INFO TaskSetManager: Finished task 1.0 in stage 12.0 (TID 113) in 323 ms on 172.18.0.8 (executor 0) (10/50)
[2025-12-07T20:04:39.359+0000] {subprocess.py:106} INFO - 25/12/07 20:04:39 INFO TaskSetManager: Starting task 24.0 in stage 12.0 (TID 136) (172.18.0.8, executor 0, partition 24, PROCESS_LOCAL, 7367 bytes)
[2025-12-07T20:04:39.361+0000] {subprocess.py:106} INFO - 25/12/07 20:04:39 INFO TaskSetManager: Starting task 25.0 in stage 12.0 (TID 137) (172.18.0.8, executor 0, partition 25, PROCESS_LOCAL, 7367 bytes)
[2025-12-07T20:04:39.362+0000] {subprocess.py:106} INFO - 25/12/07 20:04:39 INFO TaskSetManager: Finished task 9.0 in stage 12.0 (TID 121) in 325 ms on 172.18.0.8 (executor 0) (11/50)
[2025-12-07T20:04:39.363+0000] {subprocess.py:106} INFO - 25/12/07 20:04:39 INFO TaskSetManager: Starting task 26.0 in stage 12.0 (TID 138) (172.18.0.8, executor 0, partition 26, PROCESS_LOCAL, 7367 bytes)
[2025-12-07T20:04:39.364+0000] {subprocess.py:106} INFO - 25/12/07 20:04:39 INFO TaskSetManager: Finished task 42.0 in stage 12.0 (TID 111) in 333 ms on 172.18.0.8 (executor 0) (12/50)
[2025-12-07T20:04:39.366+0000] {subprocess.py:106} INFO - 25/12/07 20:04:39 INFO TaskSetManager: Finished task 12.0 in stage 12.0 (TID 124) in 329 ms on 172.18.0.8 (executor 0) (13/50)
[2025-12-07T20:04:39.368+0000] {subprocess.py:106} INFO - 25/12/07 20:04:39 INFO TaskSetManager: Starting task 27.0 in stage 12.0 (TID 139) (172.18.0.8, executor 0, partition 27, PROCESS_LOCAL, 7367 bytes)
[2025-12-07T20:04:39.369+0000] {subprocess.py:106} INFO - 25/12/07 20:04:39 INFO TaskSetManager: Starting task 28.0 in stage 12.0 (TID 140) (172.18.0.8, executor 0, partition 28, PROCESS_LOCAL, 7367 bytes)
[2025-12-07T20:04:39.370+0000] {subprocess.py:106} INFO - 25/12/07 20:04:39 INFO TaskSetManager: Finished task 11.0 in stage 12.0 (TID 123) in 334 ms on 172.18.0.8 (executor 0) (14/50)
[2025-12-07T20:04:39.371+0000] {subprocess.py:106} INFO - 25/12/07 20:04:39 INFO TaskSetManager: Finished task 5.0 in stage 12.0 (TID 117) in 337 ms on 172.18.0.8 (executor 0) (15/50)
[2025-12-07T20:04:39.371+0000] {subprocess.py:106} INFO - 25/12/07 20:04:39 INFO TaskSetManager: Finished task 29.0 in stage 12.0 (TID 110) in 340 ms on 172.18.0.8 (executor 0) (16/50)
[2025-12-07T20:04:39.372+0000] {subprocess.py:106} INFO - 25/12/07 20:04:39 INFO TaskSetManager: Starting task 30.0 in stage 12.0 (TID 141) (172.18.0.8, executor 0, partition 30, PROCESS_LOCAL, 7367 bytes)
[2025-12-07T20:04:39.457+0000] {subprocess.py:106} INFO - 25/12/07 20:04:39 INFO BlockManagerInfo: Added rdd_60_14 in memory on 172.18.0.8:33107 (size: 46.0 B, free: 431.2 MiB)
[2025-12-07T20:04:39.469+0000] {subprocess.py:106} INFO - 25/12/07 20:04:39 INFO BlockManagerInfo: Added rdd_60_15 in memory on 172.18.0.8:33107 (size: 46.0 B, free: 431.2 MiB)
[2025-12-07T20:04:39.477+0000] {subprocess.py:106} INFO - 25/12/07 20:04:39 INFO BlockManagerInfo: Added rdd_60_17 in memory on 172.18.0.8:33107 (size: 46.0 B, free: 431.2 MiB)
[2025-12-07T20:04:39.482+0000] {subprocess.py:106} INFO - 25/12/07 20:04:39 INFO BlockManagerInfo: Added rdd_60_20 in memory on 172.18.0.8:33107 (size: 46.0 B, free: 431.2 MiB)
[2025-12-07T20:04:39.485+0000] {subprocess.py:106} INFO - 25/12/07 20:04:39 INFO BlockManagerInfo: Added rdd_60_18 in memory on 172.18.0.8:33107 (size: 46.0 B, free: 431.2 MiB)
[2025-12-07T20:04:39.486+0000] {subprocess.py:106} INFO - 25/12/07 20:04:39 INFO BlockManagerInfo: Added rdd_60_28 in memory on 172.18.0.8:33107 (size: 46.0 B, free: 431.2 MiB)
[2025-12-07T20:04:39.488+0000] {subprocess.py:106} INFO - 25/12/07 20:04:39 INFO BlockManagerInfo: Added rdd_60_16 in memory on 172.18.0.8:33107 (size: 46.0 B, free: 431.2 MiB)
[2025-12-07T20:04:39.493+0000] {subprocess.py:106} INFO - 25/12/07 20:04:39 INFO BlockManagerInfo: Added rdd_60_23 in memory on 172.18.0.8:33107 (size: 46.0 B, free: 431.2 MiB)
[2025-12-07T20:04:39.496+0000] {subprocess.py:106} INFO - 25/12/07 20:04:39 INFO BlockManagerInfo: Added rdd_64_14 in memory on 172.18.0.8:33107 (size: 46.0 B, free: 431.2 MiB)
[2025-12-07T20:04:39.497+0000] {subprocess.py:106} INFO - 25/12/07 20:04:39 INFO BlockManagerInfo: Added rdd_60_24 in memory on 172.18.0.8:33107 (size: 46.0 B, free: 431.2 MiB)
[2025-12-07T20:04:39.498+0000] {subprocess.py:106} INFO - 25/12/07 20:04:39 INFO BlockManagerInfo: Added rdd_60_30 in memory on 172.18.0.8:33107 (size: 46.0 B, free: 431.2 MiB)
[2025-12-07T20:04:39.500+0000] {subprocess.py:106} INFO - 25/12/07 20:04:39 INFO BlockManagerInfo: Added rdd_64_17 in memory on 172.18.0.8:33107 (size: 46.0 B, free: 431.2 MiB)
[2025-12-07T20:04:39.501+0000] {subprocess.py:106} INFO - 25/12/07 20:04:39 INFO BlockManagerInfo: Added rdd_64_20 in memory on 172.18.0.8:33107 (size: 46.0 B, free: 431.2 MiB)
[2025-12-07T20:04:39.503+0000] {subprocess.py:106} INFO - 25/12/07 20:04:39 INFO BlockManagerInfo: Added rdd_60_25 in memory on 172.18.0.8:33107 (size: 46.0 B, free: 431.2 MiB)
[2025-12-07T20:04:39.504+0000] {subprocess.py:106} INFO - 25/12/07 20:04:39 INFO BlockManagerInfo: Added rdd_64_18 in memory on 172.18.0.8:33107 (size: 46.0 B, free: 431.2 MiB)
[2025-12-07T20:04:39.505+0000] {subprocess.py:106} INFO - 25/12/07 20:04:39 INFO BlockManagerInfo: Added rdd_64_15 in memory on 172.18.0.8:33107 (size: 46.0 B, free: 431.2 MiB)
[2025-12-07T20:04:39.507+0000] {subprocess.py:106} INFO - 25/12/07 20:04:39 INFO BlockManagerInfo: Added rdd_60_21 in memory on 172.18.0.8:33107 (size: 46.0 B, free: 431.2 MiB)
[2025-12-07T20:04:39.508+0000] {subprocess.py:106} INFO - 25/12/07 20:04:39 INFO BlockManagerInfo: Added rdd_64_16 in memory on 172.18.0.8:33107 (size: 46.0 B, free: 431.2 MiB)
[2025-12-07T20:04:39.510+0000] {subprocess.py:106} INFO - 25/12/07 20:04:39 INFO BlockManagerInfo: Added rdd_60_22 in memory on 172.18.0.8:33107 (size: 46.0 B, free: 431.2 MiB)
[2025-12-07T20:04:39.511+0000] {subprocess.py:106} INFO - 25/12/07 20:04:39 INFO BlockManagerInfo: Added rdd_60_26 in memory on 172.18.0.8:33107 (size: 46.0 B, free: 431.2 MiB)
[2025-12-07T20:04:39.512+0000] {subprocess.py:106} INFO - 25/12/07 20:04:39 INFO BlockManagerInfo: Added rdd_60_19 in memory on 172.18.0.8:33107 (size: 46.0 B, free: 431.2 MiB)
[2025-12-07T20:04:39.513+0000] {subprocess.py:106} INFO - 25/12/07 20:04:39 INFO TaskSetManager: Starting task 31.0 in stage 12.0 (TID 142) (172.18.0.8, executor 0, partition 31, PROCESS_LOCAL, 7367 bytes)
[2025-12-07T20:04:39.517+0000] {subprocess.py:106} INFO - 25/12/07 20:04:39 INFO TaskSetManager: Finished task 14.0 in stage 12.0 (TID 126) in 198 ms on 172.18.0.8 (executor 0) (17/50)
[2025-12-07T20:04:39.522+0000] {subprocess.py:106} INFO - 25/12/07 20:04:39 INFO BlockManagerInfo: Added rdd_64_28 in memory on 172.18.0.8:33107 (size: 46.0 B, free: 431.2 MiB)
[2025-12-07T20:04:39.525+0000] {subprocess.py:106} INFO - 25/12/07 20:04:39 INFO TaskSetManager: Starting task 32.0 in stage 12.0 (TID 143) (172.18.0.8, executor 0, partition 32, PROCESS_LOCAL, 7367 bytes)
[2025-12-07T20:04:39.527+0000] {subprocess.py:106} INFO - 25/12/07 20:04:39 INFO TaskSetManager: Starting task 33.0 in stage 12.0 (TID 144) (172.18.0.8, executor 0, partition 33, PROCESS_LOCAL, 7367 bytes)
[2025-12-07T20:04:39.529+0000] {subprocess.py:106} INFO - 25/12/07 20:04:39 INFO TaskSetManager: Finished task 20.0 in stage 12.0 (TID 132) in 207 ms on 172.18.0.8 (executor 0) (18/50)
[2025-12-07T20:04:39.530+0000] {subprocess.py:106} INFO - 25/12/07 20:04:39 INFO BlockManagerInfo: Added rdd_64_26 in memory on 172.18.0.8:33107 (size: 46.0 B, free: 431.2 MiB)
[2025-12-07T20:04:39.531+0000] {subprocess.py:106} INFO - 25/12/07 20:04:39 INFO TaskSetManager: Starting task 34.0 in stage 12.0 (TID 145) (172.18.0.8, executor 0, partition 34, PROCESS_LOCAL, 7367 bytes)
[2025-12-07T20:04:39.534+0000] {subprocess.py:106} INFO - 25/12/07 20:04:39 INFO BlockManagerInfo: Added rdd_64_30 in memory on 172.18.0.8:33107 (size: 46.0 B, free: 431.2 MiB)
[2025-12-07T20:04:39.536+0000] {subprocess.py:106} INFO - 25/12/07 20:04:39 INFO BlockManagerInfo: Added rdd_64_22 in memory on 172.18.0.8:33107 (size: 46.0 B, free: 431.2 MiB)
[2025-12-07T20:04:39.537+0000] {subprocess.py:106} INFO - 25/12/07 20:04:39 INFO TaskSetManager: Finished task 15.0 in stage 12.0 (TID 127) in 219 ms on 172.18.0.8 (executor 0) (19/50)
[2025-12-07T20:04:39.538+0000] {subprocess.py:106} INFO - 25/12/07 20:04:39 INFO BlockManagerInfo: Added rdd_60_27 in memory on 172.18.0.8:33107 (size: 46.0 B, free: 431.2 MiB)
[2025-12-07T20:04:39.539+0000] {subprocess.py:106} INFO - 25/12/07 20:04:39 INFO TaskSetManager: Starting task 35.0 in stage 12.0 (TID 146) (172.18.0.8, executor 0, partition 35, PROCESS_LOCAL, 7367 bytes)
[2025-12-07T20:04:39.539+0000] {subprocess.py:106} INFO - 25/12/07 20:04:39 INFO TaskSetManager: Finished task 17.0 in stage 12.0 (TID 129) in 219 ms on 172.18.0.8 (executor 0) (20/50)
[2025-12-07T20:04:39.545+0000] {subprocess.py:106} INFO - 25/12/07 20:04:39 INFO TaskSetManager: Finished task 18.0 in stage 12.0 (TID 130) in 219 ms on 172.18.0.8 (executor 0) (21/50)
[2025-12-07T20:04:39.549+0000] {subprocess.py:106} INFO - 25/12/07 20:04:39 INFO BlockManagerInfo: Added rdd_64_21 in memory on 172.18.0.8:33107 (size: 46.0 B, free: 431.2 MiB)
[2025-12-07T20:04:39.550+0000] {subprocess.py:106} INFO - 25/12/07 20:04:39 INFO TaskSetManager: Starting task 36.0 in stage 12.0 (TID 147) (172.18.0.8, executor 0, partition 36, PROCESS_LOCAL, 7367 bytes)
[2025-12-07T20:04:39.551+0000] {subprocess.py:106} INFO - 25/12/07 20:04:39 INFO BlockManagerInfo: Added rdd_64_24 in memory on 172.18.0.8:33107 (size: 46.0 B, free: 431.2 MiB)
[2025-12-07T20:04:39.553+0000] {subprocess.py:106} INFO - 25/12/07 20:04:39 INFO BlockManagerInfo: Added rdd_64_23 in memory on 172.18.0.8:33107 (size: 46.0 B, free: 431.2 MiB)
[2025-12-07T20:04:39.554+0000] {subprocess.py:106} INFO - 25/12/07 20:04:39 INFO TaskSetManager: Starting task 37.0 in stage 12.0 (TID 148) (172.18.0.8, executor 0, partition 37, PROCESS_LOCAL, 7367 bytes)
[2025-12-07T20:04:39.556+0000] {subprocess.py:106} INFO - 25/12/07 20:04:39 INFO TaskSetManager: Starting task 38.0 in stage 12.0 (TID 149) (172.18.0.8, executor 0, partition 38, PROCESS_LOCAL, 7367 bytes)
[2025-12-07T20:04:39.557+0000] {subprocess.py:106} INFO - 25/12/07 20:04:39 INFO TaskSetManager: Starting task 39.0 in stage 12.0 (TID 150) (172.18.0.8, executor 0, partition 39, PROCESS_LOCAL, 7367 bytes)
[2025-12-07T20:04:39.558+0000] {subprocess.py:106} INFO - 25/12/07 20:04:39 INFO TaskSetManager: Finished task 28.0 in stage 12.0 (TID 140) in 214 ms on 172.18.0.8 (executor 0) (22/50)
[2025-12-07T20:04:39.560+0000] {subprocess.py:106} INFO - 25/12/07 20:04:39 INFO TaskSetManager: Starting task 40.0 in stage 12.0 (TID 151) (172.18.0.8, executor 0, partition 40, PROCESS_LOCAL, 7367 bytes)
[2025-12-07T20:04:39.561+0000] {subprocess.py:106} INFO - 25/12/07 20:04:39 INFO TaskSetManager: Finished task 16.0 in stage 12.0 (TID 128) in 242 ms on 172.18.0.8 (executor 0) (23/50)
[2025-12-07T20:04:39.561+0000] {subprocess.py:106} INFO - 25/12/07 20:04:39 INFO TaskSetManager: Finished task 26.0 in stage 12.0 (TID 138) in 221 ms on 172.18.0.8 (executor 0) (24/50)
[2025-12-07T20:04:39.562+0000] {subprocess.py:106} INFO - 25/12/07 20:04:39 INFO TaskSetManager: Finished task 30.0 in stage 12.0 (TID 141) in 213 ms on 172.18.0.8 (executor 0) (25/50)
[2025-12-07T20:04:39.569+0000] {subprocess.py:106} INFO - 25/12/07 20:04:39 INFO TaskSetManager: Finished task 22.0 in stage 12.0 (TID 134) in 234 ms on 172.18.0.8 (executor 0) (26/50)
[2025-12-07T20:04:39.570+0000] {subprocess.py:106} INFO - 25/12/07 20:04:39 INFO BlockManagerInfo: Added rdd_64_25 in memory on 172.18.0.8:33107 (size: 46.0 B, free: 431.2 MiB)
[2025-12-07T20:04:39.572+0000] {subprocess.py:106} INFO - 25/12/07 20:04:39 INFO BlockManagerInfo: Added rdd_64_19 in memory on 172.18.0.8:33107 (size: 46.0 B, free: 431.2 MiB)
[2025-12-07T20:04:39.577+0000] {subprocess.py:106} INFO - 25/12/07 20:04:39 INFO BlockManagerInfo: Added rdd_64_27 in memory on 172.18.0.8:33107 (size: 46.0 B, free: 431.2 MiB)
[2025-12-07T20:04:39.579+0000] {subprocess.py:106} INFO - 25/12/07 20:04:39 INFO TaskSetManager: Starting task 41.0 in stage 12.0 (TID 152) (172.18.0.8, executor 0, partition 41, PROCESS_LOCAL, 7367 bytes)
[2025-12-07T20:04:39.581+0000] {subprocess.py:106} INFO - 25/12/07 20:04:39 INFO TaskSetManager: Starting task 43.0 in stage 12.0 (TID 153) (172.18.0.8, executor 0, partition 43, PROCESS_LOCAL, 7367 bytes)
[2025-12-07T20:04:39.583+0000] {subprocess.py:106} INFO - 25/12/07 20:04:39 INFO TaskSetManager: Finished task 21.0 in stage 12.0 (TID 133) in 261 ms on 172.18.0.8 (executor 0) (27/50)
[2025-12-07T20:04:39.586+0000] {subprocess.py:106} INFO - 25/12/07 20:04:39 INFO TaskSetManager: Finished task 24.0 in stage 12.0 (TID 136) in 254 ms on 172.18.0.8 (executor 0) (28/50)
[2025-12-07T20:04:39.605+0000] {subprocess.py:106} INFO - 25/12/07 20:04:39 INFO TaskSetManager: Starting task 44.0 in stage 12.0 (TID 154) (172.18.0.8, executor 0, partition 44, PROCESS_LOCAL, 7367 bytes)
[2025-12-07T20:04:39.607+0000] {subprocess.py:106} INFO - 25/12/07 20:04:39 INFO TaskSetManager: Starting task 45.0 in stage 12.0 (TID 155) (172.18.0.8, executor 0, partition 45, PROCESS_LOCAL, 7367 bytes)
[2025-12-07T20:04:39.608+0000] {subprocess.py:106} INFO - 25/12/07 20:04:39 INFO TaskSetManager: Finished task 27.0 in stage 12.0 (TID 139) in 269 ms on 172.18.0.8 (executor 0) (29/50)
[2025-12-07T20:04:39.609+0000] {subprocess.py:106} INFO - 25/12/07 20:04:39 INFO TaskSetManager: Finished task 19.0 in stage 12.0 (TID 131) in 290 ms on 172.18.0.8 (executor 0) (30/50)
[2025-12-07T20:04:39.612+0000] {subprocess.py:106} INFO - 25/12/07 20:04:39 INFO TaskSetManager: Starting task 46.0 in stage 12.0 (TID 156) (172.18.0.8, executor 0, partition 46, PROCESS_LOCAL, 7367 bytes)
[2025-12-07T20:04:39.614+0000] {subprocess.py:106} INFO - 25/12/07 20:04:39 INFO TaskSetManager: Finished task 23.0 in stage 12.0 (TID 135) in 288 ms on 172.18.0.8 (executor 0) (31/50)
[2025-12-07T20:04:39.639+0000] {subprocess.py:106} INFO - 25/12/07 20:04:39 INFO TaskSetManager: Starting task 47.0 in stage 12.0 (TID 157) (172.18.0.8, executor 0, partition 47, PROCESS_LOCAL, 7367 bytes)
[2025-12-07T20:04:39.641+0000] {subprocess.py:106} INFO - 25/12/07 20:04:39 INFO TaskSetManager: Finished task 25.0 in stage 12.0 (TID 137) in 308 ms on 172.18.0.8 (executor 0) (32/50)
[2025-12-07T20:04:39.733+0000] {subprocess.py:106} INFO - 25/12/07 20:04:39 INFO BlockManagerInfo: Added rdd_60_33 in memory on 172.18.0.8:33107 (size: 46.0 B, free: 431.2 MiB)
[2025-12-07T20:04:39.753+0000] {subprocess.py:106} INFO - 25/12/07 20:04:39 INFO BlockManagerInfo: Added rdd_60_39 in memory on 172.18.0.8:33107 (size: 46.0 B, free: 431.2 MiB)
[2025-12-07T20:04:39.786+0000] {subprocess.py:106} INFO - 25/12/07 20:04:39 INFO BlockManagerInfo: Added rdd_60_43 in memory on 172.18.0.8:33107 (size: 46.0 B, free: 431.2 MiB)
[2025-12-07T20:04:39.789+0000] {subprocess.py:106} INFO - 25/12/07 20:04:39 INFO BlockManagerInfo: Added rdd_64_33 in memory on 172.18.0.8:33107 (size: 46.0 B, free: 431.2 MiB)
[2025-12-07T20:04:39.791+0000] {subprocess.py:106} INFO - 25/12/07 20:04:39 INFO BlockManagerInfo: Added rdd_60_40 in memory on 172.18.0.8:33107 (size: 46.0 B, free: 431.2 MiB)
[2025-12-07T20:04:39.791+0000] {subprocess.py:106} INFO - 25/12/07 20:04:39 INFO BlockManagerInfo: Added rdd_60_35 in memory on 172.18.0.8:33107 (size: 46.0 B, free: 431.2 MiB)
[2025-12-07T20:04:39.793+0000] {subprocess.py:106} INFO - 25/12/07 20:04:39 INFO BlockManagerInfo: Added rdd_64_39 in memory on 172.18.0.8:33107 (size: 46.0 B, free: 431.2 MiB)
[2025-12-07T20:04:39.794+0000] {subprocess.py:106} INFO - 25/12/07 20:04:39 INFO BlockManagerInfo: Added rdd_60_37 in memory on 172.18.0.8:33107 (size: 46.0 B, free: 431.2 MiB)
[2025-12-07T20:04:39.801+0000] {subprocess.py:106} INFO - 25/12/07 20:04:39 INFO BlockManagerInfo: Added rdd_60_41 in memory on 172.18.0.8:33107 (size: 46.0 B, free: 431.2 MiB)
[2025-12-07T20:04:39.805+0000] {subprocess.py:106} INFO - 25/12/07 20:04:39 INFO BlockManagerInfo: Added rdd_60_31 in memory on 172.18.0.8:33107 (size: 46.0 B, free: 431.2 MiB)
[2025-12-07T20:04:39.806+0000] {subprocess.py:106} INFO - 25/12/07 20:04:39 INFO TaskSetManager: Starting task 48.0 in stage 12.0 (TID 158) (172.18.0.8, executor 0, partition 48, PROCESS_LOCAL, 7367 bytes)
[2025-12-07T20:04:39.807+0000] {subprocess.py:106} INFO - 25/12/07 20:04:39 INFO TaskSetManager: Finished task 33.0 in stage 12.0 (TID 144) in 275 ms on 172.18.0.8 (executor 0) (33/50)
[2025-12-07T20:04:39.807+0000] {subprocess.py:106} INFO - 25/12/07 20:04:39 INFO BlockManagerInfo: Added rdd_60_44 in memory on 172.18.0.8:33107 (size: 46.0 B, free: 431.2 MiB)
[2025-12-07T20:04:39.810+0000] {subprocess.py:106} INFO - 25/12/07 20:04:39 INFO BlockManagerInfo: Added rdd_60_34 in memory on 172.18.0.8:33107 (size: 46.0 B, free: 431.2 MiB)
[2025-12-07T20:04:39.812+0000] {subprocess.py:106} INFO - 25/12/07 20:04:39 INFO BlockManagerInfo: Added rdd_64_43 in memory on 172.18.0.8:33107 (size: 46.0 B, free: 431.2 MiB)
[2025-12-07T20:04:39.815+0000] {subprocess.py:106} INFO - 25/12/07 20:04:39 INFO BlockManagerInfo: Added rdd_64_41 in memory on 172.18.0.8:33107 (size: 46.0 B, free: 431.2 MiB)
[2025-12-07T20:04:39.816+0000] {subprocess.py:106} INFO - 25/12/07 20:04:39 INFO BlockManagerInfo: Added rdd_64_40 in memory on 172.18.0.8:33107 (size: 46.0 B, free: 431.2 MiB)
[2025-12-07T20:04:39.817+0000] {subprocess.py:106} INFO - 25/12/07 20:04:39 INFO BlockManagerInfo: Added rdd_64_31 in memory on 172.18.0.8:33107 (size: 46.0 B, free: 431.2 MiB)
[2025-12-07T20:04:39.819+0000] {subprocess.py:106} INFO - 25/12/07 20:04:39 INFO BlockManagerInfo: Added rdd_64_35 in memory on 172.18.0.8:33107 (size: 46.0 B, free: 431.2 MiB)
[2025-12-07T20:04:39.819+0000] {subprocess.py:106} INFO - 25/12/07 20:04:39 INFO BlockManagerInfo: Added rdd_60_32 in memory on 172.18.0.8:33107 (size: 46.0 B, free: 431.2 MiB)
[2025-12-07T20:04:39.820+0000] {subprocess.py:106} INFO - 25/12/07 20:04:39 INFO BlockManagerInfo: Added rdd_64_37 in memory on 172.18.0.8:33107 (size: 46.0 B, free: 431.2 MiB)
[2025-12-07T20:04:39.825+0000] {subprocess.py:106} INFO - 25/12/07 20:04:39 INFO BlockManagerInfo: Added rdd_60_36 in memory on 172.18.0.8:33107 (size: 46.0 B, free: 431.2 MiB)
[2025-12-07T20:04:39.828+0000] {subprocess.py:106} INFO - 25/12/07 20:04:39 INFO BlockManagerInfo: Added rdd_64_44 in memory on 172.18.0.8:33107 (size: 46.0 B, free: 431.2 MiB)
[2025-12-07T20:04:39.831+0000] {subprocess.py:106} INFO - 25/12/07 20:04:39 INFO TaskSetManager: Starting task 49.0 in stage 12.0 (TID 159) (172.18.0.8, executor 0, partition 49, PROCESS_LOCAL, 7367 bytes)
[2025-12-07T20:04:39.832+0000] {subprocess.py:106} INFO - 25/12/07 20:04:39 INFO BlockManagerInfo: Added rdd_64_34 in memory on 172.18.0.8:33107 (size: 46.0 B, free: 431.2 MiB)
[2025-12-07T20:04:39.834+0000] {subprocess.py:106} INFO - 25/12/07 20:04:39 INFO TaskSetManager: Finished task 39.0 in stage 12.0 (TID 150) in 278 ms on 172.18.0.8 (executor 0) (34/50)
[2025-12-07T20:04:39.836+0000] {subprocess.py:106} INFO - 25/12/07 20:04:39 INFO BlockManagerInfo: Added rdd_60_38 in memory on 172.18.0.8:33107 (size: 46.0 B, free: 431.2 MiB)
[2025-12-07T20:04:39.838+0000] {subprocess.py:106} INFO - 25/12/07 20:04:39 INFO BlockManagerInfo: Added rdd_60_45 in memory on 172.18.0.8:33107 (size: 46.0 B, free: 431.2 MiB)
[2025-12-07T20:04:39.840+0000] {subprocess.py:106} INFO - 25/12/07 20:04:39 INFO TaskSetManager: Finished task 43.0 in stage 12.0 (TID 153) in 254 ms on 172.18.0.8 (executor 0) (35/50)
[2025-12-07T20:04:39.842+0000] {subprocess.py:106} INFO - 25/12/07 20:04:39 INFO TaskSetManager: Finished task 41.0 in stage 12.0 (TID 152) in 257 ms on 172.18.0.8 (executor 0) (36/50)
[2025-12-07T20:04:39.845+0000] {subprocess.py:106} INFO - 25/12/07 20:04:39 INFO BlockManagerInfo: Added rdd_64_32 in memory on 172.18.0.8:33107 (size: 46.0 B, free: 431.2 MiB)
[2025-12-07T20:04:39.847+0000] {subprocess.py:106} INFO - 25/12/07 20:04:39 INFO TaskSetManager: Finished task 40.0 in stage 12.0 (TID 151) in 283 ms on 172.18.0.8 (executor 0) (37/50)
[2025-12-07T20:04:39.848+0000] {subprocess.py:106} INFO - 25/12/07 20:04:39 INFO TaskSetManager: Finished task 35.0 in stage 12.0 (TID 146) in 305 ms on 172.18.0.8 (executor 0) (38/50)
[2025-12-07T20:04:39.850+0000] {subprocess.py:106} INFO - 25/12/07 20:04:39 INFO BlockManagerInfo: Added rdd_64_36 in memory on 172.18.0.8:33107 (size: 46.0 B, free: 431.2 MiB)
[2025-12-07T20:04:39.851+0000] {subprocess.py:106} INFO - 25/12/07 20:04:39 INFO TaskSetManager: Finished task 31.0 in stage 12.0 (TID 142) in 335 ms on 172.18.0.8 (executor 0) (39/50)
[2025-12-07T20:04:39.854+0000] {subprocess.py:106} INFO - 25/12/07 20:04:39 INFO TaskSetManager: Finished task 37.0 in stage 12.0 (TID 148) in 295 ms on 172.18.0.8 (executor 0) (40/50)
[2025-12-07T20:04:39.855+0000] {subprocess.py:106} INFO - 25/12/07 20:04:39 INFO TaskSetManager: Finished task 34.0 in stage 12.0 (TID 145) in 316 ms on 172.18.0.8 (executor 0) (41/50)
[2025-12-07T20:04:39.855+0000] {subprocess.py:106} INFO - 25/12/07 20:04:39 INFO TaskSetManager: Finished task 44.0 in stage 12.0 (TID 154) in 242 ms on 172.18.0.8 (executor 0) (42/50)
[2025-12-07T20:04:39.856+0000] {subprocess.py:106} INFO - 25/12/07 20:04:39 INFO BlockManagerInfo: Added rdd_60_46 in memory on 172.18.0.8:33107 (size: 46.0 B, free: 431.2 MiB)
[2025-12-07T20:04:39.857+0000] {subprocess.py:106} INFO - 25/12/07 20:04:39 INFO TaskSetManager: Finished task 32.0 in stage 12.0 (TID 143) in 323 ms on 172.18.0.8 (executor 0) (43/50)
[2025-12-07T20:04:39.858+0000] {subprocess.py:106} INFO - 25/12/07 20:04:39 INFO BlockManagerInfo: Added rdd_64_38 in memory on 172.18.0.8:33107 (size: 46.0 B, free: 431.2 MiB)
[2025-12-07T20:04:39.859+0000] {subprocess.py:106} INFO - 25/12/07 20:04:39 INFO TaskSetManager: Finished task 36.0 in stage 12.0 (TID 147) in 300 ms on 172.18.0.8 (executor 0) (44/50)
[2025-12-07T20:04:39.860+0000] {subprocess.py:106} INFO - 25/12/07 20:04:39 INFO BlockManagerInfo: Added rdd_64_45 in memory on 172.18.0.8:33107 (size: 46.0 B, free: 431.2 MiB)
[2025-12-07T20:04:39.861+0000] {subprocess.py:106} INFO - 25/12/07 20:04:39 INFO TaskSetManager: Finished task 38.0 in stage 12.0 (TID 149) in 303 ms on 172.18.0.8 (executor 0) (45/50)
[2025-12-07T20:04:39.861+0000] {subprocess.py:106} INFO - 25/12/07 20:04:39 INFO TaskSetManager: Finished task 45.0 in stage 12.0 (TID 155) in 249 ms on 172.18.0.8 (executor 0) (46/50)
[2025-12-07T20:04:39.862+0000] {subprocess.py:106} INFO - 25/12/07 20:04:39 INFO BlockManagerInfo: Added rdd_64_46 in memory on 172.18.0.8:33107 (size: 46.0 B, free: 431.2 MiB)
[2025-12-07T20:04:39.863+0000] {subprocess.py:106} INFO - 25/12/07 20:04:39 INFO BlockManagerInfo: Added rdd_60_47 in memory on 172.18.0.8:33107 (size: 46.0 B, free: 431.2 MiB)
[2025-12-07T20:04:39.864+0000] {subprocess.py:106} INFO - 25/12/07 20:04:39 INFO TaskSetManager: Finished task 46.0 in stage 12.0 (TID 156) in 252 ms on 172.18.0.8 (executor 0) (47/50)
[2025-12-07T20:04:39.868+0000] {subprocess.py:106} INFO - 25/12/07 20:04:39 INFO BlockManagerInfo: Added rdd_64_47 in memory on 172.18.0.8:33107 (size: 46.0 B, free: 431.2 MiB)
[2025-12-07T20:04:39.874+0000] {subprocess.py:106} INFO - 25/12/07 20:04:39 INFO TaskSetManager: Finished task 47.0 in stage 12.0 (TID 157) in 238 ms on 172.18.0.8 (executor 0) (48/50)
[2025-12-07T20:04:39.885+0000] {subprocess.py:106} INFO - 25/12/07 20:04:39 INFO BlockManagerInfo: Added rdd_60_48 in memory on 172.18.0.8:33107 (size: 46.0 B, free: 431.2 MiB)
[2025-12-07T20:04:39.893+0000] {subprocess.py:106} INFO - 25/12/07 20:04:39 INFO BlockManagerInfo: Added rdd_60_49 in memory on 172.18.0.8:33107 (size: 46.0 B, free: 431.2 MiB)
[2025-12-07T20:04:39.894+0000] {subprocess.py:106} INFO - 25/12/07 20:04:39 INFO BlockManagerInfo: Added rdd_64_48 in memory on 172.18.0.8:33107 (size: 46.0 B, free: 431.2 MiB)
[2025-12-07T20:04:39.901+0000] {subprocess.py:106} INFO - 25/12/07 20:04:39 INFO TaskSetManager: Finished task 48.0 in stage 12.0 (TID 158) in 101 ms on 172.18.0.8 (executor 0) (49/50)
[2025-12-07T20:04:39.902+0000] {subprocess.py:106} INFO - 25/12/07 20:04:39 INFO BlockManagerInfo: Added rdd_64_49 in memory on 172.18.0.8:33107 (size: 46.0 B, free: 431.2 MiB)
[2025-12-07T20:04:39.910+0000] {subprocess.py:106} INFO - 25/12/07 20:04:39 INFO TaskSetManager: Finished task 49.0 in stage 12.0 (TID 159) in 80 ms on 172.18.0.8 (executor 0) (50/50)
[2025-12-07T20:04:39.911+0000] {subprocess.py:106} INFO - 25/12/07 20:04:39 INFO TaskSchedulerImpl: Removed TaskSet 12.0, whose tasks have all completed, from pool
[2025-12-07T20:04:39.911+0000] {subprocess.py:106} INFO - 25/12/07 20:04:39 INFO DAGScheduler: ResultStage 12 ($anonfun$recordDeltaOperationInternal$1 at DatabricksLogging.scala:128) finished in 0.926 s
[2025-12-07T20:04:39.912+0000] {subprocess.py:106} INFO - 25/12/07 20:04:39 INFO DAGScheduler: Job 9 is finished. Cancelling potential speculative or zombie tasks for this job
[2025-12-07T20:04:39.912+0000] {subprocess.py:106} INFO - 25/12/07 20:04:39 INFO TaskSchedulerImpl: Killing all running tasks in stage 12: Stage finished
[2025-12-07T20:04:39.913+0000] {subprocess.py:106} INFO - 25/12/07 20:04:39 INFO DAGScheduler: Job 9 finished: $anonfun$recordDeltaOperationInternal$1 at DatabricksLogging.scala:128, took 0.934190 s
[2025-12-07T20:04:39.922+0000] {subprocess.py:106} INFO - 25/12/07 20:04:39 INFO PrepareDeltaScan: DELTA: Done
[2025-12-07T20:04:39.973+0000] {subprocess.py:106} INFO - 25/12/07 20:04:39 INFO FileSourceStrategy: Pushed Filters: IsNotNull(invoice_id)
[2025-12-07T20:04:39.974+0000] {subprocess.py:106} INFO - 25/12/07 20:04:39 INFO FileSourceStrategy: Post-Scan Filters: isnotnull(invoice_id#83)
[2025-12-07T20:04:39.977+0000] {subprocess.py:106} INFO - 25/12/07 20:04:39 INFO DataSourceStrategy: Pruning directories with:
[2025-12-07T20:04:39.978+0000] {subprocess.py:106} INFO - 25/12/07 20:04:39 INFO FileSourceStrategy: Pushed Filters: IsNotNull(invoice_id)
[2025-12-07T20:04:39.978+0000] {subprocess.py:106} INFO - 25/12/07 20:04:39 INFO FileSourceStrategy: Post-Scan Filters: isnotnull(invoice_id#37)
[2025-12-07T20:04:39.979+0000] {subprocess.py:106} INFO - 25/12/07 20:04:39 INFO FileSourceStrategy: Pushed Filters: IsNotNull(product_id)
[2025-12-07T20:04:39.979+0000] {subprocess.py:106} INFO - 25/12/07 20:04:39 INFO FileSourceStrategy: Post-Scan Filters: isnotnull(product_id#121)
[2025-12-07T20:04:40.056+0000] {subprocess.py:106} INFO - 25/12/07 20:04:40 INFO ParquetUtils: Using default output committer for Parquet: org.apache.parquet.hadoop.ParquetOutputCommitter
[2025-12-07T20:04:40.123+0000] {subprocess.py:106} INFO - 25/12/07 20:04:40 INFO BlockManagerInfo: Removed broadcast_19_piece0 on 13f196131dae:46673 in memory (size: 155.6 KiB, free: 434.2 MiB)
[2025-12-07T20:04:40.125+0000] {subprocess.py:106} INFO - 25/12/07 20:04:40 INFO BlockManagerInfo: Removed broadcast_19_piece0 on 172.18.0.8:33107 in memory (size: 155.6 KiB, free: 431.4 MiB)
[2025-12-07T20:04:40.137+0000] {subprocess.py:106} INFO - 25/12/07 20:04:40 INFO CodeGenerator: Code generated in 16.238711 ms
[2025-12-07T20:04:40.138+0000] {subprocess.py:106} INFO - 25/12/07 20:04:40 INFO CodeGenerator: Code generated in 17.214671 ms
[2025-12-07T20:04:40.156+0000] {subprocess.py:106} INFO - 25/12/07 20:04:40 INFO MemoryStore: Block broadcast_20 stored as values in memory (estimated size 214.1 KiB, free 432.5 MiB)
[2025-12-07T20:04:40.157+0000] {subprocess.py:106} INFO - 25/12/07 20:04:40 INFO MemoryStore: Block broadcast_21 stored as values in memory (estimated size 214.8 KiB, free 432.5 MiB)
[2025-12-07T20:04:40.164+0000] {subprocess.py:106} INFO - 25/12/07 20:04:40 INFO MemoryStore: Block broadcast_20_piece0 stored as bytes in memory (estimated size 36.8 KiB, free 432.5 MiB)
[2025-12-07T20:04:40.165+0000] {subprocess.py:106} INFO - 25/12/07 20:04:40 INFO MemoryStore: Block broadcast_21_piece0 stored as bytes in memory (estimated size 37.0 KiB, free 432.5 MiB)
[2025-12-07T20:04:40.166+0000] {subprocess.py:106} INFO - 25/12/07 20:04:40 INFO BlockManagerInfo: Added broadcast_20_piece0 in memory on 13f196131dae:46673 (size: 36.8 KiB, free: 434.2 MiB)
[2025-12-07T20:04:40.167+0000] {subprocess.py:106} INFO - 25/12/07 20:04:40 INFO SparkContext: Created broadcast 20 from $anonfun$withThreadLocalCaptured$1 at <unknown>:0
[2025-12-07T20:04:40.168+0000] {subprocess.py:106} INFO - 25/12/07 20:04:40 INFO BlockManagerInfo: Added broadcast_21_piece0 in memory on 13f196131dae:46673 (size: 37.0 KiB, free: 434.1 MiB)
[2025-12-07T20:04:40.169+0000] {subprocess.py:106} INFO - 25/12/07 20:04:40 INFO SparkContext: Created broadcast 21 from $anonfun$withThreadLocalCaptured$1 at <unknown>:0
[2025-12-07T20:04:40.189+0000] {subprocess.py:106} INFO - 25/12/07 20:04:40 INFO FileSourceScanExec: Planning scan with bin packing, max size: 4194304 bytes, open cost is considered as scanning 4194304 bytes.
[2025-12-07T20:04:40.227+0000] {subprocess.py:106} INFO - 25/12/07 20:04:40 INFO SparkContext: Starting job: $anonfun$withThreadLocalCaptured$1 at <unknown>:0
[2025-12-07T20:04:40.229+0000] {subprocess.py:106} INFO - 25/12/07 20:04:40 INFO DAGScheduler: Got job 10 ($anonfun$withThreadLocalCaptured$1 at <unknown>:0) with 1 output partitions
[2025-12-07T20:04:40.230+0000] {subprocess.py:106} INFO - 25/12/07 20:04:40 INFO DAGScheduler: Final stage: ResultStage 13 ($anonfun$withThreadLocalCaptured$1 at <unknown>:0)
[2025-12-07T20:04:40.231+0000] {subprocess.py:106} INFO - 25/12/07 20:04:40 INFO DAGScheduler: Parents of final stage: List()
[2025-12-07T20:04:40.232+0000] {subprocess.py:106} INFO - 25/12/07 20:04:40 INFO FileSourceScanExec: Planning scan with bin packing, max size: 134217728 bytes, open cost is considered as scanning 4194304 bytes.
[2025-12-07T20:04:40.233+0000] {subprocess.py:106} INFO - 25/12/07 20:04:40 INFO DAGScheduler: Missing parents: List()
[2025-12-07T20:04:40.234+0000] {subprocess.py:106} INFO - 25/12/07 20:04:40 INFO DAGScheduler: Submitting ResultStage 13 (MapPartitionsRDD[70] at $anonfun$withThreadLocalCaptured$1 at <unknown>:0), which has no missing parents
[2025-12-07T20:04:40.237+0000] {subprocess.py:106} INFO - 25/12/07 20:04:40 INFO MemoryStore: Block broadcast_22 stored as values in memory (estimated size 16.9 KiB, free 432.4 MiB)
[2025-12-07T20:04:40.238+0000] {subprocess.py:106} INFO - 25/12/07 20:04:40 INFO MemoryStore: Block broadcast_22_piece0 stored as bytes in memory (estimated size 7.6 KiB, free 432.4 MiB)
[2025-12-07T20:04:40.239+0000] {subprocess.py:106} INFO - 25/12/07 20:04:40 INFO BlockManagerInfo: Added broadcast_22_piece0 in memory on 13f196131dae:46673 (size: 7.6 KiB, free: 434.1 MiB)
[2025-12-07T20:04:40.239+0000] {subprocess.py:106} INFO - 25/12/07 20:04:40 INFO SparkContext: Created broadcast 22 from broadcast at DAGScheduler.scala:1535
[2025-12-07T20:04:40.240+0000] {subprocess.py:106} INFO - 25/12/07 20:04:40 INFO DAGScheduler: Submitting 1 missing tasks from ResultStage 13 (MapPartitionsRDD[70] at $anonfun$withThreadLocalCaptured$1 at <unknown>:0) (first 15 tasks are for partitions Vector(0))
[2025-12-07T20:04:40.240+0000] {subprocess.py:106} INFO - 25/12/07 20:04:40 INFO TaskSchedulerImpl: Adding task set 13.0 with 1 tasks resource profile 0
[2025-12-07T20:04:40.241+0000] {subprocess.py:106} INFO - 25/12/07 20:04:40 INFO TaskSetManager: Starting task 0.0 in stage 13.0 (TID 160) (172.18.0.8, executor 0, partition 0, PROCESS_LOCAL, 7973 bytes)
[2025-12-07T20:04:40.254+0000] {subprocess.py:106} INFO - 25/12/07 20:04:40 INFO BlockManagerInfo: Added broadcast_22_piece0 in memory on 172.18.0.8:33107 (size: 7.6 KiB, free: 431.4 MiB)
[2025-12-07T20:04:40.298+0000] {subprocess.py:106} INFO - 25/12/07 20:04:40 INFO SparkContext: Starting job: $anonfun$withThreadLocalCaptured$1 at <unknown>:0
[2025-12-07T20:04:40.301+0000] {subprocess.py:106} INFO - 25/12/07 20:04:40 INFO DAGScheduler: Got job 11 ($anonfun$withThreadLocalCaptured$1 at <unknown>:0) with 106 output partitions
[2025-12-07T20:04:40.303+0000] {subprocess.py:106} INFO - 25/12/07 20:04:40 INFO DAGScheduler: Final stage: ResultStage 14 ($anonfun$withThreadLocalCaptured$1 at <unknown>:0)
[2025-12-07T20:04:40.304+0000] {subprocess.py:106} INFO - 25/12/07 20:04:40 INFO DAGScheduler: Parents of final stage: List()
[2025-12-07T20:04:40.304+0000] {subprocess.py:106} INFO - 25/12/07 20:04:40 INFO DAGScheduler: Missing parents: List()
[2025-12-07T20:04:40.305+0000] {subprocess.py:106} INFO - 25/12/07 20:04:40 INFO DAGScheduler: Submitting ResultStage 14 (MapPartitionsRDD[74] at $anonfun$withThreadLocalCaptured$1 at <unknown>:0), which has no missing parents
[2025-12-07T20:04:40.314+0000] {subprocess.py:106} INFO - 25/12/07 20:04:40 INFO MemoryStore: Block broadcast_23 stored as values in memory (estimated size 20.1 KiB, free 432.4 MiB)
[2025-12-07T20:04:40.323+0000] {subprocess.py:106} INFO - 25/12/07 20:04:40 INFO MemoryStore: Block broadcast_23_piece0 stored as bytes in memory (estimated size 8.2 KiB, free 432.4 MiB)
[2025-12-07T20:04:40.325+0000] {subprocess.py:106} INFO - 25/12/07 20:04:40 INFO BlockManagerInfo: Added broadcast_23_piece0 in memory on 13f196131dae:46673 (size: 8.2 KiB, free: 434.1 MiB)
[2025-12-07T20:04:40.326+0000] {subprocess.py:106} INFO - 25/12/07 20:04:40 INFO SparkContext: Created broadcast 23 from broadcast at DAGScheduler.scala:1535
[2025-12-07T20:04:40.328+0000] {subprocess.py:106} INFO - 25/12/07 20:04:40 INFO DAGScheduler: Submitting 106 missing tasks from ResultStage 14 (MapPartitionsRDD[74] at $anonfun$withThreadLocalCaptured$1 at <unknown>:0) (first 15 tasks are for partitions Vector(0, 1, 2, 3, 4, 5, 6, 7, 8, 9, 10, 11, 12, 13, 14))
[2025-12-07T20:04:40.329+0000] {subprocess.py:106} INFO - 25/12/07 20:04:40 INFO TaskSchedulerImpl: Adding task set 14.0 with 106 tasks resource profile 0
[2025-12-07T20:04:40.331+0000] {subprocess.py:106} INFO - 25/12/07 20:04:40 INFO TaskSetManager: Starting task 0.0 in stage 14.0 (TID 161) (172.18.0.8, executor 0, partition 0, PROCESS_LOCAL, 12568 bytes)
[2025-12-07T20:04:40.332+0000] {subprocess.py:106} INFO - 25/12/07 20:04:40 INFO TaskSetManager: Starting task 1.0 in stage 14.0 (TID 162) (172.18.0.8, executor 0, partition 1, PROCESS_LOCAL, 12568 bytes)
[2025-12-07T20:04:40.333+0000] {subprocess.py:106} INFO - 25/12/07 20:04:40 INFO TaskSetManager: Starting task 2.0 in stage 14.0 (TID 163) (172.18.0.8, executor 0, partition 2, PROCESS_LOCAL, 12568 bytes)
[2025-12-07T20:04:40.334+0000] {subprocess.py:106} INFO - 25/12/07 20:04:40 INFO TaskSetManager: Starting task 3.0 in stage 14.0 (TID 164) (172.18.0.8, executor 0, partition 3, PROCESS_LOCAL, 12568 bytes)
[2025-12-07T20:04:40.335+0000] {subprocess.py:106} INFO - 25/12/07 20:04:40 INFO TaskSetManager: Starting task 4.0 in stage 14.0 (TID 165) (172.18.0.8, executor 0, partition 4, PROCESS_LOCAL, 12568 bytes)
[2025-12-07T20:04:40.336+0000] {subprocess.py:106} INFO - 25/12/07 20:04:40 INFO TaskSetManager: Starting task 5.0 in stage 14.0 (TID 166) (172.18.0.8, executor 0, partition 5, PROCESS_LOCAL, 12568 bytes)
[2025-12-07T20:04:40.337+0000] {subprocess.py:106} INFO - 25/12/07 20:04:40 INFO TaskSetManager: Starting task 6.0 in stage 14.0 (TID 167) (172.18.0.8, executor 0, partition 6, PROCESS_LOCAL, 12568 bytes)
[2025-12-07T20:04:40.338+0000] {subprocess.py:106} INFO - 25/12/07 20:04:40 INFO TaskSetManager: Starting task 7.0 in stage 14.0 (TID 168) (172.18.0.8, executor 0, partition 7, PROCESS_LOCAL, 12568 bytes)
[2025-12-07T20:04:40.339+0000] {subprocess.py:106} INFO - 25/12/07 20:04:40 INFO TaskSetManager: Starting task 8.0 in stage 14.0 (TID 169) (172.18.0.8, executor 0, partition 8, PROCESS_LOCAL, 12568 bytes)
[2025-12-07T20:04:40.340+0000] {subprocess.py:106} INFO - 25/12/07 20:04:40 INFO TaskSetManager: Starting task 9.0 in stage 14.0 (TID 170) (172.18.0.8, executor 0, partition 9, PROCESS_LOCAL, 12568 bytes)
[2025-12-07T20:04:40.342+0000] {subprocess.py:106} INFO - 25/12/07 20:04:40 INFO TaskSetManager: Starting task 10.0 in stage 14.0 (TID 171) (172.18.0.8, executor 0, partition 10, PROCESS_LOCAL, 12568 bytes)
[2025-12-07T20:04:40.343+0000] {subprocess.py:106} INFO - 25/12/07 20:04:40 INFO TaskSetManager: Starting task 11.0 in stage 14.0 (TID 172) (172.18.0.8, executor 0, partition 11, PROCESS_LOCAL, 12568 bytes)
[2025-12-07T20:04:40.345+0000] {subprocess.py:106} INFO - 25/12/07 20:04:40 INFO TaskSetManager: Starting task 12.0 in stage 14.0 (TID 173) (172.18.0.8, executor 0, partition 12, PROCESS_LOCAL, 12568 bytes)
[2025-12-07T20:04:40.347+0000] {subprocess.py:106} INFO - 25/12/07 20:04:40 INFO TaskSetManager: Starting task 13.0 in stage 14.0 (TID 174) (172.18.0.8, executor 0, partition 13, PROCESS_LOCAL, 12568 bytes)
[2025-12-07T20:04:40.348+0000] {subprocess.py:106} INFO - 25/12/07 20:04:40 INFO TaskSetManager: Starting task 14.0 in stage 14.0 (TID 175) (172.18.0.8, executor 0, partition 14, PROCESS_LOCAL, 12568 bytes)
[2025-12-07T20:04:40.368+0000] {subprocess.py:106} INFO - 25/12/07 20:04:40 INFO BlockManagerInfo: Added broadcast_23_piece0 in memory on 172.18.0.8:33107 (size: 8.2 KiB, free: 431.4 MiB)
[2025-12-07T20:04:40.382+0000] {subprocess.py:106} INFO - 25/12/07 20:04:40 INFO BlockManagerInfo: Added broadcast_20_piece0 in memory on 172.18.0.8:33107 (size: 36.8 KiB, free: 431.3 MiB)
[2025-12-07T20:04:40.405+0000] {subprocess.py:106} INFO - 25/12/07 20:04:40 INFO BlockManagerInfo: Added broadcast_21_piece0 in memory on 172.18.0.8:33107 (size: 37.0 KiB, free: 431.3 MiB)
[2025-12-07T20:04:41.274+0000] {subprocess.py:106} INFO - 25/12/07 20:04:41 INFO TaskSetManager: Starting task 15.0 in stage 14.0 (TID 176) (172.18.0.8, executor 0, partition 15, PROCESS_LOCAL, 12568 bytes)
[2025-12-07T20:04:41.294+0000] {subprocess.py:106} INFO - 25/12/07 20:04:41 INFO TaskSetManager: Finished task 0.0 in stage 13.0 (TID 160) in 1053 ms on 172.18.0.8 (executor 0) (1/1)
[2025-12-07T20:04:41.296+0000] {subprocess.py:106} INFO - 25/12/07 20:04:41 INFO TaskSchedulerImpl: Removed TaskSet 13.0, whose tasks have all completed, from pool
[2025-12-07T20:04:41.305+0000] {subprocess.py:106} INFO - 25/12/07 20:04:41 INFO DAGScheduler: ResultStage 13 ($anonfun$withThreadLocalCaptured$1 at <unknown>:0) finished in 1.064 s
[2025-12-07T20:04:41.307+0000] {subprocess.py:106} INFO - 25/12/07 20:04:41 INFO DAGScheduler: Job 10 is finished. Cancelling potential speculative or zombie tasks for this job
[2025-12-07T20:04:41.308+0000] {subprocess.py:106} INFO - 25/12/07 20:04:41 INFO TaskSchedulerImpl: Killing all running tasks in stage 13: Stage finished
[2025-12-07T20:04:41.309+0000] {subprocess.py:106} INFO - 25/12/07 20:04:41 INFO DAGScheduler: Job 10 finished: $anonfun$withThreadLocalCaptured$1 at <unknown>:0, took 1.068497 s
[2025-12-07T20:04:41.368+0000] {subprocess.py:106} INFO - 25/12/07 20:04:41 INFO CodeGenerator: Code generated in 14.188586 ms
[2025-12-07T20:04:41.426+0000] {subprocess.py:106} INFO - 25/12/07 20:04:41 INFO MemoryStore: Block broadcast_24_piece0 stored as bytes in memory (estimated size 34.8 KiB, free 432.4 MiB)
[2025-12-07T20:04:41.427+0000] {subprocess.py:106} INFO - 25/12/07 20:04:41 INFO BlockManagerInfo: Added broadcast_24_piece0 in memory on 13f196131dae:46673 (size: 34.8 KiB, free: 434.1 MiB)
[2025-12-07T20:04:41.433+0000] {subprocess.py:106} INFO - 25/12/07 20:04:41 INFO SparkContext: Created broadcast 24 from $anonfun$withThreadLocalCaptured$1 at <unknown>:0
[2025-12-07T20:04:41.456+0000] {subprocess.py:106} INFO - 25/12/07 20:04:41 INFO DataSourceStrategy: Pruning directories with:
[2025-12-07T20:04:41.457+0000] {subprocess.py:106} INFO - 25/12/07 20:04:41 INFO FileSourceStrategy: Pushed Filters: IsNotNull(invoice_id)
[2025-12-07T20:04:41.458+0000] {subprocess.py:106} INFO - 25/12/07 20:04:41 INFO FileSourceStrategy: Post-Scan Filters: isnotnull(invoice_id#37)
[2025-12-07T20:04:43.437+0000] {subprocess.py:106} INFO - 25/12/07 20:04:43 INFO TaskSetManager: Starting task 16.0 in stage 14.0 (TID 177) (172.18.0.8, executor 0, partition 16, PROCESS_LOCAL, 12568 bytes)
[2025-12-07T20:04:43.441+0000] {subprocess.py:106} INFO - 25/12/07 20:04:43 INFO TaskSetManager: Finished task 12.0 in stage 14.0 (TID 173) in 3095 ms on 172.18.0.8 (executor 0) (1/106)
[2025-12-07T20:04:43.442+0000] {subprocess.py:106} INFO - 25/12/07 20:04:43 INFO TaskSetManager: Starting task 17.0 in stage 14.0 (TID 178) (172.18.0.8, executor 0, partition 17, PROCESS_LOCAL, 12568 bytes)
[2025-12-07T20:04:43.444+0000] {subprocess.py:106} INFO - 25/12/07 20:04:43 INFO TaskSetManager: Finished task 9.0 in stage 14.0 (TID 170) in 3103 ms on 172.18.0.8 (executor 0) (2/106)
[2025-12-07T20:04:43.467+0000] {subprocess.py:106} INFO - 25/12/07 20:04:43 INFO TaskSetManager: Starting task 18.0 in stage 14.0 (TID 179) (172.18.0.8, executor 0, partition 18, PROCESS_LOCAL, 12568 bytes)
[2025-12-07T20:04:43.469+0000] {subprocess.py:106} INFO - 25/12/07 20:04:43 INFO TaskSetManager: Finished task 10.0 in stage 14.0 (TID 171) in 3129 ms on 172.18.0.8 (executor 0) (3/106)
[2025-12-07T20:04:43.486+0000] {subprocess.py:106} INFO - 25/12/07 20:04:43 INFO TaskSetManager: Starting task 19.0 in stage 14.0 (TID 180) (172.18.0.8, executor 0, partition 19, PROCESS_LOCAL, 12568 bytes)
[2025-12-07T20:04:43.487+0000] {subprocess.py:106} INFO - 25/12/07 20:04:43 INFO TaskSetManager: Finished task 0.0 in stage 14.0 (TID 161) in 3156 ms on 172.18.0.8 (executor 0) (4/106)
[2025-12-07T20:04:43.502+0000] {subprocess.py:106} INFO - 25/12/07 20:04:43 INFO TaskSetManager: Starting task 20.0 in stage 14.0 (TID 181) (172.18.0.8, executor 0, partition 20, PROCESS_LOCAL, 12568 bytes)
[2025-12-07T20:04:43.503+0000] {subprocess.py:106} INFO - 25/12/07 20:04:43 INFO TaskSetManager: Finished task 8.0 in stage 14.0 (TID 169) in 3168 ms on 172.18.0.8 (executor 0) (5/106)
[2025-12-07T20:04:43.520+0000] {subprocess.py:106} INFO - 25/12/07 20:04:43 INFO TaskSetManager: Starting task 21.0 in stage 14.0 (TID 182) (172.18.0.8, executor 0, partition 21, PROCESS_LOCAL, 12568 bytes)
[2025-12-07T20:04:43.522+0000] {subprocess.py:106} INFO - 25/12/07 20:04:43 INFO TaskSetManager: Finished task 1.0 in stage 14.0 (TID 162) in 3190 ms on 172.18.0.8 (executor 0) (6/106)
[2025-12-07T20:04:43.535+0000] {subprocess.py:106} INFO - 25/12/07 20:04:43 INFO TaskSetManager: Starting task 22.0 in stage 14.0 (TID 183) (172.18.0.8, executor 0, partition 22, PROCESS_LOCAL, 12568 bytes)
[2025-12-07T20:04:43.537+0000] {subprocess.py:106} INFO - 25/12/07 20:04:43 INFO TaskSetManager: Finished task 11.0 in stage 14.0 (TID 172) in 3198 ms on 172.18.0.8 (executor 0) (7/106)
[2025-12-07T20:04:43.557+0000] {subprocess.py:106} INFO - 25/12/07 20:04:43 INFO TaskSetManager: Starting task 23.0 in stage 14.0 (TID 184) (172.18.0.8, executor 0, partition 23, PROCESS_LOCAL, 12568 bytes)
[2025-12-07T20:04:43.559+0000] {subprocess.py:106} INFO - 25/12/07 20:04:43 INFO TaskSetManager: Finished task 4.0 in stage 14.0 (TID 165) in 3226 ms on 172.18.0.8 (executor 0) (8/106)
[2025-12-07T20:04:43.561+0000] {subprocess.py:106} INFO - 25/12/07 20:04:43 INFO TaskSetManager: Starting task 24.0 in stage 14.0 (TID 185) (172.18.0.8, executor 0, partition 24, PROCESS_LOCAL, 12568 bytes)
[2025-12-07T20:04:43.562+0000] {subprocess.py:106} INFO - 25/12/07 20:04:43 INFO TaskSetManager: Finished task 13.0 in stage 14.0 (TID 174) in 3224 ms on 172.18.0.8 (executor 0) (9/106)
[2025-12-07T20:04:43.578+0000] {subprocess.py:106} INFO - 25/12/07 20:04:43 INFO TaskSetManager: Starting task 25.0 in stage 14.0 (TID 186) (172.18.0.8, executor 0, partition 25, PROCESS_LOCAL, 12568 bytes)
[2025-12-07T20:04:43.580+0000] {subprocess.py:106} INFO - 25/12/07 20:04:43 INFO TaskSetManager: Finished task 3.0 in stage 14.0 (TID 164) in 3248 ms on 172.18.0.8 (executor 0) (10/106)
[2025-12-07T20:04:43.593+0000] {subprocess.py:106} INFO - 25/12/07 20:04:43 INFO TaskSetManager: Starting task 26.0 in stage 14.0 (TID 187) (172.18.0.8, executor 0, partition 26, PROCESS_LOCAL, 12568 bytes)
[2025-12-07T20:04:43.602+0000] {subprocess.py:106} INFO - 25/12/07 20:04:43 INFO TaskSetManager: Starting task 27.0 in stage 14.0 (TID 188) (172.18.0.8, executor 0, partition 27, PROCESS_LOCAL, 12568 bytes)
[2025-12-07T20:04:43.604+0000] {subprocess.py:106} INFO - 25/12/07 20:04:43 INFO TaskSetManager: Finished task 5.0 in stage 14.0 (TID 166) in 3265 ms on 172.18.0.8 (executor 0) (11/106)
[2025-12-07T20:04:43.605+0000] {subprocess.py:106} INFO - 25/12/07 20:04:43 INFO TaskSetManager: Finished task 14.0 in stage 14.0 (TID 175) in 3261 ms on 172.18.0.8 (executor 0) (12/106)
[2025-12-07T20:04:43.621+0000] {subprocess.py:106} INFO - 25/12/07 20:04:43 INFO TaskSetManager: Starting task 28.0 in stage 14.0 (TID 189) (172.18.0.8, executor 0, partition 28, PROCESS_LOCAL, 12568 bytes)
[2025-12-07T20:04:43.623+0000] {subprocess.py:106} INFO - 25/12/07 20:04:43 INFO TaskSetManager: Finished task 2.0 in stage 14.0 (TID 163) in 3290 ms on 172.18.0.8 (executor 0) (13/106)
[2025-12-07T20:04:43.624+0000] {subprocess.py:106} INFO - 25/12/07 20:04:43 INFO TaskSetManager: Starting task 29.0 in stage 14.0 (TID 190) (172.18.0.8, executor 0, partition 29, PROCESS_LOCAL, 12568 bytes)
[2025-12-07T20:04:43.626+0000] {subprocess.py:106} INFO - 25/12/07 20:04:43 INFO TaskSetManager: Finished task 6.0 in stage 14.0 (TID 167) in 3290 ms on 172.18.0.8 (executor 0) (14/106)
[2025-12-07T20:04:43.627+0000] {subprocess.py:106} INFO - 25/12/07 20:04:43 INFO TaskSetManager: Starting task 30.0 in stage 14.0 (TID 191) (172.18.0.8, executor 0, partition 30, PROCESS_LOCAL, 12568 bytes)
[2025-12-07T20:04:43.633+0000] {subprocess.py:106} INFO - 25/12/07 20:04:43 INFO TaskSetManager: Finished task 7.0 in stage 14.0 (TID 168) in 3292 ms on 172.18.0.8 (executor 0) (15/106)
[2025-12-07T20:04:43.642+0000] {subprocess.py:106} INFO - 25/12/07 20:04:43 INFO TaskSetManager: Starting task 31.0 in stage 14.0 (TID 192) (172.18.0.8, executor 0, partition 31, PROCESS_LOCAL, 12568 bytes)
[2025-12-07T20:04:43.643+0000] {subprocess.py:106} INFO - 25/12/07 20:04:43 INFO TaskSetManager: Finished task 15.0 in stage 14.0 (TID 176) in 2377 ms on 172.18.0.8 (executor 0) (16/106)
[2025-12-07T20:04:45.202+0000] {subprocess.py:106} INFO - 25/12/07 20:04:45 INFO TaskSetManager: Starting task 32.0 in stage 14.0 (TID 193) (172.18.0.8, executor 0, partition 32, PROCESS_LOCAL, 12568 bytes)
[2025-12-07T20:04:45.203+0000] {subprocess.py:106} INFO - 25/12/07 20:04:45 INFO TaskSetManager: Finished task 16.0 in stage 14.0 (TID 177) in 1771 ms on 172.18.0.8 (executor 0) (17/106)
[2025-12-07T20:04:45.234+0000] {subprocess.py:106} INFO - 25/12/07 20:04:45 INFO TaskSetManager: Starting task 33.0 in stage 14.0 (TID 194) (172.18.0.8, executor 0, partition 33, PROCESS_LOCAL, 12568 bytes)
[2025-12-07T20:04:45.236+0000] {subprocess.py:106} INFO - 25/12/07 20:04:45 INFO TaskSetManager: Finished task 19.0 in stage 14.0 (TID 180) in 1748 ms on 172.18.0.8 (executor 0) (18/106)
[2025-12-07T20:04:45.237+0000] {subprocess.py:106} INFO - 25/12/07 20:04:45 INFO TaskSetManager: Starting task 34.0 in stage 14.0 (TID 195) (172.18.0.8, executor 0, partition 34, PROCESS_LOCAL, 12568 bytes)
[2025-12-07T20:04:45.238+0000] {subprocess.py:106} INFO - 25/12/07 20:04:45 INFO TaskSetManager: Finished task 22.0 in stage 14.0 (TID 183) in 1701 ms on 172.18.0.8 (executor 0) (19/106)
[2025-12-07T20:04:45.242+0000] {subprocess.py:106} INFO - 25/12/07 20:04:45 INFO TaskSetManager: Starting task 35.0 in stage 14.0 (TID 196) (172.18.0.8, executor 0, partition 35, PROCESS_LOCAL, 12568 bytes)
[2025-12-07T20:04:45.244+0000] {subprocess.py:106} INFO - 25/12/07 20:04:45 INFO TaskSetManager: Finished task 18.0 in stage 14.0 (TID 179) in 1779 ms on 172.18.0.8 (executor 0) (20/106)
[2025-12-07T20:04:45.274+0000] {subprocess.py:106} INFO - 25/12/07 20:04:45 INFO TaskSetManager: Starting task 36.0 in stage 14.0 (TID 197) (172.18.0.8, executor 0, partition 36, PROCESS_LOCAL, 12568 bytes)
[2025-12-07T20:04:45.279+0000] {subprocess.py:106} INFO - 25/12/07 20:04:45 INFO TaskSetManager: Starting task 37.0 in stage 14.0 (TID 198) (172.18.0.8, executor 0, partition 37, PROCESS_LOCAL, 12568 bytes)
[2025-12-07T20:04:45.281+0000] {subprocess.py:106} INFO - 25/12/07 20:04:45 INFO TaskSetManager: Finished task 21.0 in stage 14.0 (TID 182) in 1759 ms on 172.18.0.8 (executor 0) (21/106)
[2025-12-07T20:04:45.282+0000] {subprocess.py:106} INFO - 25/12/07 20:04:45 INFO TaskSetManager: Finished task 17.0 in stage 14.0 (TID 178) in 1844 ms on 172.18.0.8 (executor 0) (22/106)
[2025-12-07T20:04:45.304+0000] {subprocess.py:106} INFO - 25/12/07 20:04:45 INFO TaskSetManager: Starting task 38.0 in stage 14.0 (TID 199) (172.18.0.8, executor 0, partition 38, PROCESS_LOCAL, 12568 bytes)
[2025-12-07T20:04:45.306+0000] {subprocess.py:106} INFO - 25/12/07 20:04:45 INFO TaskSetManager: Finished task 20.0 in stage 14.0 (TID 181) in 1802 ms on 172.18.0.8 (executor 0) (23/106)
[2025-12-07T20:04:45.319+0000] {subprocess.py:106} INFO - 25/12/07 20:04:45 INFO TaskSetManager: Starting task 39.0 in stage 14.0 (TID 200) (172.18.0.8, executor 0, partition 39, PROCESS_LOCAL, 12568 bytes)
[2025-12-07T20:04:45.320+0000] {subprocess.py:106} INFO - 25/12/07 20:04:45 INFO TaskSetManager: Finished task 30.0 in stage 14.0 (TID 191) in 1693 ms on 172.18.0.8 (executor 0) (24/106)
[2025-12-07T20:04:45.334+0000] {subprocess.py:106} INFO - 25/12/07 20:04:45 INFO TaskSetManager: Starting task 40.0 in stage 14.0 (TID 201) (172.18.0.8, executor 0, partition 40, PROCESS_LOCAL, 12568 bytes)
[2025-12-07T20:04:45.335+0000] {subprocess.py:106} INFO - 25/12/07 20:04:45 INFO TaskSetManager: Finished task 29.0 in stage 14.0 (TID 190) in 1712 ms on 172.18.0.8 (executor 0) (25/106)
[2025-12-07T20:04:45.346+0000] {subprocess.py:106} INFO - 25/12/07 20:04:45 INFO TaskSetManager: Starting task 41.0 in stage 14.0 (TID 202) (172.18.0.8, executor 0, partition 41, PROCESS_LOCAL, 12568 bytes)
[2025-12-07T20:04:45.348+0000] {subprocess.py:106} INFO - 25/12/07 20:04:45 INFO TaskSetManager: Finished task 23.0 in stage 14.0 (TID 184) in 1788 ms on 172.18.0.8 (executor 0) (26/106)
[2025-12-07T20:04:45.350+0000] {subprocess.py:106} INFO - 25/12/07 20:04:45 INFO TaskSetManager: Starting task 42.0 in stage 14.0 (TID 203) (172.18.0.8, executor 0, partition 42, PROCESS_LOCAL, 12568 bytes)
[2025-12-07T20:04:45.351+0000] {subprocess.py:106} INFO - 25/12/07 20:04:45 INFO TaskSetManager: Finished task 26.0 in stage 14.0 (TID 187) in 1757 ms on 172.18.0.8 (executor 0) (27/106)
[2025-12-07T20:04:45.359+0000] {subprocess.py:106} INFO - 25/12/07 20:04:45 INFO TaskSetManager: Starting task 43.0 in stage 14.0 (TID 204) (172.18.0.8, executor 0, partition 43, PROCESS_LOCAL, 12568 bytes)
[2025-12-07T20:04:45.362+0000] {subprocess.py:106} INFO - 25/12/07 20:04:45 INFO TaskSetManager: Starting task 44.0 in stage 14.0 (TID 205) (172.18.0.8, executor 0, partition 44, PROCESS_LOCAL, 12568 bytes)
[2025-12-07T20:04:45.364+0000] {subprocess.py:106} INFO - 25/12/07 20:04:45 INFO TaskSetManager: Finished task 24.0 in stage 14.0 (TID 185) in 1801 ms on 172.18.0.8 (executor 0) (28/106)
[2025-12-07T20:04:45.365+0000] {subprocess.py:106} INFO - 25/12/07 20:04:45 INFO TaskSetManager: Finished task 31.0 in stage 14.0 (TID 192) in 1722 ms on 172.18.0.8 (executor 0) (29/106)
[2025-12-07T20:04:45.388+0000] {subprocess.py:106} INFO - 25/12/07 20:04:45 INFO TaskSetManager: Starting task 45.0 in stage 14.0 (TID 206) (172.18.0.8, executor 0, partition 45, PROCESS_LOCAL, 12568 bytes)
[2025-12-07T20:04:45.390+0000] {subprocess.py:106} INFO - 25/12/07 20:04:45 INFO TaskSetManager: Finished task 27.0 in stage 14.0 (TID 188) in 1790 ms on 172.18.0.8 (executor 0) (30/106)
[2025-12-07T20:04:45.395+0000] {subprocess.py:106} INFO - 25/12/07 20:04:45 INFO TaskSetManager: Starting task 46.0 in stage 14.0 (TID 207) (172.18.0.8, executor 0, partition 46, PROCESS_LOCAL, 12568 bytes)
[2025-12-07T20:04:45.397+0000] {subprocess.py:106} INFO - 25/12/07 20:04:45 INFO TaskSetManager: Finished task 28.0 in stage 14.0 (TID 189) in 1774 ms on 172.18.0.8 (executor 0) (31/106)
[2025-12-07T20:04:45.412+0000] {subprocess.py:106} INFO - 25/12/07 20:04:45 INFO TaskSetManager: Starting task 47.0 in stage 14.0 (TID 208) (172.18.0.8, executor 0, partition 47, PROCESS_LOCAL, 12568 bytes)
[2025-12-07T20:04:45.415+0000] {subprocess.py:106} INFO - 25/12/07 20:04:45 INFO TaskSetManager: Finished task 25.0 in stage 14.0 (TID 186) in 1835 ms on 172.18.0.8 (executor 0) (32/106)
[2025-12-07T20:04:46.872+0000] {subprocess.py:106} INFO - 25/12/07 20:04:46 INFO TaskSetManager: Starting task 48.0 in stage 14.0 (TID 209) (172.18.0.8, executor 0, partition 48, PROCESS_LOCAL, 12568 bytes)
[2025-12-07T20:04:46.875+0000] {subprocess.py:106} INFO - 25/12/07 20:04:46 INFO TaskSetManager: Finished task 32.0 in stage 14.0 (TID 193) in 1672 ms on 172.18.0.8 (executor 0) (33/106)
[2025-12-07T20:04:46.906+0000] {subprocess.py:106} INFO - 25/12/07 20:04:46 INFO TaskSetManager: Starting task 49.0 in stage 14.0 (TID 210) (172.18.0.8, executor 0, partition 49, PROCESS_LOCAL, 12568 bytes)
[2025-12-07T20:04:46.907+0000] {subprocess.py:106} INFO - 25/12/07 20:04:46 INFO TaskSetManager: Finished task 36.0 in stage 14.0 (TID 197) in 1633 ms on 172.18.0.8 (executor 0) (34/106)
[2025-12-07T20:04:46.920+0000] {subprocess.py:106} INFO - 25/12/07 20:04:46 INFO TaskSetManager: Starting task 50.0 in stage 14.0 (TID 211) (172.18.0.8, executor 0, partition 50, PROCESS_LOCAL, 12568 bytes)
[2025-12-07T20:04:46.923+0000] {subprocess.py:106} INFO - 25/12/07 20:04:46 INFO TaskSetManager: Finished task 34.0 in stage 14.0 (TID 195) in 1687 ms on 172.18.0.8 (executor 0) (35/106)
[2025-12-07T20:04:46.924+0000] {subprocess.py:106} INFO - 25/12/07 20:04:46 INFO TaskSetManager: Starting task 51.0 in stage 14.0 (TID 212) (172.18.0.8, executor 0, partition 51, PROCESS_LOCAL, 12568 bytes)
[2025-12-07T20:04:46.926+0000] {subprocess.py:106} INFO - 25/12/07 20:04:46 INFO TaskSetManager: Finished task 35.0 in stage 14.0 (TID 196) in 1682 ms on 172.18.0.8 (executor 0) (36/106)
[2025-12-07T20:04:46.955+0000] {subprocess.py:106} INFO - 25/12/07 20:04:46 INFO TaskSetManager: Starting task 52.0 in stage 14.0 (TID 213) (172.18.0.8, executor 0, partition 52, PROCESS_LOCAL, 12568 bytes)
[2025-12-07T20:04:46.957+0000] {subprocess.py:106} INFO - 25/12/07 20:04:46 INFO TaskSetManager: Finished task 33.0 in stage 14.0 (TID 194) in 1723 ms on 172.18.0.8 (executor 0) (37/106)
[2025-12-07T20:04:46.986+0000] {subprocess.py:106} INFO - 25/12/07 20:04:46 INFO TaskSetManager: Starting task 53.0 in stage 14.0 (TID 214) (172.18.0.8, executor 0, partition 53, PROCESS_LOCAL, 12568 bytes)
[2025-12-07T20:04:46.988+0000] {subprocess.py:106} INFO - 25/12/07 20:04:46 INFO TaskSetManager: Starting task 54.0 in stage 14.0 (TID 215) (172.18.0.8, executor 0, partition 54, PROCESS_LOCAL, 12568 bytes)
[2025-12-07T20:04:46.996+0000] {subprocess.py:106} INFO - 25/12/07 20:04:46 INFO TaskSetManager: Finished task 40.0 in stage 14.0 (TID 201) in 1656 ms on 172.18.0.8 (executor 0) (38/106)
[2025-12-07T20:04:46.998+0000] {subprocess.py:106} INFO - 25/12/07 20:04:46 INFO TaskSetManager: Finished task 37.0 in stage 14.0 (TID 198) in 1713 ms on 172.18.0.8 (executor 0) (39/106)
[2025-12-07T20:04:47.007+0000] {subprocess.py:106} INFO - 25/12/07 20:04:47 INFO TaskSetManager: Starting task 55.0 in stage 14.0 (TID 216) (172.18.0.8, executor 0, partition 55, PROCESS_LOCAL, 12568 bytes)
[2025-12-07T20:04:47.009+0000] {subprocess.py:106} INFO - 25/12/07 20:04:47 INFO TaskSetManager: Finished task 42.0 in stage 14.0 (TID 203) in 1659 ms on 172.18.0.8 (executor 0) (40/106)
[2025-12-07T20:04:47.033+0000] {subprocess.py:106} INFO - 25/12/07 20:04:47 INFO TaskSetManager: Starting task 56.0 in stage 14.0 (TID 217) (172.18.0.8, executor 0, partition 56, PROCESS_LOCAL, 12568 bytes)
[2025-12-07T20:04:47.036+0000] {subprocess.py:106} INFO - 25/12/07 20:04:47 INFO TaskSetManager: Finished task 38.0 in stage 14.0 (TID 199) in 1729 ms on 172.18.0.8 (executor 0) (41/106)
[2025-12-07T20:04:47.049+0000] {subprocess.py:106} INFO - 25/12/07 20:04:47 INFO TaskSetManager: Starting task 57.0 in stage 14.0 (TID 218) (172.18.0.8, executor 0, partition 57, PROCESS_LOCAL, 12568 bytes)
[2025-12-07T20:04:47.051+0000] {subprocess.py:106} INFO - 25/12/07 20:04:47 INFO TaskSetManager: Finished task 43.0 in stage 14.0 (TID 204) in 1685 ms on 172.18.0.8 (executor 0) (42/106)
[2025-12-07T20:04:47.058+0000] {subprocess.py:106} INFO - 25/12/07 20:04:47 INFO TaskSetManager: Starting task 58.0 in stage 14.0 (TID 219) (172.18.0.8, executor 0, partition 58, PROCESS_LOCAL, 12568 bytes)
[2025-12-07T20:04:47.062+0000] {subprocess.py:106} INFO - 25/12/07 20:04:47 INFO TaskSetManager: Finished task 44.0 in stage 14.0 (TID 205) in 1697 ms on 172.18.0.8 (executor 0) (43/106)
[2025-12-07T20:04:47.102+0000] {subprocess.py:106} INFO - 25/12/07 20:04:47 INFO TaskSetManager: Starting task 59.0 in stage 14.0 (TID 220) (172.18.0.8, executor 0, partition 59, PROCESS_LOCAL, 12568 bytes)
[2025-12-07T20:04:47.103+0000] {subprocess.py:106} INFO - 25/12/07 20:04:47 INFO TaskSetManager: Finished task 39.0 in stage 14.0 (TID 200) in 1786 ms on 172.18.0.8 (executor 0) (44/106)
[2025-12-07T20:04:47.124+0000] {subprocess.py:106} INFO - 25/12/07 20:04:47 INFO TaskSetManager: Starting task 60.0 in stage 14.0 (TID 221) (172.18.0.8, executor 0, partition 60, PROCESS_LOCAL, 12568 bytes)
[2025-12-07T20:04:47.126+0000] {subprocess.py:106} INFO - 25/12/07 20:04:47 INFO TaskSetManager: Finished task 41.0 in stage 14.0 (TID 202) in 1777 ms on 172.18.0.8 (executor 0) (45/106)
[2025-12-07T20:04:47.140+0000] {subprocess.py:106} INFO - 25/12/07 20:04:47 INFO TaskSetManager: Starting task 61.0 in stage 14.0 (TID 222) (172.18.0.8, executor 0, partition 61, PROCESS_LOCAL, 12568 bytes)
[2025-12-07T20:04:47.142+0000] {subprocess.py:106} INFO - 25/12/07 20:04:47 INFO TaskSetManager: Finished task 45.0 in stage 14.0 (TID 206) in 1751 ms on 172.18.0.8 (executor 0) (46/106)
[2025-12-07T20:04:47.153+0000] {subprocess.py:106} INFO - 25/12/07 20:04:47 INFO TaskSetManager: Starting task 62.0 in stage 14.0 (TID 223) (172.18.0.8, executor 0, partition 62, PROCESS_LOCAL, 12568 bytes)
[2025-12-07T20:04:47.154+0000] {subprocess.py:106} INFO - 25/12/07 20:04:47 INFO TaskSetManager: Finished task 46.0 in stage 14.0 (TID 207) in 1761 ms on 172.18.0.8 (executor 0) (47/106)
[2025-12-07T20:04:47.220+0000] {subprocess.py:106} INFO - 25/12/07 20:04:47 INFO TaskSetManager: Starting task 63.0 in stage 14.0 (TID 224) (172.18.0.8, executor 0, partition 63, PROCESS_LOCAL, 12568 bytes)
[2025-12-07T20:04:47.221+0000] {subprocess.py:106} INFO - 25/12/07 20:04:47 INFO TaskSetManager: Finished task 47.0 in stage 14.0 (TID 208) in 1808 ms on 172.18.0.8 (executor 0) (48/106)
[2025-12-07T20:04:48.680+0000] {subprocess.py:106} INFO - 25/12/07 20:04:48 INFO TaskSetManager: Starting task 64.0 in stage 14.0 (TID 225) (172.18.0.8, executor 0, partition 64, PROCESS_LOCAL, 12568 bytes)
[2025-12-07T20:04:48.682+0000] {subprocess.py:106} INFO - 25/12/07 20:04:48 INFO TaskSetManager: Finished task 51.0 in stage 14.0 (TID 212) in 1757 ms on 172.18.0.8 (executor 0) (49/106)
[2025-12-07T20:04:48.714+0000] {subprocess.py:106} INFO - 25/12/07 20:04:48 INFO TaskSetManager: Starting task 65.0 in stage 14.0 (TID 226) (172.18.0.8, executor 0, partition 65, PROCESS_LOCAL, 12568 bytes)
[2025-12-07T20:04:48.715+0000] {subprocess.py:106} INFO - 25/12/07 20:04:48 INFO TaskSetManager: Finished task 50.0 in stage 14.0 (TID 211) in 1795 ms on 172.18.0.8 (executor 0) (50/106)
[2025-12-07T20:04:48.723+0000] {subprocess.py:106} INFO - 25/12/07 20:04:48 INFO TaskSetManager: Starting task 66.0 in stage 14.0 (TID 227) (172.18.0.8, executor 0, partition 66, PROCESS_LOCAL, 12568 bytes)
[2025-12-07T20:04:48.725+0000] {subprocess.py:106} INFO - 25/12/07 20:04:48 INFO TaskSetManager: Finished task 49.0 in stage 14.0 (TID 210) in 1818 ms on 172.18.0.8 (executor 0) (51/106)
[2025-12-07T20:04:48.738+0000] {subprocess.py:106} INFO - 25/12/07 20:04:48 INFO TaskSetManager: Starting task 67.0 in stage 14.0 (TID 228) (172.18.0.8, executor 0, partition 67, PROCESS_LOCAL, 12568 bytes)
[2025-12-07T20:04:48.740+0000] {subprocess.py:106} INFO - 25/12/07 20:04:48 INFO TaskSetManager: Finished task 48.0 in stage 14.0 (TID 209) in 1870 ms on 172.18.0.8 (executor 0) (52/106)
[2025-12-07T20:04:48.752+0000] {subprocess.py:106} INFO - 25/12/07 20:04:48 INFO TaskSetManager: Starting task 68.0 in stage 14.0 (TID 229) (172.18.0.8, executor 0, partition 68, PROCESS_LOCAL, 12568 bytes)
[2025-12-07T20:04:48.754+0000] {subprocess.py:106} INFO - 25/12/07 20:04:48 INFO TaskSetManager: Finished task 53.0 in stage 14.0 (TID 214) in 1770 ms on 172.18.0.8 (executor 0) (53/106)
[2025-12-07T20:04:48.774+0000] {subprocess.py:106} INFO - 25/12/07 20:04:48 INFO TaskSetManager: Starting task 69.0 in stage 14.0 (TID 230) (172.18.0.8, executor 0, partition 69, PROCESS_LOCAL, 12568 bytes)
[2025-12-07T20:04:48.781+0000] {subprocess.py:106} INFO - 25/12/07 20:04:48 INFO TaskSetManager: Finished task 56.0 in stage 14.0 (TID 217) in 1752 ms on 172.18.0.8 (executor 0) (54/106)
[2025-12-07T20:04:48.786+0000] {subprocess.py:106} INFO - 25/12/07 20:04:48 INFO TaskSetManager: Starting task 70.0 in stage 14.0 (TID 231) (172.18.0.8, executor 0, partition 70, PROCESS_LOCAL, 12568 bytes)
[2025-12-07T20:04:48.788+0000] {subprocess.py:106} INFO - 25/12/07 20:04:48 INFO TaskSetManager: Finished task 52.0 in stage 14.0 (TID 213) in 1835 ms on 172.18.0.8 (executor 0) (55/106)
[2025-12-07T20:04:48.790+0000] {subprocess.py:106} INFO - 25/12/07 20:04:48 INFO TaskSetManager: Starting task 71.0 in stage 14.0 (TID 232) (172.18.0.8, executor 0, partition 71, PROCESS_LOCAL, 12568 bytes)
[2025-12-07T20:04:48.791+0000] {subprocess.py:106} INFO - 25/12/07 20:04:48 INFO TaskSetManager: Finished task 57.0 in stage 14.0 (TID 218) in 1748 ms on 172.18.0.8 (executor 0) (56/106)
[2025-12-07T20:04:48.829+0000] {subprocess.py:106} INFO - 25/12/07 20:04:48 INFO TaskSetManager: Starting task 72.0 in stage 14.0 (TID 233) (172.18.0.8, executor 0, partition 72, PROCESS_LOCAL, 12568 bytes)
[2025-12-07T20:04:48.831+0000] {subprocess.py:106} INFO - 25/12/07 20:04:48 INFO TaskSetManager: Finished task 58.0 in stage 14.0 (TID 219) in 1773 ms on 172.18.0.8 (executor 0) (57/106)
[2025-12-07T20:04:48.870+0000] {subprocess.py:106} INFO - 25/12/07 20:04:48 INFO TaskSetManager: Starting task 73.0 in stage 14.0 (TID 234) (172.18.0.8, executor 0, partition 73, PROCESS_LOCAL, 12568 bytes)
[2025-12-07T20:04:48.871+0000] {subprocess.py:106} INFO - 25/12/07 20:04:48 INFO TaskSetManager: Finished task 59.0 in stage 14.0 (TID 220) in 1770 ms on 172.18.0.8 (executor 0) (58/106)
[2025-12-07T20:04:48.901+0000] {subprocess.py:106} INFO - 25/12/07 20:04:48 INFO TaskSetManager: Starting task 74.0 in stage 14.0 (TID 235) (172.18.0.8, executor 0, partition 74, PROCESS_LOCAL, 12568 bytes)
[2025-12-07T20:04:48.902+0000] {subprocess.py:106} INFO - 25/12/07 20:04:48 INFO TaskSetManager: Finished task 60.0 in stage 14.0 (TID 221) in 1781 ms on 172.18.0.8 (executor 0) (59/106)
[2025-12-07T20:04:48.908+0000] {subprocess.py:106} INFO - 25/12/07 20:04:48 INFO TaskSetManager: Starting task 75.0 in stage 14.0 (TID 236) (172.18.0.8, executor 0, partition 75, PROCESS_LOCAL, 12568 bytes)
[2025-12-07T20:04:48.910+0000] {subprocess.py:106} INFO - 25/12/07 20:04:48 INFO TaskSetManager: Finished task 54.0 in stage 14.0 (TID 215) in 1921 ms on 172.18.0.8 (executor 0) (60/106)
[2025-12-07T20:04:48.922+0000] {subprocess.py:106} INFO - 25/12/07 20:04:48 INFO TaskSetManager: Starting task 76.0 in stage 14.0 (TID 237) (172.18.0.8, executor 0, partition 76, PROCESS_LOCAL, 12568 bytes)
[2025-12-07T20:04:48.923+0000] {subprocess.py:106} INFO - 25/12/07 20:04:48 INFO TaskSetManager: Finished task 55.0 in stage 14.0 (TID 216) in 1915 ms on 172.18.0.8 (executor 0) (61/106)
[2025-12-07T20:04:48.984+0000] {subprocess.py:106} INFO - 25/12/07 20:04:48 INFO TaskSetManager: Starting task 77.0 in stage 14.0 (TID 238) (172.18.0.8, executor 0, partition 77, PROCESS_LOCAL, 12568 bytes)
[2025-12-07T20:04:48.985+0000] {subprocess.py:106} INFO - 25/12/07 20:04:48 INFO TaskSetManager: Finished task 62.0 in stage 14.0 (TID 223) in 1833 ms on 172.18.0.8 (executor 0) (62/106)
[2025-12-07T20:04:49.007+0000] {subprocess.py:106} INFO - 25/12/07 20:04:49 INFO TaskSetManager: Starting task 78.0 in stage 14.0 (TID 239) (172.18.0.8, executor 0, partition 78, PROCESS_LOCAL, 12568 bytes)
[2025-12-07T20:04:49.009+0000] {subprocess.py:106} INFO - 25/12/07 20:04:49 INFO TaskSetManager: Finished task 61.0 in stage 14.0 (TID 222) in 1873 ms on 172.18.0.8 (executor 0) (63/106)
[2025-12-07T20:04:49.053+0000] {subprocess.py:106} INFO - 25/12/07 20:04:49 INFO TaskSetManager: Starting task 79.0 in stage 14.0 (TID 240) (172.18.0.8, executor 0, partition 79, PROCESS_LOCAL, 12568 bytes)
[2025-12-07T20:04:49.057+0000] {subprocess.py:106} INFO - 25/12/07 20:04:49 INFO TaskSetManager: Finished task 63.0 in stage 14.0 (TID 224) in 1837 ms on 172.18.0.8 (executor 0) (64/106)
[2025-12-07T20:04:50.686+0000] {subprocess.py:106} INFO - 25/12/07 20:04:50 INFO TaskSetManager: Starting task 80.0 in stage 14.0 (TID 241) (172.18.0.8, executor 0, partition 80, PROCESS_LOCAL, 12568 bytes)
[2025-12-07T20:04:50.689+0000] {subprocess.py:106} INFO - 25/12/07 20:04:50 INFO TaskSetManager: Finished task 64.0 in stage 14.0 (TID 225) in 2009 ms on 172.18.0.8 (executor 0) (65/106)
[2025-12-07T20:04:50.721+0000] {subprocess.py:106} INFO - 25/12/07 20:04:50 INFO TaskSetManager: Starting task 81.0 in stage 14.0 (TID 242) (172.18.0.8, executor 0, partition 81, PROCESS_LOCAL, 12568 bytes)
[2025-12-07T20:04:50.724+0000] {subprocess.py:106} INFO - 25/12/07 20:04:50 INFO TaskSetManager: Finished task 67.0 in stage 14.0 (TID 228) in 1983 ms on 172.18.0.8 (executor 0) (66/106)
[2025-12-07T20:04:50.728+0000] {subprocess.py:106} INFO - 25/12/07 20:04:50 INFO TaskSetManager: Starting task 82.0 in stage 14.0 (TID 243) (172.18.0.8, executor 0, partition 82, PROCESS_LOCAL, 12568 bytes)
[2025-12-07T20:04:50.733+0000] {subprocess.py:106} INFO - 25/12/07 20:04:50 INFO TaskSetManager: Finished task 66.0 in stage 14.0 (TID 227) in 2011 ms on 172.18.0.8 (executor 0) (67/106)
[2025-12-07T20:04:50.741+0000] {subprocess.py:106} INFO - 25/12/07 20:04:50 INFO TaskSetManager: Starting task 83.0 in stage 14.0 (TID 244) (172.18.0.8, executor 0, partition 83, PROCESS_LOCAL, 12568 bytes)
[2025-12-07T20:04:50.742+0000] {subprocess.py:106} INFO - 25/12/07 20:04:50 INFO TaskSetManager: Finished task 65.0 in stage 14.0 (TID 226) in 2030 ms on 172.18.0.8 (executor 0) (68/106)
[2025-12-07T20:04:50.766+0000] {subprocess.py:106} INFO - 25/12/07 20:04:50 INFO TaskSetManager: Starting task 84.0 in stage 14.0 (TID 245) (172.18.0.8, executor 0, partition 84, PROCESS_LOCAL, 12568 bytes)
[2025-12-07T20:04:50.767+0000] {subprocess.py:106} INFO - 25/12/07 20:04:50 INFO TaskSetManager: Starting task 85.0 in stage 14.0 (TID 246) (172.18.0.8, executor 0, partition 85, PROCESS_LOCAL, 12568 bytes)
[2025-12-07T20:04:50.769+0000] {subprocess.py:106} INFO - 25/12/07 20:04:50 INFO TaskSetManager: Starting task 86.0 in stage 14.0 (TID 247) (172.18.0.8, executor 0, partition 86, PROCESS_LOCAL, 12568 bytes)
[2025-12-07T20:04:50.773+0000] {subprocess.py:106} INFO - 25/12/07 20:04:50 INFO TaskSetManager: Finished task 69.0 in stage 14.0 (TID 230) in 1994 ms on 172.18.0.8 (executor 0) (69/106)
[2025-12-07T20:04:50.776+0000] {subprocess.py:106} INFO - 25/12/07 20:04:50 INFO TaskSetManager: Finished task 68.0 in stage 14.0 (TID 229) in 2016 ms on 172.18.0.8 (executor 0) (70/106)
[2025-12-07T20:04:50.779+0000] {subprocess.py:106} INFO - 25/12/07 20:04:50 INFO TaskSetManager: Finished task 70.0 in stage 14.0 (TID 231) in 1983 ms on 172.18.0.8 (executor 0) (71/106)
[2025-12-07T20:04:50.781+0000] {subprocess.py:106} INFO - 25/12/07 20:04:50 INFO TaskSetManager: Starting task 87.0 in stage 14.0 (TID 248) (172.18.0.8, executor 0, partition 87, PROCESS_LOCAL, 12568 bytes)
[2025-12-07T20:04:50.782+0000] {subprocess.py:106} INFO - 25/12/07 20:04:50 INFO TaskSetManager: Finished task 73.0 in stage 14.0 (TID 234) in 1911 ms on 172.18.0.8 (executor 0) (72/106)
[2025-12-07T20:04:50.785+0000] {subprocess.py:106} INFO - 25/12/07 20:04:50 INFO TaskSetManager: Finished task 71.0 in stage 14.0 (TID 232) in 1996 ms on 172.18.0.8 (executor 0) (73/106)
[2025-12-07T20:04:50.789+0000] {subprocess.py:106} INFO - 25/12/07 20:04:50 INFO TaskSetManager: Starting task 88.0 in stage 14.0 (TID 249) (172.18.0.8, executor 0, partition 88, PROCESS_LOCAL, 12568 bytes)
[2025-12-07T20:04:50.803+0000] {subprocess.py:106} INFO - 25/12/07 20:04:50 INFO TaskSetManager: Starting task 89.0 in stage 14.0 (TID 250) (172.18.0.8, executor 0, partition 89, PROCESS_LOCAL, 12568 bytes)
[2025-12-07T20:04:50.804+0000] {subprocess.py:106} INFO - 25/12/07 20:04:50 INFO TaskSetManager: Finished task 75.0 in stage 14.0 (TID 236) in 1897 ms on 172.18.0.8 (executor 0) (74/106)
[2025-12-07T20:04:50.851+0000] {subprocess.py:106} INFO - 25/12/07 20:04:50 INFO TaskSetManager: Starting task 90.0 in stage 14.0 (TID 251) (172.18.0.8, executor 0, partition 90, PROCESS_LOCAL, 12568 bytes)
[2025-12-07T20:04:50.853+0000] {subprocess.py:106} INFO - 25/12/07 20:04:50 INFO TaskSetManager: Finished task 72.0 in stage 14.0 (TID 233) in 2024 ms on 172.18.0.8 (executor 0) (75/106)
[2025-12-07T20:04:50.925+0000] {subprocess.py:106} INFO - 25/12/07 20:04:50 INFO TaskSetManager: Starting task 91.0 in stage 14.0 (TID 252) (172.18.0.8, executor 0, partition 91, PROCESS_LOCAL, 12568 bytes)
[2025-12-07T20:04:50.927+0000] {subprocess.py:106} INFO - 25/12/07 20:04:50 INFO TaskSetManager: Finished task 77.0 in stage 14.0 (TID 238) in 1941 ms on 172.18.0.8 (executor 0) (76/106)
[2025-12-07T20:04:50.944+0000] {subprocess.py:106} INFO - 25/12/07 20:04:50 INFO TaskSetManager: Starting task 92.0 in stage 14.0 (TID 253) (172.18.0.8, executor 0, partition 92, PROCESS_LOCAL, 12568 bytes)
[2025-12-07T20:04:50.948+0000] {subprocess.py:106} INFO - 25/12/07 20:04:50 INFO TaskSetManager: Finished task 76.0 in stage 14.0 (TID 237) in 2023 ms on 172.18.0.8 (executor 0) (77/106)
[2025-12-07T20:04:51.006+0000] {subprocess.py:106} INFO - 25/12/07 20:04:51 INFO TaskSetManager: Starting task 93.0 in stage 14.0 (TID 254) (172.18.0.8, executor 0, partition 93, PROCESS_LOCAL, 12568 bytes)
[2025-12-07T20:04:51.009+0000] {subprocess.py:106} INFO - 25/12/07 20:04:51 INFO TaskSetManager: Starting task 94.0 in stage 14.0 (TID 255) (172.18.0.8, executor 0, partition 94, PROCESS_LOCAL, 12568 bytes)
[2025-12-07T20:04:51.010+0000] {subprocess.py:106} INFO - 25/12/07 20:04:51 INFO TaskSetManager: Finished task 74.0 in stage 14.0 (TID 235) in 2107 ms on 172.18.0.8 (executor 0) (78/106)
[2025-12-07T20:04:51.013+0000] {subprocess.py:106} INFO - 25/12/07 20:04:51 INFO TaskSetManager: Finished task 78.0 in stage 14.0 (TID 239) in 1999 ms on 172.18.0.8 (executor 0) (79/106)
[2025-12-07T20:04:51.098+0000] {subprocess.py:106} INFO - 25/12/07 20:04:51 INFO TaskSetManager: Starting task 95.0 in stage 14.0 (TID 256) (172.18.0.8, executor 0, partition 95, PROCESS_LOCAL, 12568 bytes)
[2025-12-07T20:04:51.101+0000] {subprocess.py:106} INFO - 25/12/07 20:04:51 INFO TaskSetManager: Finished task 79.0 in stage 14.0 (TID 240) in 2046 ms on 172.18.0.8 (executor 0) (80/106)
[2025-12-07T20:04:52.326+0000] {subprocess.py:106} INFO - 25/12/07 20:04:52 INFO TaskSetManager: Starting task 96.0 in stage 14.0 (TID 257) (172.18.0.8, executor 0, partition 96, PROCESS_LOCAL, 12568 bytes)
[2025-12-07T20:04:52.328+0000] {subprocess.py:106} INFO - 25/12/07 20:04:52 INFO TaskSetManager: Finished task 81.0 in stage 14.0 (TID 242) in 1603 ms on 172.18.0.8 (executor 0) (81/106)
[2025-12-07T20:04:52.338+0000] {subprocess.py:106} INFO - 25/12/07 20:04:52 INFO TaskSetManager: Starting task 97.0 in stage 14.0 (TID 258) (172.18.0.8, executor 0, partition 97, PROCESS_LOCAL, 12568 bytes)
[2025-12-07T20:04:52.340+0000] {subprocess.py:106} INFO - 25/12/07 20:04:52 INFO TaskSetManager: Finished task 80.0 in stage 14.0 (TID 241) in 1655 ms on 172.18.0.8 (executor 0) (82/106)
[2025-12-07T20:04:52.354+0000] {subprocess.py:106} INFO - 25/12/07 20:04:52 INFO TaskSetManager: Starting task 98.0 in stage 14.0 (TID 259) (172.18.0.8, executor 0, partition 98, PROCESS_LOCAL, 12568 bytes)
[2025-12-07T20:04:52.356+0000] {subprocess.py:106} INFO - 25/12/07 20:04:52 INFO TaskSetManager: Finished task 82.0 in stage 14.0 (TID 243) in 1627 ms on 172.18.0.8 (executor 0) (83/106)
[2025-12-07T20:04:52.366+0000] {subprocess.py:106} INFO - 25/12/07 20:04:52 INFO TaskSetManager: Starting task 99.0 in stage 14.0 (TID 260) (172.18.0.8, executor 0, partition 99, PROCESS_LOCAL, 12568 bytes)
[2025-12-07T20:04:52.367+0000] {subprocess.py:106} INFO - 25/12/07 20:04:52 INFO TaskSetManager: Finished task 86.0 in stage 14.0 (TID 247) in 1602 ms on 172.18.0.8 (executor 0) (84/106)
[2025-12-07T20:04:52.376+0000] {subprocess.py:106} INFO - 25/12/07 20:04:52 INFO TaskSetManager: Starting task 100.0 in stage 14.0 (TID 261) (172.18.0.8, executor 0, partition 100, PROCESS_LOCAL, 12568 bytes)
[2025-12-07T20:04:52.378+0000] {subprocess.py:106} INFO - 25/12/07 20:04:52 INFO TaskSetManager: Finished task 88.0 in stage 14.0 (TID 249) in 1591 ms on 172.18.0.8 (executor 0) (85/106)
[2025-12-07T20:04:52.413+0000] {subprocess.py:106} INFO - 25/12/07 20:04:52 INFO TaskSetManager: Starting task 101.0 in stage 14.0 (TID 262) (172.18.0.8, executor 0, partition 101, PROCESS_LOCAL, 12568 bytes)
[2025-12-07T20:04:52.415+0000] {subprocess.py:106} INFO - 25/12/07 20:04:52 INFO TaskSetManager: Starting task 102.0 in stage 14.0 (TID 263) (172.18.0.8, executor 0, partition 102, PROCESS_LOCAL, 12568 bytes)
[2025-12-07T20:04:52.416+0000] {subprocess.py:106} INFO - 25/12/07 20:04:52 INFO TaskSetManager: Starting task 103.0 in stage 14.0 (TID 264) (172.18.0.8, executor 0, partition 103, PROCESS_LOCAL, 12568 bytes)
[2025-12-07T20:04:52.419+0000] {subprocess.py:106} INFO - 25/12/07 20:04:52 INFO TaskSetManager: Finished task 83.0 in stage 14.0 (TID 244) in 1674 ms on 172.18.0.8 (executor 0) (86/106)
[2025-12-07T20:04:52.425+0000] {subprocess.py:106} INFO - 25/12/07 20:04:52 INFO TaskSetManager: Finished task 85.0 in stage 14.0 (TID 246) in 1651 ms on 172.18.0.8 (executor 0) (87/106)
[2025-12-07T20:04:52.427+0000] {subprocess.py:106} INFO - 25/12/07 20:04:52 INFO TaskSetManager: Finished task 87.0 in stage 14.0 (TID 248) in 1639 ms on 172.18.0.8 (executor 0) (88/106)
[2025-12-07T20:04:52.434+0000] {subprocess.py:106} INFO - 25/12/07 20:04:52 INFO TaskSetManager: Starting task 104.0 in stage 14.0 (TID 265) (172.18.0.8, executor 0, partition 104, PROCESS_LOCAL, 12568 bytes)
[2025-12-07T20:04:52.439+0000] {subprocess.py:106} INFO - 25/12/07 20:04:52 INFO TaskSetManager: Finished task 84.0 in stage 14.0 (TID 245) in 1675 ms on 172.18.0.8 (executor 0) (89/106)
[2025-12-07T20:04:52.445+0000] {subprocess.py:106} INFO - 25/12/07 20:04:52 INFO TaskSetManager: Starting task 105.0 in stage 14.0 (TID 266) (172.18.0.8, executor 0, partition 105, PROCESS_LOCAL, 10940 bytes)
[2025-12-07T20:04:52.446+0000] {subprocess.py:106} INFO - 25/12/07 20:04:52 INFO TaskSetManager: Finished task 89.0 in stage 14.0 (TID 250) in 1645 ms on 172.18.0.8 (executor 0) (90/106)
[2025-12-07T20:04:52.535+0000] {subprocess.py:106} INFO - 25/12/07 20:04:52 INFO TaskSetManager: Finished task 91.0 in stage 14.0 (TID 252) in 1611 ms on 172.18.0.8 (executor 0) (91/106)
[2025-12-07T20:04:52.584+0000] {subprocess.py:106} INFO - 25/12/07 20:04:52 INFO TaskSetManager: Finished task 92.0 in stage 14.0 (TID 253) in 1646 ms on 172.18.0.8 (executor 0) (92/106)
[2025-12-07T20:04:52.592+0000] {subprocess.py:106} INFO - 25/12/07 20:04:52 INFO TaskSetManager: Finished task 93.0 in stage 14.0 (TID 254) in 1598 ms on 172.18.0.8 (executor 0) (93/106)
[2025-12-07T20:04:52.613+0000] {subprocess.py:106} INFO - 25/12/07 20:04:52 INFO TaskSetManager: Finished task 94.0 in stage 14.0 (TID 255) in 1608 ms on 172.18.0.8 (executor 0) (94/106)
[2025-12-07T20:04:52.641+0000] {subprocess.py:106} INFO - 25/12/07 20:04:52 INFO TaskSetManager: Finished task 90.0 in stage 14.0 (TID 251) in 1790 ms on 172.18.0.8 (executor 0) (95/106)
[2025-12-07T20:04:52.702+0000] {subprocess.py:106} INFO - 25/12/07 20:04:52 INFO TaskSetManager: Finished task 95.0 in stage 14.0 (TID 256) in 1604 ms on 172.18.0.8 (executor 0) (96/106)
[2025-12-07T20:04:53.315+0000] {subprocess.py:106} INFO - 25/12/07 20:04:53 INFO TaskSetManager: Finished task 105.0 in stage 14.0 (TID 266) in 873 ms on 172.18.0.8 (executor 0) (97/106)
[2025-12-07T20:04:53.583+0000] {subprocess.py:106} INFO - 25/12/07 20:04:53 INFO TaskSetManager: Finished task 96.0 in stage 14.0 (TID 257) in 1262 ms on 172.18.0.8 (executor 0) (98/106)
[2025-12-07T20:04:53.613+0000] {subprocess.py:106} INFO - 25/12/07 20:04:53 INFO TaskSetManager: Finished task 97.0 in stage 14.0 (TID 258) in 1277 ms on 172.18.0.8 (executor 0) (99/106)
[2025-12-07T20:04:53.615+0000] {subprocess.py:106} INFO - 25/12/07 20:04:53 INFO TaskSetManager: Finished task 98.0 in stage 14.0 (TID 259) in 1260 ms on 172.18.0.8 (executor 0) (100/106)
[2025-12-07T20:04:53.615+0000] {subprocess.py:106} INFO - 25/12/07 20:04:53 INFO TaskSetManager: Finished task 100.0 in stage 14.0 (TID 261) in 1240 ms on 172.18.0.8 (executor 0) (101/106)
[2025-12-07T20:04:53.621+0000] {subprocess.py:106} INFO - 25/12/07 20:04:53 INFO TaskSetManager: Finished task 99.0 in stage 14.0 (TID 260) in 1256 ms on 172.18.0.8 (executor 0) (102/106)
[2025-12-07T20:04:53.639+0000] {subprocess.py:106} INFO - 25/12/07 20:04:53 INFO TaskSetManager: Finished task 104.0 in stage 14.0 (TID 265) in 1206 ms on 172.18.0.8 (executor 0) (103/106)
[2025-12-07T20:04:53.640+0000] {subprocess.py:106} INFO - 25/12/07 20:04:53 INFO TaskSetManager: Finished task 101.0 in stage 14.0 (TID 262) in 1229 ms on 172.18.0.8 (executor 0) (104/106)
[2025-12-07T20:04:53.641+0000] {subprocess.py:106} INFO - 25/12/07 20:04:53 INFO TaskSetManager: Finished task 103.0 in stage 14.0 (TID 264) in 1228 ms on 172.18.0.8 (executor 0) (105/106)
[2025-12-07T20:04:53.652+0000] {subprocess.py:106} INFO - 25/12/07 20:04:53 INFO TaskSetManager: Finished task 102.0 in stage 14.0 (TID 263) in 1240 ms on 172.18.0.8 (executor 0) (106/106)
[2025-12-07T20:04:53.653+0000] {subprocess.py:106} INFO - 25/12/07 20:04:53 INFO TaskSchedulerImpl: Removed TaskSet 14.0, whose tasks have all completed, from pool
[2025-12-07T20:04:53.657+0000] {subprocess.py:106} INFO - 25/12/07 20:04:53 INFO DAGScheduler: ResultStage 14 ($anonfun$withThreadLocalCaptured$1 at <unknown>:0) finished in 13.341 s
[2025-12-07T20:04:53.658+0000] {subprocess.py:106} INFO - 25/12/07 20:04:53 INFO DAGScheduler: Job 11 is finished. Cancelling potential speculative or zombie tasks for this job
[2025-12-07T20:04:53.658+0000] {subprocess.py:106} INFO - 25/12/07 20:04:53 INFO TaskSchedulerImpl: Killing all running tasks in stage 14: Stage finished
[2025-12-07T20:04:53.659+0000] {subprocess.py:106} INFO - 25/12/07 20:04:53 INFO DAGScheduler: Job 11 finished: $anonfun$withThreadLocalCaptured$1 at <unknown>:0, took 13.360049 s
[2025-12-07T20:04:53.672+0000] {subprocess.py:106} INFO - 25/12/07 20:04:53 INFO CodeGenerator: Code generated in 7.66026 ms
[2025-12-07T20:04:53.837+0000] {subprocess.py:106} INFO - 25/12/07 20:04:53 INFO BlockManagerInfo: Removed broadcast_23_piece0 on 13f196131dae:46673 in memory (size: 8.2 KiB, free: 434.1 MiB)
[2025-12-07T20:04:53.838+0000] {subprocess.py:106} INFO - 25/12/07 20:04:53 INFO BlockManagerInfo: Removed broadcast_23_piece0 on 172.18.0.8:33107 in memory (size: 8.2 KiB, free: 431.3 MiB)
[2025-12-07T20:04:53.846+0000] {subprocess.py:106} INFO - 25/12/07 20:04:53 INFO BlockManagerInfo: Removed broadcast_22_piece0 on 13f196131dae:46673 in memory (size: 7.6 KiB, free: 434.1 MiB)
[2025-12-07T20:04:53.847+0000] {subprocess.py:106} INFO - 25/12/07 20:04:53 INFO BlockManagerInfo: Removed broadcast_22_piece0 on 172.18.0.8:33107 in memory (size: 7.6 KiB, free: 431.3 MiB)
[2025-12-07T20:04:53.896+0000] {subprocess.py:106} INFO - 25/12/07 20:04:53 INFO MemoryStore: Block broadcast_25_piece0 stored as bytes in memory (estimated size 3.6 MiB, free 428.8 MiB)
[2025-12-07T20:04:53.897+0000] {subprocess.py:106} INFO - 25/12/07 20:04:53 INFO BlockManagerInfo: Added broadcast_25_piece0 in memory on 13f196131dae:46673 (size: 3.6 MiB, free: 430.5 MiB)
[2025-12-07T20:04:53.898+0000] {subprocess.py:106} INFO - 25/12/07 20:04:53 INFO SparkContext: Created broadcast 25 from $anonfun$withThreadLocalCaptured$1 at <unknown>:0
[2025-12-07T20:04:53.907+0000] {subprocess.py:106} INFO - 25/12/07 20:04:53 INFO DataSourceStrategy: Pruning directories with:
[2025-12-07T20:04:53.908+0000] {subprocess.py:106} INFO - 25/12/07 20:04:53 INFO FileSourceStrategy: Pushed Filters: IsNotNull(invoice_id)
[2025-12-07T20:04:53.909+0000] {subprocess.py:106} INFO - 25/12/07 20:04:53 INFO FileSourceStrategy: Post-Scan Filters: isnotnull(invoice_id#37)
[2025-12-07T20:04:53.957+0000] {subprocess.py:106} INFO - 25/12/07 20:04:53 INFO TorrentBroadcast: Started reading broadcast variable 24 with 1 pieces (estimated total size 4.0 MiB)
[2025-12-07T20:04:53.959+0000] {subprocess.py:106} INFO - 25/12/07 20:04:53 INFO TorrentBroadcast: Reading broadcast variable 24 took 2 ms
[2025-12-07T20:04:54.006+0000] {subprocess.py:106} INFO - 25/12/07 20:04:54 INFO CodeGenerator: Code generated in 24.63788 ms
[2025-12-07T20:04:54.010+0000] {subprocess.py:106} INFO - 25/12/07 20:04:54 INFO MemoryStore: Block broadcast_26 stored as values in memory (estimated size 214.5 KiB, free 428.6 MiB)
[2025-12-07T20:04:54.023+0000] {subprocess.py:106} INFO - 25/12/07 20:04:54 INFO MemoryStore: Block broadcast_26_piece0 stored as bytes in memory (estimated size 37.0 KiB, free 428.6 MiB)
[2025-12-07T20:04:54.024+0000] {subprocess.py:106} INFO - 25/12/07 20:04:54 INFO BlockManagerInfo: Added broadcast_26_piece0 in memory on 13f196131dae:46673 (size: 37.0 KiB, free: 430.5 MiB)
[2025-12-07T20:04:54.025+0000] {subprocess.py:106} INFO - 25/12/07 20:04:54 INFO SparkContext: Created broadcast 26 from save at <unknown>:0
[2025-12-07T20:04:54.099+0000] {subprocess.py:106} INFO - 25/12/07 20:04:54 INFO FileSourceScanExec: Planning scan with bin packing, max size: 134217728 bytes, open cost is considered as scanning 4194304 bytes.
[2025-12-07T20:04:54.185+0000] {subprocess.py:106} INFO - 25/12/07 20:04:54 INFO SparkContext: Starting job: save at <unknown>:0
[2025-12-07T20:04:54.186+0000] {subprocess.py:106} INFO - 25/12/07 20:04:54 INFO DAGScheduler: Got job 12 (save at <unknown>:0) with 165 output partitions
[2025-12-07T20:04:54.187+0000] {subprocess.py:106} INFO - 25/12/07 20:04:54 INFO DAGScheduler: Final stage: ResultStage 15 (save at <unknown>:0)
[2025-12-07T20:04:54.187+0000] {subprocess.py:106} INFO - 25/12/07 20:04:54 INFO DAGScheduler: Parents of final stage: List()
[2025-12-07T20:04:54.188+0000] {subprocess.py:106} INFO - 25/12/07 20:04:54 INFO DAGScheduler: Missing parents: List()
[2025-12-07T20:04:54.188+0000] {subprocess.py:106} INFO - 25/12/07 20:04:54 INFO DAGScheduler: Submitting ResultStage 15 (MapPartitionsRDD[78] at save at <unknown>:0), which has no missing parents
[2025-12-07T20:04:54.251+0000] {subprocess.py:106} INFO - 25/12/07 20:04:54 INFO MemoryStore: Block broadcast_27 stored as values in memory (estimated size 392.1 KiB, free 428.2 MiB)
[2025-12-07T20:04:54.254+0000] {subprocess.py:106} INFO - 25/12/07 20:04:54 INFO MemoryStore: Block broadcast_27_piece0 stored as bytes in memory (estimated size 141.4 KiB, free 428.1 MiB)
[2025-12-07T20:04:54.255+0000] {subprocess.py:106} INFO - 25/12/07 20:04:54 INFO BlockManagerInfo: Added broadcast_27_piece0 in memory on 13f196131dae:46673 (size: 141.4 KiB, free: 430.3 MiB)
[2025-12-07T20:04:54.256+0000] {subprocess.py:106} INFO - 25/12/07 20:04:54 INFO SparkContext: Created broadcast 27 from broadcast at DAGScheduler.scala:1535
[2025-12-07T20:04:54.256+0000] {subprocess.py:106} INFO - 25/12/07 20:04:54 INFO DAGScheduler: Submitting 165 missing tasks from ResultStage 15 (MapPartitionsRDD[78] at save at <unknown>:0) (first 15 tasks are for partitions Vector(0, 1, 2, 3, 4, 5, 6, 7, 8, 9, 10, 11, 12, 13, 14))
[2025-12-07T20:04:54.257+0000] {subprocess.py:106} INFO - 25/12/07 20:04:54 INFO TaskSchedulerImpl: Adding task set 15.0 with 165 tasks resource profile 0
[2025-12-07T20:04:54.258+0000] {subprocess.py:106} INFO - 25/12/07 20:04:54 INFO TaskSetManager: Starting task 0.0 in stage 15.0 (TID 267) (172.18.0.8, executor 0, partition 0, PROCESS_LOCAL, 13647 bytes)
[2025-12-07T20:04:54.259+0000] {subprocess.py:106} INFO - 25/12/07 20:04:54 INFO TaskSetManager: Starting task 1.0 in stage 15.0 (TID 268) (172.18.0.8, executor 0, partition 1, PROCESS_LOCAL, 13710 bytes)
[2025-12-07T20:04:54.259+0000] {subprocess.py:106} INFO - 25/12/07 20:04:54 INFO TaskSetManager: Starting task 2.0 in stage 15.0 (TID 269) (172.18.0.8, executor 0, partition 2, PROCESS_LOCAL, 13752 bytes)
[2025-12-07T20:04:54.260+0000] {subprocess.py:106} INFO - 25/12/07 20:04:54 INFO TaskSetManager: Starting task 3.0 in stage 15.0 (TID 270) (172.18.0.8, executor 0, partition 3, PROCESS_LOCAL, 13752 bytes)
[2025-12-07T20:04:54.261+0000] {subprocess.py:106} INFO - 25/12/07 20:04:54 INFO TaskSetManager: Starting task 4.0 in stage 15.0 (TID 271) (172.18.0.8, executor 0, partition 4, PROCESS_LOCAL, 13731 bytes)
[2025-12-07T20:04:54.261+0000] {subprocess.py:106} INFO - 25/12/07 20:04:54 INFO TaskSetManager: Starting task 5.0 in stage 15.0 (TID 272) (172.18.0.8, executor 0, partition 5, PROCESS_LOCAL, 13710 bytes)
[2025-12-07T20:04:54.262+0000] {subprocess.py:106} INFO - 25/12/07 20:04:54 INFO TaskSetManager: Starting task 6.0 in stage 15.0 (TID 273) (172.18.0.8, executor 0, partition 6, PROCESS_LOCAL, 13752 bytes)
[2025-12-07T20:04:54.263+0000] {subprocess.py:106} INFO - 25/12/07 20:04:54 INFO TaskSetManager: Starting task 7.0 in stage 15.0 (TID 274) (172.18.0.8, executor 0, partition 7, PROCESS_LOCAL, 13752 bytes)
[2025-12-07T20:04:54.263+0000] {subprocess.py:106} INFO - 25/12/07 20:04:54 INFO TaskSetManager: Starting task 8.0 in stage 15.0 (TID 275) (172.18.0.8, executor 0, partition 8, PROCESS_LOCAL, 13773 bytes)
[2025-12-07T20:04:54.264+0000] {subprocess.py:106} INFO - 25/12/07 20:04:54 INFO TaskSetManager: Starting task 9.0 in stage 15.0 (TID 276) (172.18.0.8, executor 0, partition 9, PROCESS_LOCAL, 13752 bytes)
[2025-12-07T20:04:54.264+0000] {subprocess.py:106} INFO - 25/12/07 20:04:54 INFO TaskSetManager: Starting task 10.0 in stage 15.0 (TID 277) (172.18.0.8, executor 0, partition 10, PROCESS_LOCAL, 13710 bytes)
[2025-12-07T20:04:54.265+0000] {subprocess.py:106} INFO - 25/12/07 20:04:54 INFO TaskSetManager: Starting task 11.0 in stage 15.0 (TID 278) (172.18.0.8, executor 0, partition 11, PROCESS_LOCAL, 13752 bytes)
[2025-12-07T20:04:54.265+0000] {subprocess.py:106} INFO - 25/12/07 20:04:54 INFO TaskSetManager: Starting task 12.0 in stage 15.0 (TID 279) (172.18.0.8, executor 0, partition 12, PROCESS_LOCAL, 13752 bytes)
[2025-12-07T20:04:54.266+0000] {subprocess.py:106} INFO - 25/12/07 20:04:54 INFO TaskSetManager: Starting task 13.0 in stage 15.0 (TID 280) (172.18.0.8, executor 0, partition 13, PROCESS_LOCAL, 13773 bytes)
[2025-12-07T20:04:54.267+0000] {subprocess.py:106} INFO - 25/12/07 20:04:54 INFO TaskSetManager: Starting task 14.0 in stage 15.0 (TID 281) (172.18.0.8, executor 0, partition 14, PROCESS_LOCAL, 13710 bytes)
[2025-12-07T20:04:54.267+0000] {subprocess.py:106} INFO - 25/12/07 20:04:54 INFO TaskSetManager: Starting task 15.0 in stage 15.0 (TID 282) (172.18.0.8, executor 0, partition 15, PROCESS_LOCAL, 13752 bytes)
[2025-12-07T20:04:54.278+0000] {subprocess.py:106} INFO - 25/12/07 20:04:54 INFO BlockManagerInfo: Added broadcast_27_piece0 in memory on 172.18.0.8:33107 (size: 141.4 KiB, free: 431.2 MiB)
[2025-12-07T20:04:54.553+0000] {subprocess.py:106} INFO - 25/12/07 20:04:54 INFO BlockManagerInfo: Added broadcast_25_piece0 in memory on 172.18.0.8:33107 (size: 3.6 MiB, free: 427.6 MiB)
[2025-12-07T20:04:54.651+0000] {subprocess.py:106} INFO - 25/12/07 20:04:54 INFO BlockManagerInfo: Added broadcast_24_piece0 in memory on 172.18.0.8:33107 (size: 34.8 KiB, free: 427.6 MiB)
[2025-12-07T20:04:54.688+0000] {subprocess.py:106} INFO - 25/12/07 20:04:54 INFO BlockManagerInfo: Added broadcast_26_piece0 in memory on 172.18.0.8:33107 (size: 37.0 KiB, free: 427.5 MiB)
[2025-12-07T20:04:59.842+0000] {subprocess.py:106} INFO - 25/12/07 20:04:59 INFO TaskSetManager: Starting task 16.0 in stage 15.0 (TID 283) (172.18.0.8, executor 0, partition 16, PROCESS_LOCAL, 13773 bytes)
[2025-12-07T20:04:59.843+0000] {subprocess.py:106} INFO - 25/12/07 20:04:59 INFO TaskSetManager: Starting task 17.0 in stage 15.0 (TID 284) (172.18.0.8, executor 0, partition 17, PROCESS_LOCAL, 13773 bytes)
[2025-12-07T20:04:59.869+0000] {subprocess.py:106} INFO - 25/12/07 20:04:59 INFO TaskSetManager: Finished task 0.0 in stage 15.0 (TID 267) in 5609 ms on 172.18.0.8 (executor 0) (1/165)
[2025-12-07T20:04:59.875+0000] {subprocess.py:106} INFO - 25/12/07 20:04:59 INFO TaskSetManager: Finished task 5.0 in stage 15.0 (TID 272) in 5614 ms on 172.18.0.8 (executor 0) (2/165)
[2025-12-07T20:04:59.940+0000] {subprocess.py:106} INFO - 25/12/07 20:04:59 INFO TaskSetManager: Starting task 18.0 in stage 15.0 (TID 285) (172.18.0.8, executor 0, partition 18, PROCESS_LOCAL, 13710 bytes)
[2025-12-07T20:04:59.941+0000] {subprocess.py:106} INFO - 25/12/07 20:04:59 INFO TaskSetManager: Finished task 14.0 in stage 15.0 (TID 281) in 5676 ms on 172.18.0.8 (executor 0) (3/165)
[2025-12-07T20:04:59.950+0000] {subprocess.py:106} INFO - 25/12/07 20:04:59 INFO TaskSetManager: Starting task 19.0 in stage 15.0 (TID 286) (172.18.0.8, executor 0, partition 19, PROCESS_LOCAL, 13731 bytes)
[2025-12-07T20:04:59.955+0000] {subprocess.py:106} INFO - 25/12/07 20:04:59 INFO TaskSetManager: Starting task 20.0 in stage 15.0 (TID 287) (172.18.0.8, executor 0, partition 20, PROCESS_LOCAL, 13731 bytes)
[2025-12-07T20:04:59.956+0000] {subprocess.py:106} INFO - 25/12/07 20:04:59 INFO TaskSetManager: Starting task 21.0 in stage 15.0 (TID 288) (172.18.0.8, executor 0, partition 21, PROCESS_LOCAL, 13773 bytes)
[2025-12-07T20:04:59.958+0000] {subprocess.py:106} INFO - 25/12/07 20:04:59 INFO TaskSetManager: Finished task 6.0 in stage 15.0 (TID 273) in 5695 ms on 172.18.0.8 (executor 0) (4/165)
[2025-12-07T20:04:59.960+0000] {subprocess.py:106} INFO - 25/12/07 20:04:59 INFO TaskSetManager: Starting task 22.0 in stage 15.0 (TID 289) (172.18.0.8, executor 0, partition 22, PROCESS_LOCAL, 13731 bytes)
[2025-12-07T20:04:59.964+0000] {subprocess.py:106} INFO - 25/12/07 20:04:59 INFO TaskSetManager: Finished task 15.0 in stage 15.0 (TID 282) in 5700 ms on 172.18.0.8 (executor 0) (5/165)
[2025-12-07T20:04:59.965+0000] {subprocess.py:106} INFO - 25/12/07 20:04:59 INFO TaskSetManager: Finished task 3.0 in stage 15.0 (TID 270) in 5704 ms on 172.18.0.8 (executor 0) (6/165)
[2025-12-07T20:04:59.966+0000] {subprocess.py:106} INFO - 25/12/07 20:04:59 INFO TaskSetManager: Finished task 4.0 in stage 15.0 (TID 271) in 5704 ms on 172.18.0.8 (executor 0) (7/165)
[2025-12-07T20:05:00.036+0000] {subprocess.py:106} INFO - 25/12/07 20:05:00 INFO TaskSetManager: Starting task 23.0 in stage 15.0 (TID 290) (172.18.0.8, executor 0, partition 23, PROCESS_LOCAL, 13773 bytes)
[2025-12-07T20:05:00.042+0000] {subprocess.py:106} INFO - 25/12/07 20:05:00 INFO TaskSetManager: Finished task 9.0 in stage 15.0 (TID 276) in 5774 ms on 172.18.0.8 (executor 0) (8/165)
[2025-12-07T20:05:00.063+0000] {subprocess.py:106} INFO - 25/12/07 20:05:00 INFO TaskSetManager: Starting task 24.0 in stage 15.0 (TID 291) (172.18.0.8, executor 0, partition 24, PROCESS_LOCAL, 13752 bytes)
[2025-12-07T20:05:00.068+0000] {subprocess.py:106} INFO - 25/12/07 20:05:00 INFO TaskSetManager: Finished task 8.0 in stage 15.0 (TID 275) in 5805 ms on 172.18.0.8 (executor 0) (9/165)
[2025-12-07T20:05:00.070+0000] {subprocess.py:106} INFO - 25/12/07 20:05:00 INFO TaskSetManager: Starting task 25.0 in stage 15.0 (TID 292) (172.18.0.8, executor 0, partition 25, PROCESS_LOCAL, 13731 bytes)
[2025-12-07T20:05:00.074+0000] {subprocess.py:106} INFO - 25/12/07 20:05:00 INFO TaskSetManager: Finished task 12.0 in stage 15.0 (TID 279) in 5812 ms on 172.18.0.8 (executor 0) (10/165)
[2025-12-07T20:05:00.078+0000] {subprocess.py:106} INFO - 25/12/07 20:05:00 INFO TaskSetManager: Starting task 26.0 in stage 15.0 (TID 293) (172.18.0.8, executor 0, partition 26, PROCESS_LOCAL, 13773 bytes)
[2025-12-07T20:05:00.081+0000] {subprocess.py:106} INFO - 25/12/07 20:05:00 INFO TaskSetManager: Starting task 27.0 in stage 15.0 (TID 294) (172.18.0.8, executor 0, partition 27, PROCESS_LOCAL, 13731 bytes)
[2025-12-07T20:05:00.084+0000] {subprocess.py:106} INFO - 25/12/07 20:05:00 INFO TaskSetManager: Finished task 10.0 in stage 15.0 (TID 277) in 5822 ms on 172.18.0.8 (executor 0) (11/165)
[2025-12-07T20:05:00.087+0000] {subprocess.py:106} INFO - 25/12/07 20:05:00 INFO TaskSetManager: Finished task 1.0 in stage 15.0 (TID 268) in 5826 ms on 172.18.0.8 (executor 0) (12/165)
[2025-12-07T20:05:00.112+0000] {subprocess.py:106} INFO - 25/12/07 20:05:00 INFO TaskSetManager: Starting task 28.0 in stage 15.0 (TID 295) (172.18.0.8, executor 0, partition 28, PROCESS_LOCAL, 13752 bytes)
[2025-12-07T20:05:00.115+0000] {subprocess.py:106} INFO - 25/12/07 20:05:00 INFO TaskSetManager: Finished task 11.0 in stage 15.0 (TID 278) in 5853 ms on 172.18.0.8 (executor 0) (13/165)
[2025-12-07T20:05:00.149+0000] {subprocess.py:106} INFO - 25/12/07 20:05:00 INFO TaskSetManager: Starting task 29.0 in stage 15.0 (TID 296) (172.18.0.8, executor 0, partition 29, PROCESS_LOCAL, 13731 bytes)
[2025-12-07T20:05:00.150+0000] {subprocess.py:106} INFO - 25/12/07 20:05:00 INFO TaskSetManager: Starting task 30.0 in stage 15.0 (TID 297) (172.18.0.8, executor 0, partition 30, PROCESS_LOCAL, 13752 bytes)
[2025-12-07T20:05:00.154+0000] {subprocess.py:106} INFO - 25/12/07 20:05:00 INFO TaskSetManager: Finished task 13.0 in stage 15.0 (TID 280) in 5886 ms on 172.18.0.8 (executor 0) (14/165)
[2025-12-07T20:05:00.157+0000] {subprocess.py:106} INFO - 25/12/07 20:05:00 INFO TaskSetManager: Finished task 7.0 in stage 15.0 (TID 274) in 5890 ms on 172.18.0.8 (executor 0) (15/165)
[2025-12-07T20:05:00.260+0000] {subprocess.py:106} INFO - 25/12/07 20:05:00 INFO TaskSetManager: Starting task 31.0 in stage 15.0 (TID 298) (172.18.0.8, executor 0, partition 31, PROCESS_LOCAL, 13710 bytes)
[2025-12-07T20:05:00.266+0000] {subprocess.py:106} INFO - 25/12/07 20:05:00 INFO TaskSetManager: Finished task 2.0 in stage 15.0 (TID 269) in 6005 ms on 172.18.0.8 (executor 0) (16/165)
[2025-12-07T20:05:03.731+0000] {subprocess.py:106} INFO - 25/12/07 20:05:03 INFO TaskSetManager: Starting task 32.0 in stage 15.0 (TID 299) (172.18.0.8, executor 0, partition 32, PROCESS_LOCAL, 13773 bytes)
[2025-12-07T20:05:03.733+0000] {subprocess.py:106} INFO - 25/12/07 20:05:03 INFO TaskSetManager: Finished task 21.0 in stage 15.0 (TID 288) in 3780 ms on 172.18.0.8 (executor 0) (17/165)
[2025-12-07T20:05:03.843+0000] {subprocess.py:106} INFO - 25/12/07 20:05:03 INFO TaskSetManager: Starting task 33.0 in stage 15.0 (TID 300) (172.18.0.8, executor 0, partition 33, PROCESS_LOCAL, 13731 bytes)
[2025-12-07T20:05:03.844+0000] {subprocess.py:106} INFO - 25/12/07 20:05:03 INFO TaskSetManager: Finished task 19.0 in stage 15.0 (TID 286) in 3894 ms on 172.18.0.8 (executor 0) (18/165)
[2025-12-07T20:05:03.898+0000] {subprocess.py:106} INFO - 25/12/07 20:05:03 INFO TaskSetManager: Starting task 34.0 in stage 15.0 (TID 301) (172.18.0.8, executor 0, partition 34, PROCESS_LOCAL, 13731 bytes)
[2025-12-07T20:05:03.901+0000] {subprocess.py:106} INFO - 25/12/07 20:05:03 INFO TaskSetManager: Finished task 18.0 in stage 15.0 (TID 285) in 3967 ms on 172.18.0.8 (executor 0) (19/165)
[2025-12-07T20:05:03.926+0000] {subprocess.py:106} INFO - 25/12/07 20:05:03 INFO TaskSetManager: Starting task 35.0 in stage 15.0 (TID 302) (172.18.0.8, executor 0, partition 35, PROCESS_LOCAL, 13689 bytes)
[2025-12-07T20:05:03.929+0000] {subprocess.py:106} INFO - 25/12/07 20:05:03 INFO TaskSetManager: Starting task 36.0 in stage 15.0 (TID 303) (172.18.0.8, executor 0, partition 36, PROCESS_LOCAL, 13773 bytes)
[2025-12-07T20:05:03.930+0000] {subprocess.py:106} INFO - 25/12/07 20:05:03 INFO TaskSetManager: Finished task 31.0 in stage 15.0 (TID 298) in 3666 ms on 172.18.0.8 (executor 0) (20/165)
[2025-12-07T20:05:03.931+0000] {subprocess.py:106} INFO - 25/12/07 20:05:03 INFO TaskSetManager: Finished task 29.0 in stage 15.0 (TID 296) in 3783 ms on 172.18.0.8 (executor 0) (21/165)
[2025-12-07T20:05:03.983+0000] {subprocess.py:106} INFO - 25/12/07 20:05:03 INFO TaskSetManager: Starting task 37.0 in stage 15.0 (TID 304) (172.18.0.8, executor 0, partition 37, PROCESS_LOCAL, 13752 bytes)
[2025-12-07T20:05:03.985+0000] {subprocess.py:106} INFO - 25/12/07 20:05:03 INFO TaskSetManager: Finished task 16.0 in stage 15.0 (TID 283) in 4143 ms on 172.18.0.8 (executor 0) (22/165)
[2025-12-07T20:05:03.987+0000] {subprocess.py:106} INFO - 25/12/07 20:05:03 INFO TaskSetManager: Starting task 38.0 in stage 15.0 (TID 305) (172.18.0.8, executor 0, partition 38, PROCESS_LOCAL, 13773 bytes)
[2025-12-07T20:05:03.989+0000] {subprocess.py:106} INFO - 25/12/07 20:05:03 INFO TaskSetManager: Finished task 20.0 in stage 15.0 (TID 287) in 4037 ms on 172.18.0.8 (executor 0) (23/165)
[2025-12-07T20:05:03.999+0000] {subprocess.py:106} INFO - 25/12/07 20:05:03 INFO TaskSetManager: Starting task 39.0 in stage 15.0 (TID 306) (172.18.0.8, executor 0, partition 39, PROCESS_LOCAL, 13773 bytes)
[2025-12-07T20:05:04.005+0000] {subprocess.py:106} INFO - 25/12/07 20:05:04 INFO TaskSetManager: Finished task 28.0 in stage 15.0 (TID 295) in 3892 ms on 172.18.0.8 (executor 0) (24/165)
[2025-12-07T20:05:04.031+0000] {subprocess.py:106} INFO - 25/12/07 20:05:04 INFO TaskSetManager: Starting task 40.0 in stage 15.0 (TID 307) (172.18.0.8, executor 0, partition 40, PROCESS_LOCAL, 13731 bytes)
[2025-12-07T20:05:04.033+0000] {subprocess.py:106} INFO - 25/12/07 20:05:04 INFO TaskSetManager: Finished task 22.0 in stage 15.0 (TID 289) in 4072 ms on 172.18.0.8 (executor 0) (25/165)
[2025-12-07T20:05:04.037+0000] {subprocess.py:106} INFO - 25/12/07 20:05:04 INFO TaskSetManager: Starting task 41.0 in stage 15.0 (TID 308) (172.18.0.8, executor 0, partition 41, PROCESS_LOCAL, 13752 bytes)
[2025-12-07T20:05:04.039+0000] {subprocess.py:106} INFO - 25/12/07 20:05:04 INFO TaskSetManager: Finished task 17.0 in stage 15.0 (TID 284) in 4195 ms on 172.18.0.8 (executor 0) (26/165)
[2025-12-07T20:05:04.098+0000] {subprocess.py:106} INFO - 25/12/07 20:05:04 INFO TaskSetManager: Starting task 42.0 in stage 15.0 (TID 309) (172.18.0.8, executor 0, partition 42, PROCESS_LOCAL, 13752 bytes)
[2025-12-07T20:05:04.099+0000] {subprocess.py:106} INFO - 25/12/07 20:05:04 INFO TaskSetManager: Finished task 30.0 in stage 15.0 (TID 297) in 3951 ms on 172.18.0.8 (executor 0) (27/165)
[2025-12-07T20:05:04.106+0000] {subprocess.py:106} INFO - 25/12/07 20:05:04 INFO TaskSetManager: Starting task 43.0 in stage 15.0 (TID 310) (172.18.0.8, executor 0, partition 43, PROCESS_LOCAL, 13773 bytes)
[2025-12-07T20:05:04.108+0000] {subprocess.py:106} INFO - 25/12/07 20:05:04 INFO TaskSetManager: Starting task 44.0 in stage 15.0 (TID 311) (172.18.0.8, executor 0, partition 44, PROCESS_LOCAL, 13752 bytes)
[2025-12-07T20:05:04.112+0000] {subprocess.py:106} INFO - 25/12/07 20:05:04 INFO TaskSetManager: Finished task 24.0 in stage 15.0 (TID 291) in 4048 ms on 172.18.0.8 (executor 0) (28/165)
[2025-12-07T20:05:04.116+0000] {subprocess.py:106} INFO - 25/12/07 20:05:04 INFO TaskSetManager: Finished task 23.0 in stage 15.0 (TID 290) in 4084 ms on 172.18.0.8 (executor 0) (29/165)
[2025-12-07T20:05:04.125+0000] {subprocess.py:106} INFO - 25/12/07 20:05:04 INFO TaskSetManager: Starting task 45.0 in stage 15.0 (TID 312) (172.18.0.8, executor 0, partition 45, PROCESS_LOCAL, 13773 bytes)
[2025-12-07T20:05:04.133+0000] {subprocess.py:106} INFO - 25/12/07 20:05:04 INFO TaskSetManager: Finished task 27.0 in stage 15.0 (TID 294) in 4047 ms on 172.18.0.8 (executor 0) (30/165)
[2025-12-07T20:05:04.152+0000] {subprocess.py:106} INFO - 25/12/07 20:05:04 INFO TaskSetManager: Starting task 46.0 in stage 15.0 (TID 313) (172.18.0.8, executor 0, partition 46, PROCESS_LOCAL, 13773 bytes)
[2025-12-07T20:05:04.154+0000] {subprocess.py:106} INFO - 25/12/07 20:05:04 INFO TaskSetManager: Finished task 26.0 in stage 15.0 (TID 293) in 4076 ms on 172.18.0.8 (executor 0) (31/165)
[2025-12-07T20:05:04.160+0000] {subprocess.py:106} INFO - 25/12/07 20:05:04 INFO TaskSetManager: Starting task 47.0 in stage 15.0 (TID 314) (172.18.0.8, executor 0, partition 47, PROCESS_LOCAL, 13752 bytes)
[2025-12-07T20:05:04.161+0000] {subprocess.py:106} INFO - 25/12/07 20:05:04 INFO TaskSetManager: Finished task 25.0 in stage 15.0 (TID 292) in 4089 ms on 172.18.0.8 (executor 0) (32/165)
[2025-12-07T20:05:07.305+0000] {subprocess.py:106} INFO - 25/12/07 20:05:07 INFO TaskSetManager: Starting task 48.0 in stage 15.0 (TID 315) (172.18.0.8, executor 0, partition 48, PROCESS_LOCAL, 13752 bytes)
[2025-12-07T20:05:07.307+0000] {subprocess.py:106} INFO - 25/12/07 20:05:07 INFO TaskSetManager: Finished task 32.0 in stage 15.0 (TID 299) in 3576 ms on 172.18.0.8 (executor 0) (33/165)
[2025-12-07T20:05:07.313+0000] {subprocess.py:106} INFO - 25/12/07 20:05:07 INFO TaskSetManager: Starting task 49.0 in stage 15.0 (TID 316) (172.18.0.8, executor 0, partition 49, PROCESS_LOCAL, 13752 bytes)
[2025-12-07T20:05:07.315+0000] {subprocess.py:106} INFO - 25/12/07 20:05:07 INFO TaskSetManager: Finished task 35.0 in stage 15.0 (TID 302) in 3389 ms on 172.18.0.8 (executor 0) (34/165)
[2025-12-07T20:05:07.416+0000] {subprocess.py:106} INFO - 25/12/07 20:05:07 INFO TaskSetManager: Starting task 50.0 in stage 15.0 (TID 317) (172.18.0.8, executor 0, partition 50, PROCESS_LOCAL, 13752 bytes)
[2025-12-07T20:05:07.419+0000] {subprocess.py:106} INFO - 25/12/07 20:05:07 INFO TaskSetManager: Finished task 33.0 in stage 15.0 (TID 300) in 3576 ms on 172.18.0.8 (executor 0) (35/165)
[2025-12-07T20:05:07.427+0000] {subprocess.py:106} INFO - 25/12/07 20:05:07 INFO TaskSetManager: Starting task 51.0 in stage 15.0 (TID 318) (172.18.0.8, executor 0, partition 51, PROCESS_LOCAL, 13752 bytes)
[2025-12-07T20:05:07.429+0000] {subprocess.py:106} INFO - 25/12/07 20:05:07 INFO TaskSetManager: Finished task 42.0 in stage 15.0 (TID 309) in 3335 ms on 172.18.0.8 (executor 0) (36/165)
[2025-12-07T20:05:07.449+0000] {subprocess.py:106} INFO - 25/12/07 20:05:07 INFO TaskSetManager: Starting task 52.0 in stage 15.0 (TID 319) (172.18.0.8, executor 0, partition 52, PROCESS_LOCAL, 13773 bytes)
[2025-12-07T20:05:07.453+0000] {subprocess.py:106} INFO - 25/12/07 20:05:07 INFO TaskSetManager: Finished task 37.0 in stage 15.0 (TID 304) in 3470 ms on 172.18.0.8 (executor 0) (37/165)
[2025-12-07T20:05:07.463+0000] {subprocess.py:106} INFO - 25/12/07 20:05:07 INFO TaskSetManager: Starting task 53.0 in stage 15.0 (TID 320) (172.18.0.8, executor 0, partition 53, PROCESS_LOCAL, 13731 bytes)
[2025-12-07T20:05:07.467+0000] {subprocess.py:106} INFO - 25/12/07 20:05:07 INFO TaskSetManager: Finished task 34.0 in stage 15.0 (TID 301) in 3569 ms on 172.18.0.8 (executor 0) (38/165)
[2025-12-07T20:05:07.568+0000] {subprocess.py:106} INFO - 25/12/07 20:05:07 INFO TaskSetManager: Starting task 54.0 in stage 15.0 (TID 321) (172.18.0.8, executor 0, partition 54, PROCESS_LOCAL, 13752 bytes)
[2025-12-07T20:05:07.575+0000] {subprocess.py:106} INFO - 25/12/07 20:05:07 INFO TaskSetManager: Finished task 40.0 in stage 15.0 (TID 307) in 3543 ms on 172.18.0.8 (executor 0) (39/165)
[2025-12-07T20:05:07.589+0000] {subprocess.py:106} INFO - 25/12/07 20:05:07 INFO TaskSetManager: Starting task 55.0 in stage 15.0 (TID 322) (172.18.0.8, executor 0, partition 55, PROCESS_LOCAL, 13710 bytes)
[2025-12-07T20:05:07.593+0000] {subprocess.py:106} INFO - 25/12/07 20:05:07 INFO TaskSetManager: Finished task 47.0 in stage 15.0 (TID 314) in 3434 ms on 172.18.0.8 (executor 0) (40/165)
[2025-12-07T20:05:07.613+0000] {subprocess.py:106} INFO - 25/12/07 20:05:07 INFO TaskSetManager: Starting task 56.0 in stage 15.0 (TID 323) (172.18.0.8, executor 0, partition 56, PROCESS_LOCAL, 13752 bytes)
[2025-12-07T20:05:07.617+0000] {subprocess.py:106} INFO - 25/12/07 20:05:07 INFO TaskSetManager: Finished task 43.0 in stage 15.0 (TID 310) in 3512 ms on 172.18.0.8 (executor 0) (41/165)
[2025-12-07T20:05:07.626+0000] {subprocess.py:106} INFO - 25/12/07 20:05:07 INFO TaskSetManager: Starting task 57.0 in stage 15.0 (TID 324) (172.18.0.8, executor 0, partition 57, PROCESS_LOCAL, 13752 bytes)
[2025-12-07T20:05:07.629+0000] {subprocess.py:106} INFO - 25/12/07 20:05:07 INFO TaskSetManager: Finished task 41.0 in stage 15.0 (TID 308) in 3591 ms on 172.18.0.8 (executor 0) (42/165)
[2025-12-07T20:05:07.642+0000] {subprocess.py:106} INFO - 25/12/07 20:05:07 INFO TaskSetManager: Starting task 58.0 in stage 15.0 (TID 325) (172.18.0.8, executor 0, partition 58, PROCESS_LOCAL, 13752 bytes)
[2025-12-07T20:05:07.645+0000] {subprocess.py:106} INFO - 25/12/07 20:05:07 INFO TaskSetManager: Finished task 38.0 in stage 15.0 (TID 305) in 3659 ms on 172.18.0.8 (executor 0) (43/165)
[2025-12-07T20:05:07.672+0000] {subprocess.py:106} INFO - 25/12/07 20:05:07 INFO TaskSetManager: Starting task 59.0 in stage 15.0 (TID 326) (172.18.0.8, executor 0, partition 59, PROCESS_LOCAL, 13731 bytes)
[2025-12-07T20:05:07.673+0000] {subprocess.py:106} INFO - 25/12/07 20:05:07 INFO TaskSetManager: Finished task 39.0 in stage 15.0 (TID 306) in 3675 ms on 172.18.0.8 (executor 0) (44/165)
[2025-12-07T20:05:07.691+0000] {subprocess.py:106} INFO - 25/12/07 20:05:07 INFO TaskSetManager: Starting task 60.0 in stage 15.0 (TID 327) (172.18.0.8, executor 0, partition 60, PROCESS_LOCAL, 13752 bytes)
[2025-12-07T20:05:07.693+0000] {subprocess.py:106} INFO - 25/12/07 20:05:07 INFO TaskSetManager: Finished task 44.0 in stage 15.0 (TID 311) in 3585 ms on 172.18.0.8 (executor 0) (45/165)
[2025-12-07T20:05:07.718+0000] {subprocess.py:106} INFO - 25/12/07 20:05:07 INFO TaskSetManager: Starting task 61.0 in stage 15.0 (TID 328) (172.18.0.8, executor 0, partition 61, PROCESS_LOCAL, 13752 bytes)
[2025-12-07T20:05:07.719+0000] {subprocess.py:106} INFO - 25/12/07 20:05:07 INFO TaskSetManager: Finished task 36.0 in stage 15.0 (TID 303) in 3794 ms on 172.18.0.8 (executor 0) (46/165)
[2025-12-07T20:05:07.759+0000] {subprocess.py:106} INFO - 25/12/07 20:05:07 INFO TaskSetManager: Starting task 62.0 in stage 15.0 (TID 329) (172.18.0.8, executor 0, partition 62, PROCESS_LOCAL, 13752 bytes)
[2025-12-07T20:05:07.761+0000] {subprocess.py:106} INFO - 25/12/07 20:05:07 INFO TaskSetManager: Finished task 46.0 in stage 15.0 (TID 313) in 3608 ms on 172.18.0.8 (executor 0) (47/165)
[2025-12-07T20:05:07.866+0000] {subprocess.py:106} INFO - 25/12/07 20:05:07 INFO TaskSetManager: Starting task 63.0 in stage 15.0 (TID 330) (172.18.0.8, executor 0, partition 63, PROCESS_LOCAL, 13752 bytes)
[2025-12-07T20:05:07.869+0000] {subprocess.py:106} INFO - 25/12/07 20:05:07 INFO TaskSetManager: Finished task 45.0 in stage 15.0 (TID 312) in 3744 ms on 172.18.0.8 (executor 0) (48/165)
[2025-12-07T20:05:10.775+0000] {subprocess.py:106} INFO - 25/12/07 20:05:10 INFO TaskSetManager: Starting task 64.0 in stage 15.0 (TID 331) (172.18.0.8, executor 0, partition 64, PROCESS_LOCAL, 13773 bytes)
[2025-12-07T20:05:10.777+0000] {subprocess.py:106} INFO - 25/12/07 20:05:10 INFO TaskSetManager: Finished task 49.0 in stage 15.0 (TID 316) in 3461 ms on 172.18.0.8 (executor 0) (49/165)
[2025-12-07T20:05:10.804+0000] {subprocess.py:106} INFO - 25/12/07 20:05:10 INFO TaskSetManager: Starting task 65.0 in stage 15.0 (TID 332) (172.18.0.8, executor 0, partition 65, PROCESS_LOCAL, 13752 bytes)
[2025-12-07T20:05:10.808+0000] {subprocess.py:106} INFO - 25/12/07 20:05:10 INFO TaskSetManager: Finished task 48.0 in stage 15.0 (TID 315) in 3503 ms on 172.18.0.8 (executor 0) (50/165)
[2025-12-07T20:05:10.858+0000] {subprocess.py:106} INFO - 25/12/07 20:05:10 INFO TaskSetManager: Starting task 66.0 in stage 15.0 (TID 333) (172.18.0.8, executor 0, partition 66, PROCESS_LOCAL, 13752 bytes)
[2025-12-07T20:05:10.861+0000] {subprocess.py:106} INFO - 25/12/07 20:05:10 INFO TaskSetManager: Finished task 55.0 in stage 15.0 (TID 322) in 3275 ms on 172.18.0.8 (executor 0) (51/165)
[2025-12-07T20:05:10.871+0000] {subprocess.py:106} INFO - 25/12/07 20:05:10 INFO TaskSetManager: Starting task 67.0 in stage 15.0 (TID 334) (172.18.0.8, executor 0, partition 67, PROCESS_LOCAL, 13752 bytes)
[2025-12-07T20:05:10.875+0000] {subprocess.py:106} INFO - 25/12/07 20:05:10 INFO TaskSetManager: Finished task 54.0 in stage 15.0 (TID 321) in 3305 ms on 172.18.0.8 (executor 0) (52/165)
[2025-12-07T20:05:10.988+0000] {subprocess.py:106} INFO - 25/12/07 20:05:10 INFO TaskSetManager: Starting task 68.0 in stage 15.0 (TID 335) (172.18.0.8, executor 0, partition 68, PROCESS_LOCAL, 13710 bytes)
[2025-12-07T20:05:10.990+0000] {subprocess.py:106} INFO - 25/12/07 20:05:10 INFO TaskSetManager: Starting task 69.0 in stage 15.0 (TID 336) (172.18.0.8, executor 0, partition 69, PROCESS_LOCAL, 13731 bytes)
[2025-12-07T20:05:10.992+0000] {subprocess.py:106} INFO - 25/12/07 20:05:10 INFO TaskSetManager: Finished task 50.0 in stage 15.0 (TID 317) in 3573 ms on 172.18.0.8 (executor 0) (53/165)
[2025-12-07T20:05:10.995+0000] {subprocess.py:106} INFO - 25/12/07 20:05:10 INFO TaskSetManager: Finished task 53.0 in stage 15.0 (TID 320) in 3527 ms on 172.18.0.8 (executor 0) (54/165)
[2025-12-07T20:05:11.010+0000] {subprocess.py:106} INFO - 25/12/07 20:05:11 INFO TaskSetManager: Starting task 70.0 in stage 15.0 (TID 337) (172.18.0.8, executor 0, partition 70, PROCESS_LOCAL, 13752 bytes)
[2025-12-07T20:05:11.013+0000] {subprocess.py:106} INFO - 25/12/07 20:05:11 INFO TaskSetManager: Finished task 51.0 in stage 15.0 (TID 318) in 3588 ms on 172.18.0.8 (executor 0) (55/165)
[2025-12-07T20:05:11.043+0000] {subprocess.py:106} INFO - 25/12/07 20:05:11 INFO TaskSetManager: Starting task 71.0 in stage 15.0 (TID 338) (172.18.0.8, executor 0, partition 71, PROCESS_LOCAL, 13773 bytes)
[2025-12-07T20:05:11.048+0000] {subprocess.py:106} INFO - 25/12/07 20:05:11 INFO TaskSetManager: Finished task 58.0 in stage 15.0 (TID 325) in 3417 ms on 172.18.0.8 (executor 0) (56/165)
[2025-12-07T20:05:11.085+0000] {subprocess.py:106} INFO - 25/12/07 20:05:11 INFO TaskSetManager: Starting task 72.0 in stage 15.0 (TID 339) (172.18.0.8, executor 0, partition 72, PROCESS_LOCAL, 13752 bytes)
[2025-12-07T20:05:11.087+0000] {subprocess.py:106} INFO - 25/12/07 20:05:11 INFO TaskSetManager: Finished task 52.0 in stage 15.0 (TID 319) in 3638 ms on 172.18.0.8 (executor 0) (57/165)
[2025-12-07T20:05:11.100+0000] {subprocess.py:106} INFO - 25/12/07 20:05:11 INFO TaskSetManager: Starting task 73.0 in stage 15.0 (TID 340) (172.18.0.8, executor 0, partition 73, PROCESS_LOCAL, 13731 bytes)
[2025-12-07T20:05:11.102+0000] {subprocess.py:106} INFO - 25/12/07 20:05:11 INFO TaskSetManager: Finished task 61.0 in stage 15.0 (TID 328) in 3386 ms on 172.18.0.8 (executor 0) (58/165)
[2025-12-07T20:05:11.121+0000] {subprocess.py:106} INFO - 25/12/07 20:05:11 INFO TaskSetManager: Starting task 74.0 in stage 15.0 (TID 341) (172.18.0.8, executor 0, partition 74, PROCESS_LOCAL, 13773 bytes)
[2025-12-07T20:05:11.122+0000] {subprocess.py:106} INFO - 25/12/07 20:05:11 INFO TaskSetManager: Finished task 59.0 in stage 15.0 (TID 326) in 3449 ms on 172.18.0.8 (executor 0) (59/165)
[2025-12-07T20:05:11.139+0000] {subprocess.py:106} INFO - 25/12/07 20:05:11 INFO TaskSetManager: Starting task 75.0 in stage 15.0 (TID 342) (172.18.0.8, executor 0, partition 75, PROCESS_LOCAL, 13731 bytes)
[2025-12-07T20:05:11.141+0000] {subprocess.py:106} INFO - 25/12/07 20:05:11 INFO TaskSetManager: Finished task 57.0 in stage 15.0 (TID 324) in 3518 ms on 172.18.0.8 (executor 0) (60/165)
[2025-12-07T20:05:11.179+0000] {subprocess.py:106} INFO - 25/12/07 20:05:11 INFO TaskSetManager: Starting task 76.0 in stage 15.0 (TID 343) (172.18.0.8, executor 0, partition 76, PROCESS_LOCAL, 13731 bytes)
[2025-12-07T20:05:11.183+0000] {subprocess.py:106} INFO - 25/12/07 20:05:11 INFO TaskSetManager: Finished task 62.0 in stage 15.0 (TID 329) in 3424 ms on 172.18.0.8 (executor 0) (61/165)
[2025-12-07T20:05:11.223+0000] {subprocess.py:106} INFO - 25/12/07 20:05:11 INFO TaskSetManager: Starting task 77.0 in stage 15.0 (TID 344) (172.18.0.8, executor 0, partition 77, PROCESS_LOCAL, 13731 bytes)
[2025-12-07T20:05:11.227+0000] {subprocess.py:106} INFO - 25/12/07 20:05:11 INFO TaskSetManager: Finished task 60.0 in stage 15.0 (TID 327) in 3534 ms on 172.18.0.8 (executor 0) (62/165)
[2025-12-07T20:05:11.313+0000] {subprocess.py:106} INFO - 25/12/07 20:05:11 INFO TaskSetManager: Starting task 78.0 in stage 15.0 (TID 345) (172.18.0.8, executor 0, partition 78, PROCESS_LOCAL, 13773 bytes)
[2025-12-07T20:05:11.316+0000] {subprocess.py:106} INFO - 25/12/07 20:05:11 INFO TaskSetManager: Finished task 56.0 in stage 15.0 (TID 323) in 3701 ms on 172.18.0.8 (executor 0) (63/165)
[2025-12-07T20:05:11.426+0000] {subprocess.py:106} INFO - 25/12/07 20:05:11 INFO TaskSetManager: Starting task 79.0 in stage 15.0 (TID 346) (172.18.0.8, executor 0, partition 79, PROCESS_LOCAL, 13689 bytes)
[2025-12-07T20:05:11.430+0000] {subprocess.py:106} INFO - 25/12/07 20:05:11 INFO TaskSetManager: Finished task 63.0 in stage 15.0 (TID 330) in 3563 ms on 172.18.0.8 (executor 0) (64/165)
[2025-12-07T20:05:14.126+0000] {subprocess.py:106} INFO - 25/12/07 20:05:14 INFO TaskSetManager: Starting task 80.0 in stage 15.0 (TID 347) (172.18.0.8, executor 0, partition 80, PROCESS_LOCAL, 13773 bytes)
[2025-12-07T20:05:14.133+0000] {subprocess.py:106} INFO - 25/12/07 20:05:14 INFO TaskSetManager: Finished task 66.0 in stage 15.0 (TID 333) in 3271 ms on 172.18.0.8 (executor 0) (65/165)
[2025-12-07T20:05:14.174+0000] {subprocess.py:106} INFO - 25/12/07 20:05:14 INFO TaskSetManager: Starting task 81.0 in stage 15.0 (TID 348) (172.18.0.8, executor 0, partition 81, PROCESS_LOCAL, 13710 bytes)
[2025-12-07T20:05:14.176+0000] {subprocess.py:106} INFO - 25/12/07 20:05:14 INFO TaskSetManager: Finished task 68.0 in stage 15.0 (TID 335) in 3190 ms on 172.18.0.8 (executor 0) (66/165)
[2025-12-07T20:05:14.178+0000] {subprocess.py:106} INFO - 25/12/07 20:05:14 INFO TaskSetManager: Starting task 82.0 in stage 15.0 (TID 349) (172.18.0.8, executor 0, partition 82, PROCESS_LOCAL, 13689 bytes)
[2025-12-07T20:05:14.181+0000] {subprocess.py:106} INFO - 25/12/07 20:05:14 INFO TaskSetManager: Finished task 70.0 in stage 15.0 (TID 337) in 3170 ms on 172.18.0.8 (executor 0) (67/165)
[2025-12-07T20:05:14.226+0000] {subprocess.py:106} INFO - 25/12/07 20:05:14 INFO TaskSetManager: Starting task 83.0 in stage 15.0 (TID 350) (172.18.0.8, executor 0, partition 83, PROCESS_LOCAL, 13731 bytes)
[2025-12-07T20:05:14.227+0000] {subprocess.py:106} INFO - 25/12/07 20:05:14 INFO TaskSetManager: Finished task 69.0 in stage 15.0 (TID 336) in 3241 ms on 172.18.0.8 (executor 0) (68/165)
[2025-12-07T20:05:14.260+0000] {subprocess.py:106} INFO - 25/12/07 20:05:14 INFO TaskSetManager: Starting task 84.0 in stage 15.0 (TID 351) (172.18.0.8, executor 0, partition 84, PROCESS_LOCAL, 13752 bytes)
[2025-12-07T20:05:14.261+0000] {subprocess.py:106} INFO - 25/12/07 20:05:14 INFO TaskSetManager: Finished task 73.0 in stage 15.0 (TID 340) in 3159 ms on 172.18.0.8 (executor 0) (69/165)
[2025-12-07T20:05:14.263+0000] {subprocess.py:106} INFO - 25/12/07 20:05:14 INFO TaskSetManager: Starting task 85.0 in stage 15.0 (TID 352) (172.18.0.8, executor 0, partition 85, PROCESS_LOCAL, 13752 bytes)
[2025-12-07T20:05:14.264+0000] {subprocess.py:106} INFO - 25/12/07 20:05:14 INFO TaskSetManager: Finished task 67.0 in stage 15.0 (TID 334) in 3393 ms on 172.18.0.8 (executor 0) (70/165)
[2025-12-07T20:05:14.267+0000] {subprocess.py:106} INFO - 25/12/07 20:05:14 INFO TaskSetManager: Starting task 86.0 in stage 15.0 (TID 353) (172.18.0.8, executor 0, partition 86, PROCESS_LOCAL, 13731 bytes)
[2025-12-07T20:05:14.271+0000] {subprocess.py:106} INFO - 25/12/07 20:05:14 INFO TaskSetManager: Finished task 72.0 in stage 15.0 (TID 339) in 3187 ms on 172.18.0.8 (executor 0) (71/165)
[2025-12-07T20:05:14.352+0000] {subprocess.py:106} INFO - 25/12/07 20:05:14 INFO TaskSetManager: Starting task 87.0 in stage 15.0 (TID 354) (172.18.0.8, executor 0, partition 87, PROCESS_LOCAL, 13752 bytes)
[2025-12-07T20:05:14.354+0000] {subprocess.py:106} INFO - 25/12/07 20:05:14 INFO TaskSetManager: Starting task 88.0 in stage 15.0 (TID 355) (172.18.0.8, executor 0, partition 88, PROCESS_LOCAL, 13752 bytes)
[2025-12-07T20:05:14.356+0000] {subprocess.py:106} INFO - 25/12/07 20:05:14 INFO TaskSetManager: Finished task 71.0 in stage 15.0 (TID 338) in 3311 ms on 172.18.0.8 (executor 0) (72/165)
[2025-12-07T20:05:14.358+0000] {subprocess.py:106} INFO - 25/12/07 20:05:14 INFO TaskSetManager: Finished task 65.0 in stage 15.0 (TID 332) in 3552 ms on 172.18.0.8 (executor 0) (73/165)
[2025-12-07T20:05:14.389+0000] {subprocess.py:106} INFO - 25/12/07 20:05:14 INFO TaskSetManager: Starting task 89.0 in stage 15.0 (TID 356) (172.18.0.8, executor 0, partition 89, PROCESS_LOCAL, 13773 bytes)
[2025-12-07T20:05:14.393+0000] {subprocess.py:106} INFO - 25/12/07 20:05:14 INFO TaskSetManager: Finished task 79.0 in stage 15.0 (TID 346) in 2967 ms on 172.18.0.8 (executor 0) (74/165)
[2025-12-07T20:05:14.432+0000] {subprocess.py:106} INFO - 25/12/07 20:05:14 INFO TaskSetManager: Starting task 90.0 in stage 15.0 (TID 357) (172.18.0.8, executor 0, partition 90, PROCESS_LOCAL, 13752 bytes)
[2025-12-07T20:05:14.435+0000] {subprocess.py:106} INFO - 25/12/07 20:05:14 INFO TaskSetManager: Finished task 77.0 in stage 15.0 (TID 344) in 3213 ms on 172.18.0.8 (executor 0) (75/165)
[2025-12-07T20:05:14.472+0000] {subprocess.py:106} INFO - 25/12/07 20:05:14 INFO TaskSetManager: Starting task 91.0 in stage 15.0 (TID 358) (172.18.0.8, executor 0, partition 91, PROCESS_LOCAL, 13731 bytes)
[2025-12-07T20:05:14.474+0000] {subprocess.py:106} INFO - 25/12/07 20:05:14 INFO TaskSetManager: Finished task 64.0 in stage 15.0 (TID 331) in 3703 ms on 172.18.0.8 (executor 0) (76/165)
[2025-12-07T20:05:14.558+0000] {subprocess.py:106} INFO - 25/12/07 20:05:14 INFO TaskSetManager: Starting task 92.0 in stage 15.0 (TID 359) (172.18.0.8, executor 0, partition 92, PROCESS_LOCAL, 13752 bytes)
[2025-12-07T20:05:14.560+0000] {subprocess.py:106} INFO - 25/12/07 20:05:14 INFO TaskSetManager: Finished task 78.0 in stage 15.0 (TID 345) in 3248 ms on 172.18.0.8 (executor 0) (77/165)
[2025-12-07T20:05:14.568+0000] {subprocess.py:106} INFO - 25/12/07 20:05:14 INFO TaskSetManager: Starting task 93.0 in stage 15.0 (TID 360) (172.18.0.8, executor 0, partition 93, PROCESS_LOCAL, 13773 bytes)
[2025-12-07T20:05:14.573+0000] {subprocess.py:106} INFO - 25/12/07 20:05:14 INFO TaskSetManager: Finished task 74.0 in stage 15.0 (TID 341) in 3454 ms on 172.18.0.8 (executor 0) (78/165)
[2025-12-07T20:05:14.600+0000] {subprocess.py:106} INFO - 25/12/07 20:05:14 INFO TaskSetManager: Starting task 94.0 in stage 15.0 (TID 361) (172.18.0.8, executor 0, partition 94, PROCESS_LOCAL, 13752 bytes)
[2025-12-07T20:05:14.602+0000] {subprocess.py:106} INFO - 25/12/07 20:05:14 INFO TaskSetManager: Finished task 75.0 in stage 15.0 (TID 342) in 3463 ms on 172.18.0.8 (executor 0) (79/165)
[2025-12-07T20:05:14.649+0000] {subprocess.py:106} INFO - 25/12/07 20:05:14 INFO TaskSetManager: Starting task 95.0 in stage 15.0 (TID 362) (172.18.0.8, executor 0, partition 95, PROCESS_LOCAL, 13689 bytes)
[2025-12-07T20:05:14.651+0000] {subprocess.py:106} INFO - 25/12/07 20:05:14 INFO TaskSetManager: Finished task 76.0 in stage 15.0 (TID 343) in 3472 ms on 172.18.0.8 (executor 0) (80/165)
[2025-12-07T20:05:17.237+0000] {subprocess.py:106} INFO - 25/12/07 20:05:17 INFO TaskSetManager: Starting task 96.0 in stage 15.0 (TID 363) (172.18.0.8, executor 0, partition 96, PROCESS_LOCAL, 13731 bytes)
[2025-12-07T20:05:17.238+0000] {subprocess.py:106} INFO - 25/12/07 20:05:17 INFO TaskSetManager: Finished task 82.0 in stage 15.0 (TID 349) in 3060 ms on 172.18.0.8 (executor 0) (81/165)
[2025-12-07T20:05:17.369+0000] {subprocess.py:106} INFO - 25/12/07 20:05:17 INFO TaskSetManager: Starting task 97.0 in stage 15.0 (TID 364) (172.18.0.8, executor 0, partition 97, PROCESS_LOCAL, 13731 bytes)
[2025-12-07T20:05:17.371+0000] {subprocess.py:106} INFO - 25/12/07 20:05:17 INFO TaskSetManager: Starting task 98.0 in stage 15.0 (TID 365) (172.18.0.8, executor 0, partition 98, PROCESS_LOCAL, 13752 bytes)
[2025-12-07T20:05:17.373+0000] {subprocess.py:106} INFO - 25/12/07 20:05:17 INFO TaskSetManager: Finished task 83.0 in stage 15.0 (TID 350) in 3146 ms on 172.18.0.8 (executor 0) (82/165)
[2025-12-07T20:05:17.374+0000] {subprocess.py:106} INFO - 25/12/07 20:05:17 INFO TaskSetManager: Finished task 80.0 in stage 15.0 (TID 347) in 3249 ms on 172.18.0.8 (executor 0) (83/165)
[2025-12-07T20:05:17.400+0000] {subprocess.py:106} INFO - 25/12/07 20:05:17 INFO TaskSetManager: Starting task 99.0 in stage 15.0 (TID 366) (172.18.0.8, executor 0, partition 99, PROCESS_LOCAL, 13752 bytes)
[2025-12-07T20:05:17.401+0000] {subprocess.py:106} INFO - 25/12/07 20:05:17 INFO TaskSetManager: Finished task 81.0 in stage 15.0 (TID 348) in 3226 ms on 172.18.0.8 (executor 0) (84/165)
[2025-12-07T20:05:17.439+0000] {subprocess.py:106} INFO - 25/12/07 20:05:17 INFO TaskSetManager: Starting task 100.0 in stage 15.0 (TID 367) (172.18.0.8, executor 0, partition 100, PROCESS_LOCAL, 13731 bytes)
[2025-12-07T20:05:17.440+0000] {subprocess.py:106} INFO - 25/12/07 20:05:17 INFO TaskSetManager: Finished task 86.0 in stage 15.0 (TID 353) in 3174 ms on 172.18.0.8 (executor 0) (85/165)
[2025-12-07T20:05:17.526+0000] {subprocess.py:106} INFO - 25/12/07 20:05:17 INFO TaskSetManager: Starting task 101.0 in stage 15.0 (TID 368) (172.18.0.8, executor 0, partition 101, PROCESS_LOCAL, 13773 bytes)
[2025-12-07T20:05:17.528+0000] {subprocess.py:106} INFO - 25/12/07 20:05:17 INFO TaskSetManager: Finished task 88.0 in stage 15.0 (TID 355) in 3177 ms on 172.18.0.8 (executor 0) (86/165)
[2025-12-07T20:05:17.574+0000] {subprocess.py:106} INFO - 25/12/07 20:05:17 INFO TaskSetManager: Starting task 102.0 in stage 15.0 (TID 369) (172.18.0.8, executor 0, partition 102, PROCESS_LOCAL, 13773 bytes)
[2025-12-07T20:05:17.578+0000] {subprocess.py:106} INFO - 25/12/07 20:05:17 INFO TaskSetManager: Finished task 84.0 in stage 15.0 (TID 351) in 3320 ms on 172.18.0.8 (executor 0) (87/165)
[2025-12-07T20:05:17.618+0000] {subprocess.py:106} INFO - 25/12/07 20:05:17 INFO TaskSetManager: Starting task 103.0 in stage 15.0 (TID 370) (172.18.0.8, executor 0, partition 103, PROCESS_LOCAL, 13752 bytes)
[2025-12-07T20:05:17.627+0000] {subprocess.py:106} INFO - 25/12/07 20:05:17 INFO TaskSetManager: Finished task 90.0 in stage 15.0 (TID 357) in 3194 ms on 172.18.0.8 (executor 0) (88/165)
[2025-12-07T20:05:17.629+0000] {subprocess.py:106} INFO - 25/12/07 20:05:17 INFO TaskSetManager: Starting task 104.0 in stage 15.0 (TID 371) (172.18.0.8, executor 0, partition 104, PROCESS_LOCAL, 13752 bytes)
[2025-12-07T20:05:17.630+0000] {subprocess.py:106} INFO - 25/12/07 20:05:17 INFO TaskSetManager: Finished task 85.0 in stage 15.0 (TID 352) in 3368 ms on 172.18.0.8 (executor 0) (89/165)
[2025-12-07T20:05:17.634+0000] {subprocess.py:106} INFO - 25/12/07 20:05:17 INFO TaskSetManager: Starting task 105.0 in stage 15.0 (TID 372) (172.18.0.8, executor 0, partition 105, PROCESS_LOCAL, 13773 bytes)
[2025-12-07T20:05:17.637+0000] {subprocess.py:106} INFO - 25/12/07 20:05:17 INFO TaskSetManager: Finished task 93.0 in stage 15.0 (TID 360) in 3068 ms on 172.18.0.8 (executor 0) (90/165)
[2025-12-07T20:05:17.673+0000] {subprocess.py:106} INFO - 25/12/07 20:05:17 INFO TaskSetManager: Starting task 106.0 in stage 15.0 (TID 373) (172.18.0.8, executor 0, partition 106, PROCESS_LOCAL, 13752 bytes)
[2025-12-07T20:05:17.680+0000] {subprocess.py:106} INFO - 25/12/07 20:05:17 INFO TaskSetManager: Finished task 92.0 in stage 15.0 (TID 359) in 3119 ms on 172.18.0.8 (executor 0) (91/165)
[2025-12-07T20:05:17.715+0000] {subprocess.py:106} INFO - 25/12/07 20:05:17 INFO TaskSetManager: Starting task 107.0 in stage 15.0 (TID 374) (172.18.0.8, executor 0, partition 107, PROCESS_LOCAL, 13710 bytes)
[2025-12-07T20:05:17.727+0000] {subprocess.py:106} INFO - 25/12/07 20:05:17 INFO TaskSetManager: Finished task 95.0 in stage 15.0 (TID 362) in 3071 ms on 172.18.0.8 (executor 0) (92/165)
[2025-12-07T20:05:17.731+0000] {subprocess.py:106} INFO - 25/12/07 20:05:17 INFO TaskSetManager: Starting task 108.0 in stage 15.0 (TID 375) (172.18.0.8, executor 0, partition 108, PROCESS_LOCAL, 13773 bytes)
[2025-12-07T20:05:17.732+0000] {subprocess.py:106} INFO - 25/12/07 20:05:17 INFO TaskSetManager: Finished task 87.0 in stage 15.0 (TID 354) in 3373 ms on 172.18.0.8 (executor 0) (93/165)
[2025-12-07T20:05:17.734+0000] {subprocess.py:106} INFO - 25/12/07 20:05:17 INFO TaskSetManager: Starting task 109.0 in stage 15.0 (TID 376) (172.18.0.8, executor 0, partition 109, PROCESS_LOCAL, 13773 bytes)
[2025-12-07T20:05:17.736+0000] {subprocess.py:106} INFO - 25/12/07 20:05:17 INFO TaskSetManager: Finished task 91.0 in stage 15.0 (TID 358) in 3257 ms on 172.18.0.8 (executor 0) (94/165)
[2025-12-07T20:05:17.753+0000] {subprocess.py:106} INFO - 25/12/07 20:05:17 INFO TaskSetManager: Starting task 110.0 in stage 15.0 (TID 377) (172.18.0.8, executor 0, partition 110, PROCESS_LOCAL, 13731 bytes)
[2025-12-07T20:05:17.760+0000] {subprocess.py:106} INFO - 25/12/07 20:05:17 INFO TaskSetManager: Finished task 89.0 in stage 15.0 (TID 356) in 3373 ms on 172.18.0.8 (executor 0) (95/165)
[2025-12-07T20:05:17.873+0000] {subprocess.py:106} INFO - 25/12/07 20:05:17 INFO TaskSetManager: Starting task 111.0 in stage 15.0 (TID 378) (172.18.0.8, executor 0, partition 111, PROCESS_LOCAL, 13731 bytes)
[2025-12-07T20:05:17.874+0000] {subprocess.py:106} INFO - 25/12/07 20:05:17 INFO TaskSetManager: Finished task 94.0 in stage 15.0 (TID 361) in 3276 ms on 172.18.0.8 (executor 0) (96/165)
[2025-12-07T20:05:20.482+0000] {subprocess.py:106} INFO - 25/12/07 20:05:20 INFO TaskSetManager: Starting task 112.0 in stage 15.0 (TID 379) (172.18.0.8, executor 0, partition 112, PROCESS_LOCAL, 13773 bytes)
[2025-12-07T20:05:20.485+0000] {subprocess.py:106} INFO - 25/12/07 20:05:20 INFO TaskSetManager: Finished task 96.0 in stage 15.0 (TID 363) in 3249 ms on 172.18.0.8 (executor 0) (97/165)
[2025-12-07T20:05:20.649+0000] {subprocess.py:106} INFO - 25/12/07 20:05:20 INFO TaskSetManager: Starting task 113.0 in stage 15.0 (TID 380) (172.18.0.8, executor 0, partition 113, PROCESS_LOCAL, 13752 bytes)
[2025-12-07T20:05:20.651+0000] {subprocess.py:106} INFO - 25/12/07 20:05:20 INFO TaskSetManager: Finished task 98.0 in stage 15.0 (TID 365) in 3280 ms on 172.18.0.8 (executor 0) (98/165)
[2025-12-07T20:05:20.698+0000] {subprocess.py:106} INFO - 25/12/07 20:05:20 INFO TaskSetManager: Starting task 114.0 in stage 15.0 (TID 381) (172.18.0.8, executor 0, partition 114, PROCESS_LOCAL, 13752 bytes)
[2025-12-07T20:05:20.701+0000] {subprocess.py:106} INFO - 25/12/07 20:05:20 INFO TaskSetManager: Finished task 97.0 in stage 15.0 (TID 364) in 3334 ms on 172.18.0.8 (executor 0) (99/165)
[2025-12-07T20:05:20.851+0000] {subprocess.py:106} INFO - 25/12/07 20:05:20 INFO TaskSetManager: Starting task 115.0 in stage 15.0 (TID 382) (172.18.0.8, executor 0, partition 115, PROCESS_LOCAL, 13752 bytes)
[2025-12-07T20:05:20.852+0000] {subprocess.py:106} INFO - 25/12/07 20:05:20 INFO TaskSetManager: Finished task 99.0 in stage 15.0 (TID 366) in 3455 ms on 172.18.0.8 (executor 0) (100/165)
[2025-12-07T20:05:21.035+0000] {subprocess.py:106} INFO - 25/12/07 20:05:21 INFO TaskSetManager: Starting task 116.0 in stage 15.0 (TID 383) (172.18.0.8, executor 0, partition 116, PROCESS_LOCAL, 13752 bytes)
[2025-12-07T20:05:21.040+0000] {subprocess.py:106} INFO - 25/12/07 20:05:21 INFO TaskSetManager: Finished task 106.0 in stage 15.0 (TID 373) in 3369 ms on 172.18.0.8 (executor 0) (101/165)
[2025-12-07T20:05:21.049+0000] {subprocess.py:106} INFO - 25/12/07 20:05:21 INFO TaskSetManager: Starting task 117.0 in stage 15.0 (TID 384) (172.18.0.8, executor 0, partition 117, PROCESS_LOCAL, 13752 bytes)
[2025-12-07T20:05:21.053+0000] {subprocess.py:106} INFO - 25/12/07 20:05:21 INFO TaskSetManager: Finished task 107.0 in stage 15.0 (TID 374) in 3337 ms on 172.18.0.8 (executor 0) (102/165)
[2025-12-07T20:05:21.058+0000] {subprocess.py:106} INFO - 25/12/07 20:05:21 INFO TaskSetManager: Starting task 118.0 in stage 15.0 (TID 385) (172.18.0.8, executor 0, partition 118, PROCESS_LOCAL, 13773 bytes)
[2025-12-07T20:05:21.062+0000] {subprocess.py:106} INFO - 25/12/07 20:05:21 INFO TaskSetManager: Finished task 100.0 in stage 15.0 (TID 367) in 3621 ms on 172.18.0.8 (executor 0) (103/165)
[2025-12-07T20:05:21.063+0000] {subprocess.py:106} INFO - 25/12/07 20:05:21 INFO TaskSetManager: Starting task 119.0 in stage 15.0 (TID 386) (172.18.0.8, executor 0, partition 119, PROCESS_LOCAL, 13773 bytes)
[2025-12-07T20:05:21.065+0000] {subprocess.py:106} INFO - 25/12/07 20:05:21 INFO TaskSetManager: Finished task 103.0 in stage 15.0 (TID 370) in 3448 ms on 172.18.0.8 (executor 0) (104/165)
[2025-12-07T20:05:21.139+0000] {subprocess.py:106} INFO - 25/12/07 20:05:21 INFO TaskSetManager: Starting task 120.0 in stage 15.0 (TID 387) (172.18.0.8, executor 0, partition 120, PROCESS_LOCAL, 13752 bytes)
[2025-12-07T20:05:21.143+0000] {subprocess.py:106} INFO - 25/12/07 20:05:21 INFO TaskSetManager: Finished task 105.0 in stage 15.0 (TID 372) in 3511 ms on 172.18.0.8 (executor 0) (105/165)
[2025-12-07T20:05:21.148+0000] {subprocess.py:106} INFO - 25/12/07 20:05:21 INFO TaskSetManager: Starting task 121.0 in stage 15.0 (TID 388) (172.18.0.8, executor 0, partition 121, PROCESS_LOCAL, 13752 bytes)
[2025-12-07T20:05:21.154+0000] {subprocess.py:106} INFO - 25/12/07 20:05:21 INFO TaskSetManager: Finished task 101.0 in stage 15.0 (TID 368) in 3627 ms on 172.18.0.8 (executor 0) (106/165)
[2025-12-07T20:05:21.166+0000] {subprocess.py:106} INFO - 25/12/07 20:05:21 INFO TaskSetManager: Starting task 122.0 in stage 15.0 (TID 389) (172.18.0.8, executor 0, partition 122, PROCESS_LOCAL, 13773 bytes)
[2025-12-07T20:05:21.167+0000] {subprocess.py:106} INFO - 25/12/07 20:05:21 INFO TaskSetManager: Finished task 102.0 in stage 15.0 (TID 369) in 3593 ms on 172.18.0.8 (executor 0) (107/165)
[2025-12-07T20:05:21.169+0000] {subprocess.py:106} INFO - 25/12/07 20:05:21 INFO TaskSetManager: Starting task 123.0 in stage 15.0 (TID 390) (172.18.0.8, executor 0, partition 123, PROCESS_LOCAL, 13752 bytes)
[2025-12-07T20:05:21.182+0000] {subprocess.py:106} INFO - 25/12/07 20:05:21 INFO TaskSetManager: Finished task 104.0 in stage 15.0 (TID 371) in 3556 ms on 172.18.0.8 (executor 0) (108/165)
[2025-12-07T20:05:21.199+0000] {subprocess.py:106} INFO - 25/12/07 20:05:21 INFO TaskSetManager: Starting task 124.0 in stage 15.0 (TID 391) (172.18.0.8, executor 0, partition 124, PROCESS_LOCAL, 13752 bytes)
[2025-12-07T20:05:21.200+0000] {subprocess.py:106} INFO - 25/12/07 20:05:21 INFO TaskSetManager: Starting task 125.0 in stage 15.0 (TID 392) (172.18.0.8, executor 0, partition 125, PROCESS_LOCAL, 13731 bytes)
[2025-12-07T20:05:21.208+0000] {subprocess.py:106} INFO - 25/12/07 20:05:21 INFO TaskSetManager: Finished task 109.0 in stage 15.0 (TID 376) in 3477 ms on 172.18.0.8 (executor 0) (109/165)
[2025-12-07T20:05:21.211+0000] {subprocess.py:106} INFO - 25/12/07 20:05:21 INFO TaskSetManager: Finished task 108.0 in stage 15.0 (TID 375) in 3485 ms on 172.18.0.8 (executor 0) (110/165)
[2025-12-07T20:05:21.233+0000] {subprocess.py:106} INFO - 25/12/07 20:05:21 INFO TaskSetManager: Starting task 126.0 in stage 15.0 (TID 393) (172.18.0.8, executor 0, partition 126, PROCESS_LOCAL, 13752 bytes)
[2025-12-07T20:05:21.236+0000] {subprocess.py:106} INFO - 25/12/07 20:05:21 INFO TaskSetManager: Finished task 111.0 in stage 15.0 (TID 378) in 3361 ms on 172.18.0.8 (executor 0) (111/165)
[2025-12-07T20:05:21.294+0000] {subprocess.py:106} INFO - 25/12/07 20:05:21 INFO TaskSetManager: Starting task 127.0 in stage 15.0 (TID 394) (172.18.0.8, executor 0, partition 127, PROCESS_LOCAL, 13710 bytes)
[2025-12-07T20:05:21.296+0000] {subprocess.py:106} INFO - 25/12/07 20:05:21 INFO TaskSetManager: Finished task 110.0 in stage 15.0 (TID 377) in 3545 ms on 172.18.0.8 (executor 0) (112/165)
[2025-12-07T20:05:23.652+0000] {subprocess.py:106} INFO - 25/12/07 20:05:23 INFO TaskSetManager: Starting task 128.0 in stage 15.0 (TID 395) (172.18.0.8, executor 0, partition 128, PROCESS_LOCAL, 13731 bytes)
[2025-12-07T20:05:23.654+0000] {subprocess.py:106} INFO - 25/12/07 20:05:23 INFO TaskSetManager: Finished task 113.0 in stage 15.0 (TID 380) in 3006 ms on 172.18.0.8 (executor 0) (113/165)
[2025-12-07T20:05:23.834+0000] {subprocess.py:106} INFO - 25/12/07 20:05:23 INFO TaskSetManager: Starting task 129.0 in stage 15.0 (TID 396) (172.18.0.8, executor 0, partition 129, PROCESS_LOCAL, 13731 bytes)
[2025-12-07T20:05:23.846+0000] {subprocess.py:106} INFO - 25/12/07 20:05:23 INFO TaskSetManager: Finished task 112.0 in stage 15.0 (TID 379) in 3359 ms on 172.18.0.8 (executor 0) (114/165)
[2025-12-07T20:05:23.977+0000] {subprocess.py:106} INFO - 25/12/07 20:05:23 INFO TaskSetManager: Starting task 130.0 in stage 15.0 (TID 397) (172.18.0.8, executor 0, partition 130, PROCESS_LOCAL, 13689 bytes)
[2025-12-07T20:05:23.979+0000] {subprocess.py:106} INFO - 25/12/07 20:05:23 INFO TaskSetManager: Finished task 114.0 in stage 15.0 (TID 381) in 3278 ms on 172.18.0.8 (executor 0) (115/165)
[2025-12-07T20:05:24.111+0000] {subprocess.py:106} INFO - 25/12/07 20:05:24 INFO TaskSetManager: Starting task 131.0 in stage 15.0 (TID 398) (172.18.0.8, executor 0, partition 131, PROCESS_LOCAL, 13731 bytes)
[2025-12-07T20:05:24.112+0000] {subprocess.py:106} INFO - 25/12/07 20:05:24 INFO TaskSetManager: Finished task 115.0 in stage 15.0 (TID 382) in 3260 ms on 172.18.0.8 (executor 0) (116/165)
[2025-12-07T20:05:24.171+0000] {subprocess.py:106} INFO - 25/12/07 20:05:24 INFO TaskSetManager: Starting task 132.0 in stage 15.0 (TID 399) (172.18.0.8, executor 0, partition 132, PROCESS_LOCAL, 13773 bytes)
[2025-12-07T20:05:24.174+0000] {subprocess.py:106} INFO - 25/12/07 20:05:24 INFO TaskSetManager: Finished task 116.0 in stage 15.0 (TID 383) in 3139 ms on 172.18.0.8 (executor 0) (117/165)
[2025-12-07T20:05:24.181+0000] {subprocess.py:106} INFO - 25/12/07 20:05:24 INFO TaskSetManager: Starting task 133.0 in stage 15.0 (TID 400) (172.18.0.8, executor 0, partition 133, PROCESS_LOCAL, 13773 bytes)
[2025-12-07T20:05:24.184+0000] {subprocess.py:106} INFO - 25/12/07 20:05:24 INFO TaskSetManager: Finished task 117.0 in stage 15.0 (TID 384) in 3135 ms on 172.18.0.8 (executor 0) (118/165)
[2025-12-07T20:05:24.268+0000] {subprocess.py:106} INFO - 25/12/07 20:05:24 INFO TaskSetManager: Starting task 134.0 in stage 15.0 (TID 401) (172.18.0.8, executor 0, partition 134, PROCESS_LOCAL, 13731 bytes)
[2025-12-07T20:05:24.271+0000] {subprocess.py:106} INFO - 25/12/07 20:05:24 INFO TaskSetManager: Finished task 127.0 in stage 15.0 (TID 394) in 2975 ms on 172.18.0.8 (executor 0) (119/165)
[2025-12-07T20:05:24.276+0000] {subprocess.py:106} INFO - 25/12/07 20:05:24 INFO TaskSetManager: Starting task 135.0 in stage 15.0 (TID 402) (172.18.0.8, executor 0, partition 135, PROCESS_LOCAL, 13731 bytes)
[2025-12-07T20:05:24.279+0000] {subprocess.py:106} INFO - 25/12/07 20:05:24 INFO TaskSetManager: Finished task 118.0 in stage 15.0 (TID 385) in 3222 ms on 172.18.0.8 (executor 0) (120/165)
[2025-12-07T20:05:24.290+0000] {subprocess.py:106} INFO - 25/12/07 20:05:24 INFO TaskSetManager: Starting task 136.0 in stage 15.0 (TID 403) (172.18.0.8, executor 0, partition 136, PROCESS_LOCAL, 13773 bytes)
[2025-12-07T20:05:24.292+0000] {subprocess.py:106} INFO - 25/12/07 20:05:24 INFO TaskSetManager: Finished task 122.0 in stage 15.0 (TID 389) in 3128 ms on 172.18.0.8 (executor 0) (121/165)
[2025-12-07T20:05:24.356+0000] {subprocess.py:106} INFO - 25/12/07 20:05:24 INFO TaskSetManager: Starting task 137.0 in stage 15.0 (TID 404) (172.18.0.8, executor 0, partition 137, PROCESS_LOCAL, 13752 bytes)
[2025-12-07T20:05:24.358+0000] {subprocess.py:106} INFO - 25/12/07 20:05:24 INFO TaskSetManager: Finished task 120.0 in stage 15.0 (TID 387) in 3221 ms on 172.18.0.8 (executor 0) (122/165)
[2025-12-07T20:05:24.371+0000] {subprocess.py:106} INFO - 25/12/07 20:05:24 INFO TaskSetManager: Starting task 138.0 in stage 15.0 (TID 405) (172.18.0.8, executor 0, partition 138, PROCESS_LOCAL, 13752 bytes)
[2025-12-07T20:05:24.373+0000] {subprocess.py:106} INFO - 25/12/07 20:05:24 INFO TaskSetManager: Finished task 124.0 in stage 15.0 (TID 391) in 3173 ms on 172.18.0.8 (executor 0) (123/165)
[2025-12-07T20:05:24.467+0000] {subprocess.py:106} INFO - 25/12/07 20:05:24 INFO TaskSetManager: Starting task 139.0 in stage 15.0 (TID 406) (172.18.0.8, executor 0, partition 139, PROCESS_LOCAL, 13731 bytes)
[2025-12-07T20:05:24.469+0000] {subprocess.py:106} INFO - 25/12/07 20:05:24 INFO TaskSetManager: Starting task 140.0 in stage 15.0 (TID 407) (172.18.0.8, executor 0, partition 140, PROCESS_LOCAL, 13689 bytes)
[2025-12-07T20:05:24.470+0000] {subprocess.py:106} INFO - 25/12/07 20:05:24 INFO TaskSetManager: Finished task 125.0 in stage 15.0 (TID 392) in 3269 ms on 172.18.0.8 (executor 0) (124/165)
[2025-12-07T20:05:24.471+0000] {subprocess.py:106} INFO - 25/12/07 20:05:24 INFO TaskSetManager: Finished task 119.0 in stage 15.0 (TID 386) in 3410 ms on 172.18.0.8 (executor 0) (125/165)
[2025-12-07T20:05:24.545+0000] {subprocess.py:106} INFO - 25/12/07 20:05:24 INFO TaskSetManager: Starting task 141.0 in stage 15.0 (TID 408) (172.18.0.8, executor 0, partition 141, PROCESS_LOCAL, 13731 bytes)
[2025-12-07T20:05:24.546+0000] {subprocess.py:106} INFO - 25/12/07 20:05:24 INFO TaskSetManager: Finished task 121.0 in stage 15.0 (TID 388) in 3394 ms on 172.18.0.8 (executor 0) (126/165)
[2025-12-07T20:05:24.635+0000] {subprocess.py:106} INFO - 25/12/07 20:05:24 INFO TaskSetManager: Starting task 142.0 in stage 15.0 (TID 409) (172.18.0.8, executor 0, partition 142, PROCESS_LOCAL, 13689 bytes)
[2025-12-07T20:05:24.645+0000] {subprocess.py:106} INFO - 25/12/07 20:05:24 INFO TaskSetManager: Finished task 126.0 in stage 15.0 (TID 393) in 3413 ms on 172.18.0.8 (executor 0) (127/165)
[2025-12-07T20:05:24.646+0000] {subprocess.py:106} INFO - 25/12/07 20:05:24 INFO TaskSetManager: Starting task 143.0 in stage 15.0 (TID 410) (172.18.0.8, executor 0, partition 143, PROCESS_LOCAL, 13689 bytes)
[2025-12-07T20:05:24.651+0000] {subprocess.py:106} INFO - 25/12/07 20:05:24 INFO TaskSetManager: Finished task 123.0 in stage 15.0 (TID 390) in 3481 ms on 172.18.0.8 (executor 0) (128/165)
[2025-12-07T20:05:26.773+0000] {subprocess.py:106} INFO - 25/12/07 20:05:26 INFO TaskSetManager: Starting task 144.0 in stage 15.0 (TID 411) (172.18.0.8, executor 0, partition 144, PROCESS_LOCAL, 13626 bytes)
[2025-12-07T20:05:26.775+0000] {subprocess.py:106} INFO - 25/12/07 20:05:26 INFO TaskSetManager: Finished task 130.0 in stage 15.0 (TID 397) in 2798 ms on 172.18.0.8 (executor 0) (129/165)
[2025-12-07T20:05:26.779+0000] {subprocess.py:106} INFO - 25/12/07 20:05:26 INFO TaskSetManager: Starting task 145.0 in stage 15.0 (TID 412) (172.18.0.8, executor 0, partition 145, PROCESS_LOCAL, 13668 bytes)
[2025-12-07T20:05:26.780+0000] {subprocess.py:106} INFO - 25/12/07 20:05:26 INFO TaskSetManager: Finished task 128.0 in stage 15.0 (TID 395) in 3126 ms on 172.18.0.8 (executor 0) (130/165)
[2025-12-07T20:05:27.030+0000] {subprocess.py:106} INFO - 25/12/07 20:05:27 INFO TaskSetManager: Starting task 146.0 in stage 15.0 (TID 413) (172.18.0.8, executor 0, partition 146, PROCESS_LOCAL, 13731 bytes)
[2025-12-07T20:05:27.033+0000] {subprocess.py:106} INFO - 25/12/07 20:05:27 INFO TaskSetManager: Finished task 129.0 in stage 15.0 (TID 396) in 3201 ms on 172.18.0.8 (executor 0) (131/165)
[2025-12-07T20:05:27.115+0000] {subprocess.py:106} INFO - 25/12/07 20:05:27 INFO TaskSetManager: Starting task 147.0 in stage 15.0 (TID 414) (172.18.0.8, executor 0, partition 147, PROCESS_LOCAL, 13710 bytes)
[2025-12-07T20:05:27.117+0000] {subprocess.py:106} INFO - 25/12/07 20:05:27 INFO TaskSetManager: Finished task 131.0 in stage 15.0 (TID 398) in 3010 ms on 172.18.0.8 (executor 0) (132/165)
[2025-12-07T20:05:27.201+0000] {subprocess.py:106} INFO - 25/12/07 20:05:27 INFO TaskSetManager: Starting task 148.0 in stage 15.0 (TID 415) (172.18.0.8, executor 0, partition 148, PROCESS_LOCAL, 13668 bytes)
[2025-12-07T20:05:27.202+0000] {subprocess.py:106} INFO - 25/12/07 20:05:27 INFO TaskSetManager: Finished task 134.0 in stage 15.0 (TID 401) in 2937 ms on 172.18.0.8 (executor 0) (133/165)
[2025-12-07T20:05:27.229+0000] {subprocess.py:106} INFO - 25/12/07 20:05:27 INFO TaskSetManager: Starting task 149.0 in stage 15.0 (TID 416) (172.18.0.8, executor 0, partition 149, PROCESS_LOCAL, 13668 bytes)
[2025-12-07T20:05:27.231+0000] {subprocess.py:106} INFO - 25/12/07 20:05:27 INFO TaskSetManager: Finished task 140.0 in stage 15.0 (TID 407) in 2762 ms on 172.18.0.8 (executor 0) (134/165)
[2025-12-07T20:05:27.270+0000] {subprocess.py:106} INFO - 25/12/07 20:05:27 INFO TaskSetManager: Starting task 150.0 in stage 15.0 (TID 417) (172.18.0.8, executor 0, partition 150, PROCESS_LOCAL, 13710 bytes)
[2025-12-07T20:05:27.271+0000] {subprocess.py:106} INFO - 25/12/07 20:05:27 INFO TaskSetManager: Finished task 135.0 in stage 15.0 (TID 402) in 2996 ms on 172.18.0.8 (executor 0) (135/165)
[2025-12-07T20:05:27.330+0000] {subprocess.py:106} INFO - 25/12/07 20:05:27 INFO TaskSetManager: Starting task 151.0 in stage 15.0 (TID 418) (172.18.0.8, executor 0, partition 151, PROCESS_LOCAL, 13689 bytes)
[2025-12-07T20:05:27.332+0000] {subprocess.py:106} INFO - 25/12/07 20:05:27 INFO TaskSetManager: Finished task 137.0 in stage 15.0 (TID 404) in 2975 ms on 172.18.0.8 (executor 0) (136/165)
[2025-12-07T20:05:27.418+0000] {subprocess.py:106} INFO - 25/12/07 20:05:27 INFO TaskSetManager: Starting task 152.0 in stage 15.0 (TID 419) (172.18.0.8, executor 0, partition 152, PROCESS_LOCAL, 13773 bytes)
[2025-12-07T20:05:27.419+0000] {subprocess.py:106} INFO - 25/12/07 20:05:27 INFO TaskSetManager: Finished task 132.0 in stage 15.0 (TID 399) in 3246 ms on 172.18.0.8 (executor 0) (137/165)
[2025-12-07T20:05:27.432+0000] {subprocess.py:106} INFO - 25/12/07 20:05:27 INFO TaskSetManager: Starting task 153.0 in stage 15.0 (TID 420) (172.18.0.8, executor 0, partition 153, PROCESS_LOCAL, 13626 bytes)
[2025-12-07T20:05:27.434+0000] {subprocess.py:106} INFO - 25/12/07 20:05:27 INFO TaskSetManager: Finished task 138.0 in stage 15.0 (TID 405) in 3064 ms on 172.18.0.8 (executor 0) (138/165)
[2025-12-07T20:05:27.439+0000] {subprocess.py:106} INFO - 25/12/07 20:05:27 INFO TaskSetManager: Starting task 154.0 in stage 15.0 (TID 421) (172.18.0.8, executor 0, partition 154, PROCESS_LOCAL, 13731 bytes)
[2025-12-07T20:05:27.442+0000] {subprocess.py:106} INFO - 25/12/07 20:05:27 INFO TaskSetManager: Finished task 133.0 in stage 15.0 (TID 400) in 3260 ms on 172.18.0.8 (executor 0) (139/165)
[2025-12-07T20:05:27.457+0000] {subprocess.py:106} INFO - 25/12/07 20:05:27 INFO TaskSetManager: Starting task 155.0 in stage 15.0 (TID 422) (172.18.0.8, executor 0, partition 155, PROCESS_LOCAL, 13710 bytes)
[2025-12-07T20:05:27.460+0000] {subprocess.py:106} INFO - 25/12/07 20:05:27 INFO TaskSetManager: Finished task 142.0 in stage 15.0 (TID 409) in 2827 ms on 172.18.0.8 (executor 0) (140/165)
[2025-12-07T20:05:27.511+0000] {subprocess.py:106} INFO - 25/12/07 20:05:27 INFO TaskSetManager: Starting task 156.0 in stage 15.0 (TID 423) (172.18.0.8, executor 0, partition 156, PROCESS_LOCAL, 13689 bytes)
[2025-12-07T20:05:27.514+0000] {subprocess.py:106} INFO - 25/12/07 20:05:27 INFO TaskSetManager: Finished task 143.0 in stage 15.0 (TID 410) in 2867 ms on 172.18.0.8 (executor 0) (141/165)
[2025-12-07T20:05:27.515+0000] {subprocess.py:106} INFO - 25/12/07 20:05:27 INFO TaskSetManager: Starting task 157.0 in stage 15.0 (TID 424) (172.18.0.8, executor 0, partition 157, PROCESS_LOCAL, 13731 bytes)
[2025-12-07T20:05:27.518+0000] {subprocess.py:106} INFO - 25/12/07 20:05:27 INFO TaskSetManager: Finished task 139.0 in stage 15.0 (TID 406) in 3055 ms on 172.18.0.8 (executor 0) (142/165)
[2025-12-07T20:05:27.602+0000] {subprocess.py:106} INFO - 25/12/07 20:05:27 INFO TaskSetManager: Starting task 158.0 in stage 15.0 (TID 425) (172.18.0.8, executor 0, partition 158, PROCESS_LOCAL, 13647 bytes)
[2025-12-07T20:05:27.605+0000] {subprocess.py:106} INFO - 25/12/07 20:05:27 INFO TaskSetManager: Finished task 136.0 in stage 15.0 (TID 403) in 3314 ms on 172.18.0.8 (executor 0) (143/165)
[2025-12-07T20:05:27.607+0000] {subprocess.py:106} INFO - 25/12/07 20:05:27 INFO TaskSetManager: Starting task 159.0 in stage 15.0 (TID 426) (172.18.0.8, executor 0, partition 159, PROCESS_LOCAL, 13668 bytes)
[2025-12-07T20:05:27.609+0000] {subprocess.py:106} INFO - 25/12/07 20:05:27 INFO TaskSetManager: Finished task 141.0 in stage 15.0 (TID 408) in 3067 ms on 172.18.0.8 (executor 0) (144/165)
[2025-12-07T20:05:29.303+0000] {subprocess.py:106} INFO - 25/12/07 20:05:29 INFO TaskSetManager: Starting task 160.0 in stage 15.0 (TID 427) (172.18.0.8, executor 0, partition 160, PROCESS_LOCAL, 13626 bytes)
[2025-12-07T20:05:29.304+0000] {subprocess.py:106} INFO - 25/12/07 20:05:29 INFO TaskSetManager: Finished task 144.0 in stage 15.0 (TID 411) in 2536 ms on 172.18.0.8 (executor 0) (145/165)
[2025-12-07T20:05:29.607+0000] {subprocess.py:106} INFO - 25/12/07 20:05:29 INFO TaskSetManager: Starting task 161.0 in stage 15.0 (TID 428) (172.18.0.8, executor 0, partition 161, PROCESS_LOCAL, 13626 bytes)
[2025-12-07T20:05:29.610+0000] {subprocess.py:106} INFO - 25/12/07 20:05:29 INFO TaskSetManager: Finished task 145.0 in stage 15.0 (TID 412) in 2832 ms on 172.18.0.8 (executor 0) (146/165)
[2025-12-07T20:05:30.060+0000] {subprocess.py:106} INFO - 25/12/07 20:05:30 INFO TaskSetManager: Starting task 162.0 in stage 15.0 (TID 429) (172.18.0.8, executor 0, partition 162, PROCESS_LOCAL, 13647 bytes)
[2025-12-07T20:05:30.063+0000] {subprocess.py:106} INFO - 25/12/07 20:05:30 INFO TaskSetManager: Finished task 147.0 in stage 15.0 (TID 414) in 2947 ms on 172.18.0.8 (executor 0) (147/165)
[2025-12-07T20:05:30.073+0000] {subprocess.py:106} INFO - 25/12/07 20:05:30 INFO TaskSetManager: Starting task 163.0 in stage 15.0 (TID 430) (172.18.0.8, executor 0, partition 163, PROCESS_LOCAL, 13689 bytes)
[2025-12-07T20:05:30.077+0000] {subprocess.py:106} INFO - 25/12/07 20:05:30 INFO TaskSetManager: Finished task 146.0 in stage 15.0 (TID 413) in 3045 ms on 172.18.0.8 (executor 0) (148/165)
[2025-12-07T20:05:30.117+0000] {subprocess.py:106} INFO - 25/12/07 20:05:30 INFO TaskSetManager: Starting task 164.0 in stage 15.0 (TID 431) (172.18.0.8, executor 0, partition 164, PROCESS_LOCAL, 13317 bytes)
[2025-12-07T20:05:30.119+0000] {subprocess.py:106} INFO - 25/12/07 20:05:30 INFO TaskSetManager: Finished task 148.0 in stage 15.0 (TID 415) in 2918 ms on 172.18.0.8 (executor 0) (149/165)
[2025-12-07T20:05:30.251+0000] {subprocess.py:106} INFO - 25/12/07 20:05:30 INFO TaskSetManager: Finished task 149.0 in stage 15.0 (TID 416) in 3023 ms on 172.18.0.8 (executor 0) (150/165)
[2025-12-07T20:05:30.256+0000] {subprocess.py:106} INFO - 25/12/07 20:05:30 INFO TaskSetManager: Finished task 153.0 in stage 15.0 (TID 420) in 2824 ms on 172.18.0.8 (executor 0) (151/165)
[2025-12-07T20:05:30.266+0000] {subprocess.py:106} INFO - 25/12/07 20:05:30 INFO TaskSetManager: Finished task 150.0 in stage 15.0 (TID 417) in 2998 ms on 172.18.0.8 (executor 0) (152/165)
[2025-12-07T20:05:30.320+0000] {subprocess.py:106} INFO - 25/12/07 20:05:30 INFO TaskSetManager: Finished task 151.0 in stage 15.0 (TID 418) in 2991 ms on 172.18.0.8 (executor 0) (153/165)
[2025-12-07T20:05:30.415+0000] {subprocess.py:106} INFO - 25/12/07 20:05:30 INFO TaskSetManager: Finished task 154.0 in stage 15.0 (TID 421) in 2976 ms on 172.18.0.8 (executor 0) (154/165)
[2025-12-07T20:05:30.445+0000] {subprocess.py:106} INFO - 25/12/07 20:05:30 INFO TaskSetManager: Finished task 155.0 in stage 15.0 (TID 422) in 2988 ms on 172.18.0.8 (executor 0) (155/165)
[2025-12-07T20:05:30.457+0000] {subprocess.py:106} INFO - 25/12/07 20:05:30 INFO TaskSetManager: Finished task 159.0 in stage 15.0 (TID 426) in 2851 ms on 172.18.0.8 (executor 0) (156/165)
[2025-12-07T20:05:30.473+0000] {subprocess.py:106} INFO - 25/12/07 20:05:30 INFO TaskSetManager: Finished task 152.0 in stage 15.0 (TID 419) in 3058 ms on 172.18.0.8 (executor 0) (157/165)
[2025-12-07T20:05:30.475+0000] {subprocess.py:106} INFO - 25/12/07 20:05:30 INFO TaskSetManager: Finished task 158.0 in stage 15.0 (TID 425) in 2875 ms on 172.18.0.8 (executor 0) (158/165)
[2025-12-07T20:05:30.523+0000] {subprocess.py:106} INFO - 25/12/07 20:05:30 INFO TaskSetManager: Finished task 157.0 in stage 15.0 (TID 424) in 3009 ms on 172.18.0.8 (executor 0) (159/165)
[2025-12-07T20:05:30.541+0000] {subprocess.py:106} INFO - 25/12/07 20:05:30 INFO TaskSetManager: Finished task 156.0 in stage 15.0 (TID 423) in 3032 ms on 172.18.0.8 (executor 0) (160/165)
[2025-12-07T20:05:31.320+0000] {subprocess.py:106} INFO - 25/12/07 20:05:31 INFO TaskSetManager: Finished task 160.0 in stage 15.0 (TID 427) in 2018 ms on 172.18.0.8 (executor 0) (161/165)
[2025-12-07T20:05:31.409+0000] {subprocess.py:106} INFO - 25/12/07 20:05:31 INFO TaskSetManager: Finished task 161.0 in stage 15.0 (TID 428) in 1804 ms on 172.18.0.8 (executor 0) (162/165)
[2025-12-07T20:05:31.544+0000] {subprocess.py:106} INFO - 25/12/07 20:05:31 INFO TaskSetManager: Finished task 164.0 in stage 15.0 (TID 431) in 1428 ms on 172.18.0.8 (executor 0) (163/165)
[2025-12-07T20:05:31.663+0000] {subprocess.py:106} INFO - 25/12/07 20:05:31 INFO TaskSetManager: Finished task 163.0 in stage 15.0 (TID 430) in 1591 ms on 172.18.0.8 (executor 0) (164/165)
[2025-12-07T20:05:31.698+0000] {subprocess.py:106} INFO - 25/12/07 20:05:31 INFO TaskSetManager: Finished task 162.0 in stage 15.0 (TID 429) in 1639 ms on 172.18.0.8 (executor 0) (165/165)
[2025-12-07T20:05:31.699+0000] {subprocess.py:106} INFO - 25/12/07 20:05:31 INFO TaskSchedulerImpl: Removed TaskSet 15.0, whose tasks have all completed, from pool
[2025-12-07T20:05:31.699+0000] {subprocess.py:106} INFO - 25/12/07 20:05:31 INFO DAGScheduler: ResultStage 15 (save at <unknown>:0) finished in 37.507 s
[2025-12-07T20:05:31.700+0000] {subprocess.py:106} INFO - 25/12/07 20:05:31 INFO DAGScheduler: Job 12 is finished. Cancelling potential speculative or zombie tasks for this job
[2025-12-07T20:05:31.701+0000] {subprocess.py:106} INFO - 25/12/07 20:05:31 INFO TaskSchedulerImpl: Killing all running tasks in stage 15: Stage finished
[2025-12-07T20:05:31.701+0000] {subprocess.py:106} INFO - 25/12/07 20:05:31 INFO DAGScheduler: Job 12 finished: save at <unknown>:0, took 37.519289 s
[2025-12-07T20:05:31.702+0000] {subprocess.py:106} INFO - 25/12/07 20:05:31 INFO FileFormatWriter: Start to commit write Job ec5250fb-caf3-4b93-a26c-8660d6e32da4.
[2025-12-07T20:05:31.707+0000] {subprocess.py:106} INFO - 25/12/07 20:05:31 INFO FileFormatWriter: Write Job ec5250fb-caf3-4b93-a26c-8660d6e32da4 committed. Elapsed time: 4 ms.
[2025-12-07T20:05:31.717+0000] {subprocess.py:106} INFO - 25/12/07 20:05:31 INFO FileFormatWriter: Finished processing stats for write job ec5250fb-caf3-4b93-a26c-8660d6e32da4.
[2025-12-07T20:05:31.952+0000] {subprocess.py:106} INFO - 25/12/07 20:05:31 INFO Snapshot: [tableId=0c019af0-eb78-4898-b436-bf8b6d282e3f] DELTA: Compute snapshot for version: 0
[2025-12-07T20:05:31.955+0000] {subprocess.py:106} INFO - 25/12/07 20:05:31 INFO MemoryStore: Block broadcast_28 stored as values in memory (estimated size 212.1 KiB, free 427.9 MiB)
[2025-12-07T20:05:31.962+0000] {subprocess.py:106} INFO - 25/12/07 20:05:31 INFO MemoryStore: Block broadcast_28_piece0 stored as bytes in memory (estimated size 36.2 KiB, free 427.8 MiB)
[2025-12-07T20:05:31.963+0000] {subprocess.py:106} INFO - 25/12/07 20:05:31 INFO BlockManagerInfo: Added broadcast_28_piece0 in memory on 13f196131dae:46673 (size: 36.2 KiB, free: 430.3 MiB)
[2025-12-07T20:05:31.963+0000] {subprocess.py:106} INFO - 25/12/07 20:05:31 INFO SparkContext: Created broadcast 28 from $anonfun$recordDeltaOperationInternal$1 at DatabricksLogging.scala:128
[2025-12-07T20:05:32.129+0000] {subprocess.py:106} INFO - 25/12/07 20:05:32 INFO FileSourceStrategy: Pushed Filters:
[2025-12-07T20:05:32.129+0000] {subprocess.py:106} INFO - 25/12/07 20:05:32 INFO FileSourceStrategy: Post-Scan Filters:
[2025-12-07T20:05:32.188+0000] {subprocess.py:106} INFO - 25/12/07 20:05:32 INFO MemoryStore: Block broadcast_29 stored as values in memory (estimated size 212.7 KiB, free 427.6 MiB)
[2025-12-07T20:05:32.195+0000] {subprocess.py:106} INFO - 25/12/07 20:05:32 INFO MemoryStore: Block broadcast_29_piece0 stored as bytes in memory (estimated size 36.3 KiB, free 427.6 MiB)
[2025-12-07T20:05:32.196+0000] {subprocess.py:106} INFO - 25/12/07 20:05:32 INFO BlockManagerInfo: Added broadcast_29_piece0 in memory on 13f196131dae:46673 (size: 36.3 KiB, free: 430.2 MiB)
[2025-12-07T20:05:32.197+0000] {subprocess.py:106} INFO - 25/12/07 20:05:32 INFO SparkContext: Created broadcast 29 from $anonfun$recordDeltaOperationInternal$1 at DatabricksLogging.scala:128
[2025-12-07T20:05:32.197+0000] {subprocess.py:106} INFO - 25/12/07 20:05:32 INFO FileSourceScanExec: Planning scan with bin packing, max size: 4194304 bytes, open cost is considered as scanning 4194304 bytes.
[2025-12-07T20:05:32.206+0000] {subprocess.py:106} INFO - 25/12/07 20:05:32 INFO DAGScheduler: Registering RDD 82 ($anonfun$recordDeltaOperationInternal$1 at DatabricksLogging.scala:128) as input to shuffle 3
[2025-12-07T20:05:32.207+0000] {subprocess.py:106} INFO - 25/12/07 20:05:32 INFO DAGScheduler: Got map stage job 13 ($anonfun$recordDeltaOperationInternal$1 at DatabricksLogging.scala:128) with 2 output partitions
[2025-12-07T20:05:32.208+0000] {subprocess.py:106} INFO - 25/12/07 20:05:32 INFO DAGScheduler: Final stage: ShuffleMapStage 16 ($anonfun$recordDeltaOperationInternal$1 at DatabricksLogging.scala:128)
[2025-12-07T20:05:32.208+0000] {subprocess.py:106} INFO - 25/12/07 20:05:32 INFO DAGScheduler: Parents of final stage: List()
[2025-12-07T20:05:32.208+0000] {subprocess.py:106} INFO - 25/12/07 20:05:32 INFO DAGScheduler: Missing parents: List()
[2025-12-07T20:05:32.209+0000] {subprocess.py:106} INFO - 25/12/07 20:05:32 INFO DAGScheduler: Submitting ShuffleMapStage 16 (MapPartitionsRDD[82] at $anonfun$recordDeltaOperationInternal$1 at DatabricksLogging.scala:128), which has no missing parents
[2025-12-07T20:05:32.211+0000] {subprocess.py:106} INFO - 25/12/07 20:05:32 INFO MemoryStore: Block broadcast_30 stored as values in memory (estimated size 138.3 KiB, free 427.4 MiB)
[2025-12-07T20:05:32.212+0000] {subprocess.py:106} INFO - 25/12/07 20:05:32 INFO MemoryStore: Block broadcast_30_piece0 stored as bytes in memory (estimated size 39.0 KiB, free 427.4 MiB)
[2025-12-07T20:05:32.214+0000] {subprocess.py:106} INFO - 25/12/07 20:05:32 INFO BlockManagerInfo: Added broadcast_30_piece0 in memory on 13f196131dae:46673 (size: 39.0 KiB, free: 430.2 MiB)
[2025-12-07T20:05:32.214+0000] {subprocess.py:106} INFO - 25/12/07 20:05:32 INFO SparkContext: Created broadcast 30 from broadcast at DAGScheduler.scala:1535
[2025-12-07T20:05:32.215+0000] {subprocess.py:106} INFO - 25/12/07 20:05:32 INFO DAGScheduler: Submitting 2 missing tasks from ShuffleMapStage 16 (MapPartitionsRDD[82] at $anonfun$recordDeltaOperationInternal$1 at DatabricksLogging.scala:128) (first 15 tasks are for partitions Vector(0, 1))
[2025-12-07T20:05:32.215+0000] {subprocess.py:106} INFO - 25/12/07 20:05:32 INFO TaskSchedulerImpl: Adding task set 16.0 with 2 tasks resource profile 0
[2025-12-07T20:05:32.216+0000] {subprocess.py:106} INFO - 25/12/07 20:05:32 INFO TaskSetManager: Starting task 0.0 in stage 16.0 (TID 432) (172.18.0.8, executor 0, partition 0, PROCESS_LOCAL, 7931 bytes)
[2025-12-07T20:05:32.216+0000] {subprocess.py:106} INFO - 25/12/07 20:05:32 INFO TaskSetManager: Starting task 1.0 in stage 16.0 (TID 433) (172.18.0.8, executor 0, partition 1, PROCESS_LOCAL, 7931 bytes)
[2025-12-07T20:05:32.225+0000] {subprocess.py:106} INFO - 25/12/07 20:05:32 INFO BlockManagerInfo: Added broadcast_30_piece0 in memory on 172.18.0.8:33107 (size: 39.0 KiB, free: 427.5 MiB)
[2025-12-07T20:05:32.244+0000] {subprocess.py:106} INFO - 25/12/07 20:05:32 INFO BlockManagerInfo: Added broadcast_29_piece0 in memory on 172.18.0.8:33107 (size: 36.3 KiB, free: 427.4 MiB)
[2025-12-07T20:05:32.338+0000] {subprocess.py:106} INFO - 25/12/07 20:05:32 INFO TaskSetManager: Finished task 1.0 in stage 16.0 (TID 433) in 120 ms on 172.18.0.8 (executor 0) (1/2)
[2025-12-07T20:05:32.374+0000] {subprocess.py:106} INFO - 25/12/07 20:05:32 INFO TaskSetManager: Finished task 0.0 in stage 16.0 (TID 432) in 158 ms on 172.18.0.8 (executor 0) (2/2)
[2025-12-07T20:05:32.375+0000] {subprocess.py:106} INFO - 25/12/07 20:05:32 INFO TaskSchedulerImpl: Removed TaskSet 16.0, whose tasks have all completed, from pool
[2025-12-07T20:05:32.375+0000] {subprocess.py:106} INFO - 25/12/07 20:05:32 INFO DAGScheduler: ShuffleMapStage 16 ($anonfun$recordDeltaOperationInternal$1 at DatabricksLogging.scala:128) finished in 0.167 s
[2025-12-07T20:05:32.376+0000] {subprocess.py:106} INFO - 25/12/07 20:05:32 INFO DAGScheduler: looking for newly runnable stages
[2025-12-07T20:05:32.376+0000] {subprocess.py:106} INFO - 25/12/07 20:05:32 INFO DAGScheduler: running: Set()
[2025-12-07T20:05:32.377+0000] {subprocess.py:106} INFO - 25/12/07 20:05:32 INFO DAGScheduler: waiting: Set()
[2025-12-07T20:05:32.377+0000] {subprocess.py:106} INFO - 25/12/07 20:05:32 INFO DAGScheduler: failed: Set()
[2025-12-07T20:05:32.445+0000] {subprocess.py:106} INFO - 25/12/07 20:05:32 INFO BlockManagerInfo: Removed broadcast_30_piece0 on 13f196131dae:46673 in memory (size: 39.0 KiB, free: 430.2 MiB)
[2025-12-07T20:05:32.446+0000] {subprocess.py:106} INFO - 25/12/07 20:05:32 INFO BlockManagerInfo: Removed broadcast_30_piece0 on 172.18.0.8:33107 in memory (size: 39.0 KiB, free: 427.5 MiB)
[2025-12-07T20:05:32.814+0000] {subprocess.py:106} INFO - 25/12/07 20:05:32 INFO CodeGenerator: Code generated in 47.739066 ms
[2025-12-07T20:05:32.823+0000] {subprocess.py:106} INFO - 25/12/07 20:05:32 INFO DAGScheduler: Registering RDD 92 ($anonfun$recordDeltaOperationInternal$1 at DatabricksLogging.scala:128) as input to shuffle 4
[2025-12-07T20:05:32.824+0000] {subprocess.py:106} INFO - 25/12/07 20:05:32 INFO DAGScheduler: Got map stage job 14 ($anonfun$recordDeltaOperationInternal$1 at DatabricksLogging.scala:128) with 50 output partitions
[2025-12-07T20:05:32.825+0000] {subprocess.py:106} INFO - 25/12/07 20:05:32 INFO DAGScheduler: Final stage: ShuffleMapStage 18 ($anonfun$recordDeltaOperationInternal$1 at DatabricksLogging.scala:128)
[2025-12-07T20:05:32.825+0000] {subprocess.py:106} INFO - 25/12/07 20:05:32 INFO DAGScheduler: Parents of final stage: List(ShuffleMapStage 17)
[2025-12-07T20:05:32.826+0000] {subprocess.py:106} INFO - 25/12/07 20:05:32 INFO DAGScheduler: Missing parents: List()
[2025-12-07T20:05:32.831+0000] {subprocess.py:106} INFO - 25/12/07 20:05:32 INFO DAGScheduler: Submitting ShuffleMapStage 18 (MapPartitionsRDD[92] at $anonfun$recordDeltaOperationInternal$1 at DatabricksLogging.scala:128), which has no missing parents
[2025-12-07T20:05:32.869+0000] {subprocess.py:106} INFO - 25/12/07 20:05:32 INFO MemoryStore: Block broadcast_31 stored as values in memory (estimated size 517.1 KiB, free 427.1 MiB)
[2025-12-07T20:05:32.871+0000] {subprocess.py:106} INFO - 25/12/07 20:05:32 INFO MemoryStore: Block broadcast_31_piece0 stored as bytes in memory (estimated size 123.2 KiB, free 427.0 MiB)
[2025-12-07T20:05:32.872+0000] {subprocess.py:106} INFO - 25/12/07 20:05:32 INFO BlockManagerInfo: Added broadcast_31_piece0 in memory on 13f196131dae:46673 (size: 123.2 KiB, free: 430.1 MiB)
[2025-12-07T20:05:32.873+0000] {subprocess.py:106} INFO - 25/12/07 20:05:32 INFO SparkContext: Created broadcast 31 from broadcast at DAGScheduler.scala:1535
[2025-12-07T20:05:32.874+0000] {subprocess.py:106} INFO - 25/12/07 20:05:32 INFO DAGScheduler: Submitting 50 missing tasks from ShuffleMapStage 18 (MapPartitionsRDD[92] at $anonfun$recordDeltaOperationInternal$1 at DatabricksLogging.scala:128) (first 15 tasks are for partitions Vector(0, 1, 2, 3, 4, 5, 6, 7, 8, 9, 10, 11, 12, 13, 14))
[2025-12-07T20:05:32.874+0000] {subprocess.py:106} INFO - 25/12/07 20:05:32 INFO TaskSchedulerImpl: Adding task set 18.0 with 50 tasks resource profile 0
[2025-12-07T20:05:32.875+0000] {subprocess.py:106} INFO - 25/12/07 20:05:32 INFO TaskSetManager: Starting task 0.0 in stage 18.0 (TID 434) (172.18.0.8, executor 0, partition 0, NODE_LOCAL, 7356 bytes)
[2025-12-07T20:05:32.876+0000] {subprocess.py:106} INFO - 25/12/07 20:05:32 INFO TaskSetManager: Starting task 1.0 in stage 18.0 (TID 435) (172.18.0.8, executor 0, partition 1, NODE_LOCAL, 7356 bytes)
[2025-12-07T20:05:32.876+0000] {subprocess.py:106} INFO - 25/12/07 20:05:32 INFO TaskSetManager: Starting task 2.0 in stage 18.0 (TID 436) (172.18.0.8, executor 0, partition 2, NODE_LOCAL, 7356 bytes)
[2025-12-07T20:05:32.877+0000] {subprocess.py:106} INFO - 25/12/07 20:05:32 INFO TaskSetManager: Starting task 3.0 in stage 18.0 (TID 437) (172.18.0.8, executor 0, partition 3, NODE_LOCAL, 7356 bytes)
[2025-12-07T20:05:32.877+0000] {subprocess.py:106} INFO - 25/12/07 20:05:32 INFO TaskSetManager: Starting task 4.0 in stage 18.0 (TID 438) (172.18.0.8, executor 0, partition 4, NODE_LOCAL, 7356 bytes)
[2025-12-07T20:05:32.878+0000] {subprocess.py:106} INFO - 25/12/07 20:05:32 INFO TaskSetManager: Starting task 5.0 in stage 18.0 (TID 439) (172.18.0.8, executor 0, partition 5, NODE_LOCAL, 7356 bytes)
[2025-12-07T20:05:32.879+0000] {subprocess.py:106} INFO - 25/12/07 20:05:32 INFO TaskSetManager: Starting task 6.0 in stage 18.0 (TID 440) (172.18.0.8, executor 0, partition 6, NODE_LOCAL, 7356 bytes)
[2025-12-07T20:05:32.880+0000] {subprocess.py:106} INFO - 25/12/07 20:05:32 INFO TaskSetManager: Starting task 7.0 in stage 18.0 (TID 441) (172.18.0.8, executor 0, partition 7, NODE_LOCAL, 7356 bytes)
[2025-12-07T20:05:32.881+0000] {subprocess.py:106} INFO - 25/12/07 20:05:32 INFO TaskSetManager: Starting task 8.0 in stage 18.0 (TID 442) (172.18.0.8, executor 0, partition 8, NODE_LOCAL, 7356 bytes)
[2025-12-07T20:05:32.881+0000] {subprocess.py:106} INFO - 25/12/07 20:05:32 INFO TaskSetManager: Starting task 9.0 in stage 18.0 (TID 443) (172.18.0.8, executor 0, partition 9, NODE_LOCAL, 7356 bytes)
[2025-12-07T20:05:32.882+0000] {subprocess.py:106} INFO - 25/12/07 20:05:32 INFO TaskSetManager: Starting task 10.0 in stage 18.0 (TID 444) (172.18.0.8, executor 0, partition 10, NODE_LOCAL, 7356 bytes)
[2025-12-07T20:05:32.882+0000] {subprocess.py:106} INFO - 25/12/07 20:05:32 INFO TaskSetManager: Starting task 11.0 in stage 18.0 (TID 445) (172.18.0.8, executor 0, partition 11, NODE_LOCAL, 7356 bytes)
[2025-12-07T20:05:32.883+0000] {subprocess.py:106} INFO - 25/12/07 20:05:32 INFO TaskSetManager: Starting task 12.0 in stage 18.0 (TID 446) (172.18.0.8, executor 0, partition 12, NODE_LOCAL, 7356 bytes)
[2025-12-07T20:05:32.883+0000] {subprocess.py:106} INFO - 25/12/07 20:05:32 INFO TaskSetManager: Starting task 13.0 in stage 18.0 (TID 447) (172.18.0.8, executor 0, partition 13, NODE_LOCAL, 7356 bytes)
[2025-12-07T20:05:32.884+0000] {subprocess.py:106} INFO - 25/12/07 20:05:32 INFO TaskSetManager: Starting task 14.0 in stage 18.0 (TID 448) (172.18.0.8, executor 0, partition 14, NODE_LOCAL, 7356 bytes)
[2025-12-07T20:05:32.884+0000] {subprocess.py:106} INFO - 25/12/07 20:05:32 INFO TaskSetManager: Starting task 15.0 in stage 18.0 (TID 449) (172.18.0.8, executor 0, partition 15, NODE_LOCAL, 7356 bytes)
[2025-12-07T20:05:32.889+0000] {subprocess.py:106} INFO - 25/12/07 20:05:32 INFO BlockManagerInfo: Added broadcast_31_piece0 in memory on 172.18.0.8:33107 (size: 123.2 KiB, free: 427.4 MiB)
[2025-12-07T20:05:32.943+0000] {subprocess.py:106} INFO - 25/12/07 20:05:32 INFO MapOutputTrackerMasterEndpoint: Asked to send map output locations for shuffle 3 to 172.18.0.8:44278
[2025-12-07T20:05:32.996+0000] {subprocess.py:106} INFO - 25/12/07 20:05:32 INFO BlockManagerInfo: Added rdd_89_8 in memory on 172.18.0.8:33107 (size: 32.6 KiB, free: 427.3 MiB)
[2025-12-07T20:05:33.000+0000] {subprocess.py:106} INFO - 25/12/07 20:05:32 INFO BlockManagerInfo: Added rdd_89_7 in memory on 172.18.0.8:33107 (size: 29.5 KiB, free: 427.3 MiB)
[2025-12-07T20:05:33.002+0000] {subprocess.py:106} INFO - 25/12/07 20:05:32 INFO BlockManagerInfo: Added rdd_89_15 in memory on 172.18.0.8:33107 (size: 30.4 KiB, free: 427.3 MiB)
[2025-12-07T20:05:33.002+0000] {subprocess.py:106} INFO - 25/12/07 20:05:32 INFO BlockManagerInfo: Added rdd_89_14 in memory on 172.18.0.8:33107 (size: 30.3 KiB, free: 427.2 MiB)
[2025-12-07T20:05:33.003+0000] {subprocess.py:106} INFO - 25/12/07 20:05:32 INFO BlockManagerInfo: Added rdd_89_0 in memory on 172.18.0.8:33107 (size: 31.2 KiB, free: 427.2 MiB)
[2025-12-07T20:05:33.004+0000] {subprocess.py:106} INFO - 25/12/07 20:05:32 INFO BlockManagerInfo: Added rdd_89_10 in memory on 172.18.0.8:33107 (size: 28.2 KiB, free: 427.2 MiB)
[2025-12-07T20:05:33.005+0000] {subprocess.py:106} INFO - 25/12/07 20:05:32 INFO BlockManagerInfo: Added rdd_89_2 in memory on 172.18.0.8:33107 (size: 29.5 KiB, free: 427.2 MiB)
[2025-12-07T20:05:33.006+0000] {subprocess.py:106} INFO - 25/12/07 20:05:32 INFO BlockManagerInfo: Added rdd_89_13 in memory on 172.18.0.8:33107 (size: 30.7 KiB, free: 427.1 MiB)
[2025-12-07T20:05:33.007+0000] {subprocess.py:106} INFO - 25/12/07 20:05:32 INFO BlockManagerInfo: Added rdd_89_12 in memory on 172.18.0.8:33107 (size: 31.2 KiB, free: 427.1 MiB)
[2025-12-07T20:05:33.007+0000] {subprocess.py:106} INFO - 25/12/07 20:05:32 INFO BlockManagerInfo: Added rdd_89_5 in memory on 172.18.0.8:33107 (size: 29.5 KiB, free: 427.1 MiB)
[2025-12-07T20:05:33.014+0000] {subprocess.py:106} INFO - 25/12/07 20:05:33 INFO BlockManagerInfo: Added rdd_89_1 in memory on 172.18.0.8:33107 (size: 31.8 KiB, free: 427.0 MiB)
[2025-12-07T20:05:33.015+0000] {subprocess.py:106} INFO - 25/12/07 20:05:33 INFO BlockManagerInfo: Added rdd_89_9 in memory on 172.18.0.8:33107 (size: 31.0 KiB, free: 427.0 MiB)
[2025-12-07T20:05:33.016+0000] {subprocess.py:106} INFO - 25/12/07 20:05:33 INFO BlockManagerInfo: Added rdd_89_6 in memory on 172.18.0.8:33107 (size: 38.8 KiB, free: 427.0 MiB)
[2025-12-07T20:05:33.031+0000] {subprocess.py:106} INFO - 25/12/07 20:05:33 INFO BlockManagerInfo: Added rdd_89_11 in memory on 172.18.0.8:33107 (size: 32.3 KiB, free: 426.9 MiB)
[2025-12-07T20:05:33.044+0000] {subprocess.py:106} INFO - 25/12/07 20:05:33 INFO BlockManagerInfo: Added rdd_89_4 in memory on 172.18.0.8:33107 (size: 35.9 KiB, free: 426.9 MiB)
[2025-12-07T20:05:33.047+0000] {subprocess.py:106} INFO - 25/12/07 20:05:33 INFO BlockManagerInfo: Added rdd_89_3 in memory on 172.18.0.8:33107 (size: 28.1 KiB, free: 426.9 MiB)
[2025-12-07T20:05:33.218+0000] {subprocess.py:106} INFO - 25/12/07 20:05:33 INFO TaskSetManager: Starting task 16.0 in stage 18.0 (TID 450) (172.18.0.8, executor 0, partition 16, NODE_LOCAL, 7356 bytes)
[2025-12-07T20:05:33.220+0000] {subprocess.py:106} INFO - 25/12/07 20:05:33 INFO TaskSetManager: Finished task 0.0 in stage 18.0 (TID 434) in 343 ms on 172.18.0.8 (executor 0) (1/50)
[2025-12-07T20:05:33.222+0000] {subprocess.py:106} INFO - 25/12/07 20:05:33 INFO TaskSetManager: Starting task 17.0 in stage 18.0 (TID 451) (172.18.0.8, executor 0, partition 17, NODE_LOCAL, 7356 bytes)
[2025-12-07T20:05:33.223+0000] {subprocess.py:106} INFO - 25/12/07 20:05:33 INFO TaskSetManager: Finished task 4.0 in stage 18.0 (TID 438) in 343 ms on 172.18.0.8 (executor 0) (2/50)
[2025-12-07T20:05:33.224+0000] {subprocess.py:106} INFO - 25/12/07 20:05:33 INFO TaskSetManager: Starting task 18.0 in stage 18.0 (TID 452) (172.18.0.8, executor 0, partition 18, NODE_LOCAL, 7356 bytes)
[2025-12-07T20:05:33.226+0000] {subprocess.py:106} INFO - 25/12/07 20:05:33 INFO TaskSetManager: Finished task 2.0 in stage 18.0 (TID 436) in 345 ms on 172.18.0.8 (executor 0) (3/50)
[2025-12-07T20:05:33.227+0000] {subprocess.py:106} INFO - 25/12/07 20:05:33 INFO TaskSetManager: Starting task 19.0 in stage 18.0 (TID 453) (172.18.0.8, executor 0, partition 19, NODE_LOCAL, 7356 bytes)
[2025-12-07T20:05:33.228+0000] {subprocess.py:106} INFO - 25/12/07 20:05:33 INFO TaskSetManager: Finished task 9.0 in stage 18.0 (TID 443) in 344 ms on 172.18.0.8 (executor 0) (4/50)
[2025-12-07T20:05:33.229+0000] {subprocess.py:106} INFO - 25/12/07 20:05:33 INFO TaskSetManager: Starting task 20.0 in stage 18.0 (TID 454) (172.18.0.8, executor 0, partition 20, NODE_LOCAL, 7356 bytes)
[2025-12-07T20:05:33.230+0000] {subprocess.py:106} INFO - 25/12/07 20:05:33 INFO TaskSetManager: Finished task 1.0 in stage 18.0 (TID 435) in 347 ms on 172.18.0.8 (executor 0) (5/50)
[2025-12-07T20:05:33.232+0000] {subprocess.py:106} INFO - 25/12/07 20:05:33 INFO TaskSetManager: Starting task 21.0 in stage 18.0 (TID 455) (172.18.0.8, executor 0, partition 21, NODE_LOCAL, 7356 bytes)
[2025-12-07T20:05:33.233+0000] {subprocess.py:106} INFO - 25/12/07 20:05:33 INFO TaskSetManager: Finished task 15.0 in stage 18.0 (TID 449) in 346 ms on 172.18.0.8 (executor 0) (6/50)
[2025-12-07T20:05:33.234+0000] {subprocess.py:106} INFO - 25/12/07 20:05:33 INFO TaskSetManager: Starting task 22.0 in stage 18.0 (TID 456) (172.18.0.8, executor 0, partition 22, NODE_LOCAL, 7356 bytes)
[2025-12-07T20:05:33.240+0000] {subprocess.py:106} INFO - 25/12/07 20:05:33 INFO TaskSetManager: Starting task 23.0 in stage 18.0 (TID 457) (172.18.0.8, executor 0, partition 23, NODE_LOCAL, 7356 bytes)
[2025-12-07T20:05:33.242+0000] {subprocess.py:106} INFO - 25/12/07 20:05:33 INFO TaskSetManager: Finished task 10.0 in stage 18.0 (TID 444) in 349 ms on 172.18.0.8 (executor 0) (7/50)
[2025-12-07T20:05:33.242+0000] {subprocess.py:106} INFO - 25/12/07 20:05:33 INFO TaskSetManager: Starting task 24.0 in stage 18.0 (TID 458) (172.18.0.8, executor 0, partition 24, NODE_LOCAL, 7356 bytes)
[2025-12-07T20:05:33.243+0000] {subprocess.py:106} INFO - 25/12/07 20:05:33 INFO TaskSetManager: Finished task 8.0 in stage 18.0 (TID 442) in 350 ms on 172.18.0.8 (executor 0) (8/50)
[2025-12-07T20:05:33.244+0000] {subprocess.py:106} INFO - 25/12/07 20:05:33 INFO TaskSetManager: Finished task 7.0 in stage 18.0 (TID 441) in 352 ms on 172.18.0.8 (executor 0) (9/50)
[2025-12-07T20:05:33.244+0000] {subprocess.py:106} INFO - 25/12/07 20:05:33 INFO TaskSetManager: Starting task 25.0 in stage 18.0 (TID 459) (172.18.0.8, executor 0, partition 25, NODE_LOCAL, 7356 bytes)
[2025-12-07T20:05:33.245+0000] {subprocess.py:106} INFO - 25/12/07 20:05:33 INFO TaskSetManager: Starting task 26.0 in stage 18.0 (TID 460) (172.18.0.8, executor 0, partition 26, NODE_LOCAL, 7356 bytes)
[2025-12-07T20:05:33.245+0000] {subprocess.py:106} INFO - 25/12/07 20:05:33 INFO TaskSetManager: Finished task 6.0 in stage 18.0 (TID 440) in 354 ms on 172.18.0.8 (executor 0) (10/50)
[2025-12-07T20:05:33.246+0000] {subprocess.py:106} INFO - 25/12/07 20:05:33 INFO TaskSetManager: Starting task 27.0 in stage 18.0 (TID 461) (172.18.0.8, executor 0, partition 27, NODE_LOCAL, 7356 bytes)
[2025-12-07T20:05:33.247+0000] {subprocess.py:106} INFO - 25/12/07 20:05:33 INFO TaskSetManager: Starting task 28.0 in stage 18.0 (TID 462) (172.18.0.8, executor 0, partition 28, NODE_LOCAL, 7356 bytes)
[2025-12-07T20:05:33.248+0000] {subprocess.py:106} INFO - 25/12/07 20:05:33 INFO TaskSetManager: Starting task 29.0 in stage 18.0 (TID 463) (172.18.0.8, executor 0, partition 29, NODE_LOCAL, 7356 bytes)
[2025-12-07T20:05:33.249+0000] {subprocess.py:106} INFO - 25/12/07 20:05:33 INFO TaskSetManager: Starting task 30.0 in stage 18.0 (TID 464) (172.18.0.8, executor 0, partition 30, NODE_LOCAL, 7356 bytes)
[2025-12-07T20:05:33.250+0000] {subprocess.py:106} INFO - 25/12/07 20:05:33 INFO TaskSetManager: Starting task 31.0 in stage 18.0 (TID 465) (172.18.0.8, executor 0, partition 31, NODE_LOCAL, 7356 bytes)
[2025-12-07T20:05:33.250+0000] {subprocess.py:106} INFO - 25/12/07 20:05:33 INFO TaskSetManager: Finished task 12.0 in stage 18.0 (TID 446) in 356 ms on 172.18.0.8 (executor 0) (11/50)
[2025-12-07T20:05:33.256+0000] {subprocess.py:106} INFO - 25/12/07 20:05:33 INFO TaskSetManager: Finished task 5.0 in stage 18.0 (TID 439) in 357 ms on 172.18.0.8 (executor 0) (12/50)
[2025-12-07T20:05:33.258+0000] {subprocess.py:106} INFO - 25/12/07 20:05:33 INFO TaskSetManager: Finished task 3.0 in stage 18.0 (TID 437) in 358 ms on 172.18.0.8 (executor 0) (13/50)
[2025-12-07T20:05:33.265+0000] {subprocess.py:106} INFO - 25/12/07 20:05:33 INFO TaskSetManager: Finished task 14.0 in stage 18.0 (TID 448) in 356 ms on 172.18.0.8 (executor 0) (14/50)
[2025-12-07T20:05:33.266+0000] {subprocess.py:106} INFO - 25/12/07 20:05:33 INFO TaskSetManager: Finished task 11.0 in stage 18.0 (TID 445) in 357 ms on 172.18.0.8 (executor 0) (15/50)
[2025-12-07T20:05:33.267+0000] {subprocess.py:106} INFO - 25/12/07 20:05:33 INFO TaskSetManager: Finished task 13.0 in stage 18.0 (TID 447) in 357 ms on 172.18.0.8 (executor 0) (16/50)
[2025-12-07T20:05:33.285+0000] {subprocess.py:106} INFO - 25/12/07 20:05:33 INFO BlockManagerInfo: Added rdd_89_20 in memory on 172.18.0.8:33107 (size: 24.8 KiB, free: 426.8 MiB)
[2025-12-07T20:05:33.286+0000] {subprocess.py:106} INFO - 25/12/07 20:05:33 INFO BlockManagerInfo: Added rdd_89_19 in memory on 172.18.0.8:33107 (size: 27.6 KiB, free: 426.8 MiB)
[2025-12-07T20:05:33.287+0000] {subprocess.py:106} INFO - 25/12/07 20:05:33 INFO BlockManagerInfo: Added rdd_89_18 in memory on 172.18.0.8:33107 (size: 32.4 KiB, free: 426.8 MiB)
[2025-12-07T20:05:33.294+0000] {subprocess.py:106} INFO - 25/12/07 20:05:33 INFO BlockManagerInfo: Added rdd_89_16 in memory on 172.18.0.8:33107 (size: 33.6 KiB, free: 426.8 MiB)
[2025-12-07T20:05:33.296+0000] {subprocess.py:106} INFO - 25/12/07 20:05:33 INFO BlockManagerInfo: Added rdd_89_17 in memory on 172.18.0.8:33107 (size: 37.6 KiB, free: 426.7 MiB)
[2025-12-07T20:05:33.298+0000] {subprocess.py:106} INFO - 25/12/07 20:05:33 INFO BlockManagerInfo: Added rdd_89_21 in memory on 172.18.0.8:33107 (size: 30.4 KiB, free: 426.7 MiB)
[2025-12-07T20:05:33.299+0000] {subprocess.py:106} INFO - 25/12/07 20:05:33 INFO BlockManagerInfo: Added rdd_89_31 in memory on 172.18.0.8:33107 (size: 31.0 KiB, free: 426.7 MiB)
[2025-12-07T20:05:33.308+0000] {subprocess.py:106} INFO - 25/12/07 20:05:33 INFO BlockManagerInfo: Added rdd_89_26 in memory on 172.18.0.8:33107 (size: 27.8 KiB, free: 426.6 MiB)
[2025-12-07T20:05:33.312+0000] {subprocess.py:106} INFO - 25/12/07 20:05:33 INFO BlockManagerInfo: Added rdd_89_30 in memory on 172.18.0.8:33107 (size: 32.7 KiB, free: 426.6 MiB)
[2025-12-07T20:05:33.315+0000] {subprocess.py:106} INFO - 25/12/07 20:05:33 INFO BlockManagerInfo: Added rdd_89_29 in memory on 172.18.0.8:33107 (size: 31.5 KiB, free: 426.6 MiB)
[2025-12-07T20:05:33.316+0000] {subprocess.py:106} INFO - 25/12/07 20:05:33 INFO BlockManagerInfo: Added rdd_89_22 in memory on 172.18.0.8:33107 (size: 32.0 KiB, free: 426.5 MiB)
[2025-12-07T20:05:33.317+0000] {subprocess.py:106} INFO - 25/12/07 20:05:33 INFO BlockManagerInfo: Added rdd_89_25 in memory on 172.18.0.8:33107 (size: 33.7 KiB, free: 426.5 MiB)
[2025-12-07T20:05:33.319+0000] {subprocess.py:106} INFO - 25/12/07 20:05:33 INFO BlockManagerInfo: Added rdd_89_24 in memory on 172.18.0.8:33107 (size: 32.4 KiB, free: 426.5 MiB)
[2025-12-07T20:05:33.320+0000] {subprocess.py:106} INFO - 25/12/07 20:05:33 INFO TaskSetManager: Starting task 32.0 in stage 18.0 (TID 466) (172.18.0.8, executor 0, partition 32, NODE_LOCAL, 7356 bytes)
[2025-12-07T20:05:33.322+0000] {subprocess.py:106} INFO - 25/12/07 20:05:33 INFO TaskSetManager: Finished task 19.0 in stage 18.0 (TID 453) in 99 ms on 172.18.0.8 (executor 0) (17/50)
[2025-12-07T20:05:33.323+0000] {subprocess.py:106} INFO - 25/12/07 20:05:33 INFO TaskSetManager: Starting task 33.0 in stage 18.0 (TID 467) (172.18.0.8, executor 0, partition 33, NODE_LOCAL, 7356 bytes)
[2025-12-07T20:05:33.324+0000] {subprocess.py:106} INFO - 25/12/07 20:05:33 INFO BlockManagerInfo: Added rdd_89_23 in memory on 172.18.0.8:33107 (size: 43.3 KiB, free: 426.4 MiB)
[2025-12-07T20:05:33.326+0000] {subprocess.py:106} INFO - 25/12/07 20:05:33 INFO TaskSetManager: Finished task 16.0 in stage 18.0 (TID 450) in 104 ms on 172.18.0.8 (executor 0) (18/50)
[2025-12-07T20:05:33.329+0000] {subprocess.py:106} INFO - 25/12/07 20:05:33 INFO BlockManagerInfo: Added rdd_89_27 in memory on 172.18.0.8:33107 (size: 34.3 KiB, free: 426.4 MiB)
[2025-12-07T20:05:33.332+0000] {subprocess.py:106} INFO - 25/12/07 20:05:33 INFO BlockManagerInfo: Added rdd_89_28 in memory on 172.18.0.8:33107 (size: 32.2 KiB, free: 426.4 MiB)
[2025-12-07T20:05:33.334+0000] {subprocess.py:106} INFO - 25/12/07 20:05:33 INFO TaskSetManager: Starting task 34.0 in stage 18.0 (TID 468) (172.18.0.8, executor 0, partition 34, NODE_LOCAL, 7356 bytes)
[2025-12-07T20:05:33.337+0000] {subprocess.py:106} INFO - 25/12/07 20:05:33 INFO TaskSetManager: Starting task 35.0 in stage 18.0 (TID 469) (172.18.0.8, executor 0, partition 35, NODE_LOCAL, 7356 bytes)
[2025-12-07T20:05:33.340+0000] {subprocess.py:106} INFO - 25/12/07 20:05:33 INFO TaskSetManager: Finished task 17.0 in stage 18.0 (TID 451) in 115 ms on 172.18.0.8 (executor 0) (19/50)
[2025-12-07T20:05:33.341+0000] {subprocess.py:106} INFO - 25/12/07 20:05:33 INFO TaskSetManager: Finished task 31.0 in stage 18.0 (TID 465) in 103 ms on 172.18.0.8 (executor 0) (20/50)
[2025-12-07T20:05:33.345+0000] {subprocess.py:106} INFO - 25/12/07 20:05:33 INFO TaskSetManager: Starting task 36.0 in stage 18.0 (TID 470) (172.18.0.8, executor 0, partition 36, NODE_LOCAL, 7356 bytes)
[2025-12-07T20:05:33.347+0000] {subprocess.py:106} INFO - 25/12/07 20:05:33 INFO TaskSetManager: Finished task 26.0 in stage 18.0 (TID 460) in 113 ms on 172.18.0.8 (executor 0) (21/50)
[2025-12-07T20:05:33.348+0000] {subprocess.py:106} INFO - 25/12/07 20:05:33 INFO TaskSetManager: Starting task 37.0 in stage 18.0 (TID 471) (172.18.0.8, executor 0, partition 37, NODE_LOCAL, 7356 bytes)
[2025-12-07T20:05:33.350+0000] {subprocess.py:106} INFO - 25/12/07 20:05:33 INFO TaskSetManager: Starting task 38.0 in stage 18.0 (TID 472) (172.18.0.8, executor 0, partition 38, NODE_LOCAL, 7356 bytes)
[2025-12-07T20:05:33.351+0000] {subprocess.py:106} INFO - 25/12/07 20:05:33 INFO TaskSetManager: Finished task 21.0 in stage 18.0 (TID 455) in 124 ms on 172.18.0.8 (executor 0) (22/50)
[2025-12-07T20:05:33.356+0000] {subprocess.py:106} INFO - 25/12/07 20:05:33 INFO TaskSetManager: Starting task 39.0 in stage 18.0 (TID 473) (172.18.0.8, executor 0, partition 39, NODE_LOCAL, 7356 bytes)
[2025-12-07T20:05:33.358+0000] {subprocess.py:106} INFO - 25/12/07 20:05:33 INFO TaskSetManager: Finished task 30.0 in stage 18.0 (TID 464) in 115 ms on 172.18.0.8 (executor 0) (23/50)
[2025-12-07T20:05:33.362+0000] {subprocess.py:106} INFO - 25/12/07 20:05:33 INFO TaskSetManager: Finished task 29.0 in stage 18.0 (TID 463) in 116 ms on 172.18.0.8 (executor 0) (24/50)
[2025-12-07T20:05:33.364+0000] {subprocess.py:106} INFO - 25/12/07 20:05:33 INFO TaskSetManager: Starting task 40.0 in stage 18.0 (TID 474) (172.18.0.8, executor 0, partition 40, NODE_LOCAL, 7356 bytes)
[2025-12-07T20:05:33.366+0000] {subprocess.py:106} INFO - 25/12/07 20:05:33 INFO TaskSetManager: Finished task 22.0 in stage 18.0 (TID 456) in 129 ms on 172.18.0.8 (executor 0) (25/50)
[2025-12-07T20:05:33.369+0000] {subprocess.py:106} INFO - 25/12/07 20:05:33 INFO TaskSetManager: Starting task 41.0 in stage 18.0 (TID 475) (172.18.0.8, executor 0, partition 41, NODE_LOCAL, 7356 bytes)
[2025-12-07T20:05:33.370+0000] {subprocess.py:106} INFO - 25/12/07 20:05:33 INFO TaskSetManager: Starting task 42.0 in stage 18.0 (TID 476) (172.18.0.8, executor 0, partition 42, NODE_LOCAL, 7356 bytes)
[2025-12-07T20:05:33.371+0000] {subprocess.py:106} INFO - 25/12/07 20:05:33 INFO TaskSetManager: Starting task 43.0 in stage 18.0 (TID 477) (172.18.0.8, executor 0, partition 43, NODE_LOCAL, 7356 bytes)
[2025-12-07T20:05:33.375+0000] {subprocess.py:106} INFO - 25/12/07 20:05:33 INFO TaskSetManager: Finished task 18.0 in stage 18.0 (TID 452) in 137 ms on 172.18.0.8 (executor 0) (26/50)
[2025-12-07T20:05:33.376+0000] {subprocess.py:106} INFO - 25/12/07 20:05:33 INFO TaskSetManager: Finished task 20.0 in stage 18.0 (TID 454) in 137 ms on 172.18.0.8 (executor 0) (27/50)
[2025-12-07T20:05:33.377+0000] {subprocess.py:106} INFO - 25/12/07 20:05:33 INFO TaskSetManager: Finished task 25.0 in stage 18.0 (TID 459) in 129 ms on 172.18.0.8 (executor 0) (28/50)
[2025-12-07T20:05:33.378+0000] {subprocess.py:106} INFO - 25/12/07 20:05:33 INFO TaskSetManager: Starting task 44.0 in stage 18.0 (TID 478) (172.18.0.8, executor 0, partition 44, NODE_LOCAL, 7356 bytes)
[2025-12-07T20:05:33.378+0000] {subprocess.py:106} INFO - 25/12/07 20:05:33 INFO TaskSetManager: Starting task 45.0 in stage 18.0 (TID 479) (172.18.0.8, executor 0, partition 45, NODE_LOCAL, 7356 bytes)
[2025-12-07T20:05:33.379+0000] {subprocess.py:106} INFO - 25/12/07 20:05:33 INFO TaskSetManager: Finished task 24.0 in stage 18.0 (TID 458) in 137 ms on 172.18.0.8 (executor 0) (29/50)
[2025-12-07T20:05:33.380+0000] {subprocess.py:106} INFO - 25/12/07 20:05:33 INFO TaskSetManager: Finished task 23.0 in stage 18.0 (TID 457) in 138 ms on 172.18.0.8 (executor 0) (30/50)
[2025-12-07T20:05:33.384+0000] {subprocess.py:106} INFO - 25/12/07 20:05:33 INFO TaskSetManager: Starting task 46.0 in stage 18.0 (TID 480) (172.18.0.8, executor 0, partition 46, NODE_LOCAL, 7356 bytes)
[2025-12-07T20:05:33.385+0000] {subprocess.py:106} INFO - 25/12/07 20:05:33 INFO TaskSetManager: Finished task 28.0 in stage 18.0 (TID 462) in 143 ms on 172.18.0.8 (executor 0) (31/50)
[2025-12-07T20:05:33.386+0000] {subprocess.py:106} INFO - 25/12/07 20:05:33 INFO TaskSetManager: Starting task 47.0 in stage 18.0 (TID 481) (172.18.0.8, executor 0, partition 47, NODE_LOCAL, 7356 bytes)
[2025-12-07T20:05:33.386+0000] {subprocess.py:106} INFO - 25/12/07 20:05:33 INFO TaskSetManager: Finished task 27.0 in stage 18.0 (TID 461) in 147 ms on 172.18.0.8 (executor 0) (32/50)
[2025-12-07T20:05:33.409+0000] {subprocess.py:106} INFO - 25/12/07 20:05:33 INFO BlockManagerInfo: Added rdd_89_33 in memory on 172.18.0.8:33107 (size: 30.6 KiB, free: 426.3 MiB)
[2025-12-07T20:05:33.424+0000] {subprocess.py:106} INFO - 25/12/07 20:05:33 INFO BlockManagerInfo: Added rdd_89_34 in memory on 172.18.0.8:33107 (size: 27.2 KiB, free: 426.3 MiB)
[2025-12-07T20:05:33.428+0000] {subprocess.py:106} INFO - 25/12/07 20:05:33 INFO BlockManagerInfo: Added rdd_89_36 in memory on 172.18.0.8:33107 (size: 33.3 KiB, free: 426.3 MiB)
[2025-12-07T20:05:33.433+0000] {subprocess.py:106} INFO - 25/12/07 20:05:33 INFO BlockManagerInfo: Added rdd_89_32 in memory on 172.18.0.8:33107 (size: 32.4 KiB, free: 426.2 MiB)
[2025-12-07T20:05:33.434+0000] {subprocess.py:106} INFO - 25/12/07 20:05:33 INFO BlockManagerInfo: Added rdd_89_35 in memory on 172.18.0.8:33107 (size: 35.9 KiB, free: 426.2 MiB)
[2025-12-07T20:05:33.437+0000] {subprocess.py:106} INFO - 25/12/07 20:05:33 INFO BlockManagerInfo: Added rdd_89_37 in memory on 172.18.0.8:33107 (size: 28.5 KiB, free: 426.2 MiB)
[2025-12-07T20:05:33.440+0000] {subprocess.py:106} INFO - 25/12/07 20:05:33 INFO BlockManagerInfo: Added rdd_89_40 in memory on 172.18.0.8:33107 (size: 29.4 KiB, free: 426.2 MiB)
[2025-12-07T20:05:33.445+0000] {subprocess.py:106} INFO - 25/12/07 20:05:33 INFO BlockManagerInfo: Added rdd_89_43 in memory on 172.18.0.8:33107 (size: 28.3 KiB, free: 426.1 MiB)
[2025-12-07T20:05:33.446+0000] {subprocess.py:106} INFO - 25/12/07 20:05:33 INFO TaskSetManager: Starting task 48.0 in stage 18.0 (TID 482) (172.18.0.8, executor 0, partition 48, NODE_LOCAL, 7356 bytes)
[2025-12-07T20:05:33.449+0000] {subprocess.py:106} INFO - 25/12/07 20:05:33 INFO TaskSetManager: Finished task 33.0 in stage 18.0 (TID 467) in 125 ms on 172.18.0.8 (executor 0) (33/50)
[2025-12-07T20:05:33.451+0000] {subprocess.py:106} INFO - 25/12/07 20:05:33 INFO BlockManagerInfo: Added rdd_89_38 in memory on 172.18.0.8:33107 (size: 31.6 KiB, free: 426.1 MiB)
[2025-12-07T20:05:33.452+0000] {subprocess.py:106} INFO - 25/12/07 20:05:33 INFO BlockManagerInfo: Added rdd_89_39 in memory on 172.18.0.8:33107 (size: 24.2 KiB, free: 426.1 MiB)
[2025-12-07T20:05:33.457+0000] {subprocess.py:106} INFO - 25/12/07 20:05:33 INFO BlockManagerInfo: Added rdd_89_42 in memory on 172.18.0.8:33107 (size: 33.7 KiB, free: 426.0 MiB)
[2025-12-07T20:05:33.458+0000] {subprocess.py:106} INFO - 25/12/07 20:05:33 INFO BlockManagerInfo: Added rdd_89_47 in memory on 172.18.0.8:33107 (size: 30.8 KiB, free: 426.0 MiB)
[2025-12-07T20:05:33.459+0000] {subprocess.py:106} INFO - 25/12/07 20:05:33 INFO BlockManagerInfo: Added rdd_89_41 in memory on 172.18.0.8:33107 (size: 29.6 KiB, free: 426.0 MiB)
[2025-12-07T20:05:33.460+0000] {subprocess.py:106} INFO - 25/12/07 20:05:33 INFO TaskSetManager: Starting task 49.0 in stage 18.0 (TID 483) (172.18.0.8, executor 0, partition 49, NODE_LOCAL, 7356 bytes)
[2025-12-07T20:05:33.461+0000] {subprocess.py:106} INFO - 25/12/07 20:05:33 INFO TaskSetManager: Finished task 34.0 in stage 18.0 (TID 468) in 129 ms on 172.18.0.8 (executor 0) (34/50)
[2025-12-07T20:05:33.472+0000] {subprocess.py:106} INFO - 25/12/07 20:05:33 INFO BlockManagerInfo: Added rdd_89_45 in memory on 172.18.0.8:33107 (size: 32.4 KiB, free: 425.9 MiB)
[2025-12-07T20:05:33.476+0000] {subprocess.py:106} INFO - 25/12/07 20:05:33 INFO TaskSetManager: Finished task 36.0 in stage 18.0 (TID 470) in 134 ms on 172.18.0.8 (executor 0) (35/50)
[2025-12-07T20:05:33.478+0000] {subprocess.py:106} INFO - 25/12/07 20:05:33 INFO TaskSetManager: Finished task 32.0 in stage 18.0 (TID 466) in 160 ms on 172.18.0.8 (executor 0) (36/50)
[2025-12-07T20:05:33.490+0000] {subprocess.py:106} INFO - 25/12/07 20:05:33 INFO TaskSetManager: Finished task 35.0 in stage 18.0 (TID 469) in 150 ms on 172.18.0.8 (executor 0) (37/50)
[2025-12-07T20:05:33.491+0000] {subprocess.py:106} INFO - 25/12/07 20:05:33 INFO BlockManagerInfo: Added rdd_89_46 in memory on 172.18.0.8:33107 (size: 32.4 KiB, free: 425.9 MiB)
[2025-12-07T20:05:33.492+0000] {subprocess.py:106} INFO - 25/12/07 20:05:33 INFO BlockManagerInfo: Added rdd_89_44 in memory on 172.18.0.8:33107 (size: 29.4 KiB, free: 425.9 MiB)
[2025-12-07T20:05:33.494+0000] {subprocess.py:106} INFO - 25/12/07 20:05:33 INFO TaskSetManager: Finished task 40.0 in stage 18.0 (TID 474) in 139 ms on 172.18.0.8 (executor 0) (38/50)
[2025-12-07T20:05:33.495+0000] {subprocess.py:106} INFO - 25/12/07 20:05:33 INFO TaskSetManager: Finished task 43.0 in stage 18.0 (TID 477) in 138 ms on 172.18.0.8 (executor 0) (39/50)
[2025-12-07T20:05:33.500+0000] {subprocess.py:106} INFO - 25/12/07 20:05:33 INFO TaskSetManager: Finished task 37.0 in stage 18.0 (TID 471) in 150 ms on 172.18.0.8 (executor 0) (40/50)
[2025-12-07T20:05:33.501+0000] {subprocess.py:106} INFO - 25/12/07 20:05:33 INFO TaskSetManager: Finished task 38.0 in stage 18.0 (TID 472) in 150 ms on 172.18.0.8 (executor 0) (41/50)
[2025-12-07T20:05:33.502+0000] {subprocess.py:106} INFO - 25/12/07 20:05:33 INFO TaskSetManager: Finished task 41.0 in stage 18.0 (TID 475) in 141 ms on 172.18.0.8 (executor 0) (42/50)
[2025-12-07T20:05:33.503+0000] {subprocess.py:106} INFO - 25/12/07 20:05:33 INFO TaskSetManager: Finished task 39.0 in stage 18.0 (TID 473) in 150 ms on 172.18.0.8 (executor 0) (43/50)
[2025-12-07T20:05:33.503+0000] {subprocess.py:106} INFO - 25/12/07 20:05:33 INFO TaskSetManager: Finished task 42.0 in stage 18.0 (TID 476) in 140 ms on 172.18.0.8 (executor 0) (44/50)
[2025-12-07T20:05:33.504+0000] {subprocess.py:106} INFO - 25/12/07 20:05:33 INFO TaskSetManager: Finished task 47.0 in stage 18.0 (TID 481) in 125 ms on 172.18.0.8 (executor 0) (45/50)
[2025-12-07T20:05:33.508+0000] {subprocess.py:106} INFO - 25/12/07 20:05:33 INFO TaskSetManager: Finished task 45.0 in stage 18.0 (TID 479) in 145 ms on 172.18.0.8 (executor 0) (46/50)
[2025-12-07T20:05:33.513+0000] {subprocess.py:106} INFO - 25/12/07 20:05:33 INFO TaskSetManager: Finished task 44.0 in stage 18.0 (TID 478) in 151 ms on 172.18.0.8 (executor 0) (47/50)
[2025-12-07T20:05:33.519+0000] {subprocess.py:106} INFO - 25/12/07 20:05:33 INFO TaskSetManager: Finished task 46.0 in stage 18.0 (TID 480) in 146 ms on 172.18.0.8 (executor 0) (48/50)
[2025-12-07T20:05:33.554+0000] {subprocess.py:106} INFO - 25/12/07 20:05:33 INFO BlockManagerInfo: Added rdd_89_49 in memory on 172.18.0.8:33107 (size: 30.0 KiB, free: 425.9 MiB)
[2025-12-07T20:05:33.555+0000] {subprocess.py:106} INFO - 25/12/07 20:05:33 INFO BlockManagerInfo: Added rdd_89_48 in memory on 172.18.0.8:33107 (size: 32.4 KiB, free: 425.8 MiB)
[2025-12-07T20:05:33.574+0000] {subprocess.py:106} INFO - 25/12/07 20:05:33 INFO TaskSetManager: Finished task 49.0 in stage 18.0 (TID 483) in 116 ms on 172.18.0.8 (executor 0) (49/50)
[2025-12-07T20:05:33.580+0000] {subprocess.py:106} INFO - 25/12/07 20:05:33 INFO TaskSetManager: Finished task 48.0 in stage 18.0 (TID 482) in 133 ms on 172.18.0.8 (executor 0) (50/50)
[2025-12-07T20:05:33.581+0000] {subprocess.py:106} INFO - 25/12/07 20:05:33 INFO TaskSchedulerImpl: Removed TaskSet 18.0, whose tasks have all completed, from pool
[2025-12-07T20:05:33.582+0000] {subprocess.py:106} INFO - 25/12/07 20:05:33 INFO DAGScheduler: ShuffleMapStage 18 ($anonfun$recordDeltaOperationInternal$1 at DatabricksLogging.scala:128) finished in 0.747 s
[2025-12-07T20:05:33.583+0000] {subprocess.py:106} INFO - 25/12/07 20:05:33 INFO DAGScheduler: looking for newly runnable stages
[2025-12-07T20:05:33.583+0000] {subprocess.py:106} INFO - 25/12/07 20:05:33 INFO DAGScheduler: running: Set()
[2025-12-07T20:05:33.584+0000] {subprocess.py:106} INFO - 25/12/07 20:05:33 INFO DAGScheduler: waiting: Set()
[2025-12-07T20:05:33.584+0000] {subprocess.py:106} INFO - 25/12/07 20:05:33 INFO DAGScheduler: failed: Set()
[2025-12-07T20:05:33.608+0000] {subprocess.py:106} INFO - 25/12/07 20:05:33 INFO SparkContext: Starting job: $anonfun$recordDeltaOperationInternal$1 at DatabricksLogging.scala:128
[2025-12-07T20:05:33.610+0000] {subprocess.py:106} INFO - 25/12/07 20:05:33 INFO DAGScheduler: Got job 15 ($anonfun$recordDeltaOperationInternal$1 at DatabricksLogging.scala:128) with 1 output partitions
[2025-12-07T20:05:33.611+0000] {subprocess.py:106} INFO - 25/12/07 20:05:33 INFO DAGScheduler: Final stage: ResultStage 21 ($anonfun$recordDeltaOperationInternal$1 at DatabricksLogging.scala:128)
[2025-12-07T20:05:33.612+0000] {subprocess.py:106} INFO - 25/12/07 20:05:33 INFO DAGScheduler: Parents of final stage: List(ShuffleMapStage 20)
[2025-12-07T20:05:33.612+0000] {subprocess.py:106} INFO - 25/12/07 20:05:33 INFO DAGScheduler: Missing parents: List()
[2025-12-07T20:05:33.613+0000] {subprocess.py:106} INFO - 25/12/07 20:05:33 INFO DAGScheduler: Submitting ResultStage 21 (MapPartitionsRDD[95] at $anonfun$recordDeltaOperationInternal$1 at DatabricksLogging.scala:128), which has no missing parents
[2025-12-07T20:05:33.617+0000] {subprocess.py:106} INFO - 25/12/07 20:05:33 INFO MemoryStore: Block broadcast_32 stored as values in memory (estimated size 452.3 KiB, free 426.5 MiB)
[2025-12-07T20:05:33.619+0000] {subprocess.py:106} INFO - 25/12/07 20:05:33 INFO MemoryStore: Block broadcast_32_piece0 stored as bytes in memory (estimated size 108.0 KiB, free 426.4 MiB)
[2025-12-07T20:05:33.620+0000] {subprocess.py:106} INFO - 25/12/07 20:05:33 INFO BlockManagerInfo: Added broadcast_32_piece0 in memory on 13f196131dae:46673 (size: 108.0 KiB, free: 430.0 MiB)
[2025-12-07T20:05:33.620+0000] {subprocess.py:106} INFO - 25/12/07 20:05:33 INFO SparkContext: Created broadcast 32 from broadcast at DAGScheduler.scala:1535
[2025-12-07T20:05:33.621+0000] {subprocess.py:106} INFO - 25/12/07 20:05:33 INFO DAGScheduler: Submitting 1 missing tasks from ResultStage 21 (MapPartitionsRDD[95] at $anonfun$recordDeltaOperationInternal$1 at DatabricksLogging.scala:128) (first 15 tasks are for partitions Vector(0))
[2025-12-07T20:05:33.622+0000] {subprocess.py:106} INFO - 25/12/07 20:05:33 INFO TaskSchedulerImpl: Adding task set 21.0 with 1 tasks resource profile 0
[2025-12-07T20:05:33.623+0000] {subprocess.py:106} INFO - 25/12/07 20:05:33 INFO TaskSetManager: Starting task 0.0 in stage 21.0 (TID 484) (172.18.0.8, executor 0, partition 0, NODE_LOCAL, 7367 bytes)
[2025-12-07T20:05:33.633+0000] {subprocess.py:106} INFO - 25/12/07 20:05:33 INFO BlockManagerInfo: Added broadcast_32_piece0 in memory on 172.18.0.8:33107 (size: 108.0 KiB, free: 425.7 MiB)
[2025-12-07T20:05:33.645+0000] {subprocess.py:106} INFO - 25/12/07 20:05:33 INFO MapOutputTrackerMasterEndpoint: Asked to send map output locations for shuffle 4 to 172.18.0.8:44278
[2025-12-07T20:05:33.698+0000] {subprocess.py:106} INFO - 25/12/07 20:05:33 INFO TaskSetManager: Finished task 0.0 in stage 21.0 (TID 484) in 75 ms on 172.18.0.8 (executor 0) (1/1)
[2025-12-07T20:05:33.704+0000] {subprocess.py:106} INFO - 25/12/07 20:05:33 INFO TaskSchedulerImpl: Removed TaskSet 21.0, whose tasks have all completed, from pool
[2025-12-07T20:05:33.705+0000] {subprocess.py:106} INFO - 25/12/07 20:05:33 INFO DAGScheduler: ResultStage 21 ($anonfun$recordDeltaOperationInternal$1 at DatabricksLogging.scala:128) finished in 0.086 s
[2025-12-07T20:05:33.706+0000] {subprocess.py:106} INFO - 25/12/07 20:05:33 INFO DAGScheduler: Job 15 is finished. Cancelling potential speculative or zombie tasks for this job
[2025-12-07T20:05:33.706+0000] {subprocess.py:106} INFO - 25/12/07 20:05:33 INFO TaskSchedulerImpl: Killing all running tasks in stage 21: Stage finished
[2025-12-07T20:05:33.707+0000] {subprocess.py:106} INFO - 25/12/07 20:05:33 INFO DAGScheduler: Job 15 finished: $anonfun$recordDeltaOperationInternal$1 at DatabricksLogging.scala:128, took 0.090503 s
[2025-12-07T20:05:33.756+0000] {subprocess.py:106} INFO - 25/12/07 20:05:33 INFO BlockManagerInfo: Removed broadcast_31_piece0 on 13f196131dae:46673 in memory (size: 123.2 KiB, free: 430.1 MiB)
[2025-12-07T20:05:33.757+0000] {subprocess.py:106} INFO - 25/12/07 20:05:33 INFO BlockManagerInfo: Removed broadcast_31_piece0 on 172.18.0.8:33107 in memory (size: 123.2 KiB, free: 425.8 MiB)
[2025-12-07T20:05:33.758+0000] {subprocess.py:106} INFO - 25/12/07 20:05:33 INFO CodeGenerator: Code generated in 48.91195 ms
[2025-12-07T20:05:33.761+0000] {subprocess.py:106} INFO - 25/12/07 20:05:33 INFO Snapshot: [tableId=0c019af0-eb78-4898-b436-bf8b6d282e3f] DELTA: Done
[2025-12-07T20:05:33.764+0000] {subprocess.py:106} INFO - 25/12/07 20:05:33 INFO BlockManagerInfo: Removed broadcast_32_piece0 on 13f196131dae:46673 in memory (size: 108.0 KiB, free: 430.2 MiB)
[2025-12-07T20:05:33.766+0000] {subprocess.py:106} INFO - 25/12/07 20:05:33 INFO BlockManagerInfo: Removed broadcast_32_piece0 on 172.18.0.8:33107 in memory (size: 108.0 KiB, free: 425.9 MiB)
[2025-12-07T20:05:33.953+0000] {subprocess.py:106} INFO - 25/12/07 20:05:33 INFO CodeGenerator: Code generated in 95.010832 ms
[2025-12-07T20:05:33.968+0000] {subprocess.py:106} INFO - 25/12/07 20:05:33 INFO SparkContext: Starting job: $anonfun$recordDeltaOperationInternal$1 at DatabricksLogging.scala:128
[2025-12-07T20:05:33.969+0000] {subprocess.py:106} INFO - 25/12/07 20:05:33 INFO DAGScheduler: Got job 16 ($anonfun$recordDeltaOperationInternal$1 at DatabricksLogging.scala:128) with 50 output partitions
[2025-12-07T20:05:33.970+0000] {subprocess.py:106} INFO - 25/12/07 20:05:33 INFO DAGScheduler: Final stage: ResultStage 23 ($anonfun$recordDeltaOperationInternal$1 at DatabricksLogging.scala:128)
[2025-12-07T20:05:33.970+0000] {subprocess.py:106} INFO - 25/12/07 20:05:33 INFO DAGScheduler: Parents of final stage: List(ShuffleMapStage 22)
[2025-12-07T20:05:33.971+0000] {subprocess.py:106} INFO - 25/12/07 20:05:33 INFO DAGScheduler: Missing parents: List()
[2025-12-07T20:05:33.971+0000] {subprocess.py:106} INFO - 25/12/07 20:05:33 INFO DAGScheduler: Submitting ResultStage 23 (MapPartitionsRDD[97] at $anonfun$recordDeltaOperationInternal$1 at DatabricksLogging.scala:128), which has no missing parents
[2025-12-07T20:05:33.983+0000] {subprocess.py:106} INFO - 25/12/07 20:05:33 INFO MemoryStore: Block broadcast_33 stored as values in memory (estimated size 592.2 KiB, free 427.0 MiB)
[2025-12-07T20:05:33.985+0000] {subprocess.py:106} INFO - 25/12/07 20:05:33 INFO MemoryStore: Block broadcast_33_piece0 stored as bytes in memory (estimated size 138.6 KiB, free 426.9 MiB)
[2025-12-07T20:05:33.986+0000] {subprocess.py:106} INFO - 25/12/07 20:05:33 INFO BlockManagerInfo: Added broadcast_33_piece0 in memory on 13f196131dae:46673 (size: 138.6 KiB, free: 430.1 MiB)
[2025-12-07T20:05:33.987+0000] {subprocess.py:106} INFO - 25/12/07 20:05:33 INFO SparkContext: Created broadcast 33 from broadcast at DAGScheduler.scala:1535
[2025-12-07T20:05:33.988+0000] {subprocess.py:106} INFO - 25/12/07 20:05:33 INFO DAGScheduler: Submitting 50 missing tasks from ResultStage 23 (MapPartitionsRDD[97] at $anonfun$recordDeltaOperationInternal$1 at DatabricksLogging.scala:128) (first 15 tasks are for partitions Vector(0, 1, 2, 3, 4, 5, 6, 7, 8, 9, 10, 11, 12, 13, 14))
[2025-12-07T20:05:33.989+0000] {subprocess.py:106} INFO - 25/12/07 20:05:33 INFO TaskSchedulerImpl: Adding task set 23.0 with 50 tasks resource profile 0
[2025-12-07T20:05:33.990+0000] {subprocess.py:106} INFO - 25/12/07 20:05:33 INFO TaskSetManager: Starting task 0.0 in stage 23.0 (TID 485) (172.18.0.8, executor 0, partition 0, PROCESS_LOCAL, 7367 bytes)
[2025-12-07T20:05:33.992+0000] {subprocess.py:106} INFO - 25/12/07 20:05:33 INFO TaskSetManager: Starting task 1.0 in stage 23.0 (TID 486) (172.18.0.8, executor 0, partition 1, PROCESS_LOCAL, 7367 bytes)
[2025-12-07T20:05:33.992+0000] {subprocess.py:106} INFO - 25/12/07 20:05:33 INFO TaskSetManager: Starting task 2.0 in stage 23.0 (TID 487) (172.18.0.8, executor 0, partition 2, PROCESS_LOCAL, 7367 bytes)
[2025-12-07T20:05:33.993+0000] {subprocess.py:106} INFO - 25/12/07 20:05:33 INFO TaskSetManager: Starting task 3.0 in stage 23.0 (TID 488) (172.18.0.8, executor 0, partition 3, PROCESS_LOCAL, 7367 bytes)
[2025-12-07T20:05:33.994+0000] {subprocess.py:106} INFO - 25/12/07 20:05:33 INFO TaskSetManager: Starting task 4.0 in stage 23.0 (TID 489) (172.18.0.8, executor 0, partition 4, PROCESS_LOCAL, 7367 bytes)
[2025-12-07T20:05:33.995+0000] {subprocess.py:106} INFO - 25/12/07 20:05:33 INFO TaskSetManager: Starting task 5.0 in stage 23.0 (TID 490) (172.18.0.8, executor 0, partition 5, PROCESS_LOCAL, 7367 bytes)
[2025-12-07T20:05:33.995+0000] {subprocess.py:106} INFO - 25/12/07 20:05:33 INFO TaskSetManager: Starting task 6.0 in stage 23.0 (TID 491) (172.18.0.8, executor 0, partition 6, PROCESS_LOCAL, 7367 bytes)
[2025-12-07T20:05:33.996+0000] {subprocess.py:106} INFO - 25/12/07 20:05:33 INFO TaskSetManager: Starting task 7.0 in stage 23.0 (TID 492) (172.18.0.8, executor 0, partition 7, PROCESS_LOCAL, 7367 bytes)
[2025-12-07T20:05:33.997+0000] {subprocess.py:106} INFO - 25/12/07 20:05:33 INFO TaskSetManager: Starting task 8.0 in stage 23.0 (TID 493) (172.18.0.8, executor 0, partition 8, PROCESS_LOCAL, 7367 bytes)
[2025-12-07T20:05:33.997+0000] {subprocess.py:106} INFO - 25/12/07 20:05:33 INFO TaskSetManager: Starting task 9.0 in stage 23.0 (TID 494) (172.18.0.8, executor 0, partition 9, PROCESS_LOCAL, 7367 bytes)
[2025-12-07T20:05:33.999+0000] {subprocess.py:106} INFO - 25/12/07 20:05:33 INFO TaskSetManager: Starting task 10.0 in stage 23.0 (TID 495) (172.18.0.8, executor 0, partition 10, PROCESS_LOCAL, 7367 bytes)
[2025-12-07T20:05:34.000+0000] {subprocess.py:106} INFO - 25/12/07 20:05:33 INFO TaskSetManager: Starting task 11.0 in stage 23.0 (TID 496) (172.18.0.8, executor 0, partition 11, PROCESS_LOCAL, 7367 bytes)
[2025-12-07T20:05:34.001+0000] {subprocess.py:106} INFO - 25/12/07 20:05:33 INFO TaskSetManager: Starting task 12.0 in stage 23.0 (TID 497) (172.18.0.8, executor 0, partition 12, PROCESS_LOCAL, 7367 bytes)
[2025-12-07T20:05:34.002+0000] {subprocess.py:106} INFO - 25/12/07 20:05:33 INFO TaskSetManager: Starting task 13.0 in stage 23.0 (TID 498) (172.18.0.8, executor 0, partition 13, PROCESS_LOCAL, 7367 bytes)
[2025-12-07T20:05:34.002+0000] {subprocess.py:106} INFO - 25/12/07 20:05:33 INFO TaskSetManager: Starting task 14.0 in stage 23.0 (TID 499) (172.18.0.8, executor 0, partition 14, PROCESS_LOCAL, 7367 bytes)
[2025-12-07T20:05:34.003+0000] {subprocess.py:106} INFO - 25/12/07 20:05:33 INFO TaskSetManager: Starting task 15.0 in stage 23.0 (TID 500) (172.18.0.8, executor 0, partition 15, PROCESS_LOCAL, 7367 bytes)
[2025-12-07T20:05:34.005+0000] {subprocess.py:106} INFO - 25/12/07 20:05:34 INFO BlockManagerInfo: Added broadcast_33_piece0 in memory on 172.18.0.8:33107 (size: 138.6 KiB, free: 425.8 MiB)
[2025-12-07T20:05:34.122+0000] {subprocess.py:106} INFO - 25/12/07 20:05:34 INFO TaskSetManager: Starting task 16.0 in stage 23.0 (TID 501) (172.18.0.8, executor 0, partition 16, PROCESS_LOCAL, 7367 bytes)
[2025-12-07T20:05:34.123+0000] {subprocess.py:106} INFO - 25/12/07 20:05:34 INFO TaskSetManager: Starting task 17.0 in stage 23.0 (TID 502) (172.18.0.8, executor 0, partition 17, PROCESS_LOCAL, 7367 bytes)
[2025-12-07T20:05:34.125+0000] {subprocess.py:106} INFO - 25/12/07 20:05:34 INFO TaskSetManager: Finished task 5.0 in stage 23.0 (TID 490) in 132 ms on 172.18.0.8 (executor 0) (1/50)
[2025-12-07T20:05:34.126+0000] {subprocess.py:106} INFO - 25/12/07 20:05:34 INFO TaskSetManager: Finished task 10.0 in stage 23.0 (TID 495) in 131 ms on 172.18.0.8 (executor 0) (2/50)
[2025-12-07T20:05:34.132+0000] {subprocess.py:106} INFO - 25/12/07 20:05:34 INFO TaskSetManager: Starting task 18.0 in stage 23.0 (TID 503) (172.18.0.8, executor 0, partition 18, PROCESS_LOCAL, 7367 bytes)
[2025-12-07T20:05:34.137+0000] {subprocess.py:106} INFO - 25/12/07 20:05:34 INFO TaskSetManager: Finished task 9.0 in stage 23.0 (TID 494) in 132 ms on 172.18.0.8 (executor 0) (3/50)
[2025-12-07T20:05:34.139+0000] {subprocess.py:106} INFO - 25/12/07 20:05:34 INFO TaskSetManager: Starting task 19.0 in stage 23.0 (TID 504) (172.18.0.8, executor 0, partition 19, PROCESS_LOCAL, 7367 bytes)
[2025-12-07T20:05:34.140+0000] {subprocess.py:106} INFO - 25/12/07 20:05:34 INFO TaskSetManager: Starting task 20.0 in stage 23.0 (TID 505) (172.18.0.8, executor 0, partition 20, PROCESS_LOCAL, 7367 bytes)
[2025-12-07T20:05:34.141+0000] {subprocess.py:106} INFO - 25/12/07 20:05:34 INFO TaskSetManager: Finished task 0.0 in stage 23.0 (TID 485) in 135 ms on 172.18.0.8 (executor 0) (4/50)
[2025-12-07T20:05:34.143+0000] {subprocess.py:106} INFO - 25/12/07 20:05:34 INFO TaskSetManager: Starting task 21.0 in stage 23.0 (TID 506) (172.18.0.8, executor 0, partition 21, PROCESS_LOCAL, 7367 bytes)
[2025-12-07T20:05:34.144+0000] {subprocess.py:106} INFO - 25/12/07 20:05:34 INFO TaskSetManager: Starting task 22.0 in stage 23.0 (TID 507) (172.18.0.8, executor 0, partition 22, PROCESS_LOCAL, 7367 bytes)
[2025-12-07T20:05:34.145+0000] {subprocess.py:106} INFO - 25/12/07 20:05:34 INFO TaskSetManager: Finished task 15.0 in stage 23.0 (TID 500) in 133 ms on 172.18.0.8 (executor 0) (5/50)
[2025-12-07T20:05:34.146+0000] {subprocess.py:106} INFO - 25/12/07 20:05:34 INFO TaskSetManager: Starting task 23.0 in stage 23.0 (TID 508) (172.18.0.8, executor 0, partition 23, PROCESS_LOCAL, 7367 bytes)
[2025-12-07T20:05:34.147+0000] {subprocess.py:106} INFO - 25/12/07 20:05:34 INFO TaskSetManager: Finished task 14.0 in stage 23.0 (TID 499) in 134 ms on 172.18.0.8 (executor 0) (6/50)
[2025-12-07T20:05:34.149+0000] {subprocess.py:106} INFO - 25/12/07 20:05:34 INFO TaskSetManager: Starting task 24.0 in stage 23.0 (TID 509) (172.18.0.8, executor 0, partition 24, PROCESS_LOCAL, 7367 bytes)
[2025-12-07T20:05:34.151+0000] {subprocess.py:106} INFO - 25/12/07 20:05:34 INFO TaskSetManager: Starting task 25.0 in stage 23.0 (TID 510) (172.18.0.8, executor 0, partition 25, PROCESS_LOCAL, 7367 bytes)
[2025-12-07T20:05:34.152+0000] {subprocess.py:106} INFO - 25/12/07 20:05:34 INFO TaskSetManager: Finished task 11.0 in stage 23.0 (TID 496) in 136 ms on 172.18.0.8 (executor 0) (7/50)
[2025-12-07T20:05:34.153+0000] {subprocess.py:106} INFO - 25/12/07 20:05:34 INFO TaskSetManager: Starting task 26.0 in stage 23.0 (TID 511) (172.18.0.8, executor 0, partition 26, PROCESS_LOCAL, 7367 bytes)
[2025-12-07T20:05:34.155+0000] {subprocess.py:106} INFO - 25/12/07 20:05:34 INFO TaskSetManager: Finished task 3.0 in stage 23.0 (TID 488) in 138 ms on 172.18.0.8 (executor 0) (8/50)
[2025-12-07T20:05:34.156+0000] {subprocess.py:106} INFO - 25/12/07 20:05:34 INFO TaskSetManager: Starting task 27.0 in stage 23.0 (TID 512) (172.18.0.8, executor 0, partition 27, PROCESS_LOCAL, 7367 bytes)
[2025-12-07T20:05:34.157+0000] {subprocess.py:106} INFO - 25/12/07 20:05:34 INFO TaskSetManager: Finished task 1.0 in stage 23.0 (TID 486) in 140 ms on 172.18.0.8 (executor 0) (9/50)
[2025-12-07T20:05:34.159+0000] {subprocess.py:106} INFO - 25/12/07 20:05:34 INFO TaskSetManager: Finished task 12.0 in stage 23.0 (TID 497) in 141 ms on 172.18.0.8 (executor 0) (10/50)
[2025-12-07T20:05:34.160+0000] {subprocess.py:106} INFO - 25/12/07 20:05:34 INFO TaskSetManager: Starting task 28.0 in stage 23.0 (TID 513) (172.18.0.8, executor 0, partition 28, PROCESS_LOCAL, 7367 bytes)
[2025-12-07T20:05:34.161+0000] {subprocess.py:106} INFO - 25/12/07 20:05:34 INFO TaskSetManager: Starting task 29.0 in stage 23.0 (TID 514) (172.18.0.8, executor 0, partition 29, PROCESS_LOCAL, 7367 bytes)
[2025-12-07T20:05:34.163+0000] {subprocess.py:106} INFO - 25/12/07 20:05:34 INFO TaskSetManager: Starting task 30.0 in stage 23.0 (TID 515) (172.18.0.8, executor 0, partition 30, PROCESS_LOCAL, 7367 bytes)
[2025-12-07T20:05:34.164+0000] {subprocess.py:106} INFO - 25/12/07 20:05:34 INFO TaskSetManager: Starting task 31.0 in stage 23.0 (TID 516) (172.18.0.8, executor 0, partition 31, PROCESS_LOCAL, 7367 bytes)
[2025-12-07T20:05:34.166+0000] {subprocess.py:106} INFO - 25/12/07 20:05:34 INFO TaskSetManager: Finished task 7.0 in stage 23.0 (TID 492) in 146 ms on 172.18.0.8 (executor 0) (11/50)
[2025-12-07T20:05:34.167+0000] {subprocess.py:106} INFO - 25/12/07 20:05:34 INFO TaskSetManager: Finished task 4.0 in stage 23.0 (TID 489) in 147 ms on 172.18.0.8 (executor 0) (12/50)
[2025-12-07T20:05:34.168+0000] {subprocess.py:106} INFO - 25/12/07 20:05:34 INFO TaskSetManager: Finished task 8.0 in stage 23.0 (TID 493) in 148 ms on 172.18.0.8 (executor 0) (13/50)
[2025-12-07T20:05:34.169+0000] {subprocess.py:106} INFO - 25/12/07 20:05:34 INFO TaskSetManager: Finished task 6.0 in stage 23.0 (TID 491) in 149 ms on 172.18.0.8 (executor 0) (14/50)
[2025-12-07T20:05:34.170+0000] {subprocess.py:106} INFO - 25/12/07 20:05:34 INFO TaskSetManager: Finished task 2.0 in stage 23.0 (TID 487) in 151 ms on 172.18.0.8 (executor 0) (15/50)
[2025-12-07T20:05:34.171+0000] {subprocess.py:106} INFO - 25/12/07 20:05:34 INFO TaskSetManager: Finished task 13.0 in stage 23.0 (TID 498) in 151 ms on 172.18.0.8 (executor 0) (16/50)
[2025-12-07T20:05:34.171+0000] {subprocess.py:106} INFO - 25/12/07 20:05:34 INFO TaskSetManager: Starting task 32.0 in stage 23.0 (TID 517) (172.18.0.8, executor 0, partition 32, PROCESS_LOCAL, 7367 bytes)
[2025-12-07T20:05:34.172+0000] {subprocess.py:106} INFO - 25/12/07 20:05:34 INFO TaskSetManager: Starting task 33.0 in stage 23.0 (TID 518) (172.18.0.8, executor 0, partition 33, PROCESS_LOCAL, 7367 bytes)
[2025-12-07T20:05:34.173+0000] {subprocess.py:106} INFO - 25/12/07 20:05:34 INFO TaskSetManager: Starting task 34.0 in stage 23.0 (TID 519) (172.18.0.8, executor 0, partition 34, PROCESS_LOCAL, 7367 bytes)
[2025-12-07T20:05:34.174+0000] {subprocess.py:106} INFO - 25/12/07 20:05:34 INFO TaskSetManager: Starting task 35.0 in stage 23.0 (TID 520) (172.18.0.8, executor 0, partition 35, PROCESS_LOCAL, 7367 bytes)
[2025-12-07T20:05:34.175+0000] {subprocess.py:106} INFO - 25/12/07 20:05:34 INFO TaskSetManager: Finished task 18.0 in stage 23.0 (TID 503) in 26 ms on 172.18.0.8 (executor 0) (17/50)
[2025-12-07T20:05:34.178+0000] {subprocess.py:106} INFO - 25/12/07 20:05:34 INFO TaskSetManager: Starting task 36.0 in stage 23.0 (TID 521) (172.18.0.8, executor 0, partition 36, PROCESS_LOCAL, 7367 bytes)
[2025-12-07T20:05:34.179+0000] {subprocess.py:106} INFO - 25/12/07 20:05:34 INFO TaskSetManager: Starting task 37.0 in stage 23.0 (TID 522) (172.18.0.8, executor 0, partition 37, PROCESS_LOCAL, 7367 bytes)
[2025-12-07T20:05:34.180+0000] {subprocess.py:106} INFO - 25/12/07 20:05:34 INFO TaskSetManager: Starting task 38.0 in stage 23.0 (TID 523) (172.18.0.8, executor 0, partition 38, PROCESS_LOCAL, 7367 bytes)
[2025-12-07T20:05:34.181+0000] {subprocess.py:106} INFO - 25/12/07 20:05:34 INFO TaskSetManager: Finished task 26.0 in stage 23.0 (TID 511) in 24 ms on 172.18.0.8 (executor 0) (18/50)
[2025-12-07T20:05:34.183+0000] {subprocess.py:106} INFO - 25/12/07 20:05:34 INFO TaskSetManager: Finished task 17.0 in stage 23.0 (TID 502) in 31 ms on 172.18.0.8 (executor 0) (19/50)
[2025-12-07T20:05:34.184+0000] {subprocess.py:106} INFO - 25/12/07 20:05:34 INFO TaskSetManager: Finished task 20.0 in stage 23.0 (TID 505) in 29 ms on 172.18.0.8 (executor 0) (20/50)
[2025-12-07T20:05:34.187+0000] {subprocess.py:106} INFO - 25/12/07 20:05:34 INFO TaskSetManager: Finished task 16.0 in stage 23.0 (TID 501) in 33 ms on 172.18.0.8 (executor 0) (21/50)
[2025-12-07T20:05:34.189+0000] {subprocess.py:106} INFO - 25/12/07 20:05:34 INFO TaskSetManager: Finished task 19.0 in stage 23.0 (TID 504) in 31 ms on 172.18.0.8 (executor 0) (22/50)
[2025-12-07T20:05:34.190+0000] {subprocess.py:106} INFO - 25/12/07 20:05:34 INFO TaskSetManager: Starting task 39.0 in stage 23.0 (TID 524) (172.18.0.8, executor 0, partition 39, PROCESS_LOCAL, 7367 bytes)
[2025-12-07T20:05:34.192+0000] {subprocess.py:106} INFO - 25/12/07 20:05:34 INFO TaskSetManager: Starting task 40.0 in stage 23.0 (TID 525) (172.18.0.8, executor 0, partition 40, PROCESS_LOCAL, 7367 bytes)
[2025-12-07T20:05:34.194+0000] {subprocess.py:106} INFO - 25/12/07 20:05:34 INFO TaskSetManager: Finished task 24.0 in stage 23.0 (TID 509) in 30 ms on 172.18.0.8 (executor 0) (23/50)
[2025-12-07T20:05:34.194+0000] {subprocess.py:106} INFO - 25/12/07 20:05:34 INFO TaskSetManager: Starting task 41.0 in stage 23.0 (TID 526) (172.18.0.8, executor 0, partition 41, PROCESS_LOCAL, 7367 bytes)
[2025-12-07T20:05:34.195+0000] {subprocess.py:106} INFO - 25/12/07 20:05:34 INFO TaskSetManager: Finished task 21.0 in stage 23.0 (TID 506) in 34 ms on 172.18.0.8 (executor 0) (24/50)
[2025-12-07T20:05:34.196+0000] {subprocess.py:106} INFO - 25/12/07 20:05:34 INFO TaskSetManager: Finished task 25.0 in stage 23.0 (TID 510) in 31 ms on 172.18.0.8 (executor 0) (25/50)
[2025-12-07T20:05:34.197+0000] {subprocess.py:106} INFO - 25/12/07 20:05:34 INFO TaskSetManager: Finished task 22.0 in stage 23.0 (TID 507) in 34 ms on 172.18.0.8 (executor 0) (26/50)
[2025-12-07T20:05:34.198+0000] {subprocess.py:106} INFO - 25/12/07 20:05:34 INFO TaskSetManager: Starting task 42.0 in stage 23.0 (TID 527) (172.18.0.8, executor 0, partition 42, PROCESS_LOCAL, 7367 bytes)
[2025-12-07T20:05:34.198+0000] {subprocess.py:106} INFO - 25/12/07 20:05:34 INFO TaskSetManager: Starting task 43.0 in stage 23.0 (TID 528) (172.18.0.8, executor 0, partition 43, PROCESS_LOCAL, 7367 bytes)
[2025-12-07T20:05:34.199+0000] {subprocess.py:106} INFO - 25/12/07 20:05:34 INFO TaskSetManager: Finished task 32.0 in stage 23.0 (TID 517) in 22 ms on 172.18.0.8 (executor 0) (27/50)
[2025-12-07T20:05:34.200+0000] {subprocess.py:106} INFO - 25/12/07 20:05:34 INFO TaskSetManager: Finished task 33.0 in stage 23.0 (TID 518) in 22 ms on 172.18.0.8 (executor 0) (28/50)
[2025-12-07T20:05:34.200+0000] {subprocess.py:106} INFO - 25/12/07 20:05:34 INFO TaskSetManager: Starting task 44.0 in stage 23.0 (TID 529) (172.18.0.8, executor 0, partition 44, PROCESS_LOCAL, 7367 bytes)
[2025-12-07T20:05:34.201+0000] {subprocess.py:106} INFO - 25/12/07 20:05:34 INFO TaskSetManager: Starting task 45.0 in stage 23.0 (TID 530) (172.18.0.8, executor 0, partition 45, PROCESS_LOCAL, 7367 bytes)
[2025-12-07T20:05:34.202+0000] {subprocess.py:106} INFO - 25/12/07 20:05:34 INFO TaskSetManager: Starting task 46.0 in stage 23.0 (TID 531) (172.18.0.8, executor 0, partition 46, PROCESS_LOCAL, 7367 bytes)
[2025-12-07T20:05:34.202+0000] {subprocess.py:106} INFO - 25/12/07 20:05:34 INFO TaskSetManager: Finished task 29.0 in stage 23.0 (TID 514) in 41 ms on 172.18.0.8 (executor 0) (29/50)
[2025-12-07T20:05:34.203+0000] {subprocess.py:106} INFO - 25/12/07 20:05:34 INFO TaskSetManager: Finished task 31.0 in stage 23.0 (TID 516) in 40 ms on 172.18.0.8 (executor 0) (30/50)
[2025-12-07T20:05:34.203+0000] {subprocess.py:106} INFO - 25/12/07 20:05:34 INFO TaskSetManager: Starting task 47.0 in stage 23.0 (TID 532) (172.18.0.8, executor 0, partition 47, PROCESS_LOCAL, 7367 bytes)
[2025-12-07T20:05:34.204+0000] {subprocess.py:106} INFO - 25/12/07 20:05:34 INFO TaskSetManager: Starting task 48.0 in stage 23.0 (TID 533) (172.18.0.8, executor 0, partition 48, PROCESS_LOCAL, 7367 bytes)
[2025-12-07T20:05:34.205+0000] {subprocess.py:106} INFO - 25/12/07 20:05:34 INFO TaskSetManager: Starting task 49.0 in stage 23.0 (TID 534) (172.18.0.8, executor 0, partition 49, PROCESS_LOCAL, 7367 bytes)
[2025-12-07T20:05:34.205+0000] {subprocess.py:106} INFO - 25/12/07 20:05:34 INFO TaskSetManager: Finished task 23.0 in stage 23.0 (TID 508) in 56 ms on 172.18.0.8 (executor 0) (31/50)
[2025-12-07T20:05:34.206+0000] {subprocess.py:106} INFO - 25/12/07 20:05:34 INFO TaskSetManager: Finished task 30.0 in stage 23.0 (TID 515) in 46 ms on 172.18.0.8 (executor 0) (32/50)
[2025-12-07T20:05:34.206+0000] {subprocess.py:106} INFO - 25/12/07 20:05:34 INFO TaskSetManager: Finished task 37.0 in stage 23.0 (TID 522) in 34 ms on 172.18.0.8 (executor 0) (33/50)
[2025-12-07T20:05:34.207+0000] {subprocess.py:106} INFO - 25/12/07 20:05:34 INFO TaskSetManager: Finished task 41.0 in stage 23.0 (TID 526) in 28 ms on 172.18.0.8 (executor 0) (34/50)
[2025-12-07T20:05:34.208+0000] {subprocess.py:106} INFO - 25/12/07 20:05:34 INFO TaskSetManager: Finished task 28.0 in stage 23.0 (TID 513) in 51 ms on 172.18.0.8 (executor 0) (35/50)
[2025-12-07T20:05:34.208+0000] {subprocess.py:106} INFO - 25/12/07 20:05:34 INFO TaskSetManager: Finished task 34.0 in stage 23.0 (TID 519) in 40 ms on 172.18.0.8 (executor 0) (36/50)
[2025-12-07T20:05:34.209+0000] {subprocess.py:106} INFO - 25/12/07 20:05:34 INFO TaskSetManager: Finished task 27.0 in stage 23.0 (TID 512) in 57 ms on 172.18.0.8 (executor 0) (37/50)
[2025-12-07T20:05:34.209+0000] {subprocess.py:106} INFO - 25/12/07 20:05:34 INFO TaskSetManager: Finished task 39.0 in stage 23.0 (TID 524) in 31 ms on 172.18.0.8 (executor 0) (38/50)
[2025-12-07T20:05:34.210+0000] {subprocess.py:106} INFO - 25/12/07 20:05:34 INFO TaskSetManager: Finished task 43.0 in stage 23.0 (TID 528) in 23 ms on 172.18.0.8 (executor 0) (39/50)
[2025-12-07T20:05:34.210+0000] {subprocess.py:106} INFO - 25/12/07 20:05:34 INFO TaskSetManager: Finished task 42.0 in stage 23.0 (TID 527) in 26 ms on 172.18.0.8 (executor 0) (40/50)
[2025-12-07T20:05:34.211+0000] {subprocess.py:106} INFO - 25/12/07 20:05:34 INFO TaskSetManager: Finished task 38.0 in stage 23.0 (TID 523) in 38 ms on 172.18.0.8 (executor 0) (41/50)
[2025-12-07T20:05:34.211+0000] {subprocess.py:106} INFO - 25/12/07 20:05:34 INFO TaskSetManager: Finished task 36.0 in stage 23.0 (TID 521) in 44 ms on 172.18.0.8 (executor 0) (42/50)
[2025-12-07T20:05:34.212+0000] {subprocess.py:106} INFO - 25/12/07 20:05:34 INFO TaskSetManager: Finished task 44.0 in stage 23.0 (TID 529) in 23 ms on 172.18.0.8 (executor 0) (43/50)
[2025-12-07T20:05:34.212+0000] {subprocess.py:106} INFO - 25/12/07 20:05:34 INFO TaskSetManager: Finished task 40.0 in stage 23.0 (TID 525) in 42 ms on 172.18.0.8 (executor 0) (44/50)
[2025-12-07T20:05:34.213+0000] {subprocess.py:106} INFO - 25/12/07 20:05:34 INFO TaskSetManager: Finished task 35.0 in stage 23.0 (TID 520) in 50 ms on 172.18.0.8 (executor 0) (45/50)
[2025-12-07T20:05:34.213+0000] {subprocess.py:106} INFO - 25/12/07 20:05:34 INFO TaskSetManager: Finished task 47.0 in stage 23.0 (TID 532) in 19 ms on 172.18.0.8 (executor 0) (46/50)
[2025-12-07T20:05:34.214+0000] {subprocess.py:106} INFO - 25/12/07 20:05:34 INFO TaskSetManager: Finished task 46.0 in stage 23.0 (TID 531) in 23 ms on 172.18.0.8 (executor 0) (47/50)
[2025-12-07T20:05:34.214+0000] {subprocess.py:106} INFO - 25/12/07 20:05:34 INFO TaskSetManager: Finished task 45.0 in stage 23.0 (TID 530) in 24 ms on 172.18.0.8 (executor 0) (48/50)
[2025-12-07T20:05:34.215+0000] {subprocess.py:106} INFO - 25/12/07 20:05:34 INFO TaskSetManager: Finished task 49.0 in stage 23.0 (TID 534) in 22 ms on 172.18.0.8 (executor 0) (49/50)
[2025-12-07T20:05:34.215+0000] {subprocess.py:106} INFO - 25/12/07 20:05:34 INFO TaskSetManager: Finished task 48.0 in stage 23.0 (TID 533) in 24 ms on 172.18.0.8 (executor 0) (50/50)
[2025-12-07T20:05:34.216+0000] {subprocess.py:106} INFO - 25/12/07 20:05:34 INFO TaskSchedulerImpl: Removed TaskSet 23.0, whose tasks have all completed, from pool
[2025-12-07T20:05:34.216+0000] {subprocess.py:106} INFO - 25/12/07 20:05:34 INFO DAGScheduler: ResultStage 23 ($anonfun$recordDeltaOperationInternal$1 at DatabricksLogging.scala:128) finished in 0.231 s
[2025-12-07T20:05:34.217+0000] {subprocess.py:106} INFO - 25/12/07 20:05:34 INFO DAGScheduler: Job 16 is finished. Cancelling potential speculative or zombie tasks for this job
[2025-12-07T20:05:34.217+0000] {subprocess.py:106} INFO - 25/12/07 20:05:34 INFO TaskSchedulerImpl: Killing all running tasks in stage 23: Stage finished
[2025-12-07T20:05:34.218+0000] {subprocess.py:106} INFO - 25/12/07 20:05:34 INFO DAGScheduler: Job 16 finished: $anonfun$recordDeltaOperationInternal$1 at DatabricksLogging.scala:128, took 0.236368 s
[2025-12-07T20:05:34.293+0000] {subprocess.py:106} INFO - 25/12/07 20:05:34 INFO OptimisticTransaction: [tableId=0c019af0,txnId=7189e878] Attempting to commit version 1 with 9987 actions with Serializable isolation level
[2025-12-07T20:05:34.582+0000] {subprocess.py:106} INFO - 25/12/07 20:05:34 INFO BlockManagerInfo: Removed broadcast_33_piece0 on 13f196131dae:46673 in memory (size: 138.6 KiB, free: 430.2 MiB)
[2025-12-07T20:05:34.583+0000] {subprocess.py:106} INFO - 25/12/07 20:05:34 INFO BlockManagerInfo: Removed broadcast_33_piece0 on 172.18.0.8:33107 in memory (size: 138.6 KiB, free: 425.9 MiB)
[2025-12-07T20:05:35.009+0000] {subprocess.py:106} INFO - 25/12/07 20:05:35 INFO DeltaLog: Creating a new snapshot v1 for commit version 1
[2025-12-07T20:05:35.010+0000] {subprocess.py:106} INFO - 25/12/07 20:05:35 INFO DeltaLog: Loading version 1.
[2025-12-07T20:05:35.014+0000] {subprocess.py:106} INFO - 25/12/07 20:05:35 INFO DeltaLogFileIndex: Created DeltaLogFileIndex(JSON, numFilesInSegment: 2, totalFileSize: 14829595)
[2025-12-07T20:05:35.042+0000] {subprocess.py:106} INFO - 25/12/07 20:05:35 INFO FileSourceStrategy: Pushed Filters:
[2025-12-07T20:05:35.043+0000] {subprocess.py:106} INFO - 25/12/07 20:05:35 INFO FileSourceStrategy: Post-Scan Filters:
[2025-12-07T20:05:35.056+0000] {subprocess.py:106} INFO - 25/12/07 20:05:35 INFO MemoryStore: Block broadcast_34 stored as values in memory (estimated size 212.9 KiB, free 427.4 MiB)
[2025-12-07T20:05:35.062+0000] {subprocess.py:106} INFO - 25/12/07 20:05:35 INFO MemoryStore: Block broadcast_34_piece0 stored as bytes in memory (estimated size 36.3 KiB, free 427.3 MiB)
[2025-12-07T20:05:35.063+0000] {subprocess.py:106} INFO - 25/12/07 20:05:35 INFO BlockManagerInfo: Added broadcast_34_piece0 in memory on 13f196131dae:46673 (size: 36.3 KiB, free: 430.2 MiB)
[2025-12-07T20:05:35.063+0000] {subprocess.py:106} INFO - 25/12/07 20:05:35 INFO SparkContext: Created broadcast 34 from toString at <unknown>:0
[2025-12-07T20:05:35.064+0000] {subprocess.py:106} INFO - 25/12/07 20:05:35 INFO FileSourceScanExec: Planning scan with bin packing, max size: 4194304 bytes, open cost is considered as scanning 4194304 bytes.
[2025-12-07T20:05:35.076+0000] {subprocess.py:106} INFO - 25/12/07 20:05:35 INFO SparkContext: Starting job: toString at <unknown>:0
[2025-12-07T20:05:35.077+0000] {subprocess.py:106} INFO - 25/12/07 20:05:35 INFO DAGScheduler: Got job 17 (toString at <unknown>:0) with 4 output partitions
[2025-12-07T20:05:35.077+0000] {subprocess.py:106} INFO - 25/12/07 20:05:35 INFO DAGScheduler: Final stage: ResultStage 24 (toString at <unknown>:0)
[2025-12-07T20:05:35.078+0000] {subprocess.py:106} INFO - 25/12/07 20:05:35 INFO DAGScheduler: Parents of final stage: List()
[2025-12-07T20:05:35.078+0000] {subprocess.py:106} INFO - 25/12/07 20:05:35 INFO DAGScheduler: Missing parents: List()
[2025-12-07T20:05:35.079+0000] {subprocess.py:106} INFO - 25/12/07 20:05:35 INFO DAGScheduler: Submitting ResultStage 24 (MapPartitionsRDD[101] at toString at <unknown>:0), which has no missing parents
[2025-12-07T20:05:35.079+0000] {subprocess.py:106} INFO - 25/12/07 20:05:35 INFO MemoryStore: Block broadcast_35 stored as values in memory (estimated size 50.4 KiB, free 427.3 MiB)
[2025-12-07T20:05:35.084+0000] {subprocess.py:106} INFO - 25/12/07 20:05:35 INFO MemoryStore: Block broadcast_35_piece0 stored as bytes in memory (estimated size 15.5 KiB, free 427.3 MiB)
[2025-12-07T20:05:35.085+0000] {subprocess.py:106} INFO - 25/12/07 20:05:35 INFO BlockManagerInfo: Added broadcast_35_piece0 in memory on 13f196131dae:46673 (size: 15.5 KiB, free: 430.2 MiB)
[2025-12-07T20:05:35.086+0000] {subprocess.py:106} INFO - 25/12/07 20:05:35 INFO SparkContext: Created broadcast 35 from broadcast at DAGScheduler.scala:1535
[2025-12-07T20:05:35.086+0000] {subprocess.py:106} INFO - 25/12/07 20:05:35 INFO DAGScheduler: Submitting 4 missing tasks from ResultStage 24 (MapPartitionsRDD[101] at toString at <unknown>:0) (first 15 tasks are for partitions Vector(0, 1, 2, 3))
[2025-12-07T20:05:35.087+0000] {subprocess.py:106} INFO - 25/12/07 20:05:35 INFO TaskSchedulerImpl: Adding task set 24.0 with 4 tasks resource profile 0
[2025-12-07T20:05:35.087+0000] {subprocess.py:106} INFO - 25/12/07 20:05:35 INFO TaskSetManager: Starting task 0.0 in stage 24.0 (TID 535) (172.18.0.8, executor 0, partition 0, PROCESS_LOCAL, 7942 bytes)
[2025-12-07T20:05:35.088+0000] {subprocess.py:106} INFO - 25/12/07 20:05:35 INFO TaskSetManager: Starting task 1.0 in stage 24.0 (TID 536) (172.18.0.8, executor 0, partition 1, PROCESS_LOCAL, 7942 bytes)
[2025-12-07T20:05:35.088+0000] {subprocess.py:106} INFO - 25/12/07 20:05:35 INFO TaskSetManager: Starting task 2.0 in stage 24.0 (TID 537) (172.18.0.8, executor 0, partition 2, PROCESS_LOCAL, 7942 bytes)
[2025-12-07T20:05:35.089+0000] {subprocess.py:106} INFO - 25/12/07 20:05:35 INFO TaskSetManager: Starting task 3.0 in stage 24.0 (TID 538) (172.18.0.8, executor 0, partition 3, PROCESS_LOCAL, 7942 bytes)
[2025-12-07T20:05:35.096+0000] {subprocess.py:106} INFO - 25/12/07 20:05:35 INFO BlockManagerInfo: Added broadcast_35_piece0 in memory on 172.18.0.8:33107 (size: 15.5 KiB, free: 425.9 MiB)
[2025-12-07T20:05:35.108+0000] {subprocess.py:106} INFO - 25/12/07 20:05:35 INFO BlockManagerInfo: Added broadcast_34_piece0 in memory on 172.18.0.8:33107 (size: 36.3 KiB, free: 425.9 MiB)
[2025-12-07T20:05:35.149+0000] {subprocess.py:106} INFO - 25/12/07 20:05:35 INFO TaskSetManager: Finished task 3.0 in stage 24.0 (TID 538) in 60 ms on 172.18.0.8 (executor 0) (1/4)
[2025-12-07T20:05:35.162+0000] {subprocess.py:106} INFO - 25/12/07 20:05:35 INFO TaskSetManager: Finished task 1.0 in stage 24.0 (TID 536) in 76 ms on 172.18.0.8 (executor 0) (2/4)
[2025-12-07T20:05:35.172+0000] {subprocess.py:106} INFO - 25/12/07 20:05:35 INFO TaskSetManager: Finished task 0.0 in stage 24.0 (TID 535) in 85 ms on 172.18.0.8 (executor 0) (3/4)
[2025-12-07T20:05:35.186+0000] {subprocess.py:106} INFO - 25/12/07 20:05:35 INFO TaskSetManager: Finished task 2.0 in stage 24.0 (TID 537) in 100 ms on 172.18.0.8 (executor 0) (4/4)
[2025-12-07T20:05:35.187+0000] {subprocess.py:106} INFO - 25/12/07 20:05:35 INFO TaskSchedulerImpl: Removed TaskSet 24.0, whose tasks have all completed, from pool
[2025-12-07T20:05:35.188+0000] {subprocess.py:106} INFO - 25/12/07 20:05:35 INFO DAGScheduler: ResultStage 24 (toString at <unknown>:0) finished in 0.109 s
[2025-12-07T20:05:35.189+0000] {subprocess.py:106} INFO - 25/12/07 20:05:35 INFO DAGScheduler: Job 17 is finished. Cancelling potential speculative or zombie tasks for this job
[2025-12-07T20:05:35.189+0000] {subprocess.py:106} INFO - 25/12/07 20:05:35 INFO TaskSchedulerImpl: Killing all running tasks in stage 24: Stage finished
[2025-12-07T20:05:35.189+0000] {subprocess.py:106} INFO - 25/12/07 20:05:35 INFO DAGScheduler: Job 17 finished: toString at <unknown>:0, took 0.111611 s
[2025-12-07T20:05:35.195+0000] {subprocess.py:106} INFO - 25/12/07 20:05:35 INFO Snapshot: [tableId=0c019af0-eb78-4898-b436-bf8b6d282e3f] Created snapshot Snapshot(path=s3a://gold/fact_sales/_delta_log, version=1, metadata=Metadata(0c019af0-eb78-4898-b436-bf8b6d282e3f,null,null,Format(parquet,Map()),{"type":"struct","fields":[{"name":"sales_key","type":"long","nullable":true,"metadata":{}},{"name":"invoice_id","type":"string","nullable":true,"metadata":{"__metadata_col":true}},{"name":"invoice_date","type":"date","nullable":true,"metadata":{}},{"name":"transaction_time","type":"timestamp","nullable":true,"metadata":{}},{"name":"customer_key","type":"string","nullable":true,"metadata":{}},{"name":"branch_key","type":"string","nullable":true,"metadata":{}},{"name":"product_key","type":"string","nullable":true,"metadata":{}},{"name":"salesperson_name","type":"string","nullable":true,"metadata":{}},{"name":"quantity","type":"integer","nullable":true,"metadata":{}},{"name":"unit_list_price","type":"decimal(18,2)","nullable":true,"metadata":{}},{"name":"unit_actual_price","type":"decimal(18,2)","nullable":true,"metadata":{}},{"name":"total_revenue","type":"decimal(18,2)","nullable":true,"metadata":{}},{"name":"unit_cost","type":"decimal(18,2)","nullable":true,"metadata":{}},{"name":"total_cogs","type":"decimal(29,2)","nullable":true,"metadata":{}},{"name":"gross_profit","type":"decimal(30,2)","nullable":true,"metadata":{}}]},List(invoice_date),Map(),Some(1765136762334)), logSegment=LogSegment(s3a://gold/fact_sales/_delta_log,1,WrappedArray(S3AFileStatus{path=s3a://gold/fact_sales/_delta_log/00000000000000000000.json; isDirectory=false; length=6781472; replication=1; blocksize=33554432; modification_time=1765136829640; access_time=0; owner=root; group=root; permission=rw-rw-rw-; isSymlink=false; hasAcl=false; isEncrypted=true; isErasureCoded=false} isEmptyDirectory=FALSE eTag=da5bd16c0e987dfe3e42d31678107924 versionId=null, S3AFileStatus{path=s3a://gold/fact_sales/_delta_log/00000000000000000001.json; isDirectory=false; length=8048123; replication=1; blocksize=33554432; modification_time=1765137934952; access_time=0; owner=root; group=root; permission=rw-rw-rw-; isSymlink=false; hasAcl=false; isEncrypted=true; isErasureCoded=false} isEmptyDirectory=FALSE eTag=4d7b90c22ea5407fee236314c03f80bb versionId=null),None,1765137934952), checksumOpt=None)
[2025-12-07T20:05:35.196+0000] {subprocess.py:106} INFO - 25/12/07 20:05:35 INFO DeltaLog: Updated snapshot to Snapshot(path=s3a://gold/fact_sales/_delta_log, version=1, metadata=Metadata(0c019af0-eb78-4898-b436-bf8b6d282e3f,null,null,Format(parquet,Map()),{"type":"struct","fields":[{"name":"sales_key","type":"long","nullable":true,"metadata":{}},{"name":"invoice_id","type":"string","nullable":true,"metadata":{"__metadata_col":true}},{"name":"invoice_date","type":"date","nullable":true,"metadata":{}},{"name":"transaction_time","type":"timestamp","nullable":true,"metadata":{}},{"name":"customer_key","type":"string","nullable":true,"metadata":{}},{"name":"branch_key","type":"string","nullable":true,"metadata":{}},{"name":"product_key","type":"string","nullable":true,"metadata":{}},{"name":"salesperson_name","type":"string","nullable":true,"metadata":{}},{"name":"quantity","type":"integer","nullable":true,"metadata":{}},{"name":"unit_list_price","type":"decimal(18,2)","nullable":true,"metadata":{}},{"name":"unit_actual_price","type":"decimal(18,2)","nullable":true,"metadata":{}},{"name":"total_revenue","type":"decimal(18,2)","nullable":true,"metadata":{}},{"name":"unit_cost","type":"decimal(18,2)","nullable":true,"metadata":{}},{"name":"total_cogs","type":"decimal(29,2)","nullable":true,"metadata":{}},{"name":"gross_profit","type":"decimal(30,2)","nullable":true,"metadata":{}}]},List(invoice_date),Map(),Some(1765136762334)), logSegment=LogSegment(s3a://gold/fact_sales/_delta_log,1,WrappedArray(S3AFileStatus{path=s3a://gold/fact_sales/_delta_log/00000000000000000000.json; isDirectory=false; length=6781472; replication=1; blocksize=33554432; modification_time=1765136829640; access_time=0; owner=root; group=root; permission=rw-rw-rw-; isSymlink=false; hasAcl=false; isEncrypted=true; isErasureCoded=false} isEmptyDirectory=FALSE eTag=da5bd16c0e987dfe3e42d31678107924 versionId=null, S3AFileStatus{path=s3a://gold/fact_sales/_delta_log/00000000000000000001.json; isDirectory=false; length=8048123; replication=1; blocksize=33554432; modification_time=1765137934952; access_time=0; owner=root; group=root; permission=rw-rw-rw-; isSymlink=false; hasAcl=false; isEncrypted=true; isErasureCoded=false} isEmptyDirectory=FALSE eTag=4d7b90c22ea5407fee236314c03f80bb versionId=null),None,1765137934952), checksumOpt=None)
[2025-12-07T20:05:35.197+0000] {subprocess.py:106} INFO - 25/12/07 20:05:35 INFO MapPartitionsRDD: Removing RDD 89 from persistence list
[2025-12-07T20:05:35.207+0000] {subprocess.py:106} INFO - 25/12/07 20:05:35 INFO BlockManager: Removing RDD 89
[2025-12-07T20:05:35.215+0000] {subprocess.py:106} INFO - 25/12/07 20:05:35 INFO Snapshot: [tableId=0c019af0-eb78-4898-b436-bf8b6d282e3f] DELTA: Compute snapshot for version: 1
[2025-12-07T20:05:35.219+0000] {subprocess.py:106} INFO - 25/12/07 20:05:35 INFO MemoryStore: Block broadcast_36 stored as values in memory (estimated size 212.3 KiB, free 427.1 MiB)
[2025-12-07T20:05:35.230+0000] {subprocess.py:106} INFO - 25/12/07 20:05:35 INFO MemoryStore: Block broadcast_36_piece0 stored as bytes in memory (estimated size 36.2 KiB, free 427.0 MiB)
[2025-12-07T20:05:35.230+0000] {subprocess.py:106} INFO - 25/12/07 20:05:35 INFO BlockManagerInfo: Added broadcast_36_piece0 in memory on 13f196131dae:46673 (size: 36.2 KiB, free: 430.2 MiB)
[2025-12-07T20:05:35.231+0000] {subprocess.py:106} INFO - 25/12/07 20:05:35 INFO SparkContext: Created broadcast 36 from $anonfun$recordDeltaOperationInternal$1 at DatabricksLogging.scala:128
[2025-12-07T20:05:35.335+0000] {subprocess.py:106} INFO - 25/12/07 20:05:35 INFO BlockManagerInfo: Removed broadcast_35_piece0 on 13f196131dae:46673 in memory (size: 15.5 KiB, free: 430.2 MiB)
[2025-12-07T20:05:35.338+0000] {subprocess.py:106} INFO - 25/12/07 20:05:35 INFO BlockManagerInfo: Removed broadcast_35_piece0 on 172.18.0.8:33107 in memory (size: 15.5 KiB, free: 427.4 MiB)
[2025-12-07T20:05:35.343+0000] {subprocess.py:106} INFO - 25/12/07 20:05:35 INFO BlockManagerInfo: Removed broadcast_34_piece0 on 13f196131dae:46673 in memory (size: 36.3 KiB, free: 430.2 MiB)
[2025-12-07T20:05:35.344+0000] {subprocess.py:106} INFO - 25/12/07 20:05:35 INFO BlockManagerInfo: Removed broadcast_34_piece0 on 172.18.0.8:33107 in memory (size: 36.3 KiB, free: 427.5 MiB)
[2025-12-07T20:05:35.370+0000] {subprocess.py:106} INFO - 25/12/07 20:05:35 INFO FileSourceStrategy: Pushed Filters:
[2025-12-07T20:05:35.371+0000] {subprocess.py:106} INFO - 25/12/07 20:05:35 INFO FileSourceStrategy: Post-Scan Filters:
[2025-12-07T20:05:35.406+0000] {subprocess.py:106} INFO - 25/12/07 20:05:35 INFO MemoryStore: Block broadcast_37 stored as values in memory (estimated size 212.9 KiB, free 427.1 MiB)
[2025-12-07T20:05:35.412+0000] {subprocess.py:106} INFO - 25/12/07 20:05:35 INFO MemoryStore: Block broadcast_37_piece0 stored as bytes in memory (estimated size 36.3 KiB, free 427.1 MiB)
[2025-12-07T20:05:35.413+0000] {subprocess.py:106} INFO - 25/12/07 20:05:35 INFO BlockManagerInfo: Added broadcast_37_piece0 in memory on 13f196131dae:46673 (size: 36.3 KiB, free: 430.2 MiB)
[2025-12-07T20:05:35.413+0000] {subprocess.py:106} INFO - 25/12/07 20:05:35 INFO SparkContext: Created broadcast 37 from $anonfun$recordDeltaOperationInternal$1 at DatabricksLogging.scala:128
[2025-12-07T20:05:35.414+0000] {subprocess.py:106} INFO - 25/12/07 20:05:35 INFO FileSourceScanExec: Planning scan with bin packing, max size: 4194304 bytes, open cost is considered as scanning 4194304 bytes.
[2025-12-07T20:05:35.424+0000] {subprocess.py:106} INFO - 25/12/07 20:05:35 INFO DAGScheduler: Registering RDD 105 ($anonfun$recordDeltaOperationInternal$1 at DatabricksLogging.scala:128) as input to shuffle 5
[2025-12-07T20:05:35.425+0000] {subprocess.py:106} INFO - 25/12/07 20:05:35 INFO DAGScheduler: Got map stage job 18 ($anonfun$recordDeltaOperationInternal$1 at DatabricksLogging.scala:128) with 4 output partitions
[2025-12-07T20:05:35.426+0000] {subprocess.py:106} INFO - 25/12/07 20:05:35 INFO DAGScheduler: Final stage: ShuffleMapStage 25 ($anonfun$recordDeltaOperationInternal$1 at DatabricksLogging.scala:128)
[2025-12-07T20:05:35.427+0000] {subprocess.py:106} INFO - 25/12/07 20:05:35 INFO DAGScheduler: Parents of final stage: List()
[2025-12-07T20:05:35.430+0000] {subprocess.py:106} INFO - 25/12/07 20:05:35 INFO DAGScheduler: Missing parents: List()
[2025-12-07T20:05:35.432+0000] {subprocess.py:106} INFO - 25/12/07 20:05:35 INFO DAGScheduler: Submitting ShuffleMapStage 25 (MapPartitionsRDD[105] at $anonfun$recordDeltaOperationInternal$1 at DatabricksLogging.scala:128), which has no missing parents
[2025-12-07T20:05:35.433+0000] {subprocess.py:106} INFO - 25/12/07 20:05:35 INFO MemoryStore: Block broadcast_38 stored as values in memory (estimated size 138.3 KiB, free 427.0 MiB)
[2025-12-07T20:05:35.434+0000] {subprocess.py:106} INFO - 25/12/07 20:05:35 INFO MemoryStore: Block broadcast_38_piece0 stored as bytes in memory (estimated size 39.0 KiB, free 426.9 MiB)
[2025-12-07T20:05:35.434+0000] {subprocess.py:106} INFO - 25/12/07 20:05:35 INFO BlockManagerInfo: Added broadcast_38_piece0 in memory on 13f196131dae:46673 (size: 39.0 KiB, free: 430.1 MiB)
[2025-12-07T20:05:35.435+0000] {subprocess.py:106} INFO - 25/12/07 20:05:35 INFO SparkContext: Created broadcast 38 from broadcast at DAGScheduler.scala:1535
[2025-12-07T20:05:35.436+0000] {subprocess.py:106} INFO - 25/12/07 20:05:35 INFO DAGScheduler: Submitting 4 missing tasks from ShuffleMapStage 25 (MapPartitionsRDD[105] at $anonfun$recordDeltaOperationInternal$1 at DatabricksLogging.scala:128) (first 15 tasks are for partitions Vector(0, 1, 2, 3))
[2025-12-07T20:05:35.436+0000] {subprocess.py:106} INFO - 25/12/07 20:05:35 INFO TaskSchedulerImpl: Adding task set 25.0 with 4 tasks resource profile 0
[2025-12-07T20:05:35.437+0000] {subprocess.py:106} INFO - 25/12/07 20:05:35 INFO TaskSetManager: Starting task 0.0 in stage 25.0 (TID 539) (172.18.0.8, executor 0, partition 0, PROCESS_LOCAL, 7931 bytes)
[2025-12-07T20:05:35.437+0000] {subprocess.py:106} INFO - 25/12/07 20:05:35 INFO TaskSetManager: Starting task 1.0 in stage 25.0 (TID 540) (172.18.0.8, executor 0, partition 1, PROCESS_LOCAL, 7931 bytes)
[2025-12-07T20:05:35.437+0000] {subprocess.py:106} INFO - 25/12/07 20:05:35 INFO TaskSetManager: Starting task 2.0 in stage 25.0 (TID 541) (172.18.0.8, executor 0, partition 2, PROCESS_LOCAL, 7931 bytes)
[2025-12-07T20:05:35.438+0000] {subprocess.py:106} INFO - 25/12/07 20:05:35 INFO TaskSetManager: Starting task 3.0 in stage 25.0 (TID 542) (172.18.0.8, executor 0, partition 3, PROCESS_LOCAL, 7931 bytes)
[2025-12-07T20:05:35.443+0000] {subprocess.py:106} INFO - 25/12/07 20:05:35 INFO BlockManagerInfo: Added broadcast_38_piece0 in memory on 172.18.0.8:33107 (size: 39.0 KiB, free: 427.4 MiB)
[2025-12-07T20:05:35.462+0000] {subprocess.py:106} INFO - 25/12/07 20:05:35 INFO BlockManagerInfo: Added broadcast_37_piece0 in memory on 172.18.0.8:33107 (size: 36.3 KiB, free: 427.4 MiB)
[2025-12-07T20:05:35.608+0000] {subprocess.py:106} INFO - 25/12/07 20:05:35 INFO TaskSetManager: Finished task 3.0 in stage 25.0 (TID 542) in 173 ms on 172.18.0.8 (executor 0) (1/4)
[2025-12-07T20:05:35.655+0000] {subprocess.py:106} INFO - 25/12/07 20:05:35 INFO TaskSetManager: Finished task 0.0 in stage 25.0 (TID 539) in 221 ms on 172.18.0.8 (executor 0) (2/4)
[2025-12-07T20:05:35.664+0000] {subprocess.py:106} INFO - 25/12/07 20:05:35 INFO TaskSetManager: Finished task 1.0 in stage 25.0 (TID 540) in 230 ms on 172.18.0.8 (executor 0) (3/4)
[2025-12-07T20:05:35.689+0000] {subprocess.py:106} INFO - 25/12/07 20:05:35 INFO TaskSetManager: Finished task 2.0 in stage 25.0 (TID 541) in 253 ms on 172.18.0.8 (executor 0) (4/4)
[2025-12-07T20:05:35.713+0000] {subprocess.py:106} INFO - 25/12/07 20:05:35 INFO TaskSchedulerImpl: Removed TaskSet 25.0, whose tasks have all completed, from pool
[2025-12-07T20:05:35.714+0000] {subprocess.py:106} INFO - 25/12/07 20:05:35 INFO DAGScheduler: ShuffleMapStage 25 ($anonfun$recordDeltaOperationInternal$1 at DatabricksLogging.scala:128) finished in 0.263 s
[2025-12-07T20:05:35.715+0000] {subprocess.py:106} INFO - 25/12/07 20:05:35 INFO DAGScheduler: looking for newly runnable stages
[2025-12-07T20:05:35.715+0000] {subprocess.py:106} INFO - 25/12/07 20:05:35 INFO DAGScheduler: running: Set()
[2025-12-07T20:05:35.716+0000] {subprocess.py:106} INFO - 25/12/07 20:05:35 INFO DAGScheduler: waiting: Set()
[2025-12-07T20:05:35.716+0000] {subprocess.py:106} INFO - 25/12/07 20:05:35 INFO DAGScheduler: failed: Set()
[2025-12-07T20:05:35.745+0000] {subprocess.py:106} INFO - 25/12/07 20:05:35 INFO BlockManagerInfo: Removed broadcast_38_piece0 on 13f196131dae:46673 in memory (size: 39.0 KiB, free: 430.2 MiB)
[2025-12-07T20:05:35.746+0000] {subprocess.py:106} INFO - 25/12/07 20:05:35 INFO BlockManagerInfo: Removed broadcast_38_piece0 on 172.18.0.8:33107 in memory (size: 39.0 KiB, free: 427.4 MiB)
[2025-12-07T20:05:35.856+0000] {subprocess.py:106} INFO - 25/12/07 20:05:35 INFO DAGScheduler: Registering RDD 115 ($anonfun$recordDeltaOperationInternal$1 at DatabricksLogging.scala:128) as input to shuffle 6
[2025-12-07T20:05:35.859+0000] {subprocess.py:106} INFO - 25/12/07 20:05:35 INFO DAGScheduler: Got map stage job 19 ($anonfun$recordDeltaOperationInternal$1 at DatabricksLogging.scala:128) with 50 output partitions
[2025-12-07T20:05:35.861+0000] {subprocess.py:106} INFO - 25/12/07 20:05:35 INFO DAGScheduler: Final stage: ShuffleMapStage 27 ($anonfun$recordDeltaOperationInternal$1 at DatabricksLogging.scala:128)
[2025-12-07T20:05:35.861+0000] {subprocess.py:106} INFO - 25/12/07 20:05:35 INFO DAGScheduler: Parents of final stage: List(ShuffleMapStage 26)
[2025-12-07T20:05:35.862+0000] {subprocess.py:106} INFO - 25/12/07 20:05:35 INFO DAGScheduler: Missing parents: List()
[2025-12-07T20:05:35.862+0000] {subprocess.py:106} INFO - 25/12/07 20:05:35 INFO DAGScheduler: Submitting ShuffleMapStage 27 (MapPartitionsRDD[115] at $anonfun$recordDeltaOperationInternal$1 at DatabricksLogging.scala:128), which has no missing parents
[2025-12-07T20:05:35.898+0000] {subprocess.py:106} INFO - 25/12/07 20:05:35 INFO MemoryStore: Block broadcast_39 stored as values in memory (estimated size 517.2 KiB, free 426.6 MiB)
[2025-12-07T20:05:35.900+0000] {subprocess.py:106} INFO - 25/12/07 20:05:35 INFO MemoryStore: Block broadcast_39_piece0 stored as bytes in memory (estimated size 123.3 KiB, free 426.5 MiB)
[2025-12-07T20:05:35.901+0000] {subprocess.py:106} INFO - 25/12/07 20:05:35 INFO BlockManagerInfo: Added broadcast_39_piece0 in memory on 13f196131dae:46673 (size: 123.3 KiB, free: 430.1 MiB)
[2025-12-07T20:05:35.902+0000] {subprocess.py:106} INFO - 25/12/07 20:05:35 INFO SparkContext: Created broadcast 39 from broadcast at DAGScheduler.scala:1535
[2025-12-07T20:05:35.906+0000] {subprocess.py:106} INFO - 25/12/07 20:05:35 INFO DAGScheduler: Submitting 50 missing tasks from ShuffleMapStage 27 (MapPartitionsRDD[115] at $anonfun$recordDeltaOperationInternal$1 at DatabricksLogging.scala:128) (first 15 tasks are for partitions Vector(0, 1, 2, 3, 4, 5, 6, 7, 8, 9, 10, 11, 12, 13, 14))
[2025-12-07T20:05:35.907+0000] {subprocess.py:106} INFO - 25/12/07 20:05:35 INFO TaskSchedulerImpl: Adding task set 27.0 with 50 tasks resource profile 0
[2025-12-07T20:05:35.908+0000] {subprocess.py:106} INFO - 25/12/07 20:05:35 INFO TaskSetManager: Starting task 0.0 in stage 27.0 (TID 543) (172.18.0.8, executor 0, partition 0, NODE_LOCAL, 7356 bytes)
[2025-12-07T20:05:35.908+0000] {subprocess.py:106} INFO - 25/12/07 20:05:35 INFO TaskSetManager: Starting task 1.0 in stage 27.0 (TID 544) (172.18.0.8, executor 0, partition 1, NODE_LOCAL, 7356 bytes)
[2025-12-07T20:05:35.909+0000] {subprocess.py:106} INFO - 25/12/07 20:05:35 INFO TaskSetManager: Starting task 2.0 in stage 27.0 (TID 545) (172.18.0.8, executor 0, partition 2, NODE_LOCAL, 7356 bytes)
[2025-12-07T20:05:35.910+0000] {subprocess.py:106} INFO - 25/12/07 20:05:35 INFO TaskSetManager: Starting task 3.0 in stage 27.0 (TID 546) (172.18.0.8, executor 0, partition 3, NODE_LOCAL, 7356 bytes)
[2025-12-07T20:05:35.910+0000] {subprocess.py:106} INFO - 25/12/07 20:05:35 INFO TaskSetManager: Starting task 4.0 in stage 27.0 (TID 547) (172.18.0.8, executor 0, partition 4, NODE_LOCAL, 7356 bytes)
[2025-12-07T20:05:35.911+0000] {subprocess.py:106} INFO - 25/12/07 20:05:35 INFO TaskSetManager: Starting task 5.0 in stage 27.0 (TID 548) (172.18.0.8, executor 0, partition 5, NODE_LOCAL, 7356 bytes)
[2025-12-07T20:05:35.912+0000] {subprocess.py:106} INFO - 25/12/07 20:05:35 INFO TaskSetManager: Starting task 6.0 in stage 27.0 (TID 549) (172.18.0.8, executor 0, partition 6, NODE_LOCAL, 7356 bytes)
[2025-12-07T20:05:35.913+0000] {subprocess.py:106} INFO - 25/12/07 20:05:35 INFO TaskSetManager: Starting task 7.0 in stage 27.0 (TID 550) (172.18.0.8, executor 0, partition 7, NODE_LOCAL, 7356 bytes)
[2025-12-07T20:05:35.914+0000] {subprocess.py:106} INFO - 25/12/07 20:05:35 INFO TaskSetManager: Starting task 8.0 in stage 27.0 (TID 551) (172.18.0.8, executor 0, partition 8, NODE_LOCAL, 7356 bytes)
[2025-12-07T20:05:35.914+0000] {subprocess.py:106} INFO - 25/12/07 20:05:35 INFO TaskSetManager: Starting task 9.0 in stage 27.0 (TID 552) (172.18.0.8, executor 0, partition 9, NODE_LOCAL, 7356 bytes)
[2025-12-07T20:05:35.915+0000] {subprocess.py:106} INFO - 25/12/07 20:05:35 INFO TaskSetManager: Starting task 10.0 in stage 27.0 (TID 553) (172.18.0.8, executor 0, partition 10, NODE_LOCAL, 7356 bytes)
[2025-12-07T20:05:35.915+0000] {subprocess.py:106} INFO - 25/12/07 20:05:35 INFO TaskSetManager: Starting task 11.0 in stage 27.0 (TID 554) (172.18.0.8, executor 0, partition 11, NODE_LOCAL, 7356 bytes)
[2025-12-07T20:05:35.916+0000] {subprocess.py:106} INFO - 25/12/07 20:05:35 INFO TaskSetManager: Starting task 12.0 in stage 27.0 (TID 555) (172.18.0.8, executor 0, partition 12, NODE_LOCAL, 7356 bytes)
[2025-12-07T20:05:35.917+0000] {subprocess.py:106} INFO - 25/12/07 20:05:35 INFO TaskSetManager: Starting task 13.0 in stage 27.0 (TID 556) (172.18.0.8, executor 0, partition 13, NODE_LOCAL, 7356 bytes)
[2025-12-07T20:05:35.918+0000] {subprocess.py:106} INFO - 25/12/07 20:05:35 INFO TaskSetManager: Starting task 14.0 in stage 27.0 (TID 557) (172.18.0.8, executor 0, partition 14, NODE_LOCAL, 7356 bytes)
[2025-12-07T20:05:35.918+0000] {subprocess.py:106} INFO - 25/12/07 20:05:35 INFO TaskSetManager: Starting task 15.0 in stage 27.0 (TID 558) (172.18.0.8, executor 0, partition 15, NODE_LOCAL, 7356 bytes)
[2025-12-07T20:05:35.922+0000] {subprocess.py:106} INFO - 25/12/07 20:05:35 INFO BlockManagerInfo: Added broadcast_39_piece0 in memory on 172.18.0.8:33107 (size: 123.3 KiB, free: 427.3 MiB)
[2025-12-07T20:05:35.943+0000] {subprocess.py:106} INFO - 25/12/07 20:05:35 INFO MapOutputTrackerMasterEndpoint: Asked to send map output locations for shuffle 5 to 172.18.0.8:44278
[2025-12-07T20:05:36.000+0000] {subprocess.py:106} INFO - 25/12/07 20:05:35 INFO BlockManagerInfo: Added rdd_112_0 in memory on 172.18.0.8:33107 (size: 42.0 KiB, free: 427.3 MiB)
[2025-12-07T20:05:36.004+0000] {subprocess.py:106} INFO - 25/12/07 20:05:35 INFO BlockManagerInfo: Added rdd_112_8 in memory on 172.18.0.8:33107 (size: 41.5 KiB, free: 427.2 MiB)
[2025-12-07T20:05:36.005+0000] {subprocess.py:106} INFO - 25/12/07 20:05:35 INFO BlockManagerInfo: Added rdd_112_14 in memory on 172.18.0.8:33107 (size: 37.5 KiB, free: 427.2 MiB)
[2025-12-07T20:05:36.007+0000] {subprocess.py:106} INFO - 25/12/07 20:05:35 INFO BlockManagerInfo: Added rdd_112_12 in memory on 172.18.0.8:33107 (size: 36.4 KiB, free: 427.2 MiB)
[2025-12-07T20:05:36.007+0000] {subprocess.py:106} INFO - 25/12/07 20:05:35 INFO BlockManagerInfo: Added rdd_112_7 in memory on 172.18.0.8:33107 (size: 42.2 KiB, free: 427.1 MiB)
[2025-12-07T20:05:36.012+0000] {subprocess.py:106} INFO - 25/12/07 20:05:35 INFO BlockManagerInfo: Added rdd_112_1 in memory on 172.18.0.8:33107 (size: 36.3 KiB, free: 427.1 MiB)
[2025-12-07T20:05:36.013+0000] {subprocess.py:106} INFO - 25/12/07 20:05:35 INFO BlockManagerInfo: Added rdd_112_4 in memory on 172.18.0.8:33107 (size: 41.0 KiB, free: 427.1 MiB)
[2025-12-07T20:05:36.014+0000] {subprocess.py:106} INFO - 25/12/07 20:05:36 INFO BlockManagerInfo: Added rdd_112_13 in memory on 172.18.0.8:33107 (size: 43.4 KiB, free: 427.0 MiB)
[2025-12-07T20:05:36.015+0000] {subprocess.py:106} INFO - 25/12/07 20:05:36 INFO BlockManagerInfo: Added rdd_112_3 in memory on 172.18.0.8:33107 (size: 36.0 KiB, free: 427.0 MiB)
[2025-12-07T20:05:36.016+0000] {subprocess.py:106} INFO - 25/12/07 20:05:36 INFO BlockManagerInfo: Added rdd_112_6 in memory on 172.18.0.8:33107 (size: 42.3 KiB, free: 426.9 MiB)
[2025-12-07T20:05:36.020+0000] {subprocess.py:106} INFO - 25/12/07 20:05:36 INFO BlockManagerInfo: Added rdd_112_10 in memory on 172.18.0.8:33107 (size: 41.0 KiB, free: 426.9 MiB)
[2025-12-07T20:05:36.028+0000] {subprocess.py:106} INFO - 25/12/07 20:05:36 INFO TaskSetManager: Starting task 16.0 in stage 27.0 (TID 559) (172.18.0.8, executor 0, partition 16, NODE_LOCAL, 7356 bytes)
[2025-12-07T20:05:36.031+0000] {subprocess.py:106} INFO - 25/12/07 20:05:36 INFO BlockManagerInfo: Added rdd_112_5 in memory on 172.18.0.8:33107 (size: 35.8 KiB, free: 426.9 MiB)
[2025-12-07T20:05:36.032+0000] {subprocess.py:106} INFO - 25/12/07 20:05:36 INFO TaskSetManager: Finished task 8.0 in stage 27.0 (TID 551) in 119 ms on 172.18.0.8 (executor 0) (1/50)
[2025-12-07T20:05:36.033+0000] {subprocess.py:106} INFO - 25/12/07 20:05:36 INFO TaskSetManager: Starting task 17.0 in stage 27.0 (TID 560) (172.18.0.8, executor 0, partition 17, NODE_LOCAL, 7356 bytes)
[2025-12-07T20:05:36.035+0000] {subprocess.py:106} INFO - 25/12/07 20:05:36 INFO BlockManagerInfo: Added rdd_112_15 in memory on 172.18.0.8:33107 (size: 37.2 KiB, free: 426.8 MiB)
[2025-12-07T20:05:36.038+0000] {subprocess.py:106} INFO - 25/12/07 20:05:36 INFO TaskSetManager: Finished task 12.0 in stage 27.0 (TID 555) in 121 ms on 172.18.0.8 (executor 0) (2/50)
[2025-12-07T20:05:36.039+0000] {subprocess.py:106} INFO - 25/12/07 20:05:36 INFO BlockManagerInfo: Added rdd_112_9 in memory on 172.18.0.8:33107 (size: 42.4 KiB, free: 426.8 MiB)
[2025-12-07T20:05:36.040+0000] {subprocess.py:106} INFO - 25/12/07 20:05:36 INFO TaskSetManager: Starting task 18.0 in stage 27.0 (TID 561) (172.18.0.8, executor 0, partition 18, NODE_LOCAL, 7356 bytes)
[2025-12-07T20:05:36.041+0000] {subprocess.py:106} INFO - 25/12/07 20:05:36 INFO TaskSetManager: Starting task 19.0 in stage 27.0 (TID 562) (172.18.0.8, executor 0, partition 19, NODE_LOCAL, 7356 bytes)
[2025-12-07T20:05:36.042+0000] {subprocess.py:106} INFO - 25/12/07 20:05:36 INFO TaskSetManager: Finished task 0.0 in stage 27.0 (TID 543) in 127 ms on 172.18.0.8 (executor 0) (3/50)
[2025-12-07T20:05:36.043+0000] {subprocess.py:106} INFO - 25/12/07 20:05:36 INFO TaskSetManager: Starting task 20.0 in stage 27.0 (TID 563) (172.18.0.8, executor 0, partition 20, NODE_LOCAL, 7356 bytes)
[2025-12-07T20:05:36.048+0000] {subprocess.py:106} INFO - 25/12/07 20:05:36 INFO TaskSetManager: Starting task 21.0 in stage 27.0 (TID 564) (172.18.0.8, executor 0, partition 21, NODE_LOCAL, 7356 bytes)
[2025-12-07T20:05:36.049+0000] {subprocess.py:106} INFO - 25/12/07 20:05:36 INFO TaskSetManager: Finished task 7.0 in stage 27.0 (TID 550) in 129 ms on 172.18.0.8 (executor 0) (4/50)
[2025-12-07T20:05:36.050+0000] {subprocess.py:106} INFO - 25/12/07 20:05:36 INFO TaskSetManager: Finished task 4.0 in stage 27.0 (TID 547) in 130 ms on 172.18.0.8 (executor 0) (5/50)
[2025-12-07T20:05:36.053+0000] {subprocess.py:106} INFO - 25/12/07 20:05:36 INFO TaskSetManager: Finished task 3.0 in stage 27.0 (TID 546) in 131 ms on 172.18.0.8 (executor 0) (6/50)
[2025-12-07T20:05:36.054+0000] {subprocess.py:106} INFO - 25/12/07 20:05:36 INFO TaskSetManager: Starting task 22.0 in stage 27.0 (TID 565) (172.18.0.8, executor 0, partition 22, NODE_LOCAL, 7356 bytes)
[2025-12-07T20:05:36.056+0000] {subprocess.py:106} INFO - 25/12/07 20:05:36 INFO TaskSetManager: Starting task 23.0 in stage 27.0 (TID 566) (172.18.0.8, executor 0, partition 23, NODE_LOCAL, 7356 bytes)
[2025-12-07T20:05:36.057+0000] {subprocess.py:106} INFO - 25/12/07 20:05:36 INFO TaskSetManager: Starting task 24.0 in stage 27.0 (TID 567) (172.18.0.8, executor 0, partition 24, NODE_LOCAL, 7356 bytes)
[2025-12-07T20:05:36.058+0000] {subprocess.py:106} INFO - 25/12/07 20:05:36 INFO TaskSetManager: Finished task 14.0 in stage 27.0 (TID 557) in 142 ms on 172.18.0.8 (executor 0) (7/50)
[2025-12-07T20:05:36.059+0000] {subprocess.py:106} INFO - 25/12/07 20:05:36 INFO TaskSetManager: Finished task 13.0 in stage 27.0 (TID 556) in 144 ms on 172.18.0.8 (executor 0) (8/50)
[2025-12-07T20:05:36.060+0000] {subprocess.py:106} INFO - 25/12/07 20:05:36 INFO BlockManagerInfo: Added rdd_112_11 in memory on 172.18.0.8:33107 (size: 36.7 KiB, free: 426.7 MiB)
[2025-12-07T20:05:36.062+0000] {subprocess.py:106} INFO - 25/12/07 20:05:36 INFO TaskSetManager: Finished task 1.0 in stage 27.0 (TID 544) in 147 ms on 172.18.0.8 (executor 0) (9/50)
[2025-12-07T20:05:36.063+0000] {subprocess.py:106} INFO - 25/12/07 20:05:36 INFO TaskSetManager: Starting task 25.0 in stage 27.0 (TID 568) (172.18.0.8, executor 0, partition 25, NODE_LOCAL, 7356 bytes)
[2025-12-07T20:05:36.064+0000] {subprocess.py:106} INFO - 25/12/07 20:05:36 INFO TaskSetManager: Finished task 6.0 in stage 27.0 (TID 549) in 148 ms on 172.18.0.8 (executor 0) (10/50)
[2025-12-07T20:05:36.072+0000] {subprocess.py:106} INFO - 25/12/07 20:05:36 INFO BlockManagerInfo: Added rdd_112_2 in memory on 172.18.0.8:33107 (size: 42.6 KiB, free: 426.7 MiB)
[2025-12-07T20:05:36.076+0000] {subprocess.py:106} INFO - 25/12/07 20:05:36 INFO TaskSetManager: Starting task 26.0 in stage 27.0 (TID 569) (172.18.0.8, executor 0, partition 26, NODE_LOCAL, 7356 bytes)
[2025-12-07T20:05:36.078+0000] {subprocess.py:106} INFO - 25/12/07 20:05:36 INFO TaskSetManager: Starting task 27.0 in stage 27.0 (TID 570) (172.18.0.8, executor 0, partition 27, NODE_LOCAL, 7356 bytes)
[2025-12-07T20:05:36.081+0000] {subprocess.py:106} INFO - 25/12/07 20:05:36 INFO TaskSetManager: Finished task 9.0 in stage 27.0 (TID 552) in 155 ms on 172.18.0.8 (executor 0) (11/50)
[2025-12-07T20:05:36.083+0000] {subprocess.py:106} INFO - 25/12/07 20:05:36 INFO TaskSetManager: Finished task 15.0 in stage 27.0 (TID 558) in 154 ms on 172.18.0.8 (executor 0) (12/50)
[2025-12-07T20:05:36.085+0000] {subprocess.py:106} INFO - 25/12/07 20:05:36 INFO TaskSetManager: Starting task 28.0 in stage 27.0 (TID 571) (172.18.0.8, executor 0, partition 28, NODE_LOCAL, 7356 bytes)
[2025-12-07T20:05:36.087+0000] {subprocess.py:106} INFO - 25/12/07 20:05:36 INFO TaskSetManager: Finished task 10.0 in stage 27.0 (TID 553) in 158 ms on 172.18.0.8 (executor 0) (13/50)
[2025-12-07T20:05:36.088+0000] {subprocess.py:106} INFO - 25/12/07 20:05:36 INFO TaskSetManager: Starting task 29.0 in stage 27.0 (TID 572) (172.18.0.8, executor 0, partition 29, NODE_LOCAL, 7356 bytes)
[2025-12-07T20:05:36.089+0000] {subprocess.py:106} INFO - 25/12/07 20:05:36 INFO TaskSetManager: Finished task 5.0 in stage 27.0 (TID 548) in 177 ms on 172.18.0.8 (executor 0) (14/50)
[2025-12-07T20:05:36.122+0000] {subprocess.py:106} INFO - 25/12/07 20:05:36 INFO TaskSetManager: Starting task 30.0 in stage 27.0 (TID 573) (172.18.0.8, executor 0, partition 30, NODE_LOCAL, 7356 bytes)
[2025-12-07T20:05:36.132+0000] {subprocess.py:106} INFO - 25/12/07 20:05:36 INFO TaskSetManager: Finished task 11.0 in stage 27.0 (TID 554) in 208 ms on 172.18.0.8 (executor 0) (15/50)
[2025-12-07T20:05:36.133+0000] {subprocess.py:106} INFO - 25/12/07 20:05:36 INFO TaskSetManager: Starting task 31.0 in stage 27.0 (TID 574) (172.18.0.8, executor 0, partition 31, NODE_LOCAL, 7356 bytes)
[2025-12-07T20:05:36.138+0000] {subprocess.py:106} INFO - 25/12/07 20:05:36 INFO TaskSetManager: Finished task 2.0 in stage 27.0 (TID 545) in 220 ms on 172.18.0.8 (executor 0) (16/50)
[2025-12-07T20:05:36.139+0000] {subprocess.py:106} INFO - 25/12/07 20:05:36 INFO BlockManagerInfo: Added rdd_112_19 in memory on 172.18.0.8:33107 (size: 42.5 KiB, free: 426.7 MiB)
[2025-12-07T20:05:36.151+0000] {subprocess.py:106} INFO - 25/12/07 20:05:36 INFO BlockManagerInfo: Added rdd_112_16 in memory on 172.18.0.8:33107 (size: 35.2 KiB, free: 426.6 MiB)
[2025-12-07T20:05:36.156+0000] {subprocess.py:106} INFO - 25/12/07 20:05:36 INFO BlockManagerInfo: Added rdd_112_24 in memory on 172.18.0.8:33107 (size: 42.7 KiB, free: 426.6 MiB)
[2025-12-07T20:05:36.158+0000] {subprocess.py:106} INFO - 25/12/07 20:05:36 INFO BlockManagerInfo: Added rdd_112_26 in memory on 172.18.0.8:33107 (size: 37.8 KiB, free: 426.6 MiB)
[2025-12-07T20:05:36.159+0000] {subprocess.py:106} INFO - 25/12/07 20:05:36 INFO BlockManagerInfo: Added rdd_112_25 in memory on 172.18.0.8:33107 (size: 40.1 KiB, free: 426.5 MiB)
[2025-12-07T20:05:36.160+0000] {subprocess.py:106} INFO - 25/12/07 20:05:36 INFO BlockManagerInfo: Added rdd_112_21 in memory on 172.18.0.8:33107 (size: 38.4 KiB, free: 426.5 MiB)
[2025-12-07T20:05:36.161+0000] {subprocess.py:106} INFO - 25/12/07 20:05:36 INFO BlockManagerInfo: Added rdd_112_23 in memory on 172.18.0.8:33107 (size: 43.2 KiB, free: 426.4 MiB)
[2025-12-07T20:05:36.161+0000] {subprocess.py:106} INFO - 25/12/07 20:05:36 INFO BlockManagerInfo: Added rdd_112_17 in memory on 172.18.0.8:33107 (size: 38.5 KiB, free: 426.4 MiB)
[2025-12-07T20:05:36.170+0000] {subprocess.py:106} INFO - 25/12/07 20:05:36 INFO BlockManagerInfo: Added rdd_112_20 in memory on 172.18.0.8:33107 (size: 41.7 KiB, free: 426.4 MiB)
[2025-12-07T20:05:36.174+0000] {subprocess.py:106} INFO - 25/12/07 20:05:36 INFO BlockManagerInfo: Added rdd_112_27 in memory on 172.18.0.8:33107 (size: 40.2 KiB, free: 426.3 MiB)
[2025-12-07T20:05:36.176+0000] {subprocess.py:106} INFO - 25/12/07 20:05:36 INFO BlockManagerInfo: Added rdd_112_22 in memory on 172.18.0.8:33107 (size: 40.8 KiB, free: 426.3 MiB)
[2025-12-07T20:05:36.181+0000] {subprocess.py:106} INFO - 25/12/07 20:05:36 INFO TaskSetManager: Starting task 32.0 in stage 27.0 (TID 575) (172.18.0.8, executor 0, partition 32, NODE_LOCAL, 7356 bytes)
[2025-12-07T20:05:36.183+0000] {subprocess.py:106} INFO - 25/12/07 20:05:36 INFO BlockManagerInfo: Added rdd_112_18 in memory on 172.18.0.8:33107 (size: 35.3 KiB, free: 426.2 MiB)
[2025-12-07T20:05:36.183+0000] {subprocess.py:106} INFO - 25/12/07 20:05:36 INFO TaskSetManager: Finished task 19.0 in stage 27.0 (TID 562) in 149 ms on 172.18.0.8 (executor 0) (17/50)
[2025-12-07T20:05:36.225+0000] {subprocess.py:106} INFO - 25/12/07 20:05:36 INFO TaskSetManager: Starting task 33.0 in stage 27.0 (TID 576) (172.18.0.8, executor 0, partition 33, NODE_LOCAL, 7356 bytes)
[2025-12-07T20:05:36.228+0000] {subprocess.py:106} INFO - 25/12/07 20:05:36 INFO TaskSetManager: Starting task 34.0 in stage 27.0 (TID 577) (172.18.0.8, executor 0, partition 34, NODE_LOCAL, 7356 bytes)
[2025-12-07T20:05:36.230+0000] {subprocess.py:106} INFO - 25/12/07 20:05:36 INFO TaskSetManager: Starting task 35.0 in stage 27.0 (TID 578) (172.18.0.8, executor 0, partition 35, NODE_LOCAL, 7356 bytes)
[2025-12-07T20:05:36.231+0000] {subprocess.py:106} INFO - 25/12/07 20:05:36 INFO TaskSetManager: Starting task 36.0 in stage 27.0 (TID 579) (172.18.0.8, executor 0, partition 36, NODE_LOCAL, 7356 bytes)
[2025-12-07T20:05:36.236+0000] {subprocess.py:106} INFO - 25/12/07 20:05:36 INFO TaskSetManager: Starting task 37.0 in stage 27.0 (TID 580) (172.18.0.8, executor 0, partition 37, NODE_LOCAL, 7356 bytes)
[2025-12-07T20:05:36.237+0000] {subprocess.py:106} INFO - 25/12/07 20:05:36 INFO TaskSetManager: Finished task 16.0 in stage 27.0 (TID 559) in 203 ms on 172.18.0.8 (executor 0) (18/50)
[2025-12-07T20:05:36.239+0000] {subprocess.py:106} INFO - 25/12/07 20:05:36 INFO TaskSetManager: Finished task 25.0 in stage 27.0 (TID 568) in 175 ms on 172.18.0.8 (executor 0) (19/50)
[2025-12-07T20:05:36.240+0000] {subprocess.py:106} INFO - 25/12/07 20:05:36 INFO TaskSetManager: Finished task 24.0 in stage 27.0 (TID 567) in 179 ms on 172.18.0.8 (executor 0) (20/50)
[2025-12-07T20:05:36.241+0000] {subprocess.py:106} INFO - 25/12/07 20:05:36 INFO TaskSetManager: Finished task 17.0 in stage 27.0 (TID 560) in 203 ms on 172.18.0.8 (executor 0) (21/50)
[2025-12-07T20:05:36.242+0000] {subprocess.py:106} INFO - 25/12/07 20:05:36 INFO TaskSetManager: Finished task 22.0 in stage 27.0 (TID 565) in 183 ms on 172.18.0.8 (executor 0) (22/50)
[2025-12-07T20:05:36.243+0000] {subprocess.py:106} INFO - 25/12/07 20:05:36 INFO BlockManagerInfo: Added rdd_112_28 in memory on 172.18.0.8:33107 (size: 39.5 KiB, free: 426.2 MiB)
[2025-12-07T20:05:36.244+0000] {subprocess.py:106} INFO - 25/12/07 20:05:36 INFO TaskSetManager: Starting task 38.0 in stage 27.0 (TID 581) (172.18.0.8, executor 0, partition 38, NODE_LOCAL, 7356 bytes)
[2025-12-07T20:05:36.245+0000] {subprocess.py:106} INFO - 25/12/07 20:05:36 INFO BlockManagerInfo: Added rdd_112_29 in memory on 172.18.0.8:33107 (size: 40.4 KiB, free: 426.2 MiB)
[2025-12-07T20:05:36.246+0000] {subprocess.py:106} INFO - 25/12/07 20:05:36 INFO TaskSetManager: Finished task 26.0 in stage 27.0 (TID 569) in 174 ms on 172.18.0.8 (executor 0) (23/50)
[2025-12-07T20:05:36.247+0000] {subprocess.py:106} INFO - 25/12/07 20:05:36 INFO TaskSetManager: Starting task 39.0 in stage 27.0 (TID 582) (172.18.0.8, executor 0, partition 39, NODE_LOCAL, 7356 bytes)
[2025-12-07T20:05:36.248+0000] {subprocess.py:106} INFO - 25/12/07 20:05:36 INFO BlockManagerInfo: Added rdd_112_30 in memory on 172.18.0.8:33107 (size: 38.2 KiB, free: 426.1 MiB)
[2025-12-07T20:05:36.249+0000] {subprocess.py:106} INFO - 25/12/07 20:05:36 INFO TaskSetManager: Starting task 40.0 in stage 27.0 (TID 583) (172.18.0.8, executor 0, partition 40, NODE_LOCAL, 7356 bytes)
[2025-12-07T20:05:36.249+0000] {subprocess.py:106} INFO - 25/12/07 20:05:36 INFO TaskSetManager: Starting task 41.0 in stage 27.0 (TID 584) (172.18.0.8, executor 0, partition 41, NODE_LOCAL, 7356 bytes)
[2025-12-07T20:05:36.261+0000] {subprocess.py:106} INFO - 25/12/07 20:05:36 INFO TaskSetManager: Finished task 21.0 in stage 27.0 (TID 564) in 224 ms on 172.18.0.8 (executor 0) (24/50)
[2025-12-07T20:05:36.262+0000] {subprocess.py:106} INFO - 25/12/07 20:05:36 INFO TaskSetManager: Finished task 23.0 in stage 27.0 (TID 566) in 209 ms on 172.18.0.8 (executor 0) (25/50)
[2025-12-07T20:05:36.264+0000] {subprocess.py:106} INFO - 25/12/07 20:05:36 INFO TaskSetManager: Finished task 27.0 in stage 27.0 (TID 570) in 197 ms on 172.18.0.8 (executor 0) (26/50)
[2025-12-07T20:05:36.265+0000] {subprocess.py:106} INFO - 25/12/07 20:05:36 INFO TaskSetManager: Starting task 42.0 in stage 27.0 (TID 585) (172.18.0.8, executor 0, partition 42, NODE_LOCAL, 7356 bytes)
[2025-12-07T20:05:36.266+0000] {subprocess.py:106} INFO - 25/12/07 20:05:36 INFO TaskSetManager: Finished task 18.0 in stage 27.0 (TID 561) in 231 ms on 172.18.0.8 (executor 0) (27/50)
[2025-12-07T20:05:36.268+0000] {subprocess.py:106} INFO - 25/12/07 20:05:36 INFO TaskSetManager: Starting task 43.0 in stage 27.0 (TID 586) (172.18.0.8, executor 0, partition 43, NODE_LOCAL, 7356 bytes)
[2025-12-07T20:05:36.269+0000] {subprocess.py:106} INFO - 25/12/07 20:05:36 INFO BlockManagerInfo: Added rdd_112_31 in memory on 172.18.0.8:33107 (size: 39.0 KiB, free: 426.1 MiB)
[2025-12-07T20:05:36.271+0000] {subprocess.py:106} INFO - 25/12/07 20:05:36 INFO TaskSetManager: Finished task 20.0 in stage 27.0 (TID 563) in 228 ms on 172.18.0.8 (executor 0) (28/50)
[2025-12-07T20:05:36.272+0000] {subprocess.py:106} INFO - 25/12/07 20:05:36 INFO TaskSetManager: Starting task 44.0 in stage 27.0 (TID 587) (172.18.0.8, executor 0, partition 44, NODE_LOCAL, 7356 bytes)
[2025-12-07T20:05:36.273+0000] {subprocess.py:106} INFO - 25/12/07 20:05:36 INFO TaskSetManager: Starting task 45.0 in stage 27.0 (TID 588) (172.18.0.8, executor 0, partition 45, NODE_LOCAL, 7356 bytes)
[2025-12-07T20:05:36.274+0000] {subprocess.py:106} INFO - 25/12/07 20:05:36 INFO TaskSetManager: Finished task 30.0 in stage 27.0 (TID 573) in 152 ms on 172.18.0.8 (executor 0) (29/50)
[2025-12-07T20:05:36.275+0000] {subprocess.py:106} INFO - 25/12/07 20:05:36 INFO TaskSetManager: Finished task 28.0 in stage 27.0 (TID 571) in 203 ms on 172.18.0.8 (executor 0) (30/50)
[2025-12-07T20:05:36.275+0000] {subprocess.py:106} INFO - 25/12/07 20:05:36 INFO TaskSetManager: Starting task 46.0 in stage 27.0 (TID 589) (172.18.0.8, executor 0, partition 46, NODE_LOCAL, 7356 bytes)
[2025-12-07T20:05:36.276+0000] {subprocess.py:106} INFO - 25/12/07 20:05:36 INFO TaskSetManager: Finished task 29.0 in stage 27.0 (TID 572) in 185 ms on 172.18.0.8 (executor 0) (31/50)
[2025-12-07T20:05:36.302+0000] {subprocess.py:106} INFO - 25/12/07 20:05:36 INFO BlockManagerInfo: Added rdd_112_32 in memory on 172.18.0.8:33107 (size: 36.7 KiB, free: 426.1 MiB)
[2025-12-07T20:05:36.318+0000] {subprocess.py:106} INFO - 25/12/07 20:05:36 INFO TaskSetManager: Starting task 47.0 in stage 27.0 (TID 590) (172.18.0.8, executor 0, partition 47, NODE_LOCAL, 7356 bytes)
[2025-12-07T20:05:36.320+0000] {subprocess.py:106} INFO - 25/12/07 20:05:36 INFO BlockManagerInfo: Added rdd_112_39 in memory on 172.18.0.8:33107 (size: 43.4 KiB, free: 426.0 MiB)
[2025-12-07T20:05:36.321+0000] {subprocess.py:106} INFO - 25/12/07 20:05:36 INFO TaskSetManager: Finished task 31.0 in stage 27.0 (TID 574) in 192 ms on 172.18.0.8 (executor 0) (32/50)
[2025-12-07T20:05:36.336+0000] {subprocess.py:106} INFO - 25/12/07 20:05:36 INFO BlockManagerInfo: Added rdd_112_34 in memory on 172.18.0.8:33107 (size: 37.0 KiB, free: 426.0 MiB)
[2025-12-07T20:05:36.340+0000] {subprocess.py:106} INFO - 25/12/07 20:05:36 INFO BlockManagerInfo: Added rdd_112_40 in memory on 172.18.0.8:33107 (size: 34.2 KiB, free: 425.9 MiB)
[2025-12-07T20:05:36.345+0000] {subprocess.py:106} INFO - 25/12/07 20:05:36 INFO BlockManagerInfo: Added rdd_112_37 in memory on 172.18.0.8:33107 (size: 33.5 KiB, free: 425.9 MiB)
[2025-12-07T20:05:36.356+0000] {subprocess.py:106} INFO - 25/12/07 20:05:36 INFO TaskSetManager: Starting task 48.0 in stage 27.0 (TID 591) (172.18.0.8, executor 0, partition 48, NODE_LOCAL, 7356 bytes)
[2025-12-07T20:05:36.362+0000] {subprocess.py:106} INFO - 25/12/07 20:05:36 INFO TaskSetManager: Finished task 32.0 in stage 27.0 (TID 575) in 174 ms on 172.18.0.8 (executor 0) (33/50)
[2025-12-07T20:05:36.363+0000] {subprocess.py:106} INFO - 25/12/07 20:05:36 INFO BlockManagerInfo: Added rdd_112_41 in memory on 172.18.0.8:33107 (size: 34.4 KiB, free: 425.9 MiB)
[2025-12-07T20:05:36.364+0000] {subprocess.py:106} INFO - 25/12/07 20:05:36 INFO BlockManagerInfo: Added rdd_112_38 in memory on 172.18.0.8:33107 (size: 38.1 KiB, free: 425.8 MiB)
[2025-12-07T20:05:36.366+0000] {subprocess.py:106} INFO - 25/12/07 20:05:36 INFO BlockManagerInfo: Added rdd_112_36 in memory on 172.18.0.8:33107 (size: 40.4 KiB, free: 425.8 MiB)
[2025-12-07T20:05:36.367+0000] {subprocess.py:106} INFO - 25/12/07 20:05:36 INFO BlockManagerInfo: Added rdd_112_46 in memory on 172.18.0.8:33107 (size: 35.1 KiB, free: 425.8 MiB)
[2025-12-07T20:05:36.369+0000] {subprocess.py:106} INFO - 25/12/07 20:05:36 INFO BlockManagerInfo: Added rdd_112_35 in memory on 172.18.0.8:33107 (size: 34.9 KiB, free: 425.7 MiB)
[2025-12-07T20:05:36.372+0000] {subprocess.py:106} INFO - 25/12/07 20:05:36 INFO BlockManagerInfo: Added rdd_112_33 in memory on 172.18.0.8:33107 (size: 37.7 KiB, free: 425.7 MiB)
[2025-12-07T20:05:36.377+0000] {subprocess.py:106} INFO - 25/12/07 20:05:36 INFO TaskSetManager: Starting task 49.0 in stage 27.0 (TID 592) (172.18.0.8, executor 0, partition 49, NODE_LOCAL, 7356 bytes)
[2025-12-07T20:05:36.379+0000] {subprocess.py:106} INFO - 25/12/07 20:05:36 INFO BlockManagerInfo: Added rdd_112_45 in memory on 172.18.0.8:33107 (size: 42.0 KiB, free: 425.6 MiB)
[2025-12-07T20:05:36.381+0000] {subprocess.py:106} INFO - 25/12/07 20:05:36 INFO TaskSetManager: Finished task 39.0 in stage 27.0 (TID 582) in 134 ms on 172.18.0.8 (executor 0) (34/50)
[2025-12-07T20:05:36.382+0000] {subprocess.py:106} INFO - 25/12/07 20:05:36 INFO TaskSetManager: Finished task 40.0 in stage 27.0 (TID 583) in 134 ms on 172.18.0.8 (executor 0) (35/50)
[2025-12-07T20:05:36.384+0000] {subprocess.py:106} INFO - 25/12/07 20:05:36 INFO TaskSetManager: Finished task 34.0 in stage 27.0 (TID 577) in 151 ms on 172.18.0.8 (executor 0) (36/50)
[2025-12-07T20:05:36.384+0000] {subprocess.py:106} INFO - 25/12/07 20:05:36 INFO BlockManagerInfo: Added rdd_112_43 in memory on 172.18.0.8:33107 (size: 38.8 KiB, free: 425.6 MiB)
[2025-12-07T20:05:36.386+0000] {subprocess.py:106} INFO - 25/12/07 20:05:36 INFO TaskSetManager: Finished task 37.0 in stage 27.0 (TID 580) in 153 ms on 172.18.0.8 (executor 0) (37/50)
[2025-12-07T20:05:36.389+0000] {subprocess.py:106} INFO - 25/12/07 20:05:36 INFO BlockManagerInfo: Added rdd_112_42 in memory on 172.18.0.8:33107 (size: 40.8 KiB, free: 425.6 MiB)
[2025-12-07T20:05:36.392+0000] {subprocess.py:106} INFO - 25/12/07 20:05:36 INFO TaskSetManager: Finished task 41.0 in stage 27.0 (TID 584) in 146 ms on 172.18.0.8 (executor 0) (38/50)
[2025-12-07T20:05:36.393+0000] {subprocess.py:106} INFO - 25/12/07 20:05:36 INFO TaskSetManager: Finished task 38.0 in stage 27.0 (TID 581) in 153 ms on 172.18.0.8 (executor 0) (39/50)
[2025-12-07T20:05:36.396+0000] {subprocess.py:106} INFO - 25/12/07 20:05:36 INFO BlockManagerInfo: Added rdd_112_44 in memory on 172.18.0.8:33107 (size: 36.1 KiB, free: 425.5 MiB)
[2025-12-07T20:05:36.397+0000] {subprocess.py:106} INFO - 25/12/07 20:05:36 INFO TaskSetManager: Finished task 36.0 in stage 27.0 (TID 579) in 169 ms on 172.18.0.8 (executor 0) (40/50)
[2025-12-07T20:05:36.398+0000] {subprocess.py:106} INFO - 25/12/07 20:05:36 INFO TaskSetManager: Finished task 46.0 in stage 27.0 (TID 589) in 127 ms on 172.18.0.8 (executor 0) (41/50)
[2025-12-07T20:05:36.400+0000] {subprocess.py:106} INFO - 25/12/07 20:05:36 INFO TaskSetManager: Finished task 35.0 in stage 27.0 (TID 578) in 171 ms on 172.18.0.8 (executor 0) (42/50)
[2025-12-07T20:05:36.401+0000] {subprocess.py:106} INFO - 25/12/07 20:05:36 INFO TaskSetManager: Finished task 33.0 in stage 27.0 (TID 576) in 176 ms on 172.18.0.8 (executor 0) (43/50)
[2025-12-07T20:05:36.406+0000] {subprocess.py:106} INFO - 25/12/07 20:05:36 INFO TaskSetManager: Finished task 43.0 in stage 27.0 (TID 586) in 144 ms on 172.18.0.8 (executor 0) (44/50)
[2025-12-07T20:05:36.411+0000] {subprocess.py:106} INFO - 25/12/07 20:05:36 INFO TaskSetManager: Finished task 45.0 in stage 27.0 (TID 588) in 143 ms on 172.18.0.8 (executor 0) (45/50)
[2025-12-07T20:05:36.414+0000] {subprocess.py:106} INFO - 25/12/07 20:05:36 INFO TaskSetManager: Finished task 42.0 in stage 27.0 (TID 585) in 153 ms on 172.18.0.8 (executor 0) (46/50)
[2025-12-07T20:05:36.415+0000] {subprocess.py:106} INFO - 25/12/07 20:05:36 INFO TaskSetManager: Finished task 44.0 in stage 27.0 (TID 587) in 148 ms on 172.18.0.8 (executor 0) (47/50)
[2025-12-07T20:05:36.424+0000] {subprocess.py:106} INFO - 25/12/07 20:05:36 INFO BlockManagerInfo: Added rdd_112_47 in memory on 172.18.0.8:33107 (size: 41.2 KiB, free: 425.5 MiB)
[2025-12-07T20:05:36.430+0000] {subprocess.py:106} INFO - 25/12/07 20:05:36 INFO BlockManagerInfo: Added rdd_112_49 in memory on 172.18.0.8:33107 (size: 38.9 KiB, free: 425.5 MiB)
[2025-12-07T20:05:36.432+0000] {subprocess.py:106} INFO - 25/12/07 20:05:36 INFO BlockManagerInfo: Added rdd_112_48 in memory on 172.18.0.8:33107 (size: 33.9 KiB, free: 425.4 MiB)
[2025-12-07T20:05:36.443+0000] {subprocess.py:106} INFO - 25/12/07 20:05:36 INFO TaskSetManager: Finished task 47.0 in stage 27.0 (TID 590) in 127 ms on 172.18.0.8 (executor 0) (48/50)
[2025-12-07T20:05:36.450+0000] {subprocess.py:106} INFO - 25/12/07 20:05:36 INFO TaskSetManager: Finished task 48.0 in stage 27.0 (TID 591) in 96 ms on 172.18.0.8 (executor 0) (49/50)
[2025-12-07T20:05:36.451+0000] {subprocess.py:106} INFO - 25/12/07 20:05:36 INFO TaskSetManager: Finished task 49.0 in stage 27.0 (TID 592) in 77 ms on 172.18.0.8 (executor 0) (50/50)
[2025-12-07T20:05:36.451+0000] {subprocess.py:106} INFO - 25/12/07 20:05:36 INFO TaskSchedulerImpl: Removed TaskSet 27.0, whose tasks have all completed, from pool
[2025-12-07T20:05:36.452+0000] {subprocess.py:106} INFO - 25/12/07 20:05:36 INFO DAGScheduler: ShuffleMapStage 27 ($anonfun$recordDeltaOperationInternal$1 at DatabricksLogging.scala:128) finished in 0.590 s
[2025-12-07T20:05:36.453+0000] {subprocess.py:106} INFO - 25/12/07 20:05:36 INFO DAGScheduler: looking for newly runnable stages
[2025-12-07T20:05:36.453+0000] {subprocess.py:106} INFO - 25/12/07 20:05:36 INFO DAGScheduler: running: Set()
[2025-12-07T20:05:36.454+0000] {subprocess.py:106} INFO - 25/12/07 20:05:36 INFO DAGScheduler: waiting: Set()
[2025-12-07T20:05:36.454+0000] {subprocess.py:106} INFO - 25/12/07 20:05:36 INFO DAGScheduler: failed: Set()
[2025-12-07T20:05:36.483+0000] {subprocess.py:106} INFO - 25/12/07 20:05:36 INFO SparkContext: Starting job: $anonfun$recordDeltaOperationInternal$1 at DatabricksLogging.scala:128
[2025-12-07T20:05:36.484+0000] {subprocess.py:106} INFO - 25/12/07 20:05:36 INFO DAGScheduler: Got job 20 ($anonfun$recordDeltaOperationInternal$1 at DatabricksLogging.scala:128) with 1 output partitions
[2025-12-07T20:05:36.485+0000] {subprocess.py:106} INFO - 25/12/07 20:05:36 INFO DAGScheduler: Final stage: ResultStage 30 ($anonfun$recordDeltaOperationInternal$1 at DatabricksLogging.scala:128)
[2025-12-07T20:05:36.486+0000] {subprocess.py:106} INFO - 25/12/07 20:05:36 INFO DAGScheduler: Parents of final stage: List(ShuffleMapStage 29)
[2025-12-07T20:05:36.486+0000] {subprocess.py:106} INFO - 25/12/07 20:05:36 INFO DAGScheduler: Missing parents: List()
[2025-12-07T20:05:36.487+0000] {subprocess.py:106} INFO - 25/12/07 20:05:36 INFO DAGScheduler: Submitting ResultStage 30 (MapPartitionsRDD[118] at $anonfun$recordDeltaOperationInternal$1 at DatabricksLogging.scala:128), which has no missing parents
[2025-12-07T20:05:36.492+0000] {subprocess.py:106} INFO - 25/12/07 20:05:36 INFO MemoryStore: Block broadcast_40 stored as values in memory (estimated size 452.4 KiB, free 426.0 MiB)
[2025-12-07T20:05:36.493+0000] {subprocess.py:106} INFO - 25/12/07 20:05:36 INFO MemoryStore: Block broadcast_40_piece0 stored as bytes in memory (estimated size 108.1 KiB, free 425.9 MiB)
[2025-12-07T20:05:36.494+0000] {subprocess.py:106} INFO - 25/12/07 20:05:36 INFO BlockManagerInfo: Added broadcast_40_piece0 in memory on 13f196131dae:46673 (size: 108.1 KiB, free: 430.0 MiB)
[2025-12-07T20:05:36.495+0000] {subprocess.py:106} INFO - 25/12/07 20:05:36 INFO SparkContext: Created broadcast 40 from broadcast at DAGScheduler.scala:1535
[2025-12-07T20:05:36.496+0000] {subprocess.py:106} INFO - 25/12/07 20:05:36 INFO DAGScheduler: Submitting 1 missing tasks from ResultStage 30 (MapPartitionsRDD[118] at $anonfun$recordDeltaOperationInternal$1 at DatabricksLogging.scala:128) (first 15 tasks are for partitions Vector(0))
[2025-12-07T20:05:36.496+0000] {subprocess.py:106} INFO - 25/12/07 20:05:36 INFO TaskSchedulerImpl: Adding task set 30.0 with 1 tasks resource profile 0
[2025-12-07T20:05:36.497+0000] {subprocess.py:106} INFO - 25/12/07 20:05:36 INFO TaskSetManager: Starting task 0.0 in stage 30.0 (TID 593) (172.18.0.8, executor 0, partition 0, NODE_LOCAL, 7367 bytes)
[2025-12-07T20:05:36.507+0000] {subprocess.py:106} INFO - 25/12/07 20:05:36 INFO BlockManagerInfo: Added broadcast_40_piece0 in memory on 172.18.0.8:33107 (size: 108.1 KiB, free: 425.3 MiB)
[2025-12-07T20:05:36.515+0000] {subprocess.py:106} INFO - 25/12/07 20:05:36 INFO MapOutputTrackerMasterEndpoint: Asked to send map output locations for shuffle 6 to 172.18.0.8:44278
[2025-12-07T20:05:36.549+0000] {subprocess.py:106} INFO - 25/12/07 20:05:36 INFO TaskSetManager: Finished task 0.0 in stage 30.0 (TID 593) in 52 ms on 172.18.0.8 (executor 0) (1/1)
[2025-12-07T20:05:36.550+0000] {subprocess.py:106} INFO - 25/12/07 20:05:36 INFO TaskSchedulerImpl: Removed TaskSet 30.0, whose tasks have all completed, from pool
[2025-12-07T20:05:36.550+0000] {subprocess.py:106} INFO - 25/12/07 20:05:36 INFO DAGScheduler: ResultStage 30 ($anonfun$recordDeltaOperationInternal$1 at DatabricksLogging.scala:128) finished in 0.062 s
[2025-12-07T20:05:36.551+0000] {subprocess.py:106} INFO - 25/12/07 20:05:36 INFO DAGScheduler: Job 20 is finished. Cancelling potential speculative or zombie tasks for this job
[2025-12-07T20:05:36.551+0000] {subprocess.py:106} INFO - 25/12/07 20:05:36 INFO TaskSchedulerImpl: Killing all running tasks in stage 30: Stage finished
[2025-12-07T20:05:36.552+0000] {subprocess.py:106} INFO - 25/12/07 20:05:36 INFO DAGScheduler: Job 20 finished: $anonfun$recordDeltaOperationInternal$1 at DatabricksLogging.scala:128, took 0.066412 s
[2025-12-07T20:05:36.559+0000] {subprocess.py:106} INFO - 25/12/07 20:05:36 INFO Snapshot: [tableId=0c019af0-eb78-4898-b436-bf8b6d282e3f] DELTA: Done
[2025-12-07T20:05:36.615+0000] {subprocess.py:106} INFO - 25/12/07 20:05:36 INFO OptimisticTransaction: [tableId=0c019af0,txnId=7189e878] Committed delta #1 to s3a://gold/fact_sales/_delta_log
[2025-12-07T20:05:36.621+0000] {subprocess.py:106} INFO - --> [SUCCESS] Written fact_sales to s3a://gold/fact_sales
[2025-12-07T20:05:36.622+0000] {subprocess.py:106} INFO - Processing Fact Inventory Snapshot...
[2025-12-07T20:05:36.644+0000] {subprocess.py:106} INFO - 25/12/07 20:05:36 INFO DelegatingLogStore: LogStore `LogStoreAdapter(io.delta.storage.S3SingleDriverLogStore)` is used for scheme `s3a`
[2025-12-07T20:05:36.669+0000] {subprocess.py:106} INFO - 25/12/07 20:05:36 INFO DeltaLog: Loading version 0.
[2025-12-07T20:05:36.674+0000] {subprocess.py:106} INFO - 25/12/07 20:05:36 INFO DeltaLogFileIndex: Created DeltaLogFileIndex(JSON, numFilesInSegment: 1, totalFileSize: 11226)
[2025-12-07T20:05:36.701+0000] {subprocess.py:106} INFO - 25/12/07 20:05:36 INFO FileSourceStrategy: Pushed Filters:
[2025-12-07T20:05:36.703+0000] {subprocess.py:106} INFO - 25/12/07 20:05:36 INFO FileSourceStrategy: Post-Scan Filters:
[2025-12-07T20:05:36.715+0000] {subprocess.py:106} INFO - 25/12/07 20:05:36 INFO MemoryStore: Block broadcast_41 stored as values in memory (estimated size 212.9 KiB, free 425.7 MiB)
[2025-12-07T20:05:36.721+0000] {subprocess.py:106} INFO - 25/12/07 20:05:36 INFO MemoryStore: Block broadcast_41_piece0 stored as bytes in memory (estimated size 36.3 KiB, free 425.7 MiB)
[2025-12-07T20:05:36.722+0000] {subprocess.py:106} INFO - 25/12/07 20:05:36 INFO BlockManagerInfo: Added broadcast_41_piece0 in memory on 13f196131dae:46673 (size: 36.3 KiB, free: 429.9 MiB)
[2025-12-07T20:05:36.723+0000] {subprocess.py:106} INFO - 25/12/07 20:05:36 INFO SparkContext: Created broadcast 41 from toString at <unknown>:0
[2025-12-07T20:05:36.723+0000] {subprocess.py:106} INFO - 25/12/07 20:05:36 INFO FileSourceScanExec: Planning scan with bin packing, max size: 4194304 bytes, open cost is considered as scanning 4194304 bytes.
[2025-12-07T20:05:36.733+0000] {subprocess.py:106} INFO - 25/12/07 20:05:36 INFO SparkContext: Starting job: toString at <unknown>:0
[2025-12-07T20:05:36.733+0000] {subprocess.py:106} INFO - 25/12/07 20:05:36 INFO DAGScheduler: Got job 21 (toString at <unknown>:0) with 1 output partitions
[2025-12-07T20:05:36.736+0000] {subprocess.py:106} INFO - 25/12/07 20:05:36 INFO DAGScheduler: Final stage: ResultStage 31 (toString at <unknown>:0)
[2025-12-07T20:05:36.737+0000] {subprocess.py:106} INFO - 25/12/07 20:05:36 INFO DAGScheduler: Parents of final stage: List()
[2025-12-07T20:05:36.737+0000] {subprocess.py:106} INFO - 25/12/07 20:05:36 INFO DAGScheduler: Missing parents: List()
[2025-12-07T20:05:36.738+0000] {subprocess.py:106} INFO - 25/12/07 20:05:36 INFO DAGScheduler: Submitting ResultStage 31 (MapPartitionsRDD[122] at toString at <unknown>:0), which has no missing parents
[2025-12-07T20:05:36.738+0000] {subprocess.py:106} INFO - 25/12/07 20:05:36 INFO MemoryStore: Block broadcast_42 stored as values in memory (estimated size 50.4 KiB, free 425.6 MiB)
[2025-12-07T20:05:36.741+0000] {subprocess.py:106} INFO - 25/12/07 20:05:36 INFO MemoryStore: Block broadcast_42_piece0 stored as bytes in memory (estimated size 15.6 KiB, free 425.6 MiB)
[2025-12-07T20:05:36.741+0000] {subprocess.py:106} INFO - 25/12/07 20:05:36 INFO BlockManagerInfo: Added broadcast_42_piece0 in memory on 13f196131dae:46673 (size: 15.6 KiB, free: 429.9 MiB)
[2025-12-07T20:05:36.742+0000] {subprocess.py:106} INFO - 25/12/07 20:05:36 INFO SparkContext: Created broadcast 42 from broadcast at DAGScheduler.scala:1535
[2025-12-07T20:05:36.742+0000] {subprocess.py:106} INFO - 25/12/07 20:05:36 INFO DAGScheduler: Submitting 1 missing tasks from ResultStage 31 (MapPartitionsRDD[122] at toString at <unknown>:0) (first 15 tasks are for partitions Vector(0))
[2025-12-07T20:05:36.743+0000] {subprocess.py:106} INFO - 25/12/07 20:05:36 INFO TaskSchedulerImpl: Adding task set 31.0 with 1 tasks resource profile 0
[2025-12-07T20:05:36.744+0000] {subprocess.py:106} INFO - 25/12/07 20:05:36 INFO TaskSetManager: Starting task 0.0 in stage 31.0 (TID 594) (172.18.0.8, executor 0, partition 0, PROCESS_LOCAL, 7950 bytes)
[2025-12-07T20:05:36.752+0000] {subprocess.py:106} INFO - 25/12/07 20:05:36 INFO BlockManagerInfo: Added broadcast_42_piece0 in memory on 172.18.0.8:33107 (size: 15.6 KiB, free: 425.3 MiB)
[2025-12-07T20:05:36.763+0000] {subprocess.py:106} INFO - 25/12/07 20:05:36 INFO BlockManagerInfo: Added broadcast_41_piece0 in memory on 172.18.0.8:33107 (size: 36.3 KiB, free: 425.3 MiB)
[2025-12-07T20:05:36.785+0000] {subprocess.py:106} INFO - 25/12/07 20:05:36 INFO TaskSetManager: Finished task 0.0 in stage 31.0 (TID 594) in 41 ms on 172.18.0.8 (executor 0) (1/1)
[2025-12-07T20:05:36.785+0000] {subprocess.py:106} INFO - 25/12/07 20:05:36 INFO TaskSchedulerImpl: Removed TaskSet 31.0, whose tasks have all completed, from pool
[2025-12-07T20:05:36.786+0000] {subprocess.py:106} INFO - 25/12/07 20:05:36 INFO DAGScheduler: ResultStage 31 (toString at <unknown>:0) finished in 0.050 s
[2025-12-07T20:05:36.787+0000] {subprocess.py:106} INFO - 25/12/07 20:05:36 INFO DAGScheduler: Job 21 is finished. Cancelling potential speculative or zombie tasks for this job
[2025-12-07T20:05:36.788+0000] {subprocess.py:106} INFO - 25/12/07 20:05:36 INFO TaskSchedulerImpl: Killing all running tasks in stage 31: Stage finished
[2025-12-07T20:05:36.788+0000] {subprocess.py:106} INFO - 25/12/07 20:05:36 INFO DAGScheduler: Job 21 finished: toString at <unknown>:0, took 0.052950 s
[2025-12-07T20:05:36.791+0000] {subprocess.py:106} INFO - 25/12/07 20:05:36 INFO Snapshot: [tableId=29f08be2-e49d-45b4-9a39-b1f9650f2ab0] Created snapshot Snapshot(path=s3a://silver/inventory_stocks/_delta_log, version=0, metadata=Metadata(a0757be7-76e2-47b9-852c-4d04d9869f8b,null,null,Format(parquet,Map()),{"type":"struct","fields":[{"name":"product_id","type":"string","nullable":true,"metadata":{}},{"name":"branch_id","type":"string","nullable":true,"metadata":{}},{"name":"quantity_on_hand","type":"decimal(18,3)","nullable":true,"metadata":{}},{"name":"snapshot_date","type":"date","nullable":true,"metadata":{}},{"name":"etl_loaded_at","type":"timestamp","nullable":true,"metadata":{}}]},List(snapshot_date),Map(),Some(1765137236370)), logSegment=LogSegment(s3a://silver/inventory_stocks/_delta_log,0,WrappedArray(S3AFileStatus{path=s3a://silver/inventory_stocks/_delta_log/00000000000000000000.json; isDirectory=false; length=11226; replication=1; blocksize=33554432; modification_time=1765137236987; access_time=0; owner=root; group=root; permission=rw-rw-rw-; isSymlink=false; hasAcl=false; isEncrypted=true; isErasureCoded=false} isEmptyDirectory=FALSE eTag=20772b10ea6cf8ed8e45c4bc54695fdf versionId=null),None,1765137236987), checksumOpt=None)
[2025-12-07T20:05:36.903+0000] {subprocess.py:106} INFO - 25/12/07 20:05:36 INFO DelegatingLogStore: LogStore `LogStoreAdapter(io.delta.storage.S3SingleDriverLogStore)` is used for scheme `s3a`
[2025-12-07T20:05:36.928+0000] {subprocess.py:106} INFO - 25/12/07 20:05:36 INFO DeltaLog: Loading version 0.
[2025-12-07T20:05:36.933+0000] {subprocess.py:106} INFO - 25/12/07 20:05:36 INFO DeltaLogFileIndex: Created DeltaLogFileIndex(JSON, numFilesInSegment: 1, totalFileSize: 12773)
[2025-12-07T20:05:36.961+0000] {subprocess.py:106} INFO - 25/12/07 20:05:36 INFO FileSourceStrategy: Pushed Filters:
[2025-12-07T20:05:36.962+0000] {subprocess.py:106} INFO - 25/12/07 20:05:36 INFO FileSourceStrategy: Post-Scan Filters:
[2025-12-07T20:05:36.972+0000] {subprocess.py:106} INFO - 25/12/07 20:05:36 INFO MemoryStore: Block broadcast_43 stored as values in memory (estimated size 212.9 KiB, free 425.4 MiB)
[2025-12-07T20:05:36.983+0000] {subprocess.py:106} INFO - 25/12/07 20:05:36 INFO MemoryStore: Block broadcast_43_piece0 stored as bytes in memory (estimated size 36.3 KiB, free 425.4 MiB)
[2025-12-07T20:05:36.984+0000] {subprocess.py:106} INFO - 25/12/07 20:05:36 INFO BlockManagerInfo: Added broadcast_43_piece0 in memory on 13f196131dae:46673 (size: 36.3 KiB, free: 429.9 MiB)
[2025-12-07T20:05:36.984+0000] {subprocess.py:106} INFO - 25/12/07 20:05:36 INFO SparkContext: Created broadcast 43 from toString at <unknown>:0
[2025-12-07T20:05:36.985+0000] {subprocess.py:106} INFO - 25/12/07 20:05:36 INFO FileSourceScanExec: Planning scan with bin packing, max size: 4194304 bytes, open cost is considered as scanning 4194304 bytes.
[2025-12-07T20:05:36.996+0000] {subprocess.py:106} INFO - 25/12/07 20:05:36 INFO SparkContext: Starting job: toString at <unknown>:0
[2025-12-07T20:05:36.997+0000] {subprocess.py:106} INFO - 25/12/07 20:05:36 INFO DAGScheduler: Got job 22 (toString at <unknown>:0) with 1 output partitions
[2025-12-07T20:05:37.004+0000] {subprocess.py:106} INFO - 25/12/07 20:05:36 INFO DAGScheduler: Final stage: ResultStage 32 (toString at <unknown>:0)
[2025-12-07T20:05:37.005+0000] {subprocess.py:106} INFO - 25/12/07 20:05:36 INFO DAGScheduler: Parents of final stage: List()
[2025-12-07T20:05:37.006+0000] {subprocess.py:106} INFO - 25/12/07 20:05:36 INFO DAGScheduler: Missing parents: List()
[2025-12-07T20:05:37.006+0000] {subprocess.py:106} INFO - 25/12/07 20:05:36 INFO DAGScheduler: Submitting ResultStage 32 (MapPartitionsRDD[126] at toString at <unknown>:0), which has no missing parents
[2025-12-07T20:05:37.007+0000] {subprocess.py:106} INFO - 25/12/07 20:05:36 INFO MemoryStore: Block broadcast_44 stored as values in memory (estimated size 50.4 KiB, free 425.3 MiB)
[2025-12-07T20:05:37.008+0000] {subprocess.py:106} INFO - 25/12/07 20:05:37 INFO MemoryStore: Block broadcast_44_piece0 stored as bytes in memory (estimated size 15.5 KiB, free 425.3 MiB)
[2025-12-07T20:05:37.010+0000] {subprocess.py:106} INFO - 25/12/07 20:05:37 INFO BlockManagerInfo: Added broadcast_44_piece0 in memory on 13f196131dae:46673 (size: 15.5 KiB, free: 429.8 MiB)
[2025-12-07T20:05:37.010+0000] {subprocess.py:106} INFO - 25/12/07 20:05:37 INFO SparkContext: Created broadcast 44 from broadcast at DAGScheduler.scala:1535
[2025-12-07T20:05:37.011+0000] {subprocess.py:106} INFO - 25/12/07 20:05:37 INFO DAGScheduler: Submitting 1 missing tasks from ResultStage 32 (MapPartitionsRDD[126] at toString at <unknown>:0) (first 15 tasks are for partitions Vector(0))
[2025-12-07T20:05:37.012+0000] {subprocess.py:106} INFO - 25/12/07 20:05:37 INFO TaskSchedulerImpl: Adding task set 32.0 with 1 tasks resource profile 0
[2025-12-07T20:05:37.013+0000] {subprocess.py:106} INFO - 25/12/07 20:05:37 INFO TaskSetManager: Starting task 0.0 in stage 32.0 (TID 595) (172.18.0.8, executor 0, partition 0, PROCESS_LOCAL, 7952 bytes)
[2025-12-07T20:05:37.016+0000] {subprocess.py:106} INFO - 25/12/07 20:05:37 INFO BlockManagerInfo: Added broadcast_44_piece0 in memory on 172.18.0.8:33107 (size: 15.5 KiB, free: 425.3 MiB)
[2025-12-07T20:05:37.027+0000] {subprocess.py:106} INFO - 25/12/07 20:05:37 INFO BlockManagerInfo: Added broadcast_43_piece0 in memory on 172.18.0.8:33107 (size: 36.3 KiB, free: 425.2 MiB)
[2025-12-07T20:05:37.043+0000] {subprocess.py:106} INFO - 25/12/07 20:05:37 INFO TaskSetManager: Finished task 0.0 in stage 32.0 (TID 595) in 35 ms on 172.18.0.8 (executor 0) (1/1)
[2025-12-07T20:05:37.044+0000] {subprocess.py:106} INFO - 25/12/07 20:05:37 INFO TaskSchedulerImpl: Removed TaskSet 32.0, whose tasks have all completed, from pool
[2025-12-07T20:05:37.045+0000] {subprocess.py:106} INFO - 25/12/07 20:05:37 INFO DAGScheduler: ResultStage 32 (toString at <unknown>:0) finished in 0.045 s
[2025-12-07T20:05:37.045+0000] {subprocess.py:106} INFO - 25/12/07 20:05:37 INFO DAGScheduler: Job 22 is finished. Cancelling potential speculative or zombie tasks for this job
[2025-12-07T20:05:37.046+0000] {subprocess.py:106} INFO - 25/12/07 20:05:37 INFO TaskSchedulerImpl: Killing all running tasks in stage 32: Stage finished
[2025-12-07T20:05:37.046+0000] {subprocess.py:106} INFO - 25/12/07 20:05:37 INFO DAGScheduler: Job 22 finished: toString at <unknown>:0, took 0.047877 s
[2025-12-07T20:05:37.050+0000] {subprocess.py:106} INFO - 25/12/07 20:05:37 INFO Snapshot: [tableId=3a6257f0-d7c6-4a6f-aa65-28a0365d2011] Created snapshot Snapshot(path=s3a://gold/fact_inventory_daily/_delta_log, version=0, metadata=Metadata(623ed374-28ab-41d2-8f91-45386aa6025d,null,null,Format(parquet,Map()),{"type":"struct","fields":[{"name":"snapshot_date","type":"date","nullable":true,"metadata":{}},{"name":"branch_key","type":"string","nullable":true,"metadata":{}},{"name":"product_key","type":"string","nullable":true,"metadata":{}},{"name":"quantity_on_hand","type":"decimal(18,3)","nullable":true,"metadata":{}},{"name":"unit_cost_at_snapshot","type":"decimal(18,2)","nullable":true,"metadata":{}},{"name":"total_inventory_value","type":"decimal(37,5)","nullable":true,"metadata":{}}]},List(snapshot_date),Map(),Some(1765136831989)), logSegment=LogSegment(s3a://gold/fact_inventory_daily/_delta_log,0,WrappedArray(S3AFileStatus{path=s3a://gold/fact_inventory_daily/_delta_log/00000000000000000000.json; isDirectory=false; length=12773; replication=1; blocksize=33554432; modification_time=1765136834757; access_time=0; owner=root; group=root; permission=rw-rw-rw-; isSymlink=false; hasAcl=false; isEncrypted=true; isErasureCoded=false} isEmptyDirectory=FALSE eTag=75ea40698e520748f676bd6c6208ae51 versionId=null),None,1765136834757), checksumOpt=None)
[2025-12-07T20:05:37.125+0000] {subprocess.py:106} INFO - 25/12/07 20:05:37 INFO PrepareDeltaScan: DELTA: Filtering files for query
[2025-12-07T20:05:37.125+0000] {subprocess.py:106} INFO - 25/12/07 20:05:37 INFO Snapshot: [tableId=a0757be7-76e2-47b9-852c-4d04d9869f8b] DELTA: Compute snapshot for version: 0
[2025-12-07T20:05:37.126+0000] {subprocess.py:106} INFO - 25/12/07 20:05:37 INFO MemoryStore: Block broadcast_45 stored as values in memory (estimated size 212.3 KiB, free 425.1 MiB)
[2025-12-07T20:05:37.133+0000] {subprocess.py:106} INFO - 25/12/07 20:05:37 INFO MemoryStore: Block broadcast_45_piece0 stored as bytes in memory (estimated size 36.2 KiB, free 425.1 MiB)
[2025-12-07T20:05:37.134+0000] {subprocess.py:106} INFO - 25/12/07 20:05:37 INFO BlockManagerInfo: Added broadcast_45_piece0 in memory on 13f196131dae:46673 (size: 36.2 KiB, free: 429.8 MiB)
[2025-12-07T20:05:37.135+0000] {subprocess.py:106} INFO - 25/12/07 20:05:37 INFO SparkContext: Created broadcast 45 from $anonfun$recordDeltaOperationInternal$1 at DatabricksLogging.scala:128
[2025-12-07T20:05:37.155+0000] {subprocess.py:106} INFO - 25/12/07 20:05:37 INFO BlockManagerInfo: Removed broadcast_43_piece0 on 13f196131dae:46673 in memory (size: 36.3 KiB, free: 429.8 MiB)
[2025-12-07T20:05:37.156+0000] {subprocess.py:106} INFO - 25/12/07 20:05:37 INFO BlockManagerInfo: Removed broadcast_43_piece0 on 172.18.0.8:33107 in memory (size: 36.3 KiB, free: 425.3 MiB)
[2025-12-07T20:05:37.163+0000] {subprocess.py:106} INFO - 25/12/07 20:05:37 INFO BlockManagerInfo: Removed broadcast_40_piece0 on 13f196131dae:46673 in memory (size: 108.1 KiB, free: 430.0 MiB)
[2025-12-07T20:05:37.164+0000] {subprocess.py:106} INFO - 25/12/07 20:05:37 INFO BlockManagerInfo: Removed broadcast_40_piece0 on 172.18.0.8:33107 in memory (size: 108.1 KiB, free: 425.4 MiB)
[2025-12-07T20:05:37.171+0000] {subprocess.py:106} INFO - 25/12/07 20:05:37 INFO BlockManagerInfo: Removed broadcast_39_piece0 on 13f196131dae:46673 in memory (size: 123.3 KiB, free: 430.1 MiB)
[2025-12-07T20:05:37.172+0000] {subprocess.py:106} INFO - 25/12/07 20:05:37 INFO BlockManagerInfo: Removed broadcast_39_piece0 on 172.18.0.8:33107 in memory (size: 123.3 KiB, free: 425.5 MiB)
[2025-12-07T20:05:37.179+0000] {subprocess.py:106} INFO - 25/12/07 20:05:37 INFO BlockManagerInfo: Removed broadcast_42_piece0 on 13f196131dae:46673 in memory (size: 15.6 KiB, free: 430.1 MiB)
[2025-12-07T20:05:37.180+0000] {subprocess.py:106} INFO - 25/12/07 20:05:37 INFO BlockManagerInfo: Removed broadcast_42_piece0 on 172.18.0.8:33107 in memory (size: 15.6 KiB, free: 425.5 MiB)
[2025-12-07T20:05:37.189+0000] {subprocess.py:106} INFO - 25/12/07 20:05:37 INFO BlockManagerInfo: Removed broadcast_41_piece0 on 13f196131dae:46673 in memory (size: 36.3 KiB, free: 430.1 MiB)
[2025-12-07T20:05:37.190+0000] {subprocess.py:106} INFO - 25/12/07 20:05:37 INFO BlockManagerInfo: Removed broadcast_41_piece0 on 172.18.0.8:33107 in memory (size: 36.3 KiB, free: 425.5 MiB)
[2025-12-07T20:05:37.197+0000] {subprocess.py:106} INFO - 25/12/07 20:05:37 INFO BlockManagerInfo: Removed broadcast_44_piece0 on 13f196131dae:46673 in memory (size: 15.5 KiB, free: 430.1 MiB)
[2025-12-07T20:05:37.198+0000] {subprocess.py:106} INFO - 25/12/07 20:05:37 INFO BlockManagerInfo: Removed broadcast_44_piece0 on 172.18.0.8:33107 in memory (size: 15.5 KiB, free: 425.5 MiB)
[2025-12-07T20:05:37.276+0000] {subprocess.py:106} INFO - 25/12/07 20:05:37 INFO FileSourceStrategy: Pushed Filters:
[2025-12-07T20:05:37.277+0000] {subprocess.py:106} INFO - 25/12/07 20:05:37 INFO FileSourceStrategy: Post-Scan Filters:
[2025-12-07T20:05:37.311+0000] {subprocess.py:106} INFO - 25/12/07 20:05:37 INFO MemoryStore: Block broadcast_46 stored as values in memory (estimated size 212.9 KiB, free 426.6 MiB)
[2025-12-07T20:05:37.318+0000] {subprocess.py:106} INFO - 25/12/07 20:05:37 INFO MemoryStore: Block broadcast_46_piece0 stored as bytes in memory (estimated size 36.3 KiB, free 426.6 MiB)
[2025-12-07T20:05:37.319+0000] {subprocess.py:106} INFO - 25/12/07 20:05:37 INFO BlockManagerInfo: Added broadcast_46_piece0 in memory on 13f196131dae:46673 (size: 36.3 KiB, free: 430.1 MiB)
[2025-12-07T20:05:37.319+0000] {subprocess.py:106} INFO - 25/12/07 20:05:37 INFO SparkContext: Created broadcast 46 from $anonfun$recordDeltaOperationInternal$1 at DatabricksLogging.scala:128
[2025-12-07T20:05:37.320+0000] {subprocess.py:106} INFO - 25/12/07 20:05:37 INFO FileSourceScanExec: Planning scan with bin packing, max size: 4194304 bytes, open cost is considered as scanning 4194304 bytes.
[2025-12-07T20:05:37.328+0000] {subprocess.py:106} INFO - 25/12/07 20:05:37 INFO DAGScheduler: Registering RDD 130 ($anonfun$recordDeltaOperationInternal$1 at DatabricksLogging.scala:128) as input to shuffle 7
[2025-12-07T20:05:37.329+0000] {subprocess.py:106} INFO - 25/12/07 20:05:37 INFO DAGScheduler: Got map stage job 23 ($anonfun$recordDeltaOperationInternal$1 at DatabricksLogging.scala:128) with 1 output partitions
[2025-12-07T20:05:37.330+0000] {subprocess.py:106} INFO - 25/12/07 20:05:37 INFO DAGScheduler: Final stage: ShuffleMapStage 33 ($anonfun$recordDeltaOperationInternal$1 at DatabricksLogging.scala:128)
[2025-12-07T20:05:37.330+0000] {subprocess.py:106} INFO - 25/12/07 20:05:37 INFO DAGScheduler: Parents of final stage: List()
[2025-12-07T20:05:37.331+0000] {subprocess.py:106} INFO - 25/12/07 20:05:37 INFO DAGScheduler: Missing parents: List()
[2025-12-07T20:05:37.331+0000] {subprocess.py:106} INFO - 25/12/07 20:05:37 INFO DAGScheduler: Submitting ShuffleMapStage 33 (MapPartitionsRDD[130] at $anonfun$recordDeltaOperationInternal$1 at DatabricksLogging.scala:128), which has no missing parents
[2025-12-07T20:05:37.332+0000] {subprocess.py:106} INFO - 25/12/07 20:05:37 INFO MemoryStore: Block broadcast_47 stored as values in memory (estimated size 138.3 KiB, free 426.5 MiB)
[2025-12-07T20:05:37.336+0000] {subprocess.py:106} INFO - 25/12/07 20:05:37 INFO MemoryStore: Block broadcast_47_piece0 stored as bytes in memory (estimated size 39.0 KiB, free 426.4 MiB)
[2025-12-07T20:05:37.336+0000] {subprocess.py:106} INFO - 25/12/07 20:05:37 INFO BlockManagerInfo: Added broadcast_47_piece0 in memory on 13f196131dae:46673 (size: 39.0 KiB, free: 430.1 MiB)
[2025-12-07T20:05:37.337+0000] {subprocess.py:106} INFO - 25/12/07 20:05:37 INFO SparkContext: Created broadcast 47 from broadcast at DAGScheduler.scala:1535
[2025-12-07T20:05:37.338+0000] {subprocess.py:106} INFO - 25/12/07 20:05:37 INFO DAGScheduler: Submitting 1 missing tasks from ShuffleMapStage 33 (MapPartitionsRDD[130] at $anonfun$recordDeltaOperationInternal$1 at DatabricksLogging.scala:128) (first 15 tasks are for partitions Vector(0))
[2025-12-07T20:05:37.338+0000] {subprocess.py:106} INFO - 25/12/07 20:05:37 INFO TaskSchedulerImpl: Adding task set 33.0 with 1 tasks resource profile 0
[2025-12-07T20:05:37.340+0000] {subprocess.py:106} INFO - 25/12/07 20:05:37 INFO TaskSetManager: Starting task 0.0 in stage 33.0 (TID 596) (172.18.0.8, executor 0, partition 0, PROCESS_LOCAL, 7939 bytes)
[2025-12-07T20:05:37.346+0000] {subprocess.py:106} INFO - 25/12/07 20:05:37 INFO BlockManagerInfo: Added broadcast_47_piece0 in memory on 172.18.0.8:33107 (size: 39.0 KiB, free: 425.5 MiB)
[2025-12-07T20:05:37.364+0000] {subprocess.py:106} INFO - 25/12/07 20:05:37 INFO BlockManagerInfo: Added broadcast_46_piece0 in memory on 172.18.0.8:33107 (size: 36.3 KiB, free: 425.5 MiB)
[2025-12-07T20:05:37.389+0000] {subprocess.py:106} INFO - 25/12/07 20:05:37 INFO TaskSetManager: Finished task 0.0 in stage 33.0 (TID 596) in 50 ms on 172.18.0.8 (executor 0) (1/1)
[2025-12-07T20:05:37.390+0000] {subprocess.py:106} INFO - 25/12/07 20:05:37 INFO TaskSchedulerImpl: Removed TaskSet 33.0, whose tasks have all completed, from pool
[2025-12-07T20:05:37.390+0000] {subprocess.py:106} INFO - 25/12/07 20:05:37 INFO DAGScheduler: ShuffleMapStage 33 ($anonfun$recordDeltaOperationInternal$1 at DatabricksLogging.scala:128) finished in 0.061 s
[2025-12-07T20:05:37.391+0000] {subprocess.py:106} INFO - 25/12/07 20:05:37 INFO DAGScheduler: looking for newly runnable stages
[2025-12-07T20:05:37.391+0000] {subprocess.py:106} INFO - 25/12/07 20:05:37 INFO DAGScheduler: running: Set()
[2025-12-07T20:05:37.392+0000] {subprocess.py:106} INFO - 25/12/07 20:05:37 INFO DAGScheduler: waiting: Set()
[2025-12-07T20:05:37.392+0000] {subprocess.py:106} INFO - 25/12/07 20:05:37 INFO DAGScheduler: failed: Set()
[2025-12-07T20:05:37.417+0000] {subprocess.py:106} INFO - 25/12/07 20:05:37 INFO BlockManagerInfo: Removed broadcast_47_piece0 on 13f196131dae:46673 in memory (size: 39.0 KiB, free: 430.1 MiB)
[2025-12-07T20:05:37.418+0000] {subprocess.py:106} INFO - 25/12/07 20:05:37 INFO BlockManagerInfo: Removed broadcast_47_piece0 on 172.18.0.8:33107 in memory (size: 39.0 KiB, free: 425.5 MiB)
[2025-12-07T20:05:37.538+0000] {subprocess.py:106} INFO - 25/12/07 20:05:37 INFO DAGScheduler: Registering RDD 140 ($anonfun$recordDeltaOperationInternal$1 at DatabricksLogging.scala:128) as input to shuffle 8
[2025-12-07T20:05:37.539+0000] {subprocess.py:106} INFO - 25/12/07 20:05:37 INFO DAGScheduler: Got map stage job 24 ($anonfun$recordDeltaOperationInternal$1 at DatabricksLogging.scala:128) with 50 output partitions
[2025-12-07T20:05:37.539+0000] {subprocess.py:106} INFO - 25/12/07 20:05:37 INFO DAGScheduler: Final stage: ShuffleMapStage 35 ($anonfun$recordDeltaOperationInternal$1 at DatabricksLogging.scala:128)
[2025-12-07T20:05:37.539+0000] {subprocess.py:106} INFO - 25/12/07 20:05:37 INFO DAGScheduler: Parents of final stage: List(ShuffleMapStage 34)
[2025-12-07T20:05:37.540+0000] {subprocess.py:106} INFO - 25/12/07 20:05:37 INFO DAGScheduler: Missing parents: List()
[2025-12-07T20:05:37.540+0000] {subprocess.py:106} INFO - 25/12/07 20:05:37 INFO DAGScheduler: Submitting ShuffleMapStage 35 (MapPartitionsRDD[140] at $anonfun$recordDeltaOperationInternal$1 at DatabricksLogging.scala:128), which has no missing parents
[2025-12-07T20:05:37.573+0000] {subprocess.py:106} INFO - 25/12/07 20:05:37 INFO MemoryStore: Block broadcast_48 stored as values in memory (estimated size 517.2 KiB, free 426.1 MiB)
[2025-12-07T20:05:37.575+0000] {subprocess.py:106} INFO - 25/12/07 20:05:37 INFO MemoryStore: Block broadcast_48_piece0 stored as bytes in memory (estimated size 123.2 KiB, free 426.0 MiB)
[2025-12-07T20:05:37.575+0000] {subprocess.py:106} INFO - 25/12/07 20:05:37 INFO BlockManagerInfo: Added broadcast_48_piece0 in memory on 13f196131dae:46673 (size: 123.2 KiB, free: 430.0 MiB)
[2025-12-07T20:05:37.576+0000] {subprocess.py:106} INFO - 25/12/07 20:05:37 INFO SparkContext: Created broadcast 48 from broadcast at DAGScheduler.scala:1535
[2025-12-07T20:05:37.576+0000] {subprocess.py:106} INFO - 25/12/07 20:05:37 INFO DAGScheduler: Submitting 50 missing tasks from ShuffleMapStage 35 (MapPartitionsRDD[140] at $anonfun$recordDeltaOperationInternal$1 at DatabricksLogging.scala:128) (first 15 tasks are for partitions Vector(0, 1, 2, 3, 4, 5, 6, 7, 8, 9, 10, 11, 12, 13, 14))
[2025-12-07T20:05:37.577+0000] {subprocess.py:106} INFO - 25/12/07 20:05:37 INFO TaskSchedulerImpl: Adding task set 35.0 with 50 tasks resource profile 0
[2025-12-07T20:05:37.577+0000] {subprocess.py:106} INFO - 25/12/07 20:05:37 INFO TaskSetManager: Starting task 0.0 in stage 35.0 (TID 597) (172.18.0.8, executor 0, partition 0, NODE_LOCAL, 7356 bytes)
[2025-12-07T20:05:37.578+0000] {subprocess.py:106} INFO - 25/12/07 20:05:37 INFO TaskSetManager: Starting task 5.0 in stage 35.0 (TID 598) (172.18.0.8, executor 0, partition 5, NODE_LOCAL, 7356 bytes)
[2025-12-07T20:05:37.579+0000] {subprocess.py:106} INFO - 25/12/07 20:05:37 INFO TaskSetManager: Starting task 9.0 in stage 35.0 (TID 599) (172.18.0.8, executor 0, partition 9, NODE_LOCAL, 7356 bytes)
[2025-12-07T20:05:37.580+0000] {subprocess.py:106} INFO - 25/12/07 20:05:37 INFO TaskSetManager: Starting task 10.0 in stage 35.0 (TID 600) (172.18.0.8, executor 0, partition 10, NODE_LOCAL, 7356 bytes)
[2025-12-07T20:05:37.580+0000] {subprocess.py:106} INFO - 25/12/07 20:05:37 INFO TaskSetManager: Starting task 11.0 in stage 35.0 (TID 601) (172.18.0.8, executor 0, partition 11, NODE_LOCAL, 7356 bytes)
[2025-12-07T20:05:37.581+0000] {subprocess.py:106} INFO - 25/12/07 20:05:37 INFO TaskSetManager: Starting task 17.0 in stage 35.0 (TID 602) (172.18.0.8, executor 0, partition 17, NODE_LOCAL, 7356 bytes)
[2025-12-07T20:05:37.582+0000] {subprocess.py:106} INFO - 25/12/07 20:05:37 INFO TaskSetManager: Starting task 23.0 in stage 35.0 (TID 603) (172.18.0.8, executor 0, partition 23, NODE_LOCAL, 7356 bytes)
[2025-12-07T20:05:37.584+0000] {subprocess.py:106} INFO - 25/12/07 20:05:37 INFO TaskSetManager: Starting task 28.0 in stage 35.0 (TID 604) (172.18.0.8, executor 0, partition 28, NODE_LOCAL, 7356 bytes)
[2025-12-07T20:05:37.585+0000] {subprocess.py:106} INFO - 25/12/07 20:05:37 INFO TaskSetManager: Starting task 29.0 in stage 35.0 (TID 605) (172.18.0.8, executor 0, partition 29, NODE_LOCAL, 7356 bytes)
[2025-12-07T20:05:37.586+0000] {subprocess.py:106} INFO - 25/12/07 20:05:37 INFO TaskSetManager: Starting task 30.0 in stage 35.0 (TID 606) (172.18.0.8, executor 0, partition 30, NODE_LOCAL, 7356 bytes)
[2025-12-07T20:05:37.586+0000] {subprocess.py:106} INFO - 25/12/07 20:05:37 INFO TaskSetManager: Starting task 31.0 in stage 35.0 (TID 607) (172.18.0.8, executor 0, partition 31, NODE_LOCAL, 7356 bytes)
[2025-12-07T20:05:37.587+0000] {subprocess.py:106} INFO - 25/12/07 20:05:37 INFO TaskSetManager: Starting task 32.0 in stage 35.0 (TID 608) (172.18.0.8, executor 0, partition 32, NODE_LOCAL, 7356 bytes)
[2025-12-07T20:05:37.587+0000] {subprocess.py:106} INFO - 25/12/07 20:05:37 INFO TaskSetManager: Starting task 36.0 in stage 35.0 (TID 609) (172.18.0.8, executor 0, partition 36, NODE_LOCAL, 7356 bytes)
[2025-12-07T20:05:37.588+0000] {subprocess.py:106} INFO - 25/12/07 20:05:37 INFO TaskSetManager: Starting task 40.0 in stage 35.0 (TID 610) (172.18.0.8, executor 0, partition 40, NODE_LOCAL, 7356 bytes)
[2025-12-07T20:05:37.589+0000] {subprocess.py:106} INFO - 25/12/07 20:05:37 INFO TaskSetManager: Starting task 42.0 in stage 35.0 (TID 611) (172.18.0.8, executor 0, partition 42, NODE_LOCAL, 7356 bytes)
[2025-12-07T20:05:37.589+0000] {subprocess.py:106} INFO - 25/12/07 20:05:37 INFO TaskSetManager: Starting task 48.0 in stage 35.0 (TID 612) (172.18.0.8, executor 0, partition 48, NODE_LOCAL, 7356 bytes)
[2025-12-07T20:05:37.590+0000] {subprocess.py:106} INFO - 25/12/07 20:05:37 INFO BlockManagerInfo: Added broadcast_48_piece0 in memory on 172.18.0.8:33107 (size: 123.2 KiB, free: 425.4 MiB)
[2025-12-07T20:05:37.606+0000] {subprocess.py:106} INFO - 25/12/07 20:05:37 INFO MapOutputTrackerMasterEndpoint: Asked to send map output locations for shuffle 7 to 172.18.0.8:44278
[2025-12-07T20:05:37.648+0000] {subprocess.py:106} INFO - 25/12/07 20:05:37 INFO BlockManagerInfo: Added rdd_137_0 in memory on 172.18.0.8:33107 (size: 554.0 B, free: 425.4 MiB)
[2025-12-07T20:05:37.650+0000] {subprocess.py:106} INFO - 25/12/07 20:05:37 INFO BlockManagerInfo: Added rdd_137_11 in memory on 172.18.0.8:33107 (size: 567.0 B, free: 425.4 MiB)
[2025-12-07T20:05:37.651+0000] {subprocess.py:106} INFO - 25/12/07 20:05:37 INFO BlockManagerInfo: Added rdd_137_32 in memory on 172.18.0.8:33107 (size: 549.0 B, free: 425.4 MiB)
[2025-12-07T20:05:37.659+0000] {subprocess.py:106} INFO - 25/12/07 20:05:37 INFO BlockManagerInfo: Added rdd_137_9 in memory on 172.18.0.8:33107 (size: 554.0 B, free: 425.4 MiB)
[2025-12-07T20:05:37.663+0000] {subprocess.py:106} INFO - 25/12/07 20:05:37 INFO BlockManagerInfo: Added rdd_137_28 in memory on 172.18.0.8:33107 (size: 543.0 B, free: 425.4 MiB)
[2025-12-07T20:05:37.665+0000] {subprocess.py:106} INFO - 25/12/07 20:05:37 INFO BlockManagerInfo: Added rdd_137_40 in memory on 172.18.0.8:33107 (size: 553.0 B, free: 425.4 MiB)
[2025-12-07T20:05:37.666+0000] {subprocess.py:106} INFO - 25/12/07 20:05:37 INFO BlockManagerInfo: Added rdd_137_29 in memory on 172.18.0.8:33107 (size: 554.0 B, free: 425.4 MiB)
[2025-12-07T20:05:37.667+0000] {subprocess.py:106} INFO - 25/12/07 20:05:37 INFO BlockManagerInfo: Added rdd_137_36 in memory on 172.18.0.8:33107 (size: 537.0 B, free: 425.4 MiB)
[2025-12-07T20:05:37.668+0000] {subprocess.py:106} INFO - 25/12/07 20:05:37 INFO BlockManagerInfo: Added rdd_137_10 in memory on 172.18.0.8:33107 (size: 546.0 B, free: 425.4 MiB)
[2025-12-07T20:05:37.669+0000] {subprocess.py:106} INFO - 25/12/07 20:05:37 INFO BlockManagerInfo: Added rdd_137_30 in memory on 172.18.0.8:33107 (size: 555.0 B, free: 425.4 MiB)
[2025-12-07T20:05:37.670+0000] {subprocess.py:106} INFO - 25/12/07 20:05:37 INFO BlockManagerInfo: Added rdd_137_23 in memory on 172.18.0.8:33107 (size: 658.0 B, free: 425.4 MiB)
[2025-12-07T20:05:37.673+0000] {subprocess.py:106} INFO - 25/12/07 20:05:37 INFO BlockManagerInfo: Added rdd_137_42 in memory on 172.18.0.8:33107 (size: 559.0 B, free: 425.4 MiB)
[2025-12-07T20:05:37.680+0000] {subprocess.py:106} INFO - 25/12/07 20:05:37 INFO TaskSetManager: Starting task 1.0 in stage 35.0 (TID 613) (172.18.0.8, executor 0, partition 1, PROCESS_LOCAL, 7356 bytes)
[2025-12-07T20:05:37.682+0000] {subprocess.py:106} INFO - 25/12/07 20:05:37 INFO BlockManagerInfo: Added rdd_137_17 in memory on 172.18.0.8:33107 (size: 563.0 B, free: 425.4 MiB)
[2025-12-07T20:05:37.684+0000] {subprocess.py:106} INFO - 25/12/07 20:05:37 INFO TaskSetManager: Starting task 2.0 in stage 35.0 (TID 614) (172.18.0.8, executor 0, partition 2, PROCESS_LOCAL, 7356 bytes)
[2025-12-07T20:05:37.686+0000] {subprocess.py:106} INFO - 25/12/07 20:05:37 INFO TaskSetManager: Starting task 3.0 in stage 35.0 (TID 615) (172.18.0.8, executor 0, partition 3, PROCESS_LOCAL, 7356 bytes)
[2025-12-07T20:05:37.687+0000] {subprocess.py:106} INFO - 25/12/07 20:05:37 INFO TaskSetManager: Starting task 4.0 in stage 35.0 (TID 616) (172.18.0.8, executor 0, partition 4, PROCESS_LOCAL, 7356 bytes)
[2025-12-07T20:05:37.689+0000] {subprocess.py:106} INFO - 25/12/07 20:05:37 INFO TaskSetManager: Starting task 6.0 in stage 35.0 (TID 617) (172.18.0.8, executor 0, partition 6, PROCESS_LOCAL, 7356 bytes)
[2025-12-07T20:05:37.690+0000] {subprocess.py:106} INFO - 25/12/07 20:05:37 INFO TaskSetManager: Finished task 32.0 in stage 35.0 (TID 608) in 99 ms on 172.18.0.8 (executor 0) (1/50)
[2025-12-07T20:05:37.691+0000] {subprocess.py:106} INFO - 25/12/07 20:05:37 INFO TaskSetManager: Finished task 11.0 in stage 35.0 (TID 601) in 100 ms on 172.18.0.8 (executor 0) (2/50)
[2025-12-07T20:05:37.692+0000] {subprocess.py:106} INFO - 25/12/07 20:05:37 INFO TaskSetManager: Finished task 28.0 in stage 35.0 (TID 604) in 101 ms on 172.18.0.8 (executor 0) (3/50)
[2025-12-07T20:05:37.693+0000] {subprocess.py:106} INFO - 25/12/07 20:05:37 INFO BlockManagerInfo: Added rdd_137_31 in memory on 172.18.0.8:33107 (size: 554.0 B, free: 425.4 MiB)
[2025-12-07T20:05:37.695+0000] {subprocess.py:106} INFO - 25/12/07 20:05:37 INFO TaskSetManager: Finished task 9.0 in stage 35.0 (TID 599) in 101 ms on 172.18.0.8 (executor 0) (4/50)
[2025-12-07T20:05:37.698+0000] {subprocess.py:106} INFO - 25/12/07 20:05:37 INFO TaskSetManager: Finished task 40.0 in stage 35.0 (TID 610) in 101 ms on 172.18.0.8 (executor 0) (5/50)
[2025-12-07T20:05:37.700+0000] {subprocess.py:106} INFO - 25/12/07 20:05:37 INFO TaskSetManager: Starting task 7.0 in stage 35.0 (TID 618) (172.18.0.8, executor 0, partition 7, PROCESS_LOCAL, 7356 bytes)
[2025-12-07T20:05:37.703+0000] {subprocess.py:106} INFO - 25/12/07 20:05:37 INFO TaskSetManager: Finished task 36.0 in stage 35.0 (TID 609) in 104 ms on 172.18.0.8 (executor 0) (6/50)
[2025-12-07T20:05:37.705+0000] {subprocess.py:106} INFO - 25/12/07 20:05:37 INFO TaskSetManager: Starting task 8.0 in stage 35.0 (TID 619) (172.18.0.8, executor 0, partition 8, PROCESS_LOCAL, 7356 bytes)
[2025-12-07T20:05:37.707+0000] {subprocess.py:106} INFO - 25/12/07 20:05:37 INFO TaskSetManager: Finished task 0.0 in stage 35.0 (TID 597) in 108 ms on 172.18.0.8 (executor 0) (7/50)
[2025-12-07T20:05:37.713+0000] {subprocess.py:106} INFO - 25/12/07 20:05:37 INFO BlockManagerInfo: Added rdd_137_48 in memory on 172.18.0.8:33107 (size: 553.0 B, free: 425.4 MiB)
[2025-12-07T20:05:37.715+0000] {subprocess.py:106} INFO - 25/12/07 20:05:37 INFO TaskSetManager: Finished task 29.0 in stage 35.0 (TID 605) in 113 ms on 172.18.0.8 (executor 0) (8/50)
[2025-12-07T20:05:37.716+0000] {subprocess.py:106} INFO - 25/12/07 20:05:37 INFO BlockManagerInfo: Added rdd_137_5 in memory on 172.18.0.8:33107 (size: 555.0 B, free: 425.4 MiB)
[2025-12-07T20:05:37.717+0000] {subprocess.py:106} INFO - 25/12/07 20:05:37 INFO TaskSetManager: Starting task 12.0 in stage 35.0 (TID 620) (172.18.0.8, executor 0, partition 12, PROCESS_LOCAL, 7356 bytes)
[2025-12-07T20:05:37.719+0000] {subprocess.py:106} INFO - 25/12/07 20:05:37 INFO TaskSetManager: Starting task 13.0 in stage 35.0 (TID 621) (172.18.0.8, executor 0, partition 13, PROCESS_LOCAL, 7356 bytes)
[2025-12-07T20:05:37.721+0000] {subprocess.py:106} INFO - 25/12/07 20:05:37 INFO TaskSetManager: Finished task 30.0 in stage 35.0 (TID 606) in 116 ms on 172.18.0.8 (executor 0) (9/50)
[2025-12-07T20:05:37.722+0000] {subprocess.py:106} INFO - 25/12/07 20:05:37 INFO TaskSetManager: Starting task 14.0 in stage 35.0 (TID 622) (172.18.0.8, executor 0, partition 14, PROCESS_LOCAL, 7356 bytes)
[2025-12-07T20:05:37.723+0000] {subprocess.py:106} INFO - 25/12/07 20:05:37 INFO TaskSetManager: Finished task 10.0 in stage 35.0 (TID 600) in 121 ms on 172.18.0.8 (executor 0) (10/50)
[2025-12-07T20:05:37.724+0000] {subprocess.py:106} INFO - 25/12/07 20:05:37 INFO TaskSetManager: Starting task 15.0 in stage 35.0 (TID 623) (172.18.0.8, executor 0, partition 15, PROCESS_LOCAL, 7356 bytes)
[2025-12-07T20:05:37.725+0000] {subprocess.py:106} INFO - 25/12/07 20:05:37 INFO TaskSetManager: Finished task 23.0 in stage 35.0 (TID 603) in 124 ms on 172.18.0.8 (executor 0) (11/50)
[2025-12-07T20:05:37.726+0000] {subprocess.py:106} INFO - 25/12/07 20:05:37 INFO TaskSetManager: Finished task 42.0 in stage 35.0 (TID 611) in 130 ms on 172.18.0.8 (executor 0) (12/50)
[2025-12-07T20:05:37.726+0000] {subprocess.py:106} INFO - 25/12/07 20:05:37 INFO TaskSetManager: Starting task 16.0 in stage 35.0 (TID 624) (172.18.0.8, executor 0, partition 16, PROCESS_LOCAL, 7356 bytes)
[2025-12-07T20:05:37.727+0000] {subprocess.py:106} INFO - 25/12/07 20:05:37 INFO TaskSetManager: Starting task 18.0 in stage 35.0 (TID 625) (172.18.0.8, executor 0, partition 18, PROCESS_LOCAL, 7356 bytes)
[2025-12-07T20:05:37.729+0000] {subprocess.py:106} INFO - 25/12/07 20:05:37 INFO TaskSetManager: Finished task 31.0 in stage 35.0 (TID 607) in 139 ms on 172.18.0.8 (executor 0) (13/50)
[2025-12-07T20:05:37.730+0000] {subprocess.py:106} INFO - 25/12/07 20:05:37 INFO TaskSetManager: Starting task 19.0 in stage 35.0 (TID 626) (172.18.0.8, executor 0, partition 19, PROCESS_LOCAL, 7356 bytes)
[2025-12-07T20:05:37.731+0000] {subprocess.py:106} INFO - 25/12/07 20:05:37 INFO TaskSetManager: Finished task 17.0 in stage 35.0 (TID 602) in 144 ms on 172.18.0.8 (executor 0) (14/50)
[2025-12-07T20:05:37.751+0000] {subprocess.py:106} INFO - 25/12/07 20:05:37 INFO TaskSetManager: Starting task 20.0 in stage 35.0 (TID 627) (172.18.0.8, executor 0, partition 20, PROCESS_LOCAL, 7356 bytes)
[2025-12-07T20:05:37.755+0000] {subprocess.py:106} INFO - 25/12/07 20:05:37 INFO TaskSetManager: Finished task 48.0 in stage 35.0 (TID 612) in 171 ms on 172.18.0.8 (executor 0) (15/50)
[2025-12-07T20:05:37.764+0000] {subprocess.py:106} INFO - 25/12/07 20:05:37 INFO BlockManagerInfo: Added rdd_137_6 in memory on 172.18.0.8:33107 (size: 46.0 B, free: 425.4 MiB)
[2025-12-07T20:05:37.765+0000] {subprocess.py:106} INFO - 25/12/07 20:05:37 INFO TaskSetManager: Starting task 21.0 in stage 35.0 (TID 628) (172.18.0.8, executor 0, partition 21, PROCESS_LOCAL, 7356 bytes)
[2025-12-07T20:05:37.766+0000] {subprocess.py:106} INFO - 25/12/07 20:05:37 INFO TaskSetManager: Finished task 5.0 in stage 35.0 (TID 598) in 182 ms on 172.18.0.8 (executor 0) (16/50)
[2025-12-07T20:05:37.767+0000] {subprocess.py:106} INFO - 25/12/07 20:05:37 INFO BlockManagerInfo: Added rdd_137_7 in memory on 172.18.0.8:33107 (size: 46.0 B, free: 425.4 MiB)
[2025-12-07T20:05:37.782+0000] {subprocess.py:106} INFO - 25/12/07 20:05:37 INFO BlockManagerInfo: Added rdd_137_8 in memory on 172.18.0.8:33107 (size: 46.0 B, free: 425.4 MiB)
[2025-12-07T20:05:37.784+0000] {subprocess.py:106} INFO - 25/12/07 20:05:37 INFO BlockManagerInfo: Added rdd_137_3 in memory on 172.18.0.8:33107 (size: 46.0 B, free: 425.4 MiB)
[2025-12-07T20:05:37.790+0000] {subprocess.py:106} INFO - 25/12/07 20:05:37 INFO BlockManagerInfo: Added rdd_137_2 in memory on 172.18.0.8:33107 (size: 46.0 B, free: 425.4 MiB)
[2025-12-07T20:05:37.791+0000] {subprocess.py:106} INFO - 25/12/07 20:05:37 INFO BlockManagerInfo: Added rdd_137_1 in memory on 172.18.0.8:33107 (size: 46.0 B, free: 425.4 MiB)
[2025-12-07T20:05:37.796+0000] {subprocess.py:106} INFO - 25/12/07 20:05:37 INFO BlockManagerInfo: Added rdd_137_4 in memory on 172.18.0.8:33107 (size: 46.0 B, free: 425.4 MiB)
[2025-12-07T20:05:37.798+0000] {subprocess.py:106} INFO - 25/12/07 20:05:37 INFO BlockManagerInfo: Added rdd_137_18 in memory on 172.18.0.8:33107 (size: 46.0 B, free: 425.4 MiB)
[2025-12-07T20:05:37.800+0000] {subprocess.py:106} INFO - 25/12/07 20:05:37 INFO TaskSetManager: Starting task 22.0 in stage 35.0 (TID 629) (172.18.0.8, executor 0, partition 22, PROCESS_LOCAL, 7356 bytes)
[2025-12-07T20:05:37.803+0000] {subprocess.py:106} INFO - 25/12/07 20:05:37 INFO BlockManagerInfo: Added rdd_137_14 in memory on 172.18.0.8:33107 (size: 46.0 B, free: 425.4 MiB)
[2025-12-07T20:05:37.812+0000] {subprocess.py:106} INFO - 25/12/07 20:05:37 INFO TaskSetManager: Starting task 24.0 in stage 35.0 (TID 630) (172.18.0.8, executor 0, partition 24, PROCESS_LOCAL, 7356 bytes)
[2025-12-07T20:05:37.814+0000] {subprocess.py:106} INFO - 25/12/07 20:05:37 INFO TaskSetManager: Finished task 7.0 in stage 35.0 (TID 618) in 121 ms on 172.18.0.8 (executor 0) (17/50)
[2025-12-07T20:05:37.816+0000] {subprocess.py:106} INFO - 25/12/07 20:05:37 INFO TaskSetManager: Finished task 6.0 in stage 35.0 (TID 617) in 126 ms on 172.18.0.8 (executor 0) (18/50)
[2025-12-07T20:05:37.817+0000] {subprocess.py:106} INFO - 25/12/07 20:05:37 INFO BlockManagerInfo: Added rdd_137_12 in memory on 172.18.0.8:33107 (size: 46.0 B, free: 425.4 MiB)
[2025-12-07T20:05:37.818+0000] {subprocess.py:106} INFO - 25/12/07 20:05:37 INFO BlockManagerInfo: Added rdd_137_16 in memory on 172.18.0.8:33107 (size: 46.0 B, free: 425.4 MiB)
[2025-12-07T20:05:37.819+0000] {subprocess.py:106} INFO - 25/12/07 20:05:37 INFO TaskSetManager: Starting task 25.0 in stage 35.0 (TID 631) (172.18.0.8, executor 0, partition 25, PROCESS_LOCAL, 7356 bytes)
[2025-12-07T20:05:37.820+0000] {subprocess.py:106} INFO - 25/12/07 20:05:37 INFO TaskSetManager: Finished task 2.0 in stage 35.0 (TID 614) in 142 ms on 172.18.0.8 (executor 0) (19/50)
[2025-12-07T20:05:37.821+0000] {subprocess.py:106} INFO - 25/12/07 20:05:37 INFO TaskSetManager: Starting task 26.0 in stage 35.0 (TID 632) (172.18.0.8, executor 0, partition 26, PROCESS_LOCAL, 7356 bytes)
[2025-12-07T20:05:37.823+0000] {subprocess.py:106} INFO - 25/12/07 20:05:37 INFO TaskSetManager: Starting task 27.0 in stage 35.0 (TID 633) (172.18.0.8, executor 0, partition 27, PROCESS_LOCAL, 7356 bytes)
[2025-12-07T20:05:37.826+0000] {subprocess.py:106} INFO - 25/12/07 20:05:37 INFO TaskSetManager: Finished task 4.0 in stage 35.0 (TID 616) in 146 ms on 172.18.0.8 (executor 0) (20/50)
[2025-12-07T20:05:37.828+0000] {subprocess.py:106} INFO - 25/12/07 20:05:37 INFO TaskSetManager: Finished task 8.0 in stage 35.0 (TID 619) in 138 ms on 172.18.0.8 (executor 0) (21/50)
[2025-12-07T20:05:37.831+0000] {subprocess.py:106} INFO - 25/12/07 20:05:37 INFO BlockManagerInfo: Added rdd_137_15 in memory on 172.18.0.8:33107 (size: 46.0 B, free: 425.4 MiB)
[2025-12-07T20:05:37.832+0000] {subprocess.py:106} INFO - 25/12/07 20:05:37 INFO TaskSetManager: Starting task 33.0 in stage 35.0 (TID 634) (172.18.0.8, executor 0, partition 33, PROCESS_LOCAL, 7356 bytes)
[2025-12-07T20:05:37.833+0000] {subprocess.py:106} INFO - 25/12/07 20:05:37 INFO TaskSetManager: Finished task 3.0 in stage 35.0 (TID 615) in 150 ms on 172.18.0.8 (executor 0) (22/50)
[2025-12-07T20:05:37.834+0000] {subprocess.py:106} INFO - 25/12/07 20:05:37 INFO BlockManagerInfo: Added rdd_137_13 in memory on 172.18.0.8:33107 (size: 46.0 B, free: 425.4 MiB)
[2025-12-07T20:05:37.835+0000] {subprocess.py:106} INFO - 25/12/07 20:05:37 INFO TaskSetManager: Starting task 34.0 in stage 35.0 (TID 635) (172.18.0.8, executor 0, partition 34, PROCESS_LOCAL, 7356 bytes)
[2025-12-07T20:05:37.838+0000] {subprocess.py:106} INFO - 25/12/07 20:05:37 INFO TaskSetManager: Finished task 1.0 in stage 35.0 (TID 613) in 159 ms on 172.18.0.8 (executor 0) (23/50)
[2025-12-07T20:05:37.841+0000] {subprocess.py:106} INFO - 25/12/07 20:05:37 INFO TaskSetManager: Starting task 35.0 in stage 35.0 (TID 636) (172.18.0.8, executor 0, partition 35, PROCESS_LOCAL, 7356 bytes)
[2025-12-07T20:05:37.842+0000] {subprocess.py:106} INFO - 25/12/07 20:05:37 INFO TaskSetManager: Finished task 18.0 in stage 35.0 (TID 625) in 127 ms on 172.18.0.8 (executor 0) (24/50)
[2025-12-07T20:05:37.844+0000] {subprocess.py:106} INFO - 25/12/07 20:05:37 INFO BlockManagerInfo: Added rdd_137_20 in memory on 172.18.0.8:33107 (size: 46.0 B, free: 425.4 MiB)
[2025-12-07T20:05:37.853+0000] {subprocess.py:106} INFO - 25/12/07 20:05:37 INFO BlockManagerInfo: Added rdd_137_21 in memory on 172.18.0.8:33107 (size: 46.0 B, free: 425.4 MiB)
[2025-12-07T20:05:37.857+0000] {subprocess.py:106} INFO - 25/12/07 20:05:37 INFO TaskSetManager: Starting task 37.0 in stage 35.0 (TID 637) (172.18.0.8, executor 0, partition 37, PROCESS_LOCAL, 7356 bytes)
[2025-12-07T20:05:37.859+0000] {subprocess.py:106} INFO - 25/12/07 20:05:37 INFO TaskSetManager: Finished task 16.0 in stage 35.0 (TID 624) in 145 ms on 172.18.0.8 (executor 0) (25/50)
[2025-12-07T20:05:37.860+0000] {subprocess.py:106} INFO - 25/12/07 20:05:37 INFO TaskSetManager: Starting task 38.0 in stage 35.0 (TID 638) (172.18.0.8, executor 0, partition 38, PROCESS_LOCAL, 7356 bytes)
[2025-12-07T20:05:37.861+0000] {subprocess.py:106} INFO - 25/12/07 20:05:37 INFO TaskSetManager: Finished task 12.0 in stage 35.0 (TID 620) in 165 ms on 172.18.0.8 (executor 0) (26/50)
[2025-12-07T20:05:37.862+0000] {subprocess.py:106} INFO - 25/12/07 20:05:37 INFO TaskSetManager: Starting task 39.0 in stage 35.0 (TID 639) (172.18.0.8, executor 0, partition 39, PROCESS_LOCAL, 7356 bytes)
[2025-12-07T20:05:37.863+0000] {subprocess.py:106} INFO - 25/12/07 20:05:37 INFO TaskSetManager: Finished task 14.0 in stage 35.0 (TID 622) in 163 ms on 172.18.0.8 (executor 0) (27/50)
[2025-12-07T20:05:37.913+0000] {subprocess.py:106} INFO - 25/12/07 20:05:37 INFO TaskSetManager: Starting task 41.0 in stage 35.0 (TID 640) (172.18.0.8, executor 0, partition 41, PROCESS_LOCAL, 7356 bytes)
[2025-12-07T20:05:37.914+0000] {subprocess.py:106} INFO - 25/12/07 20:05:37 INFO TaskSetManager: Finished task 13.0 in stage 35.0 (TID 621) in 207 ms on 172.18.0.8 (executor 0) (28/50)
[2025-12-07T20:05:37.915+0000] {subprocess.py:106} INFO - 25/12/07 20:05:37 INFO BlockManagerInfo: Added rdd_137_19 in memory on 172.18.0.8:33107 (size: 46.0 B, free: 425.4 MiB)
[2025-12-07T20:05:37.916+0000] {subprocess.py:106} INFO - 25/12/07 20:05:37 INFO BlockManagerInfo: Added rdd_137_22 in memory on 172.18.0.8:33107 (size: 46.0 B, free: 425.4 MiB)
[2025-12-07T20:05:37.917+0000] {subprocess.py:106} INFO - 25/12/07 20:05:37 INFO BlockManagerInfo: Added rdd_137_24 in memory on 172.18.0.8:33107 (size: 46.0 B, free: 425.4 MiB)
[2025-12-07T20:05:37.919+0000] {subprocess.py:106} INFO - 25/12/07 20:05:37 INFO TaskSetManager: Starting task 43.0 in stage 35.0 (TID 641) (172.18.0.8, executor 0, partition 43, PROCESS_LOCAL, 7356 bytes)
[2025-12-07T20:05:37.920+0000] {subprocess.py:106} INFO - 25/12/07 20:05:37 INFO TaskSetManager: Starting task 44.0 in stage 35.0 (TID 642) (172.18.0.8, executor 0, partition 44, PROCESS_LOCAL, 7356 bytes)
[2025-12-07T20:05:37.924+0000] {subprocess.py:106} INFO - 25/12/07 20:05:37 INFO TaskSetManager: Finished task 15.0 in stage 35.0 (TID 623) in 206 ms on 172.18.0.8 (executor 0) (29/50)
[2025-12-07T20:05:37.925+0000] {subprocess.py:106} INFO - 25/12/07 20:05:37 INFO TaskSetManager: Finished task 20.0 in stage 35.0 (TID 627) in 159 ms on 172.18.0.8 (executor 0) (30/50)
[2025-12-07T20:05:37.928+0000] {subprocess.py:106} INFO - 25/12/07 20:05:37 INFO BlockManagerInfo: Added rdd_137_26 in memory on 172.18.0.8:33107 (size: 46.0 B, free: 425.4 MiB)
[2025-12-07T20:05:37.932+0000] {subprocess.py:106} INFO - 25/12/07 20:05:37 INFO BlockManagerInfo: Added rdd_137_27 in memory on 172.18.0.8:33107 (size: 46.0 B, free: 425.4 MiB)
[2025-12-07T20:05:37.940+0000] {subprocess.py:106} INFO - 25/12/07 20:05:37 INFO BlockManagerInfo: Added rdd_137_25 in memory on 172.18.0.8:33107 (size: 46.0 B, free: 425.4 MiB)
[2025-12-07T20:05:37.942+0000] {subprocess.py:106} INFO - 25/12/07 20:05:37 INFO TaskSetManager: Starting task 45.0 in stage 35.0 (TID 643) (172.18.0.8, executor 0, partition 45, PROCESS_LOCAL, 7356 bytes)
[2025-12-07T20:05:37.943+0000] {subprocess.py:106} INFO - 25/12/07 20:05:37 INFO TaskSetManager: Finished task 21.0 in stage 35.0 (TID 628) in 165 ms on 172.18.0.8 (executor 0) (31/50)
[2025-12-07T20:05:37.946+0000] {subprocess.py:106} INFO - 25/12/07 20:05:37 INFO TaskSetManager: Starting task 46.0 in stage 35.0 (TID 644) (172.18.0.8, executor 0, partition 46, PROCESS_LOCAL, 7356 bytes)
[2025-12-07T20:05:37.949+0000] {subprocess.py:106} INFO - 25/12/07 20:05:37 INFO TaskSetManager: Starting task 47.0 in stage 35.0 (TID 645) (172.18.0.8, executor 0, partition 47, PROCESS_LOCAL, 7356 bytes)
[2025-12-07T20:05:37.951+0000] {subprocess.py:106} INFO - 25/12/07 20:05:37 INFO TaskSetManager: Finished task 22.0 in stage 35.0 (TID 629) in 146 ms on 172.18.0.8 (executor 0) (32/50)
[2025-12-07T20:05:37.952+0000] {subprocess.py:106} INFO - 25/12/07 20:05:37 INFO TaskSetManager: Starting task 49.0 in stage 35.0 (TID 646) (172.18.0.8, executor 0, partition 49, PROCESS_LOCAL, 7356 bytes)
[2025-12-07T20:05:37.954+0000] {subprocess.py:106} INFO - 25/12/07 20:05:37 INFO TaskSetManager: Finished task 19.0 in stage 35.0 (TID 626) in 228 ms on 172.18.0.8 (executor 0) (33/50)
[2025-12-07T20:05:37.955+0000] {subprocess.py:106} INFO - 25/12/07 20:05:37 INFO TaskSetManager: Finished task 27.0 in stage 35.0 (TID 633) in 129 ms on 172.18.0.8 (executor 0) (34/50)
[2025-12-07T20:05:37.956+0000] {subprocess.py:106} INFO - 25/12/07 20:05:37 INFO TaskSetManager: Finished task 24.0 in stage 35.0 (TID 630) in 147 ms on 172.18.0.8 (executor 0) (35/50)
[2025-12-07T20:05:37.957+0000] {subprocess.py:106} INFO - 25/12/07 20:05:37 INFO TaskSetManager: Finished task 25.0 in stage 35.0 (TID 631) in 136 ms on 172.18.0.8 (executor 0) (36/50)
[2025-12-07T20:05:37.958+0000] {subprocess.py:106} INFO - 25/12/07 20:05:37 INFO BlockManagerInfo: Added rdd_137_33 in memory on 172.18.0.8:33107 (size: 46.0 B, free: 425.4 MiB)
[2025-12-07T20:05:37.959+0000] {subprocess.py:106} INFO - 25/12/07 20:05:37 INFO TaskSetManager: Finished task 26.0 in stage 35.0 (TID 632) in 140 ms on 172.18.0.8 (executor 0) (37/50)
[2025-12-07T20:05:37.966+0000] {subprocess.py:106} INFO - 25/12/07 20:05:37 INFO BlockManagerInfo: Added rdd_137_37 in memory on 172.18.0.8:33107 (size: 46.0 B, free: 425.4 MiB)
[2025-12-07T20:05:37.967+0000] {subprocess.py:106} INFO - 25/12/07 20:05:37 INFO BlockManagerInfo: Added rdd_137_35 in memory on 172.18.0.8:33107 (size: 46.0 B, free: 425.4 MiB)
[2025-12-07T20:05:37.971+0000] {subprocess.py:106} INFO - 25/12/07 20:05:37 INFO BlockManagerInfo: Added rdd_137_39 in memory on 172.18.0.8:33107 (size: 46.0 B, free: 425.4 MiB)
[2025-12-07T20:05:37.974+0000] {subprocess.py:106} INFO - 25/12/07 20:05:37 INFO BlockManagerInfo: Added rdd_137_38 in memory on 172.18.0.8:33107 (size: 46.0 B, free: 425.4 MiB)
[2025-12-07T20:05:37.986+0000] {subprocess.py:106} INFO - 25/12/07 20:05:37 INFO BlockManagerInfo: Added rdd_137_43 in memory on 172.18.0.8:33107 (size: 46.0 B, free: 425.4 MiB)
[2025-12-07T20:05:37.987+0000] {subprocess.py:106} INFO - 25/12/07 20:05:37 INFO BlockManagerInfo: Added rdd_137_34 in memory on 172.18.0.8:33107 (size: 46.0 B, free: 425.4 MiB)
[2025-12-07T20:05:37.992+0000] {subprocess.py:106} INFO - 25/12/07 20:05:37 INFO BlockManagerInfo: Added rdd_137_44 in memory on 172.18.0.8:33107 (size: 46.0 B, free: 425.4 MiB)
[2025-12-07T20:05:37.994+0000] {subprocess.py:106} INFO - 25/12/07 20:05:37 INFO TaskSetManager: Finished task 33.0 in stage 35.0 (TID 634) in 158 ms on 172.18.0.8 (executor 0) (38/50)
[2025-12-07T20:05:37.994+0000] {subprocess.py:106} INFO - 25/12/07 20:05:37 INFO BlockManagerInfo: Added rdd_137_41 in memory on 172.18.0.8:33107 (size: 46.0 B, free: 425.4 MiB)
[2025-12-07T20:05:37.995+0000] {subprocess.py:106} INFO - 25/12/07 20:05:37 INFO TaskSetManager: Finished task 35.0 in stage 35.0 (TID 636) in 151 ms on 172.18.0.8 (executor 0) (39/50)
[2025-12-07T20:05:37.997+0000] {subprocess.py:106} INFO - 25/12/07 20:05:37 INFO TaskSetManager: Finished task 39.0 in stage 35.0 (TID 639) in 137 ms on 172.18.0.8 (executor 0) (40/50)
[2025-12-07T20:05:37.999+0000] {subprocess.py:106} INFO - 25/12/07 20:05:37 INFO TaskSetManager: Finished task 38.0 in stage 35.0 (TID 638) in 138 ms on 172.18.0.8 (executor 0) (41/50)
[2025-12-07T20:05:38.000+0000] {subprocess.py:106} INFO - 25/12/07 20:05:37 INFO TaskSetManager: Finished task 37.0 in stage 35.0 (TID 637) in 141 ms on 172.18.0.8 (executor 0) (42/50)
[2025-12-07T20:05:38.003+0000] {subprocess.py:106} INFO - 25/12/07 20:05:38 INFO BlockManagerInfo: Added rdd_137_47 in memory on 172.18.0.8:33107 (size: 46.0 B, free: 425.4 MiB)
[2025-12-07T20:05:38.005+0000] {subprocess.py:106} INFO - 25/12/07 20:05:38 INFO BlockManagerInfo: Added rdd_137_45 in memory on 172.18.0.8:33107 (size: 46.0 B, free: 425.4 MiB)
[2025-12-07T20:05:38.006+0000] {subprocess.py:106} INFO - 25/12/07 20:05:38 INFO BlockManagerInfo: Added rdd_137_46 in memory on 172.18.0.8:33107 (size: 46.0 B, free: 425.4 MiB)
[2025-12-07T20:05:38.008+0000] {subprocess.py:106} INFO - 25/12/07 20:05:38 INFO TaskSetManager: Finished task 43.0 in stage 35.0 (TID 641) in 101 ms on 172.18.0.8 (executor 0) (43/50)
[2025-12-07T20:05:38.009+0000] {subprocess.py:106} INFO - 25/12/07 20:05:38 INFO TaskSetManager: Finished task 34.0 in stage 35.0 (TID 635) in 174 ms on 172.18.0.8 (executor 0) (44/50)
[2025-12-07T20:05:38.010+0000] {subprocess.py:106} INFO - 25/12/07 20:05:38 INFO TaskSetManager: Finished task 44.0 in stage 35.0 (TID 642) in 102 ms on 172.18.0.8 (executor 0) (45/50)
[2025-12-07T20:05:38.013+0000] {subprocess.py:106} INFO - 25/12/07 20:05:38 INFO TaskSetManager: Finished task 41.0 in stage 35.0 (TID 640) in 111 ms on 172.18.0.8 (executor 0) (46/50)
[2025-12-07T20:05:38.014+0000] {subprocess.py:106} INFO - 25/12/07 20:05:38 INFO BlockManagerInfo: Added rdd_137_49 in memory on 172.18.0.8:33107 (size: 46.0 B, free: 425.4 MiB)
[2025-12-07T20:05:38.022+0000] {subprocess.py:106} INFO - 25/12/07 20:05:38 INFO TaskSetManager: Finished task 46.0 in stage 35.0 (TID 644) in 77 ms on 172.18.0.8 (executor 0) (47/50)
[2025-12-07T20:05:38.023+0000] {subprocess.py:106} INFO - 25/12/07 20:05:38 INFO TaskSetManager: Finished task 45.0 in stage 35.0 (TID 643) in 101 ms on 172.18.0.8 (executor 0) (48/50)
[2025-12-07T20:05:38.024+0000] {subprocess.py:106} INFO - 25/12/07 20:05:38 INFO TaskSetManager: Finished task 47.0 in stage 35.0 (TID 645) in 77 ms on 172.18.0.8 (executor 0) (49/50)
[2025-12-07T20:05:38.032+0000] {subprocess.py:106} INFO - 25/12/07 20:05:38 INFO TaskSetManager: Finished task 49.0 in stage 35.0 (TID 646) in 85 ms on 172.18.0.8 (executor 0) (50/50)
[2025-12-07T20:05:38.033+0000] {subprocess.py:106} INFO - 25/12/07 20:05:38 INFO TaskSchedulerImpl: Removed TaskSet 35.0, whose tasks have all completed, from pool
[2025-12-07T20:05:38.034+0000] {subprocess.py:106} INFO - 25/12/07 20:05:38 INFO DAGScheduler: ShuffleMapStage 35 ($anonfun$recordDeltaOperationInternal$1 at DatabricksLogging.scala:128) finished in 0.493 s
[2025-12-07T20:05:38.034+0000] {subprocess.py:106} INFO - 25/12/07 20:05:38 INFO DAGScheduler: looking for newly runnable stages
[2025-12-07T20:05:38.035+0000] {subprocess.py:106} INFO - 25/12/07 20:05:38 INFO DAGScheduler: running: Set()
[2025-12-07T20:05:38.035+0000] {subprocess.py:106} INFO - 25/12/07 20:05:38 INFO DAGScheduler: waiting: Set()
[2025-12-07T20:05:38.036+0000] {subprocess.py:106} INFO - 25/12/07 20:05:38 INFO DAGScheduler: failed: Set()
[2025-12-07T20:05:38.061+0000] {subprocess.py:106} INFO - 25/12/07 20:05:38 INFO SparkContext: Starting job: $anonfun$recordDeltaOperationInternal$1 at DatabricksLogging.scala:128
[2025-12-07T20:05:38.062+0000] {subprocess.py:106} INFO - 25/12/07 20:05:38 INFO DAGScheduler: Got job 25 ($anonfun$recordDeltaOperationInternal$1 at DatabricksLogging.scala:128) with 1 output partitions
[2025-12-07T20:05:38.062+0000] {subprocess.py:106} INFO - 25/12/07 20:05:38 INFO DAGScheduler: Final stage: ResultStage 38 ($anonfun$recordDeltaOperationInternal$1 at DatabricksLogging.scala:128)
[2025-12-07T20:05:38.063+0000] {subprocess.py:106} INFO - 25/12/07 20:05:38 INFO DAGScheduler: Parents of final stage: List(ShuffleMapStage 37)
[2025-12-07T20:05:38.064+0000] {subprocess.py:106} INFO - 25/12/07 20:05:38 INFO DAGScheduler: Missing parents: List()
[2025-12-07T20:05:38.064+0000] {subprocess.py:106} INFO - 25/12/07 20:05:38 INFO DAGScheduler: Submitting ResultStage 38 (MapPartitionsRDD[143] at $anonfun$recordDeltaOperationInternal$1 at DatabricksLogging.scala:128), which has no missing parents
[2025-12-07T20:05:38.070+0000] {subprocess.py:106} INFO - 25/12/07 20:05:38 INFO MemoryStore: Block broadcast_49 stored as values in memory (estimated size 452.4 KiB, free 425.5 MiB)
[2025-12-07T20:05:38.071+0000] {subprocess.py:106} INFO - 25/12/07 20:05:38 INFO MemoryStore: Block broadcast_49_piece0 stored as bytes in memory (estimated size 108.0 KiB, free 425.4 MiB)
[2025-12-07T20:05:38.072+0000] {subprocess.py:106} INFO - 25/12/07 20:05:38 INFO BlockManagerInfo: Added broadcast_49_piece0 in memory on 13f196131dae:46673 (size: 108.0 KiB, free: 429.9 MiB)
[2025-12-07T20:05:38.073+0000] {subprocess.py:106} INFO - 25/12/07 20:05:38 INFO SparkContext: Created broadcast 49 from broadcast at DAGScheduler.scala:1535
[2025-12-07T20:05:38.074+0000] {subprocess.py:106} INFO - 25/12/07 20:05:38 INFO DAGScheduler: Submitting 1 missing tasks from ResultStage 38 (MapPartitionsRDD[143] at $anonfun$recordDeltaOperationInternal$1 at DatabricksLogging.scala:128) (first 15 tasks are for partitions Vector(0))
[2025-12-07T20:05:38.075+0000] {subprocess.py:106} INFO - 25/12/07 20:05:38 INFO TaskSchedulerImpl: Adding task set 38.0 with 1 tasks resource profile 0
[2025-12-07T20:05:38.075+0000] {subprocess.py:106} INFO - 25/12/07 20:05:38 INFO TaskSetManager: Starting task 0.0 in stage 38.0 (TID 647) (172.18.0.8, executor 0, partition 0, NODE_LOCAL, 7367 bytes)
[2025-12-07T20:05:38.084+0000] {subprocess.py:106} INFO - 25/12/07 20:05:38 INFO BlockManagerInfo: Added broadcast_49_piece0 in memory on 172.18.0.8:33107 (size: 108.0 KiB, free: 425.3 MiB)
[2025-12-07T20:05:38.093+0000] {subprocess.py:106} INFO - 25/12/07 20:05:38 INFO MapOutputTrackerMasterEndpoint: Asked to send map output locations for shuffle 8 to 172.18.0.8:44278
[2025-12-07T20:05:38.119+0000] {subprocess.py:106} INFO - 25/12/07 20:05:38 INFO TaskSetManager: Finished task 0.0 in stage 38.0 (TID 647) in 44 ms on 172.18.0.8 (executor 0) (1/1)
[2025-12-07T20:05:38.121+0000] {subprocess.py:106} INFO - 25/12/07 20:05:38 INFO TaskSchedulerImpl: Removed TaskSet 38.0, whose tasks have all completed, from pool
[2025-12-07T20:05:38.121+0000] {subprocess.py:106} INFO - 25/12/07 20:05:38 INFO DAGScheduler: ResultStage 38 ($anonfun$recordDeltaOperationInternal$1 at DatabricksLogging.scala:128) finished in 0.057 s
[2025-12-07T20:05:38.122+0000] {subprocess.py:106} INFO - 25/12/07 20:05:38 INFO DAGScheduler: Job 25 is finished. Cancelling potential speculative or zombie tasks for this job
[2025-12-07T20:05:38.122+0000] {subprocess.py:106} INFO - 25/12/07 20:05:38 INFO TaskSchedulerImpl: Killing all running tasks in stage 38: Stage finished
[2025-12-07T20:05:38.123+0000] {subprocess.py:106} INFO - 25/12/07 20:05:38 INFO DAGScheduler: Job 25 finished: $anonfun$recordDeltaOperationInternal$1 at DatabricksLogging.scala:128, took 0.059948 s
[2025-12-07T20:05:38.129+0000] {subprocess.py:106} INFO - 25/12/07 20:05:38 INFO Snapshot: [tableId=a0757be7-76e2-47b9-852c-4d04d9869f8b] DELTA: Done
[2025-12-07T20:05:38.222+0000] {subprocess.py:106} INFO - 25/12/07 20:05:38 INFO BlockManagerInfo: Removed broadcast_48_piece0 on 13f196131dae:46673 in memory (size: 123.2 KiB, free: 430.0 MiB)
[2025-12-07T20:05:38.223+0000] {subprocess.py:106} INFO - 25/12/07 20:05:38 INFO BlockManagerInfo: Removed broadcast_48_piece0 on 172.18.0.8:33107 in memory (size: 123.2 KiB, free: 425.4 MiB)
[2025-12-07T20:05:38.230+0000] {subprocess.py:106} INFO - 25/12/07 20:05:38 INFO BlockManagerInfo: Removed broadcast_49_piece0 on 13f196131dae:46673 in memory (size: 108.0 KiB, free: 430.1 MiB)
[2025-12-07T20:05:38.232+0000] {subprocess.py:106} INFO - 25/12/07 20:05:38 INFO BlockManagerInfo: Removed broadcast_49_piece0 on 172.18.0.8:33107 in memory (size: 108.0 KiB, free: 425.5 MiB)
[2025-12-07T20:05:38.237+0000] {subprocess.py:106} INFO - 25/12/07 20:05:38 INFO SparkContext: Starting job: $anonfun$recordDeltaOperationInternal$1 at DatabricksLogging.scala:128
[2025-12-07T20:05:38.238+0000] {subprocess.py:106} INFO - 25/12/07 20:05:38 INFO DAGScheduler: Got job 26 ($anonfun$recordDeltaOperationInternal$1 at DatabricksLogging.scala:128) with 50 output partitions
[2025-12-07T20:05:38.239+0000] {subprocess.py:106} INFO - 25/12/07 20:05:38 INFO DAGScheduler: Final stage: ResultStage 40 ($anonfun$recordDeltaOperationInternal$1 at DatabricksLogging.scala:128)
[2025-12-07T20:05:38.240+0000] {subprocess.py:106} INFO - 25/12/07 20:05:38 INFO DAGScheduler: Parents of final stage: List(ShuffleMapStage 39)
[2025-12-07T20:05:38.240+0000] {subprocess.py:106} INFO - 25/12/07 20:05:38 INFO DAGScheduler: Missing parents: List()
[2025-12-07T20:05:38.241+0000] {subprocess.py:106} INFO - 25/12/07 20:05:38 INFO DAGScheduler: Submitting ResultStage 40 (MapPartitionsRDD[145] at $anonfun$recordDeltaOperationInternal$1 at DatabricksLogging.scala:128), which has no missing parents
[2025-12-07T20:05:38.245+0000] {subprocess.py:106} INFO - 25/12/07 20:05:38 INFO MemoryStore: Block broadcast_50 stored as values in memory (estimated size 592.2 KiB, free 426.0 MiB)
[2025-12-07T20:05:38.249+0000] {subprocess.py:106} INFO - 25/12/07 20:05:38 INFO MemoryStore: Block broadcast_50_piece0 stored as bytes in memory (estimated size 138.5 KiB, free 425.9 MiB)
[2025-12-07T20:05:38.250+0000] {subprocess.py:106} INFO - 25/12/07 20:05:38 INFO BlockManagerInfo: Added broadcast_50_piece0 in memory on 13f196131dae:46673 (size: 138.5 KiB, free: 430.0 MiB)
[2025-12-07T20:05:38.250+0000] {subprocess.py:106} INFO - 25/12/07 20:05:38 INFO SparkContext: Created broadcast 50 from broadcast at DAGScheduler.scala:1535
[2025-12-07T20:05:38.255+0000] {subprocess.py:106} INFO - 25/12/07 20:05:38 INFO DAGScheduler: Submitting 50 missing tasks from ResultStage 40 (MapPartitionsRDD[145] at $anonfun$recordDeltaOperationInternal$1 at DatabricksLogging.scala:128) (first 15 tasks are for partitions Vector(0, 1, 2, 3, 4, 5, 6, 7, 8, 9, 10, 11, 12, 13, 14))
[2025-12-07T20:05:38.256+0000] {subprocess.py:106} INFO - 25/12/07 20:05:38 INFO TaskSchedulerImpl: Adding task set 40.0 with 50 tasks resource profile 0
[2025-12-07T20:05:38.257+0000] {subprocess.py:106} INFO - 25/12/07 20:05:38 INFO TaskSetManager: Starting task 0.0 in stage 40.0 (TID 648) (172.18.0.8, executor 0, partition 0, PROCESS_LOCAL, 7367 bytes)
[2025-12-07T20:05:38.258+0000] {subprocess.py:106} INFO - 25/12/07 20:05:38 INFO TaskSetManager: Starting task 1.0 in stage 40.0 (TID 649) (172.18.0.8, executor 0, partition 1, PROCESS_LOCAL, 7367 bytes)
[2025-12-07T20:05:38.260+0000] {subprocess.py:106} INFO - 25/12/07 20:05:38 INFO TaskSetManager: Starting task 2.0 in stage 40.0 (TID 650) (172.18.0.8, executor 0, partition 2, PROCESS_LOCAL, 7367 bytes)
[2025-12-07T20:05:38.261+0000] {subprocess.py:106} INFO - 25/12/07 20:05:38 INFO TaskSetManager: Starting task 3.0 in stage 40.0 (TID 651) (172.18.0.8, executor 0, partition 3, PROCESS_LOCAL, 7367 bytes)
[2025-12-07T20:05:38.261+0000] {subprocess.py:106} INFO - 25/12/07 20:05:38 INFO TaskSetManager: Starting task 4.0 in stage 40.0 (TID 652) (172.18.0.8, executor 0, partition 4, PROCESS_LOCAL, 7367 bytes)
[2025-12-07T20:05:38.262+0000] {subprocess.py:106} INFO - 25/12/07 20:05:38 INFO TaskSetManager: Starting task 5.0 in stage 40.0 (TID 653) (172.18.0.8, executor 0, partition 5, PROCESS_LOCAL, 7367 bytes)
[2025-12-07T20:05:38.263+0000] {subprocess.py:106} INFO - 25/12/07 20:05:38 INFO TaskSetManager: Starting task 6.0 in stage 40.0 (TID 654) (172.18.0.8, executor 0, partition 6, PROCESS_LOCAL, 7367 bytes)
[2025-12-07T20:05:38.264+0000] {subprocess.py:106} INFO - 25/12/07 20:05:38 INFO TaskSetManager: Starting task 7.0 in stage 40.0 (TID 655) (172.18.0.8, executor 0, partition 7, PROCESS_LOCAL, 7367 bytes)
[2025-12-07T20:05:38.264+0000] {subprocess.py:106} INFO - 25/12/07 20:05:38 INFO TaskSetManager: Starting task 8.0 in stage 40.0 (TID 656) (172.18.0.8, executor 0, partition 8, PROCESS_LOCAL, 7367 bytes)
[2025-12-07T20:05:38.265+0000] {subprocess.py:106} INFO - 25/12/07 20:05:38 INFO TaskSetManager: Starting task 9.0 in stage 40.0 (TID 657) (172.18.0.8, executor 0, partition 9, PROCESS_LOCAL, 7367 bytes)
[2025-12-07T20:05:38.265+0000] {subprocess.py:106} INFO - 25/12/07 20:05:38 INFO TaskSetManager: Starting task 10.0 in stage 40.0 (TID 658) (172.18.0.8, executor 0, partition 10, PROCESS_LOCAL, 7367 bytes)
[2025-12-07T20:05:38.266+0000] {subprocess.py:106} INFO - 25/12/07 20:05:38 INFO TaskSetManager: Starting task 11.0 in stage 40.0 (TID 659) (172.18.0.8, executor 0, partition 11, PROCESS_LOCAL, 7367 bytes)
[2025-12-07T20:05:38.266+0000] {subprocess.py:106} INFO - 25/12/07 20:05:38 INFO TaskSetManager: Starting task 12.0 in stage 40.0 (TID 660) (172.18.0.8, executor 0, partition 12, PROCESS_LOCAL, 7367 bytes)
[2025-12-07T20:05:38.267+0000] {subprocess.py:106} INFO - 25/12/07 20:05:38 INFO TaskSetManager: Starting task 13.0 in stage 40.0 (TID 661) (172.18.0.8, executor 0, partition 13, PROCESS_LOCAL, 7367 bytes)
[2025-12-07T20:05:38.267+0000] {subprocess.py:106} INFO - 25/12/07 20:05:38 INFO TaskSetManager: Starting task 14.0 in stage 40.0 (TID 662) (172.18.0.8, executor 0, partition 14, PROCESS_LOCAL, 7367 bytes)
[2025-12-07T20:05:38.268+0000] {subprocess.py:106} INFO - 25/12/07 20:05:38 INFO TaskSetManager: Starting task 15.0 in stage 40.0 (TID 663) (172.18.0.8, executor 0, partition 15, PROCESS_LOCAL, 7367 bytes)
[2025-12-07T20:05:38.270+0000] {subprocess.py:106} INFO - 25/12/07 20:05:38 INFO BlockManagerInfo: Added broadcast_50_piece0 in memory on 172.18.0.8:33107 (size: 138.5 KiB, free: 425.4 MiB)
[2025-12-07T20:05:38.285+0000] {subprocess.py:106} INFO - 25/12/07 20:05:38 INFO TaskSetManager: Starting task 16.0 in stage 40.0 (TID 664) (172.18.0.8, executor 0, partition 16, PROCESS_LOCAL, 7367 bytes)
[2025-12-07T20:05:38.287+0000] {subprocess.py:106} INFO - 25/12/07 20:05:38 INFO TaskSetManager: Starting task 17.0 in stage 40.0 (TID 665) (172.18.0.8, executor 0, partition 17, PROCESS_LOCAL, 7367 bytes)
[2025-12-07T20:05:38.288+0000] {subprocess.py:106} INFO - 25/12/07 20:05:38 INFO TaskSetManager: Finished task 7.0 in stage 40.0 (TID 655) in 32 ms on 172.18.0.8 (executor 0) (1/50)
[2025-12-07T20:05:38.289+0000] {subprocess.py:106} INFO - 25/12/07 20:05:38 INFO TaskSetManager: Finished task 5.0 in stage 40.0 (TID 653) in 32 ms on 172.18.0.8 (executor 0) (2/50)
[2025-12-07T20:05:38.290+0000] {subprocess.py:106} INFO - 25/12/07 20:05:38 INFO TaskSetManager: Starting task 18.0 in stage 40.0 (TID 666) (172.18.0.8, executor 0, partition 18, PROCESS_LOCAL, 7367 bytes)
[2025-12-07T20:05:38.291+0000] {subprocess.py:106} INFO - 25/12/07 20:05:38 INFO TaskSetManager: Starting task 19.0 in stage 40.0 (TID 667) (172.18.0.8, executor 0, partition 19, PROCESS_LOCAL, 7367 bytes)
[2025-12-07T20:05:38.291+0000] {subprocess.py:106} INFO - 25/12/07 20:05:38 INFO TaskSetManager: Starting task 20.0 in stage 40.0 (TID 668) (172.18.0.8, executor 0, partition 20, PROCESS_LOCAL, 7367 bytes)
[2025-12-07T20:05:38.292+0000] {subprocess.py:106} INFO - 25/12/07 20:05:38 INFO TaskSetManager: Starting task 21.0 in stage 40.0 (TID 669) (172.18.0.8, executor 0, partition 21, PROCESS_LOCAL, 7367 bytes)
[2025-12-07T20:05:38.296+0000] {subprocess.py:106} INFO - 25/12/07 20:05:38 INFO TaskSetManager: Starting task 22.0 in stage 40.0 (TID 670) (172.18.0.8, executor 0, partition 22, PROCESS_LOCAL, 7367 bytes)
[2025-12-07T20:05:38.302+0000] {subprocess.py:106} INFO - 25/12/07 20:05:38 INFO TaskSetManager: Starting task 23.0 in stage 40.0 (TID 671) (172.18.0.8, executor 0, partition 23, PROCESS_LOCAL, 7367 bytes)
[2025-12-07T20:05:38.304+0000] {subprocess.py:106} INFO - 25/12/07 20:05:38 INFO TaskSetManager: Starting task 24.0 in stage 40.0 (TID 672) (172.18.0.8, executor 0, partition 24, PROCESS_LOCAL, 7367 bytes)
[2025-12-07T20:05:38.306+0000] {subprocess.py:106} INFO - 25/12/07 20:05:38 INFO TaskSetManager: Finished task 14.0 in stage 40.0 (TID 662) in 34 ms on 172.18.0.8 (executor 0) (3/50)
[2025-12-07T20:05:38.312+0000] {subprocess.py:106} INFO - 25/12/07 20:05:38 INFO TaskSetManager: Finished task 6.0 in stage 40.0 (TID 654) in 37 ms on 172.18.0.8 (executor 0) (4/50)
[2025-12-07T20:05:38.314+0000] {subprocess.py:106} INFO - 25/12/07 20:05:38 INFO TaskSetManager: Finished task 11.0 in stage 40.0 (TID 659) in 36 ms on 172.18.0.8 (executor 0) (5/50)
[2025-12-07T20:05:38.316+0000] {subprocess.py:106} INFO - 25/12/07 20:05:38 INFO TaskSetManager: Finished task 8.0 in stage 40.0 (TID 656) in 37 ms on 172.18.0.8 (executor 0) (6/50)
[2025-12-07T20:05:38.318+0000] {subprocess.py:106} INFO - 25/12/07 20:05:38 INFO TaskSetManager: Finished task 13.0 in stage 40.0 (TID 661) in 36 ms on 172.18.0.8 (executor 0) (7/50)
[2025-12-07T20:05:38.320+0000] {subprocess.py:106} INFO - 25/12/07 20:05:38 INFO TaskSetManager: Finished task 10.0 in stage 40.0 (TID 658) in 36 ms on 172.18.0.8 (executor 0) (8/50)
[2025-12-07T20:05:38.324+0000] {subprocess.py:106} INFO - 25/12/07 20:05:38 INFO TaskSetManager: Finished task 3.0 in stage 40.0 (TID 651) in 39 ms on 172.18.0.8 (executor 0) (9/50)
[2025-12-07T20:05:38.325+0000] {subprocess.py:106} INFO - 25/12/07 20:05:38 INFO TaskSetManager: Starting task 25.0 in stage 40.0 (TID 673) (172.18.0.8, executor 0, partition 25, PROCESS_LOCAL, 7367 bytes)
[2025-12-07T20:05:38.327+0000] {subprocess.py:106} INFO - 25/12/07 20:05:38 INFO TaskSetManager: Finished task 0.0 in stage 40.0 (TID 648) in 47 ms on 172.18.0.8 (executor 0) (10/50)
[2025-12-07T20:05:38.328+0000] {subprocess.py:106} INFO - 25/12/07 20:05:38 INFO TaskSetManager: Starting task 26.0 in stage 40.0 (TID 674) (172.18.0.8, executor 0, partition 26, PROCESS_LOCAL, 7367 bytes)
[2025-12-07T20:05:38.329+0000] {subprocess.py:106} INFO - 25/12/07 20:05:38 INFO TaskSetManager: Finished task 15.0 in stage 40.0 (TID 663) in 45 ms on 172.18.0.8 (executor 0) (11/50)
[2025-12-07T20:05:38.336+0000] {subprocess.py:106} INFO - 25/12/07 20:05:38 INFO TaskSetManager: Finished task 12.0 in stage 40.0 (TID 660) in 46 ms on 172.18.0.8 (executor 0) (12/50)
[2025-12-07T20:05:38.342+0000] {subprocess.py:106} INFO - 25/12/07 20:05:38 INFO TaskSetManager: Starting task 27.0 in stage 40.0 (TID 675) (172.18.0.8, executor 0, partition 27, PROCESS_LOCAL, 7367 bytes)
[2025-12-07T20:05:38.343+0000] {subprocess.py:106} INFO - 25/12/07 20:05:38 INFO TaskSetManager: Starting task 28.0 in stage 40.0 (TID 676) (172.18.0.8, executor 0, partition 28, PROCESS_LOCAL, 7367 bytes)
[2025-12-07T20:05:38.344+0000] {subprocess.py:106} INFO - 25/12/07 20:05:38 INFO TaskSetManager: Starting task 29.0 in stage 40.0 (TID 677) (172.18.0.8, executor 0, partition 29, PROCESS_LOCAL, 7367 bytes)
[2025-12-07T20:05:38.346+0000] {subprocess.py:106} INFO - 25/12/07 20:05:38 INFO TaskSetManager: Finished task 9.0 in stage 40.0 (TID 657) in 48 ms on 172.18.0.8 (executor 0) (13/50)
[2025-12-07T20:05:38.350+0000] {subprocess.py:106} INFO - 25/12/07 20:05:38 INFO TaskSetManager: Starting task 30.0 in stage 40.0 (TID 678) (172.18.0.8, executor 0, partition 30, PROCESS_LOCAL, 7367 bytes)
[2025-12-07T20:05:38.351+0000] {subprocess.py:106} INFO - 25/12/07 20:05:38 INFO TaskSetManager: Finished task 1.0 in stage 40.0 (TID 649) in 51 ms on 172.18.0.8 (executor 0) (14/50)
[2025-12-07T20:05:38.352+0000] {subprocess.py:106} INFO - 25/12/07 20:05:38 INFO TaskSetManager: Finished task 2.0 in stage 40.0 (TID 650) in 52 ms on 172.18.0.8 (executor 0) (15/50)
[2025-12-07T20:05:38.352+0000] {subprocess.py:106} INFO - 25/12/07 20:05:38 INFO TaskSetManager: Starting task 31.0 in stage 40.0 (TID 679) (172.18.0.8, executor 0, partition 31, PROCESS_LOCAL, 7367 bytes)
[2025-12-07T20:05:38.353+0000] {subprocess.py:106} INFO - 25/12/07 20:05:38 INFO TaskSetManager: Starting task 32.0 in stage 40.0 (TID 680) (172.18.0.8, executor 0, partition 32, PROCESS_LOCAL, 7367 bytes)
[2025-12-07T20:05:38.354+0000] {subprocess.py:106} INFO - 25/12/07 20:05:38 INFO TaskSetManager: Starting task 33.0 in stage 40.0 (TID 681) (172.18.0.8, executor 0, partition 33, PROCESS_LOCAL, 7367 bytes)
[2025-12-07T20:05:38.354+0000] {subprocess.py:106} INFO - 25/12/07 20:05:38 INFO TaskSetManager: Starting task 34.0 in stage 40.0 (TID 682) (172.18.0.8, executor 0, partition 34, PROCESS_LOCAL, 7367 bytes)
[2025-12-07T20:05:38.354+0000] {subprocess.py:106} INFO - 25/12/07 20:05:38 INFO TaskSetManager: Starting task 35.0 in stage 40.0 (TID 683) (172.18.0.8, executor 0, partition 35, PROCESS_LOCAL, 7367 bytes)
[2025-12-07T20:05:38.355+0000] {subprocess.py:106} INFO - 25/12/07 20:05:38 INFO TaskSetManager: Starting task 36.0 in stage 40.0 (TID 684) (172.18.0.8, executor 0, partition 36, PROCESS_LOCAL, 7367 bytes)
[2025-12-07T20:05:38.356+0000] {subprocess.py:106} INFO - 25/12/07 20:05:38 INFO TaskSetManager: Finished task 24.0 in stage 40.0 (TID 672) in 25 ms on 172.18.0.8 (executor 0) (16/50)
[2025-12-07T20:05:38.356+0000] {subprocess.py:106} INFO - 25/12/07 20:05:38 INFO TaskSetManager: Finished task 16.0 in stage 40.0 (TID 664) in 32 ms on 172.18.0.8 (executor 0) (17/50)
[2025-12-07T20:05:38.357+0000] {subprocess.py:106} INFO - 25/12/07 20:05:38 INFO TaskSetManager: Finished task 20.0 in stage 40.0 (TID 668) in 28 ms on 172.18.0.8 (executor 0) (18/50)
[2025-12-07T20:05:38.357+0000] {subprocess.py:106} INFO - 25/12/07 20:05:38 INFO TaskSetManager: Finished task 4.0 in stage 40.0 (TID 652) in 63 ms on 172.18.0.8 (executor 0) (19/50)
[2025-12-07T20:05:38.358+0000] {subprocess.py:106} INFO - 25/12/07 20:05:38 INFO TaskSetManager: Finished task 19.0 in stage 40.0 (TID 667) in 30 ms on 172.18.0.8 (executor 0) (20/50)
[2025-12-07T20:05:38.358+0000] {subprocess.py:106} INFO - 25/12/07 20:05:38 INFO TaskSetManager: Starting task 37.0 in stage 40.0 (TID 685) (172.18.0.8, executor 0, partition 37, PROCESS_LOCAL, 7367 bytes)
[2025-12-07T20:05:38.359+0000] {subprocess.py:106} INFO - 25/12/07 20:05:38 INFO TaskSetManager: Starting task 38.0 in stage 40.0 (TID 686) (172.18.0.8, executor 0, partition 38, PROCESS_LOCAL, 7367 bytes)
[2025-12-07T20:05:38.361+0000] {subprocess.py:106} INFO - 25/12/07 20:05:38 INFO TaskSetManager: Starting task 39.0 in stage 40.0 (TID 687) (172.18.0.8, executor 0, partition 39, PROCESS_LOCAL, 7367 bytes)
[2025-12-07T20:05:38.361+0000] {subprocess.py:106} INFO - 25/12/07 20:05:38 INFO TaskSetManager: Starting task 40.0 in stage 40.0 (TID 688) (172.18.0.8, executor 0, partition 40, PROCESS_LOCAL, 7367 bytes)
[2025-12-07T20:05:38.362+0000] {subprocess.py:106} INFO - 25/12/07 20:05:38 INFO TaskSetManager: Finished task 22.0 in stage 40.0 (TID 670) in 32 ms on 172.18.0.8 (executor 0) (21/50)
[2025-12-07T20:05:38.363+0000] {subprocess.py:106} INFO - 25/12/07 20:05:38 INFO TaskSetManager: Finished task 18.0 in stage 40.0 (TID 666) in 35 ms on 172.18.0.8 (executor 0) (22/50)
[2025-12-07T20:05:38.363+0000] {subprocess.py:106} INFO - 25/12/07 20:05:38 INFO TaskSetManager: Finished task 17.0 in stage 40.0 (TID 665) in 37 ms on 172.18.0.8 (executor 0) (23/50)
[2025-12-07T20:05:38.364+0000] {subprocess.py:106} INFO - 25/12/07 20:05:38 INFO TaskSetManager: Finished task 23.0 in stage 40.0 (TID 671) in 33 ms on 172.18.0.8 (executor 0) (24/50)
[2025-12-07T20:05:38.364+0000] {subprocess.py:106} INFO - 25/12/07 20:05:38 INFO TaskSetManager: Finished task 25.0 in stage 40.0 (TID 673) in 25 ms on 172.18.0.8 (executor 0) (25/50)
[2025-12-07T20:05:38.365+0000] {subprocess.py:106} INFO - 25/12/07 20:05:38 INFO TaskSetManager: Starting task 41.0 in stage 40.0 (TID 689) (172.18.0.8, executor 0, partition 41, PROCESS_LOCAL, 7367 bytes)
[2025-12-07T20:05:38.365+0000] {subprocess.py:106} INFO - 25/12/07 20:05:38 INFO TaskSetManager: Starting task 42.0 in stage 40.0 (TID 690) (172.18.0.8, executor 0, partition 42, PROCESS_LOCAL, 7367 bytes)
[2025-12-07T20:05:38.366+0000] {subprocess.py:106} INFO - 25/12/07 20:05:38 INFO TaskSetManager: Starting task 43.0 in stage 40.0 (TID 691) (172.18.0.8, executor 0, partition 43, PROCESS_LOCAL, 7367 bytes)
[2025-12-07T20:05:38.366+0000] {subprocess.py:106} INFO - 25/12/07 20:05:38 INFO TaskSetManager: Finished task 26.0 in stage 40.0 (TID 674) in 29 ms on 172.18.0.8 (executor 0) (26/50)
[2025-12-07T20:05:38.367+0000] {subprocess.py:106} INFO - 25/12/07 20:05:38 INFO TaskSetManager: Finished task 28.0 in stage 40.0 (TID 676) in 27 ms on 172.18.0.8 (executor 0) (27/50)
[2025-12-07T20:05:38.368+0000] {subprocess.py:106} INFO - 25/12/07 20:05:38 INFO TaskSetManager: Starting task 44.0 in stage 40.0 (TID 692) (172.18.0.8, executor 0, partition 44, PROCESS_LOCAL, 7367 bytes)
[2025-12-07T20:05:38.368+0000] {subprocess.py:106} INFO - 25/12/07 20:05:38 INFO TaskSetManager: Starting task 45.0 in stage 40.0 (TID 693) (172.18.0.8, executor 0, partition 45, PROCESS_LOCAL, 7367 bytes)
[2025-12-07T20:05:38.369+0000] {subprocess.py:106} INFO - 25/12/07 20:05:38 INFO TaskSetManager: Starting task 46.0 in stage 40.0 (TID 694) (172.18.0.8, executor 0, partition 46, PROCESS_LOCAL, 7367 bytes)
[2025-12-07T20:05:38.369+0000] {subprocess.py:106} INFO - 25/12/07 20:05:38 INFO TaskSetManager: Starting task 47.0 in stage 40.0 (TID 695) (172.18.0.8, executor 0, partition 47, PROCESS_LOCAL, 7367 bytes)
[2025-12-07T20:05:38.370+0000] {subprocess.py:106} INFO - 25/12/07 20:05:38 INFO TaskSetManager: Starting task 48.0 in stage 40.0 (TID 696) (172.18.0.8, executor 0, partition 48, PROCESS_LOCAL, 7367 bytes)
[2025-12-07T20:05:38.371+0000] {subprocess.py:106} INFO - 25/12/07 20:05:38 INFO TaskSetManager: Finished task 29.0 in stage 40.0 (TID 677) in 31 ms on 172.18.0.8 (executor 0) (28/50)
[2025-12-07T20:05:38.371+0000] {subprocess.py:106} INFO - 25/12/07 20:05:38 INFO TaskSetManager: Finished task 30.0 in stage 40.0 (TID 678) in 30 ms on 172.18.0.8 (executor 0) (29/50)
[2025-12-07T20:05:38.372+0000] {subprocess.py:106} INFO - 25/12/07 20:05:38 INFO TaskSetManager: Finished task 27.0 in stage 40.0 (TID 675) in 32 ms on 172.18.0.8 (executor 0) (30/50)
[2025-12-07T20:05:38.373+0000] {subprocess.py:106} INFO - 25/12/07 20:05:38 INFO TaskSetManager: Finished task 34.0 in stage 40.0 (TID 682) in 20 ms on 172.18.0.8 (executor 0) (31/50)
[2025-12-07T20:05:38.373+0000] {subprocess.py:106} INFO - 25/12/07 20:05:38 INFO TaskSetManager: Starting task 49.0 in stage 40.0 (TID 697) (172.18.0.8, executor 0, partition 49, PROCESS_LOCAL, 7367 bytes)
[2025-12-07T20:05:38.374+0000] {subprocess.py:106} INFO - 25/12/07 20:05:38 INFO TaskSetManager: Finished task 21.0 in stage 40.0 (TID 669) in 48 ms on 172.18.0.8 (executor 0) (32/50)
[2025-12-07T20:05:38.374+0000] {subprocess.py:106} INFO - 25/12/07 20:05:38 INFO TaskSetManager: Finished task 36.0 in stage 40.0 (TID 684) in 22 ms on 172.18.0.8 (executor 0) (33/50)
[2025-12-07T20:05:38.375+0000] {subprocess.py:106} INFO - 25/12/07 20:05:38 INFO TaskSetManager: Finished task 33.0 in stage 40.0 (TID 681) in 28 ms on 172.18.0.8 (executor 0) (34/50)
[2025-12-07T20:05:38.376+0000] {subprocess.py:106} INFO - 25/12/07 20:05:38 INFO TaskSetManager: Finished task 31.0 in stage 40.0 (TID 679) in 36 ms on 172.18.0.8 (executor 0) (35/50)
[2025-12-07T20:05:38.376+0000] {subprocess.py:106} INFO - 25/12/07 20:05:38 INFO TaskSetManager: Finished task 40.0 in stage 40.0 (TID 688) in 27 ms on 172.18.0.8 (executor 0) (36/50)
[2025-12-07T20:05:38.377+0000] {subprocess.py:106} INFO - 25/12/07 20:05:38 INFO TaskSetManager: Finished task 37.0 in stage 40.0 (TID 685) in 29 ms on 172.18.0.8 (executor 0) (37/50)
[2025-12-07T20:05:38.377+0000] {subprocess.py:106} INFO - 25/12/07 20:05:38 INFO TaskSetManager: Finished task 43.0 in stage 40.0 (TID 691) in 20 ms on 172.18.0.8 (executor 0) (38/50)
[2025-12-07T20:05:38.378+0000] {subprocess.py:106} INFO - 25/12/07 20:05:38 INFO TaskSetManager: Finished task 32.0 in stage 40.0 (TID 680) in 37 ms on 172.18.0.8 (executor 0) (39/50)
[2025-12-07T20:05:38.378+0000] {subprocess.py:106} INFO - 25/12/07 20:05:38 INFO TaskSetManager: Finished task 42.0 in stage 40.0 (TID 690) in 22 ms on 172.18.0.8 (executor 0) (40/50)
[2025-12-07T20:05:38.378+0000] {subprocess.py:106} INFO - 25/12/07 20:05:38 INFO TaskSetManager: Finished task 35.0 in stage 40.0 (TID 683) in 35 ms on 172.18.0.8 (executor 0) (41/50)
[2025-12-07T20:05:38.379+0000] {subprocess.py:106} INFO - 25/12/07 20:05:38 INFO TaskSetManager: Finished task 38.0 in stage 40.0 (TID 686) in 31 ms on 172.18.0.8 (executor 0) (42/50)
[2025-12-07T20:05:38.379+0000] {subprocess.py:106} INFO - 25/12/07 20:05:38 INFO TaskSetManager: Finished task 39.0 in stage 40.0 (TID 687) in 30 ms on 172.18.0.8 (executor 0) (43/50)
[2025-12-07T20:05:38.380+0000] {subprocess.py:106} INFO - 25/12/07 20:05:38 INFO TaskSetManager: Finished task 45.0 in stage 40.0 (TID 693) in 19 ms on 172.18.0.8 (executor 0) (44/50)
[2025-12-07T20:05:38.381+0000] {subprocess.py:106} INFO - 25/12/07 20:05:38 INFO TaskSetManager: Finished task 41.0 in stage 40.0 (TID 689) in 24 ms on 172.18.0.8 (executor 0) (45/50)
[2025-12-07T20:05:38.382+0000] {subprocess.py:106} INFO - 25/12/07 20:05:38 INFO TaskSetManager: Finished task 48.0 in stage 40.0 (TID 696) in 19 ms on 172.18.0.8 (executor 0) (46/50)
[2025-12-07T20:05:38.382+0000] {subprocess.py:106} INFO - 25/12/07 20:05:38 INFO TaskSetManager: Finished task 46.0 in stage 40.0 (TID 694) in 21 ms on 172.18.0.8 (executor 0) (47/50)
[2025-12-07T20:05:38.383+0000] {subprocess.py:106} INFO - 25/12/07 20:05:38 INFO TaskSetManager: Finished task 47.0 in stage 40.0 (TID 695) in 20 ms on 172.18.0.8 (executor 0) (48/50)
[2025-12-07T20:05:38.384+0000] {subprocess.py:106} INFO - 25/12/07 20:05:38 INFO TaskSetManager: Finished task 44.0 in stage 40.0 (TID 692) in 22 ms on 172.18.0.8 (executor 0) (49/50)
[2025-12-07T20:05:38.384+0000] {subprocess.py:106} INFO - 25/12/07 20:05:38 INFO TaskSetManager: Finished task 49.0 in stage 40.0 (TID 697) in 25 ms on 172.18.0.8 (executor 0) (50/50)
[2025-12-07T20:05:38.385+0000] {subprocess.py:106} INFO - 25/12/07 20:05:38 INFO TaskSchedulerImpl: Removed TaskSet 40.0, whose tasks have all completed, from pool
[2025-12-07T20:05:38.385+0000] {subprocess.py:106} INFO - 25/12/07 20:05:38 INFO DAGScheduler: ResultStage 40 ($anonfun$recordDeltaOperationInternal$1 at DatabricksLogging.scala:128) finished in 0.120 s
[2025-12-07T20:05:38.386+0000] {subprocess.py:106} INFO - 25/12/07 20:05:38 INFO DAGScheduler: Job 26 is finished. Cancelling potential speculative or zombie tasks for this job
[2025-12-07T20:05:38.387+0000] {subprocess.py:106} INFO - 25/12/07 20:05:38 INFO TaskSchedulerImpl: Killing all running tasks in stage 40: Stage finished
[2025-12-07T20:05:38.387+0000] {subprocess.py:106} INFO - 25/12/07 20:05:38 INFO DAGScheduler: Job 26 finished: $anonfun$recordDeltaOperationInternal$1 at DatabricksLogging.scala:128, took 0.124813 s
[2025-12-07T20:05:38.388+0000] {subprocess.py:106} INFO - 25/12/07 20:05:38 INFO PrepareDeltaScan: DELTA: Done
[2025-12-07T20:05:38.390+0000] {subprocess.py:106} INFO - 25/12/07 20:05:38 INFO PrepareDeltaScan: DELTA: Filtering files for query
[2025-12-07T20:05:38.464+0000] {subprocess.py:106} INFO - 25/12/07 20:05:38 INFO SparkContext: Starting job: $anonfun$recordDeltaOperationInternal$1 at DatabricksLogging.scala:128
[2025-12-07T20:05:38.465+0000] {subprocess.py:106} INFO - 25/12/07 20:05:38 INFO DAGScheduler: Got job 27 ($anonfun$recordDeltaOperationInternal$1 at DatabricksLogging.scala:128) with 50 output partitions
[2025-12-07T20:05:38.466+0000] {subprocess.py:106} INFO - 25/12/07 20:05:38 INFO DAGScheduler: Final stage: ResultStage 42 ($anonfun$recordDeltaOperationInternal$1 at DatabricksLogging.scala:128)
[2025-12-07T20:05:38.467+0000] {subprocess.py:106} INFO - 25/12/07 20:05:38 INFO DAGScheduler: Parents of final stage: List(ShuffleMapStage 41)
[2025-12-07T20:05:38.467+0000] {subprocess.py:106} INFO - 25/12/07 20:05:38 INFO DAGScheduler: Missing parents: List()
[2025-12-07T20:05:38.467+0000] {subprocess.py:106} INFO - 25/12/07 20:05:38 INFO DAGScheduler: Submitting ResultStage 42 (MapPartitionsRDD[147] at $anonfun$recordDeltaOperationInternal$1 at DatabricksLogging.scala:128), which has no missing parents
[2025-12-07T20:05:38.475+0000] {subprocess.py:106} INFO - 25/12/07 20:05:38 INFO MemoryStore: Block broadcast_51 stored as values in memory (estimated size 654.5 KiB, free 425.3 MiB)
[2025-12-07T20:05:38.479+0000] {subprocess.py:106} INFO - 25/12/07 20:05:38 INFO MemoryStore: Block broadcast_51_piece0 stored as bytes in memory (estimated size 155.7 KiB, free 425.1 MiB)
[2025-12-07T20:05:38.480+0000] {subprocess.py:106} INFO - 25/12/07 20:05:38 INFO BlockManagerInfo: Added broadcast_51_piece0 in memory on 13f196131dae:46673 (size: 155.7 KiB, free: 429.8 MiB)
[2025-12-07T20:05:38.481+0000] {subprocess.py:106} INFO - 25/12/07 20:05:38 INFO SparkContext: Created broadcast 51 from broadcast at DAGScheduler.scala:1535
[2025-12-07T20:05:38.482+0000] {subprocess.py:106} INFO - 25/12/07 20:05:38 INFO DAGScheduler: Submitting 50 missing tasks from ResultStage 42 (MapPartitionsRDD[147] at $anonfun$recordDeltaOperationInternal$1 at DatabricksLogging.scala:128) (first 15 tasks are for partitions Vector(0, 1, 2, 3, 4, 5, 6, 7, 8, 9, 10, 11, 12, 13, 14))
[2025-12-07T20:05:38.482+0000] {subprocess.py:106} INFO - 25/12/07 20:05:38 INFO TaskSchedulerImpl: Adding task set 42.0 with 50 tasks resource profile 0
[2025-12-07T20:05:38.483+0000] {subprocess.py:106} INFO - 25/12/07 20:05:38 INFO TaskSetManager: Starting task 0.0 in stage 42.0 (TID 698) (172.18.0.8, executor 0, partition 0, PROCESS_LOCAL, 7367 bytes)
[2025-12-07T20:05:38.484+0000] {subprocess.py:106} INFO - 25/12/07 20:05:38 INFO TaskSetManager: Starting task 1.0 in stage 42.0 (TID 699) (172.18.0.8, executor 0, partition 1, PROCESS_LOCAL, 7367 bytes)
[2025-12-07T20:05:38.485+0000] {subprocess.py:106} INFO - 25/12/07 20:05:38 INFO TaskSetManager: Starting task 2.0 in stage 42.0 (TID 700) (172.18.0.8, executor 0, partition 2, PROCESS_LOCAL, 7367 bytes)
[2025-12-07T20:05:38.485+0000] {subprocess.py:106} INFO - 25/12/07 20:05:38 INFO TaskSetManager: Starting task 3.0 in stage 42.0 (TID 701) (172.18.0.8, executor 0, partition 3, PROCESS_LOCAL, 7367 bytes)
[2025-12-07T20:05:38.486+0000] {subprocess.py:106} INFO - 25/12/07 20:05:38 INFO TaskSetManager: Starting task 4.0 in stage 42.0 (TID 702) (172.18.0.8, executor 0, partition 4, PROCESS_LOCAL, 7367 bytes)
[2025-12-07T20:05:38.486+0000] {subprocess.py:106} INFO - 25/12/07 20:05:38 INFO TaskSetManager: Starting task 5.0 in stage 42.0 (TID 703) (172.18.0.8, executor 0, partition 5, PROCESS_LOCAL, 7367 bytes)
[2025-12-07T20:05:38.487+0000] {subprocess.py:106} INFO - 25/12/07 20:05:38 INFO TaskSetManager: Starting task 6.0 in stage 42.0 (TID 704) (172.18.0.8, executor 0, partition 6, PROCESS_LOCAL, 7367 bytes)
[2025-12-07T20:05:38.488+0000] {subprocess.py:106} INFO - 25/12/07 20:05:38 INFO TaskSetManager: Starting task 7.0 in stage 42.0 (TID 705) (172.18.0.8, executor 0, partition 7, PROCESS_LOCAL, 7367 bytes)
[2025-12-07T20:05:38.489+0000] {subprocess.py:106} INFO - 25/12/07 20:05:38 INFO TaskSetManager: Starting task 8.0 in stage 42.0 (TID 706) (172.18.0.8, executor 0, partition 8, PROCESS_LOCAL, 7367 bytes)
[2025-12-07T20:05:38.490+0000] {subprocess.py:106} INFO - 25/12/07 20:05:38 INFO TaskSetManager: Starting task 9.0 in stage 42.0 (TID 707) (172.18.0.8, executor 0, partition 9, PROCESS_LOCAL, 7367 bytes)
[2025-12-07T20:05:38.490+0000] {subprocess.py:106} INFO - 25/12/07 20:05:38 INFO TaskSetManager: Starting task 10.0 in stage 42.0 (TID 708) (172.18.0.8, executor 0, partition 10, PROCESS_LOCAL, 7367 bytes)
[2025-12-07T20:05:38.491+0000] {subprocess.py:106} INFO - 25/12/07 20:05:38 INFO TaskSetManager: Starting task 11.0 in stage 42.0 (TID 709) (172.18.0.8, executor 0, partition 11, PROCESS_LOCAL, 7367 bytes)
[2025-12-07T20:05:38.491+0000] {subprocess.py:106} INFO - 25/12/07 20:05:38 INFO TaskSetManager: Starting task 12.0 in stage 42.0 (TID 710) (172.18.0.8, executor 0, partition 12, PROCESS_LOCAL, 7367 bytes)
[2025-12-07T20:05:38.492+0000] {subprocess.py:106} INFO - 25/12/07 20:05:38 INFO TaskSetManager: Starting task 13.0 in stage 42.0 (TID 711) (172.18.0.8, executor 0, partition 13, PROCESS_LOCAL, 7367 bytes)
[2025-12-07T20:05:38.492+0000] {subprocess.py:106} INFO - 25/12/07 20:05:38 INFO TaskSetManager: Starting task 14.0 in stage 42.0 (TID 712) (172.18.0.8, executor 0, partition 14, PROCESS_LOCAL, 7367 bytes)
[2025-12-07T20:05:38.492+0000] {subprocess.py:106} INFO - 25/12/07 20:05:38 INFO TaskSetManager: Starting task 15.0 in stage 42.0 (TID 713) (172.18.0.8, executor 0, partition 15, PROCESS_LOCAL, 7367 bytes)
[2025-12-07T20:05:38.496+0000] {subprocess.py:106} INFO - 25/12/07 20:05:38 INFO BlockManagerInfo: Added broadcast_51_piece0 in memory on 172.18.0.8:33107 (size: 155.7 KiB, free: 425.2 MiB)
[2025-12-07T20:05:38.512+0000] {subprocess.py:106} INFO - 25/12/07 20:05:38 INFO TaskSetManager: Starting task 16.0 in stage 42.0 (TID 714) (172.18.0.8, executor 0, partition 16, PROCESS_LOCAL, 7367 bytes)
[2025-12-07T20:05:38.516+0000] {subprocess.py:106} INFO - 25/12/07 20:05:38 INFO TaskSetManager: Starting task 17.0 in stage 42.0 (TID 715) (172.18.0.8, executor 0, partition 17, PROCESS_LOCAL, 7367 bytes)
[2025-12-07T20:05:38.518+0000] {subprocess.py:106} INFO - 25/12/07 20:05:38 INFO TaskSetManager: Starting task 18.0 in stage 42.0 (TID 716) (172.18.0.8, executor 0, partition 18, PROCESS_LOCAL, 7367 bytes)
[2025-12-07T20:05:38.519+0000] {subprocess.py:106} INFO - 25/12/07 20:05:38 INFO TaskSetManager: Starting task 19.0 in stage 42.0 (TID 717) (172.18.0.8, executor 0, partition 19, PROCESS_LOCAL, 7367 bytes)
[2025-12-07T20:05:38.523+0000] {subprocess.py:106} INFO - 25/12/07 20:05:38 INFO TaskSetManager: Finished task 11.0 in stage 42.0 (TID 709) in 30 ms on 172.18.0.8 (executor 0) (1/50)
[2025-12-07T20:05:38.524+0000] {subprocess.py:106} INFO - 25/12/07 20:05:38 INFO TaskSetManager: Finished task 15.0 in stage 42.0 (TID 713) in 29 ms on 172.18.0.8 (executor 0) (2/50)
[2025-12-07T20:05:38.525+0000] {subprocess.py:106} INFO - 25/12/07 20:05:38 INFO TaskSetManager: Finished task 12.0 in stage 42.0 (TID 710) in 30 ms on 172.18.0.8 (executor 0) (3/50)
[2025-12-07T20:05:38.526+0000] {subprocess.py:106} INFO - 25/12/07 20:05:38 INFO TaskSetManager: Starting task 20.0 in stage 42.0 (TID 718) (172.18.0.8, executor 0, partition 20, PROCESS_LOCAL, 7367 bytes)
[2025-12-07T20:05:38.527+0000] {subprocess.py:106} INFO - 25/12/07 20:05:38 INFO TaskSetManager: Starting task 21.0 in stage 42.0 (TID 719) (172.18.0.8, executor 0, partition 21, PROCESS_LOCAL, 7367 bytes)
[2025-12-07T20:05:38.528+0000] {subprocess.py:106} INFO - 25/12/07 20:05:38 INFO TaskSetManager: Starting task 22.0 in stage 42.0 (TID 720) (172.18.0.8, executor 0, partition 22, PROCESS_LOCAL, 7367 bytes)
[2025-12-07T20:05:38.529+0000] {subprocess.py:106} INFO - 25/12/07 20:05:38 INFO TaskSetManager: Starting task 23.0 in stage 42.0 (TID 721) (172.18.0.8, executor 0, partition 23, PROCESS_LOCAL, 7367 bytes)
[2025-12-07T20:05:38.529+0000] {subprocess.py:106} INFO - 25/12/07 20:05:38 INFO TaskSetManager: Finished task 4.0 in stage 42.0 (TID 702) in 34 ms on 172.18.0.8 (executor 0) (4/50)
[2025-12-07T20:05:38.530+0000] {subprocess.py:106} INFO - 25/12/07 20:05:38 INFO TaskSetManager: Finished task 5.0 in stage 42.0 (TID 703) in 35 ms on 172.18.0.8 (executor 0) (5/50)
[2025-12-07T20:05:38.531+0000] {subprocess.py:106} INFO - 25/12/07 20:05:38 INFO TaskSetManager: Starting task 24.0 in stage 42.0 (TID 722) (172.18.0.8, executor 0, partition 24, PROCESS_LOCAL, 7367 bytes)
[2025-12-07T20:05:38.532+0000] {subprocess.py:106} INFO - 25/12/07 20:05:38 INFO TaskSetManager: Starting task 25.0 in stage 42.0 (TID 723) (172.18.0.8, executor 0, partition 25, PROCESS_LOCAL, 7367 bytes)
[2025-12-07T20:05:38.533+0000] {subprocess.py:106} INFO - 25/12/07 20:05:38 INFO TaskSetManager: Starting task 26.0 in stage 42.0 (TID 724) (172.18.0.8, executor 0, partition 26, PROCESS_LOCAL, 7367 bytes)
[2025-12-07T20:05:38.534+0000] {subprocess.py:106} INFO - 25/12/07 20:05:38 INFO TaskSetManager: Starting task 27.0 in stage 42.0 (TID 725) (172.18.0.8, executor 0, partition 27, PROCESS_LOCAL, 7367 bytes)
[2025-12-07T20:05:38.534+0000] {subprocess.py:106} INFO - 25/12/07 20:05:38 INFO TaskSetManager: Starting task 28.0 in stage 42.0 (TID 726) (172.18.0.8, executor 0, partition 28, PROCESS_LOCAL, 7367 bytes)
[2025-12-07T20:05:38.535+0000] {subprocess.py:106} INFO - 25/12/07 20:05:38 INFO TaskSetManager: Starting task 29.0 in stage 42.0 (TID 727) (172.18.0.8, executor 0, partition 29, PROCESS_LOCAL, 7367 bytes)
[2025-12-07T20:05:38.539+0000] {subprocess.py:106} INFO - 25/12/07 20:05:38 INFO TaskSetManager: Finished task 6.0 in stage 42.0 (TID 704) in 39 ms on 172.18.0.8 (executor 0) (6/50)
[2025-12-07T20:05:38.542+0000] {subprocess.py:106} INFO - 25/12/07 20:05:38 INFO TaskSetManager: Finished task 8.0 in stage 42.0 (TID 706) in 38 ms on 172.18.0.8 (executor 0) (7/50)
[2025-12-07T20:05:38.543+0000] {subprocess.py:106} INFO - 25/12/07 20:05:38 INFO TaskSetManager: Finished task 1.0 in stage 42.0 (TID 699) in 41 ms on 172.18.0.8 (executor 0) (8/50)
[2025-12-07T20:05:38.544+0000] {subprocess.py:106} INFO - 25/12/07 20:05:38 INFO TaskSetManager: Finished task 14.0 in stage 42.0 (TID 712) in 38 ms on 172.18.0.8 (executor 0) (9/50)
[2025-12-07T20:05:38.546+0000] {subprocess.py:106} INFO - 25/12/07 20:05:38 INFO TaskSetManager: Finished task 13.0 in stage 42.0 (TID 711) in 39 ms on 172.18.0.8 (executor 0) (10/50)
[2025-12-07T20:05:38.547+0000] {subprocess.py:106} INFO - 25/12/07 20:05:38 INFO TaskSetManager: Finished task 2.0 in stage 42.0 (TID 700) in 42 ms on 172.18.0.8 (executor 0) (11/50)
[2025-12-07T20:05:38.548+0000] {subprocess.py:106} INFO - 25/12/07 20:05:38 INFO TaskSetManager: Finished task 3.0 in stage 42.0 (TID 701) in 42 ms on 172.18.0.8 (executor 0) (12/50)
[2025-12-07T20:05:38.549+0000] {subprocess.py:106} INFO - 25/12/07 20:05:38 INFO TaskSetManager: Finished task 7.0 in stage 42.0 (TID 705) in 41 ms on 172.18.0.8 (executor 0) (13/50)
[2025-12-07T20:05:38.552+0000] {subprocess.py:106} INFO - 25/12/07 20:05:38 INFO TaskSetManager: Finished task 10.0 in stage 42.0 (TID 708) in 40 ms on 172.18.0.8 (executor 0) (14/50)
[2025-12-07T20:05:38.556+0000] {subprocess.py:106} INFO - 25/12/07 20:05:38 INFO TaskSetManager: Starting task 30.0 in stage 42.0 (TID 728) (172.18.0.8, executor 0, partition 30, PROCESS_LOCAL, 7367 bytes)
[2025-12-07T20:05:38.558+0000] {subprocess.py:106} INFO - 25/12/07 20:05:38 INFO TaskSetManager: Starting task 31.0 in stage 42.0 (TID 729) (172.18.0.8, executor 0, partition 31, PROCESS_LOCAL, 7367 bytes)
[2025-12-07T20:05:38.559+0000] {subprocess.py:106} INFO - 25/12/07 20:05:38 INFO TaskSetManager: Finished task 9.0 in stage 42.0 (TID 707) in 46 ms on 172.18.0.8 (executor 0) (15/50)
[2025-12-07T20:05:38.563+0000] {subprocess.py:106} INFO - 25/12/07 20:05:38 INFO TaskSetManager: Finished task 0.0 in stage 42.0 (TID 698) in 48 ms on 172.18.0.8 (executor 0) (16/50)
[2025-12-07T20:05:38.565+0000] {subprocess.py:106} INFO - 25/12/07 20:05:38 INFO TaskSetManager: Starting task 32.0 in stage 42.0 (TID 730) (172.18.0.8, executor 0, partition 32, PROCESS_LOCAL, 7367 bytes)
[2025-12-07T20:05:38.566+0000] {subprocess.py:106} INFO - 25/12/07 20:05:38 INFO TaskSetManager: Starting task 33.0 in stage 42.0 (TID 731) (172.18.0.8, executor 0, partition 33, PROCESS_LOCAL, 7367 bytes)
[2025-12-07T20:05:38.567+0000] {subprocess.py:106} INFO - 25/12/07 20:05:38 INFO TaskSetManager: Finished task 20.0 in stage 42.0 (TID 718) in 23 ms on 172.18.0.8 (executor 0) (17/50)
[2025-12-07T20:05:38.568+0000] {subprocess.py:106} INFO - 25/12/07 20:05:38 INFO TaskSetManager: Starting task 34.0 in stage 42.0 (TID 732) (172.18.0.8, executor 0, partition 34, PROCESS_LOCAL, 7367 bytes)
[2025-12-07T20:05:38.569+0000] {subprocess.py:106} INFO - 25/12/07 20:05:38 INFO TaskSetManager: Finished task 17.0 in stage 42.0 (TID 715) in 27 ms on 172.18.0.8 (executor 0) (18/50)
[2025-12-07T20:05:38.570+0000] {subprocess.py:106} INFO - 25/12/07 20:05:38 INFO TaskSetManager: Starting task 35.0 in stage 42.0 (TID 733) (172.18.0.8, executor 0, partition 35, PROCESS_LOCAL, 7367 bytes)
[2025-12-07T20:05:38.571+0000] {subprocess.py:106} INFO - 25/12/07 20:05:38 INFO TaskSetManager: Starting task 36.0 in stage 42.0 (TID 734) (172.18.0.8, executor 0, partition 36, PROCESS_LOCAL, 7367 bytes)
[2025-12-07T20:05:38.572+0000] {subprocess.py:106} INFO - 25/12/07 20:05:38 INFO TaskSetManager: Starting task 37.0 in stage 42.0 (TID 735) (172.18.0.8, executor 0, partition 37, PROCESS_LOCAL, 7367 bytes)
[2025-12-07T20:05:38.573+0000] {subprocess.py:106} INFO - 25/12/07 20:05:38 INFO TaskSetManager: Starting task 38.0 in stage 42.0 (TID 736) (172.18.0.8, executor 0, partition 38, PROCESS_LOCAL, 7367 bytes)
[2025-12-07T20:05:38.575+0000] {subprocess.py:106} INFO - 25/12/07 20:05:38 INFO TaskSetManager: Starting task 39.0 in stage 42.0 (TID 737) (172.18.0.8, executor 0, partition 39, PROCESS_LOCAL, 7367 bytes)
[2025-12-07T20:05:38.576+0000] {subprocess.py:106} INFO - 25/12/07 20:05:38 INFO TaskSetManager: Starting task 40.0 in stage 42.0 (TID 738) (172.18.0.8, executor 0, partition 40, PROCESS_LOCAL, 7367 bytes)
[2025-12-07T20:05:38.577+0000] {subprocess.py:106} INFO - 25/12/07 20:05:38 INFO TaskSetManager: Starting task 41.0 in stage 42.0 (TID 739) (172.18.0.8, executor 0, partition 41, PROCESS_LOCAL, 7367 bytes)
[2025-12-07T20:05:38.578+0000] {subprocess.py:106} INFO - 25/12/07 20:05:38 INFO TaskSetManager: Starting task 42.0 in stage 42.0 (TID 740) (172.18.0.8, executor 0, partition 42, PROCESS_LOCAL, 7367 bytes)
[2025-12-07T20:05:38.579+0000] {subprocess.py:106} INFO - 25/12/07 20:05:38 INFO TaskSetManager: Finished task 21.0 in stage 42.0 (TID 719) in 28 ms on 172.18.0.8 (executor 0) (19/50)
[2025-12-07T20:05:38.579+0000] {subprocess.py:106} INFO - 25/12/07 20:05:38 INFO TaskSetManager: Finished task 27.0 in stage 42.0 (TID 725) in 25 ms on 172.18.0.8 (executor 0) (20/50)
[2025-12-07T20:05:38.580+0000] {subprocess.py:106} INFO - 25/12/07 20:05:38 INFO TaskSetManager: Finished task 24.0 in stage 42.0 (TID 722) in 27 ms on 172.18.0.8 (executor 0) (21/50)
[2025-12-07T20:05:38.581+0000] {subprocess.py:106} INFO - 25/12/07 20:05:38 INFO TaskSetManager: Finished task 28.0 in stage 42.0 (TID 726) in 25 ms on 172.18.0.8 (executor 0) (22/50)
[2025-12-07T20:05:38.582+0000] {subprocess.py:106} INFO - 25/12/07 20:05:38 INFO TaskSetManager: Finished task 25.0 in stage 42.0 (TID 723) in 27 ms on 172.18.0.8 (executor 0) (23/50)
[2025-12-07T20:05:38.582+0000] {subprocess.py:106} INFO - 25/12/07 20:05:38 INFO TaskSetManager: Finished task 19.0 in stage 42.0 (TID 717) in 34 ms on 172.18.0.8 (executor 0) (24/50)
[2025-12-07T20:05:38.583+0000] {subprocess.py:106} INFO - 25/12/07 20:05:38 INFO TaskSetManager: Finished task 16.0 in stage 42.0 (TID 714) in 36 ms on 172.18.0.8 (executor 0) (25/50)
[2025-12-07T20:05:38.584+0000] {subprocess.py:106} INFO - 25/12/07 20:05:38 INFO TaskSetManager: Finished task 26.0 in stage 42.0 (TID 724) in 28 ms on 172.18.0.8 (executor 0) (26/50)
[2025-12-07T20:05:38.585+0000] {subprocess.py:106} INFO - 25/12/07 20:05:38 INFO TaskSetManager: Finished task 22.0 in stage 42.0 (TID 720) in 32 ms on 172.18.0.8 (executor 0) (27/50)
[2025-12-07T20:05:38.585+0000] {subprocess.py:106} INFO - 25/12/07 20:05:38 INFO TaskSetManager: Starting task 43.0 in stage 42.0 (TID 741) (172.18.0.8, executor 0, partition 43, PROCESS_LOCAL, 7367 bytes)
[2025-12-07T20:05:38.586+0000] {subprocess.py:106} INFO - 25/12/07 20:05:38 INFO TaskSetManager: Starting task 44.0 in stage 42.0 (TID 742) (172.18.0.8, executor 0, partition 44, PROCESS_LOCAL, 7367 bytes)
[2025-12-07T20:05:38.587+0000] {subprocess.py:106} INFO - 25/12/07 20:05:38 INFO TaskSetManager: Starting task 45.0 in stage 42.0 (TID 743) (172.18.0.8, executor 0, partition 45, PROCESS_LOCAL, 7367 bytes)
[2025-12-07T20:05:38.588+0000] {subprocess.py:106} INFO - 25/12/07 20:05:38 INFO TaskSetManager: Starting task 46.0 in stage 42.0 (TID 744) (172.18.0.8, executor 0, partition 46, PROCESS_LOCAL, 7367 bytes)
[2025-12-07T20:05:38.588+0000] {subprocess.py:106} INFO - 25/12/07 20:05:38 INFO TaskSetManager: Starting task 47.0 in stage 42.0 (TID 745) (172.18.0.8, executor 0, partition 47, PROCESS_LOCAL, 7367 bytes)
[2025-12-07T20:05:38.589+0000] {subprocess.py:106} INFO - 25/12/07 20:05:38 INFO TaskSetManager: Finished task 18.0 in stage 42.0 (TID 716) in 45 ms on 172.18.0.8 (executor 0) (28/50)
[2025-12-07T20:05:38.590+0000] {subprocess.py:106} INFO - 25/12/07 20:05:38 INFO TaskSetManager: Finished task 31.0 in stage 42.0 (TID 729) in 29 ms on 172.18.0.8 (executor 0) (29/50)
[2025-12-07T20:05:38.590+0000] {subprocess.py:106} INFO - 25/12/07 20:05:38 INFO TaskSetManager: Finished task 23.0 in stage 42.0 (TID 721) in 41 ms on 172.18.0.8 (executor 0) (30/50)
[2025-12-07T20:05:38.591+0000] {subprocess.py:106} INFO - 25/12/07 20:05:38 INFO TaskSetManager: Finished task 30.0 in stage 42.0 (TID 728) in 30 ms on 172.18.0.8 (executor 0) (31/50)
[2025-12-07T20:05:38.592+0000] {subprocess.py:106} INFO - 25/12/07 20:05:38 INFO TaskSetManager: Finished task 29.0 in stage 42.0 (TID 727) in 38 ms on 172.18.0.8 (executor 0) (32/50)
[2025-12-07T20:05:38.592+0000] {subprocess.py:106} INFO - 25/12/07 20:05:38 INFO TaskSetManager: Starting task 48.0 in stage 42.0 (TID 746) (172.18.0.8, executor 0, partition 48, PROCESS_LOCAL, 7367 bytes)
[2025-12-07T20:05:38.593+0000] {subprocess.py:106} INFO - 25/12/07 20:05:38 INFO TaskSetManager: Starting task 49.0 in stage 42.0 (TID 747) (172.18.0.8, executor 0, partition 49, PROCESS_LOCAL, 7367 bytes)
[2025-12-07T20:05:38.593+0000] {subprocess.py:106} INFO - 25/12/07 20:05:38 INFO TaskSetManager: Finished task 34.0 in stage 42.0 (TID 732) in 25 ms on 172.18.0.8 (executor 0) (33/50)
[2025-12-07T20:05:38.594+0000] {subprocess.py:106} INFO - 25/12/07 20:05:38 INFO TaskSetManager: Finished task 41.0 in stage 42.0 (TID 739) in 23 ms on 172.18.0.8 (executor 0) (34/50)
[2025-12-07T20:05:38.595+0000] {subprocess.py:106} INFO - 25/12/07 20:05:38 INFO TaskSetManager: Finished task 33.0 in stage 42.0 (TID 731) in 28 ms on 172.18.0.8 (executor 0) (35/50)
[2025-12-07T20:05:38.596+0000] {subprocess.py:106} INFO - 25/12/07 20:05:38 INFO TaskSetManager: Finished task 36.0 in stage 42.0 (TID 734) in 27 ms on 172.18.0.8 (executor 0) (36/50)
[2025-12-07T20:05:38.596+0000] {subprocess.py:106} INFO - 25/12/07 20:05:38 INFO TaskSetManager: Finished task 39.0 in stage 42.0 (TID 737) in 26 ms on 172.18.0.8 (executor 0) (37/50)
[2025-12-07T20:05:38.597+0000] {subprocess.py:106} INFO - 25/12/07 20:05:38 INFO TaskSetManager: Finished task 40.0 in stage 42.0 (TID 738) in 31 ms on 172.18.0.8 (executor 0) (38/50)
[2025-12-07T20:05:38.598+0000] {subprocess.py:106} INFO - 25/12/07 20:05:38 INFO TaskSetManager: Finished task 32.0 in stage 42.0 (TID 730) in 37 ms on 172.18.0.8 (executor 0) (39/50)
[2025-12-07T20:05:38.598+0000] {subprocess.py:106} INFO - 25/12/07 20:05:38 INFO TaskSetManager: Finished task 43.0 in stage 42.0 (TID 741) in 22 ms on 172.18.0.8 (executor 0) (40/50)
[2025-12-07T20:05:38.599+0000] {subprocess.py:106} INFO - 25/12/07 20:05:38 INFO TaskSetManager: Finished task 37.0 in stage 42.0 (TID 735) in 34 ms on 172.18.0.8 (executor 0) (41/50)
[2025-12-07T20:05:38.600+0000] {subprocess.py:106} INFO - 25/12/07 20:05:38 INFO TaskSetManager: Finished task 42.0 in stage 42.0 (TID 740) in 33 ms on 172.18.0.8 (executor 0) (42/50)
[2025-12-07T20:05:38.600+0000] {subprocess.py:106} INFO - 25/12/07 20:05:38 INFO TaskSetManager: Finished task 35.0 in stage 42.0 (TID 733) in 37 ms on 172.18.0.8 (executor 0) (43/50)
[2025-12-07T20:05:38.601+0000] {subprocess.py:106} INFO - 25/12/07 20:05:38 INFO TaskSetManager: Finished task 46.0 in stage 42.0 (TID 744) in 20 ms on 172.18.0.8 (executor 0) (44/50)
[2025-12-07T20:05:38.601+0000] {subprocess.py:106} INFO - 25/12/07 20:05:38 INFO TaskSetManager: Finished task 38.0 in stage 42.0 (TID 736) in 35 ms on 172.18.0.8 (executor 0) (45/50)
[2025-12-07T20:05:38.602+0000] {subprocess.py:106} INFO - 25/12/07 20:05:38 INFO TaskSetManager: Finished task 45.0 in stage 42.0 (TID 743) in 23 ms on 172.18.0.8 (executor 0) (46/50)
[2025-12-07T20:05:38.603+0000] {subprocess.py:106} INFO - 25/12/07 20:05:38 INFO TaskSetManager: Finished task 47.0 in stage 42.0 (TID 745) in 23 ms on 172.18.0.8 (executor 0) (47/50)
[2025-12-07T20:05:38.604+0000] {subprocess.py:106} INFO - 25/12/07 20:05:38 INFO TaskSetManager: Finished task 44.0 in stage 42.0 (TID 742) in 25 ms on 172.18.0.8 (executor 0) (48/50)
[2025-12-07T20:05:38.604+0000] {subprocess.py:106} INFO - 25/12/07 20:05:38 INFO TaskSetManager: Finished task 49.0 in stage 42.0 (TID 747) in 22 ms on 172.18.0.8 (executor 0) (49/50)
[2025-12-07T20:05:38.605+0000] {subprocess.py:106} INFO - 25/12/07 20:05:38 INFO TaskSetManager: Finished task 48.0 in stage 42.0 (TID 746) in 24 ms on 172.18.0.8 (executor 0) (50/50)
[2025-12-07T20:05:38.606+0000] {subprocess.py:106} INFO - 25/12/07 20:05:38 INFO TaskSchedulerImpl: Removed TaskSet 42.0, whose tasks have all completed, from pool
[2025-12-07T20:05:38.606+0000] {subprocess.py:106} INFO - 25/12/07 20:05:38 INFO DAGScheduler: ResultStage 42 ($anonfun$recordDeltaOperationInternal$1 at DatabricksLogging.scala:128) finished in 0.119 s
[2025-12-07T20:05:38.607+0000] {subprocess.py:106} INFO - 25/12/07 20:05:38 INFO DAGScheduler: Job 27 is finished. Cancelling potential speculative or zombie tasks for this job
[2025-12-07T20:05:38.607+0000] {subprocess.py:106} INFO - 25/12/07 20:05:38 INFO TaskSchedulerImpl: Killing all running tasks in stage 42: Stage finished
[2025-12-07T20:05:38.608+0000] {subprocess.py:106} INFO - 25/12/07 20:05:38 INFO DAGScheduler: Job 27 finished: $anonfun$recordDeltaOperationInternal$1 at DatabricksLogging.scala:128, took 0.123517 s
[2025-12-07T20:05:38.609+0000] {subprocess.py:106} INFO - 25/12/07 20:05:38 INFO PrepareDeltaScan: DELTA: Done
[2025-12-07T20:05:38.610+0000] {subprocess.py:106} INFO - 25/12/07 20:05:38 INFO DataSourceStrategy: Pruning directories with:
[2025-12-07T20:05:38.610+0000] {subprocess.py:106} INFO - 25/12/07 20:05:38 INFO FileSourceStrategy: Pushed Filters:
[2025-12-07T20:05:38.611+0000] {subprocess.py:106} INFO - 25/12/07 20:05:38 INFO FileSourceStrategy: Post-Scan Filters:
[2025-12-07T20:05:38.611+0000] {subprocess.py:106} INFO - 25/12/07 20:05:38 INFO FileSourceStrategy: Pushed Filters: IsNotNull(product_id)
[2025-12-07T20:05:38.612+0000] {subprocess.py:106} INFO - 25/12/07 20:05:38 INFO FileSourceStrategy: Post-Scan Filters: isnotnull(product_id#2032)
[2025-12-07T20:05:38.613+0000] {subprocess.py:106} INFO - 25/12/07 20:05:38 INFO ParquetUtils: Using default output committer for Parquet: org.apache.parquet.hadoop.ParquetOutputCommitter
[2025-12-07T20:05:38.635+0000] {subprocess.py:106} INFO - 25/12/07 20:05:38 INFO CodeGenerator: Code generated in 9.956365 ms
[2025-12-07T20:05:38.639+0000] {subprocess.py:106} INFO - 25/12/07 20:05:38 INFO MemoryStore: Block broadcast_52 stored as values in memory (estimated size 214.2 KiB, free 424.9 MiB)
[2025-12-07T20:05:38.647+0000] {subprocess.py:106} INFO - 25/12/07 20:05:38 INFO MemoryStore: Block broadcast_52_piece0 stored as bytes in memory (estimated size 36.9 KiB, free 424.9 MiB)
[2025-12-07T20:05:38.648+0000] {subprocess.py:106} INFO - 25/12/07 20:05:38 INFO BlockManagerInfo: Added broadcast_52_piece0 in memory on 13f196131dae:46673 (size: 36.9 KiB, free: 429.8 MiB)
[2025-12-07T20:05:38.652+0000] {subprocess.py:106} INFO - 25/12/07 20:05:38 INFO SparkContext: Created broadcast 52 from $anonfun$withThreadLocalCaptured$1 at <unknown>:0
[2025-12-07T20:05:38.653+0000] {subprocess.py:106} INFO - 25/12/07 20:05:38 INFO FileSourceScanExec: Planning scan with bin packing, max size: 4194304 bytes, open cost is considered as scanning 4194304 bytes.
[2025-12-07T20:05:38.659+0000] {subprocess.py:106} INFO - 25/12/07 20:05:38 INFO SparkContext: Starting job: $anonfun$withThreadLocalCaptured$1 at <unknown>:0
[2025-12-07T20:05:38.660+0000] {subprocess.py:106} INFO - 25/12/07 20:05:38 INFO DAGScheduler: Got job 28 ($anonfun$withThreadLocalCaptured$1 at <unknown>:0) with 1 output partitions
[2025-12-07T20:05:38.660+0000] {subprocess.py:106} INFO - 25/12/07 20:05:38 INFO DAGScheduler: Final stage: ResultStage 43 ($anonfun$withThreadLocalCaptured$1 at <unknown>:0)
[2025-12-07T20:05:38.661+0000] {subprocess.py:106} INFO - 25/12/07 20:05:38 INFO DAGScheduler: Parents of final stage: List()
[2025-12-07T20:05:38.662+0000] {subprocess.py:106} INFO - 25/12/07 20:05:38 INFO DAGScheduler: Missing parents: List()
[2025-12-07T20:05:38.662+0000] {subprocess.py:106} INFO - 25/12/07 20:05:38 INFO DAGScheduler: Submitting ResultStage 43 (MapPartitionsRDD[151] at $anonfun$withThreadLocalCaptured$1 at <unknown>:0), which has no missing parents
[2025-12-07T20:05:38.663+0000] {subprocess.py:106} INFO - 25/12/07 20:05:38 INFO MemoryStore: Block broadcast_53 stored as values in memory (estimated size 16.9 KiB, free 424.8 MiB)
[2025-12-07T20:05:38.676+0000] {subprocess.py:106} INFO - 25/12/07 20:05:38 INFO MemoryStore: Block broadcast_53_piece0 stored as bytes in memory (estimated size 7.6 KiB, free 424.8 MiB)
[2025-12-07T20:05:38.678+0000] {subprocess.py:106} INFO - 25/12/07 20:05:38 INFO BlockManagerInfo: Added broadcast_53_piece0 in memory on 13f196131dae:46673 (size: 7.6 KiB, free: 429.8 MiB)
[2025-12-07T20:05:38.681+0000] {subprocess.py:106} INFO - 25/12/07 20:05:38 INFO SparkContext: Created broadcast 53 from broadcast at DAGScheduler.scala:1535
[2025-12-07T20:05:38.682+0000] {subprocess.py:106} INFO - 25/12/07 20:05:38 INFO BlockManagerInfo: Removed broadcast_50_piece0 on 13f196131dae:46673 in memory (size: 138.5 KiB, free: 429.9 MiB)
[2025-12-07T20:05:38.683+0000] {subprocess.py:106} INFO - 25/12/07 20:05:38 INFO DAGScheduler: Submitting 1 missing tasks from ResultStage 43 (MapPartitionsRDD[151] at $anonfun$withThreadLocalCaptured$1 at <unknown>:0) (first 15 tasks are for partitions Vector(0))
[2025-12-07T20:05:38.684+0000] {subprocess.py:106} INFO - 25/12/07 20:05:38 INFO TaskSchedulerImpl: Adding task set 43.0 with 1 tasks resource profile 0
[2025-12-07T20:05:38.685+0000] {subprocess.py:106} INFO - 25/12/07 20:05:38 INFO BlockManagerInfo: Removed broadcast_50_piece0 on 172.18.0.8:33107 in memory (size: 138.5 KiB, free: 425.3 MiB)
[2025-12-07T20:05:38.686+0000] {subprocess.py:106} INFO - 25/12/07 20:05:38 INFO TaskSetManager: Starting task 0.0 in stage 43.0 (TID 748) (172.18.0.8, executor 0, partition 0, PROCESS_LOCAL, 7973 bytes)
[2025-12-07T20:05:38.692+0000] {subprocess.py:106} INFO - 25/12/07 20:05:38 INFO BlockManagerInfo: Removed broadcast_51_piece0 on 13f196131dae:46673 in memory (size: 155.7 KiB, free: 430.1 MiB)
[2025-12-07T20:05:38.693+0000] {subprocess.py:106} INFO - 25/12/07 20:05:38 INFO BlockManagerInfo: Added broadcast_53_piece0 in memory on 172.18.0.8:33107 (size: 7.6 KiB, free: 425.3 MiB)
[2025-12-07T20:05:38.694+0000] {subprocess.py:106} INFO - 25/12/07 20:05:38 INFO BlockManagerInfo: Removed broadcast_51_piece0 on 172.18.0.8:33107 in memory (size: 155.7 KiB, free: 425.5 MiB)
[2025-12-07T20:05:38.726+0000] {subprocess.py:106} INFO - 25/12/07 20:05:38 INFO BlockManagerInfo: Added broadcast_52_piece0 in memory on 172.18.0.8:33107 (size: 36.9 KiB, free: 425.5 MiB)
[2025-12-07T20:05:38.791+0000] {subprocess.py:106} INFO - 25/12/07 20:05:38 INFO TaskSetManager: Finished task 0.0 in stage 43.0 (TID 748) in 111 ms on 172.18.0.8 (executor 0) (1/1)
[2025-12-07T20:05:38.793+0000] {subprocess.py:106} INFO - 25/12/07 20:05:38 INFO TaskSchedulerImpl: Removed TaskSet 43.0, whose tasks have all completed, from pool
[2025-12-07T20:05:38.794+0000] {subprocess.py:106} INFO - 25/12/07 20:05:38 INFO BlockManagerInfo: Removed broadcast_26_piece0 on 13f196131dae:46673 in memory (size: 37.0 KiB, free: 430.1 MiB)
[2025-12-07T20:05:38.794+0000] {subprocess.py:106} INFO - 25/12/07 20:05:38 INFO DAGScheduler: ResultStage 43 ($anonfun$withThreadLocalCaptured$1 at <unknown>:0) finished in 0.131 s
[2025-12-07T20:05:38.795+0000] {subprocess.py:106} INFO - 25/12/07 20:05:38 INFO DAGScheduler: Job 28 is finished. Cancelling potential speculative or zombie tasks for this job
[2025-12-07T20:05:38.796+0000] {subprocess.py:106} INFO - 25/12/07 20:05:38 INFO TaskSchedulerImpl: Killing all running tasks in stage 43: Stage finished
[2025-12-07T20:05:38.796+0000] {subprocess.py:106} INFO - 25/12/07 20:05:38 INFO DAGScheduler: Job 28 finished: $anonfun$withThreadLocalCaptured$1 at <unknown>:0, took 0.133782 s
[2025-12-07T20:05:38.797+0000] {subprocess.py:106} INFO - 25/12/07 20:05:38 INFO BlockManagerInfo: Removed broadcast_26_piece0 on 172.18.0.8:33107 in memory (size: 37.0 KiB, free: 425.5 MiB)
[2025-12-07T20:05:38.804+0000] {subprocess.py:106} INFO - 25/12/07 20:05:38 INFO MemoryStore: Block broadcast_54_piece0 stored as bytes in memory (estimated size 34.8 KiB, free 426.5 MiB)
[2025-12-07T20:05:38.805+0000] {subprocess.py:106} INFO - 25/12/07 20:05:38 INFO BlockManagerInfo: Added broadcast_54_piece0 in memory on 13f196131dae:46673 (size: 34.8 KiB, free: 430.1 MiB)
[2025-12-07T20:05:38.807+0000] {subprocess.py:106} INFO - 25/12/07 20:05:38 INFO SparkContext: Created broadcast 54 from $anonfun$withThreadLocalCaptured$1 at <unknown>:0
[2025-12-07T20:05:38.807+0000] {subprocess.py:106} INFO - 25/12/07 20:05:38 INFO BlockManagerInfo: Removed broadcast_25_piece0 on 13f196131dae:46673 in memory (size: 3.6 MiB, free: 433.7 MiB)
[2025-12-07T20:05:38.808+0000] {subprocess.py:106} INFO - 25/12/07 20:05:38 INFO BlockManagerInfo: Removed broadcast_25_piece0 on 172.18.0.8:33107 in memory (size: 3.6 MiB, free: 429.1 MiB)
[2025-12-07T20:05:38.811+0000] {subprocess.py:106} INFO - 25/12/07 20:05:38 INFO DataSourceStrategy: Pruning directories with:
[2025-12-07T20:05:38.813+0000] {subprocess.py:106} INFO - 25/12/07 20:05:38 INFO FileSourceStrategy: Pushed Filters:
[2025-12-07T20:05:38.814+0000] {subprocess.py:106} INFO - 25/12/07 20:05:38 INFO FileSourceStrategy: Post-Scan Filters:
[2025-12-07T20:05:38.815+0000] {subprocess.py:106} INFO - 25/12/07 20:05:38 INFO BlockManagerInfo: Removed broadcast_21_piece0 on 13f196131dae:46673 in memory (size: 37.0 KiB, free: 433.7 MiB)
[2025-12-07T20:05:38.819+0000] {subprocess.py:106} INFO - 25/12/07 20:05:38 INFO BlockManagerInfo: Removed broadcast_21_piece0 on 172.18.0.8:33107 in memory (size: 37.0 KiB, free: 429.1 MiB)
[2025-12-07T20:05:38.825+0000] {subprocess.py:106} INFO - 25/12/07 20:05:38 INFO BlockManagerInfo: Removed broadcast_20_piece0 on 13f196131dae:46673 in memory (size: 36.8 KiB, free: 433.7 MiB)
[2025-12-07T20:05:38.828+0000] {subprocess.py:106} INFO - 25/12/07 20:05:38 INFO BlockManagerInfo: Removed broadcast_20_piece0 on 172.18.0.8:33107 in memory (size: 36.8 KiB, free: 429.2 MiB)
[2025-12-07T20:05:38.834+0000] {subprocess.py:106} INFO - 25/12/07 20:05:38 INFO BlockManagerInfo: Removed broadcast_24_piece0 on 13f196131dae:46673 in memory (size: 34.8 KiB, free: 433.8 MiB)
[2025-12-07T20:05:38.838+0000] {subprocess.py:106} INFO - 25/12/07 20:05:38 INFO BlockManagerInfo: Removed broadcast_24_piece0 on 172.18.0.8:33107 in memory (size: 34.8 KiB, free: 429.2 MiB)
[2025-12-07T20:05:38.844+0000] {subprocess.py:106} INFO - 25/12/07 20:05:38 INFO BlockManagerInfo: Removed broadcast_27_piece0 on 13f196131dae:46673 in memory (size: 141.4 KiB, free: 433.9 MiB)
[2025-12-07T20:05:38.846+0000] {subprocess.py:106} INFO - 25/12/07 20:05:38 INFO BlockManagerInfo: Removed broadcast_27_piece0 on 172.18.0.8:33107 in memory (size: 141.4 KiB, free: 429.3 MiB)
[2025-12-07T20:05:38.852+0000] {subprocess.py:106} INFO - 25/12/07 20:05:38 INFO BlockManagerInfo: Removed broadcast_29_piece0 on 13f196131dae:46673 in memory (size: 36.3 KiB, free: 433.9 MiB)
[2025-12-07T20:05:38.853+0000] {subprocess.py:106} INFO - 25/12/07 20:05:38 INFO BlockManagerInfo: Removed broadcast_29_piece0 on 172.18.0.8:33107 in memory (size: 36.3 KiB, free: 429.4 MiB)
[2025-12-07T20:05:38.854+0000] {subprocess.py:106} INFO - 25/12/07 20:05:38 INFO CodeGenerator: Code generated in 22.828207 ms
[2025-12-07T20:05:38.857+0000] {subprocess.py:106} INFO - 25/12/07 20:05:38 INFO MemoryStore: Block broadcast_55 stored as values in memory (estimated size 214.4 KiB, free 431.2 MiB)
[2025-12-07T20:05:38.860+0000] {subprocess.py:106} INFO - 25/12/07 20:05:38 INFO BlockManager: Removing RDD 89
[2025-12-07T20:05:38.866+0000] {subprocess.py:106} INFO - 25/12/07 20:05:38 INFO MemoryStore: Block broadcast_55_piece0 stored as bytes in memory (estimated size 37.0 KiB, free 431.2 MiB)
[2025-12-07T20:05:38.867+0000] {subprocess.py:106} INFO - 25/12/07 20:05:38 INFO BlockManagerInfo: Added broadcast_55_piece0 in memory on 13f196131dae:46673 (size: 37.0 KiB, free: 433.9 MiB)
[2025-12-07T20:05:38.868+0000] {subprocess.py:106} INFO - 25/12/07 20:05:38 INFO SparkContext: Created broadcast 55 from save at <unknown>:0
[2025-12-07T20:05:38.869+0000] {subprocess.py:106} INFO - 25/12/07 20:05:38 INFO BlockManagerInfo: Removed broadcast_28_piece0 on 13f196131dae:46673 in memory (size: 36.2 KiB, free: 433.9 MiB)
[2025-12-07T20:05:38.869+0000] {subprocess.py:106} INFO - 25/12/07 20:05:38 INFO FileSourceScanExec: Planning scan with bin packing, max size: 4195832 bytes, open cost is considered as scanning 4194304 bytes.
[2025-12-07T20:05:38.909+0000] {subprocess.py:106} INFO - 25/12/07 20:05:38 INFO SparkContext: Starting job: save at <unknown>:0
[2025-12-07T20:05:38.910+0000] {subprocess.py:106} INFO - 25/12/07 20:05:38 INFO DAGScheduler: Got job 29 (save at <unknown>:0) with 16 output partitions
[2025-12-07T20:05:38.911+0000] {subprocess.py:106} INFO - 25/12/07 20:05:38 INFO DAGScheduler: Final stage: ResultStage 44 (save at <unknown>:0)
[2025-12-07T20:05:38.911+0000] {subprocess.py:106} INFO - 25/12/07 20:05:38 INFO DAGScheduler: Parents of final stage: List()
[2025-12-07T20:05:38.912+0000] {subprocess.py:106} INFO - 25/12/07 20:05:38 INFO DAGScheduler: Missing parents: List()
[2025-12-07T20:05:38.912+0000] {subprocess.py:106} INFO - 25/12/07 20:05:38 INFO DAGScheduler: Submitting ResultStage 44 (MapPartitionsRDD[155] at save at <unknown>:0), which has no missing parents
[2025-12-07T20:05:38.951+0000] {subprocess.py:106} INFO - 25/12/07 20:05:38 INFO MemoryStore: Block broadcast_56 stored as values in memory (estimated size 366.3 KiB, free 431.1 MiB)
[2025-12-07T20:05:38.953+0000] {subprocess.py:106} INFO - 25/12/07 20:05:38 INFO MemoryStore: Block broadcast_56_piece0 stored as bytes in memory (estimated size 135.4 KiB, free 430.9 MiB)
[2025-12-07T20:05:38.953+0000] {subprocess.py:106} INFO - 25/12/07 20:05:38 INFO BlockManagerInfo: Added broadcast_56_piece0 in memory on 13f196131dae:46673 (size: 135.4 KiB, free: 433.8 MiB)
[2025-12-07T20:05:38.954+0000] {subprocess.py:106} INFO - 25/12/07 20:05:38 INFO SparkContext: Created broadcast 56 from broadcast at DAGScheduler.scala:1535
[2025-12-07T20:05:38.954+0000] {subprocess.py:106} INFO - 25/12/07 20:05:38 INFO DAGScheduler: Submitting 16 missing tasks from ResultStage 44 (MapPartitionsRDD[155] at save at <unknown>:0) (first 15 tasks are for partitions Vector(0, 1, 2, 3, 4, 5, 6, 7, 8, 9, 10, 11, 12, 13, 14))
[2025-12-07T20:05:38.955+0000] {subprocess.py:106} INFO - 25/12/07 20:05:38 INFO TaskSchedulerImpl: Adding task set 44.0 with 16 tasks resource profile 0
[2025-12-07T20:05:38.956+0000] {subprocess.py:106} INFO - 25/12/07 20:05:38 INFO TaskSetManager: Starting task 0.0 in stage 44.0 (TID 749) (172.18.0.8, executor 0, partition 0, PROCESS_LOCAL, 8016 bytes)
[2025-12-07T20:05:38.956+0000] {subprocess.py:106} INFO - 25/12/07 20:05:38 INFO TaskSetManager: Starting task 1.0 in stage 44.0 (TID 750) (172.18.0.8, executor 0, partition 1, PROCESS_LOCAL, 8016 bytes)
[2025-12-07T20:05:38.957+0000] {subprocess.py:106} INFO - 25/12/07 20:05:38 INFO TaskSetManager: Starting task 2.0 in stage 44.0 (TID 751) (172.18.0.8, executor 0, partition 2, PROCESS_LOCAL, 8016 bytes)
[2025-12-07T20:05:38.958+0000] {subprocess.py:106} INFO - 25/12/07 20:05:38 INFO TaskSetManager: Starting task 3.0 in stage 44.0 (TID 752) (172.18.0.8, executor 0, partition 3, PROCESS_LOCAL, 8016 bytes)
[2025-12-07T20:05:38.959+0000] {subprocess.py:106} INFO - 25/12/07 20:05:38 INFO TaskSetManager: Starting task 4.0 in stage 44.0 (TID 753) (172.18.0.8, executor 0, partition 4, PROCESS_LOCAL, 8016 bytes)
[2025-12-07T20:05:38.959+0000] {subprocess.py:106} INFO - 25/12/07 20:05:38 INFO TaskSetManager: Starting task 5.0 in stage 44.0 (TID 754) (172.18.0.8, executor 0, partition 5, PROCESS_LOCAL, 8016 bytes)
[2025-12-07T20:05:38.959+0000] {subprocess.py:106} INFO - 25/12/07 20:05:38 INFO TaskSetManager: Starting task 6.0 in stage 44.0 (TID 755) (172.18.0.8, executor 0, partition 6, PROCESS_LOCAL, 8016 bytes)
[2025-12-07T20:05:38.960+0000] {subprocess.py:106} INFO - 25/12/07 20:05:38 INFO TaskSetManager: Starting task 7.0 in stage 44.0 (TID 756) (172.18.0.8, executor 0, partition 7, PROCESS_LOCAL, 8016 bytes)
[2025-12-07T20:05:38.961+0000] {subprocess.py:106} INFO - 25/12/07 20:05:38 INFO TaskSetManager: Starting task 8.0 in stage 44.0 (TID 757) (172.18.0.8, executor 0, partition 8, PROCESS_LOCAL, 8016 bytes)
[2025-12-07T20:05:38.961+0000] {subprocess.py:106} INFO - 25/12/07 20:05:38 INFO TaskSetManager: Starting task 9.0 in stage 44.0 (TID 758) (172.18.0.8, executor 0, partition 9, PROCESS_LOCAL, 8016 bytes)
[2025-12-07T20:05:38.962+0000] {subprocess.py:106} INFO - 25/12/07 20:05:38 INFO TaskSetManager: Starting task 10.0 in stage 44.0 (TID 759) (172.18.0.8, executor 0, partition 10, PROCESS_LOCAL, 8016 bytes)
[2025-12-07T20:05:38.963+0000] {subprocess.py:106} INFO - 25/12/07 20:05:38 INFO TaskSetManager: Starting task 11.0 in stage 44.0 (TID 760) (172.18.0.8, executor 0, partition 11, PROCESS_LOCAL, 8016 bytes)
[2025-12-07T20:05:38.963+0000] {subprocess.py:106} INFO - 25/12/07 20:05:38 INFO TaskSetManager: Starting task 12.0 in stage 44.0 (TID 761) (172.18.0.8, executor 0, partition 12, PROCESS_LOCAL, 8016 bytes)
[2025-12-07T20:05:38.963+0000] {subprocess.py:106} INFO - 25/12/07 20:05:38 INFO TaskSetManager: Starting task 13.0 in stage 44.0 (TID 762) (172.18.0.8, executor 0, partition 13, PROCESS_LOCAL, 8016 bytes)
[2025-12-07T20:05:38.964+0000] {subprocess.py:106} INFO - 25/12/07 20:05:38 INFO TaskSetManager: Starting task 14.0 in stage 44.0 (TID 763) (172.18.0.8, executor 0, partition 14, PROCESS_LOCAL, 8016 bytes)
[2025-12-07T20:05:38.965+0000] {subprocess.py:106} INFO - 25/12/07 20:05:38 INFO TaskSetManager: Starting task 15.0 in stage 44.0 (TID 764) (172.18.0.8, executor 0, partition 15, PROCESS_LOCAL, 8016 bytes)
[2025-12-07T20:05:38.971+0000] {subprocess.py:106} INFO - 25/12/07 20:05:38 INFO BlockManagerInfo: Added broadcast_56_piece0 in memory on 172.18.0.8:33107 (size: 135.4 KiB, free: 429.2 MiB)
[2025-12-07T20:05:39.050+0000] {subprocess.py:106} INFO - 25/12/07 20:05:39 INFO BlockManagerInfo: Added broadcast_54_piece0 in memory on 172.18.0.8:33107 (size: 34.8 KiB, free: 429.2 MiB)
[2025-12-07T20:05:39.090+0000] {subprocess.py:106} INFO - 25/12/07 20:05:39 INFO BlockManagerInfo: Added broadcast_55_piece0 in memory on 172.18.0.8:33107 (size: 37.0 KiB, free: 429.2 MiB)
[2025-12-07T20:05:39.265+0000] {subprocess.py:106} INFO - 25/12/07 20:05:39 INFO TaskSetManager: Finished task 14.0 in stage 44.0 (TID 763) in 305 ms on 172.18.0.8 (executor 0) (1/16)
[2025-12-07T20:05:39.268+0000] {subprocess.py:106} INFO - 25/12/07 20:05:39 INFO TaskSetManager: Finished task 11.0 in stage 44.0 (TID 760) in 307 ms on 172.18.0.8 (executor 0) (2/16)
[2025-12-07T20:05:39.269+0000] {subprocess.py:106} INFO - 25/12/07 20:05:39 INFO TaskSetManager: Finished task 1.0 in stage 44.0 (TID 750) in 309 ms on 172.18.0.8 (executor 0) (3/16)
[2025-12-07T20:05:39.270+0000] {subprocess.py:106} INFO - 25/12/07 20:05:39 INFO TaskSetManager: Finished task 9.0 in stage 44.0 (TID 758) in 308 ms on 172.18.0.8 (executor 0) (4/16)
[2025-12-07T20:05:39.271+0000] {subprocess.py:106} INFO - 25/12/07 20:05:39 INFO TaskSetManager: Finished task 4.0 in stage 44.0 (TID 753) in 309 ms on 172.18.0.8 (executor 0) (5/16)
[2025-12-07T20:05:39.272+0000] {subprocess.py:106} INFO - 25/12/07 20:05:39 INFO TaskSetManager: Finished task 3.0 in stage 44.0 (TID 752) in 313 ms on 172.18.0.8 (executor 0) (6/16)
[2025-12-07T20:05:39.272+0000] {subprocess.py:106} INFO - 25/12/07 20:05:39 INFO TaskSetManager: Finished task 0.0 in stage 44.0 (TID 749) in 313 ms on 172.18.0.8 (executor 0) (7/16)
[2025-12-07T20:05:39.273+0000] {subprocess.py:106} INFO - 25/12/07 20:05:39 INFO TaskSetManager: Finished task 15.0 in stage 44.0 (TID 764) in 311 ms on 172.18.0.8 (executor 0) (8/16)
[2025-12-07T20:05:39.274+0000] {subprocess.py:106} INFO - 25/12/07 20:05:39 INFO TaskSetManager: Finished task 13.0 in stage 44.0 (TID 762) in 313 ms on 172.18.0.8 (executor 0) (9/16)
[2025-12-07T20:05:39.274+0000] {subprocess.py:106} INFO - 25/12/07 20:05:39 INFO TaskSetManager: Finished task 2.0 in stage 44.0 (TID 751) in 318 ms on 172.18.0.8 (executor 0) (10/16)
[2025-12-07T20:05:39.275+0000] {subprocess.py:106} INFO - 25/12/07 20:05:39 INFO TaskSetManager: Finished task 8.0 in stage 44.0 (TID 757) in 318 ms on 172.18.0.8 (executor 0) (11/16)
[2025-12-07T20:05:39.276+0000] {subprocess.py:106} INFO - 25/12/07 20:05:39 INFO TaskSetManager: Finished task 12.0 in stage 44.0 (TID 761) in 317 ms on 172.18.0.8 (executor 0) (12/16)
[2025-12-07T20:05:39.284+0000] {subprocess.py:106} INFO - 25/12/07 20:05:39 INFO TaskSetManager: Finished task 5.0 in stage 44.0 (TID 754) in 327 ms on 172.18.0.8 (executor 0) (13/16)
[2025-12-07T20:05:39.294+0000] {subprocess.py:106} INFO - 25/12/07 20:05:39 INFO TaskSetManager: Finished task 7.0 in stage 44.0 (TID 756) in 338 ms on 172.18.0.8 (executor 0) (14/16)
[2025-12-07T20:05:39.303+0000] {subprocess.py:106} INFO - 25/12/07 20:05:39 INFO TaskSetManager: Finished task 6.0 in stage 44.0 (TID 755) in 346 ms on 172.18.0.8 (executor 0) (15/16)
[2025-12-07T20:05:39.305+0000] {subprocess.py:106} INFO - 25/12/07 20:05:39 INFO TaskSetManager: Finished task 10.0 in stage 44.0 (TID 759) in 347 ms on 172.18.0.8 (executor 0) (16/16)
[2025-12-07T20:05:39.306+0000] {subprocess.py:106} INFO - 25/12/07 20:05:39 INFO TaskSchedulerImpl: Removed TaskSet 44.0, whose tasks have all completed, from pool
[2025-12-07T20:05:39.306+0000] {subprocess.py:106} INFO - 25/12/07 20:05:39 INFO DAGScheduler: ResultStage 44 (save at <unknown>:0) finished in 0.395 s
[2025-12-07T20:05:39.307+0000] {subprocess.py:106} INFO - 25/12/07 20:05:39 INFO DAGScheduler: Job 29 is finished. Cancelling potential speculative or zombie tasks for this job
[2025-12-07T20:05:39.308+0000] {subprocess.py:106} INFO - 25/12/07 20:05:39 INFO TaskSchedulerImpl: Killing all running tasks in stage 44: Stage finished
[2025-12-07T20:05:39.308+0000] {subprocess.py:106} INFO - 25/12/07 20:05:39 INFO DAGScheduler: Job 29 finished: save at <unknown>:0, took 0.397441 s
[2025-12-07T20:05:39.309+0000] {subprocess.py:106} INFO - 25/12/07 20:05:39 INFO FileFormatWriter: Start to commit write Job eeeacff9-31c9-456b-a5fa-ded59a3bfd1e.
[2025-12-07T20:05:39.309+0000] {subprocess.py:106} INFO - 25/12/07 20:05:39 INFO FileFormatWriter: Write Job eeeacff9-31c9-456b-a5fa-ded59a3bfd1e committed. Elapsed time: 0 ms.
[2025-12-07T20:05:39.310+0000] {subprocess.py:106} INFO - 25/12/07 20:05:39 INFO FileFormatWriter: Finished processing stats for write job eeeacff9-31c9-456b-a5fa-ded59a3bfd1e.
[2025-12-07T20:05:39.310+0000] {subprocess.py:106} INFO - 25/12/07 20:05:39 INFO Snapshot: [tableId=623ed374-28ab-41d2-8f91-45386aa6025d] DELTA: Compute snapshot for version: 0
[2025-12-07T20:05:39.311+0000] {subprocess.py:106} INFO - 25/12/07 20:05:39 INFO MemoryStore: Block broadcast_57 stored as values in memory (estimated size 212.3 KiB, free 430.7 MiB)
[2025-12-07T20:05:39.317+0000] {subprocess.py:106} INFO - 25/12/07 20:05:39 INFO MemoryStore: Block broadcast_57_piece0 stored as bytes in memory (estimated size 36.2 KiB, free 430.7 MiB)
[2025-12-07T20:05:39.318+0000] {subprocess.py:106} INFO - 25/12/07 20:05:39 INFO BlockManagerInfo: Added broadcast_57_piece0 in memory on 13f196131dae:46673 (size: 36.2 KiB, free: 433.8 MiB)
[2025-12-07T20:05:39.319+0000] {subprocess.py:106} INFO - 25/12/07 20:05:39 INFO SparkContext: Created broadcast 57 from $anonfun$recordDeltaOperationInternal$1 at DatabricksLogging.scala:128
[2025-12-07T20:05:39.435+0000] {subprocess.py:106} INFO - 25/12/07 20:05:39 INFO FileSourceStrategy: Pushed Filters:
[2025-12-07T20:05:39.436+0000] {subprocess.py:106} INFO - 25/12/07 20:05:39 INFO FileSourceStrategy: Post-Scan Filters:
[2025-12-07T20:05:39.458+0000] {subprocess.py:106} INFO - 25/12/07 20:05:39 INFO BlockManagerInfo: Removed broadcast_53_piece0 on 13f196131dae:46673 in memory (size: 7.6 KiB, free: 433.8 MiB)
[2025-12-07T20:05:39.459+0000] {subprocess.py:106} INFO - 25/12/07 20:05:39 INFO BlockManagerInfo: Removed broadcast_53_piece0 on 172.18.0.8:33107 in memory (size: 7.6 KiB, free: 429.2 MiB)
[2025-12-07T20:05:39.464+0000] {subprocess.py:106} INFO - 25/12/07 20:05:39 INFO BlockManagerInfo: Removed broadcast_56_piece0 on 13f196131dae:46673 in memory (size: 135.4 KiB, free: 433.9 MiB)
[2025-12-07T20:05:39.465+0000] {subprocess.py:106} INFO - 25/12/07 20:05:39 INFO BlockManagerInfo: Removed broadcast_56_piece0 on 172.18.0.8:33107 in memory (size: 135.4 KiB, free: 429.3 MiB)
[2025-12-07T20:05:39.487+0000] {subprocess.py:106} INFO - 25/12/07 20:05:39 INFO MemoryStore: Block broadcast_58 stored as values in memory (estimated size 212.9 KiB, free 431.0 MiB)
[2025-12-07T20:05:39.495+0000] {subprocess.py:106} INFO - 25/12/07 20:05:39 INFO MemoryStore: Block broadcast_58_piece0 stored as bytes in memory (estimated size 36.3 KiB, free 431.0 MiB)
[2025-12-07T20:05:39.496+0000] {subprocess.py:106} INFO - 25/12/07 20:05:39 INFO BlockManagerInfo: Added broadcast_58_piece0 in memory on 13f196131dae:46673 (size: 36.3 KiB, free: 433.9 MiB)
[2025-12-07T20:05:39.497+0000] {subprocess.py:106} INFO - 25/12/07 20:05:39 INFO SparkContext: Created broadcast 58 from $anonfun$recordDeltaOperationInternal$1 at DatabricksLogging.scala:128
[2025-12-07T20:05:39.499+0000] {subprocess.py:106} INFO - 25/12/07 20:05:39 INFO FileSourceScanExec: Planning scan with bin packing, max size: 4194304 bytes, open cost is considered as scanning 4194304 bytes.
[2025-12-07T20:05:39.510+0000] {subprocess.py:106} INFO - 25/12/07 20:05:39 INFO DAGScheduler: Registering RDD 159 ($anonfun$recordDeltaOperationInternal$1 at DatabricksLogging.scala:128) as input to shuffle 9
[2025-12-07T20:05:39.512+0000] {subprocess.py:106} INFO - 25/12/07 20:05:39 INFO DAGScheduler: Got map stage job 30 ($anonfun$recordDeltaOperationInternal$1 at DatabricksLogging.scala:128) with 1 output partitions
[2025-12-07T20:05:39.513+0000] {subprocess.py:106} INFO - 25/12/07 20:05:39 INFO DAGScheduler: Final stage: ShuffleMapStage 45 ($anonfun$recordDeltaOperationInternal$1 at DatabricksLogging.scala:128)
[2025-12-07T20:05:39.514+0000] {subprocess.py:106} INFO - 25/12/07 20:05:39 INFO DAGScheduler: Parents of final stage: List()
[2025-12-07T20:05:39.515+0000] {subprocess.py:106} INFO - 25/12/07 20:05:39 INFO DAGScheduler: Missing parents: List()
[2025-12-07T20:05:39.516+0000] {subprocess.py:106} INFO - 25/12/07 20:05:39 INFO DAGScheduler: Submitting ShuffleMapStage 45 (MapPartitionsRDD[159] at $anonfun$recordDeltaOperationInternal$1 at DatabricksLogging.scala:128), which has no missing parents
[2025-12-07T20:05:39.517+0000] {subprocess.py:106} INFO - 25/12/07 20:05:39 INFO MemoryStore: Block broadcast_59 stored as values in memory (estimated size 138.3 KiB, free 430.8 MiB)
[2025-12-07T20:05:39.519+0000] {subprocess.py:106} INFO - 25/12/07 20:05:39 INFO MemoryStore: Block broadcast_59_piece0 stored as bytes in memory (estimated size 39.0 KiB, free 430.8 MiB)
[2025-12-07T20:05:39.520+0000] {subprocess.py:106} INFO - 25/12/07 20:05:39 INFO BlockManagerInfo: Added broadcast_59_piece0 in memory on 13f196131dae:46673 (size: 39.0 KiB, free: 433.8 MiB)
[2025-12-07T20:05:39.521+0000] {subprocess.py:106} INFO - 25/12/07 20:05:39 INFO SparkContext: Created broadcast 59 from broadcast at DAGScheduler.scala:1535
[2025-12-07T20:05:39.522+0000] {subprocess.py:106} INFO - 25/12/07 20:05:39 INFO DAGScheduler: Submitting 1 missing tasks from ShuffleMapStage 45 (MapPartitionsRDD[159] at $anonfun$recordDeltaOperationInternal$1 at DatabricksLogging.scala:128) (first 15 tasks are for partitions Vector(0))
[2025-12-07T20:05:39.523+0000] {subprocess.py:106} INFO - 25/12/07 20:05:39 INFO TaskSchedulerImpl: Adding task set 45.0 with 1 tasks resource profile 0
[2025-12-07T20:05:39.524+0000] {subprocess.py:106} INFO - 25/12/07 20:05:39 INFO TaskSetManager: Starting task 0.0 in stage 45.0 (TID 765) (172.18.0.8, executor 0, partition 0, PROCESS_LOCAL, 7941 bytes)
[2025-12-07T20:05:39.534+0000] {subprocess.py:106} INFO - 25/12/07 20:05:39 INFO BlockManagerInfo: Added broadcast_59_piece0 in memory on 172.18.0.8:33107 (size: 39.0 KiB, free: 429.3 MiB)
[2025-12-07T20:05:39.559+0000] {subprocess.py:106} INFO - 25/12/07 20:05:39 INFO BlockManagerInfo: Added broadcast_58_piece0 in memory on 172.18.0.8:33107 (size: 36.3 KiB, free: 429.2 MiB)
[2025-12-07T20:05:39.595+0000] {subprocess.py:106} INFO - 25/12/07 20:05:39 INFO TaskSetManager: Finished task 0.0 in stage 45.0 (TID 765) in 72 ms on 172.18.0.8 (executor 0) (1/1)
[2025-12-07T20:05:39.596+0000] {subprocess.py:106} INFO - 25/12/07 20:05:39 INFO TaskSchedulerImpl: Removed TaskSet 45.0, whose tasks have all completed, from pool
[2025-12-07T20:05:39.597+0000] {subprocess.py:106} INFO - 25/12/07 20:05:39 INFO DAGScheduler: ShuffleMapStage 45 ($anonfun$recordDeltaOperationInternal$1 at DatabricksLogging.scala:128) finished in 0.084 s
[2025-12-07T20:05:39.598+0000] {subprocess.py:106} INFO - 25/12/07 20:05:39 INFO DAGScheduler: looking for newly runnable stages
[2025-12-07T20:05:39.598+0000] {subprocess.py:106} INFO - 25/12/07 20:05:39 INFO DAGScheduler: running: Set()
[2025-12-07T20:05:39.599+0000] {subprocess.py:106} INFO - 25/12/07 20:05:39 INFO DAGScheduler: waiting: Set()
[2025-12-07T20:05:39.600+0000] {subprocess.py:106} INFO - 25/12/07 20:05:39 INFO DAGScheduler: failed: Set()
[2025-12-07T20:05:39.784+0000] {subprocess.py:106} INFO - 25/12/07 20:05:39 INFO BlockManagerInfo: Removed broadcast_59_piece0 on 13f196131dae:46673 in memory (size: 39.0 KiB, free: 433.9 MiB)
[2025-12-07T20:05:39.785+0000] {subprocess.py:106} INFO - 25/12/07 20:05:39 INFO BlockManagerInfo: Removed broadcast_59_piece0 on 172.18.0.8:33107 in memory (size: 39.0 KiB, free: 429.3 MiB)
[2025-12-07T20:05:39.792+0000] {subprocess.py:106} INFO - 25/12/07 20:05:39 INFO DAGScheduler: Registering RDD 169 ($anonfun$recordDeltaOperationInternal$1 at DatabricksLogging.scala:128) as input to shuffle 10
[2025-12-07T20:05:39.793+0000] {subprocess.py:106} INFO - 25/12/07 20:05:39 INFO DAGScheduler: Got map stage job 31 ($anonfun$recordDeltaOperationInternal$1 at DatabricksLogging.scala:128) with 50 output partitions
[2025-12-07T20:05:39.793+0000] {subprocess.py:106} INFO - 25/12/07 20:05:39 INFO DAGScheduler: Final stage: ShuffleMapStage 47 ($anonfun$recordDeltaOperationInternal$1 at DatabricksLogging.scala:128)
[2025-12-07T20:05:39.794+0000] {subprocess.py:106} INFO - 25/12/07 20:05:39 INFO DAGScheduler: Parents of final stage: List(ShuffleMapStage 46)
[2025-12-07T20:05:39.795+0000] {subprocess.py:106} INFO - 25/12/07 20:05:39 INFO DAGScheduler: Missing parents: List()
[2025-12-07T20:05:39.795+0000] {subprocess.py:106} INFO - 25/12/07 20:05:39 INFO DAGScheduler: Submitting ShuffleMapStage 47 (MapPartitionsRDD[169] at $anonfun$recordDeltaOperationInternal$1 at DatabricksLogging.scala:128), which has no missing parents
[2025-12-07T20:05:39.834+0000] {subprocess.py:106} INFO - 25/12/07 20:05:39 INFO MemoryStore: Block broadcast_60 stored as values in memory (estimated size 517.2 KiB, free 430.5 MiB)
[2025-12-07T20:05:39.835+0000] {subprocess.py:106} INFO - 25/12/07 20:05:39 INFO MemoryStore: Block broadcast_60_piece0 stored as bytes in memory (estimated size 123.3 KiB, free 430.3 MiB)
[2025-12-07T20:05:39.836+0000] {subprocess.py:106} INFO - 25/12/07 20:05:39 INFO BlockManagerInfo: Added broadcast_60_piece0 in memory on 13f196131dae:46673 (size: 123.3 KiB, free: 433.7 MiB)
[2025-12-07T20:05:39.837+0000] {subprocess.py:106} INFO - 25/12/07 20:05:39 INFO SparkContext: Created broadcast 60 from broadcast at DAGScheduler.scala:1535
[2025-12-07T20:05:39.837+0000] {subprocess.py:106} INFO - 25/12/07 20:05:39 INFO DAGScheduler: Submitting 50 missing tasks from ShuffleMapStage 47 (MapPartitionsRDD[169] at $anonfun$recordDeltaOperationInternal$1 at DatabricksLogging.scala:128) (first 15 tasks are for partitions Vector(0, 1, 2, 3, 4, 5, 6, 7, 8, 9, 10, 11, 12, 13, 14))
[2025-12-07T20:05:39.838+0000] {subprocess.py:106} INFO - 25/12/07 20:05:39 INFO TaskSchedulerImpl: Adding task set 47.0 with 50 tasks resource profile 0
[2025-12-07T20:05:39.839+0000] {subprocess.py:106} INFO - 25/12/07 20:05:39 INFO TaskSetManager: Starting task 3.0 in stage 47.0 (TID 766) (172.18.0.8, executor 0, partition 3, NODE_LOCAL, 7356 bytes)
[2025-12-07T20:05:39.839+0000] {subprocess.py:106} INFO - 25/12/07 20:05:39 INFO TaskSetManager: Starting task 4.0 in stage 47.0 (TID 767) (172.18.0.8, executor 0, partition 4, NODE_LOCAL, 7356 bytes)
[2025-12-07T20:05:39.840+0000] {subprocess.py:106} INFO - 25/12/07 20:05:39 INFO TaskSetManager: Starting task 9.0 in stage 47.0 (TID 768) (172.18.0.8, executor 0, partition 9, NODE_LOCAL, 7356 bytes)
[2025-12-07T20:05:39.844+0000] {subprocess.py:106} INFO - 25/12/07 20:05:39 INFO TaskSetManager: Starting task 14.0 in stage 47.0 (TID 769) (172.18.0.8, executor 0, partition 14, NODE_LOCAL, 7356 bytes)
[2025-12-07T20:05:39.845+0000] {subprocess.py:106} INFO - 25/12/07 20:05:39 INFO TaskSetManager: Starting task 16.0 in stage 47.0 (TID 770) (172.18.0.8, executor 0, partition 16, NODE_LOCAL, 7356 bytes)
[2025-12-07T20:05:39.846+0000] {subprocess.py:106} INFO - 25/12/07 20:05:39 INFO TaskSetManager: Starting task 21.0 in stage 47.0 (TID 771) (172.18.0.8, executor 0, partition 21, NODE_LOCAL, 7356 bytes)
[2025-12-07T20:05:39.846+0000] {subprocess.py:106} INFO - 25/12/07 20:05:39 INFO TaskSetManager: Starting task 22.0 in stage 47.0 (TID 772) (172.18.0.8, executor 0, partition 22, NODE_LOCAL, 7356 bytes)
[2025-12-07T20:05:39.846+0000] {subprocess.py:106} INFO - 25/12/07 20:05:39 INFO TaskSetManager: Starting task 26.0 in stage 47.0 (TID 773) (172.18.0.8, executor 0, partition 26, NODE_LOCAL, 7356 bytes)
[2025-12-07T20:05:39.847+0000] {subprocess.py:106} INFO - 25/12/07 20:05:39 INFO TaskSetManager: Starting task 29.0 in stage 47.0 (TID 774) (172.18.0.8, executor 0, partition 29, NODE_LOCAL, 7356 bytes)
[2025-12-07T20:05:39.847+0000] {subprocess.py:106} INFO - 25/12/07 20:05:39 INFO TaskSetManager: Starting task 32.0 in stage 47.0 (TID 775) (172.18.0.8, executor 0, partition 32, NODE_LOCAL, 7356 bytes)
[2025-12-07T20:05:39.848+0000] {subprocess.py:106} INFO - 25/12/07 20:05:39 INFO TaskSetManager: Starting task 35.0 in stage 47.0 (TID 776) (172.18.0.8, executor 0, partition 35, NODE_LOCAL, 7356 bytes)
[2025-12-07T20:05:39.848+0000] {subprocess.py:106} INFO - 25/12/07 20:05:39 INFO TaskSetManager: Starting task 36.0 in stage 47.0 (TID 777) (172.18.0.8, executor 0, partition 36, NODE_LOCAL, 7356 bytes)
[2025-12-07T20:05:39.849+0000] {subprocess.py:106} INFO - 25/12/07 20:05:39 INFO TaskSetManager: Starting task 37.0 in stage 47.0 (TID 778) (172.18.0.8, executor 0, partition 37, NODE_LOCAL, 7356 bytes)
[2025-12-07T20:05:39.849+0000] {subprocess.py:106} INFO - 25/12/07 20:05:39 INFO TaskSetManager: Starting task 42.0 in stage 47.0 (TID 779) (172.18.0.8, executor 0, partition 42, NODE_LOCAL, 7356 bytes)
[2025-12-07T20:05:39.850+0000] {subprocess.py:106} INFO - 25/12/07 20:05:39 INFO TaskSetManager: Starting task 45.0 in stage 47.0 (TID 780) (172.18.0.8, executor 0, partition 45, NODE_LOCAL, 7356 bytes)
[2025-12-07T20:05:39.851+0000] {subprocess.py:106} INFO - 25/12/07 20:05:39 INFO TaskSetManager: Starting task 47.0 in stage 47.0 (TID 781) (172.18.0.8, executor 0, partition 47, NODE_LOCAL, 7356 bytes)
[2025-12-07T20:05:39.852+0000] {subprocess.py:106} INFO - 25/12/07 20:05:39 INFO BlockManagerInfo: Added broadcast_60_piece0 in memory on 172.18.0.8:33107 (size: 123.3 KiB, free: 429.1 MiB)
[2025-12-07T20:05:39.867+0000] {subprocess.py:106} INFO - 25/12/07 20:05:39 INFO MapOutputTrackerMasterEndpoint: Asked to send map output locations for shuffle 9 to 172.18.0.8:44278
[2025-12-07T20:05:39.905+0000] {subprocess.py:106} INFO - 25/12/07 20:05:39 INFO BlockManagerInfo: Added rdd_166_47 in memory on 172.18.0.8:33107 (size: 605.0 B, free: 429.1 MiB)
[2025-12-07T20:05:39.909+0000] {subprocess.py:106} INFO - 25/12/07 20:05:39 INFO BlockManagerInfo: Added rdd_166_14 in memory on 172.18.0.8:33107 (size: 610.0 B, free: 429.1 MiB)
[2025-12-07T20:05:39.911+0000] {subprocess.py:106} INFO - 25/12/07 20:05:39 INFO BlockManagerInfo: Added rdd_166_3 in memory on 172.18.0.8:33107 (size: 601.0 B, free: 429.1 MiB)
[2025-12-07T20:05:39.912+0000] {subprocess.py:106} INFO - 25/12/07 20:05:39 INFO BlockManagerInfo: Added rdd_166_29 in memory on 172.18.0.8:33107 (size: 601.0 B, free: 429.1 MiB)
[2025-12-07T20:05:39.913+0000] {subprocess.py:106} INFO - 25/12/07 20:05:39 INFO BlockManagerInfo: Added rdd_166_45 in memory on 172.18.0.8:33107 (size: 612.0 B, free: 429.1 MiB)
[2025-12-07T20:05:39.914+0000] {subprocess.py:106} INFO - 25/12/07 20:05:39 INFO BlockManagerInfo: Added rdd_166_36 in memory on 172.18.0.8:33107 (size: 610.0 B, free: 429.1 MiB)
[2025-12-07T20:05:39.915+0000] {subprocess.py:106} INFO - 25/12/07 20:05:39 INFO BlockManagerInfo: Added rdd_166_22 in memory on 172.18.0.8:33107 (size: 563.0 B, free: 429.1 MiB)
[2025-12-07T20:05:39.915+0000] {subprocess.py:106} INFO - 25/12/07 20:05:39 INFO BlockManagerInfo: Added rdd_166_37 in memory on 172.18.0.8:33107 (size: 600.0 B, free: 429.1 MiB)
[2025-12-07T20:05:39.917+0000] {subprocess.py:106} INFO - 25/12/07 20:05:39 INFO BlockManagerInfo: Added rdd_166_16 in memory on 172.18.0.8:33107 (size: 605.0 B, free: 429.1 MiB)
[2025-12-07T20:05:39.918+0000] {subprocess.py:106} INFO - 25/12/07 20:05:39 INFO BlockManagerInfo: Added rdd_166_32 in memory on 172.18.0.8:33107 (size: 601.0 B, free: 429.1 MiB)
[2025-12-07T20:05:39.920+0000] {subprocess.py:106} INFO - 25/12/07 20:05:39 INFO BlockManagerInfo: Added rdd_166_4 in memory on 172.18.0.8:33107 (size: 600.0 B, free: 429.1 MiB)
[2025-12-07T20:05:39.934+0000] {subprocess.py:106} INFO - 25/12/07 20:05:39 INFO TaskSetManager: Starting task 0.0 in stage 47.0 (TID 782) (172.18.0.8, executor 0, partition 0, PROCESS_LOCAL, 7356 bytes)
[2025-12-07T20:05:39.937+0000] {subprocess.py:106} INFO - 25/12/07 20:05:39 INFO TaskSetManager: Finished task 47.0 in stage 47.0 (TID 781) in 92 ms on 172.18.0.8 (executor 0) (1/50)
[2025-12-07T20:05:39.939+0000] {subprocess.py:106} INFO - 25/12/07 20:05:39 INFO TaskSetManager: Starting task 1.0 in stage 47.0 (TID 783) (172.18.0.8, executor 0, partition 1, PROCESS_LOCAL, 7356 bytes)
[2025-12-07T20:05:39.940+0000] {subprocess.py:106} INFO - 25/12/07 20:05:39 INFO BlockManagerInfo: Added rdd_166_21 in memory on 172.18.0.8:33107 (size: 608.0 B, free: 429.1 MiB)
[2025-12-07T20:05:39.941+0000] {subprocess.py:106} INFO - 25/12/07 20:05:39 INFO TaskSetManager: Finished task 14.0 in stage 47.0 (TID 769) in 99 ms on 172.18.0.8 (executor 0) (2/50)
[2025-12-07T20:05:39.942+0000] {subprocess.py:106} INFO - 25/12/07 20:05:39 INFO BlockManagerInfo: Added rdd_166_35 in memory on 172.18.0.8:33107 (size: 602.0 B, free: 429.1 MiB)
[2025-12-07T20:05:39.944+0000] {subprocess.py:106} INFO - 25/12/07 20:05:39 INFO TaskSetManager: Starting task 2.0 in stage 47.0 (TID 784) (172.18.0.8, executor 0, partition 2, PROCESS_LOCAL, 7356 bytes)
[2025-12-07T20:05:39.945+0000] {subprocess.py:106} INFO - 25/12/07 20:05:39 INFO BlockManagerInfo: Added rdd_166_26 in memory on 172.18.0.8:33107 (size: 760.0 B, free: 429.1 MiB)
[2025-12-07T20:05:39.946+0000] {subprocess.py:106} INFO - 25/12/07 20:05:39 INFO TaskSetManager: Finished task 45.0 in stage 47.0 (TID 780) in 98 ms on 172.18.0.8 (executor 0) (3/50)
[2025-12-07T20:05:39.948+0000] {subprocess.py:106} INFO - 25/12/07 20:05:39 INFO BlockManagerInfo: Added rdd_166_42 in memory on 172.18.0.8:33107 (size: 589.0 B, free: 429.1 MiB)
[2025-12-07T20:05:39.949+0000] {subprocess.py:106} INFO - 25/12/07 20:05:39 INFO TaskSetManager: Starting task 5.0 in stage 47.0 (TID 785) (172.18.0.8, executor 0, partition 5, PROCESS_LOCAL, 7356 bytes)
[2025-12-07T20:05:39.950+0000] {subprocess.py:106} INFO - 25/12/07 20:05:39 INFO TaskSetManager: Starting task 6.0 in stage 47.0 (TID 786) (172.18.0.8, executor 0, partition 6, PROCESS_LOCAL, 7356 bytes)
[2025-12-07T20:05:39.951+0000] {subprocess.py:106} INFO - 25/12/07 20:05:39 INFO TaskSetManager: Starting task 7.0 in stage 47.0 (TID 787) (172.18.0.8, executor 0, partition 7, PROCESS_LOCAL, 7356 bytes)
[2025-12-07T20:05:39.952+0000] {subprocess.py:106} INFO - 25/12/07 20:05:39 INFO TaskSetManager: Finished task 22.0 in stage 47.0 (TID 772) in 100 ms on 172.18.0.8 (executor 0) (4/50)
[2025-12-07T20:05:39.953+0000] {subprocess.py:106} INFO - 25/12/07 20:05:39 INFO TaskSetManager: Finished task 32.0 in stage 47.0 (TID 775) in 101 ms on 172.18.0.8 (executor 0) (5/50)
[2025-12-07T20:05:39.954+0000] {subprocess.py:106} INFO - 25/12/07 20:05:39 INFO TaskSetManager: Finished task 36.0 in stage 47.0 (TID 777) in 100 ms on 172.18.0.8 (executor 0) (6/50)
[2025-12-07T20:05:39.954+0000] {subprocess.py:106} INFO - 25/12/07 20:05:39 INFO BlockManagerInfo: Added rdd_166_9 in memory on 172.18.0.8:33107 (size: 571.0 B, free: 429.1 MiB)
[2025-12-07T20:05:39.955+0000] {subprocess.py:106} INFO - 25/12/07 20:05:39 INFO TaskSetManager: Starting task 8.0 in stage 47.0 (TID 788) (172.18.0.8, executor 0, partition 8, PROCESS_LOCAL, 7356 bytes)
[2025-12-07T20:05:39.956+0000] {subprocess.py:106} INFO - 25/12/07 20:05:39 INFO TaskSetManager: Finished task 3.0 in stage 47.0 (TID 766) in 105 ms on 172.18.0.8 (executor 0) (7/50)
[2025-12-07T20:05:39.956+0000] {subprocess.py:106} INFO - 25/12/07 20:05:39 INFO TaskSetManager: Starting task 10.0 in stage 47.0 (TID 789) (172.18.0.8, executor 0, partition 10, PROCESS_LOCAL, 7356 bytes)
[2025-12-07T20:05:39.957+0000] {subprocess.py:106} INFO - 25/12/07 20:05:39 INFO TaskSetManager: Starting task 11.0 in stage 47.0 (TID 790) (172.18.0.8, executor 0, partition 11, PROCESS_LOCAL, 7356 bytes)
[2025-12-07T20:05:39.958+0000] {subprocess.py:106} INFO - 25/12/07 20:05:39 INFO TaskSetManager: Finished task 37.0 in stage 47.0 (TID 778) in 109 ms on 172.18.0.8 (executor 0) (8/50)
[2025-12-07T20:05:39.959+0000] {subprocess.py:106} INFO - 25/12/07 20:05:39 INFO TaskSetManager: Starting task 12.0 in stage 47.0 (TID 791) (172.18.0.8, executor 0, partition 12, PROCESS_LOCAL, 7356 bytes)
[2025-12-07T20:05:39.963+0000] {subprocess.py:106} INFO - 25/12/07 20:05:39 INFO TaskSetManager: Finished task 29.0 in stage 47.0 (TID 774) in 111 ms on 172.18.0.8 (executor 0) (9/50)
[2025-12-07T20:05:39.964+0000] {subprocess.py:106} INFO - 25/12/07 20:05:39 INFO TaskSetManager: Finished task 16.0 in stage 47.0 (TID 770) in 112 ms on 172.18.0.8 (executor 0) (10/50)
[2025-12-07T20:05:39.970+0000] {subprocess.py:106} INFO - 25/12/07 20:05:39 INFO TaskSetManager: Starting task 13.0 in stage 47.0 (TID 792) (172.18.0.8, executor 0, partition 13, PROCESS_LOCAL, 7356 bytes)
[2025-12-07T20:05:39.971+0000] {subprocess.py:106} INFO - 25/12/07 20:05:39 INFO TaskSetManager: Finished task 4.0 in stage 47.0 (TID 767) in 131 ms on 172.18.0.8 (executor 0) (11/50)
[2025-12-07T20:05:39.996+0000] {subprocess.py:106} INFO - 25/12/07 20:05:39 INFO TaskSetManager: Starting task 15.0 in stage 47.0 (TID 793) (172.18.0.8, executor 0, partition 15, PROCESS_LOCAL, 7356 bytes)
[2025-12-07T20:05:39.997+0000] {subprocess.py:106} INFO - 25/12/07 20:05:39 INFO TaskSetManager: Finished task 21.0 in stage 47.0 (TID 771) in 148 ms on 172.18.0.8 (executor 0) (12/50)
[2025-12-07T20:05:39.998+0000] {subprocess.py:106} INFO - 25/12/07 20:05:39 INFO TaskSetManager: Starting task 17.0 in stage 47.0 (TID 794) (172.18.0.8, executor 0, partition 17, PROCESS_LOCAL, 7356 bytes)
[2025-12-07T20:05:39.999+0000] {subprocess.py:106} INFO - 25/12/07 20:05:39 INFO TaskSetManager: Finished task 9.0 in stage 47.0 (TID 768) in 155 ms on 172.18.0.8 (executor 0) (13/50)
[2025-12-07T20:05:40.000+0000] {subprocess.py:106} INFO - 25/12/07 20:05:39 INFO TaskSetManager: Finished task 35.0 in stage 47.0 (TID 776) in 153 ms on 172.18.0.8 (executor 0) (14/50)
[2025-12-07T20:05:40.002+0000] {subprocess.py:106} INFO - 25/12/07 20:05:39 INFO TaskSetManager: Starting task 18.0 in stage 47.0 (TID 795) (172.18.0.8, executor 0, partition 18, PROCESS_LOCAL, 7356 bytes)
[2025-12-07T20:05:40.003+0000] {subprocess.py:106} INFO - 25/12/07 20:05:39 INFO TaskSetManager: Starting task 19.0 in stage 47.0 (TID 796) (172.18.0.8, executor 0, partition 19, PROCESS_LOCAL, 7356 bytes)
[2025-12-07T20:05:40.004+0000] {subprocess.py:106} INFO - 25/12/07 20:05:39 INFO TaskSetManager: Finished task 26.0 in stage 47.0 (TID 773) in 156 ms on 172.18.0.8 (executor 0) (15/50)
[2025-12-07T20:05:40.005+0000] {subprocess.py:106} INFO - 25/12/07 20:05:39 INFO TaskSetManager: Starting task 20.0 in stage 47.0 (TID 797) (172.18.0.8, executor 0, partition 20, PROCESS_LOCAL, 7356 bytes)
[2025-12-07T20:05:40.006+0000] {subprocess.py:106} INFO - 25/12/07 20:05:39 INFO TaskSetManager: Finished task 42.0 in stage 47.0 (TID 779) in 159 ms on 172.18.0.8 (executor 0) (16/50)
[2025-12-07T20:05:40.034+0000] {subprocess.py:106} INFO - 25/12/07 20:05:40 INFO BlockManagerInfo: Added rdd_166_0 in memory on 172.18.0.8:33107 (size: 46.0 B, free: 429.1 MiB)
[2025-12-07T20:05:40.036+0000] {subprocess.py:106} INFO - 25/12/07 20:05:40 INFO BlockManagerInfo: Added rdd_166_11 in memory on 172.18.0.8:33107 (size: 46.0 B, free: 429.1 MiB)
[2025-12-07T20:05:40.040+0000] {subprocess.py:106} INFO - 25/12/07 20:05:40 INFO BlockManagerInfo: Added rdd_166_5 in memory on 172.18.0.8:33107 (size: 46.0 B, free: 429.1 MiB)
[2025-12-07T20:05:40.041+0000] {subprocess.py:106} INFO - 25/12/07 20:05:40 INFO BlockManagerInfo: Added rdd_166_6 in memory on 172.18.0.8:33107 (size: 46.0 B, free: 429.1 MiB)
[2025-12-07T20:05:40.043+0000] {subprocess.py:106} INFO - 25/12/07 20:05:40 INFO BlockManagerInfo: Added rdd_166_8 in memory on 172.18.0.8:33107 (size: 46.0 B, free: 429.1 MiB)
[2025-12-07T20:05:40.045+0000] {subprocess.py:106} INFO - 25/12/07 20:05:40 INFO BlockManagerInfo: Added rdd_166_2 in memory on 172.18.0.8:33107 (size: 46.0 B, free: 429.1 MiB)
[2025-12-07T20:05:40.046+0000] {subprocess.py:106} INFO - 25/12/07 20:05:40 INFO BlockManagerInfo: Added rdd_166_12 in memory on 172.18.0.8:33107 (size: 46.0 B, free: 429.1 MiB)
[2025-12-07T20:05:40.048+0000] {subprocess.py:106} INFO - 25/12/07 20:05:40 INFO BlockManagerInfo: Added rdd_166_1 in memory on 172.18.0.8:33107 (size: 46.0 B, free: 429.1 MiB)
[2025-12-07T20:05:40.049+0000] {subprocess.py:106} INFO - 25/12/07 20:05:40 INFO BlockManagerInfo: Added rdd_166_10 in memory on 172.18.0.8:33107 (size: 46.0 B, free: 429.1 MiB)
[2025-12-07T20:05:40.050+0000] {subprocess.py:106} INFO - 25/12/07 20:05:40 INFO BlockManagerInfo: Added rdd_166_7 in memory on 172.18.0.8:33107 (size: 46.0 B, free: 429.1 MiB)
[2025-12-07T20:05:40.051+0000] {subprocess.py:106} INFO - 25/12/07 20:05:40 INFO BlockManagerInfo: Added rdd_166_13 in memory on 172.18.0.8:33107 (size: 46.0 B, free: 429.1 MiB)
[2025-12-07T20:05:40.054+0000] {subprocess.py:106} INFO - 25/12/07 20:05:40 INFO TaskSetManager: Starting task 23.0 in stage 47.0 (TID 798) (172.18.0.8, executor 0, partition 23, PROCESS_LOCAL, 7356 bytes)
[2025-12-07T20:05:40.056+0000] {subprocess.py:106} INFO - 25/12/07 20:05:40 INFO BlockManagerInfo: Added rdd_166_15 in memory on 172.18.0.8:33107 (size: 46.0 B, free: 429.1 MiB)
[2025-12-07T20:05:40.058+0000] {subprocess.py:106} INFO - 25/12/07 20:05:40 INFO TaskSetManager: Finished task 0.0 in stage 47.0 (TID 782) in 126 ms on 172.18.0.8 (executor 0) (17/50)
[2025-12-07T20:05:40.070+0000] {subprocess.py:106} INFO - 25/12/07 20:05:40 INFO TaskSetManager: Starting task 24.0 in stage 47.0 (TID 799) (172.18.0.8, executor 0, partition 24, PROCESS_LOCAL, 7356 bytes)
[2025-12-07T20:05:40.072+0000] {subprocess.py:106} INFO - 25/12/07 20:05:40 INFO TaskSetManager: Finished task 2.0 in stage 47.0 (TID 784) in 130 ms on 172.18.0.8 (executor 0) (18/50)
[2025-12-07T20:05:40.073+0000] {subprocess.py:106} INFO - 25/12/07 20:05:40 INFO BlockManagerInfo: Added rdd_166_17 in memory on 172.18.0.8:33107 (size: 46.0 B, free: 429.1 MiB)
[2025-12-07T20:05:40.075+0000] {subprocess.py:106} INFO - 25/12/07 20:05:40 INFO TaskSetManager: Starting task 25.0 in stage 47.0 (TID 800) (172.18.0.8, executor 0, partition 25, PROCESS_LOCAL, 7356 bytes)
[2025-12-07T20:05:40.077+0000] {subprocess.py:106} INFO - 25/12/07 20:05:40 INFO TaskSetManager: Finished task 8.0 in stage 47.0 (TID 788) in 126 ms on 172.18.0.8 (executor 0) (19/50)
[2025-12-07T20:05:40.080+0000] {subprocess.py:106} INFO - 25/12/07 20:05:40 INFO BlockManagerInfo: Added rdd_166_20 in memory on 172.18.0.8:33107 (size: 46.0 B, free: 429.1 MiB)
[2025-12-07T20:05:40.083+0000] {subprocess.py:106} INFO - 25/12/07 20:05:40 INFO TaskSetManager: Starting task 27.0 in stage 47.0 (TID 801) (172.18.0.8, executor 0, partition 27, PROCESS_LOCAL, 7356 bytes)
[2025-12-07T20:05:40.084+0000] {subprocess.py:106} INFO - 25/12/07 20:05:40 INFO TaskSetManager: Starting task 28.0 in stage 47.0 (TID 802) (172.18.0.8, executor 0, partition 28, PROCESS_LOCAL, 7356 bytes)
[2025-12-07T20:05:40.086+0000] {subprocess.py:106} INFO - 25/12/07 20:05:40 INFO TaskSetManager: Starting task 30.0 in stage 47.0 (TID 803) (172.18.0.8, executor 0, partition 30, PROCESS_LOCAL, 7356 bytes)
[2025-12-07T20:05:40.088+0000] {subprocess.py:106} INFO - 25/12/07 20:05:40 INFO TaskSetManager: Finished task 1.0 in stage 47.0 (TID 783) in 139 ms on 172.18.0.8 (executor 0) (20/50)
[2025-12-07T20:05:40.094+0000] {subprocess.py:106} INFO - 25/12/07 20:05:40 INFO TaskSetManager: Finished task 11.0 in stage 47.0 (TID 790) in 129 ms on 172.18.0.8 (executor 0) (21/50)
[2025-12-07T20:05:40.100+0000] {subprocess.py:106} INFO - 25/12/07 20:05:40 INFO TaskSetManager: Finished task 6.0 in stage 47.0 (TID 786) in 139 ms on 172.18.0.8 (executor 0) (22/50)
[2025-12-07T20:05:40.104+0000] {subprocess.py:106} INFO - 25/12/07 20:05:40 INFO TaskSetManager: Starting task 31.0 in stage 47.0 (TID 804) (172.18.0.8, executor 0, partition 31, PROCESS_LOCAL, 7356 bytes)
[2025-12-07T20:05:40.106+0000] {subprocess.py:106} INFO - 25/12/07 20:05:40 INFO BlockManagerInfo: Added rdd_166_18 in memory on 172.18.0.8:33107 (size: 46.0 B, free: 429.1 MiB)
[2025-12-07T20:05:40.107+0000] {subprocess.py:106} INFO - 25/12/07 20:05:40 INFO BlockManagerInfo: Added rdd_166_19 in memory on 172.18.0.8:33107 (size: 46.0 B, free: 429.1 MiB)
[2025-12-07T20:05:40.109+0000] {subprocess.py:106} INFO - 25/12/07 20:05:40 INFO TaskSetManager: Starting task 33.0 in stage 47.0 (TID 805) (172.18.0.8, executor 0, partition 33, PROCESS_LOCAL, 7356 bytes)
[2025-12-07T20:05:40.111+0000] {subprocess.py:106} INFO - 25/12/07 20:05:40 INFO TaskSetManager: Starting task 34.0 in stage 47.0 (TID 806) (172.18.0.8, executor 0, partition 34, PROCESS_LOCAL, 7356 bytes)
[2025-12-07T20:05:40.113+0000] {subprocess.py:106} INFO - 25/12/07 20:05:40 INFO TaskSetManager: Starting task 38.0 in stage 47.0 (TID 807) (172.18.0.8, executor 0, partition 38, PROCESS_LOCAL, 7356 bytes)
[2025-12-07T20:05:40.116+0000] {subprocess.py:106} INFO - 25/12/07 20:05:40 INFO TaskSetManager: Finished task 12.0 in stage 47.0 (TID 791) in 134 ms on 172.18.0.8 (executor 0) (23/50)
[2025-12-07T20:05:40.118+0000] {subprocess.py:106} INFO - 25/12/07 20:05:40 INFO TaskSetManager: Finished task 10.0 in stage 47.0 (TID 789) in 139 ms on 172.18.0.8 (executor 0) (24/50)
[2025-12-07T20:05:40.120+0000] {subprocess.py:106} INFO - 25/12/07 20:05:40 INFO TaskSetManager: Finished task 5.0 in stage 47.0 (TID 785) in 146 ms on 172.18.0.8 (executor 0) (25/50)
[2025-12-07T20:05:40.121+0000] {subprocess.py:106} INFO - 25/12/07 20:05:40 INFO TaskSetManager: Finished task 13.0 in stage 47.0 (TID 792) in 121 ms on 172.18.0.8 (executor 0) (26/50)
[2025-12-07T20:05:40.122+0000] {subprocess.py:106} INFO - 25/12/07 20:05:40 INFO TaskSetManager: Starting task 39.0 in stage 47.0 (TID 808) (172.18.0.8, executor 0, partition 39, PROCESS_LOCAL, 7356 bytes)
[2025-12-07T20:05:40.124+0000] {subprocess.py:106} INFO - 25/12/07 20:05:40 INFO TaskSetManager: Starting task 40.0 in stage 47.0 (TID 809) (172.18.0.8, executor 0, partition 40, PROCESS_LOCAL, 7356 bytes)
[2025-12-07T20:05:40.126+0000] {subprocess.py:106} INFO - 25/12/07 20:05:40 INFO TaskSetManager: Finished task 7.0 in stage 47.0 (TID 787) in 148 ms on 172.18.0.8 (executor 0) (27/50)
[2025-12-07T20:05:40.127+0000] {subprocess.py:106} INFO - 25/12/07 20:05:40 INFO TaskSetManager: Finished task 15.0 in stage 47.0 (TID 793) in 101 ms on 172.18.0.8 (executor 0) (28/50)
[2025-12-07T20:05:40.128+0000] {subprocess.py:106} INFO - 25/12/07 20:05:40 INFO TaskSetManager: Starting task 41.0 in stage 47.0 (TID 810) (172.18.0.8, executor 0, partition 41, PROCESS_LOCAL, 7356 bytes)
[2025-12-07T20:05:40.128+0000] {subprocess.py:106} INFO - 25/12/07 20:05:40 INFO TaskSetManager: Finished task 17.0 in stage 47.0 (TID 794) in 106 ms on 172.18.0.8 (executor 0) (29/50)
[2025-12-07T20:05:40.129+0000] {subprocess.py:106} INFO - 25/12/07 20:05:40 INFO TaskSetManager: Starting task 43.0 in stage 47.0 (TID 811) (172.18.0.8, executor 0, partition 43, PROCESS_LOCAL, 7356 bytes)
[2025-12-07T20:05:40.130+0000] {subprocess.py:106} INFO - 25/12/07 20:05:40 INFO TaskSetManager: Finished task 20.0 in stage 47.0 (TID 797) in 101 ms on 172.18.0.8 (executor 0) (30/50)
[2025-12-07T20:05:40.130+0000] {subprocess.py:106} INFO - 25/12/07 20:05:40 INFO TaskSetManager: Starting task 44.0 in stage 47.0 (TID 812) (172.18.0.8, executor 0, partition 44, PROCESS_LOCAL, 7356 bytes)
[2025-12-07T20:05:40.131+0000] {subprocess.py:106} INFO - 25/12/07 20:05:40 INFO TaskSetManager: Finished task 18.0 in stage 47.0 (TID 795) in 116 ms on 172.18.0.8 (executor 0) (31/50)
[2025-12-07T20:05:40.133+0000] {subprocess.py:106} INFO - 25/12/07 20:05:40 INFO TaskSetManager: Starting task 46.0 in stage 47.0 (TID 813) (172.18.0.8, executor 0, partition 46, PROCESS_LOCAL, 7356 bytes)
[2025-12-07T20:05:40.136+0000] {subprocess.py:106} INFO - 25/12/07 20:05:40 INFO TaskSetManager: Finished task 19.0 in stage 47.0 (TID 796) in 118 ms on 172.18.0.8 (executor 0) (32/50)
[2025-12-07T20:05:40.138+0000] {subprocess.py:106} INFO - 25/12/07 20:05:40 INFO BlockManagerInfo: Added rdd_166_23 in memory on 172.18.0.8:33107 (size: 46.0 B, free: 429.1 MiB)
[2025-12-07T20:05:40.140+0000] {subprocess.py:106} INFO - 25/12/07 20:05:40 INFO BlockManagerInfo: Added rdd_166_30 in memory on 172.18.0.8:33107 (size: 46.0 B, free: 429.1 MiB)
[2025-12-07T20:05:40.142+0000] {subprocess.py:106} INFO - 25/12/07 20:05:40 INFO BlockManagerInfo: Added rdd_166_27 in memory on 172.18.0.8:33107 (size: 46.0 B, free: 429.1 MiB)
[2025-12-07T20:05:40.144+0000] {subprocess.py:106} INFO - 25/12/07 20:05:40 INFO BlockManagerInfo: Added rdd_166_24 in memory on 172.18.0.8:33107 (size: 46.0 B, free: 429.1 MiB)
[2025-12-07T20:05:40.145+0000] {subprocess.py:106} INFO - 25/12/07 20:05:40 INFO BlockManagerInfo: Added rdd_166_25 in memory on 172.18.0.8:33107 (size: 46.0 B, free: 429.1 MiB)
[2025-12-07T20:05:40.149+0000] {subprocess.py:106} INFO - 25/12/07 20:05:40 INFO BlockManagerInfo: Added rdd_166_33 in memory on 172.18.0.8:33107 (size: 46.0 B, free: 429.1 MiB)
[2025-12-07T20:05:40.151+0000] {subprocess.py:106} INFO - 25/12/07 20:05:40 INFO BlockManagerInfo: Added rdd_166_28 in memory on 172.18.0.8:33107 (size: 46.0 B, free: 429.1 MiB)
[2025-12-07T20:05:40.153+0000] {subprocess.py:106} INFO - 25/12/07 20:05:40 INFO BlockManagerInfo: Added rdd_166_34 in memory on 172.18.0.8:33107 (size: 46.0 B, free: 429.1 MiB)
[2025-12-07T20:05:40.159+0000] {subprocess.py:106} INFO - 25/12/07 20:05:40 INFO BlockManagerInfo: Added rdd_166_40 in memory on 172.18.0.8:33107 (size: 46.0 B, free: 429.1 MiB)
[2025-12-07T20:05:40.163+0000] {subprocess.py:106} INFO - 25/12/07 20:05:40 INFO BlockManagerInfo: Added rdd_166_31 in memory on 172.18.0.8:33107 (size: 46.0 B, free: 429.1 MiB)
[2025-12-07T20:05:40.165+0000] {subprocess.py:106} INFO - 25/12/07 20:05:40 INFO TaskSetManager: Starting task 48.0 in stage 47.0 (TID 814) (172.18.0.8, executor 0, partition 48, PROCESS_LOCAL, 7356 bytes)
[2025-12-07T20:05:40.166+0000] {subprocess.py:106} INFO - 25/12/07 20:05:40 INFO BlockManagerInfo: Added rdd_166_38 in memory on 172.18.0.8:33107 (size: 46.0 B, free: 429.1 MiB)
[2025-12-07T20:05:40.168+0000] {subprocess.py:106} INFO - 25/12/07 20:05:40 INFO TaskSetManager: Finished task 23.0 in stage 47.0 (TID 798) in 111 ms on 172.18.0.8 (executor 0) (33/50)
[2025-12-07T20:05:40.169+0000] {subprocess.py:106} INFO - 25/12/07 20:05:40 INFO TaskSetManager: Starting task 49.0 in stage 47.0 (TID 815) (172.18.0.8, executor 0, partition 49, PROCESS_LOCAL, 7356 bytes)
[2025-12-07T20:05:40.172+0000] {subprocess.py:106} INFO - 25/12/07 20:05:40 INFO TaskSetManager: Finished task 24.0 in stage 47.0 (TID 799) in 103 ms on 172.18.0.8 (executor 0) (34/50)
[2025-12-07T20:05:40.177+0000] {subprocess.py:106} INFO - 25/12/07 20:05:40 INFO TaskSetManager: Finished task 25.0 in stage 47.0 (TID 800) in 102 ms on 172.18.0.8 (executor 0) (35/50)
[2025-12-07T20:05:40.179+0000] {subprocess.py:106} INFO - 25/12/07 20:05:40 INFO BlockManagerInfo: Added rdd_166_41 in memory on 172.18.0.8:33107 (size: 46.0 B, free: 429.1 MiB)
[2025-12-07T20:05:40.180+0000] {subprocess.py:106} INFO - 25/12/07 20:05:40 INFO TaskSetManager: Finished task 34.0 in stage 47.0 (TID 806) in 96 ms on 172.18.0.8 (executor 0) (36/50)
[2025-12-07T20:05:40.181+0000] {subprocess.py:106} INFO - 25/12/07 20:05:40 INFO TaskSetManager: Finished task 27.0 in stage 47.0 (TID 801) in 105 ms on 172.18.0.8 (executor 0) (37/50)
[2025-12-07T20:05:40.182+0000] {subprocess.py:106} INFO - 25/12/07 20:05:40 INFO TaskSetManager: Finished task 28.0 in stage 47.0 (TID 802) in 106 ms on 172.18.0.8 (executor 0) (38/50)
[2025-12-07T20:05:40.183+0000] {subprocess.py:106} INFO - 25/12/07 20:05:40 INFO TaskSetManager: Finished task 33.0 in stage 47.0 (TID 805) in 100 ms on 172.18.0.8 (executor 0) (39/50)
[2025-12-07T20:05:40.186+0000] {subprocess.py:106} INFO - 25/12/07 20:05:40 INFO TaskSetManager: Finished task 40.0 in stage 47.0 (TID 809) in 96 ms on 172.18.0.8 (executor 0) (40/50)
[2025-12-07T20:05:40.187+0000] {subprocess.py:106} INFO - 25/12/07 20:05:40 INFO TaskSetManager: Finished task 30.0 in stage 47.0 (TID 803) in 110 ms on 172.18.0.8 (executor 0) (41/50)
[2025-12-07T20:05:40.189+0000] {subprocess.py:106} INFO - 25/12/07 20:05:40 INFO BlockManagerInfo: Added rdd_166_39 in memory on 172.18.0.8:33107 (size: 46.0 B, free: 429.1 MiB)
[2025-12-07T20:05:40.190+0000] {subprocess.py:106} INFO - 25/12/07 20:05:40 INFO BlockManagerInfo: Added rdd_166_44 in memory on 172.18.0.8:33107 (size: 46.0 B, free: 429.1 MiB)
[2025-12-07T20:05:40.193+0000] {subprocess.py:106} INFO - 25/12/07 20:05:40 INFO BlockManagerInfo: Added rdd_166_43 in memory on 172.18.0.8:33107 (size: 46.0 B, free: 429.1 MiB)
[2025-12-07T20:05:40.194+0000] {subprocess.py:106} INFO - 25/12/07 20:05:40 INFO TaskSetManager: Finished task 38.0 in stage 47.0 (TID 807) in 110 ms on 172.18.0.8 (executor 0) (42/50)
[2025-12-07T20:05:40.195+0000] {subprocess.py:106} INFO - 25/12/07 20:05:40 INFO TaskSetManager: Finished task 31.0 in stage 47.0 (TID 804) in 113 ms on 172.18.0.8 (executor 0) (43/50)
[2025-12-07T20:05:40.201+0000] {subprocess.py:106} INFO - 25/12/07 20:05:40 INFO BlockManagerInfo: Added rdd_166_46 in memory on 172.18.0.8:33107 (size: 46.0 B, free: 429.1 MiB)
[2025-12-07T20:05:40.204+0000] {subprocess.py:106} INFO - 25/12/07 20:05:40 INFO TaskSetManager: Finished task 41.0 in stage 47.0 (TID 810) in 106 ms on 172.18.0.8 (executor 0) (44/50)
[2025-12-07T20:05:40.210+0000] {subprocess.py:106} INFO - 25/12/07 20:05:40 INFO TaskSetManager: Finished task 43.0 in stage 47.0 (TID 811) in 110 ms on 172.18.0.8 (executor 0) (45/50)
[2025-12-07T20:05:40.212+0000] {subprocess.py:106} INFO - 25/12/07 20:05:40 INFO TaskSetManager: Finished task 39.0 in stage 47.0 (TID 808) in 124 ms on 172.18.0.8 (executor 0) (46/50)
[2025-12-07T20:05:40.213+0000] {subprocess.py:106} INFO - 25/12/07 20:05:40 INFO TaskSetManager: Finished task 44.0 in stage 47.0 (TID 812) in 104 ms on 172.18.0.8 (executor 0) (47/50)
[2025-12-07T20:05:40.220+0000] {subprocess.py:106} INFO - 25/12/07 20:05:40 INFO TaskSetManager: Finished task 46.0 in stage 47.0 (TID 813) in 108 ms on 172.18.0.8 (executor 0) (48/50)
[2025-12-07T20:05:40.221+0000] {subprocess.py:106} INFO - 25/12/07 20:05:40 INFO BlockManagerInfo: Added rdd_166_49 in memory on 172.18.0.8:33107 (size: 46.0 B, free: 429.1 MiB)
[2025-12-07T20:05:40.222+0000] {subprocess.py:106} INFO - 25/12/07 20:05:40 INFO BlockManagerInfo: Added rdd_166_48 in memory on 172.18.0.8:33107 (size: 46.0 B, free: 429.1 MiB)
[2025-12-07T20:05:40.236+0000] {subprocess.py:106} INFO - 25/12/07 20:05:40 INFO TaskSetManager: Finished task 48.0 in stage 47.0 (TID 814) in 75 ms on 172.18.0.8 (executor 0) (49/50)
[2025-12-07T20:05:40.237+0000] {subprocess.py:106} INFO - 25/12/07 20:05:40 INFO TaskSetManager: Finished task 49.0 in stage 47.0 (TID 815) in 69 ms on 172.18.0.8 (executor 0) (50/50)
[2025-12-07T20:05:40.237+0000] {subprocess.py:106} INFO - 25/12/07 20:05:40 INFO TaskSchedulerImpl: Removed TaskSet 47.0, whose tasks have all completed, from pool
[2025-12-07T20:05:40.238+0000] {subprocess.py:106} INFO - 25/12/07 20:05:40 INFO DAGScheduler: ShuffleMapStage 47 ($anonfun$recordDeltaOperationInternal$1 at DatabricksLogging.scala:128) finished in 0.441 s
[2025-12-07T20:05:40.239+0000] {subprocess.py:106} INFO - 25/12/07 20:05:40 INFO DAGScheduler: looking for newly runnable stages
[2025-12-07T20:05:40.239+0000] {subprocess.py:106} INFO - 25/12/07 20:05:40 INFO DAGScheduler: running: Set()
[2025-12-07T20:05:40.240+0000] {subprocess.py:106} INFO - 25/12/07 20:05:40 INFO DAGScheduler: waiting: Set()
[2025-12-07T20:05:40.240+0000] {subprocess.py:106} INFO - 25/12/07 20:05:40 INFO DAGScheduler: failed: Set()
[2025-12-07T20:05:40.262+0000] {subprocess.py:106} INFO - 25/12/07 20:05:40 INFO SparkContext: Starting job: $anonfun$recordDeltaOperationInternal$1 at DatabricksLogging.scala:128
[2025-12-07T20:05:40.263+0000] {subprocess.py:106} INFO - 25/12/07 20:05:40 INFO DAGScheduler: Got job 32 ($anonfun$recordDeltaOperationInternal$1 at DatabricksLogging.scala:128) with 1 output partitions
[2025-12-07T20:05:40.263+0000] {subprocess.py:106} INFO - 25/12/07 20:05:40 INFO DAGScheduler: Final stage: ResultStage 50 ($anonfun$recordDeltaOperationInternal$1 at DatabricksLogging.scala:128)
[2025-12-07T20:05:40.264+0000] {subprocess.py:106} INFO - 25/12/07 20:05:40 INFO DAGScheduler: Parents of final stage: List(ShuffleMapStage 49)
[2025-12-07T20:05:40.265+0000] {subprocess.py:106} INFO - 25/12/07 20:05:40 INFO DAGScheduler: Missing parents: List()
[2025-12-07T20:05:40.265+0000] {subprocess.py:106} INFO - 25/12/07 20:05:40 INFO DAGScheduler: Submitting ResultStage 50 (MapPartitionsRDD[172] at $anonfun$recordDeltaOperationInternal$1 at DatabricksLogging.scala:128), which has no missing parents
[2025-12-07T20:05:40.269+0000] {subprocess.py:106} INFO - 25/12/07 20:05:40 INFO MemoryStore: Block broadcast_61 stored as values in memory (estimated size 452.4 KiB, free 429.9 MiB)
[2025-12-07T20:05:40.272+0000] {subprocess.py:106} INFO - 25/12/07 20:05:40 INFO MemoryStore: Block broadcast_61_piece0 stored as bytes in memory (estimated size 108.1 KiB, free 429.8 MiB)
[2025-12-07T20:05:40.273+0000] {subprocess.py:106} INFO - 25/12/07 20:05:40 INFO BlockManagerInfo: Added broadcast_61_piece0 in memory on 13f196131dae:46673 (size: 108.1 KiB, free: 433.6 MiB)
[2025-12-07T20:05:40.274+0000] {subprocess.py:106} INFO - 25/12/07 20:05:40 INFO SparkContext: Created broadcast 61 from broadcast at DAGScheduler.scala:1535
[2025-12-07T20:05:40.278+0000] {subprocess.py:106} INFO - 25/12/07 20:05:40 INFO DAGScheduler: Submitting 1 missing tasks from ResultStage 50 (MapPartitionsRDD[172] at $anonfun$recordDeltaOperationInternal$1 at DatabricksLogging.scala:128) (first 15 tasks are for partitions Vector(0))
[2025-12-07T20:05:40.279+0000] {subprocess.py:106} INFO - 25/12/07 20:05:40 INFO TaskSchedulerImpl: Adding task set 50.0 with 1 tasks resource profile 0
[2025-12-07T20:05:40.280+0000] {subprocess.py:106} INFO - 25/12/07 20:05:40 INFO TaskSetManager: Starting task 0.0 in stage 50.0 (TID 816) (172.18.0.8, executor 0, partition 0, NODE_LOCAL, 7367 bytes)
[2025-12-07T20:05:40.284+0000] {subprocess.py:106} INFO - 25/12/07 20:05:40 INFO BlockManagerInfo: Added broadcast_61_piece0 in memory on 172.18.0.8:33107 (size: 108.1 KiB, free: 429.0 MiB)
[2025-12-07T20:05:40.294+0000] {subprocess.py:106} INFO - 25/12/07 20:05:40 INFO MapOutputTrackerMasterEndpoint: Asked to send map output locations for shuffle 10 to 172.18.0.8:44278
[2025-12-07T20:05:40.326+0000] {subprocess.py:106} INFO - 25/12/07 20:05:40 INFO TaskSetManager: Finished task 0.0 in stage 50.0 (TID 816) in 51 ms on 172.18.0.8 (executor 0) (1/1)
[2025-12-07T20:05:40.327+0000] {subprocess.py:106} INFO - 25/12/07 20:05:40 INFO TaskSchedulerImpl: Removed TaskSet 50.0, whose tasks have all completed, from pool
[2025-12-07T20:05:40.332+0000] {subprocess.py:106} INFO - 25/12/07 20:05:40 INFO DAGScheduler: ResultStage 50 ($anonfun$recordDeltaOperationInternal$1 at DatabricksLogging.scala:128) finished in 0.062 s
[2025-12-07T20:05:40.333+0000] {subprocess.py:106} INFO - 25/12/07 20:05:40 INFO DAGScheduler: Job 32 is finished. Cancelling potential speculative or zombie tasks for this job
[2025-12-07T20:05:40.334+0000] {subprocess.py:106} INFO - 25/12/07 20:05:40 INFO TaskSchedulerImpl: Killing all running tasks in stage 50: Stage finished
[2025-12-07T20:05:40.334+0000] {subprocess.py:106} INFO - 25/12/07 20:05:40 INFO DAGScheduler: Job 32 finished: $anonfun$recordDeltaOperationInternal$1 at DatabricksLogging.scala:128, took 0.065249 s
[2025-12-07T20:05:40.337+0000] {subprocess.py:106} INFO - 25/12/07 20:05:40 INFO Snapshot: [tableId=623ed374-28ab-41d2-8f91-45386aa6025d] DELTA: Done
[2025-12-07T20:05:40.444+0000] {subprocess.py:106} INFO - 25/12/07 20:05:40 INFO SparkContext: Starting job: $anonfun$recordDeltaOperationInternal$1 at DatabricksLogging.scala:128
[2025-12-07T20:05:40.445+0000] {subprocess.py:106} INFO - 25/12/07 20:05:40 INFO DAGScheduler: Got job 33 ($anonfun$recordDeltaOperationInternal$1 at DatabricksLogging.scala:128) with 50 output partitions
[2025-12-07T20:05:40.446+0000] {subprocess.py:106} INFO - 25/12/07 20:05:40 INFO DAGScheduler: Final stage: ResultStage 52 ($anonfun$recordDeltaOperationInternal$1 at DatabricksLogging.scala:128)
[2025-12-07T20:05:40.446+0000] {subprocess.py:106} INFO - 25/12/07 20:05:40 INFO DAGScheduler: Parents of final stage: List(ShuffleMapStage 51)
[2025-12-07T20:05:40.447+0000] {subprocess.py:106} INFO - 25/12/07 20:05:40 INFO DAGScheduler: Missing parents: List()
[2025-12-07T20:05:40.447+0000] {subprocess.py:106} INFO - 25/12/07 20:05:40 INFO DAGScheduler: Submitting ResultStage 52 (MapPartitionsRDD[174] at $anonfun$recordDeltaOperationInternal$1 at DatabricksLogging.scala:128), which has no missing parents
[2025-12-07T20:05:40.451+0000] {subprocess.py:106} INFO - 25/12/07 20:05:40 INFO MemoryStore: Block broadcast_62 stored as values in memory (estimated size 592.3 KiB, free 429.2 MiB)
[2025-12-07T20:05:40.452+0000] {subprocess.py:106} INFO - 25/12/07 20:05:40 INFO MemoryStore: Block broadcast_62_piece0 stored as bytes in memory (estimated size 138.6 KiB, free 429.1 MiB)
[2025-12-07T20:05:40.453+0000] {subprocess.py:106} INFO - 25/12/07 20:05:40 INFO BlockManagerInfo: Added broadcast_62_piece0 in memory on 13f196131dae:46673 (size: 138.6 KiB, free: 433.5 MiB)
[2025-12-07T20:05:40.454+0000] {subprocess.py:106} INFO - 25/12/07 20:05:40 INFO SparkContext: Created broadcast 62 from broadcast at DAGScheduler.scala:1535
[2025-12-07T20:05:40.454+0000] {subprocess.py:106} INFO - 25/12/07 20:05:40 INFO DAGScheduler: Submitting 50 missing tasks from ResultStage 52 (MapPartitionsRDD[174] at $anonfun$recordDeltaOperationInternal$1 at DatabricksLogging.scala:128) (first 15 tasks are for partitions Vector(0, 1, 2, 3, 4, 5, 6, 7, 8, 9, 10, 11, 12, 13, 14))
[2025-12-07T20:05:40.455+0000] {subprocess.py:106} INFO - 25/12/07 20:05:40 INFO TaskSchedulerImpl: Adding task set 52.0 with 50 tasks resource profile 0
[2025-12-07T20:05:40.455+0000] {subprocess.py:106} INFO - 25/12/07 20:05:40 INFO TaskSetManager: Starting task 0.0 in stage 52.0 (TID 817) (172.18.0.8, executor 0, partition 0, PROCESS_LOCAL, 7367 bytes)
[2025-12-07T20:05:40.456+0000] {subprocess.py:106} INFO - 25/12/07 20:05:40 INFO TaskSetManager: Starting task 1.0 in stage 52.0 (TID 818) (172.18.0.8, executor 0, partition 1, PROCESS_LOCAL, 7367 bytes)
[2025-12-07T20:05:40.457+0000] {subprocess.py:106} INFO - 25/12/07 20:05:40 INFO TaskSetManager: Starting task 2.0 in stage 52.0 (TID 819) (172.18.0.8, executor 0, partition 2, PROCESS_LOCAL, 7367 bytes)
[2025-12-07T20:05:40.458+0000] {subprocess.py:106} INFO - 25/12/07 20:05:40 INFO TaskSetManager: Starting task 3.0 in stage 52.0 (TID 820) (172.18.0.8, executor 0, partition 3, PROCESS_LOCAL, 7367 bytes)
[2025-12-07T20:05:40.459+0000] {subprocess.py:106} INFO - 25/12/07 20:05:40 INFO TaskSetManager: Starting task 4.0 in stage 52.0 (TID 821) (172.18.0.8, executor 0, partition 4, PROCESS_LOCAL, 7367 bytes)
[2025-12-07T20:05:40.460+0000] {subprocess.py:106} INFO - 25/12/07 20:05:40 INFO TaskSetManager: Starting task 5.0 in stage 52.0 (TID 822) (172.18.0.8, executor 0, partition 5, PROCESS_LOCAL, 7367 bytes)
[2025-12-07T20:05:40.460+0000] {subprocess.py:106} INFO - 25/12/07 20:05:40 INFO TaskSetManager: Starting task 6.0 in stage 52.0 (TID 823) (172.18.0.8, executor 0, partition 6, PROCESS_LOCAL, 7367 bytes)
[2025-12-07T20:05:40.461+0000] {subprocess.py:106} INFO - 25/12/07 20:05:40 INFO TaskSetManager: Starting task 7.0 in stage 52.0 (TID 824) (172.18.0.8, executor 0, partition 7, PROCESS_LOCAL, 7367 bytes)
[2025-12-07T20:05:40.462+0000] {subprocess.py:106} INFO - 25/12/07 20:05:40 INFO TaskSetManager: Starting task 8.0 in stage 52.0 (TID 825) (172.18.0.8, executor 0, partition 8, PROCESS_LOCAL, 7367 bytes)
[2025-12-07T20:05:40.463+0000] {subprocess.py:106} INFO - 25/12/07 20:05:40 INFO TaskSetManager: Starting task 9.0 in stage 52.0 (TID 826) (172.18.0.8, executor 0, partition 9, PROCESS_LOCAL, 7367 bytes)
[2025-12-07T20:05:40.463+0000] {subprocess.py:106} INFO - 25/12/07 20:05:40 INFO TaskSetManager: Starting task 10.0 in stage 52.0 (TID 827) (172.18.0.8, executor 0, partition 10, PROCESS_LOCAL, 7367 bytes)
[2025-12-07T20:05:40.464+0000] {subprocess.py:106} INFO - 25/12/07 20:05:40 INFO TaskSetManager: Starting task 11.0 in stage 52.0 (TID 828) (172.18.0.8, executor 0, partition 11, PROCESS_LOCAL, 7367 bytes)
[2025-12-07T20:05:40.464+0000] {subprocess.py:106} INFO - 25/12/07 20:05:40 INFO TaskSetManager: Starting task 12.0 in stage 52.0 (TID 829) (172.18.0.8, executor 0, partition 12, PROCESS_LOCAL, 7367 bytes)
[2025-12-07T20:05:40.465+0000] {subprocess.py:106} INFO - 25/12/07 20:05:40 INFO TaskSetManager: Starting task 13.0 in stage 52.0 (TID 830) (172.18.0.8, executor 0, partition 13, PROCESS_LOCAL, 7367 bytes)
[2025-12-07T20:05:40.465+0000] {subprocess.py:106} INFO - 25/12/07 20:05:40 INFO TaskSetManager: Starting task 14.0 in stage 52.0 (TID 831) (172.18.0.8, executor 0, partition 14, PROCESS_LOCAL, 7367 bytes)
[2025-12-07T20:05:40.465+0000] {subprocess.py:106} INFO - 25/12/07 20:05:40 INFO TaskSetManager: Starting task 15.0 in stage 52.0 (TID 832) (172.18.0.8, executor 0, partition 15, PROCESS_LOCAL, 7367 bytes)
[2025-12-07T20:05:40.470+0000] {subprocess.py:106} INFO - 25/12/07 20:05:40 INFO BlockManagerInfo: Added broadcast_62_piece0 in memory on 172.18.0.8:33107 (size: 138.6 KiB, free: 428.9 MiB)
[2025-12-07T20:05:40.486+0000] {subprocess.py:106} INFO - 25/12/07 20:05:40 INFO TaskSetManager: Starting task 16.0 in stage 52.0 (TID 833) (172.18.0.8, executor 0, partition 16, PROCESS_LOCAL, 7367 bytes)
[2025-12-07T20:05:40.487+0000] {subprocess.py:106} INFO - 25/12/07 20:05:40 INFO TaskSetManager: Starting task 17.0 in stage 52.0 (TID 834) (172.18.0.8, executor 0, partition 17, PROCESS_LOCAL, 7367 bytes)
[2025-12-07T20:05:40.488+0000] {subprocess.py:106} INFO - 25/12/07 20:05:40 INFO TaskSetManager: Finished task 10.0 in stage 52.0 (TID 827) in 30 ms on 172.18.0.8 (executor 0) (1/50)
[2025-12-07T20:05:40.492+0000] {subprocess.py:106} INFO - 25/12/07 20:05:40 INFO TaskSetManager: Finished task 1.0 in stage 52.0 (TID 818) in 31 ms on 172.18.0.8 (executor 0) (2/50)
[2025-12-07T20:05:40.494+0000] {subprocess.py:106} INFO - 25/12/07 20:05:40 INFO TaskSetManager: Starting task 18.0 in stage 52.0 (TID 835) (172.18.0.8, executor 0, partition 18, PROCESS_LOCAL, 7367 bytes)
[2025-12-07T20:05:40.495+0000] {subprocess.py:106} INFO - 25/12/07 20:05:40 INFO TaskSetManager: Finished task 3.0 in stage 52.0 (TID 820) in 32 ms on 172.18.0.8 (executor 0) (3/50)
[2025-12-07T20:05:40.495+0000] {subprocess.py:106} INFO - 25/12/07 20:05:40 INFO TaskSetManager: Starting task 19.0 in stage 52.0 (TID 836) (172.18.0.8, executor 0, partition 19, PROCESS_LOCAL, 7367 bytes)
[2025-12-07T20:05:40.496+0000] {subprocess.py:106} INFO - 25/12/07 20:05:40 INFO TaskSetManager: Finished task 0.0 in stage 52.0 (TID 817) in 32 ms on 172.18.0.8 (executor 0) (4/50)
[2025-12-07T20:05:40.497+0000] {subprocess.py:106} INFO - 25/12/07 20:05:40 INFO TaskSetManager: Starting task 20.0 in stage 52.0 (TID 837) (172.18.0.8, executor 0, partition 20, PROCESS_LOCAL, 7367 bytes)
[2025-12-07T20:05:40.498+0000] {subprocess.py:106} INFO - 25/12/07 20:05:40 INFO TaskSetManager: Starting task 21.0 in stage 52.0 (TID 838) (172.18.0.8, executor 0, partition 21, PROCESS_LOCAL, 7367 bytes)
[2025-12-07T20:05:40.499+0000] {subprocess.py:106} INFO - 25/12/07 20:05:40 INFO TaskSetManager: Starting task 22.0 in stage 52.0 (TID 839) (172.18.0.8, executor 0, partition 22, PROCESS_LOCAL, 7367 bytes)
[2025-12-07T20:05:40.499+0000] {subprocess.py:106} INFO - 25/12/07 20:05:40 INFO TaskSetManager: Starting task 23.0 in stage 52.0 (TID 840) (172.18.0.8, executor 0, partition 23, PROCESS_LOCAL, 7367 bytes)
[2025-12-07T20:05:40.500+0000] {subprocess.py:106} INFO - 25/12/07 20:05:40 INFO TaskSetManager: Finished task 4.0 in stage 52.0 (TID 821) in 35 ms on 172.18.0.8 (executor 0) (5/50)
[2025-12-07T20:05:40.502+0000] {subprocess.py:106} INFO - 25/12/07 20:05:40 INFO TaskSetManager: Finished task 9.0 in stage 52.0 (TID 826) in 34 ms on 172.18.0.8 (executor 0) (6/50)
[2025-12-07T20:05:40.503+0000] {subprocess.py:106} INFO - 25/12/07 20:05:40 INFO TaskSetManager: Finished task 2.0 in stage 52.0 (TID 819) in 35 ms on 172.18.0.8 (executor 0) (7/50)
[2025-12-07T20:05:40.504+0000] {subprocess.py:106} INFO - 25/12/07 20:05:40 INFO TaskSetManager: Starting task 24.0 in stage 52.0 (TID 841) (172.18.0.8, executor 0, partition 24, PROCESS_LOCAL, 7367 bytes)
[2025-12-07T20:05:40.505+0000] {subprocess.py:106} INFO - 25/12/07 20:05:40 INFO TaskSetManager: Finished task 12.0 in stage 52.0 (TID 829) in 34 ms on 172.18.0.8 (executor 0) (8/50)
[2025-12-07T20:05:40.506+0000] {subprocess.py:106} INFO - 25/12/07 20:05:40 INFO TaskSetManager: Starting task 25.0 in stage 52.0 (TID 842) (172.18.0.8, executor 0, partition 25, PROCESS_LOCAL, 7367 bytes)
[2025-12-07T20:05:40.507+0000] {subprocess.py:106} INFO - 25/12/07 20:05:40 INFO TaskSetManager: Starting task 26.0 in stage 52.0 (TID 843) (172.18.0.8, executor 0, partition 26, PROCESS_LOCAL, 7367 bytes)
[2025-12-07T20:05:40.508+0000] {subprocess.py:106} INFO - 25/12/07 20:05:40 INFO TaskSetManager: Finished task 13.0 in stage 52.0 (TID 830) in 35 ms on 172.18.0.8 (executor 0) (9/50)
[2025-12-07T20:05:40.510+0000] {subprocess.py:106} INFO - 25/12/07 20:05:40 INFO TaskSetManager: Finished task 7.0 in stage 52.0 (TID 824) in 36 ms on 172.18.0.8 (executor 0) (10/50)
[2025-12-07T20:05:40.511+0000] {subprocess.py:106} INFO - 25/12/07 20:05:40 INFO TaskSetManager: Finished task 14.0 in stage 52.0 (TID 831) in 36 ms on 172.18.0.8 (executor 0) (11/50)
[2025-12-07T20:05:40.512+0000] {subprocess.py:106} INFO - 25/12/07 20:05:40 INFO TaskSetManager: Starting task 27.0 in stage 52.0 (TID 844) (172.18.0.8, executor 0, partition 27, PROCESS_LOCAL, 7367 bytes)
[2025-12-07T20:05:40.514+0000] {subprocess.py:106} INFO - 25/12/07 20:05:40 INFO TaskSetManager: Starting task 28.0 in stage 52.0 (TID 845) (172.18.0.8, executor 0, partition 28, PROCESS_LOCAL, 7367 bytes)
[2025-12-07T20:05:40.515+0000] {subprocess.py:106} INFO - 25/12/07 20:05:40 INFO TaskSetManager: Starting task 29.0 in stage 52.0 (TID 846) (172.18.0.8, executor 0, partition 29, PROCESS_LOCAL, 7367 bytes)
[2025-12-07T20:05:40.517+0000] {subprocess.py:106} INFO - 25/12/07 20:05:40 INFO TaskSetManager: Starting task 30.0 in stage 52.0 (TID 847) (172.18.0.8, executor 0, partition 30, PROCESS_LOCAL, 7367 bytes)
[2025-12-07T20:05:40.520+0000] {subprocess.py:106} INFO - 25/12/07 20:05:40 INFO TaskSetManager: Starting task 31.0 in stage 52.0 (TID 848) (172.18.0.8, executor 0, partition 31, PROCESS_LOCAL, 7367 bytes)
[2025-12-07T20:05:40.522+0000] {subprocess.py:106} INFO - 25/12/07 20:05:40 INFO TaskSetManager: Finished task 11.0 in stage 52.0 (TID 828) in 39 ms on 172.18.0.8 (executor 0) (12/50)
[2025-12-07T20:05:40.523+0000] {subprocess.py:106} INFO - 25/12/07 20:05:40 INFO TaskSetManager: Finished task 8.0 in stage 52.0 (TID 825) in 40 ms on 172.18.0.8 (executor 0) (13/50)
[2025-12-07T20:05:40.525+0000] {subprocess.py:106} INFO - 25/12/07 20:05:40 INFO TaskSetManager: Finished task 5.0 in stage 52.0 (TID 822) in 40 ms on 172.18.0.8 (executor 0) (14/50)
[2025-12-07T20:05:40.526+0000] {subprocess.py:106} INFO - 25/12/07 20:05:40 INFO TaskSetManager: Finished task 15.0 in stage 52.0 (TID 832) in 39 ms on 172.18.0.8 (executor 0) (15/50)
[2025-12-07T20:05:40.528+0000] {subprocess.py:106} INFO - 25/12/07 20:05:40 INFO TaskSetManager: Finished task 6.0 in stage 52.0 (TID 823) in 40 ms on 172.18.0.8 (executor 0) (16/50)
[2025-12-07T20:05:40.530+0000] {subprocess.py:106} INFO - 25/12/07 20:05:40 INFO TaskSetManager: Starting task 32.0 in stage 52.0 (TID 849) (172.18.0.8, executor 0, partition 32, PROCESS_LOCAL, 7367 bytes)
[2025-12-07T20:05:40.533+0000] {subprocess.py:106} INFO - 25/12/07 20:05:40 INFO TaskSetManager: Finished task 18.0 in stage 52.0 (TID 835) in 17 ms on 172.18.0.8 (executor 0) (17/50)
[2025-12-07T20:05:40.535+0000] {subprocess.py:106} INFO - 25/12/07 20:05:40 INFO TaskSetManager: Starting task 33.0 in stage 52.0 (TID 850) (172.18.0.8, executor 0, partition 33, PROCESS_LOCAL, 7367 bytes)
[2025-12-07T20:05:40.536+0000] {subprocess.py:106} INFO - 25/12/07 20:05:40 INFO TaskSetManager: Finished task 17.0 in stage 52.0 (TID 834) in 20 ms on 172.18.0.8 (executor 0) (18/50)
[2025-12-07T20:05:40.537+0000] {subprocess.py:106} INFO - 25/12/07 20:05:40 INFO TaskSetManager: Starting task 34.0 in stage 52.0 (TID 851) (172.18.0.8, executor 0, partition 34, PROCESS_LOCAL, 7367 bytes)
[2025-12-07T20:05:40.538+0000] {subprocess.py:106} INFO - 25/12/07 20:05:40 INFO TaskSetManager: Finished task 16.0 in stage 52.0 (TID 833) in 26 ms on 172.18.0.8 (executor 0) (19/50)
[2025-12-07T20:05:40.539+0000] {subprocess.py:106} INFO - 25/12/07 20:05:40 INFO TaskSetManager: Starting task 35.0 in stage 52.0 (TID 852) (172.18.0.8, executor 0, partition 35, PROCESS_LOCAL, 7367 bytes)
[2025-12-07T20:05:40.540+0000] {subprocess.py:106} INFO - 25/12/07 20:05:40 INFO TaskSetManager: Finished task 19.0 in stage 52.0 (TID 836) in 27 ms on 172.18.0.8 (executor 0) (20/50)
[2025-12-07T20:05:40.541+0000] {subprocess.py:106} INFO - 25/12/07 20:05:40 INFO TaskSetManager: Starting task 36.0 in stage 52.0 (TID 853) (172.18.0.8, executor 0, partition 36, PROCESS_LOCAL, 7367 bytes)
[2025-12-07T20:05:40.543+0000] {subprocess.py:106} INFO - 25/12/07 20:05:40 INFO TaskSetManager: Finished task 20.0 in stage 52.0 (TID 837) in 28 ms on 172.18.0.8 (executor 0) (21/50)
[2025-12-07T20:05:40.545+0000] {subprocess.py:106} INFO - 25/12/07 20:05:40 INFO TaskSetManager: Starting task 37.0 in stage 52.0 (TID 854) (172.18.0.8, executor 0, partition 37, PROCESS_LOCAL, 7367 bytes)
[2025-12-07T20:05:40.546+0000] {subprocess.py:106} INFO - 25/12/07 20:05:40 INFO TaskSetManager: Starting task 38.0 in stage 52.0 (TID 855) (172.18.0.8, executor 0, partition 38, PROCESS_LOCAL, 7367 bytes)
[2025-12-07T20:05:40.548+0000] {subprocess.py:106} INFO - 25/12/07 20:05:40 INFO TaskSetManager: Starting task 39.0 in stage 52.0 (TID 856) (172.18.0.8, executor 0, partition 39, PROCESS_LOCAL, 7367 bytes)
[2025-12-07T20:05:40.551+0000] {subprocess.py:106} INFO - 25/12/07 20:05:40 INFO TaskSetManager: Starting task 40.0 in stage 52.0 (TID 857) (172.18.0.8, executor 0, partition 40, PROCESS_LOCAL, 7367 bytes)
[2025-12-07T20:05:40.552+0000] {subprocess.py:106} INFO - 25/12/07 20:05:40 INFO TaskSetManager: Starting task 41.0 in stage 52.0 (TID 858) (172.18.0.8, executor 0, partition 41, PROCESS_LOCAL, 7367 bytes)
[2025-12-07T20:05:40.553+0000] {subprocess.py:106} INFO - 25/12/07 20:05:40 INFO TaskSetManager: Starting task 42.0 in stage 52.0 (TID 859) (172.18.0.8, executor 0, partition 42, PROCESS_LOCAL, 7367 bytes)
[2025-12-07T20:05:40.553+0000] {subprocess.py:106} INFO - 25/12/07 20:05:40 INFO TaskSetManager: Starting task 43.0 in stage 52.0 (TID 860) (172.18.0.8, executor 0, partition 43, PROCESS_LOCAL, 7367 bytes)
[2025-12-07T20:05:40.554+0000] {subprocess.py:106} INFO - 25/12/07 20:05:40 INFO TaskSetManager: Finished task 21.0 in stage 52.0 (TID 838) in 37 ms on 172.18.0.8 (executor 0) (22/50)
[2025-12-07T20:05:40.556+0000] {subprocess.py:106} INFO - 25/12/07 20:05:40 INFO TaskSetManager: Finished task 30.0 in stage 52.0 (TID 847) in 32 ms on 172.18.0.8 (executor 0) (23/50)
[2025-12-07T20:05:40.557+0000] {subprocess.py:106} INFO - 25/12/07 20:05:40 INFO TaskSetManager: Finished task 24.0 in stage 52.0 (TID 841) in 37 ms on 172.18.0.8 (executor 0) (24/50)
[2025-12-07T20:05:40.558+0000] {subprocess.py:106} INFO - 25/12/07 20:05:40 INFO TaskSetManager: Finished task 31.0 in stage 52.0 (TID 848) in 34 ms on 172.18.0.8 (executor 0) (25/50)
[2025-12-07T20:05:40.558+0000] {subprocess.py:106} INFO - 25/12/07 20:05:40 INFO TaskSetManager: Finished task 26.0 in stage 52.0 (TID 843) in 37 ms on 172.18.0.8 (executor 0) (26/50)
[2025-12-07T20:05:40.559+0000] {subprocess.py:106} INFO - 25/12/07 20:05:40 INFO TaskSetManager: Finished task 27.0 in stage 52.0 (TID 844) in 36 ms on 172.18.0.8 (executor 0) (27/50)
[2025-12-07T20:05:40.559+0000] {subprocess.py:106} INFO - 25/12/07 20:05:40 INFO TaskSetManager: Finished task 32.0 in stage 52.0 (TID 849) in 27 ms on 172.18.0.8 (executor 0) (28/50)
[2025-12-07T20:05:40.560+0000] {subprocess.py:106} INFO - 25/12/07 20:05:40 INFO TaskSetManager: Starting task 44.0 in stage 52.0 (TID 861) (172.18.0.8, executor 0, partition 44, PROCESS_LOCAL, 7367 bytes)
[2025-12-07T20:05:40.561+0000] {subprocess.py:106} INFO - 25/12/07 20:05:40 INFO TaskSetManager: Starting task 45.0 in stage 52.0 (TID 862) (172.18.0.8, executor 0, partition 45, PROCESS_LOCAL, 7367 bytes)
[2025-12-07T20:05:40.561+0000] {subprocess.py:106} INFO - 25/12/07 20:05:40 INFO TaskSetManager: Starting task 46.0 in stage 52.0 (TID 863) (172.18.0.8, executor 0, partition 46, PROCESS_LOCAL, 7367 bytes)
[2025-12-07T20:05:40.562+0000] {subprocess.py:106} INFO - 25/12/07 20:05:40 INFO TaskSetManager: Starting task 47.0 in stage 52.0 (TID 864) (172.18.0.8, executor 0, partition 47, PROCESS_LOCAL, 7367 bytes)
[2025-12-07T20:05:40.562+0000] {subprocess.py:106} INFO - 25/12/07 20:05:40 INFO TaskSetManager: Finished task 28.0 in stage 52.0 (TID 845) in 42 ms on 172.18.0.8 (executor 0) (29/50)
[2025-12-07T20:05:40.563+0000] {subprocess.py:106} INFO - 25/12/07 20:05:40 INFO TaskSetManager: Finished task 29.0 in stage 52.0 (TID 846) in 41 ms on 172.18.0.8 (executor 0) (30/50)
[2025-12-07T20:05:40.563+0000] {subprocess.py:106} INFO - 25/12/07 20:05:40 INFO TaskSetManager: Finished task 33.0 in stage 52.0 (TID 850) in 32 ms on 172.18.0.8 (executor 0) (31/50)
[2025-12-07T20:05:40.564+0000] {subprocess.py:106} INFO - 25/12/07 20:05:40 INFO TaskSetManager: Finished task 23.0 in stage 52.0 (TID 840) in 47 ms on 172.18.0.8 (executor 0) (32/50)
[2025-12-07T20:05:40.564+0000] {subprocess.py:106} INFO - 25/12/07 20:05:40 INFO TaskSetManager: Starting task 48.0 in stage 52.0 (TID 865) (172.18.0.8, executor 0, partition 48, PROCESS_LOCAL, 7367 bytes)
[2025-12-07T20:05:40.565+0000] {subprocess.py:106} INFO - 25/12/07 20:05:40 INFO TaskSetManager: Starting task 49.0 in stage 52.0 (TID 866) (172.18.0.8, executor 0, partition 49, PROCESS_LOCAL, 7367 bytes)
[2025-12-07T20:05:40.566+0000] {subprocess.py:106} INFO - 25/12/07 20:05:40 INFO TaskSetManager: Finished task 39.0 in stage 52.0 (TID 856) in 22 ms on 172.18.0.8 (executor 0) (33/50)
[2025-12-07T20:05:40.566+0000] {subprocess.py:106} INFO - 25/12/07 20:05:40 INFO TaskSetManager: Finished task 22.0 in stage 52.0 (TID 839) in 54 ms on 172.18.0.8 (executor 0) (34/50)
[2025-12-07T20:05:40.567+0000] {subprocess.py:106} INFO - 25/12/07 20:05:40 INFO TaskSetManager: Finished task 34.0 in stage 52.0 (TID 851) in 38 ms on 172.18.0.8 (executor 0) (35/50)
[2025-12-07T20:05:40.567+0000] {subprocess.py:106} INFO - 25/12/07 20:05:40 INFO TaskSetManager: Finished task 35.0 in stage 52.0 (TID 852) in 32 ms on 172.18.0.8 (executor 0) (36/50)
[2025-12-07T20:05:40.568+0000] {subprocess.py:106} INFO - 25/12/07 20:05:40 INFO TaskSetManager: Finished task 38.0 in stage 52.0 (TID 855) in 27 ms on 172.18.0.8 (executor 0) (37/50)
[2025-12-07T20:05:40.569+0000] {subprocess.py:106} INFO - 25/12/07 20:05:40 INFO TaskSetManager: Finished task 37.0 in stage 52.0 (TID 854) in 30 ms on 172.18.0.8 (executor 0) (38/50)
[2025-12-07T20:05:40.569+0000] {subprocess.py:106} INFO - 25/12/07 20:05:40 INFO TaskSetManager: Finished task 25.0 in stage 52.0 (TID 842) in 56 ms on 172.18.0.8 (executor 0) (39/50)
[2025-12-07T20:05:40.570+0000] {subprocess.py:106} INFO - 25/12/07 20:05:40 INFO TaskSetManager: Finished task 40.0 in stage 52.0 (TID 857) in 27 ms on 172.18.0.8 (executor 0) (40/50)
[2025-12-07T20:05:40.570+0000] {subprocess.py:106} INFO - 25/12/07 20:05:40 INFO TaskSetManager: Finished task 43.0 in stage 52.0 (TID 860) in 25 ms on 172.18.0.8 (executor 0) (41/50)
[2025-12-07T20:05:40.571+0000] {subprocess.py:106} INFO - 25/12/07 20:05:40 INFO TaskSetManager: Finished task 41.0 in stage 52.0 (TID 858) in 27 ms on 172.18.0.8 (executor 0) (42/50)
[2025-12-07T20:05:40.571+0000] {subprocess.py:106} INFO - 25/12/07 20:05:40 INFO TaskSetManager: Finished task 42.0 in stage 52.0 (TID 859) in 26 ms on 172.18.0.8 (executor 0) (43/50)
[2025-12-07T20:05:40.572+0000] {subprocess.py:106} INFO - 25/12/07 20:05:40 INFO TaskSetManager: Finished task 36.0 in stage 52.0 (TID 853) in 34 ms on 172.18.0.8 (executor 0) (44/50)
[2025-12-07T20:05:40.572+0000] {subprocess.py:106} INFO - 25/12/07 20:05:40 INFO TaskSetManager: Finished task 45.0 in stage 52.0 (TID 862) in 18 ms on 172.18.0.8 (executor 0) (45/50)
[2025-12-07T20:05:40.573+0000] {subprocess.py:106} INFO - 25/12/07 20:05:40 INFO TaskSetManager: Finished task 44.0 in stage 52.0 (TID 861) in 19 ms on 172.18.0.8 (executor 0) (46/50)
[2025-12-07T20:05:40.574+0000] {subprocess.py:106} INFO - 25/12/07 20:05:40 INFO TaskSetManager: Finished task 46.0 in stage 52.0 (TID 863) in 17 ms on 172.18.0.8 (executor 0) (47/50)
[2025-12-07T20:05:40.574+0000] {subprocess.py:106} INFO - 25/12/07 20:05:40 INFO TaskSetManager: Finished task 47.0 in stage 52.0 (TID 864) in 21 ms on 172.18.0.8 (executor 0) (48/50)
[2025-12-07T20:05:40.574+0000] {subprocess.py:106} INFO - 25/12/07 20:05:40 INFO TaskSetManager: Finished task 48.0 in stage 52.0 (TID 865) in 16 ms on 172.18.0.8 (executor 0) (49/50)
[2025-12-07T20:05:40.575+0000] {subprocess.py:106} INFO - 25/12/07 20:05:40 INFO TaskSetManager: Finished task 49.0 in stage 52.0 (TID 866) in 15 ms on 172.18.0.8 (executor 0) (50/50)
[2025-12-07T20:05:40.575+0000] {subprocess.py:106} INFO - 25/12/07 20:05:40 INFO TaskSchedulerImpl: Removed TaskSet 52.0, whose tasks have all completed, from pool
[2025-12-07T20:05:40.576+0000] {subprocess.py:106} INFO - 25/12/07 20:05:40 INFO DAGScheduler: ResultStage 52 ($anonfun$recordDeltaOperationInternal$1 at DatabricksLogging.scala:128) finished in 0.110 s
[2025-12-07T20:05:40.577+0000] {subprocess.py:106} INFO - 25/12/07 20:05:40 INFO DAGScheduler: Job 33 is finished. Cancelling potential speculative or zombie tasks for this job
[2025-12-07T20:05:40.577+0000] {subprocess.py:106} INFO - 25/12/07 20:05:40 INFO TaskSchedulerImpl: Killing all running tasks in stage 52: Stage finished
[2025-12-07T20:05:40.578+0000] {subprocess.py:106} INFO - 25/12/07 20:05:40 INFO DAGScheduler: Job 33 finished: $anonfun$recordDeltaOperationInternal$1 at DatabricksLogging.scala:128, took 0.113803 s
[2025-12-07T20:05:40.578+0000] {subprocess.py:106} INFO - 25/12/07 20:05:40 INFO OptimisticTransaction: [tableId=623ed374,txnId=495bd3ad] Attempting to commit version 1 with 33 actions with Serializable isolation level
[2025-12-07T20:05:40.641+0000] {subprocess.py:106} INFO - 25/12/07 20:05:40 INFO DeltaLog: Creating a new snapshot v1 for commit version 1
[2025-12-07T20:05:40.642+0000] {subprocess.py:106} INFO - 25/12/07 20:05:40 INFO DeltaLog: Loading version 1.
[2025-12-07T20:05:40.646+0000] {subprocess.py:106} INFO - 25/12/07 20:05:40 INFO DeltaLogFileIndex: Created DeltaLogFileIndex(JSON, numFilesInSegment: 2, totalFileSize: 28830)
[2025-12-07T20:05:40.675+0000] {subprocess.py:106} INFO - 25/12/07 20:05:40 INFO FileSourceStrategy: Pushed Filters:
[2025-12-07T20:05:40.676+0000] {subprocess.py:106} INFO - 25/12/07 20:05:40 INFO FileSourceStrategy: Post-Scan Filters:
[2025-12-07T20:05:40.686+0000] {subprocess.py:106} INFO - 25/12/07 20:05:40 INFO MemoryStore: Block broadcast_63 stored as values in memory (estimated size 212.9 KiB, free 428.9 MiB)
[2025-12-07T20:05:40.692+0000] {subprocess.py:106} INFO - 25/12/07 20:05:40 INFO MemoryStore: Block broadcast_63_piece0 stored as bytes in memory (estimated size 36.3 KiB, free 428.8 MiB)
[2025-12-07T20:05:40.693+0000] {subprocess.py:106} INFO - 25/12/07 20:05:40 INFO BlockManagerInfo: Added broadcast_63_piece0 in memory on 13f196131dae:46673 (size: 36.3 KiB, free: 433.5 MiB)
[2025-12-07T20:05:40.694+0000] {subprocess.py:106} INFO - 25/12/07 20:05:40 INFO SparkContext: Created broadcast 63 from toString at <unknown>:0
[2025-12-07T20:05:40.695+0000] {subprocess.py:106} INFO - 25/12/07 20:05:40 INFO FileSourceScanExec: Planning scan with bin packing, max size: 4194304 bytes, open cost is considered as scanning 4194304 bytes.
[2025-12-07T20:05:40.703+0000] {subprocess.py:106} INFO - 25/12/07 20:05:40 INFO SparkContext: Starting job: toString at <unknown>:0
[2025-12-07T20:05:40.704+0000] {subprocess.py:106} INFO - 25/12/07 20:05:40 INFO DAGScheduler: Got job 34 (toString at <unknown>:0) with 2 output partitions
[2025-12-07T20:05:40.705+0000] {subprocess.py:106} INFO - 25/12/07 20:05:40 INFO DAGScheduler: Final stage: ResultStage 53 (toString at <unknown>:0)
[2025-12-07T20:05:40.705+0000] {subprocess.py:106} INFO - 25/12/07 20:05:40 INFO DAGScheduler: Parents of final stage: List()
[2025-12-07T20:05:40.706+0000] {subprocess.py:106} INFO - 25/12/07 20:05:40 INFO DAGScheduler: Missing parents: List()
[2025-12-07T20:05:40.706+0000] {subprocess.py:106} INFO - 25/12/07 20:05:40 INFO DAGScheduler: Submitting ResultStage 53 (MapPartitionsRDD[178] at toString at <unknown>:0), which has no missing parents
[2025-12-07T20:05:40.707+0000] {subprocess.py:106} INFO - 25/12/07 20:05:40 INFO MemoryStore: Block broadcast_64 stored as values in memory (estimated size 50.4 KiB, free 428.8 MiB)
[2025-12-07T20:05:40.714+0000] {subprocess.py:106} INFO - 25/12/07 20:05:40 INFO MemoryStore: Block broadcast_64_piece0 stored as bytes in memory (estimated size 15.5 KiB, free 428.8 MiB)
[2025-12-07T20:05:40.715+0000] {subprocess.py:106} INFO - 25/12/07 20:05:40 INFO BlockManagerInfo: Added broadcast_64_piece0 in memory on 13f196131dae:46673 (size: 15.5 KiB, free: 433.5 MiB)
[2025-12-07T20:05:40.716+0000] {subprocess.py:106} INFO - 25/12/07 20:05:40 INFO SparkContext: Created broadcast 64 from broadcast at DAGScheduler.scala:1535
[2025-12-07T20:05:40.717+0000] {subprocess.py:106} INFO - 25/12/07 20:05:40 INFO DAGScheduler: Submitting 2 missing tasks from ResultStage 53 (MapPartitionsRDD[178] at toString at <unknown>:0) (first 15 tasks are for partitions Vector(0, 1))
[2025-12-07T20:05:40.718+0000] {subprocess.py:106} INFO - 25/12/07 20:05:40 INFO TaskSchedulerImpl: Adding task set 53.0 with 2 tasks resource profile 0
[2025-12-07T20:05:40.719+0000] {subprocess.py:106} INFO - 25/12/07 20:05:40 INFO BlockManagerInfo: Removed broadcast_61_piece0 on 13f196131dae:46673 in memory (size: 108.1 KiB, free: 433.6 MiB)
[2025-12-07T20:05:40.720+0000] {subprocess.py:106} INFO - 25/12/07 20:05:40 INFO TaskSetManager: Starting task 0.0 in stage 53.0 (TID 867) (172.18.0.8, executor 0, partition 0, PROCESS_LOCAL, 7952 bytes)
[2025-12-07T20:05:40.720+0000] {subprocess.py:106} INFO - 25/12/07 20:05:40 INFO BlockManagerInfo: Removed broadcast_61_piece0 on 172.18.0.8:33107 in memory (size: 108.1 KiB, free: 429.0 MiB)
[2025-12-07T20:05:40.721+0000] {subprocess.py:106} INFO - 25/12/07 20:05:40 INFO TaskSetManager: Starting task 1.0 in stage 53.0 (TID 868) (172.18.0.8, executor 0, partition 1, PROCESS_LOCAL, 7952 bytes)
[2025-12-07T20:05:40.723+0000] {subprocess.py:106} INFO - 25/12/07 20:05:40 INFO BlockManagerInfo: Removed broadcast_62_piece0 on 13f196131dae:46673 in memory (size: 138.6 KiB, free: 433.7 MiB)
[2025-12-07T20:05:40.725+0000] {subprocess.py:106} INFO - 25/12/07 20:05:40 INFO BlockManagerInfo: Removed broadcast_62_piece0 on 172.18.0.8:33107 in memory (size: 138.6 KiB, free: 429.1 MiB)
[2025-12-07T20:05:40.728+0000] {subprocess.py:106} INFO - 25/12/07 20:05:40 INFO BlockManagerInfo: Added broadcast_64_piece0 in memory on 172.18.0.8:33107 (size: 15.5 KiB, free: 429.1 MiB)
[2025-12-07T20:05:40.733+0000] {subprocess.py:106} INFO - 25/12/07 20:05:40 INFO BlockManagerInfo: Removed broadcast_60_piece0 on 13f196131dae:46673 in memory (size: 123.3 KiB, free: 433.8 MiB)
[2025-12-07T20:05:40.734+0000] {subprocess.py:106} INFO - 25/12/07 20:05:40 INFO BlockManagerInfo: Removed broadcast_60_piece0 on 172.18.0.8:33107 in memory (size: 123.3 KiB, free: 429.2 MiB)
[2025-12-07T20:05:40.743+0000] {subprocess.py:106} INFO - 25/12/07 20:05:40 INFO BlockManagerInfo: Added broadcast_63_piece0 in memory on 172.18.0.8:33107 (size: 36.3 KiB, free: 429.2 MiB)
[2025-12-07T20:05:40.766+0000] {subprocess.py:106} INFO - 25/12/07 20:05:40 INFO TaskSetManager: Finished task 0.0 in stage 53.0 (TID 867) in 48 ms on 172.18.0.8 (executor 0) (1/2)
[2025-12-07T20:05:40.767+0000] {subprocess.py:106} INFO - 25/12/07 20:05:40 INFO TaskSetManager: Finished task 1.0 in stage 53.0 (TID 868) in 48 ms on 172.18.0.8 (executor 0) (2/2)
[2025-12-07T20:05:40.768+0000] {subprocess.py:106} INFO - 25/12/07 20:05:40 INFO TaskSchedulerImpl: Removed TaskSet 53.0, whose tasks have all completed, from pool
[2025-12-07T20:05:40.769+0000] {subprocess.py:106} INFO - 25/12/07 20:05:40 INFO DAGScheduler: ResultStage 53 (toString at <unknown>:0) finished in 0.062 s
[2025-12-07T20:05:40.769+0000] {subprocess.py:106} INFO - 25/12/07 20:05:40 INFO DAGScheduler: Job 34 is finished. Cancelling potential speculative or zombie tasks for this job
[2025-12-07T20:05:40.770+0000] {subprocess.py:106} INFO - 25/12/07 20:05:40 INFO TaskSchedulerImpl: Killing all running tasks in stage 53: Stage finished
[2025-12-07T20:05:40.770+0000] {subprocess.py:106} INFO - 25/12/07 20:05:40 INFO DAGScheduler: Job 34 finished: toString at <unknown>:0, took 0.064343 s
[2025-12-07T20:05:40.798+0000] {subprocess.py:106} INFO - 25/12/07 20:05:40 INFO Snapshot: [tableId=623ed374-28ab-41d2-8f91-45386aa6025d] Created snapshot Snapshot(path=s3a://gold/fact_inventory_daily/_delta_log, version=1, metadata=Metadata(623ed374-28ab-41d2-8f91-45386aa6025d,null,null,Format(parquet,Map()),{"type":"struct","fields":[{"name":"snapshot_date","type":"date","nullable":true,"metadata":{}},{"name":"branch_key","type":"string","nullable":true,"metadata":{}},{"name":"product_key","type":"string","nullable":true,"metadata":{}},{"name":"quantity_on_hand","type":"decimal(18,3)","nullable":true,"metadata":{}},{"name":"unit_cost_at_snapshot","type":"decimal(18,2)","nullable":true,"metadata":{}},{"name":"total_inventory_value","type":"decimal(37,5)","nullable":true,"metadata":{}}]},List(snapshot_date),Map(),Some(1765136831989)), logSegment=LogSegment(s3a://gold/fact_inventory_daily/_delta_log,1,WrappedArray(S3AFileStatus{path=s3a://gold/fact_inventory_daily/_delta_log/00000000000000000000.json; isDirectory=false; length=12773; replication=1; blocksize=33554432; modification_time=1765136834757; access_time=0; owner=root; group=root; permission=rw-rw-rw-; isSymlink=false; hasAcl=false; isEncrypted=true; isErasureCoded=false} isEmptyDirectory=FALSE eTag=75ea40698e520748f676bd6c6208ae51 versionId=null, S3AFileStatus{path=s3a://gold/fact_inventory_daily/_delta_log/00000000000000000001.json; isDirectory=false; length=16057; replication=1; blocksize=33554432; modification_time=1765137940600; access_time=0; owner=root; group=root; permission=rw-rw-rw-; isSymlink=false; hasAcl=false; isEncrypted=true; isErasureCoded=false} isEmptyDirectory=FALSE eTag=3eaf1003d8e67e7ee14c404b09a121f2 versionId=null),None,1765137940600), checksumOpt=None)
[2025-12-07T20:05:40.799+0000] {subprocess.py:106} INFO - 25/12/07 20:05:40 INFO DeltaLog: Updated snapshot to Snapshot(path=s3a://gold/fact_inventory_daily/_delta_log, version=1, metadata=Metadata(623ed374-28ab-41d2-8f91-45386aa6025d,null,null,Format(parquet,Map()),{"type":"struct","fields":[{"name":"snapshot_date","type":"date","nullable":true,"metadata":{}},{"name":"branch_key","type":"string","nullable":true,"metadata":{}},{"name":"product_key","type":"string","nullable":true,"metadata":{}},{"name":"quantity_on_hand","type":"decimal(18,3)","nullable":true,"metadata":{}},{"name":"unit_cost_at_snapshot","type":"decimal(18,2)","nullable":true,"metadata":{}},{"name":"total_inventory_value","type":"decimal(37,5)","nullable":true,"metadata":{}}]},List(snapshot_date),Map(),Some(1765136831989)), logSegment=LogSegment(s3a://gold/fact_inventory_daily/_delta_log,1,WrappedArray(S3AFileStatus{path=s3a://gold/fact_inventory_daily/_delta_log/00000000000000000000.json; isDirectory=false; length=12773; replication=1; blocksize=33554432; modification_time=1765136834757; access_time=0; owner=root; group=root; permission=rw-rw-rw-; isSymlink=false; hasAcl=false; isEncrypted=true; isErasureCoded=false} isEmptyDirectory=FALSE eTag=75ea40698e520748f676bd6c6208ae51 versionId=null, S3AFileStatus{path=s3a://gold/fact_inventory_daily/_delta_log/00000000000000000001.json; isDirectory=false; length=16057; replication=1; blocksize=33554432; modification_time=1765137940600; access_time=0; owner=root; group=root; permission=rw-rw-rw-; isSymlink=false; hasAcl=false; isEncrypted=true; isErasureCoded=false} isEmptyDirectory=FALSE eTag=3eaf1003d8e67e7ee14c404b09a121f2 versionId=null),None,1765137940600), checksumOpt=None)
[2025-12-07T20:05:40.800+0000] {subprocess.py:106} INFO - 25/12/07 20:05:40 INFO MapPartitionsRDD: Removing RDD 166 from persistence list
[2025-12-07T20:05:40.801+0000] {subprocess.py:106} INFO - 25/12/07 20:05:40 INFO BlockManager: Removing RDD 166
[2025-12-07T20:05:40.802+0000] {subprocess.py:106} INFO - 25/12/07 20:05:40 INFO Snapshot: [tableId=623ed374-28ab-41d2-8f91-45386aa6025d] DELTA: Compute snapshot for version: 1
[2025-12-07T20:05:40.804+0000] {subprocess.py:106} INFO - 25/12/07 20:05:40 INFO MemoryStore: Block broadcast_65 stored as values in memory (estimated size 212.3 KiB, free 430.4 MiB)
[2025-12-07T20:05:40.814+0000] {subprocess.py:106} INFO - 25/12/07 20:05:40 INFO MemoryStore: Block broadcast_65_piece0 stored as bytes in memory (estimated size 36.2 KiB, free 430.4 MiB)
[2025-12-07T20:05:40.815+0000] {subprocess.py:106} INFO - 25/12/07 20:05:40 INFO BlockManagerInfo: Added broadcast_65_piece0 in memory on 13f196131dae:46673 (size: 36.2 KiB, free: 433.8 MiB)
[2025-12-07T20:05:40.816+0000] {subprocess.py:106} INFO - 25/12/07 20:05:40 INFO SparkContext: Created broadcast 65 from $anonfun$recordDeltaOperationInternal$1 at DatabricksLogging.scala:128
[2025-12-07T20:05:40.947+0000] {subprocess.py:106} INFO - 25/12/07 20:05:40 INFO FileSourceStrategy: Pushed Filters:
[2025-12-07T20:05:40.948+0000] {subprocess.py:106} INFO - 25/12/07 20:05:40 INFO FileSourceStrategy: Post-Scan Filters:
[2025-12-07T20:05:40.978+0000] {subprocess.py:106} INFO - 25/12/07 20:05:40 INFO MemoryStore: Block broadcast_66 stored as values in memory (estimated size 212.9 KiB, free 430.2 MiB)
[2025-12-07T20:05:40.984+0000] {subprocess.py:106} INFO - 25/12/07 20:05:40 INFO MemoryStore: Block broadcast_66_piece0 stored as bytes in memory (estimated size 36.3 KiB, free 430.2 MiB)
[2025-12-07T20:05:40.985+0000] {subprocess.py:106} INFO - 25/12/07 20:05:40 INFO BlockManagerInfo: Added broadcast_66_piece0 in memory on 13f196131dae:46673 (size: 36.3 KiB, free: 433.7 MiB)
[2025-12-07T20:05:40.986+0000] {subprocess.py:106} INFO - 25/12/07 20:05:40 INFO SparkContext: Created broadcast 66 from $anonfun$recordDeltaOperationInternal$1 at DatabricksLogging.scala:128
[2025-12-07T20:05:40.986+0000] {subprocess.py:106} INFO - 25/12/07 20:05:40 INFO FileSourceScanExec: Planning scan with bin packing, max size: 4194304 bytes, open cost is considered as scanning 4194304 bytes.
[2025-12-07T20:05:40.992+0000] {subprocess.py:106} INFO - 25/12/07 20:05:40 INFO DAGScheduler: Registering RDD 182 ($anonfun$recordDeltaOperationInternal$1 at DatabricksLogging.scala:128) as input to shuffle 11
[2025-12-07T20:05:40.993+0000] {subprocess.py:106} INFO - 25/12/07 20:05:40 INFO DAGScheduler: Got map stage job 35 ($anonfun$recordDeltaOperationInternal$1 at DatabricksLogging.scala:128) with 2 output partitions
[2025-12-07T20:05:40.993+0000] {subprocess.py:106} INFO - 25/12/07 20:05:40 INFO DAGScheduler: Final stage: ShuffleMapStage 54 ($anonfun$recordDeltaOperationInternal$1 at DatabricksLogging.scala:128)
[2025-12-07T20:05:40.994+0000] {subprocess.py:106} INFO - 25/12/07 20:05:40 INFO DAGScheduler: Parents of final stage: List()
[2025-12-07T20:05:40.994+0000] {subprocess.py:106} INFO - 25/12/07 20:05:40 INFO DAGScheduler: Missing parents: List()
[2025-12-07T20:05:40.995+0000] {subprocess.py:106} INFO - 25/12/07 20:05:40 INFO DAGScheduler: Submitting ShuffleMapStage 54 (MapPartitionsRDD[182] at $anonfun$recordDeltaOperationInternal$1 at DatabricksLogging.scala:128), which has no missing parents
[2025-12-07T20:05:40.997+0000] {subprocess.py:106} INFO - 25/12/07 20:05:40 INFO MemoryStore: Block broadcast_67 stored as values in memory (estimated size 138.3 KiB, free 430.0 MiB)
[2025-12-07T20:05:40.998+0000] {subprocess.py:106} INFO - 25/12/07 20:05:40 INFO MemoryStore: Block broadcast_67_piece0 stored as bytes in memory (estimated size 39.0 KiB, free 430.0 MiB)
[2025-12-07T20:05:40.998+0000] {subprocess.py:106} INFO - 25/12/07 20:05:40 INFO BlockManagerInfo: Added broadcast_67_piece0 in memory on 13f196131dae:46673 (size: 39.0 KiB, free: 433.7 MiB)
[2025-12-07T20:05:40.999+0000] {subprocess.py:106} INFO - 25/12/07 20:05:40 INFO SparkContext: Created broadcast 67 from broadcast at DAGScheduler.scala:1535
[2025-12-07T20:05:40.999+0000] {subprocess.py:106} INFO - 25/12/07 20:05:40 INFO DAGScheduler: Submitting 2 missing tasks from ShuffleMapStage 54 (MapPartitionsRDD[182] at $anonfun$recordDeltaOperationInternal$1 at DatabricksLogging.scala:128) (first 15 tasks are for partitions Vector(0, 1))
[2025-12-07T20:05:40.999+0000] {subprocess.py:106} INFO - 25/12/07 20:05:40 INFO TaskSchedulerImpl: Adding task set 54.0 with 2 tasks resource profile 0
[2025-12-07T20:05:41.000+0000] {subprocess.py:106} INFO - 25/12/07 20:05:40 INFO TaskSetManager: Starting task 0.0 in stage 54.0 (TID 869) (172.18.0.8, executor 0, partition 0, PROCESS_LOCAL, 7941 bytes)
[2025-12-07T20:05:41.000+0000] {subprocess.py:106} INFO - 25/12/07 20:05:40 INFO TaskSetManager: Starting task 1.0 in stage 54.0 (TID 870) (172.18.0.8, executor 0, partition 1, PROCESS_LOCAL, 7941 bytes)
[2025-12-07T20:05:41.008+0000] {subprocess.py:106} INFO - 25/12/07 20:05:41 INFO BlockManagerInfo: Added broadcast_67_piece0 in memory on 172.18.0.8:33107 (size: 39.0 KiB, free: 429.2 MiB)
[2025-12-07T20:05:41.025+0000] {subprocess.py:106} INFO - 25/12/07 20:05:41 INFO BlockManagerInfo: Added broadcast_66_piece0 in memory on 172.18.0.8:33107 (size: 36.3 KiB, free: 429.1 MiB)
[2025-12-07T20:05:41.049+0000] {subprocess.py:106} INFO - 25/12/07 20:05:41 INFO TaskSetManager: Finished task 1.0 in stage 54.0 (TID 870) in 48 ms on 172.18.0.8 (executor 0) (1/2)
[2025-12-07T20:05:41.051+0000] {subprocess.py:106} INFO - 25/12/07 20:05:41 INFO TaskSetManager: Finished task 0.0 in stage 54.0 (TID 869) in 50 ms on 172.18.0.8 (executor 0) (2/2)
[2025-12-07T20:05:41.052+0000] {subprocess.py:106} INFO - 25/12/07 20:05:41 INFO TaskSchedulerImpl: Removed TaskSet 54.0, whose tasks have all completed, from pool
[2025-12-07T20:05:41.052+0000] {subprocess.py:106} INFO - 25/12/07 20:05:41 INFO DAGScheduler: ShuffleMapStage 54 ($anonfun$recordDeltaOperationInternal$1 at DatabricksLogging.scala:128) finished in 0.058 s
[2025-12-07T20:05:41.053+0000] {subprocess.py:106} INFO - 25/12/07 20:05:41 INFO DAGScheduler: looking for newly runnable stages
[2025-12-07T20:05:41.053+0000] {subprocess.py:106} INFO - 25/12/07 20:05:41 INFO DAGScheduler: running: Set()
[2025-12-07T20:05:41.054+0000] {subprocess.py:106} INFO - 25/12/07 20:05:41 INFO DAGScheduler: waiting: Set()
[2025-12-07T20:05:41.054+0000] {subprocess.py:106} INFO - 25/12/07 20:05:41 INFO DAGScheduler: failed: Set()
[2025-12-07T20:05:41.097+0000] {subprocess.py:106} INFO - 25/12/07 20:05:41 INFO BlockManagerInfo: Removed broadcast_63_piece0 on 13f196131dae:46673 in memory (size: 36.3 KiB, free: 433.7 MiB)
[2025-12-07T20:05:41.098+0000] {subprocess.py:106} INFO - 25/12/07 20:05:41 INFO BlockManagerInfo: Removed broadcast_63_piece0 on 172.18.0.8:33107 in memory (size: 36.3 KiB, free: 429.2 MiB)
[2025-12-07T20:05:41.107+0000] {subprocess.py:106} INFO - 25/12/07 20:05:41 INFO BlockManagerInfo: Removed broadcast_64_piece0 on 13f196131dae:46673 in memory (size: 15.5 KiB, free: 433.8 MiB)
[2025-12-07T20:05:41.109+0000] {subprocess.py:106} INFO - 25/12/07 20:05:41 INFO BlockManagerInfo: Removed broadcast_64_piece0 on 172.18.0.8:33107 in memory (size: 15.5 KiB, free: 429.2 MiB)
[2025-12-07T20:05:41.111+0000] {subprocess.py:106} INFO - 25/12/07 20:05:41 INFO BlockManagerInfo: Removed broadcast_67_piece0 on 13f196131dae:46673 in memory (size: 39.0 KiB, free: 433.8 MiB)
[2025-12-07T20:05:41.112+0000] {subprocess.py:106} INFO - 25/12/07 20:05:41 INFO BlockManagerInfo: Removed broadcast_67_piece0 on 172.18.0.8:33107 in memory (size: 39.0 KiB, free: 429.2 MiB)
[2025-12-07T20:05:41.194+0000] {subprocess.py:106} INFO - 25/12/07 20:05:41 INFO DAGScheduler: Registering RDD 192 ($anonfun$recordDeltaOperationInternal$1 at DatabricksLogging.scala:128) as input to shuffle 12
[2025-12-07T20:05:41.195+0000] {subprocess.py:106} INFO - 25/12/07 20:05:41 INFO DAGScheduler: Got map stage job 36 ($anonfun$recordDeltaOperationInternal$1 at DatabricksLogging.scala:128) with 50 output partitions
[2025-12-07T20:05:41.196+0000] {subprocess.py:106} INFO - 25/12/07 20:05:41 INFO DAGScheduler: Final stage: ShuffleMapStage 56 ($anonfun$recordDeltaOperationInternal$1 at DatabricksLogging.scala:128)
[2025-12-07T20:05:41.196+0000] {subprocess.py:106} INFO - 25/12/07 20:05:41 INFO DAGScheduler: Parents of final stage: List(ShuffleMapStage 55)
[2025-12-07T20:05:41.196+0000] {subprocess.py:106} INFO - 25/12/07 20:05:41 INFO DAGScheduler: Missing parents: List()
[2025-12-07T20:05:41.197+0000] {subprocess.py:106} INFO - 25/12/07 20:05:41 INFO DAGScheduler: Submitting ShuffleMapStage 56 (MapPartitionsRDD[192] at $anonfun$recordDeltaOperationInternal$1 at DatabricksLogging.scala:128), which has no missing parents
[2025-12-07T20:05:41.208+0000] {subprocess.py:106} INFO - 25/12/07 20:05:41 INFO MemoryStore: Block broadcast_68 stored as values in memory (estimated size 517.2 KiB, free 430.0 MiB)
[2025-12-07T20:05:41.209+0000] {subprocess.py:106} INFO - 25/12/07 20:05:41 INFO MemoryStore: Block broadcast_68_piece0 stored as bytes in memory (estimated size 123.3 KiB, free 429.8 MiB)
[2025-12-07T20:05:41.210+0000] {subprocess.py:106} INFO - 25/12/07 20:05:41 INFO BlockManagerInfo: Added broadcast_68_piece0 in memory on 13f196131dae:46673 (size: 123.3 KiB, free: 433.7 MiB)
[2025-12-07T20:05:41.211+0000] {subprocess.py:106} INFO - 25/12/07 20:05:41 INFO SparkContext: Created broadcast 68 from broadcast at DAGScheduler.scala:1535
[2025-12-07T20:05:41.211+0000] {subprocess.py:106} INFO - 25/12/07 20:05:41 INFO DAGScheduler: Submitting 50 missing tasks from ShuffleMapStage 56 (MapPartitionsRDD[192] at $anonfun$recordDeltaOperationInternal$1 at DatabricksLogging.scala:128) (first 15 tasks are for partitions Vector(0, 1, 2, 3, 4, 5, 6, 7, 8, 9, 10, 11, 12, 13, 14))
[2025-12-07T20:05:41.212+0000] {subprocess.py:106} INFO - 25/12/07 20:05:41 INFO TaskSchedulerImpl: Adding task set 56.0 with 50 tasks resource profile 0
[2025-12-07T20:05:41.212+0000] {subprocess.py:106} INFO - 25/12/07 20:05:41 INFO TaskSetManager: Starting task 0.0 in stage 56.0 (TID 871) (172.18.0.8, executor 0, partition 0, NODE_LOCAL, 7356 bytes)
[2025-12-07T20:05:41.213+0000] {subprocess.py:106} INFO - 25/12/07 20:05:41 INFO TaskSetManager: Starting task 3.0 in stage 56.0 (TID 872) (172.18.0.8, executor 0, partition 3, NODE_LOCAL, 7356 bytes)
[2025-12-07T20:05:41.214+0000] {subprocess.py:106} INFO - 25/12/07 20:05:41 INFO TaskSetManager: Starting task 4.0 in stage 56.0 (TID 873) (172.18.0.8, executor 0, partition 4, NODE_LOCAL, 7356 bytes)
[2025-12-07T20:05:41.214+0000] {subprocess.py:106} INFO - 25/12/07 20:05:41 INFO TaskSetManager: Starting task 9.0 in stage 56.0 (TID 874) (172.18.0.8, executor 0, partition 9, NODE_LOCAL, 7356 bytes)
[2025-12-07T20:05:41.215+0000] {subprocess.py:106} INFO - 25/12/07 20:05:41 INFO TaskSetManager: Starting task 14.0 in stage 56.0 (TID 875) (172.18.0.8, executor 0, partition 14, NODE_LOCAL, 7356 bytes)
[2025-12-07T20:05:41.215+0000] {subprocess.py:106} INFO - 25/12/07 20:05:41 INFO TaskSetManager: Starting task 16.0 in stage 56.0 (TID 876) (172.18.0.8, executor 0, partition 16, NODE_LOCAL, 7356 bytes)
[2025-12-07T20:05:41.215+0000] {subprocess.py:106} INFO - 25/12/07 20:05:41 INFO TaskSetManager: Starting task 18.0 in stage 56.0 (TID 877) (172.18.0.8, executor 0, partition 18, NODE_LOCAL, 7356 bytes)
[2025-12-07T20:05:41.216+0000] {subprocess.py:106} INFO - 25/12/07 20:05:41 INFO TaskSetManager: Starting task 19.0 in stage 56.0 (TID 878) (172.18.0.8, executor 0, partition 19, NODE_LOCAL, 7356 bytes)
[2025-12-07T20:05:41.217+0000] {subprocess.py:106} INFO - 25/12/07 20:05:41 INFO TaskSetManager: Starting task 21.0 in stage 56.0 (TID 879) (172.18.0.8, executor 0, partition 21, NODE_LOCAL, 7356 bytes)
[2025-12-07T20:05:41.217+0000] {subprocess.py:106} INFO - 25/12/07 20:05:41 INFO TaskSetManager: Starting task 22.0 in stage 56.0 (TID 880) (172.18.0.8, executor 0, partition 22, NODE_LOCAL, 7356 bytes)
[2025-12-07T20:05:41.218+0000] {subprocess.py:106} INFO - 25/12/07 20:05:41 INFO TaskSetManager: Starting task 24.0 in stage 56.0 (TID 881) (172.18.0.8, executor 0, partition 24, NODE_LOCAL, 7356 bytes)
[2025-12-07T20:05:41.218+0000] {subprocess.py:106} INFO - 25/12/07 20:05:41 INFO TaskSetManager: Starting task 26.0 in stage 56.0 (TID 882) (172.18.0.8, executor 0, partition 26, NODE_LOCAL, 7356 bytes)
[2025-12-07T20:05:41.219+0000] {subprocess.py:106} INFO - 25/12/07 20:05:41 INFO TaskSetManager: Starting task 29.0 in stage 56.0 (TID 883) (172.18.0.8, executor 0, partition 29, NODE_LOCAL, 7356 bytes)
[2025-12-07T20:05:41.219+0000] {subprocess.py:106} INFO - 25/12/07 20:05:41 INFO TaskSetManager: Starting task 30.0 in stage 56.0 (TID 884) (172.18.0.8, executor 0, partition 30, NODE_LOCAL, 7356 bytes)
[2025-12-07T20:05:41.220+0000] {subprocess.py:106} INFO - 25/12/07 20:05:41 INFO TaskSetManager: Starting task 31.0 in stage 56.0 (TID 885) (172.18.0.8, executor 0, partition 31, NODE_LOCAL, 7356 bytes)
[2025-12-07T20:05:41.220+0000] {subprocess.py:106} INFO - 25/12/07 20:05:41 INFO TaskSetManager: Starting task 32.0 in stage 56.0 (TID 886) (172.18.0.8, executor 0, partition 32, NODE_LOCAL, 7356 bytes)
[2025-12-07T20:05:41.226+0000] {subprocess.py:106} INFO - 25/12/07 20:05:41 INFO BlockManagerInfo: Added broadcast_68_piece0 in memory on 172.18.0.8:33107 (size: 123.3 KiB, free: 429.1 MiB)
[2025-12-07T20:05:41.240+0000] {subprocess.py:106} INFO - 25/12/07 20:05:41 INFO MapOutputTrackerMasterEndpoint: Asked to send map output locations for shuffle 11 to 172.18.0.8:44278
[2025-12-07T20:05:41.284+0000] {subprocess.py:106} INFO - 25/12/07 20:05:41 INFO BlockManagerInfo: Added rdd_189_19 in memory on 172.18.0.8:33107 (size: 591.0 B, free: 429.1 MiB)
[2025-12-07T20:05:41.285+0000] {subprocess.py:106} INFO - 25/12/07 20:05:41 INFO BlockManagerInfo: Added rdd_189_31 in memory on 172.18.0.8:33107 (size: 601.0 B, free: 429.1 MiB)
[2025-12-07T20:05:41.288+0000] {subprocess.py:106} INFO - 25/12/07 20:05:41 INFO BlockManagerInfo: Added rdd_189_30 in memory on 172.18.0.8:33107 (size: 608.0 B, free: 429.1 MiB)
[2025-12-07T20:05:41.290+0000] {subprocess.py:106} INFO - 25/12/07 20:05:41 INFO BlockManagerInfo: Added rdd_189_14 in memory on 172.18.0.8:33107 (size: 350.0 B, free: 429.1 MiB)
[2025-12-07T20:05:41.291+0000] {subprocess.py:106} INFO - 25/12/07 20:05:41 INFO BlockManagerInfo: Added rdd_189_22 in memory on 172.18.0.8:33107 (size: 663.0 B, free: 429.1 MiB)
[2025-12-07T20:05:41.292+0000] {subprocess.py:106} INFO - 25/12/07 20:05:41 INFO BlockManagerInfo: Added rdd_189_4 in memory on 172.18.0.8:33107 (size: 350.0 B, free: 429.1 MiB)
[2025-12-07T20:05:41.293+0000] {subprocess.py:106} INFO - 25/12/07 20:05:41 INFO BlockManagerInfo: Added rdd_189_0 in memory on 172.18.0.8:33107 (size: 610.0 B, free: 429.1 MiB)
[2025-12-07T20:05:41.294+0000] {subprocess.py:106} INFO - 25/12/07 20:05:41 INFO BlockManagerInfo: Added rdd_189_32 in memory on 172.18.0.8:33107 (size: 350.0 B, free: 429.1 MiB)
[2025-12-07T20:05:41.295+0000] {subprocess.py:106} INFO - 25/12/07 20:05:41 INFO BlockManagerInfo: Added rdd_189_3 in memory on 172.18.0.8:33107 (size: 703.0 B, free: 429.1 MiB)
[2025-12-07T20:05:41.295+0000] {subprocess.py:106} INFO - 25/12/07 20:05:41 INFO BlockManagerInfo: Added rdd_189_26 in memory on 172.18.0.8:33107 (size: 907.0 B, free: 429.1 MiB)
[2025-12-07T20:05:41.297+0000] {subprocess.py:106} INFO - 25/12/07 20:05:41 INFO BlockManagerInfo: Added rdd_189_24 in memory on 172.18.0.8:33107 (size: 610.0 B, free: 429.1 MiB)
[2025-12-07T20:05:41.297+0000] {subprocess.py:106} INFO - 25/12/07 20:05:41 INFO BlockManagerInfo: Added rdd_189_18 in memory on 172.18.0.8:33107 (size: 601.0 B, free: 429.1 MiB)
[2025-12-07T20:05:41.298+0000] {subprocess.py:106} INFO - 25/12/07 20:05:41 INFO BlockManagerInfo: Added rdd_189_16 in memory on 172.18.0.8:33107 (size: 350.0 B, free: 429.1 MiB)
[2025-12-07T20:05:41.299+0000] {subprocess.py:106} INFO - 25/12/07 20:05:41 INFO BlockManagerInfo: Added rdd_189_29 in memory on 172.18.0.8:33107 (size: 350.0 B, free: 429.1 MiB)
[2025-12-07T20:05:41.300+0000] {subprocess.py:106} INFO - 25/12/07 20:05:41 INFO BlockManagerInfo: Added rdd_189_21 in memory on 172.18.0.8:33107 (size: 702.0 B, free: 429.1 MiB)
[2025-12-07T20:05:41.301+0000] {subprocess.py:106} INFO - 25/12/07 20:05:41 INFO BlockManagerInfo: Added rdd_189_9 in memory on 172.18.0.8:33107 (size: 714.0 B, free: 429.1 MiB)
[2025-12-07T20:05:41.325+0000] {subprocess.py:106} INFO - 25/12/07 20:05:41 INFO TaskSetManager: Starting task 35.0 in stage 56.0 (TID 887) (172.18.0.8, executor 0, partition 35, NODE_LOCAL, 7356 bytes)
[2025-12-07T20:05:41.327+0000] {subprocess.py:106} INFO - 25/12/07 20:05:41 INFO TaskSetManager: Finished task 30.0 in stage 56.0 (TID 884) in 110 ms on 172.18.0.8 (executor 0) (1/50)
[2025-12-07T20:05:41.329+0000] {subprocess.py:106} INFO - 25/12/07 20:05:41 INFO TaskSetManager: Starting task 36.0 in stage 56.0 (TID 888) (172.18.0.8, executor 0, partition 36, NODE_LOCAL, 7356 bytes)
[2025-12-07T20:05:41.330+0000] {subprocess.py:106} INFO - 25/12/07 20:05:41 INFO TaskSetManager: Finished task 9.0 in stage 56.0 (TID 874) in 116 ms on 172.18.0.8 (executor 0) (2/50)
[2025-12-07T20:05:41.332+0000] {subprocess.py:106} INFO - 25/12/07 20:05:41 INFO TaskSetManager: Finished task 24.0 in stage 56.0 (TID 881) in 114 ms on 172.18.0.8 (executor 0) (3/50)
[2025-12-07T20:05:41.334+0000] {subprocess.py:106} INFO - 25/12/07 20:05:41 INFO TaskSetManager: Starting task 37.0 in stage 56.0 (TID 889) (172.18.0.8, executor 0, partition 37, NODE_LOCAL, 7356 bytes)
[2025-12-07T20:05:41.335+0000] {subprocess.py:106} INFO - 25/12/07 20:05:41 INFO TaskSetManager: Starting task 39.0 in stage 56.0 (TID 890) (172.18.0.8, executor 0, partition 39, NODE_LOCAL, 7356 bytes)
[2025-12-07T20:05:41.337+0000] {subprocess.py:106} INFO - 25/12/07 20:05:41 INFO TaskSetManager: Finished task 29.0 in stage 56.0 (TID 883) in 115 ms on 172.18.0.8 (executor 0) (4/50)
[2025-12-07T20:05:41.338+0000] {subprocess.py:106} INFO - 25/12/07 20:05:41 INFO TaskSetManager: Starting task 42.0 in stage 56.0 (TID 891) (172.18.0.8, executor 0, partition 42, NODE_LOCAL, 7356 bytes)
[2025-12-07T20:05:41.339+0000] {subprocess.py:106} INFO - 25/12/07 20:05:41 INFO TaskSetManager: Starting task 45.0 in stage 56.0 (TID 892) (172.18.0.8, executor 0, partition 45, NODE_LOCAL, 7356 bytes)
[2025-12-07T20:05:41.341+0000] {subprocess.py:106} INFO - 25/12/07 20:05:41 INFO TaskSetManager: Starting task 47.0 in stage 56.0 (TID 893) (172.18.0.8, executor 0, partition 47, NODE_LOCAL, 7356 bytes)
[2025-12-07T20:05:41.342+0000] {subprocess.py:106} INFO - 25/12/07 20:05:41 INFO TaskSetManager: Starting task 49.0 in stage 56.0 (TID 894) (172.18.0.8, executor 0, partition 49, NODE_LOCAL, 7356 bytes)
[2025-12-07T20:05:41.343+0000] {subprocess.py:106} INFO - 25/12/07 20:05:41 INFO TaskSetManager: Finished task 14.0 in stage 56.0 (TID 875) in 119 ms on 172.18.0.8 (executor 0) (5/50)
[2025-12-07T20:05:41.343+0000] {subprocess.py:106} INFO - 25/12/07 20:05:41 INFO TaskSetManager: Finished task 26.0 in stage 56.0 (TID 882) in 118 ms on 172.18.0.8 (executor 0) (6/50)
[2025-12-07T20:05:41.344+0000] {subprocess.py:106} INFO - 25/12/07 20:05:41 INFO TaskSetManager: Finished task 18.0 in stage 56.0 (TID 877) in 119 ms on 172.18.0.8 (executor 0) (7/50)
[2025-12-07T20:05:41.348+0000] {subprocess.py:106} INFO - 25/12/07 20:05:41 INFO TaskSetManager: Finished task 21.0 in stage 56.0 (TID 879) in 120 ms on 172.18.0.8 (executor 0) (8/50)
[2025-12-07T20:05:41.349+0000] {subprocess.py:106} INFO - 25/12/07 20:05:41 INFO TaskSetManager: Starting task 1.0 in stage 56.0 (TID 895) (172.18.0.8, executor 0, partition 1, PROCESS_LOCAL, 7356 bytes)
[2025-12-07T20:05:41.350+0000] {subprocess.py:106} INFO - 25/12/07 20:05:41 INFO TaskSetManager: Starting task 2.0 in stage 56.0 (TID 896) (172.18.0.8, executor 0, partition 2, PROCESS_LOCAL, 7356 bytes)
[2025-12-07T20:05:41.352+0000] {subprocess.py:106} INFO - 25/12/07 20:05:41 INFO TaskSetManager: Starting task 5.0 in stage 56.0 (TID 897) (172.18.0.8, executor 0, partition 5, PROCESS_LOCAL, 7356 bytes)
[2025-12-07T20:05:41.354+0000] {subprocess.py:106} INFO - 25/12/07 20:05:41 INFO TaskSetManager: Starting task 6.0 in stage 56.0 (TID 898) (172.18.0.8, executor 0, partition 6, PROCESS_LOCAL, 7356 bytes)
[2025-12-07T20:05:41.355+0000] {subprocess.py:106} INFO - 25/12/07 20:05:41 INFO TaskSetManager: Finished task 22.0 in stage 56.0 (TID 880) in 125 ms on 172.18.0.8 (executor 0) (9/50)
[2025-12-07T20:05:41.355+0000] {subprocess.py:106} INFO - 25/12/07 20:05:41 INFO TaskSetManager: Finished task 19.0 in stage 56.0 (TID 878) in 132 ms on 172.18.0.8 (executor 0) (10/50)
[2025-12-07T20:05:41.357+0000] {subprocess.py:106} INFO - 25/12/07 20:05:41 INFO TaskSetManager: Finished task 16.0 in stage 56.0 (TID 876) in 132 ms on 172.18.0.8 (executor 0) (11/50)
[2025-12-07T20:05:41.358+0000] {subprocess.py:106} INFO - 25/12/07 20:05:41 INFO TaskSetManager: Finished task 3.0 in stage 56.0 (TID 872) in 133 ms on 172.18.0.8 (executor 0) (12/50)
[2025-12-07T20:05:41.358+0000] {subprocess.py:106} INFO - 25/12/07 20:05:41 INFO TaskSetManager: Starting task 7.0 in stage 56.0 (TID 899) (172.18.0.8, executor 0, partition 7, PROCESS_LOCAL, 7356 bytes)
[2025-12-07T20:05:41.363+0000] {subprocess.py:106} INFO - 25/12/07 20:05:41 INFO TaskSetManager: Starting task 8.0 in stage 56.0 (TID 900) (172.18.0.8, executor 0, partition 8, PROCESS_LOCAL, 7356 bytes)
[2025-12-07T20:05:41.365+0000] {subprocess.py:106} INFO - 25/12/07 20:05:41 INFO TaskSetManager: Starting task 10.0 in stage 56.0 (TID 901) (172.18.0.8, executor 0, partition 10, PROCESS_LOCAL, 7356 bytes)
[2025-12-07T20:05:41.371+0000] {subprocess.py:106} INFO - 25/12/07 20:05:41 INFO TaskSetManager: Starting task 11.0 in stage 56.0 (TID 902) (172.18.0.8, executor 0, partition 11, PROCESS_LOCAL, 7356 bytes)
[2025-12-07T20:05:41.376+0000] {subprocess.py:106} INFO - 25/12/07 20:05:41 INFO TaskSetManager: Finished task 0.0 in stage 56.0 (TID 871) in 136 ms on 172.18.0.8 (executor 0) (13/50)
[2025-12-07T20:05:41.378+0000] {subprocess.py:106} INFO - 25/12/07 20:05:41 INFO TaskSetManager: Finished task 4.0 in stage 56.0 (TID 873) in 137 ms on 172.18.0.8 (executor 0) (14/50)
[2025-12-07T20:05:41.379+0000] {subprocess.py:106} INFO - 25/12/07 20:05:41 INFO TaskSetManager: Finished task 31.0 in stage 56.0 (TID 885) in 135 ms on 172.18.0.8 (executor 0) (15/50)
[2025-12-07T20:05:41.383+0000] {subprocess.py:106} INFO - 25/12/07 20:05:41 INFO TaskSetManager: Finished task 32.0 in stage 56.0 (TID 886) in 135 ms on 172.18.0.8 (executor 0) (16/50)
[2025-12-07T20:05:41.410+0000] {subprocess.py:106} INFO - 25/12/07 20:05:41 INFO BlockManagerInfo: Added rdd_189_35 in memory on 172.18.0.8:33107 (size: 350.0 B, free: 429.1 MiB)
[2025-12-07T20:05:41.412+0000] {subprocess.py:106} INFO - 25/12/07 20:05:41 INFO BlockManagerInfo: Added rdd_189_37 in memory on 172.18.0.8:33107 (size: 708.0 B, free: 429.1 MiB)
[2025-12-07T20:05:41.413+0000] {subprocess.py:106} INFO - 25/12/07 20:05:41 INFO BlockManagerInfo: Added rdd_189_36 in memory on 172.18.0.8:33107 (size: 719.0 B, free: 429.1 MiB)
[2025-12-07T20:05:41.415+0000] {subprocess.py:106} INFO - 25/12/07 20:05:41 INFO BlockManagerInfo: Added rdd_189_49 in memory on 172.18.0.8:33107 (size: 600.0 B, free: 429.1 MiB)
[2025-12-07T20:05:41.417+0000] {subprocess.py:106} INFO - 25/12/07 20:05:41 INFO BlockManagerInfo: Added rdd_189_47 in memory on 172.18.0.8:33107 (size: 350.0 B, free: 429.1 MiB)
[2025-12-07T20:05:41.424+0000] {subprocess.py:106} INFO - 25/12/07 20:05:41 INFO BlockManagerInfo: Added rdd_189_2 in memory on 172.18.0.8:33107 (size: 46.0 B, free: 429.1 MiB)
[2025-12-07T20:05:41.426+0000] {subprocess.py:106} INFO - 25/12/07 20:05:41 INFO BlockManagerInfo: Added rdd_189_39 in memory on 172.18.0.8:33107 (size: 571.0 B, free: 429.1 MiB)
[2025-12-07T20:05:41.429+0000] {subprocess.py:106} INFO - 25/12/07 20:05:41 INFO BlockManagerInfo: Added rdd_189_7 in memory on 172.18.0.8:33107 (size: 46.0 B, free: 429.1 MiB)
[2025-12-07T20:05:41.430+0000] {subprocess.py:106} INFO - 25/12/07 20:05:41 INFO BlockManagerInfo: Added rdd_189_45 in memory on 172.18.0.8:33107 (size: 350.0 B, free: 429.1 MiB)
[2025-12-07T20:05:41.436+0000] {subprocess.py:106} INFO - 25/12/07 20:05:41 INFO BlockManagerInfo: Added rdd_189_42 in memory on 172.18.0.8:33107 (size: 589.0 B, free: 429.1 MiB)
[2025-12-07T20:05:41.438+0000] {subprocess.py:106} INFO - 25/12/07 20:05:41 INFO BlockManagerInfo: Added rdd_189_11 in memory on 172.18.0.8:33107 (size: 46.0 B, free: 429.1 MiB)
[2025-12-07T20:05:41.439+0000] {subprocess.py:106} INFO - 25/12/07 20:05:41 INFO BlockManagerInfo: Added rdd_189_5 in memory on 172.18.0.8:33107 (size: 46.0 B, free: 429.1 MiB)
[2025-12-07T20:05:41.440+0000] {subprocess.py:106} INFO - 25/12/07 20:05:41 INFO BlockManagerInfo: Added rdd_189_6 in memory on 172.18.0.8:33107 (size: 46.0 B, free: 429.1 MiB)
[2025-12-07T20:05:41.442+0000] {subprocess.py:106} INFO - 25/12/07 20:05:41 INFO BlockManagerInfo: Added rdd_189_10 in memory on 172.18.0.8:33107 (size: 46.0 B, free: 429.1 MiB)
[2025-12-07T20:05:41.444+0000] {subprocess.py:106} INFO - 25/12/07 20:05:41 INFO BlockManagerInfo: Added rdd_189_8 in memory on 172.18.0.8:33107 (size: 46.0 B, free: 429.1 MiB)
[2025-12-07T20:05:41.446+0000] {subprocess.py:106} INFO - 25/12/07 20:05:41 INFO TaskSetManager: Starting task 12.0 in stage 56.0 (TID 903) (172.18.0.8, executor 0, partition 12, PROCESS_LOCAL, 7356 bytes)
[2025-12-07T20:05:41.447+0000] {subprocess.py:106} INFO - 25/12/07 20:05:41 INFO TaskSetManager: Finished task 47.0 in stage 56.0 (TID 893) in 110 ms on 172.18.0.8 (executor 0) (17/50)
[2025-12-07T20:05:41.448+0000] {subprocess.py:106} INFO - 25/12/07 20:05:41 INFO TaskSetManager: Starting task 13.0 in stage 56.0 (TID 904) (172.18.0.8, executor 0, partition 13, PROCESS_LOCAL, 7356 bytes)
[2025-12-07T20:05:41.451+0000] {subprocess.py:106} INFO - 25/12/07 20:05:41 INFO TaskSetManager: Finished task 36.0 in stage 56.0 (TID 888) in 121 ms on 172.18.0.8 (executor 0) (18/50)
[2025-12-07T20:05:41.454+0000] {subprocess.py:106} INFO - 25/12/07 20:05:41 INFO TaskSetManager: Starting task 15.0 in stage 56.0 (TID 905) (172.18.0.8, executor 0, partition 15, PROCESS_LOCAL, 7356 bytes)
[2025-12-07T20:05:41.455+0000] {subprocess.py:106} INFO - 25/12/07 20:05:41 INFO TaskSetManager: Starting task 17.0 in stage 56.0 (TID 906) (172.18.0.8, executor 0, partition 17, PROCESS_LOCAL, 7356 bytes)
[2025-12-07T20:05:41.457+0000] {subprocess.py:106} INFO - 25/12/07 20:05:41 INFO TaskSetManager: Finished task 35.0 in stage 56.0 (TID 887) in 129 ms on 172.18.0.8 (executor 0) (19/50)
[2025-12-07T20:05:41.458+0000] {subprocess.py:106} INFO - 25/12/07 20:05:41 INFO TaskSetManager: Finished task 37.0 in stage 56.0 (TID 889) in 125 ms on 172.18.0.8 (executor 0) (20/50)
[2025-12-07T20:05:41.459+0000] {subprocess.py:106} INFO - 25/12/07 20:05:41 INFO TaskSetManager: Starting task 20.0 in stage 56.0 (TID 907) (172.18.0.8, executor 0, partition 20, PROCESS_LOCAL, 7356 bytes)
[2025-12-07T20:05:41.460+0000] {subprocess.py:106} INFO - 25/12/07 20:05:41 INFO TaskSetManager: Starting task 23.0 in stage 56.0 (TID 908) (172.18.0.8, executor 0, partition 23, PROCESS_LOCAL, 7356 bytes)
[2025-12-07T20:05:41.462+0000] {subprocess.py:106} INFO - 25/12/07 20:05:41 INFO TaskSetManager: Finished task 2.0 in stage 56.0 (TID 896) in 124 ms on 172.18.0.8 (executor 0) (21/50)
[2025-12-07T20:05:41.467+0000] {subprocess.py:106} INFO - 25/12/07 20:05:41 INFO TaskSetManager: Finished task 39.0 in stage 56.0 (TID 890) in 134 ms on 172.18.0.8 (executor 0) (22/50)
[2025-12-07T20:05:41.471+0000] {subprocess.py:106} INFO - 25/12/07 20:05:41 INFO TaskSetManager: Starting task 25.0 in stage 56.0 (TID 909) (172.18.0.8, executor 0, partition 25, PROCESS_LOCAL, 7356 bytes)
[2025-12-07T20:05:41.472+0000] {subprocess.py:106} INFO - 25/12/07 20:05:41 INFO TaskSetManager: Starting task 27.0 in stage 56.0 (TID 910) (172.18.0.8, executor 0, partition 27, PROCESS_LOCAL, 7356 bytes)
[2025-12-07T20:05:41.474+0000] {subprocess.py:106} INFO - 25/12/07 20:05:41 INFO TaskSetManager: Starting task 28.0 in stage 56.0 (TID 911) (172.18.0.8, executor 0, partition 28, PROCESS_LOCAL, 7356 bytes)
[2025-12-07T20:05:41.476+0000] {subprocess.py:106} INFO - 25/12/07 20:05:41 INFO TaskSetManager: Starting task 33.0 in stage 56.0 (TID 912) (172.18.0.8, executor 0, partition 33, PROCESS_LOCAL, 7356 bytes)
[2025-12-07T20:05:41.478+0000] {subprocess.py:106} INFO - 25/12/07 20:05:41 INFO TaskSetManager: Finished task 11.0 in stage 56.0 (TID 902) in 118 ms on 172.18.0.8 (executor 0) (23/50)
[2025-12-07T20:05:41.479+0000] {subprocess.py:106} INFO - 25/12/07 20:05:41 INFO TaskSetManager: Finished task 7.0 in stage 56.0 (TID 899) in 120 ms on 172.18.0.8 (executor 0) (24/50)
[2025-12-07T20:05:41.480+0000] {subprocess.py:106} INFO - 25/12/07 20:05:41 INFO TaskSetManager: Finished task 45.0 in stage 56.0 (TID 892) in 136 ms on 172.18.0.8 (executor 0) (25/50)
[2025-12-07T20:05:41.481+0000] {subprocess.py:106} INFO - 25/12/07 20:05:41 INFO TaskSetManager: Finished task 49.0 in stage 56.0 (TID 894) in 136 ms on 172.18.0.8 (executor 0) (26/50)
[2025-12-07T20:05:41.483+0000] {subprocess.py:106} INFO - 25/12/07 20:05:41 INFO BlockManagerInfo: Added rdd_189_1 in memory on 172.18.0.8:33107 (size: 46.0 B, free: 429.1 MiB)
[2025-12-07T20:05:41.484+0000] {subprocess.py:106} INFO - 25/12/07 20:05:41 INFO TaskSetManager: Starting task 34.0 in stage 56.0 (TID 913) (172.18.0.8, executor 0, partition 34, PROCESS_LOCAL, 7356 bytes)
[2025-12-07T20:05:41.485+0000] {subprocess.py:106} INFO - 25/12/07 20:05:41 INFO TaskSetManager: Starting task 38.0 in stage 56.0 (TID 914) (172.18.0.8, executor 0, partition 38, PROCESS_LOCAL, 7356 bytes)
[2025-12-07T20:05:41.486+0000] {subprocess.py:106} INFO - 25/12/07 20:05:41 INFO TaskSetManager: Finished task 5.0 in stage 56.0 (TID 897) in 135 ms on 172.18.0.8 (executor 0) (27/50)
[2025-12-07T20:05:41.487+0000] {subprocess.py:106} INFO - 25/12/07 20:05:41 INFO TaskSetManager: Finished task 6.0 in stage 56.0 (TID 898) in 134 ms on 172.18.0.8 (executor 0) (28/50)
[2025-12-07T20:05:41.489+0000] {subprocess.py:106} INFO - 25/12/07 20:05:41 INFO TaskSetManager: Starting task 40.0 in stage 56.0 (TID 915) (172.18.0.8, executor 0, partition 40, PROCESS_LOCAL, 7356 bytes)
[2025-12-07T20:05:41.490+0000] {subprocess.py:106} INFO - 25/12/07 20:05:41 INFO TaskSetManager: Starting task 41.0 in stage 56.0 (TID 916) (172.18.0.8, executor 0, partition 41, PROCESS_LOCAL, 7356 bytes)
[2025-12-07T20:05:41.491+0000] {subprocess.py:106} INFO - 25/12/07 20:05:41 INFO TaskSetManager: Starting task 43.0 in stage 56.0 (TID 917) (172.18.0.8, executor 0, partition 43, PROCESS_LOCAL, 7356 bytes)
[2025-12-07T20:05:41.493+0000] {subprocess.py:106} INFO - 25/12/07 20:05:41 INFO TaskSetManager: Finished task 10.0 in stage 56.0 (TID 901) in 134 ms on 172.18.0.8 (executor 0) (29/50)
[2025-12-07T20:05:41.494+0000] {subprocess.py:106} INFO - 25/12/07 20:05:41 INFO TaskSetManager: Finished task 8.0 in stage 56.0 (TID 900) in 137 ms on 172.18.0.8 (executor 0) (30/50)
[2025-12-07T20:05:41.496+0000] {subprocess.py:106} INFO - 25/12/07 20:05:41 INFO TaskSetManager: Finished task 42.0 in stage 56.0 (TID 891) in 153 ms on 172.18.0.8 (executor 0) (31/50)
[2025-12-07T20:05:41.518+0000] {subprocess.py:106} INFO - 25/12/07 20:05:41 INFO TaskSetManager: Starting task 44.0 in stage 56.0 (TID 918) (172.18.0.8, executor 0, partition 44, PROCESS_LOCAL, 7356 bytes)
[2025-12-07T20:05:41.520+0000] {subprocess.py:106} INFO - 25/12/07 20:05:41 INFO TaskSetManager: Finished task 1.0 in stage 56.0 (TID 895) in 179 ms on 172.18.0.8 (executor 0) (32/50)
[2025-12-07T20:05:41.529+0000] {subprocess.py:106} INFO - 25/12/07 20:05:41 INFO BlockManagerInfo: Added rdd_189_12 in memory on 172.18.0.8:33107 (size: 46.0 B, free: 429.1 MiB)
[2025-12-07T20:05:41.533+0000] {subprocess.py:106} INFO - 25/12/07 20:05:41 INFO BlockManagerInfo: Added rdd_189_15 in memory on 172.18.0.8:33107 (size: 46.0 B, free: 429.1 MiB)
[2025-12-07T20:05:41.534+0000] {subprocess.py:106} INFO - 25/12/07 20:05:41 INFO BlockManagerInfo: Added rdd_189_20 in memory on 172.18.0.8:33107 (size: 46.0 B, free: 429.1 MiB)
[2025-12-07T20:05:41.537+0000] {subprocess.py:106} INFO - 25/12/07 20:05:41 INFO BlockManagerInfo: Added rdd_189_17 in memory on 172.18.0.8:33107 (size: 46.0 B, free: 429.1 MiB)
[2025-12-07T20:05:41.538+0000] {subprocess.py:106} INFO - 25/12/07 20:05:41 INFO BlockManagerInfo: Added rdd_189_13 in memory on 172.18.0.8:33107 (size: 46.0 B, free: 429.1 MiB)
[2025-12-07T20:05:41.539+0000] {subprocess.py:106} INFO - 25/12/07 20:05:41 INFO BlockManagerInfo: Added rdd_189_33 in memory on 172.18.0.8:33107 (size: 46.0 B, free: 429.1 MiB)
[2025-12-07T20:05:41.550+0000] {subprocess.py:106} INFO - 25/12/07 20:05:41 INFO BlockManagerInfo: Added rdd_189_34 in memory on 172.18.0.8:33107 (size: 46.0 B, free: 429.1 MiB)
[2025-12-07T20:05:41.552+0000] {subprocess.py:106} INFO - 25/12/07 20:05:41 INFO BlockManagerInfo: Added rdd_189_23 in memory on 172.18.0.8:33107 (size: 46.0 B, free: 429.1 MiB)
[2025-12-07T20:05:41.553+0000] {subprocess.py:106} INFO - 25/12/07 20:05:41 INFO BlockManagerInfo: Added rdd_189_28 in memory on 172.18.0.8:33107 (size: 46.0 B, free: 429.1 MiB)
[2025-12-07T20:05:41.554+0000] {subprocess.py:106} INFO - 25/12/07 20:05:41 INFO BlockManagerInfo: Added rdd_189_25 in memory on 172.18.0.8:33107 (size: 46.0 B, free: 429.1 MiB)
[2025-12-07T20:05:41.556+0000] {subprocess.py:106} INFO - 25/12/07 20:05:41 INFO BlockManagerInfo: Added rdd_189_27 in memory on 172.18.0.8:33107 (size: 46.0 B, free: 429.1 MiB)
[2025-12-07T20:05:41.575+0000] {subprocess.py:106} INFO - 25/12/07 20:05:41 INFO BlockManagerInfo: Added rdd_189_43 in memory on 172.18.0.8:33107 (size: 46.0 B, free: 429.1 MiB)
[2025-12-07T20:05:41.580+0000] {subprocess.py:106} INFO - 25/12/07 20:05:41 INFO BlockManagerInfo: Added rdd_189_41 in memory on 172.18.0.8:33107 (size: 46.0 B, free: 429.1 MiB)
[2025-12-07T20:05:41.582+0000] {subprocess.py:106} INFO - 25/12/07 20:05:41 INFO TaskSetManager: Starting task 46.0 in stage 56.0 (TID 919) (172.18.0.8, executor 0, partition 46, PROCESS_LOCAL, 7356 bytes)
[2025-12-07T20:05:41.584+0000] {subprocess.py:106} INFO - 25/12/07 20:05:41 INFO BlockManagerInfo: Added rdd_189_38 in memory on 172.18.0.8:33107 (size: 46.0 B, free: 429.1 MiB)
[2025-12-07T20:05:41.586+0000] {subprocess.py:106} INFO - 25/12/07 20:05:41 INFO TaskSetManager: Starting task 48.0 in stage 56.0 (TID 920) (172.18.0.8, executor 0, partition 48, PROCESS_LOCAL, 7356 bytes)
[2025-12-07T20:05:41.588+0000] {subprocess.py:106} INFO - 25/12/07 20:05:41 INFO TaskSetManager: Finished task 33.0 in stage 56.0 (TID 912) in 118 ms on 172.18.0.8 (executor 0) (33/50)
[2025-12-07T20:05:41.589+0000] {subprocess.py:106} INFO - 25/12/07 20:05:41 INFO TaskSetManager: Finished task 12.0 in stage 56.0 (TID 903) in 144 ms on 172.18.0.8 (executor 0) (34/50)
[2025-12-07T20:05:41.590+0000] {subprocess.py:106} INFO - 25/12/07 20:05:41 INFO TaskSetManager: Finished task 17.0 in stage 56.0 (TID 906) in 135 ms on 172.18.0.8 (executor 0) (35/50)
[2025-12-07T20:05:41.591+0000] {subprocess.py:106} INFO - 25/12/07 20:05:41 INFO TaskSetManager: Finished task 25.0 in stage 56.0 (TID 909) in 121 ms on 172.18.0.8 (executor 0) (36/50)
[2025-12-07T20:05:41.592+0000] {subprocess.py:106} INFO - 25/12/07 20:05:41 INFO TaskSetManager: Finished task 28.0 in stage 56.0 (TID 911) in 122 ms on 172.18.0.8 (executor 0) (37/50)
[2025-12-07T20:05:41.594+0000] {subprocess.py:106} INFO - 25/12/07 20:05:41 INFO TaskSetManager: Finished task 20.0 in stage 56.0 (TID 907) in 133 ms on 172.18.0.8 (executor 0) (38/50)
[2025-12-07T20:05:41.595+0000] {subprocess.py:106} INFO - 25/12/07 20:05:41 INFO BlockManagerInfo: Added rdd_189_40 in memory on 172.18.0.8:33107 (size: 46.0 B, free: 429.1 MiB)
[2025-12-07T20:05:41.597+0000] {subprocess.py:106} INFO - 25/12/07 20:05:41 INFO TaskSetManager: Finished task 13.0 in stage 56.0 (TID 904) in 146 ms on 172.18.0.8 (executor 0) (39/50)
[2025-12-07T20:05:41.599+0000] {subprocess.py:106} INFO - 25/12/07 20:05:41 INFO TaskSetManager: Finished task 34.0 in stage 56.0 (TID 913) in 124 ms on 172.18.0.8 (executor 0) (40/50)
[2025-12-07T20:05:41.600+0000] {subprocess.py:106} INFO - 25/12/07 20:05:41 INFO TaskSetManager: Finished task 15.0 in stage 56.0 (TID 905) in 147 ms on 172.18.0.8 (executor 0) (41/50)
[2025-12-07T20:05:41.602+0000] {subprocess.py:106} INFO - 25/12/07 20:05:41 INFO BlockManagerInfo: Added rdd_189_44 in memory on 172.18.0.8:33107 (size: 46.0 B, free: 429.1 MiB)
[2025-12-07T20:05:41.604+0000] {subprocess.py:106} INFO - 25/12/07 20:05:41 INFO TaskSetManager: Finished task 43.0 in stage 56.0 (TID 917) in 122 ms on 172.18.0.8 (executor 0) (42/50)
[2025-12-07T20:05:41.605+0000] {subprocess.py:106} INFO - 25/12/07 20:05:41 INFO TaskSetManager: Finished task 23.0 in stage 56.0 (TID 908) in 143 ms on 172.18.0.8 (executor 0) (43/50)
[2025-12-07T20:05:41.608+0000] {subprocess.py:106} INFO - 25/12/07 20:05:41 INFO TaskSetManager: Finished task 27.0 in stage 56.0 (TID 910) in 142 ms on 172.18.0.8 (executor 0) (44/50)
[2025-12-07T20:05:41.610+0000] {subprocess.py:106} INFO - 25/12/07 20:05:41 INFO TaskSetManager: Finished task 38.0 in stage 56.0 (TID 914) in 137 ms on 172.18.0.8 (executor 0) (45/50)
[2025-12-07T20:05:41.614+0000] {subprocess.py:106} INFO - 25/12/07 20:05:41 INFO TaskSetManager: Finished task 41.0 in stage 56.0 (TID 916) in 138 ms on 172.18.0.8 (executor 0) (46/50)
[2025-12-07T20:05:41.622+0000] {subprocess.py:106} INFO - 25/12/07 20:05:41 INFO TaskSetManager: Finished task 44.0 in stage 56.0 (TID 918) in 112 ms on 172.18.0.8 (executor 0) (47/50)
[2025-12-07T20:05:41.623+0000] {subprocess.py:106} INFO - 25/12/07 20:05:41 INFO TaskSetManager: Finished task 40.0 in stage 56.0 (TID 915) in 148 ms on 172.18.0.8 (executor 0) (48/50)
[2025-12-07T20:05:41.635+0000] {subprocess.py:106} INFO - 25/12/07 20:05:41 INFO BlockManagerInfo: Added rdd_189_46 in memory on 172.18.0.8:33107 (size: 46.0 B, free: 429.1 MiB)
[2025-12-07T20:05:41.639+0000] {subprocess.py:106} INFO - 25/12/07 20:05:41 INFO BlockManagerInfo: Added rdd_189_48 in memory on 172.18.0.8:33107 (size: 46.0 B, free: 429.1 MiB)
[2025-12-07T20:05:41.657+0000] {subprocess.py:106} INFO - 25/12/07 20:05:41 INFO TaskSetManager: Finished task 48.0 in stage 56.0 (TID 920) in 74 ms on 172.18.0.8 (executor 0) (49/50)
[2025-12-07T20:05:41.658+0000] {subprocess.py:106} INFO - 25/12/07 20:05:41 INFO TaskSetManager: Finished task 46.0 in stage 56.0 (TID 919) in 75 ms on 172.18.0.8 (executor 0) (50/50)
[2025-12-07T20:05:41.659+0000] {subprocess.py:106} INFO - 25/12/07 20:05:41 INFO TaskSchedulerImpl: Removed TaskSet 56.0, whose tasks have all completed, from pool
[2025-12-07T20:05:41.660+0000] {subprocess.py:106} INFO - 25/12/07 20:05:41 INFO DAGScheduler: ShuffleMapStage 56 ($anonfun$recordDeltaOperationInternal$1 at DatabricksLogging.scala:128) finished in 0.460 s
[2025-12-07T20:05:41.661+0000] {subprocess.py:106} INFO - 25/12/07 20:05:41 INFO DAGScheduler: looking for newly runnable stages
[2025-12-07T20:05:41.662+0000] {subprocess.py:106} INFO - 25/12/07 20:05:41 INFO DAGScheduler: running: Set()
[2025-12-07T20:05:41.662+0000] {subprocess.py:106} INFO - 25/12/07 20:05:41 INFO DAGScheduler: waiting: Set()
[2025-12-07T20:05:41.663+0000] {subprocess.py:106} INFO - 25/12/07 20:05:41 INFO DAGScheduler: failed: Set()
[2025-12-07T20:05:41.686+0000] {subprocess.py:106} INFO - 25/12/07 20:05:41 INFO SparkContext: Starting job: $anonfun$recordDeltaOperationInternal$1 at DatabricksLogging.scala:128
[2025-12-07T20:05:41.688+0000] {subprocess.py:106} INFO - 25/12/07 20:05:41 INFO DAGScheduler: Got job 37 ($anonfun$recordDeltaOperationInternal$1 at DatabricksLogging.scala:128) with 1 output partitions
[2025-12-07T20:05:41.689+0000] {subprocess.py:106} INFO - 25/12/07 20:05:41 INFO DAGScheduler: Final stage: ResultStage 59 ($anonfun$recordDeltaOperationInternal$1 at DatabricksLogging.scala:128)
[2025-12-07T20:05:41.690+0000] {subprocess.py:106} INFO - 25/12/07 20:05:41 INFO DAGScheduler: Parents of final stage: List(ShuffleMapStage 58)
[2025-12-07T20:05:41.690+0000] {subprocess.py:106} INFO - 25/12/07 20:05:41 INFO DAGScheduler: Missing parents: List()
[2025-12-07T20:05:41.691+0000] {subprocess.py:106} INFO - 25/12/07 20:05:41 INFO DAGScheduler: Submitting ResultStage 59 (MapPartitionsRDD[195] at $anonfun$recordDeltaOperationInternal$1 at DatabricksLogging.scala:128), which has no missing parents
[2025-12-07T20:05:41.696+0000] {subprocess.py:106} INFO - 25/12/07 20:05:41 INFO MemoryStore: Block broadcast_69 stored as values in memory (estimated size 452.4 KiB, free 429.4 MiB)
[2025-12-07T20:05:41.698+0000] {subprocess.py:106} INFO - 25/12/07 20:05:41 INFO MemoryStore: Block broadcast_69_piece0 stored as bytes in memory (estimated size 108.1 KiB, free 429.3 MiB)
[2025-12-07T20:05:41.699+0000] {subprocess.py:106} INFO - 25/12/07 20:05:41 INFO BlockManagerInfo: Added broadcast_69_piece0 in memory on 13f196131dae:46673 (size: 108.1 KiB, free: 433.6 MiB)
[2025-12-07T20:05:41.700+0000] {subprocess.py:106} INFO - 25/12/07 20:05:41 INFO SparkContext: Created broadcast 69 from broadcast at DAGScheduler.scala:1535
[2025-12-07T20:05:41.701+0000] {subprocess.py:106} INFO - 25/12/07 20:05:41 INFO DAGScheduler: Submitting 1 missing tasks from ResultStage 59 (MapPartitionsRDD[195] at $anonfun$recordDeltaOperationInternal$1 at DatabricksLogging.scala:128) (first 15 tasks are for partitions Vector(0))
[2025-12-07T20:05:41.702+0000] {subprocess.py:106} INFO - 25/12/07 20:05:41 INFO TaskSchedulerImpl: Adding task set 59.0 with 1 tasks resource profile 0
[2025-12-07T20:05:41.703+0000] {subprocess.py:106} INFO - 25/12/07 20:05:41 INFO TaskSetManager: Starting task 0.0 in stage 59.0 (TID 921) (172.18.0.8, executor 0, partition 0, NODE_LOCAL, 7367 bytes)
[2025-12-07T20:05:41.711+0000] {subprocess.py:106} INFO - 25/12/07 20:05:41 INFO BlockManagerInfo: Added broadcast_69_piece0 in memory on 172.18.0.8:33107 (size: 108.1 KiB, free: 429.0 MiB)
[2025-12-07T20:05:41.720+0000] {subprocess.py:106} INFO - 25/12/07 20:05:41 INFO MapOutputTrackerMasterEndpoint: Asked to send map output locations for shuffle 12 to 172.18.0.8:44278
[2025-12-07T20:05:41.753+0000] {subprocess.py:106} INFO - 25/12/07 20:05:41 INFO TaskSetManager: Finished task 0.0 in stage 59.0 (TID 921) in 51 ms on 172.18.0.8 (executor 0) (1/1)
[2025-12-07T20:05:41.754+0000] {subprocess.py:106} INFO - 25/12/07 20:05:41 INFO TaskSchedulerImpl: Removed TaskSet 59.0, whose tasks have all completed, from pool
[2025-12-07T20:05:41.755+0000] {subprocess.py:106} INFO - 25/12/07 20:05:41 INFO DAGScheduler: ResultStage 59 ($anonfun$recordDeltaOperationInternal$1 at DatabricksLogging.scala:128) finished in 0.064 s
[2025-12-07T20:05:41.755+0000] {subprocess.py:106} INFO - 25/12/07 20:05:41 INFO DAGScheduler: Job 37 is finished. Cancelling potential speculative or zombie tasks for this job
[2025-12-07T20:05:41.756+0000] {subprocess.py:106} INFO - 25/12/07 20:05:41 INFO TaskSchedulerImpl: Killing all running tasks in stage 59: Stage finished
[2025-12-07T20:05:41.757+0000] {subprocess.py:106} INFO - 25/12/07 20:05:41 INFO DAGScheduler: Job 37 finished: $anonfun$recordDeltaOperationInternal$1 at DatabricksLogging.scala:128, took 0.068405 s
[2025-12-07T20:05:41.762+0000] {subprocess.py:106} INFO - 25/12/07 20:05:41 INFO Snapshot: [tableId=623ed374-28ab-41d2-8f91-45386aa6025d] DELTA: Done
[2025-12-07T20:05:41.763+0000] {subprocess.py:106} INFO - 25/12/07 20:05:41 INFO OptimisticTransaction: [tableId=623ed374,txnId=495bd3ad] Committed delta #1 to s3a://gold/fact_inventory_daily/_delta_log
[2025-12-07T20:05:41.764+0000] {subprocess.py:106} INFO - --> [SUCCESS] Written fact_inventory_daily to s3a://gold/fact_inventory_daily
[2025-12-07T20:05:41.765+0000] {subprocess.py:106} INFO - 25/12/07 20:05:41 INFO SparkContext: SparkContext is stopping with exitCode 0.
[2025-12-07T20:05:41.783+0000] {subprocess.py:106} INFO - 25/12/07 20:05:41 INFO SparkUI: Stopped Spark web UI at http://13f196131dae:4040
[2025-12-07T20:05:41.790+0000] {subprocess.py:106} INFO - 25/12/07 20:05:41 INFO StandaloneSchedulerBackend: Shutting down all executors
[2025-12-07T20:05:41.790+0000] {subprocess.py:106} INFO - 25/12/07 20:05:41 INFO StandaloneSchedulerBackend$StandaloneDriverEndpoint: Asking each executor to shut down
[2025-12-07T20:05:41.815+0000] {subprocess.py:106} INFO - 25/12/07 20:05:41 INFO MapOutputTrackerMasterEndpoint: MapOutputTrackerMasterEndpoint stopped!
[2025-12-07T20:05:41.842+0000] {subprocess.py:106} INFO - 25/12/07 20:05:41 INFO MemoryStore: MemoryStore cleared
[2025-12-07T20:05:41.844+0000] {subprocess.py:106} INFO - 25/12/07 20:05:41 INFO BlockManager: BlockManager stopped
[2025-12-07T20:05:41.858+0000] {subprocess.py:106} INFO - 25/12/07 20:05:41 INFO BlockManagerMaster: BlockManagerMaster stopped
[2025-12-07T20:05:41.883+0000] {subprocess.py:106} INFO - 25/12/07 20:05:41 INFO OutputCommitCoordinator$OutputCommitCoordinatorEndpoint: OutputCommitCoordinator stopped!
[2025-12-07T20:05:41.931+0000] {subprocess.py:106} INFO - 25/12/07 20:05:41 INFO SparkContext: Successfully stopped SparkContext
[2025-12-07T20:05:42.149+0000] {subprocess.py:106} INFO - 25/12/07 20:05:42 INFO ShutdownHookManager: Shutdown hook called
[2025-12-07T20:05:42.149+0000] {subprocess.py:106} INFO - 25/12/07 20:05:42 INFO ShutdownHookManager: Deleting directory /tmp/spark-41bb0722-d322-46a9-926e-6592c9664a73
[2025-12-07T20:05:42.154+0000] {subprocess.py:106} INFO - 25/12/07 20:05:42 INFO ShutdownHookManager: Deleting directory /tmp/spark-41bb0722-d322-46a9-926e-6592c9664a73/pyspark-74316ccf-9816-410f-b517-818420a95f64
[2025-12-07T20:05:42.159+0000] {subprocess.py:106} INFO - 25/12/07 20:05:42 INFO ShutdownHookManager: Deleting directory /tmp/spark-88e569c8-f22f-457c-9d04-2393fefba6cb
[2025-12-07T20:05:42.173+0000] {subprocess.py:106} INFO - 25/12/07 20:05:42 INFO MetricsSystemImpl: Stopping s3a-file-system metrics system...
[2025-12-07T20:05:42.174+0000] {subprocess.py:106} INFO - 25/12/07 20:05:42 INFO MetricsSystemImpl: s3a-file-system metrics system stopped.
[2025-12-07T20:05:42.174+0000] {subprocess.py:106} INFO - 25/12/07 20:05:42 INFO MetricsSystemImpl: s3a-file-system metrics system shutdown complete.
[2025-12-07T20:05:42.388+0000] {subprocess.py:110} INFO - Command exited with return code 0
[2025-12-07T20:05:42.420+0000] {taskinstance.py:349} INFO - ::group::Post task execution logs
[2025-12-07T20:05:42.421+0000] {taskinstance.py:361} INFO - Marking task as SUCCESS. dag_id=ETL_process, task_id=Silver_to_Gold_Facts, run_id=manual__2025-12-07T19:53:04.128635+00:00, execution_date=20251207T195304, start_date=20251207T200407, end_date=20251207T200542
[2025-12-07T20:05:42.472+0000] {local_task_job_runner.py:266} INFO - Task exited with return code 0
[2025-12-07T20:05:42.501+0000] {taskinstance.py:3924} INFO - 1 downstream tasks scheduled from follow-on schedule check
[2025-12-07T20:05:42.504+0000] {local_task_job_runner.py:245} INFO - ::endgroup::
