[2025-12-08T02:31:50.222+0000] {processor.py:186} INFO - Started process (PID=199) to work on /opt/airflow/dags/ETL.py
[2025-12-08T02:31:50.225+0000] {processor.py:914} INFO - Processing file /opt/airflow/dags/ETL.py for tasks to queue
[2025-12-08T02:31:50.231+0000] {logging_mixin.py:190} INFO - [2025-12-08T02:31:50.230+0000] {dagbag.py:588} INFO - Filling up the DagBag from /opt/airflow/dags/ETL.py
[2025-12-08T02:31:50.283+0000] {processor.py:925} INFO - DAG(s) 'ETL_process' retrieved from /opt/airflow/dags/ETL.py
[2025-12-08T02:31:50.374+0000] {logging_mixin.py:190} INFO - [2025-12-08T02:31:50.373+0000] {dag.py:3239} INFO - Sync 1 DAGs
[2025-12-08T02:31:50.421+0000] {logging_mixin.py:190} INFO - [2025-12-08T02:31:50.421+0000] {dag.py:4180} INFO - Setting next_dagrun for ETL_process to None, run_after=None
[2025-12-08T02:31:50.457+0000] {processor.py:208} INFO - Processing /opt/airflow/dags/ETL.py took 0.253 seconds
[2025-12-08T02:32:20.745+0000] {processor.py:186} INFO - Started process (PID=228) to work on /opt/airflow/dags/ETL.py
[2025-12-08T02:32:20.748+0000] {processor.py:914} INFO - Processing file /opt/airflow/dags/ETL.py for tasks to queue
[2025-12-08T02:32:20.758+0000] {logging_mixin.py:190} INFO - [2025-12-08T02:32:20.757+0000] {dagbag.py:588} INFO - Filling up the DagBag from /opt/airflow/dags/ETL.py
[2025-12-08T02:32:20.813+0000] {processor.py:925} INFO - DAG(s) 'ETL_process' retrieved from /opt/airflow/dags/ETL.py
[2025-12-08T02:32:20.883+0000] {logging_mixin.py:190} INFO - [2025-12-08T02:32:20.883+0000] {dag.py:3239} INFO - Sync 1 DAGs
[2025-12-08T02:32:20.915+0000] {logging_mixin.py:190} INFO - [2025-12-08T02:32:20.915+0000] {dag.py:4180} INFO - Setting next_dagrun for ETL_process to None, run_after=None
[2025-12-08T02:32:20.954+0000] {processor.py:208} INFO - Processing /opt/airflow/dags/ETL.py took 0.231 seconds
[2025-12-08T02:32:51.228+0000] {processor.py:186} INFO - Started process (PID=248) to work on /opt/airflow/dags/ETL.py
[2025-12-08T02:32:51.231+0000] {processor.py:914} INFO - Processing file /opt/airflow/dags/ETL.py for tasks to queue
[2025-12-08T02:32:51.238+0000] {logging_mixin.py:190} INFO - [2025-12-08T02:32:51.237+0000] {dagbag.py:588} INFO - Filling up the DagBag from /opt/airflow/dags/ETL.py
[2025-12-08T02:32:51.278+0000] {processor.py:925} INFO - DAG(s) 'ETL_process' retrieved from /opt/airflow/dags/ETL.py
[2025-12-08T02:32:51.347+0000] {logging_mixin.py:190} INFO - [2025-12-08T02:32:51.346+0000] {dag.py:3239} INFO - Sync 1 DAGs
[2025-12-08T02:32:51.383+0000] {logging_mixin.py:190} INFO - [2025-12-08T02:32:51.383+0000] {dag.py:4180} INFO - Setting next_dagrun for ETL_process to None, run_after=None
[2025-12-08T02:32:51.418+0000] {processor.py:208} INFO - Processing /opt/airflow/dags/ETL.py took 0.203 seconds
[2025-12-08T02:33:21.823+0000] {processor.py:186} INFO - Started process (PID=258) to work on /opt/airflow/dags/ETL.py
[2025-12-08T02:33:21.825+0000] {processor.py:914} INFO - Processing file /opt/airflow/dags/ETL.py for tasks to queue
[2025-12-08T02:33:21.831+0000] {logging_mixin.py:190} INFO - [2025-12-08T02:33:21.830+0000] {dagbag.py:588} INFO - Filling up the DagBag from /opt/airflow/dags/ETL.py
[2025-12-08T02:33:21.869+0000] {processor.py:925} INFO - DAG(s) 'ETL_process' retrieved from /opt/airflow/dags/ETL.py
[2025-12-08T02:33:21.918+0000] {logging_mixin.py:190} INFO - [2025-12-08T02:33:21.918+0000] {dag.py:3239} INFO - Sync 1 DAGs
[2025-12-08T02:33:21.946+0000] {logging_mixin.py:190} INFO - [2025-12-08T02:33:21.945+0000] {dag.py:4180} INFO - Setting next_dagrun for ETL_process to None, run_after=None
[2025-12-08T02:33:21.974+0000] {processor.py:208} INFO - Processing /opt/airflow/dags/ETL.py took 0.163 seconds
[2025-12-08T02:33:52.236+0000] {processor.py:186} INFO - Started process (PID=268) to work on /opt/airflow/dags/ETL.py
[2025-12-08T02:33:52.239+0000] {processor.py:914} INFO - Processing file /opt/airflow/dags/ETL.py for tasks to queue
[2025-12-08T02:33:52.245+0000] {logging_mixin.py:190} INFO - [2025-12-08T02:33:52.245+0000] {dagbag.py:588} INFO - Filling up the DagBag from /opt/airflow/dags/ETL.py
[2025-12-08T02:33:52.286+0000] {processor.py:925} INFO - DAG(s) 'ETL_process' retrieved from /opt/airflow/dags/ETL.py
[2025-12-08T02:33:52.345+0000] {logging_mixin.py:190} INFO - [2025-12-08T02:33:52.344+0000] {dag.py:3239} INFO - Sync 1 DAGs
[2025-12-08T02:33:52.375+0000] {logging_mixin.py:190} INFO - [2025-12-08T02:33:52.374+0000] {dag.py:4180} INFO - Setting next_dagrun for ETL_process to None, run_after=None
[2025-12-08T02:33:52.421+0000] {processor.py:208} INFO - Processing /opt/airflow/dags/ETL.py took 0.203 seconds
[2025-12-08T02:34:22.717+0000] {processor.py:186} INFO - Started process (PID=278) to work on /opt/airflow/dags/ETL.py
[2025-12-08T02:34:22.719+0000] {processor.py:914} INFO - Processing file /opt/airflow/dags/ETL.py for tasks to queue
[2025-12-08T02:34:22.725+0000] {logging_mixin.py:190} INFO - [2025-12-08T02:34:22.724+0000] {dagbag.py:588} INFO - Filling up the DagBag from /opt/airflow/dags/ETL.py
[2025-12-08T02:34:22.764+0000] {processor.py:925} INFO - DAG(s) 'ETL_process' retrieved from /opt/airflow/dags/ETL.py
[2025-12-08T02:34:22.835+0000] {logging_mixin.py:190} INFO - [2025-12-08T02:34:22.835+0000] {dag.py:3239} INFO - Sync 1 DAGs
[2025-12-08T02:34:22.869+0000] {logging_mixin.py:190} INFO - [2025-12-08T02:34:22.868+0000] {dag.py:4180} INFO - Setting next_dagrun for ETL_process to None, run_after=None
[2025-12-08T02:34:22.922+0000] {processor.py:208} INFO - Processing /opt/airflow/dags/ETL.py took 0.218 seconds
[2025-12-08T02:34:53.148+0000] {processor.py:186} INFO - Started process (PID=288) to work on /opt/airflow/dags/ETL.py
[2025-12-08T02:34:53.151+0000] {processor.py:914} INFO - Processing file /opt/airflow/dags/ETL.py for tasks to queue
[2025-12-08T02:34:53.156+0000] {logging_mixin.py:190} INFO - [2025-12-08T02:34:53.156+0000] {dagbag.py:588} INFO - Filling up the DagBag from /opt/airflow/dags/ETL.py
[2025-12-08T02:34:53.193+0000] {processor.py:925} INFO - DAG(s) 'ETL_process' retrieved from /opt/airflow/dags/ETL.py
[2025-12-08T02:34:53.256+0000] {logging_mixin.py:190} INFO - [2025-12-08T02:34:53.255+0000] {dag.py:3239} INFO - Sync 1 DAGs
[2025-12-08T02:34:53.283+0000] {logging_mixin.py:190} INFO - [2025-12-08T02:34:53.282+0000] {dag.py:4180} INFO - Setting next_dagrun for ETL_process to None, run_after=None
[2025-12-08T02:34:53.314+0000] {processor.py:208} INFO - Processing /opt/airflow/dags/ETL.py took 0.182 seconds
[2025-12-08T02:35:23.688+0000] {processor.py:186} INFO - Started process (PID=298) to work on /opt/airflow/dags/ETL.py
[2025-12-08T02:35:23.692+0000] {processor.py:914} INFO - Processing file /opt/airflow/dags/ETL.py for tasks to queue
[2025-12-08T02:35:23.707+0000] {logging_mixin.py:190} INFO - [2025-12-08T02:35:23.705+0000] {dagbag.py:588} INFO - Filling up the DagBag from /opt/airflow/dags/ETL.py
[2025-12-08T02:35:23.753+0000] {processor.py:925} INFO - DAG(s) 'ETL_process' retrieved from /opt/airflow/dags/ETL.py
[2025-12-08T02:35:23.821+0000] {logging_mixin.py:190} INFO - [2025-12-08T02:35:23.821+0000] {dag.py:3239} INFO - Sync 1 DAGs
[2025-12-08T02:35:23.846+0000] {logging_mixin.py:190} INFO - [2025-12-08T02:35:23.846+0000] {dag.py:4180} INFO - Setting next_dagrun for ETL_process to None, run_after=None
[2025-12-08T02:35:23.885+0000] {processor.py:208} INFO - Processing /opt/airflow/dags/ETL.py took 0.218 seconds
[2025-12-08T02:35:54.115+0000] {processor.py:186} INFO - Started process (PID=308) to work on /opt/airflow/dags/ETL.py
[2025-12-08T02:35:54.117+0000] {processor.py:914} INFO - Processing file /opt/airflow/dags/ETL.py for tasks to queue
[2025-12-08T02:35:54.124+0000] {logging_mixin.py:190} INFO - [2025-12-08T02:35:54.123+0000] {dagbag.py:588} INFO - Filling up the DagBag from /opt/airflow/dags/ETL.py
[2025-12-08T02:35:54.164+0000] {processor.py:925} INFO - DAG(s) 'ETL_process' retrieved from /opt/airflow/dags/ETL.py
[2025-12-08T02:35:54.239+0000] {logging_mixin.py:190} INFO - [2025-12-08T02:35:54.239+0000] {dag.py:3239} INFO - Sync 1 DAGs
[2025-12-08T02:35:54.272+0000] {logging_mixin.py:190} INFO - [2025-12-08T02:35:54.272+0000] {dag.py:4180} INFO - Setting next_dagrun for ETL_process to None, run_after=None
[2025-12-08T02:35:54.307+0000] {processor.py:208} INFO - Processing /opt/airflow/dags/ETL.py took 0.210 seconds
[2025-12-08T02:36:24.601+0000] {processor.py:186} INFO - Started process (PID=318) to work on /opt/airflow/dags/ETL.py
[2025-12-08T02:36:24.603+0000] {processor.py:914} INFO - Processing file /opt/airflow/dags/ETL.py for tasks to queue
[2025-12-08T02:36:24.610+0000] {logging_mixin.py:190} INFO - [2025-12-08T02:36:24.608+0000] {dagbag.py:588} INFO - Filling up the DagBag from /opt/airflow/dags/ETL.py
[2025-12-08T02:36:24.655+0000] {processor.py:925} INFO - DAG(s) 'ETL_process' retrieved from /opt/airflow/dags/ETL.py
[2025-12-08T02:36:24.716+0000] {logging_mixin.py:190} INFO - [2025-12-08T02:36:24.716+0000] {dag.py:3239} INFO - Sync 1 DAGs
[2025-12-08T02:36:24.755+0000] {logging_mixin.py:190} INFO - [2025-12-08T02:36:24.754+0000] {dag.py:4180} INFO - Setting next_dagrun for ETL_process to None, run_after=None
[2025-12-08T02:36:24.808+0000] {processor.py:208} INFO - Processing /opt/airflow/dags/ETL.py took 0.222 seconds
[2025-12-08T02:36:55.264+0000] {processor.py:186} INFO - Started process (PID=328) to work on /opt/airflow/dags/ETL.py
[2025-12-08T02:36:55.268+0000] {processor.py:914} INFO - Processing file /opt/airflow/dags/ETL.py for tasks to queue
[2025-12-08T02:36:55.274+0000] {logging_mixin.py:190} INFO - [2025-12-08T02:36:55.274+0000] {dagbag.py:588} INFO - Filling up the DagBag from /opt/airflow/dags/ETL.py
[2025-12-08T02:36:55.310+0000] {processor.py:925} INFO - DAG(s) 'ETL_process' retrieved from /opt/airflow/dags/ETL.py
[2025-12-08T02:36:55.374+0000] {logging_mixin.py:190} INFO - [2025-12-08T02:36:55.373+0000] {dag.py:3239} INFO - Sync 1 DAGs
[2025-12-08T02:36:55.404+0000] {logging_mixin.py:190} INFO - [2025-12-08T02:36:55.403+0000] {dag.py:4180} INFO - Setting next_dagrun for ETL_process to None, run_after=None
[2025-12-08T02:36:55.434+0000] {processor.py:208} INFO - Processing /opt/airflow/dags/ETL.py took 0.184 seconds
[2025-12-08T02:37:25.851+0000] {processor.py:186} INFO - Started process (PID=338) to work on /opt/airflow/dags/ETL.py
[2025-12-08T02:37:25.857+0000] {processor.py:914} INFO - Processing file /opt/airflow/dags/ETL.py for tasks to queue
[2025-12-08T02:37:25.868+0000] {logging_mixin.py:190} INFO - [2025-12-08T02:37:25.867+0000] {dagbag.py:588} INFO - Filling up the DagBag from /opt/airflow/dags/ETL.py
[2025-12-08T02:37:25.916+0000] {processor.py:925} INFO - DAG(s) 'ETL_process' retrieved from /opt/airflow/dags/ETL.py
[2025-12-08T02:37:25.997+0000] {logging_mixin.py:190} INFO - [2025-12-08T02:37:25.997+0000] {dag.py:3239} INFO - Sync 1 DAGs
[2025-12-08T02:37:26.024+0000] {logging_mixin.py:190} INFO - [2025-12-08T02:37:26.024+0000] {dag.py:4180} INFO - Setting next_dagrun for ETL_process to None, run_after=None
[2025-12-08T02:37:26.058+0000] {processor.py:208} INFO - Processing /opt/airflow/dags/ETL.py took 0.226 seconds
[2025-12-08T02:37:56.538+0000] {processor.py:186} INFO - Started process (PID=348) to work on /opt/airflow/dags/ETL.py
[2025-12-08T02:37:56.540+0000] {processor.py:914} INFO - Processing file /opt/airflow/dags/ETL.py for tasks to queue
[2025-12-08T02:37:56.546+0000] {logging_mixin.py:190} INFO - [2025-12-08T02:37:56.545+0000] {dagbag.py:588} INFO - Filling up the DagBag from /opt/airflow/dags/ETL.py
[2025-12-08T02:37:56.585+0000] {processor.py:925} INFO - DAG(s) 'ETL_process' retrieved from /opt/airflow/dags/ETL.py
[2025-12-08T02:37:56.645+0000] {logging_mixin.py:190} INFO - [2025-12-08T02:37:56.644+0000] {dag.py:3239} INFO - Sync 1 DAGs
[2025-12-08T02:37:56.689+0000] {logging_mixin.py:190} INFO - [2025-12-08T02:37:56.689+0000] {dag.py:4180} INFO - Setting next_dagrun for ETL_process to None, run_after=None
[2025-12-08T02:37:56.727+0000] {processor.py:208} INFO - Processing /opt/airflow/dags/ETL.py took 0.203 seconds
[2025-12-08T02:38:26.938+0000] {processor.py:186} INFO - Started process (PID=358) to work on /opt/airflow/dags/ETL.py
[2025-12-08T02:38:26.940+0000] {processor.py:914} INFO - Processing file /opt/airflow/dags/ETL.py for tasks to queue
[2025-12-08T02:38:26.945+0000] {logging_mixin.py:190} INFO - [2025-12-08T02:38:26.944+0000] {dagbag.py:588} INFO - Filling up the DagBag from /opt/airflow/dags/ETL.py
[2025-12-08T02:38:26.977+0000] {processor.py:925} INFO - DAG(s) 'ETL_process' retrieved from /opt/airflow/dags/ETL.py
[2025-12-08T02:38:27.073+0000] {logging_mixin.py:190} INFO - [2025-12-08T02:38:27.073+0000] {dag.py:3239} INFO - Sync 1 DAGs
[2025-12-08T02:38:27.140+0000] {logging_mixin.py:190} INFO - [2025-12-08T02:38:27.139+0000] {dag.py:4180} INFO - Setting next_dagrun for ETL_process to None, run_after=None
[2025-12-08T02:38:27.191+0000] {processor.py:208} INFO - Processing /opt/airflow/dags/ETL.py took 0.265 seconds
[2025-12-08T02:38:57.633+0000] {processor.py:186} INFO - Started process (PID=368) to work on /opt/airflow/dags/ETL.py
[2025-12-08T02:38:57.635+0000] {processor.py:914} INFO - Processing file /opt/airflow/dags/ETL.py for tasks to queue
[2025-12-08T02:38:57.641+0000] {logging_mixin.py:190} INFO - [2025-12-08T02:38:57.640+0000] {dagbag.py:588} INFO - Filling up the DagBag from /opt/airflow/dags/ETL.py
[2025-12-08T02:38:57.672+0000] {processor.py:925} INFO - DAG(s) 'ETL_process' retrieved from /opt/airflow/dags/ETL.py
[2025-12-08T02:38:57.730+0000] {logging_mixin.py:190} INFO - [2025-12-08T02:38:57.730+0000] {dag.py:3239} INFO - Sync 1 DAGs
[2025-12-08T02:38:57.768+0000] {logging_mixin.py:190} INFO - [2025-12-08T02:38:57.767+0000] {dag.py:4180} INFO - Setting next_dagrun for ETL_process to None, run_after=None
[2025-12-08T02:38:57.796+0000] {processor.py:208} INFO - Processing /opt/airflow/dags/ETL.py took 0.178 seconds
[2025-12-08T02:39:27.995+0000] {processor.py:186} INFO - Started process (PID=378) to work on /opt/airflow/dags/ETL.py
[2025-12-08T02:39:27.996+0000] {processor.py:914} INFO - Processing file /opt/airflow/dags/ETL.py for tasks to queue
[2025-12-08T02:39:28.000+0000] {logging_mixin.py:190} INFO - [2025-12-08T02:39:28.000+0000] {dagbag.py:588} INFO - Filling up the DagBag from /opt/airflow/dags/ETL.py
[2025-12-08T02:39:28.035+0000] {processor.py:925} INFO - DAG(s) 'ETL_process' retrieved from /opt/airflow/dags/ETL.py
[2025-12-08T02:39:28.100+0000] {logging_mixin.py:190} INFO - [2025-12-08T02:39:28.100+0000] {dag.py:3239} INFO - Sync 1 DAGs
[2025-12-08T02:39:28.145+0000] {logging_mixin.py:190} INFO - [2025-12-08T02:39:28.145+0000] {dag.py:4180} INFO - Setting next_dagrun for ETL_process to None, run_after=None
[2025-12-08T02:39:28.212+0000] {processor.py:208} INFO - Processing /opt/airflow/dags/ETL.py took 0.229 seconds
[2025-12-08T02:39:58.556+0000] {processor.py:186} INFO - Started process (PID=388) to work on /opt/airflow/dags/ETL.py
[2025-12-08T02:39:58.562+0000] {processor.py:914} INFO - Processing file /opt/airflow/dags/ETL.py for tasks to queue
[2025-12-08T02:39:58.587+0000] {logging_mixin.py:190} INFO - [2025-12-08T02:39:58.582+0000] {dagbag.py:588} INFO - Filling up the DagBag from /opt/airflow/dags/ETL.py
[2025-12-08T02:39:58.653+0000] {processor.py:925} INFO - DAG(s) 'ETL_process' retrieved from /opt/airflow/dags/ETL.py
[2025-12-08T02:39:58.745+0000] {logging_mixin.py:190} INFO - [2025-12-08T02:39:58.744+0000] {dag.py:3239} INFO - Sync 1 DAGs
[2025-12-08T02:39:58.784+0000] {logging_mixin.py:190} INFO - [2025-12-08T02:39:58.784+0000] {dag.py:4180} INFO - Setting next_dagrun for ETL_process to None, run_after=None
[2025-12-08T02:39:58.814+0000] {processor.py:208} INFO - Processing /opt/airflow/dags/ETL.py took 0.289 seconds
[2025-12-08T02:40:28.907+0000] {processor.py:186} INFO - Started process (PID=398) to work on /opt/airflow/dags/ETL.py
[2025-12-08T02:40:28.909+0000] {processor.py:914} INFO - Processing file /opt/airflow/dags/ETL.py for tasks to queue
[2025-12-08T02:40:28.915+0000] {logging_mixin.py:190} INFO - [2025-12-08T02:40:28.914+0000] {dagbag.py:588} INFO - Filling up the DagBag from /opt/airflow/dags/ETL.py
[2025-12-08T02:40:28.947+0000] {processor.py:925} INFO - DAG(s) 'ETL_process' retrieved from /opt/airflow/dags/ETL.py
[2025-12-08T02:40:29.053+0000] {logging_mixin.py:190} INFO - [2025-12-08T02:40:29.053+0000] {dag.py:3239} INFO - Sync 1 DAGs
[2025-12-08T02:40:29.098+0000] {logging_mixin.py:190} INFO - [2025-12-08T02:40:29.098+0000] {dag.py:4180} INFO - Setting next_dagrun for ETL_process to None, run_after=None
[2025-12-08T02:40:29.131+0000] {processor.py:208} INFO - Processing /opt/airflow/dags/ETL.py took 0.235 seconds
[2025-12-08T02:40:59.536+0000] {processor.py:186} INFO - Started process (PID=408) to work on /opt/airflow/dags/ETL.py
[2025-12-08T02:40:59.538+0000] {processor.py:914} INFO - Processing file /opt/airflow/dags/ETL.py for tasks to queue
[2025-12-08T02:40:59.544+0000] {logging_mixin.py:190} INFO - [2025-12-08T02:40:59.544+0000] {dagbag.py:588} INFO - Filling up the DagBag from /opt/airflow/dags/ETL.py
[2025-12-08T02:40:59.578+0000] {processor.py:925} INFO - DAG(s) 'ETL_process' retrieved from /opt/airflow/dags/ETL.py
[2025-12-08T02:40:59.630+0000] {logging_mixin.py:190} INFO - [2025-12-08T02:40:59.629+0000] {dag.py:3239} INFO - Sync 1 DAGs
[2025-12-08T02:40:59.656+0000] {logging_mixin.py:190} INFO - [2025-12-08T02:40:59.655+0000] {dag.py:4180} INFO - Setting next_dagrun for ETL_process to None, run_after=None
[2025-12-08T02:40:59.690+0000] {processor.py:208} INFO - Processing /opt/airflow/dags/ETL.py took 0.169 seconds
[2025-12-08T02:41:29.902+0000] {processor.py:186} INFO - Started process (PID=418) to work on /opt/airflow/dags/ETL.py
[2025-12-08T02:41:29.904+0000] {processor.py:914} INFO - Processing file /opt/airflow/dags/ETL.py for tasks to queue
[2025-12-08T02:41:29.910+0000] {logging_mixin.py:190} INFO - [2025-12-08T02:41:29.909+0000] {dagbag.py:588} INFO - Filling up the DagBag from /opt/airflow/dags/ETL.py
[2025-12-08T02:41:29.942+0000] {processor.py:925} INFO - DAG(s) 'ETL_process' retrieved from /opt/airflow/dags/ETL.py
[2025-12-08T02:41:30.029+0000] {logging_mixin.py:190} INFO - [2025-12-08T02:41:30.029+0000] {dag.py:3239} INFO - Sync 1 DAGs
[2025-12-08T02:41:30.097+0000] {logging_mixin.py:190} INFO - [2025-12-08T02:41:30.097+0000] {dag.py:4180} INFO - Setting next_dagrun for ETL_process to None, run_after=None
[2025-12-08T02:41:30.131+0000] {processor.py:208} INFO - Processing /opt/airflow/dags/ETL.py took 0.243 seconds
[2025-12-08T02:42:00.594+0000] {processor.py:186} INFO - Started process (PID=428) to work on /opt/airflow/dags/ETL.py
[2025-12-08T02:42:00.597+0000] {processor.py:914} INFO - Processing file /opt/airflow/dags/ETL.py for tasks to queue
[2025-12-08T02:42:00.602+0000] {logging_mixin.py:190} INFO - [2025-12-08T02:42:00.601+0000] {dagbag.py:588} INFO - Filling up the DagBag from /opt/airflow/dags/ETL.py
[2025-12-08T02:42:00.635+0000] {processor.py:925} INFO - DAG(s) 'ETL_process' retrieved from /opt/airflow/dags/ETL.py
[2025-12-08T02:42:00.693+0000] {logging_mixin.py:190} INFO - [2025-12-08T02:42:00.692+0000] {dag.py:3239} INFO - Sync 1 DAGs
[2025-12-08T02:42:00.758+0000] {logging_mixin.py:190} INFO - [2025-12-08T02:42:00.757+0000] {dag.py:4180} INFO - Setting next_dagrun for ETL_process to None, run_after=None
[2025-12-08T02:42:00.805+0000] {processor.py:208} INFO - Processing /opt/airflow/dags/ETL.py took 0.225 seconds
[2025-12-08T02:42:31.185+0000] {processor.py:186} INFO - Started process (PID=438) to work on /opt/airflow/dags/ETL.py
[2025-12-08T02:42:31.188+0000] {processor.py:914} INFO - Processing file /opt/airflow/dags/ETL.py for tasks to queue
[2025-12-08T02:42:31.193+0000] {logging_mixin.py:190} INFO - [2025-12-08T02:42:31.193+0000] {dagbag.py:588} INFO - Filling up the DagBag from /opt/airflow/dags/ETL.py
[2025-12-08T02:42:31.224+0000] {processor.py:925} INFO - DAG(s) 'ETL_process' retrieved from /opt/airflow/dags/ETL.py
[2025-12-08T02:42:31.345+0000] {logging_mixin.py:190} INFO - [2025-12-08T02:42:31.344+0000] {dag.py:3239} INFO - Sync 1 DAGs
[2025-12-08T02:42:31.385+0000] {logging_mixin.py:190} INFO - [2025-12-08T02:42:31.385+0000] {dag.py:4180} INFO - Setting next_dagrun for ETL_process to None, run_after=None
[2025-12-08T02:42:31.423+0000] {processor.py:208} INFO - Processing /opt/airflow/dags/ETL.py took 0.253 seconds
[2025-12-08T02:43:01.532+0000] {processor.py:186} INFO - Started process (PID=448) to work on /opt/airflow/dags/ETL.py
[2025-12-08T02:43:01.534+0000] {processor.py:914} INFO - Processing file /opt/airflow/dags/ETL.py for tasks to queue
[2025-12-08T02:43:01.540+0000] {logging_mixin.py:190} INFO - [2025-12-08T02:43:01.539+0000] {dagbag.py:588} INFO - Filling up the DagBag from /opt/airflow/dags/ETL.py
[2025-12-08T02:43:01.576+0000] {processor.py:925} INFO - DAG(s) 'ETL_process' retrieved from /opt/airflow/dags/ETL.py
[2025-12-08T02:43:01.625+0000] {logging_mixin.py:190} INFO - [2025-12-08T02:43:01.625+0000] {dag.py:3239} INFO - Sync 1 DAGs
[2025-12-08T02:43:01.678+0000] {logging_mixin.py:190} INFO - [2025-12-08T02:43:01.677+0000] {dag.py:4180} INFO - Setting next_dagrun for ETL_process to None, run_after=None
[2025-12-08T02:43:01.732+0000] {processor.py:208} INFO - Processing /opt/airflow/dags/ETL.py took 0.209 seconds
[2025-12-08T02:43:32.116+0000] {processor.py:186} INFO - Started process (PID=458) to work on /opt/airflow/dags/ETL.py
[2025-12-08T02:43:32.119+0000] {processor.py:914} INFO - Processing file /opt/airflow/dags/ETL.py for tasks to queue
[2025-12-08T02:43:32.125+0000] {logging_mixin.py:190} INFO - [2025-12-08T02:43:32.125+0000] {dagbag.py:588} INFO - Filling up the DagBag from /opt/airflow/dags/ETL.py
[2025-12-08T02:43:32.159+0000] {processor.py:925} INFO - DAG(s) 'ETL_process' retrieved from /opt/airflow/dags/ETL.py
[2025-12-08T02:43:32.217+0000] {logging_mixin.py:190} INFO - [2025-12-08T02:43:32.217+0000] {dag.py:3239} INFO - Sync 1 DAGs
[2025-12-08T02:43:32.282+0000] {logging_mixin.py:190} INFO - [2025-12-08T02:43:32.282+0000] {dag.py:4180} INFO - Setting next_dagrun for ETL_process to None, run_after=None
[2025-12-08T02:43:32.333+0000] {processor.py:208} INFO - Processing /opt/airflow/dags/ETL.py took 0.232 seconds
[2025-12-08T02:44:02.477+0000] {processor.py:186} INFO - Started process (PID=468) to work on /opt/airflow/dags/ETL.py
[2025-12-08T02:44:02.479+0000] {processor.py:914} INFO - Processing file /opt/airflow/dags/ETL.py for tasks to queue
[2025-12-08T02:44:02.485+0000] {logging_mixin.py:190} INFO - [2025-12-08T02:44:02.484+0000] {dagbag.py:588} INFO - Filling up the DagBag from /opt/airflow/dags/ETL.py
[2025-12-08T02:44:02.526+0000] {processor.py:925} INFO - DAG(s) 'ETL_process' retrieved from /opt/airflow/dags/ETL.py
[2025-12-08T02:44:02.577+0000] {logging_mixin.py:190} INFO - [2025-12-08T02:44:02.577+0000] {dag.py:3239} INFO - Sync 1 DAGs
[2025-12-08T02:44:02.602+0000] {logging_mixin.py:190} INFO - [2025-12-08T02:44:02.601+0000] {dag.py:4180} INFO - Setting next_dagrun for ETL_process to None, run_after=None
[2025-12-08T02:44:02.639+0000] {processor.py:208} INFO - Processing /opt/airflow/dags/ETL.py took 0.178 seconds
[2025-12-08T02:44:33.094+0000] {processor.py:186} INFO - Started process (PID=478) to work on /opt/airflow/dags/ETL.py
[2025-12-08T02:44:33.097+0000] {processor.py:914} INFO - Processing file /opt/airflow/dags/ETL.py for tasks to queue
[2025-12-08T02:44:33.102+0000] {logging_mixin.py:190} INFO - [2025-12-08T02:44:33.102+0000] {dagbag.py:588} INFO - Filling up the DagBag from /opt/airflow/dags/ETL.py
[2025-12-08T02:44:33.138+0000] {processor.py:925} INFO - DAG(s) 'ETL_process' retrieved from /opt/airflow/dags/ETL.py
[2025-12-08T02:44:33.193+0000] {logging_mixin.py:190} INFO - [2025-12-08T02:44:33.192+0000] {dag.py:3239} INFO - Sync 1 DAGs
[2025-12-08T02:44:33.245+0000] {logging_mixin.py:190} INFO - [2025-12-08T02:44:33.244+0000] {dag.py:4180} INFO - Setting next_dagrun for ETL_process to None, run_after=None
[2025-12-08T02:44:33.298+0000] {processor.py:208} INFO - Processing /opt/airflow/dags/ETL.py took 0.225 seconds
[2025-12-08T02:45:03.440+0000] {processor.py:186} INFO - Started process (PID=488) to work on /opt/airflow/dags/ETL.py
[2025-12-08T02:45:03.443+0000] {processor.py:914} INFO - Processing file /opt/airflow/dags/ETL.py for tasks to queue
[2025-12-08T02:45:03.447+0000] {logging_mixin.py:190} INFO - [2025-12-08T02:45:03.446+0000] {dagbag.py:588} INFO - Filling up the DagBag from /opt/airflow/dags/ETL.py
[2025-12-08T02:45:03.480+0000] {processor.py:925} INFO - DAG(s) 'ETL_process' retrieved from /opt/airflow/dags/ETL.py
[2025-12-08T02:45:03.530+0000] {logging_mixin.py:190} INFO - [2025-12-08T02:45:03.530+0000] {dag.py:3239} INFO - Sync 1 DAGs
[2025-12-08T02:45:03.567+0000] {logging_mixin.py:190} INFO - [2025-12-08T02:45:03.567+0000] {dag.py:4180} INFO - Setting next_dagrun for ETL_process to None, run_after=None
[2025-12-08T02:45:03.614+0000] {processor.py:208} INFO - Processing /opt/airflow/dags/ETL.py took 0.188 seconds
[2025-12-08T02:45:33.973+0000] {processor.py:186} INFO - Started process (PID=498) to work on /opt/airflow/dags/ETL.py
[2025-12-08T02:45:33.977+0000] {processor.py:914} INFO - Processing file /opt/airflow/dags/ETL.py for tasks to queue
[2025-12-08T02:45:33.982+0000] {logging_mixin.py:190} INFO - [2025-12-08T02:45:33.982+0000] {dagbag.py:588} INFO - Filling up the DagBag from /opt/airflow/dags/ETL.py
[2025-12-08T02:45:34.020+0000] {processor.py:925} INFO - DAG(s) 'ETL_process' retrieved from /opt/airflow/dags/ETL.py
[2025-12-08T02:45:34.072+0000] {logging_mixin.py:190} INFO - [2025-12-08T02:45:34.071+0000] {dag.py:3239} INFO - Sync 1 DAGs
[2025-12-08T02:45:34.136+0000] {logging_mixin.py:190} INFO - [2025-12-08T02:45:34.136+0000] {dag.py:4180} INFO - Setting next_dagrun for ETL_process to None, run_after=None
[2025-12-08T02:45:34.180+0000] {processor.py:208} INFO - Processing /opt/airflow/dags/ETL.py took 0.221 seconds
[2025-12-08T02:46:04.320+0000] {processor.py:186} INFO - Started process (PID=508) to work on /opt/airflow/dags/ETL.py
[2025-12-08T02:46:04.322+0000] {processor.py:914} INFO - Processing file /opt/airflow/dags/ETL.py for tasks to queue
[2025-12-08T02:46:04.326+0000] {logging_mixin.py:190} INFO - [2025-12-08T02:46:04.326+0000] {dagbag.py:588} INFO - Filling up the DagBag from /opt/airflow/dags/ETL.py
[2025-12-08T02:46:04.376+0000] {processor.py:925} INFO - DAG(s) 'ETL_process' retrieved from /opt/airflow/dags/ETL.py
[2025-12-08T02:46:04.488+0000] {logging_mixin.py:190} INFO - [2025-12-08T02:46:04.487+0000] {dag.py:3239} INFO - Sync 1 DAGs
[2025-12-08T02:46:04.545+0000] {logging_mixin.py:190} INFO - [2025-12-08T02:46:04.544+0000] {dag.py:4180} INFO - Setting next_dagrun for ETL_process to None, run_after=None
[2025-12-08T02:46:04.588+0000] {processor.py:208} INFO - Processing /opt/airflow/dags/ETL.py took 0.282 seconds
[2025-12-08T02:46:34.927+0000] {processor.py:186} INFO - Started process (PID=518) to work on /opt/airflow/dags/ETL.py
[2025-12-08T02:46:34.935+0000] {processor.py:914} INFO - Processing file /opt/airflow/dags/ETL.py for tasks to queue
[2025-12-08T02:46:34.941+0000] {logging_mixin.py:190} INFO - [2025-12-08T02:46:34.940+0000] {dagbag.py:588} INFO - Filling up the DagBag from /opt/airflow/dags/ETL.py
[2025-12-08T02:46:35.007+0000] {processor.py:925} INFO - DAG(s) 'ETL_process' retrieved from /opt/airflow/dags/ETL.py
[2025-12-08T02:46:35.079+0000] {logging_mixin.py:190} INFO - [2025-12-08T02:46:35.078+0000] {dag.py:3239} INFO - Sync 1 DAGs
[2025-12-08T02:46:35.139+0000] {logging_mixin.py:190} INFO - [2025-12-08T02:46:35.139+0000] {dag.py:4180} INFO - Setting next_dagrun for ETL_process to None, run_after=None
[2025-12-08T02:46:35.182+0000] {processor.py:208} INFO - Processing /opt/airflow/dags/ETL.py took 0.300 seconds
[2025-12-08T02:47:05.623+0000] {processor.py:186} INFO - Started process (PID=528) to work on /opt/airflow/dags/ETL.py
[2025-12-08T02:47:05.626+0000] {processor.py:914} INFO - Processing file /opt/airflow/dags/ETL.py for tasks to queue
[2025-12-08T02:47:05.637+0000] {logging_mixin.py:190} INFO - [2025-12-08T02:47:05.636+0000] {dagbag.py:588} INFO - Filling up the DagBag from /opt/airflow/dags/ETL.py
[2025-12-08T02:47:05.746+0000] {processor.py:925} INFO - DAG(s) 'ETL_process' retrieved from /opt/airflow/dags/ETL.py
[2025-12-08T02:47:05.829+0000] {logging_mixin.py:190} INFO - [2025-12-08T02:47:05.829+0000] {dag.py:3239} INFO - Sync 1 DAGs
[2025-12-08T02:47:05.862+0000] {logging_mixin.py:190} INFO - [2025-12-08T02:47:05.862+0000] {dag.py:4180} INFO - Setting next_dagrun for ETL_process to None, run_after=None
[2025-12-08T02:47:05.902+0000] {processor.py:208} INFO - Processing /opt/airflow/dags/ETL.py took 0.320 seconds
[2025-12-08T02:47:36.132+0000] {processor.py:186} INFO - Started process (PID=538) to work on /opt/airflow/dags/ETL.py
[2025-12-08T02:47:36.134+0000] {processor.py:914} INFO - Processing file /opt/airflow/dags/ETL.py for tasks to queue
[2025-12-08T02:47:36.139+0000] {logging_mixin.py:190} INFO - [2025-12-08T02:47:36.138+0000] {dagbag.py:588} INFO - Filling up the DagBag from /opt/airflow/dags/ETL.py
[2025-12-08T02:47:36.169+0000] {processor.py:925} INFO - DAG(s) 'ETL_process' retrieved from /opt/airflow/dags/ETL.py
[2025-12-08T02:47:36.241+0000] {logging_mixin.py:190} INFO - [2025-12-08T02:47:36.241+0000] {dag.py:3239} INFO - Sync 1 DAGs
[2025-12-08T02:47:36.291+0000] {logging_mixin.py:190} INFO - [2025-12-08T02:47:36.290+0000] {dag.py:4180} INFO - Setting next_dagrun for ETL_process to None, run_after=None
[2025-12-08T02:47:36.331+0000] {processor.py:208} INFO - Processing /opt/airflow/dags/ETL.py took 0.211 seconds
[2025-12-08T02:48:06.714+0000] {processor.py:186} INFO - Started process (PID=548) to work on /opt/airflow/dags/ETL.py
[2025-12-08T02:48:06.717+0000] {processor.py:914} INFO - Processing file /opt/airflow/dags/ETL.py for tasks to queue
[2025-12-08T02:48:06.723+0000] {logging_mixin.py:190} INFO - [2025-12-08T02:48:06.722+0000] {dagbag.py:588} INFO - Filling up the DagBag from /opt/airflow/dags/ETL.py
[2025-12-08T02:48:06.758+0000] {processor.py:925} INFO - DAG(s) 'ETL_process' retrieved from /opt/airflow/dags/ETL.py
[2025-12-08T02:48:06.807+0000] {logging_mixin.py:190} INFO - [2025-12-08T02:48:06.807+0000] {dag.py:3239} INFO - Sync 1 DAGs
[2025-12-08T02:48:06.833+0000] {logging_mixin.py:190} INFO - [2025-12-08T02:48:06.833+0000] {dag.py:4180} INFO - Setting next_dagrun for ETL_process to None, run_after=None
[2025-12-08T02:48:06.872+0000] {processor.py:208} INFO - Processing /opt/airflow/dags/ETL.py took 0.172 seconds
[2025-12-08T02:48:37.080+0000] {processor.py:186} INFO - Started process (PID=558) to work on /opt/airflow/dags/ETL.py
[2025-12-08T02:48:37.082+0000] {processor.py:914} INFO - Processing file /opt/airflow/dags/ETL.py for tasks to queue
[2025-12-08T02:48:37.086+0000] {logging_mixin.py:190} INFO - [2025-12-08T02:48:37.085+0000] {dagbag.py:588} INFO - Filling up the DagBag from /opt/airflow/dags/ETL.py
[2025-12-08T02:48:37.124+0000] {processor.py:925} INFO - DAG(s) 'ETL_process' retrieved from /opt/airflow/dags/ETL.py
[2025-12-08T02:48:37.207+0000] {logging_mixin.py:190} INFO - [2025-12-08T02:48:37.206+0000] {dag.py:3239} INFO - Sync 1 DAGs
[2025-12-08T02:48:37.248+0000] {logging_mixin.py:190} INFO - [2025-12-08T02:48:37.248+0000] {dag.py:4180} INFO - Setting next_dagrun for ETL_process to None, run_after=None
[2025-12-08T02:48:37.296+0000] {processor.py:208} INFO - Processing /opt/airflow/dags/ETL.py took 0.231 seconds
[2025-12-08T02:49:07.697+0000] {processor.py:186} INFO - Started process (PID=568) to work on /opt/airflow/dags/ETL.py
[2025-12-08T02:49:07.699+0000] {processor.py:914} INFO - Processing file /opt/airflow/dags/ETL.py for tasks to queue
[2025-12-08T02:49:07.703+0000] {logging_mixin.py:190} INFO - [2025-12-08T02:49:07.702+0000] {dagbag.py:588} INFO - Filling up the DagBag from /opt/airflow/dags/ETL.py
[2025-12-08T02:49:07.750+0000] {processor.py:925} INFO - DAG(s) 'ETL_process' retrieved from /opt/airflow/dags/ETL.py
[2025-12-08T02:49:07.820+0000] {logging_mixin.py:190} INFO - [2025-12-08T02:49:07.820+0000] {dag.py:3239} INFO - Sync 1 DAGs
[2025-12-08T02:49:07.849+0000] {logging_mixin.py:190} INFO - [2025-12-08T02:49:07.849+0000] {dag.py:4180} INFO - Setting next_dagrun for ETL_process to None, run_after=None
[2025-12-08T02:49:07.886+0000] {processor.py:208} INFO - Processing /opt/airflow/dags/ETL.py took 0.205 seconds
[2025-12-08T02:49:38.055+0000] {processor.py:186} INFO - Started process (PID=578) to work on /opt/airflow/dags/ETL.py
[2025-12-08T02:49:38.056+0000] {processor.py:914} INFO - Processing file /opt/airflow/dags/ETL.py for tasks to queue
[2025-12-08T02:49:38.062+0000] {logging_mixin.py:190} INFO - [2025-12-08T02:49:38.062+0000] {dagbag.py:588} INFO - Filling up the DagBag from /opt/airflow/dags/ETL.py
[2025-12-08T02:49:38.094+0000] {processor.py:925} INFO - DAG(s) 'ETL_process' retrieved from /opt/airflow/dags/ETL.py
[2025-12-08T02:49:38.156+0000] {logging_mixin.py:190} INFO - [2025-12-08T02:49:38.155+0000] {dag.py:3239} INFO - Sync 1 DAGs
[2025-12-08T02:49:38.201+0000] {logging_mixin.py:190} INFO - [2025-12-08T02:49:38.201+0000] {dag.py:4180} INFO - Setting next_dagrun for ETL_process to None, run_after=None
[2025-12-08T02:49:38.257+0000] {processor.py:208} INFO - Processing /opt/airflow/dags/ETL.py took 0.217 seconds
[2025-12-08T02:50:08.608+0000] {processor.py:186} INFO - Started process (PID=588) to work on /opt/airflow/dags/ETL.py
[2025-12-08T02:50:08.611+0000] {processor.py:914} INFO - Processing file /opt/airflow/dags/ETL.py for tasks to queue
[2025-12-08T02:50:08.616+0000] {logging_mixin.py:190} INFO - [2025-12-08T02:50:08.616+0000] {dagbag.py:588} INFO - Filling up the DagBag from /opt/airflow/dags/ETL.py
[2025-12-08T02:50:08.648+0000] {processor.py:925} INFO - DAG(s) 'ETL_process' retrieved from /opt/airflow/dags/ETL.py
[2025-12-08T02:50:08.713+0000] {logging_mixin.py:190} INFO - [2025-12-08T02:50:08.713+0000] {dag.py:3239} INFO - Sync 1 DAGs
[2025-12-08T02:50:08.751+0000] {logging_mixin.py:190} INFO - [2025-12-08T02:50:08.751+0000] {dag.py:4180} INFO - Setting next_dagrun for ETL_process to None, run_after=None
[2025-12-08T02:50:08.793+0000] {processor.py:208} INFO - Processing /opt/airflow/dags/ETL.py took 0.201 seconds
[2025-12-08T02:50:38.978+0000] {processor.py:186} INFO - Started process (PID=598) to work on /opt/airflow/dags/ETL.py
[2025-12-08T02:50:38.983+0000] {processor.py:914} INFO - Processing file /opt/airflow/dags/ETL.py for tasks to queue
[2025-12-08T02:50:38.992+0000] {logging_mixin.py:190} INFO - [2025-12-08T02:50:38.992+0000] {dagbag.py:588} INFO - Filling up the DagBag from /opt/airflow/dags/ETL.py
[2025-12-08T02:50:39.067+0000] {processor.py:925} INFO - DAG(s) 'ETL_process' retrieved from /opt/airflow/dags/ETL.py
[2025-12-08T02:50:39.188+0000] {logging_mixin.py:190} INFO - [2025-12-08T02:50:39.187+0000] {dag.py:3239} INFO - Sync 1 DAGs
[2025-12-08T02:50:39.233+0000] {logging_mixin.py:190} INFO - [2025-12-08T02:50:39.233+0000] {dag.py:4180} INFO - Setting next_dagrun for ETL_process to None, run_after=None
[2025-12-08T02:50:39.271+0000] {processor.py:208} INFO - Processing /opt/airflow/dags/ETL.py took 0.309 seconds
[2025-12-08T02:51:09.459+0000] {processor.py:186} INFO - Started process (PID=608) to work on /opt/airflow/dags/ETL.py
[2025-12-08T02:51:09.462+0000] {processor.py:914} INFO - Processing file /opt/airflow/dags/ETL.py for tasks to queue
[2025-12-08T02:51:09.468+0000] {logging_mixin.py:190} INFO - [2025-12-08T02:51:09.468+0000] {dagbag.py:588} INFO - Filling up the DagBag from /opt/airflow/dags/ETL.py
[2025-12-08T02:51:09.502+0000] {processor.py:925} INFO - DAG(s) 'ETL_process' retrieved from /opt/airflow/dags/ETL.py
[2025-12-08T02:51:09.603+0000] {logging_mixin.py:190} INFO - [2025-12-08T02:51:09.603+0000] {dag.py:3239} INFO - Sync 1 DAGs
[2025-12-08T02:51:09.659+0000] {logging_mixin.py:190} INFO - [2025-12-08T02:51:09.659+0000] {dag.py:4180} INFO - Setting next_dagrun for ETL_process to None, run_after=None
[2025-12-08T02:51:09.696+0000] {processor.py:208} INFO - Processing /opt/airflow/dags/ETL.py took 0.248 seconds
[2025-12-08T02:51:39.969+0000] {processor.py:186} INFO - Started process (PID=618) to work on /opt/airflow/dags/ETL.py
[2025-12-08T02:51:39.971+0000] {processor.py:914} INFO - Processing file /opt/airflow/dags/ETL.py for tasks to queue
[2025-12-08T02:51:39.976+0000] {logging_mixin.py:190} INFO - [2025-12-08T02:51:39.975+0000] {dagbag.py:588} INFO - Filling up the DagBag from /opt/airflow/dags/ETL.py
[2025-12-08T02:51:40.013+0000] {processor.py:925} INFO - DAG(s) 'ETL_process' retrieved from /opt/airflow/dags/ETL.py
[2025-12-08T02:51:40.132+0000] {logging_mixin.py:190} INFO - [2025-12-08T02:51:40.131+0000] {dag.py:3239} INFO - Sync 1 DAGs
[2025-12-08T02:51:40.196+0000] {logging_mixin.py:190} INFO - [2025-12-08T02:51:40.196+0000] {dag.py:4180} INFO - Setting next_dagrun for ETL_process to None, run_after=None
[2025-12-08T02:51:40.225+0000] {processor.py:208} INFO - Processing /opt/airflow/dags/ETL.py took 0.268 seconds
[2025-12-08T02:52:10.429+0000] {processor.py:186} INFO - Started process (PID=628) to work on /opt/airflow/dags/ETL.py
[2025-12-08T02:52:10.431+0000] {processor.py:914} INFO - Processing file /opt/airflow/dags/ETL.py for tasks to queue
[2025-12-08T02:52:10.434+0000] {logging_mixin.py:190} INFO - [2025-12-08T02:52:10.434+0000] {dagbag.py:588} INFO - Filling up the DagBag from /opt/airflow/dags/ETL.py
[2025-12-08T02:52:10.465+0000] {processor.py:925} INFO - DAG(s) 'ETL_process' retrieved from /opt/airflow/dags/ETL.py
[2025-12-08T02:52:10.556+0000] {logging_mixin.py:190} INFO - [2025-12-08T02:52:10.555+0000] {dag.py:3239} INFO - Sync 1 DAGs
[2025-12-08T02:52:10.616+0000] {logging_mixin.py:190} INFO - [2025-12-08T02:52:10.615+0000] {dag.py:4180} INFO - Setting next_dagrun for ETL_process to None, run_after=None
[2025-12-08T02:52:10.662+0000] {processor.py:208} INFO - Processing /opt/airflow/dags/ETL.py took 0.244 seconds
[2025-12-08T02:52:41.046+0000] {processor.py:186} INFO - Started process (PID=638) to work on /opt/airflow/dags/ETL.py
[2025-12-08T02:52:41.048+0000] {processor.py:914} INFO - Processing file /opt/airflow/dags/ETL.py for tasks to queue
[2025-12-08T02:52:41.053+0000] {logging_mixin.py:190} INFO - [2025-12-08T02:52:41.052+0000] {dagbag.py:588} INFO - Filling up the DagBag from /opt/airflow/dags/ETL.py
[2025-12-08T02:52:41.084+0000] {processor.py:925} INFO - DAG(s) 'ETL_process' retrieved from /opt/airflow/dags/ETL.py
[2025-12-08T02:52:41.187+0000] {logging_mixin.py:190} INFO - [2025-12-08T02:52:41.187+0000] {dag.py:3239} INFO - Sync 1 DAGs
[2025-12-08T02:52:41.237+0000] {logging_mixin.py:190} INFO - [2025-12-08T02:52:41.237+0000] {dag.py:4180} INFO - Setting next_dagrun for ETL_process to None, run_after=None
[2025-12-08T02:52:41.303+0000] {processor.py:208} INFO - Processing /opt/airflow/dags/ETL.py took 0.268 seconds
[2025-12-08T02:53:11.672+0000] {processor.py:186} INFO - Started process (PID=648) to work on /opt/airflow/dags/ETL.py
[2025-12-08T02:53:11.674+0000] {processor.py:914} INFO - Processing file /opt/airflow/dags/ETL.py for tasks to queue
[2025-12-08T02:53:11.679+0000] {logging_mixin.py:190} INFO - [2025-12-08T02:53:11.679+0000] {dagbag.py:588} INFO - Filling up the DagBag from /opt/airflow/dags/ETL.py
[2025-12-08T02:53:11.710+0000] {processor.py:925} INFO - DAG(s) 'ETL_process' retrieved from /opt/airflow/dags/ETL.py
[2025-12-08T02:53:11.799+0000] {logging_mixin.py:190} INFO - [2025-12-08T02:53:11.798+0000] {dag.py:3239} INFO - Sync 1 DAGs
[2025-12-08T02:53:11.858+0000] {logging_mixin.py:190} INFO - [2025-12-08T02:53:11.857+0000] {dag.py:4180} INFO - Setting next_dagrun for ETL_process to None, run_after=None
[2025-12-08T02:53:11.912+0000] {processor.py:208} INFO - Processing /opt/airflow/dags/ETL.py took 0.252 seconds
[2025-12-08T02:53:42.302+0000] {processor.py:186} INFO - Started process (PID=658) to work on /opt/airflow/dags/ETL.py
[2025-12-08T02:53:42.303+0000] {processor.py:914} INFO - Processing file /opt/airflow/dags/ETL.py for tasks to queue
[2025-12-08T02:53:42.307+0000] {logging_mixin.py:190} INFO - [2025-12-08T02:53:42.306+0000] {dagbag.py:588} INFO - Filling up the DagBag from /opt/airflow/dags/ETL.py
[2025-12-08T02:53:42.340+0000] {processor.py:925} INFO - DAG(s) 'ETL_process' retrieved from /opt/airflow/dags/ETL.py
[2025-12-08T02:53:42.423+0000] {logging_mixin.py:190} INFO - [2025-12-08T02:53:42.423+0000] {dag.py:3239} INFO - Sync 1 DAGs
[2025-12-08T02:53:42.455+0000] {logging_mixin.py:190} INFO - [2025-12-08T02:53:42.454+0000] {dag.py:4180} INFO - Setting next_dagrun for ETL_process to None, run_after=None
[2025-12-08T02:53:42.505+0000] {processor.py:208} INFO - Processing /opt/airflow/dags/ETL.py took 0.214 seconds
[2025-12-08T02:54:12.638+0000] {processor.py:186} INFO - Started process (PID=668) to work on /opt/airflow/dags/ETL.py
[2025-12-08T02:54:12.640+0000] {processor.py:914} INFO - Processing file /opt/airflow/dags/ETL.py for tasks to queue
[2025-12-08T02:54:12.644+0000] {logging_mixin.py:190} INFO - [2025-12-08T02:54:12.643+0000] {dagbag.py:588} INFO - Filling up the DagBag from /opt/airflow/dags/ETL.py
[2025-12-08T02:54:12.674+0000] {processor.py:925} INFO - DAG(s) 'ETL_process' retrieved from /opt/airflow/dags/ETL.py
[2025-12-08T02:54:12.742+0000] {logging_mixin.py:190} INFO - [2025-12-08T02:54:12.742+0000] {dag.py:3239} INFO - Sync 1 DAGs
[2025-12-08T02:54:12.795+0000] {logging_mixin.py:190} INFO - [2025-12-08T02:54:12.794+0000] {dag.py:4180} INFO - Setting next_dagrun for ETL_process to None, run_after=None
[2025-12-08T02:54:12.838+0000] {processor.py:208} INFO - Processing /opt/airflow/dags/ETL.py took 0.210 seconds
[2025-12-08T02:54:43.204+0000] {processor.py:186} INFO - Started process (PID=678) to work on /opt/airflow/dags/ETL.py
[2025-12-08T02:54:43.206+0000] {processor.py:914} INFO - Processing file /opt/airflow/dags/ETL.py for tasks to queue
[2025-12-08T02:54:43.211+0000] {logging_mixin.py:190} INFO - [2025-12-08T02:54:43.210+0000] {dagbag.py:588} INFO - Filling up the DagBag from /opt/airflow/dags/ETL.py
[2025-12-08T02:54:43.244+0000] {processor.py:925} INFO - DAG(s) 'ETL_process' retrieved from /opt/airflow/dags/ETL.py
[2025-12-08T02:54:43.349+0000] {logging_mixin.py:190} INFO - [2025-12-08T02:54:43.349+0000] {dag.py:3239} INFO - Sync 1 DAGs
[2025-12-08T02:54:43.390+0000] {logging_mixin.py:190} INFO - [2025-12-08T02:54:43.389+0000] {dag.py:4180} INFO - Setting next_dagrun for ETL_process to None, run_after=None
[2025-12-08T02:54:43.451+0000] {processor.py:208} INFO - Processing /opt/airflow/dags/ETL.py took 0.258 seconds
[2025-12-08T02:55:13.887+0000] {processor.py:186} INFO - Started process (PID=688) to work on /opt/airflow/dags/ETL.py
[2025-12-08T02:55:13.890+0000] {processor.py:914} INFO - Processing file /opt/airflow/dags/ETL.py for tasks to queue
[2025-12-08T02:55:13.908+0000] {logging_mixin.py:190} INFO - [2025-12-08T02:55:13.907+0000] {dagbag.py:588} INFO - Filling up the DagBag from /opt/airflow/dags/ETL.py
[2025-12-08T02:55:13.943+0000] {processor.py:925} INFO - DAG(s) 'ETL_process' retrieved from /opt/airflow/dags/ETL.py
[2025-12-08T02:55:13.994+0000] {logging_mixin.py:190} INFO - [2025-12-08T02:55:13.993+0000] {dag.py:3239} INFO - Sync 1 DAGs
[2025-12-08T02:55:14.027+0000] {logging_mixin.py:190} INFO - [2025-12-08T02:55:14.027+0000] {dag.py:4180} INFO - Setting next_dagrun for ETL_process to None, run_after=None
[2025-12-08T02:55:14.069+0000] {processor.py:208} INFO - Processing /opt/airflow/dags/ETL.py took 0.196 seconds
[2025-12-08T02:55:44.503+0000] {processor.py:186} INFO - Started process (PID=698) to work on /opt/airflow/dags/ETL.py
[2025-12-08T02:55:44.509+0000] {processor.py:914} INFO - Processing file /opt/airflow/dags/ETL.py for tasks to queue
[2025-12-08T02:55:44.519+0000] {logging_mixin.py:190} INFO - [2025-12-08T02:55:44.517+0000] {dagbag.py:588} INFO - Filling up the DagBag from /opt/airflow/dags/ETL.py
[2025-12-08T02:55:44.576+0000] {processor.py:925} INFO - DAG(s) 'ETL_process' retrieved from /opt/airflow/dags/ETL.py
[2025-12-08T02:55:44.688+0000] {logging_mixin.py:190} INFO - [2025-12-08T02:55:44.688+0000] {dag.py:3239} INFO - Sync 1 DAGs
[2025-12-08T02:55:44.723+0000] {logging_mixin.py:190} INFO - [2025-12-08T02:55:44.722+0000] {dag.py:4180} INFO - Setting next_dagrun for ETL_process to None, run_after=None
[2025-12-08T02:55:44.777+0000] {processor.py:208} INFO - Processing /opt/airflow/dags/ETL.py took 0.304 seconds
[2025-12-08T02:56:15.172+0000] {processor.py:186} INFO - Started process (PID=708) to work on /opt/airflow/dags/ETL.py
[2025-12-08T02:56:15.174+0000] {processor.py:914} INFO - Processing file /opt/airflow/dags/ETL.py for tasks to queue
[2025-12-08T02:56:15.180+0000] {logging_mixin.py:190} INFO - [2025-12-08T02:56:15.178+0000] {dagbag.py:588} INFO - Filling up the DagBag from /opt/airflow/dags/ETL.py
[2025-12-08T02:56:15.230+0000] {processor.py:925} INFO - DAG(s) 'ETL_process' retrieved from /opt/airflow/dags/ETL.py
[2025-12-08T02:56:15.331+0000] {logging_mixin.py:190} INFO - [2025-12-08T02:56:15.330+0000] {dag.py:3239} INFO - Sync 1 DAGs
[2025-12-08T02:56:15.363+0000] {logging_mixin.py:190} INFO - [2025-12-08T02:56:15.363+0000] {dag.py:4180} INFO - Setting next_dagrun for ETL_process to None, run_after=None
[2025-12-08T02:56:15.393+0000] {processor.py:208} INFO - Processing /opt/airflow/dags/ETL.py took 0.246 seconds
[2025-12-08T02:56:45.830+0000] {processor.py:186} INFO - Started process (PID=718) to work on /opt/airflow/dags/ETL.py
[2025-12-08T02:56:45.831+0000] {processor.py:914} INFO - Processing file /opt/airflow/dags/ETL.py for tasks to queue
[2025-12-08T02:56:45.839+0000] {logging_mixin.py:190} INFO - [2025-12-08T02:56:45.838+0000] {dagbag.py:588} INFO - Filling up the DagBag from /opt/airflow/dags/ETL.py
[2025-12-08T02:56:45.883+0000] {processor.py:925} INFO - DAG(s) 'ETL_process' retrieved from /opt/airflow/dags/ETL.py
[2025-12-08T02:56:45.986+0000] {logging_mixin.py:190} INFO - [2025-12-08T02:56:45.985+0000] {dag.py:3239} INFO - Sync 1 DAGs
[2025-12-08T02:56:46.035+0000] {logging_mixin.py:190} INFO - [2025-12-08T02:56:46.035+0000] {dag.py:4180} INFO - Setting next_dagrun for ETL_process to None, run_after=None
[2025-12-08T02:56:46.086+0000] {processor.py:208} INFO - Processing /opt/airflow/dags/ETL.py took 0.278 seconds
[2025-12-08T02:57:16.592+0000] {processor.py:186} INFO - Started process (PID=728) to work on /opt/airflow/dags/ETL.py
[2025-12-08T02:57:16.594+0000] {processor.py:914} INFO - Processing file /opt/airflow/dags/ETL.py for tasks to queue
[2025-12-08T02:57:16.606+0000] {logging_mixin.py:190} INFO - [2025-12-08T02:57:16.604+0000] {dagbag.py:588} INFO - Filling up the DagBag from /opt/airflow/dags/ETL.py
[2025-12-08T02:57:16.647+0000] {processor.py:925} INFO - DAG(s) 'ETL_process' retrieved from /opt/airflow/dags/ETL.py
[2025-12-08T02:57:16.718+0000] {logging_mixin.py:190} INFO - [2025-12-08T02:57:16.717+0000] {dag.py:3239} INFO - Sync 1 DAGs
[2025-12-08T02:57:16.751+0000] {logging_mixin.py:190} INFO - [2025-12-08T02:57:16.750+0000] {dag.py:4180} INFO - Setting next_dagrun for ETL_process to None, run_after=None
[2025-12-08T02:57:16.802+0000] {processor.py:208} INFO - Processing /opt/airflow/dags/ETL.py took 0.232 seconds
[2025-12-08T02:57:47.254+0000] {processor.py:186} INFO - Started process (PID=738) to work on /opt/airflow/dags/ETL.py
[2025-12-08T02:57:47.257+0000] {processor.py:914} INFO - Processing file /opt/airflow/dags/ETL.py for tasks to queue
[2025-12-08T02:57:47.263+0000] {logging_mixin.py:190} INFO - [2025-12-08T02:57:47.263+0000] {dagbag.py:588} INFO - Filling up the DagBag from /opt/airflow/dags/ETL.py
[2025-12-08T02:57:47.297+0000] {processor.py:925} INFO - DAG(s) 'ETL_process' retrieved from /opt/airflow/dags/ETL.py
[2025-12-08T02:57:47.351+0000] {logging_mixin.py:190} INFO - [2025-12-08T02:57:47.350+0000] {dag.py:3239} INFO - Sync 1 DAGs
[2025-12-08T02:57:47.378+0000] {logging_mixin.py:190} INFO - [2025-12-08T02:57:47.378+0000] {dag.py:4180} INFO - Setting next_dagrun for ETL_process to None, run_after=None
[2025-12-08T02:57:47.425+0000] {processor.py:208} INFO - Processing /opt/airflow/dags/ETL.py took 0.190 seconds
[2025-12-08T02:58:17.684+0000] {processor.py:186} INFO - Started process (PID=748) to work on /opt/airflow/dags/ETL.py
[2025-12-08T02:58:17.686+0000] {processor.py:914} INFO - Processing file /opt/airflow/dags/ETL.py for tasks to queue
[2025-12-08T02:58:17.692+0000] {logging_mixin.py:190} INFO - [2025-12-08T02:58:17.691+0000] {dagbag.py:588} INFO - Filling up the DagBag from /opt/airflow/dags/ETL.py
[2025-12-08T02:58:17.725+0000] {processor.py:925} INFO - DAG(s) 'ETL_process' retrieved from /opt/airflow/dags/ETL.py
[2025-12-08T02:58:17.792+0000] {logging_mixin.py:190} INFO - [2025-12-08T02:58:17.792+0000] {dag.py:3239} INFO - Sync 1 DAGs
[2025-12-08T02:58:17.824+0000] {logging_mixin.py:190} INFO - [2025-12-08T02:58:17.823+0000] {dag.py:4180} INFO - Setting next_dagrun for ETL_process to None, run_after=None
[2025-12-08T02:58:17.878+0000] {processor.py:208} INFO - Processing /opt/airflow/dags/ETL.py took 0.208 seconds
[2025-12-08T02:58:48.171+0000] {processor.py:186} INFO - Started process (PID=758) to work on /opt/airflow/dags/ETL.py
[2025-12-08T02:58:48.176+0000] {processor.py:914} INFO - Processing file /opt/airflow/dags/ETL.py for tasks to queue
[2025-12-08T02:58:48.180+0000] {logging_mixin.py:190} INFO - [2025-12-08T02:58:48.180+0000] {dagbag.py:588} INFO - Filling up the DagBag from /opt/airflow/dags/ETL.py
[2025-12-08T02:58:48.218+0000] {processor.py:925} INFO - DAG(s) 'ETL_process' retrieved from /opt/airflow/dags/ETL.py
[2025-12-08T02:58:48.279+0000] {logging_mixin.py:190} INFO - [2025-12-08T02:58:48.279+0000] {dag.py:3239} INFO - Sync 1 DAGs
[2025-12-08T02:58:48.303+0000] {logging_mixin.py:190} INFO - [2025-12-08T02:58:48.303+0000] {dag.py:4180} INFO - Setting next_dagrun for ETL_process to None, run_after=None
[2025-12-08T02:58:48.349+0000] {processor.py:208} INFO - Processing /opt/airflow/dags/ETL.py took 0.192 seconds
[2025-12-08T02:59:18.616+0000] {processor.py:186} INFO - Started process (PID=768) to work on /opt/airflow/dags/ETL.py
[2025-12-08T02:59:18.618+0000] {processor.py:914} INFO - Processing file /opt/airflow/dags/ETL.py for tasks to queue
[2025-12-08T02:59:18.622+0000] {logging_mixin.py:190} INFO - [2025-12-08T02:59:18.621+0000] {dagbag.py:588} INFO - Filling up the DagBag from /opt/airflow/dags/ETL.py
[2025-12-08T02:59:18.652+0000] {processor.py:925} INFO - DAG(s) 'ETL_process' retrieved from /opt/airflow/dags/ETL.py
[2025-12-08T02:59:18.703+0000] {logging_mixin.py:190} INFO - [2025-12-08T02:59:18.703+0000] {dag.py:3239} INFO - Sync 1 DAGs
[2025-12-08T02:59:18.730+0000] {logging_mixin.py:190} INFO - [2025-12-08T02:59:18.730+0000] {dag.py:4180} INFO - Setting next_dagrun for ETL_process to None, run_after=None
[2025-12-08T02:59:18.773+0000] {processor.py:208} INFO - Processing /opt/airflow/dags/ETL.py took 0.168 seconds
[2025-12-08T02:59:49.121+0000] {processor.py:186} INFO - Started process (PID=778) to work on /opt/airflow/dags/ETL.py
[2025-12-08T02:59:49.123+0000] {processor.py:914} INFO - Processing file /opt/airflow/dags/ETL.py for tasks to queue
[2025-12-08T02:59:49.128+0000] {logging_mixin.py:190} INFO - [2025-12-08T02:59:49.128+0000] {dagbag.py:588} INFO - Filling up the DagBag from /opt/airflow/dags/ETL.py
[2025-12-08T02:59:49.157+0000] {processor.py:925} INFO - DAG(s) 'ETL_process' retrieved from /opt/airflow/dags/ETL.py
[2025-12-08T02:59:49.208+0000] {logging_mixin.py:190} INFO - [2025-12-08T02:59:49.208+0000] {dag.py:3239} INFO - Sync 1 DAGs
[2025-12-08T02:59:49.236+0000] {logging_mixin.py:190} INFO - [2025-12-08T02:59:49.235+0000] {dag.py:4180} INFO - Setting next_dagrun for ETL_process to None, run_after=None
[2025-12-08T02:59:49.279+0000] {processor.py:208} INFO - Processing /opt/airflow/dags/ETL.py took 0.172 seconds
[2025-12-08T03:00:19.621+0000] {processor.py:186} INFO - Started process (PID=788) to work on /opt/airflow/dags/ETL.py
[2025-12-08T03:00:19.623+0000] {processor.py:914} INFO - Processing file /opt/airflow/dags/ETL.py for tasks to queue
[2025-12-08T03:00:19.630+0000] {logging_mixin.py:190} INFO - [2025-12-08T03:00:19.629+0000] {dagbag.py:588} INFO - Filling up the DagBag from /opt/airflow/dags/ETL.py
[2025-12-08T03:00:19.683+0000] {processor.py:925} INFO - DAG(s) 'ETL_process' retrieved from /opt/airflow/dags/ETL.py
[2025-12-08T03:00:19.735+0000] {logging_mixin.py:190} INFO - [2025-12-08T03:00:19.735+0000] {dag.py:3239} INFO - Sync 1 DAGs
[2025-12-08T03:00:19.760+0000] {logging_mixin.py:190} INFO - [2025-12-08T03:00:19.759+0000] {dag.py:4180} INFO - Setting next_dagrun for ETL_process to None, run_after=None
[2025-12-08T03:00:19.793+0000] {processor.py:208} INFO - Processing /opt/airflow/dags/ETL.py took 0.190 seconds
[2025-12-08T03:00:50.231+0000] {processor.py:186} INFO - Started process (PID=798) to work on /opt/airflow/dags/ETL.py
[2025-12-08T03:00:50.233+0000] {processor.py:914} INFO - Processing file /opt/airflow/dags/ETL.py for tasks to queue
[2025-12-08T03:00:50.238+0000] {logging_mixin.py:190} INFO - [2025-12-08T03:00:50.237+0000] {dagbag.py:588} INFO - Filling up the DagBag from /opt/airflow/dags/ETL.py
[2025-12-08T03:00:50.276+0000] {processor.py:925} INFO - DAG(s) 'ETL_process' retrieved from /opt/airflow/dags/ETL.py
[2025-12-08T03:00:50.331+0000] {logging_mixin.py:190} INFO - [2025-12-08T03:00:50.331+0000] {dag.py:3239} INFO - Sync 1 DAGs
[2025-12-08T03:00:50.361+0000] {logging_mixin.py:190} INFO - [2025-12-08T03:00:50.361+0000] {dag.py:4180} INFO - Setting next_dagrun for ETL_process to None, run_after=None
[2025-12-08T03:00:50.403+0000] {processor.py:208} INFO - Processing /opt/airflow/dags/ETL.py took 0.185 seconds
[2025-12-08T03:01:20.656+0000] {processor.py:186} INFO - Started process (PID=808) to work on /opt/airflow/dags/ETL.py
[2025-12-08T03:01:20.658+0000] {processor.py:914} INFO - Processing file /opt/airflow/dags/ETL.py for tasks to queue
[2025-12-08T03:01:20.664+0000] {logging_mixin.py:190} INFO - [2025-12-08T03:01:20.663+0000] {dagbag.py:588} INFO - Filling up the DagBag from /opt/airflow/dags/ETL.py
[2025-12-08T03:01:20.698+0000] {processor.py:925} INFO - DAG(s) 'ETL_process' retrieved from /opt/airflow/dags/ETL.py
[2025-12-08T03:01:20.762+0000] {logging_mixin.py:190} INFO - [2025-12-08T03:01:20.761+0000] {dag.py:3239} INFO - Sync 1 DAGs
[2025-12-08T03:01:20.789+0000] {logging_mixin.py:190} INFO - [2025-12-08T03:01:20.788+0000] {dag.py:4180} INFO - Setting next_dagrun for ETL_process to None, run_after=None
[2025-12-08T03:01:20.854+0000] {processor.py:208} INFO - Processing /opt/airflow/dags/ETL.py took 0.210 seconds
[2025-12-08T03:01:51.210+0000] {processor.py:186} INFO - Started process (PID=818) to work on /opt/airflow/dags/ETL.py
[2025-12-08T03:01:51.213+0000] {processor.py:914} INFO - Processing file /opt/airflow/dags/ETL.py for tasks to queue
[2025-12-08T03:01:51.219+0000] {logging_mixin.py:190} INFO - [2025-12-08T03:01:51.218+0000] {dagbag.py:588} INFO - Filling up the DagBag from /opt/airflow/dags/ETL.py
[2025-12-08T03:01:51.247+0000] {processor.py:925} INFO - DAG(s) 'ETL_process' retrieved from /opt/airflow/dags/ETL.py
[2025-12-08T03:01:51.304+0000] {logging_mixin.py:190} INFO - [2025-12-08T03:01:51.303+0000] {dag.py:3239} INFO - Sync 1 DAGs
[2025-12-08T03:01:51.329+0000] {logging_mixin.py:190} INFO - [2025-12-08T03:01:51.328+0000] {dag.py:4180} INFO - Setting next_dagrun for ETL_process to None, run_after=None
[2025-12-08T03:01:51.360+0000] {processor.py:208} INFO - Processing /opt/airflow/dags/ETL.py took 0.165 seconds
[2025-12-08T03:02:21.694+0000] {processor.py:186} INFO - Started process (PID=828) to work on /opt/airflow/dags/ETL.py
[2025-12-08T03:02:21.695+0000] {processor.py:914} INFO - Processing file /opt/airflow/dags/ETL.py for tasks to queue
[2025-12-08T03:02:21.699+0000] {logging_mixin.py:190} INFO - [2025-12-08T03:02:21.699+0000] {dagbag.py:588} INFO - Filling up the DagBag from /opt/airflow/dags/ETL.py
[2025-12-08T03:02:21.730+0000] {processor.py:925} INFO - DAG(s) 'ETL_process' retrieved from /opt/airflow/dags/ETL.py
[2025-12-08T03:02:21.797+0000] {logging_mixin.py:190} INFO - [2025-12-08T03:02:21.796+0000] {dag.py:3239} INFO - Sync 1 DAGs
[2025-12-08T03:02:21.819+0000] {logging_mixin.py:190} INFO - [2025-12-08T03:02:21.818+0000] {dag.py:4180} INFO - Setting next_dagrun for ETL_process to None, run_after=None
[2025-12-08T03:02:21.862+0000] {processor.py:208} INFO - Processing /opt/airflow/dags/ETL.py took 0.177 seconds
[2025-12-08T03:02:52.121+0000] {processor.py:186} INFO - Started process (PID=838) to work on /opt/airflow/dags/ETL.py
[2025-12-08T03:02:52.124+0000] {processor.py:914} INFO - Processing file /opt/airflow/dags/ETL.py for tasks to queue
[2025-12-08T03:02:52.130+0000] {logging_mixin.py:190} INFO - [2025-12-08T03:02:52.129+0000] {dagbag.py:588} INFO - Filling up the DagBag from /opt/airflow/dags/ETL.py
[2025-12-08T03:02:52.164+0000] {processor.py:925} INFO - DAG(s) 'ETL_process' retrieved from /opt/airflow/dags/ETL.py
[2025-12-08T03:02:52.218+0000] {logging_mixin.py:190} INFO - [2025-12-08T03:02:52.218+0000] {dag.py:3239} INFO - Sync 1 DAGs
[2025-12-08T03:02:52.244+0000] {logging_mixin.py:190} INFO - [2025-12-08T03:02:52.243+0000] {dag.py:4180} INFO - Setting next_dagrun for ETL_process to None, run_after=None
[2025-12-08T03:02:52.286+0000] {processor.py:208} INFO - Processing /opt/airflow/dags/ETL.py took 0.181 seconds
[2025-12-08T03:03:22.581+0000] {processor.py:186} INFO - Started process (PID=848) to work on /opt/airflow/dags/ETL.py
[2025-12-08T03:03:22.583+0000] {processor.py:914} INFO - Processing file /opt/airflow/dags/ETL.py for tasks to queue
[2025-12-08T03:03:22.587+0000] {logging_mixin.py:190} INFO - [2025-12-08T03:03:22.586+0000] {dagbag.py:588} INFO - Filling up the DagBag from /opt/airflow/dags/ETL.py
[2025-12-08T03:03:22.618+0000] {processor.py:925} INFO - DAG(s) 'ETL_process' retrieved from /opt/airflow/dags/ETL.py
[2025-12-08T03:03:22.678+0000] {logging_mixin.py:190} INFO - [2025-12-08T03:03:22.677+0000] {dag.py:3239} INFO - Sync 1 DAGs
[2025-12-08T03:03:22.708+0000] {logging_mixin.py:190} INFO - [2025-12-08T03:03:22.707+0000] {dag.py:4180} INFO - Setting next_dagrun for ETL_process to None, run_after=None
[2025-12-08T03:03:22.746+0000] {processor.py:208} INFO - Processing /opt/airflow/dags/ETL.py took 0.176 seconds
[2025-12-08T03:03:53.164+0000] {processor.py:186} INFO - Started process (PID=858) to work on /opt/airflow/dags/ETL.py
[2025-12-08T03:03:53.166+0000] {processor.py:914} INFO - Processing file /opt/airflow/dags/ETL.py for tasks to queue
[2025-12-08T03:03:53.172+0000] {logging_mixin.py:190} INFO - [2025-12-08T03:03:53.171+0000] {dagbag.py:588} INFO - Filling up the DagBag from /opt/airflow/dags/ETL.py
[2025-12-08T03:03:53.204+0000] {processor.py:925} INFO - DAG(s) 'ETL_process' retrieved from /opt/airflow/dags/ETL.py
[2025-12-08T03:03:53.257+0000] {logging_mixin.py:190} INFO - [2025-12-08T03:03:53.256+0000] {dag.py:3239} INFO - Sync 1 DAGs
[2025-12-08T03:03:53.288+0000] {logging_mixin.py:190} INFO - [2025-12-08T03:03:53.288+0000] {dag.py:4180} INFO - Setting next_dagrun for ETL_process to None, run_after=None
[2025-12-08T03:03:53.320+0000] {processor.py:208} INFO - Processing /opt/airflow/dags/ETL.py took 0.169 seconds
[2025-12-08T03:04:23.854+0000] {processor.py:186} INFO - Started process (PID=868) to work on /opt/airflow/dags/ETL.py
[2025-12-08T03:04:23.857+0000] {processor.py:914} INFO - Processing file /opt/airflow/dags/ETL.py for tasks to queue
[2025-12-08T03:04:23.862+0000] {logging_mixin.py:190} INFO - [2025-12-08T03:04:23.861+0000] {dagbag.py:588} INFO - Filling up the DagBag from /opt/airflow/dags/ETL.py
[2025-12-08T03:04:23.901+0000] {processor.py:925} INFO - DAG(s) 'ETL_process' retrieved from /opt/airflow/dags/ETL.py
[2025-12-08T03:04:23.967+0000] {logging_mixin.py:190} INFO - [2025-12-08T03:04:23.966+0000] {dag.py:3239} INFO - Sync 1 DAGs
[2025-12-08T03:04:23.996+0000] {logging_mixin.py:190} INFO - [2025-12-08T03:04:23.996+0000] {dag.py:4180} INFO - Setting next_dagrun for ETL_process to None, run_after=None
[2025-12-08T03:04:24.031+0000] {processor.py:208} INFO - Processing /opt/airflow/dags/ETL.py took 0.196 seconds
[2025-12-08T03:04:54.243+0000] {processor.py:186} INFO - Started process (PID=878) to work on /opt/airflow/dags/ETL.py
[2025-12-08T03:04:54.245+0000] {processor.py:914} INFO - Processing file /opt/airflow/dags/ETL.py for tasks to queue
[2025-12-08T03:04:54.253+0000] {logging_mixin.py:190} INFO - [2025-12-08T03:04:54.252+0000] {dagbag.py:588} INFO - Filling up the DagBag from /opt/airflow/dags/ETL.py
[2025-12-08T03:04:54.295+0000] {processor.py:925} INFO - DAG(s) 'ETL_process' retrieved from /opt/airflow/dags/ETL.py
[2025-12-08T03:04:54.367+0000] {logging_mixin.py:190} INFO - [2025-12-08T03:04:54.367+0000] {dag.py:3239} INFO - Sync 1 DAGs
[2025-12-08T03:04:54.402+0000] {logging_mixin.py:190} INFO - [2025-12-08T03:04:54.402+0000] {dag.py:4180} INFO - Setting next_dagrun for ETL_process to None, run_after=None
[2025-12-08T03:04:54.435+0000] {processor.py:208} INFO - Processing /opt/airflow/dags/ETL.py took 0.208 seconds
[2025-12-08T03:05:24.889+0000] {processor.py:186} INFO - Started process (PID=888) to work on /opt/airflow/dags/ETL.py
[2025-12-08T03:05:24.891+0000] {processor.py:914} INFO - Processing file /opt/airflow/dags/ETL.py for tasks to queue
[2025-12-08T03:05:24.898+0000] {logging_mixin.py:190} INFO - [2025-12-08T03:05:24.897+0000] {dagbag.py:588} INFO - Filling up the DagBag from /opt/airflow/dags/ETL.py
[2025-12-08T03:05:24.932+0000] {processor.py:925} INFO - DAG(s) 'ETL_process' retrieved from /opt/airflow/dags/ETL.py
[2025-12-08T03:05:24.989+0000] {logging_mixin.py:190} INFO - [2025-12-08T03:05:24.989+0000] {dag.py:3239} INFO - Sync 1 DAGs
[2025-12-08T03:05:25.018+0000] {logging_mixin.py:190} INFO - [2025-12-08T03:05:25.018+0000] {dag.py:4180} INFO - Setting next_dagrun for ETL_process to None, run_after=None
[2025-12-08T03:05:25.065+0000] {processor.py:208} INFO - Processing /opt/airflow/dags/ETL.py took 0.192 seconds
[2025-12-08T03:05:55.297+0000] {processor.py:186} INFO - Started process (PID=898) to work on /opt/airflow/dags/ETL.py
[2025-12-08T03:05:55.300+0000] {processor.py:914} INFO - Processing file /opt/airflow/dags/ETL.py for tasks to queue
[2025-12-08T03:05:55.308+0000] {logging_mixin.py:190} INFO - [2025-12-08T03:05:55.307+0000] {dagbag.py:588} INFO - Filling up the DagBag from /opt/airflow/dags/ETL.py
[2025-12-08T03:05:55.344+0000] {processor.py:925} INFO - DAG(s) 'ETL_process' retrieved from /opt/airflow/dags/ETL.py
[2025-12-08T03:05:55.409+0000] {logging_mixin.py:190} INFO - [2025-12-08T03:05:55.408+0000] {dag.py:3239} INFO - Sync 1 DAGs
[2025-12-08T03:05:55.440+0000] {logging_mixin.py:190} INFO - [2025-12-08T03:05:55.440+0000] {dag.py:4180} INFO - Setting next_dagrun for ETL_process to None, run_after=None
[2025-12-08T03:05:55.475+0000] {processor.py:208} INFO - Processing /opt/airflow/dags/ETL.py took 0.194 seconds
[2025-12-08T03:06:25.854+0000] {processor.py:186} INFO - Started process (PID=908) to work on /opt/airflow/dags/ETL.py
[2025-12-08T03:06:25.857+0000] {processor.py:914} INFO - Processing file /opt/airflow/dags/ETL.py for tasks to queue
[2025-12-08T03:06:25.862+0000] {logging_mixin.py:190} INFO - [2025-12-08T03:06:25.861+0000] {dagbag.py:588} INFO - Filling up the DagBag from /opt/airflow/dags/ETL.py
[2025-12-08T03:06:25.904+0000] {processor.py:925} INFO - DAG(s) 'ETL_process' retrieved from /opt/airflow/dags/ETL.py
[2025-12-08T03:06:25.970+0000] {logging_mixin.py:190} INFO - [2025-12-08T03:06:25.969+0000] {dag.py:3239} INFO - Sync 1 DAGs
[2025-12-08T03:06:25.999+0000] {logging_mixin.py:190} INFO - [2025-12-08T03:06:25.999+0000] {dag.py:4180} INFO - Setting next_dagrun for ETL_process to None, run_after=None
[2025-12-08T03:06:26.032+0000] {processor.py:208} INFO - Processing /opt/airflow/dags/ETL.py took 0.195 seconds
[2025-12-08T03:06:56.568+0000] {processor.py:186} INFO - Started process (PID=918) to work on /opt/airflow/dags/ETL.py
[2025-12-08T03:06:56.571+0000] {processor.py:914} INFO - Processing file /opt/airflow/dags/ETL.py for tasks to queue
[2025-12-08T03:06:56.579+0000] {logging_mixin.py:190} INFO - [2025-12-08T03:06:56.578+0000] {dagbag.py:588} INFO - Filling up the DagBag from /opt/airflow/dags/ETL.py
[2025-12-08T03:06:56.621+0000] {processor.py:925} INFO - DAG(s) 'ETL_process' retrieved from /opt/airflow/dags/ETL.py
[2025-12-08T03:06:56.683+0000] {logging_mixin.py:190} INFO - [2025-12-08T03:06:56.683+0000] {dag.py:3239} INFO - Sync 1 DAGs
[2025-12-08T03:06:56.713+0000] {logging_mixin.py:190} INFO - [2025-12-08T03:06:56.712+0000] {dag.py:4180} INFO - Setting next_dagrun for ETL_process to None, run_after=None
[2025-12-08T03:06:56.752+0000] {processor.py:208} INFO - Processing /opt/airflow/dags/ETL.py took 0.199 seconds
[2025-12-08T03:07:26.969+0000] {processor.py:186} INFO - Started process (PID=928) to work on /opt/airflow/dags/ETL.py
[2025-12-08T03:07:26.972+0000] {processor.py:914} INFO - Processing file /opt/airflow/dags/ETL.py for tasks to queue
[2025-12-08T03:07:26.977+0000] {logging_mixin.py:190} INFO - [2025-12-08T03:07:26.976+0000] {dagbag.py:588} INFO - Filling up the DagBag from /opt/airflow/dags/ETL.py
[2025-12-08T03:07:27.016+0000] {processor.py:925} INFO - DAG(s) 'ETL_process' retrieved from /opt/airflow/dags/ETL.py
[2025-12-08T03:07:27.084+0000] {logging_mixin.py:190} INFO - [2025-12-08T03:07:27.083+0000] {dag.py:3239} INFO - Sync 1 DAGs
[2025-12-08T03:07:27.122+0000] {logging_mixin.py:190} INFO - [2025-12-08T03:07:27.121+0000] {dag.py:4180} INFO - Setting next_dagrun for ETL_process to None, run_after=None
[2025-12-08T03:07:27.167+0000] {processor.py:208} INFO - Processing /opt/airflow/dags/ETL.py took 0.211 seconds
[2025-12-08T03:07:57.604+0000] {processor.py:186} INFO - Started process (PID=938) to work on /opt/airflow/dags/ETL.py
[2025-12-08T03:07:57.607+0000] {processor.py:914} INFO - Processing file /opt/airflow/dags/ETL.py for tasks to queue
[2025-12-08T03:07:57.614+0000] {logging_mixin.py:190} INFO - [2025-12-08T03:07:57.613+0000] {dagbag.py:588} INFO - Filling up the DagBag from /opt/airflow/dags/ETL.py
[2025-12-08T03:07:57.654+0000] {processor.py:925} INFO - DAG(s) 'ETL_process' retrieved from /opt/airflow/dags/ETL.py
[2025-12-08T03:07:57.719+0000] {logging_mixin.py:190} INFO - [2025-12-08T03:07:57.719+0000] {dag.py:3239} INFO - Sync 1 DAGs
[2025-12-08T03:07:57.751+0000] {logging_mixin.py:190} INFO - [2025-12-08T03:07:57.751+0000] {dag.py:4180} INFO - Setting next_dagrun for ETL_process to None, run_after=None
[2025-12-08T03:07:57.789+0000] {processor.py:208} INFO - Processing /opt/airflow/dags/ETL.py took 0.204 seconds
[2025-12-08T03:08:28.053+0000] {processor.py:186} INFO - Started process (PID=948) to work on /opt/airflow/dags/ETL.py
[2025-12-08T03:08:28.055+0000] {processor.py:914} INFO - Processing file /opt/airflow/dags/ETL.py for tasks to queue
[2025-12-08T03:08:28.063+0000] {logging_mixin.py:190} INFO - [2025-12-08T03:08:28.063+0000] {dagbag.py:588} INFO - Filling up the DagBag from /opt/airflow/dags/ETL.py
[2025-12-08T03:08:28.105+0000] {processor.py:925} INFO - DAG(s) 'ETL_process' retrieved from /opt/airflow/dags/ETL.py
[2025-12-08T03:08:28.162+0000] {logging_mixin.py:190} INFO - [2025-12-08T03:08:28.162+0000] {dag.py:3239} INFO - Sync 1 DAGs
[2025-12-08T03:08:28.193+0000] {logging_mixin.py:190} INFO - [2025-12-08T03:08:28.193+0000] {dag.py:4180} INFO - Setting next_dagrun for ETL_process to None, run_after=None
[2025-12-08T03:08:28.240+0000] {processor.py:208} INFO - Processing /opt/airflow/dags/ETL.py took 0.202 seconds
[2025-12-08T03:08:58.525+0000] {processor.py:186} INFO - Started process (PID=958) to work on /opt/airflow/dags/ETL.py
[2025-12-08T03:08:58.528+0000] {processor.py:914} INFO - Processing file /opt/airflow/dags/ETL.py for tasks to queue
[2025-12-08T03:08:58.535+0000] {logging_mixin.py:190} INFO - [2025-12-08T03:08:58.535+0000] {dagbag.py:588} INFO - Filling up the DagBag from /opt/airflow/dags/ETL.py
[2025-12-08T03:08:58.569+0000] {processor.py:925} INFO - DAG(s) 'ETL_process' retrieved from /opt/airflow/dags/ETL.py
[2025-12-08T03:08:58.653+0000] {logging_mixin.py:190} INFO - [2025-12-08T03:08:58.653+0000] {dag.py:3239} INFO - Sync 1 DAGs
[2025-12-08T03:08:58.715+0000] {logging_mixin.py:190} INFO - [2025-12-08T03:08:58.715+0000] {dag.py:4180} INFO - Setting next_dagrun for ETL_process to None, run_after=None
[2025-12-08T03:08:58.760+0000] {processor.py:208} INFO - Processing /opt/airflow/dags/ETL.py took 0.250 seconds
[2025-12-08T03:09:29.216+0000] {processor.py:186} INFO - Started process (PID=968) to work on /opt/airflow/dags/ETL.py
[2025-12-08T03:09:29.218+0000] {processor.py:914} INFO - Processing file /opt/airflow/dags/ETL.py for tasks to queue
[2025-12-08T03:09:29.228+0000] {logging_mixin.py:190} INFO - [2025-12-08T03:09:29.227+0000] {dagbag.py:588} INFO - Filling up the DagBag from /opt/airflow/dags/ETL.py
[2025-12-08T03:09:29.274+0000] {processor.py:925} INFO - DAG(s) 'ETL_process' retrieved from /opt/airflow/dags/ETL.py
[2025-12-08T03:09:29.387+0000] {logging_mixin.py:190} INFO - [2025-12-08T03:09:29.386+0000] {dag.py:3239} INFO - Sync 1 DAGs
[2025-12-08T03:09:29.440+0000] {logging_mixin.py:190} INFO - [2025-12-08T03:09:29.439+0000] {dag.py:4180} INFO - Setting next_dagrun for ETL_process to None, run_after=None
[2025-12-08T03:09:29.495+0000] {processor.py:208} INFO - Processing /opt/airflow/dags/ETL.py took 0.300 seconds
[2025-12-08T03:09:59.610+0000] {processor.py:186} INFO - Started process (PID=978) to work on /opt/airflow/dags/ETL.py
[2025-12-08T03:09:59.613+0000] {processor.py:914} INFO - Processing file /opt/airflow/dags/ETL.py for tasks to queue
[2025-12-08T03:09:59.618+0000] {logging_mixin.py:190} INFO - [2025-12-08T03:09:59.617+0000] {dagbag.py:588} INFO - Filling up the DagBag from /opt/airflow/dags/ETL.py
[2025-12-08T03:09:59.660+0000] {processor.py:925} INFO - DAG(s) 'ETL_process' retrieved from /opt/airflow/dags/ETL.py
[2025-12-08T03:09:59.720+0000] {logging_mixin.py:190} INFO - [2025-12-08T03:09:59.720+0000] {dag.py:3239} INFO - Sync 1 DAGs
[2025-12-08T03:09:59.752+0000] {logging_mixin.py:190} INFO - [2025-12-08T03:09:59.751+0000] {dag.py:4180} INFO - Setting next_dagrun for ETL_process to None, run_after=None
[2025-12-08T03:09:59.807+0000] {processor.py:208} INFO - Processing /opt/airflow/dags/ETL.py took 0.213 seconds
[2025-12-08T03:10:30.282+0000] {processor.py:186} INFO - Started process (PID=988) to work on /opt/airflow/dags/ETL.py
[2025-12-08T03:10:30.284+0000] {processor.py:914} INFO - Processing file /opt/airflow/dags/ETL.py for tasks to queue
[2025-12-08T03:10:30.291+0000] {logging_mixin.py:190} INFO - [2025-12-08T03:10:30.290+0000] {dagbag.py:588} INFO - Filling up the DagBag from /opt/airflow/dags/ETL.py
[2025-12-08T03:10:30.332+0000] {processor.py:925} INFO - DAG(s) 'ETL_process' retrieved from /opt/airflow/dags/ETL.py
[2025-12-08T03:10:30.418+0000] {logging_mixin.py:190} INFO - [2025-12-08T03:10:30.418+0000] {dag.py:3239} INFO - Sync 1 DAGs
[2025-12-08T03:10:30.483+0000] {logging_mixin.py:190} INFO - [2025-12-08T03:10:30.482+0000] {dag.py:4180} INFO - Setting next_dagrun for ETL_process to None, run_after=None
[2025-12-08T03:10:30.532+0000] {processor.py:208} INFO - Processing /opt/airflow/dags/ETL.py took 0.265 seconds
[2025-12-08T03:11:00.927+0000] {processor.py:186} INFO - Started process (PID=998) to work on /opt/airflow/dags/ETL.py
[2025-12-08T03:11:00.933+0000] {processor.py:914} INFO - Processing file /opt/airflow/dags/ETL.py for tasks to queue
[2025-12-08T03:11:00.950+0000] {logging_mixin.py:190} INFO - [2025-12-08T03:11:00.948+0000] {dagbag.py:588} INFO - Filling up the DagBag from /opt/airflow/dags/ETL.py
[2025-12-08T03:11:01.022+0000] {processor.py:925} INFO - DAG(s) 'ETL_process' retrieved from /opt/airflow/dags/ETL.py
[2025-12-08T03:11:01.125+0000] {logging_mixin.py:190} INFO - [2025-12-08T03:11:01.124+0000] {dag.py:3239} INFO - Sync 1 DAGs
[2025-12-08T03:11:01.178+0000] {logging_mixin.py:190} INFO - [2025-12-08T03:11:01.177+0000] {dag.py:4180} INFO - Setting next_dagrun for ETL_process to None, run_after=None
[2025-12-08T03:11:01.230+0000] {processor.py:208} INFO - Processing /opt/airflow/dags/ETL.py took 0.336 seconds
[2025-12-08T03:11:31.644+0000] {processor.py:186} INFO - Started process (PID=1008) to work on /opt/airflow/dags/ETL.py
[2025-12-08T03:11:31.648+0000] {processor.py:914} INFO - Processing file /opt/airflow/dags/ETL.py for tasks to queue
[2025-12-08T03:11:31.660+0000] {logging_mixin.py:190} INFO - [2025-12-08T03:11:31.658+0000] {dagbag.py:588} INFO - Filling up the DagBag from /opt/airflow/dags/ETL.py
[2025-12-08T03:11:31.734+0000] {processor.py:925} INFO - DAG(s) 'ETL_process' retrieved from /opt/airflow/dags/ETL.py
[2025-12-08T03:11:31.829+0000] {logging_mixin.py:190} INFO - [2025-12-08T03:11:31.828+0000] {dag.py:3239} INFO - Sync 1 DAGs
[2025-12-08T03:11:31.876+0000] {logging_mixin.py:190} INFO - [2025-12-08T03:11:31.876+0000] {dag.py:4180} INFO - Setting next_dagrun for ETL_process to None, run_after=None
[2025-12-08T03:11:31.914+0000] {processor.py:208} INFO - Processing /opt/airflow/dags/ETL.py took 0.294 seconds
[2025-12-08T03:12:02.149+0000] {processor.py:186} INFO - Started process (PID=1018) to work on /opt/airflow/dags/ETL.py
[2025-12-08T03:12:02.151+0000] {processor.py:914} INFO - Processing file /opt/airflow/dags/ETL.py for tasks to queue
[2025-12-08T03:12:02.157+0000] {logging_mixin.py:190} INFO - [2025-12-08T03:12:02.156+0000] {dagbag.py:588} INFO - Filling up the DagBag from /opt/airflow/dags/ETL.py
[2025-12-08T03:12:02.192+0000] {processor.py:925} INFO - DAG(s) 'ETL_process' retrieved from /opt/airflow/dags/ETL.py
[2025-12-08T03:12:02.318+0000] {logging_mixin.py:190} INFO - [2025-12-08T03:12:02.318+0000] {dag.py:3239} INFO - Sync 1 DAGs
[2025-12-08T03:12:02.358+0000] {logging_mixin.py:190} INFO - [2025-12-08T03:12:02.358+0000] {dag.py:4180} INFO - Setting next_dagrun for ETL_process to None, run_after=None
[2025-12-08T03:12:02.406+0000] {processor.py:208} INFO - Processing /opt/airflow/dags/ETL.py took 0.274 seconds
[2025-12-08T03:12:32.633+0000] {processor.py:186} INFO - Started process (PID=1028) to work on /opt/airflow/dags/ETL.py
[2025-12-08T03:12:32.637+0000] {processor.py:914} INFO - Processing file /opt/airflow/dags/ETL.py for tasks to queue
[2025-12-08T03:12:32.643+0000] {logging_mixin.py:190} INFO - [2025-12-08T03:12:32.643+0000] {dagbag.py:588} INFO - Filling up the DagBag from /opt/airflow/dags/ETL.py
[2025-12-08T03:12:32.677+0000] {processor.py:925} INFO - DAG(s) 'ETL_process' retrieved from /opt/airflow/dags/ETL.py
[2025-12-08T03:12:32.740+0000] {logging_mixin.py:190} INFO - [2025-12-08T03:12:32.740+0000] {dag.py:3239} INFO - Sync 1 DAGs
[2025-12-08T03:12:32.776+0000] {logging_mixin.py:190} INFO - [2025-12-08T03:12:32.776+0000] {dag.py:4180} INFO - Setting next_dagrun for ETL_process to None, run_after=None
[2025-12-08T03:12:32.808+0000] {processor.py:208} INFO - Processing /opt/airflow/dags/ETL.py took 0.189 seconds
[2025-12-08T03:13:03.204+0000] {processor.py:186} INFO - Started process (PID=1038) to work on /opt/airflow/dags/ETL.py
[2025-12-08T03:13:03.206+0000] {processor.py:914} INFO - Processing file /opt/airflow/dags/ETL.py for tasks to queue
[2025-12-08T03:13:03.211+0000] {logging_mixin.py:190} INFO - [2025-12-08T03:13:03.210+0000] {dagbag.py:588} INFO - Filling up the DagBag from /opt/airflow/dags/ETL.py
[2025-12-08T03:13:03.243+0000] {processor.py:925} INFO - DAG(s) 'ETL_process' retrieved from /opt/airflow/dags/ETL.py
[2025-12-08T03:13:03.298+0000] {logging_mixin.py:190} INFO - [2025-12-08T03:13:03.297+0000] {dag.py:3239} INFO - Sync 1 DAGs
[2025-12-08T03:13:03.333+0000] {logging_mixin.py:190} INFO - [2025-12-08T03:13:03.333+0000] {dag.py:4180} INFO - Setting next_dagrun for ETL_process to None, run_after=None
[2025-12-08T03:13:03.379+0000] {processor.py:208} INFO - Processing /opt/airflow/dags/ETL.py took 0.189 seconds
[2025-12-08T03:13:33.764+0000] {processor.py:186} INFO - Started process (PID=1048) to work on /opt/airflow/dags/ETL.py
[2025-12-08T03:13:33.767+0000] {processor.py:914} INFO - Processing file /opt/airflow/dags/ETL.py for tasks to queue
[2025-12-08T03:13:33.772+0000] {logging_mixin.py:190} INFO - [2025-12-08T03:13:33.771+0000] {dagbag.py:588} INFO - Filling up the DagBag from /opt/airflow/dags/ETL.py
[2025-12-08T03:13:33.806+0000] {processor.py:925} INFO - DAG(s) 'ETL_process' retrieved from /opt/airflow/dags/ETL.py
[2025-12-08T03:13:33.922+0000] {logging_mixin.py:190} INFO - [2025-12-08T03:13:33.922+0000] {dag.py:3239} INFO - Sync 1 DAGs
[2025-12-08T03:13:33.974+0000] {logging_mixin.py:190} INFO - [2025-12-08T03:13:33.973+0000] {dag.py:4180} INFO - Setting next_dagrun for ETL_process to None, run_after=None
[2025-12-08T03:13:34.020+0000] {processor.py:208} INFO - Processing /opt/airflow/dags/ETL.py took 0.273 seconds
[2025-12-08T03:14:04.463+0000] {processor.py:186} INFO - Started process (PID=1058) to work on /opt/airflow/dags/ETL.py
[2025-12-08T03:14:04.466+0000] {processor.py:914} INFO - Processing file /opt/airflow/dags/ETL.py for tasks to queue
[2025-12-08T03:14:04.472+0000] {logging_mixin.py:190} INFO - [2025-12-08T03:14:04.472+0000] {dagbag.py:588} INFO - Filling up the DagBag from /opt/airflow/dags/ETL.py
[2025-12-08T03:14:04.510+0000] {processor.py:925} INFO - DAG(s) 'ETL_process' retrieved from /opt/airflow/dags/ETL.py
[2025-12-08T03:14:04.571+0000] {logging_mixin.py:190} INFO - [2025-12-08T03:14:04.571+0000] {dag.py:3239} INFO - Sync 1 DAGs
[2025-12-08T03:14:04.627+0000] {logging_mixin.py:190} INFO - [2025-12-08T03:14:04.626+0000] {dag.py:4180} INFO - Setting next_dagrun for ETL_process to None, run_after=None
[2025-12-08T03:14:04.676+0000] {processor.py:208} INFO - Processing /opt/airflow/dags/ETL.py took 0.230 seconds
[2025-12-08T03:14:35.123+0000] {processor.py:186} INFO - Started process (PID=1068) to work on /opt/airflow/dags/ETL.py
[2025-12-08T03:14:35.130+0000] {processor.py:914} INFO - Processing file /opt/airflow/dags/ETL.py for tasks to queue
[2025-12-08T03:14:35.138+0000] {logging_mixin.py:190} INFO - [2025-12-08T03:14:35.137+0000] {dagbag.py:588} INFO - Filling up the DagBag from /opt/airflow/dags/ETL.py
[2025-12-08T03:14:35.179+0000] {processor.py:925} INFO - DAG(s) 'ETL_process' retrieved from /opt/airflow/dags/ETL.py
[2025-12-08T03:14:35.246+0000] {logging_mixin.py:190} INFO - [2025-12-08T03:14:35.245+0000] {dag.py:3239} INFO - Sync 1 DAGs
[2025-12-08T03:14:35.279+0000] {logging_mixin.py:190} INFO - [2025-12-08T03:14:35.279+0000] {dag.py:4180} INFO - Setting next_dagrun for ETL_process to None, run_after=None
[2025-12-08T03:14:35.317+0000] {processor.py:208} INFO - Processing /opt/airflow/dags/ETL.py took 0.215 seconds
[2025-12-08T03:15:05.731+0000] {processor.py:186} INFO - Started process (PID=1078) to work on /opt/airflow/dags/ETL.py
[2025-12-08T03:15:05.734+0000] {processor.py:914} INFO - Processing file /opt/airflow/dags/ETL.py for tasks to queue
[2025-12-08T03:15:05.740+0000] {logging_mixin.py:190} INFO - [2025-12-08T03:15:05.739+0000] {dagbag.py:588} INFO - Filling up the DagBag from /opt/airflow/dags/ETL.py
[2025-12-08T03:15:05.772+0000] {processor.py:925} INFO - DAG(s) 'ETL_process' retrieved from /opt/airflow/dags/ETL.py
[2025-12-08T03:15:05.827+0000] {logging_mixin.py:190} INFO - [2025-12-08T03:15:05.827+0000] {dag.py:3239} INFO - Sync 1 DAGs
[2025-12-08T03:15:05.855+0000] {logging_mixin.py:190} INFO - [2025-12-08T03:15:05.854+0000] {dag.py:4180} INFO - Setting next_dagrun for ETL_process to None, run_after=None
[2025-12-08T03:15:05.899+0000] {processor.py:208} INFO - Processing /opt/airflow/dags/ETL.py took 0.192 seconds
[2025-12-08T03:15:36.102+0000] {processor.py:186} INFO - Started process (PID=1088) to work on /opt/airflow/dags/ETL.py
[2025-12-08T03:15:36.104+0000] {processor.py:914} INFO - Processing file /opt/airflow/dags/ETL.py for tasks to queue
[2025-12-08T03:15:36.110+0000] {logging_mixin.py:190} INFO - [2025-12-08T03:15:36.109+0000] {dagbag.py:588} INFO - Filling up the DagBag from /opt/airflow/dags/ETL.py
[2025-12-08T03:15:36.152+0000] {processor.py:925} INFO - DAG(s) 'ETL_process' retrieved from /opt/airflow/dags/ETL.py
[2025-12-08T03:15:36.220+0000] {logging_mixin.py:190} INFO - [2025-12-08T03:15:36.219+0000] {dag.py:3239} INFO - Sync 1 DAGs
[2025-12-08T03:15:36.264+0000] {logging_mixin.py:190} INFO - [2025-12-08T03:15:36.263+0000] {dag.py:4180} INFO - Setting next_dagrun for ETL_process to None, run_after=None
[2025-12-08T03:15:36.309+0000] {processor.py:208} INFO - Processing /opt/airflow/dags/ETL.py took 0.222 seconds
[2025-12-08T03:16:06.570+0000] {processor.py:186} INFO - Started process (PID=1098) to work on /opt/airflow/dags/ETL.py
[2025-12-08T03:16:06.572+0000] {processor.py:914} INFO - Processing file /opt/airflow/dags/ETL.py for tasks to queue
[2025-12-08T03:16:06.578+0000] {logging_mixin.py:190} INFO - [2025-12-08T03:16:06.577+0000] {dagbag.py:588} INFO - Filling up the DagBag from /opt/airflow/dags/ETL.py
[2025-12-08T03:16:06.620+0000] {processor.py:925} INFO - DAG(s) 'ETL_process' retrieved from /opt/airflow/dags/ETL.py
[2025-12-08T03:16:06.690+0000] {logging_mixin.py:190} INFO - [2025-12-08T03:16:06.689+0000] {dag.py:3239} INFO - Sync 1 DAGs
[2025-12-08T03:16:06.727+0000] {logging_mixin.py:190} INFO - [2025-12-08T03:16:06.727+0000] {dag.py:4180} INFO - Setting next_dagrun for ETL_process to None, run_after=None
[2025-12-08T03:16:06.768+0000] {processor.py:208} INFO - Processing /opt/airflow/dags/ETL.py took 0.212 seconds
[2025-12-08T03:16:36.996+0000] {processor.py:186} INFO - Started process (PID=1108) to work on /opt/airflow/dags/ETL.py
[2025-12-08T03:16:36.998+0000] {processor.py:914} INFO - Processing file /opt/airflow/dags/ETL.py for tasks to queue
[2025-12-08T03:16:37.005+0000] {logging_mixin.py:190} INFO - [2025-12-08T03:16:37.004+0000] {dagbag.py:588} INFO - Filling up the DagBag from /opt/airflow/dags/ETL.py
[2025-12-08T03:16:37.058+0000] {processor.py:925} INFO - DAG(s) 'ETL_process' retrieved from /opt/airflow/dags/ETL.py
[2025-12-08T03:16:37.145+0000] {logging_mixin.py:190} INFO - [2025-12-08T03:16:37.145+0000] {dag.py:3239} INFO - Sync 1 DAGs
[2025-12-08T03:16:37.211+0000] {logging_mixin.py:190} INFO - [2025-12-08T03:16:37.211+0000] {dag.py:4180} INFO - Setting next_dagrun for ETL_process to None, run_after=None
[2025-12-08T03:16:37.273+0000] {processor.py:208} INFO - Processing /opt/airflow/dags/ETL.py took 0.292 seconds
[2025-12-08T03:17:07.942+0000] {processor.py:186} INFO - Started process (PID=1118) to work on /opt/airflow/dags/ETL.py
[2025-12-08T03:17:07.945+0000] {processor.py:914} INFO - Processing file /opt/airflow/dags/ETL.py for tasks to queue
[2025-12-08T03:17:07.950+0000] {logging_mixin.py:190} INFO - [2025-12-08T03:17:07.950+0000] {dagbag.py:588} INFO - Filling up the DagBag from /opt/airflow/dags/ETL.py
[2025-12-08T03:17:07.984+0000] {processor.py:925} INFO - DAG(s) 'ETL_process' retrieved from /opt/airflow/dags/ETL.py
[2025-12-08T03:17:08.045+0000] {logging_mixin.py:190} INFO - [2025-12-08T03:17:08.044+0000] {dag.py:3239} INFO - Sync 1 DAGs
[2025-12-08T03:17:08.084+0000] {logging_mixin.py:190} INFO - [2025-12-08T03:17:08.084+0000] {dag.py:4180} INFO - Setting next_dagrun for ETL_process to None, run_after=None
[2025-12-08T03:17:08.132+0000] {processor.py:208} INFO - Processing /opt/airflow/dags/ETL.py took 0.209 seconds
[2025-12-08T03:17:38.328+0000] {processor.py:186} INFO - Started process (PID=1128) to work on /opt/airflow/dags/ETL.py
[2025-12-08T03:17:38.330+0000] {processor.py:914} INFO - Processing file /opt/airflow/dags/ETL.py for tasks to queue
[2025-12-08T03:17:38.334+0000] {logging_mixin.py:190} INFO - [2025-12-08T03:17:38.334+0000] {dagbag.py:588} INFO - Filling up the DagBag from /opt/airflow/dags/ETL.py
[2025-12-08T03:17:38.368+0000] {processor.py:925} INFO - DAG(s) 'ETL_process' retrieved from /opt/airflow/dags/ETL.py
[2025-12-08T03:17:38.437+0000] {logging_mixin.py:190} INFO - [2025-12-08T03:17:38.437+0000] {dag.py:3239} INFO - Sync 1 DAGs
[2025-12-08T03:17:38.467+0000] {logging_mixin.py:190} INFO - [2025-12-08T03:17:38.466+0000] {dag.py:4180} INFO - Setting next_dagrun for ETL_process to None, run_after=None
[2025-12-08T03:17:38.515+0000] {processor.py:208} INFO - Processing /opt/airflow/dags/ETL.py took 0.201 seconds
[2025-12-08T03:18:08.882+0000] {processor.py:186} INFO - Started process (PID=1138) to work on /opt/airflow/dags/ETL.py
[2025-12-08T03:18:08.886+0000] {processor.py:914} INFO - Processing file /opt/airflow/dags/ETL.py for tasks to queue
[2025-12-08T03:18:08.893+0000] {logging_mixin.py:190} INFO - [2025-12-08T03:18:08.892+0000] {dagbag.py:588} INFO - Filling up the DagBag from /opt/airflow/dags/ETL.py
[2025-12-08T03:18:08.939+0000] {processor.py:925} INFO - DAG(s) 'ETL_process' retrieved from /opt/airflow/dags/ETL.py
[2025-12-08T03:18:09.047+0000] {logging_mixin.py:190} INFO - [2025-12-08T03:18:09.046+0000] {dag.py:3239} INFO - Sync 1 DAGs
[2025-12-08T03:18:09.101+0000] {logging_mixin.py:190} INFO - [2025-12-08T03:18:09.101+0000] {dag.py:4180} INFO - Setting next_dagrun for ETL_process to None, run_after=None
[2025-12-08T03:18:09.144+0000] {processor.py:208} INFO - Processing /opt/airflow/dags/ETL.py took 0.278 seconds
[2025-12-08T03:18:39.235+0000] {processor.py:186} INFO - Started process (PID=1148) to work on /opt/airflow/dags/ETL.py
[2025-12-08T03:18:39.238+0000] {processor.py:914} INFO - Processing file /opt/airflow/dags/ETL.py for tasks to queue
[2025-12-08T03:18:39.243+0000] {logging_mixin.py:190} INFO - [2025-12-08T03:18:39.242+0000] {dagbag.py:588} INFO - Filling up the DagBag from /opt/airflow/dags/ETL.py
[2025-12-08T03:18:39.275+0000] {processor.py:925} INFO - DAG(s) 'ETL_process' retrieved from /opt/airflow/dags/ETL.py
[2025-12-08T03:18:39.337+0000] {logging_mixin.py:190} INFO - [2025-12-08T03:18:39.337+0000] {dag.py:3239} INFO - Sync 1 DAGs
[2025-12-08T03:18:39.384+0000] {logging_mixin.py:190} INFO - [2025-12-08T03:18:39.384+0000] {dag.py:4180} INFO - Setting next_dagrun for ETL_process to None, run_after=None
[2025-12-08T03:18:39.434+0000] {processor.py:208} INFO - Processing /opt/airflow/dags/ETL.py took 0.213 seconds
[2025-12-08T03:19:09.884+0000] {processor.py:186} INFO - Started process (PID=1158) to work on /opt/airflow/dags/ETL.py
[2025-12-08T03:19:09.890+0000] {processor.py:914} INFO - Processing file /opt/airflow/dags/ETL.py for tasks to queue
[2025-12-08T03:19:09.903+0000] {logging_mixin.py:190} INFO - [2025-12-08T03:19:09.901+0000] {dagbag.py:588} INFO - Filling up the DagBag from /opt/airflow/dags/ETL.py
[2025-12-08T03:19:09.976+0000] {processor.py:925} INFO - DAG(s) 'ETL_process' retrieved from /opt/airflow/dags/ETL.py
[2025-12-08T03:19:10.111+0000] {logging_mixin.py:190} INFO - [2025-12-08T03:19:10.110+0000] {dag.py:3239} INFO - Sync 1 DAGs
[2025-12-08T03:19:10.170+0000] {logging_mixin.py:190} INFO - [2025-12-08T03:19:10.169+0000] {dag.py:4180} INFO - Setting next_dagrun for ETL_process to None, run_after=None
[2025-12-08T03:19:10.224+0000] {processor.py:208} INFO - Processing /opt/airflow/dags/ETL.py took 0.368 seconds
[2025-12-08T03:19:40.611+0000] {processor.py:186} INFO - Started process (PID=1168) to work on /opt/airflow/dags/ETL.py
[2025-12-08T03:19:40.613+0000] {processor.py:914} INFO - Processing file /opt/airflow/dags/ETL.py for tasks to queue
[2025-12-08T03:19:40.617+0000] {logging_mixin.py:190} INFO - [2025-12-08T03:19:40.617+0000] {dagbag.py:588} INFO - Filling up the DagBag from /opt/airflow/dags/ETL.py
[2025-12-08T03:19:40.667+0000] {processor.py:925} INFO - DAG(s) 'ETL_process' retrieved from /opt/airflow/dags/ETL.py
[2025-12-08T03:19:40.788+0000] {logging_mixin.py:190} INFO - [2025-12-08T03:19:40.787+0000] {dag.py:3239} INFO - Sync 1 DAGs
[2025-12-08T03:19:40.844+0000] {logging_mixin.py:190} INFO - [2025-12-08T03:19:40.844+0000] {dag.py:4180} INFO - Setting next_dagrun for ETL_process to None, run_after=None
[2025-12-08T03:19:40.895+0000] {processor.py:208} INFO - Processing /opt/airflow/dags/ETL.py took 0.293 seconds
[2025-12-08T03:20:11.265+0000] {processor.py:186} INFO - Started process (PID=1178) to work on /opt/airflow/dags/ETL.py
[2025-12-08T03:20:11.267+0000] {processor.py:914} INFO - Processing file /opt/airflow/dags/ETL.py for tasks to queue
[2025-12-08T03:20:11.272+0000] {logging_mixin.py:190} INFO - [2025-12-08T03:20:11.271+0000] {dagbag.py:588} INFO - Filling up the DagBag from /opt/airflow/dags/ETL.py
[2025-12-08T03:20:11.334+0000] {processor.py:925} INFO - DAG(s) 'ETL_process' retrieved from /opt/airflow/dags/ETL.py
[2025-12-08T03:20:11.446+0000] {logging_mixin.py:190} INFO - [2025-12-08T03:20:11.446+0000] {dag.py:3239} INFO - Sync 1 DAGs
[2025-12-08T03:20:11.496+0000] {logging_mixin.py:190} INFO - [2025-12-08T03:20:11.496+0000] {dag.py:4180} INFO - Setting next_dagrun for ETL_process to None, run_after=None
[2025-12-08T03:20:11.546+0000] {processor.py:208} INFO - Processing /opt/airflow/dags/ETL.py took 0.296 seconds
[2025-12-08T03:20:41.931+0000] {processor.py:186} INFO - Started process (PID=1188) to work on /opt/airflow/dags/ETL.py
[2025-12-08T03:20:41.936+0000] {processor.py:914} INFO - Processing file /opt/airflow/dags/ETL.py for tasks to queue
[2025-12-08T03:20:41.953+0000] {logging_mixin.py:190} INFO - [2025-12-08T03:20:41.951+0000] {dagbag.py:588} INFO - Filling up the DagBag from /opt/airflow/dags/ETL.py
[2025-12-08T03:20:42.029+0000] {processor.py:925} INFO - DAG(s) 'ETL_process' retrieved from /opt/airflow/dags/ETL.py
[2025-12-08T03:20:42.162+0000] {logging_mixin.py:190} INFO - [2025-12-08T03:20:42.161+0000] {dag.py:3239} INFO - Sync 1 DAGs
[2025-12-08T03:20:42.235+0000] {logging_mixin.py:190} INFO - [2025-12-08T03:20:42.235+0000] {dag.py:4180} INFO - Setting next_dagrun for ETL_process to None, run_after=None
[2025-12-08T03:20:42.287+0000] {processor.py:208} INFO - Processing /opt/airflow/dags/ETL.py took 0.373 seconds
[2025-12-08T03:21:12.754+0000] {processor.py:186} INFO - Started process (PID=1198) to work on /opt/airflow/dags/ETL.py
[2025-12-08T03:21:12.756+0000] {processor.py:914} INFO - Processing file /opt/airflow/dags/ETL.py for tasks to queue
[2025-12-08T03:21:12.762+0000] {logging_mixin.py:190} INFO - [2025-12-08T03:21:12.761+0000] {dagbag.py:588} INFO - Filling up the DagBag from /opt/airflow/dags/ETL.py
[2025-12-08T03:21:12.796+0000] {processor.py:925} INFO - DAG(s) 'ETL_process' retrieved from /opt/airflow/dags/ETL.py
[2025-12-08T03:21:12.904+0000] {logging_mixin.py:190} INFO - [2025-12-08T03:21:12.903+0000] {dag.py:3239} INFO - Sync 1 DAGs
[2025-12-08T03:21:12.966+0000] {logging_mixin.py:190} INFO - [2025-12-08T03:21:12.965+0000] {dag.py:4180} INFO - Setting next_dagrun for ETL_process to None, run_after=None
[2025-12-08T03:21:13.014+0000] {processor.py:208} INFO - Processing /opt/airflow/dags/ETL.py took 0.329 seconds
[2025-12-08T03:21:43.420+0000] {processor.py:186} INFO - Started process (PID=1208) to work on /opt/airflow/dags/ETL.py
[2025-12-08T03:21:43.423+0000] {processor.py:914} INFO - Processing file /opt/airflow/dags/ETL.py for tasks to queue
[2025-12-08T03:21:43.429+0000] {logging_mixin.py:190} INFO - [2025-12-08T03:21:43.428+0000] {dagbag.py:588} INFO - Filling up the DagBag from /opt/airflow/dags/ETL.py
[2025-12-08T03:21:43.471+0000] {processor.py:925} INFO - DAG(s) 'ETL_process' retrieved from /opt/airflow/dags/ETL.py
[2025-12-08T03:21:43.582+0000] {logging_mixin.py:190} INFO - [2025-12-08T03:21:43.581+0000] {dag.py:3239} INFO - Sync 1 DAGs
[2025-12-08T03:21:43.637+0000] {logging_mixin.py:190} INFO - [2025-12-08T03:21:43.637+0000] {dag.py:4180} INFO - Setting next_dagrun for ETL_process to None, run_after=None
[2025-12-08T03:21:43.686+0000] {processor.py:208} INFO - Processing /opt/airflow/dags/ETL.py took 0.282 seconds
[2025-12-08T03:22:14.150+0000] {processor.py:186} INFO - Started process (PID=1218) to work on /opt/airflow/dags/ETL.py
[2025-12-08T03:22:14.152+0000] {processor.py:914} INFO - Processing file /opt/airflow/dags/ETL.py for tasks to queue
[2025-12-08T03:22:14.157+0000] {logging_mixin.py:190} INFO - [2025-12-08T03:22:14.157+0000] {dagbag.py:588} INFO - Filling up the DagBag from /opt/airflow/dags/ETL.py
[2025-12-08T03:22:14.198+0000] {processor.py:925} INFO - DAG(s) 'ETL_process' retrieved from /opt/airflow/dags/ETL.py
[2025-12-08T03:22:14.280+0000] {logging_mixin.py:190} INFO - [2025-12-08T03:22:14.280+0000] {dag.py:3239} INFO - Sync 1 DAGs
[2025-12-08T03:22:14.331+0000] {logging_mixin.py:190} INFO - [2025-12-08T03:22:14.330+0000] {dag.py:4180} INFO - Setting next_dagrun for ETL_process to None, run_after=None
[2025-12-08T03:22:14.387+0000] {processor.py:208} INFO - Processing /opt/airflow/dags/ETL.py took 0.253 seconds
[2025-12-08T03:22:44.800+0000] {processor.py:186} INFO - Started process (PID=1228) to work on /opt/airflow/dags/ETL.py
[2025-12-08T03:22:44.802+0000] {processor.py:914} INFO - Processing file /opt/airflow/dags/ETL.py for tasks to queue
[2025-12-08T03:22:44.808+0000] {logging_mixin.py:190} INFO - [2025-12-08T03:22:44.808+0000] {dagbag.py:588} INFO - Filling up the DagBag from /opt/airflow/dags/ETL.py
[2025-12-08T03:22:44.840+0000] {processor.py:925} INFO - DAG(s) 'ETL_process' retrieved from /opt/airflow/dags/ETL.py
[2025-12-08T03:22:44.971+0000] {logging_mixin.py:190} INFO - [2025-12-08T03:22:44.971+0000] {dag.py:3239} INFO - Sync 1 DAGs
[2025-12-08T03:22:45.035+0000] {logging_mixin.py:190} INFO - [2025-12-08T03:22:45.035+0000] {dag.py:4180} INFO - Setting next_dagrun for ETL_process to None, run_after=None
[2025-12-08T03:22:45.077+0000] {processor.py:208} INFO - Processing /opt/airflow/dags/ETL.py took 0.292 seconds
[2025-12-08T03:23:15.468+0000] {processor.py:186} INFO - Started process (PID=1238) to work on /opt/airflow/dags/ETL.py
[2025-12-08T03:23:15.470+0000] {processor.py:914} INFO - Processing file /opt/airflow/dags/ETL.py for tasks to queue
[2025-12-08T03:23:15.475+0000] {logging_mixin.py:190} INFO - [2025-12-08T03:23:15.475+0000] {dagbag.py:588} INFO - Filling up the DagBag from /opt/airflow/dags/ETL.py
[2025-12-08T03:23:15.510+0000] {processor.py:925} INFO - DAG(s) 'ETL_process' retrieved from /opt/airflow/dags/ETL.py
[2025-12-08T03:23:15.564+0000] {logging_mixin.py:190} INFO - [2025-12-08T03:23:15.563+0000] {dag.py:3239} INFO - Sync 1 DAGs
[2025-12-08T03:23:15.596+0000] {logging_mixin.py:190} INFO - [2025-12-08T03:23:15.596+0000] {dag.py:4180} INFO - Setting next_dagrun for ETL_process to None, run_after=None
[2025-12-08T03:23:15.651+0000] {processor.py:208} INFO - Processing /opt/airflow/dags/ETL.py took 0.197 seconds
[2025-12-08T03:23:46.036+0000] {processor.py:186} INFO - Started process (PID=1248) to work on /opt/airflow/dags/ETL.py
[2025-12-08T03:23:46.037+0000] {processor.py:914} INFO - Processing file /opt/airflow/dags/ETL.py for tasks to queue
[2025-12-08T03:23:46.042+0000] {logging_mixin.py:190} INFO - [2025-12-08T03:23:46.042+0000] {dagbag.py:588} INFO - Filling up the DagBag from /opt/airflow/dags/ETL.py
[2025-12-08T03:23:46.076+0000] {processor.py:925} INFO - DAG(s) 'ETL_process' retrieved from /opt/airflow/dags/ETL.py
[2025-12-08T03:23:46.174+0000] {logging_mixin.py:190} INFO - [2025-12-08T03:23:46.173+0000] {dag.py:3239} INFO - Sync 1 DAGs
[2025-12-08T03:23:46.244+0000] {logging_mixin.py:190} INFO - [2025-12-08T03:23:46.244+0000] {dag.py:4180} INFO - Setting next_dagrun for ETL_process to None, run_after=None
[2025-12-08T03:23:46.298+0000] {processor.py:208} INFO - Processing /opt/airflow/dags/ETL.py took 0.273 seconds
[2025-12-08T03:24:16.708+0000] {processor.py:186} INFO - Started process (PID=1258) to work on /opt/airflow/dags/ETL.py
[2025-12-08T03:24:16.711+0000] {processor.py:914} INFO - Processing file /opt/airflow/dags/ETL.py for tasks to queue
[2025-12-08T03:24:16.716+0000] {logging_mixin.py:190} INFO - [2025-12-08T03:24:16.715+0000] {dagbag.py:588} INFO - Filling up the DagBag from /opt/airflow/dags/ETL.py
[2025-12-08T03:24:16.748+0000] {processor.py:925} INFO - DAG(s) 'ETL_process' retrieved from /opt/airflow/dags/ETL.py
[2025-12-08T03:24:16.834+0000] {logging_mixin.py:190} INFO - [2025-12-08T03:24:16.833+0000] {dag.py:3239} INFO - Sync 1 DAGs
[2025-12-08T03:24:16.885+0000] {logging_mixin.py:190} INFO - [2025-12-08T03:24:16.885+0000] {dag.py:4180} INFO - Setting next_dagrun for ETL_process to None, run_after=None
[2025-12-08T03:24:16.938+0000] {processor.py:208} INFO - Processing /opt/airflow/dags/ETL.py took 0.245 seconds
[2025-12-08T03:24:47.328+0000] {processor.py:186} INFO - Started process (PID=1268) to work on /opt/airflow/dags/ETL.py
[2025-12-08T03:24:47.331+0000] {processor.py:914} INFO - Processing file /opt/airflow/dags/ETL.py for tasks to queue
[2025-12-08T03:24:47.337+0000] {logging_mixin.py:190} INFO - [2025-12-08T03:24:47.336+0000] {dagbag.py:588} INFO - Filling up the DagBag from /opt/airflow/dags/ETL.py
[2025-12-08T03:24:47.374+0000] {processor.py:925} INFO - DAG(s) 'ETL_process' retrieved from /opt/airflow/dags/ETL.py
[2025-12-08T03:24:47.491+0000] {logging_mixin.py:190} INFO - [2025-12-08T03:24:47.491+0000] {dag.py:3239} INFO - Sync 1 DAGs
[2025-12-08T03:24:47.533+0000] {logging_mixin.py:190} INFO - [2025-12-08T03:24:47.532+0000] {dag.py:4180} INFO - Setting next_dagrun for ETL_process to None, run_after=None
[2025-12-08T03:24:47.572+0000] {processor.py:208} INFO - Processing /opt/airflow/dags/ETL.py took 0.261 seconds
[2025-12-08T03:25:17.961+0000] {processor.py:186} INFO - Started process (PID=1278) to work on /opt/airflow/dags/ETL.py
[2025-12-08T03:25:17.963+0000] {processor.py:914} INFO - Processing file /opt/airflow/dags/ETL.py for tasks to queue
[2025-12-08T03:25:17.968+0000] {logging_mixin.py:190} INFO - [2025-12-08T03:25:17.968+0000] {dagbag.py:588} INFO - Filling up the DagBag from /opt/airflow/dags/ETL.py
[2025-12-08T03:25:18.008+0000] {processor.py:925} INFO - DAG(s) 'ETL_process' retrieved from /opt/airflow/dags/ETL.py
[2025-12-08T03:25:18.127+0000] {logging_mixin.py:190} INFO - [2025-12-08T03:25:18.126+0000] {dag.py:3239} INFO - Sync 1 DAGs
[2025-12-08T03:25:18.175+0000] {logging_mixin.py:190} INFO - [2025-12-08T03:25:18.175+0000] {dag.py:4180} INFO - Setting next_dagrun for ETL_process to None, run_after=None
[2025-12-08T03:25:18.221+0000] {processor.py:208} INFO - Processing /opt/airflow/dags/ETL.py took 0.275 seconds
[2025-12-08T03:25:48.565+0000] {processor.py:186} INFO - Started process (PID=1288) to work on /opt/airflow/dags/ETL.py
[2025-12-08T03:25:48.567+0000] {processor.py:914} INFO - Processing file /opt/airflow/dags/ETL.py for tasks to queue
[2025-12-08T03:25:48.572+0000] {logging_mixin.py:190} INFO - [2025-12-08T03:25:48.571+0000] {dagbag.py:588} INFO - Filling up the DagBag from /opt/airflow/dags/ETL.py
[2025-12-08T03:25:48.605+0000] {processor.py:925} INFO - DAG(s) 'ETL_process' retrieved from /opt/airflow/dags/ETL.py
[2025-12-08T03:25:48.693+0000] {logging_mixin.py:190} INFO - [2025-12-08T03:25:48.692+0000] {dag.py:3239} INFO - Sync 1 DAGs
[2025-12-08T03:25:48.748+0000] {logging_mixin.py:190} INFO - [2025-12-08T03:25:48.748+0000] {dag.py:4180} INFO - Setting next_dagrun for ETL_process to None, run_after=None
[2025-12-08T03:25:48.795+0000] {processor.py:208} INFO - Processing /opt/airflow/dags/ETL.py took 0.241 seconds
[2025-12-08T03:26:19.229+0000] {processor.py:186} INFO - Started process (PID=1298) to work on /opt/airflow/dags/ETL.py
[2025-12-08T03:26:19.231+0000] {processor.py:914} INFO - Processing file /opt/airflow/dags/ETL.py for tasks to queue
[2025-12-08T03:26:19.237+0000] {logging_mixin.py:190} INFO - [2025-12-08T03:26:19.237+0000] {dagbag.py:588} INFO - Filling up the DagBag from /opt/airflow/dags/ETL.py
[2025-12-08T03:26:19.273+0000] {processor.py:925} INFO - DAG(s) 'ETL_process' retrieved from /opt/airflow/dags/ETL.py
[2025-12-08T03:26:19.371+0000] {logging_mixin.py:190} INFO - [2025-12-08T03:26:19.371+0000] {dag.py:3239} INFO - Sync 1 DAGs
[2025-12-08T03:26:19.408+0000] {logging_mixin.py:190} INFO - [2025-12-08T03:26:19.407+0000] {dag.py:4180} INFO - Setting next_dagrun for ETL_process to None, run_after=None
[2025-12-08T03:26:19.452+0000] {processor.py:208} INFO - Processing /opt/airflow/dags/ETL.py took 0.240 seconds
[2025-12-08T03:26:49.581+0000] {processor.py:186} INFO - Started process (PID=1308) to work on /opt/airflow/dags/ETL.py
[2025-12-08T03:26:49.583+0000] {processor.py:914} INFO - Processing file /opt/airflow/dags/ETL.py for tasks to queue
[2025-12-08T03:26:49.590+0000] {logging_mixin.py:190} INFO - [2025-12-08T03:26:49.589+0000] {dagbag.py:588} INFO - Filling up the DagBag from /opt/airflow/dags/ETL.py
[2025-12-08T03:26:49.623+0000] {processor.py:925} INFO - DAG(s) 'ETL_process' retrieved from /opt/airflow/dags/ETL.py
[2025-12-08T03:26:49.694+0000] {logging_mixin.py:190} INFO - [2025-12-08T03:26:49.694+0000] {dag.py:3239} INFO - Sync 1 DAGs
[2025-12-08T03:26:49.756+0000] {logging_mixin.py:190} INFO - [2025-12-08T03:26:49.756+0000] {dag.py:4180} INFO - Setting next_dagrun for ETL_process to None, run_after=None
[2025-12-08T03:26:49.803+0000] {processor.py:208} INFO - Processing /opt/airflow/dags/ETL.py took 0.236 seconds
[2025-12-08T12:01:58.411+0000] {processor.py:186} INFO - Started process (PID=199) to work on /opt/airflow/dags/ETL.py
[2025-12-08T12:01:58.413+0000] {processor.py:914} INFO - Processing file /opt/airflow/dags/ETL.py for tasks to queue
[2025-12-08T12:01:58.417+0000] {logging_mixin.py:190} INFO - [2025-12-08T12:01:58.416+0000] {dagbag.py:588} INFO - Filling up the DagBag from /opt/airflow/dags/ETL.py
[2025-12-08T12:01:58.446+0000] {processor.py:925} INFO - DAG(s) 'ETL_process' retrieved from /opt/airflow/dags/ETL.py
[2025-12-08T12:01:58.600+0000] {logging_mixin.py:190} INFO - [2025-12-08T12:01:58.600+0000] {override.py:1930} INFO - Created Permission View: can delete on DAG:ETL_process
[2025-12-08T12:01:58.610+0000] {logging_mixin.py:190} INFO - [2025-12-08T12:01:58.610+0000] {override.py:1930} INFO - Created Permission View: can read on DAG:ETL_process
[2025-12-08T12:01:58.618+0000] {logging_mixin.py:190} INFO - [2025-12-08T12:01:58.617+0000] {override.py:1930} INFO - Created Permission View: can edit on DAG:ETL_process
[2025-12-08T12:01:58.625+0000] {logging_mixin.py:190} INFO - [2025-12-08T12:01:58.624+0000] {override.py:1930} INFO - Created Permission View: can delete on DAG Run:ETL_process
[2025-12-08T12:01:58.631+0000] {logging_mixin.py:190} INFO - [2025-12-08T12:01:58.631+0000] {override.py:1930} INFO - Created Permission View: can read on DAG Run:ETL_process
[2025-12-08T12:01:58.638+0000] {logging_mixin.py:190} INFO - [2025-12-08T12:01:58.638+0000] {override.py:1930} INFO - Created Permission View: menu access on DAG Run:ETL_process
[2025-12-08T12:01:58.645+0000] {logging_mixin.py:190} INFO - [2025-12-08T12:01:58.644+0000] {override.py:1930} INFO - Created Permission View: can create on DAG Run:ETL_process
[2025-12-08T12:01:58.645+0000] {logging_mixin.py:190} INFO - [2025-12-08T12:01:58.645+0000] {dag.py:3239} INFO - Sync 1 DAGs
[2025-12-08T12:01:58.658+0000] {logging_mixin.py:190} INFO - [2025-12-08T12:01:58.658+0000] {dag.py:3262} INFO - Creating ORM DAG for ETL_process
[2025-12-08T12:01:58.659+0000] {logging_mixin.py:190} INFO - [2025-12-08T12:01:58.659+0000] {dag.py:4180} INFO - Setting next_dagrun for ETL_process to None, run_after=None
[2025-12-08T12:01:58.677+0000] {processor.py:208} INFO - Processing /opt/airflow/dags/ETL.py took 0.273 seconds
[2025-12-08T12:02:28.931+0000] {processor.py:186} INFO - Started process (PID=237) to work on /opt/airflow/dags/ETL.py
[2025-12-08T12:02:28.932+0000] {processor.py:914} INFO - Processing file /opt/airflow/dags/ETL.py for tasks to queue
[2025-12-08T12:02:28.935+0000] {logging_mixin.py:190} INFO - [2025-12-08T12:02:28.935+0000] {dagbag.py:588} INFO - Filling up the DagBag from /opt/airflow/dags/ETL.py
[2025-12-08T12:02:28.956+0000] {processor.py:925} INFO - DAG(s) 'ETL_process' retrieved from /opt/airflow/dags/ETL.py
[2025-12-08T12:02:28.991+0000] {logging_mixin.py:190} INFO - [2025-12-08T12:02:28.991+0000] {dag.py:3239} INFO - Sync 1 DAGs
[2025-12-08T12:02:29.007+0000] {logging_mixin.py:190} INFO - [2025-12-08T12:02:29.006+0000] {dag.py:4180} INFO - Setting next_dagrun for ETL_process to None, run_after=None
[2025-12-08T12:02:29.028+0000] {processor.py:208} INFO - Processing /opt/airflow/dags/ETL.py took 0.104 seconds
[2025-12-08T12:02:59.182+0000] {processor.py:186} INFO - Started process (PID=345) to work on /opt/airflow/dags/ETL.py
[2025-12-08T12:02:59.183+0000] {processor.py:914} INFO - Processing file /opt/airflow/dags/ETL.py for tasks to queue
[2025-12-08T12:02:59.187+0000] {logging_mixin.py:190} INFO - [2025-12-08T12:02:59.186+0000] {dagbag.py:588} INFO - Filling up the DagBag from /opt/airflow/dags/ETL.py
[2025-12-08T12:02:59.208+0000] {processor.py:925} INFO - DAG(s) 'ETL_process' retrieved from /opt/airflow/dags/ETL.py
[2025-12-08T12:02:59.243+0000] {logging_mixin.py:190} INFO - [2025-12-08T12:02:59.243+0000] {dag.py:3239} INFO - Sync 1 DAGs
[2025-12-08T12:02:59.262+0000] {logging_mixin.py:190} INFO - [2025-12-08T12:02:59.261+0000] {dag.py:4180} INFO - Setting next_dagrun for ETL_process to None, run_after=None
[2025-12-08T12:02:59.285+0000] {processor.py:208} INFO - Processing /opt/airflow/dags/ETL.py took 0.110 seconds
[2025-12-08T12:03:29.554+0000] {processor.py:186} INFO - Started process (PID=355) to work on /opt/airflow/dags/ETL.py
[2025-12-08T12:03:29.555+0000] {processor.py:914} INFO - Processing file /opt/airflow/dags/ETL.py for tasks to queue
[2025-12-08T12:03:29.562+0000] {logging_mixin.py:190} INFO - [2025-12-08T12:03:29.561+0000] {dagbag.py:588} INFO - Filling up the DagBag from /opt/airflow/dags/ETL.py
[2025-12-08T12:03:29.647+0000] {processor.py:925} INFO - DAG(s) 'ETL_process' retrieved from /opt/airflow/dags/ETL.py
[2025-12-08T12:03:29.750+0000] {logging_mixin.py:190} INFO - [2025-12-08T12:03:29.750+0000] {dag.py:3239} INFO - Sync 1 DAGs
[2025-12-08T12:03:29.839+0000] {logging_mixin.py:190} INFO - [2025-12-08T12:03:29.839+0000] {dag.py:4180} INFO - Setting next_dagrun for ETL_process to None, run_after=None
[2025-12-08T12:03:29.903+0000] {processor.py:208} INFO - Processing /opt/airflow/dags/ETL.py took 0.364 seconds
[2025-12-08T12:04:00.186+0000] {processor.py:186} INFO - Started process (PID=365) to work on /opt/airflow/dags/ETL.py
[2025-12-08T12:04:00.188+0000] {processor.py:914} INFO - Processing file /opt/airflow/dags/ETL.py for tasks to queue
[2025-12-08T12:04:00.191+0000] {logging_mixin.py:190} INFO - [2025-12-08T12:04:00.191+0000] {dagbag.py:588} INFO - Filling up the DagBag from /opt/airflow/dags/ETL.py
[2025-12-08T12:04:00.216+0000] {processor.py:925} INFO - DAG(s) 'ETL_process' retrieved from /opt/airflow/dags/ETL.py
[2025-12-08T12:04:00.273+0000] {logging_mixin.py:190} INFO - [2025-12-08T12:04:00.272+0000] {dag.py:3239} INFO - Sync 1 DAGs
[2025-12-08T12:04:00.296+0000] {logging_mixin.py:190} INFO - [2025-12-08T12:04:00.296+0000] {dag.py:4180} INFO - Setting next_dagrun for ETL_process to None, run_after=None
[2025-12-08T12:04:00.325+0000] {processor.py:208} INFO - Processing /opt/airflow/dags/ETL.py took 0.147 seconds
[2025-12-08T12:04:30.444+0000] {processor.py:186} INFO - Started process (PID=375) to work on /opt/airflow/dags/ETL.py
[2025-12-08T12:04:30.445+0000] {processor.py:914} INFO - Processing file /opt/airflow/dags/ETL.py for tasks to queue
[2025-12-08T12:04:30.448+0000] {logging_mixin.py:190} INFO - [2025-12-08T12:04:30.448+0000] {dagbag.py:588} INFO - Filling up the DagBag from /opt/airflow/dags/ETL.py
[2025-12-08T12:04:30.475+0000] {processor.py:925} INFO - DAG(s) 'ETL_process' retrieved from /opt/airflow/dags/ETL.py
[2025-12-08T12:04:30.526+0000] {logging_mixin.py:190} INFO - [2025-12-08T12:04:30.526+0000] {dag.py:3239} INFO - Sync 1 DAGs
[2025-12-08T12:04:30.560+0000] {logging_mixin.py:190} INFO - [2025-12-08T12:04:30.559+0000] {dag.py:4180} INFO - Setting next_dagrun for ETL_process to None, run_after=None
[2025-12-08T12:04:30.595+0000] {processor.py:208} INFO - Processing /opt/airflow/dags/ETL.py took 0.158 seconds
[2025-12-08T12:05:00.857+0000] {processor.py:186} INFO - Started process (PID=385) to work on /opt/airflow/dags/ETL.py
[2025-12-08T12:05:00.859+0000] {processor.py:914} INFO - Processing file /opt/airflow/dags/ETL.py for tasks to queue
[2025-12-08T12:05:00.868+0000] {logging_mixin.py:190} INFO - [2025-12-08T12:05:00.866+0000] {dagbag.py:588} INFO - Filling up the DagBag from /opt/airflow/dags/ETL.py
[2025-12-08T12:05:00.915+0000] {processor.py:925} INFO - DAG(s) 'ETL_process' retrieved from /opt/airflow/dags/ETL.py
[2025-12-08T12:05:00.983+0000] {logging_mixin.py:190} INFO - [2025-12-08T12:05:00.983+0000] {dag.py:3239} INFO - Sync 1 DAGs
[2025-12-08T12:05:01.021+0000] {logging_mixin.py:190} INFO - [2025-12-08T12:05:01.021+0000] {dag.py:4180} INFO - Setting next_dagrun for ETL_process to None, run_after=None
[2025-12-08T12:05:01.056+0000] {processor.py:208} INFO - Processing /opt/airflow/dags/ETL.py took 0.220 seconds
[2025-12-08T12:05:31.135+0000] {processor.py:186} INFO - Started process (PID=395) to work on /opt/airflow/dags/ETL.py
[2025-12-08T12:05:31.137+0000] {processor.py:914} INFO - Processing file /opt/airflow/dags/ETL.py for tasks to queue
[2025-12-08T12:05:31.149+0000] {logging_mixin.py:190} INFO - [2025-12-08T12:05:31.148+0000] {dagbag.py:588} INFO - Filling up the DagBag from /opt/airflow/dags/ETL.py
[2025-12-08T12:05:31.192+0000] {processor.py:925} INFO - DAG(s) 'ETL_process' retrieved from /opt/airflow/dags/ETL.py
[2025-12-08T12:05:31.260+0000] {logging_mixin.py:190} INFO - [2025-12-08T12:05:31.259+0000] {dag.py:3239} INFO - Sync 1 DAGs
[2025-12-08T12:05:31.294+0000] {logging_mixin.py:190} INFO - [2025-12-08T12:05:31.294+0000] {dag.py:4180} INFO - Setting next_dagrun for ETL_process to None, run_after=None
[2025-12-08T12:05:31.327+0000] {processor.py:208} INFO - Processing /opt/airflow/dags/ETL.py took 0.203 seconds
[2025-12-08T12:06:01.583+0000] {processor.py:186} INFO - Started process (PID=405) to work on /opt/airflow/dags/ETL.py
[2025-12-08T12:06:01.587+0000] {processor.py:914} INFO - Processing file /opt/airflow/dags/ETL.py for tasks to queue
[2025-12-08T12:06:01.594+0000] {logging_mixin.py:190} INFO - [2025-12-08T12:06:01.594+0000] {dagbag.py:588} INFO - Filling up the DagBag from /opt/airflow/dags/ETL.py
[2025-12-08T12:06:01.634+0000] {processor.py:925} INFO - DAG(s) 'ETL_process' retrieved from /opt/airflow/dags/ETL.py
[2025-12-08T12:06:01.694+0000] {logging_mixin.py:190} INFO - [2025-12-08T12:06:01.694+0000] {dag.py:3239} INFO - Sync 1 DAGs
[2025-12-08T12:06:01.727+0000] {logging_mixin.py:190} INFO - [2025-12-08T12:06:01.727+0000] {dag.py:4180} INFO - Setting next_dagrun for ETL_process to None, run_after=None
[2025-12-08T12:06:01.761+0000] {processor.py:208} INFO - Processing /opt/airflow/dags/ETL.py took 0.197 seconds
[2025-12-08T12:06:31.848+0000] {processor.py:186} INFO - Started process (PID=415) to work on /opt/airflow/dags/ETL.py
[2025-12-08T12:06:31.849+0000] {processor.py:914} INFO - Processing file /opt/airflow/dags/ETL.py for tasks to queue
[2025-12-08T12:06:31.853+0000] {logging_mixin.py:190} INFO - [2025-12-08T12:06:31.852+0000] {dagbag.py:588} INFO - Filling up the DagBag from /opt/airflow/dags/ETL.py
[2025-12-08T12:06:31.898+0000] {processor.py:925} INFO - DAG(s) 'ETL_process' retrieved from /opt/airflow/dags/ETL.py
[2025-12-08T12:06:31.954+0000] {logging_mixin.py:190} INFO - [2025-12-08T12:06:31.953+0000] {dag.py:3239} INFO - Sync 1 DAGs
[2025-12-08T12:06:31.979+0000] {logging_mixin.py:190} INFO - [2025-12-08T12:06:31.979+0000] {dag.py:4180} INFO - Setting next_dagrun for ETL_process to None, run_after=None
[2025-12-08T12:06:32.010+0000] {processor.py:208} INFO - Processing /opt/airflow/dags/ETL.py took 0.169 seconds
[2025-12-08T12:07:02.346+0000] {processor.py:186} INFO - Started process (PID=425) to work on /opt/airflow/dags/ETL.py
[2025-12-08T12:07:02.349+0000] {processor.py:914} INFO - Processing file /opt/airflow/dags/ETL.py for tasks to queue
[2025-12-08T12:07:02.357+0000] {logging_mixin.py:190} INFO - [2025-12-08T12:07:02.356+0000] {dagbag.py:588} INFO - Filling up the DagBag from /opt/airflow/dags/ETL.py
[2025-12-08T12:07:02.388+0000] {processor.py:925} INFO - DAG(s) 'ETL_process' retrieved from /opt/airflow/dags/ETL.py
[2025-12-08T12:07:02.453+0000] {logging_mixin.py:190} INFO - [2025-12-08T12:07:02.453+0000] {dag.py:3239} INFO - Sync 1 DAGs
[2025-12-08T12:07:02.485+0000] {logging_mixin.py:190} INFO - [2025-12-08T12:07:02.484+0000] {dag.py:4180} INFO - Setting next_dagrun for ETL_process to None, run_after=None
[2025-12-08T12:07:02.518+0000] {processor.py:208} INFO - Processing /opt/airflow/dags/ETL.py took 0.188 seconds
[2025-12-08T12:07:32.648+0000] {processor.py:186} INFO - Started process (PID=435) to work on /opt/airflow/dags/ETL.py
[2025-12-08T12:07:32.650+0000] {processor.py:914} INFO - Processing file /opt/airflow/dags/ETL.py for tasks to queue
[2025-12-08T12:07:32.660+0000] {logging_mixin.py:190} INFO - [2025-12-08T12:07:32.658+0000] {dagbag.py:588} INFO - Filling up the DagBag from /opt/airflow/dags/ETL.py
[2025-12-08T12:07:32.706+0000] {processor.py:925} INFO - DAG(s) 'ETL_process' retrieved from /opt/airflow/dags/ETL.py
[2025-12-08T12:07:32.787+0000] {logging_mixin.py:190} INFO - [2025-12-08T12:07:32.787+0000] {dag.py:3239} INFO - Sync 1 DAGs
[2025-12-08T12:07:32.819+0000] {logging_mixin.py:190} INFO - [2025-12-08T12:07:32.819+0000] {dag.py:4180} INFO - Setting next_dagrun for ETL_process to None, run_after=None
[2025-12-08T12:07:32.869+0000] {processor.py:208} INFO - Processing /opt/airflow/dags/ETL.py took 0.237 seconds
[2025-12-08T12:08:03.082+0000] {processor.py:186} INFO - Started process (PID=445) to work on /opt/airflow/dags/ETL.py
[2025-12-08T12:08:03.086+0000] {processor.py:914} INFO - Processing file /opt/airflow/dags/ETL.py for tasks to queue
[2025-12-08T12:08:03.094+0000] {logging_mixin.py:190} INFO - [2025-12-08T12:08:03.093+0000] {dagbag.py:588} INFO - Filling up the DagBag from /opt/airflow/dags/ETL.py
[2025-12-08T12:08:03.136+0000] {processor.py:925} INFO - DAG(s) 'ETL_process' retrieved from /opt/airflow/dags/ETL.py
[2025-12-08T12:08:03.206+0000] {logging_mixin.py:190} INFO - [2025-12-08T12:08:03.206+0000] {dag.py:3239} INFO - Sync 1 DAGs
[2025-12-08T12:08:03.244+0000] {logging_mixin.py:190} INFO - [2025-12-08T12:08:03.244+0000] {dag.py:4180} INFO - Setting next_dagrun for ETL_process to None, run_after=None
[2025-12-08T12:08:03.279+0000] {processor.py:208} INFO - Processing /opt/airflow/dags/ETL.py took 0.220 seconds
[2025-12-08T12:08:33.409+0000] {processor.py:186} INFO - Started process (PID=455) to work on /opt/airflow/dags/ETL.py
[2025-12-08T12:08:33.410+0000] {processor.py:914} INFO - Processing file /opt/airflow/dags/ETL.py for tasks to queue
[2025-12-08T12:08:33.415+0000] {logging_mixin.py:190} INFO - [2025-12-08T12:08:33.415+0000] {dagbag.py:588} INFO - Filling up the DagBag from /opt/airflow/dags/ETL.py
[2025-12-08T12:08:33.444+0000] {processor.py:925} INFO - DAG(s) 'ETL_process' retrieved from /opt/airflow/dags/ETL.py
[2025-12-08T12:08:33.518+0000] {logging_mixin.py:190} INFO - [2025-12-08T12:08:33.517+0000] {dag.py:3239} INFO - Sync 1 DAGs
[2025-12-08T12:08:33.551+0000] {logging_mixin.py:190} INFO - [2025-12-08T12:08:33.550+0000] {dag.py:4180} INFO - Setting next_dagrun for ETL_process to None, run_after=None
[2025-12-08T12:08:33.582+0000] {processor.py:208} INFO - Processing /opt/airflow/dags/ETL.py took 0.183 seconds
[2025-12-08T12:09:03.818+0000] {processor.py:186} INFO - Started process (PID=465) to work on /opt/airflow/dags/ETL.py
[2025-12-08T12:09:03.821+0000] {processor.py:914} INFO - Processing file /opt/airflow/dags/ETL.py for tasks to queue
[2025-12-08T12:09:03.829+0000] {logging_mixin.py:190} INFO - [2025-12-08T12:09:03.828+0000] {dagbag.py:588} INFO - Filling up the DagBag from /opt/airflow/dags/ETL.py
[2025-12-08T12:09:03.871+0000] {processor.py:925} INFO - DAG(s) 'ETL_process' retrieved from /opt/airflow/dags/ETL.py
[2025-12-08T12:09:03.946+0000] {logging_mixin.py:190} INFO - [2025-12-08T12:09:03.945+0000] {dag.py:3239} INFO - Sync 1 DAGs
[2025-12-08T12:09:03.978+0000] {logging_mixin.py:190} INFO - [2025-12-08T12:09:03.977+0000] {dag.py:4180} INFO - Setting next_dagrun for ETL_process to None, run_after=None
[2025-12-08T12:09:04.013+0000] {processor.py:208} INFO - Processing /opt/airflow/dags/ETL.py took 0.217 seconds
[2025-12-08T12:09:34.145+0000] {processor.py:186} INFO - Started process (PID=475) to work on /opt/airflow/dags/ETL.py
[2025-12-08T12:09:34.148+0000] {processor.py:914} INFO - Processing file /opt/airflow/dags/ETL.py for tasks to queue
[2025-12-08T12:09:34.154+0000] {logging_mixin.py:190} INFO - [2025-12-08T12:09:34.153+0000] {dagbag.py:588} INFO - Filling up the DagBag from /opt/airflow/dags/ETL.py
[2025-12-08T12:09:34.189+0000] {processor.py:925} INFO - DAG(s) 'ETL_process' retrieved from /opt/airflow/dags/ETL.py
[2025-12-08T12:09:34.258+0000] {logging_mixin.py:190} INFO - [2025-12-08T12:09:34.257+0000] {dag.py:3239} INFO - Sync 1 DAGs
[2025-12-08T12:09:34.288+0000] {logging_mixin.py:190} INFO - [2025-12-08T12:09:34.288+0000] {dag.py:4180} INFO - Setting next_dagrun for ETL_process to None, run_after=None
[2025-12-08T12:09:34.325+0000] {processor.py:208} INFO - Processing /opt/airflow/dags/ETL.py took 0.196 seconds
[2025-12-08T12:10:04.614+0000] {processor.py:186} INFO - Started process (PID=485) to work on /opt/airflow/dags/ETL.py
[2025-12-08T12:10:04.617+0000] {processor.py:914} INFO - Processing file /opt/airflow/dags/ETL.py for tasks to queue
[2025-12-08T12:10:04.624+0000] {logging_mixin.py:190} INFO - [2025-12-08T12:10:04.623+0000] {dagbag.py:588} INFO - Filling up the DagBag from /opt/airflow/dags/ETL.py
[2025-12-08T12:10:04.657+0000] {processor.py:925} INFO - DAG(s) 'ETL_process' retrieved from /opt/airflow/dags/ETL.py
[2025-12-08T12:10:04.746+0000] {logging_mixin.py:190} INFO - [2025-12-08T12:10:04.746+0000] {dag.py:3239} INFO - Sync 1 DAGs
[2025-12-08T12:10:04.777+0000] {logging_mixin.py:190} INFO - [2025-12-08T12:10:04.777+0000] {dag.py:4180} INFO - Setting next_dagrun for ETL_process to None, run_after=None
[2025-12-08T12:10:04.810+0000] {processor.py:208} INFO - Processing /opt/airflow/dags/ETL.py took 0.209 seconds
[2025-12-08T12:10:34.899+0000] {processor.py:186} INFO - Started process (PID=495) to work on /opt/airflow/dags/ETL.py
[2025-12-08T12:10:34.903+0000] {processor.py:914} INFO - Processing file /opt/airflow/dags/ETL.py for tasks to queue
[2025-12-08T12:10:34.909+0000] {logging_mixin.py:190} INFO - [2025-12-08T12:10:34.908+0000] {dagbag.py:588} INFO - Filling up the DagBag from /opt/airflow/dags/ETL.py
[2025-12-08T12:10:34.941+0000] {processor.py:925} INFO - DAG(s) 'ETL_process' retrieved from /opt/airflow/dags/ETL.py
[2025-12-08T12:10:35.023+0000] {logging_mixin.py:190} INFO - [2025-12-08T12:10:35.022+0000] {dag.py:3239} INFO - Sync 1 DAGs
[2025-12-08T12:10:35.053+0000] {logging_mixin.py:190} INFO - [2025-12-08T12:10:35.053+0000] {dag.py:4180} INFO - Setting next_dagrun for ETL_process to None, run_after=None
[2025-12-08T12:10:35.089+0000] {processor.py:208} INFO - Processing /opt/airflow/dags/ETL.py took 0.204 seconds
[2025-12-08T12:11:05.329+0000] {processor.py:186} INFO - Started process (PID=505) to work on /opt/airflow/dags/ETL.py
[2025-12-08T12:11:05.331+0000] {processor.py:914} INFO - Processing file /opt/airflow/dags/ETL.py for tasks to queue
[2025-12-08T12:11:05.336+0000] {logging_mixin.py:190} INFO - [2025-12-08T12:11:05.336+0000] {dagbag.py:588} INFO - Filling up the DagBag from /opt/airflow/dags/ETL.py
[2025-12-08T12:11:05.367+0000] {processor.py:925} INFO - DAG(s) 'ETL_process' retrieved from /opt/airflow/dags/ETL.py
[2025-12-08T12:11:05.442+0000] {logging_mixin.py:190} INFO - [2025-12-08T12:11:05.442+0000] {dag.py:3239} INFO - Sync 1 DAGs
[2025-12-08T12:11:05.463+0000] {logging_mixin.py:190} INFO - [2025-12-08T12:11:05.463+0000] {dag.py:4180} INFO - Setting next_dagrun for ETL_process to None, run_after=None
[2025-12-08T12:11:05.491+0000] {processor.py:208} INFO - Processing /opt/airflow/dags/ETL.py took 0.173 seconds
[2025-12-08T12:11:35.810+0000] {processor.py:186} INFO - Started process (PID=515) to work on /opt/airflow/dags/ETL.py
[2025-12-08T12:11:35.812+0000] {processor.py:914} INFO - Processing file /opt/airflow/dags/ETL.py for tasks to queue
[2025-12-08T12:11:35.817+0000] {logging_mixin.py:190} INFO - [2025-12-08T12:11:35.817+0000] {dagbag.py:588} INFO - Filling up the DagBag from /opt/airflow/dags/ETL.py
[2025-12-08T12:11:35.847+0000] {processor.py:925} INFO - DAG(s) 'ETL_process' retrieved from /opt/airflow/dags/ETL.py
[2025-12-08T12:11:35.895+0000] {logging_mixin.py:190} INFO - [2025-12-08T12:11:35.895+0000] {dag.py:3239} INFO - Sync 1 DAGs
[2025-12-08T12:11:35.914+0000] {logging_mixin.py:190} INFO - [2025-12-08T12:11:35.913+0000] {dag.py:4180} INFO - Setting next_dagrun for ETL_process to None, run_after=None
[2025-12-08T12:11:35.936+0000] {processor.py:208} INFO - Processing /opt/airflow/dags/ETL.py took 0.134 seconds
[2025-12-08T12:12:06.123+0000] {processor.py:186} INFO - Started process (PID=525) to work on /opt/airflow/dags/ETL.py
[2025-12-08T12:12:06.127+0000] {processor.py:914} INFO - Processing file /opt/airflow/dags/ETL.py for tasks to queue
[2025-12-08T12:12:06.136+0000] {logging_mixin.py:190} INFO - [2025-12-08T12:12:06.135+0000] {dagbag.py:588} INFO - Filling up the DagBag from /opt/airflow/dags/ETL.py
[2025-12-08T12:12:06.169+0000] {processor.py:925} INFO - DAG(s) 'ETL_process' retrieved from /opt/airflow/dags/ETL.py
[2025-12-08T12:12:06.226+0000] {logging_mixin.py:190} INFO - [2025-12-08T12:12:06.226+0000] {dag.py:3239} INFO - Sync 1 DAGs
[2025-12-08T12:12:06.258+0000] {logging_mixin.py:190} INFO - [2025-12-08T12:12:06.257+0000] {dag.py:4180} INFO - Setting next_dagrun for ETL_process to None, run_after=None
[2025-12-08T12:12:06.285+0000] {processor.py:208} INFO - Processing /opt/airflow/dags/ETL.py took 0.175 seconds
[2025-12-08T12:12:36.592+0000] {processor.py:186} INFO - Started process (PID=535) to work on /opt/airflow/dags/ETL.py
[2025-12-08T12:12:36.593+0000] {processor.py:914} INFO - Processing file /opt/airflow/dags/ETL.py for tasks to queue
[2025-12-08T12:12:36.598+0000] {logging_mixin.py:190} INFO - [2025-12-08T12:12:36.598+0000] {dagbag.py:588} INFO - Filling up the DagBag from /opt/airflow/dags/ETL.py
[2025-12-08T12:12:36.635+0000] {processor.py:925} INFO - DAG(s) 'ETL_process' retrieved from /opt/airflow/dags/ETL.py
[2025-12-08T12:12:36.696+0000] {logging_mixin.py:190} INFO - [2025-12-08T12:12:36.696+0000] {dag.py:3239} INFO - Sync 1 DAGs
[2025-12-08T12:12:36.726+0000] {logging_mixin.py:190} INFO - [2025-12-08T12:12:36.726+0000] {dag.py:4180} INFO - Setting next_dagrun for ETL_process to None, run_after=None
[2025-12-08T12:12:36.755+0000] {processor.py:208} INFO - Processing /opt/airflow/dags/ETL.py took 0.177 seconds
[2025-12-08T12:13:06.880+0000] {processor.py:186} INFO - Started process (PID=545) to work on /opt/airflow/dags/ETL.py
[2025-12-08T12:13:06.882+0000] {processor.py:914} INFO - Processing file /opt/airflow/dags/ETL.py for tasks to queue
[2025-12-08T12:13:06.886+0000] {logging_mixin.py:190} INFO - [2025-12-08T12:13:06.886+0000] {dagbag.py:588} INFO - Filling up the DagBag from /opt/airflow/dags/ETL.py
[2025-12-08T12:13:06.929+0000] {processor.py:925} INFO - DAG(s) 'ETL_process' retrieved from /opt/airflow/dags/ETL.py
[2025-12-08T12:13:06.994+0000] {logging_mixin.py:190} INFO - [2025-12-08T12:13:06.993+0000] {dag.py:3239} INFO - Sync 1 DAGs
[2025-12-08T12:13:07.029+0000] {logging_mixin.py:190} INFO - [2025-12-08T12:13:07.029+0000] {dag.py:4180} INFO - Setting next_dagrun for ETL_process to None, run_after=None
[2025-12-08T12:13:07.064+0000] {processor.py:208} INFO - Processing /opt/airflow/dags/ETL.py took 0.198 seconds
[2025-12-08T12:13:37.291+0000] {processor.py:186} INFO - Started process (PID=555) to work on /opt/airflow/dags/ETL.py
[2025-12-08T12:13:37.293+0000] {processor.py:914} INFO - Processing file /opt/airflow/dags/ETL.py for tasks to queue
[2025-12-08T12:13:37.300+0000] {logging_mixin.py:190} INFO - [2025-12-08T12:13:37.300+0000] {dagbag.py:588} INFO - Filling up the DagBag from /opt/airflow/dags/ETL.py
[2025-12-08T12:13:37.339+0000] {processor.py:925} INFO - DAG(s) 'ETL_process' retrieved from /opt/airflow/dags/ETL.py
[2025-12-08T12:13:37.409+0000] {logging_mixin.py:190} INFO - [2025-12-08T12:13:37.408+0000] {dag.py:3239} INFO - Sync 1 DAGs
[2025-12-08T12:13:37.438+0000] {logging_mixin.py:190} INFO - [2025-12-08T12:13:37.438+0000] {dag.py:4180} INFO - Setting next_dagrun for ETL_process to None, run_after=None
[2025-12-08T12:13:37.468+0000] {processor.py:208} INFO - Processing /opt/airflow/dags/ETL.py took 0.193 seconds
[2025-12-08T12:14:07.610+0000] {processor.py:186} INFO - Started process (PID=565) to work on /opt/airflow/dags/ETL.py
[2025-12-08T12:14:07.612+0000] {processor.py:914} INFO - Processing file /opt/airflow/dags/ETL.py for tasks to queue
[2025-12-08T12:14:07.617+0000] {logging_mixin.py:190} INFO - [2025-12-08T12:14:07.616+0000] {dagbag.py:588} INFO - Filling up the DagBag from /opt/airflow/dags/ETL.py
[2025-12-08T12:14:07.651+0000] {processor.py:925} INFO - DAG(s) 'ETL_process' retrieved from /opt/airflow/dags/ETL.py
[2025-12-08T12:14:07.723+0000] {logging_mixin.py:190} INFO - [2025-12-08T12:14:07.723+0000] {dag.py:3239} INFO - Sync 1 DAGs
[2025-12-08T12:14:07.748+0000] {logging_mixin.py:190} INFO - [2025-12-08T12:14:07.747+0000] {dag.py:4180} INFO - Setting next_dagrun for ETL_process to None, run_after=None
[2025-12-08T12:14:07.775+0000] {processor.py:208} INFO - Processing /opt/airflow/dags/ETL.py took 0.179 seconds
[2025-12-08T12:14:37.994+0000] {processor.py:186} INFO - Started process (PID=575) to work on /opt/airflow/dags/ETL.py
[2025-12-08T12:14:37.997+0000] {processor.py:914} INFO - Processing file /opt/airflow/dags/ETL.py for tasks to queue
[2025-12-08T12:14:38.004+0000] {logging_mixin.py:190} INFO - [2025-12-08T12:14:38.003+0000] {dagbag.py:588} INFO - Filling up the DagBag from /opt/airflow/dags/ETL.py
[2025-12-08T12:14:38.037+0000] {processor.py:925} INFO - DAG(s) 'ETL_process' retrieved from /opt/airflow/dags/ETL.py
[2025-12-08T12:14:38.093+0000] {logging_mixin.py:190} INFO - [2025-12-08T12:14:38.092+0000] {dag.py:3239} INFO - Sync 1 DAGs
[2025-12-08T12:14:38.126+0000] {logging_mixin.py:190} INFO - [2025-12-08T12:14:38.125+0000] {dag.py:4180} INFO - Setting next_dagrun for ETL_process to None, run_after=None
[2025-12-08T12:14:38.160+0000] {processor.py:208} INFO - Processing /opt/airflow/dags/ETL.py took 0.178 seconds
[2025-12-08T12:15:08.314+0000] {processor.py:186} INFO - Started process (PID=585) to work on /opt/airflow/dags/ETL.py
[2025-12-08T12:15:08.316+0000] {processor.py:914} INFO - Processing file /opt/airflow/dags/ETL.py for tasks to queue
[2025-12-08T12:15:08.327+0000] {logging_mixin.py:190} INFO - [2025-12-08T12:15:08.326+0000] {dagbag.py:588} INFO - Filling up the DagBag from /opt/airflow/dags/ETL.py
[2025-12-08T12:15:08.358+0000] {processor.py:925} INFO - DAG(s) 'ETL_process' retrieved from /opt/airflow/dags/ETL.py
[2025-12-08T12:15:08.412+0000] {logging_mixin.py:190} INFO - [2025-12-08T12:15:08.411+0000] {dag.py:3239} INFO - Sync 1 DAGs
[2025-12-08T12:15:08.435+0000] {logging_mixin.py:190} INFO - [2025-12-08T12:15:08.435+0000] {dag.py:4180} INFO - Setting next_dagrun for ETL_process to None, run_after=None
[2025-12-08T12:15:08.464+0000] {processor.py:208} INFO - Processing /opt/airflow/dags/ETL.py took 0.161 seconds
[2025-12-08T12:15:38.683+0000] {processor.py:186} INFO - Started process (PID=595) to work on /opt/airflow/dags/ETL.py
[2025-12-08T12:15:38.684+0000] {processor.py:914} INFO - Processing file /opt/airflow/dags/ETL.py for tasks to queue
[2025-12-08T12:15:38.688+0000] {logging_mixin.py:190} INFO - [2025-12-08T12:15:38.688+0000] {dagbag.py:588} INFO - Filling up the DagBag from /opt/airflow/dags/ETL.py
[2025-12-08T12:15:38.716+0000] {processor.py:925} INFO - DAG(s) 'ETL_process' retrieved from /opt/airflow/dags/ETL.py
[2025-12-08T12:15:38.765+0000] {logging_mixin.py:190} INFO - [2025-12-08T12:15:38.764+0000] {dag.py:3239} INFO - Sync 1 DAGs
[2025-12-08T12:15:38.788+0000] {logging_mixin.py:190} INFO - [2025-12-08T12:15:38.787+0000] {dag.py:4180} INFO - Setting next_dagrun for ETL_process to None, run_after=None
[2025-12-08T12:15:38.818+0000] {processor.py:208} INFO - Processing /opt/airflow/dags/ETL.py took 0.149 seconds
[2025-12-08T12:16:08.994+0000] {processor.py:186} INFO - Started process (PID=605) to work on /opt/airflow/dags/ETL.py
[2025-12-08T12:16:08.997+0000] {processor.py:914} INFO - Processing file /opt/airflow/dags/ETL.py for tasks to queue
[2025-12-08T12:16:09.005+0000] {logging_mixin.py:190} INFO - [2025-12-08T12:16:09.004+0000] {dagbag.py:588} INFO - Filling up the DagBag from /opt/airflow/dags/ETL.py
[2025-12-08T12:16:09.051+0000] {processor.py:925} INFO - DAG(s) 'ETL_process' retrieved from /opt/airflow/dags/ETL.py
[2025-12-08T12:16:09.110+0000] {logging_mixin.py:190} INFO - [2025-12-08T12:16:09.109+0000] {dag.py:3239} INFO - Sync 1 DAGs
[2025-12-08T12:16:09.138+0000] {logging_mixin.py:190} INFO - [2025-12-08T12:16:09.138+0000] {dag.py:4180} INFO - Setting next_dagrun for ETL_process to None, run_after=None
[2025-12-08T12:16:09.173+0000] {processor.py:208} INFO - Processing /opt/airflow/dags/ETL.py took 0.195 seconds
[2025-12-08T12:16:39.357+0000] {processor.py:186} INFO - Started process (PID=615) to work on /opt/airflow/dags/ETL.py
[2025-12-08T12:16:39.359+0000] {processor.py:914} INFO - Processing file /opt/airflow/dags/ETL.py for tasks to queue
[2025-12-08T12:16:39.363+0000] {logging_mixin.py:190} INFO - [2025-12-08T12:16:39.363+0000] {dagbag.py:588} INFO - Filling up the DagBag from /opt/airflow/dags/ETL.py
[2025-12-08T12:16:39.393+0000] {processor.py:925} INFO - DAG(s) 'ETL_process' retrieved from /opt/airflow/dags/ETL.py
[2025-12-08T12:16:39.438+0000] {logging_mixin.py:190} INFO - [2025-12-08T12:16:39.437+0000] {dag.py:3239} INFO - Sync 1 DAGs
[2025-12-08T12:16:39.463+0000] {logging_mixin.py:190} INFO - [2025-12-08T12:16:39.462+0000] {dag.py:4180} INFO - Setting next_dagrun for ETL_process to None, run_after=None
[2025-12-08T12:16:39.491+0000] {processor.py:208} INFO - Processing /opt/airflow/dags/ETL.py took 0.145 seconds
[2025-12-08T12:17:09.729+0000] {processor.py:186} INFO - Started process (PID=625) to work on /opt/airflow/dags/ETL.py
[2025-12-08T12:17:09.731+0000] {processor.py:914} INFO - Processing file /opt/airflow/dags/ETL.py for tasks to queue
[2025-12-08T12:17:09.737+0000] {logging_mixin.py:190} INFO - [2025-12-08T12:17:09.737+0000] {dagbag.py:588} INFO - Filling up the DagBag from /opt/airflow/dags/ETL.py
[2025-12-08T12:17:09.768+0000] {processor.py:925} INFO - DAG(s) 'ETL_process' retrieved from /opt/airflow/dags/ETL.py
[2025-12-08T12:17:09.816+0000] {logging_mixin.py:190} INFO - [2025-12-08T12:17:09.816+0000] {dag.py:3239} INFO - Sync 1 DAGs
[2025-12-08T12:17:09.844+0000] {logging_mixin.py:190} INFO - [2025-12-08T12:17:09.844+0000] {dag.py:4180} INFO - Setting next_dagrun for ETL_process to None, run_after=None
[2025-12-08T12:17:09.875+0000] {processor.py:208} INFO - Processing /opt/airflow/dags/ETL.py took 0.157 seconds
[2025-12-08T12:17:40.013+0000] {processor.py:186} INFO - Started process (PID=635) to work on /opt/airflow/dags/ETL.py
[2025-12-08T12:17:40.015+0000] {processor.py:914} INFO - Processing file /opt/airflow/dags/ETL.py for tasks to queue
[2025-12-08T12:17:40.019+0000] {logging_mixin.py:190} INFO - [2025-12-08T12:17:40.019+0000] {dagbag.py:588} INFO - Filling up the DagBag from /opt/airflow/dags/ETL.py
[2025-12-08T12:17:40.040+0000] {processor.py:925} INFO - DAG(s) 'ETL_process' retrieved from /opt/airflow/dags/ETL.py
[2025-12-08T12:17:40.085+0000] {logging_mixin.py:190} INFO - [2025-12-08T12:17:40.085+0000] {dag.py:3239} INFO - Sync 1 DAGs
[2025-12-08T12:17:40.107+0000] {logging_mixin.py:190} INFO - [2025-12-08T12:17:40.107+0000] {dag.py:4180} INFO - Setting next_dagrun for ETL_process to None, run_after=None
[2025-12-08T12:17:40.134+0000] {processor.py:208} INFO - Processing /opt/airflow/dags/ETL.py took 0.128 seconds
[2025-12-08T12:18:10.430+0000] {processor.py:186} INFO - Started process (PID=645) to work on /opt/airflow/dags/ETL.py
[2025-12-08T12:18:10.431+0000] {processor.py:914} INFO - Processing file /opt/airflow/dags/ETL.py for tasks to queue
[2025-12-08T12:18:10.435+0000] {logging_mixin.py:190} INFO - [2025-12-08T12:18:10.434+0000] {dagbag.py:588} INFO - Filling up the DagBag from /opt/airflow/dags/ETL.py
[2025-12-08T12:18:10.460+0000] {processor.py:925} INFO - DAG(s) 'ETL_process' retrieved from /opt/airflow/dags/ETL.py
[2025-12-08T12:18:10.497+0000] {logging_mixin.py:190} INFO - [2025-12-08T12:18:10.497+0000] {dag.py:3239} INFO - Sync 1 DAGs
[2025-12-08T12:18:10.519+0000] {logging_mixin.py:190} INFO - [2025-12-08T12:18:10.519+0000] {dag.py:4180} INFO - Setting next_dagrun for ETL_process to None, run_after=None
[2025-12-08T12:18:10.553+0000] {processor.py:208} INFO - Processing /opt/airflow/dags/ETL.py took 0.132 seconds
[2025-12-08T12:18:40.846+0000] {processor.py:186} INFO - Started process (PID=655) to work on /opt/airflow/dags/ETL.py
[2025-12-08T12:18:40.848+0000] {processor.py:914} INFO - Processing file /opt/airflow/dags/ETL.py for tasks to queue
[2025-12-08T12:18:40.853+0000] {logging_mixin.py:190} INFO - [2025-12-08T12:18:40.851+0000] {dagbag.py:588} INFO - Filling up the DagBag from /opt/airflow/dags/ETL.py
[2025-12-08T12:18:40.876+0000] {processor.py:925} INFO - DAG(s) 'ETL_process' retrieved from /opt/airflow/dags/ETL.py
[2025-12-08T12:18:40.922+0000] {logging_mixin.py:190} INFO - [2025-12-08T12:18:40.922+0000] {dag.py:3239} INFO - Sync 1 DAGs
[2025-12-08T12:18:40.947+0000] {logging_mixin.py:190} INFO - [2025-12-08T12:18:40.947+0000] {dag.py:4180} INFO - Setting next_dagrun for ETL_process to None, run_after=None
[2025-12-08T12:18:40.978+0000] {processor.py:208} INFO - Processing /opt/airflow/dags/ETL.py took 0.141 seconds
[2025-12-08T12:19:11.128+0000] {processor.py:186} INFO - Started process (PID=665) to work on /opt/airflow/dags/ETL.py
[2025-12-08T12:19:11.129+0000] {processor.py:914} INFO - Processing file /opt/airflow/dags/ETL.py for tasks to queue
[2025-12-08T12:19:11.136+0000] {logging_mixin.py:190} INFO - [2025-12-08T12:19:11.136+0000] {dagbag.py:588} INFO - Filling up the DagBag from /opt/airflow/dags/ETL.py
[2025-12-08T12:19:11.162+0000] {processor.py:925} INFO - DAG(s) 'ETL_process' retrieved from /opt/airflow/dags/ETL.py
[2025-12-08T12:19:11.212+0000] {logging_mixin.py:190} INFO - [2025-12-08T12:19:11.211+0000] {dag.py:3239} INFO - Sync 1 DAGs
[2025-12-08T12:19:11.234+0000] {logging_mixin.py:190} INFO - [2025-12-08T12:19:11.234+0000] {dag.py:4180} INFO - Setting next_dagrun for ETL_process to None, run_after=None
[2025-12-08T12:19:11.260+0000] {processor.py:208} INFO - Processing /opt/airflow/dags/ETL.py took 0.145 seconds
[2025-12-08T12:19:41.501+0000] {processor.py:186} INFO - Started process (PID=675) to work on /opt/airflow/dags/ETL.py
[2025-12-08T12:19:41.504+0000] {processor.py:914} INFO - Processing file /opt/airflow/dags/ETL.py for tasks to queue
[2025-12-08T12:19:41.508+0000] {logging_mixin.py:190} INFO - [2025-12-08T12:19:41.508+0000] {dagbag.py:588} INFO - Filling up the DagBag from /opt/airflow/dags/ETL.py
[2025-12-08T12:19:41.537+0000] {processor.py:925} INFO - DAG(s) 'ETL_process' retrieved from /opt/airflow/dags/ETL.py
[2025-12-08T12:19:41.596+0000] {logging_mixin.py:190} INFO - [2025-12-08T12:19:41.596+0000] {dag.py:3239} INFO - Sync 1 DAGs
[2025-12-08T12:19:41.621+0000] {logging_mixin.py:190} INFO - [2025-12-08T12:19:41.621+0000] {dag.py:4180} INFO - Setting next_dagrun for ETL_process to None, run_after=None
[2025-12-08T12:19:41.665+0000] {processor.py:208} INFO - Processing /opt/airflow/dags/ETL.py took 0.174 seconds
[2025-12-08T12:20:11.872+0000] {processor.py:186} INFO - Started process (PID=685) to work on /opt/airflow/dags/ETL.py
[2025-12-08T12:20:11.876+0000] {processor.py:914} INFO - Processing file /opt/airflow/dags/ETL.py for tasks to queue
[2025-12-08T12:20:11.883+0000] {logging_mixin.py:190} INFO - [2025-12-08T12:20:11.882+0000] {dagbag.py:588} INFO - Filling up the DagBag from /opt/airflow/dags/ETL.py
[2025-12-08T12:20:11.936+0000] {processor.py:925} INFO - DAG(s) 'ETL_process' retrieved from /opt/airflow/dags/ETL.py
[2025-12-08T12:20:12.041+0000] {logging_mixin.py:190} INFO - [2025-12-08T12:20:12.040+0000] {dag.py:3239} INFO - Sync 1 DAGs
[2025-12-08T12:20:12.089+0000] {logging_mixin.py:190} INFO - [2025-12-08T12:20:12.088+0000] {dag.py:4180} INFO - Setting next_dagrun for ETL_process to None, run_after=None
[2025-12-08T12:20:12.134+0000] {processor.py:208} INFO - Processing /opt/airflow/dags/ETL.py took 0.285 seconds
[2025-12-08T12:20:42.604+0000] {processor.py:186} INFO - Started process (PID=695) to work on /opt/airflow/dags/ETL.py
[2025-12-08T12:20:42.607+0000] {processor.py:914} INFO - Processing file /opt/airflow/dags/ETL.py for tasks to queue
[2025-12-08T12:20:42.613+0000] {logging_mixin.py:190} INFO - [2025-12-08T12:20:42.612+0000] {dagbag.py:588} INFO - Filling up the DagBag from /opt/airflow/dags/ETL.py
[2025-12-08T12:20:42.670+0000] {processor.py:925} INFO - DAG(s) 'ETL_process' retrieved from /opt/airflow/dags/ETL.py
[2025-12-08T12:20:42.779+0000] {logging_mixin.py:190} INFO - [2025-12-08T12:20:42.778+0000] {dag.py:3239} INFO - Sync 1 DAGs
[2025-12-08T12:20:42.824+0000] {logging_mixin.py:190} INFO - [2025-12-08T12:20:42.824+0000] {dag.py:4180} INFO - Setting next_dagrun for ETL_process to None, run_after=None
[2025-12-08T12:20:42.868+0000] {processor.py:208} INFO - Processing /opt/airflow/dags/ETL.py took 0.281 seconds
[2025-12-08T12:21:12.985+0000] {processor.py:186} INFO - Started process (PID=705) to work on /opt/airflow/dags/ETL.py
[2025-12-08T12:21:12.988+0000] {processor.py:914} INFO - Processing file /opt/airflow/dags/ETL.py for tasks to queue
[2025-12-08T12:21:13.000+0000] {logging_mixin.py:190} INFO - [2025-12-08T12:21:13.000+0000] {dagbag.py:588} INFO - Filling up the DagBag from /opt/airflow/dags/ETL.py
[2025-12-08T12:21:13.049+0000] {processor.py:925} INFO - DAG(s) 'ETL_process' retrieved from /opt/airflow/dags/ETL.py
[2025-12-08T12:21:13.129+0000] {logging_mixin.py:190} INFO - [2025-12-08T12:21:13.129+0000] {dag.py:3239} INFO - Sync 1 DAGs
[2025-12-08T12:21:13.175+0000] {logging_mixin.py:190} INFO - [2025-12-08T12:21:13.175+0000] {dag.py:4180} INFO - Setting next_dagrun for ETL_process to None, run_after=None
[2025-12-08T12:21:13.217+0000] {processor.py:208} INFO - Processing /opt/airflow/dags/ETL.py took 0.256 seconds
[2025-12-08T12:21:43.639+0000] {processor.py:186} INFO - Started process (PID=715) to work on /opt/airflow/dags/ETL.py
[2025-12-08T12:21:43.641+0000] {processor.py:914} INFO - Processing file /opt/airflow/dags/ETL.py for tasks to queue
[2025-12-08T12:21:43.647+0000] {logging_mixin.py:190} INFO - [2025-12-08T12:21:43.646+0000] {dagbag.py:588} INFO - Filling up the DagBag from /opt/airflow/dags/ETL.py
[2025-12-08T12:21:43.691+0000] {processor.py:925} INFO - DAG(s) 'ETL_process' retrieved from /opt/airflow/dags/ETL.py
[2025-12-08T12:21:43.758+0000] {logging_mixin.py:190} INFO - [2025-12-08T12:21:43.758+0000] {dag.py:3239} INFO - Sync 1 DAGs
[2025-12-08T12:21:43.788+0000] {logging_mixin.py:190} INFO - [2025-12-08T12:21:43.787+0000] {dag.py:4180} INFO - Setting next_dagrun for ETL_process to None, run_after=None
[2025-12-08T12:21:43.822+0000] {processor.py:208} INFO - Processing /opt/airflow/dags/ETL.py took 0.198 seconds
[2025-12-08T12:22:14.362+0000] {processor.py:186} INFO - Started process (PID=725) to work on /opt/airflow/dags/ETL.py
[2025-12-08T12:22:14.367+0000] {processor.py:914} INFO - Processing file /opt/airflow/dags/ETL.py for tasks to queue
[2025-12-08T12:22:14.372+0000] {logging_mixin.py:190} INFO - [2025-12-08T12:22:14.371+0000] {dagbag.py:588} INFO - Filling up the DagBag from /opt/airflow/dags/ETL.py
[2025-12-08T12:22:14.424+0000] {processor.py:925} INFO - DAG(s) 'ETL_process' retrieved from /opt/airflow/dags/ETL.py
[2025-12-08T12:22:14.509+0000] {logging_mixin.py:190} INFO - [2025-12-08T12:22:14.509+0000] {dag.py:3239} INFO - Sync 1 DAGs
[2025-12-08T12:22:14.544+0000] {logging_mixin.py:190} INFO - [2025-12-08T12:22:14.544+0000] {dag.py:4180} INFO - Setting next_dagrun for ETL_process to None, run_after=None
[2025-12-08T12:22:14.585+0000] {processor.py:208} INFO - Processing /opt/airflow/dags/ETL.py took 0.254 seconds
[2025-12-08T12:22:44.749+0000] {processor.py:186} INFO - Started process (PID=735) to work on /opt/airflow/dags/ETL.py
[2025-12-08T12:22:44.752+0000] {processor.py:914} INFO - Processing file /opt/airflow/dags/ETL.py for tasks to queue
[2025-12-08T12:22:44.761+0000] {logging_mixin.py:190} INFO - [2025-12-08T12:22:44.759+0000] {dagbag.py:588} INFO - Filling up the DagBag from /opt/airflow/dags/ETL.py
[2025-12-08T12:22:44.804+0000] {processor.py:925} INFO - DAG(s) 'ETL_process' retrieved from /opt/airflow/dags/ETL.py
[2025-12-08T12:22:44.892+0000] {logging_mixin.py:190} INFO - [2025-12-08T12:22:44.891+0000] {dag.py:3239} INFO - Sync 1 DAGs
[2025-12-08T12:22:44.930+0000] {logging_mixin.py:190} INFO - [2025-12-08T12:22:44.930+0000] {dag.py:4180} INFO - Setting next_dagrun for ETL_process to None, run_after=None
[2025-12-08T12:22:44.977+0000] {processor.py:208} INFO - Processing /opt/airflow/dags/ETL.py took 0.257 seconds
[2025-12-08T12:23:15.328+0000] {processor.py:186} INFO - Started process (PID=745) to work on /opt/airflow/dags/ETL.py
[2025-12-08T12:23:15.330+0000] {processor.py:914} INFO - Processing file /opt/airflow/dags/ETL.py for tasks to queue
[2025-12-08T12:23:15.336+0000] {logging_mixin.py:190} INFO - [2025-12-08T12:23:15.335+0000] {dagbag.py:588} INFO - Filling up the DagBag from /opt/airflow/dags/ETL.py
[2025-12-08T12:23:15.393+0000] {processor.py:925} INFO - DAG(s) 'ETL_process' retrieved from /opt/airflow/dags/ETL.py
[2025-12-08T12:23:15.465+0000] {logging_mixin.py:190} INFO - [2025-12-08T12:23:15.464+0000] {dag.py:3239} INFO - Sync 1 DAGs
[2025-12-08T12:23:15.506+0000] {logging_mixin.py:190} INFO - [2025-12-08T12:23:15.506+0000] {dag.py:4180} INFO - Setting next_dagrun for ETL_process to None, run_after=None
[2025-12-08T12:23:15.553+0000] {processor.py:208} INFO - Processing /opt/airflow/dags/ETL.py took 0.240 seconds
[2025-12-08T12:23:45.797+0000] {processor.py:186} INFO - Started process (PID=755) to work on /opt/airflow/dags/ETL.py
[2025-12-08T12:23:45.800+0000] {processor.py:914} INFO - Processing file /opt/airflow/dags/ETL.py for tasks to queue
[2025-12-08T12:23:45.816+0000] {logging_mixin.py:190} INFO - [2025-12-08T12:23:45.815+0000] {dagbag.py:588} INFO - Filling up the DagBag from /opt/airflow/dags/ETL.py
[2025-12-08T12:23:45.874+0000] {processor.py:925} INFO - DAG(s) 'ETL_process' retrieved from /opt/airflow/dags/ETL.py
[2025-12-08T12:23:45.961+0000] {logging_mixin.py:190} INFO - [2025-12-08T12:23:45.960+0000] {dag.py:3239} INFO - Sync 1 DAGs
[2025-12-08T12:23:45.999+0000] {logging_mixin.py:190} INFO - [2025-12-08T12:23:45.999+0000] {dag.py:4180} INFO - Setting next_dagrun for ETL_process to None, run_after=None
[2025-12-08T12:23:46.039+0000] {processor.py:208} INFO - Processing /opt/airflow/dags/ETL.py took 0.295 seconds
[2025-12-08T12:24:16.368+0000] {processor.py:186} INFO - Started process (PID=765) to work on /opt/airflow/dags/ETL.py
[2025-12-08T12:24:16.374+0000] {processor.py:914} INFO - Processing file /opt/airflow/dags/ETL.py for tasks to queue
[2025-12-08T12:24:16.385+0000] {logging_mixin.py:190} INFO - [2025-12-08T12:24:16.384+0000] {dagbag.py:588} INFO - Filling up the DagBag from /opt/airflow/dags/ETL.py
[2025-12-08T12:24:16.456+0000] {processor.py:925} INFO - DAG(s) 'ETL_process' retrieved from /opt/airflow/dags/ETL.py
[2025-12-08T12:24:16.556+0000] {logging_mixin.py:190} INFO - [2025-12-08T12:24:16.555+0000] {dag.py:3239} INFO - Sync 1 DAGs
[2025-12-08T12:24:16.611+0000] {logging_mixin.py:190} INFO - [2025-12-08T12:24:16.611+0000] {dag.py:4180} INFO - Setting next_dagrun for ETL_process to None, run_after=None
[2025-12-08T12:24:16.654+0000] {processor.py:208} INFO - Processing /opt/airflow/dags/ETL.py took 0.329 seconds
[2025-12-08T14:18:17.971+0000] {processor.py:186} INFO - Started process (PID=200) to work on /opt/airflow/dags/ETL.py
[2025-12-08T14:18:17.973+0000] {processor.py:914} INFO - Processing file /opt/airflow/dags/ETL.py for tasks to queue
[2025-12-08T14:18:17.976+0000] {logging_mixin.py:190} INFO - [2025-12-08T14:18:17.976+0000] {dagbag.py:588} INFO - Filling up the DagBag from /opt/airflow/dags/ETL.py
[2025-12-08T14:18:18.013+0000] {processor.py:925} INFO - DAG(s) 'ETL_process' retrieved from /opt/airflow/dags/ETL.py
[2025-12-08T14:18:18.074+0000] {logging_mixin.py:190} INFO - [2025-12-08T14:18:18.073+0000] {dag.py:3239} INFO - Sync 1 DAGs
[2025-12-08T14:18:18.103+0000] {logging_mixin.py:190} INFO - [2025-12-08T14:18:18.103+0000] {dag.py:4180} INFO - Setting next_dagrun for ETL_process to None, run_after=None
[2025-12-08T14:18:18.124+0000] {processor.py:208} INFO - Processing /opt/airflow/dags/ETL.py took 0.162 seconds
[2025-12-08T14:18:48.254+0000] {processor.py:186} INFO - Started process (PID=238) to work on /opt/airflow/dags/ETL.py
[2025-12-08T14:18:48.257+0000] {processor.py:914} INFO - Processing file /opt/airflow/dags/ETL.py for tasks to queue
[2025-12-08T14:18:48.262+0000] {logging_mixin.py:190} INFO - [2025-12-08T14:18:48.261+0000] {dagbag.py:588} INFO - Filling up the DagBag from /opt/airflow/dags/ETL.py
[2025-12-08T14:18:48.294+0000] {processor.py:925} INFO - DAG(s) 'ETL_process' retrieved from /opt/airflow/dags/ETL.py
[2025-12-08T14:18:48.354+0000] {logging_mixin.py:190} INFO - [2025-12-08T14:18:48.353+0000] {dag.py:3239} INFO - Sync 1 DAGs
[2025-12-08T14:18:48.375+0000] {logging_mixin.py:190} INFO - [2025-12-08T14:18:48.375+0000] {dag.py:4180} INFO - Setting next_dagrun for ETL_process to None, run_after=None
[2025-12-08T14:18:48.402+0000] {processor.py:208} INFO - Processing /opt/airflow/dags/ETL.py took 0.157 seconds
[2025-12-08T14:19:18.652+0000] {processor.py:186} INFO - Started process (PID=249) to work on /opt/airflow/dags/ETL.py
[2025-12-08T14:19:18.654+0000] {processor.py:914} INFO - Processing file /opt/airflow/dags/ETL.py for tasks to queue
[2025-12-08T14:19:18.659+0000] {logging_mixin.py:190} INFO - [2025-12-08T14:19:18.658+0000] {dagbag.py:588} INFO - Filling up the DagBag from /opt/airflow/dags/ETL.py
[2025-12-08T14:19:18.685+0000] {processor.py:925} INFO - DAG(s) 'ETL_process' retrieved from /opt/airflow/dags/ETL.py
[2025-12-08T14:19:18.727+0000] {logging_mixin.py:190} INFO - [2025-12-08T14:19:18.726+0000] {dag.py:3239} INFO - Sync 1 DAGs
[2025-12-08T14:19:18.746+0000] {logging_mixin.py:190} INFO - [2025-12-08T14:19:18.746+0000] {dag.py:4180} INFO - Setting next_dagrun for ETL_process to None, run_after=None
[2025-12-08T14:19:18.770+0000] {processor.py:208} INFO - Processing /opt/airflow/dags/ETL.py took 0.131 seconds
[2025-12-08T14:19:48.988+0000] {processor.py:186} INFO - Started process (PID=358) to work on /opt/airflow/dags/ETL.py
[2025-12-08T14:19:48.993+0000] {processor.py:914} INFO - Processing file /opt/airflow/dags/ETL.py for tasks to queue
[2025-12-08T14:19:49.002+0000] {logging_mixin.py:190} INFO - [2025-12-08T14:19:49.001+0000] {dagbag.py:588} INFO - Filling up the DagBag from /opt/airflow/dags/ETL.py
[2025-12-08T14:19:49.059+0000] {processor.py:925} INFO - DAG(s) 'ETL_process' retrieved from /opt/airflow/dags/ETL.py
[2025-12-08T14:19:49.142+0000] {logging_mixin.py:190} INFO - [2025-12-08T14:19:49.141+0000] {dag.py:3239} INFO - Sync 1 DAGs
[2025-12-08T14:19:49.217+0000] {logging_mixin.py:190} INFO - [2025-12-08T14:19:49.217+0000] {dag.py:4180} INFO - Setting next_dagrun for ETL_process to None, run_after=None
[2025-12-08T14:19:49.270+0000] {processor.py:208} INFO - Processing /opt/airflow/dags/ETL.py took 0.300 seconds
[2025-12-08T14:20:19.375+0000] {processor.py:186} INFO - Started process (PID=368) to work on /opt/airflow/dags/ETL.py
[2025-12-08T14:20:19.378+0000] {processor.py:914} INFO - Processing file /opt/airflow/dags/ETL.py for tasks to queue
[2025-12-08T14:20:19.389+0000] {logging_mixin.py:190} INFO - [2025-12-08T14:20:19.387+0000] {dagbag.py:588} INFO - Filling up the DagBag from /opt/airflow/dags/ETL.py
[2025-12-08T14:20:19.472+0000] {processor.py:925} INFO - DAG(s) 'ETL_process' retrieved from /opt/airflow/dags/ETL.py
[2025-12-08T14:20:19.589+0000] {logging_mixin.py:190} INFO - [2025-12-08T14:20:19.588+0000] {dag.py:3239} INFO - Sync 1 DAGs
[2025-12-08T14:20:19.648+0000] {logging_mixin.py:190} INFO - [2025-12-08T14:20:19.648+0000] {dag.py:4180} INFO - Setting next_dagrun for ETL_process to None, run_after=None
[2025-12-08T14:20:19.700+0000] {processor.py:208} INFO - Processing /opt/airflow/dags/ETL.py took 0.351 seconds
[2025-12-08T14:20:49.840+0000] {processor.py:186} INFO - Started process (PID=378) to work on /opt/airflow/dags/ETL.py
[2025-12-08T14:20:49.843+0000] {processor.py:914} INFO - Processing file /opt/airflow/dags/ETL.py for tasks to queue
[2025-12-08T14:20:49.850+0000] {logging_mixin.py:190} INFO - [2025-12-08T14:20:49.849+0000] {dagbag.py:588} INFO - Filling up the DagBag from /opt/airflow/dags/ETL.py
[2025-12-08T14:20:49.888+0000] {processor.py:925} INFO - DAG(s) 'ETL_process' retrieved from /opt/airflow/dags/ETL.py
[2025-12-08T14:20:49.962+0000] {logging_mixin.py:190} INFO - [2025-12-08T14:20:49.961+0000] {dag.py:3239} INFO - Sync 1 DAGs
[2025-12-08T14:20:49.996+0000] {logging_mixin.py:190} INFO - [2025-12-08T14:20:49.995+0000] {dag.py:4180} INFO - Setting next_dagrun for ETL_process to None, run_after=None
[2025-12-08T14:20:50.042+0000] {processor.py:208} INFO - Processing /opt/airflow/dags/ETL.py took 0.215 seconds
[2025-12-08T14:21:20.399+0000] {processor.py:186} INFO - Started process (PID=388) to work on /opt/airflow/dags/ETL.py
[2025-12-08T14:21:20.403+0000] {processor.py:914} INFO - Processing file /opt/airflow/dags/ETL.py for tasks to queue
[2025-12-08T14:21:20.414+0000] {logging_mixin.py:190} INFO - [2025-12-08T14:21:20.411+0000] {dagbag.py:588} INFO - Filling up the DagBag from /opt/airflow/dags/ETL.py
[2025-12-08T14:21:20.463+0000] {processor.py:925} INFO - DAG(s) 'ETL_process' retrieved from /opt/airflow/dags/ETL.py
[2025-12-08T14:21:20.528+0000] {logging_mixin.py:190} INFO - [2025-12-08T14:21:20.528+0000] {dag.py:3239} INFO - Sync 1 DAGs
[2025-12-08T14:21:20.562+0000] {logging_mixin.py:190} INFO - [2025-12-08T14:21:20.562+0000] {dag.py:4180} INFO - Setting next_dagrun for ETL_process to None, run_after=None
[2025-12-08T14:21:20.599+0000] {processor.py:208} INFO - Processing /opt/airflow/dags/ETL.py took 0.223 seconds
[2025-12-08T14:21:50.819+0000] {processor.py:186} INFO - Started process (PID=398) to work on /opt/airflow/dags/ETL.py
[2025-12-08T14:21:50.827+0000] {processor.py:914} INFO - Processing file /opt/airflow/dags/ETL.py for tasks to queue
[2025-12-08T14:21:50.842+0000] {logging_mixin.py:190} INFO - [2025-12-08T14:21:50.841+0000] {dagbag.py:588} INFO - Filling up the DagBag from /opt/airflow/dags/ETL.py
[2025-12-08T14:21:50.909+0000] {processor.py:925} INFO - DAG(s) 'ETL_process' retrieved from /opt/airflow/dags/ETL.py
[2025-12-08T14:21:51.025+0000] {logging_mixin.py:190} INFO - [2025-12-08T14:21:51.024+0000] {dag.py:3239} INFO - Sync 1 DAGs
[2025-12-08T14:21:51.068+0000] {logging_mixin.py:190} INFO - [2025-12-08T14:21:51.068+0000] {dag.py:4180} INFO - Setting next_dagrun for ETL_process to None, run_after=None
[2025-12-08T14:21:51.124+0000] {processor.py:208} INFO - Processing /opt/airflow/dags/ETL.py took 0.333 seconds
[2025-12-08T14:22:21.276+0000] {processor.py:186} INFO - Started process (PID=408) to work on /opt/airflow/dags/ETL.py
[2025-12-08T14:22:21.279+0000] {processor.py:914} INFO - Processing file /opt/airflow/dags/ETL.py for tasks to queue
[2025-12-08T14:22:21.288+0000] {logging_mixin.py:190} INFO - [2025-12-08T14:22:21.287+0000] {dagbag.py:588} INFO - Filling up the DagBag from /opt/airflow/dags/ETL.py
[2025-12-08T14:22:21.334+0000] {processor.py:925} INFO - DAG(s) 'ETL_process' retrieved from /opt/airflow/dags/ETL.py
[2025-12-08T14:22:21.438+0000] {logging_mixin.py:190} INFO - [2025-12-08T14:22:21.437+0000] {dag.py:3239} INFO - Sync 1 DAGs
[2025-12-08T14:22:21.487+0000] {logging_mixin.py:190} INFO - [2025-12-08T14:22:21.486+0000] {dag.py:4180} INFO - Setting next_dagrun for ETL_process to None, run_after=None
[2025-12-08T14:22:21.531+0000] {processor.py:208} INFO - Processing /opt/airflow/dags/ETL.py took 0.279 seconds
[2025-12-08T14:22:51.969+0000] {processor.py:186} INFO - Started process (PID=418) to work on /opt/airflow/dags/ETL.py
[2025-12-08T14:22:51.973+0000] {processor.py:914} INFO - Processing file /opt/airflow/dags/ETL.py for tasks to queue
[2025-12-08T14:22:51.986+0000] {logging_mixin.py:190} INFO - [2025-12-08T14:22:51.984+0000] {dagbag.py:588} INFO - Filling up the DagBag from /opt/airflow/dags/ETL.py
[2025-12-08T14:22:52.032+0000] {processor.py:925} INFO - DAG(s) 'ETL_process' retrieved from /opt/airflow/dags/ETL.py
[2025-12-08T14:22:52.134+0000] {logging_mixin.py:190} INFO - [2025-12-08T14:22:52.134+0000] {dag.py:3239} INFO - Sync 1 DAGs
[2025-12-08T14:22:52.210+0000] {logging_mixin.py:190} INFO - [2025-12-08T14:22:52.209+0000] {dag.py:4180} INFO - Setting next_dagrun for ETL_process to None, run_after=None
[2025-12-08T14:22:52.259+0000] {processor.py:208} INFO - Processing /opt/airflow/dags/ETL.py took 0.314 seconds
[2025-12-08T14:23:22.605+0000] {processor.py:186} INFO - Started process (PID=428) to work on /opt/airflow/dags/ETL.py
[2025-12-08T14:23:22.608+0000] {processor.py:914} INFO - Processing file /opt/airflow/dags/ETL.py for tasks to queue
[2025-12-08T14:23:22.615+0000] {logging_mixin.py:190} INFO - [2025-12-08T14:23:22.614+0000] {dagbag.py:588} INFO - Filling up the DagBag from /opt/airflow/dags/ETL.py
[2025-12-08T14:23:22.655+0000] {processor.py:925} INFO - DAG(s) 'ETL_process' retrieved from /opt/airflow/dags/ETL.py
[2025-12-08T14:23:22.769+0000] {logging_mixin.py:190} INFO - [2025-12-08T14:23:22.769+0000] {dag.py:3239} INFO - Sync 1 DAGs
[2025-12-08T14:23:22.815+0000] {logging_mixin.py:190} INFO - [2025-12-08T14:23:22.814+0000] {dag.py:4180} INFO - Setting next_dagrun for ETL_process to None, run_after=None
[2025-12-08T14:23:22.866+0000] {processor.py:208} INFO - Processing /opt/airflow/dags/ETL.py took 0.283 seconds
[2025-12-08T14:23:53.143+0000] {processor.py:186} INFO - Started process (PID=438) to work on /opt/airflow/dags/ETL.py
[2025-12-08T14:23:53.144+0000] {processor.py:914} INFO - Processing file /opt/airflow/dags/ETL.py for tasks to queue
[2025-12-08T14:23:53.148+0000] {logging_mixin.py:190} INFO - [2025-12-08T14:23:53.148+0000] {dagbag.py:588} INFO - Filling up the DagBag from /opt/airflow/dags/ETL.py
[2025-12-08T14:23:53.185+0000] {processor.py:925} INFO - DAG(s) 'ETL_process' retrieved from /opt/airflow/dags/ETL.py
[2025-12-08T14:23:53.276+0000] {logging_mixin.py:190} INFO - [2025-12-08T14:23:53.276+0000] {dag.py:3239} INFO - Sync 1 DAGs
[2025-12-08T14:23:53.305+0000] {logging_mixin.py:190} INFO - [2025-12-08T14:23:53.305+0000] {dag.py:4180} INFO - Setting next_dagrun for ETL_process to None, run_after=None
[2025-12-08T14:23:53.330+0000] {processor.py:208} INFO - Processing /opt/airflow/dags/ETL.py took 0.199 seconds
[2025-12-08T14:24:23.602+0000] {processor.py:186} INFO - Started process (PID=448) to work on /opt/airflow/dags/ETL.py
[2025-12-08T14:24:23.605+0000] {processor.py:914} INFO - Processing file /opt/airflow/dags/ETL.py for tasks to queue
[2025-12-08T14:24:23.611+0000] {logging_mixin.py:190} INFO - [2025-12-08T14:24:23.610+0000] {dagbag.py:588} INFO - Filling up the DagBag from /opt/airflow/dags/ETL.py
[2025-12-08T14:24:23.660+0000] {processor.py:925} INFO - DAG(s) 'ETL_process' retrieved from /opt/airflow/dags/ETL.py
[2025-12-08T14:24:23.730+0000] {logging_mixin.py:190} INFO - [2025-12-08T14:24:23.729+0000] {dag.py:3239} INFO - Sync 1 DAGs
[2025-12-08T14:24:23.764+0000] {logging_mixin.py:190} INFO - [2025-12-08T14:24:23.764+0000] {dag.py:4180} INFO - Setting next_dagrun for ETL_process to None, run_after=None
[2025-12-08T14:24:23.796+0000] {processor.py:208} INFO - Processing /opt/airflow/dags/ETL.py took 0.209 seconds
[2025-12-08T14:24:54.068+0000] {processor.py:186} INFO - Started process (PID=458) to work on /opt/airflow/dags/ETL.py
[2025-12-08T14:24:54.069+0000] {processor.py:914} INFO - Processing file /opt/airflow/dags/ETL.py for tasks to queue
[2025-12-08T14:24:54.074+0000] {logging_mixin.py:190} INFO - [2025-12-08T14:24:54.073+0000] {dagbag.py:588} INFO - Filling up the DagBag from /opt/airflow/dags/ETL.py
[2025-12-08T14:24:54.116+0000] {processor.py:925} INFO - DAG(s) 'ETL_process' retrieved from /opt/airflow/dags/ETL.py
[2025-12-08T14:24:54.184+0000] {logging_mixin.py:190} INFO - [2025-12-08T14:24:54.183+0000] {dag.py:3239} INFO - Sync 1 DAGs
[2025-12-08T14:24:54.216+0000] {logging_mixin.py:190} INFO - [2025-12-08T14:24:54.216+0000] {dag.py:4180} INFO - Setting next_dagrun for ETL_process to None, run_after=None
[2025-12-08T14:24:54.247+0000] {processor.py:208} INFO - Processing /opt/airflow/dags/ETL.py took 0.192 seconds
[2025-12-08T14:25:24.520+0000] {processor.py:186} INFO - Started process (PID=468) to work on /opt/airflow/dags/ETL.py
[2025-12-08T14:25:24.522+0000] {processor.py:914} INFO - Processing file /opt/airflow/dags/ETL.py for tasks to queue
[2025-12-08T14:25:24.527+0000] {logging_mixin.py:190} INFO - [2025-12-08T14:25:24.527+0000] {dagbag.py:588} INFO - Filling up the DagBag from /opt/airflow/dags/ETL.py
[2025-12-08T14:25:24.564+0000] {processor.py:925} INFO - DAG(s) 'ETL_process' retrieved from /opt/airflow/dags/ETL.py
[2025-12-08T14:25:24.619+0000] {logging_mixin.py:190} INFO - [2025-12-08T14:25:24.619+0000] {dag.py:3239} INFO - Sync 1 DAGs
[2025-12-08T14:25:24.658+0000] {logging_mixin.py:190} INFO - [2025-12-08T14:25:24.657+0000] {dag.py:4180} INFO - Setting next_dagrun for ETL_process to None, run_after=None
[2025-12-08T14:25:24.688+0000] {processor.py:208} INFO - Processing /opt/airflow/dags/ETL.py took 0.181 seconds
[2025-12-08T14:25:54.770+0000] {processor.py:186} INFO - Started process (PID=478) to work on /opt/airflow/dags/ETL.py
[2025-12-08T14:25:54.771+0000] {processor.py:914} INFO - Processing file /opt/airflow/dags/ETL.py for tasks to queue
[2025-12-08T14:25:54.776+0000] {logging_mixin.py:190} INFO - [2025-12-08T14:25:54.775+0000] {dagbag.py:588} INFO - Filling up the DagBag from /opt/airflow/dags/ETL.py
[2025-12-08T14:25:54.807+0000] {processor.py:925} INFO - DAG(s) 'ETL_process' retrieved from /opt/airflow/dags/ETL.py
[2025-12-08T14:25:54.868+0000] {logging_mixin.py:190} INFO - [2025-12-08T14:25:54.868+0000] {dag.py:3239} INFO - Sync 1 DAGs
[2025-12-08T14:25:54.893+0000] {logging_mixin.py:190} INFO - [2025-12-08T14:25:54.893+0000] {dag.py:4180} INFO - Setting next_dagrun for ETL_process to None, run_after=None
[2025-12-08T14:25:54.921+0000] {processor.py:208} INFO - Processing /opt/airflow/dags/ETL.py took 0.170 seconds
[2025-12-08T14:26:25.197+0000] {processor.py:186} INFO - Started process (PID=488) to work on /opt/airflow/dags/ETL.py
[2025-12-08T14:26:25.198+0000] {processor.py:914} INFO - Processing file /opt/airflow/dags/ETL.py for tasks to queue
[2025-12-08T14:26:25.202+0000] {logging_mixin.py:190} INFO - [2025-12-08T14:26:25.202+0000] {dagbag.py:588} INFO - Filling up the DagBag from /opt/airflow/dags/ETL.py
[2025-12-08T14:26:25.229+0000] {processor.py:925} INFO - DAG(s) 'ETL_process' retrieved from /opt/airflow/dags/ETL.py
[2025-12-08T14:26:25.272+0000] {logging_mixin.py:190} INFO - [2025-12-08T14:26:25.272+0000] {dag.py:3239} INFO - Sync 1 DAGs
[2025-12-08T14:26:25.292+0000] {logging_mixin.py:190} INFO - [2025-12-08T14:26:25.292+0000] {dag.py:4180} INFO - Setting next_dagrun for ETL_process to None, run_after=None
[2025-12-08T14:26:25.315+0000] {processor.py:208} INFO - Processing /opt/airflow/dags/ETL.py took 0.130 seconds
[2025-12-08T14:26:55.587+0000] {processor.py:186} INFO - Started process (PID=498) to work on /opt/airflow/dags/ETL.py
[2025-12-08T14:26:55.588+0000] {processor.py:914} INFO - Processing file /opt/airflow/dags/ETL.py for tasks to queue
[2025-12-08T14:26:55.593+0000] {logging_mixin.py:190} INFO - [2025-12-08T14:26:55.593+0000] {dagbag.py:588} INFO - Filling up the DagBag from /opt/airflow/dags/ETL.py
[2025-12-08T14:26:55.621+0000] {processor.py:925} INFO - DAG(s) 'ETL_process' retrieved from /opt/airflow/dags/ETL.py
[2025-12-08T14:26:55.670+0000] {logging_mixin.py:190} INFO - [2025-12-08T14:26:55.669+0000] {dag.py:3239} INFO - Sync 1 DAGs
[2025-12-08T14:26:55.694+0000] {logging_mixin.py:190} INFO - [2025-12-08T14:26:55.693+0000] {dag.py:4180} INFO - Setting next_dagrun for ETL_process to None, run_after=None
[2025-12-08T14:26:55.722+0000] {processor.py:208} INFO - Processing /opt/airflow/dags/ETL.py took 0.147 seconds
[2025-12-08T14:27:26.016+0000] {processor.py:186} INFO - Started process (PID=508) to work on /opt/airflow/dags/ETL.py
[2025-12-08T14:27:26.018+0000] {processor.py:914} INFO - Processing file /opt/airflow/dags/ETL.py for tasks to queue
[2025-12-08T14:27:26.023+0000] {logging_mixin.py:190} INFO - [2025-12-08T14:27:26.022+0000] {dagbag.py:588} INFO - Filling up the DagBag from /opt/airflow/dags/ETL.py
[2025-12-08T14:27:26.048+0000] {processor.py:925} INFO - DAG(s) 'ETL_process' retrieved from /opt/airflow/dags/ETL.py
[2025-12-08T14:27:26.090+0000] {logging_mixin.py:190} INFO - [2025-12-08T14:27:26.090+0000] {dag.py:3239} INFO - Sync 1 DAGs
[2025-12-08T14:27:26.116+0000] {logging_mixin.py:190} INFO - [2025-12-08T14:27:26.115+0000] {dag.py:4180} INFO - Setting next_dagrun for ETL_process to None, run_after=None
[2025-12-08T14:27:26.142+0000] {processor.py:208} INFO - Processing /opt/airflow/dags/ETL.py took 0.141 seconds
[2025-12-08T14:27:56.273+0000] {processor.py:186} INFO - Started process (PID=518) to work on /opt/airflow/dags/ETL.py
[2025-12-08T14:27:56.275+0000] {processor.py:914} INFO - Processing file /opt/airflow/dags/ETL.py for tasks to queue
[2025-12-08T14:27:56.280+0000] {logging_mixin.py:190} INFO - [2025-12-08T14:27:56.280+0000] {dagbag.py:588} INFO - Filling up the DagBag from /opt/airflow/dags/ETL.py
[2025-12-08T14:27:56.311+0000] {processor.py:925} INFO - DAG(s) 'ETL_process' retrieved from /opt/airflow/dags/ETL.py
[2025-12-08T14:27:56.370+0000] {logging_mixin.py:190} INFO - [2025-12-08T14:27:56.370+0000] {dag.py:3239} INFO - Sync 1 DAGs
[2025-12-08T14:27:56.394+0000] {logging_mixin.py:190} INFO - [2025-12-08T14:27:56.394+0000] {dag.py:4180} INFO - Setting next_dagrun for ETL_process to None, run_after=None
[2025-12-08T14:27:56.425+0000] {processor.py:208} INFO - Processing /opt/airflow/dags/ETL.py took 0.161 seconds
[2025-12-08T14:28:26.652+0000] {processor.py:186} INFO - Started process (PID=528) to work on /opt/airflow/dags/ETL.py
[2025-12-08T14:28:26.655+0000] {processor.py:914} INFO - Processing file /opt/airflow/dags/ETL.py for tasks to queue
[2025-12-08T14:28:26.661+0000] {logging_mixin.py:190} INFO - [2025-12-08T14:28:26.660+0000] {dagbag.py:588} INFO - Filling up the DagBag from /opt/airflow/dags/ETL.py
[2025-12-08T14:28:26.693+0000] {processor.py:925} INFO - DAG(s) 'ETL_process' retrieved from /opt/airflow/dags/ETL.py
[2025-12-08T14:28:26.752+0000] {logging_mixin.py:190} INFO - [2025-12-08T14:28:26.752+0000] {dag.py:3239} INFO - Sync 1 DAGs
[2025-12-08T14:28:26.774+0000] {logging_mixin.py:190} INFO - [2025-12-08T14:28:26.773+0000] {dag.py:4180} INFO - Setting next_dagrun for ETL_process to None, run_after=None
[2025-12-08T14:28:26.802+0000] {processor.py:208} INFO - Processing /opt/airflow/dags/ETL.py took 0.163 seconds
[2025-12-08T14:28:56.919+0000] {processor.py:186} INFO - Started process (PID=538) to work on /opt/airflow/dags/ETL.py
[2025-12-08T14:28:56.920+0000] {processor.py:914} INFO - Processing file /opt/airflow/dags/ETL.py for tasks to queue
[2025-12-08T14:28:56.926+0000] {logging_mixin.py:190} INFO - [2025-12-08T14:28:56.925+0000] {dagbag.py:588} INFO - Filling up the DagBag from /opt/airflow/dags/ETL.py
[2025-12-08T14:28:56.951+0000] {processor.py:925} INFO - DAG(s) 'ETL_process' retrieved from /opt/airflow/dags/ETL.py
[2025-12-08T14:28:56.996+0000] {logging_mixin.py:190} INFO - [2025-12-08T14:28:56.995+0000] {dag.py:3239} INFO - Sync 1 DAGs
[2025-12-08T14:28:57.020+0000] {logging_mixin.py:190} INFO - [2025-12-08T14:28:57.019+0000] {dag.py:4180} INFO - Setting next_dagrun for ETL_process to None, run_after=None
[2025-12-08T14:28:57.045+0000] {processor.py:208} INFO - Processing /opt/airflow/dags/ETL.py took 0.136 seconds
[2025-12-08T14:29:27.330+0000] {processor.py:186} INFO - Started process (PID=548) to work on /opt/airflow/dags/ETL.py
[2025-12-08T14:29:27.333+0000] {processor.py:914} INFO - Processing file /opt/airflow/dags/ETL.py for tasks to queue
[2025-12-08T14:29:27.338+0000] {logging_mixin.py:190} INFO - [2025-12-08T14:29:27.337+0000] {dagbag.py:588} INFO - Filling up the DagBag from /opt/airflow/dags/ETL.py
[2025-12-08T14:29:27.362+0000] {processor.py:925} INFO - DAG(s) 'ETL_process' retrieved from /opt/airflow/dags/ETL.py
[2025-12-08T14:29:27.409+0000] {logging_mixin.py:190} INFO - [2025-12-08T14:29:27.408+0000] {dag.py:3239} INFO - Sync 1 DAGs
[2025-12-08T14:29:27.429+0000] {logging_mixin.py:190} INFO - [2025-12-08T14:29:27.429+0000] {dag.py:4180} INFO - Setting next_dagrun for ETL_process to None, run_after=None
[2025-12-08T14:29:27.455+0000] {processor.py:208} INFO - Processing /opt/airflow/dags/ETL.py took 0.141 seconds
[2025-12-08T14:29:57.593+0000] {processor.py:186} INFO - Started process (PID=558) to work on /opt/airflow/dags/ETL.py
[2025-12-08T14:29:57.594+0000] {processor.py:914} INFO - Processing file /opt/airflow/dags/ETL.py for tasks to queue
[2025-12-08T14:29:57.600+0000] {logging_mixin.py:190} INFO - [2025-12-08T14:29:57.600+0000] {dagbag.py:588} INFO - Filling up the DagBag from /opt/airflow/dags/ETL.py
[2025-12-08T14:29:57.625+0000] {processor.py:925} INFO - DAG(s) 'ETL_process' retrieved from /opt/airflow/dags/ETL.py
[2025-12-08T14:29:57.669+0000] {logging_mixin.py:190} INFO - [2025-12-08T14:29:57.668+0000] {dag.py:3239} INFO - Sync 1 DAGs
[2025-12-08T14:29:57.690+0000] {logging_mixin.py:190} INFO - [2025-12-08T14:29:57.689+0000] {dag.py:4180} INFO - Setting next_dagrun for ETL_process to None, run_after=None
[2025-12-08T14:29:57.720+0000] {processor.py:208} INFO - Processing /opt/airflow/dags/ETL.py took 0.140 seconds
[2025-12-08T14:30:27.920+0000] {processor.py:186} INFO - Started process (PID=568) to work on /opt/airflow/dags/ETL.py
[2025-12-08T14:30:27.923+0000] {processor.py:914} INFO - Processing file /opt/airflow/dags/ETL.py for tasks to queue
[2025-12-08T14:30:27.931+0000] {logging_mixin.py:190} INFO - [2025-12-08T14:30:27.931+0000] {dagbag.py:588} INFO - Filling up the DagBag from /opt/airflow/dags/ETL.py
[2025-12-08T14:30:27.962+0000] {processor.py:925} INFO - DAG(s) 'ETL_process' retrieved from /opt/airflow/dags/ETL.py
[2025-12-08T14:30:28.015+0000] {logging_mixin.py:190} INFO - [2025-12-08T14:30:28.015+0000] {dag.py:3239} INFO - Sync 1 DAGs
[2025-12-08T14:30:28.034+0000] {logging_mixin.py:190} INFO - [2025-12-08T14:30:28.034+0000] {dag.py:4180} INFO - Setting next_dagrun for ETL_process to None, run_after=None
[2025-12-08T14:30:28.059+0000] {processor.py:208} INFO - Processing /opt/airflow/dags/ETL.py took 0.148 seconds
[2025-12-08T14:30:58.209+0000] {processor.py:186} INFO - Started process (PID=578) to work on /opt/airflow/dags/ETL.py
[2025-12-08T14:30:58.211+0000] {processor.py:914} INFO - Processing file /opt/airflow/dags/ETL.py for tasks to queue
[2025-12-08T14:30:58.214+0000] {logging_mixin.py:190} INFO - [2025-12-08T14:30:58.214+0000] {dagbag.py:588} INFO - Filling up the DagBag from /opt/airflow/dags/ETL.py
[2025-12-08T14:30:58.240+0000] {processor.py:925} INFO - DAG(s) 'ETL_process' retrieved from /opt/airflow/dags/ETL.py
[2025-12-08T14:30:58.288+0000] {logging_mixin.py:190} INFO - [2025-12-08T14:30:58.287+0000] {dag.py:3239} INFO - Sync 1 DAGs
[2025-12-08T14:30:58.315+0000] {logging_mixin.py:190} INFO - [2025-12-08T14:30:58.314+0000] {dag.py:4180} INFO - Setting next_dagrun for ETL_process to None, run_after=None
[2025-12-08T14:30:58.352+0000] {processor.py:208} INFO - Processing /opt/airflow/dags/ETL.py took 0.151 seconds
[2025-12-08T14:31:28.674+0000] {processor.py:186} INFO - Started process (PID=588) to work on /opt/airflow/dags/ETL.py
[2025-12-08T14:31:28.675+0000] {processor.py:914} INFO - Processing file /opt/airflow/dags/ETL.py for tasks to queue
[2025-12-08T14:31:28.685+0000] {logging_mixin.py:190} INFO - [2025-12-08T14:31:28.685+0000] {dagbag.py:588} INFO - Filling up the DagBag from /opt/airflow/dags/ETL.py
[2025-12-08T14:31:28.726+0000] {processor.py:925} INFO - DAG(s) 'ETL_process' retrieved from /opt/airflow/dags/ETL.py
[2025-12-08T14:31:28.778+0000] {logging_mixin.py:190} INFO - [2025-12-08T14:31:28.778+0000] {dag.py:3239} INFO - Sync 1 DAGs
[2025-12-08T14:31:28.801+0000] {logging_mixin.py:190} INFO - [2025-12-08T14:31:28.801+0000] {dag.py:4180} INFO - Setting next_dagrun for ETL_process to None, run_after=None
[2025-12-08T14:31:28.830+0000] {processor.py:208} INFO - Processing /opt/airflow/dags/ETL.py took 0.196 seconds
[2025-12-08T14:31:59.121+0000] {processor.py:186} INFO - Started process (PID=598) to work on /opt/airflow/dags/ETL.py
[2025-12-08T14:31:59.124+0000] {processor.py:914} INFO - Processing file /opt/airflow/dags/ETL.py for tasks to queue
[2025-12-08T14:31:59.142+0000] {logging_mixin.py:190} INFO - [2025-12-08T14:31:59.141+0000] {dagbag.py:588} INFO - Filling up the DagBag from /opt/airflow/dags/ETL.py
[2025-12-08T14:31:59.174+0000] {processor.py:925} INFO - DAG(s) 'ETL_process' retrieved from /opt/airflow/dags/ETL.py
[2025-12-08T14:31:59.232+0000] {logging_mixin.py:190} INFO - [2025-12-08T14:31:59.231+0000] {dag.py:3239} INFO - Sync 1 DAGs
[2025-12-08T14:31:59.257+0000] {logging_mixin.py:190} INFO - [2025-12-08T14:31:59.257+0000] {dag.py:4180} INFO - Setting next_dagrun for ETL_process to None, run_after=None
[2025-12-08T14:31:59.292+0000] {processor.py:208} INFO - Processing /opt/airflow/dags/ETL.py took 0.206 seconds
[2025-12-08T14:32:29.589+0000] {processor.py:186} INFO - Started process (PID=608) to work on /opt/airflow/dags/ETL.py
[2025-12-08T14:32:29.615+0000] {processor.py:914} INFO - Processing file /opt/airflow/dags/ETL.py for tasks to queue
[2025-12-08T14:32:29.622+0000] {logging_mixin.py:190} INFO - [2025-12-08T14:32:29.621+0000] {dagbag.py:588} INFO - Filling up the DagBag from /opt/airflow/dags/ETL.py
[2025-12-08T14:32:29.657+0000] {processor.py:925} INFO - DAG(s) 'ETL_process' retrieved from /opt/airflow/dags/ETL.py
[2025-12-08T14:32:29.722+0000] {logging_mixin.py:190} INFO - [2025-12-08T14:32:29.722+0000] {dag.py:3239} INFO - Sync 1 DAGs
[2025-12-08T14:32:29.748+0000] {logging_mixin.py:190} INFO - [2025-12-08T14:32:29.747+0000] {dag.py:4180} INFO - Setting next_dagrun for ETL_process to None, run_after=None
[2025-12-08T14:32:29.779+0000] {processor.py:208} INFO - Processing /opt/airflow/dags/ETL.py took 0.223 seconds
[2025-12-08T14:33:00.067+0000] {processor.py:186} INFO - Started process (PID=618) to work on /opt/airflow/dags/ETL.py
[2025-12-08T14:33:00.071+0000] {processor.py:914} INFO - Processing file /opt/airflow/dags/ETL.py for tasks to queue
[2025-12-08T14:33:00.079+0000] {logging_mixin.py:190} INFO - [2025-12-08T14:33:00.079+0000] {dagbag.py:588} INFO - Filling up the DagBag from /opt/airflow/dags/ETL.py
[2025-12-08T14:33:00.132+0000] {processor.py:925} INFO - DAG(s) 'ETL_process' retrieved from /opt/airflow/dags/ETL.py
[2025-12-08T14:33:00.209+0000] {logging_mixin.py:190} INFO - [2025-12-08T14:33:00.209+0000] {dag.py:3239} INFO - Sync 1 DAGs
[2025-12-08T14:33:00.241+0000] {logging_mixin.py:190} INFO - [2025-12-08T14:33:00.241+0000] {dag.py:4180} INFO - Setting next_dagrun for ETL_process to None, run_after=None
[2025-12-08T14:33:00.278+0000] {processor.py:208} INFO - Processing /opt/airflow/dags/ETL.py took 0.228 seconds
[2025-12-08T14:33:30.589+0000] {processor.py:186} INFO - Started process (PID=628) to work on /opt/airflow/dags/ETL.py
[2025-12-08T14:33:30.591+0000] {processor.py:914} INFO - Processing file /opt/airflow/dags/ETL.py for tasks to queue
[2025-12-08T14:33:30.596+0000] {logging_mixin.py:190} INFO - [2025-12-08T14:33:30.596+0000] {dagbag.py:588} INFO - Filling up the DagBag from /opt/airflow/dags/ETL.py
[2025-12-08T14:33:30.621+0000] {processor.py:925} INFO - DAG(s) 'ETL_process' retrieved from /opt/airflow/dags/ETL.py
[2025-12-08T14:33:30.661+0000] {logging_mixin.py:190} INFO - [2025-12-08T14:33:30.660+0000] {dag.py:3239} INFO - Sync 1 DAGs
[2025-12-08T14:33:30.685+0000] {logging_mixin.py:190} INFO - [2025-12-08T14:33:30.685+0000] {dag.py:4180} INFO - Setting next_dagrun for ETL_process to None, run_after=None
[2025-12-08T14:33:30.711+0000] {processor.py:208} INFO - Processing /opt/airflow/dags/ETL.py took 0.132 seconds
[2025-12-08T14:34:00.849+0000] {processor.py:186} INFO - Started process (PID=638) to work on /opt/airflow/dags/ETL.py
[2025-12-08T14:34:00.851+0000] {processor.py:914} INFO - Processing file /opt/airflow/dags/ETL.py for tasks to queue
[2025-12-08T14:34:00.855+0000] {logging_mixin.py:190} INFO - [2025-12-08T14:34:00.855+0000] {dagbag.py:588} INFO - Filling up the DagBag from /opt/airflow/dags/ETL.py
[2025-12-08T14:34:00.884+0000] {processor.py:925} INFO - DAG(s) 'ETL_process' retrieved from /opt/airflow/dags/ETL.py
[2025-12-08T14:34:00.926+0000] {logging_mixin.py:190} INFO - [2025-12-08T14:34:00.926+0000] {dag.py:3239} INFO - Sync 1 DAGs
[2025-12-08T14:34:00.947+0000] {logging_mixin.py:190} INFO - [2025-12-08T14:34:00.947+0000] {dag.py:4180} INFO - Setting next_dagrun for ETL_process to None, run_after=None
[2025-12-08T14:34:00.970+0000] {processor.py:208} INFO - Processing /opt/airflow/dags/ETL.py took 0.131 seconds
[2025-12-08T14:34:31.264+0000] {processor.py:186} INFO - Started process (PID=648) to work on /opt/airflow/dags/ETL.py
[2025-12-08T14:34:31.266+0000] {processor.py:914} INFO - Processing file /opt/airflow/dags/ETL.py for tasks to queue
[2025-12-08T14:34:31.270+0000] {logging_mixin.py:190} INFO - [2025-12-08T14:34:31.270+0000] {dagbag.py:588} INFO - Filling up the DagBag from /opt/airflow/dags/ETL.py
[2025-12-08T14:34:31.295+0000] {processor.py:925} INFO - DAG(s) 'ETL_process' retrieved from /opt/airflow/dags/ETL.py
[2025-12-08T14:34:31.340+0000] {logging_mixin.py:190} INFO - [2025-12-08T14:34:31.339+0000] {dag.py:3239} INFO - Sync 1 DAGs
[2025-12-08T14:34:31.358+0000] {logging_mixin.py:190} INFO - [2025-12-08T14:34:31.358+0000] {dag.py:4180} INFO - Setting next_dagrun for ETL_process to None, run_after=None
[2025-12-08T14:34:31.382+0000] {processor.py:208} INFO - Processing /opt/airflow/dags/ETL.py took 0.130 seconds
[2025-12-08T14:35:01.513+0000] {processor.py:186} INFO - Started process (PID=658) to work on /opt/airflow/dags/ETL.py
[2025-12-08T14:35:01.515+0000] {processor.py:914} INFO - Processing file /opt/airflow/dags/ETL.py for tasks to queue
[2025-12-08T14:35:01.519+0000] {logging_mixin.py:190} INFO - [2025-12-08T14:35:01.518+0000] {dagbag.py:588} INFO - Filling up the DagBag from /opt/airflow/dags/ETL.py
[2025-12-08T14:35:01.544+0000] {processor.py:925} INFO - DAG(s) 'ETL_process' retrieved from /opt/airflow/dags/ETL.py
[2025-12-08T14:35:01.585+0000] {logging_mixin.py:190} INFO - [2025-12-08T14:35:01.584+0000] {dag.py:3239} INFO - Sync 1 DAGs
[2025-12-08T14:35:01.602+0000] {logging_mixin.py:190} INFO - [2025-12-08T14:35:01.602+0000] {dag.py:4180} INFO - Setting next_dagrun for ETL_process to None, run_after=None
[2025-12-08T14:35:01.625+0000] {processor.py:208} INFO - Processing /opt/airflow/dags/ETL.py took 0.119 seconds
[2025-12-08T14:35:31.902+0000] {processor.py:186} INFO - Started process (PID=668) to work on /opt/airflow/dags/ETL.py
[2025-12-08T14:35:31.904+0000] {processor.py:914} INFO - Processing file /opt/airflow/dags/ETL.py for tasks to queue
[2025-12-08T14:35:31.908+0000] {logging_mixin.py:190} INFO - [2025-12-08T14:35:31.908+0000] {dagbag.py:588} INFO - Filling up the DagBag from /opt/airflow/dags/ETL.py
[2025-12-08T14:35:31.934+0000] {processor.py:925} INFO - DAG(s) 'ETL_process' retrieved from /opt/airflow/dags/ETL.py
[2025-12-08T14:35:31.984+0000] {logging_mixin.py:190} INFO - [2025-12-08T14:35:31.984+0000] {dag.py:3239} INFO - Sync 1 DAGs
[2025-12-08T14:35:32.004+0000] {logging_mixin.py:190} INFO - [2025-12-08T14:35:32.003+0000] {dag.py:4180} INFO - Setting next_dagrun for ETL_process to None, run_after=None
[2025-12-08T14:35:32.028+0000] {processor.py:208} INFO - Processing /opt/airflow/dags/ETL.py took 0.137 seconds
[2025-12-08T14:36:02.152+0000] {processor.py:186} INFO - Started process (PID=678) to work on /opt/airflow/dags/ETL.py
[2025-12-08T14:36:02.153+0000] {processor.py:914} INFO - Processing file /opt/airflow/dags/ETL.py for tasks to queue
[2025-12-08T14:36:02.158+0000] {logging_mixin.py:190} INFO - [2025-12-08T14:36:02.158+0000] {dagbag.py:588} INFO - Filling up the DagBag from /opt/airflow/dags/ETL.py
[2025-12-08T14:36:02.182+0000] {processor.py:925} INFO - DAG(s) 'ETL_process' retrieved from /opt/airflow/dags/ETL.py
[2025-12-08T14:36:02.226+0000] {logging_mixin.py:190} INFO - [2025-12-08T14:36:02.225+0000] {dag.py:3239} INFO - Sync 1 DAGs
[2025-12-08T14:36:02.244+0000] {logging_mixin.py:190} INFO - [2025-12-08T14:36:02.244+0000] {dag.py:4180} INFO - Setting next_dagrun for ETL_process to None, run_after=None
[2025-12-08T14:36:02.271+0000] {processor.py:208} INFO - Processing /opt/airflow/dags/ETL.py took 0.127 seconds
[2025-12-08T14:36:32.544+0000] {processor.py:186} INFO - Started process (PID=688) to work on /opt/airflow/dags/ETL.py
[2025-12-08T14:36:32.545+0000] {processor.py:914} INFO - Processing file /opt/airflow/dags/ETL.py for tasks to queue
[2025-12-08T14:36:32.552+0000] {logging_mixin.py:190} INFO - [2025-12-08T14:36:32.551+0000] {dagbag.py:588} INFO - Filling up the DagBag from /opt/airflow/dags/ETL.py
[2025-12-08T14:36:32.580+0000] {processor.py:925} INFO - DAG(s) 'ETL_process' retrieved from /opt/airflow/dags/ETL.py
[2025-12-08T14:36:32.625+0000] {logging_mixin.py:190} INFO - [2025-12-08T14:36:32.625+0000] {dag.py:3239} INFO - Sync 1 DAGs
[2025-12-08T14:36:32.652+0000] {logging_mixin.py:190} INFO - [2025-12-08T14:36:32.652+0000] {dag.py:4180} INFO - Setting next_dagrun for ETL_process to None, run_after=None
[2025-12-08T14:36:32.691+0000] {processor.py:208} INFO - Processing /opt/airflow/dags/ETL.py took 0.159 seconds
[2025-12-08T14:37:02.974+0000] {processor.py:186} INFO - Started process (PID=698) to work on /opt/airflow/dags/ETL.py
[2025-12-08T14:37:02.976+0000] {processor.py:914} INFO - Processing file /opt/airflow/dags/ETL.py for tasks to queue
[2025-12-08T14:37:02.982+0000] {logging_mixin.py:190} INFO - [2025-12-08T14:37:02.981+0000] {dagbag.py:588} INFO - Filling up the DagBag from /opt/airflow/dags/ETL.py
[2025-12-08T14:37:03.009+0000] {processor.py:925} INFO - DAG(s) 'ETL_process' retrieved from /opt/airflow/dags/ETL.py
[2025-12-08T14:37:03.057+0000] {logging_mixin.py:190} INFO - [2025-12-08T14:37:03.056+0000] {dag.py:3239} INFO - Sync 1 DAGs
[2025-12-08T14:37:03.080+0000] {logging_mixin.py:190} INFO - [2025-12-08T14:37:03.080+0000] {dag.py:4180} INFO - Setting next_dagrun for ETL_process to None, run_after=None
[2025-12-08T14:37:03.108+0000] {processor.py:208} INFO - Processing /opt/airflow/dags/ETL.py took 0.146 seconds
[2025-12-08T14:37:33.391+0000] {processor.py:186} INFO - Started process (PID=708) to work on /opt/airflow/dags/ETL.py
[2025-12-08T14:37:33.393+0000] {processor.py:914} INFO - Processing file /opt/airflow/dags/ETL.py for tasks to queue
[2025-12-08T14:37:33.399+0000] {logging_mixin.py:190} INFO - [2025-12-08T14:37:33.398+0000] {dagbag.py:588} INFO - Filling up the DagBag from /opt/airflow/dags/ETL.py
[2025-12-08T14:37:33.426+0000] {processor.py:925} INFO - DAG(s) 'ETL_process' retrieved from /opt/airflow/dags/ETL.py
[2025-12-08T14:37:33.470+0000] {logging_mixin.py:190} INFO - [2025-12-08T14:37:33.469+0000] {dag.py:3239} INFO - Sync 1 DAGs
[2025-12-08T14:37:33.491+0000] {logging_mixin.py:190} INFO - [2025-12-08T14:37:33.491+0000] {dag.py:4180} INFO - Setting next_dagrun for ETL_process to None, run_after=None
[2025-12-08T14:37:33.514+0000] {processor.py:208} INFO - Processing /opt/airflow/dags/ETL.py took 0.136 seconds
[2025-12-08T14:38:03.643+0000] {processor.py:186} INFO - Started process (PID=718) to work on /opt/airflow/dags/ETL.py
[2025-12-08T14:38:03.645+0000] {processor.py:914} INFO - Processing file /opt/airflow/dags/ETL.py for tasks to queue
[2025-12-08T14:38:03.649+0000] {logging_mixin.py:190} INFO - [2025-12-08T14:38:03.649+0000] {dagbag.py:588} INFO - Filling up the DagBag from /opt/airflow/dags/ETL.py
[2025-12-08T14:38:03.675+0000] {processor.py:925} INFO - DAG(s) 'ETL_process' retrieved from /opt/airflow/dags/ETL.py
[2025-12-08T14:38:03.724+0000] {logging_mixin.py:190} INFO - [2025-12-08T14:38:03.723+0000] {dag.py:3239} INFO - Sync 1 DAGs
[2025-12-08T14:38:03.745+0000] {logging_mixin.py:190} INFO - [2025-12-08T14:38:03.745+0000] {dag.py:4180} INFO - Setting next_dagrun for ETL_process to None, run_after=None
[2025-12-08T14:38:03.773+0000] {processor.py:208} INFO - Processing /opt/airflow/dags/ETL.py took 0.141 seconds
[2025-12-08T14:38:34.006+0000] {processor.py:186} INFO - Started process (PID=728) to work on /opt/airflow/dags/ETL.py
[2025-12-08T14:38:34.008+0000] {processor.py:914} INFO - Processing file /opt/airflow/dags/ETL.py for tasks to queue
[2025-12-08T14:38:34.011+0000] {logging_mixin.py:190} INFO - [2025-12-08T14:38:34.011+0000] {dagbag.py:588} INFO - Filling up the DagBag from /opt/airflow/dags/ETL.py
[2025-12-08T14:38:34.046+0000] {processor.py:925} INFO - DAG(s) 'ETL_process' retrieved from /opt/airflow/dags/ETL.py
[2025-12-08T14:38:34.090+0000] {logging_mixin.py:190} INFO - [2025-12-08T14:38:34.090+0000] {dag.py:3239} INFO - Sync 1 DAGs
[2025-12-08T14:38:34.110+0000] {logging_mixin.py:190} INFO - [2025-12-08T14:38:34.110+0000] {dag.py:4180} INFO - Setting next_dagrun for ETL_process to None, run_after=None
[2025-12-08T14:38:34.138+0000] {processor.py:208} INFO - Processing /opt/airflow/dags/ETL.py took 0.143 seconds
[2025-12-08T14:39:04.256+0000] {processor.py:186} INFO - Started process (PID=738) to work on /opt/airflow/dags/ETL.py
[2025-12-08T14:39:04.258+0000] {processor.py:914} INFO - Processing file /opt/airflow/dags/ETL.py for tasks to queue
[2025-12-08T14:39:04.262+0000] {logging_mixin.py:190} INFO - [2025-12-08T14:39:04.262+0000] {dagbag.py:588} INFO - Filling up the DagBag from /opt/airflow/dags/ETL.py
[2025-12-08T14:39:04.289+0000] {processor.py:925} INFO - DAG(s) 'ETL_process' retrieved from /opt/airflow/dags/ETL.py
[2025-12-08T14:39:04.337+0000] {logging_mixin.py:190} INFO - [2025-12-08T14:39:04.337+0000] {dag.py:3239} INFO - Sync 1 DAGs
[2025-12-08T14:39:04.358+0000] {logging_mixin.py:190} INFO - [2025-12-08T14:39:04.358+0000] {dag.py:4180} INFO - Setting next_dagrun for ETL_process to None, run_after=None
[2025-12-08T14:39:04.384+0000] {processor.py:208} INFO - Processing /opt/airflow/dags/ETL.py took 0.141 seconds
[2025-12-08T14:39:34.662+0000] {processor.py:186} INFO - Started process (PID=748) to work on /opt/airflow/dags/ETL.py
[2025-12-08T14:39:34.665+0000] {processor.py:914} INFO - Processing file /opt/airflow/dags/ETL.py for tasks to queue
[2025-12-08T14:39:34.670+0000] {logging_mixin.py:190} INFO - [2025-12-08T14:39:34.669+0000] {dagbag.py:588} INFO - Filling up the DagBag from /opt/airflow/dags/ETL.py
[2025-12-08T14:39:34.696+0000] {processor.py:925} INFO - DAG(s) 'ETL_process' retrieved from /opt/airflow/dags/ETL.py
[2025-12-08T14:39:34.737+0000] {logging_mixin.py:190} INFO - [2025-12-08T14:39:34.737+0000] {dag.py:3239} INFO - Sync 1 DAGs
[2025-12-08T14:39:34.756+0000] {logging_mixin.py:190} INFO - [2025-12-08T14:39:34.756+0000] {dag.py:4180} INFO - Setting next_dagrun for ETL_process to None, run_after=None
[2025-12-08T14:39:34.782+0000] {processor.py:208} INFO - Processing /opt/airflow/dags/ETL.py took 0.132 seconds
[2025-12-08T14:40:04.927+0000] {processor.py:186} INFO - Started process (PID=758) to work on /opt/airflow/dags/ETL.py
[2025-12-08T14:40:04.929+0000] {processor.py:914} INFO - Processing file /opt/airflow/dags/ETL.py for tasks to queue
[2025-12-08T14:40:04.938+0000] {logging_mixin.py:190} INFO - [2025-12-08T14:40:04.936+0000] {dagbag.py:588} INFO - Filling up the DagBag from /opt/airflow/dags/ETL.py
[2025-12-08T14:40:04.967+0000] {processor.py:925} INFO - DAG(s) 'ETL_process' retrieved from /opt/airflow/dags/ETL.py
[2025-12-08T14:40:05.012+0000] {logging_mixin.py:190} INFO - [2025-12-08T14:40:05.011+0000] {dag.py:3239} INFO - Sync 1 DAGs
[2025-12-08T14:40:05.033+0000] {logging_mixin.py:190} INFO - [2025-12-08T14:40:05.033+0000] {dag.py:4180} INFO - Setting next_dagrun for ETL_process to None, run_after=None
[2025-12-08T14:40:05.055+0000] {processor.py:208} INFO - Processing /opt/airflow/dags/ETL.py took 0.142 seconds
[2025-12-08T14:40:35.323+0000] {processor.py:186} INFO - Started process (PID=768) to work on /opt/airflow/dags/ETL.py
[2025-12-08T14:40:35.326+0000] {processor.py:914} INFO - Processing file /opt/airflow/dags/ETL.py for tasks to queue
[2025-12-08T14:40:35.334+0000] {logging_mixin.py:190} INFO - [2025-12-08T14:40:35.333+0000] {dagbag.py:588} INFO - Filling up the DagBag from /opt/airflow/dags/ETL.py
[2025-12-08T14:40:35.394+0000] {processor.py:925} INFO - DAG(s) 'ETL_process' retrieved from /opt/airflow/dags/ETL.py
[2025-12-08T14:40:35.432+0000] {logging_mixin.py:190} INFO - [2025-12-08T14:40:35.431+0000] {dag.py:3239} INFO - Sync 1 DAGs
[2025-12-08T14:40:35.454+0000] {logging_mixin.py:190} INFO - [2025-12-08T14:40:35.454+0000] {dag.py:4180} INFO - Setting next_dagrun for ETL_process to None, run_after=None
[2025-12-08T14:40:35.480+0000] {processor.py:208} INFO - Processing /opt/airflow/dags/ETL.py took 0.166 seconds
[2025-12-08T14:41:05.571+0000] {processor.py:186} INFO - Started process (PID=778) to work on /opt/airflow/dags/ETL.py
[2025-12-08T14:41:05.572+0000] {processor.py:914} INFO - Processing file /opt/airflow/dags/ETL.py for tasks to queue
[2025-12-08T14:41:05.576+0000] {logging_mixin.py:190} INFO - [2025-12-08T14:41:05.576+0000] {dagbag.py:588} INFO - Filling up the DagBag from /opt/airflow/dags/ETL.py
[2025-12-08T14:41:05.602+0000] {processor.py:925} INFO - DAG(s) 'ETL_process' retrieved from /opt/airflow/dags/ETL.py
[2025-12-08T14:41:05.662+0000] {logging_mixin.py:190} INFO - [2025-12-08T14:41:05.661+0000] {dag.py:3239} INFO - Sync 1 DAGs
[2025-12-08T14:41:05.685+0000] {logging_mixin.py:190} INFO - [2025-12-08T14:41:05.684+0000] {dag.py:4180} INFO - Setting next_dagrun for ETL_process to None, run_after=None
[2025-12-08T14:41:05.712+0000] {processor.py:208} INFO - Processing /opt/airflow/dags/ETL.py took 0.152 seconds
[2025-12-08T14:41:35.948+0000] {processor.py:186} INFO - Started process (PID=788) to work on /opt/airflow/dags/ETL.py
[2025-12-08T14:41:35.949+0000] {processor.py:914} INFO - Processing file /opt/airflow/dags/ETL.py for tasks to queue
[2025-12-08T14:41:35.953+0000] {logging_mixin.py:190} INFO - [2025-12-08T14:41:35.952+0000] {dagbag.py:588} INFO - Filling up the DagBag from /opt/airflow/dags/ETL.py
[2025-12-08T14:41:35.978+0000] {processor.py:925} INFO - DAG(s) 'ETL_process' retrieved from /opt/airflow/dags/ETL.py
[2025-12-08T14:41:36.033+0000] {logging_mixin.py:190} INFO - [2025-12-08T14:41:36.032+0000] {dag.py:3239} INFO - Sync 1 DAGs
[2025-12-08T14:41:36.071+0000] {logging_mixin.py:190} INFO - [2025-12-08T14:41:36.071+0000] {dag.py:4180} INFO - Setting next_dagrun for ETL_process to None, run_after=None
[2025-12-08T14:41:36.112+0000] {processor.py:208} INFO - Processing /opt/airflow/dags/ETL.py took 0.175 seconds
[2025-12-08T14:42:06.203+0000] {processor.py:186} INFO - Started process (PID=798) to work on /opt/airflow/dags/ETL.py
[2025-12-08T14:42:06.204+0000] {processor.py:914} INFO - Processing file /opt/airflow/dags/ETL.py for tasks to queue
[2025-12-08T14:42:06.209+0000] {logging_mixin.py:190} INFO - [2025-12-08T14:42:06.208+0000] {dagbag.py:588} INFO - Filling up the DagBag from /opt/airflow/dags/ETL.py
[2025-12-08T14:42:06.236+0000] {processor.py:925} INFO - DAG(s) 'ETL_process' retrieved from /opt/airflow/dags/ETL.py
[2025-12-08T14:42:06.287+0000] {logging_mixin.py:190} INFO - [2025-12-08T14:42:06.287+0000] {dag.py:3239} INFO - Sync 1 DAGs
[2025-12-08T14:42:06.317+0000] {logging_mixin.py:190} INFO - [2025-12-08T14:42:06.316+0000] {dag.py:4180} INFO - Setting next_dagrun for ETL_process to None, run_after=None
[2025-12-08T14:42:06.342+0000] {processor.py:208} INFO - Processing /opt/airflow/dags/ETL.py took 0.149 seconds
[2025-12-08T14:42:36.599+0000] {processor.py:186} INFO - Started process (PID=808) to work on /opt/airflow/dags/ETL.py
[2025-12-08T14:42:36.601+0000] {processor.py:914} INFO - Processing file /opt/airflow/dags/ETL.py for tasks to queue
[2025-12-08T14:42:36.607+0000] {logging_mixin.py:190} INFO - [2025-12-08T14:42:36.606+0000] {dagbag.py:588} INFO - Filling up the DagBag from /opt/airflow/dags/ETL.py
[2025-12-08T14:42:36.635+0000] {processor.py:925} INFO - DAG(s) 'ETL_process' retrieved from /opt/airflow/dags/ETL.py
[2025-12-08T14:42:36.678+0000] {logging_mixin.py:190} INFO - [2025-12-08T14:42:36.678+0000] {dag.py:3239} INFO - Sync 1 DAGs
[2025-12-08T14:42:36.704+0000] {logging_mixin.py:190} INFO - [2025-12-08T14:42:36.704+0000] {dag.py:4180} INFO - Setting next_dagrun for ETL_process to None, run_after=None
[2025-12-08T14:42:36.746+0000] {processor.py:208} INFO - Processing /opt/airflow/dags/ETL.py took 0.162 seconds
[2025-12-08T14:43:07.025+0000] {processor.py:186} INFO - Started process (PID=818) to work on /opt/airflow/dags/ETL.py
[2025-12-08T14:43:07.027+0000] {processor.py:914} INFO - Processing file /opt/airflow/dags/ETL.py for tasks to queue
[2025-12-08T14:43:07.032+0000] {logging_mixin.py:190} INFO - [2025-12-08T14:43:07.032+0000] {dagbag.py:588} INFO - Filling up the DagBag from /opt/airflow/dags/ETL.py
[2025-12-08T14:43:07.057+0000] {processor.py:925} INFO - DAG(s) 'ETL_process' retrieved from /opt/airflow/dags/ETL.py
[2025-12-08T14:43:07.098+0000] {logging_mixin.py:190} INFO - [2025-12-08T14:43:07.098+0000] {dag.py:3239} INFO - Sync 1 DAGs
[2025-12-08T14:43:07.120+0000] {logging_mixin.py:190} INFO - [2025-12-08T14:43:07.119+0000] {dag.py:4180} INFO - Setting next_dagrun for ETL_process to None, run_after=None
[2025-12-08T14:43:07.154+0000] {processor.py:208} INFO - Processing /opt/airflow/dags/ETL.py took 0.146 seconds
[2025-12-08T14:43:37.329+0000] {processor.py:186} INFO - Started process (PID=828) to work on /opt/airflow/dags/ETL.py
[2025-12-08T14:43:37.331+0000] {processor.py:914} INFO - Processing file /opt/airflow/dags/ETL.py for tasks to queue
[2025-12-08T14:43:37.336+0000] {logging_mixin.py:190} INFO - [2025-12-08T14:43:37.335+0000] {dagbag.py:588} INFO - Filling up the DagBag from /opt/airflow/dags/ETL.py
[2025-12-08T14:43:37.360+0000] {processor.py:925} INFO - DAG(s) 'ETL_process' retrieved from /opt/airflow/dags/ETL.py
[2025-12-08T14:43:37.411+0000] {logging_mixin.py:190} INFO - [2025-12-08T14:43:37.410+0000] {dag.py:3239} INFO - Sync 1 DAGs
[2025-12-08T14:43:37.433+0000] {logging_mixin.py:190} INFO - [2025-12-08T14:43:37.432+0000] {dag.py:4180} INFO - Setting next_dagrun for ETL_process to None, run_after=None
[2025-12-08T14:43:37.462+0000] {processor.py:208} INFO - Processing /opt/airflow/dags/ETL.py took 0.144 seconds
[2025-12-08T14:44:07.637+0000] {processor.py:186} INFO - Started process (PID=838) to work on /opt/airflow/dags/ETL.py
[2025-12-08T14:44:07.638+0000] {processor.py:914} INFO - Processing file /opt/airflow/dags/ETL.py for tasks to queue
[2025-12-08T14:44:07.644+0000] {logging_mixin.py:190} INFO - [2025-12-08T14:44:07.643+0000] {dagbag.py:588} INFO - Filling up the DagBag from /opt/airflow/dags/ETL.py
[2025-12-08T14:44:07.669+0000] {processor.py:925} INFO - DAG(s) 'ETL_process' retrieved from /opt/airflow/dags/ETL.py
[2025-12-08T14:44:07.710+0000] {logging_mixin.py:190} INFO - [2025-12-08T14:44:07.710+0000] {dag.py:3239} INFO - Sync 1 DAGs
[2025-12-08T14:44:07.730+0000] {logging_mixin.py:190} INFO - [2025-12-08T14:44:07.730+0000] {dag.py:4180} INFO - Setting next_dagrun for ETL_process to None, run_after=None
[2025-12-08T14:44:07.756+0000] {processor.py:208} INFO - Processing /opt/airflow/dags/ETL.py took 0.129 seconds
[2025-12-08T14:44:38.054+0000] {processor.py:186} INFO - Started process (PID=848) to work on /opt/airflow/dags/ETL.py
[2025-12-08T14:44:38.057+0000] {processor.py:914} INFO - Processing file /opt/airflow/dags/ETL.py for tasks to queue
[2025-12-08T14:44:38.062+0000] {logging_mixin.py:190} INFO - [2025-12-08T14:44:38.061+0000] {dagbag.py:588} INFO - Filling up the DagBag from /opt/airflow/dags/ETL.py
[2025-12-08T14:44:38.099+0000] {processor.py:925} INFO - DAG(s) 'ETL_process' retrieved from /opt/airflow/dags/ETL.py
[2025-12-08T14:44:38.150+0000] {logging_mixin.py:190} INFO - [2025-12-08T14:44:38.149+0000] {dag.py:3239} INFO - Sync 1 DAGs
[2025-12-08T14:44:38.174+0000] {logging_mixin.py:190} INFO - [2025-12-08T14:44:38.173+0000] {dag.py:4180} INFO - Setting next_dagrun for ETL_process to None, run_after=None
[2025-12-08T14:44:38.204+0000] {processor.py:208} INFO - Processing /opt/airflow/dags/ETL.py took 0.165 seconds
[2025-12-08T14:45:08.312+0000] {processor.py:186} INFO - Started process (PID=858) to work on /opt/airflow/dags/ETL.py
[2025-12-08T14:45:08.313+0000] {processor.py:914} INFO - Processing file /opt/airflow/dags/ETL.py for tasks to queue
[2025-12-08T14:45:08.318+0000] {logging_mixin.py:190} INFO - [2025-12-08T14:45:08.318+0000] {dagbag.py:588} INFO - Filling up the DagBag from /opt/airflow/dags/ETL.py
[2025-12-08T14:45:08.344+0000] {processor.py:925} INFO - DAG(s) 'ETL_process' retrieved from /opt/airflow/dags/ETL.py
[2025-12-08T14:45:08.398+0000] {logging_mixin.py:190} INFO - [2025-12-08T14:45:08.397+0000] {dag.py:3239} INFO - Sync 1 DAGs
[2025-12-08T14:45:08.425+0000] {logging_mixin.py:190} INFO - [2025-12-08T14:45:08.425+0000] {dag.py:4180} INFO - Setting next_dagrun for ETL_process to None, run_after=None
[2025-12-08T14:45:08.452+0000] {processor.py:208} INFO - Processing /opt/airflow/dags/ETL.py took 0.152 seconds
[2025-12-08T14:45:38.742+0000] {processor.py:186} INFO - Started process (PID=868) to work on /opt/airflow/dags/ETL.py
[2025-12-08T14:45:38.745+0000] {processor.py:914} INFO - Processing file /opt/airflow/dags/ETL.py for tasks to queue
[2025-12-08T14:45:38.751+0000] {logging_mixin.py:190} INFO - [2025-12-08T14:45:38.750+0000] {dagbag.py:588} INFO - Filling up the DagBag from /opt/airflow/dags/ETL.py
[2025-12-08T14:45:38.778+0000] {processor.py:925} INFO - DAG(s) 'ETL_process' retrieved from /opt/airflow/dags/ETL.py
[2025-12-08T14:45:38.823+0000] {logging_mixin.py:190} INFO - [2025-12-08T14:45:38.822+0000] {dag.py:3239} INFO - Sync 1 DAGs
[2025-12-08T14:45:38.849+0000] {logging_mixin.py:190} INFO - [2025-12-08T14:45:38.849+0000] {dag.py:4180} INFO - Setting next_dagrun for ETL_process to None, run_after=None
[2025-12-08T14:45:38.878+0000] {processor.py:208} INFO - Processing /opt/airflow/dags/ETL.py took 0.154 seconds
[2025-12-08T14:46:09.161+0000] {processor.py:186} INFO - Started process (PID=878) to work on /opt/airflow/dags/ETL.py
[2025-12-08T14:46:09.162+0000] {processor.py:914} INFO - Processing file /opt/airflow/dags/ETL.py for tasks to queue
[2025-12-08T14:46:09.168+0000] {logging_mixin.py:190} INFO - [2025-12-08T14:46:09.167+0000] {dagbag.py:588} INFO - Filling up the DagBag from /opt/airflow/dags/ETL.py
[2025-12-08T14:46:09.194+0000] {processor.py:925} INFO - DAG(s) 'ETL_process' retrieved from /opt/airflow/dags/ETL.py
[2025-12-08T14:46:09.250+0000] {logging_mixin.py:190} INFO - [2025-12-08T14:46:09.250+0000] {dag.py:3239} INFO - Sync 1 DAGs
[2025-12-08T14:46:09.271+0000] {logging_mixin.py:190} INFO - [2025-12-08T14:46:09.270+0000] {dag.py:4180} INFO - Setting next_dagrun for ETL_process to None, run_after=None
[2025-12-08T14:46:09.306+0000] {processor.py:208} INFO - Processing /opt/airflow/dags/ETL.py took 0.160 seconds
[2025-12-08T14:46:39.424+0000] {processor.py:186} INFO - Started process (PID=888) to work on /opt/airflow/dags/ETL.py
[2025-12-08T14:46:39.427+0000] {processor.py:914} INFO - Processing file /opt/airflow/dags/ETL.py for tasks to queue
[2025-12-08T14:46:39.433+0000] {logging_mixin.py:190} INFO - [2025-12-08T14:46:39.432+0000] {dagbag.py:588} INFO - Filling up the DagBag from /opt/airflow/dags/ETL.py
[2025-12-08T14:46:39.458+0000] {processor.py:925} INFO - DAG(s) 'ETL_process' retrieved from /opt/airflow/dags/ETL.py
[2025-12-08T14:46:39.505+0000] {logging_mixin.py:190} INFO - [2025-12-08T14:46:39.504+0000] {dag.py:3239} INFO - Sync 1 DAGs
[2025-12-08T14:46:39.528+0000] {logging_mixin.py:190} INFO - [2025-12-08T14:46:39.528+0000] {dag.py:4180} INFO - Setting next_dagrun for ETL_process to None, run_after=None
[2025-12-08T14:46:39.556+0000] {processor.py:208} INFO - Processing /opt/airflow/dags/ETL.py took 0.142 seconds
[2025-12-08T14:47:09.843+0000] {processor.py:186} INFO - Started process (PID=898) to work on /opt/airflow/dags/ETL.py
[2025-12-08T14:47:09.844+0000] {processor.py:914} INFO - Processing file /opt/airflow/dags/ETL.py for tasks to queue
[2025-12-08T14:47:09.849+0000] {logging_mixin.py:190} INFO - [2025-12-08T14:47:09.849+0000] {dagbag.py:588} INFO - Filling up the DagBag from /opt/airflow/dags/ETL.py
[2025-12-08T14:47:09.877+0000] {processor.py:925} INFO - DAG(s) 'ETL_process' retrieved from /opt/airflow/dags/ETL.py
[2025-12-08T14:47:09.930+0000] {logging_mixin.py:190} INFO - [2025-12-08T14:47:09.929+0000] {dag.py:3239} INFO - Sync 1 DAGs
[2025-12-08T14:47:09.954+0000] {logging_mixin.py:190} INFO - [2025-12-08T14:47:09.954+0000] {dag.py:4180} INFO - Setting next_dagrun for ETL_process to None, run_after=None
[2025-12-08T14:47:09.984+0000] {processor.py:208} INFO - Processing /opt/airflow/dags/ETL.py took 0.152 seconds
[2025-12-08T14:47:40.097+0000] {processor.py:186} INFO - Started process (PID=908) to work on /opt/airflow/dags/ETL.py
[2025-12-08T14:47:40.099+0000] {processor.py:914} INFO - Processing file /opt/airflow/dags/ETL.py for tasks to queue
[2025-12-08T14:47:40.105+0000] {logging_mixin.py:190} INFO - [2025-12-08T14:47:40.104+0000] {dagbag.py:588} INFO - Filling up the DagBag from /opt/airflow/dags/ETL.py
[2025-12-08T14:47:40.130+0000] {processor.py:925} INFO - DAG(s) 'ETL_process' retrieved from /opt/airflow/dags/ETL.py
[2025-12-08T14:47:40.172+0000] {logging_mixin.py:190} INFO - [2025-12-08T14:47:40.171+0000] {dag.py:3239} INFO - Sync 1 DAGs
[2025-12-08T14:47:40.197+0000] {logging_mixin.py:190} INFO - [2025-12-08T14:47:40.197+0000] {dag.py:4180} INFO - Setting next_dagrun for ETL_process to None, run_after=None
[2025-12-08T14:47:40.223+0000] {processor.py:208} INFO - Processing /opt/airflow/dags/ETL.py took 0.137 seconds
[2025-12-08T14:48:10.516+0000] {processor.py:186} INFO - Started process (PID=918) to work on /opt/airflow/dags/ETL.py
[2025-12-08T14:48:10.519+0000] {processor.py:914} INFO - Processing file /opt/airflow/dags/ETL.py for tasks to queue
[2025-12-08T14:48:10.523+0000] {logging_mixin.py:190} INFO - [2025-12-08T14:48:10.523+0000] {dagbag.py:588} INFO - Filling up the DagBag from /opt/airflow/dags/ETL.py
[2025-12-08T14:48:10.548+0000] {processor.py:925} INFO - DAG(s) 'ETL_process' retrieved from /opt/airflow/dags/ETL.py
[2025-12-08T14:48:10.592+0000] {logging_mixin.py:190} INFO - [2025-12-08T14:48:10.592+0000] {dag.py:3239} INFO - Sync 1 DAGs
[2025-12-08T14:48:10.618+0000] {logging_mixin.py:190} INFO - [2025-12-08T14:48:10.617+0000] {dag.py:4180} INFO - Setting next_dagrun for ETL_process to None, run_after=None
[2025-12-08T14:48:10.645+0000] {processor.py:208} INFO - Processing /opt/airflow/dags/ETL.py took 0.143 seconds
[2025-12-08T14:48:40.827+0000] {processor.py:186} INFO - Started process (PID=928) to work on /opt/airflow/dags/ETL.py
[2025-12-08T14:48:40.829+0000] {processor.py:914} INFO - Processing file /opt/airflow/dags/ETL.py for tasks to queue
[2025-12-08T14:48:40.834+0000] {logging_mixin.py:190} INFO - [2025-12-08T14:48:40.833+0000] {dagbag.py:588} INFO - Filling up the DagBag from /opt/airflow/dags/ETL.py
[2025-12-08T14:48:40.865+0000] {processor.py:925} INFO - DAG(s) 'ETL_process' retrieved from /opt/airflow/dags/ETL.py
[2025-12-08T14:48:40.912+0000] {logging_mixin.py:190} INFO - [2025-12-08T14:48:40.912+0000] {dag.py:3239} INFO - Sync 1 DAGs
[2025-12-08T14:48:40.936+0000] {logging_mixin.py:190} INFO - [2025-12-08T14:48:40.935+0000] {dag.py:4180} INFO - Setting next_dagrun for ETL_process to None, run_after=None
[2025-12-08T14:48:40.964+0000] {processor.py:208} INFO - Processing /opt/airflow/dags/ETL.py took 0.148 seconds
[2025-12-08T14:49:11.258+0000] {processor.py:186} INFO - Started process (PID=938) to work on /opt/airflow/dags/ETL.py
[2025-12-08T14:49:11.261+0000] {processor.py:914} INFO - Processing file /opt/airflow/dags/ETL.py for tasks to queue
[2025-12-08T14:49:11.267+0000] {logging_mixin.py:190} INFO - [2025-12-08T14:49:11.267+0000] {dagbag.py:588} INFO - Filling up the DagBag from /opt/airflow/dags/ETL.py
[2025-12-08T14:49:11.296+0000] {processor.py:925} INFO - DAG(s) 'ETL_process' retrieved from /opt/airflow/dags/ETL.py
[2025-12-08T14:49:11.345+0000] {logging_mixin.py:190} INFO - [2025-12-08T14:49:11.345+0000] {dag.py:3239} INFO - Sync 1 DAGs
[2025-12-08T14:49:11.372+0000] {logging_mixin.py:190} INFO - [2025-12-08T14:49:11.372+0000] {dag.py:4180} INFO - Setting next_dagrun for ETL_process to None, run_after=None
[2025-12-08T14:49:11.397+0000] {processor.py:208} INFO - Processing /opt/airflow/dags/ETL.py took 0.155 seconds
[2025-12-08T14:49:41.532+0000] {processor.py:186} INFO - Started process (PID=948) to work on /opt/airflow/dags/ETL.py
[2025-12-08T14:49:41.534+0000] {processor.py:914} INFO - Processing file /opt/airflow/dags/ETL.py for tasks to queue
[2025-12-08T14:49:41.539+0000] {logging_mixin.py:190} INFO - [2025-12-08T14:49:41.538+0000] {dagbag.py:588} INFO - Filling up the DagBag from /opt/airflow/dags/ETL.py
[2025-12-08T14:49:41.565+0000] {processor.py:925} INFO - DAG(s) 'ETL_process' retrieved from /opt/airflow/dags/ETL.py
[2025-12-08T14:49:41.608+0000] {logging_mixin.py:190} INFO - [2025-12-08T14:49:41.607+0000] {dag.py:3239} INFO - Sync 1 DAGs
[2025-12-08T14:49:41.638+0000] {logging_mixin.py:190} INFO - [2025-12-08T14:49:41.638+0000] {dag.py:4180} INFO - Setting next_dagrun for ETL_process to None, run_after=None
[2025-12-08T14:49:41.664+0000] {processor.py:208} INFO - Processing /opt/airflow/dags/ETL.py took 0.148 seconds
[2025-12-08T14:50:11.954+0000] {processor.py:186} INFO - Started process (PID=958) to work on /opt/airflow/dags/ETL.py
[2025-12-08T14:50:11.957+0000] {processor.py:914} INFO - Processing file /opt/airflow/dags/ETL.py for tasks to queue
[2025-12-08T14:50:11.964+0000] {logging_mixin.py:190} INFO - [2025-12-08T14:50:11.963+0000] {dagbag.py:588} INFO - Filling up the DagBag from /opt/airflow/dags/ETL.py
[2025-12-08T14:50:11.990+0000] {processor.py:925} INFO - DAG(s) 'ETL_process' retrieved from /opt/airflow/dags/ETL.py
[2025-12-08T14:50:12.038+0000] {logging_mixin.py:190} INFO - [2025-12-08T14:50:12.038+0000] {dag.py:3239} INFO - Sync 1 DAGs
[2025-12-08T14:50:12.063+0000] {logging_mixin.py:190} INFO - [2025-12-08T14:50:12.062+0000] {dag.py:4180} INFO - Setting next_dagrun for ETL_process to None, run_after=None
[2025-12-08T14:50:12.087+0000] {processor.py:208} INFO - Processing /opt/airflow/dags/ETL.py took 0.148 seconds
[2025-12-08T14:50:42.376+0000] {processor.py:186} INFO - Started process (PID=968) to work on /opt/airflow/dags/ETL.py
[2025-12-08T14:50:42.378+0000] {processor.py:914} INFO - Processing file /opt/airflow/dags/ETL.py for tasks to queue
[2025-12-08T14:50:42.387+0000] {logging_mixin.py:190} INFO - [2025-12-08T14:50:42.385+0000] {dagbag.py:588} INFO - Filling up the DagBag from /opt/airflow/dags/ETL.py
[2025-12-08T14:50:42.422+0000] {processor.py:925} INFO - DAG(s) 'ETL_process' retrieved from /opt/airflow/dags/ETL.py
[2025-12-08T14:50:42.472+0000] {logging_mixin.py:190} INFO - [2025-12-08T14:50:42.471+0000] {dag.py:3239} INFO - Sync 1 DAGs
[2025-12-08T14:50:42.494+0000] {logging_mixin.py:190} INFO - [2025-12-08T14:50:42.494+0000] {dag.py:4180} INFO - Setting next_dagrun for ETL_process to None, run_after=None
[2025-12-08T14:50:42.520+0000] {processor.py:208} INFO - Processing /opt/airflow/dags/ETL.py took 0.161 seconds
[2025-12-08T14:51:12.639+0000] {processor.py:186} INFO - Started process (PID=978) to work on /opt/airflow/dags/ETL.py
[2025-12-08T14:51:12.642+0000] {processor.py:914} INFO - Processing file /opt/airflow/dags/ETL.py for tasks to queue
[2025-12-08T14:51:12.647+0000] {logging_mixin.py:190} INFO - [2025-12-08T14:51:12.647+0000] {dagbag.py:588} INFO - Filling up the DagBag from /opt/airflow/dags/ETL.py
[2025-12-08T14:51:12.678+0000] {processor.py:925} INFO - DAG(s) 'ETL_process' retrieved from /opt/airflow/dags/ETL.py
[2025-12-08T14:51:12.731+0000] {logging_mixin.py:190} INFO - [2025-12-08T14:51:12.731+0000] {dag.py:3239} INFO - Sync 1 DAGs
[2025-12-08T14:51:12.755+0000] {logging_mixin.py:190} INFO - [2025-12-08T14:51:12.755+0000] {dag.py:4180} INFO - Setting next_dagrun for ETL_process to None, run_after=None
[2025-12-08T14:51:12.780+0000] {processor.py:208} INFO - Processing /opt/airflow/dags/ETL.py took 0.155 seconds
[2025-12-08T14:51:43.067+0000] {processor.py:186} INFO - Started process (PID=988) to work on /opt/airflow/dags/ETL.py
[2025-12-08T14:51:43.068+0000] {processor.py:914} INFO - Processing file /opt/airflow/dags/ETL.py for tasks to queue
[2025-12-08T14:51:43.073+0000] {logging_mixin.py:190} INFO - [2025-12-08T14:51:43.072+0000] {dagbag.py:588} INFO - Filling up the DagBag from /opt/airflow/dags/ETL.py
[2025-12-08T14:51:43.099+0000] {processor.py:925} INFO - DAG(s) 'ETL_process' retrieved from /opt/airflow/dags/ETL.py
[2025-12-08T14:51:43.146+0000] {logging_mixin.py:190} INFO - [2025-12-08T14:51:43.145+0000] {dag.py:3239} INFO - Sync 1 DAGs
[2025-12-08T14:51:43.171+0000] {logging_mixin.py:190} INFO - [2025-12-08T14:51:43.171+0000] {dag.py:4180} INFO - Setting next_dagrun for ETL_process to None, run_after=None
[2025-12-08T14:51:43.195+0000] {processor.py:208} INFO - Processing /opt/airflow/dags/ETL.py took 0.142 seconds
[2025-12-08T14:52:13.331+0000] {processor.py:186} INFO - Started process (PID=998) to work on /opt/airflow/dags/ETL.py
[2025-12-08T14:52:13.333+0000] {processor.py:914} INFO - Processing file /opt/airflow/dags/ETL.py for tasks to queue
[2025-12-08T14:52:13.339+0000] {logging_mixin.py:190} INFO - [2025-12-08T14:52:13.338+0000] {dagbag.py:588} INFO - Filling up the DagBag from /opt/airflow/dags/ETL.py
[2025-12-08T14:52:13.364+0000] {processor.py:925} INFO - DAG(s) 'ETL_process' retrieved from /opt/airflow/dags/ETL.py
[2025-12-08T14:52:13.413+0000] {logging_mixin.py:190} INFO - [2025-12-08T14:52:13.413+0000] {dag.py:3239} INFO - Sync 1 DAGs
[2025-12-08T14:52:13.433+0000] {logging_mixin.py:190} INFO - [2025-12-08T14:52:13.433+0000] {dag.py:4180} INFO - Setting next_dagrun for ETL_process to None, run_after=None
[2025-12-08T14:52:13.456+0000] {processor.py:208} INFO - Processing /opt/airflow/dags/ETL.py took 0.138 seconds
[2025-12-08T14:52:43.736+0000] {processor.py:186} INFO - Started process (PID=1008) to work on /opt/airflow/dags/ETL.py
[2025-12-08T14:52:43.738+0000] {processor.py:914} INFO - Processing file /opt/airflow/dags/ETL.py for tasks to queue
[2025-12-08T14:52:43.743+0000] {logging_mixin.py:190} INFO - [2025-12-08T14:52:43.742+0000] {dagbag.py:588} INFO - Filling up the DagBag from /opt/airflow/dags/ETL.py
[2025-12-08T14:52:43.768+0000] {processor.py:925} INFO - DAG(s) 'ETL_process' retrieved from /opt/airflow/dags/ETL.py
[2025-12-08T14:52:43.824+0000] {logging_mixin.py:190} INFO - [2025-12-08T14:52:43.823+0000] {dag.py:3239} INFO - Sync 1 DAGs
[2025-12-08T14:52:43.849+0000] {logging_mixin.py:190} INFO - [2025-12-08T14:52:43.848+0000] {dag.py:4180} INFO - Setting next_dagrun for ETL_process to None, run_after=None
[2025-12-08T14:52:43.873+0000] {processor.py:208} INFO - Processing /opt/airflow/dags/ETL.py took 0.148 seconds
[2025-12-08T14:53:14.004+0000] {processor.py:186} INFO - Started process (PID=1018) to work on /opt/airflow/dags/ETL.py
[2025-12-08T14:53:14.006+0000] {processor.py:914} INFO - Processing file /opt/airflow/dags/ETL.py for tasks to queue
[2025-12-08T14:53:14.010+0000] {logging_mixin.py:190} INFO - [2025-12-08T14:53:14.010+0000] {dagbag.py:588} INFO - Filling up the DagBag from /opt/airflow/dags/ETL.py
[2025-12-08T14:53:14.037+0000] {processor.py:925} INFO - DAG(s) 'ETL_process' retrieved from /opt/airflow/dags/ETL.py
[2025-12-08T14:53:14.077+0000] {logging_mixin.py:190} INFO - [2025-12-08T14:53:14.076+0000] {dag.py:3239} INFO - Sync 1 DAGs
[2025-12-08T14:53:14.101+0000] {logging_mixin.py:190} INFO - [2025-12-08T14:53:14.100+0000] {dag.py:4180} INFO - Setting next_dagrun for ETL_process to None, run_after=None
[2025-12-08T14:53:14.123+0000] {processor.py:208} INFO - Processing /opt/airflow/dags/ETL.py took 0.128 seconds
[2025-12-08T14:53:44.398+0000] {processor.py:186} INFO - Started process (PID=1028) to work on /opt/airflow/dags/ETL.py
[2025-12-08T14:53:44.400+0000] {processor.py:914} INFO - Processing file /opt/airflow/dags/ETL.py for tasks to queue
[2025-12-08T14:53:44.406+0000] {logging_mixin.py:190} INFO - [2025-12-08T14:53:44.406+0000] {dagbag.py:588} INFO - Filling up the DagBag from /opt/airflow/dags/ETL.py
[2025-12-08T14:53:44.433+0000] {processor.py:925} INFO - DAG(s) 'ETL_process' retrieved from /opt/airflow/dags/ETL.py
[2025-12-08T14:53:44.483+0000] {logging_mixin.py:190} INFO - [2025-12-08T14:53:44.483+0000] {dag.py:3239} INFO - Sync 1 DAGs
[2025-12-08T14:53:44.509+0000] {logging_mixin.py:190} INFO - [2025-12-08T14:53:44.509+0000] {dag.py:4180} INFO - Setting next_dagrun for ETL_process to None, run_after=None
[2025-12-08T14:53:44.534+0000] {processor.py:208} INFO - Processing /opt/airflow/dags/ETL.py took 0.154 seconds
[2025-12-08T14:54:14.662+0000] {processor.py:186} INFO - Started process (PID=1038) to work on /opt/airflow/dags/ETL.py
[2025-12-08T14:54:14.664+0000] {processor.py:914} INFO - Processing file /opt/airflow/dags/ETL.py for tasks to queue
[2025-12-08T14:54:14.670+0000] {logging_mixin.py:190} INFO - [2025-12-08T14:54:14.669+0000] {dagbag.py:588} INFO - Filling up the DagBag from /opt/airflow/dags/ETL.py
[2025-12-08T14:54:14.694+0000] {processor.py:925} INFO - DAG(s) 'ETL_process' retrieved from /opt/airflow/dags/ETL.py
[2025-12-08T14:54:14.744+0000] {logging_mixin.py:190} INFO - [2025-12-08T14:54:14.744+0000] {dag.py:3239} INFO - Sync 1 DAGs
[2025-12-08T14:54:14.765+0000] {logging_mixin.py:190} INFO - [2025-12-08T14:54:14.764+0000] {dag.py:4180} INFO - Setting next_dagrun for ETL_process to None, run_after=None
[2025-12-08T14:54:14.791+0000] {processor.py:208} INFO - Processing /opt/airflow/dags/ETL.py took 0.141 seconds
[2025-12-08T14:54:45.075+0000] {processor.py:186} INFO - Started process (PID=1048) to work on /opt/airflow/dags/ETL.py
[2025-12-08T14:54:45.076+0000] {processor.py:914} INFO - Processing file /opt/airflow/dags/ETL.py for tasks to queue
[2025-12-08T14:54:45.081+0000] {logging_mixin.py:190} INFO - [2025-12-08T14:54:45.081+0000] {dagbag.py:588} INFO - Filling up the DagBag from /opt/airflow/dags/ETL.py
[2025-12-08T14:54:45.103+0000] {processor.py:925} INFO - DAG(s) 'ETL_process' retrieved from /opt/airflow/dags/ETL.py
[2025-12-08T14:54:45.143+0000] {logging_mixin.py:190} INFO - [2025-12-08T14:54:45.143+0000] {dag.py:3239} INFO - Sync 1 DAGs
[2025-12-08T14:54:45.163+0000] {logging_mixin.py:190} INFO - [2025-12-08T14:54:45.163+0000] {dag.py:4180} INFO - Setting next_dagrun for ETL_process to None, run_after=None
[2025-12-08T14:54:45.186+0000] {processor.py:208} INFO - Processing /opt/airflow/dags/ETL.py took 0.124 seconds
[2025-12-08T14:55:15.328+0000] {processor.py:186} INFO - Started process (PID=1058) to work on /opt/airflow/dags/ETL.py
[2025-12-08T14:55:15.329+0000] {processor.py:914} INFO - Processing file /opt/airflow/dags/ETL.py for tasks to queue
[2025-12-08T14:55:15.333+0000] {logging_mixin.py:190} INFO - [2025-12-08T14:55:15.332+0000] {dagbag.py:588} INFO - Filling up the DagBag from /opt/airflow/dags/ETL.py
[2025-12-08T14:55:15.357+0000] {processor.py:925} INFO - DAG(s) 'ETL_process' retrieved from /opt/airflow/dags/ETL.py
[2025-12-08T14:55:15.399+0000] {logging_mixin.py:190} INFO - [2025-12-08T14:55:15.399+0000] {dag.py:3239} INFO - Sync 1 DAGs
[2025-12-08T14:55:15.420+0000] {logging_mixin.py:190} INFO - [2025-12-08T14:55:15.419+0000] {dag.py:4180} INFO - Setting next_dagrun for ETL_process to None, run_after=None
[2025-12-08T14:55:15.444+0000] {processor.py:208} INFO - Processing /opt/airflow/dags/ETL.py took 0.124 seconds
[2025-12-08T14:55:45.662+0000] {processor.py:186} INFO - Started process (PID=1068) to work on /opt/airflow/dags/ETL.py
[2025-12-08T14:55:45.664+0000] {processor.py:914} INFO - Processing file /opt/airflow/dags/ETL.py for tasks to queue
[2025-12-08T14:55:45.667+0000] {logging_mixin.py:190} INFO - [2025-12-08T14:55:45.667+0000] {dagbag.py:588} INFO - Filling up the DagBag from /opt/airflow/dags/ETL.py
[2025-12-08T14:55:45.691+0000] {processor.py:925} INFO - DAG(s) 'ETL_process' retrieved from /opt/airflow/dags/ETL.py
[2025-12-08T14:55:45.731+0000] {logging_mixin.py:190} INFO - [2025-12-08T14:55:45.730+0000] {dag.py:3239} INFO - Sync 1 DAGs
[2025-12-08T14:55:45.750+0000] {logging_mixin.py:190} INFO - [2025-12-08T14:55:45.750+0000] {dag.py:4180} INFO - Setting next_dagrun for ETL_process to None, run_after=None
[2025-12-08T14:55:45.773+0000] {processor.py:208} INFO - Processing /opt/airflow/dags/ETL.py took 0.119 seconds
[2025-12-08T14:56:15.913+0000] {processor.py:186} INFO - Started process (PID=1078) to work on /opt/airflow/dags/ETL.py
[2025-12-08T14:56:15.914+0000] {processor.py:914} INFO - Processing file /opt/airflow/dags/ETL.py for tasks to queue
[2025-12-08T14:56:15.918+0000] {logging_mixin.py:190} INFO - [2025-12-08T14:56:15.917+0000] {dagbag.py:588} INFO - Filling up the DagBag from /opt/airflow/dags/ETL.py
[2025-12-08T14:56:15.942+0000] {processor.py:925} INFO - DAG(s) 'ETL_process' retrieved from /opt/airflow/dags/ETL.py
[2025-12-08T14:56:15.981+0000] {logging_mixin.py:190} INFO - [2025-12-08T14:56:15.981+0000] {dag.py:3239} INFO - Sync 1 DAGs
[2025-12-08T14:56:15.999+0000] {logging_mixin.py:190} INFO - [2025-12-08T14:56:15.999+0000] {dag.py:4180} INFO - Setting next_dagrun for ETL_process to None, run_after=None
[2025-12-08T14:56:16.023+0000] {processor.py:208} INFO - Processing /opt/airflow/dags/ETL.py took 0.120 seconds
[2025-12-08T14:56:46.287+0000] {processor.py:186} INFO - Started process (PID=1088) to work on /opt/airflow/dags/ETL.py
[2025-12-08T14:56:46.288+0000] {processor.py:914} INFO - Processing file /opt/airflow/dags/ETL.py for tasks to queue
[2025-12-08T14:56:46.292+0000] {logging_mixin.py:190} INFO - [2025-12-08T14:56:46.291+0000] {dagbag.py:588} INFO - Filling up the DagBag from /opt/airflow/dags/ETL.py
[2025-12-08T14:56:46.316+0000] {processor.py:925} INFO - DAG(s) 'ETL_process' retrieved from /opt/airflow/dags/ETL.py
[2025-12-08T14:56:46.354+0000] {logging_mixin.py:190} INFO - [2025-12-08T14:56:46.354+0000] {dag.py:3239} INFO - Sync 1 DAGs
[2025-12-08T14:56:46.375+0000] {logging_mixin.py:190} INFO - [2025-12-08T14:56:46.375+0000] {dag.py:4180} INFO - Setting next_dagrun for ETL_process to None, run_after=None
[2025-12-08T14:56:46.398+0000] {processor.py:208} INFO - Processing /opt/airflow/dags/ETL.py took 0.120 seconds
[2025-12-08T14:57:16.678+0000] {processor.py:186} INFO - Started process (PID=1098) to work on /opt/airflow/dags/ETL.py
[2025-12-08T14:57:16.679+0000] {processor.py:914} INFO - Processing file /opt/airflow/dags/ETL.py for tasks to queue
[2025-12-08T14:57:16.683+0000] {logging_mixin.py:190} INFO - [2025-12-08T14:57:16.682+0000] {dagbag.py:588} INFO - Filling up the DagBag from /opt/airflow/dags/ETL.py
[2025-12-08T14:57:16.708+0000] {processor.py:925} INFO - DAG(s) 'ETL_process' retrieved from /opt/airflow/dags/ETL.py
[2025-12-08T14:57:16.745+0000] {logging_mixin.py:190} INFO - [2025-12-08T14:57:16.745+0000] {dag.py:3239} INFO - Sync 1 DAGs
[2025-12-08T14:57:16.764+0000] {logging_mixin.py:190} INFO - [2025-12-08T14:57:16.763+0000] {dag.py:4180} INFO - Setting next_dagrun for ETL_process to None, run_after=None
[2025-12-08T14:57:16.786+0000] {processor.py:208} INFO - Processing /opt/airflow/dags/ETL.py took 0.118 seconds
[2025-12-08T14:57:47.086+0000] {processor.py:186} INFO - Started process (PID=1108) to work on /opt/airflow/dags/ETL.py
[2025-12-08T14:57:47.087+0000] {processor.py:914} INFO - Processing file /opt/airflow/dags/ETL.py for tasks to queue
[2025-12-08T14:57:47.092+0000] {logging_mixin.py:190} INFO - [2025-12-08T14:57:47.091+0000] {dagbag.py:588} INFO - Filling up the DagBag from /opt/airflow/dags/ETL.py
[2025-12-08T14:57:47.117+0000] {processor.py:925} INFO - DAG(s) 'ETL_process' retrieved from /opt/airflow/dags/ETL.py
[2025-12-08T14:57:47.160+0000] {logging_mixin.py:190} INFO - [2025-12-08T14:57:47.159+0000] {dag.py:3239} INFO - Sync 1 DAGs
[2025-12-08T14:57:47.180+0000] {logging_mixin.py:190} INFO - [2025-12-08T14:57:47.180+0000] {dag.py:4180} INFO - Setting next_dagrun for ETL_process to None, run_after=None
[2025-12-08T14:57:47.204+0000] {processor.py:208} INFO - Processing /opt/airflow/dags/ETL.py took 0.128 seconds
[2025-12-08T14:58:17.352+0000] {processor.py:186} INFO - Started process (PID=1118) to work on /opt/airflow/dags/ETL.py
[2025-12-08T14:58:17.354+0000] {processor.py:914} INFO - Processing file /opt/airflow/dags/ETL.py for tasks to queue
[2025-12-08T14:58:17.358+0000] {logging_mixin.py:190} INFO - [2025-12-08T14:58:17.358+0000] {dagbag.py:588} INFO - Filling up the DagBag from /opt/airflow/dags/ETL.py
[2025-12-08T14:58:17.382+0000] {processor.py:925} INFO - DAG(s) 'ETL_process' retrieved from /opt/airflow/dags/ETL.py
[2025-12-08T14:58:17.425+0000] {logging_mixin.py:190} INFO - [2025-12-08T14:58:17.425+0000] {dag.py:3239} INFO - Sync 1 DAGs
[2025-12-08T14:58:17.446+0000] {logging_mixin.py:190} INFO - [2025-12-08T14:58:17.446+0000] {dag.py:4180} INFO - Setting next_dagrun for ETL_process to None, run_after=None
[2025-12-08T14:58:17.470+0000] {processor.py:208} INFO - Processing /opt/airflow/dags/ETL.py took 0.127 seconds
[2025-12-08T14:58:47.792+0000] {processor.py:186} INFO - Started process (PID=1128) to work on /opt/airflow/dags/ETL.py
[2025-12-08T14:58:47.794+0000] {processor.py:914} INFO - Processing file /opt/airflow/dags/ETL.py for tasks to queue
[2025-12-08T14:58:47.797+0000] {logging_mixin.py:190} INFO - [2025-12-08T14:58:47.797+0000] {dagbag.py:588} INFO - Filling up the DagBag from /opt/airflow/dags/ETL.py
[2025-12-08T14:58:47.818+0000] {processor.py:925} INFO - DAG(s) 'ETL_process' retrieved from /opt/airflow/dags/ETL.py
[2025-12-08T14:58:47.855+0000] {logging_mixin.py:190} INFO - [2025-12-08T14:58:47.854+0000] {dag.py:3239} INFO - Sync 1 DAGs
[2025-12-08T14:58:47.872+0000] {logging_mixin.py:190} INFO - [2025-12-08T14:58:47.872+0000] {dag.py:4180} INFO - Setting next_dagrun for ETL_process to None, run_after=None
[2025-12-08T14:58:47.895+0000] {processor.py:208} INFO - Processing /opt/airflow/dags/ETL.py took 0.111 seconds
[2025-12-08T14:59:18.164+0000] {processor.py:186} INFO - Started process (PID=1138) to work on /opt/airflow/dags/ETL.py
[2025-12-08T14:59:18.166+0000] {processor.py:914} INFO - Processing file /opt/airflow/dags/ETL.py for tasks to queue
[2025-12-08T14:59:18.171+0000] {logging_mixin.py:190} INFO - [2025-12-08T14:59:18.171+0000] {dagbag.py:588} INFO - Filling up the DagBag from /opt/airflow/dags/ETL.py
[2025-12-08T14:59:18.197+0000] {processor.py:925} INFO - DAG(s) 'ETL_process' retrieved from /opt/airflow/dags/ETL.py
[2025-12-08T14:59:18.237+0000] {logging_mixin.py:190} INFO - [2025-12-08T14:59:18.236+0000] {dag.py:3239} INFO - Sync 1 DAGs
[2025-12-08T14:59:18.254+0000] {logging_mixin.py:190} INFO - [2025-12-08T14:59:18.254+0000] {dag.py:4180} INFO - Setting next_dagrun for ETL_process to None, run_after=None
[2025-12-08T14:59:18.277+0000] {processor.py:208} INFO - Processing /opt/airflow/dags/ETL.py took 0.122 seconds
[2025-12-08T14:59:48.422+0000] {processor.py:186} INFO - Started process (PID=1148) to work on /opt/airflow/dags/ETL.py
[2025-12-08T14:59:48.424+0000] {processor.py:914} INFO - Processing file /opt/airflow/dags/ETL.py for tasks to queue
[2025-12-08T14:59:48.428+0000] {logging_mixin.py:190} INFO - [2025-12-08T14:59:48.428+0000] {dagbag.py:588} INFO - Filling up the DagBag from /opt/airflow/dags/ETL.py
[2025-12-08T14:59:48.453+0000] {processor.py:925} INFO - DAG(s) 'ETL_process' retrieved from /opt/airflow/dags/ETL.py
[2025-12-08T14:59:48.492+0000] {logging_mixin.py:190} INFO - [2025-12-08T14:59:48.492+0000] {dag.py:3239} INFO - Sync 1 DAGs
[2025-12-08T14:59:48.513+0000] {logging_mixin.py:190} INFO - [2025-12-08T14:59:48.513+0000] {dag.py:4180} INFO - Setting next_dagrun for ETL_process to None, run_after=None
[2025-12-08T14:59:48.539+0000] {processor.py:208} INFO - Processing /opt/airflow/dags/ETL.py took 0.127 seconds
[2025-12-08T15:00:18.818+0000] {processor.py:186} INFO - Started process (PID=1158) to work on /opt/airflow/dags/ETL.py
[2025-12-08T15:00:18.819+0000] {processor.py:914} INFO - Processing file /opt/airflow/dags/ETL.py for tasks to queue
[2025-12-08T15:00:18.823+0000] {logging_mixin.py:190} INFO - [2025-12-08T15:00:18.823+0000] {dagbag.py:588} INFO - Filling up the DagBag from /opt/airflow/dags/ETL.py
[2025-12-08T15:00:18.847+0000] {processor.py:925} INFO - DAG(s) 'ETL_process' retrieved from /opt/airflow/dags/ETL.py
[2025-12-08T15:00:18.884+0000] {logging_mixin.py:190} INFO - [2025-12-08T15:00:18.884+0000] {dag.py:3239} INFO - Sync 1 DAGs
[2025-12-08T15:00:18.902+0000] {logging_mixin.py:190} INFO - [2025-12-08T15:00:18.902+0000] {dag.py:4180} INFO - Setting next_dagrun for ETL_process to None, run_after=None
[2025-12-08T15:00:18.925+0000] {processor.py:208} INFO - Processing /opt/airflow/dags/ETL.py took 0.117 seconds
[2025-12-08T15:00:49.075+0000] {processor.py:186} INFO - Started process (PID=1168) to work on /opt/airflow/dags/ETL.py
[2025-12-08T15:00:49.076+0000] {processor.py:914} INFO - Processing file /opt/airflow/dags/ETL.py for tasks to queue
[2025-12-08T15:00:49.081+0000] {logging_mixin.py:190} INFO - [2025-12-08T15:00:49.081+0000] {dagbag.py:588} INFO - Filling up the DagBag from /opt/airflow/dags/ETL.py
[2025-12-08T15:00:49.104+0000] {processor.py:925} INFO - DAG(s) 'ETL_process' retrieved from /opt/airflow/dags/ETL.py
[2025-12-08T15:00:49.143+0000] {logging_mixin.py:190} INFO - [2025-12-08T15:00:49.143+0000] {dag.py:3239} INFO - Sync 1 DAGs
[2025-12-08T15:00:49.168+0000] {logging_mixin.py:190} INFO - [2025-12-08T15:00:49.167+0000] {dag.py:4180} INFO - Setting next_dagrun for ETL_process to None, run_after=None
[2025-12-08T15:00:49.192+0000] {processor.py:208} INFO - Processing /opt/airflow/dags/ETL.py took 0.126 seconds
[2025-12-08T15:01:19.398+0000] {processor.py:186} INFO - Started process (PID=1178) to work on /opt/airflow/dags/ETL.py
[2025-12-08T15:01:19.399+0000] {processor.py:914} INFO - Processing file /opt/airflow/dags/ETL.py for tasks to queue
[2025-12-08T15:01:19.404+0000] {logging_mixin.py:190} INFO - [2025-12-08T15:01:19.403+0000] {dagbag.py:588} INFO - Filling up the DagBag from /opt/airflow/dags/ETL.py
[2025-12-08T15:01:19.428+0000] {processor.py:925} INFO - DAG(s) 'ETL_process' retrieved from /opt/airflow/dags/ETL.py
[2025-12-08T15:01:19.466+0000] {logging_mixin.py:190} INFO - [2025-12-08T15:01:19.466+0000] {dag.py:3239} INFO - Sync 1 DAGs
[2025-12-08T15:01:19.484+0000] {logging_mixin.py:190} INFO - [2025-12-08T15:01:19.483+0000] {dag.py:4180} INFO - Setting next_dagrun for ETL_process to None, run_after=None
[2025-12-08T15:01:19.506+0000] {processor.py:208} INFO - Processing /opt/airflow/dags/ETL.py took 0.117 seconds
[2025-12-08T15:01:49.788+0000] {processor.py:186} INFO - Started process (PID=1188) to work on /opt/airflow/dags/ETL.py
[2025-12-08T15:01:49.790+0000] {processor.py:914} INFO - Processing file /opt/airflow/dags/ETL.py for tasks to queue
[2025-12-08T15:01:49.794+0000] {logging_mixin.py:190} INFO - [2025-12-08T15:01:49.794+0000] {dagbag.py:588} INFO - Filling up the DagBag from /opt/airflow/dags/ETL.py
[2025-12-08T15:01:49.818+0000] {processor.py:925} INFO - DAG(s) 'ETL_process' retrieved from /opt/airflow/dags/ETL.py
[2025-12-08T15:01:49.859+0000] {logging_mixin.py:190} INFO - [2025-12-08T15:01:49.859+0000] {dag.py:3239} INFO - Sync 1 DAGs
[2025-12-08T15:01:49.880+0000] {logging_mixin.py:190} INFO - [2025-12-08T15:01:49.880+0000] {dag.py:4180} INFO - Setting next_dagrun for ETL_process to None, run_after=None
[2025-12-08T15:01:49.904+0000] {processor.py:208} INFO - Processing /opt/airflow/dags/ETL.py took 0.126 seconds
[2025-12-08T15:02:20.053+0000] {processor.py:186} INFO - Started process (PID=1198) to work on /opt/airflow/dags/ETL.py
[2025-12-08T15:02:20.054+0000] {processor.py:914} INFO - Processing file /opt/airflow/dags/ETL.py for tasks to queue
[2025-12-08T15:02:20.058+0000] {logging_mixin.py:190} INFO - [2025-12-08T15:02:20.057+0000] {dagbag.py:588} INFO - Filling up the DagBag from /opt/airflow/dags/ETL.py
[2025-12-08T15:02:20.084+0000] {processor.py:925} INFO - DAG(s) 'ETL_process' retrieved from /opt/airflow/dags/ETL.py
[2025-12-08T15:02:20.129+0000] {logging_mixin.py:190} INFO - [2025-12-08T15:02:20.128+0000] {dag.py:3239} INFO - Sync 1 DAGs
[2025-12-08T15:02:20.152+0000] {logging_mixin.py:190} INFO - [2025-12-08T15:02:20.152+0000] {dag.py:4180} INFO - Setting next_dagrun for ETL_process to None, run_after=None
[2025-12-08T15:02:20.179+0000] {processor.py:208} INFO - Processing /opt/airflow/dags/ETL.py took 0.137 seconds
[2025-12-08T15:02:50.473+0000] {processor.py:186} INFO - Started process (PID=1208) to work on /opt/airflow/dags/ETL.py
[2025-12-08T15:02:50.475+0000] {processor.py:914} INFO - Processing file /opt/airflow/dags/ETL.py for tasks to queue
[2025-12-08T15:02:50.478+0000] {logging_mixin.py:190} INFO - [2025-12-08T15:02:50.478+0000] {dagbag.py:588} INFO - Filling up the DagBag from /opt/airflow/dags/ETL.py
[2025-12-08T15:02:50.504+0000] {processor.py:925} INFO - DAG(s) 'ETL_process' retrieved from /opt/airflow/dags/ETL.py
[2025-12-08T15:02:50.546+0000] {logging_mixin.py:190} INFO - [2025-12-08T15:02:50.546+0000] {dag.py:3239} INFO - Sync 1 DAGs
[2025-12-08T15:02:50.566+0000] {logging_mixin.py:190} INFO - [2025-12-08T15:02:50.565+0000] {dag.py:4180} INFO - Setting next_dagrun for ETL_process to None, run_after=None
[2025-12-08T15:02:50.590+0000] {processor.py:208} INFO - Processing /opt/airflow/dags/ETL.py took 0.127 seconds
[2025-12-08T15:03:20.741+0000] {processor.py:186} INFO - Started process (PID=1218) to work on /opt/airflow/dags/ETL.py
[2025-12-08T15:03:20.742+0000] {processor.py:914} INFO - Processing file /opt/airflow/dags/ETL.py for tasks to queue
[2025-12-08T15:03:20.746+0000] {logging_mixin.py:190} INFO - [2025-12-08T15:03:20.746+0000] {dagbag.py:588} INFO - Filling up the DagBag from /opt/airflow/dags/ETL.py
[2025-12-08T15:03:20.771+0000] {processor.py:925} INFO - DAG(s) 'ETL_process' retrieved from /opt/airflow/dags/ETL.py
[2025-12-08T15:03:20.809+0000] {logging_mixin.py:190} INFO - [2025-12-08T15:03:20.809+0000] {dag.py:3239} INFO - Sync 1 DAGs
[2025-12-08T15:03:20.829+0000] {logging_mixin.py:190} INFO - [2025-12-08T15:03:20.829+0000] {dag.py:4180} INFO - Setting next_dagrun for ETL_process to None, run_after=None
[2025-12-08T15:03:20.856+0000] {processor.py:208} INFO - Processing /opt/airflow/dags/ETL.py took 0.124 seconds
[2025-12-08T15:03:51.195+0000] {processor.py:186} INFO - Started process (PID=1228) to work on /opt/airflow/dags/ETL.py
[2025-12-08T15:03:51.196+0000] {processor.py:914} INFO - Processing file /opt/airflow/dags/ETL.py for tasks to queue
[2025-12-08T15:03:51.202+0000] {logging_mixin.py:190} INFO - [2025-12-08T15:03:51.201+0000] {dagbag.py:588} INFO - Filling up the DagBag from /opt/airflow/dags/ETL.py
[2025-12-08T15:03:51.225+0000] {processor.py:925} INFO - DAG(s) 'ETL_process' retrieved from /opt/airflow/dags/ETL.py
[2025-12-08T15:03:51.266+0000] {logging_mixin.py:190} INFO - [2025-12-08T15:03:51.266+0000] {dag.py:3239} INFO - Sync 1 DAGs
[2025-12-08T15:03:51.286+0000] {logging_mixin.py:190} INFO - [2025-12-08T15:03:51.286+0000] {dag.py:4180} INFO - Setting next_dagrun for ETL_process to None, run_after=None
[2025-12-08T15:03:51.312+0000] {processor.py:208} INFO - Processing /opt/airflow/dags/ETL.py took 0.127 seconds
[2025-12-08T15:04:21.470+0000] {processor.py:186} INFO - Started process (PID=1238) to work on /opt/airflow/dags/ETL.py
[2025-12-08T15:04:21.472+0000] {processor.py:914} INFO - Processing file /opt/airflow/dags/ETL.py for tasks to queue
[2025-12-08T15:04:21.478+0000] {logging_mixin.py:190} INFO - [2025-12-08T15:04:21.478+0000] {dagbag.py:588} INFO - Filling up the DagBag from /opt/airflow/dags/ETL.py
[2025-12-08T15:04:21.506+0000] {processor.py:925} INFO - DAG(s) 'ETL_process' retrieved from /opt/airflow/dags/ETL.py
[2025-12-08T15:04:21.547+0000] {logging_mixin.py:190} INFO - [2025-12-08T15:04:21.546+0000] {dag.py:3239} INFO - Sync 1 DAGs
[2025-12-08T15:04:21.568+0000] {logging_mixin.py:190} INFO - [2025-12-08T15:04:21.567+0000] {dag.py:4180} INFO - Setting next_dagrun for ETL_process to None, run_after=None
[2025-12-08T15:04:21.596+0000] {processor.py:208} INFO - Processing /opt/airflow/dags/ETL.py took 0.135 seconds
[2025-12-08T15:04:51.893+0000] {processor.py:186} INFO - Started process (PID=1248) to work on /opt/airflow/dags/ETL.py
[2025-12-08T15:04:51.895+0000] {processor.py:914} INFO - Processing file /opt/airflow/dags/ETL.py for tasks to queue
[2025-12-08T15:04:51.900+0000] {logging_mixin.py:190} INFO - [2025-12-08T15:04:51.900+0000] {dagbag.py:588} INFO - Filling up the DagBag from /opt/airflow/dags/ETL.py
[2025-12-08T15:04:51.922+0000] {processor.py:925} INFO - DAG(s) 'ETL_process' retrieved from /opt/airflow/dags/ETL.py
[2025-12-08T15:04:51.962+0000] {logging_mixin.py:190} INFO - [2025-12-08T15:04:51.962+0000] {dag.py:3239} INFO - Sync 1 DAGs
[2025-12-08T15:04:51.982+0000] {logging_mixin.py:190} INFO - [2025-12-08T15:04:51.982+0000] {dag.py:4180} INFO - Setting next_dagrun for ETL_process to None, run_after=None
[2025-12-08T15:04:52.011+0000] {processor.py:208} INFO - Processing /opt/airflow/dags/ETL.py took 0.126 seconds
[2025-12-08T15:05:22.170+0000] {processor.py:186} INFO - Started process (PID=1258) to work on /opt/airflow/dags/ETL.py
[2025-12-08T15:05:22.172+0000] {processor.py:914} INFO - Processing file /opt/airflow/dags/ETL.py for tasks to queue
[2025-12-08T15:05:22.177+0000] {logging_mixin.py:190} INFO - [2025-12-08T15:05:22.177+0000] {dagbag.py:588} INFO - Filling up the DagBag from /opt/airflow/dags/ETL.py
[2025-12-08T15:05:22.203+0000] {processor.py:925} INFO - DAG(s) 'ETL_process' retrieved from /opt/airflow/dags/ETL.py
[2025-12-08T15:05:22.249+0000] {logging_mixin.py:190} INFO - [2025-12-08T15:05:22.249+0000] {dag.py:3239} INFO - Sync 1 DAGs
[2025-12-08T15:05:22.269+0000] {logging_mixin.py:190} INFO - [2025-12-08T15:05:22.269+0000] {dag.py:4180} INFO - Setting next_dagrun for ETL_process to None, run_after=None
[2025-12-08T15:05:22.294+0000] {processor.py:208} INFO - Processing /opt/airflow/dags/ETL.py took 0.136 seconds
[2025-12-08T15:05:52.588+0000] {processor.py:186} INFO - Started process (PID=1268) to work on /opt/airflow/dags/ETL.py
[2025-12-08T15:05:52.591+0000] {processor.py:914} INFO - Processing file /opt/airflow/dags/ETL.py for tasks to queue
[2025-12-08T15:05:52.595+0000] {logging_mixin.py:190} INFO - [2025-12-08T15:05:52.595+0000] {dagbag.py:588} INFO - Filling up the DagBag from /opt/airflow/dags/ETL.py
[2025-12-08T15:05:52.626+0000] {processor.py:925} INFO - DAG(s) 'ETL_process' retrieved from /opt/airflow/dags/ETL.py
[2025-12-08T15:05:52.665+0000] {logging_mixin.py:190} INFO - [2025-12-08T15:05:52.664+0000] {dag.py:3239} INFO - Sync 1 DAGs
[2025-12-08T15:05:52.683+0000] {logging_mixin.py:190} INFO - [2025-12-08T15:05:52.683+0000] {dag.py:4180} INFO - Setting next_dagrun for ETL_process to None, run_after=None
[2025-12-08T15:05:52.707+0000] {processor.py:208} INFO - Processing /opt/airflow/dags/ETL.py took 0.134 seconds
[2025-12-08T15:06:22.846+0000] {processor.py:186} INFO - Started process (PID=1278) to work on /opt/airflow/dags/ETL.py
[2025-12-08T15:06:22.848+0000] {processor.py:914} INFO - Processing file /opt/airflow/dags/ETL.py for tasks to queue
[2025-12-08T15:06:22.851+0000] {logging_mixin.py:190} INFO - [2025-12-08T15:06:22.851+0000] {dagbag.py:588} INFO - Filling up the DagBag from /opt/airflow/dags/ETL.py
[2025-12-08T15:06:22.873+0000] {processor.py:925} INFO - DAG(s) 'ETL_process' retrieved from /opt/airflow/dags/ETL.py
[2025-12-08T15:06:22.910+0000] {logging_mixin.py:190} INFO - [2025-12-08T15:06:22.909+0000] {dag.py:3239} INFO - Sync 1 DAGs
[2025-12-08T15:06:22.929+0000] {logging_mixin.py:190} INFO - [2025-12-08T15:06:22.928+0000] {dag.py:4180} INFO - Setting next_dagrun for ETL_process to None, run_after=None
[2025-12-08T15:06:22.951+0000] {processor.py:208} INFO - Processing /opt/airflow/dags/ETL.py took 0.114 seconds
[2025-12-08T15:06:53.224+0000] {processor.py:186} INFO - Started process (PID=1288) to work on /opt/airflow/dags/ETL.py
[2025-12-08T15:06:53.226+0000] {processor.py:914} INFO - Processing file /opt/airflow/dags/ETL.py for tasks to queue
[2025-12-08T15:06:53.229+0000] {logging_mixin.py:190} INFO - [2025-12-08T15:06:53.229+0000] {dagbag.py:588} INFO - Filling up the DagBag from /opt/airflow/dags/ETL.py
[2025-12-08T15:06:53.254+0000] {processor.py:925} INFO - DAG(s) 'ETL_process' retrieved from /opt/airflow/dags/ETL.py
[2025-12-08T15:06:53.291+0000] {logging_mixin.py:190} INFO - [2025-12-08T15:06:53.291+0000] {dag.py:3239} INFO - Sync 1 DAGs
[2025-12-08T15:06:53.309+0000] {logging_mixin.py:190} INFO - [2025-12-08T15:06:53.309+0000] {dag.py:4180} INFO - Setting next_dagrun for ETL_process to None, run_after=None
[2025-12-08T15:06:53.334+0000] {processor.py:208} INFO - Processing /opt/airflow/dags/ETL.py took 0.119 seconds
[2025-12-08T15:07:23.482+0000] {processor.py:186} INFO - Started process (PID=1298) to work on /opt/airflow/dags/ETL.py
[2025-12-08T15:07:23.483+0000] {processor.py:914} INFO - Processing file /opt/airflow/dags/ETL.py for tasks to queue
[2025-12-08T15:07:23.486+0000] {logging_mixin.py:190} INFO - [2025-12-08T15:07:23.486+0000] {dagbag.py:588} INFO - Filling up the DagBag from /opt/airflow/dags/ETL.py
[2025-12-08T15:07:23.510+0000] {processor.py:925} INFO - DAG(s) 'ETL_process' retrieved from /opt/airflow/dags/ETL.py
[2025-12-08T15:07:23.547+0000] {logging_mixin.py:190} INFO - [2025-12-08T15:07:23.547+0000] {dag.py:3239} INFO - Sync 1 DAGs
[2025-12-08T15:07:23.565+0000] {logging_mixin.py:190} INFO - [2025-12-08T15:07:23.564+0000] {dag.py:4180} INFO - Setting next_dagrun for ETL_process to None, run_after=None
[2025-12-08T15:07:23.587+0000] {processor.py:208} INFO - Processing /opt/airflow/dags/ETL.py took 0.114 seconds
[2025-12-08T15:07:53.869+0000] {processor.py:186} INFO - Started process (PID=1308) to work on /opt/airflow/dags/ETL.py
[2025-12-08T15:07:53.870+0000] {processor.py:914} INFO - Processing file /opt/airflow/dags/ETL.py for tasks to queue
[2025-12-08T15:07:53.876+0000] {logging_mixin.py:190} INFO - [2025-12-08T15:07:53.875+0000] {dagbag.py:588} INFO - Filling up the DagBag from /opt/airflow/dags/ETL.py
[2025-12-08T15:07:53.901+0000] {processor.py:925} INFO - DAG(s) 'ETL_process' retrieved from /opt/airflow/dags/ETL.py
[2025-12-08T15:07:53.939+0000] {logging_mixin.py:190} INFO - [2025-12-08T15:07:53.938+0000] {dag.py:3239} INFO - Sync 1 DAGs
[2025-12-08T15:07:53.958+0000] {logging_mixin.py:190} INFO - [2025-12-08T15:07:53.957+0000] {dag.py:4180} INFO - Setting next_dagrun for ETL_process to None, run_after=None
[2025-12-08T15:07:53.981+0000] {processor.py:208} INFO - Processing /opt/airflow/dags/ETL.py took 0.120 seconds
[2025-12-08T15:08:24.169+0000] {processor.py:186} INFO - Started process (PID=1318) to work on /opt/airflow/dags/ETL.py
[2025-12-08T15:08:24.171+0000] {processor.py:914} INFO - Processing file /opt/airflow/dags/ETL.py for tasks to queue
[2025-12-08T15:08:24.174+0000] {logging_mixin.py:190} INFO - [2025-12-08T15:08:24.174+0000] {dagbag.py:588} INFO - Filling up the DagBag from /opt/airflow/dags/ETL.py
[2025-12-08T15:08:24.197+0000] {processor.py:925} INFO - DAG(s) 'ETL_process' retrieved from /opt/airflow/dags/ETL.py
[2025-12-08T15:08:24.233+0000] {logging_mixin.py:190} INFO - [2025-12-08T15:08:24.232+0000] {dag.py:3239} INFO - Sync 1 DAGs
[2025-12-08T15:08:24.250+0000] {logging_mixin.py:190} INFO - [2025-12-08T15:08:24.249+0000] {dag.py:4180} INFO - Setting next_dagrun for ETL_process to None, run_after=None
[2025-12-08T15:08:24.273+0000] {processor.py:208} INFO - Processing /opt/airflow/dags/ETL.py took 0.112 seconds
[2025-12-08T15:08:54.457+0000] {processor.py:186} INFO - Started process (PID=1328) to work on /opt/airflow/dags/ETL.py
[2025-12-08T15:08:54.458+0000] {processor.py:914} INFO - Processing file /opt/airflow/dags/ETL.py for tasks to queue
[2025-12-08T15:08:54.462+0000] {logging_mixin.py:190} INFO - [2025-12-08T15:08:54.461+0000] {dagbag.py:588} INFO - Filling up the DagBag from /opt/airflow/dags/ETL.py
[2025-12-08T15:08:54.486+0000] {processor.py:925} INFO - DAG(s) 'ETL_process' retrieved from /opt/airflow/dags/ETL.py
[2025-12-08T15:08:54.528+0000] {logging_mixin.py:190} INFO - [2025-12-08T15:08:54.528+0000] {dag.py:3239} INFO - Sync 1 DAGs
[2025-12-08T15:08:54.549+0000] {logging_mixin.py:190} INFO - [2025-12-08T15:08:54.549+0000] {dag.py:4180} INFO - Setting next_dagrun for ETL_process to None, run_after=None
[2025-12-08T15:08:54.575+0000] {processor.py:208} INFO - Processing /opt/airflow/dags/ETL.py took 0.127 seconds
[2025-12-08T15:09:24.749+0000] {processor.py:186} INFO - Started process (PID=1338) to work on /opt/airflow/dags/ETL.py
[2025-12-08T15:09:24.750+0000] {processor.py:914} INFO - Processing file /opt/airflow/dags/ETL.py for tasks to queue
[2025-12-08T15:09:24.754+0000] {logging_mixin.py:190} INFO - [2025-12-08T15:09:24.754+0000] {dagbag.py:588} INFO - Filling up the DagBag from /opt/airflow/dags/ETL.py
[2025-12-08T15:09:24.783+0000] {processor.py:925} INFO - DAG(s) 'ETL_process' retrieved from /opt/airflow/dags/ETL.py
[2025-12-08T15:09:24.823+0000] {logging_mixin.py:190} INFO - [2025-12-08T15:09:24.823+0000] {dag.py:3239} INFO - Sync 1 DAGs
[2025-12-08T15:09:24.842+0000] {logging_mixin.py:190} INFO - [2025-12-08T15:09:24.842+0000] {dag.py:4180} INFO - Setting next_dagrun for ETL_process to None, run_after=None
[2025-12-08T15:09:24.865+0000] {processor.py:208} INFO - Processing /opt/airflow/dags/ETL.py took 0.125 seconds
[2025-12-08T15:09:55.146+0000] {processor.py:186} INFO - Started process (PID=1348) to work on /opt/airflow/dags/ETL.py
[2025-12-08T15:09:55.147+0000] {processor.py:914} INFO - Processing file /opt/airflow/dags/ETL.py for tasks to queue
[2025-12-08T15:09:55.151+0000] {logging_mixin.py:190} INFO - [2025-12-08T15:09:55.150+0000] {dagbag.py:588} INFO - Filling up the DagBag from /opt/airflow/dags/ETL.py
[2025-12-08T15:09:55.178+0000] {processor.py:925} INFO - DAG(s) 'ETL_process' retrieved from /opt/airflow/dags/ETL.py
[2025-12-08T15:09:55.217+0000] {logging_mixin.py:190} INFO - [2025-12-08T15:09:55.216+0000] {dag.py:3239} INFO - Sync 1 DAGs
[2025-12-08T15:09:55.239+0000] {logging_mixin.py:190} INFO - [2025-12-08T15:09:55.238+0000] {dag.py:4180} INFO - Setting next_dagrun for ETL_process to None, run_after=None
[2025-12-08T15:09:55.266+0000] {processor.py:208} INFO - Processing /opt/airflow/dags/ETL.py took 0.130 seconds
[2025-12-08T15:10:25.543+0000] {processor.py:186} INFO - Started process (PID=1358) to work on /opt/airflow/dags/ETL.py
[2025-12-08T15:10:25.544+0000] {processor.py:914} INFO - Processing file /opt/airflow/dags/ETL.py for tasks to queue
[2025-12-08T15:10:25.548+0000] {logging_mixin.py:190} INFO - [2025-12-08T15:10:25.547+0000] {dagbag.py:588} INFO - Filling up the DagBag from /opt/airflow/dags/ETL.py
[2025-12-08T15:10:25.570+0000] {processor.py:925} INFO - DAG(s) 'ETL_process' retrieved from /opt/airflow/dags/ETL.py
[2025-12-08T15:10:25.613+0000] {logging_mixin.py:190} INFO - [2025-12-08T15:10:25.612+0000] {dag.py:3239} INFO - Sync 1 DAGs
[2025-12-08T15:10:25.633+0000] {logging_mixin.py:190} INFO - [2025-12-08T15:10:25.633+0000] {dag.py:4180} INFO - Setting next_dagrun for ETL_process to None, run_after=None
[2025-12-08T15:10:25.660+0000] {processor.py:208} INFO - Processing /opt/airflow/dags/ETL.py took 0.126 seconds
[2025-12-08T15:10:55.789+0000] {processor.py:186} INFO - Started process (PID=1368) to work on /opt/airflow/dags/ETL.py
[2025-12-08T15:10:55.790+0000] {processor.py:914} INFO - Processing file /opt/airflow/dags/ETL.py for tasks to queue
[2025-12-08T15:10:55.795+0000] {logging_mixin.py:190} INFO - [2025-12-08T15:10:55.794+0000] {dagbag.py:588} INFO - Filling up the DagBag from /opt/airflow/dags/ETL.py
[2025-12-08T15:10:55.816+0000] {processor.py:925} INFO - DAG(s) 'ETL_process' retrieved from /opt/airflow/dags/ETL.py
[2025-12-08T15:10:55.851+0000] {logging_mixin.py:190} INFO - [2025-12-08T15:10:55.851+0000] {dag.py:3239} INFO - Sync 1 DAGs
[2025-12-08T15:10:55.873+0000] {logging_mixin.py:190} INFO - [2025-12-08T15:10:55.872+0000] {dag.py:4180} INFO - Setting next_dagrun for ETL_process to None, run_after=None
[2025-12-08T15:10:55.902+0000] {processor.py:208} INFO - Processing /opt/airflow/dags/ETL.py took 0.122 seconds
[2025-12-08T15:11:26.175+0000] {processor.py:186} INFO - Started process (PID=1378) to work on /opt/airflow/dags/ETL.py
[2025-12-08T15:11:26.176+0000] {processor.py:914} INFO - Processing file /opt/airflow/dags/ETL.py for tasks to queue
[2025-12-08T15:11:26.180+0000] {logging_mixin.py:190} INFO - [2025-12-08T15:11:26.180+0000] {dagbag.py:588} INFO - Filling up the DagBag from /opt/airflow/dags/ETL.py
[2025-12-08T15:11:26.202+0000] {processor.py:925} INFO - DAG(s) 'ETL_process' retrieved from /opt/airflow/dags/ETL.py
[2025-12-08T15:11:26.237+0000] {logging_mixin.py:190} INFO - [2025-12-08T15:11:26.237+0000] {dag.py:3239} INFO - Sync 1 DAGs
[2025-12-08T15:11:26.258+0000] {logging_mixin.py:190} INFO - [2025-12-08T15:11:26.258+0000] {dag.py:4180} INFO - Setting next_dagrun for ETL_process to None, run_after=None
[2025-12-08T15:11:26.280+0000] {processor.py:208} INFO - Processing /opt/airflow/dags/ETL.py took 0.113 seconds
[2025-12-08T15:11:56.565+0000] {processor.py:186} INFO - Started process (PID=1388) to work on /opt/airflow/dags/ETL.py
[2025-12-08T15:11:56.567+0000] {processor.py:914} INFO - Processing file /opt/airflow/dags/ETL.py for tasks to queue
[2025-12-08T15:11:56.571+0000] {logging_mixin.py:190} INFO - [2025-12-08T15:11:56.570+0000] {dagbag.py:588} INFO - Filling up the DagBag from /opt/airflow/dags/ETL.py
[2025-12-08T15:11:56.593+0000] {processor.py:925} INFO - DAG(s) 'ETL_process' retrieved from /opt/airflow/dags/ETL.py
[2025-12-08T15:11:56.629+0000] {logging_mixin.py:190} INFO - [2025-12-08T15:11:56.628+0000] {dag.py:3239} INFO - Sync 1 DAGs
[2025-12-08T15:11:56.647+0000] {logging_mixin.py:190} INFO - [2025-12-08T15:11:56.647+0000] {dag.py:4180} INFO - Setting next_dagrun for ETL_process to None, run_after=None
[2025-12-08T15:11:56.670+0000] {processor.py:208} INFO - Processing /opt/airflow/dags/ETL.py took 0.114 seconds
[2025-12-08T15:12:26.948+0000] {processor.py:186} INFO - Started process (PID=1398) to work on /opt/airflow/dags/ETL.py
[2025-12-08T15:12:26.949+0000] {processor.py:914} INFO - Processing file /opt/airflow/dags/ETL.py for tasks to queue
[2025-12-08T15:12:26.953+0000] {logging_mixin.py:190} INFO - [2025-12-08T15:12:26.952+0000] {dagbag.py:588} INFO - Filling up the DagBag from /opt/airflow/dags/ETL.py
[2025-12-08T15:12:26.977+0000] {processor.py:925} INFO - DAG(s) 'ETL_process' retrieved from /opt/airflow/dags/ETL.py
[2025-12-08T15:12:27.011+0000] {logging_mixin.py:190} INFO - [2025-12-08T15:12:27.011+0000] {dag.py:3239} INFO - Sync 1 DAGs
[2025-12-08T15:12:27.027+0000] {logging_mixin.py:190} INFO - [2025-12-08T15:12:27.027+0000] {dag.py:4180} INFO - Setting next_dagrun for ETL_process to None, run_after=None
[2025-12-08T15:12:27.049+0000] {processor.py:208} INFO - Processing /opt/airflow/dags/ETL.py took 0.110 seconds
[2025-12-08T15:12:57.335+0000] {processor.py:186} INFO - Started process (PID=1408) to work on /opt/airflow/dags/ETL.py
[2025-12-08T15:12:57.337+0000] {processor.py:914} INFO - Processing file /opt/airflow/dags/ETL.py for tasks to queue
[2025-12-08T15:12:57.341+0000] {logging_mixin.py:190} INFO - [2025-12-08T15:12:57.340+0000] {dagbag.py:588} INFO - Filling up the DagBag from /opt/airflow/dags/ETL.py
[2025-12-08T15:12:57.364+0000] {processor.py:925} INFO - DAG(s) 'ETL_process' retrieved from /opt/airflow/dags/ETL.py
[2025-12-08T15:12:57.407+0000] {logging_mixin.py:190} INFO - [2025-12-08T15:12:57.406+0000] {dag.py:3239} INFO - Sync 1 DAGs
[2025-12-08T15:12:57.425+0000] {logging_mixin.py:190} INFO - [2025-12-08T15:12:57.425+0000] {dag.py:4180} INFO - Setting next_dagrun for ETL_process to None, run_after=None
[2025-12-08T15:12:57.449+0000] {processor.py:208} INFO - Processing /opt/airflow/dags/ETL.py took 0.123 seconds
[2025-12-08T15:13:27.761+0000] {processor.py:186} INFO - Started process (PID=1418) to work on /opt/airflow/dags/ETL.py
[2025-12-08T15:13:27.762+0000] {processor.py:914} INFO - Processing file /opt/airflow/dags/ETL.py for tasks to queue
[2025-12-08T15:13:27.766+0000] {logging_mixin.py:190} INFO - [2025-12-08T15:13:27.765+0000] {dagbag.py:588} INFO - Filling up the DagBag from /opt/airflow/dags/ETL.py
[2025-12-08T15:13:27.789+0000] {processor.py:925} INFO - DAG(s) 'ETL_process' retrieved from /opt/airflow/dags/ETL.py
[2025-12-08T15:13:27.828+0000] {logging_mixin.py:190} INFO - [2025-12-08T15:13:27.827+0000] {dag.py:3239} INFO - Sync 1 DAGs
[2025-12-08T15:13:27.844+0000] {logging_mixin.py:190} INFO - [2025-12-08T15:13:27.844+0000] {dag.py:4180} INFO - Setting next_dagrun for ETL_process to None, run_after=None
[2025-12-08T15:13:27.868+0000] {processor.py:208} INFO - Processing /opt/airflow/dags/ETL.py took 0.115 seconds
[2025-12-08T15:13:58.151+0000] {processor.py:186} INFO - Started process (PID=1428) to work on /opt/airflow/dags/ETL.py
[2025-12-08T15:13:58.152+0000] {processor.py:914} INFO - Processing file /opt/airflow/dags/ETL.py for tasks to queue
[2025-12-08T15:13:58.156+0000] {logging_mixin.py:190} INFO - [2025-12-08T15:13:58.156+0000] {dagbag.py:588} INFO - Filling up the DagBag from /opt/airflow/dags/ETL.py
[2025-12-08T15:13:58.183+0000] {processor.py:925} INFO - DAG(s) 'ETL_process' retrieved from /opt/airflow/dags/ETL.py
[2025-12-08T15:13:58.223+0000] {logging_mixin.py:190} INFO - [2025-12-08T15:13:58.222+0000] {dag.py:3239} INFO - Sync 1 DAGs
[2025-12-08T15:13:58.242+0000] {logging_mixin.py:190} INFO - [2025-12-08T15:13:58.242+0000] {dag.py:4180} INFO - Setting next_dagrun for ETL_process to None, run_after=None
[2025-12-08T15:13:58.266+0000] {processor.py:208} INFO - Processing /opt/airflow/dags/ETL.py took 0.123 seconds
[2025-12-08T15:14:28.548+0000] {processor.py:186} INFO - Started process (PID=1438) to work on /opt/airflow/dags/ETL.py
[2025-12-08T15:14:28.549+0000] {processor.py:914} INFO - Processing file /opt/airflow/dags/ETL.py for tasks to queue
[2025-12-08T15:14:28.553+0000] {logging_mixin.py:190} INFO - [2025-12-08T15:14:28.553+0000] {dagbag.py:588} INFO - Filling up the DagBag from /opt/airflow/dags/ETL.py
[2025-12-08T15:14:28.580+0000] {processor.py:925} INFO - DAG(s) 'ETL_process' retrieved from /opt/airflow/dags/ETL.py
[2025-12-08T15:14:28.619+0000] {logging_mixin.py:190} INFO - [2025-12-08T15:14:28.618+0000] {dag.py:3239} INFO - Sync 1 DAGs
[2025-12-08T15:14:28.637+0000] {logging_mixin.py:190} INFO - [2025-12-08T15:14:28.636+0000] {dag.py:4180} INFO - Setting next_dagrun for ETL_process to None, run_after=None
[2025-12-08T15:14:28.659+0000] {processor.py:208} INFO - Processing /opt/airflow/dags/ETL.py took 0.121 seconds
[2025-12-08T15:14:58.805+0000] {processor.py:186} INFO - Started process (PID=1448) to work on /opt/airflow/dags/ETL.py
[2025-12-08T15:14:58.807+0000] {processor.py:914} INFO - Processing file /opt/airflow/dags/ETL.py for tasks to queue
[2025-12-08T15:14:58.811+0000] {logging_mixin.py:190} INFO - [2025-12-08T15:14:58.811+0000] {dagbag.py:588} INFO - Filling up the DagBag from /opt/airflow/dags/ETL.py
[2025-12-08T15:14:58.834+0000] {processor.py:925} INFO - DAG(s) 'ETL_process' retrieved from /opt/airflow/dags/ETL.py
[2025-12-08T15:14:58.870+0000] {logging_mixin.py:190} INFO - [2025-12-08T15:14:58.869+0000] {dag.py:3239} INFO - Sync 1 DAGs
[2025-12-08T15:14:58.888+0000] {logging_mixin.py:190} INFO - [2025-12-08T15:14:58.887+0000] {dag.py:4180} INFO - Setting next_dagrun for ETL_process to None, run_after=None
[2025-12-08T15:14:58.911+0000] {processor.py:208} INFO - Processing /opt/airflow/dags/ETL.py took 0.115 seconds
[2025-12-08T15:15:29.191+0000] {processor.py:186} INFO - Started process (PID=1458) to work on /opt/airflow/dags/ETL.py
[2025-12-08T15:15:29.192+0000] {processor.py:914} INFO - Processing file /opt/airflow/dags/ETL.py for tasks to queue
[2025-12-08T15:15:29.199+0000] {logging_mixin.py:190} INFO - [2025-12-08T15:15:29.198+0000] {dagbag.py:588} INFO - Filling up the DagBag from /opt/airflow/dags/ETL.py
[2025-12-08T15:15:29.222+0000] {processor.py:925} INFO - DAG(s) 'ETL_process' retrieved from /opt/airflow/dags/ETL.py
[2025-12-08T15:15:29.263+0000] {logging_mixin.py:190} INFO - [2025-12-08T15:15:29.262+0000] {dag.py:3239} INFO - Sync 1 DAGs
[2025-12-08T15:15:29.281+0000] {logging_mixin.py:190} INFO - [2025-12-08T15:15:29.281+0000] {dag.py:4180} INFO - Setting next_dagrun for ETL_process to None, run_after=None
[2025-12-08T15:15:29.305+0000] {processor.py:208} INFO - Processing /opt/airflow/dags/ETL.py took 0.125 seconds
[2025-12-08T15:15:59.454+0000] {processor.py:186} INFO - Started process (PID=1468) to work on /opt/airflow/dags/ETL.py
[2025-12-08T15:15:59.455+0000] {processor.py:914} INFO - Processing file /opt/airflow/dags/ETL.py for tasks to queue
[2025-12-08T15:15:59.459+0000] {logging_mixin.py:190} INFO - [2025-12-08T15:15:59.458+0000] {dagbag.py:588} INFO - Filling up the DagBag from /opt/airflow/dags/ETL.py
[2025-12-08T15:15:59.489+0000] {processor.py:925} INFO - DAG(s) 'ETL_process' retrieved from /opt/airflow/dags/ETL.py
[2025-12-08T15:15:59.526+0000] {logging_mixin.py:190} INFO - [2025-12-08T15:15:59.525+0000] {dag.py:3239} INFO - Sync 1 DAGs
[2025-12-08T15:15:59.544+0000] {logging_mixin.py:190} INFO - [2025-12-08T15:15:59.543+0000] {dag.py:4180} INFO - Setting next_dagrun for ETL_process to None, run_after=None
[2025-12-08T15:15:59.570+0000] {processor.py:208} INFO - Processing /opt/airflow/dags/ETL.py took 0.126 seconds
[2025-12-08T15:16:29.770+0000] {processor.py:186} INFO - Started process (PID=1478) to work on /opt/airflow/dags/ETL.py
[2025-12-08T15:16:29.771+0000] {processor.py:914} INFO - Processing file /opt/airflow/dags/ETL.py for tasks to queue
[2025-12-08T15:16:29.775+0000] {logging_mixin.py:190} INFO - [2025-12-08T15:16:29.775+0000] {dagbag.py:588} INFO - Filling up the DagBag from /opt/airflow/dags/ETL.py
[2025-12-08T15:16:29.805+0000] {processor.py:925} INFO - DAG(s) 'ETL_process' retrieved from /opt/airflow/dags/ETL.py
[2025-12-08T15:16:29.849+0000] {logging_mixin.py:190} INFO - [2025-12-08T15:16:29.849+0000] {dag.py:3239} INFO - Sync 1 DAGs
[2025-12-08T15:16:29.868+0000] {logging_mixin.py:190} INFO - [2025-12-08T15:16:29.868+0000] {dag.py:4180} INFO - Setting next_dagrun for ETL_process to None, run_after=None
[2025-12-08T15:16:29.891+0000] {processor.py:208} INFO - Processing /opt/airflow/dags/ETL.py took 0.129 seconds
[2025-12-08T15:17:00.044+0000] {processor.py:186} INFO - Started process (PID=1488) to work on /opt/airflow/dags/ETL.py
[2025-12-08T15:17:00.045+0000] {processor.py:914} INFO - Processing file /opt/airflow/dags/ETL.py for tasks to queue
[2025-12-08T15:17:00.049+0000] {logging_mixin.py:190} INFO - [2025-12-08T15:17:00.048+0000] {dagbag.py:588} INFO - Filling up the DagBag from /opt/airflow/dags/ETL.py
[2025-12-08T15:17:00.072+0000] {processor.py:925} INFO - DAG(s) 'ETL_process' retrieved from /opt/airflow/dags/ETL.py
[2025-12-08T15:17:00.110+0000] {logging_mixin.py:190} INFO - [2025-12-08T15:17:00.110+0000] {dag.py:3239} INFO - Sync 1 DAGs
[2025-12-08T15:17:00.130+0000] {logging_mixin.py:190} INFO - [2025-12-08T15:17:00.130+0000] {dag.py:4180} INFO - Setting next_dagrun for ETL_process to None, run_after=None
[2025-12-08T15:17:00.155+0000] {processor.py:208} INFO - Processing /opt/airflow/dags/ETL.py took 0.121 seconds
[2025-12-08T15:17:30.423+0000] {processor.py:186} INFO - Started process (PID=1498) to work on /opt/airflow/dags/ETL.py
[2025-12-08T15:17:30.424+0000] {processor.py:914} INFO - Processing file /opt/airflow/dags/ETL.py for tasks to queue
[2025-12-08T15:17:30.428+0000] {logging_mixin.py:190} INFO - [2025-12-08T15:17:30.428+0000] {dagbag.py:588} INFO - Filling up the DagBag from /opt/airflow/dags/ETL.py
[2025-12-08T15:17:30.451+0000] {processor.py:925} INFO - DAG(s) 'ETL_process' retrieved from /opt/airflow/dags/ETL.py
[2025-12-08T15:17:30.487+0000] {logging_mixin.py:190} INFO - [2025-12-08T15:17:30.487+0000] {dag.py:3239} INFO - Sync 1 DAGs
[2025-12-08T15:17:30.505+0000] {logging_mixin.py:190} INFO - [2025-12-08T15:17:30.505+0000] {dag.py:4180} INFO - Setting next_dagrun for ETL_process to None, run_after=None
[2025-12-08T15:17:30.529+0000] {processor.py:208} INFO - Processing /opt/airflow/dags/ETL.py took 0.114 seconds
[2025-12-08T15:18:00.818+0000] {processor.py:186} INFO - Started process (PID=1508) to work on /opt/airflow/dags/ETL.py
[2025-12-08T15:18:00.819+0000] {processor.py:914} INFO - Processing file /opt/airflow/dags/ETL.py for tasks to queue
[2025-12-08T15:18:00.823+0000] {logging_mixin.py:190} INFO - [2025-12-08T15:18:00.823+0000] {dagbag.py:588} INFO - Filling up the DagBag from /opt/airflow/dags/ETL.py
[2025-12-08T15:18:00.847+0000] {processor.py:925} INFO - DAG(s) 'ETL_process' retrieved from /opt/airflow/dags/ETL.py
[2025-12-08T15:18:00.884+0000] {logging_mixin.py:190} INFO - [2025-12-08T15:18:00.884+0000] {dag.py:3239} INFO - Sync 1 DAGs
[2025-12-08T15:18:00.903+0000] {logging_mixin.py:190} INFO - [2025-12-08T15:18:00.903+0000] {dag.py:4180} INFO - Setting next_dagrun for ETL_process to None, run_after=None
[2025-12-08T15:18:00.926+0000] {processor.py:208} INFO - Processing /opt/airflow/dags/ETL.py took 0.116 seconds
[2025-12-08T15:18:31.131+0000] {processor.py:186} INFO - Started process (PID=1518) to work on /opt/airflow/dags/ETL.py
[2025-12-08T15:18:31.133+0000] {processor.py:914} INFO - Processing file /opt/airflow/dags/ETL.py for tasks to queue
[2025-12-08T15:18:31.138+0000] {logging_mixin.py:190} INFO - [2025-12-08T15:18:31.137+0000] {dagbag.py:588} INFO - Filling up the DagBag from /opt/airflow/dags/ETL.py
[2025-12-08T15:18:31.162+0000] {processor.py:925} INFO - DAG(s) 'ETL_process' retrieved from /opt/airflow/dags/ETL.py
[2025-12-08T15:18:31.199+0000] {logging_mixin.py:190} INFO - [2025-12-08T15:18:31.199+0000] {dag.py:3239} INFO - Sync 1 DAGs
[2025-12-08T15:18:31.219+0000] {logging_mixin.py:190} INFO - [2025-12-08T15:18:31.219+0000] {dag.py:4180} INFO - Setting next_dagrun for ETL_process to None, run_after=None
[2025-12-08T15:18:31.242+0000] {processor.py:208} INFO - Processing /opt/airflow/dags/ETL.py took 0.120 seconds
[2025-12-08T15:19:01.398+0000] {processor.py:186} INFO - Started process (PID=1528) to work on /opt/airflow/dags/ETL.py
[2025-12-08T15:19:01.399+0000] {processor.py:914} INFO - Processing file /opt/airflow/dags/ETL.py for tasks to queue
[2025-12-08T15:19:01.403+0000] {logging_mixin.py:190} INFO - [2025-12-08T15:19:01.402+0000] {dagbag.py:588} INFO - Filling up the DagBag from /opt/airflow/dags/ETL.py
[2025-12-08T15:19:01.429+0000] {processor.py:925} INFO - DAG(s) 'ETL_process' retrieved from /opt/airflow/dags/ETL.py
[2025-12-08T15:19:01.469+0000] {logging_mixin.py:190} INFO - [2025-12-08T15:19:01.469+0000] {dag.py:3239} INFO - Sync 1 DAGs
[2025-12-08T15:19:01.486+0000] {logging_mixin.py:190} INFO - [2025-12-08T15:19:01.486+0000] {dag.py:4180} INFO - Setting next_dagrun for ETL_process to None, run_after=None
[2025-12-08T15:19:01.511+0000] {processor.py:208} INFO - Processing /opt/airflow/dags/ETL.py took 0.123 seconds
[2025-12-08T15:19:31.718+0000] {processor.py:186} INFO - Started process (PID=1538) to work on /opt/airflow/dags/ETL.py
[2025-12-08T15:19:31.719+0000] {processor.py:914} INFO - Processing file /opt/airflow/dags/ETL.py for tasks to queue
[2025-12-08T15:19:31.723+0000] {logging_mixin.py:190} INFO - [2025-12-08T15:19:31.723+0000] {dagbag.py:588} INFO - Filling up the DagBag from /opt/airflow/dags/ETL.py
[2025-12-08T15:19:31.746+0000] {processor.py:925} INFO - DAG(s) 'ETL_process' retrieved from /opt/airflow/dags/ETL.py
[2025-12-08T15:19:31.785+0000] {logging_mixin.py:190} INFO - [2025-12-08T15:19:31.784+0000] {dag.py:3239} INFO - Sync 1 DAGs
[2025-12-08T15:19:31.811+0000] {logging_mixin.py:190} INFO - [2025-12-08T15:19:31.811+0000] {dag.py:4180} INFO - Setting next_dagrun for ETL_process to None, run_after=None
[2025-12-08T15:19:31.835+0000] {processor.py:208} INFO - Processing /opt/airflow/dags/ETL.py took 0.126 seconds
[2025-12-08T15:20:02.006+0000] {processor.py:186} INFO - Started process (PID=1548) to work on /opt/airflow/dags/ETL.py
[2025-12-08T15:20:02.008+0000] {processor.py:914} INFO - Processing file /opt/airflow/dags/ETL.py for tasks to queue
[2025-12-08T15:20:02.012+0000] {logging_mixin.py:190} INFO - [2025-12-08T15:20:02.011+0000] {dagbag.py:588} INFO - Filling up the DagBag from /opt/airflow/dags/ETL.py
[2025-12-08T15:20:02.034+0000] {processor.py:925} INFO - DAG(s) 'ETL_process' retrieved from /opt/airflow/dags/ETL.py
[2025-12-08T15:20:02.072+0000] {logging_mixin.py:190} INFO - [2025-12-08T15:20:02.071+0000] {dag.py:3239} INFO - Sync 1 DAGs
[2025-12-08T15:20:02.090+0000] {logging_mixin.py:190} INFO - [2025-12-08T15:20:02.090+0000] {dag.py:4180} INFO - Setting next_dagrun for ETL_process to None, run_after=None
[2025-12-08T15:20:02.115+0000] {processor.py:208} INFO - Processing /opt/airflow/dags/ETL.py took 0.118 seconds
[2025-12-08T15:20:32.390+0000] {processor.py:186} INFO - Started process (PID=1558) to work on /opt/airflow/dags/ETL.py
[2025-12-08T15:20:32.391+0000] {processor.py:914} INFO - Processing file /opt/airflow/dags/ETL.py for tasks to queue
[2025-12-08T15:20:32.395+0000] {logging_mixin.py:190} INFO - [2025-12-08T15:20:32.395+0000] {dagbag.py:588} INFO - Filling up the DagBag from /opt/airflow/dags/ETL.py
[2025-12-08T15:20:32.420+0000] {processor.py:925} INFO - DAG(s) 'ETL_process' retrieved from /opt/airflow/dags/ETL.py
[2025-12-08T15:20:32.457+0000] {logging_mixin.py:190} INFO - [2025-12-08T15:20:32.457+0000] {dag.py:3239} INFO - Sync 1 DAGs
[2025-12-08T15:20:32.475+0000] {logging_mixin.py:190} INFO - [2025-12-08T15:20:32.475+0000] {dag.py:4180} INFO - Setting next_dagrun for ETL_process to None, run_after=None
[2025-12-08T15:20:32.501+0000] {processor.py:208} INFO - Processing /opt/airflow/dags/ETL.py took 0.121 seconds
[2025-12-08T15:21:02.683+0000] {processor.py:186} INFO - Started process (PID=1568) to work on /opt/airflow/dags/ETL.py
[2025-12-08T15:21:02.684+0000] {processor.py:914} INFO - Processing file /opt/airflow/dags/ETL.py for tasks to queue
[2025-12-08T15:21:02.687+0000] {logging_mixin.py:190} INFO - [2025-12-08T15:21:02.687+0000] {dagbag.py:588} INFO - Filling up the DagBag from /opt/airflow/dags/ETL.py
[2025-12-08T15:21:02.708+0000] {processor.py:925} INFO - DAG(s) 'ETL_process' retrieved from /opt/airflow/dags/ETL.py
[2025-12-08T15:21:02.739+0000] {logging_mixin.py:190} INFO - [2025-12-08T15:21:02.738+0000] {dag.py:3239} INFO - Sync 1 DAGs
[2025-12-08T15:21:02.754+0000] {logging_mixin.py:190} INFO - [2025-12-08T15:21:02.754+0000] {dag.py:4180} INFO - Setting next_dagrun for ETL_process to None, run_after=None
[2025-12-08T15:21:02.780+0000] {processor.py:208} INFO - Processing /opt/airflow/dags/ETL.py took 0.104 seconds
[2025-12-08T15:21:33.020+0000] {processor.py:186} INFO - Started process (PID=1578) to work on /opt/airflow/dags/ETL.py
[2025-12-08T15:21:33.022+0000] {processor.py:914} INFO - Processing file /opt/airflow/dags/ETL.py for tasks to queue
[2025-12-08T15:21:33.027+0000] {logging_mixin.py:190} INFO - [2025-12-08T15:21:33.026+0000] {dagbag.py:588} INFO - Filling up the DagBag from /opt/airflow/dags/ETL.py
[2025-12-08T15:21:33.055+0000] {processor.py:925} INFO - DAG(s) 'ETL_process' retrieved from /opt/airflow/dags/ETL.py
[2025-12-08T15:21:33.092+0000] {logging_mixin.py:190} INFO - [2025-12-08T15:21:33.092+0000] {dag.py:3239} INFO - Sync 1 DAGs
[2025-12-08T15:21:33.109+0000] {logging_mixin.py:190} INFO - [2025-12-08T15:21:33.109+0000] {dag.py:4180} INFO - Setting next_dagrun for ETL_process to None, run_after=None
[2025-12-08T15:21:33.130+0000] {processor.py:208} INFO - Processing /opt/airflow/dags/ETL.py took 0.123 seconds
[2025-12-08T15:22:03.423+0000] {processor.py:186} INFO - Started process (PID=1601) to work on /opt/airflow/dags/ETL.py
[2025-12-08T15:22:03.424+0000] {processor.py:914} INFO - Processing file /opt/airflow/dags/ETL.py for tasks to queue
[2025-12-08T15:22:03.428+0000] {logging_mixin.py:190} INFO - [2025-12-08T15:22:03.428+0000] {dagbag.py:588} INFO - Filling up the DagBag from /opt/airflow/dags/ETL.py
[2025-12-08T15:22:03.451+0000] {processor.py:925} INFO - DAG(s) 'ETL_process' retrieved from /opt/airflow/dags/ETL.py
[2025-12-08T15:22:03.487+0000] {logging_mixin.py:190} INFO - [2025-12-08T15:22:03.487+0000] {dag.py:3239} INFO - Sync 1 DAGs
[2025-12-08T15:22:03.505+0000] {logging_mixin.py:190} INFO - [2025-12-08T15:22:03.505+0000] {dag.py:4180} INFO - Setting next_dagrun for ETL_process to None, run_after=None
[2025-12-08T15:22:03.528+0000] {processor.py:208} INFO - Processing /opt/airflow/dags/ETL.py took 0.113 seconds
[2025-12-08T15:22:33.690+0000] {processor.py:186} INFO - Started process (PID=1611) to work on /opt/airflow/dags/ETL.py
[2025-12-08T15:22:33.692+0000] {processor.py:914} INFO - Processing file /opt/airflow/dags/ETL.py for tasks to queue
[2025-12-08T15:22:33.696+0000] {logging_mixin.py:190} INFO - [2025-12-08T15:22:33.695+0000] {dagbag.py:588} INFO - Filling up the DagBag from /opt/airflow/dags/ETL.py
[2025-12-08T15:22:33.725+0000] {processor.py:925} INFO - DAG(s) 'ETL_process' retrieved from /opt/airflow/dags/ETL.py
[2025-12-08T15:22:33.765+0000] {logging_mixin.py:190} INFO - [2025-12-08T15:22:33.764+0000] {dag.py:3239} INFO - Sync 1 DAGs
[2025-12-08T15:22:33.785+0000] {logging_mixin.py:190} INFO - [2025-12-08T15:22:33.784+0000] {dag.py:4180} INFO - Setting next_dagrun for ETL_process to None, run_after=None
[2025-12-08T15:22:33.810+0000] {processor.py:208} INFO - Processing /opt/airflow/dags/ETL.py took 0.127 seconds
[2025-12-08T15:23:04.074+0000] {processor.py:186} INFO - Started process (PID=1621) to work on /opt/airflow/dags/ETL.py
[2025-12-08T15:23:04.076+0000] {processor.py:914} INFO - Processing file /opt/airflow/dags/ETL.py for tasks to queue
[2025-12-08T15:23:04.086+0000] {logging_mixin.py:190} INFO - [2025-12-08T15:23:04.085+0000] {dagbag.py:588} INFO - Filling up the DagBag from /opt/airflow/dags/ETL.py
[2025-12-08T15:23:04.171+0000] {processor.py:925} INFO - DAG(s) 'ETL_process' retrieved from /opt/airflow/dags/ETL.py
[2025-12-08T15:23:04.239+0000] {logging_mixin.py:190} INFO - [2025-12-08T15:23:04.238+0000] {dag.py:3239} INFO - Sync 1 DAGs
[2025-12-08T15:23:04.265+0000] {logging_mixin.py:190} INFO - [2025-12-08T15:23:04.264+0000] {dag.py:4180} INFO - Setting next_dagrun for ETL_process to None, run_after=None
[2025-12-08T15:23:04.310+0000] {processor.py:208} INFO - Processing /opt/airflow/dags/ETL.py took 0.257 seconds
[2025-12-08T15:23:34.526+0000] {processor.py:186} INFO - Started process (PID=1631) to work on /opt/airflow/dags/ETL.py
[2025-12-08T15:23:34.527+0000] {processor.py:914} INFO - Processing file /opt/airflow/dags/ETL.py for tasks to queue
[2025-12-08T15:23:34.531+0000] {logging_mixin.py:190} INFO - [2025-12-08T15:23:34.529+0000] {dagbag.py:588} INFO - Filling up the DagBag from /opt/airflow/dags/ETL.py
[2025-12-08T15:23:34.553+0000] {processor.py:925} INFO - DAG(s) 'ETL_process' retrieved from /opt/airflow/dags/ETL.py
[2025-12-08T15:23:34.597+0000] {logging_mixin.py:190} INFO - [2025-12-08T15:23:34.596+0000] {dag.py:3239} INFO - Sync 1 DAGs
[2025-12-08T15:23:34.615+0000] {logging_mixin.py:190} INFO - [2025-12-08T15:23:34.615+0000] {dag.py:4180} INFO - Setting next_dagrun for ETL_process to None, run_after=None
[2025-12-08T15:23:34.637+0000] {processor.py:208} INFO - Processing /opt/airflow/dags/ETL.py took 0.119 seconds
[2025-12-08T15:24:04.769+0000] {processor.py:186} INFO - Started process (PID=1643) to work on /opt/airflow/dags/ETL.py
[2025-12-08T15:24:04.771+0000] {processor.py:914} INFO - Processing file /opt/airflow/dags/ETL.py for tasks to queue
[2025-12-08T15:24:04.775+0000] {logging_mixin.py:190} INFO - [2025-12-08T15:24:04.774+0000] {dagbag.py:588} INFO - Filling up the DagBag from /opt/airflow/dags/ETL.py
[2025-12-08T15:24:04.829+0000] {processor.py:925} INFO - DAG(s) 'ETL_process' retrieved from /opt/airflow/dags/ETL.py
[2025-12-08T15:24:04.871+0000] {logging_mixin.py:190} INFO - [2025-12-08T15:24:04.871+0000] {dag.py:3239} INFO - Sync 1 DAGs
[2025-12-08T15:24:04.888+0000] {logging_mixin.py:190} INFO - [2025-12-08T15:24:04.888+0000] {dag.py:4180} INFO - Setting next_dagrun for ETL_process to None, run_after=None
[2025-12-08T15:24:04.913+0000] {processor.py:208} INFO - Processing /opt/airflow/dags/ETL.py took 0.155 seconds
[2025-12-08T15:24:35.209+0000] {processor.py:186} INFO - Started process (PID=1653) to work on /opt/airflow/dags/ETL.py
[2025-12-08T15:24:35.212+0000] {processor.py:914} INFO - Processing file /opt/airflow/dags/ETL.py for tasks to queue
[2025-12-08T15:24:35.219+0000] {logging_mixin.py:190} INFO - [2025-12-08T15:24:35.217+0000] {dagbag.py:588} INFO - Filling up the DagBag from /opt/airflow/dags/ETL.py
[2025-12-08T15:24:35.277+0000] {processor.py:925} INFO - DAG(s) 'ETL_process' retrieved from /opt/airflow/dags/ETL.py
[2025-12-08T15:24:35.360+0000] {logging_mixin.py:190} INFO - [2025-12-08T15:24:35.359+0000] {dag.py:3239} INFO - Sync 1 DAGs
[2025-12-08T15:24:35.393+0000] {logging_mixin.py:190} INFO - [2025-12-08T15:24:35.392+0000] {dag.py:4180} INFO - Setting next_dagrun for ETL_process to None, run_after=None
[2025-12-08T15:24:35.442+0000] {processor.py:208} INFO - Processing /opt/airflow/dags/ETL.py took 0.253 seconds
[2025-12-08T15:25:05.674+0000] {processor.py:186} INFO - Started process (PID=1663) to work on /opt/airflow/dags/ETL.py
[2025-12-08T15:25:05.676+0000] {processor.py:914} INFO - Processing file /opt/airflow/dags/ETL.py for tasks to queue
[2025-12-08T15:25:05.685+0000] {logging_mixin.py:190} INFO - [2025-12-08T15:25:05.683+0000] {dagbag.py:588} INFO - Filling up the DagBag from /opt/airflow/dags/ETL.py
[2025-12-08T15:25:05.743+0000] {processor.py:925} INFO - DAG(s) 'ETL_process' retrieved from /opt/airflow/dags/ETL.py
[2025-12-08T15:25:05.831+0000] {logging_mixin.py:190} INFO - [2025-12-08T15:25:05.830+0000] {dag.py:3239} INFO - Sync 1 DAGs
[2025-12-08T15:25:05.870+0000] {logging_mixin.py:190} INFO - [2025-12-08T15:25:05.870+0000] {dag.py:4180} INFO - Setting next_dagrun for ETL_process to None, run_after=None
[2025-12-08T15:25:05.923+0000] {processor.py:208} INFO - Processing /opt/airflow/dags/ETL.py took 0.270 seconds
[2025-12-08T15:25:36.413+0000] {processor.py:186} INFO - Started process (PID=1673) to work on /opt/airflow/dags/ETL.py
[2025-12-08T15:25:36.415+0000] {processor.py:914} INFO - Processing file /opt/airflow/dags/ETL.py for tasks to queue
[2025-12-08T15:25:36.426+0000] {logging_mixin.py:190} INFO - [2025-12-08T15:25:36.423+0000] {dagbag.py:588} INFO - Filling up the DagBag from /opt/airflow/dags/ETL.py
[2025-12-08T15:25:36.488+0000] {processor.py:925} INFO - DAG(s) 'ETL_process' retrieved from /opt/airflow/dags/ETL.py
[2025-12-08T15:25:36.621+0000] {logging_mixin.py:190} INFO - [2025-12-08T15:25:36.620+0000] {dag.py:3239} INFO - Sync 1 DAGs
[2025-12-08T15:25:36.657+0000] {logging_mixin.py:190} INFO - [2025-12-08T15:25:36.656+0000] {dag.py:4180} INFO - Setting next_dagrun for ETL_process to None, run_after=None
[2025-12-08T15:25:36.712+0000] {processor.py:208} INFO - Processing /opt/airflow/dags/ETL.py took 0.336 seconds
[2025-12-08T15:26:06.947+0000] {processor.py:186} INFO - Started process (PID=1683) to work on /opt/airflow/dags/ETL.py
[2025-12-08T15:26:06.952+0000] {processor.py:914} INFO - Processing file /opt/airflow/dags/ETL.py for tasks to queue
[2025-12-08T15:26:06.960+0000] {logging_mixin.py:190} INFO - [2025-12-08T15:26:06.957+0000] {dagbag.py:588} INFO - Filling up the DagBag from /opt/airflow/dags/ETL.py
[2025-12-08T15:26:07.262+0000] {processor.py:925} INFO - DAG(s) 'ETL_process' retrieved from /opt/airflow/dags/ETL.py
[2025-12-08T15:26:34.467+0000] {logging_mixin.py:190} INFO - [2025-12-08T15:26:34.461+0000] {dag.py:3239} INFO - Sync 1 DAGs
[2025-12-08T15:26:34.602+0000] {logging_mixin.py:190} INFO - [2025-12-08T15:26:34.601+0000] {dag.py:4180} INFO - Setting next_dagrun for ETL_process to None, run_after=None
[2025-12-08T15:26:34.662+0000] {processor.py:208} INFO - Processing /opt/airflow/dags/ETL.py took 27.737 seconds
[2025-12-08T15:27:05.564+0000] {processor.py:186} INFO - Started process (PID=1693) to work on /opt/airflow/dags/ETL.py
[2025-12-08T15:27:05.567+0000] {processor.py:914} INFO - Processing file /opt/airflow/dags/ETL.py for tasks to queue
[2025-12-08T15:27:05.598+0000] {logging_mixin.py:190} INFO - [2025-12-08T15:27:05.593+0000] {dagbag.py:588} INFO - Filling up the DagBag from /opt/airflow/dags/ETL.py
[2025-12-08T15:27:05.658+0000] {processor.py:925} INFO - DAG(s) 'ETL_process' retrieved from /opt/airflow/dags/ETL.py
[2025-12-08T15:27:06.898+0000] {logging_mixin.py:190} INFO - [2025-12-08T15:27:06.887+0000] {dag.py:3239} INFO - Sync 1 DAGs
[2025-12-08T15:27:07.107+0000] {logging_mixin.py:190} INFO - [2025-12-08T15:27:07.095+0000] {dag.py:4180} INFO - Setting next_dagrun for ETL_process to None, run_after=None
[2025-12-08T15:27:07.276+0000] {processor.py:208} INFO - Processing /opt/airflow/dags/ETL.py took 2.038 seconds
[2025-12-08T15:27:37.648+0000] {processor.py:186} INFO - Started process (PID=1703) to work on /opt/airflow/dags/ETL.py
[2025-12-08T15:27:37.654+0000] {processor.py:914} INFO - Processing file /opt/airflow/dags/ETL.py for tasks to queue
[2025-12-08T15:27:37.671+0000] {logging_mixin.py:190} INFO - [2025-12-08T15:27:37.668+0000] {dagbag.py:588} INFO - Filling up the DagBag from /opt/airflow/dags/ETL.py
[2025-12-08T15:27:37.857+0000] {processor.py:925} INFO - DAG(s) 'ETL_process' retrieved from /opt/airflow/dags/ETL.py
[2025-12-08T15:27:38.558+0000] {logging_mixin.py:190} INFO - [2025-12-08T15:27:38.539+0000] {dag.py:3239} INFO - Sync 1 DAGs
[2025-12-08T15:27:38.639+0000] {logging_mixin.py:190} INFO - [2025-12-08T15:27:38.637+0000] {dag.py:4180} INFO - Setting next_dagrun for ETL_process to None, run_after=None
[2025-12-08T15:27:38.829+0000] {processor.py:208} INFO - Processing /opt/airflow/dags/ETL.py took 1.215 seconds
[2025-12-08T15:28:09.511+0000] {processor.py:186} INFO - Started process (PID=1713) to work on /opt/airflow/dags/ETL.py
[2025-12-08T15:28:09.513+0000] {processor.py:914} INFO - Processing file /opt/airflow/dags/ETL.py for tasks to queue
[2025-12-08T15:28:09.522+0000] {logging_mixin.py:190} INFO - [2025-12-08T15:28:09.518+0000] {dagbag.py:588} INFO - Filling up the DagBag from /opt/airflow/dags/ETL.py
[2025-12-08T15:28:09.716+0000] {processor.py:925} INFO - DAG(s) 'ETL_process' retrieved from /opt/airflow/dags/ETL.py
[2025-12-08T15:28:41.128+0000] {processor.py:211} ERROR - Got an exception! Propagating...
Traceback (most recent call last):
  File "/home/airflow/.local/lib/python3.12/site-packages/sqlalchemy/engine/base.py", line 3371, in _wrap_pool_connect
    return fn()
           ^^^^
  File "/home/airflow/.local/lib/python3.12/site-packages/sqlalchemy/pool/base.py", line 327, in connect
    return _ConnectionFairy._checkout(self)
           ^^^^^^^^^^^^^^^^^^^^^^^^^^^^^^^^
  File "/home/airflow/.local/lib/python3.12/site-packages/sqlalchemy/pool/base.py", line 894, in _checkout
    fairy = _ConnectionRecord.checkout(pool)
            ^^^^^^^^^^^^^^^^^^^^^^^^^^^^^^^^
  File "/home/airflow/.local/lib/python3.12/site-packages/sqlalchemy/pool/base.py", line 493, in checkout
    rec = pool._do_get()
          ^^^^^^^^^^^^^^
  File "/home/airflow/.local/lib/python3.12/site-packages/sqlalchemy/pool/impl.py", line 145, in _do_get
    with util.safe_reraise():
         ^^^^^^^^^^^^^^^^^^^
  File "/home/airflow/.local/lib/python3.12/site-packages/sqlalchemy/util/langhelpers.py", line 70, in __exit__
    compat.raise_(
  File "/home/airflow/.local/lib/python3.12/site-packages/sqlalchemy/util/compat.py", line 211, in raise_
    raise exception
  File "/home/airflow/.local/lib/python3.12/site-packages/sqlalchemy/pool/impl.py", line 143, in _do_get
    return self._create_connection()
           ^^^^^^^^^^^^^^^^^^^^^^^^^
  File "/home/airflow/.local/lib/python3.12/site-packages/sqlalchemy/pool/base.py", line 273, in _create_connection
    return _ConnectionRecord(self)
           ^^^^^^^^^^^^^^^^^^^^^^^
  File "/home/airflow/.local/lib/python3.12/site-packages/sqlalchemy/pool/base.py", line 388, in __init__
    self.__connect()
  File "/home/airflow/.local/lib/python3.12/site-packages/sqlalchemy/pool/base.py", line 690, in __connect
    with util.safe_reraise():
         ^^^^^^^^^^^^^^^^^^^
  File "/home/airflow/.local/lib/python3.12/site-packages/sqlalchemy/util/langhelpers.py", line 70, in __exit__
    compat.raise_(
  File "/home/airflow/.local/lib/python3.12/site-packages/sqlalchemy/util/compat.py", line 211, in raise_
    raise exception
  File "/home/airflow/.local/lib/python3.12/site-packages/sqlalchemy/pool/base.py", line 686, in __connect
    self.dbapi_connection = connection = pool._invoke_creator(self)
                                         ^^^^^^^^^^^^^^^^^^^^^^^^^^
  File "/home/airflow/.local/lib/python3.12/site-packages/sqlalchemy/engine/create.py", line 574, in connect
    return dialect.connect(*cargs, **cparams)
           ^^^^^^^^^^^^^^^^^^^^^^^^^^^^^^^^^^
  File "/home/airflow/.local/lib/python3.12/site-packages/sqlalchemy/engine/default.py", line 598, in connect
    return self.dbapi.connect(*cargs, **cparams)
           ^^^^^^^^^^^^^^^^^^^^^^^^^^^^^^^^^^^^^
  File "/home/airflow/.local/lib/python3.12/site-packages/psycopg2/__init__.py", line 122, in connect
    conn = _connect(dsn, connection_factory=connection_factory, **kwasync)
           ^^^^^^^^^^^^^^^^^^^^^^^^^^^^^^^^^^^^^^^^^^^^^^^^^^^^^^^^^^^^^^^
psycopg2.OperationalError: could not translate host name "postgres_source" to address: Temporary failure in name resolution


The above exception was the direct cause of the following exception:

Traceback (most recent call last):
  File "/home/airflow/.local/lib/python3.12/site-packages/airflow/dag_processing/processor.py", line 207, in _run_file_processor
    _handle_dag_file_processing()
  File "/home/airflow/.local/lib/python3.12/site-packages/airflow/dag_processing/processor.py", line 188, in _handle_dag_file_processing
    result: tuple[int, int, int] = dag_file_processor.process_file(
                                   ^^^^^^^^^^^^^^^^^^^^^^^^^^^^^^^^
  File "/home/airflow/.local/lib/python3.12/site-packages/airflow/utils/session.py", line 97, in wrapper
    return func(*args, session=session, **kwargs)
           ^^^^^^^^^^^^^^^^^^^^^^^^^^^^^^^^^^^^^^
  File "/home/airflow/.local/lib/python3.12/site-packages/airflow/dag_processing/processor.py", line 942, in process_file
    serialize_errors = DagFileProcessor.save_dag_to_db(
                       ^^^^^^^^^^^^^^^^^^^^^^^^^^^^^^^^
  File "/home/airflow/.local/lib/python3.12/site-packages/airflow/api_internal/internal_api_call.py", line 166, in wrapper
    return func(*args, **kwargs)
           ^^^^^^^^^^^^^^^^^^^^^
  File "/home/airflow/.local/lib/python3.12/site-packages/airflow/utils/session.py", line 97, in wrapper
    return func(*args, session=session, **kwargs)
           ^^^^^^^^^^^^^^^^^^^^^^^^^^^^^^^^^^^^^^
  File "/home/airflow/.local/lib/python3.12/site-packages/airflow/dag_processing/processor.py", line 982, in save_dag_to_db
    import_errors = DagBag._sync_to_db(dags=dags, processor_subdir=dag_directory, session=session)
                    ^^^^^^^^^^^^^^^^^^^^^^^^^^^^^^^^^^^^^^^^^^^^^^^^^^^^^^^^^^^^^^^^^^^^^^^^^^^^^^
  File "/home/airflow/.local/lib/python3.12/site-packages/airflow/utils/session.py", line 94, in wrapper
    return func(*args, **kwargs)
           ^^^^^^^^^^^^^^^^^^^^^
  File "/home/airflow/.local/lib/python3.12/site-packages/airflow/models/dagbag.py", line 708, in _sync_to_db
    for attempt in run_with_db_retries(logger=log):
                   ^^^^^^^^^^^^^^^^^^^^^^^^^^^^^^^
  File "/home/airflow/.local/lib/python3.12/site-packages/tenacity/__init__.py", line 445, in __iter__
    do = self.iter(retry_state=retry_state)
         ^^^^^^^^^^^^^^^^^^^^^^^^^^^^^^^^^^
  File "/home/airflow/.local/lib/python3.12/site-packages/tenacity/__init__.py", line 378, in iter
    result = action(retry_state)
             ^^^^^^^^^^^^^^^^^^^
  File "/home/airflow/.local/lib/python3.12/site-packages/tenacity/__init__.py", line 420, in exc_check
    raise retry_exc.reraise()
          ^^^^^^^^^^^^^^^^^^^
  File "/home/airflow/.local/lib/python3.12/site-packages/tenacity/__init__.py", line 187, in reraise
    raise self.last_attempt.result()
          ^^^^^^^^^^^^^^^^^^^^^^^^^^
  File "/usr/local/lib/python3.12/concurrent/futures/_base.py", line 449, in result
    return self.__get_result()
           ^^^^^^^^^^^^^^^^^^^
  File "/usr/local/lib/python3.12/concurrent/futures/_base.py", line 401, in __get_result
    raise self._exception
  File "/home/airflow/.local/lib/python3.12/site-packages/airflow/models/dagbag.py", line 721, in _sync_to_db
    _serialize_dag_capturing_errors(dag, session, processor_subdir)
  File "/home/airflow/.local/lib/python3.12/site-packages/airflow/models/dagbag.py", line 686, in _serialize_dag_capturing_errors
    dag_was_updated = SerializedDagModel.write_dag(
                      ^^^^^^^^^^^^^^^^^^^^^^^^^^^^^
  File "/home/airflow/.local/lib/python3.12/site-packages/airflow/utils/session.py", line 94, in wrapper
    return func(*args, **kwargs)
           ^^^^^^^^^^^^^^^^^^^^^
  File "/home/airflow/.local/lib/python3.12/site-packages/airflow/models/serialized_dag.py", line 160, in write_dag
    if session.scalar(
       ^^^^^^^^^^^^^^^
  File "/home/airflow/.local/lib/python3.12/site-packages/sqlalchemy/orm/session.py", line 1747, in scalar
    return self.execute(
           ^^^^^^^^^^^^^
  File "/home/airflow/.local/lib/python3.12/site-packages/sqlalchemy/orm/session.py", line 1716, in execute
    conn = self._connection_for_bind(bind)
           ^^^^^^^^^^^^^^^^^^^^^^^^^^^^^^^
  File "/home/airflow/.local/lib/python3.12/site-packages/sqlalchemy/orm/session.py", line 1555, in _connection_for_bind
    return self._transaction._connection_for_bind(
           ^^^^^^^^^^^^^^^^^^^^^^^^^^^^^^^^^^^^^^^
  File "/home/airflow/.local/lib/python3.12/site-packages/sqlalchemy/orm/session.py", line 750, in _connection_for_bind
    conn = bind.connect()
           ^^^^^^^^^^^^^^
  File "/home/airflow/.local/lib/python3.12/site-packages/sqlalchemy/future/engine.py", line 412, in connect
    return super(Engine, self).connect()
           ^^^^^^^^^^^^^^^^^^^^^^^^^^^^^
  File "/home/airflow/.local/lib/python3.12/site-packages/sqlalchemy/engine/base.py", line 3325, in connect
    return self._connection_cls(self, close_with_result=close_with_result)
           ^^^^^^^^^^^^^^^^^^^^^^^^^^^^^^^^^^^^^^^^^^^^^^^^^^^^^^^^^^^^^^^
  File "/home/airflow/.local/lib/python3.12/site-packages/sqlalchemy/engine/base.py", line 96, in __init__
    else engine.raw_connection()
         ^^^^^^^^^^^^^^^^^^^^^^^
  File "/home/airflow/.local/lib/python3.12/site-packages/sqlalchemy/engine/base.py", line 3404, in raw_connection
    return self._wrap_pool_connect(self.pool.connect, _connection)
           ^^^^^^^^^^^^^^^^^^^^^^^^^^^^^^^^^^^^^^^^^^^^^^^^^^^^^^^
  File "/home/airflow/.local/lib/python3.12/site-packages/sqlalchemy/engine/base.py", line 3374, in _wrap_pool_connect
    Connection._handle_dbapi_exception_noconnection(
  File "/home/airflow/.local/lib/python3.12/site-packages/sqlalchemy/engine/base.py", line 2208, in _handle_dbapi_exception_noconnection
    util.raise_(
  File "/home/airflow/.local/lib/python3.12/site-packages/sqlalchemy/util/compat.py", line 211, in raise_
    raise exception
  File "/home/airflow/.local/lib/python3.12/site-packages/sqlalchemy/engine/base.py", line 3371, in _wrap_pool_connect
    return fn()
           ^^^^
  File "/home/airflow/.local/lib/python3.12/site-packages/sqlalchemy/pool/base.py", line 327, in connect
    return _ConnectionFairy._checkout(self)
           ^^^^^^^^^^^^^^^^^^^^^^^^^^^^^^^^
  File "/home/airflow/.local/lib/python3.12/site-packages/sqlalchemy/pool/base.py", line 894, in _checkout
    fairy = _ConnectionRecord.checkout(pool)
            ^^^^^^^^^^^^^^^^^^^^^^^^^^^^^^^^
  File "/home/airflow/.local/lib/python3.12/site-packages/sqlalchemy/pool/base.py", line 493, in checkout
    rec = pool._do_get()
          ^^^^^^^^^^^^^^
  File "/home/airflow/.local/lib/python3.12/site-packages/sqlalchemy/pool/impl.py", line 145, in _do_get
    with util.safe_reraise():
         ^^^^^^^^^^^^^^^^^^^
  File "/home/airflow/.local/lib/python3.12/site-packages/sqlalchemy/util/langhelpers.py", line 70, in __exit__
    compat.raise_(
  File "/home/airflow/.local/lib/python3.12/site-packages/sqlalchemy/util/compat.py", line 211, in raise_
    raise exception
  File "/home/airflow/.local/lib/python3.12/site-packages/sqlalchemy/pool/impl.py", line 143, in _do_get
    return self._create_connection()
           ^^^^^^^^^^^^^^^^^^^^^^^^^
  File "/home/airflow/.local/lib/python3.12/site-packages/sqlalchemy/pool/base.py", line 273, in _create_connection
    return _ConnectionRecord(self)
           ^^^^^^^^^^^^^^^^^^^^^^^
  File "/home/airflow/.local/lib/python3.12/site-packages/sqlalchemy/pool/base.py", line 388, in __init__
    self.__connect()
  File "/home/airflow/.local/lib/python3.12/site-packages/sqlalchemy/pool/base.py", line 690, in __connect
    with util.safe_reraise():
         ^^^^^^^^^^^^^^^^^^^
  File "/home/airflow/.local/lib/python3.12/site-packages/sqlalchemy/util/langhelpers.py", line 70, in __exit__
    compat.raise_(
  File "/home/airflow/.local/lib/python3.12/site-packages/sqlalchemy/util/compat.py", line 211, in raise_
    raise exception
  File "/home/airflow/.local/lib/python3.12/site-packages/sqlalchemy/pool/base.py", line 686, in __connect
    self.dbapi_connection = connection = pool._invoke_creator(self)
                                         ^^^^^^^^^^^^^^^^^^^^^^^^^^
  File "/home/airflow/.local/lib/python3.12/site-packages/sqlalchemy/engine/create.py", line 574, in connect
    return dialect.connect(*cargs, **cparams)
           ^^^^^^^^^^^^^^^^^^^^^^^^^^^^^^^^^^
  File "/home/airflow/.local/lib/python3.12/site-packages/sqlalchemy/engine/default.py", line 598, in connect
    return self.dbapi.connect(*cargs, **cparams)
           ^^^^^^^^^^^^^^^^^^^^^^^^^^^^^^^^^^^^^
  File "/home/airflow/.local/lib/python3.12/site-packages/psycopg2/__init__.py", line 122, in connect
    conn = _connect(dsn, connection_factory=connection_factory, **kwasync)
           ^^^^^^^^^^^^^^^^^^^^^^^^^^^^^^^^^^^^^^^^^^^^^^^^^^^^^^^^^^^^^^^
sqlalchemy.exc.OperationalError: (psycopg2.OperationalError) could not translate host name "postgres_source" to address: Temporary failure in name resolution

(Background on this error at: https://sqlalche.me/e/14/e3q8)
[2025-12-08T15:29:11.497+0000] {processor.py:186} INFO - Started process (PID=1726) to work on /opt/airflow/dags/ETL.py
[2025-12-08T15:29:11.503+0000] {processor.py:914} INFO - Processing file /opt/airflow/dags/ETL.py for tasks to queue
[2025-12-08T15:29:11.519+0000] {logging_mixin.py:190} INFO - [2025-12-08T15:29:11.512+0000] {dagbag.py:588} INFO - Filling up the DagBag from /opt/airflow/dags/ETL.py
[2025-12-08T15:29:11.912+0000] {processor.py:925} INFO - DAG(s) 'ETL_process' retrieved from /opt/airflow/dags/ETL.py
[2025-12-08T15:29:42.772+0000] {processor.py:211} ERROR - Got an exception! Propagating...
Traceback (most recent call last):
  File "/home/airflow/.local/lib/python3.12/site-packages/sqlalchemy/engine/base.py", line 3371, in _wrap_pool_connect
    return fn()
           ^^^^
  File "/home/airflow/.local/lib/python3.12/site-packages/sqlalchemy/pool/base.py", line 327, in connect
    return _ConnectionFairy._checkout(self)
           ^^^^^^^^^^^^^^^^^^^^^^^^^^^^^^^^
  File "/home/airflow/.local/lib/python3.12/site-packages/sqlalchemy/pool/base.py", line 894, in _checkout
    fairy = _ConnectionRecord.checkout(pool)
            ^^^^^^^^^^^^^^^^^^^^^^^^^^^^^^^^
  File "/home/airflow/.local/lib/python3.12/site-packages/sqlalchemy/pool/base.py", line 493, in checkout
    rec = pool._do_get()
          ^^^^^^^^^^^^^^
  File "/home/airflow/.local/lib/python3.12/site-packages/sqlalchemy/pool/impl.py", line 145, in _do_get
    with util.safe_reraise():
         ^^^^^^^^^^^^^^^^^^^
  File "/home/airflow/.local/lib/python3.12/site-packages/sqlalchemy/util/langhelpers.py", line 70, in __exit__
    compat.raise_(
  File "/home/airflow/.local/lib/python3.12/site-packages/sqlalchemy/util/compat.py", line 211, in raise_
    raise exception
  File "/home/airflow/.local/lib/python3.12/site-packages/sqlalchemy/pool/impl.py", line 143, in _do_get
    return self._create_connection()
           ^^^^^^^^^^^^^^^^^^^^^^^^^
  File "/home/airflow/.local/lib/python3.12/site-packages/sqlalchemy/pool/base.py", line 273, in _create_connection
    return _ConnectionRecord(self)
           ^^^^^^^^^^^^^^^^^^^^^^^
  File "/home/airflow/.local/lib/python3.12/site-packages/sqlalchemy/pool/base.py", line 388, in __init__
    self.__connect()
  File "/home/airflow/.local/lib/python3.12/site-packages/sqlalchemy/pool/base.py", line 690, in __connect
    with util.safe_reraise():
         ^^^^^^^^^^^^^^^^^^^
  File "/home/airflow/.local/lib/python3.12/site-packages/sqlalchemy/util/langhelpers.py", line 70, in __exit__
    compat.raise_(
  File "/home/airflow/.local/lib/python3.12/site-packages/sqlalchemy/util/compat.py", line 211, in raise_
    raise exception
  File "/home/airflow/.local/lib/python3.12/site-packages/sqlalchemy/pool/base.py", line 686, in __connect
    self.dbapi_connection = connection = pool._invoke_creator(self)
                                         ^^^^^^^^^^^^^^^^^^^^^^^^^^
  File "/home/airflow/.local/lib/python3.12/site-packages/sqlalchemy/engine/create.py", line 574, in connect
    return dialect.connect(*cargs, **cparams)
           ^^^^^^^^^^^^^^^^^^^^^^^^^^^^^^^^^^
  File "/home/airflow/.local/lib/python3.12/site-packages/sqlalchemy/engine/default.py", line 598, in connect
    return self.dbapi.connect(*cargs, **cparams)
           ^^^^^^^^^^^^^^^^^^^^^^^^^^^^^^^^^^^^^
  File "/home/airflow/.local/lib/python3.12/site-packages/psycopg2/__init__.py", line 122, in connect
    conn = _connect(dsn, connection_factory=connection_factory, **kwasync)
           ^^^^^^^^^^^^^^^^^^^^^^^^^^^^^^^^^^^^^^^^^^^^^^^^^^^^^^^^^^^^^^^
psycopg2.OperationalError: could not translate host name "postgres_source" to address: Temporary failure in name resolution


The above exception was the direct cause of the following exception:

Traceback (most recent call last):
  File "/home/airflow/.local/lib/python3.12/site-packages/airflow/dag_processing/processor.py", line 207, in _run_file_processor
    _handle_dag_file_processing()
  File "/home/airflow/.local/lib/python3.12/site-packages/airflow/dag_processing/processor.py", line 188, in _handle_dag_file_processing
    result: tuple[int, int, int] = dag_file_processor.process_file(
                                   ^^^^^^^^^^^^^^^^^^^^^^^^^^^^^^^^
  File "/home/airflow/.local/lib/python3.12/site-packages/airflow/utils/session.py", line 97, in wrapper
    return func(*args, session=session, **kwargs)
           ^^^^^^^^^^^^^^^^^^^^^^^^^^^^^^^^^^^^^^
  File "/home/airflow/.local/lib/python3.12/site-packages/airflow/dag_processing/processor.py", line 942, in process_file
    serialize_errors = DagFileProcessor.save_dag_to_db(
                       ^^^^^^^^^^^^^^^^^^^^^^^^^^^^^^^^
  File "/home/airflow/.local/lib/python3.12/site-packages/airflow/api_internal/internal_api_call.py", line 166, in wrapper
    return func(*args, **kwargs)
           ^^^^^^^^^^^^^^^^^^^^^
  File "/home/airflow/.local/lib/python3.12/site-packages/airflow/utils/session.py", line 97, in wrapper
    return func(*args, session=session, **kwargs)
           ^^^^^^^^^^^^^^^^^^^^^^^^^^^^^^^^^^^^^^
  File "/home/airflow/.local/lib/python3.12/site-packages/airflow/dag_processing/processor.py", line 982, in save_dag_to_db
    import_errors = DagBag._sync_to_db(dags=dags, processor_subdir=dag_directory, session=session)
                    ^^^^^^^^^^^^^^^^^^^^^^^^^^^^^^^^^^^^^^^^^^^^^^^^^^^^^^^^^^^^^^^^^^^^^^^^^^^^^^
  File "/home/airflow/.local/lib/python3.12/site-packages/airflow/utils/session.py", line 94, in wrapper
    return func(*args, **kwargs)
           ^^^^^^^^^^^^^^^^^^^^^
  File "/home/airflow/.local/lib/python3.12/site-packages/airflow/models/dagbag.py", line 708, in _sync_to_db
    for attempt in run_with_db_retries(logger=log):
                   ^^^^^^^^^^^^^^^^^^^^^^^^^^^^^^^
  File "/home/airflow/.local/lib/python3.12/site-packages/tenacity/__init__.py", line 445, in __iter__
    do = self.iter(retry_state=retry_state)
         ^^^^^^^^^^^^^^^^^^^^^^^^^^^^^^^^^^
  File "/home/airflow/.local/lib/python3.12/site-packages/tenacity/__init__.py", line 378, in iter
    result = action(retry_state)
             ^^^^^^^^^^^^^^^^^^^
  File "/home/airflow/.local/lib/python3.12/site-packages/tenacity/__init__.py", line 420, in exc_check
    raise retry_exc.reraise()
          ^^^^^^^^^^^^^^^^^^^
  File "/home/airflow/.local/lib/python3.12/site-packages/tenacity/__init__.py", line 187, in reraise
    raise self.last_attempt.result()
          ^^^^^^^^^^^^^^^^^^^^^^^^^^
  File "/usr/local/lib/python3.12/concurrent/futures/_base.py", line 449, in result
    return self.__get_result()
           ^^^^^^^^^^^^^^^^^^^
  File "/usr/local/lib/python3.12/concurrent/futures/_base.py", line 401, in __get_result
    raise self._exception
  File "/home/airflow/.local/lib/python3.12/site-packages/airflow/models/dagbag.py", line 721, in _sync_to_db
    _serialize_dag_capturing_errors(dag, session, processor_subdir)
  File "/home/airflow/.local/lib/python3.12/site-packages/airflow/models/dagbag.py", line 686, in _serialize_dag_capturing_errors
    dag_was_updated = SerializedDagModel.write_dag(
                      ^^^^^^^^^^^^^^^^^^^^^^^^^^^^^
  File "/home/airflow/.local/lib/python3.12/site-packages/airflow/utils/session.py", line 94, in wrapper
    return func(*args, **kwargs)
           ^^^^^^^^^^^^^^^^^^^^^
  File "/home/airflow/.local/lib/python3.12/site-packages/airflow/models/serialized_dag.py", line 160, in write_dag
    if session.scalar(
       ^^^^^^^^^^^^^^^
  File "/home/airflow/.local/lib/python3.12/site-packages/sqlalchemy/orm/session.py", line 1747, in scalar
    return self.execute(
           ^^^^^^^^^^^^^
  File "/home/airflow/.local/lib/python3.12/site-packages/sqlalchemy/orm/session.py", line 1716, in execute
    conn = self._connection_for_bind(bind)
           ^^^^^^^^^^^^^^^^^^^^^^^^^^^^^^^
  File "/home/airflow/.local/lib/python3.12/site-packages/sqlalchemy/orm/session.py", line 1555, in _connection_for_bind
    return self._transaction._connection_for_bind(
           ^^^^^^^^^^^^^^^^^^^^^^^^^^^^^^^^^^^^^^^
  File "/home/airflow/.local/lib/python3.12/site-packages/sqlalchemy/orm/session.py", line 750, in _connection_for_bind
    conn = bind.connect()
           ^^^^^^^^^^^^^^
  File "/home/airflow/.local/lib/python3.12/site-packages/sqlalchemy/future/engine.py", line 412, in connect
    return super(Engine, self).connect()
           ^^^^^^^^^^^^^^^^^^^^^^^^^^^^^
  File "/home/airflow/.local/lib/python3.12/site-packages/sqlalchemy/engine/base.py", line 3325, in connect
    return self._connection_cls(self, close_with_result=close_with_result)
           ^^^^^^^^^^^^^^^^^^^^^^^^^^^^^^^^^^^^^^^^^^^^^^^^^^^^^^^^^^^^^^^
  File "/home/airflow/.local/lib/python3.12/site-packages/sqlalchemy/engine/base.py", line 96, in __init__
    else engine.raw_connection()
         ^^^^^^^^^^^^^^^^^^^^^^^
  File "/home/airflow/.local/lib/python3.12/site-packages/sqlalchemy/engine/base.py", line 3404, in raw_connection
    return self._wrap_pool_connect(self.pool.connect, _connection)
           ^^^^^^^^^^^^^^^^^^^^^^^^^^^^^^^^^^^^^^^^^^^^^^^^^^^^^^^
  File "/home/airflow/.local/lib/python3.12/site-packages/sqlalchemy/engine/base.py", line 3374, in _wrap_pool_connect
    Connection._handle_dbapi_exception_noconnection(
  File "/home/airflow/.local/lib/python3.12/site-packages/sqlalchemy/engine/base.py", line 2208, in _handle_dbapi_exception_noconnection
    util.raise_(
  File "/home/airflow/.local/lib/python3.12/site-packages/sqlalchemy/util/compat.py", line 211, in raise_
    raise exception
  File "/home/airflow/.local/lib/python3.12/site-packages/sqlalchemy/engine/base.py", line 3371, in _wrap_pool_connect
    return fn()
           ^^^^
  File "/home/airflow/.local/lib/python3.12/site-packages/sqlalchemy/pool/base.py", line 327, in connect
    return _ConnectionFairy._checkout(self)
           ^^^^^^^^^^^^^^^^^^^^^^^^^^^^^^^^
  File "/home/airflow/.local/lib/python3.12/site-packages/sqlalchemy/pool/base.py", line 894, in _checkout
    fairy = _ConnectionRecord.checkout(pool)
            ^^^^^^^^^^^^^^^^^^^^^^^^^^^^^^^^
  File "/home/airflow/.local/lib/python3.12/site-packages/sqlalchemy/pool/base.py", line 493, in checkout
    rec = pool._do_get()
          ^^^^^^^^^^^^^^
  File "/home/airflow/.local/lib/python3.12/site-packages/sqlalchemy/pool/impl.py", line 145, in _do_get
    with util.safe_reraise():
         ^^^^^^^^^^^^^^^^^^^
  File "/home/airflow/.local/lib/python3.12/site-packages/sqlalchemy/util/langhelpers.py", line 70, in __exit__
    compat.raise_(
  File "/home/airflow/.local/lib/python3.12/site-packages/sqlalchemy/util/compat.py", line 211, in raise_
    raise exception
  File "/home/airflow/.local/lib/python3.12/site-packages/sqlalchemy/pool/impl.py", line 143, in _do_get
    return self._create_connection()
           ^^^^^^^^^^^^^^^^^^^^^^^^^
  File "/home/airflow/.local/lib/python3.12/site-packages/sqlalchemy/pool/base.py", line 273, in _create_connection
    return _ConnectionRecord(self)
           ^^^^^^^^^^^^^^^^^^^^^^^
  File "/home/airflow/.local/lib/python3.12/site-packages/sqlalchemy/pool/base.py", line 388, in __init__
    self.__connect()
  File "/home/airflow/.local/lib/python3.12/site-packages/sqlalchemy/pool/base.py", line 690, in __connect
    with util.safe_reraise():
         ^^^^^^^^^^^^^^^^^^^
  File "/home/airflow/.local/lib/python3.12/site-packages/sqlalchemy/util/langhelpers.py", line 70, in __exit__
    compat.raise_(
  File "/home/airflow/.local/lib/python3.12/site-packages/sqlalchemy/util/compat.py", line 211, in raise_
    raise exception
  File "/home/airflow/.local/lib/python3.12/site-packages/sqlalchemy/pool/base.py", line 686, in __connect
    self.dbapi_connection = connection = pool._invoke_creator(self)
                                         ^^^^^^^^^^^^^^^^^^^^^^^^^^
  File "/home/airflow/.local/lib/python3.12/site-packages/sqlalchemy/engine/create.py", line 574, in connect
    return dialect.connect(*cargs, **cparams)
           ^^^^^^^^^^^^^^^^^^^^^^^^^^^^^^^^^^
  File "/home/airflow/.local/lib/python3.12/site-packages/sqlalchemy/engine/default.py", line 598, in connect
    return self.dbapi.connect(*cargs, **cparams)
           ^^^^^^^^^^^^^^^^^^^^^^^^^^^^^^^^^^^^^
  File "/home/airflow/.local/lib/python3.12/site-packages/psycopg2/__init__.py", line 122, in connect
    conn = _connect(dsn, connection_factory=connection_factory, **kwasync)
           ^^^^^^^^^^^^^^^^^^^^^^^^^^^^^^^^^^^^^^^^^^^^^^^^^^^^^^^^^^^^^^^
sqlalchemy.exc.OperationalError: (psycopg2.OperationalError) could not translate host name "postgres_source" to address: Temporary failure in name resolution

(Background on this error at: https://sqlalche.me/e/14/e3q8)
[2025-12-08T15:30:13.683+0000] {processor.py:186} INFO - Started process (PID=1733) to work on /opt/airflow/dags/ETL.py
[2025-12-08T15:30:13.745+0000] {processor.py:914} INFO - Processing file /opt/airflow/dags/ETL.py for tasks to queue
[2025-12-08T15:30:13.901+0000] {logging_mixin.py:190} INFO - [2025-12-08T15:30:13.842+0000] {dagbag.py:588} INFO - Filling up the DagBag from /opt/airflow/dags/ETL.py
[2025-12-08T15:30:14.297+0000] {processor.py:925} INFO - DAG(s) 'ETL_process' retrieved from /opt/airflow/dags/ETL.py
[2025-12-08T15:30:48.227+0000] {processor.py:211} ERROR - Got an exception! Propagating...
Traceback (most recent call last):
  File "/home/airflow/.local/lib/python3.12/site-packages/sqlalchemy/engine/base.py", line 3371, in _wrap_pool_connect
    return fn()
           ^^^^
  File "/home/airflow/.local/lib/python3.12/site-packages/sqlalchemy/pool/base.py", line 327, in connect
    return _ConnectionFairy._checkout(self)
           ^^^^^^^^^^^^^^^^^^^^^^^^^^^^^^^^
  File "/home/airflow/.local/lib/python3.12/site-packages/sqlalchemy/pool/base.py", line 894, in _checkout
    fairy = _ConnectionRecord.checkout(pool)
            ^^^^^^^^^^^^^^^^^^^^^^^^^^^^^^^^
  File "/home/airflow/.local/lib/python3.12/site-packages/sqlalchemy/pool/base.py", line 493, in checkout
    rec = pool._do_get()
          ^^^^^^^^^^^^^^
  File "/home/airflow/.local/lib/python3.12/site-packages/sqlalchemy/pool/impl.py", line 145, in _do_get
    with util.safe_reraise():
         ^^^^^^^^^^^^^^^^^^^
  File "/home/airflow/.local/lib/python3.12/site-packages/sqlalchemy/util/langhelpers.py", line 70, in __exit__
    compat.raise_(
  File "/home/airflow/.local/lib/python3.12/site-packages/sqlalchemy/util/compat.py", line 211, in raise_
    raise exception
  File "/home/airflow/.local/lib/python3.12/site-packages/sqlalchemy/pool/impl.py", line 143, in _do_get
    return self._create_connection()
           ^^^^^^^^^^^^^^^^^^^^^^^^^
  File "/home/airflow/.local/lib/python3.12/site-packages/sqlalchemy/pool/base.py", line 273, in _create_connection
    return _ConnectionRecord(self)
           ^^^^^^^^^^^^^^^^^^^^^^^
  File "/home/airflow/.local/lib/python3.12/site-packages/sqlalchemy/pool/base.py", line 388, in __init__
    self.__connect()
  File "/home/airflow/.local/lib/python3.12/site-packages/sqlalchemy/pool/base.py", line 690, in __connect
    with util.safe_reraise():
         ^^^^^^^^^^^^^^^^^^^
  File "/home/airflow/.local/lib/python3.12/site-packages/sqlalchemy/util/langhelpers.py", line 70, in __exit__
    compat.raise_(
  File "/home/airflow/.local/lib/python3.12/site-packages/sqlalchemy/util/compat.py", line 211, in raise_
    raise exception
  File "/home/airflow/.local/lib/python3.12/site-packages/sqlalchemy/pool/base.py", line 686, in __connect
    self.dbapi_connection = connection = pool._invoke_creator(self)
                                         ^^^^^^^^^^^^^^^^^^^^^^^^^^
  File "/home/airflow/.local/lib/python3.12/site-packages/sqlalchemy/engine/create.py", line 574, in connect
    return dialect.connect(*cargs, **cparams)
           ^^^^^^^^^^^^^^^^^^^^^^^^^^^^^^^^^^
  File "/home/airflow/.local/lib/python3.12/site-packages/sqlalchemy/engine/default.py", line 598, in connect
    return self.dbapi.connect(*cargs, **cparams)
           ^^^^^^^^^^^^^^^^^^^^^^^^^^^^^^^^^^^^^
  File "/home/airflow/.local/lib/python3.12/site-packages/psycopg2/__init__.py", line 122, in connect
    conn = _connect(dsn, connection_factory=connection_factory, **kwasync)
           ^^^^^^^^^^^^^^^^^^^^^^^^^^^^^^^^^^^^^^^^^^^^^^^^^^^^^^^^^^^^^^^
psycopg2.OperationalError: could not translate host name "postgres_source" to address: Temporary failure in name resolution


The above exception was the direct cause of the following exception:

Traceback (most recent call last):
  File "/home/airflow/.local/lib/python3.12/site-packages/airflow/dag_processing/processor.py", line 207, in _run_file_processor
    _handle_dag_file_processing()
  File "/home/airflow/.local/lib/python3.12/site-packages/airflow/dag_processing/processor.py", line 188, in _handle_dag_file_processing
    result: tuple[int, int, int] = dag_file_processor.process_file(
                                   ^^^^^^^^^^^^^^^^^^^^^^^^^^^^^^^^
  File "/home/airflow/.local/lib/python3.12/site-packages/airflow/utils/session.py", line 97, in wrapper
    return func(*args, session=session, **kwargs)
           ^^^^^^^^^^^^^^^^^^^^^^^^^^^^^^^^^^^^^^
  File "/home/airflow/.local/lib/python3.12/site-packages/airflow/dag_processing/processor.py", line 942, in process_file
    serialize_errors = DagFileProcessor.save_dag_to_db(
                       ^^^^^^^^^^^^^^^^^^^^^^^^^^^^^^^^
  File "/home/airflow/.local/lib/python3.12/site-packages/airflow/api_internal/internal_api_call.py", line 166, in wrapper
    return func(*args, **kwargs)
           ^^^^^^^^^^^^^^^^^^^^^
  File "/home/airflow/.local/lib/python3.12/site-packages/airflow/utils/session.py", line 97, in wrapper
    return func(*args, session=session, **kwargs)
           ^^^^^^^^^^^^^^^^^^^^^^^^^^^^^^^^^^^^^^
  File "/home/airflow/.local/lib/python3.12/site-packages/airflow/dag_processing/processor.py", line 982, in save_dag_to_db
    import_errors = DagBag._sync_to_db(dags=dags, processor_subdir=dag_directory, session=session)
                    ^^^^^^^^^^^^^^^^^^^^^^^^^^^^^^^^^^^^^^^^^^^^^^^^^^^^^^^^^^^^^^^^^^^^^^^^^^^^^^
  File "/home/airflow/.local/lib/python3.12/site-packages/airflow/utils/session.py", line 94, in wrapper
    return func(*args, **kwargs)
           ^^^^^^^^^^^^^^^^^^^^^
  File "/home/airflow/.local/lib/python3.12/site-packages/airflow/models/dagbag.py", line 708, in _sync_to_db
    for attempt in run_with_db_retries(logger=log):
                   ^^^^^^^^^^^^^^^^^^^^^^^^^^^^^^^
  File "/home/airflow/.local/lib/python3.12/site-packages/tenacity/__init__.py", line 445, in __iter__
    do = self.iter(retry_state=retry_state)
         ^^^^^^^^^^^^^^^^^^^^^^^^^^^^^^^^^^
  File "/home/airflow/.local/lib/python3.12/site-packages/tenacity/__init__.py", line 378, in iter
    result = action(retry_state)
             ^^^^^^^^^^^^^^^^^^^
  File "/home/airflow/.local/lib/python3.12/site-packages/tenacity/__init__.py", line 420, in exc_check
    raise retry_exc.reraise()
          ^^^^^^^^^^^^^^^^^^^
  File "/home/airflow/.local/lib/python3.12/site-packages/tenacity/__init__.py", line 187, in reraise
    raise self.last_attempt.result()
          ^^^^^^^^^^^^^^^^^^^^^^^^^^
  File "/usr/local/lib/python3.12/concurrent/futures/_base.py", line 449, in result
    return self.__get_result()
           ^^^^^^^^^^^^^^^^^^^
  File "/usr/local/lib/python3.12/concurrent/futures/_base.py", line 401, in __get_result
    raise self._exception
  File "/home/airflow/.local/lib/python3.12/site-packages/airflow/models/dagbag.py", line 721, in _sync_to_db
    _serialize_dag_capturing_errors(dag, session, processor_subdir)
  File "/home/airflow/.local/lib/python3.12/site-packages/airflow/models/dagbag.py", line 686, in _serialize_dag_capturing_errors
    dag_was_updated = SerializedDagModel.write_dag(
                      ^^^^^^^^^^^^^^^^^^^^^^^^^^^^^
  File "/home/airflow/.local/lib/python3.12/site-packages/airflow/utils/session.py", line 94, in wrapper
    return func(*args, **kwargs)
           ^^^^^^^^^^^^^^^^^^^^^
  File "/home/airflow/.local/lib/python3.12/site-packages/airflow/models/serialized_dag.py", line 160, in write_dag
    if session.scalar(
       ^^^^^^^^^^^^^^^
  File "/home/airflow/.local/lib/python3.12/site-packages/sqlalchemy/orm/session.py", line 1747, in scalar
    return self.execute(
           ^^^^^^^^^^^^^
  File "/home/airflow/.local/lib/python3.12/site-packages/sqlalchemy/orm/session.py", line 1716, in execute
    conn = self._connection_for_bind(bind)
           ^^^^^^^^^^^^^^^^^^^^^^^^^^^^^^^
  File "/home/airflow/.local/lib/python3.12/site-packages/sqlalchemy/orm/session.py", line 1555, in _connection_for_bind
    return self._transaction._connection_for_bind(
           ^^^^^^^^^^^^^^^^^^^^^^^^^^^^^^^^^^^^^^^
  File "/home/airflow/.local/lib/python3.12/site-packages/sqlalchemy/orm/session.py", line 750, in _connection_for_bind
    conn = bind.connect()
           ^^^^^^^^^^^^^^
  File "/home/airflow/.local/lib/python3.12/site-packages/sqlalchemy/future/engine.py", line 412, in connect
    return super(Engine, self).connect()
           ^^^^^^^^^^^^^^^^^^^^^^^^^^^^^
  File "/home/airflow/.local/lib/python3.12/site-packages/sqlalchemy/engine/base.py", line 3325, in connect
    return self._connection_cls(self, close_with_result=close_with_result)
           ^^^^^^^^^^^^^^^^^^^^^^^^^^^^^^^^^^^^^^^^^^^^^^^^^^^^^^^^^^^^^^^
  File "/home/airflow/.local/lib/python3.12/site-packages/sqlalchemy/engine/base.py", line 96, in __init__
    else engine.raw_connection()
         ^^^^^^^^^^^^^^^^^^^^^^^
  File "/home/airflow/.local/lib/python3.12/site-packages/sqlalchemy/engine/base.py", line 3404, in raw_connection
    return self._wrap_pool_connect(self.pool.connect, _connection)
           ^^^^^^^^^^^^^^^^^^^^^^^^^^^^^^^^^^^^^^^^^^^^^^^^^^^^^^^
  File "/home/airflow/.local/lib/python3.12/site-packages/sqlalchemy/engine/base.py", line 3374, in _wrap_pool_connect
    Connection._handle_dbapi_exception_noconnection(
  File "/home/airflow/.local/lib/python3.12/site-packages/sqlalchemy/engine/base.py", line 2208, in _handle_dbapi_exception_noconnection
    util.raise_(
  File "/home/airflow/.local/lib/python3.12/site-packages/sqlalchemy/util/compat.py", line 211, in raise_
    raise exception
  File "/home/airflow/.local/lib/python3.12/site-packages/sqlalchemy/engine/base.py", line 3371, in _wrap_pool_connect
    return fn()
           ^^^^
  File "/home/airflow/.local/lib/python3.12/site-packages/sqlalchemy/pool/base.py", line 327, in connect
    return _ConnectionFairy._checkout(self)
           ^^^^^^^^^^^^^^^^^^^^^^^^^^^^^^^^
  File "/home/airflow/.local/lib/python3.12/site-packages/sqlalchemy/pool/base.py", line 894, in _checkout
    fairy = _ConnectionRecord.checkout(pool)
            ^^^^^^^^^^^^^^^^^^^^^^^^^^^^^^^^
  File "/home/airflow/.local/lib/python3.12/site-packages/sqlalchemy/pool/base.py", line 493, in checkout
    rec = pool._do_get()
          ^^^^^^^^^^^^^^
  File "/home/airflow/.local/lib/python3.12/site-packages/sqlalchemy/pool/impl.py", line 145, in _do_get
    with util.safe_reraise():
         ^^^^^^^^^^^^^^^^^^^
  File "/home/airflow/.local/lib/python3.12/site-packages/sqlalchemy/util/langhelpers.py", line 70, in __exit__
    compat.raise_(
  File "/home/airflow/.local/lib/python3.12/site-packages/sqlalchemy/util/compat.py", line 211, in raise_
    raise exception
  File "/home/airflow/.local/lib/python3.12/site-packages/sqlalchemy/pool/impl.py", line 143, in _do_get
    return self._create_connection()
           ^^^^^^^^^^^^^^^^^^^^^^^^^
  File "/home/airflow/.local/lib/python3.12/site-packages/sqlalchemy/pool/base.py", line 273, in _create_connection
    return _ConnectionRecord(self)
           ^^^^^^^^^^^^^^^^^^^^^^^
  File "/home/airflow/.local/lib/python3.12/site-packages/sqlalchemy/pool/base.py", line 388, in __init__
    self.__connect()
  File "/home/airflow/.local/lib/python3.12/site-packages/sqlalchemy/pool/base.py", line 690, in __connect
    with util.safe_reraise():
         ^^^^^^^^^^^^^^^^^^^
  File "/home/airflow/.local/lib/python3.12/site-packages/sqlalchemy/util/langhelpers.py", line 70, in __exit__
    compat.raise_(
  File "/home/airflow/.local/lib/python3.12/site-packages/sqlalchemy/util/compat.py", line 211, in raise_
    raise exception
  File "/home/airflow/.local/lib/python3.12/site-packages/sqlalchemy/pool/base.py", line 686, in __connect
    self.dbapi_connection = connection = pool._invoke_creator(self)
                                         ^^^^^^^^^^^^^^^^^^^^^^^^^^
  File "/home/airflow/.local/lib/python3.12/site-packages/sqlalchemy/engine/create.py", line 574, in connect
    return dialect.connect(*cargs, **cparams)
           ^^^^^^^^^^^^^^^^^^^^^^^^^^^^^^^^^^
  File "/home/airflow/.local/lib/python3.12/site-packages/sqlalchemy/engine/default.py", line 598, in connect
    return self.dbapi.connect(*cargs, **cparams)
           ^^^^^^^^^^^^^^^^^^^^^^^^^^^^^^^^^^^^^
  File "/home/airflow/.local/lib/python3.12/site-packages/psycopg2/__init__.py", line 122, in connect
    conn = _connect(dsn, connection_factory=connection_factory, **kwasync)
           ^^^^^^^^^^^^^^^^^^^^^^^^^^^^^^^^^^^^^^^^^^^^^^^^^^^^^^^^^^^^^^^
sqlalchemy.exc.OperationalError: (psycopg2.OperationalError) could not translate host name "postgres_source" to address: Temporary failure in name resolution

(Background on this error at: https://sqlalche.me/e/14/e3q8)
[2025-12-08T15:31:38.180+0000] {processor.py:186} INFO - Started process (PID=1741) to work on /opt/airflow/dags/ETL.py
[2025-12-08T15:31:38.195+0000] {processor.py:914} INFO - Processing file /opt/airflow/dags/ETL.py for tasks to queue
[2025-12-08T15:31:38.217+0000] {logging_mixin.py:190} INFO - [2025-12-08T15:31:38.209+0000] {dagbag.py:588} INFO - Filling up the DagBag from /opt/airflow/dags/ETL.py
[2025-12-08T15:31:38.716+0000] {processor.py:925} INFO - DAG(s) 'ETL_process' retrieved from /opt/airflow/dags/ETL.py
[2025-12-08T15:32:10.156+0000] {processor.py:211} ERROR - Got an exception! Propagating...
Traceback (most recent call last):
  File "/home/airflow/.local/lib/python3.12/site-packages/sqlalchemy/engine/base.py", line 3371, in _wrap_pool_connect
    return fn()
           ^^^^
  File "/home/airflow/.local/lib/python3.12/site-packages/sqlalchemy/pool/base.py", line 327, in connect
    return _ConnectionFairy._checkout(self)
           ^^^^^^^^^^^^^^^^^^^^^^^^^^^^^^^^
  File "/home/airflow/.local/lib/python3.12/site-packages/sqlalchemy/pool/base.py", line 894, in _checkout
    fairy = _ConnectionRecord.checkout(pool)
            ^^^^^^^^^^^^^^^^^^^^^^^^^^^^^^^^
  File "/home/airflow/.local/lib/python3.12/site-packages/sqlalchemy/pool/base.py", line 493, in checkout
    rec = pool._do_get()
          ^^^^^^^^^^^^^^
  File "/home/airflow/.local/lib/python3.12/site-packages/sqlalchemy/pool/impl.py", line 145, in _do_get
    with util.safe_reraise():
         ^^^^^^^^^^^^^^^^^^^
  File "/home/airflow/.local/lib/python3.12/site-packages/sqlalchemy/util/langhelpers.py", line 70, in __exit__
    compat.raise_(
  File "/home/airflow/.local/lib/python3.12/site-packages/sqlalchemy/util/compat.py", line 211, in raise_
    raise exception
  File "/home/airflow/.local/lib/python3.12/site-packages/sqlalchemy/pool/impl.py", line 143, in _do_get
    return self._create_connection()
           ^^^^^^^^^^^^^^^^^^^^^^^^^
  File "/home/airflow/.local/lib/python3.12/site-packages/sqlalchemy/pool/base.py", line 273, in _create_connection
    return _ConnectionRecord(self)
           ^^^^^^^^^^^^^^^^^^^^^^^
  File "/home/airflow/.local/lib/python3.12/site-packages/sqlalchemy/pool/base.py", line 388, in __init__
    self.__connect()
  File "/home/airflow/.local/lib/python3.12/site-packages/sqlalchemy/pool/base.py", line 690, in __connect
    with util.safe_reraise():
         ^^^^^^^^^^^^^^^^^^^
  File "/home/airflow/.local/lib/python3.12/site-packages/sqlalchemy/util/langhelpers.py", line 70, in __exit__
    compat.raise_(
  File "/home/airflow/.local/lib/python3.12/site-packages/sqlalchemy/util/compat.py", line 211, in raise_
    raise exception
  File "/home/airflow/.local/lib/python3.12/site-packages/sqlalchemy/pool/base.py", line 686, in __connect
    self.dbapi_connection = connection = pool._invoke_creator(self)
                                         ^^^^^^^^^^^^^^^^^^^^^^^^^^
  File "/home/airflow/.local/lib/python3.12/site-packages/sqlalchemy/engine/create.py", line 574, in connect
    return dialect.connect(*cargs, **cparams)
           ^^^^^^^^^^^^^^^^^^^^^^^^^^^^^^^^^^
  File "/home/airflow/.local/lib/python3.12/site-packages/sqlalchemy/engine/default.py", line 598, in connect
    return self.dbapi.connect(*cargs, **cparams)
           ^^^^^^^^^^^^^^^^^^^^^^^^^^^^^^^^^^^^^
  File "/home/airflow/.local/lib/python3.12/site-packages/psycopg2/__init__.py", line 122, in connect
    conn = _connect(dsn, connection_factory=connection_factory, **kwasync)
           ^^^^^^^^^^^^^^^^^^^^^^^^^^^^^^^^^^^^^^^^^^^^^^^^^^^^^^^^^^^^^^^
psycopg2.OperationalError: could not translate host name "postgres_source" to address: Temporary failure in name resolution


The above exception was the direct cause of the following exception:

Traceback (most recent call last):
  File "/home/airflow/.local/lib/python3.12/site-packages/airflow/dag_processing/processor.py", line 207, in _run_file_processor
    _handle_dag_file_processing()
  File "/home/airflow/.local/lib/python3.12/site-packages/airflow/dag_processing/processor.py", line 188, in _handle_dag_file_processing
    result: tuple[int, int, int] = dag_file_processor.process_file(
                                   ^^^^^^^^^^^^^^^^^^^^^^^^^^^^^^^^
  File "/home/airflow/.local/lib/python3.12/site-packages/airflow/utils/session.py", line 97, in wrapper
    return func(*args, session=session, **kwargs)
           ^^^^^^^^^^^^^^^^^^^^^^^^^^^^^^^^^^^^^^
  File "/home/airflow/.local/lib/python3.12/site-packages/airflow/dag_processing/processor.py", line 942, in process_file
    serialize_errors = DagFileProcessor.save_dag_to_db(
                       ^^^^^^^^^^^^^^^^^^^^^^^^^^^^^^^^
  File "/home/airflow/.local/lib/python3.12/site-packages/airflow/api_internal/internal_api_call.py", line 166, in wrapper
    return func(*args, **kwargs)
           ^^^^^^^^^^^^^^^^^^^^^
  File "/home/airflow/.local/lib/python3.12/site-packages/airflow/utils/session.py", line 97, in wrapper
    return func(*args, session=session, **kwargs)
           ^^^^^^^^^^^^^^^^^^^^^^^^^^^^^^^^^^^^^^
  File "/home/airflow/.local/lib/python3.12/site-packages/airflow/dag_processing/processor.py", line 982, in save_dag_to_db
    import_errors = DagBag._sync_to_db(dags=dags, processor_subdir=dag_directory, session=session)
                    ^^^^^^^^^^^^^^^^^^^^^^^^^^^^^^^^^^^^^^^^^^^^^^^^^^^^^^^^^^^^^^^^^^^^^^^^^^^^^^
  File "/home/airflow/.local/lib/python3.12/site-packages/airflow/utils/session.py", line 94, in wrapper
    return func(*args, **kwargs)
           ^^^^^^^^^^^^^^^^^^^^^
  File "/home/airflow/.local/lib/python3.12/site-packages/airflow/models/dagbag.py", line 708, in _sync_to_db
    for attempt in run_with_db_retries(logger=log):
                   ^^^^^^^^^^^^^^^^^^^^^^^^^^^^^^^
  File "/home/airflow/.local/lib/python3.12/site-packages/tenacity/__init__.py", line 445, in __iter__
    do = self.iter(retry_state=retry_state)
         ^^^^^^^^^^^^^^^^^^^^^^^^^^^^^^^^^^
  File "/home/airflow/.local/lib/python3.12/site-packages/tenacity/__init__.py", line 378, in iter
    result = action(retry_state)
             ^^^^^^^^^^^^^^^^^^^
  File "/home/airflow/.local/lib/python3.12/site-packages/tenacity/__init__.py", line 420, in exc_check
    raise retry_exc.reraise()
          ^^^^^^^^^^^^^^^^^^^
  File "/home/airflow/.local/lib/python3.12/site-packages/tenacity/__init__.py", line 187, in reraise
    raise self.last_attempt.result()
          ^^^^^^^^^^^^^^^^^^^^^^^^^^
  File "/usr/local/lib/python3.12/concurrent/futures/_base.py", line 449, in result
    return self.__get_result()
           ^^^^^^^^^^^^^^^^^^^
  File "/usr/local/lib/python3.12/concurrent/futures/_base.py", line 401, in __get_result
    raise self._exception
  File "/home/airflow/.local/lib/python3.12/site-packages/airflow/models/dagbag.py", line 721, in _sync_to_db
    _serialize_dag_capturing_errors(dag, session, processor_subdir)
  File "/home/airflow/.local/lib/python3.12/site-packages/airflow/models/dagbag.py", line 686, in _serialize_dag_capturing_errors
    dag_was_updated = SerializedDagModel.write_dag(
                      ^^^^^^^^^^^^^^^^^^^^^^^^^^^^^
  File "/home/airflow/.local/lib/python3.12/site-packages/airflow/utils/session.py", line 94, in wrapper
    return func(*args, **kwargs)
           ^^^^^^^^^^^^^^^^^^^^^
  File "/home/airflow/.local/lib/python3.12/site-packages/airflow/models/serialized_dag.py", line 160, in write_dag
    if session.scalar(
       ^^^^^^^^^^^^^^^
  File "/home/airflow/.local/lib/python3.12/site-packages/sqlalchemy/orm/session.py", line 1747, in scalar
    return self.execute(
           ^^^^^^^^^^^^^
  File "/home/airflow/.local/lib/python3.12/site-packages/sqlalchemy/orm/session.py", line 1716, in execute
    conn = self._connection_for_bind(bind)
           ^^^^^^^^^^^^^^^^^^^^^^^^^^^^^^^
  File "/home/airflow/.local/lib/python3.12/site-packages/sqlalchemy/orm/session.py", line 1555, in _connection_for_bind
    return self._transaction._connection_for_bind(
           ^^^^^^^^^^^^^^^^^^^^^^^^^^^^^^^^^^^^^^^
  File "/home/airflow/.local/lib/python3.12/site-packages/sqlalchemy/orm/session.py", line 750, in _connection_for_bind
    conn = bind.connect()
           ^^^^^^^^^^^^^^
  File "/home/airflow/.local/lib/python3.12/site-packages/sqlalchemy/future/engine.py", line 412, in connect
    return super(Engine, self).connect()
           ^^^^^^^^^^^^^^^^^^^^^^^^^^^^^
  File "/home/airflow/.local/lib/python3.12/site-packages/sqlalchemy/engine/base.py", line 3325, in connect
    return self._connection_cls(self, close_with_result=close_with_result)
           ^^^^^^^^^^^^^^^^^^^^^^^^^^^^^^^^^^^^^^^^^^^^^^^^^^^^^^^^^^^^^^^
  File "/home/airflow/.local/lib/python3.12/site-packages/sqlalchemy/engine/base.py", line 96, in __init__
    else engine.raw_connection()
         ^^^^^^^^^^^^^^^^^^^^^^^
  File "/home/airflow/.local/lib/python3.12/site-packages/sqlalchemy/engine/base.py", line 3404, in raw_connection
    return self._wrap_pool_connect(self.pool.connect, _connection)
           ^^^^^^^^^^^^^^^^^^^^^^^^^^^^^^^^^^^^^^^^^^^^^^^^^^^^^^^
  File "/home/airflow/.local/lib/python3.12/site-packages/sqlalchemy/engine/base.py", line 3374, in _wrap_pool_connect
    Connection._handle_dbapi_exception_noconnection(
  File "/home/airflow/.local/lib/python3.12/site-packages/sqlalchemy/engine/base.py", line 2208, in _handle_dbapi_exception_noconnection
    util.raise_(
  File "/home/airflow/.local/lib/python3.12/site-packages/sqlalchemy/util/compat.py", line 211, in raise_
    raise exception
  File "/home/airflow/.local/lib/python3.12/site-packages/sqlalchemy/engine/base.py", line 3371, in _wrap_pool_connect
    return fn()
           ^^^^
  File "/home/airflow/.local/lib/python3.12/site-packages/sqlalchemy/pool/base.py", line 327, in connect
    return _ConnectionFairy._checkout(self)
           ^^^^^^^^^^^^^^^^^^^^^^^^^^^^^^^^
  File "/home/airflow/.local/lib/python3.12/site-packages/sqlalchemy/pool/base.py", line 894, in _checkout
    fairy = _ConnectionRecord.checkout(pool)
            ^^^^^^^^^^^^^^^^^^^^^^^^^^^^^^^^
  File "/home/airflow/.local/lib/python3.12/site-packages/sqlalchemy/pool/base.py", line 493, in checkout
    rec = pool._do_get()
          ^^^^^^^^^^^^^^
  File "/home/airflow/.local/lib/python3.12/site-packages/sqlalchemy/pool/impl.py", line 145, in _do_get
    with util.safe_reraise():
         ^^^^^^^^^^^^^^^^^^^
  File "/home/airflow/.local/lib/python3.12/site-packages/sqlalchemy/util/langhelpers.py", line 70, in __exit__
    compat.raise_(
  File "/home/airflow/.local/lib/python3.12/site-packages/sqlalchemy/util/compat.py", line 211, in raise_
    raise exception
  File "/home/airflow/.local/lib/python3.12/site-packages/sqlalchemy/pool/impl.py", line 143, in _do_get
    return self._create_connection()
           ^^^^^^^^^^^^^^^^^^^^^^^^^
  File "/home/airflow/.local/lib/python3.12/site-packages/sqlalchemy/pool/base.py", line 273, in _create_connection
    return _ConnectionRecord(self)
           ^^^^^^^^^^^^^^^^^^^^^^^
  File "/home/airflow/.local/lib/python3.12/site-packages/sqlalchemy/pool/base.py", line 388, in __init__
    self.__connect()
  File "/home/airflow/.local/lib/python3.12/site-packages/sqlalchemy/pool/base.py", line 690, in __connect
    with util.safe_reraise():
         ^^^^^^^^^^^^^^^^^^^
  File "/home/airflow/.local/lib/python3.12/site-packages/sqlalchemy/util/langhelpers.py", line 70, in __exit__
    compat.raise_(
  File "/home/airflow/.local/lib/python3.12/site-packages/sqlalchemy/util/compat.py", line 211, in raise_
    raise exception
  File "/home/airflow/.local/lib/python3.12/site-packages/sqlalchemy/pool/base.py", line 686, in __connect
    self.dbapi_connection = connection = pool._invoke_creator(self)
                                         ^^^^^^^^^^^^^^^^^^^^^^^^^^
  File "/home/airflow/.local/lib/python3.12/site-packages/sqlalchemy/engine/create.py", line 574, in connect
    return dialect.connect(*cargs, **cparams)
           ^^^^^^^^^^^^^^^^^^^^^^^^^^^^^^^^^^
  File "/home/airflow/.local/lib/python3.12/site-packages/sqlalchemy/engine/default.py", line 598, in connect
    return self.dbapi.connect(*cargs, **cparams)
           ^^^^^^^^^^^^^^^^^^^^^^^^^^^^^^^^^^^^^
  File "/home/airflow/.local/lib/python3.12/site-packages/psycopg2/__init__.py", line 122, in connect
    conn = _connect(dsn, connection_factory=connection_factory, **kwasync)
           ^^^^^^^^^^^^^^^^^^^^^^^^^^^^^^^^^^^^^^^^^^^^^^^^^^^^^^^^^^^^^^^
sqlalchemy.exc.OperationalError: (psycopg2.OperationalError) could not translate host name "postgres_source" to address: Temporary failure in name resolution

(Background on this error at: https://sqlalche.me/e/14/e3q8)
[2025-12-08T15:32:41.557+0000] {processor.py:186} INFO - Started process (PID=1751) to work on /opt/airflow/dags/ETL.py
[2025-12-08T15:32:41.663+0000] {processor.py:914} INFO - Processing file /opt/airflow/dags/ETL.py for tasks to queue
[2025-12-08T15:32:41.718+0000] {logging_mixin.py:190} INFO - [2025-12-08T15:32:41.704+0000] {dagbag.py:588} INFO - Filling up the DagBag from /opt/airflow/dags/ETL.py
[2025-12-08T15:32:42.403+0000] {processor.py:925} INFO - DAG(s) 'ETL_process' retrieved from /opt/airflow/dags/ETL.py
[2025-12-08T15:33:13.926+0000] {processor.py:211} ERROR - Got an exception! Propagating...
Traceback (most recent call last):
  File "/home/airflow/.local/lib/python3.12/site-packages/sqlalchemy/engine/base.py", line 3371, in _wrap_pool_connect
    return fn()
           ^^^^
  File "/home/airflow/.local/lib/python3.12/site-packages/sqlalchemy/pool/base.py", line 327, in connect
    return _ConnectionFairy._checkout(self)
           ^^^^^^^^^^^^^^^^^^^^^^^^^^^^^^^^
  File "/home/airflow/.local/lib/python3.12/site-packages/sqlalchemy/pool/base.py", line 894, in _checkout
    fairy = _ConnectionRecord.checkout(pool)
            ^^^^^^^^^^^^^^^^^^^^^^^^^^^^^^^^
  File "/home/airflow/.local/lib/python3.12/site-packages/sqlalchemy/pool/base.py", line 493, in checkout
    rec = pool._do_get()
          ^^^^^^^^^^^^^^
  File "/home/airflow/.local/lib/python3.12/site-packages/sqlalchemy/pool/impl.py", line 145, in _do_get
    with util.safe_reraise():
         ^^^^^^^^^^^^^^^^^^^
  File "/home/airflow/.local/lib/python3.12/site-packages/sqlalchemy/util/langhelpers.py", line 70, in __exit__
    compat.raise_(
  File "/home/airflow/.local/lib/python3.12/site-packages/sqlalchemy/util/compat.py", line 211, in raise_
    raise exception
  File "/home/airflow/.local/lib/python3.12/site-packages/sqlalchemy/pool/impl.py", line 143, in _do_get
    return self._create_connection()
           ^^^^^^^^^^^^^^^^^^^^^^^^^
  File "/home/airflow/.local/lib/python3.12/site-packages/sqlalchemy/pool/base.py", line 273, in _create_connection
    return _ConnectionRecord(self)
           ^^^^^^^^^^^^^^^^^^^^^^^
  File "/home/airflow/.local/lib/python3.12/site-packages/sqlalchemy/pool/base.py", line 388, in __init__
    self.__connect()
  File "/home/airflow/.local/lib/python3.12/site-packages/sqlalchemy/pool/base.py", line 690, in __connect
    with util.safe_reraise():
         ^^^^^^^^^^^^^^^^^^^
  File "/home/airflow/.local/lib/python3.12/site-packages/sqlalchemy/util/langhelpers.py", line 70, in __exit__
    compat.raise_(
  File "/home/airflow/.local/lib/python3.12/site-packages/sqlalchemy/util/compat.py", line 211, in raise_
    raise exception
  File "/home/airflow/.local/lib/python3.12/site-packages/sqlalchemy/pool/base.py", line 686, in __connect
    self.dbapi_connection = connection = pool._invoke_creator(self)
                                         ^^^^^^^^^^^^^^^^^^^^^^^^^^
  File "/home/airflow/.local/lib/python3.12/site-packages/sqlalchemy/engine/create.py", line 574, in connect
    return dialect.connect(*cargs, **cparams)
           ^^^^^^^^^^^^^^^^^^^^^^^^^^^^^^^^^^
  File "/home/airflow/.local/lib/python3.12/site-packages/sqlalchemy/engine/default.py", line 598, in connect
    return self.dbapi.connect(*cargs, **cparams)
           ^^^^^^^^^^^^^^^^^^^^^^^^^^^^^^^^^^^^^
  File "/home/airflow/.local/lib/python3.12/site-packages/psycopg2/__init__.py", line 122, in connect
    conn = _connect(dsn, connection_factory=connection_factory, **kwasync)
           ^^^^^^^^^^^^^^^^^^^^^^^^^^^^^^^^^^^^^^^^^^^^^^^^^^^^^^^^^^^^^^^
psycopg2.OperationalError: could not translate host name "postgres_source" to address: Temporary failure in name resolution


The above exception was the direct cause of the following exception:

Traceback (most recent call last):
  File "/home/airflow/.local/lib/python3.12/site-packages/airflow/dag_processing/processor.py", line 207, in _run_file_processor
    _handle_dag_file_processing()
  File "/home/airflow/.local/lib/python3.12/site-packages/airflow/dag_processing/processor.py", line 188, in _handle_dag_file_processing
    result: tuple[int, int, int] = dag_file_processor.process_file(
                                   ^^^^^^^^^^^^^^^^^^^^^^^^^^^^^^^^
  File "/home/airflow/.local/lib/python3.12/site-packages/airflow/utils/session.py", line 97, in wrapper
    return func(*args, session=session, **kwargs)
           ^^^^^^^^^^^^^^^^^^^^^^^^^^^^^^^^^^^^^^
  File "/home/airflow/.local/lib/python3.12/site-packages/airflow/dag_processing/processor.py", line 942, in process_file
    serialize_errors = DagFileProcessor.save_dag_to_db(
                       ^^^^^^^^^^^^^^^^^^^^^^^^^^^^^^^^
  File "/home/airflow/.local/lib/python3.12/site-packages/airflow/api_internal/internal_api_call.py", line 166, in wrapper
    return func(*args, **kwargs)
           ^^^^^^^^^^^^^^^^^^^^^
  File "/home/airflow/.local/lib/python3.12/site-packages/airflow/utils/session.py", line 97, in wrapper
    return func(*args, session=session, **kwargs)
           ^^^^^^^^^^^^^^^^^^^^^^^^^^^^^^^^^^^^^^
  File "/home/airflow/.local/lib/python3.12/site-packages/airflow/dag_processing/processor.py", line 982, in save_dag_to_db
    import_errors = DagBag._sync_to_db(dags=dags, processor_subdir=dag_directory, session=session)
                    ^^^^^^^^^^^^^^^^^^^^^^^^^^^^^^^^^^^^^^^^^^^^^^^^^^^^^^^^^^^^^^^^^^^^^^^^^^^^^^
  File "/home/airflow/.local/lib/python3.12/site-packages/airflow/utils/session.py", line 94, in wrapper
    return func(*args, **kwargs)
           ^^^^^^^^^^^^^^^^^^^^^
  File "/home/airflow/.local/lib/python3.12/site-packages/airflow/models/dagbag.py", line 708, in _sync_to_db
    for attempt in run_with_db_retries(logger=log):
                   ^^^^^^^^^^^^^^^^^^^^^^^^^^^^^^^
  File "/home/airflow/.local/lib/python3.12/site-packages/tenacity/__init__.py", line 445, in __iter__
    do = self.iter(retry_state=retry_state)
         ^^^^^^^^^^^^^^^^^^^^^^^^^^^^^^^^^^
  File "/home/airflow/.local/lib/python3.12/site-packages/tenacity/__init__.py", line 378, in iter
    result = action(retry_state)
             ^^^^^^^^^^^^^^^^^^^
  File "/home/airflow/.local/lib/python3.12/site-packages/tenacity/__init__.py", line 420, in exc_check
    raise retry_exc.reraise()
          ^^^^^^^^^^^^^^^^^^^
  File "/home/airflow/.local/lib/python3.12/site-packages/tenacity/__init__.py", line 187, in reraise
    raise self.last_attempt.result()
          ^^^^^^^^^^^^^^^^^^^^^^^^^^
  File "/usr/local/lib/python3.12/concurrent/futures/_base.py", line 449, in result
    return self.__get_result()
           ^^^^^^^^^^^^^^^^^^^
  File "/usr/local/lib/python3.12/concurrent/futures/_base.py", line 401, in __get_result
    raise self._exception
  File "/home/airflow/.local/lib/python3.12/site-packages/airflow/models/dagbag.py", line 721, in _sync_to_db
    _serialize_dag_capturing_errors(dag, session, processor_subdir)
  File "/home/airflow/.local/lib/python3.12/site-packages/airflow/models/dagbag.py", line 686, in _serialize_dag_capturing_errors
    dag_was_updated = SerializedDagModel.write_dag(
                      ^^^^^^^^^^^^^^^^^^^^^^^^^^^^^
  File "/home/airflow/.local/lib/python3.12/site-packages/airflow/utils/session.py", line 94, in wrapper
    return func(*args, **kwargs)
           ^^^^^^^^^^^^^^^^^^^^^
  File "/home/airflow/.local/lib/python3.12/site-packages/airflow/models/serialized_dag.py", line 160, in write_dag
    if session.scalar(
       ^^^^^^^^^^^^^^^
  File "/home/airflow/.local/lib/python3.12/site-packages/sqlalchemy/orm/session.py", line 1747, in scalar
    return self.execute(
           ^^^^^^^^^^^^^
  File "/home/airflow/.local/lib/python3.12/site-packages/sqlalchemy/orm/session.py", line 1716, in execute
    conn = self._connection_for_bind(bind)
           ^^^^^^^^^^^^^^^^^^^^^^^^^^^^^^^
  File "/home/airflow/.local/lib/python3.12/site-packages/sqlalchemy/orm/session.py", line 1555, in _connection_for_bind
    return self._transaction._connection_for_bind(
           ^^^^^^^^^^^^^^^^^^^^^^^^^^^^^^^^^^^^^^^
  File "/home/airflow/.local/lib/python3.12/site-packages/sqlalchemy/orm/session.py", line 750, in _connection_for_bind
    conn = bind.connect()
           ^^^^^^^^^^^^^^
  File "/home/airflow/.local/lib/python3.12/site-packages/sqlalchemy/future/engine.py", line 412, in connect
    return super(Engine, self).connect()
           ^^^^^^^^^^^^^^^^^^^^^^^^^^^^^
  File "/home/airflow/.local/lib/python3.12/site-packages/sqlalchemy/engine/base.py", line 3325, in connect
    return self._connection_cls(self, close_with_result=close_with_result)
           ^^^^^^^^^^^^^^^^^^^^^^^^^^^^^^^^^^^^^^^^^^^^^^^^^^^^^^^^^^^^^^^
  File "/home/airflow/.local/lib/python3.12/site-packages/sqlalchemy/engine/base.py", line 96, in __init__
    else engine.raw_connection()
         ^^^^^^^^^^^^^^^^^^^^^^^
  File "/home/airflow/.local/lib/python3.12/site-packages/sqlalchemy/engine/base.py", line 3404, in raw_connection
    return self._wrap_pool_connect(self.pool.connect, _connection)
           ^^^^^^^^^^^^^^^^^^^^^^^^^^^^^^^^^^^^^^^^^^^^^^^^^^^^^^^
  File "/home/airflow/.local/lib/python3.12/site-packages/sqlalchemy/engine/base.py", line 3374, in _wrap_pool_connect
    Connection._handle_dbapi_exception_noconnection(
  File "/home/airflow/.local/lib/python3.12/site-packages/sqlalchemy/engine/base.py", line 2208, in _handle_dbapi_exception_noconnection
    util.raise_(
  File "/home/airflow/.local/lib/python3.12/site-packages/sqlalchemy/util/compat.py", line 211, in raise_
    raise exception
  File "/home/airflow/.local/lib/python3.12/site-packages/sqlalchemy/engine/base.py", line 3371, in _wrap_pool_connect
    return fn()
           ^^^^
  File "/home/airflow/.local/lib/python3.12/site-packages/sqlalchemy/pool/base.py", line 327, in connect
    return _ConnectionFairy._checkout(self)
           ^^^^^^^^^^^^^^^^^^^^^^^^^^^^^^^^
  File "/home/airflow/.local/lib/python3.12/site-packages/sqlalchemy/pool/base.py", line 894, in _checkout
    fairy = _ConnectionRecord.checkout(pool)
            ^^^^^^^^^^^^^^^^^^^^^^^^^^^^^^^^
  File "/home/airflow/.local/lib/python3.12/site-packages/sqlalchemy/pool/base.py", line 493, in checkout
    rec = pool._do_get()
          ^^^^^^^^^^^^^^
  File "/home/airflow/.local/lib/python3.12/site-packages/sqlalchemy/pool/impl.py", line 145, in _do_get
    with util.safe_reraise():
         ^^^^^^^^^^^^^^^^^^^
  File "/home/airflow/.local/lib/python3.12/site-packages/sqlalchemy/util/langhelpers.py", line 70, in __exit__
    compat.raise_(
  File "/home/airflow/.local/lib/python3.12/site-packages/sqlalchemy/util/compat.py", line 211, in raise_
    raise exception
  File "/home/airflow/.local/lib/python3.12/site-packages/sqlalchemy/pool/impl.py", line 143, in _do_get
    return self._create_connection()
           ^^^^^^^^^^^^^^^^^^^^^^^^^
  File "/home/airflow/.local/lib/python3.12/site-packages/sqlalchemy/pool/base.py", line 273, in _create_connection
    return _ConnectionRecord(self)
           ^^^^^^^^^^^^^^^^^^^^^^^
  File "/home/airflow/.local/lib/python3.12/site-packages/sqlalchemy/pool/base.py", line 388, in __init__
    self.__connect()
  File "/home/airflow/.local/lib/python3.12/site-packages/sqlalchemy/pool/base.py", line 690, in __connect
    with util.safe_reraise():
         ^^^^^^^^^^^^^^^^^^^
  File "/home/airflow/.local/lib/python3.12/site-packages/sqlalchemy/util/langhelpers.py", line 70, in __exit__
    compat.raise_(
  File "/home/airflow/.local/lib/python3.12/site-packages/sqlalchemy/util/compat.py", line 211, in raise_
    raise exception
  File "/home/airflow/.local/lib/python3.12/site-packages/sqlalchemy/pool/base.py", line 686, in __connect
    self.dbapi_connection = connection = pool._invoke_creator(self)
                                         ^^^^^^^^^^^^^^^^^^^^^^^^^^
  File "/home/airflow/.local/lib/python3.12/site-packages/sqlalchemy/engine/create.py", line 574, in connect
    return dialect.connect(*cargs, **cparams)
           ^^^^^^^^^^^^^^^^^^^^^^^^^^^^^^^^^^
  File "/home/airflow/.local/lib/python3.12/site-packages/sqlalchemy/engine/default.py", line 598, in connect
    return self.dbapi.connect(*cargs, **cparams)
           ^^^^^^^^^^^^^^^^^^^^^^^^^^^^^^^^^^^^^
  File "/home/airflow/.local/lib/python3.12/site-packages/psycopg2/__init__.py", line 122, in connect
    conn = _connect(dsn, connection_factory=connection_factory, **kwasync)
           ^^^^^^^^^^^^^^^^^^^^^^^^^^^^^^^^^^^^^^^^^^^^^^^^^^^^^^^^^^^^^^^
sqlalchemy.exc.OperationalError: (psycopg2.OperationalError) could not translate host name "postgres_source" to address: Temporary failure in name resolution

(Background on this error at: https://sqlalche.me/e/14/e3q8)
[2025-12-08T15:42:13.404+0000] {processor.py:186} INFO - Started process (PID=1761) to work on /opt/airflow/dags/ETL.py
[2025-12-08T15:42:15.865+0000] {processor.py:914} INFO - Processing file /opt/airflow/dags/ETL.py for tasks to queue
[2025-12-08T15:42:17.352+0000] {logging_mixin.py:190} INFO - [2025-12-08T15:42:17.315+0000] {dagbag.py:588} INFO - Filling up the DagBag from /opt/airflow/dags/ETL.py
[2025-12-08T15:42:18.170+0000] {processor.py:186} INFO - Started process (PID=1769) to work on /opt/airflow/dags/ETL.py
[2025-12-08T15:42:18.173+0000] {processor.py:914} INFO - Processing file /opt/airflow/dags/ETL.py for tasks to queue
[2025-12-08T15:42:18.180+0000] {logging_mixin.py:190} INFO - [2025-12-08T15:42:18.179+0000] {dagbag.py:588} INFO - Filling up the DagBag from /opt/airflow/dags/ETL.py
[2025-12-08T15:42:18.436+0000] {processor.py:925} INFO - DAG(s) 'ETL_process' retrieved from /opt/airflow/dags/ETL.py
[2025-12-08T15:42:18.622+0000] {logging_mixin.py:190} INFO - [2025-12-08T15:42:18.619+0000] {taskinstance.py:3338} ERROR - {'DAG Id': 'ETL_process', 'Task Id': 'Bronze_to_Silver', 'Run Id': 'manual__2025-12-08T15:21:50.375058+00:00', 'Hostname': '2a50f1bacb3c'}
